inference_index,sim_time,v0000,v0001,v0002,v0003,v0004,v0005,v0006,v0007,v0008,v0009,v0010,v0011,v0012,v0013,v0014,v0015
1,10.720000,-0.884091,0.632890,0.516749,-0.851166,0.306933,1.017743,-0.145805,0.264437,0.895681,1.169269,0.242519,0.000827,0.740588,0.624254,0.506749,0.520036
2,10.740000,-0.871732,0.637841,0.522096,-0.825185,0.308541,1.023137,-0.162887,0.277239,0.926230,1.145331,0.250400,-0.001986,0.725294,0.639888,0.471644,0.523295
3,10.760000,-0.912690,0.634842,0.551782,-0.872620,0.294553,1.007075,-0.151577,0.270619,0.906883,1.183561,0.233584,-0.023849,0.762505,0.633636,0.538974,0.514826
4,10.780000,-0.920343,0.645634,0.543820,-0.871563,0.304188,1.015453,-0.121656,0.283427,0.896211,1.182455,0.235155,0.000201,0.787941,0.621785,0.558404,0.509000
5,10.800000,-0.874195,0.633322,0.480940,-0.879681,0.293776,1.007359,-0.109721,0.259968,0.875399,1.137921,0.245446,0.027458,0.778275,0.608663,0.564644,0.494022
6,10.820000,-0.870261,0.643113,0.495865,-0.827668,0.316002,1.025736,-0.164542,0.278821,0.941941,1.110623,0.263017,0.025162,0.735772,0.626295,0.504156,0.509447
7,10.840000,-0.863182,0.636655,0.514787,-0.880014,0.288373,1.036422,-0.159325,0.256540,0.915378,1.122262,0.246091,-0.003332,0.722326,0.646565,0.524727,0.503006
8,10.860000,-0.873986,0.642044,0.525857,-0.886069,0.297050,1.030663,-0.140923,0.275664,0.919453,1.139863,0.242391,-0.007463,0.727414,0.636430,0.526321,0.506884
9,10.880000,-0.859152,0.640914,0.499690,-0.890978,0.285936,1.019723,-0.134023,0.255612,0.916041,1.125023,0.236616,0.000050,0.736278,0.653449,0.520002,0.509355
10,10.900000,-0.854639,0.640721,0.486556,-0.864581,0.297089,1.032977,-0.138942,0.250680,0.926694,1.104218,0.247178,0.007545,0.728250,0.673303,0.509930,0.516657
11,10.920000,-0.861675,0.647478,0.530849,-0.873036,0.296010,1.054860,-0.140582,0.247207,0.909041,1.104280,0.234328,0.003533,0.721730,0.662885,0.515042,0.515940
12,10.940000,-0.881545,0.642856,0.557147,-0.892295,0.294300,1.032961,-0.117920,0.255409,0.895338,1.105244,0.226813,0.007327,0.743430,0.651566,0.539251,0.517196
13,10.960000,-0.877760,0.637569,0.533915,-0.876310,0.299449,1.021235,-0.118218,0.252268,0.905703,1.100848,0.232301,0.030935,0.760790,0.653312,0.518822,0.525583
14,10.980000,-0.884890,0.637930,0.538222,-0.852942,0.304646,1.028595,-0.137276,0.282342,0.960567,1.090261,0.238048,0.008244,0.754500,0.655457,0.507315,0.547328
15,11.000000,-0.877900,0.634531,0.550350,-0.876490,0.290622,1.047050,-0.131990,0.277718,0.937137,1.093938,0.235951,-0.002357,0.743440,0.635246,0.504687,0.539196
16,11.020000,-0.872173,0.640144,0.542878,-0.924503,0.279703,1.039060,-0.093606,0.262958,0.910857,1.105060,0.224995,-0.003049,0.744701,0.626514,0.546677,0.516289
17,11.040000,-0.869232,0.648384,0.535411,-0.914160,0.283308,1.014831,-0.083816,0.277775,0.936910,1.086700,0.237170,0.022118,0.749038,0.629317,0.537041,0.522999
18,11.060000,-0.834166,0.634191,0.516659,-0.902790,0.278174,1.047582,-0.109958,0.257289,0.945781,1.070368,0.235823,0.001808,0.712150,0.631389,0.506762,0.512531
19,11.080000,-0.860426,0.632431,0.545028,-0.900662,0.282719,1.056679,-0.116877,0.255637,0.944484,1.081220,0.231195,-0.004915,0.715063,0.645400,0.516509,0.513487
20,11.100000,-0.868752,0.628588,0.538664,-0.917154,0.269198,1.057395,-0.075573,0.255376,0.919048,1.080538,0.220362,-0.006080,0.725970,0.640049,0.537399,0.501749
21,11.120000,-0.867527,0.636202,0.519877,-0.894570,0.277865,1.066672,-0.067665,0.251449,0.927428,1.061943,0.224987,0.008102,0.734525,0.648142,0.533859,0.513600
22,11.140000,-0.879580,0.669628,0.500703,-0.891741,0.309340,1.029351,-0.087551,0.273850,1.015502,1.041000,0.274044,0.045979,0.847231,0.822546,0.644911,0.693943
23,11.160000,-0.966153,0.728599,0.431756,-0.944520,0.382328,0.881985,-0.062040,0.370161,1.235009,1.041648,0.391069,0.201965,1.271078,1.245434,1.088254,1.146597
24,11.180000,-1.078943,0.856600,0.276745,-1.077941,0.512565,0.643614,-0.007271,0.587632,1.691087,1.086345,0.617885,0.522720,2.032565,1.876583,1.832530,1.858378
25,11.200000,-1.104791,1.004494,0.042746,-1.274088,0.675346,0.436709,-0.019522,0.846303,2.326553,1.151551,0.911329,1.016035,2.773653,2.535003,2.651940,2.502819
26,11.220000,-1.057528,0.994320,-0.228655,-1.673338,0.713444,0.333395,-0.092489,1.204342,2.997988,1.302305,1.024289,1.181185,3.281832,2.988480,3.460462,2.881840
27,11.240000,-0.914782,0.823996,-0.582418,-2.363503,0.776096,0.403210,-0.376803,1.566562,3.726055,1.695104,1.258948,1.408469,3.418345,3.081473,4.137455,2.888439
28,11.260000,-0.730339,0.509130,-0.905968,-2.841954,0.776373,0.401633,-0.635506,1.914529,3.971808,2.015980,1.162294,1.276847,3.301979,2.733809,4.187725,2.380804
29,11.280000,-0.597601,0.398405,-0.961246,-2.861878,0.827187,0.450031,-0.641570,1.879552,3.828820,2.055490,1.007440,1.317250,3.128400,2.480338,3.967900,1.802639
30,11.300000,-0.694021,0.409910,-0.911204,-2.592616,0.832598,0.343629,-0.652334,1.976999,3.835363,1.817861,0.866355,1.372857,3.101876,2.375479,3.714108,1.503083
31,11.320000,-0.727485,0.513075,-0.751193,-1.993488,0.748125,0.234728,-0.779026,1.888515,3.656073,1.241399,0.715952,1.355901,3.192180,2.395680,3.486667,1.500730
32,11.340000,-0.685210,0.310393,-0.592435,-0.941996,0.691493,0.251359,-0.945790,1.446492,2.879380,0.412597,0.846239,1.735617,3.110445,2.336613,3.225573,1.468399
33,11.360000,-0.901164,0.449322,-0.350327,0.353972,0.670426,0.028504,-0.903153,1.498863,2.736129,-0.903131,1.016454,2.154408,3.204148,2.498448,3.061378,1.758197
34,11.380000,-0.968497,0.408476,-0.239707,1.524207,0.436786,-0.161122,-0.575237,1.443246,2.207342,-2.327903,1.165366,2.466846,3.320755,2.328877,3.212659,2.112971
35,11.400000,-0.581571,0.360757,-0.247186,2.107355,0.330101,-0.015626,0.034811,1.235194,1.447924,-3.334234,1.408915,3.046020,3.403023,2.140950,3.362644,2.598608
36,11.420000,-0.118535,0.261131,-0.227402,2.181777,0.168959,0.130885,0.457389,0.963094,0.774968,-3.590871,1.473069,3.215451,3.453597,2.102432,3.560589,3.126535
37,11.440000,0.221314,0.244685,-0.332635,1.548674,0.249405,0.313282,0.728399,1.248146,1.106057,-3.062634,1.498354,3.443450,3.413558,2.352267,3.188099,3.673458
38,11.460000,0.184936,0.300896,-0.498070,0.724497,0.568274,0.684976,0.717250,1.282187,1.802324,-1.812471,1.512049,3.468443,3.329370,2.730403,2.535765,4.012111
39,11.480000,-0.327550,0.413744,-0.626778,-0.134617,0.777334,0.701966,0.584092,1.332965,2.635382,-0.412261,1.065479,2.516170,3.153547,3.042158,1.721041,4.038164
40,11.500000,-0.814544,0.582813,-0.599487,-0.490189,0.890295,0.893171,0.390253,1.264767,2.854352,0.408995,1.233601,2.143907,2.787612,3.059767,1.452888,3.731528
41,11.520000,-1.121064,0.641564,-0.516777,-0.558470,0.745779,0.909235,0.330250,0.862803,2.452964,0.928891,1.153240,1.597363,2.690847,3.082767,1.751489,3.339414
42,11.540000,-1.298703,0.782621,-0.349804,-0.850954,0.624693,0.834581,0.592593,0.897722,2.425744,1.037730,1.048660,1.406473,3.002343,3.249907,2.688198,3.237199
43,11.560000,-1.267210,0.683733,-0.306180,-0.966794,0.513532,0.846959,0.871352,0.863429,2.088028,1.003765,0.869402,1.309425,3.400038,3.269061,3.480805,3.119014
44,11.580000,-0.982053,0.622124,-0.240528,-0.831361,0.476039,0.932952,1.131049,0.765695,1.781808,0.740637,0.636611,1.414097,3.667420,3.234982,3.900436,3.096217
45,11.600000,-0.643298,0.519814,-0.172652,-0.583055,0.291380,0.758298,1.346152,0.628139,1.250999,0.303878,0.347757,1.305796,3.735113,3.133160,3.898189,3.013582
46,11.620000,-0.132558,0.470181,-0.077949,-0.355359,0.219912,1.126353,1.437204,0.598303,1.047295,0.003371,0.499289,1.609556,3.664141,2.876680,3.771148,3.053288
47,11.640000,0.117381,0.432251,-0.053983,-0.335682,0.087836,1.105764,1.673550,0.600242,1.069450,-0.224339,0.455068,1.484614,3.629405,2.753229,3.661098,3.151438
48,11.660000,0.160515,0.305335,-0.159642,-0.266587,-0.034040,1.356160,2.210918,0.631071,1.155377,-0.515663,0.314766,1.068952,3.418283,2.576626,3.414031,3.231914
49,11.680000,-0.124568,0.291722,-0.236151,0.028290,-0.145795,1.683558,2.927678,0.523187,1.177655,-0.902304,0.364275,0.665347,3.019360,2.452435,2.955858,3.131520
50,11.700000,-1.266567,0.429658,-0.397087,0.327257,-0.393995,1.945873,4.007288,0.451357,1.222383,-0.968275,0.302416,-0.022432,2.720596,2.253947,2.443429,2.923931
51,11.720000,-2.994176,0.570302,-0.584161,0.809995,-0.564389,2.270202,5.076811,0.331385,1.153155,-0.743303,0.396155,-0.442240,2.523274,1.949977,2.071103,2.583946
52,11.740000,-3.880500,0.707973,-0.631060,0.793033,-0.663615,2.393442,5.672390,0.418966,1.156956,-0.619904,0.456539,-0.454725,2.370114,1.680244,2.129955,2.183303
53,11.760000,-3.856471,0.627150,-0.581512,0.267157,-0.856279,2.279218,5.603499,0.626227,1.003267,-0.453447,0.345827,-0.493208,2.509971,1.366469,2.531331,1.899288
54,11.780000,-2.891642,0.305725,-0.152472,-0.202294,-0.875406,2.083806,4.769555,0.684230,0.742272,-0.377704,0.231007,-0.246996,2.661969,1.356381,2.669056,1.896168
55,11.800000,-0.699687,-0.090407,0.825570,-0.797005,-0.765431,1.479714,3.265907,0.614088,0.382837,-0.517004,0.056023,0.471032,2.731188,1.895636,2.765214,2.144506
56,11.820000,2.057850,0.180536,1.869097,-1.456964,-0.650334,0.228551,1.059869,0.623809,-0.035337,-0.039239,0.157821,1.525128,3.167206,2.469194,2.814804,2.605293
57,11.840000,4.965757,0.087891,2.450917,-1.274947,-0.352971,-1.220617,-2.168800,0.286515,-0.574636,0.466316,0.739104,2.853269,2.790337,3.254672,3.547565,3.176939
58,11.860000,6.354207,-0.332558,1.419442,-0.215371,-0.419252,-1.115883,-4.061998,0.450093,-0.672430,0.196766,0.950141,3.267184,2.369101,3.396720,4.437472,4.081005
59,11.880000,6.496708,-0.398778,0.941362,0.061839,-0.238115,-0.957080,-4.967998,0.384113,-0.742570,-0.090172,0.949271,3.441484,2.738374,3.804968,4.875358,4.226931
60,11.900000,5.812282,-0.379035,0.895324,-0.454842,-0.183141,-0.976980,-3.892252,-0.011430,-0.574656,-0.758054,0.727318,3.296420,3.745973,4.508941,5.090349,4.328807
61,11.920000,4.131524,-0.217696,0.538050,-0.679328,0.026680,-0.773367,-1.482857,-0.165571,-0.145600,-1.748535,0.515009,2.944361,4.618827,4.647164,4.549115,4.171913
62,11.940000,2.531774,-0.072019,-0.025882,-0.572484,0.069017,-0.374465,1.117900,-0.131008,0.213742,-2.905959,0.281565,2.097333,4.636516,3.839991,3.863121,3.533421
63,11.960000,1.477047,-0.176945,-0.401498,-0.812161,-0.123703,0.375698,3.951709,-0.082869,0.539640,-4.058580,-0.181869,0.635754,3.634162,2.654301,3.191719,3.385587
64,11.980000,0.352112,-0.055146,-0.502871,-0.408184,0.031156,1.309291,5.422761,-0.259831,0.728579,-3.893939,0.133067,0.161642,2.480213,2.246354,2.692823,3.420356
65,12.000000,-2.354670,0.481475,-0.654463,0.572003,-0.099213,2.273011,6.149372,-0.239105,1.138190,-2.491435,0.470468,-0.277056,1.720215,2.138527,2.214864,3.220556
66,12.020000,-4.428743,0.737039,-0.887175,0.747256,-0.450518,3.062451,6.764050,0.044373,1.435186,-1.458699,0.317595,-0.875167,1.601517,1.466825,2.332910,2.715448
67,12.040000,-4.423517,0.656279,-0.908368,0.427548,-0.512199,2.621896,6.280094,-0.104767,1.197494,-1.366611,0.487931,-0.736820,1.735446,1.174529,2.672940,2.229877
68,12.060000,-4.253352,0.758855,-0.815993,-0.146342,-0.494392,2.311979,5.746162,0.176957,1.093302,-0.968781,0.428199,-0.408723,2.131920,1.382226,3.073921,2.311553
69,12.080000,-3.177272,0.593452,-0.601148,-0.672191,-0.521451,2.178476,4.828682,0.310792,0.905519,-0.439638,0.293176,0.114806,2.691257,1.529129,3.259796,2.682862
70,12.100000,-0.781532,0.264235,-0.077581,-1.476294,-0.476683,1.349317,3.437198,0.343785,0.669256,-0.382446,0.138415,0.840899,3.006282,1.926698,3.361881,3.095051
71,12.120000,1.798222,0.275469,0.770975,-2.285171,-0.251387,0.328293,1.720839,0.620844,0.472018,-0.076302,0.376644,2.203445,3.789554,2.637028,3.612170,3.728562
72,12.140000,4.208000,0.152539,0.359721,-2.688664,0.181219,-0.713909,-0.044335,0.745881,0.825759,0.303427,0.955607,3.368250,4.182383,2.843651,3.906705,4.325048
73,12.160000,6.008370,-0.202108,0.194557,-1.534218,0.490469,-1.064419,-2.062055,0.642158,0.898234,-0.291290,1.562107,4.365230,2.980136,2.824644,3.843262,3.982938
74,12.180000,6.426003,-0.465556,-0.142952,0.410298,0.675331,-1.121158,-4.107313,0.937088,0.834783,-0.916049,2.181706,4.334831,1.695100,2.420185,2.729685,3.632200
75,12.200000,7.001184,-0.662159,-0.308091,1.703877,0.514547,-0.959785,-5.692541,1.197626,0.333000,-1.387091,2.173233,4.294529,1.677990,2.361649,2.116366,3.680328
76,12.220000,6.238568,-1.150507,-0.566593,2.090967,0.429107,-0.722089,-4.934630,1.093849,-0.003859,-2.186167,1.801289,3.675503,2.062802,2.558248,1.686124,3.799290
77,12.240000,4.225932,-0.905335,-0.634998,1.279067,0.532630,-0.298229,-1.272611,0.284253,0.299026,-4.198303,1.235469,2.107779,1.453499,1.876652,-0.289119,2.445593
78,12.260000,3.372855,-0.305261,-0.398667,0.737654,0.620258,0.402158,0.828550,-0.281563,0.821146,-5.188925,1.239388,1.798063,1.076141,1.786752,-1.678956,1.300030
79,12.280000,1.826967,-0.161514,-0.316025,0.720189,0.638136,0.718626,2.655780,0.313000,2.150351,-5.423834,0.868008,1.149405,0.802681,1.582209,-2.214388,1.021845
80,12.300000,0.051862,0.467391,-0.536340,0.761265,0.957760,1.481441,3.883343,0.549785,2.517130,-4.390540,0.783316,1.109519,0.808373,1.540475,-1.648005,1.521195
81,12.320000,-1.359267,0.755141,-0.713684,0.555978,1.181254,1.855609,4.295310,0.654272,2.508942,-2.918381,0.850572,1.324787,1.086676,1.445492,-0.679772,1.864775
82,12.340000,-1.703590,1.043970,-0.623194,0.091948,1.290415,1.379194,4.290055,1.069185,3.158084,-1.935703,1.107638,2.016534,1.823453,1.432538,0.365138,1.964941
83,12.360000,-1.484186,1.001247,-0.473414,-0.413537,1.196016,0.652443,3.802684,1.378618,3.402345,-1.164603,1.357387,2.968621,2.293057,1.381469,1.412235,1.721812
84,12.380000,-1.245585,0.826974,-0.320458,-0.506026,1.046478,0.331715,3.210578,1.565521,3.400821,-0.843274,1.599381,3.832355,2.314224,1.035423,1.914935,0.899848
85,12.400000,-1.025873,0.332403,-0.379961,-0.288680,0.825035,0.031611,2.895633,1.743265,2.946286,-1.155560,1.609177,4.133224,2.010558,0.231793,2.285670,-0.229722
86,12.420000,-0.872034,0.286981,-0.327393,0.431350,0.658876,-0.013321,3.147262,1.577964,2.156337,-2.099128,1.536031,4.190172,1.542466,-0.687654,2.269229,-1.419069
87,12.440000,-0.222923,-0.025887,-0.462465,0.941894,0.400613,1.188509,3.265268,0.786110,0.564889,-1.734395,0.908002,3.697926,-0.146292,-2.489296,0.991053,-3.521447
88,12.460000,0.265858,0.187475,-0.485637,1.564047,0.110673,3.076856,2.923032,0.467484,0.248106,-1.037480,0.258441,2.643307,-1.945776,-3.928282,-0.818805,-4.715418
89,12.480000,-0.691119,0.094270,-0.590128,2.062033,-0.419493,3.513280,2.627326,0.144714,0.060614,-0.820082,-0.120788,0.549443,-3.488496,-5.000772,-2.841333,-4.688366
90,12.500000,-2.392537,0.273107,-0.681548,2.132606,-1.291515,3.365076,4.170669,-0.129166,0.189857,-1.104123,-0.343086,-1.045090,-4.602840,-6.493418,-4.609360,-4.395620
91,12.520000,-3.443564,0.623655,-0.279092,1.342949,-2.146181,1.896049,5.120129,-0.394955,0.242498,-1.376800,-0.170818,-1.399594,-5.051028,-7.062645,-5.275675,-4.491769
92,12.540000,-3.785586,0.889287,0.005430,0.493844,-2.828677,1.302494,5.228083,-0.299761,0.178473,-0.902515,0.152918,-1.331920,-4.561058,-6.402453,-4.526659,-4.208032
93,12.560000,-2.881784,0.084654,0.121899,-0.288556,-2.207877,0.733736,3.910361,-0.267235,-0.105316,-0.552331,0.479364,-0.768116,-3.814456,-5.351422,-3.475927,-3.778572
94,12.580000,-1.053650,-0.582123,0.347338,-0.868218,-1.263730,0.657420,2.016049,-0.098040,-0.459039,-0.260197,0.303278,-0.291531,-3.408401,-4.326410,-2.622463,-3.289484
95,12.600000,1.303303,-0.728256,0.804393,-1.474533,-0.748165,0.417597,0.340110,0.172374,-0.806813,-0.044759,0.112363,-0.161182,-3.089570,-3.604999,-2.318644,-2.987888
96,12.620000,3.890244,-1.108693,1.064467,-1.978002,-0.515859,-0.534102,-1.696171,0.340018,-1.099798,0.364739,0.049825,0.080460,-2.629219,-3.120632,-1.626663,-2.587461
97,12.640000,5.421944,-0.975533,0.748873,-1.780895,-0.358405,-0.776725,-3.295533,0.540111,-1.073724,0.743263,-0.138780,0.437657,-2.138559,-2.846638,-0.467626,-2.226382
98,12.660000,5.819435,-0.923008,1.013225,-1.785116,-0.532701,-0.925621,-3.804666,0.514368,-1.044993,0.517313,-0.167659,0.544599,-1.791970,-2.556526,0.504389,-2.194866
99,12.680000,5.491443,-0.640441,1.096544,-2.196307,-0.698067,-0.931282,-3.307725,0.345015,-0.828339,0.274791,-0.173360,0.294003,-1.183071,-2.139323,0.667482,-1.999731
100,12.700000,4.955684,-0.618557,1.106158,-2.179521,-0.699820,-0.702207,-2.115915,0.033809,-0.793693,-0.643137,-0.012442,0.249436,-1.218964,-1.776647,0.324538,-1.900466
101,12.720000,3.904307,-0.623904,0.384149,-1.511330,-0.700881,0.588842,-0.420220,-0.144241,-0.562370,-1.667045,-0.113563,0.076923,-1.761170,-1.973003,-0.416713,-2.048551
102,12.740000,2.630863,-0.751933,-0.183467,-0.754608,-1.262741,2.122053,1.607427,-0.319585,-0.274026,-2.294284,-0.157723,-0.483776,-2.544504,-2.567441,-1.850351,-2.230920
103,12.760000,-0.175368,-0.487573,-0.854579,0.535320,-1.748173,3.160910,3.697098,-0.561618,0.107065,-2.168173,0.275129,-1.085471,-3.170817,-3.152808,-3.337442,-2.278699
104,12.780000,-3.347399,0.193113,-0.947619,1.757781,-1.757964,3.245595,4.763954,-0.906001,0.571672,-1.300318,0.750850,-1.175548,-3.185854,-3.442950,-4.704592,-2.424442
105,12.800000,-4.331531,1.217991,-0.426754,0.903224,-2.013839,2.795375,5.495600,-0.418593,0.883506,-0.801239,0.531379,-1.309967,-2.814855,-4.075198,-4.106666,-2.928281
106,12.820000,-4.076309,0.933141,-0.374137,-0.138707,-1.830198,2.271481,5.192668,0.059700,0.680272,-0.410432,0.496117,-1.007285,-2.255661,-4.440904,-2.740471,-3.098063
107,12.840000,-2.613758,0.301362,-0.153977,-0.794827,-1.399758,1.528832,3.794796,0.211549,0.510836,-0.102550,0.355722,-0.560729,-2.078648,-3.924512,-2.091049,-2.762659
108,12.860000,0.066949,-0.382082,0.856442,-1.625047,-1.023184,0.288085,1.598184,0.002379,0.260257,-0.131900,0.395372,0.028846,-2.350383,-3.172864,-2.324849,-2.628478
109,12.880000,2.207168,-0.590096,1.309410,-1.847267,-0.383668,-0.420481,-0.414349,-0.160287,-0.003122,0.082093,0.406162,0.237879,-2.428892,-2.645552,-2.836825,-2.299504
110,12.900000,3.796555,-0.738211,1.188886,-1.380721,0.138010,-0.282580,-1.802648,0.036934,-0.162692,-0.102816,0.193545,0.183548,-2.707119,-2.757932,-2.699353,-2.031319
111,12.920000,3.976655,-0.738033,0.632836,-0.679722,0.026785,-0.239894,-2.293597,0.253664,-0.468495,-0.538706,-0.016638,-0.021234,-3.271256,-3.026998,-2.081872,-1.993001
112,12.940000,2.736801,-0.579082,0.299350,-0.176134,-0.169893,0.005542,-1.776371,0.341311,-0.420025,-0.935785,-0.284310,-0.356502,-3.613472,-3.096319,-2.094719,-1.981772
113,12.960000,1.580445,-0.390849,0.562962,-0.351075,-0.440835,0.523218,-0.579025,0.118780,-0.048471,-0.911763,-0.222475,-0.516305,-3.522286,-2.676487,-2.879655,-1.846241
114,12.980000,0.621462,-0.411890,0.867190,-0.343259,-0.427560,0.904030,-0.048735,0.066160,0.319714,-0.573898,0.034818,-0.389408,-3.400807,-2.348609,-3.631942,-1.876043
115,13.000000,-0.049536,-0.113769,1.356057,-0.612105,-0.252360,0.990715,-0.013732,0.105500,0.847686,0.053105,0.022473,-0.488079,-3.119062,-2.207821,-3.872051,-1.786997
116,13.020000,-0.363318,0.127255,1.490951,-0.869431,-0.014863,0.765573,-0.249102,0.040382,1.234527,0.582405,0.008820,-0.501339,-2.808536,-2.256362,-3.786630,-1.735030
117,13.040000,-0.598654,0.458039,1.225685,-1.137410,0.059100,0.617884,-0.357848,0.075549,1.527209,1.107679,-0.044828,-0.582839,-2.360172,-2.306294,-3.473163,-1.625262
118,13.060000,-0.683466,0.581801,1.204851,-1.389937,0.085426,0.453415,-0.505174,0.048303,1.826813,1.389380,0.006016,-0.552052,-2.038986,-2.235026,-3.119036,-1.630739
119,13.080000,-0.657387,0.690461,1.012701,-1.579943,0.128610,0.499201,-0.599371,0.110451,2.226032,1.605806,0.138809,-0.483902,-1.756458,-2.055366,-2.805805,-1.475199
120,13.100000,-0.718396,0.915676,0.923362,-2.024634,0.007360,0.561921,-0.619902,0.227952,2.597557,1.855903,0.121981,-0.573910,-1.402189,-1.644582,-2.330293,-1.380239
121,13.120000,-0.541278,1.034493,0.592952,-2.408096,0.044907,0.724051,-0.599813,0.287821,2.946419,2.019794,0.182052,-0.533968,-1.195966,-1.433776,-2.025350,-1.431792
122,13.140000,-0.211734,1.013348,0.131585,-2.691017,0.005475,0.855207,-0.632243,0.234173,3.040462,2.235105,0.072275,-0.614732,-1.252545,-1.342664,-1.952543,-1.488820
123,13.160000,-0.186003,1.080243,0.286264,-3.078147,0.006536,0.909223,-0.615612,0.396527,3.387847,2.194244,0.006075,-0.618389,-1.221509,-1.164036,-1.802824,-1.436959
124,13.180000,-0.084750,0.887892,0.237324,-3.384044,-0.020957,0.905395,-0.538807,0.381894,3.460696,2.126242,-0.029610,-0.596486,-1.263868,-1.380608,-1.756947,-1.498701
125,13.200000,-0.123199,0.734448,0.355203,-3.477220,0.052041,0.901088,-0.492987,0.439360,3.552309,1.733729,-0.038896,-0.448271,-1.280820,-1.618628,-1.791617,-1.478513
126,13.220000,-0.048816,0.694206,0.360848,-3.296064,-0.015794,0.832878,-0.325734,0.276995,3.369043,1.004110,-0.071143,-0.314477,-1.399336,-1.829593,-1.878491,-1.631303
127,13.240000,-0.082211,0.283746,0.369590,-2.367765,-0.039194,0.814307,0.031547,0.190187,2.685266,-0.397934,0.084590,0.142780,-1.664072,-1.912894,-1.863807,-1.715434
128,13.260000,-0.444387,-0.384914,0.511291,0.325097,-0.281424,0.300789,1.095044,0.148988,0.904700,-3.741892,0.441848,1.171377,-2.180305,-1.563626,-1.025990,-1.934297
129,13.280000,-1.217586,-0.964018,1.082439,3.490502,-0.470696,-0.613306,2.153854,0.112050,-0.439598,-7.680745,1.028993,2.432606,-2.064109,-1.049848,-0.140979,-2.200274
130,13.300000,-1.326006,-0.885392,1.719526,4.471169,-0.640584,-1.265680,2.486433,0.406936,-0.724224,-9.144202,1.504659,2.661947,-1.088650,-0.926474,0.161538,-2.074587
131,13.320000,-1.358194,-0.517081,2.385547,4.878308,-0.183212,-1.054920,2.732139,0.925515,-0.913053,-8.532703,1.491557,2.207231,-0.467381,-1.786011,0.433808,-1.646436
132,13.340000,-1.212986,-0.484403,2.651335,4.039068,0.124040,-0.636950,2.394024,1.300719,-0.846100,-6.348935,0.904728,1.473207,-0.663689,-3.373669,0.141691,-0.826191
133,13.360000,-0.493143,-0.155255,1.917850,1.329412,0.274348,-0.175609,2.314377,1.928028,0.369111,-3.395345,0.464805,1.384004,-0.596750,-4.331889,-0.551269,-0.649759
134,13.380000,1.324711,0.536279,-0.438959,-2.992869,0.253136,0.567636,1.461753,1.351776,2.338642,0.236293,0.094881,0.225676,-0.501047,-4.883557,-1.816968,-1.042186
135,13.400000,1.705333,0.586391,-0.821116,-4.809820,0.395993,1.151913,0.528414,1.025791,2.992826,1.933826,0.116742,-0.323910,-1.259668,-4.439663,-2.339494,-1.028175
136,13.420000,0.901370,0.653176,-1.039224,-5.283761,0.289552,1.623896,-0.462308,0.381754,2.724180,4.264069,0.712953,-0.914812,-2.617062,-3.472251,-2.901992,-0.823519
137,13.440000,0.489038,0.469795,-1.157480,-5.625947,-0.153988,2.214394,-0.402346,-0.086874,2.489343,5.925682,0.938378,-1.703369,-3.930486,-2.903164,-2.859515,-1.011956
138,13.460000,0.875699,0.071675,-0.710988,-4.614798,-0.342263,1.847230,-0.041021,-0.137590,2.241781,5.291181,0.597251,-1.486359,-4.075371,-2.210698,-2.126457,-1.229511
139,13.480000,0.645061,-0.075167,0.819687,-2.720011,-0.341255,1.278189,0.169569,-0.142822,1.697690,3.332638,0.113866,-1.039438,-3.613321,-1.588950,-2.160031,-1.568638
140,13.500000,0.218664,-0.163545,2.245358,-1.318940,-0.343369,0.642496,0.744145,-0.240807,0.750172,0.409453,-0.448852,-0.714253,-2.980709,-1.867760,-2.618197,-2.242959
141,13.520000,-0.469829,-0.038654,2.382418,0.703253,-0.525562,-0.472178,1.421233,0.216756,0.052030,-2.703631,-0.662505,-0.183962,-2.653392,-2.181760,-2.279219,-2.539164
142,13.540000,-1.210367,-0.300497,2.240467,2.809585,-0.717209,-0.897499,1.705634,0.535534,-0.146464,-5.041717,-0.942474,0.045165,-3.312451,-2.931934,-1.576419,-3.000471
143,13.560000,-1.448858,-0.656015,1.786456,3.688081,-0.653063,-0.874582,1.713177,0.717275,-0.262175,-5.927364,-0.764464,0.246905,-3.138675,-3.890140,-1.476413,-3.486654
144,13.580000,-0.956088,-0.863716,1.748635,3.972268,-0.091348,-0.455611,1.835484,0.658339,-0.717334,-6.315489,-0.093578,0.550073,-2.977958,-4.287881,-1.153220,-2.915666
145,13.600000,-0.263942,-0.933390,1.777426,3.677427,0.240660,-0.046485,1.656599,0.651722,-0.933570,-5.928234,0.044108,0.416229,-3.014177,-4.410195,-0.712814,-1.792899
146,13.620000,0.366241,-1.041586,1.511455,2.542657,0.267384,0.631010,1.613783,0.866130,-0.785094,-5.005826,-0.151147,0.328521,-2.929468,-4.363346,-0.770630,-0.818464
147,13.640000,1.481601,-1.102265,0.718938,0.234735,0.266271,1.244382,1.480443,0.859120,-0.314153,-3.175884,-0.169486,0.264664,-2.642952,-4.111490,-1.262369,-0.217128
148,13.660000,2.642069,-0.277119,-0.541444,-2.841254,0.055270,1.818812,1.558812,0.976785,1.316896,-0.938398,-0.157154,0.191375,-1.746738,-3.957618,-2.112806,-0.006746
149,13.680000,2.489268,0.311999,-0.853576,-4.664730,-0.089638,1.712548,0.651209,0.887530,2.646221,1.333173,-0.155930,-0.044071,-1.037792,-3.502867,-2.736236,-0.297587
150,13.700000,1.392989,0.557396,-0.881175,-5.626828,-0.304693,1.355096,0.406304,0.818411,3.330298,3.619382,0.245712,-0.397860,-1.277638,-3.141242,-2.534744,-0.464588
151,13.720000,0.519366,0.607687,-0.932936,-5.945315,-0.483018,0.851995,0.363331,0.536366,3.429641,4.878376,0.775159,-0.823817,-1.853889,-2.615943,-1.874128,-0.725727
152,13.740000,0.225629,0.631187,-0.903731,-5.589167,-0.179379,1.094784,0.143483,0.401596,3.479279,4.871393,0.965048,-0.750629,-1.299771,-1.213729,-0.622809,-0.563312
153,13.760000,-0.306815,0.630115,-0.574977,-3.920122,0.079175,0.869535,0.440141,0.386150,3.325538,3.319167,0.827191,-0.343612,0.402758,0.404235,1.027781,-0.151342
154,13.780000,-1.455295,0.795206,-0.409801,-0.880074,0.351619,0.784568,1.539701,0.721113,2.626456,0.845969,0.604795,0.407301,2.385839,1.673732,2.042889,0.382443
155,13.800000,-1.259890,0.944784,-0.862782,0.925958,0.502316,0.819947,3.525682,0.870737,1.877496,-1.754032,0.126520,1.699224,3.324136,2.310106,2.676052,0.798244
156,13.820000,-0.606034,0.212380,-0.971991,2.292325,0.737891,0.319229,3.836694,0.855355,0.748710,-4.246163,0.973069,3.946261,2.491898,2.224090,3.674800,-0.453335
157,13.840000,-0.637680,-0.138030,-0.644696,4.033353,0.503219,-0.758413,3.405821,1.063907,-0.033003,-6.571060,1.614411,4.605726,2.253407,1.319666,4.369852,-1.296116
158,13.860000,-0.428163,0.173705,-0.575810,4.278546,0.085448,-0.646690,3.417952,1.404570,-0.025382,-6.497774,1.881716,4.624110,2.338263,0.489781,4.913448,-0.869657
159,13.880000,-0.304143,0.313709,-0.627639,3.161564,-0.005235,-0.168833,3.254522,1.681278,0.623880,-4.389653,2.154442,4.093508,2.661703,-0.401210,5.037771,0.241395
160,13.900000,-0.698420,0.683944,-0.903283,1.505077,0.551599,0.525172,2.745486,2.354828,3.385254,-1.985282,2.165006,4.005818,2.948537,-0.397924,3.219199,1.741602
161,13.920000,-1.561118,0.757421,-1.087552,0.547536,0.990303,0.983465,2.296900,1.654957,3.563755,0.253911,2.428800,3.242879,2.166792,-0.210822,0.543528,2.041326
162,13.940000,-2.784476,0.736999,-1.464767,1.520526,1.047522,1.594778,2.631091,1.657084,3.126444,1.046900,3.150970,3.884008,1.201897,0.419162,-1.026554,1.791114
163,13.960000,-3.798516,0.806983,-1.815330,2.381943,0.517848,2.263336,3.335327,1.168741,2.499693,1.419439,3.597691,4.130083,0.940834,0.973109,-0.838234,1.061412
164,13.980000,-3.987076,0.742924,-1.691689,2.671311,0.685468,2.937444,3.751634,0.583163,1.797106,1.353261,3.181255,4.724343,1.164524,1.592353,-0.016772,-0.130990
165,14.000000,-3.510035,0.788906,-1.313750,2.352660,0.975393,2.822880,3.620687,0.455205,1.500667,1.246260,2.747064,5.332892,1.762900,2.012509,0.723329,-1.119503
166,14.020000,-1.882213,0.534238,-0.659442,1.387450,1.158234,2.040514,2.528076,0.454337,0.998818,1.090341,2.127440,6.021777,2.370169,2.110821,1.491170,-1.273725
167,14.040000,1.412901,0.299914,-0.114586,-0.480536,1.101976,0.442747,0.395784,0.597494,0.657964,1.391627,1.696497,6.589683,3.368646,2.108798,2.984801,-0.561226
168,14.060000,5.325897,-0.013656,0.438115,-1.318471,0.381057,-0.879250,-3.208122,0.819043,-0.167708,2.297646,1.342962,6.931032,4.054985,1.549783,4.308026,-0.092528
169,14.080000,6.886065,-0.538158,0.379794,-0.798471,-0.049536,-1.291179,-5.727495,1.044124,-0.700965,2.992794,1.033903,6.622045,3.607556,0.778694,4.943228,0.602505
170,14.100000,5.520580,-0.613693,-0.034204,-0.769002,-0.022785,-0.747088,-5.440305,1.033930,0.026131,3.087626,0.772592,5.323085,3.082006,0.143956,4.445162,1.165684
171,14.120000,2.746236,0.051019,-0.314706,-1.067347,0.179791,-0.381808,-3.240247,0.542247,0.705186,2.234884,0.787177,3.118070,3.584773,-0.000431,3.536952,1.019246
172,14.140000,0.827201,0.479226,-0.370970,-0.598374,0.247000,-0.048297,-0.171607,-0.634863,0.327122,-0.757420,1.270186,2.216729,3.353835,0.448024,2.863434,0.588142
173,14.160000,-0.748640,0.639091,-0.178576,0.737004,-0.184914,1.123293,2.258807,-1.015269,0.183700,-2.936887,1.088768,1.495633,2.239371,0.873186,2.070426,0.319130
174,14.180000,-2.617190,0.864122,-0.396259,1.207169,-0.539610,2.388872,5.312251,-1.004341,0.618979,-3.137976,0.708466,0.234867,1.663081,1.336597,1.852496,0.610228
175,14.200000,-3.891718,0.811862,-0.511777,1.670563,-0.325294,2.531044,6.544895,-1.284001,0.676568,-2.482367,0.634340,-0.286364,0.929808,1.852422,1.599661,0.352829
176,14.220000,-5.243897,1.060363,-0.904345,1.347699,-0.120473,3.196402,7.491905,-0.292252,1.648248,-1.968449,0.437750,-0.770438,0.460377,1.593029,1.661854,-0.065936
177,14.240000,-5.739047,1.037527,-0.976241,0.785308,-0.407285,3.548877,7.321883,0.207400,1.602372,-1.747218,0.318013,-0.954437,0.716239,0.871819,2.066338,-0.188643
178,14.260000,-5.400633,0.729675,-0.740150,0.356063,-0.325649,3.301747,6.360968,0.261460,1.307431,-1.962319,0.499210,-0.565205,0.742659,0.538858,2.109930,-0.035940
179,14.280000,-4.490410,0.529338,-0.543040,0.063584,-0.574220,3.160980,5.000433,0.302840,0.842389,-1.204397,0.216501,-0.011696,1.255335,0.085762,2.009052,0.253784
180,14.300000,-2.207944,0.399217,-0.044676,-0.578259,-0.476871,2.477137,3.581590,0.403369,0.615190,-0.682907,-0.021254,1.285882,1.891963,0.062662,2.109367,0.876790
181,14.320000,0.882792,0.375383,0.592183,-1.466858,-0.307770,1.295271,1.451001,0.622265,0.265132,0.164842,0.174179,3.088586,2.938019,0.782215,2.663967,1.626641
182,14.340000,4.974089,0.045945,1.295022,-2.532953,0.190337,-0.829942,-2.061723,0.869984,-0.114369,1.281316,0.693339,4.904484,3.996243,1.740682,3.730164,2.061518
183,14.360000,7.930593,-0.526887,0.782724,-1.730802,-0.076119,-1.492324,-5.209435,1.178526,-0.662741,2.112614,0.863710,5.495563,4.006859,1.346794,5.337459,2.300091
184,14.380000,7.689487,-1.043483,0.328863,-0.622973,-0.230368,-1.135999,-6.079844,1.496348,-0.398468,2.270602,0.709795,4.547092,2.915119,0.012906,4.948721,2.089579
185,14.400000,6.511281,-0.420955,0.644582,-1.204751,-0.133596,-0.828343,-5.069016,0.994739,-0.084536,1.412745,0.227902,3.453184,3.148307,-0.343278,4.624947,1.399434
186,14.420000,4.444791,-0.020516,0.987443,-1.939512,-0.073501,-0.746980,-2.172380,0.119134,0.115303,-1.004967,0.075074,2.606301,3.728238,-0.232636,4.231081,0.374983
187,14.440000,1.502858,0.178166,0.594569,-1.818649,-0.367573,-0.551366,2.035651,-0.110250,0.462891,-3.985939,-0.277772,1.069142,3.609977,-0.990968,2.976846,-0.479231
188,14.460000,0.227167,0.327356,0.624456,-1.501241,-0.807863,-0.356095,5.012771,-0.255628,0.475056,-5.000204,-0.612558,-0.283370,2.614016,-1.588956,2.161558,-0.019656
189,14.480000,-0.445045,0.217662,0.810237,-0.730134,-0.655774,0.476795,5.896418,-0.967907,0.474504,-3.826974,-0.070052,-0.215852,0.965168,-0.477474,1.791326,0.284005
190,14.500000,-4.171187,0.842978,0.085805,0.542716,-0.581353,3.058082,6.863464,-0.126319,1.679499,-1.465274,0.522025,-0.768083,0.455642,0.273130,1.700861,0.531263
191,14.520000,-5.683789,1.024195,-0.889242,1.120489,-0.389417,3.625437,7.355579,0.000121,2.163935,-1.291686,1.014370,-0.842835,1.025175,0.745392,2.171569,0.875070
192,14.540000,-5.965523,1.075762,-1.311261,1.238678,-0.200034,3.906084,7.082254,0.140334,1.931055,-1.446746,1.242729,-0.638782,1.176767,1.195153,2.152670,0.994324
193,14.560000,-5.933359,0.853815,-1.283830,0.835420,-0.232496,3.823367,6.325725,0.242572,1.527685,-1.193223,0.855288,-0.861612,1.197562,0.999030,2.119028,0.842069
194,14.580000,-4.966321,0.447166,-1.054358,-0.000323,-0.273610,3.459014,4.755897,0.513980,0.987939,-0.528437,0.334538,-0.639724,1.670153,0.740499,2.468811,1.071535
195,14.600000,-2.310237,0.366898,-0.202749,-0.723335,-0.060600,2.358663,3.016953,0.441887,0.945890,-0.414782,0.771904,1.049480,1.770426,0.980299,2.069790,1.457276
196,14.620000,1.919513,0.297768,0.764269,-2.486001,0.068291,-0.113303,0.392184,0.702031,0.510148,0.405331,0.883848,2.773069,2.407128,1.770478,2.399103,2.431730
197,14.640000,6.211638,-0.189779,1.510324,-2.467783,-0.016899,-0.974152,-3.443563,0.995008,-0.163007,1.739766,0.868161,4.379540,3.331443,1.872516,3.841681,2.697351
198,14.660000,7.208478,-0.988840,0.343350,-0.732537,-0.430344,-0.987359,-5.632541,1.653827,-0.538366,2.229502,0.686659,4.428574,3.044065,0.333155,4.623931,2.422078
199,14.680000,4.535978,-1.468362,-0.007487,-0.305746,-0.670343,-0.214503,-3.923070,1.825592,0.030113,0.788798,-0.396389,1.463927,1.755828,-1.392800,3.395648,1.814992
200,14.700000,2.499625,-0.531312,0.898585,-2.001061,-0.369763,-0.001837,-1.053697,0.300201,0.229852,-1.183005,-0.594496,0.438468,1.518516,-1.990284,2.174909,-0.029720
201,14.720000,1.390037,-0.251121,1.510566,-2.654797,-0.664197,-0.271394,1.596855,-0.425151,0.076848,-2.618961,-0.329402,0.077241,0.777419,-2.296849,0.951166,-1.027030
202,14.740000,1.128885,-0.371423,2.263179,-2.472219,-0.783638,-0.176021,2.379866,-0.377486,0.655664,-2.402262,-0.170608,-0.085870,0.022862,-1.923802,0.106876,-0.682307
203,14.760000,0.213871,-0.591157,2.046628,-1.052120,-0.174141,0.443271,1.500095,-0.213252,0.606206,-1.413579,-0.226302,-0.035613,0.021898,-1.067078,0.429682,-0.172010
204,14.780000,-0.118002,-0.799834,2.443182,0.135953,-0.012016,-0.015738,0.120972,-0.209552,0.308792,-0.664430,-0.135274,-0.077825,-0.083799,-0.415234,0.604574,0.413355
205,14.800000,-0.194100,-0.563547,1.655783,0.464040,-0.081292,-0.074389,-0.847776,-0.212839,0.054865,0.186789,0.017568,-0.240031,-0.165992,-0.237492,0.268757,0.744141
206,14.820000,-0.038208,-0.409200,1.040157,0.599212,0.033127,0.063344,-1.223768,-0.092349,0.099013,0.460059,0.170438,-0.154976,0.317315,0.217042,0.253016,1.132278
207,14.840000,-0.533581,-0.038140,0.885160,0.231722,0.193252,-0.038467,-1.389338,0.051499,0.691064,1.173268,0.238952,-0.173613,1.555340,1.634690,1.098348,2.138902
208,14.860000,-1.051195,0.404695,0.937804,0.114817,0.404387,-0.117104,-1.685059,0.391575,2.184644,1.468449,0.272986,-0.001902,2.875695,3.152702,2.263295,3.134251
209,14.880000,-1.176241,0.903722,0.447367,-0.215955,0.418528,0.080167,-1.448502,0.876582,3.036288,1.940801,0.154843,0.005185,3.536760,3.428300,2.665356,3.022180
210,14.900000,-0.926682,1.174350,0.043311,-0.411575,0.351713,0.181662,-1.146829,1.088031,2.998181,1.951155,0.030997,0.046143,3.799031,3.462298,2.923002,2.724406
211,14.920000,-0.818103,1.495211,0.089736,-0.512942,0.503356,0.199124,-0.901592,1.276640,3.391385,1.776406,0.169982,0.321889,3.673308,3.468790,2.761692,2.456049
212,14.940000,-0.826091,1.395276,0.407314,-0.368414,0.462140,-0.014734,-0.853841,1.377944,3.336602,1.282838,0.008965,0.270635,3.637059,3.237455,2.894791,2.195532
213,14.960000,-1.124251,1.398897,1.090792,0.019930,0.561336,-0.182809,-0.839926,1.532346,3.502470,0.564898,0.085226,0.570573,3.588915,2.926416,3.047137,2.098380
214,14.980000,-1.461634,1.536495,1.482358,0.839340,0.545941,-0.362868,-1.025249,1.561426,3.486570,-0.347351,0.337026,1.036390,3.486508,2.608656,2.934524,1.952791
215,15.000000,-1.571416,1.285308,1.609987,1.919818,0.346826,-0.579782,-1.208424,1.499230,3.075917,-1.650303,0.403902,1.265949,3.291316,2.026485,2.944936,1.698329
216,15.020000,-1.612812,1.154979,1.826306,2.877616,0.162362,-0.715542,-1.034281,1.481835,2.656815,-3.092827,0.444594,1.331870,3.193185,1.550149,2.755019,1.530354
217,15.040000,-1.325930,0.871220,1.997856,3.615460,0.078642,-0.794802,-0.512022,1.205266,1.830165,-4.533774,0.720712,1.586980,2.913045,1.153115,2.439237,1.785444
218,15.060000,-1.014681,0.602223,2.100579,3.630626,-0.028182,-0.791182,0.209756,1.187793,1.407075,-5.299654,1.016233,1.690564,2.616389,1.072838,2.049593,2.570621
219,15.080000,-0.530125,0.316205,1.684717,2.911000,-0.009918,-0.565629,0.882879,1.113639,1.243402,-5.087093,1.113836,1.679860,2.395839,1.208908,1.826532,3.353131
220,15.100000,0.283203,0.380998,0.955343,1.305633,0.203087,-0.124277,1.058693,1.271065,2.125594,-4.082448,1.078300,1.529841,2.398775,1.643572,1.259331,3.915974
221,15.120000,1.696530,0.725294,-0.537964,-2.258278,0.392753,0.778187,0.731325,1.229483,3.391302,-1.146513,0.743089,0.789461,2.745615,2.177019,0.799923,4.077890
222,15.140000,2.341157,0.846799,-0.953868,-4.658190,0.316059,1.146041,-0.556211,1.075438,4.271863,1.413241,0.380639,-0.090051,2.374584,2.601034,0.762305,3.478826
223,15.160000,1.867332,0.882244,-1.081277,-5.295959,0.237126,1.258494,-0.907757,0.954230,4.315877,3.187582,0.354494,-0.469282,1.548833,2.580575,0.985954,2.800991
224,15.180000,1.090081,0.794512,-1.072195,-5.839538,0.051542,1.053493,-0.780699,0.723474,4.377989,4.631722,0.422451,-0.887827,0.877679,2.101904,1.554306,2.165500
225,15.200000,0.567316,0.486750,-0.995910,-5.461420,-0.095046,0.857006,-0.656125,0.428290,4.090472,4.919922,0.157824,-1.161006,0.813827,1.964074,2.076731,1.693482
226,15.220000,0.063042,0.232020,-0.470000,-4.305762,-0.196869,0.710190,-0.299376,0.193615,3.608340,3.963200,-0.052389,-0.992680,1.084197,1.901834,2.076821,1.391897
227,15.240000,-0.100937,-0.307563,1.481284,-2.996657,-0.428977,0.232244,0.161744,-0.231375,2.212675,1.237140,-0.333357,-0.578126,1.072960,1.182248,1.774089,0.981872
228,15.260000,-0.665922,-0.882243,3.366968,0.331547,-0.965257,-0.495045,1.068265,-0.115151,-0.007054,-3.470139,-0.825198,-0.007242,0.427121,-0.188018,1.347193,-0.063036
229,15.280000,-1.939278,-0.937568,3.964329,3.514107,-0.908874,-0.949009,0.586926,0.400613,-0.168399,-5.955041,-1.232501,0.465408,0.348914,-1.483697,-0.242376,-1.991575
230,15.300000,-2.705544,-1.253074,3.931960,5.563441,-0.523201,-1.161527,-0.456352,0.792132,-0.357374,-6.637596,-1.615737,0.416392,1.069279,-3.318626,-0.805104,-3.895145
231,15.320000,-2.667174,-1.174169,3.588653,5.928657,0.122085,-0.981988,-0.884781,0.945162,-0.545274,-5.501994,-1.716335,0.187613,1.385163,-4.124101,-0.730820,-4.506473
232,15.340000,-1.069482,-1.044892,3.095448,3.815105,0.596693,-0.406509,-0.585927,0.877469,-0.572413,-2.796780,-1.852014,-0.487267,1.211413,-4.264828,-0.522107,-3.542941
233,15.360000,1.732312,-1.128093,1.117970,-0.453685,0.073294,1.165129,0.290313,0.411244,-0.195776,-0.461023,-1.746935,-1.042665,1.840230,-3.829677,0.088768,-1.177074
234,15.380000,3.802490,-1.019359,-0.854107,-3.373991,-0.184166,1.609096,1.643074,0.260312,0.598985,-0.493499,-1.215707,-1.084601,1.871624,-2.970134,1.689278,0.319714
235,15.400000,3.919483,-0.834393,-0.854482,-3.701029,0.039285,1.019086,0.967106,-0.060799,0.358076,-0.554656,-0.152134,-0.164283,1.157780,-1.508371,2.117820,1.168983
236,15.420000,3.062924,-0.091401,-0.557595,-4.319005,-0.994996,0.698449,1.130915,0.337721,0.472054,0.558954,-0.461602,-0.245709,1.538093,-1.919860,2.104787,1.117113
237,15.440000,1.785790,0.131880,-0.168318,-3.866399,-1.358436,0.334340,1.288204,0.470850,0.170522,1.493388,-0.262779,-0.178144,1.839898,-2.390803,1.955205,0.401029
238,15.460000,1.471610,0.132560,0.255956,-3.085433,-1.346914,1.151171,0.800681,0.204019,-0.336637,1.808871,-0.269630,-0.393212,1.305100,-2.333718,1.499256,-0.208307
239,15.480000,0.986071,0.131531,1.038581,-2.007767,-1.434544,1.189564,-0.040785,-0.015809,-0.819553,1.691106,-0.141929,-0.329200,1.372664,-1.471995,0.876969,-0.708688
240,15.500000,0.422732,0.014844,2.097304,-0.198478,-1.383852,0.566418,-1.774322,-0.115507,-1.360643,1.667633,-0.567927,-0.348328,1.387105,-0.802151,0.229446,-1.231999
241,15.520000,-0.178740,0.513519,2.858280,2.566126,-0.832864,-0.375460,-3.828741,0.021459,-1.566605,1.168334,-1.141611,-0.004763,1.500926,0.169777,-0.007417,-2.071715
242,15.540000,-0.791352,0.968222,2.548989,4.914919,-0.224175,-1.449767,-4.805853,0.357222,-1.159293,-0.188409,-1.401227,-0.095023,1.842628,0.898963,0.271710,-2.741266
243,15.560000,-0.664996,0.796030,2.077860,5.472734,-0.122644,-1.472729,-4.269131,0.328971,-0.780436,-1.788778,-0.885192,0.184417,1.879195,1.007269,0.740116,-2.816581
244,15.580000,0.085004,0.224136,1.154001,3.792795,-0.355549,-0.473743,-2.364118,0.384873,-0.275575,-2.691943,-0.248882,0.327346,1.505307,0.630741,0.780976,-2.157428
245,15.600000,1.057830,-0.199000,0.143829,1.163235,-0.124675,1.257666,-0.295130,0.521880,0.104079,-2.575267,-0.271009,0.201271,0.757586,0.524566,0.774650,-0.918630
246,15.620000,1.578657,-0.333053,-0.969712,-1.441737,-0.495881,2.677201,1.263044,0.568656,0.604067,-1.644848,-0.801960,-0.264415,0.185918,0.506582,0.735618,-0.093866
247,15.640000,1.677332,-0.541281,-1.002300,-3.050289,-0.759647,2.633986,2.117953,0.291788,0.710603,-1.199180,-1.024789,-0.595565,0.251625,0.030404,0.878650,0.388801
248,15.660000,1.164588,-0.287864,-0.798324,-3.004040,-0.758475,1.338934,2.792322,0.052417,0.764185,-1.184062,-0.732670,-0.789562,0.686153,-0.785497,0.944935,1.134230
249,15.680000,0.746561,-0.283862,-0.462047,-2.463498,-0.656838,0.184580,2.753024,-0.104087,0.490966,-1.124739,-0.435288,-0.632011,1.352029,-1.454876,1.187795,1.543114
250,15.700000,0.386336,-0.604041,0.506781,-1.336035,-0.372816,-0.554557,1.691474,-0.285415,-0.092457,-1.235088,-0.342975,-0.305919,1.957739,-1.532106,1.779955,1.508011
251,15.720000,-0.725347,-0.180366,2.972827,0.760452,0.006281,-0.965879,0.420929,0.094027,-0.354353,-1.765509,-0.748093,0.579047,2.546242,-1.492779,1.958950,0.511472
252,15.740000,-1.922058,0.348563,4.161280,4.217148,0.276386,-1.541917,-1.303017,0.237573,-0.791281,-2.734960,-0.903475,1.160669,2.999416,-1.453327,2.150648,-1.172725
253,15.760000,-1.789219,0.471583,3.686523,5.698634,0.228464,-1.646909,-1.664916,0.275486,-0.674025,-3.905407,-0.812022,0.932985,2.682197,-2.149766,2.196753,-2.340847
254,15.780000,-1.204515,-0.259561,3.349522,4.784924,0.207716,-1.367943,-1.151752,0.052649,-0.590799,-4.434803,-0.479742,0.461521,1.402182,-2.834018,1.734713,-2.575714
255,15.800000,0.305741,-0.862525,2.605085,2.511063,0.347161,-0.620281,-0.132484,-0.008024,-0.375196,-4.148603,-0.471234,0.022426,0.355851,-2.762463,1.217266,-1.869216
256,15.820000,1.619530,-0.699372,1.526513,-0.339992,0.383973,0.428340,1.441491,-0.057461,0.446159,-3.251570,-0.778022,-0.337254,-0.083905,-2.106632,1.177784,-0.890504
257,15.840000,3.216360,-0.317176,-0.062678,-3.168233,0.050484,1.325704,2.661374,0.037005,1.374232,-2.332977,-0.891412,-0.632462,0.166488,-1.629106,1.687185,0.189925
258,15.860000,4.120583,0.039026,-0.499752,-4.289357,-0.026531,0.852276,2.656728,0.366018,1.833595,-2.011389,-0.248697,-0.062012,0.974550,-0.991095,1.830784,1.256769
259,15.880000,3.290046,0.442339,-0.807778,-4.726372,-0.533917,0.454869,3.114165,0.917668,1.982526,-0.882724,-0.078610,0.142935,1.807219,-1.556551,2.505963,1.372766
260,15.900000,2.520564,0.465972,-0.740628,-4.704201,-0.660765,-0.082268,3.573330,1.317551,2.037799,-0.281903,0.250593,0.797254,2.241836,-2.389345,2.986218,0.245442
261,15.920000,2.138473,0.507186,-0.502839,-4.645722,-0.541363,-0.237181,3.648460,1.208585,1.867473,0.061379,0.256022,1.021801,2.156883,-2.893013,3.305961,-0.966355
262,15.940000,1.352652,0.475000,-0.029748,-3.780388,-0.352163,-0.220956,3.423226,1.113851,1.847547,0.068685,0.315657,0.932421,1.995726,-2.974883,3.187876,-1.478565
263,15.960000,1.109946,0.357664,0.550253,-2.678925,-0.254924,-0.018076,2.730714,0.861610,1.463215,-0.337158,0.299233,0.964567,1.945252,-2.859171,2.896211,-1.566550
264,15.980000,0.608307,0.224450,1.510332,-0.967137,-0.260763,0.057925,1.775762,0.734166,1.016763,-0.980837,0.188604,1.266892,1.927330,-2.273150,2.548415,-1.529562
265,16.000000,-0.002580,0.315330,1.746443,1.382460,-0.187933,-0.456098,0.466275,0.775412,0.640251,-1.653073,0.022992,1.493026,1.854473,-1.614623,2.093680,-1.666256
266,16.020000,-0.027960,0.409326,1.599132,3.527087,-0.076390,-0.933548,-0.942991,0.746708,0.248174,-2.481801,0.055709,1.772559,1.614380,-1.261164,1.744573,-1.628244
267,16.040000,0.388419,0.325438,1.557971,4.163827,-0.067184,-1.272381,-1.816440,0.616057,0.022427,-3.043848,0.133801,1.666560,1.405104,-1.173030,1.344496,-1.675572
268,16.060000,1.011935,0.243976,1.900984,3.784730,0.129564,-1.132422,-1.957337,0.520571,-0.080278,-3.091874,0.182856,1.775639,1.721787,-1.079764,0.919189,-1.653764
269,16.080000,1.719911,0.172848,2.143927,2.498806,0.385632,-0.697152,-1.372490,0.445564,0.007716,-2.596937,0.149047,1.773648,2.025743,-0.736561,0.584772,-1.185215
270,16.100000,2.365337,0.171757,1.781360,0.830210,0.423657,-0.156906,-0.311774,0.359217,0.290131,-1.782281,-0.088377,1.680818,2.112256,-0.330119,0.719370,-0.561402
271,16.120000,3.128532,0.278686,1.059049,-0.751036,0.396669,0.330943,0.649604,0.477062,0.730475,-1.197683,-0.102796,1.970268,2.123465,-0.060818,1.259845,-0.094847
272,16.140000,3.776414,0.314885,0.154839,-2.165967,0.150361,0.225025,1.262034,0.617899,0.989095,-0.883500,-0.066537,1.863796,2.042478,-0.051021,1.888013,0.220804
273,16.160000,3.715499,0.475488,-0.203408,-3.135952,-0.154589,-0.010939,2.059077,0.921381,1.543908,-0.793608,-0.035062,1.744174,2.080620,-0.522257,2.303930,0.094375
274,16.180000,3.753192,0.461881,-0.401746,-3.902763,-0.318686,-0.177884,2.618742,1.029382,1.580462,-0.754255,-0.092503,1.443589,1.953456,-1.428162,2.548925,-0.596415
275,16.200000,3.610624,0.555743,-0.227872,-4.277585,-0.438952,-0.417457,3.026543,1.135409,1.682381,-0.755138,-0.146490,1.118774,1.692566,-2.298202,2.535407,-1.063997
276,16.220000,3.320503,0.411067,0.003335,-3.978793,-0.534417,-0.492466,3.049693,0.869924,1.191591,-0.701120,-0.284961,0.633918,1.418960,-3.062790,2.425191,-1.238776
277,16.240000,2.471762,0.249441,0.613175,-3.458231,-0.848004,-0.850270,3.421244,0.925984,1.275696,-0.876271,-0.420207,0.057035,1.282029,-3.757828,1.970619,-0.915810
278,16.260000,2.138393,-0.039720,1.361363,-2.872225,-0.974234,-0.895400,3.296096,0.720275,0.805366,-1.353218,-0.473044,-0.146689,1.259507,-4.017725,1.579648,-0.495580
279,16.280000,1.703344,-0.093577,2.021634,-1.844949,-1.022346,-0.923243,2.513727,0.632510,0.440304,-1.533054,-0.423499,0.284670,1.276394,-3.634627,1.268164,-0.453029
280,16.300000,1.415999,0.004576,2.351245,-0.064243,-0.821800,-1.201489,0.988009,0.498387,-0.077928,-1.507456,-0.404398,0.910718,1.314097,-2.706522,1.017989,-0.855680
281,16.320000,1.220576,0.118089,2.558318,2.185220,-0.522818,-1.568355,-1.044356,0.484418,-0.574885,-1.696390,-0.380443,1.564713,1.294576,-1.806754,1.100790,-1.787430
282,16.340000,1.450004,0.209152,2.475463,3.919437,-0.403902,-1.772546,-2.749348,0.423049,-0.989182,-2.017450,-0.367783,1.836909,1.447010,-1.466684,1.407555,-2.555294
283,16.360000,2.064509,0.175762,2.054471,3.908177,-0.093249,-1.396879,-2.922560,0.305572,-0.956859,-2.335948,-0.313747,1.765040,1.642973,-1.197386,1.412837,-2.688456
284,16.380000,2.916743,0.068814,1.740362,2.529086,0.333652,-0.602186,-1.954468,0.188064,-0.724487,-2.271748,-0.120230,1.991773,1.711265,-0.631846,1.302744,-2.227783
285,16.400000,3.341100,0.005559,1.181764,0.865911,0.612546,0.372840,-0.203812,0.234249,-0.154923,-1.996741,-0.383338,2.023269,1.616018,-0.150629,1.215108,-1.838034
286,16.420000,4.034604,0.007822,0.467537,-1.194772,0.557732,1.052550,1.273868,0.459548,0.801974,-1.724809,-0.607629,1.743600,1.488108,-0.046429,1.394916,-1.155399
287,16.440000,4.484950,0.180610,-0.305450,-3.449995,-0.264871,0.548185,2.726747,0.898077,1.653939,-1.721717,-0.816796,0.880154,1.879283,-0.638630,1.737634,-0.381912
288,16.460000,4.223623,0.354348,-0.734406,-4.729684,-0.653740,-0.102834,3.989162,1.243870,2.350510,-2.118913,-0.663950,0.045631,2.128257,-1.702396,1.858332,0.235828
289,16.480000,3.234385,0.514975,-0.903686,-4.746157,-0.806686,-0.389000,4.774725,1.391284,2.630502,-2.002911,-0.437947,-0.628344,2.161720,-2.755803,1.724706,0.849512
290,16.500000,2.012401,0.537969,-0.622130,-4.474385,-0.867518,-0.598227,5.116762,1.316322,2.386219,-1.407101,-0.009844,-0.529795,2.100865,-3.346349,1.778644,0.901636
291,16.520000,0.264895,0.441923,-0.165631,-3.590677,-0.689145,-0.714355,5.309072,1.165460,2.243918,-0.842269,0.346154,-0.375653,1.908813,-3.471220,1.639683,0.476976
292,16.540000,-0.556132,0.419836,0.156112,-3.136645,-0.464113,-0.419252,4.955254,1.012135,1.680513,-0.579649,0.510028,-0.051856,1.879647,-3.127619,1.997557,0.051521
293,16.560000,-0.770147,0.488601,0.728486,-1.700821,-0.054340,-0.340512,3.639350,0.883252,1.396267,-0.911621,0.692166,0.960539,1.887115,-1.973619,2.167228,-0.579711
294,16.580000,-1.094836,0.605526,1.582222,0.787028,0.041282,-0.844849,1.711573,0.831879,1.025131,-1.167847,0.532002,1.936433,1.709838,-0.940821,2.144218,-1.607650
295,16.600000,-0.903863,0.637390,2.191737,3.680214,0.084440,-1.445726,-0.758045,0.933352,0.564313,-2.025885,0.323679,2.176481,1.525319,-0.774015,1.899032,-2.649828
296,16.620000,0.122966,0.652684,2.056944,5.221618,0.034419,-1.409237,-2.905334,0.642692,-0.180933,-2.431639,0.115059,1.749088,1.473094,-1.159993,1.405752,-3.061455
297,16.640000,1.594007,0.376754,1.729745,4.594491,0.145111,-1.156704,-3.249058,0.340054,-0.612739,-2.773436,0.107542,1.453797,1.270842,-1.198080,0.887829,-2.398447
298,16.660000,3.006579,0.127431,1.598092,2.508476,0.411003,-0.416010,-2.277816,0.122487,-0.581523,-2.420690,0.269296,1.561594,1.069929,-0.535408,0.445362,-1.114587
299,16.680000,3.684731,0.001981,1.468587,0.790065,0.528899,0.274782,-0.915554,0.113360,-0.155293,-1.988786,-0.047282,1.875172,0.969419,0.241648,0.509603,-0.371751
300,16.700000,4.243691,-0.127563,0.708083,-0.797537,0.467730,0.790082,0.276587,0.151102,0.307350,-1.363266,-0.264454,1.995506,1.023512,0.425908,0.963113,0.115546
301,16.720000,4.663364,-0.142763,0.066837,-2.305589,0.224921,0.359980,1.043340,0.542023,0.667410,-1.048804,-0.188419,1.785200,1.203079,0.164137,1.303402,0.470847
302,16.740000,4.854632,0.088805,-0.318912,-3.593668,-0.164258,-0.024106,1.935323,0.751566,1.028148,-0.941566,-0.152392,1.612835,1.475494,-0.733151,1.761276,0.406464
303,16.760000,4.797869,0.245181,-0.346794,-4.450306,-0.367422,-0.328254,2.617491,1.036803,1.387911,-0.936054,-0.150981,1.365085,1.604214,-1.885211,2.071355,-0.044813
304,16.780000,4.831652,0.285690,-0.155466,-4.999464,-0.582978,-0.562566,2.937340,1.066475,1.340855,-0.922642,-0.262684,0.989676,1.608453,-2.918871,2.298026,-0.477068
305,16.800000,4.781124,0.267106,0.127007,-5.146985,-0.808268,-0.700065,2.980633,0.981455,1.180424,-0.959635,-0.397997,0.649267,1.647904,-3.715074,2.330970,-0.690061
306,16.820000,4.491878,0.222342,0.598310,-4.850795,-1.036432,-0.899073,2.881420,0.871395,0.941395,-1.032027,-0.471069,0.397041,1.654409,-4.177338,2.115375,-0.744225
307,16.840000,4.060215,0.048512,1.230412,-4.168369,-1.197276,-1.106283,2.519129,0.709964,0.573185,-1.266706,-0.517003,0.274970,1.573317,-4.242313,1.781024,-0.692347
308,16.860000,3.512575,-0.074375,1.699219,-2.990219,-1.104598,-1.139330,1.676134,0.597677,0.150588,-1.380952,-0.490190,0.521534,1.552332,-3.859297,1.486318,-0.863793
309,16.880000,3.131490,-0.155955,2.292580,-1.649216,-1.148361,-1.363299,0.663867,0.469557,-0.239318,-1.413000,-0.535076,0.786780,1.362635,-3.128426,1.212604,-1.187775
310,16.900000,2.885521,-0.149417,2.399583,0.081139,-0.943493,-1.459355,-0.549937,0.325324,-0.665959,-1.441196,-0.548870,1.201797,1.090503,-2.148806,0.948483,-1.633088
311,16.920000,2.724425,-0.047481,2.256347,1.793243,-0.588915,-1.491801,-1.856798,0.319946,-0.985471,-1.551490,-0.484315,1.580162,1.180002,-1.324826,1.138419,-2.109873
312,16.940000,2.874574,0.051421,1.977265,2.569082,-0.467308,-1.445270,-2.527224,0.296161,-1.082288,-1.700398,-0.482202,1.788111,1.404822,-0.755812,1.388466,-2.415102
313,16.960000,3.231835,0.067252,1.560952,2.466013,-0.259366,-1.059300,-2.257326,0.206705,-1.061767,-1.896621,-0.368889,2.190529,1.617182,-0.183019,1.426784,-2.445282
314,16.980000,3.271040,0.111002,1.353789,1.790581,-0.135903,-0.621691,-1.375712,0.201153,-0.792387,-1.983991,-0.369007,2.316399,1.844312,0.369484,1.437708,-2.282876
315,17.000000,3.113904,0.084721,1.104671,1.013803,0.092345,-0.188348,-0.118900,0.324787,-0.308111,-2.106357,-0.459629,2.240211,1.952099,0.594100,1.387553,-2.006932
316,17.020000,3.157565,0.165822,0.804227,-0.280031,0.051455,-0.077673,1.216911,0.496400,0.318277,-2.277742,-0.641093,1.779802,2.149119,0.431181,1.452346,-1.492357
317,17.040000,3.190878,0.210367,0.494898,-1.828856,-0.270834,-0.212522,2.836285,0.826355,1.519427,-2.956286,-0.683486,0.664351,2.382281,-0.111029,1.142566,-0.429629
318,17.060000,3.478993,0.257120,-0.355026,-3.120852,-0.683483,-0.104505,4.115518,0.866477,2.377764,-3.837303,-0.516288,-0.751291,2.551598,-0.679702,0.713024,1.180955
319,17.080000,2.736541,0.443501,-0.723294,-3.076509,-0.729393,0.186061,3.965666,0.832379,2.629463,-3.196618,0.018860,-0.868506,2.539586,-0.555571,0.397124,2.480287
320,17.100000,0.927061,0.677922,-0.264748,-2.275055,-0.312795,-0.048142,3.497539,0.874664,2.398913,-1.924596,0.496145,-0.058281,2.064232,-0.223942,0.338900,2.166580
321,17.120000,-1.172493,0.728305,0.118621,-1.908403,0.196487,-0.312395,3.311831,1.009282,1.793357,-0.239942,0.545944,0.413822,1.830753,-0.080935,1.072792,1.384243
322,17.140000,-1.541027,0.889924,0.654291,-1.431221,0.664378,-0.366456,2.802996,1.071567,1.351337,0.436098,0.344798,1.312425,2.267284,0.399470,1.860985,0.303406
323,17.160000,-1.671972,1.075814,1.873556,0.390608,0.907172,-0.821444,1.438795,1.188094,1.222473,0.274466,0.185900,2.456527,2.678205,0.604398,2.221463,-1.357420
324,17.180000,-1.434081,1.346044,3.223031,3.378268,0.755560,-1.380596,-1.417149,1.177080,0.415873,-0.031886,-0.185707,2.758132,3.129977,-0.345759,2.665750,-3.164352
325,17.200000,0.050749,1.642068,2.867558,5.159686,0.267854,-1.232079,-4.162514,0.828985,-0.487285,0.018660,-0.517078,2.192628,3.011423,-1.356272,2.592751,-3.691154
326,17.220000,1.427055,1.058803,1.976100,4.544826,-0.027858,-0.873533,-3.996221,0.338684,-0.825225,-0.870776,-0.256533,1.709595,2.175732,-1.652151,2.055826,-2.621459
327,17.240000,2.554644,0.452557,1.608631,2.557876,0.305277,-0.224142,-2.253709,-0.196630,-0.696181,-1.703106,0.287260,1.780988,1.233732,-1.242761,1.597659,-1.190733
328,17.260000,2.987702,0.109099,1.243745,0.746634,0.380934,0.338724,-0.241527,-0.205428,0.121897,-2.415343,-0.057649,1.268557,0.480836,-0.561461,1.275715,-0.377836
329,17.280000,3.606611,0.014795,0.481710,-1.028724,0.168763,0.622526,1.530456,0.016274,1.243865,-2.740620,-0.301776,0.662020,0.070024,-0.254375,0.866016,0.495571
330,17.300000,4.060548,0.153643,-0.136489,-3.196997,-0.440360,0.157491,2.909798,0.600869,2.072944,-2.697969,-0.259774,-0.370702,0.353987,-0.643592,0.768280,1.616338
331,17.320000,4.240448,0.428451,-0.591392,-4.554570,-0.750496,-0.037316,3.814808,1.025095,2.415615,-2.208366,-0.059561,-0.382919,1.169224,-1.467502,1.051574,2.105971
332,17.340000,3.401408,0.580748,-0.689276,-5.061321,-0.916178,-0.360922,4.286705,1.257710,2.293160,-1.144831,0.027617,-0.291744,1.641974,-2.561441,1.565697,1.749208
333,17.360000,2.898512,0.558410,-0.103604,-5.200075,-0.861212,-0.658831,4.167338,1.162233,1.832705,-0.527964,0.229604,0.133015,1.602594,-3.290262,1.877432,0.789859
334,17.380000,2.512900,0.474079,0.353277,-4.859011,-0.730490,-0.658673,3.598412,0.956760,1.326020,-0.152054,0.287773,0.584868,1.538678,-3.545431,2.104247,-0.326050
335,17.400000,2.635074,0.230912,1.555144,-3.906257,-0.694860,-0.800869,2.377960,0.510369,0.495342,-0.344083,0.100608,0.950609,1.574659,-3.407205,2.075921,-1.177111
336,17.420000,2.357185,0.131139,2.733977,-2.302869,-0.552089,-0.973193,0.748581,0.419395,-0.015332,-0.608798,-0.090532,1.263660,1.623008,-2.785800,1.669668,-1.706698
337,17.440000,2.248331,0.133325,2.494288,0.006640,-0.530683,-1.014883,-1.075745,0.290871,-0.695931,-0.760521,-0.333162,1.279367,1.593426,-2.043488,1.347304,-1.890163
338,17.460000,2.317101,-0.071154,1.768067,2.098551,-0.488949,-0.906899,-2.246326,0.182475,-1.055836,-1.496961,-0.191071,1.391438,0.925642,-1.319095,1.248315,-1.941584
339,17.480000,2.490490,-0.209677,1.429452,2.727461,-0.340276,-0.901608,-2.538908,0.146575,-0.950779,-2.302788,0.005014,1.512138,0.490741,-0.680651,1.321199,-1.765771
340,17.500000,2.601570,-0.262815,1.261971,2.420939,-0.203286,-0.665788,-1.976472,0.192133,-0.761098,-2.629898,-0.045495,1.760267,0.825046,-0.110970,1.142271,-1.706937
341,17.520000,2.557123,-0.244063,1.275847,1.726878,0.076820,-0.370046,-1.059815,0.317170,-0.479835,-2.619884,-0.187128,1.946766,1.303075,0.323740,0.939693,-1.566239
342,17.540000,2.437499,-0.068186,1.300745,0.811509,0.134609,-0.218489,-0.188621,0.439492,-0.171205,-2.232515,-0.417173,1.951203,1.826132,0.411863,1.053557,-1.364647
343,17.560000,2.372933,0.057336,1.196361,-0.102178,0.140518,-0.241824,0.625368,0.609956,0.266750,-1.807820,-0.523407,1.812559,2.363393,0.089819,1.276958,-1.041190
344,17.580000,2.655655,0.298481,0.908571,-1.065662,-0.003228,-0.267406,1.319439,0.698396,0.585570,-1.599119,-0.562402,1.634817,2.763696,-0.262655,1.498446,-0.678086
345,17.600000,2.986503,0.389121,0.554468,-1.966639,-0.245230,-0.331571,1.861967,0.808765,0.974754,-1.658726,-0.513724,1.232121,2.851961,-0.758718,1.552307,-0.459017
346,17.620000,3.217262,0.414081,0.182026,-2.689367,-0.533647,-0.402577,2.471864,0.821519,1.366870,-1.975815,-0.483628,0.618933,2.628194,-1.448857,1.427669,-0.254837
347,17.640000,3.066424,0.400684,-0.093225,-3.072191,-0.780862,-0.362116,3.104658,0.833691,1.743126,-2.444825,-0.335104,-0.123597,2.352169,-1.957049,1.106834,0.306117
348,17.660000,2.552532,0.486648,-0.039870,-3.133018,-0.883443,-0.355636,3.487129,0.789306,1.815317,-2.436130,-0.088740,-0.494828,2.071917,-2.015265,0.838972,0.958538
349,17.680000,1.165861,0.528396,0.209702,-2.557933,-0.721938,-0.465162,3.725916,0.774651,1.793565,-1.781875,0.205838,-0.380883,1.852532,-1.877286,0.693391,1.226036
350,17.700000,0.099646,0.563332,0.804303,-2.118368,-0.483756,-0.637193,3.648562,0.832973,1.537620,-1.273977,0.343783,-0.013246,1.803602,-1.515822,0.881718,0.998736
351,17.720000,-0.560990,0.788262,1.459410,-1.522664,-0.199697,-0.676162,2.661592,0.800674,0.881778,-0.450862,0.290628,0.791617,2.042036,-0.876039,1.491504,0.325799
352,17.740000,-0.942990,1.050557,2.586531,0.481859,0.207933,-1.064826,0.673073,0.885540,0.479596,-0.087294,0.034059,1.893297,2.485841,-0.215126,1.750163,-1.117590
353,17.760000,-0.902759,1.332202,3.645520,3.676030,0.233324,-1.668109,-2.221809,0.949996,-0.152615,-0.381449,-0.273025,2.444580,2.600837,-0.627960,1.949205,-3.199920
354,17.780000,0.270188,1.413636,3.054567,5.291300,0.047477,-1.393580,-4.353101,0.660413,-0.848798,-0.505520,-0.464983,1.821110,2.414616,-1.474606,2.033533,-3.901930
355,17.800000,1.486046,0.811413,2.112422,4.159627,0.037576,-0.852439,-3.551353,0.194801,-0.853281,-1.500423,-0.116520,1.475322,1.768951,-1.526013,1.708882,-2.878359
356,17.820000,2.761689,0.313337,1.496349,2.008422,0.547152,0.041920,-1.785332,-0.210906,-0.651805,-1.947947,0.151498,1.721214,1.031962,-0.896006,1.408912,-1.504307
357,17.840000,3.173202,0.145971,1.230367,0.177628,0.533989,0.752373,0.080318,0.101297,0.396097,-2.195407,-0.171592,1.353037,0.550193,-0.275142,1.304778,-0.662640
358,17.860000,4.048955,0.093060,0.131670,-1.829687,0.252905,0.877047,1.635391,0.335345,1.288288,-2.121265,-0.454460,0.874009,0.543471,-0.158713,1.267102,0.468001
359,17.880000,4.370049,0.225736,-0.354788,-3.537121,-0.270112,0.088825,2.673692,0.870552,2.008169,-2.242312,-0.158852,0.254167,0.871416,-0.529343,1.219066,1.498499
360,17.900000,4.079174,0.630963,-0.651051,-4.660510,-0.782434,-0.245848,3.871626,1.293067,2.582123,-1.887604,-0.184306,-0.161725,1.579961,-1.761292,1.482793,1.554963
361,17.920000,3.231570,0.614626,-0.677676,-4.877953,-0.849402,-0.614482,4.484915,1.449961,2.445015,-1.277637,-0.025609,-0.275796,1.885104,-3.075625,1.718072,1.060994
362,17.940000,2.877231,0.627584,-0.017904,-5.068825,-0.850337,-0.762498,4.495816,1.259436,1.984727,-0.860451,0.073472,-0.066357,1.728190,-3.805866,1.853676,0.318728
363,17.960000,1.924731,0.412078,0.485749,-4.359155,-0.734102,-0.786117,4.178176,1.057073,1.536448,-0.521042,0.137663,0.122700,1.605376,-4.126220,1.938623,-0.425663
364,17.980000,1.588464,0.232466,1.480606,-3.459835,-0.740437,-0.812696,3.222174,0.863179,0.890823,-0.657599,0.014987,0.389691,1.703181,-4.110386,1.941309,-0.916110
365,18.000000,1.458488,0.191274,2.568189,-1.931299,-0.717507,-0.998469,1.708555,0.576119,0.323246,-1.021302,-0.045440,0.944381,1.662909,-3.312274,1.651312,-1.435326
366,18.020000,1.287901,0.403157,2.639607,0.854205,-0.371678,-1.058149,-0.537499,0.495186,-0.274130,-1.354069,-0.079492,1.570142,1.493625,-2.084350,1.255780,-2.010362
367,18.040000,1.271792,0.253442,2.216726,3.056745,-0.572212,-1.396752,-2.317103,0.412265,-0.760349,-1.861949,-0.209677,1.376441,1.200461,-1.521722,1.272274,-2.248011
368,18.060000,1.949016,0.016153,1.462616,3.508698,-0.285955,-1.177807,-2.731502,0.211396,-0.881161,-2.621342,0.068379,1.421445,0.739026,-1.073550,1.159643,-2.118531
369,18.080000,2.568722,-0.112601,1.074306,2.472121,-0.041845,-0.694496,-1.988599,0.150710,-0.682365,-2.734912,0.072223,1.484157,0.898569,-0.407081,0.859501,-1.668086
370,18.100000,2.899873,-0.151930,1.328583,1.363021,0.233046,-0.125514,-0.832264,0.272110,-0.389613,-2.548911,-0.162994,1.763784,1.112563,0.196427,0.591622,-1.400902
371,18.120000,2.927606,0.005908,1.063778,-0.136196,0.018246,0.216388,0.347398,0.418075,0.113176,-1.819249,-0.471992,1.670226,1.694452,0.251740,0.913431,-1.068876
372,18.140000,3.124403,0.120807,0.683251,-1.461380,0.016443,0.246606,1.194306,0.691073,0.502547,-1.291295,-0.520361,1.818206,2.414085,0.077703,1.382894,-0.746659
373,18.160000,3.436364,0.347844,0.293480,-2.553152,-0.186009,-0.084005,1.792926,0.875204,0.905683,-1.111171,-0.449451,1.736800,2.739593,-0.391582,1.726553,-0.551138
374,18.180000,3.378139,0.451046,-0.004930,-3.097084,-0.368301,-0.384877,2.349676,1.070928,1.368473,-1.222483,-0.412778,1.304052,2.648628,-1.184144,1.855785,-0.497769
375,18.200000,3.206564,0.478367,-0.196317,-3.505737,-0.595975,-0.572471,3.048551,1.179479,1.699649,-1.596763,-0.401749,0.658774,2.446293,-2.110612,1.900905,-0.407720
376,18.220000,2.570833,0.377644,-0.175106,-3.525742,-0.759337,-0.710128,3.956404,1.230341,2.041986,-2.067004,-0.391815,-0.281569,2.253439,-2.862567,1.716893,0.032779
377,18.240000,1.938458,0.418040,-0.044384,-3.546035,-0.865238,-0.629468,4.455396,1.106400,2.013265,-2.029039,-0.182650,-0.654651,2.064291,-3.142624,1.417246,0.568837
378,18.260000,1.014322,0.474980,0.410390,-3.297150,-0.958626,-0.702147,4.470082,1.001060,1.806991,-1.485973,0.114006,-0.427202,1.913588,-2.898551,1.407771,0.695172
379,18.280000,0.250417,0.498096,0.997690,-2.753565,-0.722176,-0.808420,3.922599,0.943402,1.506314,-1.115873,0.301609,0.149815,1.800537,-2.390205,1.585280,0.266750
380,18.300000,-0.291885,0.628331,1.483369,-1.678933,-0.457269,-0.803949,2.360196,0.847940,0.835555,-0.309374,0.284970,1.121254,1.865845,-1.600990,1.903137,-0.607233
381,18.320000,-0.536692,0.722444,2.656693,1.493909,-0.039315,-1.474724,-0.135529,0.980643,0.451682,-0.875142,0.177279,2.199197,1.946890,-0.786190,1.911626,-2.095726
382,18.340000,-0.187891,0.865123,3.121467,4.832666,-0.036767,-1.868762,-3.238535,0.894473,-0.302690,-1.432176,-0.246304,2.045385,1.889687,-1.208095,1.868093,-3.583841
383,18.360000,1.212394,0.745984,2.206923,5.331371,-0.025557,-1.332309,-4.170486,0.415136,-0.904592,-2.043188,-0.130812,1.415342,1.528174,-1.584177,1.665026,-3.362608
384,18.380000,2.580073,0.273474,1.812966,3.441613,0.278864,-0.735096,-3.092279,0.161016,-0.716995,-2.457540,0.133195,1.471461,1.226943,-1.094315,1.171091,-2.086612
385,18.400000,3.443105,-0.047956,1.223758,1.388696,0.684434,0.475319,-1.025015,-0.150657,-0.556973,-2.388406,-0.010142,1.847450,0.795595,-0.197789,0.916743,-1.218535
386,18.420000,3.848753,-0.000894,0.767223,-0.431433,0.654610,1.066288,0.637226,0.102637,0.471589,-2.029498,-0.364410,1.812492,0.644543,0.279432,1.052351,-0.496413
387,18.440000,4.572319,-0.034344,-0.145599,-2.415611,0.186276,0.804209,1.796467,0.412144,0.977290,-1.772507,-0.490079,1.180009,0.734410,0.170014,1.281883,0.351805
388,18.460000,4.369912,0.233676,-0.468898,-4.008210,-0.358692,-0.009213,3.179328,1.078488,2.090711,-1.917866,-0.234533,0.526306,1.384585,-0.819881,1.510041,1.052860
389,18.480000,3.986148,0.456919,-0.796260,-5.022120,-0.735008,-0.377694,4.363123,1.467973,2.536294,-1.839211,-0.259508,-0.143936,1.987979,-2.386022,1.853651,1.042817
390,18.500000,3.692042,0.514400,-0.682394,-5.452619,-0.877562,-0.648035,4.763906,1.451666,2.361704,-1.503234,-0.130596,-0.308333,2.071790,-3.519800,1.998023,0.733818
391,18.520000,2.489641,0.481086,-0.260532,-4.853210,-0.921409,-0.829787,4.864554,1.278391,2.279484,-0.973464,0.004511,-0.427551,1.857634,-4.222639,1.881448,0.219992
392,18.540000,1.956903,0.383045,0.435605,-4.499099,-0.978810,-0.833879,4.670953,1.057045,1.763038,-0.834366,0.174581,-0.246584,1.756327,-4.391129,1.804291,-0.128843
393,18.560000,1.788859,0.297259,1.289486,-3.834775,-0.996479,-0.681718,3.713898,0.701894,1.090786,-0.926024,0.283638,0.261920,1.616346,-3.951716,1.714487,-0.508550
394,18.580000,1.515012,0.252067,1.846040,-2.477679,-0.855881,-0.610171,2.010394,0.454526,0.441855,-0.728722,0.220847,0.846834,1.518517,-2.946178,1.524379,-0.888398
395,18.600000,1.076920,0.193437,2.272670,-0.218824,-0.509035,-0.896360,0.383001,0.455664,0.188094,-1.253981,0.220013,1.472627,1.283965,-1.611487,1.096912,-1.386196
396,18.620000,1.006306,0.077932,1.918467,2.160880,-0.359657,-1.157063,-1.253860,0.355192,-0.457664,-1.806296,0.146858,1.647252,0.845184,-1.011415,1.050685,-1.892136
397,18.640000,1.229914,0.126161,1.840353,3.654382,-0.281393,-1.339033,-2.563712,0.369834,-0.724357,-2.461927,0.097737,1.710536,0.956933,-0.777742,1.308619,-2.248357
398,18.660000,1.812784,0.075849,1.458961,3.624606,-0.171539,-1.105441,-2.674552,0.291589,-0.743764,-2.637806,-0.001165,1.690077,1.266500,-0.655077,1.239672,-2.268039
399,18.680000,2.473142,0.060258,1.487483,2.586080,0.241868,-0.695940,-2.041350,0.311655,-0.667756,-2.527205,0.043304,1.915259,1.620131,-0.169358,1.093847,-1.818534
400,18.700000,2.870337,0.034697,1.221237,1.106413,0.496685,-0.060161,-0.761101,0.343128,-0.260630,-2.025030,-0.090269,2.066573,1.757673,0.211605,0.998190,-1.272727
401,18.720000,3.326391,0.126348,0.800792,-0.486805,0.388194,0.515608,0.443903,0.453121,0.295278,-1.446927,-0.236367,2.272743,2.045198,0.243404,1.402294,-0.934295
402,18.740000,3.627680,0.158249,0.129713,-2.026275,0.120901,0.325305,1.359369,0.660060,0.752158,-1.031626,-0.405899,2.026014,2.357605,-0.047392,1.895209,-0.784629
403,18.760000,3.697705,0.380543,-0.144410,-3.272335,-0.197055,-0.107833,2.234736,1.002794,1.437835,-1.119072,-0.406841,1.619251,2.481654,-0.746822,2.143349,-0.551465
404,18.780000,3.525427,0.433641,-0.416492,-3.936157,-0.450129,-0.400121,3.120608,1.177942,1.842789,-1.401883,-0.425437,0.788143,2.244746,-1.867764,2.218823,-0.503570
405,18.800000,2.870431,0.459773,-0.499489,-4.164105,-0.709298,-0.644157,4.202466,1.409780,2.370053,-1.754598,-0.445227,-0.252621,2.101422,-2.985963,2.111258,-0.080804
406,18.820000,1.838349,0.395294,-0.463324,-3.975516,-0.811481,-0.672747,4.918065,1.305065,2.423018,-1.603360,-0.312880,-0.824684,1.975438,-3.624933,1.785059,0.446379
407,18.840000,0.747436,0.388603,-0.055117,-3.332986,-0.720021,-0.613225,4.964750,1.091590,2.145539,-1.240939,0.118715,-0.470436,1.802342,-3.527816,1.421755,0.491555
408,18.860000,-0.053352,0.378963,0.631309,-3.083372,-0.803369,-0.652804,4.452442,0.922986,1.587949,-0.807044,0.386179,-0.212968,1.669626,-3.155097,1.622375,0.242583
409,18.880000,-0.330642,0.376513,1.550801,-2.033699,-0.438949,-0.656617,2.904866,0.726077,1.080844,-0.647113,0.512942,0.819840,1.682097,-2.122722,1.852107,-0.396948
410,18.900000,-0.579632,0.512539,2.155397,0.423223,-0.100121,-0.963266,0.421727,0.626326,0.347865,-0.345058,0.296425,1.679121,1.622528,-0.987080,1.781906,-1.441612
411,18.920000,-0.346235,0.653474,2.889819,3.929390,-0.012616,-1.708547,-2.608423,0.682165,-0.263171,-1.277562,0.080344,2.052894,1.573669,-0.822088,1.718677,-2.751745
412,18.940000,0.668871,0.701475,2.138939,5.386828,-0.144777,-1.464857,-4.174430,0.505637,-0.696540,-1.788674,-0.043371,1.365395,1.449053,-1.318609,1.609027,-3.206243
413,18.960000,2.145069,0.232796,1.731269,4.229713,0.079519,-1.028729,-3.670799,0.161325,-0.762463,-2.455208,0.119527,1.300580,1.178210,-1.108798,1.166097,-2.365599
414,18.980000,3.143114,0.064124,1.387925,1.851126,0.414070,-0.104076,-1.876610,0.024982,-0.526202,-2.284006,0.071916,1.452991,1.164013,-0.260372,0.740134,-1.325434
415,19.000000,3.635453,-0.056427,1.108334,0.195273,0.657458,0.859216,-0.153635,0.072979,0.086730,-1.955107,-0.214647,1.875271,0.931245,0.299571,0.783437,-0.687371
416,19.020000,4.203758,-0.029103,0.217496,-1.654876,0.441678,1.005286,1.099050,0.356565,0.792451,-1.489052,-0.425526,1.601568,1.131125,0.299194,1.212072,0.103115
417,19.040000,4.670058,0.031414,-0.357985,-3.243425,0.072667,0.239148,1.887833,0.682328,1.074458,-1.428140,-0.175621,1.294163,1.239319,-0.122238,1.474583,0.801139
418,19.060000,4.480211,0.338280,-0.536362,-4.462127,-0.450287,-0.210774,3.100070,1.155375,1.902452,-1.336689,-0.117624,0.988150,1.674265,-1.424451,1.868889,0.768882
419,19.080000,4.296131,0.396509,-0.634304,-5.187586,-0.686907,-0.515872,3.848131,1.386213,2.048556,-1.242769,-0.141493,0.556142,1.997116,-2.737756,2.313228,0.228863
420,19.100000,3.947140,0.404020,-0.403613,-5.435908,-0.914056,-0.756988,4.218474,1.263962,1.961793,-1.127685,-0.312189,0.009341,1.882960,-3.873223,2.380347,-0.153604
421,19.120000,3.020552,0.410170,-0.024330,-4.801472,-0.987708,-0.839195,4.521391,1.151098,1.839997,-1.163638,-0.245015,-0.320746,1.760269,-4.539263,2.081519,-0.274824
422,19.140000,2.742469,0.224475,0.549594,-4.374510,-1.227765,-0.833369,4.250507,0.694073,1.030413,-1.123257,-0.106390,-0.285449,1.543061,-4.710303,1.793009,-0.280151
423,19.160000,2.141610,0.084338,1.655848,-3.412206,-1.262338,-0.913849,3.444771,0.605221,0.734609,-1.308481,0.005531,0.098797,1.345640,-4.118137,1.478491,-0.361039
424,19.180000,1.707000,0.037300,2.179561,-2.014320,-1.033673,-0.912711,2.153392,0.491824,0.368090,-1.372934,0.062137,0.813219,1.224887,-3.078135,1.161602,-0.727958
425,19.200000,1.385764,0.043995,2.263390,0.031975,-0.686331,-1.090102,0.524028,0.424768,-0.044246,-1.560430,0.043546,1.442144,1.134704,-1.726421,0.945790,-1.190828
426,19.220000,1.279654,0.089078,2.183493,2.241541,-0.443781,-1.409471,-1.275475,0.418446,-0.477192,-1.909738,0.018316,1.814309,0.920720,-0.879442,1.034985,-1.891685
427,19.240000,1.552457,0.124453,1.889737,3.594382,-0.289377,-1.504315,-2.603001,0.372800,-0.809214,-2.235684,0.038488,1.932903,1.186536,-0.603840,1.364394,-2.329018
428,19.260000,2.340283,0.136426,1.477106,3.455813,-0.080274,-1.167685,-2.754178,0.241847,-0.863263,-2.334631,0.029048,2.062505,1.514849,-0.342053,1.384410,-2.347001
429,19.280000,3.007488,0.170123,1.466565,2.368946,0.299637,-0.640495,-2.123811,0.281421,-0.662609,-2.083159,0.078937,2.330886,1.835029,0.153036,1.303038,-1.934918
430,19.300000,3.275663,0.115067,1.024093,1.147068,0.393553,0.110730,-0.697903,0.207411,-0.379391,-1.739635,-0.175142,2.529690,1.925817,0.391845,1.346919,-1.549422
431,19.320000,3.625591,0.120519,0.664113,-0.335663,0.463721,0.539349,0.442874,0.361382,0.132951,-1.443882,-0.317485,2.489937,1.923790,0.355827,1.568057,-1.167292
432,19.340000,3.607373,0.237943,0.164296,-1.954346,0.035392,0.238572,1.709735,0.744640,1.062642,-1.336752,-0.433574,1.850744,2.251528,-0.120289,1.803125,-0.667186
433,19.360000,3.665403,0.221146,-0.406177,-3.456520,-0.402294,-0.194761,3.015957,0.957923,1.585354,-1.684990,-0.691116,0.703109,2.268113,-1.309768,1.950287,-0.315032
434,19.380000,3.661438,0.394112,-0.640421,-4.401220,-0.718864,-0.387818,4.077873,1.244531,2.295395,-2.289024,-0.521986,-0.249825,2.152497,-2.354422,1.806292,0.250133
435,19.400000,3.068497,0.525974,-0.637233,-4.514102,-0.869965,-0.530850,4.627753,1.258605,2.546657,-2.109223,-0.232434,-0.686814,2.138036,-2.965745,1.685223,0.812830
436,19.420000,1.228667,0.500467,-0.406560,-3.822746,-0.781866,-0.615376,4.779953,1.147645,2.381647,-1.018762,0.135211,-0.471447,1.903192,-3.170386,1.551003,0.817716
437,19.440000,-0.171511,0.488276,0.192468,-3.219247,-0.635349,-0.735730,4.816312,1.061584,2.018406,-0.520980,0.421813,-0.237690,1.691215,-3.013682,1.606974,0.456515
438,19.460000,-0.626082,0.369824,0.646167,-2.853692,-0.423025,-0.600969,4.059739,0.959895,1.420285,-0.295674,0.494716,0.192342,1.693963,-2.596091,2.077098,-0.094376
439,19.480000,-0.720569,0.540555,1.581146,-1.147910,-0.041032,-0.674884,2.304831,0.815355,1.165511,-0.480654,0.545255,1.411741,1.733266,-1.523302,2.108670,-0.954621
440,19.500000,-0.908238,0.592919,2.491337,2.134318,0.106269,-1.343421,-0.226842,0.877068,0.618154,-1.248933,0.329770,2.042850,1.621601,-0.961512,1.968654,-2.229106
441,19.520000,-0.258455,0.763222,2.722359,4.941089,-0.024113,-1.630865,-2.994948,0.698664,-0.189532,-1.958039,0.043478,1.804751,1.442458,-1.307675,1.638950,-3.152905
442,19.540000,1.117740,0.573466,2.031456,5.152988,0.021481,-1.287975,-4.026070,0.474290,-0.566323,-2.300503,0.057075,1.129652,1.188189,-1.506626,1.193342,-2.850147
443,19.560000,2.542578,0.205078,1.674191,3.444003,0.322133,-0.724408,-3.137341,0.178849,-0.675559,-2.397343,0.236946,1.277473,1.101949,-0.940980,0.615462,-1.757690
444,19.580000,3.247204,-0.076103,1.377805,1.409642,0.573980,0.176494,-1.316320,0.030097,-0.395934,-2.079698,-0.056326,1.524608,1.008347,-0.139060,0.445255,-0.831322
445,19.600000,3.934499,-0.225728,0.841250,-0.268281,0.613140,1.105956,0.100353,0.001564,0.020441,-1.544926,-0.304659,1.912221,0.798226,0.220533,0.775307,-0.316881
446,19.620000,4.382825,-0.221999,0.186612,-1.888368,0.296620,0.774373,1.069396,0.389875,0.581670,-1.209119,-0.294496,1.553234,0.966227,0.119129,1.131214,0.386734
447,19.640000,4.619971,-0.004603,-0.221017,-3.476732,-0.130339,0.249980,2.160962,0.852219,1.140517,-1.093446,-0.194798,1.474187,1.632553,-0.648486,1.719970,0.735325
448,19.660000,4.746169,0.140409,-0.470700,-4.521000,-0.414975,-0.204174,2.942152,1.108970,1.519618,-1.088677,-0.159360,1.276066,1.913907,-1.745263,2.141346,0.359347
449,19.680000,4.358309,0.284955,-0.346283,-4.723438,-0.591878,-0.540241,3.475834,1.328350,1.839603,-1.071751,-0.167124,0.861854,1.856134,-2.769351,2.267964,-0.099965
450,19.700000,3.972156,0.255780,-0.241103,-4.807418,-0.820031,-0.717635,3.770412,1.101302,1.604606,-1.105530,-0.292170,0.214456,1.614403,-3.803933,2.261543,-0.452398
451,19.720000,3.760655,0.300318,0.351107,-4.649758,-0.986368,-0.768844,3.898299,1.056955,1.496353,-1.346359,-0.262284,0.078559,1.674060,-4.138162,2.038384,-0.517069
452,19.740000,3.150294,0.091997,0.991184,-4.255642,-1.206178,-0.956989,3.568709,0.828706,1.183004,-1.336870,-0.324404,-0.163418,1.528267,-4.194697,1.861674,-0.458943
453,19.760000,2.769048,-0.067952,1.959714,-3.302910,-1.158216,-1.031427,2.634524,0.646422,0.743927,-1.535170,-0.298381,0.211602,1.397170,-3.807671,1.532932,-0.540457
454,19.780000,2.348477,-0.145259,2.466438,-1.905694,-1.016730,-1.137043,1.295489,0.504433,0.251635,-1.542675,-0.261690,0.664361,1.289948,-3.100484,1.169209,-0.944748
455,19.800000,2.020980,-0.100744,2.626959,0.177274,-0.829309,-1.279896,-0.447598,0.416660,-0.311462,-1.648508,-0.285080,1.170076,1.176348,-1.992742,1.132360,-1.474663
456,19.820000,1.809335,0.031641,2.445929,2.488978,-0.610280,-1.493179,-2.052214,0.435915,-0.770445,-2.076596,-0.263460,1.467710,1.042489,-1.194583,1.315688,-2.107912
457,19.840000,1.930171,0.062029,1.874454,3.580811,-0.436123,-1.470982,-2.757201,0.396182,-0.936489,-2.463956,-0.159330,1.586166,1.141339,-0.919537,1.523100,-2.457312
458,19.860000,2.417893,-0.034192,1.747817,3.216552,-0.147259,-1.086024,-2.538495,0.366066,-0.779239,-2.732331,-0.062398,1.786182,1.460184,-0.525673,1.451709,-2.391636
459,19.880000,2.705652,-0.074565,1.510224,1.956588,0.286360,-0.433262,-1.318006,0.451575,-0.432081,-2.541801,-0.136003,1.929186,1.772400,-0.143104,1.265200,-2.033859
460,19.900000,3.068247,-0.036484,1.312733,0.287900,0.381404,0.381141,0.124904,0.655590,0.294719,-2.121060,-0.248372,2.102114,2.177453,-0.040868,1.357195,-1.461666
461,19.920000,3.526207,0.026018,0.448310,-1.734007,0.096024,0.631090,1.458034,0.909733,1.101354,-1.631139,-0.532742,1.689540,2.676166,-0.205969,1.732998,-0.928837
462,19.940000,3.833927,0.198533,-0.265287,-3.385854,-0.178103,0.174663,2.682899,1.357229,2.083325,-1.665511,-0.545557,1.118679,2.978060,-0.654108,1.937240,-0.355408
463,19.960000,3.991869,0.399355,-0.629118,-4.300753,-0.480759,-0.132824,3.626403,1.610029,2.758908,-2.013451,-0.480223,0.427696,3.001688,-1.309611,1.898781,-0.020456
464,19.980000,2.903824,0.480273,-0.709476,-3.878215,-0.605918,-0.410769,4.508053,1.705671,3.132772,-2.043390,-0.364166,-0.326713,2.816759,-2.050696,1.599410,0.483999
465,20.000000,1.580569,0.526028,-0.325927,-3.267268,-0.644845,-0.613759,5.063373,1.619225,2.993033,-1.694685,-0.144845,-0.591012,2.410186,-2.644386,1.126676,0.775787
466,20.020000,-0.296488,0.522324,0.243447,-2.261672,-0.504891,-0.703933,5.414889,1.389770,2.635681,-1.171784,0.153193,-0.517149,2.005759,-2.690079,0.761851,0.586596
467,20.040000,-1.077700,0.557885,0.723078,-2.078160,-0.288027,-0.474935,5.122858,1.236304,1.983179,-0.995007,0.305356,-0.240755,1.849092,-2.433275,1.102765,0.194725
468,20.060000,-1.322361,0.262097,1.285088,-1.332458,-0.043663,-0.413484,3.722354,1.030183,1.305755,-0.917391,0.390517,0.483700,1.823565,-1.891332,1.734818,-0.466872
469,20.080000,-1.643770,0.661452,2.178719,1.417847,0.187858,-0.972464,1.634963,0.968217,1.001493,-1.379943,0.437599,1.782677,1.681133,-0.849537,1.969993,-1.558859
470,20.100000,-1.542854,0.565502,2.610251,4.784956,0.213518,-1.588491,-1.022342,0.937190,0.101337,-2.309937,0.157762,1.893107,1.573448,-1.037094,2.157913,-2.904391
471,20.120000,-0.656750,0.766409,2.472507,6.024171,-0.020649,-1.535999,-2.866556,0.830796,-0.189463,-2.848221,-0.125354,1.248446,1.728963,-1.562582,1.912828,-3.315571
472,20.140000,0.968585,0.411281,2.026447,4.686677,0.114167,-0.935533,-2.760411,0.514621,-0.332557,-2.815987,0.183778,1.003103,1.439873,-1.679382,1.047093,-2.354416
473,20.160000,2.356529,-0.045554,1.957502,2.142496,0.412217,-0.310035,-1.526764,0.329957,-0.138356,-2.169789,0.181161,1.026301,1.301829,-1.067269,0.432723,-0.950935
474,20.180000,3.490262,-0.175315,1.302815,-0.008923,0.705575,0.613662,0.110232,0.340337,0.500415,-1.714582,-0.109748,1.355209,1.180038,-0.421322,0.659669,0.001864
475,20.200000,4.196746,-0.165406,0.312177,-1.950664,0.452018,0.835057,1.270213,0.535910,1.098388,-1.210340,-0.317675,1.131458,1.442071,-0.210182,1.318429,0.764495
476,20.220000,5.135675,-0.411373,-0.542803,-2.363522,0.428695,1.174240,0.961052,0.548034,1.330435,-1.621047,0.057765,0.516437,0.702798,0.576873,0.842094,1.965113
477,20.240000,5.095421,-0.363541,-0.356974,-1.841869,0.468781,1.071694,0.128387,0.440264,1.771000,-1.538578,0.542817,0.520407,-0.301685,1.453591,-0.405254,2.692273
478,20.260000,4.173199,0.113232,0.191260,-1.948067,0.030420,0.539862,0.462900,0.752309,2.097500,-1.060880,0.708592,0.602742,-0.470904,1.400913,-0.738400,2.913795
479,20.280000,3.436924,0.143603,0.554118,-2.388282,-0.065378,0.770387,0.784157,0.739509,1.757222,-0.502468,0.545843,0.546343,-0.284500,1.256542,-0.673045,2.686456
480,20.300000,2.706333,0.308397,0.559546,-2.831941,-0.003042,0.789322,1.199683,0.623667,1.528934,0.054531,0.466116,0.575603,-0.132091,1.034756,-0.379122,2.047878
481,20.320000,2.231385,0.311684,0.504791,-3.123271,-0.062329,0.819472,1.415249,0.456918,0.965923,0.439784,0.309924,0.627085,0.135480,0.642017,0.120807,1.296433
482,20.340000,2.046631,0.155406,0.524509,-2.993566,-0.095592,0.906345,1.388596,0.197718,0.498142,0.515175,0.217182,0.692920,0.188551,0.495081,0.584562,0.710744
483,20.360000,1.896345,0.115061,0.540311,-2.864523,-0.205227,0.846788,1.221982,0.049329,0.390966,0.487219,0.104539,0.528360,0.040288,0.308412,0.606301,0.307657
484,20.380000,1.596376,-0.126574,0.913762,-3.133495,-0.296110,0.778438,0.701873,-0.015205,0.914262,0.467102,-0.140591,-0.299807,-0.669652,-0.152296,0.020321,0.233426
485,20.400000,1.691564,-0.171021,0.780675,-3.533388,-0.438352,0.831741,0.274846,-0.064701,1.253009,0.706685,-0.170064,-0.704606,-1.030533,-0.521798,-0.458693,0.394810
486,20.420000,1.826549,-0.059609,0.537532,-4.183842,-0.555429,0.723367,-0.239000,-0.059719,1.912627,1.272211,-0.206107,-0.950770,-1.016338,-0.525538,-0.716709,0.782230
487,20.440000,2.142742,0.192418,0.095197,-5.300331,-0.663512,0.707925,-0.751910,0.068299,2.804831,2.257266,-0.288630,-1.178104,-0.644984,-0.270354,-0.654263,1.234654
488,20.460000,2.521309,0.361292,-0.681872,-6.286023,-0.741227,0.780870,-0.779637,0.338690,3.148960,3.244791,-0.255506,-1.155100,0.109558,-0.100264,-0.073535,1.391507
489,20.480000,2.436378,0.357155,-0.967319,-6.541542,-0.684301,0.674371,-0.621353,0.456683,3.258500,3.871147,-0.167479,-1.093529,0.433560,-0.101516,0.347856,1.177413
490,20.500000,2.192693,0.219152,-0.678864,-6.500459,-0.613106,0.485122,-0.418676,0.405930,3.346736,3.879579,-0.029579,-1.014890,0.447576,-0.103939,0.440989,0.865103
491,20.520000,1.610803,0.075793,0.110456,-5.888001,-0.534279,0.244320,-0.240277,0.239706,3.340461,3.377408,0.092698,-0.898783,0.385842,-0.069589,0.262037,0.571648
492,20.540000,1.237874,-0.195695,1.375753,-4.964762,-0.491755,0.037367,-0.129357,-0.044286,2.802567,1.871738,-0.010395,-0.714238,0.096529,-0.182175,0.078777,0.376370
493,20.560000,0.790519,-0.768134,2.728271,-2.911439,-0.667229,-0.269179,0.501485,-0.390741,1.251354,-1.321946,-0.100416,-0.237606,-0.644932,-0.317743,-0.049993,0.078014
494,20.580000,0.036705,-1.565285,3.120118,1.040253,-1.169967,-0.843829,1.331134,-0.507047,-0.409214,-6.109903,-0.066164,0.493501,-1.866367,-0.202612,0.246260,-0.415777
495,20.600000,-1.050329,-2.001337,3.454438,4.193904,-1.140362,-1.545752,0.989856,-0.103218,-0.629265,-9.384331,0.304845,1.158025,-1.666058,-0.141020,-0.432257,-0.992255
496,20.620000,-1.738694,-2.145927,3.111884,5.152846,-0.795182,-1.461335,0.693907,0.592334,-0.593817,-9.458769,0.013930,1.049164,-0.674725,-0.535562,-0.871037,-1.281050
497,20.640000,-1.375895,-2.187944,2.950778,5.073818,-0.060700,-0.737065,1.514811,0.794506,-0.922142,-9.083521,-0.233386,0.577386,-0.950109,-1.475014,-0.912582,-0.417685
498,20.660000,0.146124,-2.215976,2.081741,3.098379,0.467107,0.092481,2.281508,1.161669,-0.895258,-7.023301,-0.653734,0.020098,-1.751530,-2.830416,-1.041060,0.420959
499,20.680000,3.035752,-1.527816,-0.368302,-1.681031,0.417147,1.059749,2.436941,1.390839,0.026258,-2.906944,-1.083174,-0.640413,-1.704509,-3.603325,-1.040397,1.232995
500,20.700000,4.472600,-0.716288,-0.992742,-4.597425,0.188914,1.179257,0.535533,0.640180,1.434642,0.579361,-0.863278,-0.978043,-1.076787,-3.339436,-1.805748,0.707598
501,20.720000,3.692728,-0.411596,-0.692199,-4.780972,0.343220,1.092572,-0.943155,0.425599,1.455020,2.871827,-0.559088,-0.774841,-1.162728,-2.847219,-2.349096,1.084808
502,20.740000,1.749351,0.059003,-0.657578,-5.635692,-0.040057,1.156012,-0.801925,0.414334,1.371438,5.084020,0.049458,-1.040652,-2.238490,-2.873788,-2.584929,0.978267
503,20.760000,1.434642,-0.165760,-0.853363,-6.068097,-0.715679,1.912475,-0.382817,-0.094588,0.998968,5.834753,0.189022,-1.511950,-3.407315,-2.892471,-2.228417,-0.002465
504,20.780000,1.601339,-0.313465,-0.383531,-4.807209,-0.668377,2.157969,-0.648247,-0.629660,0.500503,5.507688,0.271776,-1.160669,-4.252321,-2.016928,-1.954525,-0.622451
505,20.800000,1.381614,-0.708620,1.058590,-3.295904,-0.931888,1.643677,-0.270402,-0.982103,-0.152329,3.316348,0.161048,-0.784976,-4.326764,-1.741454,-1.988067,-1.377362
506,20.820000,0.285147,-1.388212,2.493696,-1.674632,-1.132337,0.529471,0.640731,-0.650584,-0.901590,0.387077,-0.329423,-0.533117,-3.949118,-2.261028,-2.046810,-2.380874
507,20.840000,-0.725882,-1.516603,2.973483,0.953557,-1.262423,-0.901688,1.290814,0.011965,-1.214465,-3.039733,-0.760648,0.142825,-4.392640,-2.692743,-1.846851,-3.675176
508,20.860000,-1.560632,-1.440523,3.310941,3.276487,-1.273867,-1.481525,1.080349,0.472906,-0.841241,-5.605757,-0.898980,0.365161,-5.050521,-3.663453,-1.813825,-4.848346
509,20.880000,-2.179942,-1.841985,3.078148,4.813294,-0.830998,-1.381123,0.917432,0.850707,-0.723820,-6.953971,-0.708063,0.613615,-4.060821,-4.672250,-1.609235,-5.711441
510,20.900000,-1.676133,-1.789301,2.616102,5.122466,-0.320587,-0.889761,1.157659,1.015677,-0.958254,-6.709050,-0.461313,0.645195,-3.265551,-5.171114,-1.489755,-5.178619
511,20.920000,-0.412209,-1.721356,2.031014,4.053910,0.264805,-0.169726,1.308013,1.140025,-0.964395,-5.464873,-0.638153,0.087074,-3.361182,-5.407595,-1.438925,-3.838062
512,20.940000,1.688105,-1.454547,0.167855,0.738926,0.236979,1.545372,1.604498,1.240576,-0.425214,-2.639587,-1.165238,-0.548420,-2.958535,-5.292900,-1.738785,-2.006938
513,20.960000,3.398011,-1.072651,-0.911233,-2.436052,0.327994,2.222862,1.060628,0.794217,0.412261,-0.182929,-1.104809,-0.735154,-2.553481,-4.524029,-2.220891,-1.235703
514,20.980000,3.533630,-0.922049,-0.404479,-3.052884,0.521981,1.214242,-0.127763,0.557534,0.402696,0.758887,-0.310915,-0.271568,-2.692971,-3.636861,-2.464900,-0.624118
515,21.000000,2.888408,-0.719720,-0.413015,-3.711234,-0.239852,1.749450,-0.080513,0.544822,0.343614,2.150182,-0.402968,-0.420430,-2.761072,-4.111290,-2.391535,-0.311609
516,21.020000,1.479866,-0.408685,-0.130821,-3.206816,-0.812649,1.864710,0.094595,0.294984,-0.083164,2.661913,0.033697,-0.452873,-3.127642,-4.187044,-2.495104,-0.925041
517,21.040000,0.565182,-0.266176,-0.260361,-2.241712,-1.192082,2.629830,-0.071113,-0.156277,-0.689973,2.743711,0.261885,-0.772062,-3.626245,-3.824341,-2.593187,-1.716883
518,21.060000,-0.934703,0.209176,0.076054,-0.990689,-1.548595,2.392520,0.156414,-0.267170,-0.698247,2.577354,0.335060,-0.992289,-3.188234,-3.425839,-3.003774,-2.562023
519,21.080000,-1.175572,-0.129160,-0.027038,-0.570832,-1.833829,1.951768,0.546498,-0.279720,-0.874746,1.850933,0.268053,-0.757527,-2.706594,-3.525599,-3.155200,-3.209263
520,21.100000,-0.838800,0.003194,0.225709,-0.340843,-1.541757,1.696428,0.413207,-0.042828,-0.732810,1.263563,0.051740,-0.448329,-2.468597,-3.421412,-3.228481,-3.513690
521,21.120000,0.072674,-0.183354,0.694328,-0.574697,-1.382721,1.124097,0.326042,0.147803,-0.763930,0.457741,-0.191539,-0.019403,-2.567456,-3.315056,-3.126874,-3.909042
522,21.140000,0.922107,-0.329459,0.668553,-0.646083,-0.779926,0.965729,-0.396080,0.316532,-0.851745,0.232154,-0.152238,0.246172,-2.747375,-2.889483,-3.040092,-3.666739
523,21.160000,1.451700,-0.172909,0.598591,-0.793028,-0.627593,0.994842,-0.669808,0.379367,-0.734392,0.284445,-0.228013,0.220349,-2.697309,-2.610769,-2.905956,-3.345332
524,21.180000,1.841145,-0.329170,0.276982,-0.896198,-0.577931,0.682965,-0.850396,0.328415,-0.690600,0.280337,-0.202390,0.121913,-2.519462,-2.622269,-2.670649,-3.112494
525,21.200000,2.492152,-0.292643,0.271662,-0.660066,-0.289051,0.958503,-1.323026,0.274049,-0.771755,0.445128,-0.136279,0.455649,-2.407767,-2.457964,-2.347322,-2.779933
526,21.220000,2.787346,-0.194651,0.423215,-0.698801,-0.217930,0.697127,-1.589847,0.358036,-0.704397,0.563942,-0.056195,0.666129,-2.238733,-2.242270,-2.065476,-2.659769
527,21.240000,3.180082,-0.264751,0.371309,-0.745007,-0.038489,0.403622,-1.838221,0.362937,-0.717715,0.669199,0.066936,1.165483,-1.968781,-2.017811,-1.760362,-2.529013
528,21.260000,3.500145,-0.123150,0.465665,-0.950890,0.090571,0.052692,-1.872352,0.436575,-0.489303,0.673398,0.151833,1.501002,-1.559522,-1.853923,-1.484256,-2.419831
529,21.280000,4.017033,-0.055620,0.563606,-1.191311,0.210950,-0.238800,-1.960616,0.356909,-0.495882,0.522172,0.299367,1.814532,-1.346948,-1.768583,-1.111508,-2.414497
530,21.300000,4.586276,-0.047612,0.494502,-1.075246,0.413733,-0.249098,-2.206387,0.183688,-0.638721,0.365618,0.601707,2.389622,-1.390788,-1.591290,-0.509670,-2.194654
531,21.320000,4.830391,0.050745,0.555014,-1.231844,0.468048,-0.478689,-2.167874,0.275901,-0.406954,0.217825,0.759774,2.605155,-1.239245,-1.365860,-0.186218,-1.864927
532,21.340000,4.865003,0.073339,0.319262,-1.165592,0.414265,-0.460741,-1.831494,0.089398,-0.485339,-0.042135,0.764892,2.743602,-1.300817,-1.273302,0.004578,-1.795607
533,21.360000,4.772164,0.169878,0.273208,-0.992116,0.509456,-0.142629,-1.462121,0.278083,-0.074712,-0.300221,0.915001,3.008881,-1.239779,-1.165871,-0.227828,-1.661955
534,21.380000,4.647701,0.197137,0.167407,-0.855521,0.382662,0.030103,-0.794148,0.087263,-0.073241,-0.524562,0.823841,2.818002,-1.406067,-1.139981,-0.502005,-1.723434
535,21.400000,4.533334,0.282701,0.188286,-0.843006,0.459743,0.274311,-0.290173,0.416670,0.537028,-0.561729,0.872154,2.974744,-1.386310,-1.142010,-0.924558,-1.613318
536,21.420000,4.298408,0.467793,0.089541,-1.168947,0.265667,-0.101454,0.386470,0.623467,1.029858,-0.485134,0.663535,2.413668,-1.340009,-1.408445,-1.282463,-1.438000
537,21.440000,4.294839,0.469346,-0.018602,-1.281768,0.250864,-0.390361,1.056676,0.757410,1.349642,-0.568604,0.816747,2.394655,-1.453405,-1.780080,-1.417889,-1.025702
538,21.460000,3.835393,0.559511,-0.164833,-1.394238,-0.012265,-0.851083,1.691465,1.040168,1.627424,-0.613510,0.696268,1.613868,-1.517904,-2.321224,-1.522878,-0.790815
539,21.480000,3.047512,0.569228,-0.355304,-1.080517,-0.147602,-0.782451,2.542896,1.092804,1.707468,-0.882846,0.822742,1.332468,-1.561079,-2.724874,-1.510304,-0.727294
540,21.500000,1.063395,0.661553,-0.806230,-0.641157,-0.347249,-0.378640,4.310611,1.235260,2.066530,-1.161051,0.785755,0.187845,-1.322024,-3.029322,-1.770479,-0.698072
541,21.520000,-2.684748,1.096201,-1.456472,0.313781,-0.782529,1.154957,7.408827,1.126897,2.388839,-1.025633,0.870435,-1.383483,-1.036408,-3.551276,-2.325417,-0.907780
542,21.540000,-4.706146,1.349173,-1.708758,0.832366,-1.397599,2.546723,9.071948,0.910625,2.424334,-0.796093,1.174575,-1.656127,-0.705778,-3.442497,-2.155005,-1.427212
543,21.560000,-4.960685,0.988091,-1.522452,0.604829,-1.405397,2.809448,8.629432,0.647437,1.959252,-0.989130,1.535362,-1.468306,-0.447978,-2.774142,-1.336912,-1.977593
544,21.580000,-4.943626,0.467096,-1.392389,0.552249,-0.998202,3.152347,7.497694,0.585539,1.737697,-0.938551,1.394361,-1.348929,-0.316042,-1.955830,-0.721886,-1.784953
545,21.600000,-3.685303,0.115234,-0.969589,0.391384,-0.258387,3.273706,5.270060,0.592673,1.229632,-0.439610,0.867740,-0.455098,-0.173309,-1.190020,-0.649926,-1.224896
546,21.620000,-1.142075,0.115319,-0.191771,-0.106017,0.005157,2.239247,2.729112,0.613115,0.885827,0.234132,0.765503,1.455264,-0.003834,-0.350886,-0.817225,-0.595646
547,21.640000,2.640974,-0.009782,0.681971,-1.534707,0.394995,-0.390827,0.125615,0.980867,0.932514,0.883219,1.355346,3.864593,0.849916,0.515714,-0.310800,0.376250
548,21.660000,6.779348,-0.586573,1.009852,-1.605549,0.155836,-1.160962,-4.104665,1.302730,0.186143,2.198262,0.977567,5.080935,2.036483,0.006948,1.870584,0.523627
549,21.680000,7.686511,-1.235482,0.216009,0.134461,-0.215557,-1.193852,-6.805586,1.896815,-0.817240,2.940552,0.723104,4.993418,1.654600,-1.654827,2.895064,-0.362947
550,21.700000,6.825413,-0.630636,0.219089,-0.493733,-0.294725,-0.610153,-6.334275,1.592548,-0.380191,2.985357,0.764773,4.438601,1.448173,-2.409776,2.480959,-0.384563
551,21.720000,5.202925,0.580357,0.470752,-2.358059,0.188725,-0.513315,-3.997519,0.237422,-0.042531,1.860034,0.994243,4.109352,2.747196,-1.516498,3.142850,-1.064702
552,21.740000,2.741888,0.882864,0.263454,-2.465508,0.553456,-0.237039,-0.594291,-0.810210,-0.224906,-0.220828,1.048091,3.296879,2.753272,-1.122082,3.160060,-2.054273
553,21.760000,1.236792,0.607257,0.224478,-1.852492,0.196882,-0.115464,2.733100,-1.074173,-0.176251,-2.853333,0.727208,1.555221,1.742859,-1.507926,2.327731,-2.459599
554,21.780000,0.573485,0.836196,0.250943,-0.933940,-0.626588,0.911445,4.955228,-1.389861,-0.236461,-4.084851,0.212263,0.233558,0.196011,-1.638602,1.424122,-2.242892
555,21.800000,-1.460130,0.946120,0.166324,0.220798,-0.843132,2.274119,6.031572,-1.554047,0.048481,-2.895870,0.186630,-0.457220,-1.430798,-1.070222,0.610451,-2.092301
556,21.820000,-3.631140,0.959652,-0.234940,1.088634,-0.668040,2.947762,6.409235,-1.451656,0.623763,-1.789554,0.387658,-0.873823,-2.223718,-1.094518,0.089870,-2.147532
557,21.840000,-5.040058,1.126256,-0.691422,0.983842,-0.610551,3.404333,6.690501,-0.665076,1.213869,-1.270403,0.441606,-0.972741,-1.829903,-1.646168,0.387761,-1.935144
558,21.860000,-5.678908,1.075791,-0.893080,0.703366,-0.696786,3.791448,6.455280,-0.212533,1.145865,-0.938058,0.432264,-1.031645,-1.069032,-2.111784,0.871745,-1.569495
559,21.880000,-5.302240,0.699545,-0.877889,0.376455,-0.611755,3.644021,5.904433,0.083029,1.114903,-0.986594,0.531388,-0.936789,-0.630076,-2.494937,0.749402,-1.286248
560,21.900000,-4.185177,0.355241,-0.645998,-0.323532,-0.735524,3.100668,4.916440,0.333590,0.839691,-0.779446,0.403586,-0.798085,-0.253737,-2.928950,0.622503,-0.939546
561,21.920000,-1.806848,-0.083868,-0.150682,-1.424396,-0.775755,2.235274,3.102839,0.516938,0.514435,-0.408918,0.224178,-0.036993,0.224367,-2.683042,0.748331,-0.336620
562,21.940000,2.162402,-0.275008,0.747683,-2.790385,-0.268457,-0.086258,0.549458,0.573765,0.312628,0.187625,0.862126,1.927112,0.540157,-1.542904,0.636071,0.207219
563,21.960000,6.226885,-0.534525,1.268697,-2.722694,-0.098793,-0.974692,-2.747193,0.830319,-0.090801,1.358049,0.801272,3.632900,1.093383,-1.293838,1.497242,-0.212911
564,21.980000,7.742419,-0.923994,0.663317,-1.172295,-0.286214,-1.036000,-5.519817,1.698868,-0.706493,2.227583,0.120879,3.775749,1.235919,-2.640422,2.692203,-1.061045
565,22.000000,7.737954,-0.915331,0.796157,-0.340827,-0.395740,-0.771652,-6.641713,1.606423,-0.925864,1.779830,0.256731,3.643994,0.573084,-3.021660,2.787097,-1.062733
566,22.020000,6.178338,-0.161953,0.888809,-1.087784,-0.371001,-0.676442,-5.147448,0.905793,-0.436967,0.630469,0.324056,3.276377,0.913131,-2.194291,2.834415,-1.217430
567,22.040000,4.191742,0.262940,1.402336,-2.076768,-0.395489,-0.857642,-1.964802,-0.117002,-0.293360,-1.020826,0.193478,2.233685,1.307027,-1.440070,2.602667,-1.778505
568,22.060000,2.599679,0.045929,1.173226,-2.089523,-0.403177,-0.954849,2.110959,-0.673874,-0.205831,-3.805722,0.258287,0.874610,1.176815,-1.380071,1.585849,-1.847164
569,22.080000,1.301053,0.353549,0.533051,-1.227653,-0.614294,-0.211476,4.667634,-0.948743,0.043754,-4.922591,-0.043402,-0.223711,0.508411,-1.424760,0.848068,-1.065490
570,22.100000,-1.204973,0.662337,-0.145012,0.684940,-0.416148,1.647085,5.839794,-1.365058,0.292252,-4.245435,0.294645,-0.305436,-0.896014,-0.670132,0.194389,-0.874520
571,22.120000,-4.649519,1.223289,-0.603320,1.229036,-0.539682,3.465589,6.793830,-0.426501,1.629317,-1.715028,0.564368,-1.115743,-1.648478,-0.665961,-0.125298,-0.961862
572,22.140000,-5.466468,1.225308,-1.118126,1.025871,-0.343137,3.599776,7.185391,-0.129606,1.982104,-1.286292,0.818308,-1.014086,-0.776118,-0.833358,0.247023,-0.610953
573,22.160000,-6.135952,1.087983,-1.275137,1.169802,-0.099963,3.944257,7.182639,0.155230,1.904841,-1.240860,0.925277,-0.913099,-0.183507,-0.709641,0.317594,-0.242057
574,22.180000,-5.897355,0.799821,-1.217586,0.644752,-0.123908,3.815601,6.261164,0.256975,1.569078,-0.928258,0.690164,-0.999956,0.092348,-1.096655,0.417091,-0.283749
575,22.200000,-4.624560,0.350142,-0.881165,-0.125912,-0.271708,2.972939,4.260278,0.254306,0.934038,-0.456835,0.559798,-0.558944,0.399768,-1.216673,0.618624,-0.309025
576,22.220000,-1.134999,0.173045,0.142195,-1.035016,0.111191,1.606994,1.964933,0.153011,0.875597,-0.373696,1.021697,1.541132,0.130422,-0.703165,0.126468,-0.165746
577,22.240000,3.442912,0.015225,0.962387,-2.765987,-0.014762,-0.339074,-0.915806,0.489146,0.470203,0.929508,0.770288,2.635597,0.535203,-0.109278,0.877346,0.466498
578,22.260000,6.993951,-0.596801,0.980394,-1.901940,-0.144600,-0.793465,-4.219867,1.124603,-0.398037,1.988757,0.516306,4.199129,1.667822,-0.452547,2.816317,0.547296
579,22.280000,7.617074,-1.092959,0.344035,-0.361335,-0.407479,-0.798568,-6.276065,1.748973,-0.655079,2.583338,0.535298,4.292655,1.494022,-1.600707,3.379444,0.669624
580,22.300000,6.777142,-0.465976,0.598248,-0.704906,-0.527133,-0.679538,-6.231660,1.470387,-0.228746,2.332176,0.543205,3.991456,1.972572,-1.542371,3.503990,0.870677
581,22.320000,4.692945,0.449683,0.965375,-1.346167,-0.204660,-0.689147,-4.250526,0.476606,0.126859,0.667348,1.019422,4.160707,3.248442,-0.368528,4.152185,0.504133
582,22.340000,2.584537,0.816924,1.348599,-1.803297,0.061028,-0.748851,-0.580923,-0.622552,0.109257,-1.768440,1.204916,3.633429,3.986191,0.679125,4.382160,0.260654
583,22.360000,1.376652,0.841244,1.128139,-1.590699,-0.134711,-0.710100,2.962159,-1.156151,0.111518,-4.265252,0.896701,2.101718,4.110147,1.332233,4.154796,0.360660
584,22.380000,0.604360,0.917709,0.354623,-0.655826,-0.218287,-0.295401,5.433553,-1.222718,0.158140,-5.458846,0.301414,0.578607,3.416656,1.718353,3.374058,1.139562
585,22.400000,-1.049557,1.120896,0.140333,0.091791,0.105968,0.415915,6.255999,-0.745368,1.103303,-4.509317,0.300025,-0.032301,2.581967,2.778653,2.955596,1.849152
586,22.420000,-4.071813,1.674771,-0.640341,0.375882,0.409453,1.584975,6.975583,0.324065,2.764342,-2.150586,0.558028,-0.652088,2.100495,2.787147,2.780675,2.201652
587,22.440000,-5.064699,1.358012,-1.189197,0.466038,0.856414,2.071477,6.842593,0.638487,3.794863,-1.838778,0.999716,-0.605979,2.413057,2.942676,2.396008,2.633717
588,22.460000,-5.127416,0.713374,-1.448675,0.322341,1.200469,2.772507,6.290839,0.679970,3.432507,-1.798543,1.062208,-0.282348,2.393933,2.869433,2.607565,2.885805
589,22.480000,-4.419566,0.615985,-1.138110,-0.347388,1.265225,2.686357,5.056749,0.841293,3.426103,-1.426698,1.166006,0.667339,2.916916,3.217894,3.419647,3.496543
590,22.500000,-2.336689,0.418978,-0.545389,-1.279558,1.292590,1.744125,3.049035,1.174014,3.213851,-0.596176,1.336128,2.803240,3.467149,3.785721,4.132805,4.319663
591,22.520000,0.580135,0.444783,0.019788,-2.504642,0.546421,-0.010452,1.259266,1.774950,2.948530,0.192772,1.296691,3.943134,4.337354,3.888553,4.489917,4.795316
592,22.540000,3.117772,-0.166706,0.011411,-2.520419,0.144878,-0.526145,-0.380402,2.604576,2.997065,0.781345,1.481290,5.144084,4.510712,2.662781,4.584418,4.170401
593,22.560000,4.157712,-0.882233,-0.386800,-0.705048,-0.476236,-1.463882,-3.132286,3.267547,1.785093,1.268242,1.498109,5.393272,3.523467,0.361520,4.275354,2.373708
594,22.580000,4.545967,-0.375025,0.396035,1.496947,-0.529678,-1.666036,-5.646038,2.768657,-0.152177,0.504566,0.902323,4.949722,2.360555,-0.876843,3.373195,1.063057
595,22.600000,4.244220,-0.039107,0.751367,1.384187,-0.694674,-1.157401,-4.896163,1.846048,-0.371841,-1.086349,0.719769,3.922377,2.766677,-0.814882,2.951200,1.415331
596,22.620000,2.384557,0.510145,1.379805,-0.039822,-0.532409,-0.807533,-1.564477,0.347708,0.036219,-2.900113,0.509001,2.864438,4.334595,0.461652,3.341785,1.823617
597,22.640000,0.447648,0.785826,1.680613,-0.410617,-0.448042,-0.916246,1.732101,0.086617,0.960759,-4.586437,0.338302,1.625349,4.844072,1.305838,3.581433,1.929729
598,22.660000,-0.803727,0.681574,0.912339,-0.165542,-0.333767,-0.652970,4.013218,0.424299,1.893379,-4.956411,-0.502362,-0.075829,4.372426,1.385741,3.281887,2.655457
599,22.680000,-1.770934,0.848866,0.142748,0.223258,0.086247,-0.128993,4.552144,1.063780,2.996505,-3.688886,-0.339988,-0.092230,3.592294,1.656473,2.483627,2.961744
600,22.700000,-3.035074,1.320509,-0.242017,-0.108689,0.301881,0.152279,5.176187,1.244761,3.565473,-1.821895,0.291507,-0.078686,3.153091,1.648656,1.803932,2.954696
601,22.720000,-3.710684,1.393666,-0.522827,-0.652803,0.570175,0.427576,5.096007,1.295848,3.698380,-0.720036,0.702072,-0.037581,2.842301,2.060390,1.830939,3.188977
602,22.740000,-3.211566,0.962401,-0.636243,-0.912447,0.934297,0.832442,3.953073,1.223128,3.578283,-0.368050,1.010548,0.400549,2.618066,2.747448,2.290500,3.261403
603,22.760000,-2.180589,0.539552,-0.399675,-1.296872,0.982065,1.201851,1.968951,1.193069,2.806745,0.643701,0.844835,1.061498,3.123136,3.553432,3.419185,3.599578
604,22.780000,-0.491482,0.405276,0.443192,-1.456509,0.901072,0.405109,0.245249,1.316398,2.584378,0.986351,1.012706,2.272048,3.857738,3.890865,3.939754,3.725795
605,22.800000,0.750307,0.413034,0.861639,-1.295329,0.550046,-0.181341,-0.543726,1.438377,2.062398,1.138931,0.602559,2.361773,4.301061,3.614088,3.972565,3.763627
606,22.820000,1.509286,0.574894,0.927231,-0.542672,0.423747,-0.446828,-1.250430,1.553495,1.633130,0.971095,0.620358,2.803778,4.076650,2.987405,3.747402,3.626753
607,22.840000,2.099067,0.584235,0.830906,0.193259,0.229948,-0.754838,-2.007039,1.452197,1.022855,0.568519,0.416942,2.830677,3.628742,2.250676,3.429354,3.220230
608,22.860000,2.530221,0.540203,0.945146,0.446790,-0.057399,-0.872147,-2.187381,1.312910,0.816096,-0.038289,0.349388,2.345355,3.409415,1.816103,3.221075,3.063735
609,22.880000,2.623649,0.427159,1.101860,0.702402,-0.117483,-0.908134,-1.958178,0.906856,0.394996,-0.790907,0.377931,2.196938,3.331298,1.792068,3.107446,2.930399
610,22.900000,2.269143,0.418536,1.316765,0.729221,-0.164721,-0.909970,-1.392108,0.861683,0.546271,-1.357125,0.348660,1.834721,3.421297,1.944386,2.844823,3.001393
611,22.920000,1.491187,0.462601,1.379069,0.730659,-0.077837,-0.827944,-0.350039,0.713218,0.668941,-1.848265,0.242841,1.487584,3.624971,2.201921,2.508967,3.088077
612,22.940000,0.644758,0.532219,1.455041,0.353942,-0.052095,-0.637817,1.001718,0.714772,1.404676,-2.052556,0.079222,0.886536,3.673706,2.337333,2.089752,3.274620
613,22.960000,-0.021033,0.529983,1.257298,0.156546,0.154733,-0.419628,2.049281,0.600032,1.575446,-2.032165,-0.086967,0.440638,3.505494,2.444273,1.915335,3.292710
614,22.980000,-0.591382,0.815226,1.218609,-0.316343,0.191395,-0.124014,2.826611,0.695224,2.020470,-1.520773,-0.111085,0.228129,3.306087,2.478270,2.012960,3.375006
615,23.000000,-0.744757,0.866821,0.749843,-0.599232,0.270962,0.129912,2.795210,0.506696,1.746651,-0.692801,-0.089352,0.126923,3.111048,2.573608,2.361175,3.325579
616,23.020000,-0.742069,0.911783,0.766387,-0.935321,0.302072,0.211722,2.261744,0.702278,1.931680,-0.045932,-0.036253,0.196683,3.021222,2.619748,2.803603,3.296616
617,23.040000,-0.521254,0.869536,0.860483,-0.646838,0.375732,0.158793,1.393527,0.523421,1.668852,0.239457,0.110336,0.426309,2.821258,2.781969,2.966194,2.958874
618,23.060000,-0.767507,0.878441,1.530826,-0.089980,0.338224,-0.085656,0.627112,0.613935,1.654350,-0.193502,0.078375,0.648938,2.816637,2.882392,3.180426,2.871952
619,23.080000,-0.972987,0.648185,2.077356,0.751424,0.076026,-0.336094,-0.020968,0.505876,1.411440,-1.066220,-0.013796,0.526215,2.596152,2.521837,3.290516,2.521026
620,23.100000,-1.211764,0.466048,2.614629,2.155688,-0.135392,-0.619585,-0.345692,0.444753,1.033484,-2.810905,-0.034555,0.634543,2.387003,2.157832,3.009846,2.210083
621,23.120000,-1.216599,0.059782,3.137634,3.909142,-0.360638,-0.935293,-0.289423,0.226870,0.056004,-5.165616,0.113154,0.788467,1.850840,1.538760,2.586790,2.026573
622,23.140000,-1.118574,-0.369500,3.259278,4.563995,-0.466356,-1.056946,0.070485,0.149357,-0.509725,-6.574640,0.278813,0.760769,1.365332,1.112503,2.060756,2.358117
623,23.160000,-0.676104,-0.972005,2.990689,4.060891,-0.273897,-0.824916,0.685762,0.228937,-0.708094,-6.835821,0.357672,0.651273,0.881187,0.900803,1.489305,2.836668
624,23.180000,0.463484,-1.427080,2.434814,2.855304,0.121282,-0.345928,1.225720,0.269370,-0.808748,-6.404193,0.282219,0.441164,0.418305,0.869343,1.283677,3.423081
625,23.200000,2.151770,-1.354250,0.748841,0.096386,0.202892,0.513513,1.681488,0.482672,-0.284818,-4.683687,-0.133626,-0.040361,0.470433,0.704164,1.092304,4.016985
626,23.220000,4.052453,-0.795664,-1.045609,-3.495699,0.182757,1.524653,1.523104,0.464676,1.085659,-2.028423,-0.449150,-0.478464,0.996140,0.989491,0.810699,4.513244
627,23.240000,4.072542,0.031431,-1.076272,-5.111323,0.411032,1.632365,-0.395886,0.176175,2.733648,0.658505,-0.334555,-0.645762,0.904377,1.435736,-0.151870,3.911388
628,23.260000,2.776394,0.455424,-1.063509,-5.864076,-0.024204,1.224959,-0.788188,0.425352,3.376632,3.149286,-0.038152,-0.730510,0.606689,1.182567,0.025771,3.134073
629,23.280000,2.105872,0.237614,-1.193273,-6.783377,-0.421236,1.017885,-0.509988,0.424066,3.406952,4.908353,0.235240,-0.954002,0.270736,0.908990,0.826298,2.585117
630,23.300000,1.544038,0.370430,-0.944247,-6.564167,-0.431112,0.832152,-0.502393,0.070528,3.494987,5.489881,0.231716,-1.140281,0.251740,1.275201,1.262325,2.045872
631,23.320000,0.941616,0.236557,0.035691,-5.320439,-0.207456,0.854951,-0.612254,-0.490245,3.057582,4.829539,0.207538,-0.925213,0.282611,1.863179,1.348185,1.644287
632,23.340000,0.655513,-0.517161,1.367705,-4.027519,-0.436071,0.846976,-0.188412,-1.018790,1.802767,2.352091,0.105688,-0.560089,0.525495,1.849317,1.430791,1.481513
633,23.360000,0.383005,-1.468517,2.545992,-1.448453,-0.903246,0.419878,1.239364,-1.056762,-0.096348,-2.305783,-0.306097,0.080129,0.237148,1.717441,1.654793,1.434408
634,23.380000,-0.431602,-1.670138,2.762379,1.453651,-1.138024,-0.439016,1.879392,-0.648691,-0.349265,-6.573231,-0.331224,0.618945,-0.420200,1.862514,1.016562,0.951606
635,23.400000,-1.132506,-2.024055,3.417963,3.803347,-0.973731,-1.498134,1.161528,-0.019658,-0.630229,-8.801094,-0.267804,0.803034,-0.084572,1.179732,0.521821,0.288098
636,23.420000,-2.040243,-2.017961,3.437119,5.261661,-0.434279,-1.399562,0.656010,0.683866,-0.653934,-8.631388,-0.724567,0.686446,1.145568,0.139639,0.389115,-0.106217
637,23.440000,-1.378649,-2.216136,3.287360,4.837611,0.122248,-0.619391,1.211306,0.860202,-0.833723,-7.618552,-0.726810,0.309213,0.759581,-1.075765,0.182754,0.597498
638,23.460000,0.141356,-2.236554,2.723004,3.054684,0.416800,-0.128896,1.573025,1.168948,-0.729474,-5.766847,-0.874298,-0.129855,-0.125717,-1.998183,0.311058,1.555223
639,23.480000,2.863860,-1.585592,-0.028203,-1.104708,0.496904,0.824455,1.652906,1.432142,0.114707,-2.431894,-1.237093,-0.568093,-0.074047,-2.568951,0.321431,2.311312
640,23.500000,4.522827,-0.614799,-1.076694,-4.237146,0.350247,0.944183,0.071738,0.978031,1.517119,0.699487,-1.078204,-0.681239,0.632936,-1.630075,-0.236100,1.759508
641,23.520000,3.656089,-0.156323,-0.866370,-5.015079,0.262728,1.212851,-0.890583,0.781103,2.044682,2.564640,-0.705693,-0.516788,0.607023,-1.010648,-0.574453,2.054599
642,23.540000,1.765308,0.052268,-0.819451,-5.752757,0.388224,1.281766,-1.386109,0.550123,1.977550,4.779317,0.062146,-0.589077,0.081258,-0.018278,-0.660824,2.330853
643,23.560000,0.757654,0.386447,-0.950938,-6.181491,0.057176,1.652365,-1.168339,0.021154,2.507513,6.503948,0.104634,-1.396976,-0.528861,0.633206,-0.090629,2.004931
644,23.580000,0.565830,0.423566,-0.733904,-4.662155,0.201525,1.606508,-0.983500,-0.240060,2.735940,6.042819,0.197966,-0.984013,-0.487885,1.991037,0.620777,1.824586
645,23.600000,0.701090,0.292052,0.199819,-3.267386,0.108909,1.589556,-0.350381,-0.671892,2.422529,3.704256,0.097546,-0.465047,0.095740,2.658724,1.585260,1.613082
646,23.620000,-0.347046,0.574071,2.403861,-1.158635,0.044760,0.553649,0.410545,-0.870299,1.961014,0.424088,-0.248191,-0.128455,0.450237,2.484762,1.719602,1.136284
647,23.640000,-0.646881,-0.221673,2.781419,2.157413,-0.501972,-0.563054,1.658609,-0.332015,-0.005718,-4.910702,-0.595181,0.835305,0.039970,1.600780,2.557324,0.328242
648,23.660000,-1.512317,-0.310296,2.977615,3.871964,-0.653794,-1.316069,2.016888,0.365146,-0.069009,-8.017878,-0.788892,1.343290,0.504202,1.113576,1.889232,-0.139034
649,23.680000,-2.478247,-0.747478,3.274993,5.608883,-0.572216,-1.825828,1.577867,0.810445,-0.605103,-8.873189,-0.943428,1.264716,1.559865,-0.378396,1.413982,-1.199330
650,23.700000,-1.983740,-0.671367,3.822224,6.245609,0.054149,-1.246149,1.390114,0.743873,-1.182597,-7.996137,-0.601825,0.950464,1.300130,-1.970695,1.208796,-0.685194
651,23.720000,-0.797372,-1.238093,3.559499,4.621719,0.088612,-0.546301,1.573825,0.805523,-1.022110,-5.971393,-0.373092,0.482057,0.078495,-3.121285,1.038673,0.651641
652,23.740000,1.091853,-1.594999,2.515765,1.852312,0.435794,0.097852,1.605077,1.108269,-0.471196,-3.942229,-0.776333,-0.078405,-0.480519,-3.353617,0.859474,2.033263
653,23.760000,4.389850,-0.893066,-0.498371,-2.615278,0.261403,1.158996,1.581314,0.888861,0.862365,-1.388653,-0.768169,-0.359495,-0.016277,-2.502824,0.646644,2.593026
654,23.780000,5.216835,-0.321850,-0.842748,-4.560720,0.338955,1.330377,-0.225693,0.619533,2.179134,0.377834,-0.530084,-0.475157,0.414295,-0.865004,-0.075734,2.687231
655,23.800000,3.843095,0.052477,-0.826932,-5.288031,0.424073,1.464119,-1.241180,0.597038,2.754076,2.542772,-0.065580,-0.395378,0.426500,0.439379,-0.536424,3.227087
656,23.820000,1.858941,0.332037,-1.023716,-6.376363,0.268025,1.629070,-1.442458,0.455370,3.264741,5.358452,0.630783,-0.959247,-0.399113,0.836493,-1.095682,2.849205
657,23.840000,0.965231,0.364083,-1.190227,-5.986838,0.350646,1.900992,-1.178034,0.008347,3.301885,6.651803,0.530569,-1.406206,-0.909293,1.248374,-0.366632,2.271202
658,23.860000,0.385982,0.436072,-0.833845,-4.336681,0.509979,1.820411,-0.664031,-0.435142,3.358391,5.831263,0.243755,-1.147126,-0.546791,2.337907,0.664851,2.009647
659,23.880000,0.355471,0.442626,-0.111077,-3.113101,0.339618,1.775645,0.314315,-0.780781,3.142697,3.047742,0.134274,-0.523168,0.611812,2.805411,1.659448,1.749999
660,23.900000,0.140436,0.427756,0.650301,-1.144507,0.052021,0.947483,1.433500,-0.885417,2.049346,-0.445454,-0.178024,0.059430,1.053631,2.597209,1.832373,1.368646
661,23.920000,-0.032691,0.223412,0.998123,1.431275,-0.238742,0.275875,2.904976,-0.096895,0.424871,-5.357763,-0.636634,0.997096,0.833816,2.270113,2.567734,1.025366
662,23.940000,-1.097141,-0.061963,2.108940,3.645743,-0.332820,-1.005053,2.660198,0.601185,-0.112305,-7.988681,-0.953378,1.590657,1.793498,1.442515,2.046022,-0.070930
663,23.960000,-2.131382,0.064692,4.248945,7.055988,0.337648,-1.560141,0.821930,0.906816,-1.112677,-8.466855,-1.173063,1.613888,2.977171,-0.461136,1.244598,-1.750849
664,23.980000,-1.674816,0.776910,3.762764,6.547509,0.593794,-0.892729,0.066022,1.088703,-0.864476,-5.063927,-1.238482,1.117446,3.536560,-2.452920,0.806427,-2.410863
665,24.000000,-0.605533,0.410052,3.943026,4.352132,0.502487,-0.572037,-0.957500,1.031367,-0.274903,-1.910421,-1.246602,0.627332,3.485114,-3.530630,0.445297,-1.396899
666,24.020000,1.647769,-0.171919,2.437367,0.659222,0.230350,0.361885,-0.673754,0.064704,-0.280400,0.402676,-0.877178,0.793955,2.875999,-3.515381,0.308096,-0.652734
667,24.040000,3.565136,0.217831,0.853217,-1.586548,0.010978,0.945626,-0.162124,0.203982,-0.507804,0.898256,-0.853811,1.045858,2.238965,-3.095145,1.414540,-0.394388
668,24.060000,4.230827,-0.176295,-0.342431,-3.026268,-0.112038,1.217848,0.369131,0.313672,-0.542740,0.401240,-0.462337,0.610118,0.916970,-2.607604,2.634261,0.219999
669,24.080000,4.239703,-0.142407,-0.631230,-4.298242,-0.605995,1.571373,0.864500,0.200956,-0.270321,0.635325,-0.475399,0.167928,0.472651,-2.237586,3.065169,0.521937
670,24.100000,3.427967,-0.160592,-0.448027,-4.373324,-0.818220,1.200119,0.981380,-0.070001,-0.374996,1.110921,-0.268768,-0.146644,0.229155,-2.415847,2.794961,0.220009
671,24.120000,1.750024,0.076350,-0.149464,-3.689217,-0.963185,0.807090,1.284662,0.111708,-0.069788,1.552057,-0.292776,-0.618351,0.036326,-2.974718,2.052878,0.083851
672,24.140000,1.714974,-0.199448,-0.030036,-3.005912,-1.161799,1.938753,0.583237,-0.044403,-0.602102,1.649599,-0.291243,-0.560801,0.355422,-2.881532,1.608437,-0.058839
673,24.160000,0.949833,-0.093375,0.628621,-1.492235,-1.089092,1.133372,-0.474647,-0.033828,-0.792356,1.677830,-0.160290,-0.359366,0.789868,-2.124535,1.016350,-0.054177
674,24.180000,0.520505,-0.109340,1.802837,0.299329,-0.871705,0.461502,-2.114574,0.023497,-1.336684,1.492618,-0.381548,0.048257,0.666380,-1.301589,0.419344,-0.439268
675,24.200000,-0.168029,0.639115,2.233065,2.483078,-0.629137,-0.170853,-3.740337,0.215557,-1.309233,1.275312,-0.797087,0.546077,1.494994,0.109375,0.522544,-1.174677
676,24.220000,-0.672055,1.174302,2.130593,4.418915,-0.232438,-1.019634,-4.693912,0.317405,-0.970786,0.265640,-0.645606,1.052202,2.786742,1.233346,1.265376,-1.679041
677,24.240000,0.105365,1.113278,0.805037,3.710581,-0.461696,-0.732923,-3.883817,0.154089,-0.475004,-0.590580,0.309881,1.658593,3.122602,1.859823,2.294869,-0.950743
678,24.260000,0.537623,0.490196,-0.086477,2.567744,-0.207470,0.537986,-2.278411,-0.027629,-0.069532,-1.284389,1.076442,2.350425,3.106653,2.592628,3.009344,0.352825
679,24.280000,0.172487,0.022043,-0.565877,1.981340,0.587366,2.288759,-0.857753,-0.241682,0.459928,-1.643365,1.228449,2.282766,2.738155,4.002195,2.595044,2.040890
680,24.300000,-0.955801,0.296640,-0.664340,1.922120,1.152106,3.145793,0.051263,-0.432746,1.193693,-1.163825,1.143685,2.015637,2.584781,5.275276,1.420527,3.300460
681,24.320000,-1.892168,0.552121,-0.737550,2.119373,1.337222,3.072243,1.150084,-0.649574,1.262170,-0.581667,1.150864,2.047909,2.773364,5.545169,0.612289,3.578953
682,24.340000,-2.272839,0.444053,-0.754387,1.994289,1.423657,2.423415,2.151745,-0.855143,1.075670,-0.364996,1.101750,1.949548,2.999468,5.078277,0.434745,3.623566
683,24.360000,-2.034259,0.164122,-0.655251,1.672552,1.543402,1.695974,2.708261,-0.835499,1.121411,-0.777619,1.152603,1.926277,3.235893,4.472129,0.906283,3.777586
684,24.380000,-2.247415,0.447310,-0.540293,0.521267,1.316134,1.966385,3.855955,-0.156795,1.653745,-1.155996,1.110924,2.273000,3.620558,4.054574,2.912298,4.250351
685,24.400000,-2.448475,0.358533,-0.585431,-0.306980,1.099697,1.944210,4.422492,0.315227,1.675557,-1.055561,1.222049,2.533725,3.746814,3.456161,4.381917,4.282625
686,24.420000,-2.174616,0.137582,-0.636613,-0.320052,1.132543,1.821898,4.366263,0.504547,1.748092,-1.141116,1.231840,2.711945,3.038890,2.068668,3.928155,3.037507
687,24.440000,-0.735622,-0.106782,-0.392166,-0.568812,0.784566,1.339528,3.541954,0.691690,1.628074,-1.662521,0.619397,1.900892,1.345348,-0.237826,2.377662,0.740239
688,24.460000,0.363796,-0.114091,-0.210130,-0.906441,0.209478,1.248398,3.057516,0.757734,1.460829,-1.817475,0.357629,1.282481,0.294811,-1.546134,1.424509,-0.015541
689,24.480000,1.177429,-0.383066,0.089171,-1.072111,-0.128648,1.313135,2.138794,0.552239,1.396091,-1.714266,0.042810,0.594523,-0.377650,-2.096970,0.441872,-0.054258
690,24.500000,1.667871,-0.549179,0.556897,-1.176142,-0.516502,1.298705,1.257182,0.395114,1.209720,-1.393195,-0.173093,-0.031286,-0.855699,-2.152019,-0.311311,0.128850
691,24.520000,1.895638,-0.836613,0.911136,-0.934368,-0.810920,0.918821,0.797455,0.200111,0.513908,-1.382133,-0.160105,-0.148571,-0.876922,-1.790660,-0.540705,0.518691
692,24.540000,2.007609,-1.020249,1.008361,-0.737990,-1.003224,0.709108,0.609985,-0.001912,-0.030440,-1.405407,-0.220222,-0.198513,-0.804104,-1.286700,-0.539595,0.867732
693,24.560000,1.915102,-1.122862,0.716687,-0.787894,-1.027083,0.562347,0.449605,-0.149039,-0.335691,-1.272722,-0.196546,-0.227236,-0.695107,-0.768803,-0.372233,1.043661
694,24.580000,1.844485,-1.290014,0.628010,-0.829515,-0.937347,0.468169,0.361304,-0.219986,-0.383981,-1.145821,-0.076923,-0.186042,-0.648183,-0.407003,-0.336198,1.046529
695,24.600000,1.707991,-1.356398,0.570216,-0.846032,-0.867621,0.503169,0.214787,-0.239599,-0.377899,-0.908307,-0.066067,-0.204552,-0.826889,-0.417953,-0.542402,0.798064
696,24.620000,1.573088,-1.419851,0.511933,-0.897465,-0.904235,0.623044,-0.003345,-0.230946,-0.382419,-0.605208,-0.133799,-0.299167,-1.057709,-0.640826,-0.825490,0.505570
697,24.640000,1.617832,-1.520723,0.456243,-0.919465,-0.959091,0.674757,-0.210409,-0.273809,-0.418399,-0.391863,-0.146635,-0.366486,-1.415429,-0.947574,-1.230060,0.160565
698,24.660000,1.840917,-1.679119,0.447832,-0.948104,-1.055817,0.660191,-0.401486,-0.294674,-0.552483,-0.304875,-0.226049,-0.451668,-1.938323,-1.367628,-1.674683,-0.261988
699,24.680000,2.088937,-2.004719,0.421313,-1.063242,-1.242029,0.483369,-0.577582,-0.222044,-0.755927,-0.199864,-0.395755,-0.611928,-2.624114,-2.038112,-2.220188,-0.840853
700,24.700000,2.296353,-2.366090,0.455835,-1.219678,-1.322807,0.159250,-0.688232,-0.116179,-0.871240,-0.156536,-0.477202,-0.703952,-3.063620,-2.304344,-2.527164,-1.027966
701,24.720000,2.282204,-2.444384,0.288227,-1.324130,-1.194231,-0.129952,-0.829357,0.045673,-0.702783,-0.083734,-0.412549,-0.641840,-2.933230,-1.950746,-2.440347,-0.625328
702,24.740000,2.120728,-2.361508,0.205356,-1.565516,-1.216959,-0.194538,-0.828154,0.093537,-0.506659,0.100029,-0.367951,-0.632662,-2.565136,-1.553413,-2.255724,-0.161996
703,24.760000,2.090741,-2.312957,-0.015529,-1.824903,-1.083099,-0.025609,-0.855438,0.101955,-0.249952,0.293916,-0.279733,-0.580516,-2.146507,-1.282904,-2.253551,0.117403
704,24.780000,2.091541,-2.084181,-0.282728,-2.152342,-0.992965,0.147784,-0.816834,0.037881,0.080372,0.536043,-0.248095,-0.571844,-1.778644,-1.122890,-2.372732,0.206161
705,24.800000,1.949605,-1.869653,-0.348925,-2.690006,-1.136253,0.525021,-0.613504,-0.183594,0.117123,0.868847,-0.228679,-0.661589,-1.668577,-1.236290,-2.320887,0.137201
706,24.820000,1.790383,-1.693841,-0.508703,-3.115896,-1.223002,0.662709,-0.470414,-0.290524,0.191581,1.210625,-0.197323,-0.693887,-1.689064,-1.432192,-2.410046,-0.095604
707,24.840000,1.607374,-1.505236,-0.513033,-3.320369,-1.241268,0.651857,-0.395308,-0.374064,0.231857,1.417831,-0.176946,-0.690112,-1.789759,-1.549591,-2.454509,-0.375457
708,24.860000,1.361762,-1.389848,-0.294509,-3.420073,-1.308164,0.570271,-0.271694,-0.387679,0.209420,1.426192,-0.255473,-0.781039,-1.876649,-1.729412,-2.425658,-0.703755
709,24.880000,1.207872,-1.372691,-0.057241,-3.258506,-1.321979,0.502237,-0.103512,-0.402715,0.113309,1.099323,-0.250213,-0.691960,-1.998294,-1.932236,-2.436804,-1.027593
710,24.900000,0.994715,-1.383435,0.342999,-2.760691,-1.306005,0.318956,0.061669,-0.405742,-0.051609,0.371034,-0.304326,-0.602005,-2.277510,-2.105347,-2.510821,-1.415675
711,24.920000,0.642105,-1.294341,0.840525,-1.892094,-1.284237,0.393376,0.389796,-0.370493,-0.290964,-0.727911,-0.313281,-0.331018,-2.870175,-2.329989,-2.553612,-1.863484
712,24.940000,0.294747,-1.607209,0.995165,-0.570666,-1.269099,0.282700,0.634771,-0.238768,-0.573780,-2.234100,-0.285925,-0.048735,-3.555670,-2.510916,-2.589925,-2.359168
713,24.960000,-0.001721,-1.503509,1.069263,0.757004,-1.276605,0.183077,0.949402,-0.017062,-0.637307,-3.640734,-0.324897,0.105399,-4.053900,-2.571404,-2.405802,-2.590075
714,24.980000,-0.166817,-1.936325,1.149674,1.954862,-1.071425,-0.221686,0.805084,0.279552,-0.718875,-4.807377,-0.193794,0.290375,-4.169117,-2.750996,-2.090690,-2.922160
715,25.000000,-0.220126,-1.850201,1.388233,2.596946,-0.649295,-0.424694,0.774389,0.694324,-0.741613,-5.622836,-0.190986,0.441903,-3.584016,-3.001845,-1.983953,-2.873732
716,25.020000,-0.160239,-1.668700,1.460791,2.735738,-0.500363,-0.383030,0.830442,0.981813,-0.690893,-5.387389,-0.229210,0.430457,-2.766705,-3.358823,-1.893449,-2.679742
717,25.040000,0.164760,-1.491955,1.204372,2.415436,-0.079513,-0.281277,0.558430,1.159544,-0.697367,-4.524508,-0.306672,0.418799,-2.251961,-3.826522,-1.737372,-2.575333
718,25.060000,0.796953,-0.883063,0.234723,0.103104,-0.249455,0.290986,0.789158,1.268765,-0.159707,-2.344790,-0.494440,0.227022,-1.851085,-4.222362,-2.054892,-2.197083
719,25.080000,1.421366,-0.204377,-0.727827,-3.022540,-0.255549,0.985323,0.163468,0.816680,0.904625,0.959396,-0.440333,-0.413198,-1.638911,-4.405828,-2.920345,-1.999632
720,25.100000,1.281546,0.046836,-0.743990,-4.567574,-0.255686,1.328898,-0.264812,0.402496,1.396185,3.015920,-0.216593,-0.743098,-1.794962,-3.843337,-3.036044,-1.472632
721,25.120000,0.762181,0.140216,-0.772814,-4.967617,-0.431660,1.227642,-0.080739,0.207441,1.421719,4.334222,0.141105,-0.911386,-2.141541,-3.208834,-2.310720,-1.124411
722,25.140000,0.564365,0.404401,-0.385600,-4.860412,-0.622107,0.743554,0.038328,0.220473,1.844439,4.338058,0.310958,-1.003853,-2.336981,-2.705414,-1.669073,-1.413879
723,25.160000,0.639829,0.328369,0.637664,-4.032413,-0.555948,0.563667,0.361141,0.181849,1.777676,2.951482,0.183856,-0.786428,-2.123321,-2.280227,-1.489884,-1.937317
724,25.180000,-0.049383,0.131703,2.394361,-2.537975,-0.312524,0.081960,0.575655,0.096565,1.243685,0.845388,-0.129053,-0.546213,-1.834498,-2.273921,-1.762704,-2.495446
725,25.200000,-0.891596,0.358287,3.744435,-0.349119,-0.337382,-0.524637,0.893483,0.252568,0.787571,-1.822858,-0.448883,-0.216504,-1.919019,-2.537361,-2.148551,-2.983055
726,25.220000,-1.697927,-0.027752,3.613712,3.102964,-0.541948,-1.162449,0.836074,0.562537,0.070989,-4.865757,-0.709537,0.267824,-2.706376,-3.093683,-1.645556,-3.438622
727,25.240000,-1.560678,-0.493797,2.441496,4.604919,-0.403736,-1.104836,0.791944,0.564501,-0.255340,-6.618891,-0.083217,0.797861,-3.392005,-3.766327,-1.393215,-3.568702
728,25.260000,-1.209987,-0.946735,1.632787,4.992481,-0.164896,-0.901305,1.097938,0.674461,-0.557750,-7.339846,0.450713,0.999773,-3.448793,-3.968837,-1.195330,-3.180688
729,25.280000,-0.430035,-0.984197,1.123766,4.055396,0.070435,-0.456124,1.804426,1.003375,-0.697740,-6.828569,0.479373,0.883727,-3.631585,-4.096370,-0.974169,-2.241962
730,25.300000,0.761749,-0.884300,0.462520,2.071062,0.219478,0.424968,2.324883,1.216832,-0.449720,-5.423637,0.265584,0.667109,-3.655643,-4.070013,-1.236227,-1.280636
731,25.320000,2.615284,-0.798519,-0.545379,-1.362015,0.316603,1.708886,2.238648,1.058307,0.388760,-2.855498,0.205378,0.516747,-3.149059,-3.844217,-2.175527,-0.737143
732,25.340000,3.034964,-0.072217,-0.541759,-3.843976,0.452468,1.770797,0.718937,0.970114,2.387525,-0.425339,0.245221,0.369665,-2.240480,-3.083439,-3.565161,-0.883514
733,25.360000,1.841681,0.330134,-0.760632,-5.010512,0.289924,1.561356,0.022109,0.874218,3.355978,2.535760,0.425028,-0.288489,-1.648602,-2.848699,-3.844142,-0.435936
734,25.380000,0.897121,0.570307,-0.943007,-5.875810,-0.157488,1.409074,0.508071,0.984062,3.517617,4.375033,0.904578,-0.556572,-1.750142,-3.020318,-3.054508,-0.403370
735,25.400000,0.437555,0.608798,-0.880497,-5.929443,-0.277548,1.156381,0.508491,0.506580,3.266236,5.090511,0.676019,-1.082922,-2.323161,-3.022769,-2.040598,-1.187157
736,25.420000,0.329478,0.438313,-0.667205,-4.932689,-0.352695,1.115282,0.354681,0.008636,2.819139,4.678087,0.620543,-1.102856,-2.565208,-2.681023,-1.805758,-1.770035
737,25.440000,0.076905,0.420379,0.653767,-3.775024,-0.496714,0.816382,0.641442,-0.116361,2.609053,2.718354,0.327616,-0.858889,-1.997990,-2.353523,-2.031197,-2.279715
738,25.460000,-0.057239,0.307237,1.832278,-2.185405,-0.508018,0.502960,1.087504,-0.311227,1.590229,-0.084357,-0.039179,-0.409059,-1.738547,-2.518122,-2.417703,-2.682840
739,25.480000,-0.363246,0.115671,1.398553,0.732979,-0.680854,-0.135380,1.943501,-0.020360,0.362020,-3.570669,-0.295247,0.367375,-2.482656,-2.327705,-2.028080,-2.815486
740,25.500000,-0.610370,-0.408847,0.850355,2.635068,-0.674523,-0.259160,2.405962,0.133514,-0.192319,-6.121694,0.183168,1.163808,-3.227433,-2.156604,-1.293442,-2.813024
741,25.520000,-0.709289,-0.931866,1.148457,3.985273,-0.502632,-0.586412,2.317309,0.234840,-0.724287,-7.935233,0.810655,1.589771,-3.355067,-2.055521,-0.934487,-2.626439
742,25.540000,-0.829791,-0.889171,1.895825,5.025282,-0.241201,-0.960950,1.883591,0.692171,-1.180314,-8.357134,0.819381,1.457572,-2.804230,-2.477036,-0.471240,-2.089470
743,25.560000,-0.801341,-0.602527,2.095628,4.422206,-0.081451,-0.724750,2.137971,1.295837,-0.921845,-7.206069,0.542168,1.299914,-1.955818,-3.152749,-0.376189,-1.663453
744,25.580000,-0.404117,-0.847953,2.103010,2.860091,0.209415,-0.364022,1.987181,1.523796,-0.620948,-5.418154,0.408855,1.023781,-1.815355,-4.013793,-0.584676,-1.171008
745,25.600000,1.167222,-0.587311,0.980464,-0.302197,0.321010,0.402404,1.614152,1.436402,0.491673,-2.488162,0.224828,0.765841,-1.603646,-4.693141,-1.695669,-0.898085
746,25.620000,2.380617,0.192411,-0.690405,-3.290983,0.289798,1.211386,0.957321,1.119896,2.058957,0.250508,-0.041112,0.196670,-1.281363,-4.756556,-2.544837,-1.071379
747,25.640000,1.875900,0.298486,-0.770683,-4.141829,0.352530,1.662544,0.221716,0.675191,2.109228,1.664249,0.185732,-0.016963,-1.834856,-3.913762,-3.067805,-0.998962
748,25.660000,0.780193,0.624973,-0.874589,-4.899720,-0.095520,2.134872,0.169967,0.301469,2.534040,4.036394,0.601456,-0.698486,-2.986430,-3.426319,-3.411449,-1.034350
749,25.680000,0.376162,0.391578,-0.908914,-4.902687,-0.451253,1.925300,0.054970,-0.186028,2.084543,5.310619,0.835724,-1.209879,-4.010826,-2.960124,-3.313799,-1.590505
750,25.700000,0.121694,0.389632,-0.472986,-3.638669,-0.492570,1.730818,0.345837,-0.260939,1.788391,4.777354,0.438332,-1.261222,-4.243207,-2.387122,-2.806045,-1.852234
751,25.720000,-0.389154,0.318516,0.720568,-1.633669,-0.624063,1.095506,0.731913,-0.251157,1.076801,2.861146,0.205440,-0.802948,-3.463207,-2.137958,-2.769704,-2.421096
752,25.740000,-0.254618,0.250028,0.812168,-0.612865,-0.720988,0.974717,1.632769,-0.220483,0.376366,0.352351,-0.212228,-0.411025,-2.612834,-2.586969,-2.961720,-3.001665
753,25.760000,0.084153,0.226031,0.460914,0.052529,-0.726366,0.503994,2.332372,0.103096,0.283052,-1.817326,-0.519898,-0.023480,-2.605149,-2.445807,-2.752173,-3.094513
754,25.780000,0.027773,0.046969,0.445724,0.982278,-0.913778,-0.103872,2.776042,0.384214,0.042396,-3.325186,-0.710747,-0.017239,-3.501096,-2.704323,-2.287513,-3.204625
755,25.800000,0.162457,-0.722834,0.488550,2.071718,-0.783518,0.552451,2.841325,0.324171,-0.509638,-4.753545,-0.077161,0.521479,-4.524940,-2.957934,-2.067774,-2.922481
756,25.820000,0.101371,-1.043935,0.830102,2.966886,-0.656611,0.466149,2.198657,0.479224,-0.800582,-5.864897,0.241696,0.665764,-4.635101,-2.835902,-1.843944,-2.340934
757,25.840000,-0.106764,-1.151324,1.518873,3.870587,-0.577755,-0.248867,1.380567,0.754485,-1.110886,-6.469294,0.242761,0.717417,-4.203135,-2.917137,-1.600198,-1.820382
758,25.860000,-0.192644,-1.081469,1.492587,3.864744,-0.571580,-0.582864,1.405740,1.057338,-1.000391,-6.554026,0.341842,0.846492,-3.622711,-3.131520,-1.627932,-1.322879
759,25.880000,0.353733,-1.058655,0.999458,2.753532,-0.294029,-0.339091,1.397712,1.101389,-0.820446,-5.433506,0.425008,0.648387,-3.290158,-3.325892,-1.863543,-0.752181
760,25.900000,1.260503,-0.673471,0.176793,0.918786,0.159755,0.331146,0.971601,1.000346,-0.158538,-3.031335,0.302804,0.385191,-3.099674,-3.287146,-2.924360,-0.412903
761,25.920000,1.276693,0.040442,-0.142375,-1.030261,0.599243,1.339761,0.192703,0.829402,1.334316,-0.287766,0.192003,0.259933,-2.819545,-2.956820,-4.090044,-0.448817
762,25.940000,0.381895,0.298490,-0.341438,-1.561397,0.554433,2.420173,-0.083822,0.398283,1.513932,1.657468,0.162994,-0.139827,-2.812224,-2.547359,-4.717028,-0.580579
763,25.960000,-0.801139,0.720942,-0.301957,-1.537466,0.222783,2.956379,0.445918,0.362320,1.509186,2.828109,0.451732,-0.295511,-3.046119,-2.206118,-4.572237,-0.795960
764,25.980000,-1.957035,1.087623,-0.302592,-1.206326,-0.161060,2.845468,0.687645,-0.069603,1.103252,3.837643,0.638210,-0.554039,-3.426537,-2.167763,-4.389417,-1.857288
765,26.000000,-2.647360,1.265901,-0.345825,-0.844717,-0.436396,2.882618,1.415462,-0.143158,0.987388,4.042470,0.585329,-0.703958,-3.217740,-2.432656,-3.917324,-2.725405
766,26.020000,-2.255903,1.091452,-0.153404,-0.830348,-0.802879,2.072917,2.124404,-0.021756,0.793370,2.991849,0.392251,-0.510198,-2.685430,-2.859818,-3.381345,-3.430273
767,26.040000,-0.912889,0.678693,0.222466,-1.149439,-0.820566,1.921534,2.275683,0.300929,0.763272,1.930516,0.235448,-0.101977,-2.294058,-2.930634,-2.954257,-3.680663
768,26.060000,1.271621,0.049618,0.644053,-1.944525,-0.793697,0.979197,1.775540,0.457839,0.689281,0.803854,0.122565,0.321535,-2.085756,-2.591712,-2.739977,-3.507454
769,26.080000,3.367503,-0.076275,0.731905,-2.545345,-0.242640,-0.480341,0.933429,0.207690,0.501272,-0.090808,0.489551,0.873479,-2.267623,-1.822416,-2.874047,-2.655073
770,26.100000,4.865092,-0.303875,0.468677,-2.782218,0.405413,-0.863084,0.394268,0.394553,0.553558,-0.937980,1.052265,1.742088,-2.392991,-1.143546,-2.635667,-1.360974
771,26.120000,4.675659,-0.431551,0.069837,-1.975648,0.391758,-0.933156,0.037660,0.633995,0.143279,-1.589970,1.366673,2.113956,-2.618474,-1.238090,-2.043859,-0.894175
772,26.140000,3.852439,-0.293386,-0.184262,-1.138142,0.117110,-0.785558,0.286398,0.798477,0.035865,-2.145741,1.345100,1.987212,-2.921635,-1.467034,-1.846782,-0.859204
773,26.160000,2.128148,-0.030351,-0.478736,0.149925,-0.040315,-0.053066,0.899622,0.688380,0.019129,-2.594680,1.368592,1.897443,-2.862823,-1.482231,-2.123430,-1.273429
774,26.180000,-0.052670,0.472306,-0.519696,1.124102,-0.089890,1.402309,1.876336,0.646291,0.307475,-1.956555,0.945578,1.436087,-2.482189,-1.722441,-2.838755,-2.250061
775,26.200000,-2.010324,1.070184,-0.424382,0.638222,-0.095040,2.160824,3.770767,0.801526,1.168501,-0.593213,0.732662,0.784758,-1.891936,-2.449830,-3.073227,-3.083811
776,26.220000,-3.004479,1.148787,-0.506984,-0.224904,-0.067774,1.968508,5.946300,0.840858,1.480191,-0.221491,0.334105,-0.103011,-1.507968,-3.683864,-2.451641,-3.067942
777,26.240000,-3.248746,1.059685,-0.601208,-0.756333,-0.465352,1.603631,7.148150,0.931113,1.636798,-0.429584,0.147524,-0.758851,-1.536096,-4.640501,-1.837863,-2.850018
778,26.260000,-3.068140,0.879548,-0.499965,-1.057226,-0.836764,1.065146,6.823928,0.838596,1.598568,-0.478162,0.352844,-0.879347,-1.625361,-4.966319,-1.707225,-2.837853
779,26.280000,-2.282288,0.499168,-0.406214,-1.365752,-0.992776,0.716483,5.832438,0.872195,1.479961,-0.622588,0.686557,-0.626697,-1.393250,-4.812416,-1.655455,-2.691760
780,26.300000,-0.700647,0.117589,0.062042,-1.664299,-0.906367,0.412964,4.385937,0.878040,1.442226,-0.718055,0.796269,-0.018493,-0.986231,-4.177627,-1.567610,-2.411894
781,26.320000,0.687677,0.118868,0.642801,-1.690513,-0.512242,-0.138030,2.525065,1.004519,1.562128,-0.421018,0.987074,1.065438,-0.233479,-2.855078,-1.322306,-1.939129
782,26.340000,1.775627,0.424842,0.984184,-1.493076,0.013922,-0.558357,0.849251,1.074718,2.138830,0.104601,1.023701,1.800849,0.552563,-1.493755,-1.056267,-1.028663
783,26.360000,2.130601,0.703416,0.753764,-0.611576,0.361400,-0.672119,-0.542543,1.435270,2.533110,0.067618,1.186010,2.187142,1.158236,-0.526653,-0.668791,0.135376
784,26.380000,1.915702,0.911143,0.428208,0.030856,0.443989,-0.679006,-0.949697,1.659772,2.882620,-0.074516,1.592239,2.446912,1.569967,-0.071930,-0.359923,1.108487
785,26.400000,0.821060,1.148549,0.121163,0.493759,0.332537,-0.718492,-0.694856,2.087346,3.448241,-0.164306,1.812964,2.380244,1.904323,0.175750,-0.388623,1.404581
786,26.420000,-0.184721,1.189123,-0.083610,0.875364,0.208406,-0.834968,-0.308424,2.308538,3.519423,-0.205563,1.772212,2.321112,1.911750,-0.014227,-0.568354,0.728438
787,26.440000,-0.511768,1.367507,0.014299,0.651939,0.332237,-0.875583,0.248795,2.336897,3.976912,-0.257384,1.601904,2.273824,1.842019,-0.151523,-0.985706,-0.137045
788,26.460000,-0.622903,1.268459,0.095857,0.608687,0.378941,-0.877149,0.301896,2.367675,4.140429,-0.151711,1.387496,2.027191,1.833377,-0.192448,-0.903927,-0.771398
789,26.480000,-0.657453,1.134868,0.399065,0.678731,0.509750,-0.821945,0.097190,2.222289,3.960258,-0.140949,1.095173,1.904839,1.943033,-0.157401,-0.708720,-0.906929
790,26.500000,-0.375336,1.044920,0.701602,0.847492,0.518463,-0.828939,-0.207990,1.999391,3.271919,-0.012836,0.816087,2.170279,2.163594,-0.189484,-0.417764,-1.191021
791,26.520000,0.115602,1.314281,1.260159,1.238703,0.473717,-0.863141,-0.917549,1.728360,2.294170,0.407087,0.715429,2.768488,2.597098,-0.134983,0.018440,-1.610895
792,26.540000,0.859289,1.576686,1.489566,1.693367,0.336069,-0.896918,-2.033458,1.549040,1.408614,1.099357,0.586853,3.139499,3.040053,-0.098597,0.634699,-1.899301
793,26.560000,1.768667,1.870797,1.723506,2.201822,0.174745,-0.960279,-3.419658,1.306192,0.499421,1.925686,0.344954,3.497021,3.448085,-0.023907,1.333474,-2.170953
794,26.580000,3.181199,1.733747,1.883473,2.523954,0.080249,-0.971416,-4.752926,0.763545,-0.666000,2.603385,0.294868,4.101802,3.421243,-0.109194,2.048436,-2.492365
795,26.600000,4.191901,1.583940,1.895382,2.162471,0.025931,-0.911726,-5.184577,0.354581,-0.959575,2.584552,0.358479,4.252354,3.148303,0.003670,2.503801,-2.390200
796,26.620000,4.249010,1.108260,1.456842,1.148165,0.312504,-0.569957,-3.638844,-0.248493,-0.877942,1.558161,0.554745,4.265118,2.821135,0.268562,3.067748,-1.839798
797,26.640000,3.738492,0.764988,0.718606,0.271293,0.609891,-0.134328,-0.995482,-0.719666,-0.427207,-0.236608,0.668766,3.918048,2.554653,0.551308,3.525929,-1.254363
798,26.660000,2.577870,0.314984,-0.082712,-0.283720,0.295863,0.306134,2.680438,-0.667536,0.606270,-2.989731,0.512353,2.058254,1.887307,0.550277,3.366356,-0.524329
799,26.680000,1.335025,0.395143,-0.465581,-0.456414,0.000066,0.246375,5.161432,0.259871,2.404114,-4.746086,-0.066083,-0.592549,1.253078,0.512218,2.073601,1.267100
800,26.700000,-0.024359,0.912735,-0.299666,-0.325700,-0.177132,0.485531,5.599618,1.041409,3.491235,-3.570940,0.164701,-0.622085,1.025723,0.691858,0.943369,2.321878
801,26.720000,-0.359496,1.111586,-0.202853,-1.630938,-0.034289,0.262001,4.729453,1.179160,3.609652,-1.879501,0.446518,-0.130238,0.883157,0.035963,0.584991,1.956805
802,26.740000,-0.647563,1.201410,-0.007276,-2.491012,0.446972,0.333776,4.088054,1.113751,3.622004,-1.023219,0.729629,0.078913,1.125604,-0.018338,0.980156,1.533620
803,26.760000,-0.589613,1.436498,0.417792,-2.697827,0.761941,0.558252,2.883760,0.980010,3.507895,0.055427,0.709404,0.689077,1.172126,0.202283,1.417799,1.031762
804,26.780000,-0.667493,1.295781,0.935011,-2.424076,0.704898,0.444787,1.592908,0.722881,2.820348,0.845498,0.493492,0.834495,1.133171,0.231008,1.668523,0.337793
805,26.800000,-0.925432,1.148949,1.671816,-1.407543,0.628704,0.025221,0.755858,0.504532,2.395987,0.518116,0.485991,0.960917,0.934262,0.200208,1.302047,-0.074360
806,26.820000,-0.735902,0.825537,1.425757,-0.324112,0.422154,0.038927,0.182151,0.284861,1.720936,-0.185009,0.378064,0.664226,0.552939,-0.214011,0.796687,-0.257870
807,26.840000,-0.314737,0.735041,0.776206,0.622585,0.259401,0.469728,0.065253,-0.012611,1.317710,-1.289073,0.370168,0.526467,0.188593,-0.110918,0.199980,0.070281
808,26.860000,-0.051382,0.607248,0.168064,1.110579,0.162541,1.314634,0.213726,-0.193484,1.381321,-1.867234,0.296233,0.243783,-0.169382,0.459931,-0.640782,0.544769
809,26.880000,-0.270452,0.454814,0.255503,0.868764,0.070326,1.294832,0.683340,-0.068701,1.189556,-1.667422,0.057670,0.117824,-0.177422,0.856145,-0.907091,1.008366
810,26.900000,-0.491284,0.499414,0.293494,0.509220,0.115324,1.257887,1.281684,0.133932,1.101689,-1.300720,-0.093623,0.111014,-0.027428,1.082860,-0.921507,1.471215
811,26.920000,-0.596037,0.550062,0.209559,0.066519,0.171544,1.077213,1.733154,0.259986,1.018513,-0.952694,-0.116196,0.222958,0.230907,1.106365,-0.708354,1.695370
812,26.940000,-0.553921,0.514865,0.242643,-0.166757,0.244092,0.968726,1.870175,0.295039,0.913480,-0.765099,0.033231,0.498774,0.367851,0.871325,-0.373896,1.590919
813,26.960000,-0.441433,0.426325,0.312081,-0.280634,0.225504,0.766811,1.721712,0.250869,0.700082,-0.728903,0.170689,0.694730,0.315411,0.631196,-0.095410,1.299434
814,26.980000,-0.398932,0.409400,0.436417,-0.198968,0.238305,0.858277,1.631505,0.259092,0.759459,-0.801413,0.292067,0.891303,0.421520,0.686319,0.200304,1.168706
815,27.000000,-0.514186,0.462164,0.439675,-0.312769,0.291642,0.578813,1.563238,0.368075,1.090970,-0.868525,0.509451,1.084141,1.201039,1.433114,1.070042,1.813036
816,27.020000,-0.656993,0.703955,0.288235,-0.511076,0.539941,0.389270,1.549785,0.556569,1.749629,-0.824886,0.871204,1.584374,2.477727,2.528919,2.222964,2.939131
817,27.040000,-0.753709,0.918745,0.042065,-0.834092,0.654986,0.262280,1.415577,0.916695,2.606499,-0.540718,1.218904,2.074564,3.367096,3.394088,3.268705,3.789006
818,27.060000,-0.665926,0.677594,-0.334186,-1.129678,0.708339,0.313315,1.257338,1.056181,2.683035,-0.002896,1.215184,2.240956,3.745464,3.578315,3.939972,3.778231
819,27.080000,-0.618023,0.687190,-0.461797,-1.369931,0.855648,0.360308,1.327763,1.473401,3.127220,0.128762,1.561217,2.939681,3.615947,3.333590,4.033706,3.221134
820,27.100000,-0.463000,0.552266,-0.545590,-1.171283,0.937253,0.384237,1.211513,1.534856,3.078928,0.035693,1.641177,3.280924,3.433697,2.880462,3.944334,2.523865
821,27.120000,-0.372124,0.542170,-0.519306,-0.893708,0.914302,0.320179,1.185742,1.651198,3.167837,-0.353187,1.613691,3.458399,3.386890,2.705663,3.898058,2.289444
822,27.140000,-0.271410,0.473065,-0.496045,-0.560865,0.855204,0.300106,1.182500,1.544248,2.982164,-0.740679,1.661261,3.605643,3.393714,2.613013,3.832691,2.281849
823,27.160000,-0.093256,0.385709,-0.480752,-0.133478,0.727392,0.259759,1.149727,1.376623,2.665879,-1.106342,1.445981,3.384361,3.355911,2.565183,3.585651,2.606741
824,27.180000,0.176639,0.311643,-0.366592,0.323703,0.590260,0.265778,1.218147,1.059574,2.113913,-1.609796,1.545454,3.411015,3.257162,2.596743,3.304668,2.987571
825,27.200000,0.257006,0.476501,-0.356718,0.102367,0.503377,0.212628,1.747335,1.103861,2.181462,-1.770955,1.259105,3.166348,3.431088,2.874747,3.109119,3.608192
826,27.220000,0.248901,0.422271,-0.478283,-0.153891,0.577500,0.302903,2.163052,1.100490,2.337172,-1.536701,1.422942,3.180131,3.320614,2.879763,2.949875,3.920090
827,27.240000,0.187709,0.488963,-0.507728,-0.434213,0.587068,0.308244,2.401552,1.092000,2.578094,-1.295072,1.258001,2.774602,3.192078,2.878168,2.738016,4.020038
828,27.260000,-0.018167,0.434358,-0.474639,-0.604502,0.600301,0.353585,2.658234,0.793794,2.323951,-0.968010,0.955447,2.231397,3.079548,2.892849,2.703278,3.849303
829,27.280000,-0.275884,0.614428,-0.413981,-0.857111,0.515475,0.418401,3.028642,0.883148,2.504306,-0.808565,0.873945,1.951972,3.049103,2.935103,2.765910,3.752858
830,27.300000,-0.506318,0.530053,-0.440512,-0.722709,0.440359,0.504285,3.121076,0.673225,2.133330,-0.708870,0.791367,1.562670,2.973657,2.848011,2.833502,3.462236
831,27.320000,-0.766184,0.648396,-0.375085,-0.691936,0.357566,0.661013,3.429730,0.774187,2.314630,-0.745632,0.810184,1.531359,3.013938,2.874270,2.948816,3.416275
832,27.340000,-0.984797,0.652504,-0.427729,-0.637156,0.263661,0.883559,3.787275,0.686018,2.255172,-0.661955,0.754217,1.286650,3.058621,2.808625,3.055510,3.248302
833,27.360000,-1.262028,0.581146,-0.476859,-0.730220,0.166138,1.027707,4.149452,0.838604,2.163743,-0.538917,0.363469,0.814984,3.134947,2.654456,3.254461,3.197017
834,27.380000,-1.388936,0.591606,-0.486162,-0.657634,0.109336,1.272552,4.421274,0.786949,2.129761,-0.597520,0.413774,0.712330,3.049462,2.518259,3.161459,3.048848
835,27.400000,-1.415738,0.552921,-0.486926,-0.386026,0.022857,1.324627,4.406346,0.538085,1.823100,-0.599323,0.388065,0.504663,2.811970,2.379856,2.836104,2.764887
836,27.420000,-1.577910,0.609945,-0.366011,-0.448271,-0.136363,1.467716,4.524445,0.679721,1.737781,-0.554482,0.202714,0.331737,2.824670,2.303930,2.870061,2.766047
837,27.440000,-1.572015,0.565983,-0.289516,-0.437489,-0.158368,1.458732,4.441339,0.619620,1.604581,-0.603531,0.257901,0.305126,2.797784,2.358130,2.856249,2.770257
838,27.460000,-1.329741,0.442381,-0.212680,-0.271106,-0.152118,1.262910,4.039690,0.434677,1.368215,-0.658655,0.329642,0.337346,2.591853,2.522801,2.606710,2.723810
839,27.480000,-1.126079,0.477638,0.123877,-0.452692,-0.246762,1.317828,3.987488,0.543116,1.409360,-0.626519,0.182871,0.334564,2.791328,2.694607,2.751824,2.942739
840,27.500000,-0.852760,0.388753,0.221391,-0.634416,-0.247127,1.223081,3.754764,0.513741,1.248952,-0.558846,0.163591,0.334854,3.013398,2.844077,2.906110,3.117909
841,27.520000,-0.261563,0.342382,0.284578,-0.588410,-0.151171,1.227155,3.334506,0.433497,1.239654,-0.674626,0.239076,0.497879,3.014866,2.999389,2.774121,3.254281
842,27.540000,0.266756,0.288335,0.463722,-0.535497,-0.138985,0.887652,2.853647,0.290760,1.013726,-0.786156,0.292826,0.640506,2.938934,3.167681,2.727279,3.255108
843,27.560000,0.611750,0.306005,0.632260,-0.546946,-0.091974,0.628113,2.420616,0.357802,0.807882,-0.851952,0.287025,0.824471,2.920486,3.286994,2.751787,3.327784
844,27.580000,0.916400,0.327476,0.690843,-0.624295,-0.067703,0.452233,2.105387,0.321942,0.725489,-0.866443,0.314117,1.006123,3.028734,3.387246,2.860443,3.439339
845,27.600000,1.211748,0.275837,0.705083,-0.575615,0.039981,0.260998,1.712945,0.335539,0.650233,-0.985535,0.420183,1.240989,3.114518,3.447609,2.977620,3.525801
846,27.620000,1.424018,0.289304,0.788802,-0.466660,0.124883,0.215236,1.350833,0.344506,0.569588,-1.093084,0.528661,1.460748,3.154519,3.477064,3.140407,3.599769
847,27.640000,1.574826,0.298234,0.832635,-0.459859,0.103334,0.203204,1.199319,0.344808,0.585415,-1.122810,0.527092,1.560498,3.240376,3.479915,3.241551,3.699178
848,27.660000,1.713050,0.197346,0.778235,-0.396561,0.131166,0.162195,1.035592,0.305136,0.487519,-1.180844,0.502564,1.587293,3.256109,3.483706,3.277835,3.699953
849,27.680000,1.746289,0.235558,0.843100,-0.402524,0.136445,0.297258,1.004757,0.292754,0.526021,-1.197294,0.522775,1.652816,3.301439,3.536445,3.341383,3.765884
850,27.700000,1.653680,0.242084,0.852132,-0.381920,0.156188,0.469344,1.053655,0.281470,0.542657,-1.212200,0.517209,1.677123,3.341376,3.593848,3.388149,3.826247
851,27.720000,1.472682,0.197289,0.586420,-0.325013,0.108322,0.416067,1.149857,0.288885,0.476245,-1.125106,0.293374,1.413627,3.294387,3.388426,3.251052,3.666476
852,27.740000,1.224325,0.233347,0.595205,-0.335414,0.073340,0.450153,1.289825,0.383430,0.533429,-1.177611,0.211849,1.231985,3.194031,3.203924,3.145512,3.583517
853,27.760000,1.070924,0.236240,0.657561,-0.332995,0.052641,0.460294,1.422526,0.294289,0.585840,-1.262886,0.257464,1.080613,3.077363,3.122700,3.094333,3.552687
854,27.780000,0.987424,0.218693,0.789925,-0.292511,0.025801,0.556499,1.508189,0.250999,0.677501,-1.284931,0.242952,1.015468,3.036081,3.110490,3.000926,3.540106
855,27.800000,0.733878,0.225698,0.828704,-0.347500,-0.008371,0.500627,1.507870,0.300394,0.662203,-1.176748,0.111265,0.846357,3.012498,3.076858,2.934632,3.486647
856,27.820000,0.633737,0.235869,0.858437,-0.360633,-0.019575,0.592997,1.559890,0.302195,0.725723,-1.163153,0.123106,0.810336,2.968866,3.015619,2.889341,3.491362
857,27.840000,0.530168,0.257083,0.727220,-0.415620,-0.040460,0.553583,1.520445,0.287985,0.717145,-1.070607,0.085578,0.723683,2.936196,2.941634,2.846868,3.418736
858,27.860000,0.484797,0.226721,0.702929,-0.322371,0.013487,0.550687,1.361330,0.276356,0.630762,-1.112902,0.124918,0.709070,2.846460,2.927403,2.858229,3.391832
859,27.880000,0.483429,0.270539,0.707837,-0.222214,0.012794,0.642857,1.287745,0.255349,0.665307,-1.164300,0.254317,0.792455,2.833845,3.033927,2.918349,3.450260
860,27.900000,0.345845,0.226447,0.649528,-0.221701,-0.031580,0.471467,1.213824,0.314344,0.567689,-1.190960,0.197945,0.807704,2.884369,3.045305,2.991869,3.455205
861,27.920000,0.321314,0.253917,0.693505,-0.307972,-0.082621,0.676783,1.392615,0.345052,0.738226,-1.157945,0.215278,0.865109,3.006421,3.009875,3.064384,3.496381
862,27.940000,0.466775,0.199477,0.540617,-0.299183,-0.000451,0.708945,1.325639,0.267235,0.707857,-1.153800,0.293523,0.898913,3.025711,3.004533,3.053687,3.393368
863,27.960000,0.574425,0.181536,0.507474,-0.227977,0.099215,0.672393,1.127197,0.270070,0.564233,-1.250011,0.330942,0.994252,2.922192,3.077870,3.027256,3.355655
864,27.980000,0.465853,0.283581,0.716196,-0.347218,0.010505,0.810045,1.292879,0.356141,0.756842,-1.232674,0.336101,1.100551,3.021457,3.182643,3.121603,3.474887
865,28.000000,0.382345,0.263446,0.577149,-0.589098,0.023579,0.712498,1.336635,0.394502,0.795436,-1.102234,0.301988,1.113163,3.149773,3.186106,3.216060,3.474510
866,28.020000,0.511751,0.252558,0.335523,-0.664664,0.097812,0.724636,1.243827,0.350798,0.817975,-0.977610,0.307960,1.071031,3.162499,3.097091,3.224036,3.420945
867,28.040000,0.549872,0.308236,0.354661,-0.909394,0.063138,0.726854,1.249524,0.424948,0.945622,-0.878486,0.277328,1.002591,3.189578,3.021224,3.319147,3.375737
868,28.060000,0.548142,0.318678,0.364226,-1.107434,0.077014,0.838793,1.252089,0.481826,1.094138,-0.728792,0.303038,0.944677,3.191242,2.949887,3.423430,3.375184
869,28.080000,0.534804,0.367496,0.225457,-1.393938,-0.052938,0.728183,1.288069,0.533090,1.235488,-0.521439,0.148178,0.705922,3.206679,2.831297,3.442077,3.281837
870,28.100000,0.677957,0.329714,0.256256,-1.417720,0.004053,0.926616,1.224016,0.488416,1.330521,-0.533037,0.233897,0.764333,3.135070,2.830453,3.373014,3.170200
871,28.120000,0.706327,0.361649,0.293434,-1.418802,-0.018376,0.896800,1.117934,0.422041,1.318206,-0.440707,0.207832,0.681097,3.030151,2.855602,3.299907,3.005552
872,28.140000,0.604180,0.349530,0.337675,-1.501621,-0.160461,0.814074,1.135954,0.440476,1.247114,-0.300712,0.022388,0.401690,2.985550,2.758900,3.275127,2.924267
873,28.160000,0.633450,0.318257,0.316301,-1.416145,-0.141624,0.902398,1.136300,0.417757,1.196855,-0.319294,0.044645,0.362597,2.929193,2.711220,3.192160,2.902350
874,28.180000,0.657379,0.296479,0.431845,-1.185586,-0.101069,0.924663,1.042876,0.360157,1.113289,-0.481526,0.115773,0.473494,2.890894,2.794747,3.095357,2.887547
875,28.200000,0.542500,0.241984,0.582690,-0.989620,-0.141542,0.819900,0.971130,0.308697,1.012512,-0.569750,0.080487,0.438183,2.855300,2.840392,3.040839,2.921165
876,28.220000,0.761716,-0.269567,0.630152,-0.706789,-0.625381,1.527975,0.905283,0.121297,0.251468,-0.648069,-0.586612,-0.226432,0.776034,0.121248,0.761346,0.433334
877,28.240000,1.104440,-0.823221,0.665920,-0.642659,-1.237825,1.351249,0.758971,0.070353,-0.283781,-0.834215,-0.485067,-0.482548,-0.606249,-1.310933,-0.291204,-0.418060
878,28.260000,1.458086,-1.569973,0.748269,-0.359042,-1.724875,0.943057,0.181759,0.040475,-0.751629,-0.807261,-0.407579,-0.669238,-1.347889,-1.153125,-0.494969,-0.009143
879,28.280000,1.691124,-2.113347,0.717733,-0.222406,-1.726851,0.271084,-0.455478,0.291682,-0.894167,-0.655703,-0.368940,-0.710409,-1.272421,-0.358300,-0.416474,0.722203
880,28.300000,1.860201,-2.300264,0.514538,-0.564800,-1.564357,-0.297616,-0.847854,0.464772,-0.830799,-0.389982,-0.347717,-0.717005,-0.204405,0.592858,0.060824,1.758822
881,28.320000,1.960066,-1.890885,0.163451,-1.272815,-1.351165,-0.448819,-0.856688,0.504840,-0.476066,0.034903,-0.273504,-0.625925,1.174735,1.277715,0.569341,2.563658
882,28.340000,2.159121,-1.555830,0.064639,-1.720167,-1.038979,-0.319282,-0.748044,0.377220,-0.184893,0.194659,-0.108219,-0.355409,1.928435,1.439626,0.798292,2.620950
883,28.360000,2.242194,-1.182515,-0.028354,-1.895203,-0.863469,-0.094379,-0.532208,0.255669,-0.025177,0.229427,-0.078502,-0.235234,1.742980,0.982944,0.540433,1.977128
884,28.380000,2.441045,-1.390956,0.195894,-2.158967,-1.277893,0.479897,-0.292901,-0.056898,-0.455429,0.159020,-0.291416,-0.561074,0.408769,-0.316726,-0.174852,0.616467
885,28.400000,2.650342,-1.735068,0.352473,-2.281277,-1.685677,0.716186,-0.251455,-0.088282,-0.833968,0.206203,-0.417619,-0.889726,-1.121366,-1.593777,-1.126029,-0.490512
886,28.420000,2.595988,-2.231801,0.296643,-2.133649,-1.933423,0.218539,-0.425425,0.076006,-1.029681,0.299704,-0.301105,-0.931792,-1.752401,-1.727934,-1.547596,-0.553227
887,28.440000,2.221318,-2.353486,0.125498,-2.184503,-1.982854,-0.421229,-0.514205,0.217087,-0.941186,0.570364,-0.212975,-0.942124,-1.513387,-1.266158,-1.500974,-0.121286
888,28.460000,2.113976,-2.296197,-0.034745,-2.325738,-1.807570,-0.766679,-0.651384,0.384949,-0.755667,0.831913,-0.163160,-0.879631,-0.891305,-0.810768,-1.271060,0.247923
889,28.480000,2.226968,-2.023790,-0.144020,-2.605710,-1.682153,-1.000266,-0.613057,0.360161,-0.560917,0.942746,-0.121341,-0.745284,-0.196558,-0.521585,-1.081981,0.420225
890,28.500000,2.552694,-1.827234,-0.168449,-2.768793,-1.488811,-0.829320,-0.536887,0.332572,-0.440685,0.867096,-0.157852,-0.632858,0.120962,-0.474009,-0.952352,0.372957
891,28.520000,2.734739,-1.605114,0.014142,-3.013990,-1.514336,-0.461022,-0.423677,0.161935,-0.486584,0.816130,-0.182611,-0.634419,-0.089667,-0.671403,-1.011536,0.036046
892,28.540000,2.708174,-1.546384,0.150265,-3.228643,-1.586143,-0.094820,-0.332513,0.067085,-0.569439,0.814347,-0.156923,-0.723009,-0.429014,-0.935481,-1.215101,-0.287216
893,28.560000,2.524992,-1.529981,0.213119,-3.243535,-1.648678,0.117607,-0.245384,-0.089230,-0.682760,0.871765,-0.199504,-0.827376,-0.865520,-1.190668,-1.527915,-0.657581
894,28.580000,2.242612,-1.457861,0.275675,-3.035776,-1.702971,0.215188,-0.186778,-0.159730,-0.743777,0.866396,-0.249962,-0.929716,-1.334306,-1.379483,-1.875369,-1.021825
895,28.600000,1.956997,-1.459629,0.329844,-2.711586,-1.694217,0.191979,-0.233344,-0.207437,-0.812112,0.859514,-0.288040,-0.981833,-1.744590,-1.529941,-2.187430,-1.318316
896,28.620000,1.718233,-1.414178,0.387112,-2.366204,-1.631040,0.154284,-0.300374,-0.211734,-0.821313,0.765108,-0.334441,-0.985991,-2.136262,-1.650765,-2.453950,-1.604277
897,28.640000,1.452898,-1.348661,0.430181,-2.191375,-1.584520,-0.026329,-0.289683,-0.147088,-0.756126,0.646894,-0.326025,-0.951030,-2.261461,-1.771863,-2.622907,-1.776355
898,28.660000,1.366741,-1.275166,0.476206,-2.039974,-1.452726,0.070822,-0.334444,-0.090813,-0.722396,0.559923,-0.297412,-0.865770,-2.416741,-1.866130,-2.657408,-1.849526
899,28.680000,1.310526,-1.196165,0.360785,-1.877474,-1.278916,0.126472,-0.353951,-0.015275,-0.617387,0.455197,-0.267711,-0.752550,-2.571261,-1.983716,-2.697576,-1.945620
900,28.700000,1.224078,-1.072640,0.231333,-1.730017,-1.130800,0.132295,-0.312410,0.037608,-0.502872,0.379787,-0.262024,-0.704105,-2.619687,-2.127221,-2.709932,-2.016939
901,28.720000,1.124080,-0.994790,0.315789,-1.763307,-1.081003,0.413435,-0.248175,0.050220,-0.483502,0.425300,-0.239392,-0.685237,-2.778238,-2.343917,-2.678975,-2.149383
902,28.740000,0.940557,-0.881083,0.337801,-1.837167,-0.986923,0.538761,-0.179463,0.067243,-0.413163,0.492723,-0.196041,-0.633528,-2.877194,-2.573880,-2.699307,-2.316339
903,28.760000,0.708100,-0.740520,0.433453,-1.959744,-1.027842,0.534870,-0.045128,0.122933,-0.244397,0.689058,-0.207177,-0.654751,-2.722399,-2.830630,-2.765007,-2.348907
904,28.780000,0.541010,-0.631139,0.387384,-1.951290,-0.876199,0.363991,-0.054536,0.120474,-0.219201,0.779771,-0.143293,-0.580601,-2.608688,-2.946025,-2.737076,-2.399788
905,28.800000,0.518759,-0.599913,0.572638,-1.883907,-0.899579,0.534782,0.043884,0.092352,-0.210153,0.739475,-0.108123,-0.528496,-2.672625,-3.081089,-2.713325,-2.528520
906,28.820000,0.404968,-0.592818,0.740413,-1.828501,-0.877521,0.379022,0.144445,0.103320,-0.242576,0.505777,-0.052514,-0.436733,-2.614205,-3.158618,-2.621315,-2.704723
907,28.840000,0.500788,-0.537043,0.751138,-1.604592,-0.811214,0.569189,0.147690,0.121866,-0.236739,0.397260,0.001691,-0.334591,-2.624706,-3.165793,-2.599435,-2.740460
908,28.860000,0.457814,-0.388956,0.762361,-1.430800,-0.785593,0.616104,0.247846,0.174420,-0.196950,0.244318,0.012315,-0.289493,-2.614790,-3.139485,-2.619313,-2.840466
909,28.880000,0.378116,-0.244434,0.655518,-1.362211,-0.782279,0.690136,0.380355,0.194201,-0.152004,0.227617,0.000680,-0.318250,-2.569945,-3.200415,-2.667269,-2.904550
910,28.900000,0.482942,-0.228560,0.506629,-1.143785,-0.638773,0.761652,0.378045,0.188476,-0.115915,0.119243,0.109696,-0.135567,-2.655435,-3.121562,-2.700578,-2.877501
911,28.920000,0.485734,-0.140461,0.598265,-0.997105,-0.485439,0.831198,0.342840,0.236575,-0.054847,0.048782,0.179991,0.030076,-2.685134,-2.898983,-2.672828,-2.787670
912,28.940000,0.424114,-0.133819,0.721209,-0.964570,-0.469918,0.860431,0.450526,0.276814,0.058044,0.055541,0.210628,0.151051,-2.620046,-2.796721,-2.652042,-2.765526
913,28.960000,0.439323,-0.071967,0.693068,-0.948870,-0.335171,0.878018,0.519457,0.286355,0.109395,0.101113,0.225853,0.247022,-2.457199,-2.709909,-2.634218,-2.697674
914,28.980000,0.436125,0.074614,0.752297,-0.950487,-0.226106,0.946145,0.584420,0.283817,0.215649,0.147919,0.262920,0.324492,-2.343996,-2.601652,-2.571877,-2.653590
915,29.000000,0.368400,0.199316,0.707197,-1.049662,-0.221950,0.803914,0.691721,0.333923,0.312952,0.246817,0.244020,0.247127,-2.212758,-2.609084,-2.514516,-2.602643
916,29.020000,0.396080,0.281200,0.686984,-0.993929,-0.100294,0.797978,0.706573,0.365609,0.425408,0.211740,0.364708,0.473577,-2.092783,-2.545491,-2.422250,-2.494797
917,29.040000,0.360513,0.381168,0.726078,-1.002426,-0.085236,0.711480,0.760154,0.415252,0.552316,0.228560,0.407280,0.507332,-1.960902,-2.429097,-2.339252,-2.397770
918,29.060000,0.458267,0.402532,0.743196,-1.036674,-0.098807,0.710411,0.872034,0.372728,0.647891,0.283692,0.409684,0.499989,-1.918893,-2.471896,-2.304844,-2.412716
919,29.080000,0.578816,0.471076,0.692357,-1.032992,-0.055031,0.785908,0.942451,0.382602,0.752416,0.283927,0.412981,0.490876,-1.859359,-2.467122,-2.311803,-2.377517
920,29.100000,0.546560,0.571468,0.775544,-0.993381,0.003956,0.866130,0.953817,0.443870,0.810354,0.197130,0.495349,0.613578,-1.785348,-2.342888,-2.260564,-2.278403
921,29.120000,0.502845,0.631434,0.815114,-1.059006,-0.049065,0.880514,1.130936,0.529981,1.043737,0.218390,0.527225,0.620243,-1.705656,-2.378431,-2.268332,-2.224143
922,29.140000,0.567941,0.600484,0.690582,-0.993060,-0.025594,0.922841,1.179424,0.495653,1.079133,0.246693,0.543715,0.669234,-1.696627,-2.417761,-2.296933,-2.207740
923,29.160000,0.558989,0.691467,0.710693,-0.963000,-0.002528,0.972120,1.255987,0.522300,1.186864,0.215003,0.555912,0.688195,-1.681164,-2.353971,-2.294235,-2.157992
924,29.180000,0.519513,0.656569,0.635749,-1.002911,-0.076079,0.915879,1.324899,0.545883,1.184760,0.277769,0.532899,0.567016,-1.719332,-2.468510,-2.327909,-2.230677
925,29.200000,0.640296,0.673125,0.568006,-0.883032,-0.058439,0.939731,1.314347,0.426964,1.080123,0.177926,0.524675,0.646126,-1.905125,-2.482401,-2.418768,-2.250195
926,29.220000,0.635158,0.683532,0.736812,-0.897952,-0.088000,0.949054,1.340561,0.480465,1.075592,0.121373,0.532328,0.629702,-1.947568,-2.392516,-2.467303,-2.210489
927,29.240000,0.659066,0.567870,0.671764,-0.948340,-0.186542,0.901894,1.377696,0.440486,0.849391,0.161175,0.482043,0.463409,-2.025448,-2.571676,-2.474665,-2.316953
928,29.260000,0.857224,0.504708,0.539854,-0.727084,-0.132000,0.938551,1.286157,0.290680,0.573825,0.041517,0.439595,0.566098,-2.235722,-2.558371,-2.508786,-2.329509
929,29.280000,0.862105,0.488730,0.702077,-0.772437,-0.205612,0.919781,1.336852,0.369984,0.530125,-0.068684,0.407844,0.473242,-2.259941,-2.531011,-2.535975,-2.330393
930,29.300000,0.957596,0.436861,0.751375,-0.913427,-0.322106,0.914335,1.474119,0.330739,0.459539,-0.119604,0.324541,0.378511,-2.334154,-2.778757,-2.621073,-2.431732
931,29.320000,1.163561,0.335877,0.649033,-0.927955,-0.340794,0.949089,1.531524,0.319859,0.400450,-0.229520,0.264589,0.347788,-2.435990,-2.988955,-2.710279,-2.438931
932,29.340000,1.395645,0.249706,0.708652,-0.895051,-0.369346,0.965574,1.444716,0.257502,0.275263,-0.355436,0.274098,0.331333,-2.648490,-3.034333,-2.771315,-2.434031
933,29.360000,1.647533,0.125906,0.670467,-0.842915,-0.410097,0.896735,1.337620,0.213036,0.079882,-0.401323,0.246056,0.325740,-2.853064,-3.081523,-2.824205,-2.407367
934,29.380000,1.842119,0.032572,0.718032,-0.829322,-0.445903,0.850122,1.245756,0.230610,-0.003069,-0.489306,0.237790,0.372319,-2.970605,-3.043008,-2.873523,-2.392704
935,29.400000,1.889089,-0.024710,0.728791,-0.837005,-0.411374,0.789071,1.127486,0.291189,-0.089499,-0.563636,0.252487,0.437072,-2.992994,-2.875454,-2.880346,-2.352046
936,29.420000,2.037325,-0.129768,0.637159,-0.789668,-0.379471,0.687117,1.009828,0.248016,-0.174856,-0.599508,0.296981,0.505542,-3.070560,-2.783390,-2.855994,-2.338890
937,29.440000,2.003486,-0.038481,0.811644,-0.926347,-0.391799,0.710692,1.134820,0.356710,-0.050392,-0.636282,0.278271,0.559773,-2.943798,-2.731441,-2.864634,-2.354966
938,29.460000,2.019861,-0.071322,0.727704,-0.998449,-0.390903,0.696437,1.193204,0.317242,-0.092232,-0.603149,0.283424,0.526061,-2.848021,-2.810853,-2.805075,-2.420480
939,29.480000,2.037253,0.037728,0.721803,-1.032400,-0.367592,0.749090,1.314303,0.383588,0.014867,-0.608153,0.260232,0.531734,-2.679126,-2.898013,-2.798943,-2.371871
940,29.500000,1.935725,0.094848,0.609648,-1.132199,-0.459680,0.600202,1.418953,0.350803,0.053046,-0.555453,0.205732,0.374963,-2.624780,-3.059726,-2.795750,-2.430857
941,29.520000,2.148489,-0.027356,0.570205,-1.000632,-0.399479,0.735182,1.370890,0.270004,-0.005959,-0.646121,0.298099,0.529229,-2.766786,-3.061758,-2.770317,-2.361862
942,29.540000,2.021103,0.134169,0.618316,-1.023736,-0.412754,0.677176,1.394170,0.358670,0.079862,-0.624710,0.338573,0.493584,-2.710480,-2.912399,-2.776466,-2.267430
943,29.560000,1.978556,0.040730,0.512898,-0.924838,-0.416253,0.638757,1.319579,0.249385,-0.058199,-0.573709,0.334929,0.498160,-2.811267,-2.885383,-2.738806,-2.313399
944,29.580000,1.876232,0.183139,0.691412,-0.995726,-0.388690,0.805132,1.518798,0.390568,0.217419,-0.616326,0.393003,0.633126,-2.669252,-2.759681,-2.775025,-2.239113
945,29.600000,1.704268,0.190546,0.585961,-1.063705,-0.433903,0.743645,1.606135,0.295008,0.142187,-0.460238,0.351489,0.487842,-2.624490,-2.813603,-2.752525,-2.344714
946,29.620000,1.658175,0.291121,0.650056,-1.050683,-0.366088,0.956821,1.828890,0.381908,0.405167,-0.509604,0.405191,0.593535,-2.502783,-2.805869,-2.736555,-2.246320
947,29.640000,1.443623,0.394809,0.551075,-1.097671,-0.378044,0.905682,2.057138,0.389589,0.560073,-0.469075,0.503584,0.585745,-2.366167,-2.825096,-2.663368,-2.206318
948,29.660000,1.269184,0.459251,0.445149,-1.049480,-0.337860,0.943782,2.198922,0.416840,0.744523,-0.442090,0.527217,0.638099,-2.308582,-2.786154,-2.625405,-2.157368
949,29.680000,1.015324,0.537195,0.253056,-1.072343,-0.401168,0.839461,2.425215,0.473969,0.890982,-0.327405,0.557270,0.483069,-2.240205,-2.860312,-2.585119,-2.176483
950,29.700000,0.873194,0.530982,0.185118,-1.009046,-0.397463,0.885718,2.528414,0.438504,0.924686,-0.286878,0.587566,0.438498,-2.240727,-2.932245,-2.545454,-2.220651
951,29.720000,0.675931,0.602042,0.243177,-0.936963,-0.334481,0.953006,2.536277,0.499218,1.014636,-0.309165,0.687414,0.551421,-2.202310,-2.826510,-2.516150,-2.229851
952,29.740000,0.527530,0.628790,0.270840,-0.916272,-0.348693,0.957555,2.527709,0.521472,1.050985,-0.223292,0.686300,0.550857,-2.149529,-2.779879,-2.492442,-2.251435
953,29.760000,0.465698,0.642873,0.199142,-0.930812,-0.408877,0.907761,2.482802,0.487128,1.035229,-0.113616,0.537876,0.328382,-2.194234,-2.860510,-2.573475,-2.330955
954,29.780000,0.650157,0.571718,0.230155,-0.736360,-0.273215,1.060409,2.180151,0.342776,0.906422,-0.106421,0.664159,0.513105,-2.288263,-2.696966,-2.625889,-2.277461
955,29.800000,0.659400,0.624892,0.427139,-0.826184,-0.298782,1.041538,2.093404,0.440757,1.001034,-0.075599,0.610218,0.500601,-2.232566,-2.626172,-2.612606,-2.210009
956,29.820000,0.662695,0.600659,0.480386,-0.861027,-0.320667,1.011491,2.013430,0.460285,0.932620,-0.076085,0.546122,0.482480,-2.157638,-2.648631,-2.626023,-2.181715
957,29.840000,0.842883,0.592229,0.426943,-0.810310,-0.248712,1.059794,1.939981,0.418639,1.001321,-0.126235,0.563199,0.614629,-2.200094,-2.609859,-2.670433,-2.104504
958,29.860000,0.914765,0.515527,0.367866,-0.778921,-0.241159,0.979191,1.750722,0.373876,0.814005,-0.072072,0.547970,0.560114,-2.259322,-2.606586,-2.689746,-2.113573
959,29.880000,1.128424,0.433518,0.331749,-0.704263,-0.286085,0.988317,1.641495,0.280229,0.605000,-0.089313,0.482666,0.509305,-2.445794,-2.679020,-2.709914,-2.157189
960,29.900000,1.277089,0.456318,0.424978,-0.715664,-0.258777,1.000589,1.593383,0.332248,0.567417,-0.216608,0.533876,0.704353,-2.483324,-2.605912,-2.717400,-2.155186
961,29.920000,1.452241,0.369933,0.418233,-0.768218,-0.318630,1.085354,1.656442,0.334399,0.474090,-0.242727,0.484634,0.717957,-2.485958,-2.688192,-2.683128,-2.187179
962,29.940000,1.679364,0.291195,0.396300,-0.760853,-0.316946,1.067368,1.630608,0.298812,0.367671,-0.334636,0.471508,0.839780,-2.568870,-2.730493,-2.665810,-2.232389
963,29.960000,1.934687,0.229502,0.327879,-0.779221,-0.347932,1.002199,1.567264,0.265440,0.247287,-0.336892,0.424750,0.850258,-2.672714,-2.760610,-2.637472,-2.279181
964,29.980000,2.247252,0.177016,0.347064,-0.839445,-0.372620,0.864069,1.473065,0.254786,0.127544,-0.361583,0.413499,0.939607,-2.740267,-2.771768,-2.595404,-2.288263
965,30.000000,2.678320,0.072765,0.344941,-0.952594,-0.390591,0.671407,1.306405,0.224369,0.012810,-0.370235,0.385260,1.004127,-2.791201,-2.772095,-2.504450,-2.279338
966,30.020000,3.153209,0.016847,0.356742,-1.008896,-0.310988,0.419363,0.936654,0.263286,-0.126796,-0.326250,0.409206,1.254267,-2.705161,-2.658782,-2.355649,-2.241183
967,30.040000,3.778782,-0.007057,0.370934,-1.224017,-0.272450,0.002595,0.470968,0.288924,-0.198290,-0.191751,0.369452,1.455788,-2.574447,-2.579714,-2.181867,-2.250212
968,30.060000,4.687975,-0.083157,0.386987,-1.337306,-0.067420,-0.510929,-0.458539,0.320698,-0.417037,0.015407,0.484803,1.935736,-2.383517,-2.368932,-1.826853,-2.213321
969,30.080000,5.928260,-0.086795,0.500884,-1.374067,0.188286,-0.919228,-1.906324,0.365103,-0.597214,0.454843,0.694479,2.772948,-2.055449,-2.092707,-1.009764,-1.963231
970,30.100000,6.549218,-0.051765,0.473301,-0.941879,0.200481,-1.163146,-3.343735,0.556692,-0.839191,0.858638,0.774540,3.446228,-1.601806,-1.840226,0.106422,-1.879782
971,30.120000,6.504718,0.110106,0.309572,-0.824940,0.147237,-1.172827,-3.771472,0.688180,-0.692825,0.889407,0.758448,3.691342,-0.735842,-1.492950,1.035090,-1.593131
972,30.140000,6.026886,0.515418,0.158087,-0.789860,0.317111,-1.145702,-3.443472,0.316582,-0.646683,0.721485,1.153739,4.192398,0.407777,-0.653229,1.918645,-1.195379
973,30.160000,4.798609,0.786790,-0.003378,-0.904728,0.363807,-1.030150,-1.747774,0.108908,-0.176120,0.087443,1.175216,3.932463,1.499269,0.124462,2.355568,-0.684470
974,30.180000,2.983310,1.029124,-0.368544,-0.803235,0.518797,-0.311919,1.487926,-0.321691,0.392288,-1.399802,1.627491,3.735912,2.428981,1.253451,2.898360,0.446384
975,30.200000,-0.501529,1.041802,-1.451634,-0.093616,0.431143,0.939228,5.480504,0.742344,2.956906,-2.210111,1.477887,1.466386,2.925120,1.926577,2.462758,1.781986
976,30.220000,-3.925236,1.082654,-2.247037,1.480400,0.512913,1.695806,7.849158,1.354014,3.941261,-2.014055,1.471159,-0.086293,2.170158,1.430771,0.439392,2.092271
977,30.240000,-5.208651,0.620357,-2.461277,1.662064,-0.099455,1.572972,8.473036,1.198285,3.334097,-2.206033,1.694304,-0.660704,1.682333,0.636045,-0.169514,1.169469
978,30.260000,-5.775827,0.326119,-2.208354,1.252773,-0.094581,1.949617,8.263346,1.041830,3.084867,-2.223326,1.503101,-0.545066,1.815760,0.635434,0.491415,0.375146
979,30.280000,-5.079779,0.163844,-1.521756,0.889385,0.561502,2.537666,6.528534,0.712787,2.484997,-1.570893,1.149417,1.149410,1.725256,1.586496,1.362085,0.292218
980,30.300000,-3.077075,0.226833,-0.665961,0.380325,1.067721,1.752502,4.038432,0.601568,2.428761,-0.949245,1.288209,4.024824,2.092011,2.678401,1.993967,0.715225
981,30.320000,-0.103428,0.319266,-0.066548,-0.656986,0.785628,-0.080102,1.690967,1.211451,2.494300,-0.674887,1.921471,6.630885,2.998935,3.158374,2.272476,0.731883
982,30.340000,3.533141,-0.129143,0.166789,-1.552852,0.208451,-0.811124,-1.136733,1.735223,1.785097,0.318721,1.641881,7.775249,3.637647,2.415594,3.315978,0.509263
983,30.360000,6.231330,-0.811056,0.154037,-0.363720,-0.393782,-1.839678,-4.853828,1.969412,-0.140332,1.236991,1.677632,8.649558,3.109444,0.860824,3.708320,-0.647233
984,30.380000,6.613083,-0.923965,0.074689,0.831507,-0.173441,-1.827007,-6.618176,2.127230,-0.937274,1.510596,1.476688,8.360588,2.142019,-0.306680,3.491370,-0.864142
985,30.400000,4.410474,-0.280488,-0.057886,-0.022456,0.156353,-0.978368,-4.810869,1.520210,0.088963,1.151997,0.846334,7.097219,2.543088,-0.714520,3.594769,-0.736651
986,30.420000,2.466785,0.386736,-0.231966,-1.070320,0.670744,-0.625053,-1.357557,0.253637,0.312422,-0.583475,0.975129,6.549796,3.706749,-0.874063,3.794579,-1.815310
987,30.440000,1.179356,0.282559,-0.220934,-0.791293,0.577538,-0.652472,1.171309,0.307058,0.586467,-3.212841,1.174407,5.105660,3.480634,-0.816779,3.654388,-2.309955
988,30.460000,0.309310,0.602255,-0.083391,-0.190199,0.006399,-0.633192,3.400819,0.295997,0.599643,-5.103384,1.044310,2.301903,3.216882,-0.713066,3.611314,-1.039986
989,30.480000,-0.239590,0.720922,-0.408457,-0.638927,-0.249997,-0.232803,6.038785,1.543534,2.384176,-4.745215,0.169215,-0.312905,3.096934,-0.310977,3.153526,1.343904
990,30.500000,-1.861479,0.832891,-0.671782,-0.177523,0.065746,0.441160,6.907370,1.811868,3.559019,-3.319680,0.182021,-0.997592,2.655016,0.451907,1.187149,2.547225
991,30.520000,-4.235747,0.872365,-1.005564,0.713837,0.497042,1.300968,7.446167,1.635303,4.050730,-2.379777,0.929670,-0.823015,1.911659,0.818801,-0.597968,2.723853
992,30.540000,-5.493748,0.869833,-1.363164,1.068889,0.501889,2.193139,7.324430,1.235901,3.669273,-2.024478,1.333864,-0.844459,2.028714,1.436915,-0.586545,2.758817
993,30.560000,-5.738674,0.522893,-1.518671,0.951779,0.853863,3.310205,6.535316,0.845736,2.808116,-1.822546,1.183274,-0.541279,1.881407,2.430080,0.501697,2.700917
994,30.580000,-4.321233,0.413313,-0.957840,0.221076,1.290047,2.797141,4.521567,0.585663,2.695214,-1.394500,1.397574,1.132772,1.989822,3.573861,1.454567,2.924666
995,30.600000,-1.919874,0.480734,-0.191827,-1.014589,1.255688,1.183544,2.353786,0.844660,2.752132,-0.452402,1.503412,3.160598,2.706683,4.431048,2.315784,3.916685
996,30.620000,0.690395,0.415833,0.607846,-2.050251,0.605390,-0.221609,0.380168,1.564467,3.021998,0.147072,1.293387,3.500422,3.140689,3.679219,1.956542,3.775776
997,30.640000,2.375421,-0.500759,0.874288,-1.699319,0.316593,-0.399347,-1.092977,1.995280,2.375504,0.517891,0.509980,3.063870,2.959865,1.092133,1.300493,2.115325
998,30.660000,3.559889,-0.993788,0.149379,-0.768532,-0.355148,-0.732191,-2.750277,2.242796,0.717123,1.152816,-0.121580,2.548767,2.522558,-1.611052,1.870764,0.348694
999,30.680000,3.567418,-0.554230,1.096780,0.623540,-0.587077,-1.044566,-3.604807,2.054103,-0.282599,0.181303,-0.714005,1.622881,1.552521,-2.497992,1.766065,-0.698574
1000,30.700000,2.793353,-0.280234,1.757515,0.602606,-0.807002,-0.804466,-2.668399,1.130838,-0.482727,-1.124837,-0.627827,0.792340,0.810401,-3.077004,1.025854,-1.496896
1001,30.720000,1.206080,0.000281,2.153701,0.079621,-0.755597,-0.570487,-0.759143,0.143119,-0.487480,-2.251090,-0.717153,0.047983,0.690295,-2.991714,0.010157,-2.110663
1002,30.740000,0.613274,-0.404019,2.875023,-0.306265,-0.669766,-0.533927,0.713336,-0.198678,-0.234508,-2.760941,-0.745892,-0.394378,-0.206977,-2.453146,-0.530760,-1.826310
1003,30.760000,0.191157,-0.732127,2.437849,-0.175990,-0.262799,-0.119273,1.155536,-0.073398,0.120068,-2.465694,-0.641540,-0.314888,-0.681960,-2.014032,-0.598659,-1.197968
1004,30.780000,0.185446,-0.813590,2.071553,-0.014544,-0.117310,0.064944,0.911557,0.052171,0.058321,-1.724450,-0.615382,-0.332156,-0.373127,-1.627631,-0.123072,-0.234475
1005,30.800000,0.337757,-0.682191,1.374649,-0.191748,-0.301255,0.093758,0.461403,0.153324,-0.199725,-0.695534,-0.470551,-0.268910,-0.034964,-1.498194,0.292121,0.423478
1006,30.820000,0.646845,-0.517076,1.006073,-0.137688,-0.248713,-0.115012,-0.045785,0.337208,-0.310531,-0.179367,-0.219167,0.002333,0.400536,-1.262695,0.520301,0.787580
1007,30.840000,0.762740,-0.410642,1.265506,-0.092525,-0.301853,-0.530323,-0.333304,0.471327,-0.365224,0.084220,-0.108719,0.271963,0.775867,-1.127310,0.762290,0.655585
1008,30.860000,0.884029,-0.278951,2.136771,0.402195,-0.349730,-0.982730,-0.797458,0.466944,-0.593599,0.024630,-0.148917,0.720668,1.162196,-1.133214,0.969346,-0.146149
1009,30.880000,0.996196,0.087722,2.708708,1.267257,-0.297872,-1.041612,-1.744333,0.459698,-0.856266,0.204208,-0.280152,1.142138,1.576376,-1.328751,1.175328,-1.351984
1010,30.900000,1.147956,0.449779,2.904392,2.149818,-0.237022,-0.994990,-2.763059,0.455324,-1.044862,0.353345,-0.444339,1.216936,1.968885,-1.549958,1.308876,-2.337372
1011,30.920000,1.331900,0.518490,2.678848,2.554852,-0.022033,-0.771204,-2.988593,0.344626,-1.113384,0.055379,-0.441126,1.280510,2.052707,-1.584625,1.395438,-2.666189
1012,30.940000,1.229529,0.421339,1.860602,2.193619,0.161170,-0.334178,-1.890614,0.179171,-0.844816,-0.660845,-0.357383,1.352457,1.944293,-1.333114,1.408745,-2.279751
1013,30.960000,1.258928,0.196293,1.365954,1.706634,0.360999,0.446779,-0.662953,0.166869,-0.416255,-1.325513,-0.203467,1.290928,1.502606,-0.935571,1.365254,-1.434216
1014,30.980000,1.357620,-0.047329,0.576139,1.126921,0.218254,0.865911,0.469261,0.133682,-0.052629,-1.950544,-0.234769,1.066812,0.944634,-0.484326,1.076035,-0.653961
1015,31.000000,1.009913,0.063845,0.813129,0.583453,0.189944,0.872680,1.271020,0.500337,0.757385,-2.214495,-0.203726,0.745713,0.912227,-0.159722,0.599238,0.285341
1016,31.020000,0.622862,0.326300,1.103019,-0.510379,0.028821,0.170509,2.219724,0.730354,1.331904,-2.083739,-0.216234,0.555451,1.292063,-0.193739,0.582577,1.043105
1017,31.040000,0.398525,0.580885,1.099885,-1.297241,0.053018,-0.160062,2.950321,0.954050,1.596143,-1.667421,-0.163579,0.737985,1.864923,-0.351472,0.859027,1.444716
1018,31.060000,0.326157,0.832834,1.171309,-1.842806,0.053304,-0.299711,3.170238,1.125741,1.909806,-1.271573,-0.046345,0.899901,2.321565,-0.649124,1.300435,1.278350
1019,31.080000,0.385750,0.871733,1.227941,-2.166379,0.003983,-0.393491,2.948510,1.170863,1.942641,-0.926222,0.000190,1.030046,2.499009,-1.085817,1.740761,0.687049
1020,31.100000,0.505934,0.906925,1.375301,-2.066431,-0.039293,-0.449440,2.387529,1.189422,1.931071,-0.771683,0.077522,1.232506,2.453442,-1.409378,1.907293,-0.035551
1021,31.120000,0.569985,0.851842,1.557106,-1.508220,-0.092352,-0.561046,1.620804,1.174815,1.726411,-0.802543,0.036501,1.276566,2.210802,-1.652200,1.853693,-0.694772
1022,31.140000,0.401076,0.838785,1.994318,-0.306692,-0.123575,-0.719977,0.791728,1.114906,1.490430,-1.322343,0.006787,1.319784,1.953562,-1.617870,1.646997,-1.076186
1023,31.160000,0.211963,0.653383,2.119626,1.313045,-0.138342,-0.870910,-0.117303,0.969072,1.137793,-2.227596,0.025947,1.200677,1.503214,-1.470173,1.156762,-1.211191
1024,31.180000,0.211338,0.430191,1.910801,2.603116,-0.266410,-0.867436,-0.615361,0.760396,0.674434,-3.165726,0.138911,0.936630,0.996554,-1.345550,0.510224,-0.951328
1025,31.200000,0.701661,0.218126,1.290848,2.569004,-0.270752,-0.356527,-0.398956,0.524261,0.744853,-4.048014,0.424563,0.675073,0.431807,-0.740980,-0.384746,-0.175884
1026,31.220000,0.763909,0.182153,1.079148,1.873035,-0.245510,0.085927,0.193888,0.573356,0.667782,-3.838823,0.263034,0.508721,0.372115,0.255073,-0.822478,0.613393
1027,31.240000,0.673188,0.328240,1.051697,0.981851,-0.111214,0.345047,0.943793,0.671161,0.807624,-3.307677,0.107150,0.616788,0.624193,1.104724,-1.025136,1.185926
1028,31.260000,0.470388,0.591290,0.939884,0.127672,0.073950,0.426201,1.559795,0.787254,1.166319,-2.446378,0.026666,0.902322,1.031543,1.579134,-0.991627,1.554843
1029,31.280000,0.266323,0.744662,0.845841,-0.471602,0.249306,0.325470,1.873997,0.890809,1.397524,-1.608563,0.027546,1.191036,1.399457,1.577151,-0.591384,1.611982
1030,31.300000,0.190256,0.837424,0.799636,-0.847789,0.406230,0.160239,1.759193,0.957629,1.388781,-1.014888,0.107728,1.433683,1.576708,1.390859,-0.067275,1.460358
1031,31.320000,0.241871,0.809494,0.914856,-0.977719,0.508977,0.224636,1.475557,0.934556,1.474710,-0.662444,0.231847,1.695525,1.676963,1.190429,0.413990,1.257447
1032,31.340000,0.248526,0.587317,0.921657,-0.957743,0.515306,0.151782,1.102574,0.930565,1.460611,-0.445156,0.235451,1.550868,1.626355,0.847592,0.735205,0.926380
1033,31.360000,0.277317,0.643067,1.046248,-0.932686,0.392664,0.119642,0.886215,0.811263,1.277673,-0.459232,0.084695,1.288637,1.566805,0.625655,0.897868,0.715924
1034,31.380000,0.286467,0.687113,1.213611,-0.624838,0.334151,0.233774,0.804087,0.688936,1.168541,-0.722716,0.057327,1.189953,1.429977,0.599764,0.822292,0.665404
1035,31.400000,0.212009,0.677448,1.306083,-0.347240,0.196998,0.226220,0.777929,0.554252,0.998368,-1.036233,0.025463,0.999100,1.236306,0.634739,0.648287,0.663269
1036,31.420000,0.037472,0.579767,1.403318,-0.005822,0.128486,0.264712,0.828141,0.464471,0.793955,-1.338224,-0.050146,0.849421,0.997965,0.569607,0.477259,0.689927
1037,31.440000,-0.073365,0.941364,0.790946,0.537504,-0.210685,-0.928085,0.368041,1.017840,0.273427,-1.591373,0.964143,0.808976,3.641986,1.467876,3.007405,2.309306
1038,31.460000,-0.345807,0.660035,0.196510,0.747147,-0.380470,-1.574912,0.153215,1.849639,0.504865,-1.636019,1.605482,0.985308,5.065110,2.063684,4.583963,3.741982
1039,31.480000,-0.585807,0.598782,-0.178916,0.755375,-0.284363,-1.832803,0.380871,2.308748,0.850359,-1.687299,1.597509,1.123276,4.967437,2.172331,4.847089,3.627841
1040,31.500000,-0.736635,0.618523,-0.227154,0.620480,-0.002145,-1.798574,0.808944,2.558467,1.039364,-1.745623,1.510062,1.021791,3.932947,1.513103,4.399180,2.327974
1041,31.520000,-0.888090,1.081699,-0.089958,0.504003,0.449992,-1.714931,1.076932,2.887317,1.603543,-1.940884,1.378848,1.013886,2.986972,0.986794,3.877522,1.324047
1042,31.540000,-0.678140,1.297668,0.094159,0.442310,0.839974,-1.562851,1.058400,2.979963,1.921614,-2.125747,1.430923,0.971693,2.816809,0.607537,3.343973,1.244313
1043,31.560000,-0.304125,1.341437,0.169725,0.402439,1.041377,-1.443062,0.810503,2.759257,1.610435,-2.186962,1.520472,0.797610,3.015409,0.285432,2.696260,1.774377
1044,31.580000,-0.192064,1.669501,0.498330,0.088865,1.002730,-1.351101,0.758047,2.794074,1.668641,-1.942898,1.549575,0.405942,3.548229,0.354189,2.446667,2.680025
1045,31.600000,-0.018153,1.894040,0.686597,-0.049484,1.072816,-1.311593,0.752584,2.641890,1.603980,-1.951677,1.767078,0.421702,4.115596,0.622459,2.383131,3.497478
1046,31.620000,0.100306,1.953544,0.625286,-0.209534,1.014725,-1.321640,0.745778,2.468557,1.196683,-1.858110,1.782318,0.212977,4.278313,0.790038,2.358753,3.724529
1047,31.640000,0.204241,2.020448,0.644328,-0.296648,1.045201,-1.302145,0.779796,2.264386,0.854676,-1.886889,1.905081,0.288943,4.154308,0.942083,2.324325,3.541591
1048,31.660000,0.363743,1.781750,0.366173,-0.356126,0.974967,-1.314071,0.752076,2.008304,0.092308,-1.783224,1.922177,0.054310,3.690554,1.014692,2.147321,3.015671
1049,31.680000,0.405899,1.774351,0.307986,-0.458285,0.963486,-1.240830,0.798666,1.891686,-0.372609,-1.730156,1.844714,-0.053710,3.230151,1.053854,2.135102,2.525330
1050,31.700000,0.525077,1.606473,0.075430,-0.541283,0.918597,-1.180842,0.786273,1.728626,-1.043446,-1.600512,1.794017,-0.356163,2.748910,1.115251,2.064820,2.124202
1051,31.720000,0.606106,1.484323,-0.015959,-0.639034,0.931967,-1.186287,0.792309,1.647305,-1.495363,-1.591769,1.783412,-0.429372,2.398423,1.193445,2.085284,2.041932
1052,31.740000,0.609892,1.348873,-0.123952,-0.721034,0.863422,-1.210937,0.775995,1.615859,-1.745524,-1.442406,1.749503,-0.621124,2.239898,1.199135,2.151960,1.931304
1053,31.760000,0.523642,1.267085,-0.300023,-0.774971,0.827021,-1.323394,0.670652,1.617838,-1.914136,-1.274434,1.645069,-0.857681,2.198868,1.076083,2.207933,1.817433
1054,31.780000,0.528351,1.242053,-0.327844,-0.745480,0.868617,-1.353317,0.684363,1.634520,-1.930724,-1.288285,1.673309,-0.923041,2.187335,1.039066,2.191800,1.900019
1055,31.800000,0.479655,1.299658,-0.236211,-0.703009,0.881408,-1.476897,0.684766,1.685935,-1.903746,-1.271832,1.698077,-0.970688,2.351416,1.106514,2.272958,2.018359
1056,31.820000,0.386832,1.486117,-0.064711,-0.570071,1.022812,-1.623158,0.753822,1.784586,-1.694998,-1.483590,1.758400,-0.781544,2.787388,1.312765,2.667627,2.251062
1057,31.840000,0.278261,1.673358,0.010826,-0.393998,1.138696,-1.799061,0.837199,1.929083,-1.351965,-1.716086,1.855557,-0.595564,3.351097,1.639437,3.115610,2.635725
1058,31.860000,0.087166,1.864029,-0.033072,-0.234095,1.149316,-1.975503,0.963336,2.118970,-0.815961,-1.943746,1.860637,-0.513904,3.832197,1.729241,3.505113,2.726866
1059,31.880000,0.043479,1.867504,-0.044232,-0.057386,1.218312,-2.080239,1.065958,2.290296,-0.342542,-2.136115,1.999135,-0.403372,4.209397,1.758253,3.654875,2.939724
1060,31.900000,-0.029139,1.936365,-0.100999,0.187477,1.261231,-2.208534,1.089990,2.372417,-0.078356,-2.383170,2.045486,-0.366830,4.306177,1.645369,3.573444,2.973151
1061,31.920000,-0.199914,2.199017,0.072902,0.326934,1.374701,-2.244620,1.169700,2.584776,0.485306,-2.586147,2.095146,-0.101733,4.498746,1.702413,3.688195,3.144715
1062,31.940000,-0.305033,2.250934,0.040412,0.526043,1.404860,-2.301680,1.097648,2.742244,0.681695,-2.678140,2.149480,-0.066667,4.749388,1.810873,3.786213,3.341405
1063,31.960000,-0.271821,2.192545,-0.028742,0.751014,1.428616,-2.343648,1.093748,2.814782,0.853892,-2.880692,2.313325,0.173503,5.020398,1.858165,3.827870,3.644165
1064,31.980000,-0.348722,2.230031,-0.041471,0.864219,1.462951,-2.350256,1.119805,2.998737,1.183767,-2.927796,2.444297,0.413760,5.365617,1.978270,3.999660,3.904021
1065,32.000000,-0.365068,2.175421,-0.121433,0.965555,1.448299,-2.376643,1.063963,3.032525,1.105672,-2.961165,2.491764,0.503766,5.541052,2.025824,4.155619,3.917417
1066,32.020000,-0.218973,1.775048,-0.469365,0.921271,1.304969,-2.280474,0.854215,2.783860,0.289136,-2.590229,2.296282,0.033849,5.337136,1.950865,3.979347,3.600718
1067,32.040000,-0.224721,1.915133,-0.391470,0.853560,1.391315,-2.194941,0.964460,2.818460,0.540356,-2.597028,2.303641,0.201013,5.068244,2.039619,3.899128,3.563379
1068,32.060000,-0.252627,1.972585,-0.403562,0.871603,1.367859,-2.169788,1.031559,2.791377,0.503295,-2.680167,2.348317,0.249169,5.002543,2.230617,4.024540,3.648533
1069,32.080000,-0.131518,1.745376,-0.495406,0.727067,1.264830,-2.092187,0.972106,2.669902,0.133913,-2.536302,2.315088,0.083283,5.020790,2.291660,4.040560,3.800356
1070,32.100000,-0.073072,1.790153,-0.530061,0.532614,1.282445,-1.967504,0.945703,2.514328,-0.068934,-2.345724,2.213891,-0.111144,4.891326,2.441211,3.816166,3.820892
1071,32.120000,0.031592,1.929649,-0.556268,0.370288,1.297667,-1.827165,0.995300,2.286209,-0.362937,-2.404161,2.181105,-0.210399,4.640221,2.611722,3.491751,3.833369
1072,32.140000,0.067980,1.640961,-0.603971,0.144009,1.201876,-1.772200,0.848564,2.111378,-0.916817,-2.001580,2.061174,-0.638476,4.434998,2.670348,3.342393,3.774089
1073,32.160000,0.123953,1.856388,-0.483506,-0.057315,1.280292,-1.662337,0.893891,1.951751,-1.091245,-2.093513,2.040866,-0.554502,4.190187,2.743639,3.276304,3.752680
1074,32.180000,0.194160,1.758286,-0.437470,-0.288655,1.175375,-1.603762,0.966110,1.838074,-1.347365,-1.995509,2.045681,-0.712714,4.031394,2.793491,3.275098,3.680829
1075,32.200000,0.208332,1.640475,-0.387269,-0.495104,1.055375,-1.580124,0.945561,1.774950,-1.521739,-1.782799,1.976601,-0.965668,3.964964,2.646720,3.331653,3.522931
1076,32.220000,0.244286,1.660738,-0.396384,-0.627094,1.104185,-1.504830,0.939426,1.731920,-1.648791,-1.723871,1.955820,-1.047898,3.810743,2.601625,3.386381,3.465136
1077,32.240000,0.304251,1.694716,-0.313230,-0.754416,1.053028,-1.440865,1.044462,1.732874,-1.635260,-1.776070,1.965349,-1.068148,3.677515,2.544738,3.425431,3.421016
1078,32.260000,0.331152,1.635683,-0.248053,-0.836216,1.003474,-1.501097,1.028613,1.743277,-1.693308,-1.698181,1.950045,-1.192489,3.662195,2.432520,3.455215,3.328034
1079,32.280000,0.356335,1.581274,-0.276586,-0.855222,0.982169,-1.512579,0.978131,1.752241,-1.748249,-1.610089,1.947358,-1.362377,3.591736,2.325665,3.411528,3.291343
1080,32.300000,0.374284,1.661748,-0.227356,-0.929883,0.991153,-1.451734,1.092070,1.795185,-1.673190,-1.673793,1.979977,-1.332741,3.548854,2.275695,3.425425,3.294626
1081,32.320000,0.346301,1.624183,-0.430953,-0.930918,0.962233,-1.469568,0.975482,1.795636,-1.863923,-1.488060,1.966100,-1.509992,3.480275,2.235641,3.389261,3.247267
1082,32.340000,0.343162,1.650744,-0.525153,-0.904641,0.987841,-1.436163,0.968937,1.811446,-1.880497,-1.453304,1.997396,-1.537597,3.421782,2.221545,3.367401,3.302928
1083,32.360000,0.312871,1.683826,-0.549851,-0.873163,1.012186,-1.446853,1.036363,1.877827,-1.794897,-1.389470,2.058328,-1.568605,3.434870,2.306970,3.356550,3.431830
1084,32.380000,0.246650,1.736229,-0.663182,-0.860396,0.993628,-1.422991,1.067042,1.956748,-1.801149,-1.293615,2.070884,-1.542806,3.507789,2.315819,3.451463,3.426339
1085,32.400000,0.242186,1.800024,-0.723014,-0.820007,1.053949,-1.402078,1.174280,2.009601,-1.702515,-1.356974,2.126555,-1.442788,3.570130,2.351934,3.540827,3.497908
1086,32.420000,0.288274,1.799979,-0.759665,-0.742625,1.081484,-1.449409,1.233246,2.003778,-1.634523,-1.430030,2.213116,-1.399204,3.534119,2.358195,3.452291,3.526686
1087,32.440000,0.259879,1.829015,-0.817155,-0.626678,1.147196,-1.500588,1.254115,2.046965,-1.585258,-1.432033,2.249155,-1.307809,3.553797,2.412191,3.449339,3.589901
1088,32.460000,0.231771,1.899441,-0.869798,-0.553063,1.175141,-1.486676,1.307787,2.072813,-1.582312,-1.447709,2.273037,-1.287352,3.589669,2.456491,3.444677,3.657395
1089,32.480000,0.230821,1.866739,-0.863245,-0.514212,1.176486,-1.539428,1.344904,2.082876,-1.579441,-1.368839,2.265071,-1.355787,3.592257,2.447340,3.380485,3.675234
1090,32.500000,0.226404,2.039531,-0.771742,-0.535711,1.230456,-1.463461,1.556595,2.209350,-1.220217,-1.550950,2.359172,-1.048724,3.704333,2.535935,3.506177,3.827703
1091,32.520000,0.179345,2.077697,-0.845594,-0.550880,1.194040,-1.468935,1.634516,2.318543,-1.186735,-1.496741,2.327592,-1.120735,3.881030,2.592547,3.675125,3.825896
1092,32.540000,0.197072,2.127600,-0.829098,-0.528950,1.231858,-1.513309,1.805326,2.390654,-0.851067,-1.639969,2.397401,-0.949490,3.997769,2.591975,3.743177,3.913750
1093,32.560000,0.166941,2.209103,-0.849082,-0.465118,1.317020,-1.564708,1.873604,2.458203,-0.627341,-1.806182,2.491310,-0.751515,4.097206,2.702363,3.739816,4.092630
1094,32.580000,0.194689,2.199681,-0.846554,-0.485360,1.295514,-1.548478,1.905737,2.486967,-0.561544,-1.811761,2.527479,-0.737193,4.185635,2.750203,3.686091,4.223185
1095,32.600000,0.181896,2.106813,-0.871305,-0.458745,1.279072,-1.623290,1.808167,2.450937,-0.756662,-1.631150,2.469376,-0.932615,4.215710,2.721729,3.624580,4.149334
1096,32.620000,0.213397,2.208995,-0.857452,-0.453797,1.308080,-1.528475,1.838261,2.367949,-0.745145,-1.700959,2.478154,-0.893453,4.053827,2.710292,3.432844,4.103671
1097,32.640000,0.285498,2.119408,-0.936638,-0.485922,1.257064,-1.422911,1.678440,2.199762,-1.280444,-1.543084,2.405893,-1.117060,3.810669,2.679290,3.224327,3.925005
1098,32.660000,0.308433,1.979544,-0.954166,-0.538998,1.156614,-1.375615,1.424524,2.093635,-1.724434,-1.165946,2.274302,-1.514668,3.598403,2.603584,3.185557,3.748051
1099,32.680000,0.306217,2.038429,-0.872205,-0.584975,1.164700,-1.246274,1.496950,2.127266,-1.614598,-1.170755,2.282080,-1.489020,3.469987,2.637501,3.243516,3.782555
1100,32.700000,0.282068,2.003385,-1.023341,-0.661792,1.061126,-1.158409,1.471871,2.131052,-1.818782,-1.029108,2.228920,-1.646480,3.398461,2.641533,3.342487,3.722082
1101,32.720000,0.329773,1.993756,-1.087418,-0.627940,1.135689,-1.069886,1.523532,2.118689,-1.745923,-1.148106,2.319418,-1.462327,3.331952,2.738649,3.374789,3.925704
1102,32.740000,0.292114,1.958854,-1.132255,-0.642632,1.103603,-1.095633,1.610661,2.163989,-1.637960,-1.124404,2.369578,-1.525935,3.307691,2.839648,3.321396,4.047058
1103,32.760000,0.272613,1.950358,-1.196654,-0.624989,1.132698,-1.077796,1.656292,2.181254,-1.624961,-1.138515,2.415390,-1.449766,3.313473,2.898188,3.303015,4.141286
1104,32.780000,0.229686,1.993692,-1.204196,-0.618801,1.122904,-1.085366,1.732424,2.244724,-1.577338,-1.158440,2.438582,-1.351766,3.387375,2.939000,3.407921,4.128812
1105,32.800000,0.238263,2.037152,-1.141057,-0.671549,1.109155,-1.102676,1.851679,2.304532,-1.459441,-1.209644,2.466147,-1.276091,3.483257,2.922316,3.488019,4.046123
1106,32.820000,0.272718,2.032712,-1.141570,-0.644918,1.124754,-1.104659,1.815158,2.311256,-1.503037,-1.186878,2.497816,-1.271535,3.546221,2.936801,3.529080,4.030763
1107,32.840000,0.297728,1.997503,-1.120001,-0.610475,1.100346,-1.111062,1.753212,2.316359,-1.567709,-1.077542,2.489702,-1.372430,3.593324,2.919588,3.572244,4.036681
1108,32.860000,0.327435,2.051360,-1.053059,-0.648212,1.070441,-1.071931,1.773432,2.267117,-1.597439,-1.101642,2.463569,-1.441997,3.506175,2.831613,3.524758,3.886139
1109,32.880000,0.387637,2.028187,-1.038552,-0.695146,1.031987,-0.979486,1.709910,2.228163,-1.695447,-1.037422,2.432442,-1.610723,3.370842,2.745593,3.475718,3.792819
1110,32.900000,0.409349,2.112982,-0.896640,-0.706808,1.066552,-0.843955,1.782837,2.330578,-1.458275,-1.124426,2.511199,-1.449956,3.420694,2.794899,3.653306,3.982313
1111,32.920000,0.400977,2.165030,-0.805794,-0.717208,1.086854,-0.739507,1.830320,2.391616,-1.313077,-1.195445,2.553625,-1.403595,3.477567,2.874250,3.889179,4.201977
1112,32.940000,0.406786,2.195972,-0.737727,-0.702551,1.115303,-0.577186,1.848895,2.437292,-1.170877,-1.261150,2.618036,-1.347826,3.449039,2.903593,4.143325,4.452950
1113,32.960000,0.452014,2.211418,-0.509948,-0.632192,1.186468,-0.332471,1.908600,2.502355,-0.824733,-1.371857,2.798316,-1.095322,3.415987,2.926181,4.480020,4.859658
1114,32.980000,0.463257,2.217177,-0.292697,-0.495776,1.230243,0.091726,1.824457,2.541699,-0.895277,-1.405249,2.855681,-1.132194,3.257839,2.970000,4.847320,5.275713
1115,33.000000,0.558882,2.250367,0.173863,-0.322591,1.353362,0.746856,1.847137,2.538156,-0.840500,-1.494462,3.056633,-0.851870,3.127124,2.981470,5.399991,5.870977
1116,33.020000,0.540322,2.272331,0.676533,-0.146086,1.412020,1.302645,1.933749,2.681471,-0.612528,-1.544141,3.324789,-0.511024,3.209833,3.102462,6.023066,6.374016
1117,33.040000,0.406486,2.145042,1.066531,0.052225,1.374288,1.912616,1.943188,2.871207,-0.536287,-1.496966,3.404624,-0.439260,3.507810,3.337084,6.723436,6.751182
1118,33.060000,0.156914,1.968479,1.335108,0.309059,1.308892,2.310200,1.915138,3.087427,-0.216153,-1.399169,3.643020,-0.133875,4.079360,3.648163,7.267880,6.802174
1119,33.080000,-0.409469,1.849610,1.356336,0.637576,1.166990,2.380601,1.939348,3.581828,0.375216,-1.217698,3.655539,-0.024713,4.708396,4.117700,7.807318,6.521787
1120,33.100000,-1.094471,1.751670,1.035303,1.190676,1.032861,2.348083,1.769798,4.070300,0.853563,-1.119146,3.924024,0.165080,5.354679,4.836047,8.170003,6.328440
1121,33.120000,-1.844734,1.643757,0.117589,1.821118,0.908428,2.065711,1.445420,4.112512,0.651976,-0.918541,4.072860,-0.021305,5.636229,5.505967,8.063981,6.023732
1122,33.140000,-2.686863,1.744971,-1.057242,2.565024,0.878119,1.276983,1.278730,4.382068,0.808740,-0.739745,4.253732,-0.073249,5.817144,6.010432,7.749349,5.351039
1123,33.160000,-3.191566,2.052434,-1.854042,3.021322,1.149576,0.566869,1.195979,4.504467,0.870900,-0.786768,4.501248,-0.137157,6.012209,6.293975,6.895000,4.667911
1124,33.180000,-3.108283,2.277113,-2.220901,2.982657,1.574429,0.237010,1.264201,4.571823,1.134502,-1.037901,4.879662,0.124624,6.229021,6.400785,5.684626,4.539545
1125,33.200000,-2.951424,2.327902,-2.475535,2.559973,1.916850,-0.050109,1.403967,4.710804,1.553723,-1.294538,4.962900,0.237819,6.427653,6.454422,4.595175,4.644506
1126,33.220000,-2.811876,2.268987,-2.659523,1.993139,2.138087,-0.403347,1.471278,4.544605,1.610436,-1.531417,4.869204,0.330803,6.794223,6.430983,4.240697,4.919855
1127,33.240000,-2.626734,2.369404,-2.826016,1.592148,2.382895,-0.761598,1.411013,4.856859,1.724752,-1.794001,4.522205,0.441606,7.267564,6.610335,4.511252,5.131368
1128,33.260000,-2.457777,2.369846,-2.962052,1.375646,2.534794,-1.289909,1.239194,4.995511,1.712918,-2.085211,4.463521,0.760684,7.652422,6.836391,4.966513,5.111358
1129,33.280000,-2.293227,1.863875,-3.724009,1.058017,3.006733,-2.115790,1.132671,5.502836,1.480868,-2.452439,4.130353,1.334422,8.097334,7.166389,5.929032,4.636327
1130,33.300000,-2.333648,1.608407,-5.440954,0.585614,3.762270,-3.442139,1.404845,6.053800,2.461529,-2.624613,4.479685,1.888904,9.388206,7.814598,5.949963,3.556031
1131,33.320000,-2.854072,1.492088,-7.119780,0.984417,4.755972,-4.606231,1.465440,6.654955,2.863527,-2.847691,4.887297,2.180164,10.016240,8.422214,4.582707,0.556860
1132,33.340000,-2.913533,1.305297,-8.456980,1.977733,5.664626,-5.555065,1.331010,7.573365,2.869278,-3.395342,5.626027,2.792274,10.468223,8.967314,3.191920,-2.711369
1133,33.360000,-2.594079,1.509796,-7.957617,3.375213,6.093801,-6.410246,0.721267,7.801219,1.982169,-4.247449,6.258482,2.275933,9.941355,8.635977,0.392383,-4.710411
1134,33.380000,-2.586899,1.849361,-6.425436,4.638869,6.239309,-6.859698,-0.081922,6.812958,0.362545,-4.151312,6.725029,1.092741,7.301840,7.420176,-3.926896,-3.430449
1135,33.400000,-2.683808,2.511754,-4.305869,4.542284,6.075669,-6.541017,0.675829,4.898792,-0.146314,-2.757243,6.120252,-0.144278,4.296521,5.971146,-6.932844,0.814006
1136,33.420000,-2.113122,3.635940,-2.421683,3.448093,6.045441,-5.564493,2.295663,1.948823,0.169775,-1.528122,5.408338,-0.420181,2.901184,5.921677,-6.205319,6.177495
1137,33.440000,-1.460102,4.768180,-1.547459,2.380235,6.098953,-5.117940,2.411718,0.451120,0.410340,-1.133670,4.390405,1.146298,2.933932,7.145853,-1.338014,7.804049
1138,33.460000,-1.490206,5.051207,-1.420518,2.596949,6.408220,-4.650812,1.779476,1.014225,0.272855,-0.982841,3.443083,1.763702,3.669825,7.348834,3.795626,7.251041
1139,33.480000,-2.074612,4.577703,-1.500219,2.609991,6.139468,-3.948980,1.251654,1.765770,0.217539,-0.097345,3.088689,1.670511,4.833127,6.159044,6.443325,5.967111
1140,33.500000,-2.261985,6.898584,-0.981112,3.206705,6.768561,-3.450154,1.037466,1.305799,0.891834,-1.075459,3.272249,3.355379,4.694994,4.993609,5.392745,4.752542
1141,33.520000,-1.484350,7.747026,-0.307053,3.385157,6.675549,-2.584591,0.590357,0.559274,0.863146,-1.899052,3.020916,4.519494,4.005603,4.068627,3.741988,4.231824
1142,33.540000,-0.094294,6.600318,0.181154,2.728333,5.812684,-1.343289,-0.296716,-0.670291,-0.044403,-1.389610,1.901299,4.301130,2.928478,3.244489,3.879177,4.249689
1143,33.560000,0.886075,6.255478,0.405796,2.141819,5.339794,-0.187094,-0.901420,-2.157316,-0.788301,-0.864051,0.694334,3.800282,2.177993,3.686435,4.627764,5.140462
1144,33.580000,0.987332,6.393791,0.829167,1.270934,5.705927,0.919909,-0.699960,-2.717107,-0.479989,-0.235219,-0.378451,3.398082,2.619749,3.851167,5.724963,5.537273
1145,33.600000,0.672898,5.460769,1.370233,-0.845207,5.016500,1.312117,-0.701127,-2.018378,-0.571704,1.789323,-2.573230,1.503247,3.959842,3.212804,7.218253,5.542639
1146,33.620000,0.700194,4.430228,1.227768,-2.274897,4.059950,0.934584,-1.004934,-0.717428,-0.780578,2.987998,-3.598333,0.012654,5.719734,3.459689,7.447253,6.377446
1147,33.640000,0.853271,3.322114,0.554559,-2.033278,2.586684,-0.026542,-1.457043,-0.006260,-1.706185,2.947832,-2.258588,-0.931690,7.049442,5.173221,7.635487,8.301306
1148,33.660000,0.514828,3.040694,0.071786,-1.207367,2.213957,-0.824871,-1.393001,0.638395,-1.941635,2.473845,-0.352465,-0.690956,7.237579,6.173161,7.047920,8.472727
1149,33.680000,0.458568,2.600321,-0.295091,-1.194216,1.882643,-1.253691,-1.581422,1.413969,-2.111980,2.296316,0.527545,-0.795286,7.406732,6.666899,7.128398,7.902069
1150,33.700000,0.636906,2.218725,-0.437439,-1.138309,1.752281,-1.339911,-1.627005,1.715609,-2.223849,1.885347,1.043704,-1.111740,6.746831,6.875762,7.506289,7.302263
1151,33.720000,0.874094,1.972176,-0.319540,-1.020974,1.730835,-1.222461,-1.549669,1.768249,-2.362238,1.318372,1.379921,-1.532078,5.633324,6.664466,7.345366,6.652010
1152,33.740000,0.589861,1.739600,-0.163656,-1.213980,1.412484,-1.425292,-1.409313,1.967031,-2.574579,1.173064,1.592642,-2.014998,5.184114,6.387505,7.072486,6.111844
1153,33.760000,0.279905,1.584321,-0.392156,-1.275674,1.379756,-1.210874,-1.411996,2.124642,-2.811406,1.092386,1.684465,-2.343476,5.135980,6.320951,6.759893,6.064862
1154,33.780000,0.077351,1.662426,-0.423008,-1.315154,1.551101,-0.674526,-1.168692,2.256903,-2.911123,0.864178,1.948952,-2.692471,4.950720,6.083130,6.335343,5.919037
1155,33.800000,-0.335471,1.809263,-0.901611,-1.160537,1.679556,-0.333744,-0.929392,2.260170,-2.911751,0.797328,2.057330,-2.922454,4.724380,5.661067,5.763429,5.674335
1156,33.820000,-0.498734,1.828972,-1.122986,-0.952873,1.784947,-0.101308,-0.640798,2.213616,-2.797579,0.650411,2.243678,-3.031065,4.285887,5.028326,5.405293,5.475088
1157,33.840000,-0.521707,1.853512,-1.227760,-0.720493,1.859537,0.029044,-0.427139,2.123678,-2.668082,0.444585,2.280182,-2.867629,3.623538,4.386195,5.188766,5.523395
1158,33.860000,-0.411087,1.860940,-1.188784,-0.503222,1.875745,0.040889,-0.115482,2.075871,-2.508911,0.178541,2.259509,-2.598256,3.246417,3.747062,5.093365,5.772693
1159,33.880000,-0.384258,1.692436,-1.422628,-0.288693,1.650666,-0.388570,0.145549,1.930763,-2.333060,0.032989,2.056203,-2.442343,2.882104,2.964553,4.761957,5.674286
1160,33.900000,-0.473146,1.449648,-1.510865,-0.003554,1.438035,-1.045444,0.221870,1.864785,-2.105615,0.066491,2.018061,-2.200185,2.647016,2.366635,4.488358,5.537901
1161,33.920000,-0.687774,1.551956,-1.551571,0.067784,1.205630,-1.332954,0.720220,1.952520,-1.599498,-0.206140,2.027211,-1.642166,2.800386,1.900521,4.531003,5.201451
1162,33.940000,-0.932827,1.812397,-1.476648,-0.231947,0.867395,-1.378245,1.341552,2.259070,-1.156393,-0.349594,2.059542,-1.049935,3.440487,1.712616,5.113280,4.654797
1163,33.960000,-0.798934,1.705973,-1.547720,-0.216954,0.895109,-1.301595,1.499969,2.302858,-0.968448,-0.532679,2.134302,-0.779547,3.597531,1.753091,5.158955,4.576417
1164,33.980000,-0.227450,1.929167,-1.215286,-0.117730,1.179370,-0.826347,1.659988,2.287288,-0.220064,-1.192737,2.364154,-0.098894,3.516599,2.236804,4.828928,5.264150
1165,34.000000,0.148018,2.014343,-1.072286,-0.146759,1.234294,-0.722537,1.735678,2.289171,0.053727,-1.500015,2.586215,0.167069,3.663902,2.670145,4.465999,5.718220
1166,34.020000,0.267317,2.038854,-1.087353,-0.161919,1.227824,-0.743524,1.891787,2.269777,0.248460,-1.622496,2.532032,0.257034,3.780922,2.803116,4.141312,5.726995
1167,34.040000,0.273051,2.167654,-0.897098,-0.217161,1.261766,-0.752280,2.020210,2.376376,0.611173,-1.596632,2.495573,0.443881,3.977653,2.891952,4.154652,5.571005
1168,34.060000,0.265744,2.198269,-0.871744,-0.160487,1.242155,-0.829977,1.998440,2.375233,0.554651,-1.575708,2.500151,0.563858,4.126945,2.990341,4.205360,5.387336
1169,34.080000,0.303261,2.069705,-0.962872,-0.137549,1.133215,-0.857816,1.997350,2.254261,0.313822,-1.455813,2.314085,0.339996,3.902395,2.939836,4.063713,5.030358
1170,34.100000,0.379875,2.021459,-0.948853,-0.193328,1.083913,-0.880043,1.954606,2.101188,-0.012381,-1.260466,2.235535,0.018969,3.694010,3.007023,3.922399,4.712557
1171,34.120000,0.414775,1.886157,-1.127905,-0.092071,0.978279,-0.840642,1.802803,1.807181,-0.643881,-1.189147,2.101211,-0.199300,3.274384,3.064079,3.701890,4.382470
1172,34.140000,0.371226,1.691961,-1.200870,-0.112624,0.830790,-0.917495,1.707965,1.654204,-1.056090,-0.999242,1.943693,-0.506980,2.979145,3.055611,3.652328,4.063462
1173,34.160000,0.394640,1.618971,-1.145723,-0.310051,0.665604,-0.866494,1.670957,1.597715,-1.283170,-0.829506,1.829597,-0.819634,2.743800,3.020290,3.680625,3.805073
1174,34.180000,0.375555,1.548813,-1.122956,-0.378210,0.595072,-0.787447,1.643335,1.613186,-1.328728,-0.851091,1.787998,-0.800034,2.784927,3.092804,3.866859,3.784314
1175,34.200000,0.420066,1.404863,-1.160704,-0.399247,0.553525,-0.829254,1.415311,1.569364,-1.536339,-0.737662,1.811348,-1.044388,2.838573,3.184295,3.864429,3.922964
1176,34.220000,0.401058,1.481749,-1.062712,-0.630465,0.499524,-0.772041,1.560364,1.744638,-1.443396,-0.730685,1.870729,-1.049357,3.174625,3.258192,4.057433,4.099549
1177,34.240000,0.275694,1.518227,-1.109506,-0.722119,0.512515,-0.787576,1.598806,1.835221,-1.412713,-0.776153,1.908465,-1.091693,3.429923,3.327280,4.231053,4.123201
1178,34.260000,0.362846,1.451551,-1.169042,-0.754326,0.521833,-0.814036,1.573226,1.772542,-1.421402,-0.853152,1.955002,-1.222986,3.342243,3.294390,4.083228,4.169000
1179,34.280000,0.341822,1.489551,-1.172018,-0.801058,0.527835,-0.765602,1.622125,1.777787,-1.333912,-0.914387,1.977269,-1.252701,3.192234,3.256414,3.914216,4.082094
1180,34.300000,0.251619,1.520033,-1.208458,-0.827115,0.573651,-0.633352,1.623115,1.809500,-1.328171,-0.981932,1.995619,-1.183333,3.098910,3.177788,3.851357,3.992158
1181,34.320000,0.212407,1.596476,-1.130273,-0.833453,0.611083,-0.558245,1.708702,1.868041,-1.184705,-1.009642,2.022144,-1.198949,3.120485,3.168962,3.874778,4.049949
1182,34.340000,0.299599,1.599104,-1.051083,-0.812994,0.692325,-0.576875,1.639761,1.901117,-1.196500,-1.110663,2.118022,-0.970768,3.289201,3.221001,3.948778,4.179652
1183,34.360000,0.325625,1.625340,-0.996974,-0.835010,0.708520,-0.688918,1.629497,1.975114,-1.300533,-1.112029,2.153703,-0.946566,3.511485,3.155924,4.046009,4.168289
1184,34.380000,0.269309,1.674990,-0.955501,-0.946446,0.617060,-0.812625,1.653811,2.094988,-1.317667,-0.999591,2.064734,-1.215118,3.751064,2.943833,4.176231,3.949736
1185,34.400000,0.408123,1.630791,-1.038141,-0.881868,0.693078,-0.725724,1.496548,1.935545,-1.536121,-1.057945,2.091585,-1.305558,3.578503,2.843920,3.902984,3.856655
1186,34.420000,0.346484,1.756191,-1.111790,-0.898058,0.697953,-0.662499,1.572474,2.058174,-1.395850,-1.108845,2.111670,-1.270116,3.448762,2.849850,3.793735,3.873215
1187,34.440000,0.545482,1.704880,-1.095870,-0.922316,0.759111,-0.574428,1.559515,1.947784,-1.407976,-1.174324,2.229048,-1.298515,3.261065,2.861975,3.451747,4.005455
1188,34.460000,0.544686,1.777405,-1.098977,-0.938459,0.806678,-0.479368,1.629035,2.022338,-1.340367,-1.215954,2.273236,-1.195775,3.231521,2.986864,3.363987,4.233747
1189,34.480000,0.459293,1.806851,-1.212910,-0.897448,0.845098,-0.398317,1.658681,2.061136,-1.361185,-1.176423,2.277470,-1.261927,3.301794,3.147922,3.339592,4.454103
1190,34.500000,0.391289,1.881693,-1.214548,-0.886718,0.890854,-0.428577,1.812175,2.110807,-1.215450,-1.222940,2.347798,-1.073443,3.404212,3.216435,3.447967,4.575290
1191,34.520000,0.286372,1.898408,-1.280301,-0.782481,0.911842,-0.592588,1.795004,2.145138,-1.348207,-1.141998,2.415128,-0.921822,3.593893,3.267873,3.663167,4.611262
1192,34.540000,0.220732,1.933078,-1.220113,-0.823969,0.879666,-0.769055,1.970668,2.230864,-1.192148,-1.160622,2.386815,-0.907847,3.724479,3.114234,3.854955,4.434287
1193,34.560000,0.191779,1.931044,-1.270801,-0.823808,0.842578,-0.850885,1.956666,2.235755,-1.367613,-1.140575,2.259627,-1.094009,3.639394,2.904312,3.878162,3.981238
1194,34.580000,0.341657,1.954436,-1.111636,-0.847366,0.882628,-0.765355,2.001350,2.271749,-1.187562,-1.220895,2.337647,-1.014909,3.590462,2.837510,3.923276,4.027061
1195,34.600000,0.330847,1.990040,-1.064469,-0.782272,0.904118,-0.804711,1.960552,2.246117,-1.107253,-1.325839,2.312683,-1.012786,3.486093,2.837837,3.878031,4.020999
1196,34.620000,0.365364,1.967689,-1.065350,-0.748176,0.915116,-0.711430,1.919803,2.207259,-1.128185,-1.360132,2.313576,-1.025787,3.390277,2.823135,3.826740,4.106557
1197,34.640000,0.385469,2.013144,-0.871614,-0.732147,0.958212,-0.578358,1.933436,2.203746,-0.964892,-1.325866,2.367275,-1.094555,3.322261,2.772074,3.865441,4.293278
1198,34.660000,0.390427,2.034657,-0.848334,-0.600792,1.059015,-0.435663,1.799564,2.135250,-1.105623,-1.281755,2.426208,-1.109424,3.275677,2.826167,3.933246,4.578440
1199,34.680000,0.400280,2.005702,-0.963702,-0.496219,1.053267,-0.298833,1.727429,2.027697,-1.340738,-1.204313,2.419105,-1.173845,3.134713,2.804488,3.937401,4.716741
1200,34.700000,0.287916,1.965354,-1.128420,-0.553986,0.934800,-0.369665,1.737964,2.114689,-1.421363,-1.019082,2.316862,-1.336602,3.136678,2.794928,3.902553,4.502275
1201,34.720000,0.258826,1.964012,-1.196382,-0.565223,0.949796,-0.345403,1.841983,2.152809,-1.292396,-1.076478,2.375206,-1.137119,3.182372,2.845745,3.979345,4.368986
1202,34.740000,0.262127,1.892199,-1.307263,-0.542451,0.906068,-0.457437,1.913162,2.174407,-1.185447,-1.093085,2.435350,-1.061855,3.203029,2.940750,3.821727,4.319230
1203,34.760000,0.211621,1.924778,-1.272477,-0.474946,0.967390,-0.433438,1.888029,2.192145,-1.126861,-1.205045,2.439059,-0.866942,3.171720,3.013012,3.757713,4.321998
1204,34.780000,0.180970,1.988149,-1.150955,-0.436274,0.989977,-0.420603,1.882556,2.195483,-1.160321,-1.177838,2.451747,-0.877469,3.184636,2.992815,3.869143,4.357197
1205,34.800000,0.228508,1.996463,-1.103631,-0.460357,0.991171,-0.374401,1.886385,2.201167,-1.117981,-1.184751,2.477306,-0.807874,3.219657,2.957515,3.879313,4.411757
1206,34.820000,0.286830,2.008049,-1.017813,-0.500426,1.010691,-0.302902,1.904452,2.212878,-1.075732,-1.179870,2.512603,-0.791753,3.276779,2.965271,3.952066,4.503032
1207,34.840000,0.306388,2.001667,-1.007670,-0.426499,1.040377,-0.156687,1.767831,2.151072,-1.315196,-1.151539,2.422609,-0.985170,3.137653,2.918493,3.972757,4.524978
1208,34.860000,0.344529,2.066334,-0.885138,-0.399277,1.088846,0.048867,1.779431,2.135168,-1.262959,-1.155573,2.455832,-0.890839,3.044069,2.850286,4.123595,4.634371
1209,34.880000,0.416772,2.068254,-0.812394,-0.386738,1.107854,0.182089,1.803304,2.130494,-1.200204,-1.143646,2.556712,-0.882868,2.957315,2.839226,4.205504,4.833754
1210,34.900000,0.423746,2.141047,-0.689432,-0.320967,1.184677,0.428404,1.806520,2.179474,-1.201630,-1.173975,2.580003,-0.867842,2.921247,2.847932,4.480360,5.173258
1211,34.920000,0.385366,2.186545,-0.585751,-0.288919,1.193370,0.522087,1.841427,2.309780,-1.175815,-1.167347,2.528464,-0.890017,2.981644,2.877860,4.865656,5.343357
1212,34.940000,0.424824,2.151439,-0.513372,-0.213731,1.223707,0.554750,1.867470,2.280475,-1.180109,-1.181475,2.592373,-0.821001,2.948727,2.863744,5.040580,5.380540
1213,34.960000,0.384867,2.170169,-0.406966,-0.076060,1.277137,0.556757,1.908541,2.433035,-0.918136,-1.318278,2.810354,-0.393229,3.055392,2.977292,5.313133,5.574562
1214,34.980000,0.355190,2.150650,-0.223595,0.018408,1.282552,0.650614,2.043476,2.679676,-0.540118,-1.428995,3.048168,-0.167734,3.280031,3.179088,5.642964,5.972393
1215,35.000000,0.270791,2.086795,-0.136935,0.214666,1.300408,0.823310,2.148658,2.904366,-0.264736,-1.610390,3.238374,0.134582,3.403655,3.479523,5.765661,6.415399
1216,35.020000,0.129703,2.004102,-0.121084,0.429584,1.279077,0.894937,2.256190,3.261081,0.199504,-1.691848,3.594973,0.707090,3.598640,3.833444,5.903906,6.631822
1217,35.040000,-0.235772,1.801083,-0.262792,0.803412,1.141416,0.696668,2.172834,3.676197,0.496019,-1.727180,4.068571,1.240045,3.643374,4.138065,5.965647,6.592457
1218,35.060000,-0.677418,1.513010,-0.583874,1.054906,0.931080,0.380594,2.134663,4.011887,0.842312,-1.592898,4.659553,1.452947,3.552700,4.402217,5.786507,6.259640
1219,35.080000,-1.265688,1.104583,-0.950424,1.463715,0.597382,-0.055659,1.717946,4.436567,0.898971,-1.420148,4.832760,1.614527,3.312399,5.133442,5.666135,5.557655
1220,35.100000,-1.844584,0.598958,-1.500303,2.009328,0.192676,-0.738965,1.075722,4.807576,1.045274,-1.163739,5.566908,2.024852,3.009459,6.195682,5.478174,4.525784
1221,35.120000,-2.335145,0.290713,-2.111897,2.591684,-0.206611,-1.799513,0.204023,5.277471,1.148307,-0.839718,6.100780,2.437563,2.665147,7.300773,5.601414,2.833544
1222,35.140000,-2.273545,0.266598,-2.679117,3.015322,-0.383280,-2.664726,-0.437284,5.728635,1.218553,-0.650413,6.427799,2.845227,2.469118,8.240736,5.869594,1.430562
1223,35.160000,-1.478343,0.219173,-2.869647,2.913573,-0.494665,-3.115512,-0.538844,5.845729,1.083162,-0.897264,6.383119,3.144362,2.592471,8.650853,6.128458,0.361442
1224,35.180000,-0.699142,0.051546,-2.695300,2.481569,-0.557535,-2.831223,-0.138627,5.898788,1.223579,-1.256200,5.695585,3.257406,2.984066,8.621864,5.835339,-0.241710
1225,35.200000,-0.446803,0.012658,-2.279985,2.378717,-0.367563,-2.307157,0.188387,5.897392,1.437682,-1.489944,5.307710,3.472001,3.484345,8.636660,5.249820,0.293806
1226,35.220000,-0.340869,0.076453,-1.753561,2.065801,0.022219,-1.855656,0.702337,5.250643,1.225910,-1.664399,4.669103,3.463933,3.810513,8.458592,4.714721,1.197382
1227,35.240000,-0.615999,0.489771,-1.546125,2.033237,0.510471,-1.688773,1.109406,5.302369,1.377752,-1.422366,4.020267,3.272286,4.220685,8.158128,4.645561,2.766462
1228,35.260000,-0.960805,0.798804,-1.570117,1.607351,0.664718,-1.596503,1.580319,5.092297,1.438806,-1.189911,3.189644,2.765671,4.756431,7.435377,4.851179,4.240790
1229,35.280000,-1.167943,0.927103,-1.590039,0.892635,0.699973,-1.442870,2.036749,4.740308,1.441466,-1.068545,2.373311,2.239953,5.437377,6.396986,5.536800,5.753112
1230,35.300000,-1.000788,1.025641,-1.234605,0.095142,0.730877,-1.351930,2.040810,3.720456,1.188682,-1.226575,1.729072,1.941509,6.002076,5.253135,6.009595,6.796189
1231,35.320000,-0.414032,1.356501,-0.747220,-0.953776,0.897242,-0.760154,1.854532,3.297405,1.284246,-1.242293,0.993672,2.128287,6.206386,4.233273,6.555646,7.414220
1232,35.340000,0.650144,1.511066,0.253917,-1.693169,0.541445,0.226862,1.308020,2.492541,1.093348,-1.454290,0.208624,2.177393,5.659990,3.024478,6.274390,7.636293
1233,35.360000,1.755739,1.255658,0.943773,-1.924806,-0.067365,0.948360,0.822501,1.879664,0.253599,-1.484074,-0.135651,1.459618,3.886617,1.930187,5.359658,7.015429
1234,35.380000,2.602643,0.562499,0.817683,-1.669340,-0.302520,1.747555,0.471184,1.366301,-0.471297,-1.152326,-0.516975,0.518740,2.127112,0.396760,5.212103,6.042977
1235,35.400000,3.038445,-0.550304,0.445887,-1.814588,-0.764745,1.726260,-0.274376,1.166314,-1.239778,-0.368683,-0.626550,-0.150599,1.162845,-0.512657,5.833969,6.120558
1236,35.420000,3.185813,-1.796610,-0.224392,-1.861846,-1.203710,1.076016,-1.059238,1.336426,-1.744705,0.097614,-0.173780,-0.124917,0.816047,-0.383319,6.479234,7.332412
1237,35.440000,2.768662,-2.328083,-0.894800,-1.904941,-1.262602,-0.226119,-1.192198,2.086007,-1.344336,0.046526,0.588977,0.058897,0.935274,0.417936,6.594665,8.125444
1238,35.460000,1.911429,-2.397392,-1.134483,-1.947651,-1.410014,-1.220440,-0.736248,2.594728,-0.491348,-0.075164,1.288937,0.173170,0.907999,1.152956,6.199599,8.096947
1239,35.480000,1.326366,-1.944653,-1.211892,-1.662380,-1.325271,-1.765606,-0.528349,2.622465,-0.077589,-0.097579,1.457434,0.147457,0.480661,1.587692,5.664831,7.483510
1240,35.500000,1.170336,-1.448401,-1.268220,-1.444770,-1.244066,-2.274299,-0.365592,2.383039,-0.127634,-0.050162,1.600000,0.055190,0.053636,1.809861,5.160863,6.894195
1241,35.520000,1.073803,-1.255135,-1.395718,-1.215449,-1.046827,-2.465762,-0.386972,2.104551,-0.425644,0.047610,1.585029,-0.040625,-0.327830,1.657294,4.626818,6.174142
1242,35.540000,0.785328,-1.017343,-1.566463,-0.873710,-0.739054,-2.104389,-0.440699,1.829543,-0.674107,0.202014,1.421855,-0.136812,-0.704767,1.394607,4.028317,5.378489
1243,35.560000,0.595040,-1.113176,-1.707112,-0.850461,-0.743437,-2.144002,-0.311464,1.584750,-0.956101,0.401451,1.335176,-0.270234,-0.802937,0.803004,3.445072,4.673519
1244,35.580000,0.645176,-1.084812,-1.815078,-0.930998,-0.560493,-2.083990,-0.252077,1.360734,-1.250603,0.580814,1.136496,-0.635731,-0.898318,0.501886,3.282429,4.245654
1245,35.600000,0.916861,-1.340410,-1.737683,-1.288988,-0.862835,-2.119108,-0.279769,1.502368,-1.209807,0.672748,1.145791,-0.839747,-0.492975,0.650291,3.323511,4.243306
1246,35.620000,0.903740,-1.232820,-1.787707,-1.455827,-0.972370,-2.154257,-0.183632,1.528834,-1.225695,0.745576,1.039125,-1.021134,0.055210,0.698565,3.376921,4.159667
1247,35.640000,0.740880,-1.264624,-1.953867,-1.568801,-0.939654,-2.137902,-0.051893,1.549253,-1.265939,0.828609,0.966357,-1.121407,0.415709,0.597594,3.316823,3.901774
1248,35.660000,0.644631,-1.009696,-1.986468,-1.716137,-1.048195,-2.116008,0.046347,1.495965,-1.323728,0.918550,0.944942,-1.189612,0.621640,0.422931,3.163135,3.471056
1249,35.680000,0.876067,-1.058126,-2.046916,-1.959407,-1.156808,-2.056634,-0.034724,1.523341,-1.451357,1.010548,0.998364,-1.273176,0.872849,0.379318,3.070122,3.151670
1250,35.700000,1.030583,-0.930858,-2.073033,-2.070354,-1.104342,-1.936776,-0.125011,1.574021,-1.505188,0.966574,1.013037,-1.354838,1.040431,0.483355,3.090304,3.016224
1251,35.720000,0.973583,-0.568479,-1.965111,-1.948968,-0.837166,-1.879801,-0.171907,1.565434,-1.521753,0.799969,0.947019,-1.403046,1.152971,0.707722,3.142788,2.821684
1252,35.740000,1.133099,-0.430807,-1.902552,-1.926653,-0.760667,-1.850004,-0.183772,1.507210,-1.678969,0.711914,1.030961,-1.392954,1.258903,0.782180,3.137940,2.685058
1253,35.760000,0.984327,-0.079142,-1.792557,-1.995463,-0.480262,-1.773350,-0.136340,1.511993,-1.646930,0.616833,1.017470,-1.478312,1.563939,1.004079,3.329528,2.607894
1254,35.780000,0.944803,0.229316,-1.730980,-1.800551,-0.241684,-1.556724,-0.026208,1.386536,-1.809219,0.443391,1.066669,-1.503309,1.735571,1.010453,3.407513,2.548631
1255,35.800000,0.704026,0.767623,-1.459375,-1.539964,0.253550,-1.381348,0.129037,1.340820,-1.803225,0.208073,1.153472,-1.246256,1.957467,1.153928,3.689389,2.668082
1256,35.820000,0.410170,1.359475,-1.210220,-1.184041,0.649195,-1.227678,0.390607,1.308186,-1.781309,-0.069200,1.348113,-1.141834,2.435920,1.393973,4.109959,2.944188
1257,35.840000,0.066776,1.891249,-0.951416,-0.791203,1.364547,-1.093277,0.736854,1.415331,-1.604650,-0.521700,1.591096,-0.661291,3.028866,1.660277,4.940371,3.522700
1258,35.860000,-0.169909,2.379134,-0.834986,-0.487311,1.891845,-0.994683,1.188146,1.692907,-1.092632,-0.984312,1.981446,-0.141515,3.741836,1.901690,6.164853,4.370982
1259,35.880000,-0.275716,2.659378,-0.730969,-0.213225,2.241021,-1.070509,1.475363,2.160261,-0.117714,-1.487783,2.472434,0.562729,4.237790,2.162915,7.000211,5.324542
1260,35.900000,-0.279093,2.769221,-0.745703,0.047857,2.348071,-1.180666,1.720842,2.703784,0.888224,-1.826646,2.875908,0.942736,4.461119,2.281215,7.058669,5.941370
1261,35.920000,-0.119191,2.844264,-0.814940,0.363811,2.461184,-1.132454,1.811950,2.772618,0.934858,-2.204007,3.152637,1.232255,4.240549,2.259930,6.279288,6.060798
1262,35.940000,-0.150946,2.893126,-0.658921,0.497778,2.404159,-1.293733,1.948414,3.472450,1.744869,-2.163254,3.399174,1.359613,4.522871,2.423389,5.793875,5.966653
1263,35.960000,-0.155633,2.858561,-0.583250,0.743245,2.452058,-1.351783,1.971410,3.894264,2.013165,-2.245079,3.635416,1.280016,4.719943,2.586676,5.266784,5.868857
1264,35.980000,-0.142051,2.818587,-0.555538,0.975509,2.433419,-1.282084,1.994245,4.148244,2.039956,-2.219814,3.880868,1.345733,4.667440,2.775269,4.832489,5.969238
1265,36.000000,-0.248316,2.690899,-0.415010,1.167651,2.301528,-1.107459,1.947114,4.219739,1.795010,-2.120276,4.060131,1.288171,4.543616,3.052007,4.806843,5.929570
1266,36.020000,-0.516940,2.233724,-0.305639,1.270806,1.996242,-0.785067,1.923444,3.977309,1.526538,-1.972686,4.696455,1.485728,4.337829,3.514067,5.162636,5.795815
1267,36.040000,-0.956011,1.808752,-0.357450,1.560743,1.526934,-0.694294,1.786704,4.564567,1.674662,-1.699527,5.293116,1.771959,4.377269,4.318213,5.894444,5.631111
1268,36.060000,-1.533467,1.334072,-0.666256,2.164457,0.920910,-0.837163,1.481084,5.030578,1.856167,-1.541268,5.947751,2.011517,4.273169,5.292330,6.606421,4.918755
1269,36.080000,-2.108198,1.039650,-1.492898,2.846420,0.314912,-1.522290,0.897296,5.493708,1.901869,-1.120350,6.617819,2.224913,3.799366,6.520292,6.747766,3.655175
1270,36.100000,-2.409399,0.970536,-2.474174,3.304257,0.086667,-2.498070,0.013509,6.003671,1.937486,-0.488727,7.207654,2.498336,3.174984,8.096246,6.286751,2.216003
1271,36.120000,-1.874214,0.937619,-3.147797,3.130069,0.245782,-3.257914,-0.531381,6.290977,1.722912,-0.239030,6.685460,2.613949,2.451756,9.453574,6.187424,1.174924
1272,36.140000,-0.911571,0.499000,-3.447734,2.130034,-0.219947,-3.911673,-0.225327,5.970921,1.291441,-0.480870,6.281090,2.691126,2.949362,9.474229,6.554615,0.463202
1273,36.160000,-0.172651,-0.180904,-3.421770,1.167201,-0.724321,-3.969452,0.388443,5.831566,1.043020,-1.044759,6.024089,2.857339,4.374316,8.744759,6.199395,0.293673
1274,36.180000,0.246841,-0.940487,-4.127387,0.467789,-0.536098,-3.740422,0.762363,5.961513,0.828406,-1.301782,5.346904,2.828358,6.252158,8.292727,6.080038,0.824327
1275,36.200000,0.416971,-0.394856,-3.570674,0.639795,0.202098,-2.807460,0.981921,5.787884,0.948055,-1.562409,5.310272,3.293929,6.548019,8.328776,5.581644,1.981705
1276,36.220000,0.416382,0.514170,-2.652544,0.605775,0.977912,-2.143535,1.183998,5.291870,0.928069,-1.555391,4.677361,3.028673,6.643212,8.362688,5.061902,3.427163
1277,36.240000,0.121634,1.311656,-2.096551,0.019649,1.364217,-1.634139,1.296255,4.629580,0.686614,-1.101939,3.244197,2.214946,6.944941,7.655471,5.036817,4.706843
1278,36.260000,-0.149590,1.616491,-1.301666,-0.258425,1.159162,-1.477874,1.212341,3.180745,0.148706,-1.192872,2.370741,1.188608,6.900267,6.426316,4.953933,5.745373
1279,36.280000,0.005370,1.663934,-0.600667,-0.620523,0.679877,-1.338778,0.933543,2.315586,-0.327508,-1.093092,1.522336,0.673660,6.152091,5.023860,5.051275,6.084488
1280,36.300000,0.356667,1.485455,-0.255462,-1.481748,0.195016,-0.472436,0.698521,2.056261,-0.322267,-1.011614,0.393334,0.811312,4.783654,3.713077,5.090108,5.918789
1281,36.320000,1.350810,1.305813,0.100470,-1.686129,0.206708,0.789722,0.646970,1.660988,-0.429327,-1.314181,0.204953,0.882596,3.573996,2.727745,5.250398,5.987423
1282,36.340000,2.109298,1.045241,0.305371,-1.696489,0.325504,1.688173,0.663681,1.352780,-0.638198,-1.209485,-0.199297,0.474366,2.634593,1.270157,5.576757,5.809453
1283,36.360000,2.674016,0.582451,0.064462,-1.537615,0.244570,2.007264,0.287655,1.265753,-1.147332,-1.005667,-0.513915,0.078449,2.082312,0.289593,6.077244,6.056806
1284,36.380000,3.056050,0.098397,-0.321862,-1.286290,0.025460,1.220943,-0.276890,1.310508,-1.676803,-0.808504,-0.346923,-0.003129,1.605446,0.044329,6.592976,7.059648
1285,36.400000,2.872726,0.182549,-0.654488,-1.173929,0.052983,0.185362,-0.493409,1.207091,-2.010733,-0.503529,-0.511118,-0.075314,1.293702,-0.085734,7.359973,8.237666
1286,36.420000,2.198146,0.390270,-1.108727,-1.250667,0.081515,-0.896514,-0.294124,1.002343,-1.914504,-0.153124,-0.578398,-0.286387,0.707261,-0.288879,7.727393,8.835430
1287,36.440000,1.177447,0.052673,-1.173600,-1.904665,-0.520564,-1.655131,0.132945,1.117268,-2.245510,0.383390,-0.289986,-0.259791,1.604690,-0.269382,8.107035,9.654216
1288,36.460000,1.693028,-1.084492,-1.163025,-2.076726,-0.484085,-0.490666,-0.447867,2.107399,-1.437641,0.152086,0.649300,-0.739248,2.281188,1.546933,7.215658,9.334628
1289,36.480000,2.208107,-0.595740,-0.586131,-1.576853,0.016153,-0.183218,-0.491657,2.179405,-1.049026,-0.493051,1.601044,-0.634394,1.907117,3.217201,6.373200,8.274642
1290,36.500000,2.536129,0.070286,-0.174687,-1.209507,0.343087,-0.365615,-0.527441,2.053082,-1.057608,-0.829653,1.783610,-0.546087,1.201702,3.911454,5.774279,7.174858
1291,36.520000,2.560966,0.040368,-0.426482,-0.994725,0.327860,-0.382478,-0.595396,1.939935,-1.214475,-0.662819,1.651873,-1.001107,0.065962,3.792631,5.050667,6.308167
1292,36.540000,2.318875,-0.145736,-0.807529,-0.801966,0.196904,-0.308824,-0.382737,1.837787,-1.272194,-0.489290,1.575467,-1.322193,-0.835821,3.247600,4.323995,5.815256
1293,36.560000,1.981508,-0.269507,-1.107062,-0.526095,0.056290,-0.249772,-0.169705,1.712480,-1.219250,-0.303387,1.591430,-1.488287,-1.159457,2.742329,3.844574,5.565429
1294,36.580000,1.614008,-0.307289,-1.304083,-0.213945,-0.068782,-0.324941,0.023989,1.669611,-1.124028,-0.146915,1.647167,-1.486956,-1.060851,2.385326,3.528221,5.438449
1295,36.600000,1.308712,-0.221814,-1.407991,0.099232,-0.157844,-0.451957,0.337533,1.560266,-0.981066,-0.140289,1.676133,-1.396332,-0.735181,2.070084,3.344067,5.273178
1296,36.620000,0.953829,-0.088092,-1.467914,0.407588,-0.207250,-0.762231,0.633220,1.488997,-0.857265,-0.177410,1.723605,-1.161816,-0.121009,1.905293,3.224326,5.143260
1297,36.640000,0.480720,0.082690,-1.606609,0.730110,-0.167017,-1.137775,0.968048,1.472368,-0.736477,-0.228373,1.870249,-0.884141,0.731908,1.925182,3.210472,5.136632
1298,36.660000,-0.187815,0.271054,-1.860931,1.063156,-0.181651,-1.360242,1.446182,1.398093,-0.522515,-0.272752,1.952031,-0.641204,1.556308,1.918234,3.177247,4.935335
1299,36.680000,-0.832549,0.345182,-2.007953,1.309036,-0.160560,-1.508796,1.796497,1.405075,-0.266349,-0.321461,2.123249,-0.219934,2.538609,2.032471,3.377072,4.826127
1300,36.700000,-0.893266,0.865104,-1.681009,0.981971,-0.005047,-1.073723,2.210510,1.796455,0.157213,-0.540430,2.096247,0.416444,3.053067,2.520422,4.413553,4.599450
1301,36.720000,-0.279370,1.274367,-1.078939,0.754267,0.654236,-0.263193,2.049840,2.030610,0.537394,-0.805701,2.514032,1.108805,3.516550,3.325973,5.244454,5.330818
1302,36.740000,0.099008,1.498262,-1.009095,0.664559,0.955254,-0.193967,1.995073,2.196176,0.914999,-1.113542,2.733232,1.613058,3.924050,3.750039,5.667042,6.187036
1303,36.760000,0.318688,1.625251,-1.110636,0.509759,1.022288,-0.217823,2.023542,2.161608,0.669933,-1.118979,2.611915,1.293569,4.154828,3.633587,5.484842,6.462041
1304,36.780000,0.312481,1.732467,-1.133501,0.417701,1.033323,-0.310332,2.068602,2.128073,0.562449,-1.048497,2.509969,1.064670,3.992389,3.300489,5.166947,6.178145
1305,36.800000,0.248403,1.808293,-1.129702,0.318641,1.015344,-0.415991,2.138839,2.204347,0.498523,-0.970957,2.496059,0.917788,3.792155,3.006311,5.059778,5.747863
1306,36.820000,0.257042,1.755961,-1.185551,0.300214,0.884234,-0.497563,2.098920,2.163432,0.331496,-1.043218,2.545817,0.780859,3.365325,2.841000,4.788551,5.520802
1307,36.840000,0.215109,1.730413,-1.237046,0.228013,0.879255,-0.565375,2.173379,2.167458,0.368417,-1.038244,2.549534,0.725041,3.193947,2.711740,4.651752,5.268071
1308,36.860000,0.250190,1.681111,-1.278907,0.118552,0.793808,-0.594579,2.201045,2.145845,0.154498,-1.047362,2.476282,0.443440,3.053025,2.620289,4.507781,4.927578
1309,36.880000,0.307834,1.508605,-1.334682,0.046552,0.686751,-0.603943,2.182860,1.996344,-0.041255,-1.129277,2.312212,0.090102,2.698646,2.599803,4.080979,4.516420
1310,36.900000,0.329021,1.371609,-1.431353,-0.005479,0.500426,-0.650191,2.057813,1.865754,-0.624148,-1.042974,2.064287,-0.524993,2.411024,2.526756,3.667372,3.924564
1311,36.920000,0.392209,1.307622,-1.373750,-0.104558,0.436573,-0.511696,1.941736,1.722808,-1.022215,-0.955474,1.871734,-0.854226,2.207062,2.543894,3.436429,3.493346
1312,36.940000,0.464508,1.330216,-1.289937,-0.191823,0.480042,-0.418195,1.805599,1.725485,-1.258471,-0.809292,1.941790,-1.037813,2.429590,2.754794,3.465122,3.623316
1313,36.960000,0.344685,1.335242,-1.337012,-0.241879,0.421193,-0.471801,1.763331,1.714643,-1.412556,-0.829767,1.822849,-1.220420,2.560166,2.834218,3.584122,3.641251
1314,36.980000,0.371878,1.235384,-1.358746,-0.288121,0.370190,-0.518664,1.748664,1.590135,-1.479674,-0.895599,1.748799,-1.379550,2.464792,2.810577,3.439439,3.519227
1315,37.000000,0.340614,1.367247,-1.184560,-0.376518,0.426753,-0.503828,1.736386,1.674714,-1.360655,-0.895244,1.788835,-1.184766,2.623758,2.840358,3.610241,3.471270
1316,37.020000,0.283631,1.382474,-1.195927,-0.388585,0.418472,-0.513330,1.701720,1.693557,-1.361997,-0.958556,1.782597,-1.172980,2.749711,2.870578,3.703099,3.420825
1317,37.040000,0.307695,1.401371,-1.199156,-0.387412,0.470864,-0.476588,1.735028,1.720541,-1.223614,-1.042651,1.786201,-1.062210,2.804628,2.887012,3.703228,3.457824
1318,37.060000,0.355534,1.463001,-1.123238,-0.429767,0.546545,-0.442347,1.700878,1.776481,-1.163410,-1.060895,1.865156,-0.943588,2.993656,2.935699,3.826692,3.582851
1319,37.080000,0.333393,1.520156,-1.167160,-0.426356,0.561928,-0.406889,1.745166,1.805564,-1.012191,-1.158328,1.829462,-0.888668,3.014201,2.901228,3.849206,3.572913
1320,37.100000,0.340153,1.490027,-1.226395,-0.420296,0.551222,-0.475726,1.725518,1.816759,-0.979430,-1.172526,1.837209,-0.881817,3.022562,2.872036,3.742037,3.540582
1321,37.120000,0.326128,1.520219,-1.217920,-0.365627,0.588070,-0.447966,1.658241,1.789366,-0.924945,-1.229188,1.848722,-0.772575,2.956652,2.912470,3.673943,3.576836
1322,37.140000,0.274511,1.530850,-1.223140,-0.418251,0.533371,-0.526865,1.665357,1.858594,-0.962162,-1.133395,1.817668,-0.980599,3.065517,2.885292,3.646165,3.564105
1323,37.160000,0.229109,1.504035,-1.257184,-0.385032,0.516874,-0.514784,1.698179,1.801690,-0.866902,-1.211334,1.744288,-0.942163,2.944563,2.824735,3.520874,3.414920
1324,37.180000,0.308626,1.470278,-1.194277,-0.389167,0.566519,-0.482998,1.623366,1.746261,-0.927531,-1.185262,1.809029,-0.883624,2.969474,2.875618,3.414344,3.478773
1325,37.200000,0.217091,1.446771,-1.192253,-0.420192,0.436236,-0.625360,1.618152,1.720268,-1.057143,-1.166690,1.651815,-1.054238,2.892900,2.728674,3.410929,3.156384
1326,37.220000,0.217073,1.523588,-1.041880,-0.389519,0.535529,-0.467496,1.631686,1.765952,-0.774958,-1.187960,1.672064,-0.895275,2.950349,2.732557,3.550430,3.234140
1327,37.240000,0.217755,1.460045,-1.134917,-0.355368,0.472334,-0.577713,1.493921,1.715158,-1.044931,-1.120986,1.697881,-1.020193,3.061810,2.822194,3.543216,3.297390
1328,37.260000,0.191805,1.456967,-1.206215,-0.313218,0.471309,-0.553738,1.487259,1.681709,-1.069087,-1.162632,1.641056,-0.961965,3.054020,2.875508,3.487735,3.354874
1329,37.280000,0.242198,1.479750,-1.156312,-0.293458,0.514780,-0.470268,1.466200,1.625365,-0.964779,-1.203892,1.671107,-0.887043,2.934676,2.905704,3.347080,3.367425
1330,37.300000,0.300700,1.446496,-1.149852,-0.311481,0.497647,-0.402073,1.494600,1.563863,-0.843170,-1.306433,1.665484,-0.760213,2.774997,2.895142,3.177111,3.291834
1331,37.320000,0.265118,1.488583,-1.089641,-0.333617,0.529025,-0.391180,1.465159,1.684742,-0.778474,-1.263693,1.682461,-0.605867,2.914013,2.938509,3.322388,3.374625
1332,37.340000,0.204521,1.480613,-1.114692,-0.334712,0.454349,-0.437204,1.528722,1.731302,-0.625495,-1.312089,1.599608,-0.603737,2.989518,2.885824,3.452673,3.273470
1333,37.360000,0.171286,1.463778,-1.130908,-0.348613,0.441889,-0.491496,1.581056,1.798239,-0.482335,-1.301215,1.584457,-0.557153,3.145470,2.869212,3.556015,3.245965
1334,37.380000,0.158780,1.487823,-1.141648,-0.307634,0.476226,-0.495534,1.519947,1.836967,-0.496706,-1.306361,1.632861,-0.467639,3.261756,2.957515,3.641544,3.380567
1335,37.400000,0.173639,1.502713,-1.139878,-0.268196,0.484760,-0.443324,1.568195,1.850936,-0.332345,-1.320107,1.643707,-0.401361,3.259439,2.985524,3.609989,3.529938
1336,37.420000,0.181695,1.496329,-1.152717,-0.226048,0.489215,-0.456992,1.485074,1.818198,-0.395670,-1.282321,1.679719,-0.337023,3.295150,3.067863,3.534095,3.662549
1337,37.440000,0.124325,1.455392,-1.209774,-0.193419,0.425879,-0.483550,1.505856,1.791943,-0.414388,-1.308624,1.561672,-0.403064,3.156517,3.027839,3.440706,3.535246
1338,37.460000,0.258541,1.422941,-1.176618,-0.219140,0.463480,-0.329088,1.515263,1.690188,-0.430823,-1.278034,1.616361,-0.352352,3.055998,3.030387,3.233853,3.514943
1339,37.480000,0.278335,1.396662,-1.148221,-0.221972,0.419399,-0.319936,1.491503,1.627608,-0.546327,-1.223301,1.556894,-0.442819,2.955442,2.998629,3.117764,3.393215
1340,37.500000,0.345813,1.361073,-1.151378,-0.183984,0.406044,-0.243967,1.316753,1.533845,-0.953232,-1.109152,1.504440,-0.515602,2.939322,3.045453,3.101436,3.415681
1341,37.520000,0.380706,1.352773,-1.139773,-0.173007,0.341509,-0.189967,1.374726,1.476273,-0.927679,-1.100371,1.437503,-0.534241,2.784992,2.974464,3.068305,3.307817
1342,37.540000,0.490763,1.317965,-1.086868,-0.202943,0.319468,-0.106929,1.320150,1.435193,-0.988302,-1.050898,1.418028,-0.555980,2.711819,2.953340,3.051452,3.252072
1343,37.560000,0.570018,1.303327,-1.103355,-0.234804,0.295035,-0.082697,1.261034,1.472438,-1.114091,-0.987021,1.415171,-0.596434,2.803690,2.968064,3.175354,3.346323
1344,37.580000,0.564880,1.279796,-1.096119,-0.224820,0.234953,-0.115456,1.244292,1.472648,-1.126173,-0.989440,1.370731,-0.602900,2.749799,2.961171,3.214513,3.335277
1345,37.600000,0.655399,1.266250,-1.118955,-0.228736,0.246692,-0.088918,1.219139,1.478539,-1.087808,-0.993534,1.420484,-0.577178,2.740511,3.055570,3.183806,3.467520
1346,37.620000,0.581803,1.291867,-1.166102,-0.281370,0.202145,-0.185980,1.333318,1.549388,-1.049004,-0.976290,1.428691,-0.678551,2.798571,3.044708,3.209281,3.452724
1347,37.640000,0.603712,1.308769,-1.128964,-0.269506,0.249659,-0.078014,1.358972,1.557627,-0.929672,-1.041653,1.448961,-0.506578,2.753688,3.097833,3.258115,3.496743
1348,37.660000,0.542808,1.391183,-1.119374,-0.295955,0.266986,-0.184773,1.424222,1.693940,-0.817617,-1.006136,1.500185,-0.496241,2.927845,3.171724,3.454816,3.607134
1349,37.680000,0.572010,1.281755,-1.233098,-0.196295,0.187436,-0.206836,1.354050,1.505255,-1.067535,-1.061974,1.435881,-0.613328,2.674219,3.103083,3.159082,3.427100
1350,37.700000,0.558307,1.424290,-1.079192,-0.328411,0.264547,-0.201437,1.522156,1.705260,-0.712650,-1.022848,1.509097,-0.469105,2.827550,3.068999,3.342712,3.487777
1351,37.720000,0.544402,1.440039,-1.072386,-0.373740,0.286293,-0.215186,1.571759,1.757912,-0.684101,-1.048939,1.604186,-0.464565,2.995711,3.097233,3.481605,3.550653
1352,37.740000,0.599143,1.434483,-1.136918,-0.293673,0.362079,-0.170850,1.511436,1.784059,-0.712604,-1.107042,1.654659,-0.324553,3.088555,3.216152,3.559111,3.837634
1353,37.760000,0.565277,1.490232,-1.168146,-0.305300,0.348692,-0.230417,1.583257,1.813997,-0.620994,-1.130452,1.669674,-0.343493,3.062446,3.214056,3.538139,3.852915
1354,37.780000,0.539639,1.491360,-1.212142,-0.367958,0.344703,-0.298239,1.670821,1.842969,-0.631794,-1.058088,1.665679,-0.544783,3.095375,3.158216,3.466441,3.823241
1355,37.800000,0.634977,1.492031,-1.244713,-0.322978,0.411128,-0.149197,1.641045,1.779128,-0.760380,-1.068969,1.758720,-0.503155,3.034040,3.194331,3.347174,3.943800
1356,37.820000,0.605559,1.493732,-1.318378,-0.262771,0.370164,-0.151926,1.588251,1.715598,-0.964419,-1.048293,1.701195,-0.577494,2.840113,3.190414,3.149392,3.869882
1357,37.840000,0.521839,1.590745,-1.249195,-0.393523,0.424414,-0.174658,1.768533,1.863289,-0.797412,-0.993431,1.756385,-0.536906,3.004133,3.140090,3.349351,3.897664
1358,37.860000,0.585461,1.548912,-1.317045,-0.396663,0.446565,-0.116796,1.774083,1.781229,-0.952955,-0.999531,1.830273,-0.562816,2.982759,3.134469,3.281464,3.923534
1359,37.880000,0.492759,1.611785,-1.358735,-0.385539,0.435701,-0.157725,1.767413,1.917454,-0.993808,-0.945098,1.815955,-0.629108,3.113865,3.185634,3.421353,4.047672
1360,37.900000,0.429014,1.669761,-1.345441,-0.388626,0.494024,-0.151173,1.860301,1.943845,-0.874118,-1.004595,1.905125,-0.515813,3.162372,3.225187,3.557003,4.146114
1361,37.920000,0.386090,1.685371,-1.409636,-0.453931,0.516406,-0.225046,2.007419,2.007949,-0.765440,-1.030707,1.955536,-0.493460,3.220193,3.234385,3.572612,4.185055
1362,37.940000,0.341912,1.720836,-1.381607,-0.465070,0.565645,-0.285694,1.993560,2.071554,-0.787908,-1.048028,2.013059,-0.446146,3.330349,3.220426,3.717406,4.216659
1363,37.960000,0.330921,1.741675,-1.361228,-0.473979,0.596561,-0.330099,2.015137,2.085652,-0.718031,-1.109760,2.069265,-0.387322,3.295889,3.148365,3.728652,4.187447
1364,37.980000,0.327212,1.705117,-1.387414,-0.588467,0.534605,-0.517443,2.067207,2.135705,-0.827775,-1.027334,1.994321,-0.775317,3.330839,2.988155,3.654534,3.976329
1365,38.000000,0.350662,1.711093,-1.363567,-0.585787,0.556365,-0.458111,2.014432,2.105772,-0.933900,-1.045403,1.961902,-0.865538,3.253264,2.882975,3.633929,3.837888
1366,38.020000,0.473342,1.690354,-1.291531,-0.611654,0.604826,-0.414347,1.968041,2.046526,-0.964467,-1.089046,2.025414,-0.828581,3.159946,2.881759,3.530141,3.851632
1367,38.040000,0.494772,1.673186,-1.374674,-0.590767,0.539220,-0.489547,1.834021,1.995802,-1.267613,-0.971975,1.947914,-1.143978,3.068234,2.822898,3.363422,3.751808
1368,38.060000,0.536490,1.615214,-1.323120,-0.641454,0.520507,-0.498149,1.755342,1.932161,-1.475968,-0.921353,1.935379,-1.245927,3.004016,2.707190,3.284491,3.634101
1369,38.080000,0.581570,1.700196,-1.257698,-0.636891,0.569131,-0.502173,1.685537,1.941820,-1.587090,-0.859542,1.976309,-1.218049,3.075973,2.677873,3.376418,3.653313
1370,38.100000,0.547473,1.708205,-1.277686,-0.656698,0.519779,-0.562952,1.663429,1.954459,-1.649127,-0.849791,1.948888,-1.330187,3.132172,2.636957,3.429190,3.603610
1371,38.120000,0.578958,1.724120,-1.287470,-0.701152,0.548723,-0.551043,1.756780,1.965334,-1.557765,-0.907614,1.962385,-1.336019,3.106551,2.624999,3.417345,3.619668
1372,38.140000,0.570223,1.715747,-1.322740,-0.742686,0.540153,-0.610577,1.762288,1.967473,-1.576763,-0.924592,1.974780,-1.449992,3.068300,2.599005,3.355460,3.569581
1373,38.160000,0.555802,1.733242,-1.337463,-0.715322,0.608381,-0.562497,1.755376,1.983840,-1.566725,-0.977117,2.007714,-1.380746,3.044287,2.610772,3.328656,3.603692
1374,38.180000,0.589550,1.795542,-1.346320,-0.689527,0.692754,-0.506394,1.800874,2.022334,-1.479434,-1.026863,2.121862,-1.259168,3.078159,2.696377,3.280305,3.770758
1375,38.200000,0.544186,1.822033,-1.393097,-0.684759,0.731566,-0.525021,1.853805,2.039384,-1.454782,-1.070953,2.136151,-1.277961,3.074315,2.725542,3.210204,3.850405
1376,38.220000,0.494075,1.869282,-1.417301,-0.684699,0.758626,-0.571514,1.894744,2.077947,-1.448449,-1.061298,2.152050,-1.284051,3.139883,2.723841,3.254115,3.892063
1377,38.240000,0.471150,1.902292,-1.468195,-0.610898,0.838677,-0.524279,1.968714,2.070206,-1.352887,-1.126512,2.226707,-1.151754,3.109141,2.774163,3.184932,3.994246
1378,38.260000,0.407132,1.904998,-1.516968,-0.573362,0.850154,-0.655862,2.001848,2.087290,-1.391821,-1.095201,2.216044,-1.201092,3.128686,2.745275,3.163544,3.959037
1379,38.280000,0.281498,1.948980,-1.527192,-0.504657,0.844344,-0.748994,2.025995,2.141411,-1.465722,-1.085302,2.175231,-1.096454,3.227416,2.632049,3.365570,3.759486
1380,38.300000,0.246888,1.950504,-1.461448,-0.465986,0.885069,-0.887523,2.076923,2.181568,-1.348703,-1.083308,2.196166,-0.989397,3.327726,2.549470,3.507200,3.664189
1381,38.320000,0.186210,1.941163,-1.469927,-0.476855,0.836888,-1.012952,2.098779,2.188624,-1.365267,-1.101326,2.046322,-1.285160,3.242825,2.388416,3.454506,3.357057
1382,38.340000,0.294124,1.949848,-1.378193,-0.494851,0.899199,-0.922608,2.128827,2.187135,-1.219494,-1.174134,2.125314,-1.173333,3.215512,2.379622,3.376093,3.425010
1383,38.360000,0.268427,1.966332,-1.388757,-0.455488,0.918539,-0.973733,2.035258,2.143455,-1.251031,-1.194616,2.096515,-1.350280,3.109873,2.356199,3.198590,3.411244
1384,38.380000,0.227435,2.026421,-1.383591,-0.341630,1.035835,-0.987297,1.897901,2.076323,-1.390795,-1.160995,2.065845,-1.338941,3.029485,2.210503,3.164187,3.411783
1385,38.400000,0.176168,2.078623,-1.283121,-0.273471,1.103219,-1.085588,1.773245,2.040267,-1.475465,-1.017555,2.043844,-1.506950,2.986800,1.990692,3.181866,3.397121
1386,38.420000,0.093060,2.176764,-1.196779,-0.097256,1.288877,-1.105584,1.547728,1.981326,-1.630784,-1.017941,2.045763,-1.384549,2.959962,1.883665,3.369520,3.492630
1387,38.440000,0.143943,2.219129,-1.040936,-0.145635,1.319481,-1.076150,1.558098,1.992983,-1.518275,-1.034825,2.111551,-1.376417,2.965752,1.799631,3.568418,3.690196
1388,38.460000,0.143055,2.182071,-1.044965,-0.171176,1.321524,-1.123528,1.370567,1.959762,-1.765861,-0.884706,2.073751,-1.599362,2.909984,1.724532,3.719403,3.704390
1389,38.480000,0.124617,2.229015,-1.002641,-0.201958,1.419111,-1.055359,1.415449,1.940519,-1.647995,-0.966216,2.082850,-1.582048,2.734789,1.566261,3.941012,3.725688
1390,38.500000,0.222230,2.185285,-0.939499,-0.270490,1.416231,-0.983595,1.397829,1.967783,-1.629741,-0.934970,2.203625,-1.610509,2.685353,1.614735,4.071921,3.963569
1391,38.520000,0.291692,2.216308,-0.748564,-0.407277,1.421499,-0.899344,1.501011,2.034242,-1.415285,-1.098431,2.358617,-1.454688,2.678207,1.776031,4.237018,4.313551
1392,38.540000,0.294468,2.247594,-0.757986,-0.428943,1.478822,-0.841675,1.592196,2.087106,-1.264539,-1.237423,2.450620,-1.356401,2.683113,1.888497,4.339997,4.552257
1393,38.560000,0.320871,2.356102,-0.716402,-0.433989,1.577893,-0.696260,1.687336,2.203644,-0.989545,-1.411952,2.602673,-1.107117,2.804440,2.008182,4.580211,4.906044
1394,38.580000,0.288858,2.349149,-0.745436,-0.416278,1.610553,-0.627429,1.736716,2.316167,-0.858833,-1.488121,2.711692,-1.006799,2.936357,2.251518,4.746614,5.197090
1395,38.600000,0.282191,2.410640,-0.715496,-0.334283,1.697208,-0.510048,1.858015,2.477793,-0.728071,-1.622091,2.849186,-0.684308,3.145489,2.443085,5.005968,5.414703
1396,38.620000,0.257933,2.478709,-0.601997,-0.187950,1.798683,-0.412745,1.997961,2.642251,-0.392735,-1.768763,3.218330,-0.029676,3.499776,2.760304,5.266191,5.768164
1397,38.640000,0.184420,2.517795,-0.538840,-0.087257,1.814340,-0.364789,2.084146,2.850261,-0.363051,-1.873258,3.070062,-0.203899,3.532950,2.867795,5.426486,5.763206
1398,38.660000,0.210887,2.476836,-0.454597,0.109917,1.884336,-0.114999,2.184914,2.956859,-0.012521,-1.991917,3.510606,0.434134,3.796815,3.075336,5.538005,6.013467
1399,38.680000,0.126666,2.371694,-0.453509,0.288454,1.823842,-0.045739,2.195984,2.991502,-0.134124,-2.031014,3.631178,0.433061,3.731960,3.244321,5.324757,6.029887
1400,38.700000,-0.009184,2.331946,-0.354183,0.524384,1.824938,0.143779,2.248236,3.300315,0.335817,-2.088056,3.946507,0.957510,3.871470,3.499110,5.381439,6.187719
1401,38.720000,-0.217951,2.209342,-0.385636,0.739045,1.704252,0.111885,2.262950,3.655415,0.454733,-2.082063,3.969341,0.980503,3.786837,3.832556,5.308041,6.007457
1402,38.740000,-0.447150,1.928268,-0.321872,0.879818,1.546514,0.277852,2.223191,3.810578,0.540000,-1.950173,4.097722,1.098815,3.642271,4.258478,5.382953,5.940318
1403,38.760000,-0.857746,1.640666,-0.466880,1.079489,1.301519,0.169967,2.107384,4.010818,0.783363,-1.736383,4.462965,1.306553,3.555717,4.750545,5.453283,5.606496
1404,38.780000,-1.310989,1.185720,-0.682767,1.477058,0.971146,-0.113229,1.713380,4.287564,0.812673,-1.634175,4.930815,1.593026,3.442483,5.415713,5.672069,5.187958
1405,38.800000,-1.977794,0.733197,-1.199175,2.139070,0.456487,-0.741083,1.088222,4.687804,0.918584,-1.377833,5.531532,2.000397,3.173194,6.393497,5.778377,4.393040
1406,38.820000,-2.640918,0.434273,-1.952772,2.885884,-0.009805,-1.831864,0.250922,5.140313,1.034140,-0.955031,6.197406,2.315714,2.776241,7.538552,5.798841,2.946633
1407,38.840000,-2.598617,0.339017,-2.606879,3.275760,-0.164915,-2.747252,-0.411738,5.662304,1.108221,-0.662234,6.555106,2.734336,2.529704,8.544382,5.807028,1.690119
1408,38.860000,-1.716306,0.206038,-2.847507,3.069382,-0.350595,-3.215602,-0.520622,5.931909,1.041131,-0.869030,6.465546,2.920233,2.392085,8.867831,5.766370,0.567290
1409,38.880000,-0.730515,-0.091781,-2.685676,2.408012,-0.601234,-3.026369,-0.008043,5.685642,0.900260,-1.366219,5.874916,3.065454,2.923450,8.702788,5.694651,-0.169397
1410,38.900000,-0.327444,-0.213595,-2.294984,2.122759,-0.545915,-2.423389,0.430450,5.540431,1.059648,-1.688688,5.528131,3.320111,3.582345,8.583792,5.179574,0.120325
1411,38.920000,-0.341591,-0.019105,-1.771165,2.081724,-0.043948,-1.895797,0.862462,5.333573,1.178839,-1.807429,4.890827,3.350576,3.880936,8.489420,4.538755,1.215659
1412,38.940000,-0.506003,0.327676,-1.433856,2.115228,0.471790,-1.719270,1.220208,5.121964,1.178862,-1.714412,4.381984,3.250234,4.116552,8.291574,4.244160,2.836784
1413,38.960000,-0.733709,0.699651,-1.473503,1.935092,0.660450,-1.682093,1.668529,5.125873,1.337460,-1.391083,3.680212,2.860550,4.486983,7.680302,4.365317,4.500736
1414,38.980000,-1.113000,0.913226,-1.656670,1.218709,0.562448,-1.488828,2.165395,4.904137,1.432492,-1.025396,2.473103,1.954109,4.961268,6.371931,4.808316,5.535019
1415,39.000000,-0.946370,0.960984,-1.385544,0.451986,0.587413,-1.365678,2.346168,4.259519,1.276711,-1.198879,2.012543,1.774404,5.605387,5.415358,5.543103,6.735439
1416,39.020000,-0.622316,1.217675,-1.008324,-0.496628,0.712978,-0.935177,2.103100,3.637700,1.309304,-1.199119,1.243142,1.883113,5.805821,4.318889,6.170515,7.204004
1417,39.040000,0.499353,1.252535,-0.061621,-1.147187,0.642886,-0.291926,1.484883,2.794689,0.882799,-1.382617,0.928034,1.968768,5.688440,3.473144,6.247738,7.543983
1418,39.060000,1.784166,1.231770,1.061541,-1.292301,0.129880,0.325931,0.754719,1.748837,0.120336,-1.842314,0.427439,1.738344,4.151682,2.562064,5.482615,7.276021
1419,39.080000,2.961904,0.750272,1.091088,-0.959578,-0.382641,0.396088,0.066797,1.154738,-0.841131,-1.998254,0.417728,1.320450,1.730840,2.186139,4.726253,6.941020
1420,39.100000,3.441817,0.314222,0.933636,-1.023682,-0.388744,0.699638,-0.320828,0.444015,-1.520408,-0.933283,-0.358213,0.537271,0.478822,1.017111,5.815675,7.004265
1421,39.120000,3.760666,-0.379595,0.298532,-1.324784,-0.264515,0.640432,-1.127022,0.114210,-2.272013,0.058906,-0.892710,0.140358,0.128793,0.633944,7.246071,7.923960
1422,39.140000,3.503445,-0.972343,-0.564124,-1.574917,-0.192523,0.358442,-1.636361,0.223602,-2.817443,0.512216,-1.275689,-0.152772,-0.016484,0.530665,8.150269,9.226038
1423,39.160000,2.763146,-2.749051,-1.107060,-2.341288,-0.939083,-0.436033,-1.454881,1.555183,-2.566947,0.918072,-0.024462,-0.466274,2.370748,1.405392,8.522569,10.989858
1424,39.180000,2.090812,-2.749876,-0.993622,-2.688445,-0.689072,-0.948586,-0.868336,2.554961,-1.192524,0.509705,1.378090,-0.515041,3.744997,2.771605,7.674013,10.287981
1425,39.200000,2.111508,-1.217215,-0.258657,-2.139508,-0.266228,-0.569139,-0.660800,2.546663,-0.514440,-0.446551,1.971848,0.066846,3.585427,3.758619,6.942598,8.030380
1426,39.220000,2.341179,-0.419595,0.100040,-1.788499,-0.087476,-0.679105,-0.669416,2.528729,-0.515058,-0.948209,2.183130,0.082613,2.538046,3.919424,6.189577,6.583517
1427,39.240000,2.650227,-0.464300,-0.001879,-1.680736,-0.185169,-0.569968,-0.708555,2.360210,-0.821782,-1.089286,1.936010,-0.433482,0.509262,3.349780,5.289478,5.736071
1428,39.260000,2.645242,-0.825153,-0.394260,-1.600731,-0.438089,-0.199730,-0.646306,2.313621,-0.924078,-1.041505,1.723483,-0.865920,-1.180167,2.588216,4.429219,5.484780
1429,39.280000,2.353586,-1.171261,-0.779492,-1.469779,-0.744984,-0.002831,-0.540145,2.346074,-0.885532,-0.760467,1.679532,-1.084985,-1.939847,1.820637,3.871949,5.431151
1430,39.300000,2.048658,-1.419928,-1.136948,-1.251127,-1.043447,0.001795,-0.499929,2.391691,-0.846525,-0.431262,1.687656,-1.172774,-2.208701,1.179475,3.482947,5.339472
1431,39.320000,1.703038,-1.506479,-1.347157,-1.028015,-1.296022,-0.215149,-0.480647,2.462924,-0.760554,-0.131713,1.700440,-1.113568,-2.212508,0.747669,3.214700,5.136561
1432,39.340000,1.567628,-1.432126,-1.416533,-0.840136,-1.519329,-0.599949,-0.408985,2.399435,-0.714077,-0.016437,1.719680,-0.948510,-1.962824,0.427958,3.072107,4.824447
1433,39.360000,1.425366,-1.307608,-1.460668,-0.758408,-1.655743,-1.151346,-0.364558,2.294871,-0.729875,0.077315,1.695709,-0.735818,-1.540104,0.246642,2.927962,4.470117
1434,39.380000,1.257527,-1.105236,-1.446666,-0.663468,-1.674431,-1.599699,-0.305848,2.133285,-0.772625,0.101217,1.618741,-0.502496,-1.118618,0.049428,2.746957,3.965169
1435,39.400000,1.114528,-0.855818,-1.403103,-0.551744,-1.604602,-1.829321,-0.188220,1.951033,-0.830146,0.056804,1.534661,-0.262444,-0.491318,-0.046639,2.640721,3.335809
1436,39.420000,0.961389,-0.729599,-1.395562,-0.532156,-1.623245,-1.891554,0.085146,1.695640,-0.866777,-0.014268,1.347099,-0.168812,0.139045,-0.151974,2.601855,2.689683
1437,39.440000,0.644057,-0.471461,-1.445312,-0.332236,-1.429669,-1.708491,0.445304,1.507659,-0.847363,-0.114636,1.084749,-0.061454,0.766060,-0.126197,2.711378,2.126037
1438,39.460000,0.239381,-0.097675,-1.597946,-0.042602,-1.166308,-1.525118,1.007013,1.355482,-0.725099,-0.264816,0.856908,0.105794,1.418332,0.137488,3.007324,1.898697
1439,39.480000,0.505079,0.074457,-1.434988,0.114608,-0.979902,-1.484116,1.214787,1.133600,-0.583405,-0.498922,0.864120,0.317917,1.784929,0.496468,3.223059,2.190058
1440,39.500000,1.730077,0.203633,-0.911119,0.493407,-0.336981,-1.184102,0.375171,1.040643,-0.571585,-0.840908,1.276381,0.920271,1.866151,1.238194,3.508785,3.165951
1441,39.520000,1.716200,0.853513,-0.523620,0.532760,-0.005921,-0.755622,0.234645,1.646467,-0.119346,-0.825704,1.629521,1.810728,2.548074,2.098948,4.829833,3.865862
1442,39.540000,1.243314,1.401045,-0.537111,0.544617,0.337785,-0.730898,0.491214,2.135676,0.272437,-0.657246,1.900437,2.386630,3.851800,2.804791,5.911602,4.569281
1443,39.560000,1.082996,1.562998,-0.982695,0.866730,0.555452,-0.583038,0.846559,2.220731,0.552093,-0.764714,2.353455,3.240324,4.080424,3.186941,6.285033,5.097166
1444,39.580000,0.717792,1.634588,-1.159474,0.880443,0.552019,-0.862252,1.059389,2.645372,1.227841,-0.713768,2.726465,3.442308,4.076315,3.239137,6.168370,5.238978
1445,39.600000,0.469253,1.669813,-1.278361,0.754488,0.537046,-1.130756,1.414739,2.816985,1.186352,-0.532375,2.842354,2.864309,4.151753,2.960678,5.895597,5.172390
1446,39.620000,0.189286,1.598045,-1.340174,0.895584,0.550583,-1.261528,1.687655,2.963210,1.475544,-0.560063,3.135934,2.813161,3.928426,2.727483,5.490912,5.162491
1447,39.640000,0.000879,1.572341,-1.374074,0.964648,0.538598,-1.444751,1.857640,3.100711,1.649539,-0.596330,3.288786,2.400105,3.852274,2.511903,4.954223,5.111918
1448,39.660000,-0.045082,1.533638,-1.396187,0.990097,0.428067,-1.523697,2.026331,3.121800,1.504975,-0.582215,3.315063,2.052950,3.723463,2.213324,4.577467,4.926167
1449,39.680000,0.031617,1.606914,-1.186796,0.907312,0.380489,-1.568966,2.087784,3.032962,1.316459,-0.615427,3.188648,1.775845,3.761049,2.166701,4.435798,4.704237
1450,39.700000,0.138101,1.681064,-1.030376,0.756935,0.351615,-1.619775,2.150432,2.923859,0.966895,-0.640009,2.967679,1.471459,3.870004,2.084567,4.558636,4.145453
1451,39.720000,0.357005,1.602087,-0.913141,0.563298,0.240185,-1.566815,2.136810,2.734966,0.480896,-0.639081,2.644031,1.078274,3.795330,1.972444,4.724054,3.468089
1452,39.740000,0.700374,1.560132,-0.768914,0.306473,0.230875,-1.466953,2.031527,2.558536,0.011477,-0.558587,2.316847,0.518001,3.849103,2.024705,4.832021,3.110787
1453,39.760000,0.999026,1.546254,-0.634365,0.177334,0.191994,-1.267021,1.894714,2.293089,-0.390972,-0.644108,1.882188,0.149733,3.423984,1.995786,4.513379,2.615154
1454,39.780000,1.235555,1.562371,-0.434740,0.191219,0.190608,-1.021630,1.508031,2.112643,-0.717006,-0.595129,1.528756,-0.062131,3.014043,1.934057,4.181849,2.238251
1455,39.800000,1.637089,1.454129,-0.363038,0.205107,0.080622,-0.843764,1.022626,1.862927,-1.282117,-0.452722,1.249044,-0.501018,2.610144,1.643831,3.774430,1.970605
1456,39.820000,1.952298,1.352863,-0.170076,0.124357,-0.073052,-0.860431,0.539445,1.797399,-1.569486,-0.280103,0.998132,-0.853499,2.536376,1.321788,3.524448,1.926554
1457,39.840000,2.281602,1.329353,0.041444,0.121628,-0.043724,-0.888494,-0.061920,1.800346,-1.791540,-0.164690,0.962017,-0.967272,2.678492,1.320106,3.566417,2.229145
1458,39.860000,2.478494,1.227023,-0.105542,0.048175,-0.218202,-0.966852,-0.224710,1.764910,-1.975283,-0.183088,0.918915,-0.968920,2.640793,1.219383,3.559370,2.309426
1459,39.880000,2.695025,1.121986,-0.135991,-0.106339,-0.244835,-1.034295,-0.324742,1.747441,-2.077049,-0.223971,0.932550,-0.911334,2.643149,1.190684,3.578361,2.358360
1460,39.900000,2.855481,1.118214,-0.134513,-0.165727,-0.213274,-1.061641,-0.422964,1.775167,-2.076957,-0.306273,0.993028,-0.882035,2.658914,1.326793,3.708531,2.453705
1461,39.920000,2.723577,1.112163,-0.194902,-0.277514,-0.318651,-1.231410,-0.259010,1.820007,-1.959875,-0.338929,1.024586,-0.969251,2.775952,1.295807,3.728800,2.419034
1462,39.940000,2.506672,1.147110,-0.228135,-0.309873,-0.294109,-1.186546,-0.040053,1.818948,-1.731510,-0.502035,1.011427,-0.795770,2.747934,1.308245,3.808274,2.267845
1463,39.960000,2.348039,1.238938,-0.257322,-0.222586,-0.146935,-1.056462,0.164797,1.815100,-1.501047,-0.706451,1.049358,-0.658081,2.655956,1.429958,3.890882,2.249244
1464,39.980000,1.949255,1.399319,-0.340021,-0.200898,-0.128950,-1.100347,0.476847,1.897619,-1.294168,-0.691287,1.105955,-0.677353,2.784384,1.461931,4.100740,2.269432
1465,40.000000,1.714665,1.469609,-0.330724,-0.162276,0.011114,-1.006098,0.813077,1.965601,-1.002118,-0.870719,1.236397,-0.580408,3.024499,1.632354,4.395660,2.552002
1466,40.020000,1.528645,1.488696,-0.470301,-0.155924,0.052848,-1.087313,1.108720,1.997457,-0.851810,-1.001897,1.279683,-0.562216,3.253664,1.776281,4.480468,2.748535
1467,40.040000,1.079905,1.626251,-0.537146,-0.095762,0.158518,-1.244968,1.421260,2.166532,-0.438969,-1.089777,1.342599,-0.469120,3.584015,1.959599,4.679556,2.917105
1468,40.060000,0.752451,1.746717,-0.546025,-0.112314,0.270689,-1.361866,1.812053,2.445150,0.163606,-1.237082,1.560580,-0.438725,4.106168,2.264620,4.940275,3.447188
1469,40.080000,0.422822,1.861035,-0.702321,-0.009631,0.371114,-1.394251,2.101615,2.651759,0.644092,-1.404229,1.696002,-0.246216,4.393119,2.477030,5.041609,3.819105
1470,40.100000,0.230188,1.887470,-0.762765,0.102752,0.544571,-1.455872,2.154420,2.857608,0.931219,-1.434712,1.869998,-0.097038,4.781233,2.665857,5.054499,4.219842
1471,40.120000,0.070100,2.027518,-0.775116,0.195750,0.661900,-1.513680,2.224529,2.980585,1.225869,-1.553472,1.971188,0.172587,4.923388,2.739833,4.956325,4.353158
1472,40.140000,0.039376,2.025950,-0.851806,0.149812,0.735792,-1.448109,2.170609,2.995541,1.155574,-1.509312,1.935536,0.106165,4.816062,2.717600,4.570901,4.332152
1473,40.160000,0.319136,1.921205,-0.947929,0.095633,0.865742,-1.125419,1.900139,2.805365,0.990614,-1.434954,2.077396,-0.189219,4.422194,2.900674,3.890424,4.739070
1474,40.180000,0.450419,1.846569,-1.079812,0.210656,0.931526,-0.857769,1.574162,2.434468,0.481463,-1.429256,2.005450,-0.396789,3.792052,3.195689,3.112849,4.976357
1475,40.200000,0.552596,1.748794,-1.099872,0.098811,0.872173,-0.689709,1.526776,2.037812,-0.294667,-1.250740,1.950018,-0.536352,3.434285,3.248759,2.797873,4.746806
1476,40.220000,0.423580,1.816421,-0.930174,-0.080952,0.828833,-0.709613,1.478884,2.004655,-0.678063,-0.930551,1.841627,-0.671651,3.491958,3.154788,3.217921,4.373887
1477,40.240000,0.339191,1.756029,-0.947730,-0.214869,0.689585,-0.675367,1.454700,1.925445,-1.035158,-0.812927,1.665543,-0.710586,3.464545,3.015652,3.673597,3.902116
1478,40.260000,0.444377,1.736374,-0.919138,-0.231268,0.734138,-0.611056,1.410366,1.834940,-1.207518,-0.903459,1.709873,-0.378667,3.339097,2.950325,3.977298,3.727079
1479,40.280000,0.524851,1.675771,-0.942990,-0.360186,0.560497,-0.627531,1.404198,1.829323,-1.354274,-0.827288,1.615121,-0.508931,3.249915,2.684249,4.037497,3.349652
1480,40.300000,0.444565,1.628956,-0.986885,-0.486705,0.433705,-0.702712,1.415246,1.898435,-1.378748,-0.786948,1.472300,-0.747924,3.187737,2.326381,4.083743,2.929384
1481,40.320000,0.573573,1.618214,-0.956601,-0.465311,0.575717,-0.544527,1.267595,1.930072,-1.383332,-0.865442,1.571459,-0.760062,3.194072,2.455246,4.049559,3.250257
1482,40.340000,0.502683,1.649700,-1.010434,-0.489961,0.476299,-0.685176,1.338656,2.012555,-1.271663,-0.947702,1.596314,-0.917494,3.212659,2.565563,4.004880,3.411065
1483,40.360000,0.537968,1.574175,-1.120947,-0.499920,0.499374,-0.772550,1.290243,1.925719,-1.419896,-0.985462,1.657918,-1.109171,3.254756,2.628350,3.765702,3.541182
1484,40.380000,0.537643,1.651295,-1.042876,-0.508838,0.591807,-0.796388,1.358767,1.946433,-1.210625,-1.122132,1.754875,-1.027916,3.245672,2.732850,3.677879,3.748472
1485,40.400000,0.394273,1.638920,-1.080523,-0.560294,0.527413,-0.939552,1.445238,1.978335,-1.151825,-1.069350,1.749385,-1.251525,3.315106,2.733114,3.556009,3.694564
1486,40.420000,0.397782,1.648751,-1.134800,-0.517851,0.621967,-0.941295,1.378183,1.946275,-1.326428,-1.015087,1.808439,-1.309002,3.424196,2.782589,3.482953,3.795308
1487,40.440000,0.439960,1.729626,-1.054294,-0.490285,0.708694,-0.913836,1.421115,1.939368,-1.295666,-1.085130,1.888493,-1.199755,3.427135,2.820222,3.454311,3.879361
1488,40.460000,0.412192,1.732460,-1.051833,-0.561183,0.643270,-0.988180,1.495321,1.963090,-1.336091,-0.977524,1.868210,-1.363725,3.484090,2.707642,3.434057,3.755830
1489,40.480000,0.420346,1.829869,-1.001909,-0.532804,0.772581,-0.928646,1.531492,1.988402,-1.256615,-1.104183,1.921551,-1.150165,3.497102,2.724485,3.551429,3.801410
1490,40.500000,0.455796,1.826433,-1.106557,-0.529336,0.774193,-0.881868,1.592458,1.980468,-1.289669,-1.153778,1.945854,-1.131051,3.393094,2.723301,3.467479,3.777925
1491,40.520000,0.389758,1.793344,-1.250783,-0.584327,0.677593,-0.868755,1.657628,1.952275,-1.347409,-1.088782,1.878602,-1.361318,3.208587,2.575795,3.238436,3.557194
1492,40.540000,0.412869,1.935120,-1.148886,-0.529158,0.876616,-0.644195,1.714131,2.037914,-1.103588,-1.204561,2.022061,-1.063619,3.211943,2.755926,3.308128,3.863307
1493,40.560000,0.387828,1.987524,-1.197134,-0.495010,0.898070,-0.635256,1.788566,2.128863,-0.988768,-1.236397,2.130148,-0.937079,3.369257,2.938922,3.410742,4.183873
1494,40.580000,0.295241,2.008105,-1.332395,-0.498421,0.895839,-0.704808,1.917291,2.236487,-0.930298,-1.179707,2.119136,-0.979812,3.592716,2.955017,3.510733,4.258438
1495,40.600000,0.259205,2.017759,-1.421739,-0.433671,0.948166,-0.707525,1.957423,2.193964,-0.965700,-1.229093,2.171965,-0.879280,3.571364,2.957405,3.472215,4.242562
1496,40.620000,0.301652,1.998150,-1.410778,-0.408081,0.968262,-0.736687,1.982489,2.173381,-0.928991,-1.225343,2.238782,-0.786707,3.475295,3.012415,3.335482,4.304852
1497,40.640000,0.274579,1.963919,-1.442576,-0.426493,0.895396,-0.814547,2.014994,2.095784,-1.126102,-1.138847,2.163424,-1.015760,3.304564,2.894695,3.133618,4.042748
1498,40.660000,0.276568,2.023440,-1.346934,-0.436338,0.937001,-0.810994,1.996644,2.200329,-1.173548,-1.075230,2.179018,-0.920841,3.428519,2.875031,3.350910,4.006640
1499,40.680000,0.256446,2.075339,-1.370048,-0.387776,0.943737,-0.800802,2.083250,2.211922,-1.031834,-1.184371,2.185261,-0.837529,3.401995,2.904652,3.434611,4.004806
1500,40.700000,0.348008,2.019471,-1.363320,-0.434221,0.935512,-0.761963,2.119066,2.227924,-0.967945,-1.143829,2.222544,-0.901657,3.391508,2.966126,3.368976,4.134976
1501,40.720000,0.327715,2.038706,-1.403271,-0.451918,0.896751,-0.689297,2.193014,2.193094,-0.942064,-1.174387,2.146188,-1.029835,3.255594,2.936715,3.255499,4.050787
1502,40.740000,0.403757,2.008314,-1.392931,-0.407602,0.934994,-0.524169,2.180320,2.103422,-1.017347,-1.164508,2.187209,-0.977521,3.118038,2.963114,3.111703,4.084673
1503,40.760000,0.388622,1.955414,-1.458390,-0.362117,0.873244,-0.605598,2.013620,2.082953,-1.364812,-1.004715,2.154511,-1.074142,3.126158,2.973556,3.124344,4.000276
1504,40.780000,0.391399,1.994960,-1.387846,-0.413751,0.837957,-0.587474,2.085376,2.158512,-1.348431,-0.928435,2.114677,-1.144321,3.278211,2.936104,3.352776,3.956744
1505,40.800000,0.435597,2.007865,-1.387135,-0.411153,0.875402,-0.572953,2.104006,2.129719,-1.274232,-0.990565,2.188752,-1.042750,3.299092,3.061517,3.357653,4.084473
1506,40.820000,0.400721,1.981063,-1.477607,-0.321443,0.859922,-0.527428,2.048077,2.112059,-1.305836,-1.020013,2.148566,-1.044652,3.144207,3.150401,3.291318,4.161309
1507,40.840000,0.334200,1.950229,-1.532029,-0.410690,0.726225,-0.565767,2.156219,2.112973,-1.338586,-0.928589,2.041552,-1.312199,3.036227,3.039616,3.175323,3.902582
1508,40.860000,0.431155,1.925843,-1.497301,-0.406973,0.791088,-0.400821,2.212371,2.036305,-1.265074,-0.981018,2.130417,-1.153191,2.882024,3.038332,3.015356,3.884344
1509,40.880000,0.478534,1.887421,-1.531095,-0.354822,0.794376,-0.436184,2.012005,2.074233,-1.509063,-0.838005,2.177191,-1.219652,3.020644,3.147529,3.043763,4.070348
1510,40.900000,0.431201,1.866413,-1.572652,-0.367284,0.698327,-0.485202,2.008042,2.026423,-1.722212,-0.728314,2.028267,-1.578158,3.007688,3.012846,2.989133,3.946344
1511,40.920000,0.452246,1.908617,-1.515616,-0.392221,0.736269,-0.411664,2.058598,2.051935,-1.661578,-0.736545,2.078021,-1.430243,3.035889,3.001473,3.043514,3.951088
1512,40.940000,0.461145,1.962700,-1.556327,-0.318701,0.767018,-0.375496,1.984143,2.066067,-1.713400,-0.720178,2.147603,-1.348685,3.080837,3.126083,3.146351,4.116280
1513,40.960000,0.462138,1.985244,-1.486453,-0.384828,0.765965,-0.410569,2.178037,2.092803,-1.522101,-0.808010,2.167782,-1.243306,3.091095,3.086806,3.204049,4.128077
1514,40.980000,0.449292,1.982086,-1.551586,-0.438671,0.746329,-0.499237,2.278307,2.118052,-1.539086,-0.809250,2.129381,-1.324399,3.085764,2.955219,3.219352,3.908736
1515,41.000000,0.394570,1.990211,-1.500432,-0.464890,0.725735,-0.600663,2.355653,2.163057,-1.471338,-0.855928,2.087409,-1.320963,3.081388,2.786348,3.330092,3.632924
1516,41.020000,0.428060,2.027317,-1.490506,-0.393570,0.817954,-0.563507,2.340694,2.129591,-1.370343,-0.980295,2.123037,-1.209777,2.977026,2.838965,3.264686,3.644966
1517,41.040000,0.436318,1.969925,-1.510615,-0.464488,0.742453,-0.646052,2.353110,2.124601,-1.395428,-0.979101,2.078351,-1.415487,2.889812,2.782648,3.090621,3.526795
1518,41.060000,0.393264,1.996737,-1.522422,-0.344410,0.883998,-0.691626,2.215708,2.057535,-1.552504,-0.953927,2.049925,-1.424861,2.827264,2.589698,3.037934,3.431221
1519,41.080000,0.327204,2.087121,-1.527537,-0.121508,1.000564,-0.779432,1.972497,2.052948,-1.708469,-0.845741,2.005148,-1.457558,2.886234,2.406370,3.165336,3.473536
1520,41.100000,0.224148,2.175131,-1.405012,-0.100063,1.106410,-0.823605,1.980918,2.007601,-1.508246,-0.876459,2.008890,-1.554787,2.763793,2.332678,3.063418,3.585293
1521,41.120000,0.232397,2.243323,-1.357991,-0.043012,1.238467,-0.696335,1.894662,1.995207,-1.505193,-0.853015,2.093688,-1.517284,2.738251,2.319671,3.140772,3.861339
1522,41.140000,0.126844,2.309313,-1.361464,0.074574,1.298546,-0.683019,1.701963,1.964998,-1.738261,-0.769372,2.066337,-1.522921,2.826039,2.196151,3.488130,3.989280
1523,41.160000,0.138463,2.395232,-1.234571,0.036969,1.423032,-0.647488,1.728092,1.965628,-1.534823,-0.803571,2.154855,-1.480775,2.782668,2.130088,3.743599,4.205816
1524,41.180000,0.229854,2.441959,-1.104244,-0.024386,1.471018,-0.589438,1.753843,2.015393,-1.425554,-0.851240,2.312286,-1.318306,2.823772,2.149805,4.048232,4.494965
1525,41.200000,0.270594,2.449827,-1.114704,0.015645,1.548602,-0.460018,1.694233,2.005905,-1.491508,-0.941640,2.407249,-1.195204,2.801438,2.176190,4.280725,4.786636
1526,41.220000,0.267413,2.472703,-1.062162,-0.021212,1.564699,-0.464669,1.696520,2.044610,-1.469270,-0.998413,2.379127,-1.309593,2.620862,2.158129,4.414794,4.891214
1527,41.240000,0.292490,2.550931,-0.988285,-0.019805,1.645795,-0.287756,1.745934,2.096010,-1.283500,-1.134372,2.513381,-1.168939,2.510116,2.247380,4.527548,5.183893
1528,41.260000,0.328547,2.560243,-0.910291,-0.020011,1.642233,-0.161024,1.893664,2.274657,-0.993069,-1.283590,2.816571,-0.699811,2.750741,2.482158,4.800883,5.595088
1529,41.280000,0.361427,2.542891,-0.944181,-0.026722,1.606656,-0.095251,1.980957,2.356493,-1.068470,-1.302289,2.806574,-0.752284,2.839710,2.549442,4.924682,5.631470
1530,41.300000,0.425723,2.500464,-0.887477,-0.017758,1.605675,0.040885,2.047899,2.399555,-0.913389,-1.378343,2.960354,-0.560527,2.862909,2.713876,4.859281,5.679407
1531,41.320000,0.412635,2.490934,-0.877904,0.094490,1.633111,0.146504,2.152701,2.499320,-0.695282,-1.454326,3.299127,-0.039342,3.067099,2.999199,4.810433,5.823294
1532,41.340000,0.321569,2.519996,-0.765439,0.181077,1.641230,0.200615,2.267279,2.699302,-0.504354,-1.565823,3.364180,0.114758,3.243106,3.205977,4.894819,5.928094
1533,41.360000,0.315214,2.404654,-0.616208,0.205655,1.594692,0.394808,2.322063,2.694105,-0.544510,-1.657746,3.454316,0.164837,3.250536,3.382890,4.944275,5.944777
1534,41.380000,0.132250,2.357379,-0.570718,0.355074,1.574094,0.467019,2.420478,2.928863,-0.235064,-1.662596,3.720978,0.602801,3.458499,3.705545,5.132229,6.014658
1535,41.400000,-0.078958,2.172673,-0.467707,0.480407,1.494909,0.502898,2.377419,2.991000,-0.220308,-1.715755,4.037755,0.892208,3.492690,3.945143,5.370302,5.920444
1536,41.420000,-0.370540,1.978377,-0.493963,0.722217,1.393687,0.505667,2.369306,3.410794,0.233262,-1.709265,4.363317,1.289769,3.523994,4.281545,5.520895,5.923580
1537,41.440000,-0.890138,1.632225,-0.684732,1.079750,1.160126,0.273903,2.161829,3.817063,0.524590,-1.607504,4.792274,1.632465,3.455787,4.703655,5.589664,5.709512
1538,41.460000,-1.448256,1.200556,-0.986879,1.474568,0.822593,-0.091845,1.876811,4.207731,0.670829,-1.451691,4.886153,1.678764,3.223759,5.445035,5.470297,5.262835
1539,41.480000,-2.089722,0.630458,-1.505760,2.152265,0.368524,-0.766072,1.113582,4.679943,0.852469,-1.183698,5.772409,2.293381,2.977660,6.435337,5.461720,4.238443
1540,41.500000,-2.647352,0.290691,-2.122631,2.827410,-0.120580,-1.805491,0.225047,5.188616,0.933278,-0.846983,6.462831,2.682992,2.673712,7.431946,5.432009,2.557916
1541,41.520000,-2.547989,0.200904,-2.604343,3.181377,-0.353446,-2.619401,-0.424814,5.625939,0.963642,-0.647940,6.839706,3.089007,2.490669,8.353930,5.555536,1.239350
1542,41.540000,-1.625694,0.135629,-2.704294,3.005380,-0.525074,-3.029907,-0.503944,5.699440,0.742083,-0.967566,6.651269,3.267105,2.502188,8.742486,5.739141,0.047660
1543,41.560000,-0.692847,-0.076583,-2.424164,2.385412,-0.690669,-2.772489,-0.037182,5.455115,0.702207,-1.397134,6.073782,3.428332,2.932865,8.738272,5.665728,-0.521482
1544,41.580000,-0.397549,-0.141727,-2.051280,2.269972,-0.443150,-2.136581,0.291118,5.648304,1.020858,-1.586356,5.210118,3.528620,3.345514,8.734985,5.156046,-0.047138
1545,41.600000,-0.490431,0.031058,-1.734674,2.410432,0.146792,-1.693683,0.606372,5.763250,1.247425,-1.660761,4.354325,3.427762,3.579811,8.693016,4.399405,1.147781
1546,41.620000,-0.586294,0.288541,-1.430636,2.263294,0.569552,-1.560311,0.968433,5.382950,1.106531,-1.609646,3.808792,3.287787,3.840754,8.337428,3.965186,2.753241
1547,41.640000,-0.855049,0.628492,-1.512599,2.011271,0.696377,-1.633870,1.404981,5.432600,1.272676,-1.381916,3.388251,2.892315,4.379467,7.625721,4.199652,4.599066
1548,41.660000,-1.052395,0.708785,-1.388456,1.335764,0.474399,-1.729318,1.841187,4.541119,1.079271,-1.430377,3.024022,2.256139,4.946529,6.427903,4.458666,5.862196
1549,41.680000,-1.074491,0.954619,-1.310054,0.499502,0.487586,-1.511353,2.119921,4.206797,1.196664,-1.350901,2.204117,1.863052,5.621238,5.314198,5.259351,6.682782
1550,41.700000,-0.631912,1.258366,-0.880258,-0.411781,0.763249,-1.118020,1.982756,3.664069,1.384622,-1.440834,1.600286,2.199989,6.149052,4.719997,6.276262,7.479830
1551,41.720000,0.351936,1.401450,-0.054301,-1.381842,0.743969,-0.213848,1.657965,3.060487,1.365871,-1.387415,0.930322,2.322343,6.151437,3.782491,6.622424,7.987581
1552,41.740000,1.473379,1.443314,0.997709,-1.801022,0.172293,0.689377,1.036778,2.131018,0.783355,-1.516726,0.176233,1.808191,4.999217,2.467280,5.873860,7.602456
1553,41.760000,2.753424,0.751543,0.937404,-1.185875,-0.455673,0.861953,0.212402,1.455501,-0.467089,-1.754831,0.277639,1.282544,2.409628,1.873896,4.859972,6.911449
1554,41.780000,3.457280,-0.042263,0.888647,-1.048761,-0.691144,1.047170,-0.221645,0.824654,-1.152257,-1.087344,-0.167726,0.452224,0.758147,0.754027,5.463073,6.671916
1555,41.800000,3.920547,-1.101654,0.557308,-1.438253,-0.726532,0.495526,-1.210891,0.490962,-2.030870,-0.031866,-0.365535,0.092511,0.080507,0.538177,6.740231,7.645137
1556,41.820000,3.792065,-1.824850,-0.418861,-1.681836,-0.783671,-0.088651,-1.759817,0.762266,-2.508842,0.474475,-0.530440,-0.088477,0.075941,0.661881,7.572801,8.967501
1557,41.840000,2.360279,-2.602095,-1.322703,-2.187257,-1.234361,-1.403363,-1.241973,1.814941,-2.065371,0.782915,0.369501,-0.018555,1.398095,1.186271,7.533210,10.062615
1558,41.860000,1.758844,-3.324163,-1.507860,-2.659252,-1.226683,-1.332498,-0.902964,2.863496,-0.701125,0.352278,1.552507,-0.158137,2.733391,2.155854,6.968563,9.607101
1559,41.880000,1.884088,-2.499581,-1.175985,-2.331988,-0.893412,-1.081692,-1.121228,3.016911,-0.463272,-0.164960,1.949342,0.060302,2.782722,2.905115,6.451264,7.947873
1560,41.900000,2.164678,-1.487578,-0.769757,-2.195180,-0.923080,-1.155270,-1.187634,2.907986,-0.539725,-0.596530,1.819046,-0.028645,1.475070,2.672037,5.120675,6.149211
1561,41.920000,2.518030,-1.414607,-0.709607,-2.224391,-1.046136,-1.040654,-1.286412,2.729027,-0.895682,-0.595193,1.718538,-0.524580,-0.401967,1.955632,3.896483,4.912180
1562,41.940000,2.741908,-1.850909,-0.890690,-2.281116,-1.291148,-0.767108,-1.241588,2.675589,-1.081841,-0.620186,1.589136,-0.740275,-1.965379,1.111403,3.072753,4.412521
1563,41.960000,2.688385,-2.149839,-1.100358,-2.384164,-1.488744,-0.657334,-1.134373,2.708310,-1.132561,-0.431557,1.581003,-0.867943,-2.694807,0.651568,2.688595,4.449537
1564,41.980000,2.368278,-2.256436,-1.339328,-2.419420,-1.647937,-0.683447,-1.044911,2.862166,-1.084050,-0.128398,1.595101,-0.850863,-2.694366,0.488951,2.688160,4.700814
1565,42.000000,2.105728,-2.164492,-1.486733,-2.402953,-1.777739,-0.890262,-0.917642,2.963999,-0.979328,0.082286,1.661644,-0.711700,-2.236628,0.548088,2.827178,4.861708
1566,42.020000,1.960191,-1.911127,-1.576118,-2.301080,-1.745453,-1.086675,-0.844498,2.925039,-0.963426,0.198405,1.701482,-0.569803,-1.667397,0.710398,2.892487,4.834178
1567,42.040000,1.930265,-1.642352,-1.572464,-2.245031,-1.710961,-1.334454,-0.791896,2.781062,-1.018913,0.261454,1.690712,-0.502966,-1.189189,0.807535,2.818108,4.611207
1568,42.060000,1.923550,-1.439112,-1.570201,-2.221814,-1.665531,-1.544019,-0.776872,2.579632,-1.117078,0.338968,1.599914,-0.510893,-0.816140,0.830843,2.631860,4.306507
1569,42.080000,1.877800,-1.269294,-1.570182,-2.167551,-1.603595,-1.585368,-0.787865,2.368088,-1.223124,0.425601,1.466928,-0.565132,-0.538315,0.768195,2.413186,3.948660
1570,42.100000,1.895437,-1.194288,-1.620403,-2.095010,-1.584806,-1.513802,-0.804401,2.180647,-1.343065,0.528411,1.285876,-0.680256,-0.419510,0.621651,2.221913,3.603083
1571,42.120000,1.886052,-1.154995,-1.669058,-2.007038,-1.543825,-1.444665,-0.822677,2.048305,-1.398618,0.595789,1.114823,-0.738733,-0.319752,0.569421,2.125634,3.363689
1572,42.140000,2.035664,-1.267575,-1.715166,-2.052784,-1.612031,-1.429685,-0.784216,1.957151,-1.416492,0.640356,0.994379,-0.862764,-0.326105,0.509131,2.075694,3.238288
1573,42.160000,2.125431,-1.328674,-1.783901,-2.041584,-1.603487,-1.357478,-0.726311,1.901393,-1.396095,0.617629,0.866439,-0.912384,-0.268672,0.417611,2.068759,3.131720
1574,42.180000,2.246428,-1.388722,-1.839216,-2.027931,-1.622544,-1.342684,-0.698891,1.851754,-1.394929,0.609012,0.753884,-0.983562,-0.255964,0.284440,2.035655,2.966864
1575,42.200000,2.250667,-1.313369,-1.910043,-1.898506,-1.525630,-1.211602,-0.656188,1.744610,-1.411957,0.612958,0.628673,-1.015926,-0.482696,0.140773,1.846776,2.653967
1576,42.220000,2.403655,-1.433934,-2.041857,-2.018203,-1.608191,-1.248868,-0.574859,1.625016,-1.466980,0.739485,0.583893,-1.162934,-0.675482,-0.171017,1.441521,2.267455
1577,42.240000,2.604953,-1.432698,-2.137484,-2.047729,-1.556420,-1.334804,-0.543044,1.506336,-1.484529,0.819620,0.547352,-1.230409,-0.845796,-0.402558,1.004906,1.911929
1578,42.260000,2.818162,-1.394725,-2.221900,-2.066127,-1.439427,-1.329706,-0.522540,1.367912,-1.499545,0.882838,0.544586,-1.301411,-1.103858,-0.663028,0.357978,1.515698
1579,42.280000,3.003936,-1.329730,-2.272152,-1.973517,-1.294466,-1.359613,-0.522617,1.258333,-1.500276,0.833931,0.525551,-1.302963,-1.209787,-0.718718,-0.076859,1.293381
1580,42.300000,3.094424,-1.247005,-2.288061,-1.861055,-1.178714,-1.437635,-0.470257,1.128361,-1.472358,0.717580,0.488797,-1.287462,-1.329034,-0.833640,-0.472925,1.038087
1581,42.320000,3.023648,-1.123028,-2.276689,-1.721517,-1.041198,-1.589603,-0.329450,1.001658,-1.418013,0.570674,0.466313,-1.242161,-1.436561,-1.068663,-0.918929,0.649685
1582,42.340000,2.830098,-0.889207,-2.314940,-1.517832,-0.816283,-1.724697,-0.192651,0.871852,-1.412859,0.471697,0.496990,-1.213046,-1.340513,-1.192273,-1.292398,0.337899
1583,42.360000,2.893268,-0.561377,-1.829880,-1.623841,-0.787708,-0.715896,0.022624,0.903997,-1.368377,0.313257,0.467665,-0.916781,-1.640020,-1.427662,-1.155810,0.123622
1584,42.380000,3.000348,-0.252915,-1.331905,-1.613380,-0.560656,0.018577,-0.070464,1.015736,-1.528619,0.289780,0.632864,-0.783069,-1.749075,-1.326604,-1.002416,0.202827
1585,42.400000,2.698116,0.074869,-1.235236,-1.278425,-0.218063,0.230885,-0.055211,1.050198,-1.726515,0.263942,0.708410,-0.708372,-1.763323,-1.179943,-0.986773,0.343305
1586,42.420000,2.171289,0.405152,-1.314143,-0.907502,0.073858,0.246131,0.103781,1.147851,-1.825174,0.235988,0.849283,-0.562005,-1.410413,-1.131201,-0.933808,0.516501
1587,42.440000,1.423480,0.807117,-1.467120,-0.614106,0.410724,-0.186336,0.320486,1.283860,-1.844845,0.320949,1.152884,-0.369568,-0.642779,-0.747917,-0.655645,1.035190
1588,42.460000,0.626426,1.076413,-1.696029,-0.208507,0.570176,-0.651423,0.765339,1.257178,-1.449927,0.127898,1.276371,-0.021964,-0.370580,-0.653986,-0.867081,0.982040
1589,42.480000,0.052922,1.408639,-1.765956,0.048401,0.909803,-1.215680,0.937243,1.465708,-1.113451,0.167054,1.712465,0.227071,0.434852,-0.229430,-0.449103,1.549845
1590,42.500000,-0.238943,1.577248,-1.726172,0.137351,0.894846,-1.617983,1.171668,1.546148,-0.462702,-0.107797,1.923359,0.455102,0.608120,-0.125887,-0.426731,1.675620
1591,42.520000,-0.481016,1.829312,-1.554161,0.298317,0.981600,-1.782861,1.270942,1.801535,0.047367,-0.211256,2.276847,0.602673,1.169363,-0.058665,0.127868,2.013925
1592,42.540000,-0.627259,1.968856,-1.485124,0.406575,0.891596,-1.935785,1.369963,2.025462,0.451135,-0.328386,2.508994,0.594877,1.535199,-0.149540,0.588709,2.127411
1593,42.560000,-0.672406,2.061047,-1.423853,0.541713,0.856868,-1.945732,1.471207,2.105340,0.793754,-0.473645,2.576868,0.631930,1.621794,-0.284285,0.503703,1.901831
1594,42.580000,-0.571763,2.029161,-1.399944,0.583810,0.863562,-1.915734,1.423463,2.197423,0.740990,-0.517014,2.591702,0.611382,1.648061,-0.363594,0.597504,1.578606
1595,42.600000,-0.469221,2.066930,-1.292207,0.558973,0.942213,-1.906304,1.423513,2.244151,0.773638,-0.607584,2.603913,0.564177,1.648514,-0.309536,0.611682,1.502458
1596,42.620000,-0.307603,2.022504,-1.194996,0.425026,1.010261,-1.892895,1.400215,2.265310,0.718336,-0.594407,2.631409,0.443761,1.606002,-0.173344,0.606117,1.616198
1597,42.640000,-0.165564,1.929367,-1.146174,0.234064,1.011636,-1.845358,1.384249,2.219954,0.505388,-0.562934,2.612770,0.355549,1.544158,-0.057273,0.635258,1.710102
1598,42.660000,-0.102844,1.910360,-1.126570,0.149618,1.039435,-1.788868,1.381573,2.094020,0.275058,-0.561746,2.541295,0.291646,1.407476,0.045677,0.571592,1.696908
1599,42.680000,-0.034408,1.885418,-1.115072,0.082044,1.037080,-1.716717,1.363464,1.919230,-0.043922,-0.557231,2.459529,0.193730,1.156161,0.081053,0.416698,1.493018
1600,42.700000,0.056724,1.824810,-1.081858,-0.031350,1.002612,-1.618972,1.343959,1.756035,-0.401966,-0.539940,2.378352,0.130516,0.907550,0.119854,0.294606,1.285423
1601,42.720000,0.143226,1.748973,-1.091817,-0.102055,0.986450,-1.464854,1.307805,1.620835,-0.815568,-0.493510,2.324781,0.020706,0.738493,0.192163,0.260548,1.173587
1602,42.740000,0.222131,1.548492,-1.140730,-0.213808,0.929621,-1.272691,1.232032,1.463179,-1.200271,-0.392815,2.211085,-0.108744,0.446773,0.223591,0.084003,1.031664
1603,42.760000,0.295578,1.437758,-1.183447,-0.224908,0.891315,-1.093093,1.175344,1.280760,-1.504068,-0.403603,2.043805,-0.168892,0.028577,0.072267,-0.287890,0.669035
1604,42.780000,0.326001,1.322384,-1.199862,-0.240234,0.879532,-0.882458,1.056535,1.176741,-1.878483,-0.244952,1.975828,-0.339938,-0.237617,-0.002616,-0.472460,0.541769
1605,42.800000,0.358875,1.183723,-1.220257,-0.268374,0.806918,-0.727931,0.928533,1.050367,-2.056284,-0.172983,1.816926,-0.495755,-0.598000,-0.175310,-0.849127,0.338044
1606,42.820000,0.303880,1.128855,-1.240925,-0.263125,0.818256,-0.587288,0.793559,1.064427,-2.261148,0.030615,1.828817,-0.703049,-0.613092,-0.138480,-0.841068,0.532118
1607,42.840000,0.198134,1.101242,-1.267370,-0.293613,0.830920,-0.583252,0.701306,1.114802,-2.349167,0.161267,1.884468,-0.847120,-0.512676,0.050489,-0.699688,0.937859
1608,42.860000,0.128775,1.061946,-1.323025,-0.293721,0.788148,-0.726264,0.688154,1.107613,-2.333783,0.197466,1.883343,-0.828442,-0.474864,0.059968,-0.685004,1.015079
1609,42.880000,0.045273,1.094302,-1.265061,-0.305425,0.813583,-0.925439,0.696284,1.103429,-2.240622,0.199843,1.890427,-0.805897,-0.436734,0.093477,-0.717421,0.983802
1610,42.900000,0.068123,1.122917,-1.214398,-0.270192,0.785703,-1.076186,0.732736,1.048304,-2.145833,0.071895,1.793936,-0.733491,-0.556135,-0.062902,-0.868302,0.669743
1611,42.920000,0.101017,1.180218,-1.041461,-0.270685,0.858467,-1.140075,0.722016,1.103163,-2.132605,0.076327,1.813638,-0.752002,-0.427840,-0.079083,-0.760154,0.611833
1612,42.940000,0.137111,1.207334,-0.883226,-0.265016,0.845842,-1.194688,0.718382,1.090277,-2.092148,0.035030,1.777950,-0.801050,-0.420633,-0.086194,-0.773383,0.542324
1613,42.960000,0.092330,1.296377,-0.699520,-0.264764,0.969526,-1.184450,0.721678,1.214047,-2.095494,0.111291,1.933307,-0.885624,-0.029390,0.199430,-0.323119,0.969840
1614,42.980000,0.079703,1.322930,-0.773623,-0.243962,0.914295,-1.262003,0.811736,1.182997,-1.929960,-0.043578,1.939206,-0.805314,0.031826,0.308711,-0.333553,1.047552
1615,43.000000,0.080699,1.371159,-0.781237,-0.198007,0.979003,-1.269247,0.909897,1.216411,-1.806107,-0.144656,1.996817,-0.699384,0.158524,0.347667,-0.240168,1.029837
1616,43.020000,0.078156,1.421931,-0.769334,-0.194827,0.952263,-1.371926,0.986022,1.268595,-1.765153,-0.247174,2.023997,-0.567718,0.329641,0.278051,0.008649,0.894511
1617,43.040000,0.058528,1.479241,-0.741782,-0.175063,0.930242,-1.440878,1.072707,1.349451,-1.672377,-0.347279,2.004718,-0.392762,0.539444,0.181844,0.262505,0.692904
1618,43.060000,0.001185,1.567058,-0.725364,-0.163238,0.964513,-1.473809,1.123942,1.501527,-1.590237,-0.364644,2.098388,-0.308928,0.875626,0.256860,0.700962,0.772970
1619,43.080000,-0.012813,1.624334,-0.781484,-0.172906,0.937589,-1.553167,1.234909,1.604935,-1.410443,-0.499073,2.126253,-0.180409,1.071184,0.219036,0.939413,0.727829
1620,43.100000,0.027761,1.647728,-0.879354,-0.160653,0.887591,-1.580268,1.335810,1.636037,-1.188816,-0.646609,2.053455,-0.022003,1.047129,0.026489,0.812535,0.434302
1621,43.120000,-0.019934,1.745613,-0.756198,-0.166943,0.946847,-1.632924,1.393605,1.806545,-1.163295,-0.629660,2.177454,0.010552,1.398861,0.052494,1.289911,0.530600
1622,43.140000,-0.019433,1.717726,-0.836994,-0.174854,0.835621,-1.705321,1.452413,1.828375,-1.023339,-0.727401,2.104917,0.078703,1.391036,-0.112923,1.198602,0.312294
1623,43.160000,0.002238,1.736548,-0.794607,-0.168291,0.852825,-1.715103,1.546145,1.906996,-0.914196,-0.778839,2.080864,0.107230,1.501148,-0.253959,1.244616,0.156162
1624,43.180000,0.000929,1.776642,-0.806537,-0.180261,0.890190,-1.700468,1.544234,1.982631,-0.883519,-0.805065,2.165655,0.028376,1.648399,-0.244997,1.453930,0.301677
1625,43.200000,0.048326,1.750329,-0.867778,-0.201980,0.896827,-1.647363,1.576714,1.999039,-0.729961,-0.923923,2.171788,0.009061,1.592183,-0.195528,1.296917,0.521665
1626,43.220000,0.116489,1.658195,-0.958114,-0.219878,0.838396,-1.650111,1.543001,1.926539,-0.691055,-0.957919,2.092779,-0.090346,1.303488,-0.331220,0.835332,0.439772
1627,43.240000,0.199472,1.644293,-0.887204,-0.243162,0.847462,-1.590847,1.480091,1.854946,-0.773363,-0.948934,2.031427,-0.159793,1.121215,-0.424727,0.567707,0.433699
1628,43.260000,0.297979,1.550611,-0.791332,-0.277228,0.719833,-1.579577,1.345713,1.670305,-0.932707,-0.926863,1.797607,-0.271322,0.728013,-0.710663,-0.010398,0.091913
1629,43.280000,0.315154,1.591175,-0.488296,-0.294831,0.818400,-1.517413,1.166867,1.681322,-1.276635,-0.694586,1.815515,-0.449921,0.999998,-0.626867,0.338991,0.262837
1630,43.300000,0.320421,1.565080,-0.396630,-0.320563,0.738284,-1.559435,1.005476,1.634039,-1.545666,-0.562653,1.776044,-0.598493,1.170810,-0.555119,0.608874,0.384529
1631,43.320000,0.310602,1.519255,-0.399309,-0.286709,0.707907,-1.595740,0.911063,1.581967,-1.618915,-0.530735,1.702610,-0.600954,1.154199,-0.572019,0.552065,0.283192
1632,43.340000,0.321587,1.531436,-0.410072,-0.279183,0.741084,-1.561103,0.854700,1.563430,-1.721655,-0.495730,1.710777,-0.680019,1.132648,-0.561950,0.700233,0.304282
1633,43.360000,0.365814,1.451073,-0.442439,-0.318748,0.638163,-1.587869,0.802532,1.503049,-1.765221,-0.520952,1.624680,-0.664639,0.879526,-0.711606,0.455472,0.118798
1634,43.380000,0.422704,1.443086,-0.397140,-0.330921,0.672204,-1.553911,0.768741,1.508363,-1.818187,-0.501811,1.585748,-0.665140,0.791852,-0.827373,0.425627,0.023495
1635,43.400000,0.464399,1.401733,-0.336730,-0.370416,0.588692,-1.598483,0.692821,1.472280,-1.878102,-0.477463,1.505330,-0.713698,0.668546,-0.939007,0.264257,-0.105535
1636,43.420000,0.497880,1.466232,-0.187925,-0.411174,0.692193,-1.542931,0.664560,1.565325,-1.935040,-0.401115,1.577122,-0.797995,0.940961,-0.783994,0.653167,0.176650
1637,43.440000,0.476753,1.478621,-0.229384,-0.410085,0.651044,-1.621631,0.643154,1.605892,-1.904526,-0.420904,1.612389,-0.779538,1.094794,-0.645092,0.822117,0.366017
1638,43.460000,0.431495,1.508393,-0.309787,-0.379823,0.708370,-1.681751,0.727242,1.671877,-1.746736,-0.499938,1.683138,-0.694616,1.231904,-0.561414,0.947220,0.467946
1639,43.480000,0.402363,1.506925,-0.431178,-0.371458,0.675713,-1.775725,0.808404,1.669939,-1.575569,-0.621565,1.650380,-0.609621,1.116542,-0.618685,0.742249,0.329524
1640,43.500000,0.462495,1.564658,-0.443667,-0.378028,0.727017,-1.749178,0.916862,1.719537,-1.388209,-0.749398,1.669952,-0.583885,1.079858,-0.656435,0.611783,0.335491
1641,43.520000,0.443934,1.648636,-0.339981,-0.419009,0.762982,-1.793960,0.937866,1.812843,-1.327140,-0.714361,1.782132,-0.627847,1.291161,-0.531674,0.854437,0.582184
1642,43.540000,0.395156,1.714027,-0.320035,-0.403975,0.775111,-1.866516,1.009756,1.893757,-1.168853,-0.782454,1.829733,-0.579006,1.531901,-0.386449,1.044616,0.782981
1643,43.560000,0.354347,1.714042,-0.392940,-0.359639,0.776215,-1.940427,1.067926,1.936330,-0.990669,-0.842024,1.826748,-0.533209,1.634005,-0.364286,1.006895,0.775948
1644,43.580000,0.325702,1.793282,-0.385476,-0.334122,0.782030,-1.990756,1.130281,1.963872,-0.867965,-0.908481,1.828269,-0.479008,1.609626,-0.415836,0.893110,0.690705
1645,43.600000,0.326423,1.833480,-0.377027,-0.332560,0.819019,-1.988196,1.164916,1.975917,-0.769459,-0.968637,1.836223,-0.460826,1.611094,-0.400252,0.813503,0.697151
1646,43.620000,0.334395,1.869266,-0.309245,-0.353901,0.830635,-1.983745,1.153846,2.023144,-0.780390,-0.934574,1.879485,-0.503884,1.730035,-0.320312,0.917682,0.827744
1647,43.640000,0.340754,1.908496,-0.308264,-0.326111,0.858598,-1.965424,1.143642,2.027341,-0.784295,-0.957443,1.905845,-0.491448,1.806767,-0.246219,0.989614,0.928975
1648,43.660000,0.369455,1.865604,-0.336024,-0.323932,0.870719,-1.939339,1.097626,2.032574,-0.842948,-0.913242,1.927117,-0.547451,1.834101,-0.148223,1.035775,1.071415
1649,43.680000,0.368066,1.858418,-0.388093,-0.311968,0.864556,-1.937761,1.083797,1.999156,-0.850955,-0.946481,1.897947,-0.504257,1.711027,-0.191760,0.897882,1.017859
1650,43.700000,0.384615,1.803330,-0.417086,-0.311761,0.824719,-1.960676,1.043248,1.946212,-0.957544,-0.911276,1.841423,-0.499036,1.565363,-0.294996,0.753243,0.833336
1651,43.720000,0.414356,1.815861,-0.360411,-0.346183,0.831712,-1.908926,1.029599,1.926540,-1.034250,-0.896045,1.828864,-0.540496,1.522616,-0.254776,0.724704,0.835542
1652,43.740000,0.463416,1.765617,-0.332095,-0.376667,0.781423,-1.886269,0.951319,1.868981,-1.178358,-0.843327,1.775208,-0.601508,1.387190,-0.317611,0.637610,0.748698
1653,43.760000,0.497446,1.777879,-0.252679,-0.396489,0.819583,-1.853035,0.918675,1.885779,-1.293419,-0.801897,1.824601,-0.595446,1.498011,-0.195619,0.859573,0.889623
1654,43.780000,0.505808,1.667389,-0.370359,-0.381915,0.735002,-1.897886,0.850176,1.807206,-1.367872,-0.782184,1.717924,-0.646407,1.317951,-0.288636,0.641098,0.715900
1655,43.800000,0.525338,1.684930,-0.321295,-0.386732,0.772176,-1.868468,0.826229,1.785395,-1.433422,-0.746035,1.688412,-0.656961,1.257993,-0.359025,0.642375,0.593852
1656,43.820000,0.593106,1.676041,-0.301161,-0.417574,0.789458,-1.836628,0.765345,1.802352,-1.521290,-0.715355,1.726962,-0.712533,1.291923,-0.257943,0.775781,0.763182
1657,43.840000,0.608284,1.696742,-0.225721,-0.446353,0.773650,-1.879694,0.754632,1.848727,-1.548498,-0.718886,1.750254,-0.710076,1.438879,-0.128560,0.986058,0.940043
1658,43.860000,0.585769,1.705697,-0.316634,-0.426684,0.794351,-1.895493,0.788513,1.875086,-1.470676,-0.762143,1.774510,-0.663771,1.524574,-0.066955,1.070375,0.994685
1659,43.880000,0.550278,1.703519,-0.384208,-0.414074,0.789226,-1.974500,0.834391,1.891245,-1.373424,-0.816752,1.778443,-0.600349,1.534868,-0.087517,1.034772,0.924864
1660,43.900000,0.571747,1.701288,-0.400538,-0.424061,0.787357,-2.021436,0.883361,1.899710,-1.279786,-0.875376,1.749234,-0.579504,1.451013,-0.187307,0.876468,0.780599
1661,43.920000,0.615221,1.743715,-0.364255,-0.445945,0.821492,-1.986162,0.889739,1.923706,-1.194984,-0.903477,1.752654,-0.600681,1.451520,-0.187517,0.813978,0.825199
1662,43.940000,0.621648,1.697426,-0.297054,-0.454728,0.774758,-2.038371,0.826683,1.888365,-1.216287,-0.860269,1.683516,-0.680028,1.396754,-0.271617,0.673030,0.758908
1663,43.960000,0.627378,1.764511,-0.231888,-0.424343,0.806820,-2.051440,0.834115,1.909951,-1.190108,-0.872125,1.650515,-0.702265,1.491373,-0.271688,0.727524,0.782054
1664,43.980000,0.587356,1.822307,-0.132614,-0.403789,0.835916,-2.070401,0.788487,1.950081,-1.161525,-0.854370,1.665817,-0.758356,1.706786,-0.086901,0.866550,0.992965
1665,44.000000,0.509775,1.822083,-0.114763,-0.335271,0.882878,-2.129231,0.737182,2.038386,-1.070416,-0.847715,1.683961,-0.809404,2.016971,0.118782,1.134531,1.269911
1666,44.020000,0.378140,1.880189,-0.220227,-0.210064,0.945370,-2.206777,0.789036,2.094179,-0.829177,-1.015433,1.693791,-0.736892,2.236000,0.232579,1.167023,1.389530
1667,44.040000,0.316294,1.884086,-0.303182,-0.153015,0.982667,-2.238094,0.809817,2.146957,-0.683758,-1.059392,1.726149,-0.723664,2.342182,0.242597,1.164198,1.416285
1668,44.060000,0.232181,1.857025,-0.357993,-0.064134,1.020263,-2.295400,0.730552,2.149789,-0.680363,-1.061779,1.667862,-0.719177,2.344187,0.177441,1.126364,1.312801
1669,44.080000,0.231829,1.882384,-0.317783,-0.030344,1.057920,-2.262856,0.699360,2.176197,-0.655672,-1.051809,1.691032,-0.745184,2.433238,0.201472,1.211316,1.379398
1670,44.100000,0.241086,1.908158,-0.244611,-0.049050,1.061255,-2.238761,0.696125,2.195132,-0.657135,-1.077608,1.703230,-0.728433,2.505501,0.265396,1.258243,1.454911
1671,44.120000,0.260562,1.886918,-0.299695,-0.041049,1.071374,-2.222480,0.681150,2.195719,-0.685985,-1.097951,1.712421,-0.705655,2.505064,0.239938,1.235878,1.477043
1672,44.140000,0.232258,1.877086,-0.281742,-0.071668,1.039352,-2.208200,0.640090,2.170256,-0.806921,-1.027525,1.670138,-0.784145,2.425259,0.210653,1.252635,1.394197
1673,44.160000,0.293662,1.847504,-0.292541,-0.082252,1.097074,-2.154758,0.609438,2.138149,-0.883499,-1.062519,1.704653,-0.726279,2.297359,0.216594,1.213114,1.416351
1674,44.180000,0.325720,1.854409,-0.251271,-0.135521,1.087925,-2.143263,0.625482,2.144031,-0.955746,-1.044772,1.756265,-0.726009,2.300328,0.282873,1.304492,1.518825
1675,44.200000,0.286140,1.884130,-0.298598,-0.172910,1.041501,-2.134709,0.619232,2.117941,-1.055751,-1.076060,1.693286,-0.800433,2.273381,0.321185,1.389968,1.472962
1676,44.220000,0.339629,1.865825,-0.313869,-0.201751,1.078453,-2.104834,0.684959,2.115865,-1.016947,-1.187531,1.783590,-0.622770,2.240700,0.364365,1.346038,1.519328
1677,44.240000,0.355914,1.868589,-0.302529,-0.244284,1.066492,-2.112025,0.727986,2.091377,-1.014550,-1.259539,1.805936,-0.580871,2.211752,0.399657,1.286057,1.539522
1678,44.260000,0.309840,1.812268,-0.324115,-0.311354,1.033112,-2.095939,0.656320,2.065803,-1.137899,-1.174848,1.707272,-0.741760,2.158889,0.382888,1.303935,1.414776
1679,44.280000,0.408107,1.710247,-0.425546,-0.292065,1.071320,-2.075806,0.655764,1.977334,-1.365596,-1.227626,1.771771,-0.707777,1.994927,0.408135,1.220811,1.475735
1680,44.300000,0.403054,1.787421,-0.302361,-0.313999,1.094813,-2.062566,0.666374,2.005831,-1.287321,-1.237037,1.784639,-0.674031,2.017333,0.459967,1.261781,1.536708
1681,44.320000,0.356767,1.765432,-0.220017,-0.377955,1.027989,-2.102083,0.622732,2.031771,-1.364937,-1.103624,1.738648,-0.815710,2.161579,0.477635,1.472697,1.497842
1682,44.340000,0.354740,1.699287,-0.347064,-0.295103,1.060138,-2.135351,0.625216,1.969618,-1.336884,-1.202254,1.703508,-0.729334,2.019412,0.351576,1.296067,1.387627
1683,44.360000,0.394932,1.776684,-0.257349,-0.322153,1.058566,-2.105052,0.674129,2.014228,-1.249772,-1.221376,1.710297,-0.725335,2.045305,0.323949,1.283788,1.381898
1684,44.380000,0.406033,1.742629,-0.188929,-0.365462,1.027889,-2.122361,0.620096,1.996893,-1.279273,-1.158970,1.702547,-0.803228,2.048212,0.303690,1.248989,1.362827
1685,44.400000,0.442168,1.704190,-0.219412,-0.333222,1.107996,-2.087970,0.555116,2.018571,-1.353431,-1.076952,1.684369,-0.850063,2.111800,0.358213,1.395451,1.484798
1686,44.420000,0.372555,1.753356,-0.198643,-0.370948,1.007897,-2.121620,0.542922,2.007552,-1.365270,-1.025764,1.621965,-0.971219,2.102460,0.349643,1.396285,1.394166
1687,44.440000,0.421530,1.702133,-0.249890,-0.332391,1.099559,-2.104694,0.510195,1.948911,-1.470200,-1.037321,1.646753,-0.863661,1.949148,0.337875,1.300360,1.348700
1688,44.460000,0.445999,1.708700,-0.182195,-0.374828,1.021942,-2.114346,0.539180,1.969162,-1.401179,-1.043751,1.667573,-0.872900,1.929287,0.292869,1.259067,1.339554
1689,44.480000,0.449218,1.704899,-0.200796,-0.361765,1.046516,-2.109877,0.486029,1.918196,-1.497571,-1.023385,1.592080,-0.878902,1.773552,0.146665,1.120221,1.154325
1690,44.500000,0.535311,1.668380,-0.178263,-0.431673,1.000945,-2.038395,0.516804,1.887285,-1.471959,-1.025940,1.622766,-0.891994,1.647914,0.107743,0.960774,1.163437
1691,44.520000,0.556518,1.697169,-0.096577,-0.492810,0.956339,-2.030301,0.508166,1.875518,-1.538723,-0.934806,1.621286,-0.969548,1.568129,0.082598,0.948051,1.141166
1692,44.540000,0.588507,1.554163,-0.254331,-0.482757,0.964326,-2.009454,0.417064,1.796896,-1.826784,-0.838471,1.606611,-1.070776,1.414347,0.104901,0.963252,1.183305
1693,44.560000,0.618057,1.609142,-0.170605,-0.502132,0.927821,-1.970700,0.466006,1.814862,-1.774460,-0.838243,1.605935,-0.975740,1.417966,0.110541,1.021646,1.155523
1694,44.580000,0.642601,1.613991,-0.100892,-0.553938,0.909024,-1.997126,0.467142,1.855822,-1.791719,-0.776789,1.646824,-0.990377,1.567224,0.206866,1.195840,1.197708
1695,44.600000,0.602503,1.582340,-0.240419,-0.483965,0.968833,-2.026311,0.458235,1.867370,-1.812122,-0.818064,1.627537,-0.935512,1.548392,0.190171,1.231580,1.212747
1696,44.620000,0.630141,1.582903,-0.336102,-0.482105,0.891143,-2.034210,0.537751,1.818521,-1.607505,-0.936379,1.571089,-0.830932,1.343805,0.013087,0.820428,0.981890
1697,44.640000,0.694973,1.627973,-0.186505,-0.554370,0.924852,-1.995696,0.545939,1.881884,-1.626589,-0.864567,1.624082,-0.855070,1.451852,0.033384,0.966270,1.005498
1698,44.660000,0.721120,1.585901,-0.290125,-0.565255,0.885026,-2.014652,0.499495,1.839149,-1.706643,-0.867666,1.562979,-0.916543,1.392765,-0.002073,0.910872,1.044130
1699,44.680000,0.737387,1.559814,-0.228228,-0.562714,0.866336,-2.010327,0.470636,1.846063,-1.653016,-0.771805,1.553231,-0.938483,1.442243,-0.014121,0.887145,1.008914
1700,44.700000,0.724946,1.652458,-0.150393,-0.541915,0.904142,-2.030593,0.485361,1.865046,-1.624185,-0.813427,1.557900,-0.875358,1.486380,0.008905,0.933295,1.004213
1701,44.720000,0.728588,1.640750,-0.219434,-0.519116,0.848221,-2.063109,0.496252,1.832065,-1.619643,-0.820520,1.492770,-0.837562,1.405895,-0.119361,0.791052,0.862273
1702,44.740000,0.708754,1.647718,-0.190933,-0.552744,0.878533,-2.062201,0.464161,1.853793,-1.712892,-0.714968,1.507351,-0.972901,1.543589,-0.026632,1.005433,0.918977
1703,44.760000,0.734313,1.685105,-0.167024,-0.541548,0.873906,-2.028625,0.474542,1.850065,-1.598615,-0.793955,1.513936,-0.880309,1.475636,-0.033603,0.933260,0.932976
1704,44.780000,0.750599,1.695122,-0.155061,-0.527321,0.874882,-2.061599,0.519676,1.852965,-1.465039,-0.876715,1.514226,-0.790266,1.457750,-0.079122,0.774571,0.875638
1705,44.800000,0.740288,1.735540,-0.100078,-0.543383,0.925486,-2.073251,0.538946,1.901843,-1.440585,-0.864853,1.561877,-0.816574,1.600525,0.007097,0.963352,1.041185
1706,44.820000,0.698243,1.752628,-0.167451,-0.513498,0.901869,-2.109079,0.562406,1.915227,-1.365974,-0.911933,1.552530,-0.764962,1.661975,0.001926,0.949528,1.041741
1707,44.840000,0.695605,1.694512,-0.253631,-0.482509,0.862359,-2.151401,0.570184,1.871633,-1.314327,-0.913150,1.493539,-0.719938,1.546921,-0.203373,0.694617,0.763244
1708,44.860000,0.740200,1.718764,-0.246973,-0.483229,0.865224,-2.127251,0.557989,1.825525,-1.301897,-0.942432,1.438349,-0.720186,1.403126,-0.309670,0.475909,0.604011
1709,44.880000,0.793542,1.748478,-0.149584,-0.510280,0.884329,-2.059080,0.499365,1.815296,-1.379117,-0.890194,1.433823,-0.768449,1.394083,-0.264407,0.522434,0.688141
1710,44.900000,0.808210,1.782427,-0.038788,-0.535480,0.890818,-2.060582,0.465253,1.864499,-1.453895,-0.804113,1.488136,-0.827479,1.600405,-0.108048,0.869113,0.931799
1711,44.920000,0.757788,1.793613,-0.107124,-0.496412,0.883508,-2.102372,0.498824,1.878049,-1.410034,-0.847194,1.508775,-0.736939,1.708937,-0.020406,0.988038,1.012561
1712,44.940000,0.683679,1.870626,-0.120171,-0.469126,0.936808,-2.131673,0.612612,1.950394,-1.293173,-0.900435,1.576426,-0.642315,1.882244,0.114936,1.196152,1.108493
1713,44.960000,0.582379,1.900683,-0.176550,-0.447545,0.932646,-2.221763,0.662775,2.005551,-1.209801,-0.910580,1.608328,-0.609187,2.003530,0.135604,1.339523,1.082311
1714,44.980000,0.560353,1.884236,-0.282869,-0.407895,0.959980,-2.245053,0.749360,2.022985,-1.022030,-1.073515,1.603350,-0.522732,1.980550,0.062390,1.208923,0.969165
1715,45.000000,0.567924,1.898832,-0.284789,-0.415102,0.965694,-2.238598,0.790899,2.061111,-0.927296,-1.121696,1.609795,-0.533590,1.915012,-0.022656,1.086627,0.920179
1716,45.020000,0.553519,1.826940,-0.275990,-0.422412,0.951106,-2.276373,0.718680,2.041540,-0.950473,-1.053090,1.561785,-0.641903,1.906511,-0.073373,1.017979,0.895207
1717,45.040000,0.569455,1.907225,-0.192561,-0.414072,0.973566,-2.222045,0.726893,2.034579,-0.876868,-1.112676,1.556144,-0.639774,1.881441,-0.078949,0.916393,0.948894
1718,45.060000,0.616910,1.830777,-0.227529,-0.408739,0.910133,-2.215668,0.679307,1.930811,-0.924307,-1.134770,1.468525,-0.647020,1.650988,-0.235380,0.523185,0.731951
1719,45.080000,0.623262,1.874935,-0.103880,-0.421682,0.909794,-2.192392,0.604432,1.896628,-1.064414,-1.025140,1.424564,-0.706938,1.645231,-0.312242,0.558279,0.666656
1720,45.100000,0.683186,1.822140,-0.043700,-0.443805,0.879382,-2.151191,0.482393,1.816613,-1.258021,-0.936080,1.378909,-0.792547,1.585163,-0.302078,0.550028,0.667422
1721,45.120000,0.682949,1.873248,0.083253,-0.459477,0.900799,-2.106972,0.442665,1.838926,-1.388978,-0.840078,1.403564,-0.827366,1.701848,-0.134014,0.853520,0.854672
1722,45.140000,0.666580,1.794475,-0.022696,-0.457040,0.860045,-2.132482,0.394666,1.819800,-1.504338,-0.763958,1.402904,-0.858680,1.709280,-0.088170,0.963720,0.877892
1723,45.160000,0.673605,1.818078,-0.054766,-0.441384,0.897644,-2.122654,0.460905,1.831737,-1.479198,-0.830724,1.434469,-0.738306,1.685045,-0.090505,1.044403,0.865696
1724,45.180000,0.700769,1.696594,-0.158002,-0.485409,0.880492,-2.135260,0.412427,1.834545,-1.540054,-0.747150,1.464403,-0.800547,1.649442,-0.045708,1.093765,0.907648
1725,45.200000,0.691262,1.760426,-0.169880,-0.482664,0.901138,-2.150535,0.485539,1.878594,-1.427865,-0.857586,1.488527,-0.710841,1.634066,-0.036889,1.116454,0.933383
1726,45.220000,0.719665,1.743855,-0.254792,-0.480930,0.904975,-2.156906,0.537463,1.884557,-1.333873,-0.952983,1.485897,-0.650654,1.580717,-0.089487,0.981668,0.878118
1727,45.240000,0.751160,1.735272,-0.251079,-0.509673,0.893523,-2.162661,0.563427,1.877428,-1.296169,-1.008353,1.480650,-0.625289,1.516895,-0.166632,0.811606,0.807019
1728,45.260000,0.729110,1.775231,-0.173760,-0.522801,0.852592,-2.200516,0.580581,1.850104,-1.238778,-1.029270,1.413535,-0.630102,1.477105,-0.271046,0.637644,0.647726
1729,45.280000,0.741146,1.789165,-0.068761,-0.533939,0.853862,-2.193989,0.529515,1.848723,-1.281474,-0.946916,1.371054,-0.703067,1.546284,-0.284592,0.703019,0.613879
1730,45.300000,0.741377,1.786597,-0.028741,-0.496903,0.825649,-2.211002,0.491440,1.790326,-1.327227,-0.947881,1.301204,-0.707275,1.445009,-0.427460,0.544017,0.443078
1731,45.320000,0.787983,1.699890,-0.031224,-0.492357,0.833773,-2.191509,0.360277,1.773709,-1.448141,-0.775566,1.261397,-0.857056,1.480114,-0.420373,0.614710,0.468195
1732,45.340000,0.823763,1.737728,0.025689,-0.487440,0.810912,-2.192081,0.322148,1.761602,-1.510053,-0.774931,1.240200,-0.819024,1.465185,-0.423434,0.661794,0.480687
1733,45.360000,0.871757,1.792833,0.067713,-0.516198,0.874836,-2.138256,0.345886,1.811307,-1.511096,-0.772552,1.327147,-0.818582,1.587555,-0.216325,0.939326,0.745809
1734,45.380000,0.856145,1.757189,-0.049919,-0.486369,0.839110,-2.198679,0.349156,1.805443,-1.475479,-0.827234,1.336652,-0.770351,1.544935,-0.231997,0.869653,0.755369
1735,45.400000,0.843063,1.789249,-0.066035,-0.497565,0.888131,-2.209008,0.427608,1.860458,-1.389015,-0.840540,1.391279,-0.710928,1.645799,-0.176653,1.012298,0.830136
1736,45.420000,0.787182,1.801811,-0.152963,-0.471933,0.880557,-2.279529,0.459755,1.887236,-1.323547,-0.892497,1.398530,-0.666939,1.718859,-0.173236,1.040240,0.801511
1737,45.440000,0.778748,1.830554,-0.161549,-0.464888,0.914022,-2.280760,0.540237,1.950501,-1.181494,-0.954134,1.427655,-0.636043,1.826238,-0.150795,1.098412,0.842953
1738,45.460000,0.741362,1.842092,-0.206338,-0.434692,0.876548,-2.323608,0.566510,1.930480,-1.077561,-1.052225,1.379115,-0.593243,1.715904,-0.276814,0.826448,0.667562
1739,45.480000,0.765292,1.843454,-0.159457,-0.452045,0.900161,-2.310324,0.558538,1.940441,-1.052950,-1.025380,1.369738,-0.630718,1.717947,-0.323734,0.757364,0.642288
1740,45.500000,0.754271,1.897456,-0.064532,-0.455119,0.899545,-2.311985,0.542004,1.925832,-1.044456,-1.046579,1.345895,-0.648087,1.736416,-0.315457,0.738259,0.663402
1741,45.520000,0.778430,1.853584,-0.071081,-0.429666,0.882701,-2.305767,0.503969,1.877946,-1.076757,-1.017081,1.296526,-0.693049,1.664497,-0.411385,0.603169,0.567680
1742,45.540000,0.801301,1.891861,-0.011128,-0.431836,0.869143,-2.278539,0.481329,1.840940,-1.116504,-0.992225,1.270322,-0.696459,1.598100,-0.472064,0.537131,0.501036
1743,45.560000,0.879702,1.773480,-0.031548,-0.463635,0.824843,-2.237043,0.361462,1.808236,-1.303200,-0.831599,1.227843,-0.815085,1.545516,-0.467161,0.594005,0.502908
1744,45.580000,0.908785,1.794811,-0.021403,-0.442560,0.806937,-2.237216,0.341543,1.758792,-1.349146,-0.875549,1.193469,-0.751086,1.410920,-0.501787,0.465924,0.426378
1745,45.600000,0.968778,1.831362,0.007678,-0.490691,0.855567,-2.172194,0.336829,1.779534,-1.429493,-0.802201,1.249013,-0.765632,1.469060,-0.351479,0.706243,0.604878
1746,45.620000,0.959170,1.790058,-0.001850,-0.516920,0.816542,-2.217896,0.304146,1.818359,-1.517152,-0.712254,1.293700,-0.766269,1.602559,-0.181689,0.983327,0.792469
1747,45.640000,0.908417,1.821253,-0.084865,-0.461085,0.870913,-2.226557,0.359731,1.838601,-1.423359,-0.817988,1.303405,-0.648056,1.649766,-0.136797,1.031281,0.829317
1748,45.660000,0.887581,1.864959,-0.136936,-0.470128,0.924721,-2.259639,0.447786,1.940688,-1.313720,-0.863782,1.409476,-0.591231,1.784950,0.000426,1.199304,0.981178
1749,45.680000,0.848940,1.856261,-0.231895,-0.465497,0.917777,-2.320727,0.514378,1.972930,-1.161530,-0.964023,1.429814,-0.540023,1.856287,0.018211,1.184641,1.012613
1750,45.700000,0.799863,1.895353,-0.287714,-0.425232,0.941599,-2.358378,0.617186,2.016419,-0.986035,-1.079788,1.443844,-0.472552,1.856441,-0.076726,1.047985,0.900468
1751,45.720000,0.783143,1.908049,-0.251863,-0.428096,0.946681,-2.356361,0.655121,2.007142,-0.862202,-1.148812,1.420173,-0.452683,1.813611,-0.169214,0.883637,0.788782
1752,45.740000,0.780168,1.859072,-0.211351,-0.435443,0.880785,-2.384230,0.615813,1.968042,-0.886940,-1.123369,1.336563,-0.542604,1.722647,-0.333125,0.659135,0.575706
1753,45.760000,0.785273,1.941057,-0.053395,-0.450178,0.908974,-2.326732,0.593769,1.941360,-0.891283,-1.108314,1.300216,-0.585935,1.743790,-0.360869,0.636418,0.558419
1754,45.780000,0.857182,1.855779,-0.065867,-0.440886,0.796821,-2.316796,0.472114,1.808385,-1.021684,-1.080226,1.165039,-0.669946,1.455493,-0.604109,0.228633,0.244693
1755,45.800000,0.911542,1.900705,0.101641,-0.468719,0.857608,-2.228078,0.370799,1.793368,-1.207935,-0.926973,1.151615,-0.757828,1.530754,-0.537582,0.449250,0.383901
1756,45.820000,0.956728,1.844622,0.124634,-0.496020,0.809846,-2.213055,0.235546,1.745452,-1.462949,-0.777808,1.142396,-0.883761,1.506393,-0.415781,0.615042,0.535227
1757,45.840000,0.959659,1.855858,0.126337,-0.498903,0.835576,-2.183632,0.247653,1.775632,-1.528808,-0.728059,1.195683,-0.817850,1.602498,-0.203365,0.934539,0.756571
1758,45.860000,0.953877,1.886921,0.070299,-0.517951,0.884166,-2.196633,0.304653,1.877285,-1.547909,-0.716370,1.340574,-0.783224,1.794767,0.107619,1.368286,1.108393
1759,45.880000,0.861803,1.842711,-0.131736,-0.457076,0.905363,-2.288868,0.405770,1.914045,-1.354838,-0.881465,1.380659,-0.644491,1.837534,0.125328,1.347936,1.119922
1760,45.900000,0.834446,1.854474,-0.257279,-0.446524,0.947467,-2.300472,0.524497,1.991028,-1.173971,-1.008973,1.442207,-0.538531,1.896658,0.113694,1.323774,1.099990
1761,45.920000,0.756870,1.876571,-0.361213,-0.434066,0.935983,-2.371061,0.633121,2.040435,-1.003107,-1.115818,1.443828,-0.508406,1.873640,-0.014274,1.209437,0.940983
1762,45.940000,0.796601,1.754163,-0.430309,-0.406564,0.914842,-2.334153,0.666379,1.958943,-0.850235,-1.276124,1.334069,-0.457371,1.504339,-0.324729,0.603222,0.552878
1763,45.960000,0.863666,1.700263,-0.303340,-0.437901,0.829721,-2.333939,0.569683,1.841445,-0.909598,-1.169785,1.193317,-0.632186,1.187811,-0.682314,0.079589,0.189840
1764,45.980000,0.977108,1.805571,0.014151,-0.507083,0.844176,-2.224283,0.447863,1.777914,-1.112987,-1.042203,1.122812,-0.734365,1.239487,-0.679459,0.150174,0.261953
1765,46.000000,1.068952,1.774405,0.106367,-0.522075,0.761892,-2.185093,0.283109,1.698443,-1.341824,-0.908248,1.051135,-0.836803,1.185845,-0.675811,0.124645,0.268938
1766,46.020000,1.060313,1.789716,0.191821,-0.507801,0.785266,-2.172698,0.205225,1.696562,-1.527928,-0.747990,1.067565,-0.852587,1.372690,-0.490484,0.479337,0.445378
1767,46.040000,1.066549,1.756430,0.113215,-0.487019,0.772284,-2.192532,0.155817,1.683041,-1.655683,-0.686747,1.083979,-0.851718,1.432395,-0.337412,0.734118,0.565500
1768,46.060000,1.030149,1.800228,0.059453,-0.480353,0.817841,-2.216810,0.192776,1.750000,-1.654994,-0.658244,1.157414,-0.832755,1.581305,-0.149613,1.083066,0.790639
1769,46.080000,0.987218,1.831668,-0.039866,-0.453508,0.875116,-2.256257,0.294113,1.861304,-1.552299,-0.722189,1.281020,-0.715397,1.754802,0.032369,1.392409,0.964404
1770,46.100000,0.957812,1.799603,-0.208616,-0.424664,0.902541,-2.303893,0.416703,1.907165,-1.300431,-0.908648,1.316534,-0.603238,1.786216,0.020465,1.274621,0.994652
1771,46.120000,0.940157,1.791149,-0.340044,-0.413937,0.895999,-2.348017,0.528655,1.943784,-1.071756,-1.067862,1.315489,-0.512297,1.653314,-0.168025,0.948540,0.790945
1772,46.140000,0.942563,1.739121,-0.408080,-0.415506,0.829236,-2.391595,0.598211,1.862378,-0.894813,-1.213296,1.219080,-0.515715,1.344179,-0.502301,0.351936,0.395443
1773,46.160000,1.006980,1.804230,-0.179023,-0.471103,0.825957,-2.326803,0.547899,1.815602,-0.945878,-1.169129,1.125172,-0.597124,1.229929,-0.685631,0.135224,0.242452
1774,46.180000,1.074510,1.862516,0.059994,-0.541609,0.855793,-2.281074,0.454902,1.836411,-1.081123,-1.049183,1.173407,-0.710652,1.526733,-0.421427,0.481813,0.605261
1775,46.200000,1.027873,1.877641,0.095098,-0.486623,0.818827,-2.288110,0.396731,1.809027,-1.137008,-1.003994,1.128075,-0.716980,1.612433,-0.321868,0.548884,0.663290
1776,46.220000,0.955454,1.949178,0.119707,-0.450245,0.899298,-2.313680,0.424432,1.870041,-1.110621,-0.964533,1.222727,-0.692710,1.924184,-0.052318,0.933988,0.924375
1777,46.240000,0.866361,1.911903,-0.010463,-0.395761,0.868462,-2.346882,0.410416,1.868521,-1.124361,-0.962192,1.209217,-0.702550,1.934978,-0.046046,0.984406,0.881390
1778,46.260000,0.804419,1.923394,-0.072645,-0.345800,0.910026,-2.367690,0.487984,1.869267,-1.021010,-1.079457,1.211406,-0.591440,1.869921,-0.126034,0.888300,0.722734
1779,46.280000,0.810305,1.937787,-0.086069,-0.357764,0.958682,-2.355639,0.509117,1.926735,-0.993866,-1.079484,1.282979,-0.623105,1.919211,-0.072876,1.040810,0.837809
1780,46.300000,0.799660,1.811293,-0.161642,-0.367883,0.913821,-2.381090,0.484812,1.927203,-0.967335,-1.085912,1.272520,-0.690946,1.818454,-0.110482,0.911739,0.841009
1781,46.320000,0.803118,1.823027,-0.194722,-0.343567,0.878098,-2.348545,0.533856,1.845551,-0.901002,-1.202479,1.181625,-0.609625,1.501627,-0.369487,0.465182,0.529640
1782,46.340000,0.842872,1.839745,-0.079207,-0.376679,0.914470,-2.308648,0.496472,1.840983,-0.990543,-1.149538,1.175269,-0.661752,1.520084,-0.361467,0.496302,0.553340
1783,46.360000,0.877635,1.875101,-0.024163,-0.408613,0.899870,-2.277115,0.453275,1.831086,-1.061701,-1.128978,1.193274,-0.684825,1.595968,-0.261428,0.603869,0.721312
1784,46.380000,0.858922,1.778437,-0.074788,-0.375929,0.801981,-2.316089,0.392950,1.731014,-1.158026,-1.105099,1.084753,-0.660509,1.460879,-0.439930,0.351875,0.414294
1785,46.400000,0.893366,1.810017,-0.014076,-0.368695,0.868513,-2.234235,0.369217,1.718188,-1.238965,-1.050545,1.084426,-0.667277,1.453941,-0.425292,0.461637,0.403430
1786,46.420000,0.976049,1.728669,-0.077375,-0.404980,0.791380,-2.218914,0.268412,1.644839,-1.368834,-1.007969,1.040771,-0.721355,1.234950,-0.481833,0.312941,0.325233
1787,46.440000,1.028595,1.694450,-0.015799,-0.427937,0.802054,-2.179582,0.254479,1.608218,-1.419382,-0.989734,1.018360,-0.705754,1.150065,-0.482979,0.294893,0.303090
1788,46.460000,1.038200,1.737808,0.050479,-0.464079,0.822076,-2.195303,0.234734,1.671251,-1.529948,-0.877527,1.076763,-0.739902,1.358174,-0.252589,0.711397,0.590722
1789,46.480000,1.019726,1.724932,-0.021358,-0.441724,0.820175,-2.234957,0.222105,1.694161,-1.500603,-0.886484,1.084518,-0.710132,1.448620,-0.145705,0.834236,0.713303
1790,46.500000,0.955324,1.750246,-0.068328,-0.406870,0.860680,-2.277477,0.308765,1.734522,-1.373411,-0.938319,1.106853,-0.645186,1.538520,-0.137264,0.863100,0.706039
1791,46.520000,0.947190,1.742370,-0.114129,-0.413304,0.855184,-2.318836,0.336910,1.769520,-1.296074,-0.967611,1.135875,-0.632550,1.558227,-0.159016,0.851542,0.705649
1792,46.540000,0.923420,1.784041,-0.113416,-0.409068,0.872670,-2.341747,0.408982,1.801767,-1.148141,-1.069042,1.146418,-0.590798,1.586318,-0.173931,0.787514,0.712910
1793,46.560000,0.898362,1.749066,-0.124892,-0.391553,0.904952,-2.359290,0.435049,1.855856,-1.038198,-1.048336,1.172994,-0.649006,1.670695,-0.141499,0.831994,0.780946
1794,46.580000,0.868105,1.787980,-0.140177,-0.355606,0.875703,-2.373141,0.477073,1.835629,-0.969452,-1.160092,1.144240,-0.607861,1.602677,-0.287813,0.653277,0.646289
1795,46.600000,0.819358,1.886405,0.000632,-0.363488,0.933012,-2.373349,0.518536,1.863343,-0.905866,-1.182856,1.175737,-0.590672,1.774101,-0.204423,0.784031,0.737578
1796,46.620000,0.787180,1.882712,-0.009676,-0.329079,0.873543,-2.396643,0.506660,1.826582,-0.883393,-1.226426,1.126736,-0.632633,1.694849,-0.327870,0.567217,0.569684
1797,46.640000,0.787332,1.851026,-0.038664,-0.311763,0.870035,-2.370306,0.494054,1.750818,-0.855729,-1.249286,1.053981,-0.622190,1.516702,-0.520197,0.266628,0.324020
1798,46.660000,0.790591,1.898801,0.102404,-0.338091,0.916411,-2.314735,0.446814,1.759143,-0.976771,-1.149041,1.080884,-0.697248,1.620189,-0.413167,0.490908,0.467991
1799,46.680000,0.827705,1.822214,0.065988,-0.334174,0.819423,-2.306850,0.351005,1.662416,-1.100191,-1.129464,1.005970,-0.723931,1.435329,-0.499331,0.298002,0.334443
1800,46.700000,0.789879,1.868955,0.162169,-0.316193,0.917496,-2.245335,0.332605,1.705801,-1.159772,-1.026938,1.036057,-0.736682,1.547409,-0.366515,0.564752,0.488499
1801,46.720000,0.805448,1.859872,0.098473,-0.335230,0.888493,-2.272149,0.313866,1.723717,-1.230263,-1.027304,1.102049,-0.739064,1.614521,-0.186917,0.747511,0.729071
1802,46.740000,0.757144,1.838105,0.028009,-0.325531,0.894448,-2.323829,0.356613,1.761514,-1.200911,-1.039078,1.142921,-0.676851,1.703285,-0.089989,0.885419,0.815556
1803,46.760000,0.729001,1.829187,-0.072713,-0.297214,0.921296,-2.318947,0.418670,1.777291,-1.081115,-1.145780,1.158992,-0.618429,1.688534,-0.094567,0.825608,0.777977
1804,46.780000,0.725161,1.844978,-0.108596,-0.310371,0.942782,-2.334450,0.483680,1.812596,-0.989415,-1.238594,1.204395,-0.565170,1.716093,-0.090149,0.816771,0.804243
1805,46.800000,0.724841,1.864924,-0.115088,-0.325900,0.967718,-2.357401,0.526668,1.862581,-0.900422,-1.286345,1.256820,-0.551742,1.797890,-0.007850,0.873454,0.925626
1806,46.820000,0.704176,1.791926,-0.148553,-0.307229,0.895955,-2.378059,0.514621,1.826584,-0.886828,-1.286419,1.179794,-0.560271,1.695429,-0.159496,0.650564,0.716268
1807,46.840000,0.709146,1.854905,-0.075510,-0.313404,0.966390,-2.323034,0.544706,1.835534,-0.842762,-1.324691,1.202987,-0.523412,1.785870,-0.129642,0.711255,0.731987
1808,46.860000,0.736162,1.822653,-0.065741,-0.314899,0.907160,-2.325410,0.488807,1.780588,-0.906440,-1.324372,1.146094,-0.574570,1.636204,-0.224780,0.523364,0.624568
1809,46.880000,0.708480,1.800302,0.017938,-0.316800,0.901641,-2.320534,0.424704,1.732891,-0.972208,-1.214484,1.080432,-0.628477,1.585419,-0.318259,0.443298,0.485231
1810,46.900000,0.726171,1.815270,0.040350,-0.310933,0.877840,-2.300968,0.365828,1.680679,-1.059882,-1.180142,1.036989,-0.678344,1.510404,-0.373457,0.379756,0.403678
1811,46.920000,0.761870,1.749370,0.071841,-0.324468,0.886539,-2.278192,0.277201,1.676951,-1.214951,-1.004877,1.030996,-0.799065,1.505938,-0.319132,0.535041,0.501476
1812,46.940000,0.740507,1.835916,0.140108,-0.334176,0.924988,-2.284858,0.293920,1.745093,-1.238491,-1.011571,1.122003,-0.764621,1.721576,-0.044774,0.932878,0.829215
1813,46.960000,0.693235,1.818326,0.023723,-0.287160,0.914820,-2.323169,0.335511,1.747863,-1.177845,-1.106212,1.130717,-0.696862,1.707096,-0.019327,0.880942,0.833181
1814,46.980000,0.663234,1.805064,0.003185,-0.264306,0.950818,-2.340329,0.379589,1.789376,-1.103695,-1.149328,1.160401,-0.639433,1.802320,-0.024269,0.947781,0.833281
1815,47.000000,0.668705,1.823886,-0.087310,-0.259739,0.954671,-2.369849,0.437600,1.806820,-1.007491,-1.269962,1.178726,-0.628671,1.789825,-0.069729,0.870299,0.816372
1816,47.020000,0.683247,1.796297,-0.095948,-0.273502,0.955250,-2.358023,0.475276,1.809272,-0.910442,-1.337214,1.182731,-0.600236,1.739280,-0.123543,0.703673,0.771854
1817,47.040000,0.684031,1.829725,-0.063515,-0.280118,0.952597,-2.350565,0.477609,1.799342,-0.900651,-1.355806,1.165292,-0.614945,1.709432,-0.164679,0.613609,0.745162
1818,47.060000,0.689670,1.851260,-0.009521,-0.288787,0.976321,-2.327878,0.484644,1.815323,-0.889928,-1.352816,1.190800,-0.621899,1.785835,-0.094615,0.681154,0.842412
1819,47.080000,0.670395,1.763666,-0.016702,-0.284993,0.944476,-2.349835,0.405819,1.805959,-0.966393,-1.248362,1.159790,-0.705732,1.828781,-0.072093,0.714431,0.848724
1820,47.100000,0.630342,1.844715,0.015722,-0.247755,0.966144,-2.351972,0.418926,1.804705,-0.954253,-1.283289,1.163105,-0.649421,1.863280,-0.038646,0.742664,0.856389
1821,47.120000,0.639509,1.884536,0.051344,-0.243229,1.037455,-2.302533,0.459487,1.852174,-0.946213,-1.271955,1.230749,-0.628925,1.990471,0.108952,0.996637,1.037771
1822,47.140000,0.589150,1.890801,0.015107,-0.230909,0.997358,-2.365910,0.466197,1.868015,-0.910548,-1.328900,1.239336,-0.600235,2.031095,0.107897,0.995587,1.022302
1823,47.160000,0.557911,1.884948,-0.015374,-0.215946,1.021299,-2.355087,0.496679,1.871817,-0.856098,-1.381650,1.243326,-0.576214,2.001067,0.055749,0.927178,0.950415
1824,47.180000,0.522154,1.764220,-0.120644,-0.217791,0.965551,-2.370095,0.428840,1.826400,-0.945214,-1.277671,1.158127,-0.675318,1.839777,-0.100819,0.771562,0.723586
1825,47.200000,0.599267,1.808845,-0.058106,-0.240079,0.999783,-2.282794,0.451282,1.790269,-0.894557,-1.374484,1.163515,-0.662901,1.649124,-0.180654,0.565196,0.690025
1826,47.220000,0.647727,1.866640,0.065730,-0.291148,1.036489,-2.249320,0.427312,1.820328,-0.971907,-1.344589,1.241906,-0.712625,1.778671,0.027425,0.767676,1.011922
1827,47.240000,0.610075,1.667608,-0.076680,-0.252637,0.903893,-2.303224,0.326155,1.714649,-1.072793,-1.262996,1.114150,-0.764190,1.552179,-0.194649,0.453790,0.721323
1828,47.260000,0.595580,1.827205,0.077256,-0.234698,1.038548,-2.253434,0.377273,1.760018,-1.074292,-1.247838,1.174765,-0.709624,1.715908,-0.077476,0.732069,0.852309
1829,47.280000,0.593592,1.708628,-0.013773,-0.240071,0.957442,-2.311331,0.263995,1.743587,-1.241452,-1.126237,1.155428,-0.827717,1.726289,-0.021941,0.834837,0.879434
1830,47.300000,0.559246,1.802122,0.033813,-0.209415,1.021415,-2.291810,0.351633,1.785306,-1.132872,-1.250639,1.201530,-0.677495,1.842855,0.046056,0.965643,0.948465
1831,47.320000,0.540102,1.699595,-0.041151,-0.195428,0.962313,-2.351538,0.303257,1.768767,-1.225924,-1.173306,1.169373,-0.728621,1.790064,-0.035160,0.930730,0.785169
1832,47.340000,0.541059,1.765754,-0.063262,-0.200771,0.996439,-2.306783,0.353914,1.773949,-1.112069,-1.283139,1.155476,-0.684172,1.725788,-0.100977,0.851399,0.733731
1833,47.360000,0.614011,1.764922,-0.040884,-0.204444,1.101411,-2.268304,0.345913,1.805352,-1.144818,-1.303222,1.194766,-0.668464,1.734228,0.001939,0.911111,0.892983
1834,47.380000,0.655150,1.808331,-0.003722,-0.257912,1.063749,-2.235361,0.411144,1.834488,-1.008173,-1.396627,1.282715,-0.650910,1.821352,0.147208,0.934493,1.145737
1835,47.400000,0.585783,1.802853,-0.026807,-0.254871,1.007820,-2.310444,0.449129,1.828753,-0.987109,-1.404939,1.244946,-0.619052,1.857310,0.062054,0.840861,1.028838
1836,47.420000,0.569021,1.853337,0.007786,-0.242680,1.066300,-2.279174,0.498027,1.846534,-0.926027,-1.452728,1.277059,-0.559944,1.968866,0.102092,0.932021,1.065307
1837,47.440000,0.544933,1.811422,-0.052585,-0.250865,1.005351,-2.275972,0.468679,1.806370,-0.949140,-1.428605,1.218544,-0.604604,1.829202,-0.007243,0.778760,0.890856
1838,47.460000,0.572591,1.809425,0.059081,-0.245869,1.106686,-2.180581,0.455491,1.802520,-0.927004,-1.405693,1.235623,-0.605855,1.808625,0.020572,0.823271,0.950574
1839,47.480000,0.548701,1.807026,0.072992,-0.249840,1.031877,-2.163693,0.426325,1.721007,-0.903368,-1.392157,1.177853,-0.661156,1.596224,-0.109841,0.567398,0.805832
1840,47.500000,0.564630,1.780072,0.066641,-0.247664,0.994354,-2.129020,0.383996,1.645929,-0.996383,-1.307275,1.093487,-0.720569,1.428259,-0.273732,0.364317,0.617540
1841,47.520000,0.552474,1.779411,0.116789,-0.243924,0.965510,-2.134618,0.289866,1.606275,-1.183338,-1.185924,1.048352,-0.793167,1.348612,-0.350167,0.348349,0.529563
1842,47.540000,0.575532,1.645322,0.093335,-0.233637,0.918231,-2.152147,0.136794,1.560333,-1.424442,-0.987201,0.990091,-0.913736,1.283454,-0.369489,0.398108,0.465304
1843,47.560000,0.627830,1.654796,0.126304,-0.219167,0.932427,-2.098036,0.108693,1.527717,-1.481089,-1.006464,0.996118,-0.882683,1.192244,-0.349584,0.415480,0.468609
1844,47.580000,0.676526,1.677037,0.113741,-0.220113,0.968088,-2.078273,0.109049,1.562238,-1.521948,-1.013687,1.049029,-0.855597,1.260777,-0.170962,0.620324,0.670656
1845,47.600000,0.657788,1.666383,0.056069,-0.203937,0.953576,-2.117162,0.122840,1.589612,-1.485708,-1.044873,1.075400,-0.826430,1.333570,-0.102585,0.724227,0.765281
1846,47.620000,0.623014,1.682762,0.032540,-0.182058,0.965935,-2.164878,0.190965,1.610731,-1.404610,-1.119757,1.070644,-0.735161,1.428223,-0.101759,0.763005,0.750656
1847,47.640000,0.614699,1.600408,-0.035273,-0.159831,0.968979,-2.202683,0.171975,1.635384,-1.368021,-1.094448,1.058569,-0.758652,1.493942,-0.110885,0.771401,0.714558
1848,47.660000,0.603936,1.663296,-0.069248,-0.130427,0.945249,-2.258462,0.242936,1.616447,-1.221685,-1.259376,1.005466,-0.691304,1.408985,-0.283508,0.519764,0.530085
1849,47.680000,0.618670,1.726840,0.009712,-0.136560,1.002681,-2.244006,0.297837,1.652281,-1.135230,-1.330452,1.044858,-0.663871,1.521781,-0.237322,0.547039,0.587682
1850,47.700000,0.622475,1.697044,0.033528,-0.138303,0.956444,-2.253367,0.272449,1.623366,-1.083855,-1.328223,1.017008,-0.702584,1.502312,-0.278274,0.435481,0.567370
1851,47.720000,0.599084,1.806264,0.134055,-0.118798,1.044342,-2.244855,0.305106,1.688334,-0.996184,-1.360577,1.059479,-0.696192,1.740647,-0.134121,0.629518,0.766435
1852,47.740000,0.549981,1.851137,0.171193,-0.097760,1.041420,-2.227340,0.352722,1.691542,-0.894503,-1.408057,1.101741,-0.661054,1.806394,-0.075073,0.649816,0.844007
1853,47.760000,0.475934,1.860907,0.135798,-0.082161,0.990384,-2.314721,0.357645,1.663604,-0.838423,-1.425795,1.045897,-0.633531,1.846871,-0.136839,0.526403,0.705252
1854,47.780000,0.439681,1.935895,0.186736,-0.037031,1.086651,-2.277464,0.395186,1.709861,-0.800609,-1.456034,1.108350,-0.617696,1.980739,-0.029288,0.695096,0.823083
1855,47.800000,0.435290,1.916749,0.177643,-0.035384,1.084509,-2.244228,0.405965,1.705762,-0.733513,-1.484741,1.142082,-0.613973,1.916407,-0.021526,0.660126,0.858988
1856,47.820000,0.415729,1.825223,0.129204,-0.046211,1.043990,-2.269261,0.353420,1.697344,-0.822438,-1.360035,1.091364,-0.659603,1.893006,-0.090995,0.683028,0.771295
1857,47.840000,0.373259,1.894604,0.173605,-0.029649,1.056110,-2.255790,0.376322,1.665059,-0.788030,-1.415637,1.080317,-0.629188,1.802654,-0.116383,0.597969,0.697821
1858,47.860000,0.394241,1.874311,0.164899,-0.048887,1.069872,-2.252727,0.347759,1.700784,-0.874964,-1.361511,1.112219,-0.662173,1.887797,0.019340,0.740890,0.831092
1859,47.880000,0.382917,1.835772,0.093448,-0.035834,1.019143,-2.251792,0.344598,1.631941,-0.866690,-1.447209,1.082093,-0.605367,1.700132,-0.111089,0.511543,0.655336
1860,47.900000,0.410951,1.873303,0.177687,-0.056789,1.076565,-2.190094,0.350676,1.643849,-0.942884,-1.406227,1.100832,-0.600493,1.738820,-0.084795,0.638366,0.695704
1861,47.920000,0.440818,1.695715,0.055813,-0.080339,0.966398,-2.221453,0.232037,1.566930,-1.092239,-1.308352,1.026698,-0.690908,1.545467,-0.196997,0.484016,0.532798
1862,47.940000,0.471873,1.749266,0.072362,-0.081802,1.017739,-2.154863,0.261005,1.539076,-1.081320,-1.364460,1.015794,-0.643869,1.433408,-0.215571,0.372624,0.510304
1863,47.960000,0.493555,1.752876,0.088576,-0.106567,1.005807,-2.150346,0.239251,1.528742,-1.208039,-1.302376,1.024252,-0.659328,1.410606,-0.188463,0.479670,0.532110
1864,47.980000,0.524107,1.721267,0.118923,-0.143911,0.981745,-2.127463,0.207849,1.526695,-1.267938,-1.266737,1.032248,-0.655337,1.443920,-0.142448,0.579908,0.597117
1865,48.000000,0.530391,1.726822,0.116333,-0.153881,0.996438,-2.142245,0.238208,1.552113,-1.253727,-1.312763,1.064303,-0.616441,1.551728,-0.014900,0.689612,0.719409
1866,48.020000,0.519891,1.607624,0.001078,-0.150880,0.953175,-2.177748,0.210042,1.539409,-1.259294,-1.241251,1.032069,-0.656941,1.457233,-0.090710,0.613747,0.614368
1867,48.040000,0.506498,1.685243,0.031791,-0.148413,0.975742,-2.179765,0.272726,1.535493,-1.198095,-1.312042,1.006139,-0.590431,1.413648,-0.178621,0.566624,0.505236
1868,48.060000,0.536651,1.714039,0.081392,-0.168315,0.998523,-2.157330,0.287985,1.553249,-1.185662,-1.336545,1.032756,-0.595057,1.440832,-0.143382,0.613306,0.561376
1869,48.080000,0.579138,1.660954,0.063165,-0.187292,0.961386,-2.198298,0.258949,1.596290,-1.190154,-1.315342,1.052627,-0.628043,1.532097,-0.074439,0.656737,0.682698
1870,48.100000,0.522160,1.693648,0.047909,-0.171337,0.942426,-2.241087,0.296824,1.542779,-1.088793,-1.395071,0.990987,-0.586947,1.467227,-0.183873,0.451735,0.516581
1871,48.120000,0.536595,1.727705,0.067977,-0.167367,0.962383,-2.208025,0.321241,1.532701,-1.075356,-1.406589,0.964464,-0.572433,1.417729,-0.272137,0.356067,0.405832
1872,48.140000,0.561804,1.717036,0.118768,-0.185817,0.947654,-2.237372,0.289039,1.549824,-1.123665,-1.361530,0.984803,-0.626385,1.502096,-0.229965,0.449335,0.488074
1873,48.160000,0.568321,1.720551,0.138040,-0.191365,0.937032,-2.226017,0.284443,1.526095,-1.071177,-1.379878,0.954023,-0.631235,1.451310,-0.233155,0.358190,0.488696
1874,48.180000,0.555793,1.758061,0.173244,-0.178029,0.974745,-2.200479,0.298485,1.547512,-1.057759,-1.347263,0.980588,-0.645101,1.516122,-0.191210,0.459607,0.561930
1875,48.200000,0.538091,1.756064,0.163841,-0.164648,0.956916,-2.226141,0.287594,1.541728,-1.067578,-1.319210,0.978617,-0.636994,1.533311,-0.192874,0.514915,0.579614
1876,48.220000,0.508809,1.741562,0.144280,-0.144777,0.943300,-2.260855,0.289975,1.539228,-1.066302,-1.326761,0.940698,-0.622686,1.540965,-0.255541,0.495744,0.489577
1877,48.240000,0.523966,1.758020,0.113542,-0.138130,0.979011,-2.240012,0.323661,1.549297,-0.997955,-1.374835,0.968835,-0.597197,1.533514,-0.238884,0.470934,0.495246
1878,48.260000,0.536897,1.745782,0.100910,-0.152544,0.938604,-2.250347,0.306190,1.538047,-1.024331,-1.362259,0.947849,-0.610610,1.465740,-0.300751,0.406749,0.452281
1879,48.280000,0.531207,1.750199,0.133779,-0.154250,0.935639,-2.260084,0.298261,1.532135,-1.046500,-1.348017,0.933779,-0.623661,1.493399,-0.307363,0.431484,0.453489
1880,48.300000,0.542985,1.753352,0.110915,-0.152836,0.962873,-2.242086,0.293643,1.547818,-1.028995,-1.356667,0.957172,-0.619238,1.543642,-0.213484,0.484177,0.561884
1881,48.320000,0.543960,1.639280,0.028846,-0.141342,0.919513,-2.257009,0.238598,1.518873,-1.073185,-1.260137,0.921526,-0.666752,1.409945,-0.305368,0.387589,0.459420
1882,48.340000,0.562529,1.705037,0.049605,-0.134905,0.956505,-2.226919,0.273283,1.508938,-1.039875,-1.291071,0.916282,-0.632640,1.345904,-0.330959,0.358593,0.454232
1883,48.360000,0.579371,1.729378,0.085317,-0.160384,0.951477,-2.197339,0.283880,1.497652,-1.060888,-1.269534,0.920070,-0.620757,1.304566,-0.307431,0.355293,0.463570
1884,48.380000,0.567176,1.732659,0.101794,-0.161454,0.914227,-2.222807,0.259293,1.483224,-1.110692,-1.213836,0.879837,-0.634712,1.296884,-0.360679,0.343275,0.404513
1885,48.400000,0.581246,1.735407,0.126865,-0.159260,0.959307,-2.184556,0.282928,1.490581,-1.064423,-1.245155,0.910107,-0.618647,1.325356,-0.308874,0.383464,0.464009
1886,48.420000,0.577342,1.756470,0.148334,-0.165383,0.961633,-2.208914,0.284249,1.536628,-1.079983,-1.218819,0.947155,-0.621019,1.464925,-0.198644,0.564853,0.622153
1887,48.440000,0.550461,1.744909,0.103186,-0.154707,0.943676,-2.243994,0.309751,1.538750,-1.027759,-1.271106,0.951225,-0.566792,1.507551,-0.165179,0.553834,0.632132
1888,48.460000,0.522578,1.726732,0.055196,-0.120602,0.982346,-2.244052,0.318937,1.571338,-0.970272,-1.256925,0.967295,-0.587441,1.544623,-0.194153,0.581831,0.586202
1889,48.480000,0.503062,1.759857,0.055837,-0.119748,0.954404,-2.277455,0.329099,1.554492,-0.977860,-1.287912,0.937971,-0.545230,1.524626,-0.261910,0.538157,0.502048
1890,48.500000,0.506707,1.775481,0.083874,-0.104582,0.986211,-2.241986,0.350865,1.539067,-0.919779,-1.350975,0.930633,-0.534475,1.501420,-0.269533,0.475888,0.482930
1891,48.520000,0.523548,1.757599,0.073727,-0.113356,0.942554,-2.259581,0.321898,1.537195,-0.945976,-1.354748,0.898649,-0.556955,1.478836,-0.304489,0.381911,0.454370
1892,48.540000,0.518412,1.763058,0.081879,-0.096993,0.945777,-2.266887,0.325036,1.525849,-0.932744,-1.396766,0.884094,-0.553821,1.491829,-0.294941,0.332952,0.463919
1893,48.560000,0.504524,1.764306,0.096274,-0.075733,0.992239,-2.276975,0.305865,1.575323,-0.915148,-1.365076,0.941074,-0.614400,1.659283,-0.139942,0.514755,0.669670
1894,48.580000,0.452189,1.795283,0.118540,-0.040122,0.970301,-2.295374,0.309193,1.568840,-0.911318,-1.393202,0.934181,-0.581382,1.706928,-0.122528,0.562285,0.679547
1895,48.600000,0.413748,1.727044,0.099735,-0.000783,0.999908,-2.319288,0.293100,1.590277,-0.927965,-1.344601,0.936905,-0.591961,1.830520,-0.075902,0.702441,0.690875
1896,48.620000,0.375675,1.817195,0.085914,0.047563,1.024985,-2.309452,0.327510,1.581922,-0.819783,-1.464470,0.934433,-0.566362,1.739371,-0.141412,0.599663,0.640267
1897,48.640000,0.394441,1.734758,0.051408,0.046172,1.021311,-2.311310,0.300679,1.590392,-0.841329,-1.415964,0.925699,-0.621788,1.736652,-0.141588,0.575046,0.676454
1898,48.660000,0.364031,1.843222,0.128732,0.081691,1.088537,-2.271637,0.363941,1.621712,-0.706753,-1.546351,0.986732,-0.563986,1.808336,-0.051973,0.649271,0.838156
1899,48.680000,0.317072,1.841449,0.151372,0.108707,1.082557,-2.272241,0.361833,1.620623,-0.657903,-1.546298,1.004632,-0.591737,1.901455,0.020233,0.686239,0.952665
1900,48.700000,0.253125,1.927629,0.173769,0.161156,1.122723,-2.303317,0.401070,1.662134,-0.571344,-1.627835,1.046798,-0.526965,2.120295,0.133143,0.808150,1.083455
1901,48.720000,0.212316,1.932609,0.143992,0.199610,1.135906,-2.301687,0.445071,1.665038,-0.480740,-1.732580,1.073933,-0.479261,2.174512,0.152412,0.758244,1.070727
1902,48.740000,0.204495,1.943886,0.186906,0.218859,1.160098,-2.285953,0.466679,1.711511,-0.476840,-1.789988,1.128731,-0.438377,2.324378,0.214362,0.896813,1.123595
1903,48.760000,0.189136,1.949739,0.186067,0.219497,1.163494,-2.298179,0.467487,1.722822,-0.463896,-1.852664,1.154183,-0.413431,2.387600,0.272073,0.947240,1.164110
1904,48.780000,0.175964,1.829432,0.109410,0.185734,1.179120,-2.183415,0.376462,1.708704,-0.594740,-1.657934,1.116425,-0.498940,2.268856,0.253738,1.012359,1.101599
1905,48.800000,0.225125,1.872030,0.152453,0.144674,1.218642,-2.102427,0.402132,1.698367,-0.516145,-1.685252,1.185248,-0.470900,2.176293,0.294981,0.992125,1.231508
1906,48.820000,0.242292,1.895992,0.120334,0.124766,1.199662,-2.079852,0.427977,1.670718,-0.540117,-1.712858,1.209449,-0.455151,2.076043,0.309851,0.854384,1.258600
1907,48.840000,0.243395,1.867687,0.050470,0.101895,1.156935,-2.088816,0.409050,1.654319,-0.640756,-1.702401,1.186717,-0.451681,2.038992,0.258307,0.768736,1.171910
1908,48.860000,0.249675,1.846418,0.008175,0.071506,1.138952,-2.082204,0.382145,1.655406,-0.792223,-1.675682,1.188446,-0.440381,2.060988,0.323903,0.838597,1.157665
1909,48.880000,0.302233,1.692695,0.001180,0.056957,1.153679,-2.026210,0.305387,1.606153,-0.917408,-1.608217,1.179129,-0.470374,1.890286,0.321090,0.778041,1.119752
1910,48.900000,0.318634,1.690460,0.030762,0.026786,1.130045,-2.005204,0.313919,1.609449,-0.989788,-1.570804,1.179314,-0.503839,1.874368,0.377166,0.839932,1.151466
1911,48.920000,0.306878,1.742579,-0.018676,0.018872,1.108674,-2.020953,0.337297,1.578153,-1.044362,-1.638721,1.155229,-0.462299,1.793509,0.347150,0.778129,1.079289
1912,48.940000,0.327208,1.708256,-0.087700,-0.006186,1.063901,-2.016969,0.367529,1.533540,-1.071327,-1.684160,1.120530,-0.420255,1.685193,0.240233,0.616725,0.896965
1913,48.960000,0.376468,1.691275,-0.012128,-0.043784,1.080626,-1.999260,0.362468,1.549739,-1.126386,-1.683347,1.137533,-0.451098,1.729441,0.264539,0.678568,0.929392
1914,48.980000,0.374573,1.613037,-0.001772,-0.067569,1.054596,-1.989291,0.312864,1.528735,-1.160684,-1.597639,1.114469,-0.557344,1.679374,0.257071,0.693871,0.953933
1915,49.000000,0.360480,1.683008,0.079805,-0.073209,1.080946,-1.976582,0.328944,1.525679,-1.146011,-1.609959,1.086830,-0.535313,1.679033,0.230012,0.689356,0.942086
1916,49.020000,0.299802,1.635868,0.008987,-0.108041,0.990670,-2.025455,0.259901,1.521764,-1.276489,-1.449598,1.018956,-0.666334,1.715407,0.185655,0.791191,0.827761
1917,49.040000,0.338230,1.664169,0.072697,-0.097310,1.035163,-2.018243,0.291697,1.532866,-1.191768,-1.561463,1.054292,-0.617401,1.702134,0.171594,0.755247,0.856827
1918,49.060000,0.367603,1.654415,0.096907,-0.104389,1.071595,-1.999146,0.304735,1.526835,-1.124147,-1.586742,1.082620,-0.629602,1.619602,0.188341,0.647595,0.915494
1919,49.080000,0.353268,1.712112,0.172163,-0.126765,1.060522,-2.002437,0.356837,1.546907,-1.049672,-1.611400,1.098518,-0.631278,1.680564,0.208620,0.686956,1.010686
1920,49.100000,0.311987,1.727108,0.161423,-0.114317,1.066061,-2.041184,0.386551,1.549397,-0.977459,-1.616609,1.108160,-0.630213,1.703695,0.192103,0.666054,1.022133
1921,49.120000,0.285903,1.787244,0.259602,-0.112402,1.134776,-1.954947,0.436825,1.580662,-0.876009,-1.617036,1.173523,-0.599981,1.831487,0.299470,0.846234,1.204658
1922,49.140000,0.258881,1.860076,0.358382,-0.120271,1.178686,-1.905043,0.476941,1.604582,-0.770123,-1.611888,1.252910,-0.564201,1.906366,0.403132,0.988982,1.397836
1923,49.160000,0.203763,1.874986,0.314655,-0.101188,1.155953,-1.934929,0.505629,1.621129,-0.686787,-1.588059,1.256631,-0.550366,2.018889,0.414598,1.029220,1.401050
1924,49.180000,0.157223,1.855532,0.174433,-0.093887,1.106215,-1.973325,0.497228,1.620558,-0.725185,-1.549477,1.198477,-0.556700,1.988118,0.325092,0.948283,1.190932
1925,49.200000,0.200780,1.893535,0.233231,-0.056471,1.278832,-1.898105,0.499915,1.661959,-0.693102,-1.626540,1.304351,-0.472350,2.043379,0.441064,1.095947,1.355133
1926,49.220000,0.189212,1.841744,0.217179,-0.071258,1.160302,-1.919973,0.489579,1.679106,-0.707596,-1.574545,1.320625,-0.517223,2.050416,0.461430,1.123212,1.349589
1927,49.240000,0.178490,1.775006,0.172989,-0.095228,1.163161,-1.887013,0.442508,1.683457,-0.782134,-1.488498,1.299494,-0.563981,2.092674,0.469411,1.213886,1.332253
1928,49.260000,0.204874,1.824390,0.134633,-0.087839,1.180617,-1.834773,0.495966,1.670898,-0.710509,-1.605029,1.340041,-0.501850,1.962268,0.451366,1.052581,1.323407
1929,49.280000,0.207773,1.828393,0.115196,-0.111345,1.139994,-1.860022,0.538597,1.660838,-0.749892,-1.639442,1.336842,-0.478087,1.886876,0.405359,0.907328,1.212618
1930,49.300000,0.213380,1.779863,0.096521,-0.122804,1.169630,-1.860131,0.462719,1.589258,-0.908336,-1.624802,1.286976,-0.483625,1.801438,0.373200,0.819425,1.130132
1931,49.320000,0.236693,1.774972,0.200269,-0.141688,1.153010,-1.781840,0.469253,1.599026,-0.974443,-1.592860,1.299614,-0.495335,1.842964,0.421827,0.932197,1.136957
1932,49.340000,0.247943,1.833490,0.291741,-0.184595,1.195507,-1.698420,0.493198,1.580484,-0.933129,-1.622853,1.360084,-0.555458,1.817520,0.549853,0.912895,1.325141
1933,49.360000,0.372605,1.760912,-0.001203,-0.277279,1.267827,-1.483265,0.493981,1.394630,-0.849910,-1.682580,1.451868,-0.775519,1.304705,0.871871,0.116807,1.824773
1934,49.380000,0.465374,1.661099,-0.014109,-0.370654,1.310818,-1.336223,0.597975,1.338027,-0.788982,-1.671208,1.628099,-0.865978,1.065158,1.311834,-0.252334,2.392771
1935,49.400000,0.357458,1.624450,-0.083923,-0.428615,1.248690,-1.487680,0.593940,1.242805,-1.116917,-1.520974,1.541359,-0.821757,0.912929,1.416474,-0.254051,2.293992
1936,49.420000,0.351667,1.672263,0.038297,-0.427594,1.239998,-1.498919,0.806558,1.242887,-1.170468,-1.622517,1.572198,-0.566555,1.057612,1.419610,0.022255,2.024638
1937,49.440000,0.356984,1.688771,0.120577,-0.428790,1.232000,-1.602344,0.884290,1.221552,-1.359360,-1.678733,1.572319,-0.396285,1.133181,1.354597,0.240307,1.635566
1938,49.460000,0.391661,1.670317,0.238131,-0.473694,1.212653,-1.504710,0.960841,1.227012,-1.470538,-1.673692,1.567543,-0.345056,1.240782,1.264377,0.557234,1.397642
1939,49.480000,0.424553,1.695582,0.335062,-0.476400,1.292855,-1.319070,1.009387,1.217463,-1.441666,-1.693125,1.599487,-0.332098,1.260755,1.229349,0.770846,1.397451
1940,49.500000,0.466041,1.676423,0.233159,-0.426332,1.373210,-1.173504,0.978886,1.187790,-1.418724,-1.685616,1.610630,-0.368080,1.170924,1.205277,0.804428,1.564736
1941,49.520000,0.471431,1.672749,0.191243,-0.452960,1.345509,-1.029950,1.003932,1.225156,-1.321711,-1.624445,1.615082,-0.441481,1.213480,1.208872,0.920303,1.760407
1942,49.540000,0.485217,1.684694,0.248328,-0.424351,1.426386,-0.903943,1.025334,1.239184,-1.175436,-1.628727,1.715872,-0.404235,1.241595,1.224435,1.026872,2.025507
1943,49.560000,0.471440,1.714451,0.221194,-0.408847,1.352874,-0.872185,1.078373,1.255762,-1.029406,-1.619794,1.705603,-0.352130,1.315629,1.148676,1.055217,2.029548
1944,49.580000,0.452432,1.681583,0.286183,-0.412190,1.367779,-0.867100,1.075038,1.276025,-0.971885,-1.524104,1.722515,-0.356955,1.372468,1.117320,1.162044,2.034969
1945,49.600000,0.489800,1.652647,0.056812,-0.376863,1.264856,-0.962408,1.072456,1.277851,-0.868558,-1.589932,1.705952,-0.337499,1.329381,1.136199,0.850144,1.957125
1946,49.620000,0.476974,1.687794,0.081307,-0.390003,1.287172,-1.012643,1.106730,1.268641,-0.795428,-1.653137,1.749259,-0.264265,1.281436,1.267865,0.582401,1.915160
1947,49.640000,0.542823,1.591768,-0.081488,-0.414623,1.163321,-1.089816,1.068061,1.230591,-0.841990,-1.664648,1.730836,-0.286282,1.185642,1.337698,0.198231,1.790978
1948,49.660000,0.606218,1.549713,-0.143517,-0.459294,1.156991,-1.102589,1.066642,1.118003,-0.896293,-1.754200,1.742960,-0.280611,1.005864,1.513792,-0.275324,1.772776
1949,49.680000,0.690865,1.501548,-0.126067,-0.527010,1.173992,-0.971575,1.097242,0.991022,-0.955833,-1.835815,1.822062,-0.322291,0.768921,1.761632,-0.723367,1.913799
1950,49.700000,0.742906,1.479234,-0.134083,-0.616776,1.196015,-0.806705,1.143205,0.854729,-1.042446,-1.893905,1.878224,-0.341185,0.579844,2.106041,-1.138049,2.159857
1951,49.720000,0.736340,1.453693,-0.061968,-0.709198,1.194036,-0.737502,1.233919,0.759767,-1.187848,-1.910575,1.946013,-0.232032,0.538632,2.406825,-1.235458,2.316560
1952,49.740000,0.680425,1.424545,-0.059935,-0.753051,1.170702,-0.758805,1.325950,0.698403,-1.416332,-1.918825,1.932434,-0.101165,0.561153,2.589332,-1.036754,2.354361
1953,49.760000,0.657793,1.396142,-0.138002,-0.729703,1.171535,-0.770948,1.451428,0.663619,-1.591436,-2.009469,1.955654,0.073608,0.578993,2.657352,-0.793635,2.323140
1954,49.780000,0.661529,1.369884,-0.255040,-0.709153,1.179826,-0.759478,1.574609,0.653158,-1.688624,-2.147500,1.965570,0.221189,0.591478,2.690609,-0.548119,2.284903
1955,49.800000,0.685917,1.328765,-0.405248,-0.666259,1.213570,-0.692289,1.677186,0.653767,-1.734605,-2.277730,2.011419,0.358067,0.604112,2.686077,-0.389233,2.296892
1956,49.820000,0.677521,1.293770,-0.532105,-0.644857,1.216882,-0.654279,1.773627,0.659967,-1.695431,-2.361383,1.994600,0.411943,0.592659,2.627140,-0.331171,2.253126
1957,49.840000,0.690543,1.262746,-0.600552,-0.639614,1.247269,-0.557891,1.841755,0.645206,-1.681154,-2.415736,2.019235,0.484231,0.551231,2.565262,-0.340978,2.249587
1958,49.860000,0.658385,1.192294,-0.683589,-0.698161,1.151456,-0.517912,1.800021,0.652880,-1.688041,-2.325550,1.875791,0.275459,0.442465,2.443579,-0.407523,2.182197
1959,49.880000,0.658616,1.185484,-0.700475,-0.699667,1.206109,-0.357345,1.865538,0.618016,-1.614469,-2.315907,1.952792,0.398917,0.372467,2.386091,-0.559727,2.213398
1960,49.900000,0.635807,1.204673,-0.694760,-0.732517,1.197629,-0.320334,1.938100,0.602466,-1.532128,-2.312553,2.013403,0.486434,0.366453,2.414076,-0.654486,2.317057
1961,49.920000,0.608417,1.173509,-0.739620,-0.781921,1.157442,-0.264934,1.938474,0.591898,-1.495864,-2.208629,1.981398,0.462607,0.331988,2.387710,-0.669443,2.373705
1962,49.940000,0.571486,1.166013,-0.788525,-0.780104,1.145682,-0.220998,1.958762,0.540474,-1.465732,-2.159392,2.003753,0.523544,0.239068,2.388610,-0.758530,2.395749
1963,49.960000,0.548519,1.146924,-0.832330,-0.805591,1.079462,-0.201109,1.940492,0.499970,-1.437848,-2.092155,1.917010,0.422728,0.092115,2.343637,-0.829987,2.333387
1964,49.980000,0.550211,1.109191,-0.880934,-0.800678,1.050421,-0.093057,1.950021,0.420439,-1.447409,-2.079909,1.962426,0.495720,-0.081736,2.339107,-0.969119,2.323978
1965,50.000000,0.509268,1.051798,-0.942764,-0.794243,0.961946,-0.081046,1.952972,0.368004,-1.490749,-2.048645,1.924553,0.533736,-0.250247,2.253116,-0.988696,2.206775
1966,50.020000,0.464458,0.939025,-0.983829,-0.802385,0.875482,-0.057348,1.930394,0.394583,-1.522206,-1.954204,1.796227,0.566638,-0.392730,1.946474,-0.729577,1.915525
1967,50.040000,0.344479,0.812397,-1.055772,-0.837054,0.726099,-0.130262,1.900586,0.466008,-1.572366,-1.835106,1.635644,0.636258,-0.534318,1.499133,-0.355827,1.400672
1968,50.060000,0.231809,0.690586,-1.121693,-0.890449,0.573889,-0.135199,1.794825,0.548395,-1.622441,-1.654485,1.390862,0.591483,-0.699507,0.960649,-0.026484,0.807363
1969,50.080000,0.225254,0.589207,-1.203769,-0.846380,0.519267,0.170552,1.610605,0.465458,-1.537357,-1.597329,1.287422,0.466912,-1.083692,0.634126,-0.224979,0.513504
1970,50.100000,0.218657,0.401011,-1.228595,-0.938800,0.380062,0.428224,1.373521,0.363380,-1.316787,-1.446473,1.161688,0.191950,-1.488711,0.298618,-0.675326,0.299332
1971,50.120000,0.165182,0.148316,-1.294261,-1.036518,0.193181,0.713108,1.011343,0.191551,-1.162954,-1.150720,0.942993,-0.149676,-1.999274,-0.043259,-1.284119,0.066298
1972,50.140000,0.077005,-0.068708,-1.283024,-1.174529,0.014635,0.870187,0.637710,0.061888,-0.923731,-0.789663,0.691993,-0.456967,-2.419161,-0.364349,-1.850823,-0.190426
1973,50.160000,-0.061548,-0.293040,-1.185833,-1.394856,-0.212204,0.917858,0.241693,-0.038629,-0.671715,-0.262746,0.414972,-0.803012,-2.746629,-0.727866,-2.325987,-0.456897
1974,50.180000,-0.217578,-0.493402,-1.011879,-1.702337,-0.364513,0.901372,-0.150158,-0.091950,-0.410796,0.414815,0.144533,-1.097154,-2.928845,-1.110692,-2.666371,-0.651537
1975,50.200000,-0.354661,-0.656371,-0.703600,-2.084023,-0.473325,0.787795,-0.522564,-0.171988,-0.156064,1.163024,-0.070072,-1.288227,-2.947061,-1.469862,-2.913665,-0.743196
1976,50.220000,-0.472733,-0.886785,-0.405552,-2.360980,-0.519117,0.638063,-0.860191,-0.288736,-0.007346,1.815888,-0.203714,-1.349436,-2.802869,-1.808886,-3.055533,-0.703654
1977,50.240000,-0.560671,-0.774363,-0.262369,-2.500631,-0.493543,0.761676,-1.138571,-0.592713,0.325037,2.336989,-0.294667,-1.395649,-2.827222,-1.856753,-3.405923,-0.788600
1978,50.260000,-0.725003,-0.651417,-0.359194,-2.459346,-0.468602,0.890265,-1.264378,-0.895209,0.705647,2.638422,-0.290911,-1.400981,-2.862766,-1.544278,-3.698457,-0.980329
1979,50.280000,-0.915618,-0.138801,-0.502736,-2.256413,-0.421014,1.169300,-1.223255,-1.121935,1.084666,2.883732,-0.325902,-1.398111,-2.908357,-1.111865,-3.792921,-1.285368
1980,50.300000,-1.096546,-0.149468,-0.425582,-1.932638,-0.375930,1.212251,-1.042851,-1.273605,1.224994,2.703636,-0.282508,-1.206696,-2.943638,-0.696477,-3.675838,-1.760610
1981,50.320000,-0.650003,-0.384356,-0.357601,-1.448676,-0.403943,1.082671,-0.489675,-1.339837,0.961478,1.561782,-0.314920,-0.836125,-3.051070,-0.462592,-3.262337,-1.976248
1982,50.340000,0.944460,-1.221709,-0.188363,-0.393175,-0.702241,0.492778,0.866963,-1.258301,-0.156486,-1.908777,-0.286583,0.032758,-3.457510,-0.372685,-2.252599,-1.901236
1983,50.360000,2.155657,-1.857579,-0.109629,-0.030226,-0.946847,-0.068739,2.873071,-0.826772,-0.755178,-5.595961,0.023474,0.763981,-4.121924,0.358730,-1.341428,-0.898238
1984,50.380000,2.496287,-2.354395,0.131851,-0.404997,-0.770635,-0.275917,3.302948,-0.165344,-0.612460,-6.880876,0.261531,0.976058,-3.848618,1.117613,-1.518757,0.119673
1985,50.400000,2.707178,-2.716343,0.821130,0.500805,-0.440917,-0.322345,3.076506,0.316357,-0.867625,-7.683508,0.306566,1.031334,-3.556669,0.934004,-1.179283,1.172974
1986,50.420000,2.177024,-2.298391,1.324291,1.399116,-0.461065,-0.203147,3.246712,0.542633,-0.982424,-7.741627,0.305011,1.074545,-3.030778,-0.019701,-1.140979,1.912832
1987,50.440000,1.474311,-2.429793,1.270545,2.150125,-0.353507,-0.312166,2.584609,0.837124,-1.139777,-6.883945,0.214932,0.945872,-2.588554,-1.093329,-1.286719,2.019353
1988,50.460000,0.921247,-2.117701,0.703451,2.356468,-0.334666,-0.482986,1.835416,1.285960,-1.046809,-4.951798,-0.240702,0.500975,-2.448914,-1.974334,-1.280001,1.854157
1989,50.480000,0.475894,-1.323642,-0.190228,1.227600,0.005207,-0.199445,0.651154,1.289165,-0.296859,-1.400135,-0.659221,-0.080264,-2.109953,-2.559175,-1.903317,1.313198
1990,50.500000,-0.112112,-0.033494,-0.766723,-1.953205,0.649130,0.510434,-1.946059,0.790165,1.898246,4.110883,-0.923398,-1.294064,-1.162507,-2.551857,-3.342895,0.699351
1991,50.520000,-0.314174,0.188614,-0.830414,-3.245255,0.461524,0.764906,-1.406123,0.352390,1.656067,5.701696,-0.458735,-1.177290,-0.980772,-1.778823,-2.676925,0.692704
1992,50.540000,-0.129377,0.298000,-0.727769,-3.806667,0.323906,1.213869,-0.637747,0.436775,2.121719,5.662305,-0.119872,-0.847105,-1.329604,-0.923664,-1.546642,0.479845
1993,50.560000,0.295284,0.690120,1.080536,-4.049740,0.195026,1.314683,-0.409363,0.281441,2.978442,4.568464,-0.506930,-1.021189,-1.416355,-0.271560,-1.077174,-0.455771
1994,50.580000,1.133035,0.756983,2.068654,-3.303830,0.203660,1.054587,0.443180,-0.163093,2.793383,2.301164,-0.756457,-0.680407,-1.898504,-0.141511,-1.710025,-1.307035
1995,50.600000,1.042329,1.280617,2.780362,-2.719107,0.141879,0.756394,0.809765,-0.203898,3.248577,0.497684,-0.960679,-0.785992,-2.194803,-0.094754,-2.800648,-1.697700
1996,50.620000,0.931719,1.176360,2.394031,-1.927344,-0.011269,0.780515,1.071115,-0.197571,2.759765,-0.675564,-1.014248,-0.697980,-2.382407,-0.596783,-2.810529,-1.645296
1997,50.640000,0.824263,0.638519,1.398936,-0.437320,-0.062347,0.721134,1.479874,-0.093382,1.700840,-2.082814,-0.881365,-0.190390,-2.626077,-0.766933,-2.300785,-1.345815
1998,50.660000,0.314676,-0.222033,0.901997,1.686978,-0.358232,0.374932,2.379523,0.055127,-0.054997,-4.332366,-0.799799,0.306866,-3.268648,-0.610488,-0.917339,-0.886403
1999,50.680000,0.024034,-0.739520,0.821486,2.287741,-0.841074,-0.525897,2.927586,0.176887,-0.430044,-6.077841,-0.209762,0.801982,-3.030063,-0.784313,-1.141057,-0.575918
2000,50.700000,-0.146111,-1.062300,1.385065,2.938539,-0.766356,-0.921715,2.879737,0.410600,-0.864722,-7.063290,0.000654,1.024299,-2.383380,-1.024626,-1.257062,-0.262627
2001,50.720000,-0.155233,-1.256783,2.586869,3.794193,-0.290766,-0.981045,2.762753,0.598336,-1.322628,-7.728395,0.209574,1.027974,-2.389748,-1.807817,-0.959142,0.363384
2002,50.740000,-0.201259,-1.213500,2.872443,3.576791,-0.191087,-0.826825,2.895213,0.950320,-1.226027,-7.420938,0.336810,1.054068,-2.281226,-2.553669,-0.924428,0.891006
2003,50.760000,0.053128,-1.204453,2.409933,2.602872,-0.013966,-0.509411,2.855919,1.140672,-1.065985,-6.089365,0.310574,0.902954,-2.275426,-2.964010,-1.064051,1.310164
2004,50.780000,1.146124,-0.584612,0.811040,0.222963,0.200910,0.120631,2.462341,1.065861,-0.319377,-3.189825,0.136943,0.599150,-2.086761,-3.086948,-1.479195,1.381231
2005,50.800000,1.879386,0.331281,-0.438854,-3.016563,0.640614,1.183533,0.103827,0.440087,1.533737,1.235019,-0.252010,-0.472061,-1.268291,-2.896785,-2.761877,0.836330
2006,50.820000,0.954701,0.593738,-0.778102,-4.945890,0.600497,2.133613,-0.664839,0.543230,2.878798,4.185908,-0.345005,-1.144543,-1.134040,-2.180020,-2.981705,1.035385
2007,50.840000,-0.154999,0.576545,-1.065160,-5.637059,0.569745,2.388413,-0.619905,0.530322,3.467620,6.288805,0.304519,-1.599758,-1.939759,-1.454625,-2.766778,0.819952
2008,50.860000,-0.368547,0.675780,-0.729823,-5.406350,0.390497,2.294058,-0.418849,0.317436,4.086869,6.758803,0.215125,-1.765764,-2.554415,-0.449428,-1.994915,0.099121
2009,50.880000,-0.320096,0.643175,0.411837,-3.817382,0.291583,1.608160,0.267020,0.319895,4.171136,4.994155,-0.068984,-1.128012,-2.117039,0.130882,-1.435074,-0.756613
2010,50.900000,0.003825,1.140857,2.186239,-2.658948,0.270241,1.029072,0.683922,0.007793,4.167638,2.311961,-0.608707,-0.808085,-1.782072,0.267044,-2.267679,-1.678097
2011,50.920000,0.348358,1.683916,2.546762,-1.953881,0.059071,0.506651,0.928652,-0.219611,3.886264,0.043868,-0.827871,-0.613821,-1.746122,0.088008,-3.354517,-2.081300
2012,50.940000,0.361362,1.301571,1.930196,-0.498922,-0.098944,0.102229,1.721765,-0.064941,2.658336,-2.428470,-0.728206,-0.044485,-1.770930,-0.036343,-2.674543,-1.529117
2013,50.960000,0.074108,-0.084027,0.659247,1.601573,-0.381622,-0.265164,2.899161,0.014232,0.279393,-5.128067,-0.595507,0.574213,-2.548654,-0.136844,-0.829098,-1.035239
2014,50.980000,-0.045170,-0.603257,0.739470,2.463897,-0.744206,-0.817204,3.319182,0.031030,-0.317299,-6.760480,-0.222529,0.752775,-2.548684,-0.536998,-1.064646,-0.817131
2015,51.000000,-0.152230,-1.000109,1.783093,3.407766,-0.623057,-1.050513,3.109098,0.131575,-0.957588,-7.536515,-0.082593,0.723746,-2.157370,-1.251912,-1.009740,-0.456497
2016,51.020000,-0.122009,-1.148044,2.710657,3.812844,-0.221832,-0.739354,3.208397,0.505899,-1.193012,-8.027088,0.114573,0.775268,-2.209915,-2.117536,-0.735473,0.664097
2017,51.040000,-0.133342,-1.162612,3.002056,3.574976,-0.083322,-0.539911,3.000189,0.765798,-1.211380,-7.312008,0.174402,0.645300,-2.339900,-2.737384,-0.784270,1.499448
2018,51.060000,0.120685,-1.101297,2.708506,2.768660,-0.026161,-0.449452,2.569311,0.966612,-1.082346,-5.642224,-0.004085,0.414626,-2.618224,-3.096959,-1.054423,1.859663
2019,51.080000,1.039664,-0.622029,1.235223,0.703223,0.209153,-0.026804,1.884648,0.872305,-0.199353,-2.678155,-0.049934,0.200148,-2.250986,-3.208134,-1.923543,1.806232
2020,51.100000,1.980464,0.333152,-0.415943,-2.632552,0.633744,0.853511,-0.383253,0.332729,1.620738,1.777167,-0.304399,-0.711506,-1.125947,-2.929773,-2.836875,1.275326
2021,51.120000,1.140243,0.537562,-0.783999,-4.512814,0.591561,1.931358,-0.677879,0.549924,2.587138,3.780044,-0.126023,-0.728059,-1.118985,-1.945118,-2.880347,1.273252
2022,51.140000,-0.138392,0.468149,-1.156234,-5.372672,0.613368,2.813209,-0.711203,0.322545,3.144966,6.277188,0.457699,-1.298262,-2.238842,-1.306248,-3.192943,0.899738
2023,51.160000,-0.605103,0.659815,-1.027531,-5.817481,0.416411,2.659075,-0.703222,0.215311,3.969146,7.586399,0.633150,-1.761282,-3.020679,-0.442295,-2.655755,0.104826
2024,51.180000,-0.925491,0.572531,-0.534300,-4.272416,0.284035,2.284535,0.156660,0.163711,4.013947,6.217306,0.229614,-1.312496,-2.557774,0.110676,-1.719979,-0.772544
2025,51.200000,-0.834186,0.731474,0.640070,-2.326738,0.081478,1.403847,1.022821,-0.035609,3.675437,3.539132,-0.200614,-0.723179,-1.875859,-0.091331,-1.862863,-1.750608
2026,51.220000,-0.481880,1.392893,1.672033,-1.526625,-0.159247,0.683753,1.498797,-0.059563,3.730446,0.910197,-0.747641,-0.539088,-1.679706,-0.328101,-3.021960,-2.620431
2027,51.240000,0.314872,1.023339,1.047010,-0.176257,-0.259163,0.041326,2.583968,0.006958,2.228487,-2.284944,-0.693396,0.283604,-1.734458,-0.165401,-2.499850,-2.121493
2028,51.260000,0.242331,-0.011822,0.300663,1.276456,-0.548784,-0.426713,4.000451,0.331221,0.374467,-5.490119,-0.511221,0.782360,-2.064688,-0.221787,-0.819262,-1.380433
2029,51.280000,0.241403,-0.503986,0.540674,1.828610,-0.913693,-0.869827,4.183874,0.392118,-0.205801,-6.817544,-0.274419,0.778189,-2.074665,-0.864983,-1.141892,-1.279421
2030,51.300000,0.184150,-0.992407,1.708484,3.092562,-0.470496,-0.853884,3.941083,0.376667,-0.938071,-8.195437,0.201321,0.928976,-2.278487,-1.713511,-1.099202,-0.606399
2031,51.320000,-0.192743,-0.970754,3.081561,4.481377,-0.129558,-0.917405,2.978535,0.527415,-1.411529,-8.568861,0.347341,0.839779,-2.253801,-2.479614,-0.571236,0.632135
2032,51.340000,-0.513636,-0.928772,3.253147,4.628909,-0.326728,-1.014560,2.516206,0.706950,-1.416227,-7.358201,0.255460,0.627467,-2.135506,-3.100800,-0.644569,1.220444
2033,51.360000,-0.555552,-0.760050,2.640038,3.402990,-0.136431,-0.706331,2.767921,1.276453,-0.864762,-5.728574,0.089660,0.502553,-2.256621,-3.653137,-1.052333,1.362774
2034,51.380000,0.192974,-0.308054,1.569835,1.166284,0.297667,-0.141057,2.151308,1.108518,0.509996,-3.080575,0.116710,0.384235,-2.077959,-3.751908,-2.199996,1.194425
2035,51.400000,1.532514,0.595349,-0.268688,-2.194163,0.806686,0.958672,-0.067638,0.495302,2.179330,1.405535,-0.236479,-0.538572,-1.182306,-3.498142,-3.244732,0.805718
2036,51.420000,1.040347,0.691411,-0.761170,-4.012718,0.928479,2.061572,-0.722386,0.776456,3.263111,3.501597,-0.058442,-0.613881,-0.930219,-2.347052,-3.240904,1.128009
2037,51.440000,-0.003325,0.521105,-1.021404,-4.442943,0.671127,2.376613,-1.157682,0.266834,2.910814,5.630544,0.718755,-0.840557,-2.447407,-1.005463,-3.878517,0.674841
2038,51.460000,-0.713025,0.775543,-0.869317,-5.255492,0.386040,2.768647,-0.809909,0.224815,4.031661,7.135121,0.767224,-1.509756,-3.269474,-0.186486,-3.344388,0.213194
2039,51.480000,-0.894373,0.612990,-0.752372,-4.396320,0.230800,2.175408,0.034118,0.260624,4.177798,6.280217,0.478619,-1.241972,-2.675776,0.226345,-2.102386,-0.714313
2040,51.500000,-1.220376,0.796262,0.086418,-2.852323,0.263648,1.638986,0.787198,0.297804,4.267209,4.164989,-0.182809,-0.900596,-1.829321,0.117658,-1.983479,-1.634443
2041,51.520000,-1.142998,1.020472,0.883534,-1.710077,0.009489,0.939410,1.206102,0.214285,4.087277,1.768965,-0.622138,-0.625682,-1.486712,-0.399378,-2.627860,-2.585560
2042,51.540000,0.042002,0.519007,0.369371,-0.233376,-0.273266,0.293336,2.417431,0.065949,2.378500,-1.757169,-0.694213,0.340992,-1.508310,-0.678620,-2.400668,-2.471555
2043,51.560000,0.364529,-0.348833,-0.105779,1.001225,-0.666341,-0.291647,4.226506,0.282047,0.359710,-5.376485,-0.427056,1.049898,-1.668962,-0.369551,-0.708314,-1.638382
2044,51.580000,0.647935,-0.644966,0.332259,1.281478,-0.970236,-0.784480,4.538330,0.490315,-0.143169,-6.948759,-0.203505,0.983194,-1.533578,-0.801532,-1.173793,-1.449874
2045,51.600000,0.832134,-0.819749,1.166454,2.105596,-0.325112,-0.463568,4.479434,0.493363,-0.733115,-8.041685,0.503054,1.222889,-1.536710,-1.341316,-0.966454,-0.321897
2046,51.620000,0.292399,-0.203637,1.385090,2.967146,0.037729,-0.226771,3.766015,0.697355,-0.779904,-7.295501,0.903556,1.427300,-0.314017,-1.115496,0.401618,1.737758
2047,51.640000,-0.404201,0.605121,1.207562,3.266761,0.047829,-0.551737,2.860339,0.936176,-0.538310,-5.252776,0.963493,1.766413,1.780056,-0.141290,2.059217,3.576126
2048,51.660000,-0.707465,1.305332,0.316805,1.541988,0.114196,-0.339900,2.850815,1.544522,1.733400,-2.827343,1.457314,2.610691,2.643592,0.139774,2.070880,4.529416
2049,51.680000,-0.819727,1.053305,-0.067480,-0.820610,0.792796,-0.013945,0.822158,1.214516,2.871130,0.976230,1.275713,2.105724,2.722766,-0.095748,0.952753,3.646742
2050,51.700000,-1.154160,0.654705,-0.821629,-1.235560,1.722529,0.594042,0.125414,2.038630,3.880714,2.202414,1.728259,3.455114,1.723065,0.025460,-0.421485,2.627509
2051,51.720000,-1.625897,0.633593,-0.955475,-2.542146,0.949758,-0.067806,0.677884,2.346922,3.904083,2.964028,2.279531,3.470568,1.011574,-0.508168,0.949836,0.155122
2052,51.740000,-1.540351,0.196593,-1.137239,-3.799183,0.743982,0.226743,0.335536,2.127416,4.076877,3.769493,2.271899,2.619944,0.757822,-0.853103,1.828765,-1.336136
2053,51.760000,-1.389740,-0.139560,-1.353125,-4.347353,0.739001,0.404234,-0.394218,1.908610,4.269104,4.497510,1.927350,1.460046,0.828358,-0.812199,1.936472,-2.014501
2054,51.780000,-1.155818,-0.308579,-1.220037,-3.958381,0.616764,0.484524,-0.482435,1.701349,3.722020,4.112602,1.108052,0.886487,1.068272,-0.702615,1.929990,-2.280252
2055,51.800000,-1.111134,-0.299643,-0.986593,-3.045969,0.733803,0.452553,-0.602415,1.546417,3.217788,3.251541,0.991222,1.359246,1.394355,-0.446300,1.674248,-2.395057
2056,51.820000,-0.936103,-0.148725,-0.577390,-1.199505,0.573888,-0.121470,-0.778630,1.354245,2.443379,1.134910,0.729916,1.909996,1.747901,-0.242966,1.359185,-2.638716
2057,51.840000,-0.831369,-0.497670,-0.325737,1.677550,0.471234,-0.547679,-0.646235,1.246036,1.232921,-2.046272,1.032771,2.967414,1.681361,-0.347111,1.437838,-2.783872
2058,51.860000,-0.107949,-0.102406,0.073376,3.429006,0.050034,-0.829696,-0.107767,0.933097,0.427352,-5.288687,1.217880,3.313504,1.957620,-0.488684,2.305929,-2.053791
2059,51.880000,0.525377,0.218778,0.252797,3.849685,-0.039853,-0.632513,-0.001400,0.634675,0.079200,-5.887497,1.476773,3.202961,2.654869,-0.374724,2.519743,-0.805046
2060,51.900000,1.083005,0.342060,0.361468,3.138062,-0.068525,-0.296182,0.157170,0.538330,-0.308947,-4.902977,1.522463,2.799436,2.787907,-0.318901,2.467010,0.916731
2061,51.920000,0.804857,0.416063,0.248434,1.667902,0.140023,0.296147,0.815060,0.867578,0.351879,-3.297001,1.433476,2.833172,2.368125,-0.010415,1.680122,2.025210
2062,51.940000,0.686028,0.568935,0.020192,-0.444872,0.387119,0.850563,0.615298,0.490380,1.144387,-0.873647,1.221545,2.020570,1.612216,0.205555,0.544595,2.147853
2063,51.960000,0.179705,0.725581,-0.432875,-1.509875,0.891923,1.065379,0.473783,0.792218,2.567068,0.494305,1.088876,1.711571,0.821205,0.529877,-0.577888,1.363549
2064,51.980000,-0.441377,0.709733,-0.593498,-2.193142,1.020605,1.065048,0.109618,0.639456,2.932498,1.770583,1.042263,0.977850,0.248552,0.627914,-0.681709,0.686694
2065,52.000000,-0.598303,0.748287,-0.484839,-2.631960,0.794403,1.295344,-0.194137,0.444007,2.914789,2.574524,0.893921,0.409180,-0.316158,0.601921,-0.252586,0.187512
2066,52.020000,-0.643897,0.664819,-0.433275,-2.601488,0.595551,1.372931,-0.499703,0.342644,2.703660,2.912673,0.711178,0.012327,-0.407856,0.552091,0.071671,-0.159026
2067,52.040000,-0.709770,0.531636,-0.396353,-2.445036,0.365632,1.416563,-0.497667,0.187085,2.235247,2.890231,0.521497,-0.225759,-0.257653,0.334608,0.305276,-0.342284
2068,52.060000,-0.814953,0.538730,-0.294572,-2.040104,0.184050,1.420373,-0.303857,0.087036,1.750039,2.422565,0.375191,-0.300372,-0.027288,0.149733,0.291434,-0.438935
2069,52.080000,-0.916299,0.586473,-0.154126,-1.576390,0.045699,1.486011,-0.038686,-0.007156,1.296938,1.799415,0.276432,-0.255103,0.140527,0.031588,0.159665,-0.446769
2070,52.100000,-1.056433,0.603676,-0.052132,-1.140691,0.009946,1.545449,0.084375,0.014210,1.046001,1.295959,0.246347,-0.174585,0.265729,0.038239,0.020235,-0.288241
2071,52.120000,-1.158890,0.556762,-0.005130,-0.898737,0.016713,1.475113,0.111111,0.057279,0.983565,0.994178,0.240093,-0.112816,0.362392,0.104034,-0.057912,-0.031094
2072,52.140000,-1.184989,0.494906,-0.032621,-0.802075,0.060987,1.520528,0.126565,0.025817,0.992897,0.833569,0.279561,-0.058729,0.346134,0.221817,-0.163292,0.172534
2073,52.160000,-1.196108,0.510997,-0.042395,-0.794346,0.143568,1.544481,0.087059,0.053887,1.100180,0.826312,0.314044,-0.046725,0.346109,0.394281,-0.227625,0.357210
2074,52.180000,-1.170644,0.524504,-0.029490,-0.881331,0.187409,1.493675,0.041753,0.082123,1.203898,0.872432,0.323236,-0.054639,0.402079,0.542451,-0.224761,0.499620
2075,52.200000,-1.101001,0.548100,-0.031884,-0.957898,0.216539,1.505832,0.044584,0.061940,1.235119,0.909422,0.330853,-0.051944,0.412062,0.667239,-0.195079,0.563064
2076,52.220000,-1.017489,0.555314,-0.029134,-1.045080,0.224459,1.415662,0.086508,0.078116,1.287929,0.917304,0.346507,-0.013864,0.477936,0.712405,-0.137914,0.595674
2077,52.240000,-0.944601,0.566758,-0.010563,-1.116201,0.261926,1.371923,0.103155,0.060810,1.290398,0.931062,0.342697,0.003531,0.517440,0.727738,-0.067392,0.596064
2078,52.260000,-0.832295,0.566108,0.017326,-1.151840,0.283522,1.377876,0.079478,0.067518,1.290544,0.937699,0.345068,0.019640,0.512464,0.719006,-0.035433,0.591496
2079,52.280000,-0.820264,0.588251,0.057217,-1.168656,0.280784,1.332792,0.071523,0.077708,1.328348,0.977888,0.343695,0.012034,0.555273,0.745640,0.046773,0.617081
2080,52.300000,-0.797324,0.594736,0.062949,-1.190398,0.252201,1.333878,0.113625,0.046937,1.295305,1.007178,0.328079,0.005337,0.553206,0.727194,0.085104,0.594899
2081,52.320000,-0.819994,0.610602,0.071671,-1.196014,0.248008,1.307168,0.139564,0.080921,1.318013,1.042965,0.333812,0.003659,0.584718,0.714584,0.154379,0.591468
2082,52.340000,-0.837346,0.598526,0.065795,-1.214675,0.220536,1.342672,0.194986,0.058758,1.256258,1.080121,0.313281,-0.022802,0.597179,0.658321,0.227507,0.545732
2083,52.360000,-0.821895,0.632230,0.066956,-1.193054,0.222638,1.384475,0.220492,0.036804,1.214750,1.066575,0.317053,-0.016677,0.587542,0.630995,0.267276,0.539630
2084,52.380000,-0.825539,0.607619,0.053300,-1.185808,0.187730,1.384259,0.251036,-0.000885,1.185757,1.039737,0.308547,-0.034379,0.574355,0.647233,0.258448,0.522338
2085,52.400000,-0.867474,0.627581,0.060239,-1.117629,0.203813,1.409929,0.230628,0.035457,1.197160,1.034654,0.333424,-0.029070,0.561566,0.641425,0.253441,0.531185
2086,52.420000,-0.908847,0.634937,0.075155,-1.094509,0.186481,1.436791,0.220756,0.030861,1.207261,1.056441,0.321747,-0.053153,0.572742,0.641600,0.257665,0.537529
2087,52.440000,-0.949196,0.623083,0.064767,-1.070469,0.172044,1.443990,0.234032,0.039710,1.224522,1.059378,0.326738,-0.062659,0.588533,0.642777,0.276088,0.560961
2088,52.460000,-0.973418,0.645738,0.056497,-1.102468,0.160964,1.437099,0.276539,-0.000703,1.184419,1.060608,0.322584,-0.061162,0.596752,0.637201,0.305032,0.534115
2089,52.480000,-0.961847,0.658404,0.044272,-1.096030,0.162134,1.436150,0.304353,-0.005838,1.157444,1.038217,0.329572,-0.054531,0.565819,0.636511,0.313673,0.498497
2090,52.500000,-0.961132,0.668378,0.081245,-1.093168,0.183307,1.448727,0.293164,0.011358,1.180875,1.026876,0.328234,-0.052739,0.564217,0.624578,0.349059,0.517595
2091,52.520000,-0.931270,0.646343,0.067089,-1.130964,0.150754,1.458537,0.318296,-0.044314,1.151607,1.014670,0.320000,-0.070561,0.562171,0.645278,0.372413,0.523102
2092,52.540000,-0.923068,0.659963,0.054383,-1.118098,0.168246,1.458740,0.339551,-0.035283,1.155146,0.982115,0.331016,-0.051667,0.557467,0.664011,0.358016,0.542866
2093,52.560000,-0.969244,0.681928,0.056620,-1.095261,0.172632,1.428791,0.328073,0.006090,1.199671,1.012245,0.346962,-0.047331,0.562709,0.663261,0.354689,0.536890
2094,52.580000,-0.960413,0.666624,0.031346,-1.128964,0.150104,1.441953,0.353175,-0.025060,1.186705,1.009363,0.325270,-0.064344,0.547107,0.640655,0.367174,0.513198
2095,52.600000,-0.989406,0.689527,0.033059,-1.078100,0.191077,1.483876,0.309076,-0.003174,1.258065,1.034636,0.358588,-0.058724,0.529107,0.664761,0.316081,0.516003
2096,52.620000,-0.993761,0.706316,0.045823,-1.103568,0.165150,1.454300,0.281118,-0.003862,1.285913,1.078190,0.351948,-0.093824,0.547875,0.686407,0.339508,0.533763
2097,52.640000,-0.977008,0.685735,0.038293,-1.142122,0.136166,1.479421,0.372215,-0.057201,1.196789,1.062611,0.325136,-0.086641,0.572430,0.680044,0.376059,0.513983
2098,52.660000,-0.971148,0.696133,0.040842,-1.135809,0.172717,1.465937,0.377550,-0.012626,1.175226,1.027930,0.331596,-0.065250,0.582704,0.669182,0.367791,0.517853
2099,52.680000,-0.982054,0.696131,0.066125,-1.150512,0.176488,1.451190,0.359919,-0.015455,1.199693,1.035372,0.341897,-0.046711,0.598172,0.667543,0.420940,0.536109
2100,52.700000,-0.970841,0.691286,0.035452,-1.120363,0.164719,1.484681,0.348892,-0.037535,1.211191,1.023123,0.351891,-0.068133,0.578684,0.689901,0.399771,0.550088
2101,52.720000,-0.974744,0.689994,0.007648,-1.107630,0.176161,1.497996,0.334327,-0.036142,1.242385,1.022345,0.361741,-0.064101,0.563768,0.699691,0.374736,0.541801
2102,52.740000,-0.990550,0.690645,-0.000783,-1.104869,0.176288,1.507749,0.338712,-0.021716,1.263522,1.024963,0.370801,-0.062185,0.534021,0.644533,0.358717,0.525044
2103,52.760000,-1.000761,0.714717,0.021788,-1.135126,0.143295,1.523209,0.382558,-0.045711,1.235589,1.051473,0.338204,-0.088330,0.524384,0.656710,0.353555,0.495366
2104,52.780000,-0.981614,0.695221,0.016922,-1.131153,0.155706,1.543805,0.380157,-0.034666,1.206772,1.050808,0.346401,-0.089832,0.516809,0.664584,0.365407,0.503619
2105,52.800000,-0.995715,0.708336,0.028786,-1.132394,0.140646,1.524464,0.388734,-0.045769,1.209435,1.052571,0.345235,-0.095666,0.517991,0.650921,0.362491,0.507763
2106,52.820000,-0.966442,0.699199,0.019681,-1.138087,0.138890,1.518951,0.419568,-0.069021,1.177481,0.995570,0.342537,-0.082961,0.516407,0.655722,0.362138,0.519163
2107,52.840000,-0.986364,0.700208,0.012556,-1.145718,0.127918,1.512163,0.452504,-0.077090,1.172359,0.983486,0.344230,-0.082882,0.504289,0.636853,0.356806,0.493554
2108,52.860000,-0.965016,0.700481,0.000020,-1.116919,0.141651,1.559419,0.441280,-0.073881,1.188179,0.960580,0.355654,-0.076420,0.463055,0.608618,0.301312,0.479867
2109,52.880000,-1.007817,0.684437,0.008854,-1.086103,0.169497,1.564940,0.349613,-0.024013,1.274954,1.005672,0.360188,-0.100230,0.496853,0.656731,0.301947,0.546021
2110,52.900000,-1.013757,0.687419,0.004275,-1.122528,0.142446,1.551660,0.404912,-0.060446,1.229426,1.019779,0.357131,-0.094591,0.498815,0.653208,0.341863,0.542978
2111,52.920000,-1.015139,0.717869,0.004500,-1.152104,0.148832,1.510434,0.453192,-0.057296,1.213102,1.013950,0.354392,-0.068250,0.517668,0.642689,0.362010,0.529717
2112,52.940000,-0.998188,0.713155,0.000344,-1.180509,0.137958,1.486932,0.450605,-0.054921,1.222418,1.022795,0.353286,-0.071977,0.533828,0.663036,0.407347,0.519013
2113,52.960000,-1.000539,0.714891,0.021863,-1.165089,0.179648,1.487211,0.380823,-0.014366,1.317828,1.051965,0.378062,-0.059367,0.556090,0.693068,0.414083,0.552982
2114,52.980000,-1.003532,0.716426,-0.001653,-1.173124,0.173573,1.506589,0.372985,-0.043568,1.341888,1.096077,0.389401,-0.064133,0.558352,0.699489,0.417662,0.538035
2115,53.000000,-1.001954,0.737304,-0.005225,-1.147530,0.192057,1.526389,0.356152,-0.022051,1.402485,1.114542,0.391751,-0.060914,0.570562,0.693587,0.399234,0.548741
2116,53.020000,-1.002363,0.720521,-0.046571,-1.176141,0.131604,1.516990,0.413202,-0.074840,1.338578,1.099011,0.369273,-0.087834,0.547711,0.678305,0.368131,0.485193
2117,53.040000,-0.992462,0.740999,-0.045762,-1.168905,0.138994,1.549139,0.433522,-0.087030,1.313634,1.070825,0.368568,-0.087689,0.501543,0.656160,0.340600,0.457107
2118,53.060000,-0.992403,0.744588,-0.015479,-1.159012,0.139550,1.570832,0.412600,-0.080849,1.294686,1.069701,0.363921,-0.105814,0.488775,0.644987,0.358739,0.464192
2119,53.080000,-1.004552,0.719004,0.003915,-1.159283,0.151907,1.581313,0.397324,-0.091655,1.253348,1.064173,0.354268,-0.121429,0.486054,0.658443,0.379600,0.507648
2120,53.100000,-0.992341,0.714156,-0.016420,-1.155382,0.129907,1.586192,0.438869,-0.105965,1.221404,1.032082,0.357746,-0.108248,0.491572,0.658885,0.390084,0.505144
2121,53.120000,-1.028631,0.704996,-0.011982,-1.105190,0.154136,1.554400,0.393628,-0.040352,1.308690,1.028540,0.384685,-0.080919,0.519966,0.657360,0.371454,0.546631
2122,53.140000,-1.024938,0.703787,-0.028249,-1.127060,0.109531,1.599159,0.425370,-0.112416,1.264873,1.025373,0.356741,-0.118546,0.496464,0.645700,0.322542,0.499184
2123,53.160000,-1.025113,0.714875,-0.052561,-1.114700,0.128715,1.638586,0.475467,-0.128717,1.232273,0.988722,0.368978,-0.104151,0.477933,0.629131,0.298740,0.483804
2124,53.180000,-1.032253,0.714969,-0.035790,-1.126343,0.123408,1.640908,0.488661,-0.115783,1.187525,0.968639,0.360165,-0.108707,0.453180,0.602565,0.298753,0.486738
2125,53.200000,-1.028731,0.708885,-0.030854,-1.165161,0.109883,1.612597,0.504122,-0.114864,1.185758,0.956315,0.346546,-0.117029,0.460815,0.600947,0.349486,0.505829
2126,53.220000,-1.029072,0.711479,-0.019385,-1.171056,0.113350,1.594168,0.504033,-0.107156,1.207805,0.949026,0.355025,-0.099177,0.460799,0.615011,0.338803,0.500106
2127,53.240000,-0.982833,0.703945,-0.016690,-1.180199,0.134360,1.569111,0.447659,-0.095756,1.244257,0.953187,0.372978,-0.095779,0.463334,0.636502,0.349503,0.542296
2128,53.260000,-0.996150,0.683957,-0.001400,-1.177984,0.150168,1.548567,0.422777,-0.085450,1.279462,0.979468,0.385358,-0.076007,0.491499,0.658275,0.372548,0.566498
2129,53.280000,-0.988679,0.697458,-0.020614,-1.185913,0.147187,1.538719,0.431703,-0.101421,1.307541,0.984326,0.387355,-0.077143,0.510895,0.686815,0.377269,0.576889
2130,53.300000,-0.992736,0.700278,-0.062209,-1.157192,0.128752,1.588614,0.444153,-0.122986,1.332066,0.986900,0.395442,-0.084635,0.492432,0.678176,0.321273,0.520317
2131,53.320000,-1.017576,0.717323,-0.057899,-1.155807,0.124038,1.597321,0.463184,-0.114755,1.343134,1.003021,0.376505,-0.099465,0.494195,0.663267,0.297831,0.493689
2132,53.340000,-1.011270,0.719430,-0.041858,-1.159890,0.133814,1.624349,0.456015,-0.110144,1.312616,1.031837,0.377316,-0.107713,0.491448,0.661864,0.324245,0.507837
2133,53.360000,-1.035344,0.712253,-0.018676,-1.163838,0.140568,1.609036,0.483332,-0.092514,1.283692,1.036527,0.370786,-0.098997,0.516919,0.649468,0.399698,0.531704
2134,53.380000,-1.033845,0.723120,-0.034640,-1.166214,0.117370,1.612149,0.516267,-0.129331,1.253589,1.018139,0.369409,-0.106184,0.496698,0.665369,0.394662,0.521732
2135,53.400000,-1.005644,0.714467,-0.056245,-1.189943,0.109807,1.613118,0.540661,-0.146129,1.257844,0.973539,0.377706,-0.094855,0.494091,0.637281,0.378218,0.509271
2136,53.420000,-1.025592,0.715941,-0.055265,-1.164856,0.131578,1.604945,0.534367,-0.130009,1.275448,0.976814,0.392368,-0.074924,0.499017,0.641028,0.357266,0.509817
2137,53.440000,-1.024806,0.728229,-0.030857,-1.145816,0.165301,1.613543,0.443034,-0.058809,1.407563,1.024234,0.409726,-0.062740,0.525331,0.647383,0.370270,0.576780
2138,53.460000,-0.996608,0.687369,-0.084576,-1.159029,0.106153,1.647658,0.495595,-0.156010,1.289699,1.002125,0.390731,-0.101788,0.472218,0.633594,0.317297,0.509309
2139,53.480000,-0.997646,0.747109,-0.045982,-1.149545,0.139142,1.644099,0.494142,-0.139629,1.351465,0.989640,0.396556,-0.093109,0.454748,0.666129,0.276816,0.517737
2140,53.500000,-1.005476,0.717869,-0.035328,-1.186679,0.105974,1.614661,0.506108,-0.135764,1.293841,1.014018,0.376103,-0.120224,0.468520,0.656661,0.328650,0.508193
2141,53.520000,-0.980464,0.697627,-0.047758,-1.205078,0.102279,1.605965,0.540402,-0.132808,1.242491,0.981605,0.374513,-0.091616,0.466058,0.640157,0.369598,0.514307
2142,53.540000,-0.959574,0.692032,-0.041997,-1.200687,0.129725,1.616307,0.527712,-0.139305,1.233268,0.947396,0.383116,-0.080232,0.461877,0.639138,0.379595,0.522228
2143,53.560000,-0.963154,0.694403,-0.051525,-1.179943,0.120867,1.659577,0.528935,-0.170269,1.250062,0.918757,0.390850,-0.087086,0.443492,0.636458,0.340820,0.520835
2144,53.580000,-0.985525,0.706290,-0.079271,-1.176005,0.109624,1.666793,0.531115,-0.187521,1.281712,0.925443,0.401752,-0.109196,0.414336,0.641498,0.273695,0.504521
2145,53.600000,-1.009948,0.708664,-0.098200,-1.153389,0.112433,1.682434,0.524355,-0.181665,1.285508,0.936085,0.399088,-0.110235,0.404675,0.604895,0.258986,0.496845
2146,53.620000,-1.043730,0.713410,-0.093465,-1.132254,0.102639,1.674182,0.533403,-0.154768,1.314294,0.955782,0.397739,-0.119253,0.409079,0.593725,0.225305,0.488684
2147,53.640000,-1.055767,0.709988,-0.073808,-1.162926,0.112226,1.678614,0.534194,-0.156980,1.271869,0.988159,0.383241,-0.125765,0.407850,0.579716,0.289083,0.489119
2148,53.660000,-1.039595,0.707961,-0.063167,-1.166167,0.094351,1.658101,0.538477,-0.148160,1.271476,0.993319,0.397873,-0.120954,0.429520,0.603056,0.325046,0.508014
2149,53.680000,-1.033398,0.715915,-0.042603,-1.171147,0.109018,1.632777,0.534664,-0.147751,1.316071,0.978856,0.404755,-0.089877,0.464478,0.655771,0.320235,0.540936
2150,53.700000,-1.028520,0.712876,-0.044344,-1.224721,0.113166,1.568376,0.516747,-0.137163,1.339275,1.013013,0.402765,-0.091559,0.525414,0.702160,0.383680,0.555498
2151,53.720000,-1.021448,0.707896,-0.057271,-1.229965,0.147839,1.561579,0.529685,-0.127656,1.356193,1.007564,0.415255,-0.058098,0.559962,0.693784,0.438865,0.565866
2152,53.740000,-0.993579,0.720512,-0.069920,-1.228188,0.142508,1.610549,0.530578,-0.148229,1.402489,1.004693,0.419895,-0.058135,0.543151,0.696375,0.407544,0.533824
2153,53.760000,-0.986444,0.730963,-0.101580,-1.219834,0.135853,1.652485,0.535404,-0.185667,1.388152,1.001090,0.418936,-0.077586,0.511815,0.656404,0.356959,0.509679
2154,53.780000,-0.990768,0.743505,-0.107643,-1.185448,0.116221,1.670271,0.529108,-0.183886,1.414580,1.007283,0.420994,-0.102659,0.463770,0.653941,0.280737,0.493615
2155,53.800000,-1.028517,0.751662,-0.096840,-1.177955,0.106129,1.696675,0.535493,-0.187602,1.384968,1.030096,0.405918,-0.127342,0.431985,0.642771,0.268868,0.471923
2156,53.820000,-1.051660,0.718854,-0.085792,-1.178328,0.092971,1.694852,0.569521,-0.173677,1.332228,1.035941,0.384775,-0.139646,0.434837,0.619733,0.324871,0.468340
2157,53.840000,-1.017300,0.703248,-0.086292,-1.193978,0.086390,1.701357,0.589867,-0.208145,1.246866,0.992275,0.382974,-0.136648,0.428446,0.597013,0.330484,0.479602
2158,53.860000,-1.011550,0.710895,-0.075001,-1.150544,0.099289,1.722136,0.562864,-0.194300,1.260378,0.956195,0.412405,-0.115278,0.441806,0.628087,0.319187,0.520292
2159,53.880000,-0.991182,0.697869,-0.073505,-1.175087,0.086089,1.697450,0.574543,-0.214711,1.236997,0.913489,0.400529,-0.111835,0.446073,0.641510,0.302100,0.538168
2160,53.900000,-1.021566,0.689148,-0.077329,-1.183625,0.095209,1.665820,0.603518,-0.212293,1.229952,0.896689,0.409556,-0.092267,0.456319,0.636884,0.336502,0.549604
2161,53.920000,-1.124969,0.791337,-0.167830,-1.069706,0.107675,1.952019,0.508637,-0.340211,1.391600,0.987310,0.440069,-0.192824,0.313998,0.733888,0.028533,0.522251
2162,53.940000,-1.438005,0.955700,-0.260387,-0.838730,0.162246,2.356076,0.260712,-0.461243,1.652567,1.349706,0.496100,-0.375805,0.216904,0.957417,-0.346527,0.525655
2163,53.960000,-2.179029,1.327197,-0.432831,-0.359842,0.253237,3.216913,-0.092912,-0.762469,2.124896,2.109032,0.600581,-0.663270,0.337115,1.702009,-0.977472,0.719021
2164,53.980000,-3.035804,1.588513,-0.605886,0.037103,0.309095,3.571776,-0.098342,-0.825287,2.399555,2.803620,0.520403,-0.857876,0.757400,2.451446,-1.183100,0.895845
2165,54.000000,-3.618372,1.665886,-0.788728,0.369427,0.357593,3.855686,0.198185,-0.726354,2.581417,3.165133,0.384035,-0.851088,1.413466,3.161569,-1.008262,1.249157
2166,54.020000,-3.403417,1.220490,-0.799281,0.247450,0.423552,3.244345,0.733265,-0.369131,2.363861,2.614708,0.317656,-0.338766,2.052600,3.434563,-0.204347,1.797788
2167,54.040000,-2.767212,0.928576,-0.675130,-0.033299,0.347825,2.909637,1.805365,0.042541,2.283481,1.370633,0.063116,0.016897,3.040324,3.603456,0.901412,2.767699
2168,54.060000,-0.637192,0.126750,-0.406362,-0.967549,0.221936,2.001254,2.853775,0.422091,1.550019,-0.629255,-0.288123,0.759252,4.079320,3.963003,2.380910,4.067149
2169,54.080000,2.243149,-0.865509,-0.377400,-2.098623,0.362595,1.020190,3.236276,0.382137,0.457789,-2.224535,0.644164,2.721978,4.323599,4.037709,3.469534,5.426538
2170,54.100000,4.856069,-1.345481,-0.372033,-3.355181,0.252226,-0.400904,3.472393,0.426172,-0.023894,-3.745817,1.676589,4.308112,4.056557,3.633878,4.247985,6.026897
2171,54.120000,5.309270,-1.555230,-0.589091,-3.295473,0.103102,-0.819032,3.309901,0.758243,-0.066816,-3.855683,1.679111,4.368132,3.105618,2.345559,4.156137,5.203728
2172,54.140000,4.744419,-1.273552,-0.447531,-2.199565,0.284713,-0.958015,2.007424,0.730525,-0.321115,-3.578505,1.401991,4.051967,2.090038,1.246966,3.504608,3.729452
2173,54.160000,3.642399,-0.683005,-0.341554,-0.855833,0.256418,-1.082642,0.984851,0.914653,-0.181513,-3.665422,1.657542,4.052166,1.680974,1.048204,3.162270,3.175495
2174,54.180000,2.120275,0.204708,-0.059641,0.023083,0.114133,-1.109653,0.463604,1.010909,0.407938,-2.815070,1.579504,2.982345,1.963000,1.224572,3.100196,3.758764
2175,54.200000,0.396554,0.716201,-0.225256,0.485443,0.134533,-0.812102,0.545776,1.450837,1.849308,-2.061896,1.423906,2.663185,2.446405,1.532151,2.177894,3.884233
2176,54.220000,-1.263055,1.333082,-0.554224,-0.202376,0.470276,0.016998,0.754168,1.405866,3.230418,0.295911,1.199152,2.105279,2.905648,1.955172,1.141983,3.595016
2177,54.240000,-2.929629,1.862852,-0.793271,-0.745344,0.866129,1.220071,1.293743,1.440032,4.239160,2.287925,1.143475,1.375632,3.189469,2.726755,0.858318,3.375644
2178,54.260000,-3.570366,1.682531,-0.899813,-0.844881,1.077407,1.920224,1.304481,1.108222,4.206185,3.166419,0.636319,0.584585,3.168624,3.434808,1.137687,3.046099
2179,54.280000,-3.752137,1.391289,-0.985468,-0.604845,0.936280,2.587260,1.423648,0.890273,4.036894,3.262701,0.362345,0.470023,3.378305,3.968776,1.852412,2.872455
2180,54.300000,-3.507102,0.973616,-0.876532,-0.372005,0.618965,2.413064,1.703044,0.930120,3.511717,2.494264,-0.021122,0.524392,3.905773,4.124695,2.560181,2.913520
2181,54.320000,-2.750919,0.539994,-0.764106,-0.428412,0.311383,2.238942,2.070878,1.135923,2.658717,1.568296,-0.087691,1.164121,4.390177,3.987717,3.017749,3.250369
2182,54.340000,-0.534295,-0.154026,-0.492656,-1.081614,0.040512,1.394555,2.186732,1.313053,1.539505,0.302620,0.098240,2.733685,5.008280,3.982872,3.784293,3.969465
2183,54.360000,1.989752,-0.733954,-0.430091,-2.026666,0.092570,-0.278389,1.835594,1.505646,0.779322,-0.640366,0.720511,4.273438,5.389528,3.929391,4.499427,4.596987
2184,54.380000,4.469227,-1.120340,-0.337670,-2.775381,0.099852,-1.059105,0.824921,1.206478,0.127078,-0.616440,0.948838,4.943133,4.987431,2.928962,4.880376,4.420284
2185,54.400000,4.994844,-1.247082,-0.381479,-2.288105,0.079051,-1.363881,-0.679333,1.357006,-0.072194,-0.023488,0.581325,4.291863,3.801368,1.251347,4.722083,3.588297
2186,54.420000,4.933582,-0.702006,0.040875,-1.705367,0.347560,-1.392452,-2.351034,0.722941,-0.444728,0.316477,0.658663,3.888320,3.126497,0.525761,4.720744,3.003818
2187,54.440000,3.539664,-0.114165,0.139318,-1.165586,0.247360,-1.117938,-2.391505,0.642245,-0.045528,-0.271654,0.438833,2.932431,3.245672,0.851097,4.457873,2.808813
2188,54.460000,0.955730,0.522034,0.285964,-0.697557,0.056471,-0.751436,-0.506471,0.215754,0.282082,-1.254737,0.204970,1.607127,3.506235,1.336069,3.749201,2.672230
2189,54.480000,-0.424575,0.605477,0.340480,0.377921,-0.039849,-0.145518,1.040226,-0.473577,-0.293908,-2.360274,0.036831,1.147583,3.233836,1.724569,2.961644,2.110690
2190,54.500000,-1.217776,0.770818,0.339774,0.761387,-0.412630,1.031254,2.598810,-0.230260,0.477015,-2.242292,0.122757,0.798093,2.742848,2.298450,2.551724,2.350206
2191,54.520000,-2.470612,1.053605,-0.242105,0.897790,-0.172220,1.950245,3.637838,-0.139777,1.281967,-1.168029,0.429521,0.422638,2.437248,3.000386,1.791399,2.800645
2192,54.540000,-3.974419,1.302239,-0.778447,1.255960,0.099793,3.227213,4.047279,-0.291200,1.913399,0.299500,0.255906,-0.185767,2.303005,3.340986,0.931730,2.944657
2193,54.560000,-4.728775,1.443389,-0.934336,1.209051,0.199247,3.668031,4.275629,-0.221821,1.816401,0.845014,0.033357,-0.403882,2.416607,3.526375,1.204305,2.861166
2194,54.580000,-4.631053,1.231058,-0.880655,0.765759,0.055748,3.301524,4.157568,0.010618,1.439403,0.799293,0.018000,-0.160719,2.607442,3.290153,1.663519,2.838648
2195,54.600000,-4.101925,0.826811,-0.802584,0.700485,-0.149056,3.083015,4.016261,0.176709,0.963619,0.441275,0.009040,0.283539,3.063841,3.016384,1.947237,3.137215
2196,54.620000,-2.682113,0.496299,-0.541552,0.128689,-0.226984,2.995071,3.501296,0.575250,0.760299,-0.008811,-0.027441,1.153967,3.706337,2.950849,2.606739,3.806942
2197,54.640000,-0.109813,-0.069309,-0.136360,-1.000494,-0.222203,1.885332,2.375240,0.689274,0.327669,-0.303473,-0.065349,2.397225,4.414971,3.261136,3.433770,4.607266
2198,54.660000,2.684535,-0.166638,0.245005,-2.465478,0.058640,-0.251513,1.169391,1.028159,0.094888,-0.372613,0.419307,3.872259,5.061978,3.935832,4.172222,5.445724
2199,54.680000,4.875397,-0.121732,0.938616,-3.054998,-0.077008,-1.126013,-0.962690,1.124870,-0.108147,0.974168,0.399611,4.457202,5.350338,3.292180,4.902047,4.670846
2200,54.700000,4.575264,-0.274746,0.826188,-2.009265,-0.380258,-1.256721,-2.624003,1.394845,-0.150910,2.253571,0.105406,3.855574,5.017583,1.299209,5.117329,2.561225
2201,54.720000,2.575764,-0.038709,0.882526,-1.267118,-0.349702,-0.696985,-2.551085,1.316658,0.301941,2.285341,-0.394834,1.735945,5.092887,-0.319895,4.608420,1.169232
2202,54.740000,1.399000,0.530118,1.715651,-1.132550,0.054506,-0.455665,-1.273275,0.196774,-0.199877,0.344092,-0.642753,1.237560,5.489150,-0.257794,4.250153,0.010779
2203,54.760000,-0.310079,0.734110,1.835420,-0.617636,0.267226,-0.132664,0.406135,0.352305,0.173730,-1.248140,-0.852343,0.886600,5.201509,0.006191,3.669547,-0.132216
2204,54.780000,-0.861171,0.488249,2.149003,-0.518084,-0.219360,-0.140321,1.991308,0.132040,0.281381,-1.937762,-1.106193,-0.019927,4.508871,-0.027977,3.611331,1.059885
2205,54.800000,-0.729176,0.333318,1.929550,-0.814896,-0.574015,0.123405,2.969349,0.087554,0.897423,-1.956455,-0.829334,-0.363908,3.161227,0.227771,3.453222,1.986560
2206,54.820000,-0.835219,0.377075,1.061391,-0.501544,-0.476545,0.601295,3.235522,0.013560,1.291119,-1.718575,-0.257047,-0.221528,2.583251,1.009883,2.993653,2.748479
2207,54.840000,-1.894337,0.679532,0.062851,0.207848,-0.278077,1.282119,3.186377,0.001067,1.330399,-1.088796,0.210829,-0.172931,2.449543,2.001706,2.725469,3.155497
2208,54.860000,-2.612443,0.838124,-0.244468,0.537704,-0.005545,1.607966,3.182835,0.130971,1.449720,-0.851861,0.421411,-0.079870,2.548061,2.917528,2.640274,3.238468
2209,54.880000,-2.647964,0.808041,-0.353723,0.363461,0.256803,1.649496,3.181918,0.411717,1.623016,-0.754960,0.497145,0.119649,2.686539,3.447129,2.689898,3.237871
2210,54.900000,-2.269058,0.700749,-0.167285,-0.032056,0.493383,1.249026,2.730253,0.546528,1.518563,-0.479710,0.414431,0.423189,2.846576,3.700740,2.790272,3.330008
2211,54.920000,-1.724687,0.755725,0.122817,-0.510911,0.564094,0.913930,2.264975,0.706555,1.445333,-0.003453,0.272365,0.828975,3.206632,3.736902,3.006536,3.611777
2212,54.940000,-0.784049,0.780809,0.547437,-0.806203,0.624052,0.366953,1.603788,0.746496,1.379931,0.361008,0.349132,1.490723,3.587821,3.497557,3.221449,3.643721
2213,54.960000,0.218029,0.749164,0.817022,-0.823549,0.553154,0.003806,0.815016,0.643885,1.026305,0.754819,0.333924,1.828482,3.737871,3.028609,3.391078,3.418530
2214,54.980000,1.025395,0.694961,1.164448,-0.634443,0.432017,-0.322974,-0.153401,0.726432,0.669721,0.906901,0.316312,1.850041,3.589015,2.424455,3.393137,2.924810
2215,55.000000,2.232191,0.558776,1.391261,-0.179170,0.327816,-0.499379,-1.179080,0.403132,-0.018536,0.616014,0.414546,2.021760,2.811682,1.847492,3.245430,2.373260
2216,55.020000,3.153739,0.218889,1.510794,0.333187,-0.003696,-0.650435,-2.072770,0.172390,-0.682825,0.160176,0.134973,1.602840,1.538144,1.164603,2.595536,1.367980
2217,55.040000,3.180910,-0.362994,1.617544,0.438397,-0.459076,-0.543621,-2.023433,-0.003694,-1.057331,-0.484653,-0.576563,0.191953,-0.267781,-0.180612,1.003717,-0.153798
2218,55.060000,2.994236,-1.034212,1.561030,0.246091,-0.763660,-0.073751,-1.200603,-0.063659,-0.968941,-1.213914,-0.843642,-0.612482,-1.363473,-0.748299,-0.015970,-0.390810
2219,55.080000,2.529356,-1.622347,1.433510,0.011338,-1.299919,0.246952,-0.633667,-0.005614,-0.779186,-1.288748,-0.816670,-0.814878,-1.421500,-0.488386,-0.327805,0.252570
2220,55.100000,2.080998,-1.948235,1.052475,0.056554,-1.316139,0.405548,-0.379839,0.136381,-0.712193,-1.007945,-0.670083,-0.750141,-0.864772,-0.051388,-0.319940,1.129060
2221,55.120000,1.542727,-1.855648,0.545600,0.007253,-1.270248,0.450779,-0.238930,0.110419,-0.542230,-0.507453,-0.458907,-0.668743,-0.039033,0.434792,-0.311089,1.862023
2222,55.140000,1.024733,-1.586562,0.131253,-0.207520,-1.107482,0.432790,-0.063507,0.080268,-0.359655,0.014932,-0.269372,-0.545084,0.677600,0.743867,-0.317989,2.199429
2223,55.160000,0.632990,-1.250798,0.217357,-0.585263,-1.037958,0.348841,0.013310,-0.028978,-0.270395,0.430199,-0.159204,-0.408767,1.060847,0.819921,-0.234293,2.052703
2224,55.180000,0.703463,-1.027003,0.428426,-0.813792,-0.884255,0.306742,0.171139,-0.016172,-0.240663,0.381355,-0.140358,-0.226386,1.127763,0.632219,-0.160325,1.580246
2225,55.200000,0.722854,-0.597834,0.551224,-1.111041,-0.912236,0.088391,0.443177,0.000513,-0.203660,0.295457,-0.172760,-0.143733,1.169946,0.350717,-0.072165,1.075931
2226,55.220000,1.114658,-0.743307,0.781802,-0.975698,-0.807847,0.165922,0.372768,-0.061532,-0.450403,-0.149006,-0.169414,-0.042446,0.830896,0.166560,0.112137,0.547858
2227,55.240000,1.304362,-0.719474,0.820021,-0.764017,-0.813836,0.211558,0.302284,-0.104088,-0.519239,-0.533956,-0.162429,-0.027163,0.336396,0.191410,0.113447,0.228489
2228,55.260000,1.274914,-0.740450,0.823354,-0.637522,-0.906341,0.269489,0.273814,-0.126510,-0.561264,-0.701649,-0.234259,-0.137298,0.060446,0.277806,0.064298,0.210916
2229,55.280000,1.287376,-0.846756,0.646931,-0.461352,-0.865665,0.463813,0.229988,-0.132884,-0.503838,-0.809400,-0.196684,-0.155719,-0.164361,0.409786,-0.064166,0.313572
2230,55.300000,1.129202,-0.806251,0.576269,-0.339613,-0.835741,0.607644,0.257596,-0.088637,-0.421476,-0.840678,-0.200861,-0.171483,-0.233412,0.527651,-0.192078,0.430044
2231,55.320000,0.864826,-0.760222,0.515187,-0.339724,-0.791079,0.677393,0.372672,-0.059479,-0.310494,-0.800654,-0.203125,-0.177541,-0.203190,0.552380,-0.335704,0.491436
2232,55.340000,0.625154,-0.614348,0.436478,-0.321723,-0.679106,0.775047,0.493877,-0.021069,-0.181545,-0.770270,-0.145415,-0.114522,-0.102738,0.534179,-0.440743,0.531758
2233,55.360000,0.391764,-0.448130,0.370060,-0.347254,-0.592031,0.841600,0.667700,-0.020967,-0.064095,-0.738215,-0.085993,-0.014291,0.039386,0.495574,-0.467699,0.527464
2234,55.380000,0.158377,-0.303448,0.308413,-0.364403,-0.483414,0.862254,0.793589,0.036357,0.060771,-0.699158,-0.032492,0.061621,0.175211,0.445306,-0.462249,0.528269
2235,55.400000,-0.028234,-0.102053,0.257410,-0.415172,-0.358963,0.855353,0.885772,0.079442,0.174877,-0.636708,0.083565,0.191156,0.312259,0.455817,-0.356303,0.528680
2236,55.420000,-0.222541,0.054712,0.254276,-0.495859,-0.216017,0.812898,0.967951,0.106856,0.318444,-0.549802,0.178281,0.327234,0.497386,0.506437,-0.178409,0.543651
2237,55.440000,-0.355308,0.198731,0.243146,-0.595664,-0.062973,0.784636,0.970880,0.159658,0.523745,-0.398190,0.270819,0.457792,0.707699,0.612205,-0.033680,0.583718
2238,55.460000,-0.465808,0.379468,0.230588,-0.697565,0.100488,0.806197,0.921916,0.192419,0.761535,-0.221821,0.397062,0.583136,0.929163,0.796895,0.146417,0.644630
2239,55.480000,-0.605608,0.546260,0.213589,-0.810799,0.275189,0.838035,0.838488,0.232547,1.045758,0.005790,0.478611,0.713066,1.163753,0.991847,0.391620,0.713573
2240,55.500000,-0.679774,0.688940,0.164978,-0.942454,0.420378,0.857738,0.683975,0.306001,1.369268,0.259754,0.568091,0.779952,1.354698,1.172082,0.620197,0.787275
2241,55.520000,-0.707037,0.819962,0.114773,-1.141310,0.502984,0.866168,0.590258,0.373889,1.672238,0.549230,0.598872,0.815784,1.493715,1.209607,0.839713,0.786822
2242,55.540000,-0.700538,0.937647,0.144485,-1.300547,0.579832,0.871797,0.491054,0.401832,1.855526,0.773335,0.619740,0.860228,1.575695,1.271174,1.039507,0.774729
2243,55.560000,-0.716020,1.021238,0.144346,-1.447599,0.601825,0.875945,0.432972,0.415216,1.958023,0.978962,0.611966,0.859035,1.535728,1.258185,1.210485,0.705457
2244,55.580000,-0.692917,1.063974,0.161873,-1.566802,0.587089,0.891336,0.365754,0.424515,2.042807,1.109195,0.596386,0.855952,1.455091,1.166209,1.262989,0.605599
2245,55.600000,-0.645422,0.921996,0.041059,-1.668877,0.547352,0.909500,0.292324,0.450428,2.045193,1.256599,0.546072,0.743749,1.340512,1.030350,1.301331,0.527172
2246,55.620000,-0.675582,1.037742,0.048012,-1.584559,0.586478,0.947783,0.288423,0.426309,2.033967,1.194757,0.623289,0.871660,1.510710,1.271695,1.528712,0.774275
2247,55.640000,-0.758201,0.970975,-0.031712,-1.465408,0.636339,0.981606,0.290821,0.438589,2.098863,1.148219,0.698934,1.061418,1.780536,1.554623,1.801674,1.090893
2248,55.660000,-0.896644,0.912129,-0.158368,-1.437848,0.729022,0.816631,0.285885,0.617970,2.305951,1.128078,0.889651,1.379392,2.326041,2.065848,2.310393,1.672373
2249,55.680000,-1.009835,0.886015,-0.256836,-1.483603,0.864983,0.607215,0.239696,0.791000,2.621533,1.114344,1.125527,1.859053,2.874289,2.569186,2.902328,2.184378
2250,55.700000,-0.950095,0.696395,-0.391288,-1.492859,1.000003,0.552193,0.105051,0.785151,2.701267,1.227394,1.286831,2.281805,3.169635,2.890277,3.408474,2.365755
2251,55.720000,-1.013169,0.651886,-0.513212,-1.624807,0.962206,0.428667,0.070670,1.223095,3.135365,1.148627,1.379569,2.500350,3.333749,3.065098,3.808386,2.457054
2252,55.740000,-0.877822,0.194222,-0.723578,-1.412113,0.909614,0.390603,-0.126155,1.218108,2.753569,1.140647,1.430590,2.696371,3.257547,2.815128,3.989114,2.156172
2253,55.760000,-0.806132,0.424086,-0.668792,-1.026104,0.998296,0.296155,0.015039,1.390287,2.981796,0.617559,1.422101,3.046095,3.205839,2.804278,3.641405,1.938509
2254,55.780000,-0.750869,0.331495,-0.683440,-0.608369,1.004713,0.327301,0.058847,1.414336,2.907646,0.192731,1.496437,3.300774,3.104146,2.569621,3.391269,1.773605
2255,55.800000,-0.603646,0.312128,-0.638708,-0.162323,1.026911,0.341308,0.028968,1.332742,2.764620,-0.329001,1.560605,3.379063,3.104218,2.541017,3.176865,1.994608
2256,55.820000,-0.364987,0.200195,-0.515632,0.356735,0.840640,0.324503,0.027112,1.009720,2.303277,-0.869020,1.547656,3.333086,3.015288,2.425102,2.882155,2.264368
2257,55.840000,-0.196256,0.327630,-0.465362,0.367726,0.813435,0.303659,0.397570,1.117713,2.379773,-1.260954,1.616524,3.388307,3.050178,2.592590,2.593673,2.866844
2258,55.860000,-0.117202,0.401569,-0.477726,0.075023,0.787356,0.337478,0.725338,1.109426,2.420213,-1.170681,1.591318,3.255713,3.131080,2.713187,2.432265,3.400873
2259,55.880000,-0.105847,0.456248,-0.471168,-0.274207,0.896471,0.445234,0.818778,1.065750,2.606151,-0.769249,1.557881,3.125583,3.105222,2.916387,2.188386,3.643407
2260,55.900000,-0.380325,0.508430,-0.485182,-0.660299,0.784081,0.350162,0.835725,1.116767,2.792795,-0.127142,1.311512,2.561898,3.034569,2.934392,2.064195,3.613773
2261,55.920000,-0.547858,0.607447,-0.400313,-0.823270,0.781625,0.376449,0.850886,1.034114,2.820835,0.171575,1.325996,2.479959,2.993222,2.996891,2.138071,3.401092
2262,55.940000,-0.659936,0.665386,-0.338151,-0.897022,0.708012,0.391527,0.919637,0.932973,2.720203,0.323407,1.251691,2.307742,3.054949,3.031154,2.410654,3.173600
2263,55.960000,-0.613322,0.646217,-0.280063,-0.985592,0.638000,0.441352,1.084682,0.788075,2.433220,0.362546,1.007575,2.101287,3.237914,3.027556,2.879700,3.034200
2264,55.980000,-0.466277,0.603004,-0.235360,-0.922362,0.590226,0.446553,1.194152,0.776351,2.202400,0.192258,0.936576,2.016213,3.381893,3.106423,3.181888,3.084900
2265,56.000000,-0.295041,0.531278,-0.161055,-0.764739,0.479777,0.372000,1.292394,0.635847,1.840011,-0.122538,0.825780,1.998196,3.424317,3.100451,3.273285,3.116670
2266,56.020000,-0.078391,0.547764,-0.140413,-0.696063,0.409895,0.483162,1.588806,0.552296,1.737182,-0.364101,0.776931,1.920931,3.467449,3.092682,3.277008,3.308625
2267,56.040000,0.124319,0.487763,-0.099872,-0.579521,0.368727,0.580333,1.743381,0.370538,1.527816,-0.589648,0.707033,1.730209,3.376081,3.088218,3.112482,3.345878
2268,56.060000,0.226372,0.424833,-0.075232,-0.466909,0.323074,0.600442,1.808193,0.304304,1.345127,-0.781150,0.630213,1.466842,3.132887,3.097234,2.827836,3.361335
2269,56.080000,0.031699,0.589555,-0.015108,-0.698210,0.190132,0.775748,2.332899,0.467586,1.682044,-0.781731,0.489143,1.182529,3.098209,3.111961,2.727286,3.524988
2270,56.100000,-0.179133,0.413748,-0.150718,-0.730272,0.137891,0.738399,2.505680,0.353484,1.506724,-0.650849,0.229135,0.558114,2.878406,2.943698,2.624669,3.327129
2271,56.120000,-0.512060,0.550254,-0.022199,-0.786791,0.112930,0.854662,2.800314,0.439296,1.735281,-0.633425,0.157910,0.400894,2.784581,2.884904,2.553270,3.250823
2272,56.140000,-0.813792,0.578525,0.032553,-0.856134,-0.002691,0.957598,2.990621,0.377288,1.590069,-0.452644,0.122427,0.195046,2.767859,2.760814,2.625181,3.109911
2273,56.160000,-0.980270,0.501002,-0.054273,-0.696079,-0.092366,1.018431,2.955876,0.178428,1.276098,-0.275882,0.074620,0.055224,2.650468,2.622619,2.543724,2.915822
2274,56.180000,-1.184775,0.562509,0.107903,-0.690207,-0.142368,1.099881,2.999902,0.228752,1.203948,-0.218899,0.047427,0.052035,2.660994,2.616073,2.591499,2.850607
2275,56.200000,-1.161393,0.493458,0.203115,-0.629698,-0.137837,1.236186,2.907359,0.186705,1.120261,-0.252463,0.119747,0.081923,2.666135,2.624791,2.651234,2.794901
2276,56.220000,-1.115435,0.444425,0.134499,-0.615679,-0.164105,1.042796,2.683688,0.147420,0.957315,-0.260121,0.086009,0.083609,2.692385,2.675965,2.689656,2.820715
2277,56.240000,-0.829590,0.317351,0.187269,-0.449154,-0.065789,0.930715,2.251229,0.046248,0.774384,-0.448364,0.178038,0.221017,2.612242,2.825158,2.634757,2.827772
2278,56.260000,-0.535001,0.338030,0.387646,-0.495859,-0.083323,0.893285,2.017443,0.106796,0.791935,-0.633238,0.159368,0.344340,2.620688,2.992715,2.621996,2.922940
2279,56.280000,-0.298009,0.269606,0.489242,-0.531191,-0.066461,0.808941,1.783287,0.129979,0.726513,-0.746287,0.181936,0.429417,2.760961,3.128577,2.694930,3.075250
2280,56.300000,-0.001974,0.084066,0.502839,-0.464755,-0.215766,0.958242,1.531274,0.023138,0.360744,-0.785725,-0.143706,0.189552,2.068295,2.229499,1.911532,2.213717
2281,56.320000,0.725012,-0.515473,0.703370,-0.259994,-0.841504,1.474314,1.074760,-0.241016,-0.420806,-0.845786,-0.676668,-0.454375,-0.311980,-0.579024,-0.210828,-0.330577
2282,56.340000,1.557308,-1.219061,0.820174,-0.091688,-1.169230,1.024300,0.365772,-0.185322,-0.893894,-1.093899,-0.555845,-0.566897,-1.699753,-1.240298,-0.747802,-0.580997
2283,56.360000,1.804092,-1.931965,0.815081,-0.095634,-1.653317,0.387893,-0.196047,0.015890,-1.062100,-0.894591,-0.540807,-0.732756,-1.923343,-0.676928,-0.701192,0.226875
2284,56.380000,1.980414,-2.491325,0.538684,-0.427788,-1.522997,-0.263886,-0.677357,0.363844,-0.932789,-0.495267,-0.530025,-0.764788,-0.933239,0.290003,-0.218062,1.442150
2285,56.400000,2.047033,-2.157246,0.142840,-1.104715,-1.260034,-0.742795,-0.841328,0.433862,-0.534277,0.114570,-0.258749,-0.576226,0.708802,1.244143,0.348755,2.638985
2286,56.420000,2.336550,-1.794143,0.003722,-1.575021,-0.863067,-0.717149,-0.847911,0.392682,-0.219234,0.345451,-0.109321,-0.290745,1.867462,1.569946,0.685745,3.022331
2287,56.440000,2.400454,-1.430209,-0.101019,-1.931892,-0.750658,-0.526242,-0.621900,0.276631,0.008838,0.438204,-0.058480,-0.132075,2.247938,1.439902,0.682118,2.700416
2288,56.460000,2.511822,-1.220310,0.081874,-2.190866,-0.724723,-0.091327,-0.317550,0.057179,0.006002,0.266762,0.029729,-0.000792,2.053751,1.253571,0.666213,2.237024
2289,56.480000,2.292462,-1.025823,0.183910,-2.463780,-0.926480,0.355384,-0.031987,-0.097618,-0.090484,0.232926,-0.002543,-0.168439,1.578545,1.022448,0.637372,1.637508
2290,56.500000,1.966186,-1.028726,0.237288,-2.510308,-1.128975,0.612859,0.232895,-0.156446,-0.195955,0.246428,-0.079250,-0.337646,1.155825,0.781088,0.457663,1.221286
2291,56.520000,1.645004,-0.818604,0.293132,-2.001097,-1.105613,0.792951,0.239364,-0.226466,-0.285340,0.264903,-0.110334,-0.355519,0.641465,0.719976,0.133477,0.893795
2292,56.540000,1.213449,-0.961095,0.398431,-1.564446,-1.248016,0.742594,0.197049,-0.260589,-0.479666,0.213915,-0.228348,-0.469326,0.119107,0.593351,-0.216090,0.482862
2293,56.560000,0.844135,-1.141835,0.568038,-1.355913,-1.309035,0.518942,0.018122,-0.297338,-0.553837,0.215177,-0.378614,-0.652198,-0.672386,0.217387,-0.871611,0.083124
2294,56.580000,0.738588,-1.593551,0.794782,-1.255828,-1.363553,0.218560,-0.285028,-0.317526,-0.682045,0.217373,-0.513587,-0.871095,-1.773650,-0.477612,-1.751676,-0.439337
2295,56.600000,0.749837,-2.008797,0.673031,-1.196038,-1.415935,0.084164,-0.432623,-0.263062,-0.752633,0.159144,-0.574716,-0.962950,-2.502178,-0.871663,-2.221567,-0.567537
2296,56.620000,0.898871,-2.390265,0.343523,-1.200983,-1.495771,-0.047618,-0.438775,-0.108215,-0.766861,0.037171,-0.690216,-1.067644,-3.006575,-1.260642,-2.552700,-0.539120
2297,56.640000,0.951675,-2.354808,-0.033911,-1.511571,-1.545576,-0.169509,-0.316353,0.045957,-0.603013,0.133764,-0.591724,-0.965466,-2.638613,-1.143009,-2.238840,-0.044512
2298,56.660000,1.191826,-2.158610,-0.462987,-2.018352,-1.488016,-0.203510,-0.209475,0.196215,-0.311501,0.380231,-0.498894,-0.860332,-1.981805,-1.055068,-1.902005,0.379439
2299,56.680000,1.497954,-1.674449,-0.694696,-2.610182,-1.266460,-0.016193,-0.142403,0.252661,0.042552,0.845424,-0.452553,-0.788633,-1.549418,-1.193084,-1.828434,0.379352
2300,56.700000,1.843529,-1.712335,-0.948162,-3.378260,-1.284047,0.017847,-0.121969,0.231059,0.238376,1.337042,-0.329652,-0.699310,-1.113498,-1.340446,-1.682935,0.262575
2301,56.720000,1.871843,-1.361718,-0.885118,-4.309679,-1.370762,0.386677,-0.032202,0.117455,0.370963,1.877802,-0.300679,-0.806217,-0.908181,-1.533610,-1.487804,0.154144
2302,56.740000,1.867203,-1.161305,-0.671647,-4.931857,-1.351900,0.367669,-0.031213,0.043581,0.447593,2.295656,-0.189826,-0.833005,-0.801226,-1.786054,-1.428344,-0.280188
2303,56.760000,1.842328,-1.056412,-0.121196,-5.145025,-1.323268,0.264253,0.084025,-0.120113,0.432308,2.329651,-0.186448,-0.780247,-0.767900,-1.962988,-1.339404,-0.665759
2304,56.780000,1.473376,-1.099397,0.742990,-4.695085,-1.217251,0.035290,0.095287,-0.188783,0.228945,1.822853,-0.306603,-0.843398,-0.948063,-2.191112,-1.374892,-1.240734
2305,56.800000,1.035263,-1.346776,1.822141,-3.765428,-1.294813,-0.334171,0.364060,-0.334105,-0.083439,0.628924,-0.431171,-0.677689,-1.351330,-2.648202,-1.634661,-1.761461
2306,56.820000,0.468999,-1.464586,2.387151,-1.847620,-1.266945,-0.629875,0.563840,-0.356259,-0.560322,-1.214350,-0.487040,-0.397280,-2.367975,-2.952807,-2.063798,-2.423922
2307,56.840000,-0.465711,-1.595632,2.603292,0.986179,-1.328194,-0.945043,0.500774,-0.187800,-0.848921,-3.520717,-0.612871,-0.082119,-3.825336,-3.166556,-2.019243,-3.284494
2308,56.860000,-0.736098,-2.015995,2.375272,3.065712,-1.264131,-0.987391,0.361215,-0.011158,-0.891076,-5.551999,-0.264123,0.223483,-5.086047,-3.525517,-1.992131,-3.801250
2309,56.880000,-0.589046,-2.000954,1.570425,3.771939,-1.067720,-1.040292,0.467196,0.354749,-0.772343,-6.684528,0.031766,0.353354,-4.836966,-3.258257,-1.815295,-3.420645
2310,56.900000,-0.087897,-1.945870,1.190316,3.690627,-0.532538,-0.702455,0.908836,0.718958,-0.855165,-6.980248,0.035668,0.337972,-4.341667,-2.812837,-1.672824,-2.657814
2311,56.920000,0.754117,-1.964567,0.943308,2.704723,-0.037146,-0.174129,1.222443,0.976920,-0.986213,-6.306890,-0.154014,0.254295,-4.236667,-2.869557,-1.825469,-2.187398
2312,56.940000,1.679217,-1.478110,0.300961,0.361898,-0.079078,0.498899,1.563817,1.324885,-0.586439,-4.229044,-0.604386,0.182735,-3.532531,-3.297401,-1.931811,-1.701025
2313,56.960000,2.746331,-0.967632,-0.786345,-2.871067,-0.335120,1.191828,1.329137,1.108580,0.178164,-1.386915,-0.772394,-0.120228,-2.500134,-3.810858,-2.430723,-1.521907
2314,56.980000,2.448177,-0.214564,-0.850140,-5.197392,-0.562583,1.156699,0.344214,0.803467,1.431445,1.536504,-0.699935,-0.386806,-1.391905,-3.955246,-2.801317,-1.513977
2315,57.000000,1.380105,0.059624,-0.755832,-5.726292,-0.506369,0.842423,0.125845,0.627528,1.642707,3.563101,-0.138058,-0.475194,-1.273319,-3.705130,-2.325672,-1.092887
2316,57.020000,0.997900,0.082258,-0.760545,-6.223741,-0.673396,0.847814,0.334190,0.381946,1.808813,4.648197,0.250606,-0.738637,-1.423819,-3.287241,-1.334258,-0.997527
2317,57.040000,0.933940,0.254100,-0.271526,-5.629910,-0.538102,0.440107,0.312691,0.314526,2.151795,4.172283,0.251891,-0.783874,-1.242729,-2.504111,-0.534762,-1.147411
2318,57.060000,0.729155,0.145215,1.086788,-4.165324,-0.332238,0.118744,0.318304,0.168736,2.039858,2.478688,-0.038135,-0.657493,-1.000975,-2.184078,-0.653934,-1.558184
2319,57.080000,-0.008739,-0.020433,3.078002,-2.254332,-0.264235,-0.336309,0.329176,-0.013636,1.383778,-0.247101,-0.359068,-0.476339,-0.942098,-2.428611,-1.422439,-2.138751
2320,57.100000,-0.842930,0.069385,3.226314,1.358026,-0.472040,-0.906122,0.566358,0.121632,0.453599,-3.642243,-0.458451,0.122595,-1.798834,-2.566365,-2.008203,-2.765411
2321,57.120000,-1.413333,-0.291545,2.797755,3.545846,-0.680762,-1.223371,0.622932,0.328144,0.109274,-5.991774,-0.583884,0.157997,-2.893802,-2.987180,-1.537281,-2.943341
2322,57.140000,-1.198572,-0.986908,1.975873,4.272534,-0.410205,-1.119890,0.894255,0.313309,-0.249537,-7.203070,-0.004628,0.510401,-3.700469,-3.324749,-1.706399,-2.979855
2323,57.160000,-0.561251,-1.245739,1.681343,4.276333,-0.011379,-0.824301,1.401809,0.545419,-0.667188,-7.854280,0.312181,0.652584,-4.014957,-3.230210,-1.532891,-2.247844
2324,57.180000,0.171703,-1.278303,1.384395,3.393687,0.123754,-0.369884,1.680171,0.763828,-0.912739,-7.146527,0.141795,0.502366,-4.023261,-3.155947,-1.424060,-1.457146
2325,57.200000,1.223825,-1.204024,0.932135,1.681814,0.199223,0.292692,2.097462,1.004647,-0.771738,-5.765296,-0.000329,0.522861,-3.864633,-3.065110,-1.676312,-0.914017
2326,57.220000,2.608559,-0.840410,-0.310543,-1.446117,0.224043,1.424757,2.308773,1.099387,0.098792,-3.274606,-0.039811,0.729393,-3.037028,-3.084091,-2.227311,-0.866126
2327,57.240000,2.947532,0.011658,-0.538529,-3.851571,0.299450,1.331327,0.952488,0.961338,1.681584,-0.770029,-0.103411,0.594311,-2.036730,-3.026779,-3.196815,-1.450795
2328,57.260000,1.893651,0.397411,-0.857018,-5.302888,0.236335,1.595497,0.235391,0.988351,3.157945,2.167519,0.077016,0.113386,-1.579763,-3.375702,-3.494717,-1.417933
2329,57.280000,1.309909,0.344541,-1.036050,-6.210491,-0.239155,1.323385,0.319622,0.579389,3.097890,4.018022,0.513259,-0.485216,-1.983700,-3.609535,-2.868439,-1.249179
2330,57.300000,0.779648,0.544172,-0.955525,-6.423905,-0.224475,1.226434,0.286353,0.397062,3.289338,5.024069,0.611463,-1.065126,-2.524753,-3.294938,-2.025156,-1.176866
2331,57.320000,0.686749,0.407750,-0.642914,-5.500576,-0.324344,0.899077,-0.026839,0.021970,3.094552,4.763381,0.624042,-1.084960,-2.487014,-2.866383,-1.617223,-1.375937
2332,57.340000,0.712889,0.137520,0.389185,-4.193700,-0.326565,0.808530,0.277280,-0.171884,2.605699,2.572749,0.378875,-0.587844,-1.911103,-2.500125,-1.678895,-1.631428
2333,57.360000,-0.016667,0.129026,1.350343,-2.263055,-0.417575,0.183976,0.659972,-0.347460,1.706216,0.093505,0.037634,-0.357502,-1.756076,-2.448429,-2.368530,-2.099714
2334,57.380000,-0.318204,0.188374,1.244572,0.541025,-0.659617,-0.180428,1.787626,-0.004437,0.676073,-3.509458,-0.308152,0.252583,-2.331440,-2.050025,-2.203790,-2.270582
2335,57.400000,-0.542346,-0.310754,0.515606,1.824663,-0.756857,-0.383398,2.366827,0.177579,0.303629,-5.700376,-0.343652,0.506601,-2.836588,-1.956732,-1.446371,-2.266319
2336,57.420000,-0.568343,-1.013202,1.028193,3.421894,-0.417173,-0.532134,2.236492,0.076814,-0.476069,-7.509530,0.520741,1.144016,-3.434535,-1.998838,-1.527100,-2.220380
2337,57.440000,-0.867757,-0.886413,1.729258,4.688735,-0.202013,-0.914940,1.929887,0.525422,-0.919537,-8.225899,0.580887,1.206295,-2.941600,-2.259104,-1.103959,-1.791803
2338,57.460000,-1.030651,-0.981746,2.103381,4.669791,0.004686,-0.887051,2.102230,0.933488,-0.977050,-8.024367,0.562593,1.273964,-2.294722,-2.694790,-0.811426,-1.515578
2339,57.480000,-0.829517,-0.987380,2.289937,3.521273,0.215569,-0.576845,2.171490,1.219455,-0.857130,-6.598460,0.474898,1.021143,-2.084236,-3.392061,-0.762463,-1.318797
2340,57.500000,0.012740,-0.727368,1.892937,1.469181,0.225609,-0.141320,1.870905,1.336475,-0.341623,-4.055276,0.073269,0.561619,-1.904679,-4.209184,-1.203138,-1.251556
2341,57.520000,2.066189,0.058868,-0.250421,-2.311982,0.218837,0.929014,1.817948,1.229918,1.402921,-1.169005,0.038810,0.677782,-1.224354,-4.462067,-2.148241,-1.101699
2342,57.540000,2.528723,0.583995,-0.639003,-4.424233,0.291862,1.308610,0.369355,0.824096,2.476277,0.976052,-0.054938,0.133199,-1.107666,-3.931178,-2.621031,-1.368603
2343,57.560000,1.605445,0.572917,-0.990066,-5.304157,0.133525,1.673040,0.132351,0.583910,2.862907,3.154759,0.407117,-0.265456,-1.966736,-3.492092,-2.638189,-1.064259
2344,57.580000,0.597054,0.650489,-1.129117,-5.977361,-0.243142,1.364711,0.016140,0.436200,3.316567,5.165474,0.935413,-1.019528,-2.946675,-3.325006,-2.610605,-1.120596
2345,57.600000,0.373636,0.270602,-1.046125,-5.116789,-0.277285,1.309291,-0.012379,0.142536,2.791220,5.340906,0.823728,-1.250730,-3.437871,-2.759614,-2.154485,-1.416695
2346,57.620000,0.689421,0.109201,-0.171654,-3.831218,-0.392886,1.364953,0.443829,-0.056875,2.465737,3.507938,0.277119,-0.939054,-2.973156,-2.310165,-1.780285,-1.687846
2347,57.640000,0.032614,0.150848,1.394068,-2.102863,-0.442134,0.716216,0.844954,-0.200744,1.665078,1.202964,-0.211781,-0.690702,-2.218740,-2.301784,-2.502073,-2.263456
2348,57.660000,-0.014180,0.295577,0.975026,-0.350918,-0.601848,0.468668,1.860356,-0.005876,0.542536,-1.476584,-0.460598,-0.168535,-2.054878,-2.563472,-2.872207,-2.483790
2349,57.680000,-0.111375,0.261007,-0.092761,0.788262,-0.779177,0.305132,2.502116,0.307257,0.291669,-3.002325,-0.843450,-0.071184,-2.636950,-2.883365,-2.157405,-2.621534
2350,57.700000,-0.145751,-0.293560,-0.158465,1.801993,-0.658436,0.882168,2.418954,0.210087,-0.170535,-3.816306,-0.339910,0.385864,-3.692430,-3.310220,-2.196746,-3.111479
2351,57.720000,-0.277293,-0.524927,-0.000602,2.519298,-0.644583,1.101142,2.004668,0.286860,-0.498009,-4.406137,-0.127657,0.554317,-4.225759,-3.564709,-2.193928,-3.317497
2352,57.740000,-0.643992,-0.615069,0.460755,3.248653,-0.585753,0.539234,1.204484,0.571614,-0.648114,-4.701582,-0.172332,0.627119,-3.881860,-3.651415,-1.951061,-3.334676
2353,57.760000,-0.849340,-0.324357,0.715372,3.322134,-0.413461,0.192762,0.879346,0.963938,-0.538933,-4.361889,-0.303356,0.781690,-3.044018,-3.772183,-1.771181,-3.433669
2354,57.780000,-0.787680,-0.151084,0.915464,2.726481,-0.151975,-0.055434,0.460019,1.011907,-0.529108,-3.060189,-0.329632,0.658510,-1.951575,-4.031071,-1.654754,-3.295211
2355,57.800000,-0.291044,0.156220,0.891377,1.195374,0.088908,0.388874,0.405319,0.908476,-0.320733,-1.219526,-0.212496,0.888319,-1.239680,-4.153602,-1.955554,-2.730490
2356,57.820000,0.265862,0.245448,0.794775,0.297593,0.294829,0.681448,-0.326292,0.439302,-0.580694,0.408188,-0.097706,0.922263,-1.083968,-3.911992,-1.946416,-2.287382
2357,57.840000,0.534714,0.406191,0.728259,0.211867,0.124720,0.824621,-0.485958,0.465684,-0.530316,0.930596,-0.071436,1.414732,-1.037317,-3.520024,-1.679280,-2.165904
2358,57.860000,0.767934,0.397210,0.633227,0.267808,0.090910,0.964540,-0.792727,0.478040,-0.430161,1.052124,0.278888,1.790686,-1.046287,-3.032014,-1.446687,-2.193389
2359,57.880000,0.949502,0.449963,0.549726,0.282073,0.089068,1.174700,-0.754485,0.398680,-0.250532,0.961743,0.426012,2.053254,-1.130025,-2.498688,-1.289930,-2.382359
2360,57.900000,0.905937,0.353621,0.445821,0.262370,0.042867,0.946005,-0.536888,0.370400,-0.084005,0.743481,0.319546,1.767244,-1.462391,-2.265126,-1.543475,-2.785767
2361,57.920000,1.138472,0.404222,0.515697,0.166607,0.204307,1.100905,-0.487125,0.459926,0.194069,0.666133,0.365781,1.718332,-1.743518,-2.168509,-1.842890,-2.782689
2362,57.940000,1.396289,0.441394,0.598001,0.023548,0.201865,0.890240,-0.497871,0.463738,0.319976,0.572445,0.345401,1.571064,-1.962037,-2.149777,-2.003302,-2.626491
2363,57.960000,1.895568,0.338968,0.644092,-0.036653,0.208192,0.518553,-0.696337,0.335135,0.122582,0.522513,0.224674,1.579280,-2.271815,-2.184084,-2.088592,-2.558041
2364,57.980000,2.429924,0.340771,0.783377,-0.359442,0.119711,-0.108920,-0.980832,0.323336,0.072500,0.488124,0.182106,1.425907,-2.486496,-2.167896,-2.044858,-2.475976
2365,58.000000,3.112676,0.192534,0.887058,-0.485955,0.242811,-0.370790,-1.523088,0.363136,-0.147881,0.537756,0.279413,1.643249,-2.578100,-2.186621,-1.822944,-2.411915
2366,58.020000,3.690721,0.110096,1.103227,-0.573662,0.246537,-0.584074,-2.025084,0.408150,-0.269978,0.551935,0.264339,1.776020,-2.422907,-2.327086,-1.500733,-2.446909
2367,58.040000,4.059407,0.017550,1.064665,-0.456532,0.201537,-0.670405,-2.338632,0.408553,-0.525472,0.533883,0.130281,1.848824,-2.263062,-2.527676,-1.218658,-2.656775
2368,58.060000,4.023118,0.055605,0.887967,-0.379785,0.124018,-0.679189,-2.238408,0.443980,-0.502491,0.403363,-0.018144,1.640740,-2.125227,-2.709461,-1.144789,-2.766302
2369,58.080000,3.963759,0.086466,1.017486,-0.497256,0.075246,-0.582322,-1.809114,0.412988,-0.381909,0.008977,-0.073516,1.313259,-2.180914,-2.724350,-1.451604,-2.831971
2370,58.100000,3.969519,-0.059721,0.857347,-0.431393,0.052795,-0.120346,-0.918583,0.254153,-0.327725,-0.561219,0.001407,1.201033,-2.633737,-2.782045,-1.953305,-2.744297
2371,58.120000,3.455093,-0.005890,0.875159,-0.458372,-0.109870,0.251815,-0.017237,0.415529,0.068724,-0.880511,-0.150600,0.527140,-2.895968,-2.928148,-2.623133,-2.550354
2372,58.140000,2.645463,0.005620,0.849154,-0.530738,-0.324695,0.716615,1.098327,0.437592,0.406480,-1.260969,-0.185554,0.068497,-3.187182,-3.209171,-3.173295,-2.335150
2373,58.160000,1.388620,0.160725,0.637859,-0.703464,-0.649156,0.955436,2.535330,0.433264,0.840194,-1.305274,-0.155537,-0.428817,-3.250628,-3.670590,-3.700852,-2.048603
2374,58.180000,-0.452335,0.503728,0.290108,-0.659551,-0.869690,1.050008,4.218585,0.301893,1.072235,-1.068242,0.176365,-0.753076,-3.144101,-4.100151,-4.015315,-1.857242
2375,58.200000,-1.817476,0.775233,-0.192897,-0.436564,-0.890349,1.256027,5.160968,0.137613,0.991547,-0.603363,0.506247,-0.770403,-2.908689,-4.270816,-3.840353,-1.922664
2376,58.220000,-2.354284,0.996630,-0.237240,-0.566330,-0.822657,1.242732,5.339934,0.266170,1.197949,-0.429863,0.796856,-0.618463,-2.376325,-4.069043,-3.274270,-2.120473
2377,58.240000,-2.285162,0.819058,-0.322013,-0.654544,-0.695505,1.324878,4.582285,0.376154,1.089126,-0.070340,0.920281,-0.507824,-2.017607,-3.642781,-2.672343,-2.243985
2378,58.260000,-1.430166,0.430343,-0.147471,-0.684702,-0.494720,1.159557,3.188899,0.445963,0.963180,0.254872,0.835512,-0.204992,-1.982549,-3.101876,-2.421720,-2.335006
2379,58.280000,-0.258033,0.274982,0.386252,-0.765747,-0.270374,0.647556,1.929830,0.477298,0.979739,0.439741,0.769185,0.282178,-2.017622,-2.464013,-2.500420,-2.279629
2380,58.300000,1.177502,0.378300,0.956565,-0.635347,0.085803,-0.013352,0.287077,0.351507,0.693455,0.665292,0.700173,0.850197,-2.155662,-1.912403,-2.691845,-2.003450
2381,58.320000,2.901959,0.282637,1.135419,-0.547684,0.233762,-0.321762,-1.256583,0.377752,0.487718,0.883232,0.602695,1.314510,-2.312829,-1.765682,-2.513756,-1.711966
2382,58.340000,3.992299,-0.029309,0.802273,-0.118388,0.337268,-0.487541,-2.592662,0.518759,-0.240524,0.943714,0.572068,1.852690,-2.447871,-1.841577,-1.884227,-1.795095
2383,58.360000,4.345114,-0.077790,0.655245,0.010721,0.190479,-0.566479,-3.212985,0.716380,-0.470058,0.890472,0.359843,1.920282,-2.251413,-2.093861,-1.226442,-1.925104
2384,58.380000,4.131820,-0.064699,0.519691,-0.386071,0.009400,-0.574268,-2.545277,0.594190,-0.445458,0.616537,0.226767,1.662125,-2.052762,-2.274649,-1.020556,-2.117986
2385,58.400000,3.891578,0.082717,0.435691,-0.417180,0.285140,-0.306155,-1.807437,0.341340,-0.385259,0.073938,0.457696,2.039227,-1.896079,-2.186099,-1.188086,-2.228260
2386,58.420000,3.280469,0.118413,0.504322,-0.478345,0.182837,0.386086,-0.481711,0.272421,-0.040928,-0.500466,0.389655,1.684107,-1.994455,-2.091848,-1.711757,-2.386028
2387,58.440000,2.473974,0.159024,0.247979,-0.457324,-0.093236,1.165512,0.800027,0.221668,0.274290,-0.787599,0.067604,0.891157,-2.482238,-2.461072,-2.525518,-2.802647
2388,58.460000,1.364575,0.363734,0.072087,-0.347940,-0.266907,1.599188,2.001758,0.287052,0.837238,-0.951299,0.096895,0.116533,-2.840911,-2.807821,-3.149467,-2.416590
2389,58.480000,-0.454260,0.818481,-0.195593,-0.384457,-0.475390,1.216032,3.401215,0.294080,1.419678,-0.679188,0.306877,-0.391580,-2.634253,-2.834937,-3.322757,-1.679366
2390,58.500000,-1.584991,1.120866,-0.357305,-0.845386,-0.315812,0.794025,4.333785,0.581231,2.163667,-0.374760,0.507357,-0.357136,-1.419683,-2.177019,-2.340718,-0.543068
2391,58.520000,-1.870276,1.365473,-0.481413,-1.365815,0.293034,0.283303,4.031959,1.037111,3.380344,0.053500,0.970562,0.259485,1.035825,0.011288,-0.098658,1.258006
2392,58.540000,-1.545336,1.004561,-0.468832,-1.682251,0.778319,0.045501,2.336762,1.629328,4.544137,0.769852,1.394976,1.303386,2.277470,1.573033,1.431921,1.946988
2393,58.560000,-1.379332,0.900908,-0.321295,-1.111842,0.736710,-0.170197,0.622705,1.814892,4.801813,1.265746,1.582412,2.215024,2.354452,1.747364,1.248909,1.090172
2394,58.580000,-1.039703,0.447575,-0.369155,-0.092576,0.667684,-0.367420,-0.397278,2.077147,4.653989,0.841174,1.507374,2.901339,2.000944,1.085199,0.518471,-0.538050
2395,58.600000,-0.527426,0.227308,-0.257936,1.017819,0.549343,-0.554137,-0.970348,2.273079,4.039328,-0.311277,1.415632,3.165408,1.880571,0.287978,0.346719,-1.707457
2396,58.620000,0.109725,0.451981,0.241179,1.945236,0.631730,-0.655640,-1.008292,2.141705,2.998139,-1.882357,1.350379,3.358871,2.054117,-0.336370,-0.004298,-1.816542
2397,58.640000,1.014788,0.233673,0.367700,2.137137,0.314332,-0.804146,-1.090294,1.999838,1.768970,-2.601284,1.333387,3.201117,2.214820,-0.736964,-0.169138,-0.957692
2398,58.660000,1.619207,0.448117,0.449449,1.807097,0.093073,-0.844058,-0.987671,1.894194,1.198995,-2.832849,1.154544,2.747251,2.188238,-0.658647,-0.447024,0.268187
2399,58.680000,1.872639,0.458152,0.202717,1.174830,0.265564,-0.797431,-0.482665,1.834955,1.742136,-2.859557,1.695735,2.999389,1.841990,-0.329098,-1.131145,1.254697
2400,58.700000,1.587803,0.607176,-0.025377,0.536018,0.302821,-0.711890,0.050311,1.745685,2.459989,-2.489115,1.824416,2.693511,1.589386,-0.150234,-1.822379,1.417124
2401,58.720000,0.800673,0.947085,-0.063806,-0.049794,0.400283,-0.484423,0.644347,1.739361,3.385862,-1.794300,1.789657,2.352279,1.430193,0.141263,-2.093863,1.197722
2402,58.740000,-0.040607,1.120039,-0.088775,-0.499397,0.525265,-0.212684,0.940768,1.462104,3.593519,-0.727177,1.600930,1.965338,1.082108,0.523205,-1.754467,0.697013
2403,58.760000,-0.525198,1.323300,0.012363,-0.909667,0.599628,-0.072671,1.000398,1.487051,3.795993,0.016452,1.470427,1.909974,0.882156,0.956207,-1.059555,0.293797
2404,58.780000,-0.690986,1.364245,0.181552,-1.203909,0.686660,0.037061,0.773075,1.337258,3.673831,0.634111,1.331030,1.927618,0.950973,1.295638,-0.298153,-0.013814
2405,58.800000,-0.730576,1.159455,0.153444,-1.145128,0.768931,0.120129,0.439969,1.270753,3.412040,0.936776,1.375944,2.117674,1.432630,1.817370,0.640666,0.254845
2406,58.820000,-0.750333,0.993210,0.045102,-0.863388,0.882370,0.158553,0.208439,1.216350,3.136033,0.854992,1.527974,2.606064,2.262193,2.438706,1.648878,0.876397
2407,58.840000,-0.631670,0.427191,-0.243746,-0.510645,0.773638,0.052477,0.079046,1.260273,2.521162,0.572352,1.624622,3.080757,2.780430,2.632277,2.617557,1.251444
2408,58.860000,-0.401142,0.432748,-0.379765,-0.262354,0.896948,0.066566,0.428286,1.288091,2.342368,0.006472,1.759761,3.816608,3.187241,2.937429,3.129848,1.616790
2409,58.880000,-0.131203,0.081954,-0.609909,0.033390,0.822341,-0.021757,0.698361,1.321713,2.084977,-0.565628,1.887611,4.202146,3.217099,2.898758,3.448596,1.791446
2410,58.900000,0.163186,0.054209,-0.656911,0.206030,0.775589,-0.069459,0.960234,1.405888,2.061920,-1.103669,1.968289,4.447893,3.164385,2.791398,3.383796,1.986367
2411,58.920000,0.540816,0.046749,-0.679558,0.286379,0.787134,-0.044744,1.196032,1.356363,2.091741,-1.410481,2.047768,4.634996,3.086620,2.693013,3.079402,2.162547
2412,58.940000,0.779370,0.086595,-0.689204,0.270949,0.789401,-0.029213,1.218872,1.340304,2.242788,-1.318450,1.964224,4.449859,2.899028,2.522478,2.464462,2.445026
2413,58.960000,1.076215,0.219075,-0.583660,0.129674,0.759191,-0.044415,1.091771,1.262273,2.351427,-1.148299,2.007255,4.246881,2.724266,2.530824,1.873905,2.901243
2414,58.980000,1.119176,0.303571,-0.501680,0.003845,0.769594,-0.048071,1.024693,1.075744,2.396861,-0.804463,2.052327,3.970857,2.557320,2.659137,1.511369,3.271201
2415,59.000000,0.604931,0.506590,-0.493628,-0.237948,0.635713,-0.091619,1.245980,1.257344,2.840681,-0.432270,1.912178,3.455594,2.588314,2.789318,1.541116,3.656978
2416,59.020000,-0.038950,0.630257,-0.533260,-0.398424,0.621775,0.007011,1.806075,1.202392,2.891119,-0.215143,1.820747,3.180266,2.641000,2.847519,1.735023,3.608176
2417,59.040000,-0.769223,0.767592,-0.572057,-0.554211,0.583998,0.143305,2.669658,1.128040,2.962557,-0.150260,1.591331,2.714625,2.719621,2.963327,2.079436,3.406016
2418,59.060000,-1.404472,0.686823,-0.621148,-0.469073,0.458755,0.259694,3.346867,0.962463,2.624162,-0.237376,1.382081,2.152100,2.644744,2.929126,2.420138,2.995289
2419,59.080000,-1.994992,0.815388,-0.658333,-0.597560,0.507621,0.565307,4.252246,0.970571,2.777201,-0.318451,1.171267,1.763584,2.823428,3.025984,2.756391,2.926775
2420,59.100000,-2.294301,0.616177,-0.769203,-0.751913,0.474860,0.831116,4.811649,1.004237,2.548614,-0.370396,0.949512,1.391765,2.915550,2.904397,3.039938,2.847008
2421,59.120000,-2.395485,0.551828,-0.716041,-0.733178,0.424767,1.064834,4.934002,0.949681,2.361617,-0.390622,0.779563,1.287737,2.985527,2.863868,3.154704,2.765628
2422,59.140000,-2.038480,0.403201,-0.657758,-0.798482,0.279410,1.265381,4.692176,0.995927,2.021546,-0.334637,0.556306,1.318711,3.141861,2.745011,3.302005,2.782002
2423,59.160000,-1.027267,0.269333,-0.447933,-1.070504,0.165872,1.210773,4.052723,1.063522,1.860875,-0.276185,0.499924,1.797427,3.489407,2.775300,3.499496,2.953238
2424,59.180000,0.125210,0.273833,-0.142786,-1.178462,0.209141,0.710260,3.088700,0.965101,1.589156,-0.048738,0.509770,2.422105,3.701795,2.912488,3.438147,3.139377
2425,59.200000,1.221058,0.481947,0.184088,-1.305595,0.291122,0.009027,2.051727,1.034361,1.605574,0.066745,0.625693,2.966575,3.833859,3.048070,3.303815,3.428346
2426,59.220000,2.297898,0.430245,0.338356,-1.258579,0.339785,-0.509199,0.792076,1.010645,1.403458,0.091335,0.788938,3.231536,3.732124,2.832361,3.191330,3.492104
2427,59.240000,3.523937,0.312840,0.488321,-0.993567,0.423515,-0.827897,-0.496119,0.959559,1.171180,-0.030763,1.099052,3.553141,3.449760,2.550884,3.313073,3.583718
2428,59.260000,4.350780,0.192994,0.664638,-0.480462,0.272111,-1.076234,-1.722519,0.835318,0.637851,-0.329029,1.127727,3.575181,3.338218,2.472276,3.697764,3.674073
2429,59.280000,4.537998,0.097503,0.727133,0.025650,0.041990,-1.155067,-2.248591,0.588012,0.038776,-0.673372,0.913721,3.382241,3.389712,2.630681,4.045639,3.728807
2430,59.300000,3.957868,0.131647,0.702939,0.219685,-0.117811,-1.171016,-1.810717,0.259381,-0.252009,-1.174802,0.653116,2.912844,3.620725,2.835197,3.942564,3.623803
2431,59.320000,2.907408,0.210196,0.901198,-0.271696,-0.159797,-1.080804,-0.063034,0.324928,0.241445,-1.685274,0.465111,2.168607,4.023570,2.911415,3.608988,3.618891
2432,59.340000,1.432155,0.128369,0.845112,-0.641420,-0.081803,-0.682237,2.223341,0.504689,1.119143,-2.479949,0.189063,0.983783,3.988774,2.756753,3.117228,3.499342
2433,59.360000,0.163085,0.125516,0.532863,-0.881914,-0.047989,-0.016664,4.269485,0.698547,1.984718,-2.705643,-0.265060,-0.145117,3.345492,2.226654,2.533661,3.436890
2434,59.380000,-1.543591,0.432020,0.028506,-0.506701,-0.112077,0.891641,5.316024,0.473648,1.860014,-1.792268,-0.017537,-0.379892,2.498446,1.701966,2.121397,3.069221
2435,59.400000,-3.321249,0.780595,-0.511388,-0.002701,-0.358947,1.856774,6.035582,0.390890,1.601036,-1.022103,0.303577,-0.619457,2.067747,1.326731,2.092974,2.606709
2436,59.420000,-3.720383,0.719744,-0.755724,0.131811,-0.521006,2.084119,5.886629,0.221545,1.174844,-0.815202,0.494735,-0.644667,1.907150,1.297260,2.348170,2.109048
2437,59.440000,-3.426183,0.578951,-0.696318,-0.226535,-0.581359,1.927228,5.116412,0.416826,0.867398,-0.561080,0.465228,-0.375723,2.043512,1.525486,2.855322,1.991310
2438,59.460000,-3.040217,0.482619,-0.558303,-0.432280,-0.625677,1.642760,3.936788,0.386845,0.570624,0.149094,0.309822,0.127627,2.539896,1.982304,2.989390,2.210433
2439,59.480000,-1.117987,0.216698,-0.057690,-0.636589,-0.281648,1.000330,2.540805,0.304214,0.444058,-0.053924,0.307451,0.822876,2.495967,2.458875,2.625607,2.402690
2440,59.500000,1.026287,0.247455,0.569426,-1.180419,-0.293938,0.490399,1.250109,0.482020,0.281191,0.134000,0.257341,1.541180,3.086092,2.964335,2.804517,2.958442
2441,59.520000,2.777608,0.186214,1.176086,-1.596505,-0.092151,-0.490002,-0.415657,0.635343,0.079770,0.565468,0.377950,2.134788,3.974183,3.271518,3.354440,3.524986
2442,59.540000,4.335362,0.068661,1.197761,-1.074516,0.051645,-1.031819,-2.274796,0.401896,-0.283526,0.469653,0.820567,3.021996,3.631231,3.576637,4.216627,3.725633
2443,59.560000,4.763468,-0.099759,0.721332,-0.416208,-0.081248,-1.102312,-3.251335,0.504646,-0.369552,0.025799,0.786233,2.900391,3.306791,3.515786,4.601805,3.653592
2444,59.580000,4.524665,-0.152426,0.677201,-0.353923,-0.082909,-1.058882,-2.902217,0.168259,-0.486094,-0.786363,0.702984,2.566752,3.509309,3.675066,4.708634,3.699126
2445,59.600000,3.643636,-0.001321,0.688971,-0.378181,0.039839,-0.945647,-1.725997,0.054709,-0.216670,-1.558296,0.508905,2.186250,3.796072,3.833650,4.270905,3.624229
2446,59.620000,2.830308,0.057190,0.689974,-0.544974,0.046550,-0.809327,0.162076,-0.042059,0.028774,-2.303998,0.401303,1.866946,4.095526,3.734429,3.824397,3.631603
2447,59.640000,2.029578,0.119063,0.641575,-0.558361,0.071294,-0.101107,1.662026,0.011297,0.500965,-2.764215,0.210983,1.270321,3.814017,3.438623,3.339267,3.506714
2448,59.660000,1.190393,0.052866,0.498729,-0.507375,0.167648,0.650991,2.905544,0.193482,1.026639,-2.820018,0.000869,0.491692,3.192905,3.048730,2.734333,3.491238
2449,59.680000,0.234013,0.184837,0.402677,-0.634477,0.084289,0.966787,3.899657,0.268225,1.480291,-2.271023,-0.034414,0.058606,2.567764,2.632299,2.315332,3.561862
2450,59.700000,-1.348729,0.540429,0.085754,-0.562101,-0.076298,1.300620,4.951452,0.382956,1.581422,-1.558343,0.033452,-0.315424,2.357604,2.150391,2.268173,3.551504
2451,59.720000,-2.784580,0.750428,-0.374419,-0.367470,-0.221350,1.604573,5.730018,0.358693,1.501944,-1.018006,0.134750,-0.566961,2.369888,1.686619,2.489942,3.303653
2452,59.740000,-3.320276,0.775059,-0.620289,-0.498367,-0.318813,1.583397,5.893173,0.395621,1.297974,-0.688732,0.268577,-0.546260,2.435620,1.414463,2.863408,2.898501
2453,59.760000,-3.218506,0.693187,-0.572585,-0.693682,-0.256208,1.459658,5.398717,0.399483,1.117144,-0.463894,0.428927,-0.251375,2.507987,1.566380,3.211002,2.606487
2454,59.780000,-2.382148,0.559312,-0.434937,-0.962774,-0.364448,1.413112,4.653705,0.492807,1.026483,-0.086062,0.361408,0.115168,2.768065,1.684467,3.348129,2.549323
2455,59.800000,-1.015893,0.423398,0.088058,-1.183572,-0.213043,1.023047,3.607811,0.552038,0.990924,-0.025146,0.324903,0.899660,3.030431,2.232588,3.340582,2.705875
2456,59.820000,0.751853,0.432239,0.605674,-1.459908,-0.036780,0.570863,2.352922,0.572117,1.050818,0.072655,0.402541,1.710111,3.377821,2.769843,3.245204,3.113310
2457,59.840000,2.367939,0.433092,0.887178,-1.628914,0.194424,-0.314758,0.871566,0.621790,1.070771,0.127005,0.797112,2.348140,3.575277,3.155794,3.280807,3.675538
2458,59.860000,3.894373,0.250230,0.854784,-1.275339,0.348993,-0.843552,-0.813481,0.523257,0.709190,-0.116217,1.109932,2.952379,3.230497,3.356150,3.578407,4.111808
2459,59.880000,4.678908,0.056908,0.662272,-0.549820,0.186659,-1.091660,-2.169832,0.617073,0.227500,-0.372134,1.207474,3.176562,2.907798,3.308846,4.051614,4.205739
2460,59.900000,4.567822,-0.032185,0.517318,0.186341,-0.025495,-1.113729,-2.861394,0.584988,-0.255537,-0.712654,1.019557,3.165150,2.978038,3.272515,4.261568,4.020087
2461,59.920000,4.125886,-0.009071,0.597865,0.172464,-0.124003,-1.089282,-2.297972,0.339647,-0.327186,-1.158860,0.761478,2.996435,3.449480,3.493356,4.145666,3.917634
2462,59.940000,3.045640,0.142247,0.720834,-0.017192,-0.052731,-0.982376,-0.951843,0.255131,-0.123115,-1.630576,0.560820,2.600589,4.040976,3.649824,3.851998,3.569755
2463,59.960000,2.154705,0.218261,0.805663,-0.308581,-0.009767,-0.771118,0.932562,0.052392,0.159629,-2.164182,0.318736,1.998620,4.275814,3.438457,3.614620,3.333447
2464,59.980000,1.111546,0.244521,0.657479,-0.654171,0.029942,-0.287070,2.728063,0.401576,1.044982,-2.498620,-0.001743,0.773889,3.852277,2.898291,3.182794,3.344354
2465,60.000000,0.141977,0.269081,0.323935,-0.883436,0.158719,0.346839,4.152695,0.543190,1.734045,-2.431565,-0.173784,-0.007170,3.143482,2.349984,2.779945,3.381170
2466,60.020000,-1.251503,0.463571,-0.157434,-0.468925,0.095576,0.956030,4.842877,0.328746,1.750081,-1.754102,0.053519,-0.277393,2.416162,1.933325,2.263592,3.166440
2467,60.040000,-2.795422,0.807406,-0.375517,-0.139669,-0.177814,1.593434,5.405000,0.306839,1.626109,-1.055467,0.193204,-0.535003,2.155285,1.633464,2.209591,2.875971
2468,60.060000,-3.235751,0.769242,-0.576395,-0.124470,-0.248426,1.713073,5.319809,0.203292,1.271260,-0.705064,0.361098,-0.484208,2.130216,1.623401,2.505419,2.504846
2469,60.080000,-3.276643,0.706826,-0.621740,-0.304474,-0.316841,1.825021,4.937814,0.388804,1.035551,-0.260203,0.309575,-0.271185,2.436845,1.817778,3.044755,2.473046
2470,60.100000,-2.388423,0.515637,-0.370624,-0.584409,-0.294652,1.584310,4.131552,0.471706,0.934389,-0.081008,0.269326,0.149346,2.683078,2.062790,3.241123,2.558213
2471,60.120000,-1.094404,0.367955,0.066891,-0.820625,-0.139771,0.968048,2.959722,0.446241,0.811727,-0.048525,0.266936,0.789968,2.798824,2.532333,3.082774,2.759990
2472,60.140000,0.580176,0.243119,0.534989,-1.134533,-0.119337,0.498522,1.815783,0.515489,0.661624,0.080954,0.185970,1.276608,3.218004,2.745815,3.033822,3.118906
2473,60.160000,1.713572,0.429511,1.147798,-1.177580,0.193053,-0.176234,0.568644,0.481744,0.758600,-0.026813,0.590484,2.086401,3.556396,3.310099,3.109854,3.636343
2474,60.180000,2.579476,0.343174,0.999860,-1.032233,0.268418,-0.570546,-0.437215,0.479815,0.629193,-0.137684,0.656685,2.159512,3.485460,3.377500,3.296452,3.889867
2475,60.200000,3.099503,0.185084,0.613840,-0.406021,0.186560,-0.798154,-1.173161,0.412916,0.167526,-0.475641,0.778454,2.141585,3.174360,3.235470,3.551492,3.772855
2476,60.220000,3.305414,0.101043,0.621333,0.018259,0.150611,-0.869156,-1.489745,0.376551,-0.002593,-1.006240,0.839174,2.263304,3.059110,3.338161,3.723272,3.749622
2477,60.240000,2.842980,0.183477,0.953519,0.027360,-0.121641,-0.865894,-1.216395,0.412567,-0.117886,-1.056934,0.385127,1.964068,3.428951,3.353425,3.689232,3.492160
2478,60.260000,2.333433,0.286313,1.475618,-0.103683,0.046012,-0.755277,-0.417574,0.432948,0.077966,-1.061584,0.416378,2.210095,3.948833,3.324657,3.672979,3.333599
2479,60.280000,1.712896,0.425251,1.554331,-0.139132,0.141636,-0.586107,0.312711,0.446849,0.306259,-0.969741,0.275855,2.140388,4.278708,3.061131,3.613361,3.040069
2480,60.300000,1.254070,0.454894,1.382364,-0.034521,0.300948,-0.367321,0.908510,0.406256,0.414556,-0.959917,0.080634,1.917037,4.275218,2.681105,3.633055,2.801224
2481,60.320000,1.112606,0.400486,1.047473,-0.047750,0.289464,-0.183303,1.390811,0.318496,0.534308,-1.040979,-0.020692,1.481615,3.995450,2.375634,3.527545,2.764656
2482,60.340000,0.942290,0.379623,0.948704,-0.212166,0.200033,-0.115695,1.925754,0.271229,0.797179,-1.252478,-0.101905,1.001796,3.581300,2.242043,3.288156,2.924409
2483,60.360000,0.667044,0.376697,0.877071,-0.419412,0.119272,-0.050660,2.463481,0.354337,1.025403,-1.425233,-0.114142,0.563857,3.288437,2.164646,3.102576,3.113947
2484,60.380000,0.397986,0.338325,0.666308,-0.504441,0.105527,-0.066264,2.723595,0.345173,0.990147,-1.417864,-0.118157,0.340331,3.083734,2.144339,2.979884,3.201092
2485,60.400000,0.264309,0.372503,0.674227,-0.610675,0.001809,0.024465,2.971286,0.282887,0.959808,-1.240639,-0.132654,0.284140,2.926027,2.157473,2.874867,3.203219
2486,60.420000,0.056110,0.427373,0.820555,-0.802010,-0.007895,0.136804,3.061101,0.432228,0.925990,-1.025200,-0.074907,0.361762,2.980886,2.099990,3.010956,3.087076
2487,60.440000,-0.051223,0.349223,0.796849,-0.836226,0.006001,0.179484,2.873487,0.410281,0.691744,-0.780986,-0.121520,0.454740,2.866625,1.785666,2.965320,2.658725
2488,60.460000,0.344356,0.113054,1.000175,-0.585370,-0.320576,0.491904,2.195793,0.178551,-0.011243,-0.479819,-0.546304,0.240056,1.511658,-0.054809,1.638500,0.755917
2489,60.480000,1.206195,-0.473655,1.387911,-0.071008,-0.877194,0.673643,0.883922,-0.102613,-0.728472,-0.613586,-0.749481,-0.261802,-0.652110,-1.984036,-0.212611,-1.100656
2490,60.500000,2.159860,-1.275727,1.367236,0.507595,-1.406163,0.705815,-0.114458,-0.125564,-1.191977,-1.124277,-0.648857,-0.635275,-2.189002,-1.840816,-0.835081,-0.982489
2491,60.520000,2.156811,-1.987898,1.151016,0.637685,-1.773274,-0.025121,-0.565619,0.143849,-1.290953,-1.100636,-0.543135,-0.638023,-2.361863,-0.812824,-0.779793,-0.059120
2492,60.540000,2.049402,-2.175457,0.860933,0.362709,-1.619452,-0.472545,-0.805490,0.315182,-1.183131,-0.746735,-0.582378,-0.730446,-1.429887,0.468838,-0.336466,1.142197
2493,60.560000,1.801904,-1.781247,0.218184,-0.316224,-1.413870,-0.670569,-0.593371,0.393422,-0.778991,-0.178172,-0.357053,-0.572492,0.145612,1.451362,0.121265,2.180602
2494,60.580000,1.771287,-1.466363,-0.105551,-0.745168,-0.977034,-0.401335,-0.322419,0.379723,-0.369207,-0.015060,-0.184690,-0.247046,1.208220,1.727307,0.281808,2.414854
2495,60.600000,1.639229,-1.155460,-0.290899,-1.237301,-1.024317,-0.083830,0.122161,0.350613,-0.032331,0.179223,-0.148554,-0.140819,1.681480,1.553820,0.224531,2.169524
2496,60.620000,1.751721,-1.014642,-0.213551,-1.464710,-0.853030,0.197171,0.491909,0.204442,0.100829,-0.026658,-0.074561,0.030463,1.685820,1.383851,0.150446,1.807398
2497,60.640000,1.710562,-0.854549,0.103437,-1.503805,-0.724912,0.534581,0.507044,0.158422,0.031801,-0.250735,-0.081079,0.024892,1.278358,1.221154,0.172023,1.237141
2498,60.660000,1.568516,-0.840801,0.694108,-1.566008,-0.950036,0.770143,0.606063,0.111607,-0.162854,-0.365167,-0.283725,-0.139249,0.972850,0.914880,0.248813,0.818315
2499,60.680000,1.351530,-0.919117,0.891015,-1.366427,-1.022640,0.634668,0.656839,-0.012234,-0.389314,-0.465426,-0.357859,-0.177218,0.721911,0.604457,0.102076,0.591971
2500,60.700000,1.154043,-0.849032,0.946783,-0.970445,-0.998099,0.500039,0.618732,-0.093380,-0.494066,-0.601063,-0.388797,-0.212873,0.347828,0.456821,-0.165335,0.482860
2501,60.720000,0.956704,-0.889773,0.838727,-0.671371,-1.006780,0.352970,0.511654,-0.113651,-0.566048,-0.716008,-0.389054,-0.285696,-0.030192,0.303600,-0.305836,0.340454
2502,60.740000,0.887223,-0.952285,0.760402,-0.509344,-0.949075,0.295706,0.433723,-0.110103,-0.558960,-0.819580,-0.337965,-0.295176,-0.266241,0.242188,-0.380723,0.332065
2503,60.760000,0.733624,-1.088975,0.975506,-0.318082,-0.831609,0.072378,0.205665,-0.103663,-0.564683,-0.975295,-0.380230,-0.372497,-0.776940,0.061012,-0.680437,0.184454
2504,60.780000,0.573748,-1.508751,1.354636,-0.122021,-0.869475,-0.177139,0.057895,-0.154394,-0.579771,-1.379017,-0.491122,-0.482800,-1.763021,-0.542030,-1.383022,-0.176140
2505,60.800000,0.492099,-1.942279,1.573385,0.202702,-1.022171,-0.200301,0.156147,-0.146191,-0.773903,-1.984156,-0.610170,-0.554063,-2.784437,-1.294177,-2.026615,-0.549829
2506,60.820000,0.478762,-2.357347,1.452725,0.539270,-1.127520,-0.185552,0.327136,-0.018530,-0.946081,-2.466568,-0.692730,-0.575197,-3.686702,-2.076928,-2.441054,-1.007830
2507,60.840000,0.455589,-2.541922,1.158528,0.658240,-1.194466,-0.238646,0.423348,0.207386,-0.923773,-2.638341,-0.690458,-0.564449,-3.816872,-2.235828,-2.352715,-0.854955
2508,60.860000,0.609915,-2.193592,0.766784,0.549448,-1.169216,-0.348225,0.557503,0.443156,-0.763863,-2.491274,-0.666608,-0.521006,-3.431064,-2.105849,-2.141475,-0.361802
2509,60.880000,0.866700,-2.214896,0.148828,0.048569,-1.160358,-0.400442,0.597134,0.658736,-0.645629,-2.116964,-0.586438,-0.425039,-2.905473,-2.091412,-1.943054,-0.164328
2510,60.900000,1.363728,-1.906211,-0.287396,-1.116948,-1.293574,-0.273261,0.765307,0.758697,-0.303254,-1.334681,-0.554696,-0.398248,-2.249961,-2.182659,-1.882337,0.020698
2511,60.920000,1.954814,-1.496931,-0.748945,-2.581830,-1.343463,-0.145483,0.718789,0.666673,0.128859,-0.101160,-0.380053,-0.348956,-1.372167,-2.211415,-1.930722,-0.127752
2512,60.940000,2.410819,-1.232674,-1.001622,-3.943286,-1.235236,-0.035574,0.326937,0.548977,0.482370,1.385188,-0.355481,-0.445076,-0.607572,-2.091674,-1.747199,-0.312264
2513,60.960000,2.358034,-0.710937,-0.919555,-5.282315,-1.219203,0.348302,0.391361,0.552452,0.894016,2.430858,-0.255021,-0.471119,-0.389607,-2.082573,-1.387198,-0.569598
2514,60.980000,2.085588,-0.412792,-0.580678,-5.911726,-1.166958,0.353599,0.391064,0.353525,0.954491,3.189520,-0.094171,-0.560776,-0.383753,-2.040316,-0.968393,-0.885839
2515,61.000000,1.854447,-0.389794,0.268077,-5.887936,-1.133119,0.233775,0.501613,0.184702,0.918891,2.984097,-0.229184,-0.727322,-0.398999,-2.081069,-0.734032,-1.309115
2516,61.020000,1.301852,-0.615983,1.735129,-4.947233,-0.978265,-0.256636,0.318125,0.031336,0.486254,1.943220,-0.395252,-0.802575,-0.561441,-2.345426,-0.852957,-1.931499
2517,61.040000,0.569281,-0.889364,3.264239,-3.105575,-0.978401,-0.786393,0.236895,-0.192636,-0.079516,0.063758,-0.581625,-0.621733,-1.161918,-2.723016,-1.381334,-2.519521
2518,61.060000,-0.291932,-1.077732,3.706906,0.442152,-1.172291,-1.225348,0.194849,-0.231749,-0.626353,-2.906441,-0.648340,-0.102170,-2.512138,-3.073888,-1.869428,-3.233415
2519,61.080000,-1.303606,-1.263922,3.452859,3.635398,-1.303787,-1.563676,-0.129351,0.005248,-0.632332,-5.541577,-0.538960,0.138891,-3.829150,-3.597268,-1.797214,-3.810831
2520,61.100000,-1.107164,-1.830048,2.356012,4.960260,-0.880733,-1.401367,0.011030,0.141617,-0.700117,-7.355956,0.131573,0.402951,-4.755360,-3.772623,-1.790901,-3.744242
2521,61.120000,-0.253015,-1.956488,1.256185,4.357746,-0.289350,-0.984236,0.673819,0.540653,-0.800636,-7.824779,0.340062,0.383440,-4.760972,-3.113958,-1.607450,-2.880690
2522,61.140000,0.801314,-1.448494,0.746069,3.027322,-0.162595,-0.081641,1.555795,0.872611,-0.923571,-6.985942,-0.043441,0.337051,-4.565821,-2.587162,-1.682686,-2.028656
2523,61.160000,2.189684,-1.214634,-0.126854,0.329774,0.055670,1.044005,1.991633,1.018914,-0.716399,-4.791599,-0.520144,0.072488,-4.254111,-2.891863,-2.081509,-1.637205
2524,61.180000,3.241423,-0.905850,-0.687095,-2.606206,0.215055,1.512471,1.557317,0.968622,0.113448,-2.184103,-0.583481,0.055724,-3.430048,-3.000857,-2.722860,-1.425016
2525,61.200000,2.625492,0.051051,-0.755414,-5.024477,-0.002696,1.674210,0.506947,0.863043,1.979309,1.083216,-0.628251,-0.293255,-2.149071,-3.466555,-3.455008,-1.323107
2526,61.220000,1.705890,0.001690,-0.853721,-6.096331,-0.409190,1.338321,0.252759,0.691506,2.321980,3.395559,-0.221295,-0.576677,-1.494931,-3.747680,-2.698826,-0.891949
2527,61.240000,0.971886,0.261329,-0.812427,-6.205409,-0.463197,0.854240,0.261897,0.430176,2.503416,4.646127,0.239747,-0.897373,-1.849514,-3.641768,-1.870946,-0.807103
2528,61.260000,1.202567,0.175767,-0.655718,-5.848451,-0.447686,0.788077,0.041310,0.005634,2.287830,4.514011,0.346170,-0.906211,-1.873883,-3.090433,-1.043192,-0.998402
2529,61.280000,1.009498,0.146217,0.326050,-4.768360,-0.368988,0.497377,0.217476,-0.053211,2.238373,2.859256,0.288847,-0.591486,-1.342694,-2.250564,-0.780457,-1.197023
2530,61.300000,0.515847,-0.074214,1.986865,-3.210231,-0.389070,0.019731,0.431373,-0.378484,1.592405,0.614520,-0.115381,-0.521351,-1.317498,-2.276333,-1.337832,-1.635959
2531,61.320000,-0.142979,0.086420,2.663463,-0.860840,-0.542520,-0.391361,1.088879,-0.188469,0.859157,-2.390942,-0.309086,-0.111054,-1.869273,-2.363947,-1.960379,-2.055721
2532,61.340000,-0.980501,-0.316182,2.219094,2.137561,-0.734820,-0.699024,1.375857,0.085289,0.156037,-5.294320,-0.502559,0.206241,-3.057088,-2.428910,-1.508431,-2.457328
2533,61.360000,-0.912989,-0.869212,1.406174,3.253567,-0.677279,-0.800403,1.626786,0.172187,-0.062206,-7.030346,-0.038830,0.591300,-3.886409,-2.781787,-1.604851,-2.533499
2534,61.380000,-0.644438,-1.589313,1.498157,4.168750,-0.282393,-0.830463,1.646713,0.213409,-0.775880,-8.193437,0.531442,0.913896,-4.103219,-2.755476,-1.528126,-2.177102
2535,61.400000,-0.528215,-1.408624,1.730411,4.398170,-0.058694,-0.704738,1.789301,0.742573,-1.058466,-8.384237,0.365409,0.925164,-3.719952,-2.854208,-1.307484,-1.426619
2536,61.420000,-0.374109,-1.408482,1.901739,3.513149,0.005257,-0.516897,1.959754,1.079100,-1.035724,-7.320195,0.166173,0.795069,-3.100639,-3.076090,-1.273778,-1.138710
2537,61.440000,0.517369,-1.373831,1.600888,1.833930,0.200181,-0.121381,1.947651,1.266278,-0.833606,-5.519557,0.113042,0.692652,-2.803065,-3.481381,-1.459180,-1.024678
2538,61.460000,2.099217,-0.654184,0.065963,-1.717712,0.232667,0.880615,2.234700,1.417800,0.422543,-2.686765,0.022475,0.895038,-1.936162,-3.856560,-1.969518,-1.090051
2539,61.480000,3.056766,0.268365,-0.681247,-4.538768,0.283313,1.534945,0.965250,1.147772,2.061935,-0.027186,-0.138185,0.726414,-1.042517,-3.914461,-2.527238,-1.726865
2540,61.500000,2.097582,0.493917,-0.915363,-5.680840,0.185770,1.402606,0.274856,1.028378,2.960321,2.389069,0.121823,0.227542,-1.131648,-3.611470,-2.502721,-1.591172
2541,61.520000,0.860360,0.480351,-1.154197,-6.348979,-0.153192,1.295933,0.253251,0.615517,3.156396,4.885029,0.646979,-0.708201,-2.147901,-3.748153,-2.405657,-1.289639
2542,61.540000,0.832220,0.410894,-1.066629,-6.256074,-0.293594,1.280596,0.124301,0.335237,3.093933,5.212420,0.725650,-1.110670,-2.746193,-3.128560,-1.795904,-1.382730
2543,61.560000,1.161557,0.097072,-0.643987,-4.750240,-0.345597,1.232780,-0.031245,-0.104745,2.443271,4.153144,0.612399,-0.857379,-2.738565,-2.471714,-1.442442,-1.482978
2544,61.580000,0.405244,0.349011,1.087347,-3.102822,-0.360791,0.406691,0.196999,-0.145131,2.488673,2.329294,0.142039,-0.658855,-2.267861,-1.987465,-2.091207,-1.689296
2545,61.600000,-0.199737,0.291944,1.921323,-1.391944,-0.340481,0.125110,0.821989,-0.224351,1.486677,-0.400241,-0.180613,-0.356849,-1.927476,-1.993610,-2.643051,-1.972906
2546,61.620000,-0.495707,0.193198,1.255066,1.130223,-0.424645,-0.292102,1.604513,0.104420,0.679178,-3.827038,-0.425027,0.247296,-2.350115,-1.849519,-2.063670,-2.059611
2547,61.640000,-0.702555,-0.243947,0.770931,2.549140,-0.646915,-0.560324,1.957680,0.242916,0.208494,-5.796352,-0.602429,0.306722,-2.952621,-2.130435,-1.311200,-2.154839
2548,61.660000,-0.755161,-0.942780,1.166753,3.868821,-0.333333,-0.650873,2.046944,0.184082,-0.473198,-7.510398,0.296829,1.043432,-3.483347,-2.383290,-1.436880,-2.231563
2549,61.680000,-0.820280,-1.037444,1.756514,4.702624,-0.094221,-0.915498,1.663873,0.524547,-0.984245,-7.855277,0.453600,0.995104,-2.958210,-2.649538,-1.135465,-1.630975
2550,61.700000,-0.761936,-0.987357,2.254921,4.335042,0.030682,-0.746697,1.979136,0.886272,-0.990956,-7.452814,0.417132,0.951270,-2.558693,-3.132697,-0.928033,-1.201387
2551,61.720000,-0.371850,-1.007435,2.095419,2.899738,0.203236,-0.308832,2.184497,1.141703,-0.788521,-5.727471,0.307263,0.760281,-2.391678,-3.823277,-0.961651,-1.074209
2552,61.740000,0.900536,-0.770751,1.263956,0.548246,0.298107,0.247859,1.743291,1.078037,-0.267032,-3.324956,0.003192,0.476519,-2.148449,-4.201058,-1.523523,-1.026367
2553,61.760000,2.567365,0.183040,-0.532871,-3.035935,0.188448,1.503380,1.689176,1.166286,1.663976,-0.826332,-0.084448,0.723185,-1.390394,-4.181204,-2.307137,-1.042907
2554,61.780000,2.579410,0.278995,-0.676972,-4.384028,0.314315,1.471142,-0.227592,0.315312,1.828493,1.485430,0.156161,0.101171,-1.695506,-3.452968,-2.899046,-1.254119
2555,61.800000,1.249680,0.711873,-0.992541,-5.683743,-0.060915,1.742722,0.159258,0.496682,3.083546,4.026640,0.381769,-0.551411,-2.422408,-3.230370,-2.792110,-0.809540
2556,61.820000,0.875002,0.504169,-1.168377,-6.435101,-0.392100,1.524662,0.088076,0.374370,3.189233,5.371647,0.816409,-1.096007,-2.929883,-3.103262,-2.307445,-1.044203
2557,61.840000,0.877022,0.295280,-0.993736,-5.630809,-0.310130,1.447988,0.172799,0.059528,2.864640,5.097264,0.571925,-1.196959,-3.192257,-2.567982,-1.747986,-1.386079
2558,61.860000,0.919524,0.079501,0.007601,-3.818356,-0.495212,0.867784,0.496784,-0.263408,2.293630,3.062962,0.211354,-0.763104,-2.810421,-2.393387,-1.863358,-1.754236
2559,61.880000,-0.191583,0.255090,1.526366,-2.107157,-0.594305,0.144984,0.967805,-0.218282,1.720347,1.048782,-0.207803,-0.633315,-2.308320,-2.351291,-2.672851,-2.203002
2560,61.900000,-0.303487,0.129494,1.204859,-0.022299,-0.626100,-0.076494,1.998237,0.015956,0.597267,-2.202788,-0.346089,0.048616,-2.241098,-2.345845,-2.482638,-2.252865
2561,61.920000,-0.550378,-0.069211,0.561192,1.599674,-0.623838,-0.260916,2.436184,0.269356,0.330023,-4.766963,-0.575034,0.307525,-2.838923,-2.236318,-1.316337,-2.310636
2562,61.940000,-0.686565,-0.711563,0.968879,3.200170,-0.464083,-0.419147,2.388919,0.201213,-0.257205,-6.849212,0.264074,1.049887,-3.536403,-2.345843,-1.252877,-2.558279
2563,61.960000,-0.839897,-0.966990,1.689595,4.793387,-0.267069,-0.960131,1.812684,0.297275,-0.947811,-8.023839,0.599855,1.141515,-3.297506,-2.530034,-0.931067,-2.071249
2564,61.980000,-1.078765,-0.914485,2.109299,5.228080,-0.082092,-1.066950,1.776602,0.817174,-1.022809,-8.046758,0.504142,1.218969,-2.370472,-2.756564,-0.689620,-1.673000
2565,62.000000,-0.989686,-0.925850,2.301642,4.152334,0.139525,-0.733002,1.902638,1.110670,-0.937812,-6.521569,0.336151,0.900119,-1.877289,-3.380356,-0.702969,-1.527548
2566,62.020000,-0.206206,-0.803946,2.159193,2.172015,0.200500,-0.247359,1.782746,1.260789,-0.572723,-4.212686,-0.043597,0.451630,-1.868918,-4.137644,-1.011453,-1.383328
2567,62.040000,1.766115,-0.131210,0.228475,-1.564697,0.219216,0.869266,1.989587,1.232485,0.941487,-1.447537,-0.103407,0.530810,-1.329085,-4.479982,-1.977118,-1.050899
2568,62.060000,2.763011,0.436518,-0.542980,-3.956649,0.305277,1.438024,0.573026,0.732993,1.974315,0.733124,-0.198418,0.113518,-1.165845,-4.077036,-2.396302,-1.265278
2569,62.080000,1.980040,0.391754,-0.840906,-4.740274,0.350111,1.500494,-0.140543,0.558567,2.310632,2.424742,0.296091,-0.000888,-1.879685,-3.139689,-2.559026,-0.873921
2570,62.100000,0.696159,0.529104,-1.059829,-5.516735,-0.102677,1.732431,-0.089291,0.257495,2.873715,4.733915,0.783474,-0.860390,-3.006572,-3.113942,-2.850238,-0.891389
2571,62.120000,0.674779,0.255345,-1.122069,-5.635306,-0.317705,2.079608,0.022944,0.033347,2.644731,5.412500,0.806403,-1.218234,-3.488479,-2.923376,-2.399132,-1.311641
2572,62.140000,0.825135,0.130124,-0.584219,-4.261078,-0.391425,1.789686,0.224825,-0.200617,2.272548,4.212014,0.369876,-1.072722,-3.332164,-2.519576,-2.031737,-1.596263
2573,62.160000,0.306156,0.233813,0.947382,-2.460357,-0.572818,0.839856,0.680989,-0.237025,1.788820,2.129099,-0.083751,-0.721202,-2.876715,-2.444604,-2.612221,-2.120234
2574,62.180000,-0.020645,0.238594,1.246189,-0.976645,-0.719535,0.409427,1.713204,-0.151731,0.712401,-0.585026,-0.262574,-0.208656,-2.531380,-2.650516,-3.068973,-2.524645
2575,62.200000,-0.197784,0.144634,0.420479,0.326235,-0.764718,0.070955,2.514055,0.226831,0.371283,-2.822546,-0.635722,0.069885,-2.882442,-2.618449,-2.361203,-2.563497
2576,62.220000,-0.509911,-0.414965,0.529776,1.857981,-0.563808,0.112846,2.581399,0.299376,-0.097708,-4.645550,-0.181447,0.656944,-3.789663,-2.803015,-1.760409,-2.937704
2577,62.240000,-0.732824,-0.735832,0.967744,3.207330,-0.610525,-0.144219,2.068502,0.287606,-0.543915,-5.835334,0.152525,0.811522,-3.964008,-3.047918,-1.624826,-3.057472
2578,62.260000,-0.925082,-0.750932,1.352399,4.295397,-0.386235,-0.435706,1.615299,0.642568,-0.776975,-6.574645,0.212731,0.998864,-3.155855,-3.125673,-1.348055,-2.738996
2579,62.280000,-0.887803,-0.752670,1.783921,4.365329,-0.072305,-0.695428,1.255405,0.870606,-0.925978,-6.304317,0.239415,0.886895,-2.387095,-3.456731,-1.106886,-2.464580
2580,62.300000,-0.673466,-0.684841,2.301118,3.883398,0.087222,-0.651587,0.883466,1.001142,-0.992942,-5.312387,0.072917,0.712450,-1.980307,-4.032875,-1.092707,-2.261704
2581,62.320000,-0.132572,-0.446351,2.019340,2.012767,0.164160,-0.113309,1.149895,1.178833,-0.460087,-3.589957,0.008209,0.759001,-1.725515,-4.427736,-1.424754,-1.940339
2582,62.340000,1.279649,-0.007771,0.314331,-1.105238,0.261482,1.066286,1.192246,0.818516,0.254244,-0.880153,-0.016264,0.478049,-1.413662,-4.365173,-2.120190,-1.485011
2583,62.360000,1.962877,0.202442,-0.412685,-3.025196,0.321813,1.938928,0.812503,0.540900,0.843338,0.580074,-0.098144,0.277778,-1.899265,-3.972172,-2.201083,-1.546883
2584,62.380000,1.181563,0.377166,-0.642188,-3.894868,0.070459,2.136762,0.609530,0.298473,1.481413,2.288719,-0.069641,-0.237150,-2.428448,-3.598468,-2.389806,-1.317921
2585,62.400000,0.681444,0.286348,-0.691596,-4.473367,-0.356070,1.847464,0.362930,-0.022371,1.517052,3.633650,0.299055,-0.595326,-3.273926,-3.490704,-2.666704,-1.774744
2586,62.420000,0.113993,0.347568,-0.530747,-4.127167,-0.469349,1.576830,0.252368,-0.107142,1.442494,4.033695,0.545635,-0.819207,-3.791299,-3.248715,-2.680634,-2.117271
2587,62.440000,-0.078775,0.290350,-0.090433,-3.256801,-0.673952,1.214990,0.406056,-0.134925,1.295516,3.443273,0.463630,-0.802550,-3.663783,-3.309112,-2.574538,-2.452679
2588,62.460000,0.193297,-0.089610,0.623266,-1.961716,-0.754798,0.874278,0.668988,-0.224011,0.574468,1.416371,0.234707,-0.371535,-3.154615,-3.398526,-2.771311,-2.827951
2589,62.480000,-0.147602,0.095899,1.261131,-1.087777,-0.841369,0.178356,1.158358,0.111407,0.353966,-0.284583,-0.151592,-0.301650,-2.645566,-3.358495,-3.076246,-3.164521
2590,62.500000,-0.181430,0.075198,0.893706,-0.270660,-0.803693,0.222008,1.554191,0.228221,0.207603,-1.613324,-0.119933,0.135071,-2.823519,-3.276583,-3.176030,-3.330011
2591,62.520000,-0.257926,-0.124398,0.274075,0.546820,-0.442372,0.765649,1.569130,0.295702,0.024072,-2.485858,0.158811,0.466741,-3.264298,-3.073119,-2.886128,-3.112891
2592,62.540000,-0.379908,-0.146967,0.152591,1.180446,-0.455036,1.017180,1.600882,0.300080,-0.065457,-2.860856,0.214444,0.562105,-3.509240,-2.931321,-2.670894,-3.048020
2593,62.560000,-0.489928,-0.297816,0.135457,1.587041,-0.384135,0.926930,1.487583,0.403299,-0.110594,-3.165743,0.215850,0.763073,-3.544971,-2.769501,-2.678465,-3.107846
2594,62.580000,-0.576391,-0.186229,0.199505,1.589823,-0.269098,0.860846,1.477617,0.567289,-0.047537,-3.100657,0.231928,0.916110,-3.311257,-2.597275,-2.778895,-3.001282
2595,62.600000,-0.698040,-0.001087,0.159517,1.126400,-0.161136,0.973354,1.635872,0.759769,0.149476,-2.588604,0.168038,1.004157,-2.889625,-2.574564,-2.827296,-2.843765
2596,62.620000,-0.658343,0.100184,0.143409,0.596794,0.211011,1.361967,1.474747,0.754081,0.336454,-1.679800,0.340192,1.321638,-2.422922,-2.613851,-2.968929,-2.642652
2597,62.640000,-0.626269,0.255089,0.219161,0.195453,0.429024,1.399892,1.023515,0.691179,0.560319,-0.672447,0.414800,1.444801,-2.077338,-2.662780,-2.930686,-2.509454
2598,62.660000,-0.639411,0.350597,0.285710,-0.176925,0.417080,1.239597,0.745679,0.629385,0.714661,0.135909,0.428975,1.411643,-1.838976,-2.712394,-2.653938,-2.416123
2599,62.680000,-0.577425,0.442452,0.321029,-0.572160,0.310286,1.030676,0.742211,0.642116,0.937127,0.556974,0.501434,1.307972,-1.637975,-2.675493,-2.259228,-2.329915
2600,62.700000,-0.319981,0.542256,0.401199,-0.695207,0.201024,0.844930,0.783833,0.471604,0.883109,0.533363,0.544330,1.229005,-1.571780,-2.613900,-1.956223,-2.417377
2601,62.720000,0.158499,0.504500,0.415941,-0.620634,0.232432,0.904399,0.743424,0.396444,0.826970,0.375606,0.729636,1.497270,-1.615418,-2.561883,-1.801891,-2.482243
2602,62.740000,0.670058,0.421757,0.393419,-0.561698,0.153721,0.728712,0.546703,0.331659,0.707441,0.274923,0.752798,1.501783,-1.754418,-2.469595,-1.765285,-2.581122
2603,62.760000,1.142453,0.473417,0.458112,-0.611038,0.143864,0.641012,0.488409,0.401228,0.794922,0.196411,0.708579,1.683373,-1.723274,-2.329103,-1.709742,-2.540928
2604,62.780000,1.735475,0.444039,0.449259,-0.652991,0.158241,0.514655,0.322911,0.396654,0.780786,0.182262,0.696698,1.821167,-1.765297,-2.253021,-1.723567,-2.421517
2605,62.800000,2.430329,0.379919,0.467773,-0.740216,0.205099,0.273981,0.005680,0.388368,0.711513,0.128462,0.648176,1.906355,-1.941493,-2.178628,-1.807074,-2.254323
2606,62.820000,3.090791,0.293350,0.479408,-0.785195,0.140162,-0.158822,-0.556915,0.341757,0.406279,0.159558,0.548795,1.828667,-2.211025,-2.197541,-1.854640,-2.219769
2607,62.840000,4.015444,0.215271,0.580773,-0.869386,0.245355,-0.419386,-1.253696,0.425281,0.250840,0.263724,0.670820,2.307504,-2.248892,-2.238659,-1.648035,-2.078260
2608,62.860000,4.850980,0.036722,0.572620,-0.920621,0.176919,-0.754613,-1.984823,0.440856,-0.135884,0.472582,0.578134,2.498972,-2.158860,-2.373747,-1.206900,-2.154879
2609,62.880000,5.123553,0.014300,0.508503,-0.760907,0.049833,-0.884374,-2.620204,0.570910,-0.398150,0.607053,0.232895,2.325902,-1.990387,-2.545822,-0.770183,-2.464621
2610,62.900000,5.479962,0.006777,0.474734,-0.637941,0.127340,-0.929549,-2.856484,0.407194,-0.645596,0.386498,0.434476,2.660784,-1.803625,-2.350505,-0.258912,-2.459972
2611,62.920000,5.360750,0.096974,0.460903,-0.760135,0.084184,-0.967250,-2.547089,0.408658,-0.475473,0.104975,0.391691,2.565848,-1.536868,-2.134484,-0.207026,-2.477583
2612,62.940000,4.959912,0.115989,0.393639,-0.896038,0.113687,-0.770810,-1.405304,0.156604,-0.387641,-0.411292,0.361752,2.346111,-1.419708,-1.997249,-0.324230,-2.379086
2613,62.960000,4.134194,0.172079,0.146936,-0.795100,0.087133,-0.065853,0.311322,0.106513,0.121467,-1.254704,0.304568,1.884435,-1.571164,-2.083868,-0.939718,-2.225583
2614,62.980000,2.284581,0.209614,-0.202899,-0.883493,-0.368058,0.912723,2.996027,0.441572,1.174709,-1.925650,-0.101593,-0.033196,-1.978641,-2.676200,-2.046515,-1.952397
2615,63.000000,-0.993400,0.781411,-0.810207,-0.180290,-0.810706,2.016304,5.965785,0.541291,1.913760,-1.629652,0.121172,-1.267946,-2.438531,-3.678553,-3.129475,-1.612715
2616,63.020000,-3.596114,1.309207,-1.014170,0.514399,-1.209363,2.127361,7.269447,0.430490,1.961639,-1.055006,0.741823,-1.146953,-2.421595,-4.019252,-3.665371,-1.697395
2617,63.040000,-4.536736,1.435329,-1.133820,0.208449,-1.720213,2.185912,7.624692,0.481154,1.714408,-0.730285,0.979074,-1.418259,-1.717091,-4.094062,-2.865497,-2.107520
2618,63.060000,-4.807518,1.056385,-1.110651,-0.057274,-1.124436,2.254633,6.912961,0.425797,1.734329,-0.573462,1.181096,-1.199558,-1.092268,-3.380126,-1.992241,-2.246002
2619,63.080000,-3.981058,0.437655,-0.979829,-0.120749,-0.543664,2.318211,5.530267,0.356250,1.720936,-0.550976,1.221774,-0.771261,-0.985067,-2.711170,-1.856969,-2.222799
2620,63.100000,-1.979689,0.071466,-0.421384,-0.409590,-0.353555,2.090868,3.205081,0.241562,1.039084,-0.156846,0.895791,-0.041377,-1.314551,-2.310583,-2.111133,-2.193416
2621,63.120000,0.376531,0.008189,0.224211,-1.045369,-0.109324,1.128368,1.187679,0.266235,0.654723,0.518223,0.721227,1.201476,-1.331517,-1.285394,-2.019182,-1.529263
2622,63.140000,1.750241,-0.087737,1.096392,-2.034806,0.485030,-0.215507,-0.152817,1.248881,2.406210,0.305945,0.971037,1.571640,0.672867,1.012228,-0.568572,1.731922
2623,63.160000,2.576625,-0.379374,0.035167,-2.116500,0.380606,-0.169905,-0.982685,1.917002,2.832328,0.938543,0.945254,1.781608,2.397812,1.416897,1.392188,3.258720
2624,63.180000,2.564382,-0.789958,-0.500742,-0.793916,0.040519,-0.467517,-1.964566,2.360162,1.923480,1.166491,0.828717,2.267628,2.132650,0.176670,1.690546,1.806663
2625,63.200000,2.121732,-0.051865,0.105213,0.756077,-0.059635,-0.960532,-3.184373,2.593806,1.402571,0.630292,0.831901,2.790263,1.183766,-0.437549,0.316838,-0.246255
2626,63.220000,1.958245,0.349551,0.683241,1.403593,-0.294524,-1.131113,-3.307878,2.088628,0.643281,-0.313837,0.966934,2.859113,0.890646,-1.142071,-0.356678,-1.218966
2627,63.240000,1.762711,0.796548,1.475943,1.879631,-0.323010,-1.091053,-2.919868,1.612470,0.169359,-1.222643,1.048833,2.644320,1.374241,-1.361094,-0.440809,-1.500549
2628,63.260000,1.347057,0.968409,1.884600,1.838855,-0.115326,-0.991328,-2.117447,1.309495,0.423247,-1.831204,1.017926,2.425139,1.960916,-1.028458,-0.280079,-1.380533
2629,63.280000,0.533659,1.094448,1.724727,1.514299,0.160787,-0.804791,-0.872500,1.275555,1.334858,-2.164467,0.632601,1.840264,2.298884,-0.640481,-0.503794,-0.950039
2630,63.300000,-0.174044,1.287118,1.153370,1.147877,0.569775,-0.711861,0.560638,1.631077,2.859910,-2.256706,0.917990,1.669471,2.427496,-0.402355,-1.050286,-0.031445
2631,63.320000,-0.859654,1.584788,0.326602,0.712284,0.586089,-0.638489,1.609124,1.990116,4.086473,-1.788329,1.209958,1.175200,2.819644,0.388595,-0.719097,1.596893
2632,63.340000,-1.317306,1.634690,-0.105753,0.585842,0.566944,-0.577725,1.622615,2.248671,4.988428,-0.808882,1.551552,1.047850,3.050568,1.680176,-0.307084,2.761507
2633,63.360000,-1.600888,1.491032,-0.369130,0.690555,0.599882,-0.546381,1.359492,2.348044,5.474589,0.019083,1.712029,1.106334,3.022405,2.865924,-0.261756,3.259043
2634,63.380000,-1.437469,1.183441,-0.548875,0.777527,0.743216,-0.609414,1.276178,2.443867,5.607467,0.341977,1.795359,1.660238,2.711623,3.223213,-0.508608,3.066467
2635,63.400000,-0.897012,1.252714,-0.467706,0.895901,0.796638,-0.783393,0.869244,2.520625,5.667578,0.527701,2.260226,2.663801,2.788035,3.263342,-0.516638,2.654641
2636,63.420000,0.076596,1.106846,-0.310891,0.811119,0.664922,-1.019937,0.045453,2.702946,5.259127,0.900693,2.237262,3.352495,2.966568,2.902606,0.035191,2.233688
2637,63.440000,1.227057,1.200573,0.108659,1.201014,0.414186,-1.337921,-1.481546,3.003622,4.598613,1.368568,2.306467,3.901606,3.238107,2.587530,0.483993,1.985110
2638,63.460000,2.633870,1.251285,0.668898,1.959447,0.223322,-1.641112,-3.641087,3.210488,3.396411,1.755176,1.720968,3.770386,3.739488,2.290016,0.870933,1.974514
2639,63.480000,4.323097,1.554145,1.339703,2.656734,0.281141,-1.570787,-6.517307,3.014126,0.955204,2.529053,0.543862,3.787481,4.133484,2.504765,1.415015,2.423698
2640,63.500000,5.404261,1.640165,1.963941,2.458019,-0.192130,-1.519381,-8.536447,2.637596,-1.777404,3.003151,-1.077913,3.137193,4.342055,3.007511,2.602090,2.890137
2641,63.520000,3.983302,1.569990,2.277344,0.774006,-0.747557,-1.394867,-5.496855,1.552000,-1.610669,2.006804,0.316404,3.831332,4.458508,2.862371,3.199745,2.239185
2642,63.540000,1.618500,1.437172,1.572859,-1.515792,-0.247709,-1.107469,-0.278600,0.099833,0.003846,0.043162,1.631406,4.066254,5.005237,3.247998,4.320478,1.544666
2643,63.560000,0.631482,1.069450,0.203778,-1.849516,0.183316,-0.512756,3.358960,-0.279456,0.969448,-2.476609,1.160662,2.642538,4.556419,3.337484,5.623131,0.739453
2644,63.580000,-0.609479,1.041073,-1.074890,-1.078088,0.716459,0.119770,5.291078,1.205543,3.144473,-3.617504,0.164963,0.203592,3.511041,2.225528,4.657953,1.349100
2645,63.600000,-2.554556,0.899821,-1.365072,0.137778,0.337591,0.490954,6.029028,1.507805,3.349689,-3.123876,0.586576,-0.198530,2.471463,1.511121,3.084401,1.602239
2646,63.620000,-3.781840,0.476474,-1.353242,0.681610,0.247208,0.576915,5.815762,1.160289,2.575131,-2.622506,1.167987,0.218898,1.513007,1.318611,1.859114,1.580920
2647,63.640000,-4.124586,0.459590,-1.356944,0.100455,0.261868,1.171102,6.051558,1.364836,3.138400,-2.347212,1.074064,-0.012199,2.100538,1.738864,2.048777,2.056850
2648,63.660000,-3.745275,0.357266,-1.094394,-0.316825,0.609250,2.040351,5.446445,1.397346,2.822780,-1.745720,0.821455,0.641178,2.528363,2.704440,2.859614,2.722495
2649,63.680000,-2.646151,0.261603,-0.662103,-0.451768,0.994291,2.073901,4.026926,1.113676,2.463861,-1.099426,0.858777,2.278315,2.862458,3.715033,3.364852,3.229322
2650,63.700000,-0.976629,0.303874,-0.349919,-0.911094,0.736758,1.066708,2.717046,1.477030,2.353152,-0.780422,1.182763,3.875806,3.604105,4.174051,3.740666,3.847962
2651,63.720000,0.931184,-0.067945,-0.219007,-1.496951,0.468971,0.076173,1.366864,1.602618,1.539993,-0.451104,0.982182,4.271271,4.476690,3.685265,4.328031,3.990591
2652,63.740000,2.777270,-0.519265,-0.250291,-1.702694,0.490732,-0.452849,0.248379,1.907355,1.451928,-0.477410,1.391956,5.195671,4.779589,2.805374,4.570278,3.790301
2653,63.760000,3.761053,-0.946196,-0.418052,-1.477718,0.380220,-0.896992,-0.885832,2.015908,1.099661,-0.301304,1.281270,5.085628,4.255798,1.493962,4.719057,3.086468
2654,63.780000,4.096321,-0.539923,0.103787,-0.783829,0.253082,-1.053020,-1.733132,1.381228,0.361893,-0.955278,0.916204,4.301012,3.952018,0.723742,4.834355,2.695959
2655,63.800000,4.012140,-0.178620,0.376298,-0.395481,0.005779,-1.077315,-1.782365,1.015141,0.259538,-2.005166,0.942423,3.821155,3.852848,0.608548,4.270567,2.523305
2656,63.820000,2.818110,0.191313,0.675299,-0.396743,-0.358664,-1.077184,-0.307472,0.356756,0.276275,-2.934807,0.715987,2.475689,4.282495,0.996496,3.952832,2.893686
2657,63.840000,1.161303,0.341296,0.860344,-0.311935,-0.433592,-0.933003,1.907082,0.559207,1.034074,-3.853378,0.288612,1.110492,4.077769,1.128335,3.104525,2.857483
2658,63.860000,0.071656,0.279015,0.718623,-0.674999,-0.325703,-0.526322,3.674059,0.831330,2.124964,-3.615130,-0.223173,-0.012303,3.556510,1.302581,2.335067,2.941996
2659,63.880000,-0.751922,0.486658,0.565316,-0.928029,-0.012116,-0.010553,4.490488,1.005392,2.799180,-2.505535,-0.102479,-0.047933,2.933306,1.627260,1.771374,3.029462
2660,63.900000,-2.243726,0.850325,-0.071755,-0.842892,0.086149,0.639904,4.848775,0.822807,2.468763,-1.243101,0.254346,-0.106102,2.586584,1.848580,1.832211,3.088465
2661,63.920000,-2.884806,0.811584,-0.383696,-0.682907,0.148960,1.353819,4.718876,0.794545,2.141976,-0.647760,0.362425,-0.124393,2.607053,2.223184,2.293054,3.140968
2662,63.940000,-2.870063,0.885185,-0.409227,-0.417858,0.307257,1.470984,4.381088,0.514162,1.956832,-0.487763,0.618511,0.191233,2.564183,2.858446,2.579388,2.850579
2663,63.960000,-2.517100,0.710577,-0.363599,-0.622377,0.262413,1.717975,3.810212,0.677205,1.530345,0.071109,0.333948,0.453373,2.977378,3.162870,3.223595,3.052284
2664,63.980000,-1.632369,0.639350,-0.066103,-0.679153,0.353895,1.290049,3.080246,0.609845,1.430553,0.150962,0.411173,1.140491,3.228705,3.344383,3.304848,3.148285
2665,64.000000,-0.099507,0.480557,0.195451,-0.939789,0.355653,0.522386,2.007323,0.652191,1.215803,0.343208,0.370814,1.719143,3.413600,3.261282,3.235818,3.317024
2666,64.020000,1.077408,0.603390,0.758110,-1.208214,0.304974,-0.178827,1.027547,0.845016,1.211232,0.512974,0.489998,2.255986,3.778939,3.336655,3.452950,3.610479
2667,64.040000,2.377214,0.626218,0.907987,-1.094122,0.522708,-0.515272,-0.132912,0.813512,1.155455,0.521556,0.809588,2.862640,3.667460,3.135843,3.554733,3.815728
2668,64.060000,3.332622,0.352188,0.765365,-0.352227,0.378340,-0.849599,-1.564088,0.785040,0.539349,0.242335,0.843433,3.024459,3.292450,2.800652,3.726048,3.620638
2669,64.080000,3.778349,0.208917,0.797533,0.190772,0.042368,-0.992898,-2.195808,0.581366,-0.056724,-0.261999,0.743061,2.843280,3.138712,2.630527,4.024866,3.543421
2670,64.100000,3.392361,0.266275,0.978878,0.415394,-0.139437,-1.032805,-2.193294,0.581596,-0.118296,-0.679942,0.589300,2.580220,3.398975,2.748826,3.992832,3.389020
2671,64.120000,2.575787,0.320407,1.200511,0.165044,-0.255234,-0.940855,-1.158454,0.504595,0.043343,-0.993948,0.264535,2.087693,3.969518,2.738804,3.755692,3.137951
2672,64.140000,1.630023,0.293672,1.309487,0.100873,-0.109283,-0.800404,0.431347,0.306191,0.179042,-1.686231,0.057085,1.680734,4.288904,2.694053,3.507440,2.839892
2673,64.160000,0.621119,0.352444,1.498928,-0.280490,-0.075896,-0.505040,2.129361,0.540159,1.078857,-2.185754,-0.136355,0.730579,4.027897,2.330560,3.170395,2.823550
2674,64.180000,-0.140705,0.321194,1.209345,-0.711728,-0.027031,-0.288463,3.660823,0.621271,1.621159,-2.453459,-0.360390,-0.097578,3.526443,1.796532,2.971218,2.926771
2675,64.200000,-0.792668,0.399481,0.661723,-1.236074,-0.117838,0.100859,4.486083,0.669272,1.832071,-1.874068,-0.352109,-0.409074,2.972769,1.250723,2.841837,2.983979
2676,64.220000,-1.392598,0.590833,0.334538,-1.346391,-0.111195,0.341651,4.627470,0.560156,1.726800,-1.378483,0.022216,-0.352930,2.630646,1.054290,2.853322,2.796414
2677,64.240000,-1.712363,0.650846,0.092042,-1.146573,-0.173271,0.435777,4.426228,0.429040,1.435595,-0.951948,0.291742,-0.233948,2.458435,1.223489,2.945493,2.483135
2678,64.260000,-1.496506,0.540258,0.312056,-1.125569,-0.067236,0.381209,3.832050,0.568272,1.112448,-0.697298,0.328379,0.188079,2.529201,1.521059,3.388569,2.232851
2679,64.280000,-1.219811,0.499740,0.717531,-0.778940,0.097439,0.117419,2.730775,0.516831,0.803647,-0.377015,0.332794,0.883595,2.738032,2.037832,3.660548,2.060430
2680,64.300000,-0.692423,0.426336,1.346362,-0.135316,0.192229,-0.263813,1.584246,0.558591,0.593685,-0.240955,0.267744,1.462648,3.055022,2.267058,3.726033,1.984136
2681,64.320000,-0.104099,0.458128,1.777818,0.884625,0.112668,-0.619035,0.027309,0.481631,0.211925,-0.340782,0.323185,1.857851,3.342725,2.207543,3.875973,1.718501
2682,64.340000,0.791144,0.529206,1.767419,2.074363,-0.060526,-0.834613,-1.683407,0.312903,-0.262490,-0.607827,0.427453,2.118470,3.531393,2.095271,4.171873,1.538974
2683,64.360000,1.594974,0.489703,1.600089,2.771436,-0.314165,-0.964981,-2.548844,0.192410,-0.520290,-1.224926,0.594575,2.153150,3.632814,2.252551,4.382998,1.754884
2684,64.380000,1.762322,0.393256,1.526026,2.426050,-0.448496,-0.828333,-2.273675,0.258640,-0.259493,-1.603915,0.430575,1.702839,3.983369,2.592096,4.132814,2.114753
2685,64.400000,1.876374,0.209350,1.282481,1.811039,-0.137835,-0.526567,-0.996925,0.150412,-0.119510,-2.143347,0.396285,1.776661,4.273744,3.052867,3.786391,2.709856
2686,64.420000,1.579472,0.205902,1.351626,0.954536,0.158635,-0.310272,0.165997,0.390568,0.518321,-2.396565,0.243186,1.446137,4.355494,3.291799,3.355488,3.173508
2687,64.440000,1.413264,0.230257,1.106324,0.107918,0.270675,-0.048824,1.210909,0.455739,0.915896,-2.269003,-0.042423,1.121989,4.264696,3.183677,3.116319,3.457612
2688,64.460000,1.331423,0.317561,0.879439,-0.676628,0.301168,0.059336,1.975646,0.538759,1.239944,-2.015561,-0.125041,0.894215,4.027133,2.827796,3.062705,3.616266
2689,64.480000,1.187003,0.444573,0.707127,-1.602395,0.132712,0.074820,2.725450,0.628747,1.403221,-1.526481,-0.212527,0.533165,3.843661,2.175846,3.230502,3.585337
2690,64.500000,1.256636,0.432276,0.639099,-2.174691,0.075547,0.085365,3.144334,0.612567,1.333385,-1.227587,-0.195139,0.470227,3.680116,1.563768,3.496750,3.346866
2691,64.520000,1.322338,0.476188,0.637665,-2.368975,0.035034,0.025309,3.058706,0.437402,0.992479,-0.891792,-0.166121,0.606618,3.480393,1.209129,3.716425,2.896195
2692,64.540000,1.268975,0.476881,0.970955,-2.134724,-0.011971,-0.124815,2.439214,0.417009,0.577851,-0.576427,-0.132542,0.929412,3.507327,1.109182,3.949454,2.462244
2693,64.560000,1.315403,0.400297,1.331595,-1.539347,-0.079564,-0.325787,1.758978,0.335941,0.301685,-0.479535,-0.129751,1.193661,3.435792,1.117302,3.958528,2.065803
2694,64.580000,1.297420,0.353326,1.601737,-0.610328,-0.113569,-0.569690,0.829138,0.378786,0.118065,-0.610388,-0.097066,1.512855,3.502673,1.320507,3.937565,1.846631
2695,64.600000,1.361357,0.285226,1.730917,0.549772,-0.102761,-0.696726,-0.152817,0.344271,-0.054392,-1.004038,0.033851,1.782783,3.507124,1.692822,3.994582,1.790595
2696,64.620000,1.653219,0.265623,1.649723,1.602978,-0.133082,-0.897958,-1.070707,0.261123,-0.231063,-1.682960,0.279192,2.085174,3.505219,2.216295,4.083417,1.924490
2697,64.640000,1.886896,0.248918,1.412518,1.787447,-0.340183,-0.814335,-1.112359,0.251943,-0.033871,-2.158137,0.260934,1.922089,3.717987,2.626642,3.802281,2.298997
2698,64.660000,2.283619,0.153381,1.099259,1.467882,-0.025863,-0.543310,-0.627963,0.283530,0.338657,-2.642291,0.516410,1.909964,3.828599,3.138474,3.178795,2.900946
2699,64.680000,2.675735,0.123627,0.634014,0.931481,0.155794,-0.198088,0.050365,0.347638,0.809106,-2.760824,0.442964,1.539891,3.787158,3.538087,2.440712,3.700660
2700,64.700000,2.465620,0.224467,0.596928,0.306644,0.183531,0.342366,0.601642,0.584306,1.123644,-2.382548,0.021211,1.170159,3.746943,3.827263,2.081693,4.242947
2701,64.720000,1.996089,0.377238,0.750312,-0.142217,0.321422,0.235688,1.323948,0.647457,1.311903,-1.958748,0.048331,1.255465,3.684872,3.898888,1.988662,4.559058
2702,64.740000,1.483697,0.529953,0.777893,-0.582079,0.354625,0.032558,1.870090,0.667453,1.161317,-1.325081,-0.001636,1.368492,3.635256,3.615803,2.139891,4.578977
2703,64.760000,1.091702,0.576733,0.791678,-0.972629,0.277365,-0.033095,2.328615,0.528499,0.776332,-0.701371,-0.222183,1.313854,3.575906,3.113402,2.652398,4.199270
2704,64.780000,1.002613,0.634621,0.952384,-1.171618,0.318279,0.026457,2.511128,0.596751,0.850735,-0.465015,-0.044874,1.525755,3.576881,2.704921,3.092264,3.806751
2705,64.800000,1.086608,0.592932,0.966939,-1.157610,0.324720,0.122719,2.363061,0.510719,0.760346,-0.346539,0.105808,1.631294,3.537408,2.480278,3.425644,3.477919
2706,64.820000,1.239686,0.532725,0.840936,-1.001478,0.232994,0.043438,2.044872,0.468479,0.649192,-0.300574,0.057549,1.667412,3.527230,2.355684,3.679760,3.283455
2707,64.840000,1.423065,0.489316,0.783970,-0.765041,0.162440,-0.072196,1.552411,0.416540,0.532428,-0.438250,0.117735,1.787136,3.430349,2.434328,3.637278,3.149611
2708,64.860000,1.713381,0.455529,0.730331,-0.570965,0.125672,-0.132375,1.136046,0.405494,0.529914,-0.581017,0.251093,1.857579,3.242547,2.583783,3.426647,3.179820
2709,64.880000,1.968981,0.472476,0.751333,-0.478119,0.072064,-0.172832,0.925524,0.403782,0.636140,-0.805581,0.326085,1.921467,3.191659,2.800088,3.259844,3.332508
2710,64.900000,1.982784,0.438256,0.825188,-0.443202,0.108620,-0.218129,0.827972,0.478210,0.691654,-0.915668,0.314208,1.852946,3.219423,2.960310,3.158969,3.461081
2711,64.920000,1.953855,0.430936,0.849402,-0.512639,0.082935,-0.284767,0.934004,0.501537,0.694242,-0.903318,0.251096,1.771209,3.294933,2.942281,3.105715,3.565878
2712,64.940000,1.909567,0.443586,0.996120,-0.556831,0.101673,-0.193652,1.112586,0.530199,0.777216,-0.959384,0.229861,1.797730,3.449123,2.975860,3.091217,3.637124
2713,64.960000,1.806722,0.458409,0.982428,-0.611944,0.095989,-0.136865,1.311295,0.474474,0.749564,-0.911533,0.164213,1.661520,3.448429,2.907836,3.049332,3.562294
2714,64.980000,1.739601,0.456538,0.951842,-0.592963,0.110777,-0.053643,1.485156,0.461685,0.709018,-0.927754,0.148058,1.558997,3.417232,2.851375,3.076042,3.529642
2715,65.000000,1.503903,0.414971,0.817362,-0.675387,0.015469,-0.123055,1.671185,0.441154,0.629766,-0.868132,-0.047999,1.237862,3.287978,2.685739,3.055338,3.369982
2716,65.020000,1.387666,0.387098,0.781725,-0.693045,0.001886,-0.009969,1.865170,0.387243,0.566356,-0.903751,-0.062435,1.121117,3.100505,2.586569,2.967992,3.262137
2717,65.040000,1.315286,0.364042,0.805858,-0.654475,-0.018340,0.187072,2.063142,0.327616,0.590538,-1.019213,-0.018835,1.041806,2.961380,2.605321,2.911024,3.233431
2718,65.060000,1.106452,0.366851,0.742415,-0.664801,-0.080396,0.262352,2.200934,0.302643,0.559024,-0.967860,-0.086456,0.903536,2.869647,2.595524,2.853468,3.181838
2719,65.080000,0.961576,0.288449,0.648317,-0.581926,-0.043896,0.358234,2.237176,0.295248,0.502948,-0.964494,-0.080953,0.828912,2.825266,2.660329,2.833237,3.207615
2720,65.100000,0.845875,0.294176,0.602810,-0.582087,-0.112152,0.417107,2.313421,0.261509,0.479939,-0.916164,-0.096187,0.740615,2.796015,2.685796,2.838252,3.221561
2721,65.120000,0.786096,0.292120,0.668027,-0.498817,-0.091346,0.514391,2.339311,0.271021,0.512685,-0.966934,-0.026827,0.802944,2.845077,2.804374,2.827952,3.253289
2722,65.140000,0.670777,0.313812,0.625557,-0.554398,-0.096104,0.500381,2.359827,0.287623,0.495351,-0.852756,-0.062274,0.808308,2.912033,2.846216,2.852508,3.267461
2723,65.160000,0.649142,0.347251,0.656314,-0.534568,-0.035505,0.529173,2.384528,0.293027,0.505065,-0.843176,-0.004590,0.941371,2.990555,2.896478,2.898560,3.270849
2724,65.180000,0.621815,0.390494,0.628746,-0.580288,0.019481,0.492213,2.298651,0.336685,0.544305,-0.775038,-0.003723,1.030853,3.046981,2.920977,2.950375,3.261173
2725,65.200000,0.679107,0.369973,0.515217,-0.626157,0.045326,0.382287,2.218678,0.363776,0.534200,-0.698587,0.026011,1.034498,3.071445,2.895863,2.989614,3.306112
2726,65.220000,0.808532,0.391957,0.485963,-0.572471,0.109854,0.341772,2.101334,0.410365,0.607787,-0.731564,0.180291,1.199062,3.095601,2.935523,3.035912,3.355176
2727,65.240000,1.005708,0.226549,0.575489,-0.538627,-0.118352,0.492620,1.832466,0.296910,0.235383,-0.571499,-0.264312,0.792692,2.190718,1.760523,2.138837,2.082203
2728,65.260000,1.609235,-0.325145,1.162881,-0.353366,-0.595295,0.849442,0.983326,0.008994,-0.556345,-0.675725,-0.845646,-0.076611,-0.339455,-0.941620,0.023745,-0.577126
2729,65.280000,2.148262,-0.782846,1.470385,-0.434009,-1.347164,0.374517,0.491359,-0.041499,-0.963424,-0.806592,-0.752361,-0.516806,-1.481781,-1.934340,-0.637846,-0.937548
2730,65.300000,2.474901,-1.750432,1.556263,-0.115967,-1.656009,0.070823,-0.119710,-0.011082,-1.322084,-0.942973,-0.653190,-0.636016,-1.925128,-1.336805,-0.618451,-0.239349
2731,65.320000,2.545624,-2.202336,1.255242,-0.123929,-1.581745,-0.293506,-0.546692,0.241838,-1.315056,-0.778551,-0.524439,-0.580259,-1.444799,-0.221196,-0.200889,0.832543
2732,65.340000,2.439697,-2.108661,0.826619,-0.489613,-1.402591,-0.681775,-0.704739,0.311452,-1.066115,-0.470173,-0.383933,-0.474530,-0.099327,0.969147,0.418621,1.989280
2733,65.360000,2.412215,-1.709023,0.340491,-0.911327,-1.140767,-0.584905,-0.550865,0.323158,-0.637087,-0.218302,-0.249090,-0.272911,1.047241,1.638610,0.707228,2.547828
2734,65.380000,2.370227,-1.397902,0.084911,-1.190473,-0.936682,-0.274137,-0.170828,0.318004,-0.234988,-0.259445,-0.125643,-0.059847,1.617682,1.664208,0.559488,2.399871
2735,65.400000,2.300598,-1.205591,-0.144495,-1.501096,-0.899243,0.013969,0.214558,0.227386,-0.006814,-0.302554,-0.111349,0.026923,1.654927,1.459474,0.303572,1.959964
2736,65.420000,2.344445,-1.092857,-0.284974,-1.522925,-0.723344,0.272966,0.425533,0.135080,0.008050,-0.512453,-0.045233,0.136657,1.309815,1.300623,0.101401,1.473901
2737,65.440000,2.116390,-0.757518,0.289435,-1.655840,-0.912653,0.740601,0.645657,0.062191,0.030986,-0.492107,-0.177194,-0.074158,0.851865,1.112401,0.067356,1.124938
2738,65.460000,1.919462,-1.047077,0.572040,-1.765835,-1.201707,0.915721,0.742447,-0.018781,-0.292008,-0.413472,-0.351556,-0.296688,0.210224,0.366742,-0.345643,0.478526
2739,65.480000,1.727645,-1.386945,0.659309,-1.557020,-1.363990,0.751511,0.570811,-0.097181,-0.573722,-0.362484,-0.539477,-0.567590,-0.751054,-0.553719,-1.148215,-0.159099
2740,65.500000,1.460613,-1.784646,0.885280,-1.286867,-1.582239,0.363509,0.326421,-0.169735,-0.821022,-0.299290,-0.669085,-0.815924,-1.778130,-1.157020,-1.825973,-0.567858
2741,65.520000,1.378757,-2.259518,0.886407,-0.996594,-1.665407,-0.003143,-0.024256,-0.147474,-0.979942,-0.276430,-0.649405,-0.887094,-2.524786,-1.368022,-2.246271,-0.680174
2742,65.540000,1.362032,-2.457358,0.617510,-0.805153,-1.532226,-0.322090,-0.293805,0.051772,-0.956493,-0.272857,-0.652619,-0.921942,-2.698487,-1.374602,-2.279664,-0.597600
2743,65.560000,1.400902,-2.421973,0.201799,-0.945883,-1.502357,-0.578530,-0.320378,0.220917,-0.778154,-0.195092,-0.607290,-0.863918,-2.278346,-1.213119,-1.991141,-0.275168
2744,65.580000,1.694252,-2.229790,-0.280871,-1.473280,-1.474944,-0.562039,-0.273545,0.356317,-0.500123,0.115976,-0.544914,-0.806631,-1.598611,-1.096985,-1.643380,0.112770
2745,65.600000,2.100141,-1.978256,-0.635207,-2.087619,-1.362557,-0.353035,-0.174019,0.418436,-0.232318,0.462729,-0.485493,-0.739558,-1.078895,-1.203569,-1.504682,0.145827
2746,65.620000,2.368817,-1.725595,-0.628986,-2.980556,-1.535808,-0.120127,0.066906,0.277991,-0.132176,0.936671,-0.486162,-0.714746,-0.793999,-1.513763,-1.392497,0.037572
2747,65.640000,2.475473,-1.571974,-0.544317,-3.552067,-1.543265,0.126890,0.166390,0.189929,-0.122771,1.251167,-0.377675,-0.675289,-0.686131,-1.696217,-1.374813,-0.118295
2748,65.660000,2.478481,-1.431980,-0.241630,-3.948640,-1.612136,0.225994,0.276061,0.075426,-0.113187,1.378218,-0.263751,-0.619035,-0.735607,-1.802885,-1.478385,-0.389063
2749,65.680000,2.301562,-1.365385,0.120307,-4.031246,-1.591022,0.211665,0.274101,-0.029686,-0.218630,1.412819,-0.239841,-0.665475,-0.840360,-1.864630,-1.557434,-0.719211
2750,65.700000,1.949909,-1.313411,0.463323,-3.764055,-1.477356,0.009732,0.186716,-0.133342,-0.370098,1.266416,-0.271797,-0.744623,-1.102785,-1.918210,-1.704169,-1.157567
2751,65.720000,1.601069,-1.259924,0.898423,-3.315577,-1.453393,-0.088716,0.096927,-0.260137,-0.475880,0.968863,-0.340240,-0.770443,-1.596071,-2.016235,-1.974665,-1.586101
2752,65.740000,1.396330,-1.320928,1.006812,-2.674223,-1.376234,-0.101464,-0.009627,-0.310072,-0.575132,0.544599,-0.346153,-0.699009,-2.182699,-2.104292,-2.240531,-1.896798
2753,65.760000,1.109312,-1.311314,1.068734,-2.027211,-1.310640,0.015951,-0.029166,-0.286095,-0.592238,0.090759,-0.404402,-0.676419,-2.791555,-2.233361,-2.477761,-2.138387
2754,65.780000,0.950911,-1.379818,0.795868,-1.510483,-1.283248,0.123511,0.001182,-0.197771,-0.563422,-0.321317,-0.411891,-0.621342,-3.274232,-2.392589,-2.670876,-2.307638
2755,65.800000,0.773029,-1.311612,0.524623,-1.189960,-1.188254,0.299460,0.075243,-0.089364,-0.537914,-0.592673,-0.462862,-0.630776,-3.572569,-2.517391,-2.716161,-2.405800
2756,65.820000,0.655769,-1.087320,0.416699,-1.252536,-1.248684,0.356705,0.263159,0.002286,-0.386072,-0.591169,-0.489612,-0.605218,-3.654208,-2.755057,-2.811710,-2.457674
2757,65.840000,0.795058,-1.064717,-0.006242,-1.380101,-1.128518,0.259403,0.335783,0.090511,-0.299626,-0.544543,-0.376111,-0.429896,-3.443565,-2.857495,-2.848685,-2.370138
2758,65.860000,0.806655,-0.889403,-0.002990,-1.847066,-1.189469,0.351091,0.490570,0.185982,-0.149583,-0.252422,-0.448131,-0.540159,-3.152941,-2.995924,-2.766106,-2.282314
2759,65.880000,0.911026,-0.876028,0.042138,-2.419681,-1.085169,0.411969,0.619437,0.189377,-0.067031,-0.009441,-0.320454,-0.401052,-2.849140,-3.158337,-2.552363,-2.316502
2760,65.900000,0.968260,-0.628234,0.155511,-2.972506,-1.066603,0.394957,0.609728,0.158017,0.170915,0.457349,-0.281107,-0.453035,-2.503001,-3.223955,-2.415449,-2.293755
2761,65.920000,0.954804,-0.487922,0.336570,-3.394233,-0.962410,0.479385,0.595968,0.134017,0.345701,0.783550,-0.190056,-0.424813,-2.232676,-3.266829,-2.197075,-2.300128
2762,65.940000,0.808454,-0.281682,0.341282,-3.591534,-0.817335,0.298308,0.436523,0.103457,0.506463,0.980498,-0.122613,-0.451347,-2.016909,-3.178659,-2.003777,-2.339606
2763,65.960000,0.651791,-0.224026,0.735575,-3.647987,-0.842116,0.210627,0.402609,0.030091,0.643655,0.987927,-0.150272,-0.539913,-1.933569,-3.261216,-1.910179,-2.415597
2764,65.980000,0.596342,-0.214385,0.939204,-3.544058,-0.780893,0.226812,0.367921,-0.040431,0.690411,0.751776,-0.021875,-0.444977,-1.967798,-3.333551,-1.951976,-2.449341
2765,66.000000,0.380878,-0.118837,0.824953,-3.043034,-0.588529,0.250660,0.139152,-0.071687,0.662679,0.436390,0.044613,-0.365332,-2.071148,-3.150735,-2.046393,-2.467045
2766,66.020000,0.210036,-0.124616,0.870588,-2.617336,-0.596468,0.224637,0.070525,-0.106857,0.690036,0.173560,0.031070,-0.372636,-2.324429,-3.120089,-2.192149,-2.481476
2767,66.040000,0.053948,-0.087380,1.002373,-2.475261,-0.630576,0.289133,0.147173,-0.046257,0.805813,-0.116126,0.053096,-0.327890,-2.482443,-3.128676,-2.363554,-2.515043
2768,66.060000,0.065321,-0.024298,0.706955,-2.332619,-0.556718,0.464041,0.220486,0.043613,0.883418,-0.353024,0.074530,-0.259635,-2.531957,-3.053812,-2.545178,-2.514706
2769,66.080000,0.099602,0.062696,0.497406,-2.288250,-0.435397,0.494459,0.244501,0.116016,0.973837,-0.412073,0.114043,-0.186088,-2.517062,-2.963831,-2.581956,-2.459946
2770,66.100000,0.151395,0.123337,0.314839,-2.324781,-0.354199,0.493741,0.258669,0.147314,0.993110,-0.320408,0.170900,-0.077689,-2.506727,-2.867010,-2.563482,-2.521199
2771,66.120000,0.136489,0.198082,0.293928,-2.607958,-0.344590,0.498624,0.314041,0.225532,1.207313,0.034103,0.124257,-0.095671,-2.413093,-2.877676,-2.540985,-2.563738
2772,66.140000,0.078583,0.389902,0.375624,-3.271529,-0.394869,0.495018,0.359353,0.360886,1.619083,0.564511,0.029878,-0.287403,-2.181035,-3.011788,-2.377138,-2.570034
2773,66.160000,0.223985,0.426986,0.135331,-3.789125,-0.343946,0.632975,0.267964,0.369950,1.853154,1.061758,0.079512,-0.329777,-1.918982,-3.230261,-2.227014,-2.549710
2774,66.180000,0.291413,0.510117,0.066854,-3.943619,-0.288169,0.600571,0.114949,0.361613,2.049781,1.276815,0.114375,-0.306204,-1.743016,-3.277457,-2.153831,-2.545511
2775,66.200000,0.268776,0.364520,0.031251,-3.696086,-0.334392,0.459184,-0.016226,0.180055,1.769393,1.237570,0.127750,-0.266888,-1.803505,-3.301022,-2.126059,-2.672417
2776,66.220000,-0.156971,0.361430,0.571495,-3.463393,-0.366896,0.367301,-0.040385,0.266422,2.003581,1.085249,0.158049,-0.259853,-1.885393,-3.316307,-2.225666,-2.727205
2777,66.240000,-0.252976,0.252835,0.741541,-2.982644,-0.349212,0.338229,-0.098390,0.182005,1.742553,0.529386,0.233550,-0.133067,-1.952594,-3.318952,-2.358606,-2.815385
2778,66.260000,-0.521601,0.272225,0.985849,-2.022959,-0.230777,0.306421,-0.019893,0.215775,1.581257,-0.540080,0.286293,0.148473,-2.069314,-3.088595,-2.538182,-2.851951
2779,66.280000,-0.799103,0.126638,1.184885,-0.399003,-0.249625,0.134009,0.232547,0.276515,1.126837,-2.187811,0.387474,0.563969,-2.369818,-2.822673,-2.495962,-3.027174
2780,66.300000,-1.137769,-0.264456,1.192486,1.809220,-0.284340,-0.277607,0.599015,0.376768,0.442160,-4.401690,0.502859,1.070720,-2.901868,-2.484134,-2.007631,-3.226044
2781,66.320000,-1.133535,-0.553860,1.230442,3.014067,-0.256320,-0.511579,1.063495,0.457359,-0.002888,-6.105477,0.725029,1.351123,-3.084812,-2.357872,-1.302816,-3.133008
2782,66.340000,-0.946223,-0.738542,1.189796,3.431236,-0.102441,-0.600831,1.380397,0.664172,-0.313770,-6.888810,0.830246,1.420499,-2.777870,-2.382141,-1.111354,-2.917280
2783,66.360000,-0.478481,-0.728721,1.161863,3.066470,0.128661,-0.428854,1.679924,0.995425,-0.468103,-6.798488,0.767663,1.320809,-2.676235,-2.504676,-1.087304,-2.362814
2784,66.380000,0.041149,-0.579473,0.966427,2.286367,0.201293,0.043297,1.811214,1.170617,-0.308690,-5.976490,0.676123,1.275548,-2.677365,-2.693146,-1.409158,-1.823166
2785,66.400000,0.786049,-0.309149,0.387203,0.500798,0.301847,0.738282,1.693352,1.222235,0.421604,-4.166183,0.640162,1.267307,-2.509371,-2.719601,-2.479681,-1.524827
2786,66.420000,1.160569,0.380919,-0.255000,-1.939355,0.336998,1.673998,1.150444,1.104855,1.935715,-1.392706,0.174222,0.790524,-2.067053,-2.732517,-3.539029,-1.663835
2787,66.440000,0.882285,0.598332,-0.382240,-3.474309,0.368952,1.869851,0.681162,0.945879,2.602723,0.856220,0.172758,0.318193,-1.972266,-3.080213,-3.739736,-1.894884
2788,66.460000,0.494326,0.558363,-0.394723,-3.980863,-0.016465,1.160427,0.679495,0.601247,2.319520,2.353213,0.213593,-0.331689,-2.507166,-3.566587,-3.261705,-2.058418
2789,66.480000,0.394309,0.693449,-0.096328,-4.361732,-0.311178,0.849356,0.755036,0.599027,2.395725,2.945408,0.421917,-0.423050,-2.677267,-3.581473,-2.472965,-2.051141
2790,66.500000,0.465271,0.508310,0.141540,-4.103713,-0.489272,0.551683,0.635966,0.304800,1.847514,2.614228,0.507111,-0.442432,-2.355247,-3.273765,-1.872565,-2.280771
2791,66.520000,0.325632,0.375875,0.792306,-3.317394,-0.461456,0.214437,0.643444,0.230482,1.564461,1.521358,0.426378,-0.315002,-1.914992,-2.963082,-1.860334,-2.478220
2792,66.540000,0.207408,0.423487,1.063070,-2.426357,-0.393015,0.310064,0.537224,0.091710,1.244290,0.480587,0.491066,-0.057687,-1.671983,-2.703359,-2.197222,-2.562684
2793,66.560000,0.146651,0.393523,0.662779,-1.416485,-0.343885,0.536844,0.664378,0.023922,0.949944,-0.515107,0.443102,0.146255,-1.736169,-2.402742,-2.472980,-2.398203
2794,66.580000,-0.051680,0.410276,0.302496,-0.708100,-0.181402,0.956549,0.873070,0.100809,0.920674,-1.116149,0.489914,0.345334,-1.969995,-2.008355,-2.576317,-2.121887
2795,66.600000,-0.147735,0.385033,0.085740,-0.457334,-0.046202,1.232993,1.061219,0.186679,1.052459,-1.253214,0.526196,0.534334,-2.140334,-1.741840,-2.653899,-1.997256
2796,66.620000,-0.269385,0.399317,0.044789,-0.600696,0.137882,1.097152,1.088389,0.332782,1.272745,-1.022812,0.523708,0.670949,-2.184085,-1.596678,-2.769054,-1.907517
2797,66.640000,-0.332230,0.448231,0.055415,-0.869512,0.293084,1.074081,0.968472,0.358576,1.451796,-0.476067,0.457032,0.726664,-1.991061,-1.549757,-2.712957,-1.810270
2798,66.660000,-0.491088,0.584767,0.070938,-1.556640,0.270208,0.858178,0.946538,0.599294,1.832560,0.158547,0.399547,0.603032,-1.599626,-1.590751,-2.273386,-1.598285
2799,66.680000,-0.485490,0.615097,0.014337,-2.005446,0.409067,0.848872,0.788770,0.638283,2.039821,0.600833,0.585069,0.821757,-1.160958,-1.699765,-1.820012,-1.476015
2800,66.700000,-0.484711,0.713806,0.028619,-2.299527,0.462045,0.739983,0.584844,0.653346,2.431644,0.887294,0.674029,0.863694,-0.800945,-1.568561,-1.409318,-1.381753
2801,66.720000,-0.390757,0.531943,-0.047489,-2.465531,0.378686,0.690249,0.341165,0.447332,2.321172,1.092585,0.634145,0.687709,-0.651316,-1.578067,-1.032304,-1.541180
2802,66.740000,-0.482959,0.611069,-0.080318,-2.591515,0.405843,0.671016,0.331273,0.624455,2.650826,1.061035,0.733403,0.754426,-0.315792,-1.359596,-0.680717,-1.377222
2803,66.760000,-0.873963,0.880289,-0.203577,-2.345967,0.655243,0.378026,0.418829,0.980099,3.209090,0.872626,1.293587,1.536091,1.434521,0.461348,1.053337,0.324647
2804,66.780000,-1.084176,0.513305,-0.409839,-1.865329,0.834574,0.252893,0.244980,1.178020,3.536472,0.587837,1.472904,2.191557,2.072273,1.062356,1.745896,0.371845
2805,66.800000,-1.195419,0.346792,-0.424269,-1.058058,0.770850,0.082797,0.137559,1.339112,3.525204,-0.168073,1.631934,2.787682,1.943717,0.962583,1.627777,-0.689479
2806,66.820000,-1.166791,0.026669,-0.384978,0.131041,0.594489,-0.141001,0.443611,1.416571,2.926631,-1.653621,1.691434,3.223794,1.668271,0.464329,1.596697,-1.680460
2807,66.840000,-0.817559,-0.136813,-0.231130,1.584538,0.490379,-0.262408,1.447045,1.277449,1.797957,-4.032811,1.789705,3.697287,1.629255,0.044008,1.884734,-1.949008
2808,66.860000,-0.256139,-0.290800,-0.241139,2.399662,0.119194,-0.261589,2.440267,1.104224,0.663542,-5.637316,1.848791,3.715180,1.609822,-0.133866,2.510661,-1.440766
2809,66.880000,0.340846,0.032900,-0.152862,2.533095,0.059989,-0.106699,2.807429,1.063923,0.351317,-6.034303,1.854296,3.608781,1.823604,0.134434,2.683496,-0.493725
2810,66.900000,0.605754,0.218892,-0.151280,2.310101,0.157553,0.006891,2.674202,1.320662,0.616969,-5.480931,1.858427,3.447373,1.668886,0.293941,2.397959,0.555021
2811,66.920000,0.656449,0.456758,-0.171996,1.352349,0.298731,-0.052337,2.098604,1.552188,2.026534,-4.046390,1.782619,3.109843,1.564129,0.207112,0.788472,1.400676
2812,66.940000,0.170268,0.781373,-0.323023,0.092044,0.894157,0.197491,1.332587,1.532584,3.412512,-1.565754,1.528845,2.735233,1.304867,0.233927,-1.361592,1.357670
2813,66.960000,-0.446242,1.146934,-0.254368,-0.719372,1.073236,0.319524,0.686679,1.668253,4.117156,0.143733,1.506236,2.194512,0.857539,0.291702,-2.100585,0.990730
2814,66.980000,-0.691185,0.901778,-0.745776,1.415549,-0.179798,-0.767711,0.706245,1.823334,2.419637,-1.372979,2.799109,1.849875,2.807249,1.181550,0.993283,3.138449
2815,67.000000,-1.007550,0.815076,-0.672543,1.508132,0.047720,-1.371504,0.276216,2.099930,2.453020,-0.739430,2.859982,1.877299,2.838982,1.481802,0.738039,3.591716
2816,67.020000,-1.145072,0.644142,-1.014110,1.589944,-0.096085,-1.540384,0.518476,2.390723,2.090922,-0.511602,2.863703,1.431165,2.528893,1.565587,0.457013,2.593640
2817,67.040000,-0.995958,0.618810,-0.923232,1.343194,0.058235,-1.356300,0.785195,2.575917,1.627772,-0.558221,2.427036,1.068825,2.489832,1.492767,1.201083,2.057360
2818,67.060000,-0.826333,0.811747,-0.797004,1.130554,0.292665,-1.356698,0.860480,2.532106,1.636111,-0.829457,2.438324,1.475614,2.598803,1.580755,1.798671,1.511624
2819,67.080000,-0.690014,0.849007,-0.734315,0.985932,0.362789,-1.367954,0.788158,2.492634,1.567536,-1.070449,2.283215,1.656881,2.656025,1.481314,2.022271,1.160996
2820,67.100000,-0.519564,1.101973,-0.571273,0.836864,0.610066,-1.267990,0.685595,2.330682,1.515176,-1.177094,2.134995,1.649925,2.874643,1.451075,2.004789,1.349837
2821,67.120000,-0.271582,1.340247,-0.397902,0.635353,0.803846,-1.084622,0.656535,2.180320,1.452686,-1.144454,1.977749,1.426080,3.110516,1.481921,1.869536,1.778839
2822,67.140000,-0.090085,1.519419,-0.298725,0.519258,0.907618,-0.996618,0.540164,2.016506,1.152062,-1.042773,1.870965,1.104431,3.364939,1.467181,1.767966,2.272962
2823,67.160000,0.057022,1.575201,-0.260796,0.480368,0.929279,-0.814783,0.457353,1.707019,0.850130,-1.054471,1.670260,0.858099,3.226643,1.411653,1.422679,2.392205
2824,67.180000,0.254386,1.493444,-0.272131,0.425216,0.866435,-0.654471,0.346326,1.321318,0.219923,-0.938939,1.391527,0.382663,2.770677,1.294415,0.924481,2.005487
2825,67.200000,0.326302,1.506950,-0.065733,0.335055,0.796333,-0.560528,0.279985,1.110439,-0.265087,-0.808340,1.215847,0.064352,2.454197,1.161524,0.836726,1.598854
2826,67.220000,0.364193,1.437426,0.122525,0.218920,0.681926,-0.526223,0.210078,0.921049,-0.817239,-0.663859,1.054976,-0.416580,2.104018,1.084407,0.811664,1.251184
2827,67.240000,0.468772,1.218480,-0.045616,0.187002,0.605961,-0.458357,0.155744,0.679771,-1.257005,-0.656823,0.936703,-0.603715,1.502609,0.959061,0.564518,0.982348
2828,67.260000,0.500351,1.085621,-0.006357,0.080888,0.473260,-0.480783,0.125827,0.581789,-1.443854,-0.645156,0.796312,-0.751759,1.049095,0.784195,0.508775,0.610343
2829,67.280000,0.480642,0.904052,-0.063818,-0.014776,0.337712,-0.549832,-0.024666,0.551006,-1.670835,-0.461559,0.650717,-1.011300,0.805638,0.593585,0.556099,0.324323
2830,67.300000,0.417950,0.845236,-0.087758,0.000230,0.358160,-0.624312,-0.079550,0.554800,-1.669186,-0.510222,0.590981,-1.021863,0.710635,0.647897,0.638874,0.406335
2831,67.320000,0.336435,0.863120,-0.201114,0.074838,0.408503,-0.721374,-0.075793,0.616922,-1.597191,-0.580551,0.637486,-0.976452,0.968564,0.895270,0.910435,0.702266
2832,67.340000,0.137453,1.059351,-0.204665,0.170786,0.468188,-0.916279,0.002780,0.733399,-1.387982,-0.725341,0.713529,-0.737727,1.643821,1.227079,1.545825,1.069510
2833,67.360000,-0.040036,1.254656,-0.301940,0.276947,0.658136,-1.111284,0.085781,0.944812,-1.132259,-0.800781,0.953098,-0.471068,2.511690,1.692068,2.339179,1.758585
2834,67.380000,-0.305364,1.480313,-0.549188,0.470830,0.745844,-1.404940,0.349565,1.201093,-0.532057,-1.186400,1.187444,-0.062609,3.263598,2.055869,3.130730,2.426790
2835,67.400000,-0.506376,1.608350,-0.684217,0.594723,0.835756,-1.516136,0.635125,1.605678,0.441067,-1.534462,1.604744,0.709450,3.889020,2.357743,3.813837,3.149379
2836,67.420000,-0.760642,1.703865,-0.765261,0.785947,0.825367,-1.722937,0.818940,2.023889,1.250898,-1.914359,1.989767,1.204717,4.357709,2.450815,4.254572,3.574350
2837,67.440000,-0.889651,1.636844,-0.850724,1.099045,0.769853,-1.860986,0.868906,2.274269,1.774264,-2.362694,2.332878,1.725781,4.472417,2.339823,4.346660,3.572088
2838,67.460000,-1.029492,1.555882,-0.825062,1.373026,0.712517,-1.950787,0.812934,2.691469,2.241567,-2.533237,2.481653,1.904014,4.494413,2.128453,4.273698,3.275741
2839,67.480000,-1.069749,1.471275,-0.763465,1.531224,0.744437,-1.945693,0.739585,2.951903,2.374656,-2.517767,2.584834,1.922513,4.529372,1.975057,4.215737,3.070959
2840,67.500000,-0.925053,1.485084,-0.785609,1.599059,0.798799,-1.840961,0.774160,2.897214,2.210219,-2.550329,2.559264,1.828202,4.377707,1.904448,3.775599,3.010417
2841,67.520000,-0.874463,1.563115,-0.764057,1.580443,0.839959,-1.774269,0.782050,2.874205,2.273300,-2.503288,2.473110,1.850532,4.267796,2.008350,3.345867,3.099730
2842,67.540000,-0.726263,1.451125,-0.738437,1.398450,0.841596,-1.611224,0.745626,2.743450,1.982559,-2.323115,2.410278,1.690961,4.212610,2.086305,3.249435,3.292465
2843,67.560000,-0.524719,1.506176,-0.775075,1.279965,0.884026,-1.487521,0.770554,2.220705,1.329572,-2.277650,2.349623,1.521765,4.213772,2.402698,3.107195,3.657751
2844,67.580000,-0.476041,1.571033,-0.738888,1.003415,0.927048,-1.374176,0.870530,2.150058,1.296553,-2.125023,2.337383,1.488045,4.376918,2.851418,3.308693,4.216467
2845,67.600000,-0.479606,1.404330,-0.840403,0.891860,0.801054,-1.340171,0.880310,1.965000,0.853409,-2.043453,2.224864,1.205191,4.483553,3.207502,3.592906,4.455682
2846,67.620000,-0.523130,1.365702,-0.857635,0.732227,0.747520,-1.269928,1.053677,1.924912,0.796485,-2.049531,2.040795,1.132796,4.444439,3.450960,3.977900,4.519186
2847,67.640000,-0.475249,1.293900,-0.841624,0.581550,0.769966,-1.267691,1.052912,1.876584,0.616197,-2.002446,2.189886,1.163626,4.400708,3.632582,4.234101,4.445892
2848,67.660000,-0.488461,1.288411,-0.838308,0.481102,0.701359,-1.260418,1.112882,1.895755,0.575921,-2.073999,2.165138,1.158632,4.174681,3.638922,4.387356,4.284094
2849,67.680000,-0.430333,1.272648,-0.799462,0.411911,0.716812,-1.138095,1.135171,1.789752,0.523975,-2.234363,2.144639,1.136703,3.861950,3.639122,4.315633,4.103978
2850,67.700000,-0.359015,1.275356,-0.763826,0.223772,0.697755,-1.056417,1.147656,1.782488,0.420071,-2.168592,2.077813,0.947425,3.719499,3.605501,4.256351,4.010589
2851,67.720000,-0.279113,1.152516,-0.749001,0.115538,0.618126,-0.937823,1.088489,1.536040,0.067520,-2.131483,1.879710,0.572206,3.529299,3.518596,4.023059,3.837378
2852,67.740000,-0.213011,1.140651,-0.670776,-0.091673,0.576644,-0.825458,1.088126,1.441184,-0.075835,-2.075486,1.696665,0.341631,3.381208,3.451698,3.857979,3.705583
2853,67.760000,-0.205198,1.062892,-0.675151,-0.168390,0.521265,-0.751570,0.979969,1.315701,-0.304055,-2.050206,1.583644,0.110305,3.191062,3.424949,3.712106,3.594697
2854,67.780000,-0.219826,1.009172,-0.624213,-0.385786,0.421605,-0.719917,0.973546,1.315130,-0.500015,-1.772936,1.484524,-0.211334,3.299890,3.348663,3.753558,3.573496
2855,67.800000,-0.203306,1.016114,-0.624857,-0.548299,0.411072,-0.631077,0.903748,1.288048,-0.666308,-1.685791,1.395852,-0.363147,3.311535,3.304379,3.794949,3.527759
2856,67.820000,-0.167729,0.908762,-0.662960,-0.688571,0.289114,-0.608265,0.891547,1.225624,-0.782663,-1.621868,1.328336,-0.652373,3.201909,3.141380,3.716075,3.366546
2857,67.840000,-0.100534,0.889544,-0.558101,-0.806249,0.307457,-0.633224,0.777097,1.206030,-0.954015,-1.496702,1.378283,-0.808151,3.241229,3.025247,3.672872,3.351361
2858,67.860000,-0.120615,0.955977,-0.598661,-0.886611,0.315596,-0.596221,0.730893,1.229375,-1.030590,-1.500941,1.369175,-0.845139,3.178291,3.024761,3.679286,3.373516
2859,67.880000,-0.157314,0.885559,-0.730326,-0.959416,0.228188,-0.683945,0.694692,1.254967,-1.158698,-1.398487,1.371155,-1.063125,3.147085,2.889505,3.593743,3.302178
2860,67.900000,-0.115221,0.961238,-0.641879,-0.986056,0.305234,-0.637073,0.753490,1.261276,-1.093917,-1.388545,1.433135,-1.086223,3.123368,2.846362,3.588662,3.354812
2861,67.920000,-0.110842,0.976512,-0.622933,-1.033936,0.351991,-0.679752,0.734835,1.317576,-1.138130,-1.389566,1.503503,-1.092238,3.218676,2.864883,3.608829,3.429085
2862,67.940000,-0.179077,1.036454,-0.723799,-1.056404,0.344819,-0.709785,0.816025,1.367175,-1.126992,-1.427136,1.471698,-1.076144,3.223571,2.777849,3.665208,3.356881
2863,67.960000,-0.133352,1.069770,-0.751527,-1.078843,0.373345,-0.709351,0.851725,1.409815,-1.081885,-1.416700,1.545299,-1.134854,3.269265,2.699254,3.612487,3.325751
2864,67.980000,-0.027570,1.104682,-0.722604,-1.062280,0.491886,-0.664075,0.877211,1.408270,-1.071056,-1.487941,1.641840,-1.090395,3.242585,2.722243,3.497411,3.461009
2865,68.000000,-0.045600,1.175651,-0.744606,-1.091673,0.520118,-0.671341,0.939764,1.471301,-1.045099,-1.527073,1.667643,-1.085389,3.281537,2.725275,3.490571,3.519571
2866,68.020000,-0.100115,1.238651,-0.780999,-1.076699,0.538751,-0.741078,0.967981,1.548406,-1.067439,-1.426127,1.681258,-1.146620,3.455389,2.707456,3.576966,3.558187
2867,68.040000,-0.067426,1.329589,-0.797328,-0.998963,0.645364,-0.712753,1.029339,1.582609,-0.949342,-1.469516,1.759228,-1.071095,3.543381,2.789945,3.604578,3.750511
2868,68.060000,-0.096861,1.384101,-0.829696,-0.994028,0.664568,-0.831374,1.109514,1.651535,-0.920308,-1.494418,1.787503,-0.975937,3.660862,2.800029,3.693640,3.781959
2869,68.080000,-0.080625,1.434216,-0.868834,-0.980428,0.713532,-0.834377,1.168386,1.706588,-0.873214,-1.542552,1.826473,-0.908678,3.714725,2.771906,3.731732,3.791354
2870,68.100000,-0.014251,1.502100,-0.875461,-0.919637,0.793654,-0.787264,1.257946,1.721153,-0.672446,-1.705633,1.882040,-0.734652,3.627887,2.783772,3.638860,3.854499
2871,68.120000,-0.030291,1.511448,-0.923844,-0.906107,0.797485,-0.858097,1.279870,1.803412,-0.688666,-1.616671,1.921975,-0.776250,3.699200,2.773464,3.613778,3.876192
2872,68.140000,-0.038318,1.561114,-0.956621,-0.865567,0.831781,-0.851908,1.334470,1.836559,-0.660792,-1.640718,1.936312,-0.725775,3.749091,2.758342,3.634040,3.918330
2873,68.160000,-0.071603,1.580960,-0.982805,-0.875864,0.787606,-0.927420,1.342386,1.875236,-0.728922,-1.580827,1.858187,-0.848565,3.776753,2.723242,3.669552,3.796306
2874,68.180000,0.015071,1.565059,-0.944010,-0.820854,0.862540,-0.887276,1.361999,1.846418,-0.642290,-1.620030,1.941948,-0.747945,3.745997,2.747816,3.596398,3.877030
2875,68.200000,0.031827,1.607256,-0.912529,-0.795416,0.868763,-0.944191,1.317008,1.849069,-0.741879,-1.629365,1.948876,-0.725200,3.757295,2.789246,3.586762,3.896093
2876,68.220000,0.016068,1.538153,-0.982988,-0.773933,0.801749,-1.016573,1.254748,1.802584,-0.991423,-1.497171,1.876406,-0.932419,3.714036,2.715122,3.546145,3.764555
2877,68.240000,0.058970,1.596537,-0.864086,-0.769833,0.829351,-1.003403,1.311301,1.790320,-0.870231,-1.556639,1.896810,-0.811892,3.657793,2.684514,3.530235,3.721788
2878,68.260000,0.028098,1.580002,-0.884394,-0.815081,0.762624,-1.089999,1.249568,1.790015,-1.067160,-1.469439,1.826316,-0.987831,3.642939,2.633417,3.576194,3.492050
2879,68.280000,0.095492,1.557827,-0.858205,-0.766054,0.809516,-1.048346,1.252448,1.766485,-1.037215,-1.509445,1.867260,-0.959210,3.615268,2.637777,3.574309,3.575173
2880,68.300000,0.078903,1.583316,-0.820670,-0.793166,0.785770,-1.111200,1.269851,1.802722,-1.008729,-1.493474,1.835324,-1.053208,3.578795,2.576723,3.530801,3.505312
2881,68.320000,0.100969,1.441776,-1.012605,-0.679835,0.805661,-1.140926,1.028972,1.651716,-1.510340,-1.316806,1.808027,-1.294660,3.445765,2.528418,3.331584,3.484332
2882,68.340000,0.120149,1.624512,-0.827799,-0.725662,0.846489,-1.075074,1.185966,1.748392,-1.279644,-1.384856,1.844678,-1.107787,3.438924,2.465352,3.402047,3.553277
2883,68.360000,0.144784,1.607041,-0.810522,-0.720495,0.894798,-1.125534,1.189990,1.735253,-1.363495,-1.410359,1.897742,-1.098317,3.421206,2.435252,3.359422,3.546193
2884,68.380000,0.101534,1.557860,-0.967197,-0.690077,0.835724,-1.191770,1.122444,1.767420,-1.524534,-1.232235,1.828763,-1.361901,3.416598,2.307777,3.359381,3.532527
2885,68.400000,0.097376,1.640590,-0.938609,-0.661917,0.900337,-1.213402,1.165921,1.776336,-1.486999,-1.283366,1.849591,-1.290960,3.370075,2.181241,3.362294,3.437094
2886,68.420000,0.158835,1.661576,-0.885964,-0.667577,0.938939,-1.226444,1.257824,1.805032,-1.401213,-1.330076,1.917335,-1.251408,3.342066,2.167938,3.316531,3.477435
2887,68.440000,0.130111,1.682176,-0.808097,-0.688004,0.911755,-1.382863,1.326816,1.847876,-1.271906,-1.355423,1.895411,-1.291275,3.389716,2.030305,3.296323,3.325961
2888,68.460000,0.140190,1.740829,-0.778289,-0.624633,1.011986,-1.404586,1.274076,1.827927,-1.304487,-1.507141,1.900372,-1.281769,3.322339,1.978583,3.210710,3.305817
2889,68.480000,0.100364,1.770795,-0.784632,-0.501511,1.101042,-1.546477,1.147199,1.795494,-1.485044,-1.349367,1.830060,-1.407281,3.192706,1.640080,3.172323,3.117455
2890,68.500000,0.054486,1.863949,-0.757678,-0.432176,1.181890,-1.575065,0.962817,1.738843,-1.707432,-1.271663,1.789018,-1.496813,3.062294,1.418609,3.171938,2.946572
2891,68.520000,0.072257,1.878799,-0.672271,-0.440414,1.261728,-1.529375,0.910017,1.717448,-1.802110,-1.267019,1.798380,-1.575864,2.924350,1.288069,3.196486,2.988204
2892,68.540000,0.140289,1.914046,-0.598354,-0.429218,1.348850,-1.523415,0.855034,1.686939,-1.814102,-1.286315,1.878434,-1.579005,2.848586,1.306512,3.224762,3.191096
2893,68.560000,0.058681,1.955076,-0.648709,-0.518944,1.329682,-1.503127,0.816286,1.715878,-1.877957,-1.182334,1.858360,-1.712612,2.832115,1.287268,3.391237,3.241283
2894,68.580000,0.118829,2.054005,-0.505997,-0.533132,1.503540,-1.446859,0.926942,1.725299,-1.691366,-1.355167,1.967788,-1.645418,2.831672,1.265879,3.555073,3.511443
2895,68.600000,0.125927,2.080937,-0.441534,-0.650534,1.475091,-1.445653,1.051918,1.827213,-1.457278,-1.425949,2.124168,-1.576644,2.905420,1.460003,3.703846,3.761257
2896,68.620000,0.105013,2.157505,-0.432172,-0.666021,1.571966,-1.452875,1.137686,1.911880,-1.343163,-1.534209,2.209833,-1.450833,3.109424,1.512895,4.041378,3.947187
2897,68.640000,0.071227,2.304112,-0.382478,-0.600689,1.765302,-1.426873,1.261467,2.041570,-0.958069,-1.754501,2.382845,-1.191736,3.317319,1.683752,4.411534,4.306520
2898,68.660000,0.052530,2.400087,-0.333592,-0.534437,1.862364,-1.413854,1.360315,2.208203,-0.613993,-1.985303,2.619802,-0.849548,3.599595,1.994286,4.703338,4.786771
2899,68.680000,0.004743,2.507766,-0.232081,-0.473406,1.955937,-1.417029,1.550722,2.431552,-0.109367,-2.227670,2.860529,-0.408814,3.935302,2.219073,5.049850,5.211860
2900,68.700000,0.048574,2.501621,-0.163948,-0.340259,2.094495,-1.279294,1.627561,2.674245,0.172111,-2.399451,3.116281,0.030455,4.345916,2.539310,5.396706,5.768165
2901,68.720000,0.086042,2.647924,-0.116398,-0.211800,2.207120,-1.045431,1.765720,2.921522,0.386347,-2.531044,3.172492,0.202931,4.432906,2.778594,5.581569,6.200703
2902,68.740000,0.212780,2.513092,-0.146864,-0.103567,2.173267,-0.730771,1.845568,2.754774,0.039725,-2.501522,3.281598,0.288979,4.198842,2.854935,5.481221,6.107009
2903,68.760000,0.143472,2.531952,-0.178143,0.088274,2.214118,-0.601593,1.998502,3.046881,0.463421,-2.459202,3.461616,0.639068,4.242885,3.022594,5.508909,6.139025
2904,68.780000,0.131576,2.445781,-0.145476,0.289050,2.219061,-0.373704,1.983893,2.947028,0.208049,-2.525661,3.605903,0.741010,4.099534,3.085140,5.501334,6.026144
2905,68.800000,0.068501,2.385129,-0.096091,0.386252,2.074457,-0.255852,2.081599,3.222570,0.438157,-2.467289,3.714993,0.973390,4.123196,3.274190,5.637754,5.955812
2906,68.820000,-0.110746,2.085397,-0.027576,0.490256,1.960665,-0.134547,2.025399,3.120745,0.250335,-2.330529,3.856616,0.820149,4.032565,3.520456,5.740454,5.866961
2907,68.840000,-0.226825,1.903952,0.023413,0.617304,1.736695,0.098690,1.979587,3.221289,0.252896,-2.319514,3.868573,1.007302,3.928925,3.908217,5.800899,5.608114
2908,68.860000,-0.639791,1.472492,-0.028240,0.819477,1.479225,0.120926,1.945760,3.318371,0.323899,-2.131747,4.139455,1.021704,3.818066,4.507998,5.726993,5.452404
2909,68.880000,-1.097538,1.233189,-0.270815,1.130593,1.068214,0.038040,1.874022,3.699239,0.550964,-1.819532,4.177640,1.047224,3.674309,5.140716,5.681919,5.054418
2910,68.900000,-1.798679,0.804185,-0.645810,1.776828,0.683001,-0.339944,1.574940,4.094640,0.857795,-1.571669,4.800992,1.360667,3.515090,6.044698,5.618574,4.498425
2911,68.920000,-2.665046,0.442060,-1.335329,2.674061,0.248615,-1.229097,0.992067,4.564707,1.041906,-1.194008,5.609203,1.704323,3.051315,7.085473,5.425633,3.599996
2912,68.940000,-3.151682,0.260949,-2.142298,3.384417,-0.068360,-2.279327,0.261310,5.186257,1.154123,-0.754771,6.390367,2.187861,2.615435,8.129331,5.332748,2.402023
2913,68.960000,-2.596980,0.165814,-2.699148,3.440455,-0.246749,-2.960745,-0.192777,5.651870,1.133290,-0.660878,6.521433,2.562717,2.192836,8.765896,5.399055,1.267308
2914,68.980000,-1.433329,-0.085157,-2.709424,2.879778,-0.527257,-3.058261,-0.016813,5.666858,0.960400,-1.149372,6.257102,2.790816,2.317836,8.701034,5.269044,0.341491
2915,69.000000,-0.741916,-0.240295,-2.400997,2.549904,-0.616003,-2.612764,0.340593,5.789569,1.171778,-1.612496,5.959044,3.127325,3.006362,8.550020,4.859007,0.265926
2916,69.020000,-0.487768,-0.184405,-1.969990,2.348386,-0.348191,-2.082439,0.831312,5.704155,1.383665,-1.902291,5.355010,3.239632,3.513317,8.466427,4.349109,0.934388
2917,69.040000,-0.422500,0.084775,-1.615950,2.231809,0.113143,-1.856604,1.306376,5.435219,1.433001,-1.917754,4.867242,3.229784,3.897405,8.348959,4.110653,2.291309
2918,69.060000,-0.578113,0.411971,-1.522214,2.049395,0.404599,-1.749902,1.729060,5.210645,1.404694,-1.682049,4.049283,2.867992,4.259534,7.931713,4.030765,3.665694
2919,69.080000,-0.850475,0.682203,-1.542702,1.548347,0.517136,-1.650250,2.188649,4.811086,1.303791,-1.426153,3.289526,2.334966,4.837732,7.092499,4.333089,5.211953
2920,69.100000,-0.904432,0.861656,-1.310890,0.894909,0.641640,-1.588158,2.352711,4.083292,1.115529,-1.487555,2.712890,1.908361,5.560591,6.129112,4.979746,6.541842
2921,69.120000,-0.633969,1.292725,-0.908405,-0.003321,0.861221,-1.297040,2.294159,3.746332,1.356041,-1.514609,1.969575,2.069167,6.256440,5.397436,6.196049,7.698065
2922,69.140000,-0.024546,1.555137,-0.432809,-0.904257,1.004554,-0.598172,1.945882,3.329450,1.435044,-1.476873,1.148360,2.267866,6.387623,4.473381,6.751108,8.212639
2923,69.160000,1.473283,1.505358,0.926192,-0.791318,0.570928,-0.103043,0.833073,1.592324,0.322788,-1.946978,0.376886,1.834448,4.606120,2.552808,5.711773,7.604023
2924,69.180000,3.119128,1.111976,1.413377,-0.575553,-0.123086,-0.111466,0.169517,0.667672,-0.944523,-2.151108,0.204482,1.174891,1.768170,1.610176,4.926737,6.938016
2925,69.200000,3.945681,0.616345,1.858719,-0.794309,-0.067399,0.099317,-0.373708,0.037816,-1.584162,-1.308404,-0.239198,0.716321,-0.005893,1.058079,5.818864,7.295602
2926,69.220000,4.294734,0.011096,1.617349,-1.293164,0.122273,0.195767,-1.139306,-0.295515,-2.415656,-0.105431,-0.973588,0.324889,-0.714671,0.869314,7.401073,8.274840
2927,69.240000,4.094434,-0.810464,0.407076,-1.807069,0.030686,0.060504,-1.623609,0.134939,-2.759883,0.620181,-1.424553,-0.257173,-0.507418,0.798763,8.230722,9.403790
2928,69.260000,2.769825,-2.183953,0.091678,-2.369038,-0.600163,-1.643408,-1.239190,0.372684,-3.976459,1.287676,-0.064016,0.094945,1.798642,1.301510,9.471451,12.171762
2929,69.280000,2.280221,-2.835993,-0.727623,-2.894716,-0.503515,-1.525099,-0.984499,1.923088,-2.355314,1.168864,0.929021,-0.597367,3.790966,2.977439,8.641598,11.641121
2930,69.300000,1.764306,-1.873911,-0.427040,-2.626890,-0.187448,-1.086864,-0.630165,2.605975,-0.840134,0.126515,2.026128,-0.476481,4.134657,4.349849,7.506259,8.997338
2931,69.320000,1.907127,-0.324575,-0.036884,-2.118777,0.206278,-0.490638,-0.526657,2.682364,-0.480457,-0.800095,2.269697,0.027360,3.406866,4.656358,6.674439,6.930656
2932,69.340000,2.112923,0.089176,-0.160488,-1.842844,0.322400,0.089835,-0.472900,2.545652,-0.681016,-1.150503,2.100914,-0.337043,1.640073,4.135597,5.753285,5.698930
2933,69.360000,1.993296,-0.114278,-0.560443,-1.686275,0.069774,0.671278,-0.351609,2.373098,-0.873945,-1.153551,1.800728,-1.055313,-0.315480,3.161849,4.769136,5.169968
2934,69.380000,1.747994,-0.612228,-1.021487,-1.429197,-0.233509,1.112361,-0.275322,2.275520,-0.945037,-0.982846,1.700787,-1.438725,-1.535123,2.209301,4.059609,5.123406
2935,69.400000,1.493858,-0.779009,-1.306723,-1.046185,-0.477057,1.067084,-0.288794,2.250143,-0.889182,-0.638580,1.824286,-1.545582,-1.981465,1.758173,3.659413,5.301180
2936,69.420000,1.358437,-1.029824,-1.430498,-0.736253,-0.756131,0.776077,-0.274785,2.263658,-0.826498,-0.332177,1.906401,-1.501547,-2.149328,1.211009,3.323700,5.158090
2937,69.440000,1.296184,-1.188070,-1.489293,-0.490998,-0.969640,0.239959,-0.299426,2.207213,-0.780841,-0.100592,1.916464,-1.314517,-2.193405,0.745139,3.060223,4.920947
2938,69.460000,1.183646,-1.097891,-1.457508,-0.307862,-1.074216,-0.628868,-0.253516,2.075600,-0.756145,0.004138,1.916671,-1.021273,-1.870773,0.551128,2.931557,4.826394
2939,69.480000,1.026299,-0.983767,-1.437084,-0.149693,-1.189913,-1.440633,-0.131989,1.880348,-0.723456,0.022549,1.878127,-0.737333,-1.329394,0.404326,2.751961,4.617078
2940,69.500000,0.770948,-0.849242,-1.437407,0.056989,-1.170785,-1.846364,0.064852,1.693308,-0.653755,-0.041451,1.834060,-0.486524,-0.626190,0.323002,2.567635,4.233925
2941,69.520000,0.230095,-0.615632,-1.550924,0.471436,-1.034551,-1.747026,0.416870,1.549170,-0.535371,-0.128238,1.615953,-0.265943,0.203046,0.275641,2.511230,3.530564
2942,69.540000,-0.287390,-0.262981,-1.717023,0.789691,-0.881829,-1.728188,0.999932,1.526389,-0.420735,-0.171841,1.517096,-0.064974,1.458868,0.498315,2.999176,3.189031
2943,69.560000,-0.778856,0.077838,-1.871324,1.119730,-0.675840,-1.649858,1.708356,1.455056,-0.119537,-0.509686,1.238957,0.191674,2.253280,0.754661,3.506093,3.070227
2944,69.580000,-0.344048,0.621501,-1.209454,0.872236,-0.094241,-0.978218,1.475455,1.760644,0.246676,-0.500443,1.477635,1.180810,2.790598,1.696804,4.441334,3.320618
2945,69.600000,0.079580,1.147179,-0.672951,0.663446,0.406141,-0.517227,1.217019,2.099501,0.551338,-0.685737,2.012156,1.706860,3.509184,2.743684,5.631715,4.465894
2946,69.620000,0.376026,1.206161,-0.869087,0.839550,0.650043,-0.387492,1.188538,1.994338,0.486504,-1.023199,2.277441,2.045564,3.830157,3.349272,5.765978,5.703106
2947,69.640000,0.357380,1.344255,-1.044127,0.861470,0.721759,-0.389906,1.281338,2.116139,0.868151,-1.076800,2.537717,2.301945,3.902077,3.497279,5.563062,6.317251
2948,69.660000,0.050044,1.568610,-1.108546,0.765179,0.806451,-0.582621,1.461662,2.343690,1.344384,-0.975992,2.733116,2.380019,4.064259,3.382476,5.532160,6.294966
2949,69.680000,-0.056757,1.455838,-1.203613,0.785050,0.688060,-0.794136,1.626063,2.289003,1.380660,-1.098817,2.778567,2.234059,3.821094,3.173452,5.145945,5.897671
2950,69.700000,-0.103601,1.554447,-1.092839,0.615566,0.677913,-0.903214,1.662162,2.503591,1.534728,-0.999823,2.847393,2.076070,3.860469,2.941239,4.960220,5.666451
2951,69.720000,-0.102914,1.507772,-1.087947,0.603942,0.649403,-0.964486,1.738662,2.431270,1.275258,-1.037321,2.880963,1.827897,3.793819,2.784704,4.833247,5.364583
2952,69.740000,-0.060464,1.486926,-1.048657,0.465494,0.650494,-0.934758,1.840084,2.461878,1.229498,-0.988046,2.749920,1.525998,3.752133,2.732771,4.802840,5.220490
2953,69.760000,0.067879,1.355337,-1.114117,0.357731,0.479392,-0.942434,1.872531,2.137411,0.495137,-0.959833,2.287981,0.616544,3.361024,2.708797,4.512899,4.645148
2954,69.780000,0.137822,1.392993,-1.048555,0.222473,0.476590,-0.789763,1.878716,2.059169,0.294338,-0.982593,2.021812,0.356396,3.070760,2.826878,4.439482,4.294021
2955,69.800000,0.226585,1.254305,-1.146989,0.270716,0.399171,-0.688652,1.672115,1.752284,-0.260025,-1.059183,1.975185,0.085884,2.660426,2.962900,4.028132,3.928679
2956,69.820000,0.269944,1.168447,-1.139526,0.029005,0.292839,-0.627579,1.684256,1.733468,-0.487469,-1.048966,1.704986,-0.321418,2.449641,2.988986,3.877909,3.613852
2957,69.840000,0.343195,1.038240,-1.227497,-0.059309,0.277189,-0.424042,1.595217,1.564908,-0.895317,-0.973106,1.601027,-0.687810,2.266805,2.977468,3.621095,3.338441
2958,69.860000,0.405649,0.949594,-1.173978,-0.110239,0.261026,-0.334998,1.464395,1.458087,-1.071563,-0.998464,1.507873,-0.802545,2.098427,2.967654,3.418939,3.215637
2959,69.880000,0.394305,0.956590,-1.079879,-0.182323,0.243388,-0.239243,1.376801,1.431910,-1.123768,-0.986379,1.428815,-0.833042,2.062139,2.973070,3.421447,3.094290
2960,69.900000,0.372330,0.950067,-0.973638,-0.293258,0.253264,-0.235839,1.341804,1.516815,-1.147242,-0.930229,1.424490,-0.817033,2.371703,2.954469,3.607709,3.169251
2961,69.920000,0.354676,0.982212,-0.997004,-0.344319,0.240377,-0.293456,1.360605,1.532621,-1.152354,-0.972192,1.405884,-0.883510,2.621200,2.932055,3.744895,3.197384
2962,69.940000,0.355242,1.011395,-0.980392,-0.371480,0.267097,-0.320709,1.278685,1.551440,-1.142504,-1.021020,1.418873,-0.841620,2.771380,3.001562,3.808043,3.295393
2963,69.960000,0.333840,1.153595,-0.966487,-0.387829,0.321417,-0.303256,1.298369,1.626189,-1.001104,-1.077122,1.491475,-0.718544,2.953480,3.102182,3.957163,3.436915
2964,69.980000,0.283469,1.162979,-1.027108,-0.441953,0.296115,-0.438968,1.390140,1.693997,-0.934448,-1.111689,1.519850,-0.793539,3.139031,3.067187,4.006429,3.473122
2965,70.000000,0.341428,1.127095,-1.146561,-0.374793,0.307231,-0.443821,1.260191,1.538046,-1.101239,-1.157108,1.540030,-0.907192,2.936389,3.057884,3.663931,3.482823
2966,70.020000,0.265453,1.286724,-0.992410,-0.411935,0.398059,-0.377201,1.312203,1.644616,-0.846626,-1.155599,1.592566,-0.758670,2.968029,3.119813,3.695388,3.623565
2967,70.040000,0.205399,1.298324,-1.046043,-0.429111,0.417665,-0.445207,1.394350,1.677957,-0.805223,-1.167771,1.629047,-0.791869,3.084821,3.114113,3.722742,3.652191
2968,70.060000,0.210924,1.279875,-1.102326,-0.439822,0.443984,-0.463384,1.442948,1.679204,-0.782274,-1.192012,1.643969,-0.796368,3.135182,3.042562,3.683813,3.708351
2969,70.080000,0.193813,1.356830,-1.001040,-0.472918,0.479836,-0.445951,1.493865,1.703551,-0.586575,-1.265831,1.665006,-0.697293,3.137602,3.018677,3.700018,3.694694
2970,70.100000,0.144603,1.350834,-1.098425,-0.471841,0.451831,-0.483185,1.507068,1.738645,-0.576691,-1.331763,1.650532,-0.693935,3.136402,3.001698,3.621787,3.599319
2971,70.120000,0.128568,1.337374,-1.156151,-0.430621,0.432364,-0.401401,1.519197,1.705473,-0.533095,-1.375253,1.608564,-0.730432,2.965397,2.958416,3.444968,3.483534
2972,70.140000,0.190058,1.290886,-1.138113,-0.411273,0.450818,-0.309928,1.457408,1.575607,-0.543641,-1.389766,1.618016,-0.761270,2.807486,2.976329,3.124341,3.390610
2973,70.160000,0.144884,1.368632,-1.072778,-0.424272,0.528737,-0.224865,1.428216,1.623924,-0.563392,-1.356886,1.652803,-0.640056,2.888839,3.098059,3.155409,3.506018
2974,70.180000,0.109651,1.398341,-1.093244,-0.398572,0.559253,-0.147374,1.458161,1.644920,-0.522449,-1.377446,1.682808,-0.551412,3.014221,3.205818,3.232499,3.682664
2975,70.200000,0.087001,1.403674,-1.148602,-0.365179,0.580497,-0.151154,1.491227,1.644960,-0.494343,-1.338530,1.681989,-0.483720,3.104530,3.281492,3.285974,3.834010
2976,70.220000,0.053144,1.434495,-1.228051,-0.352614,0.615474,-0.156916,1.506045,1.673937,-0.547660,-1.289739,1.780855,-0.395519,3.251784,3.387518,3.358923,4.027320
2977,70.240000,0.028764,1.322258,-1.330073,-0.246943,0.525422,-0.155348,1.431014,1.509162,-0.806572,-1.249879,1.722797,-0.474418,2.980054,3.387075,3.119773,3.954181
2978,70.260000,-0.012818,1.364968,-1.298963,-0.318459,0.505957,-0.218197,1.507078,1.573973,-0.836636,-1.142918,1.676847,-0.549387,3.036312,3.303284,3.174330,3.803903
2979,70.280000,-0.023351,1.334247,-1.341972,-0.312630,0.472473,-0.178065,1.511902,1.512171,-0.982561,-1.148286,1.620721,-0.609527,2.873807,3.205797,3.099025,3.542345
2980,70.300000,0.048214,1.360765,-1.230507,-0.342915,0.492052,-0.032873,1.516537,1.509784,-0.858811,-1.186663,1.622758,-0.469510,2.756502,3.200858,3.122112,3.538060
2981,70.320000,0.088135,1.327801,-1.226022,-0.356766,0.465202,-0.012079,1.527303,1.499094,-0.833774,-1.194938,1.615433,-0.502777,2.691673,3.153866,3.105890,3.438910
2982,70.340000,0.174148,1.250130,-1.249189,-0.334603,0.461225,0.084269,1.477059,1.442811,-0.917737,-1.202578,1.594628,-0.545332,2.649637,3.137164,3.020358,3.431153
2983,70.360000,0.169660,1.207127,-1.291959,-0.319034,0.368016,0.043083,1.399983,1.425623,-1.023770,-1.167474,1.521599,-0.744433,2.590461,3.137374,2.898891,3.372824
2984,70.380000,0.157337,1.212197,-1.291258,-0.298734,0.328234,0.030770,1.375800,1.421795,-1.048211,-1.081719,1.488739,-0.878322,2.614527,3.180905,2.855555,3.387090
2985,70.400000,0.142668,1.232977,-1.252609,-0.273135,0.326190,0.049724,1.394965,1.395415,-1.000191,-1.043889,1.509575,-0.860896,2.652649,3.258110,2.844152,3.438943
2986,70.420000,0.170395,1.259840,-1.207895,-0.287988,0.368088,0.057234,1.431681,1.412399,-0.959560,-1.008531,1.552265,-0.789878,2.780092,3.362703,2.933677,3.593517
2987,70.440000,0.111802,1.278598,-1.276972,-0.293933,0.328176,-0.050318,1.468984,1.450739,-1.013997,-0.982407,1.533523,-0.866203,2.901014,3.374736,3.032453,3.606647
2988,70.460000,0.143559,1.328310,-1.257696,-0.273873,0.394565,0.015205,1.495047,1.459232,-0.972380,-0.984709,1.584632,-0.734979,2.933972,3.405937,3.107415,3.712176
2989,70.480000,0.141174,1.362852,-1.245412,-0.256246,0.382283,-0.010293,1.517646,1.460274,-0.876706,-1.048244,1.612983,-0.587239,2.821485,3.418357,3.121992,3.672288
2990,70.500000,0.102073,1.357546,-1.291354,-0.261262,0.359755,-0.040238,1.573620,1.514041,-0.835373,-1.046408,1.573918,-0.649019,2.780699,3.360258,3.134087,3.575434
2991,70.520000,0.137273,1.386860,-1.266720,-0.306445,0.403852,0.009885,1.660686,1.567799,-0.733024,-1.065921,1.615062,-0.635179,2.819059,3.312882,3.167554,3.581885
2992,70.540000,0.173223,1.384286,-1.304893,-0.266449,0.445385,0.087368,1.640241,1.574764,-0.690296,-1.104538,1.673202,-0.536112,2.808599,3.366379,3.128748,3.676841
2993,70.560000,0.197693,1.394462,-1.294773,-0.285600,0.465213,0.112839,1.705613,1.598933,-0.627407,-1.122439,1.711846,-0.531173,2.849893,3.386235,3.111047,3.791958
2994,70.580000,0.182809,1.415206,-1.306022,-0.268034,0.487861,0.102820,1.666958,1.581786,-0.717733,-1.117845,1.775281,-0.419535,2.894027,3.438556,3.150069,3.884868
2995,70.600000,0.147731,1.466896,-1.343072,-0.260743,0.502629,0.107925,1.713871,1.650365,-0.682883,-1.064135,1.813413,-0.426550,2.971292,3.498457,3.228715,4.059423
2996,70.620000,0.089382,1.489700,-1.359938,-0.300205,0.524923,0.042450,1.812379,1.712232,-0.629243,-1.093850,1.838913,-0.427308,3.097584,3.549053,3.303087,4.140272
2997,70.640000,0.113597,1.475050,-1.402552,-0.236530,0.556786,0.170584,1.828474,1.641763,-0.567461,-1.196978,1.874945,-0.228579,2.951595,3.599891,3.234804,4.154445
2998,70.660000,0.104982,1.470034,-1.389008,-0.307794,0.475610,0.029186,1.862542,1.677339,-0.579343,-1.186383,1.827661,-0.334445,2.882507,3.505767,3.182532,3.952369
2999,70.680000,0.181059,1.495648,-1.282349,-0.395856,0.557223,0.080536,1.884201,1.697078,-0.609131,-1.146493,1.918407,-0.270768,2.962931,3.438607,3.333295,3.985713
3000,70.700000,0.149092,1.476709,-1.325119,-0.377990,0.472380,-0.035425,1.859084,1.728172,-0.700522,-1.135990,1.842125,-0.348816,2.942032,3.324154,3.442072,3.861892
3001,70.720000,0.178684,1.488947,-1.349717,-0.422017,0.513936,-0.011400,1.862922,1.799566,-0.794734,-1.047261,1.890828,-0.448748,3.136163,3.312852,3.572697,3.992961
3002,70.740000,0.193736,1.520813,-1.394397,-0.396396,0.533934,0.033455,1.854968,1.789073,-0.847517,-1.076087,1.973943,-0.417820,3.154105,3.369708,3.584130,4.158435
3003,70.760000,0.128977,1.479691,-1.456030,-0.452875,0.449855,-0.080904,1.901470,1.794953,-0.856523,-1.109153,1.890393,-0.621658,3.065161,3.357600,3.449988,4.050458
3004,70.780000,0.154795,1.458356,-1.445921,-0.523210,0.471839,-0.088744,1.951641,1.767765,-0.824963,-1.109582,1.905786,-0.716661,2.960964,3.289470,3.344002,3.927346
3005,70.800000,0.230279,1.413592,-1.402147,-0.561931,0.478982,-0.069518,1.898700,1.715460,-0.874770,-1.134731,1.948079,-0.720960,2.826009,3.226557,3.197059,3.823208
3006,70.820000,0.190137,1.365680,-1.437803,-0.549222,0.437832,-0.147042,1.726049,1.704554,-1.204221,-1.044755,1.881061,-0.900548,2.820595,3.202617,3.169283,3.716797
3007,70.840000,0.212160,1.405482,-1.379990,-0.591571,0.409291,-0.184449,1.677050,1.717333,-1.347746,-0.957007,1.844427,-1.048686,2.881598,3.107773,3.279269,3.652203
3008,70.860000,0.319918,1.383078,-1.290286,-0.657956,0.437215,-0.176649,1.628823,1.639443,-1.360901,-0.975206,1.864870,-1.065236,2.814019,3.078794,3.206302,3.618588
3009,70.880000,0.295640,1.390574,-1.267439,-0.681563,0.426596,-0.229011,1.582379,1.667262,-1.450105,-0.990087,1.826032,-1.069099,2.835572,3.059218,3.304200,3.559778
3010,70.900000,0.257571,1.438302,-1.242124,-0.738734,0.405139,-0.324473,1.581283,1.769809,-1.508079,-0.936626,1.799368,-1.182003,3.059117,2.970313,3.537742,3.507767
3011,70.920000,0.259926,1.473026,-1.231368,-0.771232,0.431238,-0.402890,1.628081,1.816937,-1.437872,-0.975509,1.825753,-1.187365,3.185864,2.873549,3.689401,3.469940
3012,70.940000,0.329802,1.502643,-1.173446,-0.833351,0.500641,-0.421826,1.664673,1.856342,-1.297370,-1.049997,1.911310,-1.169009,3.251591,2.882232,3.723929,3.602966
3013,70.960000,0.434947,1.463961,-1.226988,-0.788095,0.569139,-0.447092,1.566927,1.774035,-1.382903,-1.130093,1.963972,-1.152990,3.137659,2.835662,3.550631,3.637885
3014,70.980000,0.389095,1.575958,-1.118570,-0.829543,0.583391,-0.535522,1.667750,1.909666,-1.219751,-1.220775,1.957329,-1.008269,3.200097,2.710702,3.691307,3.600120
3015,71.000000,0.393923,1.598814,-1.108062,-0.860848,0.583676,-0.628276,1.719340,1.971394,-1.123007,-1.272955,1.982683,-1.017125,3.287548,2.600439,3.772353,3.529760
3016,71.020000,0.448038,1.596339,-1.201971,-0.814540,0.617462,-0.674784,1.669182,1.960312,-1.233695,-1.296870,1.995882,-1.038321,3.277678,2.481924,3.728557,3.531520
3017,71.040000,0.392996,1.679520,-1.204556,-0.770301,0.647956,-0.757261,1.696135,2.040584,-1.161679,-1.370347,1.997636,-0.899639,3.329397,2.391495,3.842781,3.502070
3018,71.060000,0.435405,1.692647,-1.248219,-0.746286,0.673335,-0.843533,1.701582,2.117991,-1.152382,-1.299003,2.058501,-0.982027,3.509040,2.367198,3.893064,3.620904
3019,71.080000,0.356243,1.734456,-1.377800,-0.604899,0.690556,-0.938215,1.595106,2.162176,-1.350064,-1.244547,1.992698,-1.026404,3.635247,2.298181,4.003896,3.584114
3020,71.100000,0.328416,1.762175,-1.320490,-0.648560,0.682317,-1.061482,1.726862,2.214630,-1.192600,-1.292972,1.969970,-1.023989,3.671988,2.141447,4.056590,3.411502
3021,71.120000,0.318399,1.782624,-1.312463,-0.625930,0.704181,-1.194230,1.720206,2.220205,-1.175260,-1.332218,1.943425,-1.031194,3.613335,1.972490,4.006918,3.132118
3022,71.140000,0.368156,1.756230,-1.254283,-0.627913,0.691919,-1.232079,1.637663,2.226232,-1.201650,-1.315358,1.907951,-1.231113,3.568260,1.845643,3.908927,3.065857
3023,71.160000,0.428479,1.759930,-1.175788,-0.602401,0.730675,-1.263330,1.564617,2.201767,-1.107922,-1.382683,1.896204,-1.323518,3.431153,1.800201,3.649450,3.084242
3024,71.180000,0.485972,1.653665,-1.268679,-0.559418,0.663675,-1.325387,1.299295,1.989926,-1.706703,-1.224568,1.783975,-1.616101,3.199094,1.558391,3.332737,2.777447
3025,71.200000,0.513590,1.777078,-0.896238,-0.527683,0.858186,-1.309877,1.206419,1.968519,-1.530879,-1.345780,1.771785,-1.512090,3.030467,1.413103,3.262088,2.824174
3026,71.220000,0.458840,1.858026,-0.773329,-0.423093,0.919799,-1.500673,1.007720,1.919713,-1.732312,-1.217010,1.714163,-1.648672,3.004939,1.141505,3.342135,2.687823
3027,71.240000,0.408472,1.889409,-0.642482,-0.307612,1.060399,-1.513694,0.930345,1.872657,-1.806792,-1.233421,1.654296,-1.641292,2.951056,0.859209,3.514567,2.691912
3028,71.260000,0.434230,1.905516,-0.510548,-0.304288,1.138678,-1.539400,0.801730,1.900331,-1.790632,-1.174001,1.735582,-1.761926,2.941463,0.904126,3.652434,2.928777
3029,71.280000,0.416081,1.901299,-0.569756,-0.366820,1.178959,-1.543744,0.814890,1.806793,-1.886007,-1.215150,1.751705,-1.880330,2.712591,0.836419,3.630954,3.023137
3030,71.300000,0.466203,1.928022,-0.599375,-0.443508,1.309411,-1.425179,0.891293,1.765067,-1.836819,-1.289732,1.879012,-1.873841,2.473298,0.948686,3.544938,3.346450
3031,71.320000,0.336373,1.986035,-0.583764,-0.519268,1.373246,-1.429300,0.899960,1.805435,-1.855793,-1.213593,1.921177,-1.876781,2.448204,1.022649,3.767607,3.489291
3032,71.340000,0.271239,2.122500,-0.444179,-0.481952,1.596636,-1.415555,1.042998,1.871881,-1.604324,-1.422800,2.052520,-1.668889,2.665811,1.182429,4.169038,3.849328
3033,71.360000,0.169610,2.228847,-0.423443,-0.530850,1.637833,-1.387647,1.224642,2.056288,-1.174644,-1.522458,2.233450,-1.527195,2.991655,1.478303,4.530362,4.266726
3034,71.380000,0.193519,2.218703,-0.560666,-0.546363,1.696669,-1.216537,1.341558,2.182546,-0.906971,-1.685881,2.449988,-1.409840,3.254429,1.910119,4.576919,4.847522
3035,71.400000,0.164750,2.339658,-0.535673,-0.413095,1.873760,-1.117779,1.543655,2.350860,-0.473471,-1.982552,2.746388,-0.860061,3.520307,2.246080,4.703324,5.405613
3036,71.420000,0.055153,2.495819,-0.420606,-0.310044,2.004082,-1.079932,1.666094,2.620285,-0.166306,-2.131538,2.954132,-0.334407,3.880416,2.562390,5.099574,5.763395
3037,71.440000,0.066801,2.632869,-0.301492,-0.144059,2.158665,-0.928347,1.807094,2.895573,0.140242,-2.352121,3.131684,0.232699,4.216905,2.721710,5.601182,6.035661
3038,71.460000,0.090102,2.599742,-0.307905,0.063796,2.186445,-0.880493,1.952382,3.156634,0.425052,-2.435924,3.485880,0.771480,4.439430,2.899358,5.767850,6.198455
3039,71.480000,0.045573,2.579032,-0.305976,0.249948,2.223598,-0.777238,2.073350,3.396528,0.591251,-2.457165,3.562168,0.777986,4.336142,2.956931,5.634987,6.166916
3040,71.500000,-0.000211,2.480526,-0.297982,0.508474,2.237771,-0.540961,2.089601,3.467478,0.602584,-2.479848,3.800808,0.995374,4.169922,3.049267,5.506769,6.120312
3041,71.520000,-0.123415,2.272029,-0.304755,0.638656,2.097164,-0.428922,2.137750,3.520215,0.539973,-2.389014,3.851482,0.896916,3.974361,3.308392,5.279404,5.911378
3042,71.540000,-0.237647,2.106919,-0.249326,0.703068,1.940919,-0.144358,2.120946,3.439437,0.379104,-2.305968,3.868186,0.886447,3.767492,3.597294,5.273723,5.605582
3043,71.560000,-0.542997,1.736782,-0.226390,0.864099,1.691618,-0.040516,2.008987,3.399097,0.203356,-2.152572,3.991898,0.919203,3.580548,4.162345,5.309375,5.487854
3044,71.580000,-0.900983,1.512138,-0.393508,1.132750,1.393533,-0.074252,1.940583,3.854151,0.613302,-1.978884,4.222335,1.243808,3.665468,4.894432,5.419868,5.340342
3045,71.600000,-1.439701,1.094224,-0.695456,1.621627,1.013047,-0.349623,1.614541,4.190551,0.730301,-1.779176,4.684688,1.509311,3.545886,5.717690,5.471694,4.974661
3046,71.620000,-2.178718,0.603808,-1.193599,2.344565,0.545893,-1.016876,1.056396,4.622219,0.930494,-1.481870,5.328450,1.886321,3.179286,6.812208,5.420883,4.316628
3047,71.640000,-2.883868,0.299609,-1.964840,3.095179,0.147826,-2.083550,0.255345,5.212339,1.156341,-0.988930,6.139311,2.296838,2.818336,8.008336,5.414705,3.100365
3048,71.660000,-2.762640,0.149239,-2.593318,3.438899,-0.189419,-2.989126,-0.317212,5.306656,0.915709,-0.774531,6.999509,2.850165,2.515685,8.613251,5.672333,1.696113
3049,71.680000,-1.812314,0.008162,-2.787568,3.172067,-0.523474,-3.357630,-0.422832,5.755088,0.976053,-1.033147,7.089256,3.159966,2.501887,8.700554,5.812105,0.468478
3050,71.700000,-0.848039,-0.167527,-2.599657,2.514833,-0.773236,-3.036676,0.082968,5.662185,1.071443,-1.516141,6.555830,3.276245,2.920783,8.519186,5.493008,-0.263908
3051,71.720000,-0.335689,-0.234255,-2.050666,2.127726,-0.571354,-2.191656,0.688566,5.505141,1.185973,-1.788684,5.154659,3.263086,3.348720,8.456046,4.796574,-0.046392
3052,71.740000,-0.341464,-0.046451,-1.608139,2.076670,0.093760,-1.653848,1.062744,5.299090,1.225582,-1.836586,4.326814,3.223336,3.700264,8.536368,4.020378,1.259146
3053,71.760000,-0.526773,0.403054,-1.449723,2.120143,0.716352,-1.568313,1.346521,5.390035,1.232728,-1.653211,3.841358,3.077592,4.200343,8.317875,3.916755,3.364197
3054,71.780000,-0.725537,0.646182,-1.390724,1.709284,0.777191,-1.701607,1.800183,4.818421,1.055374,-1.645179,3.607577,2.649217,4.709105,7.493153,4.039375,5.280573
3055,71.800000,-0.788162,0.845448,-1.275496,1.112404,0.690947,-1.735408,2.111997,4.194154,0.931711,-1.621136,3.185103,2.088380,5.363125,6.494638,4.541817,6.705328
3056,71.820000,-0.597231,1.138270,-0.960724,0.344334,0.717017,-1.549818,2.070642,3.644120,1.025869,-1.630668,2.398398,1.947022,5.952284,5.623490,5.450749,7.379714
3057,71.840000,0.187206,1.394561,-0.273328,-0.443007,0.904921,-1.043890,1.643480,2.930275,0.914637,-1.688880,1.665428,2.123100,5.997797,4.719915,6.031325,7.869706
3058,71.860000,1.255739,1.543027,0.743973,-1.279562,0.419277,0.034741,1.166217,2.227429,0.764331,-1.851453,0.607815,1.993253,5.052892,3.407450,5.720574,7.806589
3059,71.880000,2.440920,1.189999,0.926564,-0.992041,-0.163346,0.628764,0.496326,1.307122,-0.391674,-2.010223,0.081491,1.306464,2.688326,2.199337,4.850093,6.966709
3060,71.900000,3.481352,0.456220,0.858853,-0.718426,-0.505658,0.755895,-0.034677,0.658352,-1.099790,-1.715958,-0.085046,0.630651,0.362685,1.207061,4.845293,6.537508
3061,71.920000,4.096797,-0.319047,0.887253,-1.022021,-0.462435,0.561304,-1.006947,0.056172,-2.083758,-0.468996,-0.597930,0.185585,-0.336663,0.951989,6.295512,7.508826
3062,71.940000,4.118519,-0.853187,0.108259,-1.321207,-0.324735,0.142440,-1.635037,0.118474,-2.631413,0.269155,-0.991820,-0.043221,-0.174340,1.048287,7.582291,8.839449
3063,71.960000,3.125001,-1.922915,-0.439663,-1.889041,-0.555322,-0.890660,-1.577349,0.609438,-3.120551,0.824800,-0.512249,-0.052070,1.027979,1.316643,8.552075,10.774611
3064,71.980000,2.176778,-3.025171,-1.106330,-2.792581,-0.871582,-1.143697,-1.094332,2.140898,-1.893205,0.975701,0.623270,-0.510471,3.145275,2.371509,8.202691,11.173579
3065,72.000000,1.816035,-2.284619,-0.863483,-2.513024,-0.544328,-0.969745,-0.787778,2.646881,-0.763091,0.191772,1.762509,-0.264268,3.671658,3.516663,7.228102,9.341336
3066,72.020000,2.050643,-0.869826,-0.178377,-2.013536,-0.187393,-0.718961,-0.809487,2.590052,-0.467594,-0.650293,2.080210,0.135657,3.039761,4.149936,6.456436,7.276731
3067,72.040000,2.258780,-0.404825,-0.100825,-1.760420,-0.143137,-0.715894,-0.874807,2.499405,-0.672969,-0.909015,1.943173,-0.218335,1.500349,3.851213,5.568201,5.926404
3068,72.060000,2.345508,-0.686407,-0.348886,-1.707279,-0.381555,-0.458028,-0.849400,2.395619,-0.858036,-0.965283,1.674433,-0.768813,-0.306357,3.126294,4.682104,5.334073
3069,72.080000,2.242751,-1.121761,-0.677220,-1.702558,-0.645426,-0.126558,-0.740589,2.364962,-0.865583,-0.827601,1.574893,-1.139403,-1.470933,2.378004,4.032030,5.234951
3070,72.100000,1.987521,-1.247338,-0.937748,-1.486055,-0.845345,-0.004958,-0.659102,2.356318,-0.819122,-0.558178,1.628166,-1.254829,-1.870898,1.845324,3.645875,5.318501
3071,72.120000,1.775033,-1.525925,-1.159103,-1.266082,-1.059139,-0.022471,-0.649843,2.438230,-0.789153,-0.309914,1.722501,-1.186123,-1.971269,1.416960,3.386315,5.254024
3072,72.140000,1.525409,-1.526006,-1.291082,-1.067671,-1.193436,-0.288066,-0.630339,2.471547,-0.744268,-0.063276,1.753005,-1.071443,-1.866609,1.193769,3.265418,5.130829
3073,72.160000,1.370090,-1.462407,-1.342748,-0.971918,-1.373723,-0.691164,-0.518060,2.413857,-0.705370,0.078988,1.747232,-0.946136,-1.605107,0.935630,3.130238,4.874012
3074,72.180000,1.196204,-1.303385,-1.366514,-0.900099,-1.476013,-1.158028,-0.437531,2.244793,-0.724722,0.159837,1.690976,-0.783043,-1.224513,0.772530,2.969309,4.533901
3075,72.200000,1.015541,-1.150494,-1.362883,-0.832276,-1.506021,-1.538866,-0.364508,2.045934,-0.781519,0.189857,1.603313,-0.647060,-0.829818,0.612264,2.770612,4.092996
3076,72.220000,0.843800,-0.971357,-1.355306,-0.758712,-1.478536,-1.686181,-0.252991,1.813838,-0.837623,0.169102,1.468453,-0.518244,-0.363779,0.536942,2.632888,3.559212
3077,72.240000,0.609907,-0.811530,-1.379365,-0.629457,-1.394154,-1.621596,-0.124366,1.614694,-0.880685,0.145446,1.273162,-0.400839,0.131442,0.542729,2.587070,2.961811
3078,72.260000,0.459901,-0.704125,-1.403135,-0.599985,-1.392757,-1.636744,0.121963,1.442592,-0.878275,0.058398,1.133004,-0.358904,0.664316,0.565879,2.614164,2.571408
3079,72.280000,0.219877,-0.524155,-1.475600,-0.415341,-1.273123,-1.519621,0.360488,1.299498,-0.816162,-0.075348,0.913539,-0.263204,1.109361,0.707211,2.712793,2.288219
3080,72.300000,-0.042005,-0.220857,-1.535537,-0.126905,-1.121419,-1.508438,0.735616,1.206659,-0.624916,-0.296317,0.818829,-0.132030,1.660790,0.980763,2.996694,2.386652
3081,72.320000,-0.283106,-0.114396,-1.579297,0.108221,-1.013943,-1.554575,1.239955,1.145116,-0.380102,-0.612956,0.795569,0.099328,2.294362,1.076566,3.424231,2.731615
3082,72.340000,0.918933,0.134268,-1.047187,0.569061,-0.158063,-1.190044,0.392807,1.069245,-0.297211,-0.961996,1.383509,0.868302,2.579622,1.789729,3.619607,3.791124
3083,72.360000,0.752946,0.971457,-0.685591,0.422820,0.266798,-0.469888,0.597556,1.677431,0.340397,-1.140150,1.780121,1.744612,3.042642,2.764766,5.096705,4.537085
3084,72.380000,0.195621,1.508083,-0.805511,0.399323,0.679588,-0.281872,1.040056,2.141690,0.817219,-1.005897,1.962384,2.177352,4.208045,3.273391,6.084943,5.309338
3085,72.400000,-0.116336,1.559135,-1.321365,0.727092,0.917391,-0.486054,1.281022,2.412555,1.451348,-1.135534,2.470854,3.195318,4.390946,3.529286,6.359712,5.884573
3086,72.420000,-0.379527,1.534225,-1.480510,0.736303,0.941799,-0.869027,1.368215,2.790862,1.946836,-1.052226,2.857878,3.433930,4.352232,3.334122,6.136518,5.864460
3087,72.440000,-0.489533,1.461132,-1.541818,0.778003,0.864479,-1.092315,1.501720,2.684501,1.574266,-0.964574,3.042970,3.111429,4.034507,2.957088,5.484590,5.492305
3088,72.460000,-0.646361,1.556875,-1.415100,0.768980,0.864242,-1.242790,1.634745,2.921593,1.948691,-0.902115,3.031341,2.904495,3.972810,2.729635,5.212531,5.188610
3089,72.480000,-0.633035,1.519195,-1.403307,0.827596,0.791215,-1.317506,1.691628,2.777822,1.638532,-1.006466,2.959500,2.413109,3.849990,2.603932,4.787875,4.814859
3090,72.500000,-0.508346,1.508576,-1.260885,0.704352,0.701629,-1.282734,1.790223,2.731701,1.490459,-1.108036,2.658658,1.779375,3.743325,2.525543,4.436606,4.729270
3091,72.520000,-0.349482,1.578737,-1.164449,0.664163,0.782791,-1.154056,1.638214,2.561528,1.175527,-1.130983,2.888144,1.745918,3.868293,2.769827,4.341634,4.940207
3092,72.540000,-0.289133,1.492371,-1.111351,0.632910,0.697945,-1.138793,1.658079,2.391596,1.073127,-1.351258,2.771649,1.483799,3.677486,2.821350,4.241506,4.887663
3093,72.560000,-0.231283,1.453485,-1.084245,0.466647,0.689335,-1.125243,1.617649,2.221702,0.763694,-1.253939,2.634633,1.162263,3.685474,2.908307,4.312294,4.747959
3094,72.580000,-0.127667,1.240709,-1.048808,0.289873,0.535102,-0.984603,1.587244,2.036777,0.413260,-1.264377,2.335329,0.719308,3.372134,2.900970,4.340759,4.317003
3095,72.600000,-0.018082,1.229915,-0.994418,0.128124,0.543828,-0.941838,1.445849,1.897640,-0.141117,-1.073228,2.195827,0.352494,3.425092,3.157804,4.461185,4.168077
3096,72.620000,0.099357,1.111465,-0.994023,-0.008565,0.367820,-0.844132,1.447827,1.588072,-0.665504,-1.177027,1.753985,-0.257311,2.885143,3.147087,4.173802,3.605848
3097,72.640000,0.185192,0.927636,-0.945133,-0.270572,0.214872,-0.786608,1.281468,1.494015,-1.005655,-1.040292,1.506373,-0.650180,2.594028,3.012886,3.922079,3.065951
3098,72.660000,0.187959,0.913848,-0.866518,-0.373658,0.149517,-0.632174,1.161869,1.437278,-1.076015,-1.041465,1.355840,-0.830656,2.332857,2.912038,3.804046,2.727614
3099,72.680000,0.258486,0.766997,-0.837630,-0.463159,0.149256,-0.640870,0.900250,1.415944,-1.355175,-0.903855,1.368128,-1.080693,2.469206,2.918794,3.694628,2.918347
3100,72.700000,0.262542,0.684216,-0.887347,-0.499291,0.046566,-0.619242,0.808191,1.303385,-1.443163,-0.987128,1.241524,-1.177673,2.341016,2.823255,3.526473,2.795764
3101,72.720000,0.191601,0.769475,-0.762121,-0.559653,0.124250,-0.637005,0.638835,1.360355,-1.515415,-0.816044,1.272216,-1.284140,2.655355,2.872266,3.549859,3.013123
3102,72.740000,0.167985,0.835047,-0.580445,-0.660184,0.150209,-0.543868,0.747382,1.394611,-1.376348,-0.946632,1.330394,-1.141293,2.879088,2.856619,3.723759,3.057783
3103,72.760000,0.148378,0.840611,-0.552962,-0.691176,0.204968,-0.532409,0.824176,1.378369,-1.265639,-1.116550,1.325540,-1.030958,2.921793,2.783822,3.767785,2.982809
3104,72.780000,0.202367,0.819027,-0.602924,-0.660601,0.246626,-0.545116,0.767135,1.328282,-1.257805,-1.238699,1.331823,-1.034667,2.816889,2.657325,3.718168,2.904400
3105,72.800000,0.101544,0.862792,-0.601061,-0.698386,0.224656,-0.638652,0.785367,1.403269,-1.193788,-1.245420,1.340644,-1.059482,2.951678,2.562574,3.806649,2.865519
3106,72.820000,-0.011834,0.992445,-0.554424,-0.703764,0.297225,-0.652308,0.811297,1.512563,-1.036853,-1.308260,1.378636,-0.961858,3.144017,2.640034,3.990125,2.983595
3107,72.840000,-0.015397,1.003831,-0.620053,-0.615397,0.352089,-0.694910,0.835896,1.520639,-0.887502,-1.489547,1.428781,-0.842947,3.170414,2.716734,4.004707,3.124247
3108,72.860000,0.041640,1.007197,-0.677693,-0.553015,0.429374,-0.756802,0.795271,1.469013,-0.878476,-1.615937,1.498717,-0.758136,3.186194,2.739563,3.861809,3.277235
3109,72.880000,-0.003992,1.078252,-0.704104,-0.528766,0.461630,-0.786437,0.821990,1.498854,-0.765862,-1.699899,1.541917,-0.658517,3.242578,2.753405,3.765558,3.385057
3110,72.900000,-0.093048,1.134256,-0.772257,-0.562359,0.400172,-0.855717,0.902071,1.590832,-0.665119,-1.701386,1.534728,-0.670204,3.371957,2.670283,3.790773,3.346676
3111,72.920000,-0.163124,1.232002,-0.740252,-0.604732,0.438666,-0.868139,0.999876,1.726838,-0.414867,-1.710437,1.566651,-0.534255,3.554060,2.628796,3.962134,3.424035
3112,72.940000,-0.212237,1.259562,-0.745689,-0.504282,0.488817,-0.898761,0.999365,1.771823,-0.197948,-1.814024,1.596726,-0.382951,3.587033,2.676647,4.048306,3.549881
3113,72.960000,-0.214761,1.304092,-0.797457,-0.445594,0.505568,-0.943046,1.022621,1.845394,-0.053810,-1.873582,1.650015,-0.216087,3.686697,2.689617,4.061076,3.669289
3114,72.980000,-0.272889,1.328266,-0.803372,-0.443239,0.523290,-1.007467,1.075868,1.959193,0.011084,-1.733270,1.672669,-0.175110,3.915264,2.618137,4.173008,3.733966
3115,73.000000,-0.271539,1.379543,-0.796013,-0.377411,0.561990,-1.046874,1.019937,1.968911,0.017694,-1.867527,1.688177,0.076788,3.966520,2.598695,4.236765,3.763173
3116,73.020000,-0.174011,1.471276,-0.790290,-0.436038,0.615684,-1.007047,1.114551,2.066856,0.096745,-1.824528,1.795040,0.194062,4.137197,2.600836,4.301702,3.904928
3117,73.040000,-0.127613,1.431315,-0.824713,-0.432276,0.588357,-1.020592,1.104077,2.043657,0.101553,-1.831631,1.809614,0.134138,4.120830,2.591515,4.158485,3.946903
3118,73.060000,-0.086833,1.400055,-0.884332,-0.426753,0.583706,-0.998461,1.108274,2.002163,0.031623,-1.804636,1.799570,0.052611,4.051993,2.629591,3.985972,3.989777
3119,73.080000,-0.048438,1.409708,-0.909828,-0.404459,0.556762,-0.926174,1.147306,1.920999,0.031086,-1.849893,1.737467,0.054286,3.782611,2.636102,3.754735,3.833859
3120,73.100000,0.019579,1.398699,-0.823837,-0.408710,0.572653,-0.843582,1.081093,1.812078,-0.122268,-1.806518,1.728234,-0.007824,3.601450,2.666303,3.640411,3.722036
3121,73.120000,0.036802,1.370942,-0.828324,-0.520383,0.494973,-0.888667,1.044654,1.857038,-0.415265,-1.555987,1.649131,-0.323621,3.749699,2.705050,3.748168,3.684474
3122,73.140000,0.044747,1.326019,-0.788439,-0.499411,0.471084,-0.761621,1.095204,1.747414,-0.441683,-1.527206,1.590230,-0.462646,3.625574,2.734055,3.742689,3.675731
3123,73.160000,0.101270,1.337264,-0.789566,-0.572240,0.452040,-0.732541,1.092867,1.735774,-0.629977,-1.391212,1.589042,-0.576226,3.625738,2.757691,3.824045,3.634414
3124,73.180000,0.244794,1.253970,-0.926591,-0.590756,0.389939,-0.655406,1.069737,1.561694,-0.982165,-1.398452,1.533554,-0.708361,3.329625,2.665100,3.660577,3.437140
3125,73.200000,0.300748,1.233201,-0.871804,-0.571020,0.399820,-0.551819,0.995350,1.437073,-1.040108,-1.394582,1.486623,-0.802743,2.885688,2.641305,3.427433,3.341095
3126,73.220000,0.286312,1.206282,-0.874517,-0.660960,0.352060,-0.462630,0.957697,1.460927,-1.068562,-1.285508,1.480390,-0.969383,2.736834,2.713940,3.334033,3.336716
3127,73.240000,0.335197,1.040485,-1.049486,-0.627032,0.335260,-0.369347,0.900678,1.281962,-1.227139,-1.287555,1.479774,-1.196708,2.457989,2.822164,2.901929,3.403922
3128,73.260000,0.231170,1.161884,-0.876431,-0.664303,0.383505,-0.354242,0.995350,1.385540,-1.098221,-1.180995,1.478423,-1.167957,2.547377,2.879175,3.040828,3.489702
3129,73.280000,0.078875,1.249557,-0.826268,-0.660325,0.420401,-0.400865,0.971091,1.489482,-1.201267,-1.029923,1.505018,-1.161137,2.875889,2.981506,3.420414,3.619015
3130,73.300000,0.007545,1.324860,-0.876652,-0.595725,0.500033,-0.463981,1.091892,1.603077,-1.124607,-1.048832,1.549877,-0.958518,3.188712,3.034052,3.798947,3.795366
3131,73.320000,-0.023383,1.432936,-0.841605,-0.621589,0.525078,-0.550196,1.231396,1.721084,-0.959160,-1.067397,1.622891,-0.814759,3.442124,2.991877,4.137673,3.810284
3132,73.340000,0.021488,1.354547,-1.012969,-0.680877,0.445929,-0.700175,1.266383,1.716218,-1.018845,-1.110286,1.637803,-0.949500,3.483420,2.858402,4.043540,3.630479
3133,73.360000,0.063588,1.397836,-1.044945,-0.628717,0.527852,-0.691913,1.256853,1.733281,-0.976898,-1.161787,1.680857,-0.924418,3.362832,2.860882,3.856334,3.661992
3134,73.380000,0.043298,1.483886,-1.010387,-0.677896,0.517957,-0.727935,1.325279,1.848598,-0.785828,-1.195996,1.747587,-0.968405,3.381423,2.899224,3.711953,3.703706
3135,73.400000,0.088460,1.503302,-1.000251,-0.719845,0.591812,-0.768936,1.393141,1.913137,-0.771913,-1.244507,1.815031,-0.955395,3.491727,2.909498,3.645460,3.787524
3136,73.420000,0.150595,1.548187,-0.988695,-0.729302,0.651347,-0.771604,1.430543,1.926242,-0.682957,-1.333928,1.883576,-0.929229,3.523458,2.917499,3.545065,3.931946
3137,73.440000,0.217900,1.556016,-0.957516,-0.769747,0.652825,-0.785373,1.443860,1.852398,-0.692820,-1.421510,1.891533,-0.954158,3.439322,2.890250,3.348872,3.891817
3138,73.460000,0.196786,1.508581,-1.008856,-0.769209,0.615922,-0.853361,1.358481,1.795017,-0.993849,-1.299487,1.842956,-1.166531,3.392128,2.820898,3.211599,3.721353
3139,73.480000,0.138184,1.634128,-0.864315,-0.787471,0.665453,-0.825824,1.405048,1.885618,-0.871862,-1.268717,1.848460,-1.077824,3.504285,2.816686,3.418812,3.708434
3140,73.500000,0.157893,1.673850,-0.834036,-0.802097,0.726008,-0.836564,1.473445,1.945328,-0.812177,-1.306547,1.926150,-0.987361,3.682425,2.869725,3.607806,3.802346
3141,73.520000,0.216747,1.637398,-0.957397,-0.751664,0.744957,-0.764240,1.493990,1.925903,-0.810873,-1.350318,1.915565,-0.971186,3.624225,2.862228,3.617520,3.878945
3142,73.540000,0.223754,1.649159,-1.023298,-0.734279,0.759168,-0.774704,1.500742,1.903384,-0.797129,-1.447586,1.917654,-0.860568,3.461981,2.812699,3.551256,3.755347
3143,73.560000,0.222627,1.653841,-1.001348,-0.784562,0.762459,-0.856284,1.489026,1.987516,-0.940040,-1.294927,1.938781,-0.940651,3.579763,2.738927,3.668164,3.683860
3144,73.580000,0.283565,1.643612,-0.990193,-0.761056,0.793839,-0.853206,1.448566,1.952883,-1.016889,-1.299906,1.965787,-0.948708,3.595499,2.672058,3.672553,3.709864
3145,73.600000,0.311197,1.637681,-1.041454,-0.754748,0.789038,-0.911782,1.454262,1.929606,-1.073405,-1.339580,1.975847,-0.976852,3.534070,2.642903,3.579951,3.682068
3146,73.620000,0.373749,1.604249,-1.110093,-0.723433,0.790902,-0.881237,1.390353,1.822054,-1.262015,-1.356928,1.989627,-1.035803,3.377122,2.633459,3.367613,3.659600
3147,73.640000,0.312626,1.591360,-1.103088,-0.777996,0.700632,-0.929237,1.382818,1.840258,-1.324036,-1.241550,1.925305,-1.266119,3.322941,2.576228,3.281458,3.549569
3148,73.660000,0.295825,1.608245,-1.104558,-0.743502,0.772397,-0.920210,1.303615,1.825175,-1.457232,-1.240556,1.943589,-1.242844,3.307645,2.641757,3.242255,3.593539
3149,73.680000,0.323403,1.652783,-1.115035,-0.702365,0.850409,-0.879400,1.345227,1.828779,-1.436786,-1.311259,2.029434,-1.114259,3.282020,2.764248,3.202417,3.802339
3150,73.700000,0.337537,1.675807,-1.086620,-0.735922,0.841072,-0.882620,1.427418,1.872176,-1.378553,-1.305402,2.070785,-1.104419,3.338444,2.728508,3.210392,3.856384
3151,73.720000,0.313945,1.687589,-1.122934,-0.750375,0.846386,-0.947368,1.459588,1.904218,-1.409731,-1.290990,2.050385,-1.149951,3.411305,2.655560,3.283001,3.834872
3152,73.740000,0.316906,1.702619,-1.159456,-0.732575,0.848991,-0.977712,1.495364,1.911812,-1.440678,-1.298977,2.061518,-1.142451,3.406508,2.575714,3.315063,3.760758
3153,73.760000,0.335548,1.695615,-1.175486,-0.677589,0.869828,-1.004494,1.432485,1.895325,-1.577037,-1.211688,2.064893,-1.194847,3.386239,2.539773,3.292562,3.741469
3154,73.780000,0.292651,1.717459,-1.151094,-0.681392,0.828767,-1.138580,1.478833,1.935916,-1.602221,-1.157844,1.999819,-1.295258,3.391435,2.364585,3.343491,3.507088
3155,73.800000,0.288199,1.728398,-1.109255,-0.660673,0.821581,-1.200810,1.504001,1.920097,-1.627570,-1.184816,1.932979,-1.315551,3.328103,2.143167,3.354798,3.196548
3156,73.820000,0.329561,1.808710,-0.982093,-0.678893,0.880682,-1.161239,1.562300,1.999955,-1.360681,-1.308182,1.971449,-1.245198,3.317621,2.162385,3.358051,3.279985
3157,73.840000,0.303864,1.865128,-0.958760,-0.635559,0.928048,-1.215650,1.599307,2.021301,-1.222623,-1.395775,1.956476,-1.289785,3.274072,2.076961,3.283897,3.270278
3158,73.860000,0.257246,1.944448,-0.964050,-0.481838,1.112959,-1.224839,1.466906,1.995901,-1.248707,-1.429769,1.993890,-1.261081,3.236073,2.034683,3.237324,3.459511
3159,73.880000,0.144129,2.005013,-0.941793,-0.480258,1.095193,-1.292579,1.426194,2.014183,-1.206269,-1.335083,1.943616,-1.475702,3.215432,1.905826,3.251247,3.462610
3160,73.900000,0.140243,2.078234,-0.873349,-0.367960,1.265184,-1.356014,1.321265,1.963062,-1.290853,-1.299497,1.978604,-1.424298,3.186156,1.730544,3.329081,3.515998
3161,73.920000,0.089809,2.133360,-0.788548,-0.342195,1.321461,-1.351160,1.215422,1.943261,-1.434797,-1.246819,2.025162,-1.492411,3.133451,1.728471,3.498186,3.652426
3162,73.940000,0.065013,2.184501,-0.720129,-0.341987,1.416954,-1.273265,1.176514,1.930395,-1.465625,-1.234486,2.050950,-1.468492,3.041953,1.701756,3.679731,3.793107
3163,73.960000,0.105988,2.258456,-0.681815,-0.324755,1.560837,-1.183612,1.231961,1.900509,-1.371105,-1.308904,2.159732,-1.408347,2.922794,1.704002,3.852531,4.063232
3164,73.980000,0.068280,2.305975,-0.632532,-0.366647,1.627659,-1.142630,1.246238,1.946980,-1.379654,-1.303170,2.203753,-1.405967,2.889262,1.704656,4.224678,4.258122
3165,74.000000,0.066587,2.299232,-0.581083,-0.379821,1.697760,-1.062668,1.288075,2.030500,-1.282787,-1.316256,2.268927,-1.369157,2.970266,1.752297,4.681087,4.529828
3166,74.020000,0.194197,2.319079,-0.465949,-0.439385,1.713376,-0.897676,1.477401,2.183195,-0.860408,-1.505279,2.514829,-1.135311,3.128787,1.971825,4.918340,5.033643
3167,74.040000,0.201730,2.327449,-0.482383,-0.419751,1.756682,-0.801645,1.560470,2.283170,-0.769205,-1.629611,2.622561,-0.989161,3.201425,2.173690,5.088157,5.352528
3168,74.060000,0.305065,2.348527,-0.533419,-0.319130,1.797998,-0.596813,1.721777,2.322409,-0.604698,-1.805986,2.850916,-0.668640,3.202172,2.270565,5.054797,5.619230
3169,74.080000,0.265903,2.337363,-0.554906,-0.199885,1.797962,-0.590336,1.774735,2.406608,-0.601474,-1.818281,3.067636,-0.350635,3.291232,2.551387,4.986616,5.777491
3170,74.100000,0.244922,2.361447,-0.491065,-0.096887,1.806435,-0.453748,1.850619,2.521887,-0.643282,-1.921049,3.082494,-0.218840,3.357815,2.713738,5.089303,5.758184
3171,74.120000,0.183312,2.298060,-0.446902,0.008347,1.799545,-0.393436,1.940592,2.628928,-0.475547,-1.943777,3.292743,0.091150,3.566741,2.932469,5.195416,5.718866
3172,74.140000,0.122728,2.351572,-0.409934,0.160424,1.846972,-0.327459,2.066939,2.874870,-0.131617,-2.064097,3.563965,0.521431,3.830257,3.207754,5.283214,5.829751
3173,74.160000,0.095703,2.258575,-0.271310,0.283724,1.810617,-0.094022,2.137883,2.936129,-0.003731,-2.179448,3.764112,0.636975,3.897880,3.379501,5.306524,5.966245
3174,74.180000,-0.021033,2.096651,-0.165693,0.421319,1.731481,0.132787,2.174520,3.004061,0.052574,-2.144322,3.989255,0.810633,3.817811,3.619207,5.314389,6.050506
3175,74.200000,-0.271969,1.948704,-0.154354,0.642861,1.646624,0.246621,2.186702,3.160466,0.183003,-2.091927,4.218272,1.024466,3.692374,3.923295,5.272065,5.986049
3176,74.220000,-0.625339,1.696266,-0.210186,0.855879,1.449767,0.220474,2.130412,3.316841,0.143633,-1.948620,4.411520,1.186921,3.518520,4.287254,5.377633,5.714747
3177,74.240000,-0.947041,1.415218,-0.292318,1.056947,1.149115,0.150922,1.991833,3.568901,0.310844,-1.767390,4.661754,1.419687,3.409547,4.752150,5.649929,5.257834
3178,74.260000,-1.476034,1.039610,-0.647732,1.538171,0.776430,-0.234481,1.645143,4.006129,0.519372,-1.538520,5.055647,1.649891,3.295895,5.503715,5.764142,4.756021
3179,74.280000,-2.211285,0.579794,-1.174962,2.307868,0.309640,-0.914368,1.046275,4.327615,0.639690,-1.219300,5.724981,1.970704,2.928717,6.580973,5.649578,4.060603
3180,74.300000,-2.822533,0.283709,-1.924098,3.116446,-0.030007,-2.008959,0.222048,5.058057,0.903473,-0.804247,6.395348,2.475109,2.639913,7.810962,5.642392,2.912063
3181,74.320000,-2.671108,0.147224,-2.546159,3.439877,-0.257576,-2.868366,-0.375876,5.591362,0.960153,-0.576080,6.830044,2.926043,2.375019,8.650151,5.700709,1.663396
3182,74.340000,-1.771628,-0.013797,-2.714462,3.221834,-0.432382,-3.159459,-0.502928,5.999603,1.000542,-0.854542,6.797550,3.198804,2.359678,8.889788,5.555354,0.685637
3183,74.360000,-0.860062,-0.158349,-2.480805,2.729806,-0.530847,-2.830146,-0.135752,6.032127,1.127704,-1.374615,6.245874,3.336180,2.841317,8.827429,5.137210,0.262250
3184,74.380000,-0.321325,-0.209847,-2.064451,2.276304,-0.340362,-2.131361,0.529071,5.771677,1.189326,-1.713213,5.020881,3.277950,3.383010,8.770544,4.530903,0.521300
3185,74.400000,-0.325908,0.010981,-1.729076,2.176619,0.236031,-1.716273,0.958991,5.564232,1.221933,-1.728354,4.258265,3.251183,3.867942,8.708733,3.979216,1.849801
3186,74.420000,-0.423868,0.389421,-1.477643,1.986195,0.671068,-1.658099,1.356132,5.202037,1.037067,-1.670208,3.854965,3.032701,4.333933,8.270804,3.763591,3.665358
3187,74.440000,-0.712817,0.742989,-1.491404,1.499063,0.674012,-1.673207,1.861863,4.841273,0.969284,-1.453781,3.290732,2.401536,4.835575,7.239030,3.837278,5.228311
3188,74.460000,-0.661644,0.939856,-1.266310,0.951028,0.632018,-1.696574,2.085934,4.167426,0.791430,-1.548853,3.107857,1.952253,5.541156,6.304022,4.345221,6.655174
3189,74.480000,-0.602462,1.219894,-0.996885,0.154225,0.643993,-1.429657,1.988201,3.591125,0.807265,-1.431090,2.143687,1.685977,5.839331,5.106663,5.070992,7.019027
3190,74.500000,0.146246,1.459017,-0.333426,-0.593126,0.823371,-0.738958,1.531580,2.979419,0.786047,-1.337160,1.494275,1.830110,5.869596,4.070850,5.699169,7.430300
3191,74.520000,1.121538,1.560144,0.495650,-1.006083,0.392490,0.318754,0.999292,2.199752,0.453036,-1.622080,0.490515,1.646619,4.664459,2.748142,5.355789,7.241659
3192,74.540000,2.588586,1.056719,0.803787,-0.723914,-0.240203,0.643139,0.284867,1.322746,-0.708099,-1.914418,0.305782,1.090886,2.234416,1.978833,4.541465,6.793377
3193,74.560000,3.831171,0.231576,0.898316,-0.747494,-0.475243,0.749478,-0.250991,0.751894,-1.375095,-1.318445,-0.044837,0.338507,0.262026,1.113404,4.972946,6.640284
3194,74.580000,4.405862,-0.550339,0.942100,-1.123645,-0.439031,0.395514,-1.191900,0.330395,-2.244368,-0.260198,-0.468884,0.031441,-0.351069,1.063126,6.411667,7.730973
3195,74.600000,4.469150,-1.319389,0.276357,-1.558931,-0.377263,-0.015112,-1.774725,0.439097,-2.720576,0.350601,-0.748190,-0.230065,-0.590753,1.045032,7.449169,8.960158
3196,74.620000,3.409972,-2.114508,-0.375366,-1.930691,-0.648669,-1.081092,-1.569165,0.927747,-3.094755,0.888701,-0.248594,-0.183118,0.460932,1.254689,8.018771,10.569097
3197,74.640000,2.604779,-2.844113,-1.075164,-2.507432,-0.775306,-1.343981,-1.167358,2.053674,-2.253984,1.057568,0.826233,-0.469814,2.541062,2.471958,7.826204,11.146677
3198,74.660000,2.246132,-2.102996,-0.850644,-2.208263,-0.261921,-1.073925,-0.862524,2.602892,-1.186934,0.307780,2.079998,-0.195617,3.393411,3.968294,7.262847,9.555879
3199,74.680000,2.315315,-0.704458,-0.235048,-1.804467,0.090039,-0.834126,-0.757957,2.654254,-0.860589,-0.448212,2.367934,0.129262,3.069938,4.550454,6.760350,7.523446
3200,74.700000,2.374482,-0.188790,-0.049303,-1.699734,0.032458,-0.762878,-0.684388,2.646642,-0.944101,-0.705469,2.141414,-0.319420,1.712769,4.055686,5.935076,6.154230
3201,74.720000,2.311832,-0.212704,-0.246709,-1.748589,-0.161904,-0.463155,-0.530776,2.499412,-1.120553,-0.714069,1.846303,-0.953138,0.001517,3.231892,4.950224,5.511730
3202,74.740000,2.063364,-0.420797,-0.674424,-1.675551,-0.366943,-0.078950,-0.375029,2.419742,-1.152814,-0.564036,1.796721,-1.379596,-1.027468,2.547017,4.252167,5.456280
3203,74.760000,1.823215,-0.625196,-1.025097,-1.413351,-0.538511,0.184826,-0.274349,2.404220,-1.194008,-0.346543,1.885752,-1.453974,-1.497371,1.991469,3.920642,5.456809
3204,74.780000,1.597287,-0.799896,-1.350675,-1.074258,-0.747979,0.286932,-0.209776,2.411999,-1.202358,-0.051442,1.923409,-1.536963,-1.628225,1.465572,3.606984,5.308043
3205,74.800000,1.417871,-0.844560,-1.444463,-0.805757,-0.912714,0.072480,-0.127597,2.392131,-1.146841,0.135614,1.984703,-1.437617,-1.494479,1.204151,3.469217,5.187396
3206,74.820000,1.264041,-0.738412,-1.479952,-0.559623,-0.999907,-0.363925,-0.045749,2.294449,-1.133988,0.231652,1.998568,-1.243580,-1.163651,1.112050,3.398541,5.014042
3207,74.840000,1.092573,-0.520469,-1.450354,-0.428127,-0.998903,-1.022697,0.128215,2.208900,-1.123088,0.272001,2.051958,-1.001129,-0.357059,1.233378,3.476934,4.946300
3208,74.860000,0.849112,-0.290641,-1.409206,-0.279711,-0.916329,-1.581545,0.406038,2.070879,-1.097721,0.174754,2.028772,-0.766819,0.371309,1.256304,3.509761,4.623637
3209,74.880000,0.455524,-0.157990,-1.454030,-0.037466,-0.800182,-1.741401,0.665626,1.944681,-1.056315,0.101825,1.930459,-0.589893,1.070239,1.239482,3.540474,4.031237
3210,74.900000,0.054777,0.096734,-1.526849,0.184068,-0.690272,-1.777200,1.012335,1.908374,-0.936813,0.051993,1.830032,-0.469647,1.845605,1.242615,3.852500,3.458096
3211,74.920000,-0.282868,0.233735,-1.619977,0.256122,-0.670865,-1.819641,1.501972,1.895304,-0.749288,-0.148502,1.695299,-0.382158,2.493353,1.083414,4.239493,3.013795
3212,74.940000,-0.546166,0.379510,-1.641589,0.210825,-0.582528,-1.839446,2.057626,1.869983,-0.455208,-0.393032,1.431260,-0.154999,2.896616,0.601536,4.640943,2.636549
3213,74.960000,-0.073058,1.040647,-0.874709,-0.248776,-0.136339,-1.251469,1.716260,2.225970,-0.157407,-0.314537,1.601347,0.667971,3.431662,1.019880,5.432989,2.552976
3214,74.980000,0.342356,1.654887,-0.181870,-0.335292,0.476463,-0.810667,1.221720,2.581663,-0.020860,-0.483769,2.092326,1.233320,4.601859,1.906760,6.382934,3.571738
3215,75.000000,0.685273,1.895564,-0.290278,-0.156817,0.861714,-0.763820,1.148385,2.696911,0.023967,-0.892777,2.444325,1.772408,5.195837,2.551351,6.795890,4.878693
3216,75.020000,0.797641,1.978282,-0.541201,-0.070312,0.919372,-0.897321,1.125097,2.821492,0.279488,-1.142459,2.649315,1.861068,5.244511,2.779663,6.845999,5.632985
3217,75.040000,0.897151,1.872271,-0.989524,0.109472,0.934104,-0.933966,1.346022,2.625070,0.076318,-1.457757,2.595256,1.494989,4.685954,2.630501,6.287744,5.530359
3218,75.060000,0.825598,1.811317,-1.046872,0.087400,0.895652,-1.142229,1.440628,2.716926,0.202686,-1.446842,2.577004,1.104174,4.186712,2.422461,5.740157,5.249521
3219,75.080000,0.689388,1.895889,-1.019479,-0.003966,0.882233,-1.306722,1.566866,2.861742,0.377950,-1.457424,2.540610,0.870445,4.041253,2.372433,5.488184,5.029591
3220,75.100000,0.707486,1.676437,-1.210471,-0.009866,0.751162,-1.550882,1.703958,2.753820,-0.037428,-1.460604,2.456763,0.393779,3.853405,2.145082,5.009869,4.675711
3221,75.120000,0.710232,1.623150,-1.161176,-0.081064,0.684315,-1.702791,1.745652,2.697942,-0.314232,-1.314557,2.343051,-0.020407,3.793408,1.908945,4.745145,4.262564
3222,75.140000,0.761099,1.755033,-0.983075,-0.162519,0.689547,-1.723028,1.765769,2.625988,-0.420576,-1.359323,2.255838,-0.132124,3.788715,1.845505,4.693976,3.907399
3223,75.160000,0.837684,1.758008,-0.905323,-0.239682,0.641905,-1.772409,1.729550,2.582791,-0.656466,-1.343157,2.180249,-0.332424,3.871587,1.784821,4.682729,3.658121
3224,75.180000,0.882883,1.729548,-0.731376,-0.328166,0.603043,-1.806779,1.628321,2.619647,-0.741803,-1.210385,2.101446,-0.593573,4.074641,1.729179,4.763167,3.582297
3225,75.200000,0.839865,1.776831,-0.645720,-0.445682,0.525939,-1.839260,1.608323,2.611701,-0.938764,-1.126122,1.916743,-0.960689,4.102543,1.648102,4.734823,3.265679
3226,75.220000,0.966721,1.859574,-0.533928,-0.439399,0.648712,-1.671434,1.602615,2.542061,-0.859828,-1.294317,1.907947,-0.848222,4.006432,1.744712,4.710386,3.356999
3227,75.240000,1.029946,1.778029,-0.569135,-0.467823,0.576160,-1.735954,1.472647,2.468807,-1.108923,-1.267219,1.871405,-1.125433,3.828006,1.702542,4.510535,3.259632
3228,75.260000,1.109513,1.741414,-0.598111,-0.489942,0.584210,-1.719772,1.348684,2.413679,-1.295920,-1.217562,1.822546,-1.218638,3.687359,1.600585,4.379825,3.173280
3229,75.280000,1.153257,1.787169,-0.491035,-0.465286,0.649547,-1.686162,1.298125,2.390756,-1.260855,-1.315772,1.847492,-1.171734,3.622284,1.675160,4.353794,3.278244
3230,75.300000,1.164743,1.737303,-0.544913,-0.495601,0.608276,-1.728260,1.157354,2.423044,-1.484501,-1.103178,1.833256,-1.435316,3.726673,1.698989,4.306307,3.355579
3231,75.320000,1.207273,1.720947,-0.626391,-0.477368,0.608107,-1.706409,1.126690,2.379727,-1.552642,-1.117175,1.816263,-1.469968,3.702348,1.691320,4.273666,3.399308
3232,75.340000,1.401403,1.655533,-0.780021,-0.432086,0.619562,-1.716802,1.058103,2.235360,-1.858837,-1.157949,1.813601,-1.418347,3.452773,1.563179,4.013619,3.238020
3233,75.360000,1.403179,1.780751,-0.588860,-0.467918,0.662050,-1.674914,1.044704,2.302217,-1.700357,-1.152279,1.820124,-1.345054,3.421941,1.620150,4.071659,3.257874
3234,75.380000,1.354294,1.810590,-0.640137,-0.458437,0.670216,-1.674662,1.052239,2.346065,-1.727551,-1.114991,1.821559,-1.349395,3.522236,1.715226,4.147732,3.286344
3235,75.400000,1.401245,1.817910,-0.671179,-0.425071,0.706376,-1.608229,1.179209,2.381297,-1.597267,-1.206329,1.865656,-1.201528,3.533549,1.751280,4.249539,3.405101
3236,75.420000,1.326911,1.831227,-0.810000,-0.403600,0.700512,-1.539372,1.232920,2.320748,-1.654432,-1.209010,1.855663,-1.253105,3.479354,1.767483,4.209809,3.377741
3237,75.440000,1.183272,1.857046,-0.701061,-0.365712,0.743611,-1.523868,1.287373,2.392112,-1.530773,-1.104002,1.902362,-1.316672,3.541265,1.748293,4.397180,3.428910
3238,75.460000,1.150069,2.001932,-0.510985,-0.237836,0.942528,-1.362483,1.326426,2.484626,-1.249058,-1.218070,2.049367,-1.131429,3.649933,1.966591,4.709217,3.910228
3239,75.480000,1.047437,2.063086,-0.576295,-0.139159,0.974148,-1.427597,1.467430,2.612543,-0.955194,-1.345481,2.159153,-0.904413,3.801128,2.087414,4.876088,4.179768
3240,75.500000,0.840890,2.123160,-0.672526,-0.095167,0.989903,-1.496954,1.618379,2.739153,-0.722830,-1.347986,2.179027,-0.836864,3.948049,2.061272,4.998995,4.187514
3241,75.520000,0.661517,2.308837,-0.350303,-0.030949,1.194567,-1.405280,1.782428,2.932463,-0.232843,-1.464489,2.356305,-0.558317,4.104262,2.038822,5.502258,4.522461
3242,75.540000,0.723466,2.278698,-0.251613,0.062520,1.295887,-1.229533,1.860867,2.862716,-0.290534,-1.572910,2.478878,-0.549036,3.864283,1.847562,5.519137,4.730445
3243,75.560000,0.773772,2.323012,-0.025831,0.148214,1.369239,-1.043069,1.921077,2.878201,-0.243895,-1.637029,2.606549,-0.491720,3.605821,1.695496,5.591668,5.051105
3244,75.580000,0.633911,2.391454,0.023013,0.234235,1.426911,-0.952584,1.990285,3.019682,-0.079439,-1.650397,2.615292,-0.517746,3.396126,1.690651,5.601547,5.201053
3245,75.600000,0.614066,2.226400,0.005612,0.314095,1.385449,-0.779810,2.046055,3.000356,-0.276774,-1.600479,2.699074,-0.500200,3.289016,1.684397,5.682432,5.301739
3246,75.620000,0.418812,2.238753,-0.092404,0.439130,1.384124,-0.689849,2.090131,3.162292,-0.213361,-1.518310,2.629677,-0.539978,3.198717,1.843076,5.632147,5.310732
3247,75.640000,0.395352,2.193128,-0.022448,0.595625,1.415139,-0.487861,2.173111,3.256896,0.027468,-1.648993,3.003009,-0.101734,3.427565,2.175791,5.647940,5.581117
3248,75.660000,0.163631,2.089036,-0.023175,0.755712,1.345041,-0.554430,2.234598,3.518841,0.219260,-1.679784,3.266512,0.086673,3.679118,2.435348,5.582242,5.683386
3249,75.680000,0.004314,1.953641,-0.119958,0.873801,1.241336,-0.442473,2.188153,3.598665,0.077912,-1.577448,3.283651,0.137308,3.618489,2.706755,5.403566,5.471703
3250,75.700000,-0.173919,1.801071,-0.173402,0.997321,1.206347,-0.368368,2.118490,3.681089,0.084004,-1.517899,3.503762,0.283864,3.563865,3.259578,5.218234,5.431513
3251,75.720000,-0.481461,1.599323,-0.209237,1.164954,1.055222,-0.314400,2.049548,3.771490,0.175166,-1.362720,3.926924,0.536898,3.558974,3.898048,5.168470,5.412717
3252,75.740000,-0.809032,1.410278,-0.367504,1.352697,0.833404,-0.504675,1.885855,3.917053,0.215792,-1.261290,4.302226,0.857387,3.476680,4.553375,5.233706,5.062430
3253,75.760000,-1.004335,1.149481,-0.599236,1.547395,0.521374,-0.731306,1.567015,4.216835,0.320594,-1.053015,4.525203,1.053391,3.332095,5.236919,5.471193,4.511865
3254,75.780000,-1.209770,0.875447,-1.032524,1.874535,0.269445,-1.188325,1.077422,4.577668,0.523076,-0.816038,4.796805,1.266680,3.117770,6.172809,5.562042,3.859882
3255,75.800000,-1.485737,0.644591,-1.601084,2.428361,0.160996,-1.912280,0.476286,5.053864,0.885091,-0.604261,5.497891,1.805435,2.901572,7.196805,5.577130,3.174437
3256,75.820000,-1.537059,0.684718,-2.300715,2.778776,0.127364,-2.702533,-0.084573,5.575992,1.136215,-0.218437,5.452596,1.898218,2.513448,8.205025,5.539861,2.177315
3257,75.840000,-1.270213,0.579862,-2.733692,3.026287,0.018002,-3.320880,-0.471018,5.799541,1.149582,-0.192459,6.096621,2.531794,2.624532,8.674892,5.880351,1.353930
3258,75.860000,-0.610324,0.349352,-2.798553,2.616108,-0.335725,-3.425039,-0.249371,5.743545,0.981012,-0.459029,5.876854,2.813018,3.112314,8.558415,6.194633,0.462190
3259,75.880000,-0.092936,0.127161,-2.781782,2.066748,-0.532251,-2.970027,0.374916,5.611504,1.141973,-0.665653,5.294734,2.897766,4.004100,8.286361,6.204343,0.295385
3260,75.900000,0.150994,0.204011,-2.396510,1.931079,-0.258814,-2.277471,0.845658,5.474228,1.285193,-0.686890,4.597880,3.009170,4.733013,8.091529,5.687120,1.088324
3261,75.920000,0.111145,0.556017,-1.936360,1.843777,0.320904,-1.848015,1.292100,5.423715,1.285637,-0.545699,3.759350,2.904156,5.075482,7.808118,5.060962,2.515454
3262,75.940000,-0.055337,0.892039,-1.713545,1.254313,0.588769,-1.608094,1.854408,5.004535,0.977824,-0.345337,2.801580,2.374820,5.451052,6.971066,4.627203,3.929985
3263,75.960000,-0.212144,1.109191,-1.601947,0.593325,0.558956,-1.373941,2.221362,4.627598,0.754250,-0.276684,1.972923,1.801314,5.759853,5.833546,4.649330,5.310056
3264,75.980000,-0.302210,1.177280,-1.400982,-0.073774,0.336803,-1.006881,2.217113,3.994082,0.547631,-0.338625,1.180355,1.381782,5.733005,4.378123,4.855426,6.069275
3265,76.000000,0.294310,1.182397,-0.875917,-0.546143,0.140293,-0.427922,1.761050,3.190357,0.171943,-0.654616,0.965194,1.461356,5.380294,3.418872,5.151738,6.631015
3266,76.020000,1.414786,1.160960,-0.103000,-1.278791,-0.082591,0.341947,1.273937,2.815938,0.029698,-0.970567,1.047563,1.682127,5.046909,3.354765,5.566851,7.545690
3267,76.040000,2.264657,0.655395,0.337197,-1.601003,-0.009645,1.458138,1.099906,2.351064,0.143667,-1.074455,0.881263,1.256432,4.730365,2.513939,5.726186,7.610857
3268,76.060000,2.871540,-0.335816,0.070436,-2.262023,-0.237338,2.252837,0.727933,2.249818,0.153397,-0.622206,0.538850,0.555476,4.735787,1.401331,6.069014,7.133372
3269,76.080000,3.279616,-1.482969,-0.740561,-2.860019,-0.581905,2.509856,0.353794,2.627572,0.288641,-0.116258,1.030147,0.214065,5.387712,0.537252,7.016926,7.343007
3270,76.100000,3.352408,-2.513799,-1.031929,-2.326963,-0.806450,1.489640,-0.241317,2.851411,0.422074,-0.157673,2.303242,0.181904,5.470800,0.387827,7.138094,7.447411
3271,76.120000,3.148301,-2.883067,-0.766670,-2.102792,-0.743113,-0.217726,-0.537576,3.082717,0.537923,-0.182109,3.528566,0.565698,5.684431,1.274473,7.325860,7.893778
3272,76.140000,3.182531,-3.023432,-1.142016,-2.254532,-0.596267,-1.363797,-0.475771,3.175004,0.691668,-0.033107,4.186301,0.829343,6.619249,2.127529,8.076806,8.496116
3273,76.160000,3.193466,-2.434982,-1.305287,-1.689143,0.116868,-1.664674,-0.208438,2.547967,0.687890,-0.254620,4.684369,1.280821,6.544235,3.018512,8.414003,9.021008
3274,76.180000,3.444746,-1.783752,-1.138796,-1.149465,0.711175,-1.673330,-0.218620,1.934599,0.466971,-0.567944,4.979796,1.547709,5.943110,3.991587,8.296361,9.422263
3275,76.200000,4.076828,-1.391141,-0.939810,-0.999261,1.098826,-1.291380,-0.422173,1.920885,0.362332,-0.884716,4.827571,1.653194,5.569643,4.619529,8.061337,9.469955
3276,76.220000,4.454675,-1.037180,-0.605533,-0.965911,1.314648,-0.767848,-0.667155,2.183491,0.455624,-1.185906,4.540247,1.724677,5.384129,5.014359,7.904255,9.427402
3277,76.240000,5.060701,-0.896996,-0.323617,-0.889788,1.206432,-0.367088,-1.023458,2.407270,0.236579,-1.484285,3.981329,1.484674,4.898941,4.859348,7.339895,8.923067
3278,76.260000,5.383399,-0.670281,-0.215504,-0.902452,1.105978,0.015072,-1.372981,2.710933,0.251062,-1.801282,3.514077,1.446317,4.561086,4.792310,7.109066,8.392656
3279,76.280000,5.750804,-0.714627,0.021565,-0.621646,0.784320,0.299431,-1.848063,2.673671,-0.040782,-2.232337,2.942087,1.360334,3.605292,4.671283,6.167745,7.715546
3280,76.300000,5.494548,-0.563324,0.201305,-0.830051,0.626488,0.208664,-1.946339,2.746645,0.088583,-2.256952,2.446951,1.156863,3.343628,4.777267,5.926785,7.141288
3281,76.320000,4.242364,-0.357031,0.193099,-1.309364,0.038587,-0.180135,-1.431373,2.953441,0.032225,-1.547721,1.722855,0.519123,3.378409,4.763785,5.573133,6.964437
3282,76.340000,2.904929,-0.040987,0.087142,-1.718507,0.042723,-0.212722,-0.852862,2.867772,0.223603,-0.826594,1.334471,0.106121,4.044192,4.909760,5.807297,7.412888
3283,76.360000,2.141657,0.330778,0.174102,-1.712108,0.323055,-0.038946,-0.607290,2.811067,0.528589,-0.509146,1.576838,0.136243,4.894056,5.380413,6.153887,7.804959
3284,76.380000,2.076170,0.406776,0.366280,-1.360788,0.441033,0.137511,-0.756734,2.774805,0.542065,-0.537611,1.940678,0.296191,5.183340,5.428996,6.107875,7.816132
3285,76.400000,3.435882,0.206211,0.706915,-1.027637,0.751977,0.265286,-1.151762,2.462081,0.524745,-1.101485,2.501506,0.709554,4.782554,5.349020,5.894017,7.863293
3286,76.420000,4.916626,-0.035408,0.976776,-0.548882,0.732100,0.306525,-1.685507,2.210792,0.492635,-1.779167,2.915606,1.157747,3.761143,5.019370,5.400177,7.934960
3287,76.440000,5.389968,-0.362059,1.077193,-0.525892,0.279287,-0.427499,-1.968239,2.295542,0.176886,-1.752904,2.750054,0.823055,3.177422,4.409350,5.016300,7.695397
3288,76.460000,5.033649,-0.682946,0.845301,-0.375670,-0.188394,-0.947136,-1.950654,2.227554,-0.202370,-1.292243,2.369567,0.184539,2.922471,3.862563,4.651665,7.360807
3289,76.480000,4.916588,-0.936865,0.551721,-0.072419,-0.490652,-1.065157,-1.678633,1.454463,-0.655440,-1.231013,2.200698,-0.217451,2.889407,3.807200,3.945321,6.852681
3290,76.500000,4.737270,-1.133587,0.488861,0.233378,-0.638241,-1.151956,-1.487937,0.616723,-0.980519,-1.146551,2.257904,-0.371749,2.863605,4.098636,3.426153,6.315349
3291,76.520000,4.752813,-1.326403,0.588629,0.272905,-0.510712,-1.447320,-1.293897,-0.087269,-1.143258,-1.054126,2.472493,-0.309217,2.737289,4.570036,3.259727,6.138387
3292,76.540000,4.769253,-1.280571,0.652059,0.252398,-0.158359,-1.673875,-1.016955,-0.532864,-1.098729,-1.021867,2.642730,-0.174026,2.630125,5.022984,3.260209,6.238606
3293,76.560000,5.023891,-1.029214,0.844880,0.004346,0.180655,-2.019850,-0.479707,-0.728804,-0.694190,-0.844992,2.739316,-0.134426,2.526354,5.190243,2.905011,6.522973
3294,76.580000,5.479547,-0.838629,1.279155,0.372901,0.854048,-1.854282,-0.300480,-0.525164,-0.508745,-1.393695,2.721686,0.066889,1.813179,5.246495,2.488881,6.556272
3295,76.600000,6.648908,-0.712145,2.151391,0.094894,1.076673,-2.552072,-0.092957,-0.307856,-0.190874,-2.100075,2.763738,-0.252242,1.044204,4.879424,1.820070,6.720475
3296,76.620000,5.728240,-0.535289,1.637676,0.686362,0.700544,-2.959752,0.271892,0.250249,0.277603,-1.942115,2.833444,-1.146832,0.883084,4.059446,0.096220,6.365088
3297,76.640000,5.484202,-0.704120,1.852561,0.761733,0.607038,-3.971929,0.807362,0.307841,0.278363,-1.806703,3.246570,-1.277532,1.373645,3.361108,-0.537954,7.381376
3298,76.660000,2.555931,0.074788,1.300546,1.407953,1.365776,-3.279612,0.553370,1.237453,1.226716,-0.687836,3.955357,-1.509314,2.887900,3.538579,-0.305595,7.473064
3299,76.680000,-0.274616,1.366175,0.329777,1.527737,1.759344,-3.166852,0.917833,2.519164,1.443087,1.430443,5.013078,-2.051286,5.679434,3.787794,0.719923,8.299664
3300,76.700000,-1.896375,2.517697,-0.202395,1.929675,2.116287,-3.094012,1.273880,2.806350,1.598044,2.805141,5.776447,-2.209151,7.706682,4.937316,1.004987,9.331019
3301,76.720000,-2.206160,3.042802,-0.270147,2.107736,2.110290,-3.088127,1.589913,3.319633,1.625785,3.258241,5.870541,-2.270968,8.496647,5.481157,1.390360,9.554244
3302,76.740000,-2.890680,3.393178,-0.506177,2.491120,2.180607,-2.912642,1.718908,3.514888,1.344327,3.473714,5.610155,-2.440937,8.747396,6.016418,1.800689,9.173091
3303,76.760000,-3.532032,3.504025,-0.690515,2.842896,2.493950,-2.807421,1.904349,3.280112,0.810178,3.439505,5.199833,-2.716370,8.983859,6.868403,2.107296,8.853684
3304,76.780000,-4.252489,3.617248,-1.096681,3.220533,2.803012,-2.743001,1.966544,3.129168,0.368758,3.567958,5.015142,-3.000958,9.289551,7.651435,2.507616,8.704555
3305,76.800000,-4.703917,3.173938,-1.436810,3.282002,2.949653,-2.759468,1.733047,2.716545,-0.338365,3.906189,5.243078,-2.846569,9.755194,8.444600,3.121296,8.803864
3306,76.820000,-5.097738,2.649992,-2.619956,3.346041,3.104020,-2.681978,1.312884,2.309467,-0.931933,4.561709,5.840570,-2.350794,10.445505,9.123838,3.837463,8.932913
3307,76.840000,-5.532968,1.886491,-3.895629,3.199012,3.222986,-2.614676,1.119493,1.757802,-1.576329,5.276525,6.577331,-1.679864,11.450984,10.117479,4.240032,9.655713
3308,76.860000,-5.267185,2.004440,-5.349118,3.140486,3.980278,-1.132720,0.919937,1.825930,-0.939481,4.815821,7.736782,-0.549863,11.058837,10.703070,3.000177,10.320697
3309,76.880000,-1.786406,0.951595,-5.080268,1.437843,3.506581,-0.983246,0.319831,2.689286,-0.435597,3.279777,7.159835,-0.239430,10.367438,9.252551,2.178088,10.316878
3310,76.900000,2.520384,-1.279640,-3.656391,-0.697405,2.014060,-2.427097,-0.694265,3.395892,-0.900046,1.653577,5.377324,-1.070648,9.041682,5.737130,0.613505,8.033029
3311,76.920000,3.910716,-1.574370,-3.257686,-1.008263,1.415483,-3.995230,-1.051202,3.781398,-1.435152,0.796566,4.641787,-2.657784,8.221004,3.196381,-1.857770,6.064772
3312,76.940000,4.360153,-1.268275,-2.695325,-0.382090,1.494018,-4.788177,-1.764067,3.961664,-1.413793,0.334980,3.996776,-3.153857,6.521919,1.144306,-4.152501,4.569055
3313,76.960000,4.549770,-0.902668,-1.795105,0.685469,1.437261,-4.402202,-3.005308,3.693219,-1.101871,0.244442,3.249344,-2.916552,4.554343,-0.452224,-6.163333,3.134696
3314,76.980000,4.225627,-0.396810,-1.079622,1.379957,1.631154,-3.812860,-3.404265,3.173412,-1.091803,0.310495,2.621250,-2.832717,3.231117,-1.028816,-7.130991,2.170870
3315,77.000000,3.857432,0.079519,-0.234336,1.138980,1.818047,-3.498408,-2.709765,2.748995,-1.108921,0.347099,2.327450,-3.098008,3.049929,-0.681027,-7.000313,2.227127
3316,77.020000,4.242425,0.000037,0.671730,0.744095,1.686829,-3.544689,-2.786184,2.339955,-1.447263,0.393282,2.871337,-2.316255,3.074354,-0.323127,-5.929709,2.609791
3317,77.040000,4.610191,-0.084561,1.241603,0.133347,1.478953,-4.010077,-2.189198,2.321717,-1.916588,0.620026,3.374032,-2.175654,2.904924,-0.298220,-4.397143,3.269181
3318,77.060000,6.146266,-0.366768,1.059733,-0.618559,1.557813,-5.013793,3.581046,2.383811,-3.432930,0.425117,2.991815,-5.298960,3.402415,0.651047,-1.085853,6.907447
3319,77.080000,7.796192,-0.619812,0.207029,-1.269780,2.726808,-5.133546,7.337077,2.588973,-4.082926,0.891364,3.542429,-6.871117,3.800986,1.610321,1.921233,11.173720
3320,77.100000,9.724577,-0.814777,1.018733,-3.172389,2.227399,-3.915114,7.101058,1.953883,-3.157982,1.072103,4.439243,-5.235024,3.890004,0.752205,5.885369,13.024434
3321,77.120000,9.259708,-0.292306,1.867647,-3.433862,2.264313,-3.805854,5.764551,2.081227,-2.186855,1.235692,5.366410,-4.123967,4.382763,-0.296038,8.091413,12.519941
3322,77.140000,8.348770,0.065658,1.422362,-2.357771,2.658982,-4.095740,5.673827,2.542547,-1.974335,1.315756,5.485303,-4.452704,4.580997,-0.567018,7.867702,11.861497
3323,77.160000,9.326912,-0.777733,0.277974,-3.645911,2.789050,-4.467382,7.236487,1.949528,-1.512072,0.152057,5.466477,-6.758281,3.931405,-0.417527,6.625867,12.732915
3324,77.180000,11.365883,-2.176521,-0.273537,-6.095981,2.122352,-3.379979,6.381113,1.142539,-1.463126,-1.018032,6.795581,-7.176988,3.988981,-2.024020,5.704532,12.927027
3325,77.200000,11.312373,-2.999600,-1.211942,-9.248350,1.440392,-2.644202,4.846303,-0.981986,-0.239198,-2.431477,8.016891,-7.842886,5.366231,-1.332368,4.785089,12.830087
3326,77.220000,8.558771,-3.117466,-2.985077,-12.052365,-0.031378,-1.840247,1.040647,-3.779272,1.225740,-3.274709,10.839734,-6.824594,7.601839,1.084877,4.171429,12.873997
3327,77.240000,3.851911,-2.434795,-4.405218,-11.539732,2.710251,-0.576352,-4.504335,-4.076721,2.374359,-1.304529,13.836451,-4.921575,7.736935,2.973593,4.645612,12.534632
3328,77.260000,3.593709,0.006423,-3.453329,-11.728067,7.004078,0.591112,-4.740240,-2.255045,3.686827,0.017330,11.988470,-6.323202,8.034937,5.561761,7.096356,13.263354
3329,77.280000,4.600403,0.384673,-1.511392,-11.740270,6.611955,-0.159548,-1.853420,-1.176324,2.930609,0.068797,8.894419,-7.123452,6.667310,3.626720,7.279980,13.658904
3330,77.300000,3.317698,0.457771,1.094274,-9.257205,4.479671,-2.323023,0.194728,-0.133428,1.573565,2.013139,5.200242,-4.786926,5.190166,0.789636,5.030681,12.995039
3331,77.320000,2.317130,0.203015,1.482965,-8.936159,3.750659,-3.373461,0.931923,-0.173184,0.574253,2.503206,4.617510,-5.405788,3.389090,0.970463,3.662649,10.878981
3332,77.340000,2.424023,0.641619,1.117998,-8.320121,5.215578,-2.388215,1.731665,0.763283,0.396601,1.461624,4.001852,-5.631477,1.238596,3.474636,4.582860,9.567430
3333,77.360000,1.520998,0.886729,0.959768,-6.704231,6.050935,-1.033008,2.094462,0.876365,0.524896,0.470878,3.558881,-4.404410,1.017775,5.850323,4.275210,9.232523
3334,77.380000,0.694134,1.023310,0.450748,-6.366089,7.610614,0.529553,1.417110,0.645251,0.738205,0.760598,3.100013,-2.799179,-0.063054,8.393163,4.744146,9.279813
3335,77.400000,0.279741,0.805204,-0.233323,-6.985607,9.906549,1.683564,1.480545,1.245335,1.429199,1.505927,2.500495,-1.662955,-0.377552,10.699230,6.265363,10.142473
3336,77.420000,-0.845571,0.546220,-0.742229,-6.459482,11.362093,3.146270,1.490206,1.282696,1.576616,1.947111,1.795965,0.116172,-0.469585,12.425201,7.380908,10.151762
3337,77.440000,-1.340397,-0.264239,-1.158639,-6.077099,11.880715,4.097912,1.422370,1.279136,1.076066,1.845850,0.679116,1.056903,-0.833796,12.731736,8.846792,9.776045
3338,77.460000,-2.292038,-1.531358,-1.981619,-5.152762,11.172127,4.836454,0.658756,0.292061,0.045732,1.166056,0.336090,1.699108,0.059705,13.306570,10.247797,9.624329
3339,77.480000,-3.851029,-3.776608,-3.397213,-5.089024,9.670029,6.652939,-0.745164,-1.652168,-0.773922,0.052926,0.885581,3.019188,1.973829,14.039063,10.741279,9.682076
3340,77.500000,-4.490224,-4.027831,-3.657030,-5.145084,6.462195,7.279616,-3.030604,-3.123569,-0.030743,-1.839802,1.539286,2.917710,5.511115,13.367968,12.934472,10.689801
3341,77.520000,-4.682065,-3.847851,-3.866387,-6.265774,4.678319,7.483780,-3.957348,-4.130116,0.701122,-2.740531,1.816298,2.439093,7.426992,12.433870,14.485925,11.228646
3342,77.540000,-4.827459,-3.494952,-2.677119,-4.322599,6.481457,7.924681,-3.408390,-3.983403,-0.075767,-3.714466,2.973199,1.357070,7.430902,12.569942,12.588541,9.678980
3343,77.560000,-5.219952,-3.722646,-2.958252,-2.223146,6.514832,6.178060,-2.973644,-3.378079,-1.239039,-3.301774,4.706794,0.231810,6.172473,12.293071,10.760537,9.466653
3344,77.580000,-5.316225,-3.633659,-2.862049,-2.009794,6.851133,4.915180,-2.571330,-3.197036,-1.330857,-2.902209,5.097168,-0.270169,4.947402,12.579679,10.609369,10.703427
3345,77.600000,-4.993310,-2.803214,-2.201145,-1.750286,7.381079,3.964596,-1.868121,-2.077446,-1.035125,-2.259524,4.666816,-0.905601,3.796908,12.342859,9.952656,11.543638
3346,77.620000,-3.629451,-1.956195,-1.078498,-2.375380,7.628553,3.324859,-1.655622,-0.855737,-0.137663,-1.557614,3.995985,-2.047446,2.492826,11.409046,8.822539,11.996418
3347,77.640000,-3.263128,-1.889324,-0.913981,-3.079640,8.088574,3.157039,-1.108865,-0.243213,0.228548,-0.833408,4.075624,-3.681905,2.110930,10.785868,7.908242,11.695576
3348,77.660000,-3.075266,-1.300374,-0.583403,-3.054722,8.036083,2.025528,-0.396142,0.137391,0.228061,-0.132911,4.343050,-4.347892,1.867701,9.902175,6.814197,11.006596
3349,77.680000,-2.390545,-0.202788,-0.229910,-2.497211,7.473073,1.569398,-0.257190,0.591293,0.404375,-0.621439,4.445806,-3.898981,2.063925,9.222357,6.324524,10.616274
3350,77.700000,-1.138542,0.260671,-0.136184,-2.565345,7.439468,1.425985,-0.360561,1.111068,0.433655,-1.645169,4.465521,-2.969929,2.359774,8.680004,5.463514,10.245649
3351,77.720000,-0.747860,0.340942,0.014873,-3.063412,7.150298,0.944261,-0.392088,1.285566,0.559512,-1.020944,3.838408,-2.963898,2.196473,8.370687,5.325969,9.582564
3352,77.740000,-0.422490,0.382631,0.278868,-3.048676,6.824239,0.687466,-0.256706,1.401667,0.279651,-0.760077,2.940325,-2.236887,2.734830,8.448070,5.039989,9.041387
3353,77.760000,-0.351659,0.494600,0.441437,-2.839836,6.688064,0.650185,-0.125328,1.594738,-0.024583,-0.757349,2.325174,-1.303232,3.158726,8.498763,4.806767,8.353103
3354,77.780000,-0.715899,0.704515,0.676176,-2.666504,6.833181,0.376319,0.024202,1.568055,-0.140709,-0.216754,1.521822,-0.727147,3.039286,8.822047,5.238482,7.931934
3355,77.800000,-1.114711,0.638800,0.830026,-1.893809,7.549955,0.281397,0.332640,1.487996,-0.444179,-0.519446,0.975121,0.211478,2.830328,9.466928,5.207055,7.494234
3356,77.820000,-1.693127,0.971289,0.829265,-0.963148,7.471539,-0.065058,0.384599,1.382945,-0.614893,-0.452569,0.541348,0.816723,2.743859,9.895138,5.552566,7.076711
3357,77.840000,-2.179292,1.112668,0.839068,0.361557,8.314413,-0.153254,0.656805,1.394879,-0.827255,-0.958161,0.156198,1.611033,2.781999,10.738861,5.634628,6.588019
3358,77.860000,-2.507093,1.385403,0.916679,1.439084,8.355752,-0.372091,0.780534,1.525845,-0.736938,-1.284300,-0.108042,2.050771,2.929812,11.170145,5.593463,6.161064
3359,77.880000,-2.832901,1.643588,1.010398,2.009178,7.664043,-0.413542,0.812767,1.440994,-0.259513,-1.181081,-0.666382,2.147737,2.977106,11.076534,5.548903,5.660130
3360,77.900000,-2.973321,1.542108,1.114028,2.219449,7.037311,-0.104694,1.058807,1.328630,0.172232,-1.250405,-0.935660,2.209041,3.262129,10.616742,4.867464,5.017996
3361,77.920000,-3.020018,1.518060,1.140307,1.977583,5.891089,0.271765,1.328347,1.220227,0.664852,-1.199180,-1.079217,2.075180,3.635824,9.686660,4.457749,4.521101
3362,77.940000,-3.223739,1.294827,1.128674,1.430717,4.946430,0.816357,1.792750,1.127502,1.073780,-0.984754,-0.931041,1.871278,4.137306,8.584202,4.222551,4.111330
3363,77.960000,-3.316145,1.274130,1.133988,1.173555,4.149832,1.200326,2.146703,1.224650,1.192050,-0.904017,-0.674062,1.914100,4.514777,7.680498,4.347261,3.595413
3364,77.980000,-3.310435,1.413468,1.148821,1.295431,3.776075,1.220925,2.220227,1.396974,1.140996,-1.032466,-0.407304,2.254169,4.497279,7.136003,4.919035,2.836618
3365,78.000000,-3.356221,1.510200,1.353654,1.541357,3.933409,1.092145,2.280715,1.508514,1.111061,-1.195500,-0.376264,2.746681,3.990279,6.883806,5.772768,2.112697
3366,78.020000,-3.358704,1.489443,1.442809,1.555997,4.083594,1.143112,2.270022,1.379272,1.216463,-1.448164,-0.347526,3.303780,3.390156,6.851310,6.689693,1.772171
3367,78.040000,-3.333199,1.194296,1.276805,1.097980,4.011489,1.607097,2.104482,0.864085,1.456788,-1.915773,-0.254603,3.678929,3.002115,7.004628,7.434458,1.941157
3368,78.060000,-3.434275,0.812365,0.892628,0.267117,3.743336,2.433048,1.846054,0.365164,1.715681,-2.299410,-0.092098,3.792251,3.370230,7.047894,7.991496,2.250874
3369,78.080000,-3.630459,0.496347,0.411156,-0.673133,3.255823,3.283310,1.570522,0.189738,1.869748,-2.441860,0.074708,3.733531,4.390191,6.778870,8.519917,2.576351
3370,78.100000,-3.850295,0.328364,-0.054386,-1.675400,2.795618,3.969597,1.352199,0.305980,1.956050,-2.244104,0.188786,3.535908,5.614280,6.189647,9.058759,2.768806
3371,78.120000,-3.934061,0.450541,-0.396010,-2.445612,2.535985,4.332293,1.227382,0.625470,1.927882,-1.950199,0.122324,3.388999,6.437720,5.265909,9.540569,2.584060
3372,78.140000,-3.876588,0.442389,-0.795516,-3.549920,2.140957,4.557539,0.946873,0.772107,1.942173,-1.692380,-0.098071,3.340605,6.682043,4.400710,10.296706,2.725313
3373,78.160000,-3.709148,0.413560,-1.182679,-4.898413,1.686388,4.821755,0.593287,0.897070,2.027415,-1.252927,-0.360549,3.252933,6.632339,3.844103,11.140889,3.362660
3374,78.180000,-3.516571,0.298094,-1.589547,-6.277748,1.262738,4.982844,0.136334,0.828406,2.029130,-0.833417,-0.608823,3.214835,6.514716,3.816716,12.049302,4.256275
3375,78.200000,-3.401642,0.220189,-1.975740,-7.231170,1.289191,5.143510,-0.359958,0.740264,1.896683,-0.539435,-0.906786,3.130910,6.653222,4.068977,12.903412,4.978444
3376,78.220000,-3.742386,0.075242,-2.151537,-6.701408,2.340565,5.281730,-0.578585,0.255246,1.095944,-1.119273,-0.068781,2.762174,6.727624,4.660293,12.306331,5.017461
3377,78.240000,-4.283944,-0.835724,-2.262300,-4.514762,3.734283,4.935312,-0.772531,-1.235900,-0.601455,-1.848615,1.703458,1.795471,5.791448,5.855200,10.384057,4.830252
3378,78.260000,-4.508236,-1.336025,-1.768029,-2.943158,5.034951,4.097639,-0.511844,-1.574365,-1.071355,-1.877326,2.301042,0.848481,4.240174,6.563185,9.360978,5.315456
3379,78.280000,-4.525704,-1.360310,-0.862924,-2.212875,6.212290,4.138770,0.162024,-1.169681,-0.776631,-1.122751,1.593735,0.700112,3.123230,7.194509,8.386266,5.605209
3380,78.300000,-4.457584,-1.375618,-0.562574,-2.111793,6.237659,4.243776,0.231400,-0.931467,-0.250650,-0.730724,1.004548,0.456051,2.948896,7.551324,7.783752,6.054836
3381,78.320000,-4.483114,-1.651338,-0.377176,-2.302665,6.673221,4.534451,0.270000,-0.814591,-0.109734,-0.493218,0.963757,0.071513,3.024673,7.953078,7.546051,6.628337
3382,78.340000,-4.491871,-1.691749,-0.138837,-2.240987,6.970691,4.284269,0.524219,-0.702462,0.006313,-0.354962,1.113713,-0.336310,2.706189,7.872118,7.141574,6.835978
3383,78.360000,-4.549963,-1.504700,-0.149401,-1.867659,7.319601,3.832697,0.523258,-0.508560,0.132808,-0.412076,1.473870,-0.797703,2.605981,7.822564,6.987168,6.986054
3384,78.380000,-4.371316,-1.671512,-0.139263,-2.473205,7.993849,3.638745,0.390224,-0.516540,0.411413,-0.170859,1.773618,-1.203845,1.852813,8.245075,7.076092,7.569664
3385,78.400000,-3.916317,-1.586482,0.072499,-3.145273,8.763501,3.585967,0.369899,-0.311742,0.713816,0.203412,1.913944,-1.527941,1.105449,8.619696,7.144813,8.047615
3386,78.420000,-3.629415,-1.567850,0.070675,-3.641558,9.567631,3.638081,0.277133,-0.373198,0.887327,0.371796,2.292908,-1.770361,0.609363,9.007372,7.148662,8.425619
3387,78.440000,-3.502367,-1.621083,-0.290943,-3.788313,9.881036,3.777715,0.144853,-0.314452,0.924419,0.392140,2.713041,-2.301673,0.965932,9.314847,7.257621,8.853089
3388,78.460000,-3.086852,-1.088034,0.092949,-3.675669,9.311391,3.497528,0.407257,0.012248,0.901156,0.447910,2.620098,-2.243761,0.508648,8.665392,6.806254,8.509964
3389,78.480000,-2.938383,-0.772713,0.119185,-3.502311,9.307528,3.346146,0.445510,0.280923,0.977453,0.384815,2.586732,-2.784127,0.906796,8.539396,6.587897,8.548913
3390,78.500000,-2.452701,-0.604230,0.336080,-3.521089,8.527227,2.869134,0.758070,0.494710,0.724094,0.505686,2.388213,-2.585966,0.585936,7.717168,5.799809,8.045863
3391,78.520000,-2.641541,-0.617186,0.289322,-3.436253,8.611777,2.576862,0.907015,0.488365,0.745176,0.633554,2.168532,-2.845115,0.909088,7.494588,5.216575,7.695856
3392,78.540000,-2.280829,-0.358409,0.256084,-3.143030,8.414355,2.023705,0.487985,0.724462,0.748345,0.444229,2.047235,-2.566058,1.223221,7.266511,5.040173,7.371564
3393,78.560000,-2.143184,-0.312930,0.276889,-3.172842,8.820546,1.798322,0.162311,0.677842,0.841367,0.517645,1.667743,-2.425608,1.505208,7.396255,5.046046,7.262140
3394,78.580000,-1.945444,-0.313036,0.375707,-2.952343,8.490066,1.635491,0.217551,0.707168,0.567792,0.398388,1.275344,-1.910701,1.746526,7.331784,4.887152,7.061668
3395,78.600000,-2.080482,-0.251463,0.618778,-2.649603,8.014810,1.525906,0.339752,0.652724,0.484832,0.685896,0.606054,-1.478453,1.670170,7.139311,4.835511,6.595203
3396,78.620000,-2.211730,0.031546,0.741995,-1.896566,7.717803,1.288459,0.280682,0.786878,0.336544,0.572652,0.128352,-0.896283,2.079798,7.216272,4.695755,6.042546
3397,78.640000,-2.706706,0.211754,0.962361,-1.068638,7.498466,0.925224,0.536149,0.696378,0.201756,0.421357,-0.161806,-0.306238,2.024657,7.478859,4.489542,5.567821
3398,78.660000,-3.253995,0.513614,1.125730,-0.068736,7.131943,0.422776,0.733496,0.536519,0.234658,0.249166,-0.443260,0.338987,1.860343,7.871872,4.540323,5.167187
3399,78.680000,-3.897108,0.486730,1.261397,0.892655,7.119521,0.100878,0.967256,0.346888,0.253441,-0.115576,-0.698131,0.811412,1.609148,8.290912,4.639311,4.848185
3400,78.700000,-4.147529,0.540540,1.184974,1.664018,6.858543,0.027139,0.855328,0.095936,0.459295,-0.854370,-0.806700,1.560429,1.414190,8.474865,5.081747,4.476418
3401,78.720000,-4.306518,0.424774,1.139238,1.807837,6.451090,0.275297,0.819743,-0.223849,0.836246,-1.702019,-0.746353,2.243353,1.642895,8.519361,5.518872,4.171940
3402,78.740000,-4.269486,-0.061814,0.803847,0.954942,5.320217,1.003131,0.733289,-0.662620,1.446532,-2.476437,-0.453451,2.625363,2.358201,8.071117,6.032892,4.077756
3403,78.760000,-4.487233,-0.693268,0.375565,-0.068966,4.426897,2.079875,0.899890,-0.746568,1.876809,-2.865237,0.051722,2.675845,3.724886,7.461065,6.331380,3.862360
3404,78.780000,-4.560540,-1.013832,-0.296157,-1.492094,3.352102,3.242418,0.996998,-0.643228,2.146861,-2.716266,0.558047,2.561601,4.886571,6.235900,6.866215,3.486542
3405,78.800000,-4.766841,-0.886918,-0.679093,-2.454025,2.971121,4.099609,0.941566,-0.307651,2.274225,-2.419522,0.976598,2.482221,5.548299,4.928306,8.026306,2.765013
3406,78.820000,-4.745745,-0.501466,-0.714852,-2.963467,3.050543,4.448711,0.771843,0.095495,2.212565,-2.181442,1.232349,2.534095,5.369925,3.898601,9.253304,1.825948
3407,78.840000,-4.440014,-0.257311,-0.701921,-3.423277,2.961608,4.463083,0.209703,0.216629,2.167358,-1.924826,1.314080,2.817252,4.713877,3.451929,10.463529,1.301219
3408,78.860000,-4.433171,-0.249501,-0.809585,-3.918293,2.942114,4.664351,-0.338710,0.072095,2.129198,-1.792709,1.536414,2.887028,4.360747,3.674959,11.621138,1.434019
3409,78.880000,-4.650738,-0.436411,-1.169521,-4.299479,2.805132,4.871466,-0.739277,-0.050065,1.945857,-1.616176,1.886193,2.651348,4.417399,4.128561,12.303345,2.064393
3410,78.900000,-4.795114,-0.701188,-1.500437,-3.998910,2.842726,4.985411,-0.975380,-0.212886,1.681707,-1.928015,1.909651,3.108413,4.716190,4.435452,12.826408,2.005925
3411,78.920000,-5.128073,-0.935250,-1.198288,-3.000813,4.374355,5.527176,-0.627956,-0.509277,1.050519,-2.595049,2.598165,2.383062,4.519314,5.352920,11.304357,2.208804
3412,78.940000,-5.207188,-1.057949,-0.598312,-1.401003,6.015561,5.186638,0.460644,-0.921377,-0.184780,-2.395665,2.729097,0.977786,2.961340,5.789923,8.137712,2.916516
3413,78.960000,-4.977369,-1.087133,-0.020538,-0.738571,6.942222,4.740446,1.193456,-0.641999,-0.596215,-1.272615,1.763958,0.577403,1.627025,5.987893,6.274236,3.478889
3414,78.980000,-5.075052,-1.303941,0.146789,-1.209877,7.298890,4.170564,1.428221,-0.562996,-0.260759,-0.163949,0.930948,0.342352,1.438874,6.785723,6.409918,4.595802
3415,79.000000,-5.104453,-1.937143,-0.363531,-2.154792,7.387249,4.366619,1.026987,-0.976850,0.089624,-0.083747,1.105957,0.051216,1.945949,7.945218,6.852942,5.907772
3416,79.020000,-4.995243,-2.105294,-0.378305,-2.515600,8.110794,4.474979,0.654383,-1.403170,0.228482,-0.293664,1.588767,-0.344096,2.030020,8.650577,6.870605,6.639501
3417,79.040000,-4.750120,-2.142181,-0.509157,-2.688573,8.073333,4.462715,0.207497,-1.781874,0.343438,-0.609094,1.962478,-0.682235,2.219100,8.817286,6.946007,6.875398
3418,79.060000,-4.560315,-2.037541,-0.456612,-2.345501,8.544457,4.295343,0.040275,-1.853269,0.189607,-0.854841,2.582205,-0.866140,2.180385,8.922503,6.603402,6.689595
3419,79.080000,-4.283514,-2.008900,-0.522612,-2.734832,9.016610,4.070876,-0.027178,-1.858529,0.426946,-0.779470,3.179235,-1.236964,1.561178,9.029535,6.375568,6.906540
3420,79.100000,-4.237429,-2.022191,-0.749819,-3.482353,8.924151,3.924560,-0.018818,-1.657355,1.013154,-0.526735,3.697584,-2.023311,1.330740,8.961289,6.857257,7.515535
3421,79.120000,-3.914219,-1.785564,-0.623447,-3.746712,9.209941,3.795706,-0.051103,-1.435823,1.344609,-0.407453,4.113260,-2.316965,0.781587,8.769491,6.925115,7.818484
3422,79.140000,-3.486645,-1.358950,-0.510134,-3.967946,9.566495,3.813732,-0.187548,-1.239501,1.568297,-0.366480,4.451581,-2.919619,0.235284,8.459793,6.962464,8.118029
3423,79.160000,-2.931441,-0.514839,-0.068360,-2.932182,9.087471,3.403670,-0.313723,-0.390713,1.333062,-0.463833,4.024051,-2.730856,0.451200,7.222526,6.434580,7.342253
3424,79.180000,-2.700587,-0.686524,0.035872,-3.280697,9.489118,3.244097,-0.351423,-0.261345,1.281303,0.121963,3.688985,-3.079250,0.530790,6.976418,5.944002,6.918554
3425,79.200000,-2.674594,-0.575021,0.276831,-3.218676,9.308983,2.729517,-0.068289,0.156509,1.181400,0.714876,3.151107,-3.224903,0.615576,6.355238,5.247335,6.444782
3426,79.220000,-2.690569,-0.727011,0.670712,-3.443287,9.249315,2.669581,0.056430,0.152642,1.009832,1.065023,2.353365,-2.700477,0.331798,6.073437,4.942876,5.962667
3427,79.240000,-2.692450,-0.756804,0.593674,-3.820837,9.511046,2.943511,0.255447,0.302423,0.890090,1.220357,1.900362,-2.494205,0.314762,6.237048,5.156614,5.685448
3428,79.260000,-2.540067,-0.830232,0.683014,-4.213250,9.535198,3.164799,0.578651,0.352244,0.714760,1.334278,1.189766,-1.847582,0.025866,6.283979,5.095019,5.651294
3429,79.280000,-2.750094,-0.924485,0.694900,-4.057199,10.014750,3.439593,0.871070,0.376812,0.565933,1.362360,0.426218,-1.135349,-0.052021,6.483645,4.934205,5.331540
3430,79.300000,-3.219414,-1.054219,0.522662,-3.375288,10.411874,3.568681,1.200878,0.435789,0.327410,1.310774,0.104003,-0.764398,0.439379,7.323223,5.125912,5.358748
3431,79.320000,-3.611987,-1.010433,0.285209,-2.379622,10.404975,3.462306,1.741480,0.384243,0.066210,0.995507,-0.051998,-0.140213,0.425639,8.288280,5.249988,5.404806
3432,79.340000,-4.208152,-1.058357,0.152397,-1.577562,10.340132,3.226566,2.168515,-0.107698,-0.180089,0.837695,-0.084067,0.298100,0.066113,9.344774,5.378866,5.607753
3433,79.360000,-4.834968,-1.068577,0.008571,-0.905789,10.436486,3.446440,2.102547,-0.904745,-0.285041,0.395484,0.271206,0.789914,0.160991,10.439297,5.508661,5.857927
3434,79.380000,-5.186359,-1.170284,-0.160406,-0.547534,10.507966,3.658225,1.906578,-1.710969,-0.352169,-0.109945,0.816992,1.079957,0.308072,11.400469,5.451331,6.310758
3435,79.400000,-4.885625,-1.130494,-0.092076,-0.643864,10.261071,3.764251,1.242175,-1.968794,-0.024767,-1.015431,0.866822,1.677603,0.506976,11.420219,5.532689,6.127893
3436,79.420000,-4.293882,-1.215775,-0.112216,-0.826248,8.673428,4.655337,0.127913,-2.332759,0.756302,-2.703453,0.734192,2.657767,2.173114,10.940390,5.699961,5.218778
3437,79.440000,-4.244081,-1.604200,-0.433290,-0.665926,8.123133,5.194095,-0.350115,-2.475025,0.909203,-3.478311,1.098826,3.075291,3.650050,10.656510,5.846171,4.570514
3438,79.460000,-4.674740,-1.732408,-0.399352,-0.338784,7.935323,4.836756,-0.129272,-2.414675,0.903323,-3.556794,1.111864,2.941355,3.743965,9.801714,6.143998,4.048203
3439,79.480000,-5.199793,-1.843067,-0.915794,-0.683050,6.987072,5.136069,0.067113,-2.373466,1.125873,-3.614656,1.694832,2.472813,3.799529,8.434622,6.523058,3.578474
3440,79.500000,-5.259650,-1.950767,-0.749351,-0.871137,6.827211,4.766159,-0.196206,-2.191519,1.058384,-3.306921,1.702939,2.108682,3.784387,8.208150,6.702666,3.961679
3441,79.520000,-5.462757,-1.826653,-0.640693,-0.892559,7.135962,4.528039,0.209595,-1.680168,1.074582,-2.563623,1.868971,1.647104,3.578008,8.211894,6.783405,4.231883
3442,79.540000,-5.554773,-1.750318,-0.513457,-1.097811,7.652416,3.783920,0.215679,-1.444889,1.219745,-1.827960,1.733981,1.134015,3.187474,8.665617,7.107844,4.983963
3443,79.560000,-5.412425,-1.769769,-0.378252,-1.499245,8.057346,3.259655,0.079343,-1.287758,1.388281,-1.130826,1.476814,0.553121,2.768681,9.297728,7.522230,5.918340
3444,79.580000,-4.206444,-1.285976,-0.413037,-2.712961,6.008114,4.189902,-1.250823,-1.407438,2.061340,-1.533872,1.239495,0.404258,2.987915,8.929392,9.191097,6.744013
3445,79.600000,-3.648618,-1.170047,-0.522136,-3.034421,4.882792,4.318863,-2.038097,-1.071590,1.821527,-1.333641,0.953309,0.242722,3.913124,8.699266,10.001454,7.347310
3446,79.620000,-3.892646,-0.976570,-0.657148,-2.611290,4.094489,3.126641,-1.686962,-0.575711,1.337238,-0.818836,1.032428,-0.716354,4.318324,7.879417,9.637371,7.914165
3447,79.640000,-3.808891,-0.882009,-0.996882,-3.450022,3.763929,2.514524,-2.667517,-1.309054,1.514203,-0.190834,1.298797,-1.701144,3.299057,7.394402,10.097250,8.242992
3448,79.660000,-3.141052,-0.803135,-0.763895,-3.652761,4.657384,2.806467,-3.186356,-1.716849,1.796482,0.181223,1.217574,-1.896681,3.166423,7.262074,8.973519,8.103449
3449,79.680000,-2.922329,-1.076929,-1.161098,-4.466430,5.361952,3.048836,-3.126970,-2.045915,2.168719,0.593029,2.501741,-4.717472,3.927800,6.910777,7.718142,8.489046
3450,79.700000,-3.280072,-1.736576,-1.640166,-4.993873,6.459387,2.389466,-3.117968,-2.352146,2.657214,1.681735,4.888739,-7.953188,4.158305,5.680439,7.018361,7.783575
3451,79.720000,-3.110891,-0.727324,-0.839826,-3.466095,7.313042,0.552839,-2.731503,-1.871490,1.982339,2.120219,6.657664,-7.484720,2.174518,3.811943,6.137288,5.955149
3452,79.740000,-2.220490,-0.133429,-0.478348,-3.902373,8.839840,0.690659,-2.132891,-1.137451,1.717569,1.355757,6.607240,-5.583264,1.051084,4.136126,5.523040,6.505539
3453,79.760000,-1.687845,-0.093439,0.094211,-4.866166,10.313170,1.446358,-1.385128,0.053825,1.892776,1.056100,5.461074,-4.031334,1.023905,5.857854,6.126677,6.929432
3454,79.780000,-1.494251,-0.153011,0.308531,-5.764801,11.806901,2.205165,-0.708414,0.677585,2.046847,1.350561,4.175405,-3.082476,0.794894,7.681849,7.041484,7.474493
3455,79.800000,-1.297570,0.007865,0.489106,-5.530681,10.476840,2.758134,-0.150221,1.082391,1.353224,1.476553,2.789290,-1.925838,1.389628,8.001906,7.659398,6.796093
3456,79.820000,-1.556607,-0.037283,0.323394,-5.004576,10.034640,3.197675,0.248879,1.052291,0.538124,1.927751,1.359066,-0.828488,1.321343,8.358086,8.156641,5.848676
3457,79.840000,-1.874020,-0.071346,0.264589,-3.938543,10.446404,3.811679,0.826077,1.285147,-0.147926,1.804173,0.373964,0.705865,0.948235,9.098907,8.047456,5.103926
3458,79.860000,-2.534755,0.092830,0.321663,-2.564553,10.653210,3.747582,1.530809,1.090639,-0.571379,1.438888,-0.076817,1.456563,0.321718,10.098496,7.645801,4.740946
3459,79.880000,-3.183201,0.139864,0.345981,-0.974859,10.856894,3.922939,2.240925,0.579973,-0.942336,0.669383,-0.250045,2.034369,-0.204007,11.046019,7.253534,4.424124
3460,79.900000,-3.554950,-0.051553,0.263659,0.187003,10.205685,4.158590,2.029845,-0.038676,-0.642180,-0.346512,-0.079018,2.252198,-0.089102,11.399611,6.842120,4.568587
3461,79.920000,-3.852295,-0.383038,0.176803,0.062681,9.266341,4.510256,1.503500,-0.867237,0.154071,-1.335538,0.163110,2.206325,0.568027,11.449299,6.450400,5.091819
3462,79.940000,-4.167946,-0.936222,0.038300,-0.202293,8.375996,4.944005,0.813969,-1.365505,0.813776,-2.460170,0.498874,2.264246,2.021513,11.094181,6.137743,5.173305
3463,79.960000,-4.472026,-1.096779,-0.128285,-0.384616,8.023076,5.450965,0.403880,-1.455086,1.154562,-2.891045,0.986232,2.221096,3.591852,10.623243,6.156898,5.075585
3464,79.980000,-4.629552,-1.083046,-0.236704,-0.309059,7.507534,5.568077,0.196472,-1.305912,1.274280,-3.130094,1.482638,2.190079,4.371930,9.830730,6.461089,4.687897
3465,80.000000,-4.729886,-0.776004,-0.241049,-0.274885,7.213463,5.506150,0.274924,-0.953653,1.381025,-2.967746,1.611411,2.098773,4.697247,9.002575,6.792775,4.224268
3466,80.020000,-4.818569,-0.409471,-0.147785,-0.564865,6.791048,5.206774,0.544629,-0.394076,1.721334,-2.665587,1.484885,1.885062,4.794110,8.188374,7.145882,4.065355
3467,80.040000,-4.927415,-0.317284,-0.129995,-1.139806,6.520755,5.085445,0.738768,-0.038367,2.057465,-2.372291,1.169803,1.452672,4.692648,7.696706,7.544880,4.452642
3468,80.060000,-4.766326,-0.251245,-0.237993,-1.745167,5.735996,5.265394,0.576187,0.242561,2.370807,-2.296213,0.734757,1.110366,5.154867,7.176383,8.154064,4.951573
3469,80.080000,-4.689300,-0.303574,-0.341573,-2.443400,5.296690,5.325154,0.337360,0.338943,2.377591,-2.045067,0.524341,0.545444,5.559426,6.875068,8.906682,5.813579
3470,80.100000,-4.579189,-0.192106,-0.389112,-3.010921,4.850271,5.145669,0.233252,0.435316,2.232470,-1.754420,0.417949,-0.022560,5.944162,6.583630,9.586943,6.728996
3471,80.120000,-4.532284,-0.282245,-0.583502,-3.595652,4.418026,4.883577,-0.056428,0.200810,2.059056,-1.556948,0.506225,-0.615137,5.966808,6.383172,10.074726,7.508621
3472,80.140000,-4.283189,-0.036163,-0.489550,-3.465581,4.157294,4.436514,-0.127919,0.369105,1.635394,-1.117960,0.438798,-0.821970,6.095683,6.124291,10.354185,7.994053
3473,80.160000,-4.212435,-0.676476,-0.955040,-4.422355,3.348795,4.207484,-0.842340,-0.535158,1.729292,-1.131274,0.871440,-1.520260,5.444242,6.175221,9.908974,8.061107
3474,80.180000,-4.187078,-0.593624,-1.090274,-4.862463,3.099742,3.885154,-1.077090,-0.728307,1.584977,-0.833389,1.124212,-1.590532,5.356393,6.100006,9.988392,7.861991
3475,80.200000,-4.137916,-0.771570,-1.236446,-5.250298,2.704226,3.478078,-1.430365,-1.244094,1.690075,-0.888586,1.672865,-1.666981,4.754366,5.965311,9.679776,7.410920
3476,80.220000,-4.255635,-1.091009,-1.288855,-4.485898,6.019996,4.215898,-1.806166,-1.641098,1.214804,-1.071836,3.756573,-3.995314,4.494797,6.790823,8.375401,6.545631
3477,80.240000,-3.627885,-0.343666,-0.836650,-3.222343,8.364242,3.167123,-1.455357,-0.887962,0.576422,-0.202182,4.420890,-3.510658,2.460247,6.489082,6.979118,6.269153
3478,80.260000,-3.262482,-0.262029,-0.120349,-3.528595,9.112211,3.127735,-0.655257,-0.337855,0.946660,0.620267,3.117459,-2.852638,1.194669,6.613539,6.523087,6.627328
3479,80.280000,-2.830408,-0.391320,-0.204065,-4.549163,8.731405,3.118995,-0.383649,-0.164321,1.305791,0.888808,3.254425,-3.037754,1.058762,7.086113,7.029007,7.100012
3480,80.300000,-2.447135,-0.730314,-0.420511,-5.132915,9.549455,3.435085,-0.678279,-0.361028,1.297925,0.790858,3.878230,-3.332281,1.158515,7.504130,7.364200,7.182833
3481,80.320000,-2.181014,-0.489548,-0.322095,-4.770466,9.446977,3.553617,-0.679105,-0.032059,0.899267,0.830158,3.603786,-3.108323,1.546716,7.393494,7.376643,6.962189
3482,80.340000,-2.132522,-0.257658,-0.084824,-4.544946,9.314837,3.572489,-0.377928,0.571181,0.692294,1.228744,2.678477,-2.649453,1.811899,7.449284,7.379276,6.810327
3483,80.360000,-2.007294,-0.057024,-0.030405,-4.260734,8.897133,3.544644,-0.362049,1.042208,0.640888,1.276560,2.031517,-2.559315,2.291444,7.533919,7.306186,6.805233
3484,80.380000,-2.135289,0.209780,0.150943,-4.166510,8.660665,3.315570,-0.064058,1.380348,0.683933,1.556127,1.313882,-2.076164,2.159559,7.555992,7.215052,6.617056
3485,80.400000,-2.268714,0.301812,0.364240,-3.818541,8.866601,3.321115,0.151722,1.619323,0.693203,1.526699,0.453686,-1.835761,1.998616,7.561508,6.541477,6.447060
3486,80.420000,-2.408761,0.495167,0.487003,-3.336038,8.250989,3.041543,0.351972,1.634890,0.551826,1.401927,-0.217234,-1.186702,1.724427,7.324737,6.017347,5.965867
3487,80.440000,-2.847026,0.551104,0.533859,-2.800757,8.079122,2.940482,0.579623,1.343132,0.598478,1.203983,-0.787870,-0.554441,1.395915,7.490429,5.710396,5.402383
3488,80.460000,-3.055342,0.589475,0.504734,-2.043434,7.881124,3.033330,0.651878,1.129118,0.645333,0.633819,-1.025040,0.170252,1.354680,7.554183,5.204154,4.845163
3489,80.480000,-3.566998,0.388555,0.473427,-1.603083,7.851798,2.927986,0.828978,0.700953,0.961070,0.011842,-1.004734,0.650338,0.993893,7.747143,5.085064,4.522295
3490,80.500000,-3.777894,0.103375,0.153916,-1.448849,7.129413,3.291720,0.732330,-0.055007,1.381058,-1.383845,-0.673254,1.311041,1.203837,7.720266,5.409813,4.154912
3491,80.520000,-4.116225,-0.596208,-0.308652,-1.651834,6.424777,3.995789,0.399583,-0.831526,1.665062,-2.770425,-0.079514,1.775071,2.018541,7.549178,5.966077,3.991479
3492,80.540000,-4.416545,-1.227324,-0.837407,-2.129296,5.437449,4.908184,0.100064,-1.397087,1.810595,-3.752694,0.811190,2.029562,3.382308,7.018259,6.580909,3.783535
3493,80.560000,-4.641226,-1.685887,-1.333528,-2.738000,4.129111,5.898961,-0.280845,-1.854024,1.930453,-4.625479,1.650683,2.321733,4.667264,6.077454,7.603393,3.078331
3494,80.580000,-5.066338,-1.946775,-1.628484,-3.346725,3.573390,6.661502,-0.385809,-1.984529,1.976316,-4.930164,2.386581,2.401965,5.337616,5.471285,8.784908,2.471365
3495,80.600000,-5.439940,-1.842208,-1.785480,-3.942261,3.212713,6.860401,-0.237936,-1.751814,2.040316,-4.681233,2.760803,2.096065,5.289489,4.952472,9.785087,2.261127
3496,80.620000,-5.712379,-1.872966,-2.000775,-4.577729,3.123748,7.024454,-0.211609,-1.736689,2.182025,-4.320288,2.898246,1.568158,4.957804,4.968903,10.592960,2.692178
3497,80.640000,-5.601247,-1.684237,-1.715023,-3.725150,4.924383,7.233066,-0.382359,-1.985940,1.509857,-4.214584,3.451348,0.470033,4.116442,6.002644,9.861513,3.483069
3498,80.660000,-4.889398,-0.989463,-0.998673,-2.236079,7.055045,6.578366,-0.270289,-1.424365,0.489754,-3.234856,3.733807,-0.582807,2.873149,6.962881,8.127602,3.972303
3499,80.680000,-4.428558,-0.630084,-0.320240,-1.802749,7.520741,5.554640,0.362091,-0.168881,0.590105,-1.828135,2.840863,-1.333972,2.768983,7.289321,7.222956,4.845993
3500,80.700000,-4.236879,-0.728315,-0.338311,-2.335663,7.513714,4.747783,0.535374,0.439402,1.044377,-0.853550,1.909647,-2.618180,3.420122,7.868629,7.358602,6.240020
3501,80.720000,-3.933620,-1.076947,-0.915160,-3.388876,8.290622,4.336593,0.050406,0.167749,1.533105,-0.403600,2.077549,-4.108720,3.694296,8.518627,7.417162,7.529019
3502,80.740000,-3.253301,-0.760942,-0.633112,-3.685043,8.727769,3.153389,-0.343564,0.038529,1.637586,0.293994,2.463688,-4.812709,3.201435,7.905671,6.535306,7.560096
3503,80.760000,-2.968312,-0.890552,-0.268122,-3.834118,9.189344,2.406997,-0.638261,-0.384093,1.374754,0.935092,2.737116,-4.775560,2.411723,7.336235,5.667614,6.947968
3504,80.780000,-2.472211,-0.945884,-0.331193,-3.994835,9.227494,2.347457,-0.895523,-0.474450,1.069815,1.103609,3.033917,-4.516507,2.064668,7.133941,5.466387,6.720511
3505,80.800000,-2.167278,-0.870057,-0.449308,-4.286259,9.846088,2.325323,-0.830703,-0.359993,1.033040,1.294044,3.135124,-4.071465,1.424940,7.283407,5.526856,6.600752
3506,80.820000,-1.885276,-0.830718,-0.285257,-4.596245,10.472783,2.625311,-0.808674,-0.257761,1.141542,1.399051,2.880553,-3.899380,0.960702,7.306668,5.467120,6.590744
3507,80.840000,-1.663821,-0.595122,-0.130536,-4.302879,9.859600,2.486910,-0.378889,0.042914,0.796381,1.437789,2.240082,-2.997783,0.753215,6.939065,5.430661,6.096642
3508,80.860000,-1.879961,-0.641638,-0.048026,-4.100298,10.079086,2.732220,-0.109013,0.087263,0.680667,1.514578,1.332684,-2.565952,0.799746,7.129464,5.320438,5.742531
3509,80.880000,-1.813222,-0.499658,0.049951,-3.625080,9.725654,2.892866,0.121690,0.314842,0.489987,1.197501,0.600909,-2.076795,0.780374,6.993873,4.743132,5.473774
3510,80.900000,-2.047457,-0.440546,0.114375,-2.968823,9.585745,2.907862,0.461454,0.307169,0.407535,1.051788,-0.195203,-1.521181,0.631586,7.083480,4.147533,5.065780
3511,80.920000,-2.385481,-0.310297,0.071260,-2.091254,9.123652,2.950618,0.901251,0.286230,0.281109,0.632784,-0.637060,-0.757236,0.631752,7.264879,3.816583,4.484390
3512,80.940000,-2.846593,-0.158072,0.028093,-1.109724,8.749271,2.877806,1.161708,0.138534,0.269237,0.034224,-0.809967,-0.009839,0.413282,7.566118,3.609537,3.878579
3513,80.960000,-3.329628,-0.100667,0.031780,-0.149967,8.248310,2.915800,1.162450,-0.151291,0.484108,-0.979616,-0.709643,0.836051,0.236552,8.004386,3.788621,3.365489
3514,80.980000,-3.657846,-0.235046,-0.062503,0.375453,7.762032,3.022218,0.955463,-0.522916,0.832636,-2.365092,-0.416963,1.609446,0.611847,8.374671,4.235685,3.167555
3515,81.000000,-3.795722,-0.640155,-0.511992,-0.109549,6.428722,3.643685,0.532618,-1.342751,1.355561,-4.020522,0.280065,2.175638,1.455489,8.428436,4.928839,3.202089
3516,81.020000,-4.076873,-1.314625,-1.062235,-0.868675,5.236745,4.748308,-0.053453,-2.052073,1.555924,-5.198668,1.321769,2.421803,2.804273,8.029843,5.483109,3.189790
3517,81.040000,-4.422335,-1.649294,-1.469068,-1.481659,3.896380,5.852055,-0.382400,-2.550853,1.637685,-5.776772,2.376284,2.056835,3.816337,7.027330,5.844882,3.075604
3518,81.060000,-4.799989,-1.701323,-1.669185,-2.002661,3.017278,6.363499,-0.415689,-2.491468,1.747546,-5.718267,2.906472,1.645019,4.047270,5.711220,6.584689,2.697431
3519,81.080000,-5.153280,-1.679032,-1.842415,-2.551977,3.118223,6.436830,-0.282498,-2.225444,1.696410,-5.030623,3.164429,1.017412,3.739312,5.103462,7.121537,2.713995
3520,81.100000,-5.423452,-1.455047,-1.783758,-2.931080,3.362732,6.257544,-0.050056,-1.837066,1.733857,-4.084887,3.247602,0.206611,3.403610,4.960309,7.467858,3.212087
3521,81.120000,-5.687668,-1.510347,-1.790890,-3.458793,3.757598,6.058197,-0.023151,-1.823673,2.008274,-3.168129,3.279614,-0.729796,3.156679,5.357775,8.000698,4.132439
3522,81.140000,-5.524078,-1.246718,-1.490172,-3.260544,5.430434,5.623814,-0.305876,-1.866475,1.765095,-2.331361,3.991931,-2.332459,2.522450,6.118638,7.530125,5.035625
3523,81.160000,-4.731747,-0.249320,-0.597448,-2.413144,7.422583,4.136343,-0.173583,-0.777347,1.181760,-0.801613,4.403193,-3.691712,1.878447,5.935570,6.146849,5.056399
3524,81.180000,-4.344084,-0.105875,-0.174667,-2.458660,7.537133,3.217813,-0.080517,-0.441166,1.285321,-0.102582,3.736789,-4.563874,2.082770,5.473516,5.381149,5.387836
3525,81.200000,-4.147546,-0.428755,-0.359074,-3.987012,8.810233,2.766165,-0.263641,-0.697013,1.552161,0.742183,4.203353,-5.676061,1.484789,6.397771,6.066560,6.127788
3526,81.220000,-3.148550,-0.183944,0.127071,-4.019906,8.808153,2.114201,-0.496607,-0.491367,1.339288,0.754255,3.543761,-4.283032,0.699470,6.343138,5.478638,6.025080
3527,81.240000,-2.912301,-0.308315,0.336102,-4.454824,10.365249,2.916408,-0.947123,-0.559647,1.002779,1.563627,2.520493,-4.135811,0.299320,6.813334,5.444950,6.231908
3528,81.260000,-2.198173,-0.158239,0.075091,-4.578014,9.462737,2.965781,-0.577874,-0.121274,0.579129,1.423357,2.242343,-3.544904,0.239807,6.808578,5.716317,5.983918
3529,81.280000,-2.250234,-0.275678,0.182585,-3.978830,9.939631,3.015446,-0.613567,-0.092033,0.336855,1.497645,1.191846,-3.100888,0.499345,7.128253,5.536468,5.741424
3530,81.300000,-1.989073,-0.057875,0.170880,-3.351436,9.447203,2.953801,-0.278881,0.131826,-0.180207,1.250748,0.455675,-2.042159,0.403124,7.087247,5.222857,5.154258
3531,81.320000,-2.148218,0.185600,0.282961,-2.864609,9.813949,2.734279,0.207576,0.248050,-0.181783,1.316530,-0.347372,-1.243555,0.002640,7.534013,5.040778,4.770872
3532,81.340000,-2.295853,0.408476,0.425725,-1.656206,9.711176,2.623749,0.790297,0.374296,-0.430662,0.835461,-1.096824,-0.175493,-0.191492,7.794393,4.498532,4.133978
3533,81.360000,-2.821045,0.569509,0.565450,0.054296,9.349421,2.115178,1.106239,0.337026,-0.528589,0.060447,-1.459346,0.717350,-0.298019,8.156815,4.411280,3.511608
3534,81.380000,-3.352565,0.449944,0.589748,1.563231,9.255100,1.832347,1.159482,0.328067,-0.505372,-0.811766,-1.460915,1.341681,0.055116,8.588820,4.406186,3.340056
3535,81.400000,-3.700887,0.292306,0.475457,2.230405,8.638080,1.796452,1.154410,-0.212191,-0.201646,-1.790589,-0.970088,1.734575,0.387855,9.014201,4.259511,3.402587
3536,81.420000,-3.687845,0.059726,0.183698,2.167718,7.531303,2.143133,0.785914,-0.935167,0.282806,-3.215844,-0.324476,2.218811,1.287001,8.995197,4.305157,3.330149
3537,81.440000,-3.787398,-0.355471,-0.036782,1.521946,6.485271,2.922861,0.552359,-1.579151,0.758716,-4.201300,0.409587,2.200171,2.337144,8.670078,4.484251,3.339346
3538,81.460000,-3.776456,-0.669381,-0.342145,0.906835,5.190283,3.766840,0.090156,-1.940994,1.169001,-4.960258,1.127974,2.367395,3.347121,8.021406,4.737255,2.971357
3539,81.480000,-4.127667,-0.863037,-0.627202,0.683083,4.756584,4.329512,-0.174171,-1.940967,1.205458,-4.976955,1.837364,2.205041,3.539016,7.360079,5.003510,2.492089
3540,81.500000,-4.421275,-0.781827,-0.826765,0.449953,4.554156,4.585214,0.040654,-1.778635,1.174991,-4.630063,2.305981,1.842970,3.246539,6.617588,5.312519,2.220346
3541,81.520000,-4.702382,-0.861723,-1.005438,-0.213095,4.100772,4.999355,0.243218,-1.549307,1.520274,-4.384302,2.334901,1.573021,3.273060,5.998372,5.807569,2.189763
3542,81.540000,-5.110939,-1.261299,-1.023982,-1.549210,4.355327,5.611610,0.486138,-1.311295,1.929163,-3.870881,2.172961,1.005862,3.547849,6.242436,6.750988,3.093180
3543,81.560000,-5.300073,-1.522238,-1.111421,-2.777469,4.345296,5.935466,0.366276,-1.211740,2.154565,-3.178038,2.354472,0.052608,3.596846,6.221106,7.861293,4.320868
3544,81.580000,-5.438368,-1.733309,-1.328604,-3.778971,4.680821,5.969737,-0.093351,-1.398106,2.251616,-2.614589,2.747489,-1.200252,3.732919,6.544203,9.034354,5.575999
3545,81.600000,-5.359305,-1.845356,-1.586128,-4.675169,5.138286,5.868929,-0.727168,-1.616227,2.317363,-2.156770,3.380563,-2.400695,4.151738,6.984369,10.030823,6.561962
3546,81.620000,-4.989606,-1.692750,-1.749260,-5.321302,5.691748,5.407334,-1.406179,-1.739533,2.461160,-1.691680,4.092834,-3.698406,4.572650,7.378564,10.580145,7.342583
3547,81.640000,-4.417727,-1.412679,-1.797745,-5.654008,6.162261,4.717187,-1.981378,-1.647186,2.601163,-1.203387,4.842411,-5.174321,4.951163,7.636682,10.559164,7.941344
3548,81.660000,-3.836848,-0.888539,-1.594949,-5.164588,7.082982,3.333089,-2.058012,-1.282035,2.277151,-0.754601,6.625431,-6.679053,3.946997,7.204759,9.527437,7.411749
3549,81.680000,-3.172466,-0.330259,-1.107497,-4.024577,8.395407,2.048738,-1.437735,-0.719549,1.371414,-0.181351,7.334924,-5.879040,1.805000,6.339509,7.739682,6.614804
3550,81.700000,-2.540731,-0.128449,-0.301523,-4.271751,9.730422,1.927263,-1.056459,-0.274798,1.298961,0.231539,6.064816,-4.272061,0.607439,6.583046,7.177421,6.618233
3551,81.720000,-1.874044,-0.216165,0.050271,-5.912013,11.849703,3.062335,-0.565870,0.385775,1.674880,1.151044,4.323318,-3.729723,0.210477,8.111477,7.543424,7.641200
3552,81.740000,-1.154698,-0.246438,0.213777,-6.143652,11.227834,3.312159,-0.266184,0.691388,1.296733,1.478337,2.988149,-2.819446,0.300431,8.371474,7.506680,7.352776
3553,81.760000,-1.158532,-0.373858,0.111329,-5.509794,11.069664,3.773351,-0.035965,0.594762,0.410351,1.679056,1.688043,-2.307445,0.880006,8.724628,7.446757,6.676546
3554,81.780000,-1.328694,-0.201965,-0.055564,-4.263862,10.406367,3.830494,0.459466,0.791462,-0.491149,1.463585,0.791596,-1.231455,1.111445,8.783816,7.242873,5.742017
3555,81.800000,-1.768511,-0.104419,-0.055973,-3.447847,11.420506,3.854053,1.087719,0.795842,-0.770119,1.513716,-0.180686,-0.079060,0.017269,9.753978,7.156432,5.182009
3556,81.820000,-2.189592,-0.037548,0.082461,-2.158157,11.571507,4.003018,1.728976,0.559856,-1.000729,1.062925,-0.653184,0.622680,-0.784666,10.385974,6.587264,4.826745
3557,81.840000,-2.952016,-0.034425,0.144427,-0.766045,11.210188,3.766433,2.002263,-0.153192,-1.037815,0.424284,-0.471066,0.621384,-0.976085,10.838470,5.910698,4.827843
3558,81.860000,-3.253762,-0.074264,0.106407,0.328682,10.471875,3.724557,1.324764,-0.706390,-0.692595,-0.860786,-0.260624,1.254622,-0.591423,10.992834,5.671468,4.670502
3559,81.880000,-3.418733,-0.206820,0.077822,0.932853,9.789240,3.685430,0.521356,-0.897252,-0.246354,-2.145587,-0.177981,2.189734,0.491898,10.988542,5.637945,4.355284
3560,81.900000,-3.790171,-0.595073,-0.104105,0.878367,9.531282,3.893142,0.448767,-1.212797,0.021821,-2.759475,0.083458,2.382996,1.195048,11.173450,5.486095,4.474811
3561,81.920000,-3.900420,-0.855096,-0.228027,0.958099,8.467518,4.257208,0.316076,-1.453749,0.432523,-3.595628,0.524688,2.535849,2.064259,10.693782,5.389402,4.332152
3562,81.940000,-4.042300,-1.217499,-0.477664,0.832477,7.321387,4.882233,-0.098199,-1.713581,0.781302,-4.279502,0.977452,2.631993,3.321541,10.049287,5.521754,4.012132
3563,81.960000,-4.170602,-1.369649,-0.630438,0.623057,6.302598,5.344201,-0.291855,-1.684736,1.060982,-4.587479,1.315946,2.650605,4.300549,9.258316,5.777699,3.497462
3564,81.980000,-4.412936,-1.311027,-0.693376,0.408521,5.563575,5.445426,-0.109280,-1.389714,1.250452,-4.425228,1.499076,2.374079,4.571871,8.245741,6.042559,3.046914
3565,82.000000,-4.684007,-1.186332,-0.673924,0.153143,5.361674,5.392054,0.145933,-1.011327,1.334198,-4.014594,1.631694,1.818258,4.357137,7.420452,6.147159,2.965158
3566,82.020000,-4.903719,-1.043463,-0.592046,-0.559207,5.187529,5.329830,0.439965,-0.686396,1.566229,-3.425111,1.466300,1.129126,4.177954,6.813643,6.411722,3.431346
3567,82.040000,-4.802951,-0.671462,-0.542785,-1.643705,4.469800,5.435028,0.597462,-0.575655,1.876843,-2.895995,1.210263,0.405364,4.353847,6.396869,7.209353,4.215544
3568,82.060000,-4.742858,-0.552913,-0.472751,-2.398635,4.251851,5.084872,0.491654,-0.486181,1.820853,-2.265119,1.064720,-0.479238,4.600489,6.339561,7.722995,5.098683
3569,82.080000,-4.637850,-0.551719,-0.628403,-2.994099,4.003913,4.452121,0.219642,-0.739689,1.742528,-1.731935,1.185614,-1.680505,4.925064,6.202382,7.974351,5.834820
3570,82.100000,-4.606515,-0.776900,-0.855478,-3.620359,4.001637,3.919399,-0.354707,-1.267159,1.788107,-1.303177,1.663865,-2.851477,5.002892,6.326761,8.113289,6.246152
3571,82.120000,-4.398410,-0.929013,-1.068630,-4.098222,4.071192,3.291644,-1.079478,-1.726537,1.889237,-0.941594,2.540926,-3.984037,4.877192,6.499676,8.004625,6.449891
3572,82.140000,-3.945166,-0.937029,-1.203969,-4.513458,4.334314,2.600678,-1.969077,-2.015010,2.150141,-0.623601,3.529233,-4.582668,4.242773,6.558513,8.064102,6.350985
3573,82.160000,-3.362577,-0.750256,-1.175153,-4.689914,4.515357,1.861640,-2.575990,-1.807883,2.331030,-0.459419,4.263741,-4.451790,3.284011,6.706277,8.353231,6.305171
3574,82.180000,-2.709675,-0.488958,-1.087341,-4.937857,6.952542,1.843737,-2.605751,-1.276665,2.334777,-0.294045,5.377309,-4.952303,1.679648,7.165198,8.186172,6.649839
3575,82.200000,-2.147840,0.015038,-0.356375,-5.223586,10.718796,2.269531,-1.561925,-0.452266,1.881201,0.335280,5.459665,-5.164783,-0.098159,6.909596,7.164928,7.282196
3576,82.220000,-1.819765,0.200150,0.805548,-5.499231,11.534267,3.234269,-1.097031,-0.044171,1.754525,0.794612,3.509978,-4.166998,-0.574070,6.349410,6.647052,7.305075
3577,82.240000,-1.902645,0.023896,0.563033,-5.471667,10.433625,3.634033,-0.838698,0.438690,1.257824,1.469340,2.333796,-3.583594,0.626698,6.734142,7.039882,7.118064
3578,82.260000,-1.982646,-0.051579,0.089025,-5.026973,8.533657,3.301466,-0.417769,0.782011,0.676967,1.752044,2.006116,-2.610938,1.626420,6.780686,7.360526,6.289343
3579,82.280000,-2.352280,0.070514,0.041360,-4.480657,9.138428,3.543988,0.068726,0.752195,0.364125,1.639508,1.418148,-2.184976,0.975815,7.017834,6.929874,5.619182
3580,82.300000,-2.303264,0.183225,0.036895,-4.021694,10.061768,3.840536,0.555951,0.726096,-0.038501,1.295849,0.651385,-1.133216,-0.377179,7.621357,6.201013,5.204229
3581,82.320000,-2.512902,0.195063,0.171509,-3.724387,10.178559,4.082960,0.891496,0.517923,0.144284,1.351112,-0.251608,-0.343008,-1.245750,8.382472,6.062447,5.228978
3582,82.340000,-2.691914,0.037844,0.014659,-2.822435,9.438713,4.223405,0.756093,0.036769,0.181779,0.537164,-0.410871,0.502413,-0.809831,8.645240,6.060645,4.935811
3583,82.360000,-3.140394,-0.475923,-0.294960,-2.079712,9.221118,4.393300,0.479285,-0.571135,0.068658,-0.439424,-0.071951,1.086350,-0.084384,8.914688,5.990762,4.580745
3584,82.380000,-3.431283,-0.737084,-0.565346,-1.854186,8.377687,4.631289,0.092346,-1.229385,0.373563,-1.762585,0.247572,1.627273,0.674218,8.982903,6.248884,4.378657
3585,82.400000,-3.736860,-1.110077,-0.827896,-1.923753,7.510512,5.182749,-0.376738,-1.749965,0.836514,-3.048292,0.655023,2.108608,1.749329,8.799448,6.621544,4.216689
3586,82.420000,-3.895854,-1.654536,-1.253179,-2.441391,5.938026,5.949518,-0.883133,-2.191541,1.221629,-4.164082,1.170834,2.342236,3.237721,8.020978,7.007925,3.970500
3587,82.440000,-4.326334,-1.959594,-1.684690,-3.150489,4.246682,6.583985,-0.998482,-2.288399,1.605023,-4.824049,1.984269,2.185155,4.739288,6.807197,7.680486,3.710158
3588,82.460000,-4.847043,-1.984047,-1.904707,-3.804801,3.161686,6.702151,-0.849154,-2.105844,1.889471,-4.886492,2.364522,2.069442,5.285193,5.663957,8.669127,3.218972
3589,82.480000,-5.570743,-2.207057,-2.107960,-4.318630,2.847964,6.708943,-0.544972,-1.938743,1.939525,-4.326730,2.727882,1.357359,5.031907,5.040376,9.547952,3.301664
3590,82.500000,-5.767859,-2.239673,-2.187175,-4.867155,2.736064,6.914592,-0.735340,-2.121527,2.038711,-3.971940,2.679558,1.018120,4.878078,5.203701,10.667989,3.721748
3591,82.520000,-5.778584,-2.174465,-2.031741,-5.015370,3.286515,7.140204,-1.175689,-2.146731,2.015962,-3.658231,3.052081,0.573678,4.693733,5.957211,11.533370,4.415169
3592,82.540000,-4.743488,-1.153597,-0.704619,-3.134191,7.050679,6.240760,-1.194334,-1.661477,0.713853,-2.961277,4.246869,-1.804474,2.740123,6.718564,9.048743,4.663027
3593,82.560000,-4.188436,-0.430098,-0.081123,-2.060141,7.413827,4.836055,-0.438798,-0.452156,0.347441,-1.746071,3.873252,-2.419974,2.324875,6.487085,7.465645,4.771329
3594,82.580000,-4.216583,-0.574436,-0.242851,-2.823460,7.845829,4.428537,-0.324798,0.067501,1.200008,-0.719834,3.122306,-3.936840,3.165915,7.575009,7.997868,6.600908
3595,82.600000,-3.501425,-0.392836,-0.378712,-3.691147,8.708079,3.519909,-0.503039,0.322770,1.664316,0.180070,3.371448,-5.410442,3.005271,7.766360,7.659345,7.616625
3596,82.620000,-2.852161,-0.027922,0.206243,-3.922242,9.111053,2.220728,-0.767459,0.028989,1.749979,0.652183,3.570049,-5.168768,1.947230,6.785518,6.280447,7.080225
3597,82.640000,-2.521363,-0.080606,0.415768,-4.064761,9.601694,2.260387,-0.875492,-0.098286,1.256213,0.959639,3.286383,-4.786247,1.792484,6.629569,5.688649,6.904860
3598,82.660000,-1.970708,0.268125,0.255978,-4.053108,9.107382,1.925400,-0.788931,0.213482,0.886008,0.916108,3.169631,-3.712355,1.507434,6.751483,5.870927,6.503914
3599,82.680000,-1.942520,0.212785,0.280849,-4.481848,10.431062,2.300415,-0.581321,0.388251,0.780968,1.258370,2.397591,-3.177909,1.120990,7.765804,6.319508,6.566262
3600,82.700000,-1.479037,0.378727,0.476675,-4.231515,10.035565,2.668303,-0.390400,0.670116,0.409490,1.145801,1.347218,-2.102639,1.002105,7.825681,6.046769,6.257613
3601,82.720000,-1.642993,0.406713,0.559202,-3.608317,9.896728,2.655614,-0.086107,0.645721,0.062232,1.340699,0.116207,-1.141720,1.097702,8.206058,5.895556,5.775562
3602,82.740000,-2.041252,0.660441,0.486309,-2.329854,9.107697,2.424321,0.658145,0.632115,-0.396229,0.968160,-0.497227,0.011129,1.230762,8.397315,5.633969,4.832159
3603,82.760000,-2.589915,0.727948,0.616246,-0.719298,9.511232,2.208864,1.212236,0.614164,-0.621821,0.434802,-1.319719,0.856385,0.698491,8.805013,4.953756,3.957033
3604,82.780000,-3.197031,0.815149,0.707309,1.297068,8.971958,1.663595,1.380900,0.402553,-0.687627,-0.574842,-1.431680,1.446599,0.489329,9.181502,4.942017,3.462923
3605,82.800000,-3.911601,0.565187,0.581509,2.382950,8.775352,1.446751,1.482420,-0.102921,-0.388294,-1.528411,-1.063578,1.809335,0.476448,9.689845,5.053969,3.511013
3606,82.820000,-4.189166,0.272355,0.401437,2.520180,8.076647,1.693939,1.246706,-0.822619,0.087788,-2.769993,-0.497519,2.045649,1.002440,9.948236,4.869033,3.761709
3607,82.840000,-4.262357,-0.158148,0.308028,1.918387,7.212838,2.355488,0.816665,-1.528899,0.711570,-3.855072,0.033491,2.142293,1.857915,9.893075,4.841619,3.962046
3608,82.860000,-4.369198,-0.661157,0.127722,1.182186,6.462057,3.392766,0.349341,-2.102902,1.153551,-4.528290,0.774481,2.118962,3.173658,9.600256,4.822114,3.889482
3609,82.880000,-4.450184,-0.835306,-0.101604,0.840470,6.116331,3.990347,0.057965,-2.041069,1.273564,-4.554623,1.400393,1.983294,3.974591,8.998000,4.818615,3.539312
3610,82.900000,-4.478974,-0.669212,-0.244657,0.839686,6.225093,4.327002,0.109491,-1.768699,1.089944,-4.288435,1.781640,1.895340,3.727273,8.323820,5.127045,3.039585
3611,82.920000,-4.508267,-0.589746,-0.444386,0.269270,5.690345,4.773301,0.292178,-1.409979,1.371327,-4.139006,1.800132,1.861282,3.561231,7.412923,5.700192,2.670000
3612,82.940000,-4.728757,-0.726957,-0.592603,-0.641946,5.396218,5.073946,0.493580,-1.024733,1.675357,-3.709679,1.813656,1.425883,3.458284,6.898038,6.184205,3.036598
3613,82.960000,-4.878205,-0.793006,-0.640384,-1.469002,5.247926,5.202639,0.683578,-0.730580,1.878727,-3.104155,1.702846,0.684731,3.323636,6.570171,6.581085,3.776227
3614,82.980000,-5.034413,-0.967245,-0.711875,-2.316323,5.367460,5.377360,0.512069,-0.808419,2.015837,-2.664644,1.759395,-0.187511,3.295344,6.653665,7.314768,4.661254
3615,83.000000,-4.997842,-1.126063,-0.845820,-3.109934,5.467468,5.369522,0.088901,-0.939539,2.089248,-2.322363,1.977631,-1.078111,3.471429,6.955422,8.123034,5.644266
3616,83.020000,-4.799531,-1.204750,-0.975435,-3.871749,5.533627,5.134071,-0.439083,-1.151716,2.129569,-1.997238,2.371473,-1.929292,3.793039,7.247759,8.798058,6.465359
3617,83.040000,-4.484800,-1.170003,-1.126487,-4.406017,5.578063,4.634252,-1.017747,-1.282183,2.171991,-1.620836,2.927857,-2.992453,4.275147,7.402880,9.181735,7.060082
3618,83.060000,-4.043373,-0.996541,-1.211080,-4.820287,5.538784,3.965458,-1.679835,-1.376464,2.247361,-1.162366,3.513367,-4.067588,4.612484,7.476164,9.356800,7.391192
3619,83.080000,-3.480176,-0.651833,-1.188086,-4.949688,5.426660,2.989733,-2.174718,-1.238888,2.308150,-0.668348,4.015223,-5.060519,4.496278,7.442929,9.102401,7.493055
3620,83.100000,-2.795762,-0.339345,-1.112751,-5.170189,4.927763,1.962268,-2.718974,-1.059889,2.340985,-0.130346,4.211744,-5.470496,3.681371,7.440711,8.737504,7.535327
3621,83.120000,-2.322742,-0.036462,-0.701652,-4.853794,9.628160,1.972404,-1.889492,-0.387471,1.855654,0.303778,5.468883,-6.217923,1.675866,7.205391,7.375934,7.237512
3622,83.140000,-1.806036,0.128947,0.687760,-5.098924,11.035016,2.522886,-1.218665,-0.159840,1.580120,0.622469,3.734910,-4.602911,0.151660,6.193390,5.995233,7.195414
