inference_index,sim_time,render_frame_id,width,height,file
1,10.720000,0,0,0,
2,10.740000,1,1920,1080,render_frames/render_00000001.jpg
3,10.760000,1,1920,1080,render_frames/render_00000001.jpg
4,10.780000,2,1920,1080,render_frames/render_00000002.jpg
5,10.800000,3,1920,1080,render_frames/render_00000003.jpg
6,10.820000,5,1920,1080,render_frames/render_00000005.jpg
7,10.840000,6,1920,1080,render_frames/render_00000006.jpg
8,10.860000,7,1920,1080,render_frames/render_00000007.jpg
9,10.880000,8,1920,1080,render_frames/render_00000008.jpg
10,10.900000,9,1920,1080,render_frames/render_00000009.jpg
11,10.920000,11,1920,1080,render_frames/render_00000011.jpg
12,10.940000,12,1920,1080,render_frames/render_00000012.jpg
13,10.960000,13,1920,1080,render_frames/render_00000013.jpg
14,10.980000,14,1920,1080,render_frames/render_00000014.jpg
15,11.000000,15,1920,1080,render_frames/render_00000015.jpg
16,11.020000,17,1920,1080,render_frames/render_00000017.jpg
17,11.040000,18,1920,1080,render_frames/render_00000018.jpg
18,11.060000,19,1920,1080,render_frames/render_00000019.jpg
19,11.080000,20,1920,1080,render_frames/render_00000020.jpg
20,11.100000,22,1920,1080,render_frames/render_00000022.jpg
21,11.120000,23,1920,1080,render_frames/render_00000023.jpg
22,11.140000,24,1920,1080,render_frames/render_00000024.jpg
23,11.160000,25,1920,1080,render_frames/render_00000025.jpg
24,11.180000,26,1920,1080,render_frames/render_00000026.jpg
25,11.200000,27,1920,1080,render_frames/render_00000027.jpg
26,11.220000,29,1920,1080,render_frames/render_00000029.jpg
27,11.240000,30,1920,1080,render_frames/render_00000030.jpg
28,11.260000,31,1920,1080,render_frames/render_00000031.jpg
29,11.280000,32,1920,1080,render_frames/render_00000032.jpg
30,11.300000,33,1920,1080,render_frames/render_00000033.jpg
31,11.320000,35,1920,1080,render_frames/render_00000035.jpg
32,11.340000,36,1920,1080,render_frames/render_00000036.jpg
33,11.360000,37,1920,1080,render_frames/render_00000037.jpg
34,11.380000,38,1920,1080,render_frames/render_00000038.jpg
35,11.400000,40,1920,1080,render_frames/render_00000040.jpg
36,11.420000,41,1920,1080,render_frames/render_00000041.jpg
37,11.440000,42,1920,1080,render_frames/render_00000042.jpg
38,11.460000,43,1920,1080,render_frames/render_00000043.jpg
39,11.480000,44,1920,1080,render_frames/render_00000044.jpg
40,11.500000,46,1920,1080,render_frames/render_00000046.jpg
41,11.520000,47,1920,1080,render_frames/render_00000047.jpg
42,11.540000,48,1920,1080,render_frames/render_00000048.jpg
43,11.560000,49,1920,1080,render_frames/render_00000049.jpg
44,11.580000,50,1920,1080,render_frames/render_00000050.jpg
45,11.600000,52,1920,1080,render_frames/render_00000052.jpg
46,11.620000,53,1920,1080,render_frames/render_00000053.jpg
47,11.640000,54,1920,1080,render_frames/render_00000054.jpg
48,11.660000,55,1920,1080,render_frames/render_00000055.jpg
49,11.680000,56,1920,1080,render_frames/render_00000056.jpg
50,11.700000,58,1920,1080,render_frames/render_00000058.jpg
51,11.720000,59,1920,1080,render_frames/render_00000059.jpg
52,11.740000,60,1920,1080,render_frames/render_00000060.jpg
53,11.760000,61,1920,1080,render_frames/render_00000061.jpg
54,11.780000,63,1920,1080,render_frames/render_00000063.jpg
55,11.800000,64,1920,1080,render_frames/render_00000064.jpg
56,11.820000,65,1920,1080,render_frames/render_00000065.jpg
57,11.840000,66,1920,1080,render_frames/render_00000066.jpg
58,11.860000,67,1920,1080,render_frames/render_00000067.jpg
59,11.880000,68,1920,1080,render_frames/render_00000068.jpg
60,11.900000,70,1920,1080,render_frames/render_00000070.jpg
61,11.920000,71,1920,1080,render_frames/render_00000071.jpg
62,11.940000,72,1920,1080,render_frames/render_00000072.jpg
63,11.960000,73,1920,1080,render_frames/render_00000073.jpg
64,11.980000,75,1920,1080,render_frames/render_00000075.jpg
65,12.000000,76,1920,1080,render_frames/render_00000076.jpg
66,12.020000,77,1920,1080,render_frames/render_00000077.jpg
67,12.040000,78,1920,1080,render_frames/render_00000078.jpg
68,12.060000,79,1920,1080,render_frames/render_00000079.jpg
69,12.080000,81,1920,1080,render_frames/render_00000081.jpg
70,12.100000,82,1920,1080,render_frames/render_00000082.jpg
71,12.120000,83,1920,1080,render_frames/render_00000083.jpg
72,12.140000,84,1920,1080,render_frames/render_00000084.jpg
73,12.160000,85,1920,1080,render_frames/render_00000085.jpg
74,12.180000,87,1920,1080,render_frames/render_00000087.jpg
75,12.200000,88,1920,1080,render_frames/render_00000088.jpg
76,12.220000,89,1920,1080,render_frames/render_00000089.jpg
77,12.240000,90,1920,1080,render_frames/render_00000090.jpg
78,12.260000,91,1920,1080,render_frames/render_00000091.jpg
79,12.280000,93,1920,1080,render_frames/render_00000093.jpg
80,12.300000,94,1920,1080,render_frames/render_00000094.jpg
81,12.320000,95,1920,1080,render_frames/render_00000095.jpg
82,12.340000,96,1920,1080,render_frames/render_00000096.jpg
83,12.360000,97,1920,1080,render_frames/render_00000097.jpg
84,12.380000,99,1920,1080,render_frames/render_00000099.jpg
85,12.400000,100,1920,1080,render_frames/render_00000100.jpg
86,12.420000,101,1920,1080,render_frames/render_00000101.jpg
87,12.440000,102,1920,1080,render_frames/render_00000102.jpg
88,12.460000,103,1920,1080,render_frames/render_00000103.jpg
89,12.480000,105,1920,1080,render_frames/render_00000105.jpg
90,12.500000,106,1920,1080,render_frames/render_00000106.jpg
91,12.520000,107,1920,1080,render_frames/render_00000107.jpg
92,12.540000,108,1920,1080,render_frames/render_00000108.jpg
93,12.560000,109,1920,1080,render_frames/render_00000109.jpg
94,12.580000,111,1920,1080,render_frames/render_00000111.jpg
95,12.600000,112,1920,1080,render_frames/render_00000112.jpg
96,12.620000,113,1920,1080,render_frames/render_00000113.jpg
97,12.640000,114,1920,1080,render_frames/render_00000114.jpg
98,12.660000,115,1920,1080,render_frames/render_00000115.jpg
99,12.680000,117,1920,1080,render_frames/render_00000117.jpg
100,12.700000,118,1920,1080,render_frames/render_00000118.jpg
101,12.720000,119,1920,1080,render_frames/render_00000119.jpg
102,12.740000,120,1920,1080,render_frames/render_00000120.jpg
103,12.760000,121,1920,1080,render_frames/render_00000121.jpg
104,12.780000,123,1920,1080,render_frames/render_00000123.jpg
105,12.800000,124,1920,1080,render_frames/render_00000124.jpg
106,12.820000,125,1920,1080,render_frames/render_00000125.jpg
107,12.840000,126,1920,1080,render_frames/render_00000126.jpg
108,12.860000,127,1920,1080,render_frames/render_00000127.jpg
109,12.880000,129,1920,1080,render_frames/render_00000129.jpg
110,12.900000,130,1920,1080,render_frames/render_00000130.jpg
111,12.920000,131,1920,1080,render_frames/render_00000131.jpg
112,12.940000,132,1920,1080,render_frames/render_00000132.jpg
113,12.960000,133,1920,1080,render_frames/render_00000133.jpg
114,12.980000,135,1920,1080,render_frames/render_00000135.jpg
115,13.000000,136,1920,1080,render_frames/render_00000136.jpg
116,13.020000,137,1920,1080,render_frames/render_00000137.jpg
117,13.040000,138,1920,1080,render_frames/render_00000138.jpg
118,13.060000,140,1920,1080,render_frames/render_00000140.jpg
119,13.080000,141,1920,1080,render_frames/render_00000141.jpg
120,13.100000,142,1920,1080,render_frames/render_00000142.jpg
121,13.120000,143,1920,1080,render_frames/render_00000143.jpg
122,13.140000,144,1920,1080,render_frames/render_00000144.jpg
123,13.160000,146,1920,1080,render_frames/render_00000146.jpg
124,13.180000,147,1920,1080,render_frames/render_00000147.jpg
125,13.200000,148,1920,1080,render_frames/render_00000148.jpg
126,13.220000,149,1920,1080,render_frames/render_00000149.jpg
127,13.240000,150,1920,1080,render_frames/render_00000150.jpg
128,13.260000,152,1920,1080,render_frames/render_00000152.jpg
129,13.280000,153,1920,1080,render_frames/render_00000153.jpg
130,13.300000,154,1920,1080,render_frames/render_00000154.jpg
131,13.320000,155,1920,1080,render_frames/render_00000155.jpg
132,13.340000,156,1920,1080,render_frames/render_00000156.jpg
133,13.360000,158,1920,1080,render_frames/render_00000158.jpg
134,13.380000,159,1920,1080,render_frames/render_00000159.jpg
135,13.400000,160,1920,1080,render_frames/render_00000160.jpg
136,13.420000,161,1920,1080,render_frames/render_00000161.jpg
137,13.440000,162,1920,1080,render_frames/render_00000162.jpg
138,13.460000,164,1920,1080,render_frames/render_00000164.jpg
139,13.480000,165,1920,1080,render_frames/render_00000165.jpg
140,13.500000,166,1920,1080,render_frames/render_00000166.jpg
141,13.520000,167,1920,1080,render_frames/render_00000167.jpg
142,13.540000,168,1920,1080,render_frames/render_00000168.jpg
143,13.560000,170,1920,1080,render_frames/render_00000170.jpg
144,13.580000,171,1920,1080,render_frames/render_00000171.jpg
145,13.600000,172,1920,1080,render_frames/render_00000172.jpg
146,13.620000,173,1920,1080,render_frames/render_00000173.jpg
147,13.640000,174,1920,1080,render_frames/render_00000174.jpg
148,13.660000,176,1920,1080,render_frames/render_00000176.jpg
149,13.680000,177,1920,1080,render_frames/render_00000177.jpg
150,13.700000,178,1920,1080,render_frames/render_00000178.jpg
151,13.720000,179,1920,1080,render_frames/render_00000179.jpg
152,13.740000,180,1920,1080,render_frames/render_00000180.jpg
153,13.760000,182,1920,1080,render_frames/render_00000182.jpg
154,13.780000,183,1920,1080,render_frames/render_00000183.jpg
155,13.800000,184,1920,1080,render_frames/render_00000184.jpg
156,13.820000,185,1920,1080,render_frames/render_00000185.jpg
157,13.840000,186,1920,1080,render_frames/render_00000186.jpg
158,13.860000,188,1920,1080,render_frames/render_00000188.jpg
159,13.880000,189,1920,1080,render_frames/render_00000189.jpg
160,13.900000,190,1920,1080,render_frames/render_00000190.jpg
161,13.920000,191,1920,1080,render_frames/render_00000191.jpg
162,13.940000,192,1920,1080,render_frames/render_00000192.jpg
163,13.960000,194,1920,1080,render_frames/render_00000194.jpg
164,13.980000,195,1920,1080,render_frames/render_00000195.jpg
165,14.000000,196,1920,1080,render_frames/render_00000196.jpg
166,14.020000,197,1920,1080,render_frames/render_00000197.jpg
167,14.040000,198,1920,1080,render_frames/render_00000198.jpg
168,14.060000,199,1920,1080,render_frames/render_00000199.jpg
169,14.080000,200,1920,1080,render_frames/render_00000200.jpg
170,14.100000,202,1920,1080,render_frames/render_00000202.jpg
171,14.120000,203,1920,1080,render_frames/render_00000203.jpg
172,14.140000,204,1920,1080,render_frames/render_00000204.jpg
173,14.160000,206,1920,1080,render_frames/render_00000206.jpg
174,14.180000,207,1920,1080,render_frames/render_00000207.jpg
175,14.200000,208,1920,1080,render_frames/render_00000208.jpg
176,14.220000,209,1920,1080,render_frames/render_00000209.jpg
177,14.240000,211,1920,1080,render_frames/render_00000211.jpg
178,14.260000,212,1920,1080,render_frames/render_00000212.jpg
179,14.280000,213,1920,1080,render_frames/render_00000213.jpg
180,14.300000,214,1920,1080,render_frames/render_00000214.jpg
181,14.320000,215,1920,1080,render_frames/render_00000215.jpg
182,14.340000,217,1920,1080,render_frames/render_00000217.jpg
183,14.360000,218,1920,1080,render_frames/render_00000218.jpg
184,14.380000,219,1920,1080,render_frames/render_00000219.jpg
185,14.400000,220,1920,1080,render_frames/render_00000220.jpg
186,14.420000,221,1920,1080,render_frames/render_00000221.jpg
187,14.440000,223,1920,1080,render_frames/render_00000223.jpg
188,14.460000,224,1920,1080,render_frames/render_00000224.jpg
189,14.480000,225,1920,1080,render_frames/render_00000225.jpg
190,14.500000,226,1920,1080,render_frames/render_00000226.jpg
191,14.520000,227,1920,1080,render_frames/render_00000227.jpg
192,14.540000,229,1920,1080,render_frames/render_00000229.jpg
193,14.560000,230,1920,1080,render_frames/render_00000230.jpg
194,14.580000,231,1920,1080,render_frames/render_00000231.jpg
195,14.600000,232,1920,1080,render_frames/render_00000232.jpg
196,14.620000,233,1920,1080,render_frames/render_00000233.jpg
197,14.640000,235,1920,1080,render_frames/render_00000235.jpg
198,14.660000,236,1920,1080,render_frames/render_00000236.jpg
199,14.680000,237,1920,1080,render_frames/render_00000237.jpg
200,14.700000,238,1920,1080,render_frames/render_00000238.jpg
201,14.720000,239,1920,1080,render_frames/render_00000239.jpg
202,14.740000,241,1920,1080,render_frames/render_00000241.jpg
203,14.760000,242,1920,1080,render_frames/render_00000242.jpg
204,14.780000,243,1920,1080,render_frames/render_00000243.jpg
205,14.800000,244,1920,1080,render_frames/render_00000244.jpg
206,14.820000,245,1920,1080,render_frames/render_00000245.jpg
207,14.840000,247,1920,1080,render_frames/render_00000247.jpg
208,14.860000,248,1920,1080,render_frames/render_00000248.jpg
209,14.880000,249,1920,1080,render_frames/render_00000249.jpg
210,14.900000,250,1920,1080,render_frames/render_00000250.jpg
211,14.920000,251,1920,1080,render_frames/render_00000251.jpg
212,14.940000,253,1920,1080,render_frames/render_00000253.jpg
213,14.960000,254,1920,1080,render_frames/render_00000254.jpg
214,14.980000,255,1920,1080,render_frames/render_00000255.jpg
215,15.000000,256,1920,1080,render_frames/render_00000256.jpg
216,15.020000,257,1920,1080,render_frames/render_00000257.jpg
217,15.040000,259,1920,1080,render_frames/render_00000259.jpg
218,15.060000,260,1920,1080,render_frames/render_00000260.jpg
219,15.080000,261,1920,1080,render_frames/render_00000261.jpg
220,15.100000,262,1920,1080,render_frames/render_00000262.jpg
221,15.120000,263,1920,1080,render_frames/render_00000263.jpg
222,15.140000,265,1920,1080,render_frames/render_00000265.jpg
223,15.160000,266,1920,1080,render_frames/render_00000266.jpg
224,15.180000,267,1920,1080,render_frames/render_00000267.jpg
225,15.200000,268,1920,1080,render_frames/render_00000268.jpg
226,15.220000,270,1920,1080,render_frames/render_00000270.jpg
227,15.240000,271,1920,1080,render_frames/render_00000271.jpg
228,15.260000,272,1920,1080,render_frames/render_00000272.jpg
229,15.280000,273,1920,1080,render_frames/render_00000273.jpg
230,15.300000,274,1920,1080,render_frames/render_00000274.jpg
231,15.320000,276,1920,1080,render_frames/render_00000276.jpg
232,15.340000,277,1920,1080,render_frames/render_00000277.jpg
233,15.360000,278,1920,1080,render_frames/render_00000278.jpg
234,15.380000,279,1920,1080,render_frames/render_00000279.jpg
235,15.400000,280,1920,1080,render_frames/render_00000280.jpg
236,15.420000,282,1920,1080,render_frames/render_00000282.jpg
237,15.440000,283,1920,1080,render_frames/render_00000283.jpg
238,15.460000,284,1920,1080,render_frames/render_00000284.jpg
239,15.480000,285,1920,1080,render_frames/render_00000285.jpg
240,15.500000,286,1920,1080,render_frames/render_00000286.jpg
241,15.520000,288,1920,1080,render_frames/render_00000288.jpg
242,15.540000,289,1920,1080,render_frames/render_00000289.jpg
243,15.560000,290,1920,1080,render_frames/render_00000290.jpg
244,15.580000,291,1920,1080,render_frames/render_00000291.jpg
245,15.600000,292,1920,1080,render_frames/render_00000292.jpg
246,15.620000,294,1920,1080,render_frames/render_00000294.jpg
247,15.640000,295,1920,1080,render_frames/render_00000295.jpg
248,15.660000,296,1920,1080,render_frames/render_00000296.jpg
249,15.680000,297,1920,1080,render_frames/render_00000297.jpg
250,15.700000,298,1920,1080,render_frames/render_00000298.jpg
251,15.720000,300,1920,1080,render_frames/render_00000300.jpg
252,15.740000,301,1920,1080,render_frames/render_00000301.jpg
253,15.760000,302,1920,1080,render_frames/render_00000302.jpg
254,15.780000,303,1920,1080,render_frames/render_00000303.jpg
255,15.800000,305,1920,1080,render_frames/render_00000305.jpg
256,15.820000,306,1920,1080,render_frames/render_00000306.jpg
257,15.840000,307,1920,1080,render_frames/render_00000307.jpg
258,15.860000,308,1920,1080,render_frames/render_00000308.jpg
259,15.880000,309,1920,1080,render_frames/render_00000309.jpg
260,15.900000,311,1920,1080,render_frames/render_00000311.jpg
261,15.920000,312,1920,1080,render_frames/render_00000312.jpg
262,15.940000,313,1920,1080,render_frames/render_00000313.jpg
263,15.960000,314,1920,1080,render_frames/render_00000314.jpg
264,15.980000,315,1920,1080,render_frames/render_00000315.jpg
265,16.000000,317,1920,1080,render_frames/render_00000317.jpg
266,16.020000,318,1920,1080,render_frames/render_00000318.jpg
267,16.040000,319,1920,1080,render_frames/render_00000319.jpg
268,16.060000,320,1920,1080,render_frames/render_00000320.jpg
269,16.080000,321,1920,1080,render_frames/render_00000321.jpg
270,16.100000,323,1920,1080,render_frames/render_00000323.jpg
271,16.120000,324,1920,1080,render_frames/render_00000324.jpg
272,16.140000,325,1920,1080,render_frames/render_00000325.jpg
273,16.160000,326,1920,1080,render_frames/render_00000326.jpg
274,16.180000,327,1920,1080,render_frames/render_00000327.jpg
275,16.200000,329,1920,1080,render_frames/render_00000329.jpg
276,16.220000,330,1920,1080,render_frames/render_00000330.jpg
277,16.240000,331,1920,1080,render_frames/render_00000331.jpg
278,16.260000,332,1920,1080,render_frames/render_00000332.jpg
279,16.280000,333,1920,1080,render_frames/render_00000333.jpg
280,16.300000,335,1920,1080,render_frames/render_00000335.jpg
281,16.320000,336,1920,1080,render_frames/render_00000336.jpg
282,16.340000,337,1920,1080,render_frames/render_00000337.jpg
283,16.360000,338,1920,1080,render_frames/render_00000338.jpg
284,16.380000,339,1920,1080,render_frames/render_00000339.jpg
285,16.400000,341,1920,1080,render_frames/render_00000341.jpg
286,16.420000,342,1920,1080,render_frames/render_00000342.jpg
287,16.440000,343,1920,1080,render_frames/render_00000343.jpg
288,16.460000,344,1920,1080,render_frames/render_00000344.jpg
289,16.480000,345,1920,1080,render_frames/render_00000345.jpg
290,16.500000,347,1920,1080,render_frames/render_00000347.jpg
291,16.520000,348,1920,1080,render_frames/render_00000348.jpg
292,16.540000,349,1920,1080,render_frames/render_00000349.jpg
293,16.560000,350,1920,1080,render_frames/render_00000350.jpg
294,16.580000,351,1920,1080,render_frames/render_00000351.jpg
295,16.600000,353,1920,1080,render_frames/render_00000353.jpg
296,16.620000,354,1920,1080,render_frames/render_00000354.jpg
297,16.640000,355,1920,1080,render_frames/render_00000355.jpg
298,16.660000,356,1920,1080,render_frames/render_00000356.jpg
299,16.680000,357,1920,1080,render_frames/render_00000357.jpg
300,16.700000,359,1920,1080,render_frames/render_00000359.jpg
301,16.720000,360,1920,1080,render_frames/render_00000360.jpg
302,16.740000,361,1920,1080,render_frames/render_00000361.jpg
303,16.760000,362,1920,1080,render_frames/render_00000362.jpg
304,16.780000,363,1920,1080,render_frames/render_00000363.jpg
305,16.800000,365,1920,1080,render_frames/render_00000365.jpg
306,16.820000,366,1920,1080,render_frames/render_00000366.jpg
307,16.840000,367,1920,1080,render_frames/render_00000367.jpg
308,16.860000,368,1920,1080,render_frames/render_00000368.jpg
309,16.880000,369,1920,1080,render_frames/render_00000369.jpg
310,16.900000,371,1920,1080,render_frames/render_00000371.jpg
311,16.920000,372,1920,1080,render_frames/render_00000372.jpg
312,16.940000,373,1920,1080,render_frames/render_00000373.jpg
313,16.960000,374,1920,1080,render_frames/render_00000374.jpg
314,16.980000,376,1920,1080,render_frames/render_00000376.jpg
315,17.000000,377,1920,1080,render_frames/render_00000377.jpg
316,17.020000,378,1920,1080,render_frames/render_00000378.jpg
317,17.040000,379,1920,1080,render_frames/render_00000379.jpg
318,17.060000,380,1920,1080,render_frames/render_00000380.jpg
319,17.080000,382,1920,1080,render_frames/render_00000382.jpg
320,17.100000,383,1920,1080,render_frames/render_00000383.jpg
321,17.120000,384,1920,1080,render_frames/render_00000384.jpg
322,17.140000,385,1920,1080,render_frames/render_00000385.jpg
323,17.160000,386,1920,1080,render_frames/render_00000386.jpg
324,17.180000,388,1920,1080,render_frames/render_00000388.jpg
325,17.200000,389,1920,1080,render_frames/render_00000389.jpg
326,17.220000,390,1920,1080,render_frames/render_00000390.jpg
327,17.240000,391,1920,1080,render_frames/render_00000391.jpg
328,17.260000,392,1920,1080,render_frames/render_00000392.jpg
329,17.280000,394,1920,1080,render_frames/render_00000394.jpg
330,17.300000,395,1920,1080,render_frames/render_00000395.jpg
331,17.320000,396,1920,1080,render_frames/render_00000396.jpg
332,17.340000,397,1920,1080,render_frames/render_00000397.jpg
333,17.360000,398,1920,1080,render_frames/render_00000398.jpg
334,17.380000,400,1920,1080,render_frames/render_00000400.jpg
335,17.400000,401,1920,1080,render_frames/render_00000401.jpg
336,17.420000,402,1920,1080,render_frames/render_00000402.jpg
337,17.440000,403,1920,1080,render_frames/render_00000403.jpg
338,17.460000,404,1920,1080,render_frames/render_00000404.jpg
339,17.480000,406,1920,1080,render_frames/render_00000406.jpg
340,17.500000,407,1920,1080,render_frames/render_00000407.jpg
341,17.520000,408,1920,1080,render_frames/render_00000408.jpg
342,17.540000,409,1920,1080,render_frames/render_00000409.jpg
343,17.560000,411,1920,1080,render_frames/render_00000411.jpg
344,17.580000,412,1920,1080,render_frames/render_00000412.jpg
345,17.600000,413,1920,1080,render_frames/render_00000413.jpg
346,17.620000,414,1920,1080,render_frames/render_00000414.jpg
347,17.640000,415,1920,1080,render_frames/render_00000415.jpg
348,17.660000,416,1920,1080,render_frames/render_00000416.jpg
349,17.680000,418,1920,1080,render_frames/render_00000418.jpg
350,17.700000,419,1920,1080,render_frames/render_00000419.jpg
351,17.720000,420,1920,1080,render_frames/render_00000420.jpg
352,17.740000,421,1920,1080,render_frames/render_00000421.jpg
353,17.760000,423,1920,1080,render_frames/render_00000423.jpg
354,17.780000,424,1920,1080,render_frames/render_00000424.jpg
355,17.800000,425,1920,1080,render_frames/render_00000425.jpg
356,17.820000,426,1920,1080,render_frames/render_00000426.jpg
357,17.840000,427,1920,1080,render_frames/render_00000427.jpg
358,17.860000,428,1920,1080,render_frames/render_00000428.jpg
359,17.880000,429,1920,1080,render_frames/render_00000429.jpg
360,17.900000,430,1920,1080,render_frames/render_00000430.jpg
361,17.920000,431,1920,1080,render_frames/render_00000431.jpg
362,17.940000,432,1920,1080,render_frames/render_00000432.jpg
363,17.960000,434,1920,1080,render_frames/render_00000434.jpg
364,17.980000,435,1920,1080,render_frames/render_00000435.jpg
365,18.000000,436,1920,1080,render_frames/render_00000436.jpg
366,18.020000,437,1920,1080,render_frames/render_00000437.jpg
367,18.040000,438,1920,1080,render_frames/render_00000438.jpg
368,18.060000,440,1920,1080,render_frames/render_00000440.jpg
369,18.080000,441,1920,1080,render_frames/render_00000441.jpg
370,18.100000,442,1920,1080,render_frames/render_00000442.jpg
371,18.120000,443,1920,1080,render_frames/render_00000443.jpg
372,18.140000,444,1920,1080,render_frames/render_00000444.jpg
373,18.160000,446,1920,1080,render_frames/render_00000446.jpg
374,18.180000,447,1920,1080,render_frames/render_00000447.jpg
375,18.200000,448,1920,1080,render_frames/render_00000448.jpg
376,18.220000,449,1920,1080,render_frames/render_00000449.jpg
377,18.240000,450,1920,1080,render_frames/render_00000450.jpg
378,18.260000,452,1920,1080,render_frames/render_00000452.jpg
379,18.280000,453,1920,1080,render_frames/render_00000453.jpg
380,18.300000,454,1920,1080,render_frames/render_00000454.jpg
381,18.320000,455,1920,1080,render_frames/render_00000455.jpg
382,18.340000,456,1920,1080,render_frames/render_00000456.jpg
383,18.360000,458,1920,1080,render_frames/render_00000458.jpg
384,18.380000,459,1920,1080,render_frames/render_00000459.jpg
385,18.400000,460,1920,1080,render_frames/render_00000460.jpg
386,18.420000,461,1920,1080,render_frames/render_00000461.jpg
387,18.440000,463,1920,1080,render_frames/render_00000463.jpg
388,18.460000,464,1920,1080,render_frames/render_00000464.jpg
389,18.480000,465,1920,1080,render_frames/render_00000465.jpg
390,18.500000,466,1920,1080,render_frames/render_00000466.jpg
391,18.520000,467,1920,1080,render_frames/render_00000467.jpg
392,18.540000,469,1920,1080,render_frames/render_00000469.jpg
393,18.560000,470,1920,1080,render_frames/render_00000470.jpg
394,18.580000,471,1920,1080,render_frames/render_00000471.jpg
395,18.600000,472,1920,1080,render_frames/render_00000472.jpg
396,18.620000,473,1920,1080,render_frames/render_00000473.jpg
397,18.640000,475,1920,1080,render_frames/render_00000475.jpg
398,18.660000,476,1920,1080,render_frames/render_00000476.jpg
399,18.680000,477,1920,1080,render_frames/render_00000477.jpg
400,18.700000,478,1920,1080,render_frames/render_00000478.jpg
401,18.720000,479,1920,1080,render_frames/render_00000479.jpg
402,18.740000,481,1920,1080,render_frames/render_00000481.jpg
403,18.760000,482,1920,1080,render_frames/render_00000482.jpg
404,18.780000,483,1920,1080,render_frames/render_00000483.jpg
405,18.800000,484,1920,1080,render_frames/render_00000484.jpg
406,18.820000,485,1920,1080,render_frames/render_00000485.jpg
407,18.840000,487,1920,1080,render_frames/render_00000487.jpg
408,18.860000,488,1920,1080,render_frames/render_00000488.jpg
409,18.880000,489,1920,1080,render_frames/render_00000489.jpg
410,18.900000,490,1920,1080,render_frames/render_00000490.jpg
411,18.920000,491,1920,1080,render_frames/render_00000491.jpg
412,18.940000,493,1920,1080,render_frames/render_00000493.jpg
413,18.960000,494,1920,1080,render_frames/render_00000494.jpg
414,18.980000,495,1920,1080,render_frames/render_00000495.jpg
415,19.000000,496,1920,1080,render_frames/render_00000496.jpg
416,19.020000,497,1920,1080,render_frames/render_00000497.jpg
417,19.040000,499,1920,1080,render_frames/render_00000499.jpg
418,19.060000,500,1920,1080,render_frames/render_00000500.jpg
419,19.080000,501,1920,1080,render_frames/render_00000501.jpg
420,19.100000,502,1920,1080,render_frames/render_00000502.jpg
421,19.120000,504,1920,1080,render_frames/render_00000504.jpg
422,19.140000,505,1920,1080,render_frames/render_00000505.jpg
423,19.160000,506,1920,1080,render_frames/render_00000506.jpg
424,19.180000,507,1920,1080,render_frames/render_00000507.jpg
425,19.200000,508,1920,1080,render_frames/render_00000508.jpg
426,19.220000,510,1920,1080,render_frames/render_00000510.jpg
427,19.240000,510,1920,1080,render_frames/render_00000510.jpg
428,19.260000,512,1920,1080,render_frames/render_00000512.jpg
429,19.280000,513,1920,1080,render_frames/render_00000513.jpg
430,19.300000,515,1920,1080,render_frames/render_00000515.jpg
431,19.320000,516,1920,1080,render_frames/render_00000516.jpg
432,19.340000,517,1920,1080,render_frames/render_00000517.jpg
433,19.360000,518,1920,1080,render_frames/render_00000518.jpg
434,19.380000,519,1920,1080,render_frames/render_00000519.jpg
435,19.400000,521,1920,1080,render_frames/render_00000521.jpg
436,19.420000,522,1920,1080,render_frames/render_00000522.jpg
437,19.440000,523,1920,1080,render_frames/render_00000523.jpg
438,19.460000,524,1920,1080,render_frames/render_00000524.jpg
439,19.480000,525,1920,1080,render_frames/render_00000525.jpg
440,19.500000,527,1920,1080,render_frames/render_00000527.jpg
441,19.520000,528,1920,1080,render_frames/render_00000528.jpg
442,19.540000,529,1920,1080,render_frames/render_00000529.jpg
443,19.560000,530,1920,1080,render_frames/render_00000530.jpg
444,19.580000,531,1920,1080,render_frames/render_00000531.jpg
445,19.600000,533,1920,1080,render_frames/render_00000533.jpg
446,19.620000,534,1920,1080,render_frames/render_00000534.jpg
447,19.640000,535,1920,1080,render_frames/render_00000535.jpg
448,19.660000,536,1920,1080,render_frames/render_00000536.jpg
449,19.680000,537,1920,1080,render_frames/render_00000537.jpg
450,19.700000,539,1920,1080,render_frames/render_00000539.jpg
451,19.720000,540,1920,1080,render_frames/render_00000540.jpg
452,19.740000,541,1920,1080,render_frames/render_00000541.jpg
453,19.760000,542,1920,1080,render_frames/render_00000542.jpg
454,19.780000,543,1920,1080,render_frames/render_00000543.jpg
455,19.800000,545,1920,1080,render_frames/render_00000545.jpg
456,19.820000,546,1920,1080,render_frames/render_00000546.jpg
457,19.840000,547,1920,1080,render_frames/render_00000547.jpg
458,19.860000,548,1920,1080,render_frames/render_00000548.jpg
459,19.880000,549,1920,1080,render_frames/render_00000549.jpg
460,19.900000,551,1920,1080,render_frames/render_00000551.jpg
461,19.920000,552,1920,1080,render_frames/render_00000552.jpg
462,19.940000,553,1920,1080,render_frames/render_00000553.jpg
463,19.960000,554,1920,1080,render_frames/render_00000554.jpg
464,19.980000,555,1920,1080,render_frames/render_00000555.jpg
465,20.000000,557,1920,1080,render_frames/render_00000557.jpg
466,20.020000,558,1920,1080,render_frames/render_00000558.jpg
467,20.040000,559,1920,1080,render_frames/render_00000559.jpg
468,20.060000,560,1920,1080,render_frames/render_00000560.jpg
469,20.080000,561,1920,1080,render_frames/render_00000561.jpg
470,20.100000,563,1920,1080,render_frames/render_00000563.jpg
471,20.120000,564,1920,1080,render_frames/render_00000564.jpg
472,20.140000,565,1920,1080,render_frames/render_00000565.jpg
473,20.160000,566,1920,1080,render_frames/render_00000566.jpg
474,20.180000,567,1920,1080,render_frames/render_00000567.jpg
475,20.200000,569,1920,1080,render_frames/render_00000569.jpg
476,20.220000,570,1920,1080,render_frames/render_00000570.jpg
477,20.240000,571,1920,1080,render_frames/render_00000571.jpg
478,20.260000,572,1920,1080,render_frames/render_00000572.jpg
479,20.280000,573,1920,1080,render_frames/render_00000573.jpg
480,20.300000,575,1920,1080,render_frames/render_00000575.jpg
481,20.320000,576,1920,1080,render_frames/render_00000576.jpg
482,20.340000,577,1920,1080,render_frames/render_00000577.jpg
483,20.360000,578,1920,1080,render_frames/render_00000578.jpg
484,20.380000,580,1920,1080,render_frames/render_00000580.jpg
485,20.400000,581,1920,1080,render_frames/render_00000581.jpg
486,20.420000,582,1920,1080,render_frames/render_00000582.jpg
487,20.440000,583,1920,1080,render_frames/render_00000583.jpg
488,20.460000,584,1920,1080,render_frames/render_00000584.jpg
489,20.480000,586,1920,1080,render_frames/render_00000586.jpg
490,20.500000,587,1920,1080,render_frames/render_00000587.jpg
491,20.520000,588,1920,1080,render_frames/render_00000588.jpg
492,20.540000,589,1920,1080,render_frames/render_00000589.jpg
493,20.560000,591,1920,1080,render_frames/render_00000591.jpg
494,20.580000,592,1920,1080,render_frames/render_00000592.jpg
495,20.600000,593,1920,1080,render_frames/render_00000593.jpg
496,20.620000,594,1920,1080,render_frames/render_00000594.jpg
497,20.640000,595,1920,1080,render_frames/render_00000595.jpg
498,20.660000,597,1920,1080,render_frames/render_00000597.jpg
499,20.680000,598,1920,1080,render_frames/render_00000598.jpg
500,20.700000,599,1920,1080,render_frames/render_00000599.jpg
501,20.720000,600,1920,1080,render_frames/render_00000600.jpg
502,20.740000,601,1920,1080,render_frames/render_00000601.jpg
503,20.760000,603,1920,1080,render_frames/render_00000603.jpg
504,20.780000,604,1920,1080,render_frames/render_00000604.jpg
505,20.800000,605,1920,1080,render_frames/render_00000605.jpg
506,20.820000,606,1920,1080,render_frames/render_00000606.jpg
507,20.840000,607,1920,1080,render_frames/render_00000607.jpg
508,20.860000,609,1920,1080,render_frames/render_00000609.jpg
509,20.880000,610,1920,1080,render_frames/render_00000610.jpg
510,20.900000,611,1920,1080,render_frames/render_00000611.jpg
511,20.920000,612,1920,1080,render_frames/render_00000612.jpg
512,20.940000,613,1920,1080,render_frames/render_00000613.jpg
513,20.960000,615,1920,1080,render_frames/render_00000615.jpg
514,20.980000,616,1920,1080,render_frames/render_00000616.jpg
515,21.000000,617,1920,1080,render_frames/render_00000617.jpg
516,21.020000,618,1920,1080,render_frames/render_00000618.jpg
517,21.040000,619,1920,1080,render_frames/render_00000619.jpg
518,21.060000,621,1920,1080,render_frames/render_00000621.jpg
519,21.080000,622,1920,1080,render_frames/render_00000622.jpg
520,21.100000,623,1920,1080,render_frames/render_00000623.jpg
521,21.120000,624,1920,1080,render_frames/render_00000624.jpg
522,21.140000,625,1920,1080,render_frames/render_00000625.jpg
523,21.160000,627,1920,1080,render_frames/render_00000627.jpg
524,21.180000,628,1920,1080,render_frames/render_00000628.jpg
525,21.200000,629,1920,1080,render_frames/render_00000629.jpg
526,21.220000,630,1920,1080,render_frames/render_00000630.jpg
527,21.240000,631,1920,1080,render_frames/render_00000631.jpg
528,21.260000,633,1920,1080,render_frames/render_00000633.jpg
529,21.280000,634,1920,1080,render_frames/render_00000634.jpg
530,21.300000,635,1920,1080,render_frames/render_00000635.jpg
531,21.320000,636,1920,1080,render_frames/render_00000636.jpg
532,21.340000,637,1920,1080,render_frames/render_00000637.jpg
533,21.360000,639,1920,1080,render_frames/render_00000639.jpg
534,21.380000,640,1920,1080,render_frames/render_00000640.jpg
535,21.400000,641,1920,1080,render_frames/render_00000641.jpg
536,21.420000,642,1920,1080,render_frames/render_00000642.jpg
537,21.440000,643,1920,1080,render_frames/render_00000643.jpg
538,21.460000,645,1920,1080,render_frames/render_00000645.jpg
539,21.480000,646,1920,1080,render_frames/render_00000646.jpg
540,21.500000,647,1920,1080,render_frames/render_00000647.jpg
541,21.520000,648,1920,1080,render_frames/render_00000648.jpg
542,21.540000,649,1920,1080,render_frames/render_00000649.jpg
543,21.560000,651,1920,1080,render_frames/render_00000651.jpg
544,21.580000,652,1920,1080,render_frames/render_00000652.jpg
545,21.600000,653,1920,1080,render_frames/render_00000653.jpg
546,21.620000,654,1920,1080,render_frames/render_00000654.jpg
547,21.640000,655,1920,1080,render_frames/render_00000655.jpg
548,21.660000,657,1920,1080,render_frames/render_00000657.jpg
549,21.680000,658,1920,1080,render_frames/render_00000658.jpg
550,21.700000,659,1920,1080,render_frames/render_00000659.jpg
551,21.720000,660,1920,1080,render_frames/render_00000660.jpg
552,21.740000,661,1920,1080,render_frames/render_00000661.jpg
553,21.760000,663,1920,1080,render_frames/render_00000663.jpg
554,21.780000,664,1920,1080,render_frames/render_00000664.jpg
555,21.800000,665,1920,1080,render_frames/render_00000665.jpg
556,21.820000,666,1920,1080,render_frames/render_00000666.jpg
557,21.840000,667,1920,1080,render_frames/render_00000667.jpg
558,21.860000,669,1920,1080,render_frames/render_00000669.jpg
559,21.880000,670,1920,1080,render_frames/render_00000670.jpg
560,21.900000,671,1920,1080,render_frames/render_00000671.jpg
561,21.920000,672,1920,1080,render_frames/render_00000672.jpg
562,21.940000,674,1920,1080,render_frames/render_00000674.jpg
563,21.960000,675,1920,1080,render_frames/render_00000675.jpg
564,21.980000,676,1920,1080,render_frames/render_00000676.jpg
565,22.000000,677,1920,1080,render_frames/render_00000677.jpg
566,22.020000,678,1920,1080,render_frames/render_00000678.jpg
567,22.040000,680,1920,1080,render_frames/render_00000680.jpg
568,22.060000,681,1920,1080,render_frames/render_00000681.jpg
569,22.080000,682,1920,1080,render_frames/render_00000682.jpg
570,22.100000,683,1920,1080,render_frames/render_00000683.jpg
571,22.120000,684,1920,1080,render_frames/render_00000684.jpg
572,22.140000,686,1920,1080,render_frames/render_00000686.jpg
573,22.160000,687,1920,1080,render_frames/render_00000687.jpg
574,22.180000,688,1920,1080,render_frames/render_00000688.jpg
575,22.200000,689,1920,1080,render_frames/render_00000689.jpg
576,22.220000,690,1920,1080,render_frames/render_00000690.jpg
577,22.240000,692,1920,1080,render_frames/render_00000692.jpg
578,22.260000,693,1920,1080,render_frames/render_00000693.jpg
579,22.280000,694,1920,1080,render_frames/render_00000694.jpg
580,22.300000,695,1920,1080,render_frames/render_00000695.jpg
581,22.320000,696,1920,1080,render_frames/render_00000696.jpg
582,22.340000,698,1920,1080,render_frames/render_00000698.jpg
583,22.360000,699,1920,1080,render_frames/render_00000699.jpg
584,22.380000,700,1920,1080,render_frames/render_00000700.jpg
585,22.400000,701,1920,1080,render_frames/render_00000701.jpg
586,22.420000,702,1920,1080,render_frames/render_00000702.jpg
587,22.440000,704,1920,1080,render_frames/render_00000704.jpg
588,22.460000,705,1920,1080,render_frames/render_00000705.jpg
589,22.480000,706,1920,1080,render_frames/render_00000706.jpg
590,22.500000,707,1920,1080,render_frames/render_00000707.jpg
591,22.520000,708,1920,1080,render_frames/render_00000708.jpg
592,22.540000,710,1920,1080,render_frames/render_00000710.jpg
593,22.560000,711,1920,1080,render_frames/render_00000711.jpg
594,22.580000,712,1920,1080,render_frames/render_00000712.jpg
595,22.600000,713,1920,1080,render_frames/render_00000713.jpg
596,22.620000,714,1920,1080,render_frames/render_00000714.jpg
597,22.640000,716,1920,1080,render_frames/render_00000716.jpg
598,22.660000,717,1920,1080,render_frames/render_00000717.jpg
599,22.680000,718,1920,1080,render_frames/render_00000718.jpg
600,22.700000,719,1920,1080,render_frames/render_00000719.jpg
601,22.720000,720,1920,1080,render_frames/render_00000720.jpg
602,22.740000,722,1920,1080,render_frames/render_00000722.jpg
603,22.760000,723,1920,1080,render_frames/render_00000723.jpg
604,22.780000,724,1920,1080,render_frames/render_00000724.jpg
605,22.800000,725,1920,1080,render_frames/render_00000725.jpg
606,22.820000,726,1920,1080,render_frames/render_00000726.jpg
607,22.840000,728,1920,1080,render_frames/render_00000728.jpg
608,22.860000,729,1920,1080,render_frames/render_00000729.jpg
609,22.880000,730,1920,1080,render_frames/render_00000730.jpg
610,22.900000,731,1920,1080,render_frames/render_00000731.jpg
611,22.920000,733,1920,1080,render_frames/render_00000733.jpg
612,22.940000,734,1920,1080,render_frames/render_00000734.jpg
613,22.960000,735,1920,1080,render_frames/render_00000735.jpg
614,22.980000,736,1920,1080,render_frames/render_00000736.jpg
615,23.000000,737,1920,1080,render_frames/render_00000737.jpg
616,23.020000,739,1920,1080,render_frames/render_00000739.jpg
617,23.040000,740,1920,1080,render_frames/render_00000740.jpg
618,23.060000,741,1920,1080,render_frames/render_00000741.jpg
619,23.080000,742,1920,1080,render_frames/render_00000742.jpg
620,23.100000,743,1920,1080,render_frames/render_00000743.jpg
621,23.120000,745,1920,1080,render_frames/render_00000745.jpg
622,23.140000,746,1920,1080,render_frames/render_00000746.jpg
623,23.160000,747,1920,1080,render_frames/render_00000747.jpg
624,23.180000,748,1920,1080,render_frames/render_00000748.jpg
625,23.200000,749,1920,1080,render_frames/render_00000749.jpg
626,23.220000,751,1920,1080,render_frames/render_00000751.jpg
627,23.240000,752,1920,1080,render_frames/render_00000752.jpg
628,23.260000,753,1920,1080,render_frames/render_00000753.jpg
629,23.280000,754,1920,1080,render_frames/render_00000754.jpg
630,23.300000,755,1920,1080,render_frames/render_00000755.jpg
631,23.320000,757,1920,1080,render_frames/render_00000757.jpg
632,23.340000,758,1920,1080,render_frames/render_00000758.jpg
633,23.360000,759,1920,1080,render_frames/render_00000759.jpg
634,23.380000,760,1920,1080,render_frames/render_00000760.jpg
635,23.400000,761,1920,1080,render_frames/render_00000761.jpg
636,23.420000,763,1920,1080,render_frames/render_00000763.jpg
637,23.440000,764,1920,1080,render_frames/render_00000764.jpg
638,23.460000,765,1920,1080,render_frames/render_00000765.jpg
639,23.480000,766,1920,1080,render_frames/render_00000766.jpg
640,23.500000,768,1920,1080,render_frames/render_00000768.jpg
641,23.520000,769,1920,1080,render_frames/render_00000769.jpg
642,23.540000,770,1920,1080,render_frames/render_00000770.jpg
643,23.560000,771,1920,1080,render_frames/render_00000771.jpg
644,23.580000,772,1920,1080,render_frames/render_00000772.jpg
645,23.600000,774,1920,1080,render_frames/render_00000774.jpg
646,23.620000,775,1920,1080,render_frames/render_00000775.jpg
647,23.640000,776,1920,1080,render_frames/render_00000776.jpg
648,23.660000,777,1920,1080,render_frames/render_00000777.jpg
649,23.680000,778,1920,1080,render_frames/render_00000778.jpg
650,23.700000,780,1920,1080,render_frames/render_00000780.jpg
651,23.720000,781,1920,1080,render_frames/render_00000781.jpg
652,23.740000,782,1920,1080,render_frames/render_00000782.jpg
653,23.760000,783,1920,1080,render_frames/render_00000783.jpg
654,23.780000,784,1920,1080,render_frames/render_00000784.jpg
655,23.800000,786,1920,1080,render_frames/render_00000786.jpg
656,23.820000,787,1920,1080,render_frames/render_00000787.jpg
657,23.840000,788,1920,1080,render_frames/render_00000788.jpg
658,23.860000,789,1920,1080,render_frames/render_00000789.jpg
659,23.880000,790,1920,1080,render_frames/render_00000790.jpg
660,23.900000,792,1920,1080,render_frames/render_00000792.jpg
661,23.920000,793,1920,1080,render_frames/render_00000793.jpg
662,23.940000,794,1920,1080,render_frames/render_00000794.jpg
663,23.960000,795,1920,1080,render_frames/render_00000795.jpg
664,23.980000,796,1920,1080,render_frames/render_00000796.jpg
665,24.000000,798,1920,1080,render_frames/render_00000798.jpg
666,24.020000,799,1920,1080,render_frames/render_00000799.jpg
667,24.040000,800,1920,1080,render_frames/render_00000800.jpg
668,24.060000,801,1920,1080,render_frames/render_00000801.jpg
669,24.080000,802,1920,1080,render_frames/render_00000802.jpg
670,24.100000,804,1920,1080,render_frames/render_00000804.jpg
671,24.120000,805,1920,1080,render_frames/render_00000805.jpg
672,24.140000,806,1920,1080,render_frames/render_00000806.jpg
673,24.160000,807,1920,1080,render_frames/render_00000807.jpg
674,24.180000,808,1920,1080,render_frames/render_00000808.jpg
675,24.200000,810,1920,1080,render_frames/render_00000810.jpg
676,24.220000,811,1920,1080,render_frames/render_00000811.jpg
677,24.240000,812,1920,1080,render_frames/render_00000812.jpg
678,24.260000,813,1920,1080,render_frames/render_00000813.jpg
679,24.280000,814,1920,1080,render_frames/render_00000814.jpg
680,24.300000,816,1920,1080,render_frames/render_00000816.jpg
681,24.320000,817,1920,1080,render_frames/render_00000817.jpg
682,24.340000,818,1920,1080,render_frames/render_00000818.jpg
683,24.360000,819,1920,1080,render_frames/render_00000819.jpg
684,24.380000,821,1920,1080,render_frames/render_00000821.jpg
685,24.400000,822,1920,1080,render_frames/render_00000822.jpg
686,24.420000,823,1920,1080,render_frames/render_00000823.jpg
687,24.440000,824,1920,1080,render_frames/render_00000824.jpg
688,24.460000,825,1920,1080,render_frames/render_00000825.jpg
689,24.480000,827,1920,1080,render_frames/render_00000827.jpg
690,24.500000,828,1920,1080,render_frames/render_00000828.jpg
691,24.520000,829,1920,1080,render_frames/render_00000829.jpg
692,24.540000,830,1920,1080,render_frames/render_00000830.jpg
693,24.560000,831,1920,1080,render_frames/render_00000831.jpg
694,24.580000,833,1920,1080,render_frames/render_00000833.jpg
695,24.600000,834,1920,1080,render_frames/render_00000834.jpg
696,24.620000,835,1920,1080,render_frames/render_00000835.jpg
697,24.640000,836,1920,1080,render_frames/render_00000836.jpg
698,24.660000,837,1920,1080,render_frames/render_00000837.jpg
699,24.680000,839,1920,1080,render_frames/render_00000839.jpg
700,24.700000,840,1920,1080,render_frames/render_00000840.jpg
701,24.720000,841,1920,1080,render_frames/render_00000841.jpg
702,24.740000,842,1920,1080,render_frames/render_00000842.jpg
703,24.760000,843,1920,1080,render_frames/render_00000843.jpg
704,24.780000,845,1920,1080,render_frames/render_00000845.jpg
705,24.800000,846,1920,1080,render_frames/render_00000846.jpg
706,24.820000,847,1920,1080,render_frames/render_00000847.jpg
707,24.840000,848,1920,1080,render_frames/render_00000848.jpg
708,24.860000,849,1920,1080,render_frames/render_00000849.jpg
709,24.880000,851,1920,1080,render_frames/render_00000851.jpg
710,24.900000,852,1920,1080,render_frames/render_00000852.jpg
711,24.920000,853,1920,1080,render_frames/render_00000853.jpg
712,24.940000,854,1920,1080,render_frames/render_00000854.jpg
713,24.960000,855,1920,1080,render_frames/render_00000855.jpg
714,24.980000,857,1920,1080,render_frames/render_00000857.jpg
715,25.000000,858,1920,1080,render_frames/render_00000858.jpg
716,25.020000,859,1920,1080,render_frames/render_00000859.jpg
717,25.040000,860,1920,1080,render_frames/render_00000860.jpg
718,25.060000,861,1920,1080,render_frames/render_00000861.jpg
719,25.080000,863,1920,1080,render_frames/render_00000863.jpg
720,25.100000,864,1920,1080,render_frames/render_00000864.jpg
721,25.120000,865,1920,1080,render_frames/render_00000865.jpg
722,25.140000,866,1920,1080,render_frames/render_00000866.jpg
723,25.160000,867,1920,1080,render_frames/render_00000867.jpg
724,25.180000,869,1920,1080,render_frames/render_00000869.jpg
725,25.200000,870,1920,1080,render_frames/render_00000870.jpg
726,25.220000,871,1920,1080,render_frames/render_00000871.jpg
727,25.240000,872,1920,1080,render_frames/render_00000872.jpg
728,25.260000,873,1920,1080,render_frames/render_00000873.jpg
729,25.280000,875,1920,1080,render_frames/render_00000875.jpg
730,25.300000,876,1920,1080,render_frames/render_00000876.jpg
731,25.320000,877,1920,1080,render_frames/render_00000877.jpg
732,25.340000,878,1920,1080,render_frames/render_00000878.jpg
733,25.360000,879,1920,1080,render_frames/render_00000879.jpg
734,25.380000,881,1920,1080,render_frames/render_00000881.jpg
735,25.400000,882,1920,1080,render_frames/render_00000882.jpg
736,25.420000,883,1920,1080,render_frames/render_00000883.jpg
737,25.440000,884,1920,1080,render_frames/render_00000884.jpg
738,25.460000,885,1920,1080,render_frames/render_00000885.jpg
739,25.480000,887,1920,1080,render_frames/render_00000887.jpg
740,25.500000,888,1920,1080,render_frames/render_00000888.jpg
741,25.520000,889,1920,1080,render_frames/render_00000889.jpg
742,25.540000,890,1920,1080,render_frames/render_00000890.jpg
743,25.560000,892,1920,1080,render_frames/render_00000892.jpg
744,25.580000,893,1920,1080,render_frames/render_00000893.jpg
745,25.600000,894,1920,1080,render_frames/render_00000894.jpg
746,25.620000,895,1920,1080,render_frames/render_00000895.jpg
747,25.640000,896,1920,1080,render_frames/render_00000896.jpg
748,25.660000,898,1920,1080,render_frames/render_00000898.jpg
749,25.680000,899,1920,1080,render_frames/render_00000899.jpg
750,25.700000,900,1920,1080,render_frames/render_00000900.jpg
751,25.720000,901,1920,1080,render_frames/render_00000901.jpg
752,25.740000,902,1920,1080,render_frames/render_00000902.jpg
753,25.760000,904,1920,1080,render_frames/render_00000904.jpg
754,25.780000,905,1920,1080,render_frames/render_00000905.jpg
755,25.800000,906,1920,1080,render_frames/render_00000906.jpg
756,25.820000,907,1920,1080,render_frames/render_00000907.jpg
757,25.840000,908,1920,1080,render_frames/render_00000908.jpg
758,25.860000,910,1920,1080,render_frames/render_00000910.jpg
759,25.880000,911,1920,1080,render_frames/render_00000911.jpg
760,25.900000,912,1920,1080,render_frames/render_00000912.jpg
761,25.920000,913,1920,1080,render_frames/render_00000913.jpg
762,25.940000,914,1920,1080,render_frames/render_00000914.jpg
763,25.960000,916,1920,1080,render_frames/render_00000916.jpg
764,25.980000,917,1920,1080,render_frames/render_00000917.jpg
765,26.000000,918,1920,1080,render_frames/render_00000918.jpg
766,26.020000,919,1920,1080,render_frames/render_00000919.jpg
767,26.040000,920,1920,1080,render_frames/render_00000920.jpg
768,26.060000,922,1920,1080,render_frames/render_00000922.jpg
769,26.080000,923,1920,1080,render_frames/render_00000923.jpg
770,26.100000,924,1920,1080,render_frames/render_00000924.jpg
771,26.120000,925,1920,1080,render_frames/render_00000925.jpg
772,26.140000,926,1920,1080,render_frames/render_00000926.jpg
773,26.160000,928,1920,1080,render_frames/render_00000928.jpg
774,26.180000,929,1920,1080,render_frames/render_00000929.jpg
775,26.200000,930,1920,1080,render_frames/render_00000930.jpg
776,26.220000,931,1920,1080,render_frames/render_00000931.jpg
777,26.240000,932,1920,1080,render_frames/render_00000932.jpg
778,26.260000,934,1920,1080,render_frames/render_00000934.jpg
779,26.280000,935,1920,1080,render_frames/render_00000935.jpg
780,26.300000,936,1920,1080,render_frames/render_00000936.jpg
781,26.320000,937,1920,1080,render_frames/render_00000937.jpg
782,26.340000,938,1920,1080,render_frames/render_00000938.jpg
783,26.360000,940,1920,1080,render_frames/render_00000940.jpg
784,26.380000,940,1920,1080,render_frames/render_00000940.jpg
785,26.400000,942,1920,1080,render_frames/render_00000942.jpg
786,26.420000,943,1920,1080,render_frames/render_00000943.jpg
787,26.440000,945,1920,1080,render_frames/render_00000945.jpg
788,26.460000,946,1920,1080,render_frames/render_00000946.jpg
789,26.480000,947,1920,1080,render_frames/render_00000947.jpg
790,26.500000,948,1920,1080,render_frames/render_00000948.jpg
791,26.520000,949,1920,1080,render_frames/render_00000949.jpg
792,26.540000,951,1920,1080,render_frames/render_00000951.jpg
793,26.560000,952,1920,1080,render_frames/render_00000952.jpg
794,26.580000,953,1920,1080,render_frames/render_00000953.jpg
795,26.600000,954,1920,1080,render_frames/render_00000954.jpg
796,26.620000,955,1920,1080,render_frames/render_00000955.jpg
797,26.640000,957,1920,1080,render_frames/render_00000957.jpg
798,26.660000,958,1920,1080,render_frames/render_00000958.jpg
799,26.680000,959,1920,1080,render_frames/render_00000959.jpg
800,26.700000,960,1920,1080,render_frames/render_00000960.jpg
801,26.720000,961,1920,1080,render_frames/render_00000961.jpg
802,26.740000,963,1920,1080,render_frames/render_00000963.jpg
803,26.760000,964,1920,1080,render_frames/render_00000964.jpg
804,26.780000,965,1920,1080,render_frames/render_00000965.jpg
805,26.800000,966,1920,1080,render_frames/render_00000966.jpg
806,26.820000,967,1920,1080,render_frames/render_00000967.jpg
807,26.840000,969,1920,1080,render_frames/render_00000969.jpg
808,26.860000,970,1920,1080,render_frames/render_00000970.jpg
809,26.880000,971,1920,1080,render_frames/render_00000971.jpg
810,26.900000,972,1920,1080,render_frames/render_00000972.jpg
811,26.920000,973,1920,1080,render_frames/render_00000973.jpg
812,26.940000,975,1920,1080,render_frames/render_00000975.jpg
813,26.960000,976,1920,1080,render_frames/render_00000976.jpg
814,26.980000,977,1920,1080,render_frames/render_00000977.jpg
815,27.000000,978,1920,1080,render_frames/render_00000978.jpg
816,27.020000,980,1920,1080,render_frames/render_00000980.jpg
817,27.040000,981,1920,1080,render_frames/render_00000981.jpg
818,27.060000,982,1920,1080,render_frames/render_00000982.jpg
819,27.080000,983,1920,1080,render_frames/render_00000983.jpg
820,27.100000,984,1920,1080,render_frames/render_00000984.jpg
821,27.120000,986,1920,1080,render_frames/render_00000986.jpg
822,27.140000,987,1920,1080,render_frames/render_00000987.jpg
823,27.160000,988,1920,1080,render_frames/render_00000988.jpg
824,27.180000,989,1920,1080,render_frames/render_00000989.jpg
825,27.200000,990,1920,1080,render_frames/render_00000990.jpg
826,27.220000,992,1920,1080,render_frames/render_00000992.jpg
827,27.240000,993,1920,1080,render_frames/render_00000993.jpg
828,27.260000,994,1920,1080,render_frames/render_00000994.jpg
829,27.280000,995,1920,1080,render_frames/render_00000995.jpg
830,27.300000,996,1920,1080,render_frames/render_00000996.jpg
831,27.320000,998,1920,1080,render_frames/render_00000998.jpg
832,27.340000,999,1920,1080,render_frames/render_00000999.jpg
833,27.360000,1000,1920,1080,render_frames/render_00001000.jpg
834,27.380000,1001,1920,1080,render_frames/render_00001001.jpg
835,27.400000,1002,1920,1080,render_frames/render_00001002.jpg
836,27.420000,1004,1920,1080,render_frames/render_00001004.jpg
837,27.440000,1005,1920,1080,render_frames/render_00001005.jpg
838,27.460000,1006,1920,1080,render_frames/render_00001006.jpg
839,27.480000,1007,1920,1080,render_frames/render_00001007.jpg
840,27.500000,1008,1920,1080,render_frames/render_00001008.jpg
841,27.520000,1010,1920,1080,render_frames/render_00001010.jpg
842,27.540000,1011,1920,1080,render_frames/render_00001011.jpg
843,27.560000,1012,1920,1080,render_frames/render_00001012.jpg
844,27.580000,1013,1920,1080,render_frames/render_00001013.jpg
845,27.600000,1014,1920,1080,render_frames/render_00001014.jpg
846,27.620000,1016,1920,1080,render_frames/render_00001016.jpg
847,27.640000,1017,1920,1080,render_frames/render_00001017.jpg
848,27.660000,1018,1920,1080,render_frames/render_00001018.jpg
849,27.680000,1019,1920,1080,render_frames/render_00001019.jpg
850,27.700000,1021,1920,1080,render_frames/render_00001021.jpg
851,27.720000,1022,1920,1080,render_frames/render_00001022.jpg
852,27.740000,1023,1920,1080,render_frames/render_00001023.jpg
853,27.760000,1024,1920,1080,render_frames/render_00001024.jpg
854,27.780000,1025,1920,1080,render_frames/render_00001025.jpg
855,27.800000,1027,1920,1080,render_frames/render_00001027.jpg
856,27.820000,1028,1920,1080,render_frames/render_00001028.jpg
857,27.840000,1029,1920,1080,render_frames/render_00001029.jpg
858,27.860000,1030,1920,1080,render_frames/render_00001030.jpg
859,27.880000,1031,1920,1080,render_frames/render_00001031.jpg
860,27.900000,1033,1920,1080,render_frames/render_00001033.jpg
861,27.920000,1034,1920,1080,render_frames/render_00001034.jpg
862,27.940000,1035,1920,1080,render_frames/render_00001035.jpg
863,27.960000,1036,1920,1080,render_frames/render_00001036.jpg
864,27.980000,1037,1920,1080,render_frames/render_00001037.jpg
865,28.000000,1039,1920,1080,render_frames/render_00001039.jpg
866,28.020000,1040,1920,1080,render_frames/render_00001040.jpg
867,28.040000,1041,1920,1080,render_frames/render_00001041.jpg
868,28.060000,1042,1920,1080,render_frames/render_00001042.jpg
869,28.080000,1043,1920,1080,render_frames/render_00001043.jpg
870,28.100000,1045,1920,1080,render_frames/render_00001045.jpg
871,28.120000,1046,1920,1080,render_frames/render_00001046.jpg
872,28.140000,1047,1920,1080,render_frames/render_00001047.jpg
873,28.160000,1048,1920,1080,render_frames/render_00001048.jpg
874,28.180000,1049,1920,1080,render_frames/render_00001049.jpg
875,28.200000,1051,1920,1080,render_frames/render_00001051.jpg
876,28.220000,1052,1920,1080,render_frames/render_00001052.jpg
877,28.240000,1053,1920,1080,render_frames/render_00001053.jpg
878,28.260000,1054,1920,1080,render_frames/render_00001054.jpg
879,28.280000,1055,1920,1080,render_frames/render_00001055.jpg
880,28.300000,1057,1920,1080,render_frames/render_00001057.jpg
881,28.320000,1058,1920,1080,render_frames/render_00001058.jpg
882,28.340000,1059,1920,1080,render_frames/render_00001059.jpg
883,28.360000,1060,1920,1080,render_frames/render_00001060.jpg
884,28.380000,1061,1920,1080,render_frames/render_00001061.jpg
885,28.400000,1063,1920,1080,render_frames/render_00001063.jpg
886,28.420000,1064,1920,1080,render_frames/render_00001064.jpg
887,28.440000,1065,1920,1080,render_frames/render_00001065.jpg
888,28.460000,1066,1920,1080,render_frames/render_00001066.jpg
889,28.480000,1067,1920,1080,render_frames/render_00001067.jpg
890,28.500000,1069,1920,1080,render_frames/render_00001069.jpg
891,28.520000,1070,1920,1080,render_frames/render_00001070.jpg
892,28.540000,1071,1920,1080,render_frames/render_00001071.jpg
893,28.560000,1072,1920,1080,render_frames/render_00001072.jpg
894,28.580000,1074,1920,1080,render_frames/render_00001074.jpg
895,28.600000,1075,1920,1080,render_frames/render_00001075.jpg
896,28.620000,1076,1920,1080,render_frames/render_00001076.jpg
897,28.640000,1077,1920,1080,render_frames/render_00001077.jpg
898,28.660000,1078,1920,1080,render_frames/render_00001078.jpg
899,28.680000,1079,1920,1080,render_frames/render_00001079.jpg
900,28.700000,1081,1920,1080,render_frames/render_00001081.jpg
901,28.720000,1082,1920,1080,render_frames/render_00001082.jpg
902,28.740000,1083,1920,1080,render_frames/render_00001083.jpg
903,28.760000,1084,1920,1080,render_frames/render_00001084.jpg
904,28.780000,1086,1920,1080,render_frames/render_00001086.jpg
905,28.800000,1087,1920,1080,render_frames/render_00001087.jpg
906,28.820000,1088,1920,1080,render_frames/render_00001088.jpg
907,28.840000,1089,1920,1080,render_frames/render_00001089.jpg
908,28.860000,1090,1920,1080,render_frames/render_00001090.jpg
909,28.880000,1092,1920,1080,render_frames/render_00001092.jpg
910,28.900000,1093,1920,1080,render_frames/render_00001093.jpg
911,28.920000,1094,1920,1080,render_frames/render_00001094.jpg
912,28.940000,1095,1920,1080,render_frames/render_00001095.jpg
913,28.960000,1096,1920,1080,render_frames/render_00001096.jpg
914,28.980000,1098,1920,1080,render_frames/render_00001098.jpg
915,29.000000,1099,1920,1080,render_frames/render_00001099.jpg
916,29.020000,1100,1920,1080,render_frames/render_00001100.jpg
917,29.040000,1101,1920,1080,render_frames/render_00001101.jpg
918,29.060000,1102,1920,1080,render_frames/render_00001102.jpg
919,29.080000,1104,1920,1080,render_frames/render_00001104.jpg
920,29.100000,1105,1920,1080,render_frames/render_00001105.jpg
921,29.120000,1106,1920,1080,render_frames/render_00001106.jpg
922,29.140000,1107,1920,1080,render_frames/render_00001107.jpg
923,29.160000,1108,1920,1080,render_frames/render_00001108.jpg
924,29.180000,1110,1920,1080,render_frames/render_00001110.jpg
925,29.200000,1111,1920,1080,render_frames/render_00001111.jpg
926,29.220000,1112,1920,1080,render_frames/render_00001112.jpg
927,29.240000,1113,1920,1080,render_frames/render_00001113.jpg
928,29.260000,1114,1920,1080,render_frames/render_00001114.jpg
929,29.280000,1116,1920,1080,render_frames/render_00001116.jpg
930,29.300000,1117,1920,1080,render_frames/render_00001117.jpg
931,29.320000,1118,1920,1080,render_frames/render_00001118.jpg
932,29.340000,1119,1920,1080,render_frames/render_00001119.jpg
933,29.360000,1120,1920,1080,render_frames/render_00001120.jpg
934,29.380000,1122,1920,1080,render_frames/render_00001122.jpg
935,29.400000,1123,1920,1080,render_frames/render_00001123.jpg
936,29.420000,1124,1920,1080,render_frames/render_00001124.jpg
937,29.440000,1125,1920,1080,render_frames/render_00001125.jpg
938,29.460000,1126,1920,1080,render_frames/render_00001126.jpg
939,29.480000,1128,1920,1080,render_frames/render_00001128.jpg
940,29.500000,1129,1920,1080,render_frames/render_00001129.jpg
941,29.520000,1130,1920,1080,render_frames/render_00001130.jpg
942,29.540000,1131,1920,1080,render_frames/render_00001131.jpg
943,29.560000,1132,1920,1080,render_frames/render_00001132.jpg
944,29.580000,1134,1920,1080,render_frames/render_00001134.jpg
945,29.600000,1135,1920,1080,render_frames/render_00001135.jpg
946,29.620000,1136,1920,1080,render_frames/render_00001136.jpg
947,29.640000,1137,1920,1080,render_frames/render_00001137.jpg
948,29.660000,1138,1920,1080,render_frames/render_00001138.jpg
949,29.680000,1140,1920,1080,render_frames/render_00001140.jpg
950,29.700000,1141,1920,1080,render_frames/render_00001141.jpg
951,29.720000,1142,1920,1080,render_frames/render_00001142.jpg
952,29.740000,1143,1920,1080,render_frames/render_00001143.jpg
953,29.760000,1144,1920,1080,render_frames/render_00001144.jpg
954,29.780000,1146,1920,1080,render_frames/render_00001146.jpg
955,29.800000,1147,1920,1080,render_frames/render_00001147.jpg
956,29.820000,1148,1920,1080,render_frames/render_00001148.jpg
957,29.840000,1149,1920,1080,render_frames/render_00001149.jpg
958,29.860000,1150,1920,1080,render_frames/render_00001150.jpg
959,29.880000,1152,1920,1080,render_frames/render_00001152.jpg
960,29.900000,1153,1920,1080,render_frames/render_00001153.jpg
961,29.920000,1154,1920,1080,render_frames/render_00001154.jpg
962,29.940000,1155,1920,1080,render_frames/render_00001155.jpg
963,29.960000,1156,1920,1080,render_frames/render_00001156.jpg
964,29.980000,1158,1920,1080,render_frames/render_00001158.jpg
965,30.000000,1159,1920,1080,render_frames/render_00001159.jpg
966,30.020000,1160,1920,1080,render_frames/render_00001160.jpg
967,30.040000,1161,1920,1080,render_frames/render_00001161.jpg
968,30.060000,1163,1920,1080,render_frames/render_00001163.jpg
969,30.080000,1164,1920,1080,render_frames/render_00001164.jpg
970,30.100000,1165,1920,1080,render_frames/render_00001165.jpg
971,30.120000,1166,1920,1080,render_frames/render_00001166.jpg
972,30.140000,1167,1920,1080,render_frames/render_00001167.jpg
973,30.160000,1168,1920,1080,render_frames/render_00001168.jpg
974,30.180000,1170,1920,1080,render_frames/render_00001170.jpg
975,30.200000,1171,1920,1080,render_frames/render_00001171.jpg
976,30.220000,1172,1920,1080,render_frames/render_00001172.jpg
977,30.240000,1173,1920,1080,render_frames/render_00001173.jpg
978,30.260000,1175,1920,1080,render_frames/render_00001175.jpg
979,30.280000,1176,1920,1080,render_frames/render_00001176.jpg
980,30.300000,1177,1920,1080,render_frames/render_00001177.jpg
981,30.320000,1178,1920,1080,render_frames/render_00001178.jpg
982,30.340000,1179,1920,1080,render_frames/render_00001179.jpg
983,30.360000,1181,1920,1080,render_frames/render_00001181.jpg
984,30.380000,1182,1920,1080,render_frames/render_00001182.jpg
985,30.400000,1183,1920,1080,render_frames/render_00001183.jpg
986,30.420000,1184,1920,1080,render_frames/render_00001184.jpg
987,30.440000,1185,1920,1080,render_frames/render_00001185.jpg
988,30.460000,1187,1920,1080,render_frames/render_00001187.jpg
989,30.480000,1188,1920,1080,render_frames/render_00001188.jpg
990,30.500000,1189,1920,1080,render_frames/render_00001189.jpg
991,30.520000,1190,1920,1080,render_frames/render_00001190.jpg
992,30.540000,1191,1920,1080,render_frames/render_00001191.jpg
993,30.560000,1193,1920,1080,render_frames/render_00001193.jpg
994,30.580000,1194,1920,1080,render_frames/render_00001194.jpg
995,30.600000,1195,1920,1080,render_frames/render_00001195.jpg
996,30.620000,1196,1920,1080,render_frames/render_00001196.jpg
997,30.640000,1197,1920,1080,render_frames/render_00001197.jpg
998,30.660000,1199,1920,1080,render_frames/render_00001199.jpg
999,30.680000,1200,1920,1080,render_frames/render_00001200.jpg
1000,30.700000,1201,1920,1080,render_frames/render_00001201.jpg
1001,30.720000,1202,1920,1080,render_frames/render_00001202.jpg
1002,30.740000,1203,1920,1080,render_frames/render_00001203.jpg
1003,30.760000,1205,1920,1080,render_frames/render_00001205.jpg
1004,30.780000,1206,1920,1080,render_frames/render_00001206.jpg
1005,30.800000,1207,1920,1080,render_frames/render_00001207.jpg
1006,30.820000,1208,1920,1080,render_frames/render_00001208.jpg
1007,30.840000,1209,1920,1080,render_frames/render_00001209.jpg
1008,30.860000,1211,1920,1080,render_frames/render_00001211.jpg
1009,30.880000,1212,1920,1080,render_frames/render_00001212.jpg
1010,30.900000,1213,1920,1080,render_frames/render_00001213.jpg
1011,30.920000,1214,1920,1080,render_frames/render_00001214.jpg
1012,30.940000,1215,1920,1080,render_frames/render_00001215.jpg
1013,30.960000,1217,1920,1080,render_frames/render_00001217.jpg
1014,30.980000,1218,1920,1080,render_frames/render_00001218.jpg
1015,31.000000,1219,1920,1080,render_frames/render_00001219.jpg
1016,31.020000,1220,1920,1080,render_frames/render_00001220.jpg
1017,31.040000,1221,1920,1080,render_frames/render_00001221.jpg
1018,31.060000,1223,1920,1080,render_frames/render_00001223.jpg
1019,31.080000,1224,1920,1080,render_frames/render_00001224.jpg
1020,31.100000,1225,1920,1080,render_frames/render_00001225.jpg
1021,31.120000,1226,1920,1080,render_frames/render_00001226.jpg
1022,31.140000,1227,1920,1080,render_frames/render_00001227.jpg
1023,31.160000,1229,1920,1080,render_frames/render_00001229.jpg
1024,31.180000,1230,1920,1080,render_frames/render_00001230.jpg
1025,31.200000,1231,1920,1080,render_frames/render_00001231.jpg
1026,31.220000,1232,1920,1080,render_frames/render_00001232.jpg
1027,31.240000,1234,1920,1080,render_frames/render_00001234.jpg
1028,31.260000,1235,1920,1080,render_frames/render_00001235.jpg
1029,31.280000,1236,1920,1080,render_frames/render_00001236.jpg
1030,31.300000,1237,1920,1080,render_frames/render_00001237.jpg
1031,31.320000,1238,1920,1080,render_frames/render_00001238.jpg
1032,31.340000,1240,1920,1080,render_frames/render_00001240.jpg
1033,31.360000,1241,1920,1080,render_frames/render_00001241.jpg
1034,31.380000,1242,1920,1080,render_frames/render_00001242.jpg
1035,31.400000,1243,1920,1080,render_frames/render_00001243.jpg
1036,31.420000,1244,1920,1080,render_frames/render_00001244.jpg
1037,31.440000,1246,1920,1080,render_frames/render_00001246.jpg
1038,31.460000,1247,1920,1080,render_frames/render_00001247.jpg
1039,31.480000,1248,1920,1080,render_frames/render_00001248.jpg
1040,31.500000,1249,1920,1080,render_frames/render_00001249.jpg
1041,31.520000,1250,1920,1080,render_frames/render_00001250.jpg
1042,31.540000,1252,1920,1080,render_frames/render_00001252.jpg
1043,31.560000,1253,1920,1080,render_frames/render_00001253.jpg
1044,31.580000,1254,1920,1080,render_frames/render_00001254.jpg
1045,31.600000,1255,1920,1080,render_frames/render_00001255.jpg
1046,31.620000,1256,1920,1080,render_frames/render_00001256.jpg
1047,31.640000,1258,1920,1080,render_frames/render_00001258.jpg
1048,31.660000,1259,1920,1080,render_frames/render_00001259.jpg
1049,31.680000,1260,1920,1080,render_frames/render_00001260.jpg
1050,31.700000,1261,1920,1080,render_frames/render_00001261.jpg
1051,31.720000,1262,1920,1080,render_frames/render_00001262.jpg
1052,31.740000,1264,1920,1080,render_frames/render_00001264.jpg
1053,31.760000,1265,1920,1080,render_frames/render_00001265.jpg
1054,31.780000,1266,1920,1080,render_frames/render_00001266.jpg
1055,31.800000,1267,1920,1080,render_frames/render_00001267.jpg
1056,31.820000,1268,1920,1080,render_frames/render_00001268.jpg
1057,31.840000,1270,1920,1080,render_frames/render_00001270.jpg
1058,31.860000,1271,1920,1080,render_frames/render_00001271.jpg
1059,31.880000,1272,1920,1080,render_frames/render_00001272.jpg
1060,31.900000,1273,1920,1080,render_frames/render_00001273.jpg
1061,31.920000,1274,1920,1080,render_frames/render_00001274.jpg
1062,31.940000,1276,1920,1080,render_frames/render_00001276.jpg
1063,31.960000,1277,1920,1080,render_frames/render_00001277.jpg
1064,31.980000,1278,1920,1080,render_frames/render_00001278.jpg
1065,32.000000,1279,1920,1080,render_frames/render_00001279.jpg
1066,32.020000,1281,1920,1080,render_frames/render_00001281.jpg
1067,32.040000,1282,1920,1080,render_frames/render_00001282.jpg
1068,32.060000,1283,1920,1080,render_frames/render_00001283.jpg
1069,32.080000,1284,1920,1080,render_frames/render_00001284.jpg
1070,32.100000,1285,1920,1080,render_frames/render_00001285.jpg
1071,32.120000,1287,1920,1080,render_frames/render_00001287.jpg
1072,32.140000,1288,1920,1080,render_frames/render_00001288.jpg
1073,32.160000,1289,1920,1080,render_frames/render_00001289.jpg
1074,32.180000,1290,1920,1080,render_frames/render_00001290.jpg
1075,32.200000,1291,1920,1080,render_frames/render_00001291.jpg
1076,32.220000,1293,1920,1080,render_frames/render_00001293.jpg
1077,32.240000,1294,1920,1080,render_frames/render_00001294.jpg
1078,32.260000,1295,1920,1080,render_frames/render_00001295.jpg
1079,32.280000,1296,1920,1080,render_frames/render_00001296.jpg
1080,32.300000,1297,1920,1080,render_frames/render_00001297.jpg
1081,32.320000,1299,1920,1080,render_frames/render_00001299.jpg
1082,32.340000,1300,1920,1080,render_frames/render_00001300.jpg
1083,32.360000,1301,1920,1080,render_frames/render_00001301.jpg
1084,32.380000,1302,1920,1080,render_frames/render_00001302.jpg
1085,32.400000,1303,1920,1080,render_frames/render_00001303.jpg
1086,32.420000,1305,1920,1080,render_frames/render_00001305.jpg
1087,32.440000,1306,1920,1080,render_frames/render_00001306.jpg
1088,32.460000,1307,1920,1080,render_frames/render_00001307.jpg
1089,32.480000,1308,1920,1080,render_frames/render_00001308.jpg
1090,32.500000,1309,1920,1080,render_frames/render_00001309.jpg
1091,32.520000,1311,1920,1080,render_frames/render_00001311.jpg
1092,32.540000,1312,1920,1080,render_frames/render_00001312.jpg
1093,32.560000,1313,1920,1080,render_frames/render_00001313.jpg
1094,32.580000,1314,1920,1080,render_frames/render_00001314.jpg
1095,32.600000,1315,1920,1080,render_frames/render_00001315.jpg
1096,32.620000,1316,1920,1080,render_frames/render_00001316.jpg
1097,32.640000,1318,1920,1080,render_frames/render_00001318.jpg
1098,32.660000,1319,1920,1080,render_frames/render_00001319.jpg
1099,32.680000,1320,1920,1080,render_frames/render_00001320.jpg
1100,32.700000,1321,1920,1080,render_frames/render_00001321.jpg
1101,32.720000,1323,1920,1080,render_frames/render_00001323.jpg
1102,32.740000,1324,1920,1080,render_frames/render_00001324.jpg
1103,32.760000,1325,1920,1080,render_frames/render_00001325.jpg
1104,32.780000,1326,1920,1080,render_frames/render_00001326.jpg
1105,32.800000,1327,1920,1080,render_frames/render_00001327.jpg
1106,32.820000,1329,1920,1080,render_frames/render_00001329.jpg
1107,32.840000,1330,1920,1080,render_frames/render_00001330.jpg
1108,32.860000,1331,1920,1080,render_frames/render_00001331.jpg
1109,32.880000,1332,1920,1080,render_frames/render_00001332.jpg
1110,32.900000,1334,1920,1080,render_frames/render_00001334.jpg
1111,32.920000,1335,1920,1080,render_frames/render_00001335.jpg
1112,32.940000,1336,1920,1080,render_frames/render_00001336.jpg
1113,32.960000,1337,1920,1080,render_frames/render_00001337.jpg
1114,32.980000,1338,1920,1080,render_frames/render_00001338.jpg
1115,33.000000,1340,1920,1080,render_frames/render_00001340.jpg
1116,33.020000,1341,1920,1080,render_frames/render_00001341.jpg
1117,33.040000,1342,1920,1080,render_frames/render_00001342.jpg
1118,33.060000,1343,1920,1080,render_frames/render_00001343.jpg
1119,33.080000,1344,1920,1080,render_frames/render_00001344.jpg
1120,33.100000,1346,1920,1080,render_frames/render_00001346.jpg
1121,33.120000,1347,1920,1080,render_frames/render_00001347.jpg
1122,33.140000,1348,1920,1080,render_frames/render_00001348.jpg
1123,33.160000,1349,1920,1080,render_frames/render_00001349.jpg
1124,33.180000,1350,1920,1080,render_frames/render_00001350.jpg
1125,33.200000,1352,1920,1080,render_frames/render_00001352.jpg
1126,33.220000,1353,1920,1080,render_frames/render_00001353.jpg
1127,33.240000,1354,1920,1080,render_frames/render_00001354.jpg
1128,33.260000,1355,1920,1080,render_frames/render_00001355.jpg
1129,33.280000,1356,1920,1080,render_frames/render_00001356.jpg
1130,33.300000,1358,1920,1080,render_frames/render_00001358.jpg
1131,33.320000,1359,1920,1080,render_frames/render_00001359.jpg
1132,33.340000,1360,1920,1080,render_frames/render_00001360.jpg
1133,33.360000,1361,1920,1080,render_frames/render_00001361.jpg
1134,33.380000,1362,1920,1080,render_frames/render_00001362.jpg
1135,33.400000,1364,1920,1080,render_frames/render_00001364.jpg
1136,33.420000,1365,1920,1080,render_frames/render_00001365.jpg
1137,33.440000,1366,1920,1080,render_frames/render_00001366.jpg
1138,33.460000,1367,1920,1080,render_frames/render_00001367.jpg
1139,33.480000,1368,1920,1080,render_frames/render_00001368.jpg
1140,33.500000,1370,1920,1080,render_frames/render_00001370.jpg
1141,33.520000,1371,1920,1080,render_frames/render_00001371.jpg
1142,33.540000,1372,1920,1080,render_frames/render_00001372.jpg
1143,33.560000,1373,1920,1080,render_frames/render_00001373.jpg
1144,33.580000,1374,1920,1080,render_frames/render_00001374.jpg
1145,33.600000,1376,1920,1080,render_frames/render_00001376.jpg
1146,33.620000,1377,1920,1080,render_frames/render_00001377.jpg
1147,33.640000,1378,1920,1080,render_frames/render_00001378.jpg
1148,33.660000,1379,1920,1080,render_frames/render_00001379.jpg
1149,33.680000,1381,1920,1080,render_frames/render_00001381.jpg
1150,33.700000,1382,1920,1080,render_frames/render_00001382.jpg
1151,33.720000,1383,1920,1080,render_frames/render_00001383.jpg
1152,33.740000,1384,1920,1080,render_frames/render_00001384.jpg
1153,33.760000,1385,1920,1080,render_frames/render_00001385.jpg
1154,33.780000,1387,1920,1080,render_frames/render_00001387.jpg
1155,33.800000,1388,1920,1080,render_frames/render_00001388.jpg
1156,33.820000,1389,1920,1080,render_frames/render_00001389.jpg
1157,33.840000,1390,1920,1080,render_frames/render_00001390.jpg
1158,33.860000,1391,1920,1080,render_frames/render_00001391.jpg
1159,33.880000,1393,1920,1080,render_frames/render_00001393.jpg
1160,33.900000,1394,1920,1080,render_frames/render_00001394.jpg
1161,33.920000,1395,1920,1080,render_frames/render_00001395.jpg
1162,33.940000,1396,1920,1080,render_frames/render_00001396.jpg
1163,33.960000,1398,1920,1080,render_frames/render_00001398.jpg
1164,33.980000,1399,1920,1080,render_frames/render_00001399.jpg
1165,34.000000,1400,1920,1080,render_frames/render_00001400.jpg
1166,34.020000,1401,1920,1080,render_frames/render_00001401.jpg
1167,34.040000,1402,1920,1080,render_frames/render_00001402.jpg
1168,34.060000,1404,1920,1080,render_frames/render_00001404.jpg
1169,34.080000,1405,1920,1080,render_frames/render_00001405.jpg
1170,34.100000,1406,1920,1080,render_frames/render_00001406.jpg
1171,34.120000,1407,1920,1080,render_frames/render_00001407.jpg
1172,34.140000,1408,1920,1080,render_frames/render_00001408.jpg
1173,34.160000,1410,1920,1080,render_frames/render_00001410.jpg
1174,34.180000,1411,1920,1080,render_frames/render_00001411.jpg
1175,34.200000,1412,1920,1080,render_frames/render_00001412.jpg
1176,34.220000,1413,1920,1080,render_frames/render_00001413.jpg
1177,34.240000,1414,1920,1080,render_frames/render_00001414.jpg
1178,34.260000,1416,1920,1080,render_frames/render_00001416.jpg
1179,34.280000,1417,1920,1080,render_frames/render_00001417.jpg
1180,34.300000,1418,1920,1080,render_frames/render_00001418.jpg
1181,34.320000,1419,1920,1080,render_frames/render_00001419.jpg
1182,34.340000,1420,1920,1080,render_frames/render_00001420.jpg
1183,34.360000,1422,1920,1080,render_frames/render_00001422.jpg
1184,34.380000,1423,1920,1080,render_frames/render_00001423.jpg
1185,34.400000,1424,1920,1080,render_frames/render_00001424.jpg
1186,34.420000,1425,1920,1080,render_frames/render_00001425.jpg
1187,34.440000,1427,1920,1080,render_frames/render_00001427.jpg
1188,34.460000,1428,1920,1080,render_frames/render_00001428.jpg
1189,34.480000,1429,1920,1080,render_frames/render_00001429.jpg
1190,34.500000,1430,1920,1080,render_frames/render_00001430.jpg
1191,34.520000,1431,1920,1080,render_frames/render_00001431.jpg
1192,34.540000,1433,1920,1080,render_frames/render_00001433.jpg
1193,34.560000,1434,1920,1080,render_frames/render_00001434.jpg
1194,34.580000,1435,1920,1080,render_frames/render_00001435.jpg
1195,34.600000,1436,1920,1080,render_frames/render_00001436.jpg
1196,34.620000,1437,1920,1080,render_frames/render_00001437.jpg
1197,34.640000,1439,1920,1080,render_frames/render_00001439.jpg
1198,34.660000,1440,1920,1080,render_frames/render_00001440.jpg
1199,34.680000,1441,1920,1080,render_frames/render_00001441.jpg
1200,34.700000,1442,1920,1080,render_frames/render_00001442.jpg
1201,34.720000,1443,1920,1080,render_frames/render_00001443.jpg
1202,34.740000,1445,1920,1080,render_frames/render_00001445.jpg
1203,34.760000,1446,1920,1080,render_frames/render_00001446.jpg
1204,34.780000,1447,1920,1080,render_frames/render_00001447.jpg
1205,34.800000,1448,1920,1080,render_frames/render_00001448.jpg
1206,34.820000,1449,1920,1080,render_frames/render_00001449.jpg
1207,34.840000,1451,1920,1080,render_frames/render_00001451.jpg
1208,34.860000,1452,1920,1080,render_frames/render_00001452.jpg
1209,34.880000,1453,1920,1080,render_frames/render_00001453.jpg
1210,34.900000,1454,1920,1080,render_frames/render_00001454.jpg
1211,34.920000,1455,1920,1080,render_frames/render_00001455.jpg
1212,34.940000,1457,1920,1080,render_frames/render_00001457.jpg
1213,34.960000,1458,1920,1080,render_frames/render_00001458.jpg
1214,34.980000,1459,1920,1080,render_frames/render_00001459.jpg
1215,35.000000,1460,1920,1080,render_frames/render_00001460.jpg
1216,35.020000,1461,1920,1080,render_frames/render_00001461.jpg
1217,35.040000,1463,1920,1080,render_frames/render_00001463.jpg
1218,35.060000,1464,1920,1080,render_frames/render_00001464.jpg
1219,35.080000,1465,1920,1080,render_frames/render_00001465.jpg
1220,35.100000,1466,1920,1080,render_frames/render_00001466.jpg
1221,35.120000,1467,1920,1080,render_frames/render_00001467.jpg
1222,35.140000,1469,1920,1080,render_frames/render_00001469.jpg
1223,35.160000,1470,1920,1080,render_frames/render_00001470.jpg
1224,35.180000,1471,1920,1080,render_frames/render_00001471.jpg
1225,35.200000,1472,1920,1080,render_frames/render_00001472.jpg
1226,35.220000,1473,1920,1080,render_frames/render_00001473.jpg
1227,35.240000,1475,1920,1080,render_frames/render_00001475.jpg
1228,35.260000,1476,1920,1080,render_frames/render_00001476.jpg
1229,35.280000,1477,1920,1080,render_frames/render_00001477.jpg
1230,35.300000,1478,1920,1080,render_frames/render_00001478.jpg
1231,35.320000,1480,1920,1080,render_frames/render_00001480.jpg
1232,35.340000,1481,1920,1080,render_frames/render_00001481.jpg
1233,35.360000,1482,1920,1080,render_frames/render_00001482.jpg
1234,35.380000,1483,1920,1080,render_frames/render_00001483.jpg
1235,35.400000,1484,1920,1080,render_frames/render_00001484.jpg
1236,35.420000,1486,1920,1080,render_frames/render_00001486.jpg
1237,35.440000,1487,1920,1080,render_frames/render_00001487.jpg
1238,35.460000,1488,1920,1080,render_frames/render_00001488.jpg
1239,35.480000,1489,1920,1080,render_frames/render_00001489.jpg
1240,35.500000,1490,1920,1080,render_frames/render_00001490.jpg
1241,35.520000,1492,1920,1080,render_frames/render_00001492.jpg
1242,35.540000,1493,1920,1080,render_frames/render_00001493.jpg
1243,35.560000,1494,1920,1080,render_frames/render_00001494.jpg
1244,35.580000,1495,1920,1080,render_frames/render_00001495.jpg
1245,35.600000,1496,1920,1080,render_frames/render_00001496.jpg
1246,35.620000,1498,1920,1080,render_frames/render_00001498.jpg
1247,35.640000,1499,1920,1080,render_frames/render_00001499.jpg
1248,35.660000,1500,1920,1080,render_frames/render_00001500.jpg
1249,35.680000,1501,1920,1080,render_frames/render_00001501.jpg
1250,35.700000,1502,1920,1080,render_frames/render_00001502.jpg
1251,35.720000,1504,1920,1080,render_frames/render_00001504.jpg
1252,35.740000,1505,1920,1080,render_frames/render_00001505.jpg
1253,35.760000,1506,1920,1080,render_frames/render_00001506.jpg
1254,35.780000,1507,1920,1080,render_frames/render_00001507.jpg
1255,35.800000,1508,1920,1080,render_frames/render_00001508.jpg
1256,35.820000,1510,1920,1080,render_frames/render_00001510.jpg
1257,35.840000,1511,1920,1080,render_frames/render_00001511.jpg
1258,35.860000,1512,1920,1080,render_frames/render_00001512.jpg
1259,35.880000,1513,1920,1080,render_frames/render_00001513.jpg
1260,35.900000,1514,1920,1080,render_frames/render_00001514.jpg
1261,35.920000,1516,1920,1080,render_frames/render_00001516.jpg
1262,35.940000,1517,1920,1080,render_frames/render_00001517.jpg
1263,35.960000,1518,1920,1080,render_frames/render_00001518.jpg
1264,35.980000,1519,1920,1080,render_frames/render_00001519.jpg
1265,36.000000,1520,1920,1080,render_frames/render_00001520.jpg
1266,36.020000,1522,1920,1080,render_frames/render_00001522.jpg
1267,36.040000,1523,1920,1080,render_frames/render_00001523.jpg
1268,36.060000,1524,1920,1080,render_frames/render_00001524.jpg
1269,36.080000,1525,1920,1080,render_frames/render_00001525.jpg
1270,36.100000,1526,1920,1080,render_frames/render_00001526.jpg
1271,36.120000,1528,1920,1080,render_frames/render_00001528.jpg
1272,36.140000,1529,1920,1080,render_frames/render_00001529.jpg
1273,36.160000,1530,1920,1080,render_frames/render_00001530.jpg
1274,36.180000,1531,1920,1080,render_frames/render_00001531.jpg
1275,36.200000,1533,1920,1080,render_frames/render_00001533.jpg
1276,36.220000,1534,1920,1080,render_frames/render_00001534.jpg
1277,36.240000,1535,1920,1080,render_frames/render_00001535.jpg
1278,36.260000,1536,1920,1080,render_frames/render_00001536.jpg
1279,36.280000,1537,1920,1080,render_frames/render_00001537.jpg
1280,36.300000,1539,1920,1080,render_frames/render_00001539.jpg
1281,36.320000,1540,1920,1080,render_frames/render_00001540.jpg
1282,36.340000,1541,1920,1080,render_frames/render_00001541.jpg
1283,36.360000,1542,1920,1080,render_frames/render_00001542.jpg
1284,36.380000,1543,1920,1080,render_frames/render_00001543.jpg
1285,36.400000,1545,1920,1080,render_frames/render_00001545.jpg
1286,36.420000,1546,1920,1080,render_frames/render_00001546.jpg
1287,36.440000,1547,1920,1080,render_frames/render_00001547.jpg
1288,36.460000,1548,1920,1080,render_frames/render_00001548.jpg
1289,36.480000,1549,1920,1080,render_frames/render_00001549.jpg
1290,36.500000,1551,1920,1080,render_frames/render_00001551.jpg
1291,36.520000,1552,1920,1080,render_frames/render_00001552.jpg
1292,36.540000,1553,1920,1080,render_frames/render_00001553.jpg
1293,36.560000,1554,1920,1080,render_frames/render_00001554.jpg
1294,36.580000,1555,1920,1080,render_frames/render_00001555.jpg
1295,36.600000,1557,1920,1080,render_frames/render_00001557.jpg
1296,36.620000,1558,1920,1080,render_frames/render_00001558.jpg
1297,36.640000,1559,1920,1080,render_frames/render_00001559.jpg
1298,36.660000,1560,1920,1080,render_frames/render_00001560.jpg
1299,36.680000,1561,1920,1080,render_frames/render_00001561.jpg
1300,36.700000,1563,1920,1080,render_frames/render_00001563.jpg
1301,36.720000,1564,1920,1080,render_frames/render_00001564.jpg
1302,36.740000,1565,1920,1080,render_frames/render_00001565.jpg
1303,36.760000,1566,1920,1080,render_frames/render_00001566.jpg
1304,36.780000,1567,1920,1080,render_frames/render_00001567.jpg
1305,36.800000,1569,1920,1080,render_frames/render_00001569.jpg
1306,36.820000,1570,1920,1080,render_frames/render_00001570.jpg
1307,36.840000,1571,1920,1080,render_frames/render_00001571.jpg
1308,36.860000,1572,1920,1080,render_frames/render_00001572.jpg
1309,36.880000,1573,1920,1080,render_frames/render_00001573.jpg
1310,36.900000,1575,1920,1080,render_frames/render_00001575.jpg
1311,36.920000,1576,1920,1080,render_frames/render_00001576.jpg
1312,36.940000,1577,1920,1080,render_frames/render_00001577.jpg
1313,36.960000,1578,1920,1080,render_frames/render_00001578.jpg
1314,36.980000,1579,1920,1080,render_frames/render_00001579.jpg
1315,37.000000,1581,1920,1080,render_frames/render_00001581.jpg
1316,37.020000,1582,1920,1080,render_frames/render_00001582.jpg
1317,37.040000,1583,1920,1080,render_frames/render_00001583.jpg
1318,37.060000,1584,1920,1080,render_frames/render_00001584.jpg
1319,37.080000,1585,1920,1080,render_frames/render_00001585.jpg
1320,37.100000,1587,1920,1080,render_frames/render_00001587.jpg
1321,37.120000,1588,1920,1080,render_frames/render_00001588.jpg
1322,37.140000,1589,1920,1080,render_frames/render_00001589.jpg
1323,37.160000,1590,1920,1080,render_frames/render_00001590.jpg
1324,37.180000,1591,1920,1080,render_frames/render_00001591.jpg
1325,37.200000,1593,1920,1080,render_frames/render_00001593.jpg
1326,37.220000,1594,1920,1080,render_frames/render_00001594.jpg
1327,37.240000,1595,1920,1080,render_frames/render_00001595.jpg
1328,37.260000,1596,1920,1080,render_frames/render_00001596.jpg
1329,37.280000,1597,1920,1080,render_frames/render_00001597.jpg
1330,37.300000,1599,1920,1080,render_frames/render_00001599.jpg
1331,37.320000,1600,1920,1080,render_frames/render_00001600.jpg
1332,37.340000,1601,1920,1080,render_frames/render_00001601.jpg
1333,37.360000,1602,1920,1080,render_frames/render_00001602.jpg
1334,37.380000,1604,1920,1080,render_frames/render_00001604.jpg
1335,37.400000,1605,1920,1080,render_frames/render_00001605.jpg
1336,37.420000,1606,1920,1080,render_frames/render_00001606.jpg
1337,37.440000,1607,1920,1080,render_frames/render_00001607.jpg
1338,37.460000,1608,1920,1080,render_frames/render_00001608.jpg
1339,37.480000,1610,1920,1080,render_frames/render_00001610.jpg
1340,37.500000,1611,1920,1080,render_frames/render_00001611.jpg
1341,37.520000,1612,1920,1080,render_frames/render_00001612.jpg
1342,37.540000,1613,1920,1080,render_frames/render_00001613.jpg
1343,37.560000,1614,1920,1080,render_frames/render_00001614.jpg
1344,37.580000,1616,1920,1080,render_frames/render_00001616.jpg
1345,37.600000,1617,1920,1080,render_frames/render_00001617.jpg
1346,37.620000,1618,1920,1080,render_frames/render_00001618.jpg
1347,37.640000,1619,1920,1080,render_frames/render_00001619.jpg
1348,37.660000,1620,1920,1080,render_frames/render_00001620.jpg
1349,37.680000,1622,1920,1080,render_frames/render_00001622.jpg
1350,37.700000,1623,1920,1080,render_frames/render_00001623.jpg
1351,37.720000,1624,1920,1080,render_frames/render_00001624.jpg
1352,37.740000,1625,1920,1080,render_frames/render_00001625.jpg
1353,37.760000,1626,1920,1080,render_frames/render_00001626.jpg
1354,37.780000,1628,1920,1080,render_frames/render_00001628.jpg
1355,37.800000,1629,1920,1080,render_frames/render_00001629.jpg
1356,37.820000,1630,1920,1080,render_frames/render_00001630.jpg
1357,37.840000,1631,1920,1080,render_frames/render_00001631.jpg
1358,37.860000,1632,1920,1080,render_frames/render_00001632.jpg
1359,37.880000,1634,1920,1080,render_frames/render_00001634.jpg
1360,37.900000,1635,1920,1080,render_frames/render_00001635.jpg
1361,37.920000,1636,1920,1080,render_frames/render_00001636.jpg
1362,37.940000,1637,1920,1080,render_frames/render_00001637.jpg
1363,37.960000,1638,1920,1080,render_frames/render_00001638.jpg
1364,37.980000,1640,1920,1080,render_frames/render_00001640.jpg
1365,38.000000,1641,1920,1080,render_frames/render_00001641.jpg
1366,38.020000,1642,1920,1080,render_frames/render_00001642.jpg
1367,38.040000,1643,1920,1080,render_frames/render_00001643.jpg
1368,38.060000,1644,1920,1080,render_frames/render_00001644.jpg
1369,38.080000,1646,1920,1080,render_frames/render_00001646.jpg
1370,38.100000,1647,1920,1080,render_frames/render_00001647.jpg
1371,38.120000,1648,1920,1080,render_frames/render_00001648.jpg
1372,38.140000,1649,1920,1080,render_frames/render_00001649.jpg
1373,38.160000,1650,1920,1080,render_frames/render_00001650.jpg
1374,38.180000,1652,1920,1080,render_frames/render_00001652.jpg
1375,38.200000,1653,1920,1080,render_frames/render_00001653.jpg
1376,38.220000,1654,1920,1080,render_frames/render_00001654.jpg
1377,38.240000,1655,1920,1080,render_frames/render_00001655.jpg
1378,38.260000,1656,1920,1080,render_frames/render_00001656.jpg
1379,38.280000,1658,1920,1080,render_frames/render_00001658.jpg
1380,38.300000,1659,1920,1080,render_frames/render_00001659.jpg
1381,38.320000,1660,1920,1080,render_frames/render_00001660.jpg
1382,38.340000,1661,1920,1080,render_frames/render_00001661.jpg
1383,38.360000,1662,1920,1080,render_frames/render_00001662.jpg
1384,38.380000,1664,1920,1080,render_frames/render_00001664.jpg
1385,38.400000,1665,1920,1080,render_frames/render_00001665.jpg
1386,38.420000,1666,1920,1080,render_frames/render_00001666.jpg
1387,38.440000,1667,1920,1080,render_frames/render_00001667.jpg
1388,38.460000,1669,1920,1080,render_frames/render_00001669.jpg
1389,38.480000,1670,1920,1080,render_frames/render_00001670.jpg
1390,38.500000,1671,1920,1080,render_frames/render_00001671.jpg
1391,38.520000,1672,1920,1080,render_frames/render_00001672.jpg
1392,38.540000,1673,1920,1080,render_frames/render_00001673.jpg
1393,38.560000,1675,1920,1080,render_frames/render_00001675.jpg
1394,38.580000,1676,1920,1080,render_frames/render_00001676.jpg
1395,38.600000,1677,1920,1080,render_frames/render_00001677.jpg
1396,38.620000,1678,1920,1080,render_frames/render_00001678.jpg
1397,38.640000,1679,1920,1080,render_frames/render_00001679.jpg
1398,38.660000,1681,1920,1080,render_frames/render_00001681.jpg
1399,38.680000,1682,1920,1080,render_frames/render_00001682.jpg
1400,38.700000,1683,1920,1080,render_frames/render_00001683.jpg
1401,38.720000,1684,1920,1080,render_frames/render_00001684.jpg
1402,38.740000,1685,1920,1080,render_frames/render_00001685.jpg
1403,38.760000,1687,1920,1080,render_frames/render_00001687.jpg
1404,38.780000,1688,1920,1080,render_frames/render_00001688.jpg
1405,38.800000,1689,1920,1080,render_frames/render_00001689.jpg
1406,38.820000,1690,1920,1080,render_frames/render_00001690.jpg
1407,38.840000,1691,1920,1080,render_frames/render_00001691.jpg
1408,38.860000,1693,1920,1080,render_frames/render_00001693.jpg
1409,38.880000,1694,1920,1080,render_frames/render_00001694.jpg
1410,38.900000,1695,1920,1080,render_frames/render_00001695.jpg
1411,38.920000,1696,1920,1080,render_frames/render_00001696.jpg
1412,38.940000,1697,1920,1080,render_frames/render_00001697.jpg
1413,38.960000,1699,1920,1080,render_frames/render_00001699.jpg
1414,38.980000,1700,1920,1080,render_frames/render_00001700.jpg
1415,39.000000,1701,1920,1080,render_frames/render_00001701.jpg
1416,39.020000,1702,1920,1080,render_frames/render_00001702.jpg
1417,39.040000,1703,1920,1080,render_frames/render_00001703.jpg
1418,39.060000,1705,1920,1080,render_frames/render_00001705.jpg
1419,39.080000,1706,1920,1080,render_frames/render_00001706.jpg
1420,39.100000,1707,1920,1080,render_frames/render_00001707.jpg
1421,39.120000,1708,1920,1080,render_frames/render_00001708.jpg
1422,39.140000,1709,1920,1080,render_frames/render_00001709.jpg
1423,39.160000,1711,1920,1080,render_frames/render_00001711.jpg
1424,39.180000,1712,1920,1080,render_frames/render_00001712.jpg
1425,39.200000,1713,1920,1080,render_frames/render_00001713.jpg
1426,39.220000,1714,1920,1080,render_frames/render_00001714.jpg
1427,39.240000,1715,1920,1080,render_frames/render_00001715.jpg
1428,39.260000,1717,1920,1080,render_frames/render_00001717.jpg
1429,39.280000,1718,1920,1080,render_frames/render_00001718.jpg
1430,39.300000,1719,1920,1080,render_frames/render_00001719.jpg
1431,39.320000,1720,1920,1080,render_frames/render_00001720.jpg
1432,39.340000,1722,1920,1080,render_frames/render_00001722.jpg
1433,39.360000,1723,1920,1080,render_frames/render_00001723.jpg
1434,39.380000,1724,1920,1080,render_frames/render_00001724.jpg
1435,39.400000,1725,1920,1080,render_frames/render_00001725.jpg
1436,39.420000,1726,1920,1080,render_frames/render_00001726.jpg
1437,39.440000,1728,1920,1080,render_frames/render_00001728.jpg
1438,39.460000,1729,1920,1080,render_frames/render_00001729.jpg
1439,39.480000,1730,1920,1080,render_frames/render_00001730.jpg
1440,39.500000,1731,1920,1080,render_frames/render_00001731.jpg
1441,39.520000,1732,1920,1080,render_frames/render_00001732.jpg
1442,39.540000,1734,1920,1080,render_frames/render_00001734.jpg
1443,39.560000,1735,1920,1080,render_frames/render_00001735.jpg
1444,39.580000,1736,1920,1080,render_frames/render_00001736.jpg
1445,39.600000,1737,1920,1080,render_frames/render_00001737.jpg
1446,39.620000,1738,1920,1080,render_frames/render_00001738.jpg
1447,39.640000,1740,1920,1080,render_frames/render_00001740.jpg
1448,39.660000,1741,1920,1080,render_frames/render_00001741.jpg
1449,39.680000,1742,1920,1080,render_frames/render_00001742.jpg
1450,39.700000,1743,1920,1080,render_frames/render_00001743.jpg
1451,39.720000,1744,1920,1080,render_frames/render_00001744.jpg
1452,39.740000,1746,1920,1080,render_frames/render_00001746.jpg
1453,39.760000,1747,1920,1080,render_frames/render_00001747.jpg
1454,39.780000,1748,1920,1080,render_frames/render_00001748.jpg
1455,39.800000,1749,1920,1080,render_frames/render_00001749.jpg
1456,39.820000,1750,1920,1080,render_frames/render_00001750.jpg
1457,39.840000,1752,1920,1080,render_frames/render_00001752.jpg
1458,39.860000,1753,1920,1080,render_frames/render_00001753.jpg
1459,39.880000,1754,1920,1080,render_frames/render_00001754.jpg
1460,39.900000,1755,1920,1080,render_frames/render_00001755.jpg
1461,39.920000,1756,1920,1080,render_frames/render_00001756.jpg
1462,39.940000,1758,1920,1080,render_frames/render_00001758.jpg
1463,39.960000,1759,1920,1080,render_frames/render_00001759.jpg
1464,39.980000,1760,1920,1080,render_frames/render_00001760.jpg
1465,40.000000,1761,1920,1080,render_frames/render_00001761.jpg
1466,40.020000,1762,1920,1080,render_frames/render_00001762.jpg
1467,40.040000,1764,1920,1080,render_frames/render_00001764.jpg
1468,40.060000,1765,1920,1080,render_frames/render_00001765.jpg
1469,40.080000,1766,1920,1080,render_frames/render_00001766.jpg
1470,40.100000,1767,1920,1080,render_frames/render_00001767.jpg
1471,40.120000,1768,1920,1080,render_frames/render_00001768.jpg
1472,40.140000,1770,1920,1080,render_frames/render_00001770.jpg
1473,40.160000,1771,1920,1080,render_frames/render_00001771.jpg
1474,40.180000,1772,1920,1080,render_frames/render_00001772.jpg
1475,40.200000,1773,1920,1080,render_frames/render_00001773.jpg
1476,40.220000,1775,1920,1080,render_frames/render_00001775.jpg
1477,40.240000,1776,1920,1080,render_frames/render_00001776.jpg
1478,40.260000,1777,1920,1080,render_frames/render_00001777.jpg
1479,40.280000,1778,1920,1080,render_frames/render_00001778.jpg
1480,40.300000,1779,1920,1080,render_frames/render_00001779.jpg
1481,40.320000,1781,1920,1080,render_frames/render_00001781.jpg
1482,40.340000,1782,1920,1080,render_frames/render_00001782.jpg
1483,40.360000,1783,1920,1080,render_frames/render_00001783.jpg
1484,40.380000,1784,1920,1080,render_frames/render_00001784.jpg
1485,40.400000,1785,1920,1080,render_frames/render_00001785.jpg
1486,40.420000,1787,1920,1080,render_frames/render_00001787.jpg
1487,40.440000,1788,1920,1080,render_frames/render_00001788.jpg
1488,40.460000,1789,1920,1080,render_frames/render_00001789.jpg
1489,40.480000,1790,1920,1080,render_frames/render_00001790.jpg
1490,40.500000,1791,1920,1080,render_frames/render_00001791.jpg
1491,40.520000,1793,1920,1080,render_frames/render_00001793.jpg
1492,40.540000,1794,1920,1080,render_frames/render_00001794.jpg
1493,40.560000,1795,1920,1080,render_frames/render_00001795.jpg
1494,40.580000,1796,1920,1080,render_frames/render_00001796.jpg
1495,40.600000,1797,1920,1080,render_frames/render_00001797.jpg
1496,40.620000,1799,1920,1080,render_frames/render_00001799.jpg
1497,40.640000,1800,1920,1080,render_frames/render_00001800.jpg
1498,40.660000,1801,1920,1080,render_frames/render_00001801.jpg
1499,40.680000,1802,1920,1080,render_frames/render_00001802.jpg
1500,40.700000,1803,1920,1080,render_frames/render_00001803.jpg
1501,40.720000,1805,1920,1080,render_frames/render_00001805.jpg
1502,40.740000,1806,1920,1080,render_frames/render_00001806.jpg
1503,40.760000,1807,1920,1080,render_frames/render_00001807.jpg
1504,40.780000,1808,1920,1080,render_frames/render_00001808.jpg
1505,40.800000,1809,1920,1080,render_frames/render_00001809.jpg
1506,40.820000,1811,1920,1080,render_frames/render_00001811.jpg
1507,40.840000,1812,1920,1080,render_frames/render_00001812.jpg
1508,40.860000,1813,1920,1080,render_frames/render_00001813.jpg
1509,40.880000,1814,1920,1080,render_frames/render_00001814.jpg
1510,40.900000,1815,1920,1080,render_frames/render_00001815.jpg
1511,40.920000,1817,1920,1080,render_frames/render_00001817.jpg
1512,40.940000,1818,1920,1080,render_frames/render_00001818.jpg
1513,40.960000,1819,1920,1080,render_frames/render_00001819.jpg
1514,40.980000,1820,1920,1080,render_frames/render_00001820.jpg
1515,41.000000,1821,1920,1080,render_frames/render_00001821.jpg
1516,41.020000,1823,1920,1080,render_frames/render_00001823.jpg
1517,41.040000,1824,1920,1080,render_frames/render_00001824.jpg
1518,41.060000,1825,1920,1080,render_frames/render_00001825.jpg
1519,41.080000,1826,1920,1080,render_frames/render_00001826.jpg
1520,41.100000,1828,1920,1080,render_frames/render_00001828.jpg
1521,41.120000,1829,1920,1080,render_frames/render_00001829.jpg
1522,41.140000,1830,1920,1080,render_frames/render_00001830.jpg
1523,41.160000,1831,1920,1080,render_frames/render_00001831.jpg
1524,41.180000,1832,1920,1080,render_frames/render_00001832.jpg
1525,41.200000,1834,1920,1080,render_frames/render_00001834.jpg
1526,41.220000,1835,1920,1080,render_frames/render_00001835.jpg
1527,41.240000,1836,1920,1080,render_frames/render_00001836.jpg
1528,41.260000,1837,1920,1080,render_frames/render_00001837.jpg
1529,41.280000,1838,1920,1080,render_frames/render_00001838.jpg
1530,41.300000,1840,1920,1080,render_frames/render_00001840.jpg
1531,41.320000,1841,1920,1080,render_frames/render_00001841.jpg
1532,41.340000,1842,1920,1080,render_frames/render_00001842.jpg
1533,41.360000,1843,1920,1080,render_frames/render_00001843.jpg
1534,41.380000,1844,1920,1080,render_frames/render_00001844.jpg
1535,41.400000,1846,1920,1080,render_frames/render_00001846.jpg
1536,41.420000,1847,1920,1080,render_frames/render_00001847.jpg
1537,41.440000,1848,1920,1080,render_frames/render_00001848.jpg
1538,41.460000,1849,1920,1080,render_frames/render_00001849.jpg
1539,41.480000,1850,1920,1080,render_frames/render_00001850.jpg
1540,41.500000,1852,1920,1080,render_frames/render_00001852.jpg
1541,41.520000,1853,1920,1080,render_frames/render_00001853.jpg
1542,41.540000,1854,1920,1080,render_frames/render_00001854.jpg
1543,41.560000,1855,1920,1080,render_frames/render_00001855.jpg
1544,41.580000,1856,1920,1080,render_frames/render_00001856.jpg
1545,41.600000,1858,1920,1080,render_frames/render_00001858.jpg
1546,41.620000,1859,1920,1080,render_frames/render_00001859.jpg
1547,41.640000,1860,1920,1080,render_frames/render_00001860.jpg
1548,41.660000,1861,1920,1080,render_frames/render_00001861.jpg
1549,41.680000,1862,1920,1080,render_frames/render_00001862.jpg
1550,41.700000,1864,1920,1080,render_frames/render_00001864.jpg
1551,41.720000,1865,1920,1080,render_frames/render_00001865.jpg
1552,41.740000,1866,1920,1080,render_frames/render_00001866.jpg
1553,41.760000,1867,1920,1080,render_frames/render_00001867.jpg
1554,41.780000,1868,1920,1080,render_frames/render_00001868.jpg
1555,41.800000,1870,1920,1080,render_frames/render_00001870.jpg
1556,41.820000,1871,1920,1080,render_frames/render_00001871.jpg
1557,41.840000,1872,1920,1080,render_frames/render_00001872.jpg
1558,41.860000,1873,1920,1080,render_frames/render_00001873.jpg
1559,41.880000,1874,1920,1080,render_frames/render_00001874.jpg
1560,41.900000,1876,1920,1080,render_frames/render_00001876.jpg
1561,41.920000,1877,1920,1080,render_frames/render_00001877.jpg
1562,41.940000,1878,1920,1080,render_frames/render_00001878.jpg
1563,41.960000,1879,1920,1080,render_frames/render_00001879.jpg
1564,41.980000,1880,1920,1080,render_frames/render_00001880.jpg
1565,42.000000,1882,1920,1080,render_frames/render_00001882.jpg
1566,42.020000,1883,1920,1080,render_frames/render_00001883.jpg
1567,42.040000,1884,1920,1080,render_frames/render_00001884.jpg
1568,42.060000,1885,1920,1080,render_frames/render_00001885.jpg
1569,42.080000,1886,1920,1080,render_frames/render_00001886.jpg
1570,42.100000,1888,1920,1080,render_frames/render_00001888.jpg
1571,42.120000,1889,1920,1080,render_frames/render_00001889.jpg
1572,42.140000,1890,1920,1080,render_frames/render_00001890.jpg
1573,42.160000,1891,1920,1080,render_frames/render_00001891.jpg
1574,42.180000,1892,1920,1080,render_frames/render_00001892.jpg
1575,42.200000,1894,1920,1080,render_frames/render_00001894.jpg
1576,42.220000,1895,1920,1080,render_frames/render_00001895.jpg
1577,42.240000,1896,1920,1080,render_frames/render_00001896.jpg
1578,42.260000,1897,1920,1080,render_frames/render_00001897.jpg
1579,42.280000,1898,1920,1080,render_frames/render_00001898.jpg
1580,42.300000,1900,1920,1080,render_frames/render_00001900.jpg
1581,42.320000,1901,1920,1080,render_frames/render_00001901.jpg
1582,42.340000,1902,1920,1080,render_frames/render_00001902.jpg
1583,42.360000,1903,1920,1080,render_frames/render_00001903.jpg
1584,42.380000,1905,1920,1080,render_frames/render_00001905.jpg
1585,42.400000,1906,1920,1080,render_frames/render_00001906.jpg
1586,42.420000,1907,1920,1080,render_frames/render_00001907.jpg
1587,42.440000,1908,1920,1080,render_frames/render_00001908.jpg
1588,42.460000,1909,1920,1080,render_frames/render_00001909.jpg
1589,42.480000,1911,1920,1080,render_frames/render_00001911.jpg
1590,42.500000,1912,1920,1080,render_frames/render_00001912.jpg
1591,42.520000,1913,1920,1080,render_frames/render_00001913.jpg
1592,42.540000,1914,1920,1080,render_frames/render_00001914.jpg
1593,42.560000,1915,1920,1080,render_frames/render_00001915.jpg
1594,42.580000,1917,1920,1080,render_frames/render_00001917.jpg
1595,42.600000,1918,1920,1080,render_frames/render_00001918.jpg
1596,42.620000,1919,1920,1080,render_frames/render_00001919.jpg
1597,42.640000,1920,1920,1080,render_frames/render_00001920.jpg
1598,42.660000,1921,1920,1080,render_frames/render_00001921.jpg
1599,42.680000,1923,1920,1080,render_frames/render_00001923.jpg
1600,42.700000,1924,1920,1080,render_frames/render_00001924.jpg
1601,42.720000,1925,1920,1080,render_frames/render_00001925.jpg
1602,42.740000,1926,1920,1080,render_frames/render_00001926.jpg
1603,42.760000,1927,1920,1080,render_frames/render_00001927.jpg
1604,42.780000,1929,1920,1080,render_frames/render_00001929.jpg
1605,42.800000,1930,1920,1080,render_frames/render_00001930.jpg
1606,42.820000,1931,1920,1080,render_frames/render_00001931.jpg
1607,42.840000,1932,1920,1080,render_frames/render_00001932.jpg
1608,42.860000,1933,1920,1080,render_frames/render_00001933.jpg
1609,42.880000,1935,1920,1080,render_frames/render_00001935.jpg
1610,42.900000,1936,1920,1080,render_frames/render_00001936.jpg
1611,42.920000,1937,1920,1080,render_frames/render_00001937.jpg
1612,42.940000,1938,1920,1080,render_frames/render_00001938.jpg
1613,42.960000,1939,1920,1080,render_frames/render_00001939.jpg
1614,42.980000,1941,1920,1080,render_frames/render_00001941.jpg
1615,43.000000,1942,1920,1080,render_frames/render_00001942.jpg
1616,43.020000,1943,1920,1080,render_frames/render_00001943.jpg
1617,43.040000,1944,1920,1080,render_frames/render_00001944.jpg
1618,43.060000,1945,1920,1080,render_frames/render_00001945.jpg
1619,43.080000,1947,1920,1080,render_frames/render_00001947.jpg
1620,43.100000,1948,1920,1080,render_frames/render_00001948.jpg
1621,43.120000,1949,1920,1080,render_frames/render_00001949.jpg
1622,43.140000,1950,1920,1080,render_frames/render_00001950.jpg
1623,43.160000,1951,1920,1080,render_frames/render_00001951.jpg
1624,43.180000,1953,1920,1080,render_frames/render_00001953.jpg
1625,43.200000,1954,1920,1080,render_frames/render_00001954.jpg
1626,43.220000,1955,1920,1080,render_frames/render_00001955.jpg
1627,43.240000,1956,1920,1080,render_frames/render_00001956.jpg
1628,43.260000,1958,1920,1080,render_frames/render_00001958.jpg
1629,43.280000,1959,1920,1080,render_frames/render_00001959.jpg
1630,43.300000,1960,1920,1080,render_frames/render_00001960.jpg
1631,43.320000,1961,1920,1080,render_frames/render_00001961.jpg
1632,43.340000,1962,1920,1080,render_frames/render_00001962.jpg
1633,43.360000,1964,1920,1080,render_frames/render_00001964.jpg
1634,43.380000,1965,1920,1080,render_frames/render_00001965.jpg
1635,43.400000,1966,1920,1080,render_frames/render_00001966.jpg
1636,43.420000,1967,1920,1080,render_frames/render_00001967.jpg
1637,43.440000,1968,1920,1080,render_frames/render_00001968.jpg
1638,43.460000,1970,1920,1080,render_frames/render_00001970.jpg
1639,43.480000,1971,1920,1080,render_frames/render_00001971.jpg
1640,43.500000,1972,1920,1080,render_frames/render_00001972.jpg
1641,43.520000,1973,1920,1080,render_frames/render_00001973.jpg
1642,43.540000,1974,1920,1080,render_frames/render_00001974.jpg
1643,43.560000,1975,1920,1080,render_frames/render_00001975.jpg
1644,43.580000,1977,1920,1080,render_frames/render_00001977.jpg
1645,43.600000,1978,1920,1080,render_frames/render_00001978.jpg
1646,43.620000,1979,1920,1080,render_frames/render_00001979.jpg
1647,43.640000,1980,1920,1080,render_frames/render_00001980.jpg
1648,43.660000,1982,1920,1080,render_frames/render_00001982.jpg
1649,43.680000,1983,1920,1080,render_frames/render_00001983.jpg
1650,43.700000,1984,1920,1080,render_frames/render_00001984.jpg
1651,43.720000,1984,1920,1080,render_frames/render_00001984.jpg
1652,43.740000,1986,1920,1080,render_frames/render_00001986.jpg
1653,43.760000,1987,1920,1080,render_frames/render_00001987.jpg
1654,43.780000,1988,1920,1080,render_frames/render_00001988.jpg
1655,43.800000,1989,1920,1080,render_frames/render_00001989.jpg
1656,43.820000,1990,1920,1080,render_frames/render_00001990.jpg
1657,43.840000,1992,1920,1080,render_frames/render_00001992.jpg
1658,43.860000,1993,1920,1080,render_frames/render_00001993.jpg
1659,43.880000,1994,1920,1080,render_frames/render_00001994.jpg
1660,43.900000,1995,1920,1080,render_frames/render_00001995.jpg
1661,43.920000,1996,1920,1080,render_frames/render_00001996.jpg
1662,43.940000,1998,1920,1080,render_frames/render_00001998.jpg
1663,43.960000,1999,1920,1080,render_frames/render_00001999.jpg
1664,43.980000,2000,1920,1080,render_frames/render_00002000.jpg
1665,44.000000,2001,1920,1080,render_frames/render_00002001.jpg
1666,44.020000,2002,1920,1080,render_frames/render_00002002.jpg
1667,44.040000,2004,1920,1080,render_frames/render_00002004.jpg
1668,44.060000,2005,1920,1080,render_frames/render_00002005.jpg
1669,44.080000,2006,1920,1080,render_frames/render_00002006.jpg
1670,44.100000,2007,1920,1080,render_frames/render_00002007.jpg
1671,44.120000,2008,1920,1080,render_frames/render_00002008.jpg
1672,44.140000,2010,1920,1080,render_frames/render_00002010.jpg
1673,44.160000,2011,1920,1080,render_frames/render_00002011.jpg
1674,44.180000,2012,1920,1080,render_frames/render_00002012.jpg
1675,44.200000,2013,1920,1080,render_frames/render_00002013.jpg
1676,44.220000,2014,1920,1080,render_frames/render_00002014.jpg
1677,44.240000,2016,1920,1080,render_frames/render_00002016.jpg
1678,44.260000,2017,1920,1080,render_frames/render_00002017.jpg
1679,44.280000,2018,1920,1080,render_frames/render_00002018.jpg
1680,44.300000,2019,1920,1080,render_frames/render_00002019.jpg
1681,44.320000,2021,1920,1080,render_frames/render_00002021.jpg
1682,44.340000,2022,1920,1080,render_frames/render_00002022.jpg
1683,44.360000,2023,1920,1080,render_frames/render_00002023.jpg
1684,44.380000,2024,1920,1080,render_frames/render_00002024.jpg
1685,44.400000,2025,1920,1080,render_frames/render_00002025.jpg
1686,44.420000,2027,1920,1080,render_frames/render_00002027.jpg
1687,44.440000,2028,1920,1080,render_frames/render_00002028.jpg
1688,44.460000,2029,1920,1080,render_frames/render_00002029.jpg
1689,44.480000,2030,1920,1080,render_frames/render_00002030.jpg
1690,44.500000,2031,1920,1080,render_frames/render_00002031.jpg
1691,44.520000,2033,1920,1080,render_frames/render_00002033.jpg
1692,44.540000,2034,1920,1080,render_frames/render_00002034.jpg
1693,44.560000,2035,1920,1080,render_frames/render_00002035.jpg
1694,44.580000,2036,1920,1080,render_frames/render_00002036.jpg
1695,44.600000,2037,1920,1080,render_frames/render_00002037.jpg
1696,44.620000,2039,1920,1080,render_frames/render_00002039.jpg
1697,44.640000,2040,1920,1080,render_frames/render_00002040.jpg
1698,44.660000,2041,1920,1080,render_frames/render_00002041.jpg
1699,44.680000,2042,1920,1080,render_frames/render_00002042.jpg
1700,44.700000,2043,1920,1080,render_frames/render_00002043.jpg
1701,44.720000,2045,1920,1080,render_frames/render_00002045.jpg
1702,44.740000,2046,1920,1080,render_frames/render_00002046.jpg
1703,44.760000,2047,1920,1080,render_frames/render_00002047.jpg
1704,44.780000,2048,1920,1080,render_frames/render_00002048.jpg
1705,44.800000,2049,1920,1080,render_frames/render_00002049.jpg
1706,44.820000,2051,1920,1080,render_frames/render_00002051.jpg
1707,44.840000,2052,1920,1080,render_frames/render_00002052.jpg
1708,44.860000,2053,1920,1080,render_frames/render_00002053.jpg
1709,44.880000,2054,1920,1080,render_frames/render_00002054.jpg
1710,44.900000,2055,1920,1080,render_frames/render_00002055.jpg
1711,44.920000,2057,1920,1080,render_frames/render_00002057.jpg
1712,44.940000,2058,1920,1080,render_frames/render_00002058.jpg
1713,44.960000,2059,1920,1080,render_frames/render_00002059.jpg
1714,44.980000,2060,1920,1080,render_frames/render_00002060.jpg
1715,45.000000,2061,1920,1080,render_frames/render_00002061.jpg
1716,45.020000,2063,1920,1080,render_frames/render_00002063.jpg
1717,45.040000,2064,1920,1080,render_frames/render_00002064.jpg
1718,45.060000,2065,1920,1080,render_frames/render_00002065.jpg
1719,45.080000,2066,1920,1080,render_frames/render_00002066.jpg
1720,45.100000,2067,1920,1080,render_frames/render_00002067.jpg
1721,45.120000,2069,1920,1080,render_frames/render_00002069.jpg
1722,45.140000,2070,1920,1080,render_frames/render_00002070.jpg
1723,45.160000,2071,1920,1080,render_frames/render_00002071.jpg
1724,45.180000,2072,1920,1080,render_frames/render_00002072.jpg
1725,45.200000,2073,1920,1080,render_frames/render_00002073.jpg
1726,45.220000,2074,1920,1080,render_frames/render_00002074.jpg
1727,45.240000,2076,1920,1080,render_frames/render_00002076.jpg
1728,45.260000,2077,1920,1080,render_frames/render_00002077.jpg
1729,45.280000,2078,1920,1080,render_frames/render_00002078.jpg
1730,45.300000,2079,1920,1080,render_frames/render_00002079.jpg
1731,45.320000,2081,1920,1080,render_frames/render_00002081.jpg
1732,45.340000,2082,1920,1080,render_frames/render_00002082.jpg
1733,45.360000,2083,1920,1080,render_frames/render_00002083.jpg
1734,45.380000,2084,1920,1080,render_frames/render_00002084.jpg
1735,45.400000,2086,1920,1080,render_frames/render_00002086.jpg
1736,45.420000,2087,1920,1080,render_frames/render_00002087.jpg
1737,45.440000,2088,1920,1080,render_frames/render_00002088.jpg
1738,45.460000,2089,1920,1080,render_frames/render_00002089.jpg
1739,45.480000,2090,1920,1080,render_frames/render_00002090.jpg
1740,45.500000,2092,1920,1080,render_frames/render_00002092.jpg
1741,45.520000,2093,1920,1080,render_frames/render_00002093.jpg
1742,45.540000,2094,1920,1080,render_frames/render_00002094.jpg
1743,45.560000,2095,1920,1080,render_frames/render_00002095.jpg
1744,45.580000,2096,1920,1080,render_frames/render_00002096.jpg
1745,45.600000,2098,1920,1080,render_frames/render_00002098.jpg
1746,45.620000,2099,1920,1080,render_frames/render_00002099.jpg
1747,45.640000,2100,1920,1080,render_frames/render_00002100.jpg
1748,45.660000,2101,1920,1080,render_frames/render_00002101.jpg
1749,45.680000,2102,1920,1080,render_frames/render_00002102.jpg
1750,45.700000,2104,1920,1080,render_frames/render_00002104.jpg
1751,45.720000,2105,1920,1080,render_frames/render_00002105.jpg
1752,45.740000,2106,1920,1080,render_frames/render_00002106.jpg
1753,45.760000,2107,1920,1080,render_frames/render_00002107.jpg
1754,45.780000,2108,1920,1080,render_frames/render_00002108.jpg
1755,45.800000,2110,1920,1080,render_frames/render_00002110.jpg
1756,45.820000,2111,1920,1080,render_frames/render_00002111.jpg
1757,45.840000,2112,1920,1080,render_frames/render_00002112.jpg
1758,45.860000,2113,1920,1080,render_frames/render_00002113.jpg
1759,45.880000,2114,1920,1080,render_frames/render_00002114.jpg
1760,45.900000,2116,1920,1080,render_frames/render_00002116.jpg
1761,45.920000,2117,1920,1080,render_frames/render_00002117.jpg
1762,45.940000,2118,1920,1080,render_frames/render_00002118.jpg
1763,45.960000,2119,1920,1080,render_frames/render_00002119.jpg
1764,45.980000,2120,1920,1080,render_frames/render_00002120.jpg
1765,46.000000,2122,1920,1080,render_frames/render_00002122.jpg
1766,46.020000,2123,1920,1080,render_frames/render_00002123.jpg
1767,46.040000,2124,1920,1080,render_frames/render_00002124.jpg
1768,46.060000,2125,1920,1080,render_frames/render_00002125.jpg
1769,46.080000,2126,1920,1080,render_frames/render_00002126.jpg
1770,46.100000,2128,1920,1080,render_frames/render_00002128.jpg
1771,46.120000,2129,1920,1080,render_frames/render_00002129.jpg
1772,46.140000,2130,1920,1080,render_frames/render_00002130.jpg
1773,46.160000,2131,1920,1080,render_frames/render_00002131.jpg
1774,46.180000,2132,1920,1080,render_frames/render_00002132.jpg
1775,46.200000,2134,1920,1080,render_frames/render_00002134.jpg
1776,46.220000,2135,1920,1080,render_frames/render_00002135.jpg
1777,46.240000,2136,1920,1080,render_frames/render_00002136.jpg
1778,46.260000,2137,1920,1080,render_frames/render_00002137.jpg
1779,46.280000,2138,1920,1080,render_frames/render_00002138.jpg
1780,46.300000,2140,1920,1080,render_frames/render_00002140.jpg
1781,46.320000,2141,1920,1080,render_frames/render_00002141.jpg
1782,46.340000,2142,1920,1080,render_frames/render_00002142.jpg
1783,46.360000,2143,1920,1080,render_frames/render_00002143.jpg
1784,46.380000,2144,1920,1080,render_frames/render_00002144.jpg
1785,46.400000,2146,1920,1080,render_frames/render_00002146.jpg
1786,46.420000,2147,1920,1080,render_frames/render_00002147.jpg
1787,46.440000,2148,1920,1080,render_frames/render_00002148.jpg
1788,46.460000,2149,1920,1080,render_frames/render_00002149.jpg
1789,46.480000,2151,1920,1080,render_frames/render_00002151.jpg
1790,46.500000,2151,1920,1080,render_frames/render_00002151.jpg
1791,46.520000,2153,1920,1080,render_frames/render_00002153.jpg
1792,46.540000,2154,1920,1080,render_frames/render_00002154.jpg
1793,46.560000,2155,1920,1080,render_frames/render_00002155.jpg
1794,46.580000,2157,1920,1080,render_frames/render_00002157.jpg
1795,46.600000,2158,1920,1080,render_frames/render_00002158.jpg
1796,46.620000,2159,1920,1080,render_frames/render_00002159.jpg
1797,46.640000,2160,1920,1080,render_frames/render_00002160.jpg
1798,46.660000,2161,1920,1080,render_frames/render_00002161.jpg
1799,46.680000,2163,1920,1080,render_frames/render_00002163.jpg
1800,46.700000,2164,1920,1080,render_frames/render_00002164.jpg
1801,46.720000,2165,1920,1080,render_frames/render_00002165.jpg
1802,46.740000,2166,1920,1080,render_frames/render_00002166.jpg
1803,46.760000,2167,1920,1080,render_frames/render_00002167.jpg
1804,46.780000,2169,1920,1080,render_frames/render_00002169.jpg
1805,46.800000,2170,1920,1080,render_frames/render_00002170.jpg
1806,46.820000,2171,1920,1080,render_frames/render_00002171.jpg
1807,46.840000,2172,1920,1080,render_frames/render_00002172.jpg
1808,46.860000,2173,1920,1080,render_frames/render_00002173.jpg
1809,46.880000,2175,1920,1080,render_frames/render_00002175.jpg
1810,46.900000,2176,1920,1080,render_frames/render_00002176.jpg
1811,46.920000,2177,1920,1080,render_frames/render_00002177.jpg
1812,46.940000,2178,1920,1080,render_frames/render_00002178.jpg
1813,46.960000,2179,1920,1080,render_frames/render_00002179.jpg
1814,46.980000,2181,1920,1080,render_frames/render_00002181.jpg
1815,47.000000,2182,1920,1080,render_frames/render_00002182.jpg
1816,47.020000,2183,1920,1080,render_frames/render_00002183.jpg
1817,47.040000,2184,1920,1080,render_frames/render_00002184.jpg
1818,47.060000,2186,1920,1080,render_frames/render_00002186.jpg
1819,47.080000,2187,1920,1080,render_frames/render_00002187.jpg
1820,47.100000,2188,1920,1080,render_frames/render_00002188.jpg
1821,47.120000,2189,1920,1080,render_frames/render_00002189.jpg
1822,47.140000,2190,1920,1080,render_frames/render_00002190.jpg
1823,47.160000,2191,1920,1080,render_frames/render_00002191.jpg
1824,47.180000,2193,1920,1080,render_frames/render_00002193.jpg
1825,47.200000,2194,1920,1080,render_frames/render_00002194.jpg
1826,47.220000,2195,1920,1080,render_frames/render_00002195.jpg
1827,47.240000,2196,1920,1080,render_frames/render_00002196.jpg
1828,47.260000,2198,1920,1080,render_frames/render_00002198.jpg
1829,47.280000,2199,1920,1080,render_frames/render_00002199.jpg
1830,47.300000,2200,1920,1080,render_frames/render_00002200.jpg
1831,47.320000,2201,1920,1080,render_frames/render_00002201.jpg
1832,47.340000,2202,1920,1080,render_frames/render_00002202.jpg
1833,47.360000,2204,1920,1080,render_frames/render_00002204.jpg
1834,47.380000,2205,1920,1080,render_frames/render_00002205.jpg
1835,47.400000,2206,1920,1080,render_frames/render_00002206.jpg
1836,47.420000,2207,1920,1080,render_frames/render_00002207.jpg
1837,47.440000,2208,1920,1080,render_frames/render_00002208.jpg
1838,47.460000,2210,1920,1080,render_frames/render_00002210.jpg
1839,47.480000,2211,1920,1080,render_frames/render_00002211.jpg
1840,47.500000,2212,1920,1080,render_frames/render_00002212.jpg
1841,47.520000,2213,1920,1080,render_frames/render_00002213.jpg
1842,47.540000,2214,1920,1080,render_frames/render_00002214.jpg
1843,47.560000,2216,1920,1080,render_frames/render_00002216.jpg
1844,47.580000,2217,1920,1080,render_frames/render_00002217.jpg
1845,47.600000,2218,1920,1080,render_frames/render_00002218.jpg
1846,47.620000,2219,1920,1080,render_frames/render_00002219.jpg
1847,47.640000,2220,1920,1080,render_frames/render_00002220.jpg
1848,47.660000,2222,1920,1080,render_frames/render_00002222.jpg
1849,47.680000,2223,1920,1080,render_frames/render_00002223.jpg
1850,47.700000,2224,1920,1080,render_frames/render_00002224.jpg
1851,47.720000,2225,1920,1080,render_frames/render_00002225.jpg
1852,47.740000,2226,1920,1080,render_frames/render_00002226.jpg
1853,47.760000,2228,1920,1080,render_frames/render_00002228.jpg
1854,47.780000,2229,1920,1080,render_frames/render_00002229.jpg
1855,47.800000,2230,1920,1080,render_frames/render_00002230.jpg
1856,47.820000,2231,1920,1080,render_frames/render_00002231.jpg
1857,47.840000,2232,1920,1080,render_frames/render_00002232.jpg
1858,47.860000,2234,1920,1080,render_frames/render_00002234.jpg
1859,47.880000,2235,1920,1080,render_frames/render_00002235.jpg
1860,47.900000,2236,1920,1080,render_frames/render_00002236.jpg
1861,47.920000,2237,1920,1080,render_frames/render_00002237.jpg
1862,47.940000,2239,1920,1080,render_frames/render_00002239.jpg
1863,47.960000,2240,1920,1080,render_frames/render_00002240.jpg
1864,47.980000,2241,1920,1080,render_frames/render_00002241.jpg
1865,48.000000,2242,1920,1080,render_frames/render_00002242.jpg
1866,48.020000,2243,1920,1080,render_frames/render_00002243.jpg
1867,48.040000,2244,1920,1080,render_frames/render_00002244.jpg
1868,48.060000,2246,1920,1080,render_frames/render_00002246.jpg
1869,48.080000,2247,1920,1080,render_frames/render_00002247.jpg
1870,48.100000,2248,1920,1080,render_frames/render_00002248.jpg
1871,48.120000,2249,1920,1080,render_frames/render_00002249.jpg
1872,48.140000,2251,1920,1080,render_frames/render_00002251.jpg
1873,48.160000,2252,1920,1080,render_frames/render_00002252.jpg
1874,48.180000,2253,1920,1080,render_frames/render_00002253.jpg
1875,48.200000,2254,1920,1080,render_frames/render_00002254.jpg
1876,48.220000,2255,1920,1080,render_frames/render_00002255.jpg
1877,48.240000,2257,1920,1080,render_frames/render_00002257.jpg
1878,48.260000,2258,1920,1080,render_frames/render_00002258.jpg
1879,48.280000,2259,1920,1080,render_frames/render_00002259.jpg
1880,48.300000,2260,1920,1080,render_frames/render_00002260.jpg
1881,48.320000,2261,1920,1080,render_frames/render_00002261.jpg
1882,48.340000,2263,1920,1080,render_frames/render_00002263.jpg
1883,48.360000,2264,1920,1080,render_frames/render_00002264.jpg
1884,48.380000,2265,1920,1080,render_frames/render_00002265.jpg
1885,48.400000,2266,1920,1080,render_frames/render_00002266.jpg
1886,48.420000,2267,1920,1080,render_frames/render_00002267.jpg
1887,48.440000,2269,1920,1080,render_frames/render_00002269.jpg
1888,48.460000,2270,1920,1080,render_frames/render_00002270.jpg
1889,48.480000,2271,1920,1080,render_frames/render_00002271.jpg
1890,48.500000,2272,1920,1080,render_frames/render_00002272.jpg
1891,48.520000,2273,1920,1080,render_frames/render_00002273.jpg
1892,48.540000,2275,1920,1080,render_frames/render_00002275.jpg
1893,48.560000,2276,1920,1080,render_frames/render_00002276.jpg
1894,48.580000,2277,1920,1080,render_frames/render_00002277.jpg
1895,48.600000,2278,1920,1080,render_frames/render_00002278.jpg
1896,48.620000,2279,1920,1080,render_frames/render_00002279.jpg
1897,48.640000,2281,1920,1080,render_frames/render_00002281.jpg
1898,48.660000,2282,1920,1080,render_frames/render_00002282.jpg
1899,48.680000,2283,1920,1080,render_frames/render_00002283.jpg
1900,48.700000,2284,1920,1080,render_frames/render_00002284.jpg
1901,48.720000,2285,1920,1080,render_frames/render_00002285.jpg
1902,48.740000,2287,1920,1080,render_frames/render_00002287.jpg
1903,48.760000,2288,1920,1080,render_frames/render_00002288.jpg
1904,48.780000,2289,1920,1080,render_frames/render_00002289.jpg
1905,48.800000,2290,1920,1080,render_frames/render_00002290.jpg
1906,48.820000,2291,1920,1080,render_frames/render_00002291.jpg
1907,48.840000,2293,1920,1080,render_frames/render_00002293.jpg
1908,48.860000,2294,1920,1080,render_frames/render_00002294.jpg
1909,48.880000,2295,1920,1080,render_frames/render_00002295.jpg
1910,48.900000,2296,1920,1080,render_frames/render_00002296.jpg
1911,48.920000,2298,1920,1080,render_frames/render_00002298.jpg
1912,48.940000,2299,1920,1080,render_frames/render_00002299.jpg
1913,48.960000,2300,1920,1080,render_frames/render_00002300.jpg
1914,48.980000,2301,1920,1080,render_frames/render_00002301.jpg
1915,49.000000,2302,1920,1080,render_frames/render_00002302.jpg
1916,49.020000,2304,1920,1080,render_frames/render_00002304.jpg
1917,49.040000,2305,1920,1080,render_frames/render_00002305.jpg
1918,49.060000,2306,1920,1080,render_frames/render_00002306.jpg
1919,49.080000,2307,1920,1080,render_frames/render_00002307.jpg
1920,49.100000,2308,1920,1080,render_frames/render_00002308.jpg
1921,49.120000,2310,1920,1080,render_frames/render_00002310.jpg
1922,49.140000,2311,1920,1080,render_frames/render_00002311.jpg
1923,49.160000,2312,1920,1080,render_frames/render_00002312.jpg
1924,49.180000,2313,1920,1080,render_frames/render_00002313.jpg
1925,49.200000,2314,1920,1080,render_frames/render_00002314.jpg
1926,49.220000,2316,1920,1080,render_frames/render_00002316.jpg
1927,49.240000,2317,1920,1080,render_frames/render_00002317.jpg
1928,49.260000,2318,1920,1080,render_frames/render_00002318.jpg
1929,49.280000,2319,1920,1080,render_frames/render_00002319.jpg
1930,49.300000,2320,1920,1080,render_frames/render_00002320.jpg
1931,49.320000,2321,1920,1080,render_frames/render_00002321.jpg
1932,49.340000,2323,1920,1080,render_frames/render_00002323.jpg
1933,49.360000,2324,1920,1080,render_frames/render_00002324.jpg
1934,49.380000,2325,1920,1080,render_frames/render_00002325.jpg
1935,49.400000,2326,1920,1080,render_frames/render_00002326.jpg
1936,49.420000,2328,1920,1080,render_frames/render_00002328.jpg
1937,49.440000,2329,1920,1080,render_frames/render_00002329.jpg
1938,49.460000,2330,1920,1080,render_frames/render_00002330.jpg
1939,49.480000,2331,1920,1080,render_frames/render_00002331.jpg
1940,49.500000,2332,1920,1080,render_frames/render_00002332.jpg
1941,49.520000,2334,1920,1080,render_frames/render_00002334.jpg
1942,49.540000,2335,1920,1080,render_frames/render_00002335.jpg
1943,49.560000,2336,1920,1080,render_frames/render_00002336.jpg
1944,49.580000,2337,1920,1080,render_frames/render_00002337.jpg
1945,49.600000,2338,1920,1080,render_frames/render_00002338.jpg
1946,49.620000,2340,1920,1080,render_frames/render_00002340.jpg
1947,49.640000,2341,1920,1080,render_frames/render_00002341.jpg
1948,49.660000,2342,1920,1080,render_frames/render_00002342.jpg
1949,49.680000,2343,1920,1080,render_frames/render_00002343.jpg
1950,49.700000,2344,1920,1080,render_frames/render_00002344.jpg
1951,49.720000,2346,1920,1080,render_frames/render_00002346.jpg
1952,49.740000,2347,1920,1080,render_frames/render_00002347.jpg
1953,49.760000,2348,1920,1080,render_frames/render_00002348.jpg
1954,49.780000,2349,1920,1080,render_frames/render_00002349.jpg
1955,49.800000,2350,1920,1080,render_frames/render_00002350.jpg
1956,49.820000,2352,1920,1080,render_frames/render_00002352.jpg
1957,49.840000,2353,1920,1080,render_frames/render_00002353.jpg
1958,49.860000,2354,1920,1080,render_frames/render_00002354.jpg
1959,49.880000,2355,1920,1080,render_frames/render_00002355.jpg
1960,49.900000,2356,1920,1080,render_frames/render_00002356.jpg
1961,49.920000,2358,1920,1080,render_frames/render_00002358.jpg
1962,49.940000,2359,1920,1080,render_frames/render_00002359.jpg
1963,49.960000,2360,1920,1080,render_frames/render_00002360.jpg
1964,49.980000,2361,1920,1080,render_frames/render_00002361.jpg
1965,50.000000,2363,1920,1080,render_frames/render_00002363.jpg
1966,50.020000,2364,1920,1080,render_frames/render_00002364.jpg
1967,50.040000,2365,1920,1080,render_frames/render_00002365.jpg
1968,50.060000,2366,1920,1080,render_frames/render_00002366.jpg
1969,50.080000,2367,1920,1080,render_frames/render_00002367.jpg
1970,50.100000,2369,1920,1080,render_frames/render_00002369.jpg
1971,50.120000,2370,1920,1080,render_frames/render_00002370.jpg
1972,50.140000,2371,1920,1080,render_frames/render_00002371.jpg
1973,50.160000,2372,1920,1080,render_frames/render_00002372.jpg
1974,50.180000,2373,1920,1080,render_frames/render_00002373.jpg
1975,50.200000,2375,1920,1080,render_frames/render_00002375.jpg
1976,50.220000,2376,1920,1080,render_frames/render_00002376.jpg
1977,50.240000,2377,1920,1080,render_frames/render_00002377.jpg
1978,50.260000,2378,1920,1080,render_frames/render_00002378.jpg
1979,50.280000,2379,1920,1080,render_frames/render_00002379.jpg
1980,50.300000,2381,1920,1080,render_frames/render_00002381.jpg
1981,50.320000,2382,1920,1080,render_frames/render_00002382.jpg
1982,50.340000,2383,1920,1080,render_frames/render_00002383.jpg
1983,50.360000,2384,1920,1080,render_frames/render_00002384.jpg
1984,50.380000,2385,1920,1080,render_frames/render_00002385.jpg
1985,50.400000,2387,1920,1080,render_frames/render_00002387.jpg
1986,50.420000,2388,1920,1080,render_frames/render_00002388.jpg
1987,50.440000,2389,1920,1080,render_frames/render_00002389.jpg
1988,50.460000,2390,1920,1080,render_frames/render_00002390.jpg
1989,50.480000,2391,1920,1080,render_frames/render_00002391.jpg
1990,50.500000,2393,1920,1080,render_frames/render_00002393.jpg
1991,50.520000,2394,1920,1080,render_frames/render_00002394.jpg
1992,50.540000,2395,1920,1080,render_frames/render_00002395.jpg
1993,50.560000,2396,1920,1080,render_frames/render_00002396.jpg
1994,50.580000,2397,1920,1080,render_frames/render_00002397.jpg
1995,50.600000,2398,1920,1080,render_frames/render_00002398.jpg
1996,50.620000,2400,1920,1080,render_frames/render_00002400.jpg
1997,50.640000,2401,1920,1080,render_frames/render_00002401.jpg
1998,50.660000,2402,1920,1080,render_frames/render_00002402.jpg
1999,50.680000,2403,1920,1080,render_frames/render_00002403.jpg
2000,50.700000,2405,1920,1080,render_frames/render_00002405.jpg
2001,50.720000,2406,1920,1080,render_frames/render_00002406.jpg
2002,50.740000,2407,1920,1080,render_frames/render_00002407.jpg
2003,50.760000,2408,1920,1080,render_frames/render_00002408.jpg
2004,50.780000,2409,1920,1080,render_frames/render_00002409.jpg
2005,50.800000,2411,1920,1080,render_frames/render_00002411.jpg
2006,50.820000,2412,1920,1080,render_frames/render_00002412.jpg
2007,50.840000,2413,1920,1080,render_frames/render_00002413.jpg
2008,50.860000,2414,1920,1080,render_frames/render_00002414.jpg
2009,50.880000,2415,1920,1080,render_frames/render_00002415.jpg
2010,50.900000,2417,1920,1080,render_frames/render_00002417.jpg
2011,50.920000,2418,1920,1080,render_frames/render_00002418.jpg
2012,50.940000,2419,1920,1080,render_frames/render_00002419.jpg
2013,50.960000,2420,1920,1080,render_frames/render_00002420.jpg
2014,50.980000,2422,1920,1080,render_frames/render_00002422.jpg
2015,51.000000,2423,1920,1080,render_frames/render_00002423.jpg
2016,51.020000,2424,1920,1080,render_frames/render_00002424.jpg
2017,51.040000,2425,1920,1080,render_frames/render_00002425.jpg
2018,51.060000,2426,1920,1080,render_frames/render_00002426.jpg
2019,51.080000,2428,1920,1080,render_frames/render_00002428.jpg
2020,51.100000,2429,1920,1080,render_frames/render_00002429.jpg
2021,51.120000,2430,1920,1080,render_frames/render_00002430.jpg
2022,51.140000,2431,1920,1080,render_frames/render_00002431.jpg
2023,51.160000,2432,1920,1080,render_frames/render_00002432.jpg
2024,51.180000,2434,1920,1080,render_frames/render_00002434.jpg
2025,51.200000,2435,1920,1080,render_frames/render_00002435.jpg
2026,51.220000,2436,1920,1080,render_frames/render_00002436.jpg
2027,51.240000,2437,1920,1080,render_frames/render_00002437.jpg
2028,51.260000,2438,1920,1080,render_frames/render_00002438.jpg
2029,51.280000,2440,1920,1080,render_frames/render_00002440.jpg
2030,51.300000,2441,1920,1080,render_frames/render_00002441.jpg
2031,51.320000,2442,1920,1080,render_frames/render_00002442.jpg
2032,51.340000,2443,1920,1080,render_frames/render_00002443.jpg
2033,51.360000,2444,1920,1080,render_frames/render_00002444.jpg
2034,51.380000,2446,1920,1080,render_frames/render_00002446.jpg
2035,51.400000,2447,1920,1080,render_frames/render_00002447.jpg
2036,51.420000,2448,1920,1080,render_frames/render_00002448.jpg
2037,51.440000,2449,1920,1080,render_frames/render_00002449.jpg
2038,51.460000,2450,1920,1080,render_frames/render_00002450.jpg
2039,51.480000,2452,1920,1080,render_frames/render_00002452.jpg
2040,51.500000,2453,1920,1080,render_frames/render_00002453.jpg
2041,51.520000,2454,1920,1080,render_frames/render_00002454.jpg
2042,51.540000,2455,1920,1080,render_frames/render_00002455.jpg
2043,51.560000,2456,1920,1080,render_frames/render_00002456.jpg
2044,51.580000,2458,1920,1080,render_frames/render_00002458.jpg
2045,51.600000,2459,1920,1080,render_frames/render_00002459.jpg
2046,51.620000,2460,1920,1080,render_frames/render_00002460.jpg
2047,51.640000,2461,1920,1080,render_frames/render_00002461.jpg
2048,51.660000,2462,1920,1080,render_frames/render_00002462.jpg
2049,51.680000,2464,1920,1080,render_frames/render_00002464.jpg
2050,51.700000,2465,1920,1080,render_frames/render_00002465.jpg
2051,51.720000,2466,1920,1080,render_frames/render_00002466.jpg
2052,51.740000,2467,1920,1080,render_frames/render_00002467.jpg
2053,51.760000,2468,1920,1080,render_frames/render_00002468.jpg
2054,51.780000,2470,1920,1080,render_frames/render_00002470.jpg
2055,51.800000,2471,1920,1080,render_frames/render_00002471.jpg
2056,51.820000,2472,1920,1080,render_frames/render_00002472.jpg
2057,51.840000,2473,1920,1080,render_frames/render_00002473.jpg
2058,51.860000,2474,1920,1080,render_frames/render_00002474.jpg
2059,51.880000,2476,1920,1080,render_frames/render_00002476.jpg
2060,51.900000,2477,1920,1080,render_frames/render_00002477.jpg
2061,51.920000,2478,1920,1080,render_frames/render_00002478.jpg
2062,51.940000,2479,1920,1080,render_frames/render_00002479.jpg
2063,51.960000,2480,1920,1080,render_frames/render_00002480.jpg
2064,51.980000,2482,1920,1080,render_frames/render_00002482.jpg
2065,52.000000,2483,1920,1080,render_frames/render_00002483.jpg
2066,52.020000,2484,1920,1080,render_frames/render_00002484.jpg
2067,52.040000,2485,1920,1080,render_frames/render_00002485.jpg
2068,52.060000,2487,1920,1080,render_frames/render_00002487.jpg
2069,52.080000,2488,1920,1080,render_frames/render_00002488.jpg
2070,52.100000,2489,1920,1080,render_frames/render_00002489.jpg
2071,52.120000,2490,1920,1080,render_frames/render_00002490.jpg
2072,52.140000,2491,1920,1080,render_frames/render_00002491.jpg
2073,52.160000,2493,1920,1080,render_frames/render_00002493.jpg
2074,52.180000,2494,1920,1080,render_frames/render_00002494.jpg
2075,52.200000,2495,1920,1080,render_frames/render_00002495.jpg
2076,52.220000,2496,1920,1080,render_frames/render_00002496.jpg
2077,52.240000,2497,1920,1080,render_frames/render_00002497.jpg
2078,52.260000,2498,1920,1080,render_frames/render_00002498.jpg
2079,52.280000,2499,1920,1080,render_frames/render_00002499.jpg
2080,52.300000,2501,1920,1080,render_frames/render_00002501.jpg
2081,52.320000,2502,1920,1080,render_frames/render_00002502.jpg
2082,52.340000,2503,1920,1080,render_frames/render_00002503.jpg
2083,52.360000,2504,1920,1080,render_frames/render_00002504.jpg
2084,52.380000,2505,1920,1080,render_frames/render_00002505.jpg
2085,52.400000,2507,1920,1080,render_frames/render_00002507.jpg
2086,52.420000,2508,1920,1080,render_frames/render_00002508.jpg
2087,52.440000,2509,1920,1080,render_frames/render_00002509.jpg
2088,52.460000,2510,1920,1080,render_frames/render_00002510.jpg
2089,52.480000,2512,1920,1080,render_frames/render_00002512.jpg
2090,52.500000,2513,1920,1080,render_frames/render_00002513.jpg
2091,52.520000,2514,1920,1080,render_frames/render_00002514.jpg
2092,52.540000,2515,1920,1080,render_frames/render_00002515.jpg
2093,52.560000,2517,1920,1080,render_frames/render_00002517.jpg
2094,52.580000,2518,1920,1080,render_frames/render_00002518.jpg
2095,52.600000,2519,1920,1080,render_frames/render_00002519.jpg
2096,52.620000,2520,1920,1080,render_frames/render_00002520.jpg
2097,52.640000,2522,1920,1080,render_frames/render_00002522.jpg
2098,52.660000,2523,1920,1080,render_frames/render_00002523.jpg
2099,52.680000,2524,1920,1080,render_frames/render_00002524.jpg
2100,52.700000,2525,1920,1080,render_frames/render_00002525.jpg
2101,52.720000,2527,1920,1080,render_frames/render_00002527.jpg
2102,52.740000,2528,1920,1080,render_frames/render_00002528.jpg
2103,52.760000,2529,1920,1080,render_frames/render_00002529.jpg
2104,52.780000,2530,1920,1080,render_frames/render_00002530.jpg
2105,52.800000,2531,1920,1080,render_frames/render_00002531.jpg
2106,52.820000,2533,1920,1080,render_frames/render_00002533.jpg
2107,52.840000,2534,1920,1080,render_frames/render_00002534.jpg
2108,52.860000,2535,1920,1080,render_frames/render_00002535.jpg
2109,52.880000,2536,1920,1080,render_frames/render_00002536.jpg
2110,52.900000,2537,1920,1080,render_frames/render_00002537.jpg
2111,52.920000,2539,1920,1080,render_frames/render_00002539.jpg
2112,52.940000,2540,1920,1080,render_frames/render_00002540.jpg
2113,52.960000,2541,1920,1080,render_frames/render_00002541.jpg
2114,52.980000,2542,1920,1080,render_frames/render_00002542.jpg
2115,53.000000,2543,1920,1080,render_frames/render_00002543.jpg
2116,53.020000,2545,1920,1080,render_frames/render_00002545.jpg
2117,53.040000,2546,1920,1080,render_frames/render_00002546.jpg
2118,53.060000,2547,1920,1080,render_frames/render_00002547.jpg
2119,53.080000,2548,1920,1080,render_frames/render_00002548.jpg
2120,53.100000,2549,1920,1080,render_frames/render_00002549.jpg
2121,53.120000,2551,1920,1080,render_frames/render_00002551.jpg
2122,53.140000,2552,1920,1080,render_frames/render_00002552.jpg
2123,53.160000,2553,1920,1080,render_frames/render_00002553.jpg
2124,53.180000,2554,1920,1080,render_frames/render_00002554.jpg
2125,53.200000,2555,1920,1080,render_frames/render_00002555.jpg
2126,53.220000,2557,1920,1080,render_frames/render_00002557.jpg
2127,53.240000,2558,1920,1080,render_frames/render_00002558.jpg
2128,53.260000,2559,1920,1080,render_frames/render_00002559.jpg
2129,53.280000,2560,1920,1080,render_frames/render_00002560.jpg
2130,53.300000,2561,1920,1080,render_frames/render_00002561.jpg
2131,53.320000,2563,1920,1080,render_frames/render_00002563.jpg
2132,53.340000,2564,1920,1080,render_frames/render_00002564.jpg
2133,53.360000,2565,1920,1080,render_frames/render_00002565.jpg
2134,53.380000,2566,1920,1080,render_frames/render_00002566.jpg
2135,53.400000,2567,1920,1080,render_frames/render_00002567.jpg
2136,53.420000,2569,1920,1080,render_frames/render_00002569.jpg
2137,53.440000,2570,1920,1080,render_frames/render_00002570.jpg
2138,53.460000,2571,1920,1080,render_frames/render_00002571.jpg
2139,53.480000,2572,1920,1080,render_frames/render_00002572.jpg
2140,53.500000,2573,1920,1080,render_frames/render_00002573.jpg
2141,53.520000,2575,1920,1080,render_frames/render_00002575.jpg
2142,53.540000,2576,1920,1080,render_frames/render_00002576.jpg
2143,53.560000,2577,1920,1080,render_frames/render_00002577.jpg
2144,53.580000,2578,1920,1080,render_frames/render_00002578.jpg
2145,53.600000,2580,1920,1080,render_frames/render_00002580.jpg
2146,53.620000,2581,1920,1080,render_frames/render_00002581.jpg
2147,53.640000,2582,1920,1080,render_frames/render_00002582.jpg
2148,53.660000,2583,1920,1080,render_frames/render_00002583.jpg
2149,53.680000,2584,1920,1080,render_frames/render_00002584.jpg
2150,53.700000,2586,1920,1080,render_frames/render_00002586.jpg
2151,53.720000,2587,1920,1080,render_frames/render_00002587.jpg
2152,53.740000,2588,1920,1080,render_frames/render_00002588.jpg
2153,53.760000,2589,1920,1080,render_frames/render_00002589.jpg
2154,53.780000,2590,1920,1080,render_frames/render_00002590.jpg
2155,53.800000,2592,1920,1080,render_frames/render_00002592.jpg
2156,53.820000,2593,1920,1080,render_frames/render_00002593.jpg
2157,53.840000,2594,1920,1080,render_frames/render_00002594.jpg
2158,53.860000,2595,1920,1080,render_frames/render_00002595.jpg
2159,53.880000,2596,1920,1080,render_frames/render_00002596.jpg
2160,53.900000,2598,1920,1080,render_frames/render_00002598.jpg
2161,53.920000,2599,1920,1080,render_frames/render_00002599.jpg
2162,53.940000,2600,1920,1080,render_frames/render_00002600.jpg
2163,53.960000,2601,1920,1080,render_frames/render_00002601.jpg
2164,53.980000,2602,1920,1080,render_frames/render_00002602.jpg
2165,54.000000,2604,1920,1080,render_frames/render_00002604.jpg
2166,54.020000,2605,1920,1080,render_frames/render_00002605.jpg
2167,54.040000,2606,1920,1080,render_frames/render_00002606.jpg
2168,54.060000,2607,1920,1080,render_frames/render_00002607.jpg
2169,54.080000,2608,1920,1080,render_frames/render_00002608.jpg
2170,54.100000,2610,1920,1080,render_frames/render_00002610.jpg
2171,54.120000,2611,1920,1080,render_frames/render_00002611.jpg
2172,54.140000,2612,1920,1080,render_frames/render_00002612.jpg
2173,54.160000,2613,1920,1080,render_frames/render_00002613.jpg
2174,54.180000,2614,1920,1080,render_frames/render_00002614.jpg
2175,54.200000,2616,1920,1080,render_frames/render_00002616.jpg
2176,54.220000,2617,1920,1080,render_frames/render_00002617.jpg
2177,54.240000,2618,1920,1080,render_frames/render_00002618.jpg
2178,54.260000,2619,1920,1080,render_frames/render_00002619.jpg
2179,54.280000,2620,1920,1080,render_frames/render_00002620.jpg
2180,54.300000,2622,1920,1080,render_frames/render_00002622.jpg
2181,54.320000,2623,1920,1080,render_frames/render_00002623.jpg
2182,54.340000,2624,1920,1080,render_frames/render_00002624.jpg
2183,54.360000,2625,1920,1080,render_frames/render_00002625.jpg
2184,54.380000,2626,1920,1080,render_frames/render_00002626.jpg
2185,54.400000,2628,1920,1080,render_frames/render_00002628.jpg
2186,54.420000,2629,1920,1080,render_frames/render_00002629.jpg
2187,54.440000,2630,1920,1080,render_frames/render_00002630.jpg
2188,54.460000,2631,1920,1080,render_frames/render_00002631.jpg
2189,54.480000,2632,1920,1080,render_frames/render_00002632.jpg
2190,54.500000,2634,1920,1080,render_frames/render_00002634.jpg
2191,54.520000,2635,1920,1080,render_frames/render_00002635.jpg
2192,54.540000,2636,1920,1080,render_frames/render_00002636.jpg
2193,54.560000,2637,1920,1080,render_frames/render_00002637.jpg
2194,54.580000,2638,1920,1080,render_frames/render_00002638.jpg
2195,54.600000,2640,1920,1080,render_frames/render_00002640.jpg
2196,54.620000,2641,1920,1080,render_frames/render_00002641.jpg
2197,54.640000,2642,1920,1080,render_frames/render_00002642.jpg
2198,54.660000,2643,1920,1080,render_frames/render_00002643.jpg
2199,54.680000,2645,1920,1080,render_frames/render_00002645.jpg
2200,54.700000,2646,1920,1080,render_frames/render_00002646.jpg
2201,54.720000,2647,1920,1080,render_frames/render_00002647.jpg
2202,54.740000,2648,1920,1080,render_frames/render_00002648.jpg
2203,54.760000,2649,1920,1080,render_frames/render_00002649.jpg
2204,54.780000,2651,1920,1080,render_frames/render_00002651.jpg
2205,54.800000,2652,1920,1080,render_frames/render_00002652.jpg
2206,54.820000,2653,1920,1080,render_frames/render_00002653.jpg
2207,54.840000,2654,1920,1080,render_frames/render_00002654.jpg
2208,54.860000,2655,1920,1080,render_frames/render_00002655.jpg
2209,54.880000,2657,1920,1080,render_frames/render_00002657.jpg
2210,54.900000,2658,1920,1080,render_frames/render_00002658.jpg
2211,54.920000,2659,1920,1080,render_frames/render_00002659.jpg
2212,54.940000,2660,1920,1080,render_frames/render_00002660.jpg
2213,54.960000,2661,1920,1080,render_frames/render_00002661.jpg
2214,54.980000,2663,1920,1080,render_frames/render_00002663.jpg
2215,55.000000,2664,1920,1080,render_frames/render_00002664.jpg
2216,55.020000,2665,1920,1080,render_frames/render_00002665.jpg
2217,55.040000,2666,1920,1080,render_frames/render_00002666.jpg
2218,55.060000,2667,1920,1080,render_frames/render_00002667.jpg
2219,55.080000,2669,1920,1080,render_frames/render_00002669.jpg
2220,55.100000,2670,1920,1080,render_frames/render_00002670.jpg
2221,55.120000,2671,1920,1080,render_frames/render_00002671.jpg
2222,55.140000,2672,1920,1080,render_frames/render_00002672.jpg
2223,55.160000,2673,1920,1080,render_frames/render_00002673.jpg
2224,55.180000,2675,1920,1080,render_frames/render_00002675.jpg
2225,55.200000,2676,1920,1080,render_frames/render_00002676.jpg
2226,55.220000,2677,1920,1080,render_frames/render_00002677.jpg
2227,55.240000,2678,1920,1080,render_frames/render_00002678.jpg
2228,55.260000,2679,1920,1080,render_frames/render_00002679.jpg
2229,55.280000,2681,1920,1080,render_frames/render_00002681.jpg
2230,55.300000,2682,1920,1080,render_frames/render_00002682.jpg
2231,55.320000,2683,1920,1080,render_frames/render_00002683.jpg
2232,55.340000,2684,1920,1080,render_frames/render_00002684.jpg
2233,55.360000,2685,1920,1080,render_frames/render_00002685.jpg
2234,55.380000,2687,1920,1080,render_frames/render_00002687.jpg
2235,55.400000,2688,1920,1080,render_frames/render_00002688.jpg
2236,55.420000,2689,1920,1080,render_frames/render_00002689.jpg
2237,55.440000,2690,1920,1080,render_frames/render_00002690.jpg
2238,55.460000,2691,1920,1080,render_frames/render_00002691.jpg
2239,55.480000,2693,1920,1080,render_frames/render_00002693.jpg
2240,55.500000,2694,1920,1080,render_frames/render_00002694.jpg
2241,55.520000,2695,1920,1080,render_frames/render_00002695.jpg
2242,55.540000,2696,1920,1080,render_frames/render_00002696.jpg
2243,55.560000,2697,1920,1080,render_frames/render_00002697.jpg
2244,55.580000,2699,1920,1080,render_frames/render_00002699.jpg
2245,55.600000,2700,1920,1080,render_frames/render_00002700.jpg
2246,55.620000,2701,1920,1080,render_frames/render_00002701.jpg
2247,55.640000,2702,1920,1080,render_frames/render_00002702.jpg
2248,55.660000,2703,1920,1080,render_frames/render_00002703.jpg
2249,55.680000,2705,1920,1080,render_frames/render_00002705.jpg
2250,55.700000,2706,1920,1080,render_frames/render_00002706.jpg
2251,55.720000,2707,1920,1080,render_frames/render_00002707.jpg
2252,55.740000,2708,1920,1080,render_frames/render_00002708.jpg
2253,55.760000,2709,1920,1080,render_frames/render_00002709.jpg
2254,55.780000,2711,1920,1080,render_frames/render_00002711.jpg
2255,55.800000,2712,1920,1080,render_frames/render_00002712.jpg
2256,55.820000,2713,1920,1080,render_frames/render_00002713.jpg
2257,55.840000,2714,1920,1080,render_frames/render_00002714.jpg
2258,55.860000,2715,1920,1080,render_frames/render_00002715.jpg
2259,55.880000,2717,1920,1080,render_frames/render_00002717.jpg
2260,55.900000,2718,1920,1080,render_frames/render_00002718.jpg
2261,55.920000,2719,1920,1080,render_frames/render_00002719.jpg
2262,55.940000,2720,1920,1080,render_frames/render_00002720.jpg
2263,55.960000,2721,1920,1080,render_frames/render_00002721.jpg
2264,55.980000,2723,1920,1080,render_frames/render_00002723.jpg
2265,56.000000,2724,1920,1080,render_frames/render_00002724.jpg
2266,56.020000,2725,1920,1080,render_frames/render_00002725.jpg
2267,56.040000,2726,1920,1080,render_frames/render_00002726.jpg
2268,56.060000,2728,1920,1080,render_frames/render_00002728.jpg
2269,56.080000,2729,1920,1080,render_frames/render_00002729.jpg
2270,56.100000,2730,1920,1080,render_frames/render_00002730.jpg
2271,56.120000,2731,1920,1080,render_frames/render_00002731.jpg
2272,56.140000,2732,1920,1080,render_frames/render_00002732.jpg
2273,56.160000,2734,1920,1080,render_frames/render_00002734.jpg
2274,56.180000,2735,1920,1080,render_frames/render_00002735.jpg
2275,56.200000,2736,1920,1080,render_frames/render_00002736.jpg
2276,56.220000,2737,1920,1080,render_frames/render_00002737.jpg
2277,56.240000,2738,1920,1080,render_frames/render_00002738.jpg
2278,56.260000,2740,1920,1080,render_frames/render_00002740.jpg
2279,56.280000,2741,1920,1080,render_frames/render_00002741.jpg
2280,56.300000,2742,1920,1080,render_frames/render_00002742.jpg
2281,56.320000,2743,1920,1080,render_frames/render_00002743.jpg
2282,56.340000,2744,1920,1080,render_frames/render_00002744.jpg
2283,56.360000,2746,1920,1080,render_frames/render_00002746.jpg
2284,56.380000,2747,1920,1080,render_frames/render_00002747.jpg
2285,56.400000,2748,1920,1080,render_frames/render_00002748.jpg
2286,56.420000,2749,1920,1080,render_frames/render_00002749.jpg
2287,56.440000,2750,1920,1080,render_frames/render_00002750.jpg
2288,56.460000,2752,1920,1080,render_frames/render_00002752.jpg
2289,56.480000,2753,1920,1080,render_frames/render_00002753.jpg
2290,56.500000,2754,1920,1080,render_frames/render_00002754.jpg
2291,56.520000,2755,1920,1080,render_frames/render_00002755.jpg
2292,56.540000,2756,1920,1080,render_frames/render_00002756.jpg
2293,56.560000,2758,1920,1080,render_frames/render_00002758.jpg
2294,56.580000,2759,1920,1080,render_frames/render_00002759.jpg
2295,56.600000,2760,1920,1080,render_frames/render_00002760.jpg
2296,56.620000,2761,1920,1080,render_frames/render_00002761.jpg
2297,56.640000,2762,1920,1080,render_frames/render_00002762.jpg
2298,56.660000,2764,1920,1080,render_frames/render_00002764.jpg
2299,56.680000,2765,1920,1080,render_frames/render_00002765.jpg
2300,56.700000,2766,1920,1080,render_frames/render_00002766.jpg
2301,56.720000,2767,1920,1080,render_frames/render_00002767.jpg
2302,56.740000,2768,1920,1080,render_frames/render_00002768.jpg
2303,56.760000,2770,1920,1080,render_frames/render_00002770.jpg
2304,56.780000,2771,1920,1080,render_frames/render_00002771.jpg
2305,56.800000,2772,1920,1080,render_frames/render_00002772.jpg
2306,56.820000,2773,1920,1080,render_frames/render_00002773.jpg
2307,56.840000,2775,1920,1080,render_frames/render_00002775.jpg
2308,56.860000,2776,1920,1080,render_frames/render_00002776.jpg
2309,56.880000,2777,1920,1080,render_frames/render_00002777.jpg
2310,56.900000,2778,1920,1080,render_frames/render_00002778.jpg
2311,56.920000,2779,1920,1080,render_frames/render_00002779.jpg
2312,56.940000,2781,1920,1080,render_frames/render_00002781.jpg
2313,56.960000,2782,1920,1080,render_frames/render_00002782.jpg
2314,56.980000,2783,1920,1080,render_frames/render_00002783.jpg
2315,57.000000,2784,1920,1080,render_frames/render_00002784.jpg
2316,57.020000,2785,1920,1080,render_frames/render_00002785.jpg
2317,57.040000,2787,1920,1080,render_frames/render_00002787.jpg
2318,57.060000,2788,1920,1080,render_frames/render_00002788.jpg
2319,57.080000,2789,1920,1080,render_frames/render_00002789.jpg
2320,57.100000,2790,1920,1080,render_frames/render_00002790.jpg
2321,57.120000,2791,1920,1080,render_frames/render_00002791.jpg
2322,57.140000,2793,1920,1080,render_frames/render_00002793.jpg
2323,57.160000,2794,1920,1080,render_frames/render_00002794.jpg
2324,57.180000,2795,1920,1080,render_frames/render_00002795.jpg
2325,57.200000,2796,1920,1080,render_frames/render_00002796.jpg
2326,57.220000,2797,1920,1080,render_frames/render_00002797.jpg
2327,57.240000,2799,1920,1080,render_frames/render_00002799.jpg
2328,57.260000,2800,1920,1080,render_frames/render_00002800.jpg
2329,57.280000,2801,1920,1080,render_frames/render_00002801.jpg
2330,57.300000,2802,1920,1080,render_frames/render_00002802.jpg
2331,57.320000,2803,1920,1080,render_frames/render_00002803.jpg
2332,57.340000,2805,1920,1080,render_frames/render_00002805.jpg
2333,57.360000,2806,1920,1080,render_frames/render_00002806.jpg
2334,57.380000,2807,1920,1080,render_frames/render_00002807.jpg
2335,57.400000,2808,1920,1080,render_frames/render_00002808.jpg
2336,57.420000,2809,1920,1080,render_frames/render_00002809.jpg
2337,57.440000,2811,1920,1080,render_frames/render_00002811.jpg
2338,57.460000,2812,1920,1080,render_frames/render_00002812.jpg
2339,57.480000,2813,1920,1080,render_frames/render_00002813.jpg
2340,57.500000,2814,1920,1080,render_frames/render_00002814.jpg
2341,57.520000,2815,1920,1080,render_frames/render_00002815.jpg
2342,57.540000,2817,1920,1080,render_frames/render_00002817.jpg
2343,57.560000,2818,1920,1080,render_frames/render_00002818.jpg
2344,57.580000,2819,1920,1080,render_frames/render_00002819.jpg
2345,57.600000,2820,1920,1080,render_frames/render_00002820.jpg
2346,57.620000,2821,1920,1080,render_frames/render_00002821.jpg
2347,57.640000,2823,1920,1080,render_frames/render_00002823.jpg
2348,57.660000,2824,1920,1080,render_frames/render_00002824.jpg
2349,57.680000,2825,1920,1080,render_frames/render_00002825.jpg
2350,57.700000,2826,1920,1080,render_frames/render_00002826.jpg
2351,57.720000,2827,1920,1080,render_frames/render_00002827.jpg
2352,57.740000,2829,1920,1080,render_frames/render_00002829.jpg
2353,57.760000,2830,1920,1080,render_frames/render_00002830.jpg
2354,57.780000,2831,1920,1080,render_frames/render_00002831.jpg
2355,57.800000,2832,1920,1080,render_frames/render_00002832.jpg
2356,57.820000,2833,1920,1080,render_frames/render_00002833.jpg
2357,57.840000,2835,1920,1080,render_frames/render_00002835.jpg
2358,57.860000,2836,1920,1080,render_frames/render_00002836.jpg
2359,57.880000,2837,1920,1080,render_frames/render_00002837.jpg
2360,57.900000,2838,1920,1080,render_frames/render_00002838.jpg
2361,57.920000,2839,1920,1080,render_frames/render_00002839.jpg
2362,57.940000,2841,1920,1080,render_frames/render_00002841.jpg
2363,57.960000,2842,1920,1080,render_frames/render_00002842.jpg
2364,57.980000,2843,1920,1080,render_frames/render_00002843.jpg
2365,58.000000,2844,1920,1080,render_frames/render_00002844.jpg
2366,58.020000,2845,1920,1080,render_frames/render_00002845.jpg
2367,58.040000,2847,1920,1080,render_frames/render_00002847.jpg
2368,58.060000,2848,1920,1080,render_frames/render_00002848.jpg
2369,58.080000,2849,1920,1080,render_frames/render_00002849.jpg
2370,58.100000,2850,1920,1080,render_frames/render_00002850.jpg
2371,58.120000,2851,1920,1080,render_frames/render_00002851.jpg
2372,58.140000,2853,1920,1080,render_frames/render_00002853.jpg
2373,58.160000,2854,1920,1080,render_frames/render_00002854.jpg
2374,58.180000,2855,1920,1080,render_frames/render_00002855.jpg
2375,58.200000,2856,1920,1080,render_frames/render_00002856.jpg
2376,58.220000,2857,1920,1080,render_frames/render_00002857.jpg
2377,58.240000,2859,1920,1080,render_frames/render_00002859.jpg
2378,58.260000,2860,1920,1080,render_frames/render_00002860.jpg
2379,58.280000,2861,1920,1080,render_frames/render_00002861.jpg
2380,58.300000,2862,1920,1080,render_frames/render_00002862.jpg
2381,58.320000,2863,1920,1080,render_frames/render_00002863.jpg
2382,58.340000,2865,1920,1080,render_frames/render_00002865.jpg
2383,58.360000,2866,1920,1080,render_frames/render_00002866.jpg
2384,58.380000,2867,1920,1080,render_frames/render_00002867.jpg
2385,58.400000,2868,1920,1080,render_frames/render_00002868.jpg
2386,58.420000,2869,1920,1080,render_frames/render_00002869.jpg
2387,58.440000,2871,1920,1080,render_frames/render_00002871.jpg
2388,58.460000,2872,1920,1080,render_frames/render_00002872.jpg
2389,58.480000,2873,1920,1080,render_frames/render_00002873.jpg
2390,58.500000,2874,1920,1080,render_frames/render_00002874.jpg
2391,58.520000,2876,1920,1080,render_frames/render_00002876.jpg
2392,58.540000,2877,1920,1080,render_frames/render_00002877.jpg
2393,58.560000,2878,1920,1080,render_frames/render_00002878.jpg
2394,58.580000,2879,1920,1080,render_frames/render_00002879.jpg
2395,58.600000,2880,1920,1080,render_frames/render_00002880.jpg
2396,58.620000,2882,1920,1080,render_frames/render_00002882.jpg
2397,58.640000,2883,1920,1080,render_frames/render_00002883.jpg
2398,58.660000,2884,1920,1080,render_frames/render_00002884.jpg
2399,58.680000,2885,1920,1080,render_frames/render_00002885.jpg
2400,58.700000,2886,1920,1080,render_frames/render_00002886.jpg
2401,58.720000,2888,1920,1080,render_frames/render_00002888.jpg
2402,58.740000,2889,1920,1080,render_frames/render_00002889.jpg
2403,58.760000,2890,1920,1080,render_frames/render_00002890.jpg
2404,58.780000,2891,1920,1080,render_frames/render_00002891.jpg
2405,58.800000,2892,1920,1080,render_frames/render_00002892.jpg
2406,58.820000,2894,1920,1080,render_frames/render_00002894.jpg
2407,58.840000,2895,1920,1080,render_frames/render_00002895.jpg
2408,58.860000,2896,1920,1080,render_frames/render_00002896.jpg
2409,58.880000,2897,1920,1080,render_frames/render_00002897.jpg
2410,58.900000,2898,1920,1080,render_frames/render_00002898.jpg
2411,58.920000,2900,1920,1080,render_frames/render_00002900.jpg
2412,58.940000,2901,1920,1080,render_frames/render_00002901.jpg
2413,58.960000,2902,1920,1080,render_frames/render_00002902.jpg
2414,58.980000,2903,1920,1080,render_frames/render_00002903.jpg
2415,59.000000,2904,1920,1080,render_frames/render_00002904.jpg
2416,59.020000,2906,1920,1080,render_frames/render_00002906.jpg
2417,59.040000,2907,1920,1080,render_frames/render_00002907.jpg
2418,59.060000,2908,1920,1080,render_frames/render_00002908.jpg
2419,59.080000,2909,1920,1080,render_frames/render_00002909.jpg
2420,59.100000,2910,1920,1080,render_frames/render_00002910.jpg
2421,59.120000,2912,1920,1080,render_frames/render_00002912.jpg
2422,59.140000,2913,1920,1080,render_frames/render_00002913.jpg
2423,59.160000,2914,1920,1080,render_frames/render_00002914.jpg
2424,59.180000,2915,1920,1080,render_frames/render_00002915.jpg
2425,59.200000,2916,1920,1080,render_frames/render_00002916.jpg
2426,59.220000,2918,1920,1080,render_frames/render_00002918.jpg
2427,59.240000,2919,1920,1080,render_frames/render_00002919.jpg
2428,59.260000,2920,1920,1080,render_frames/render_00002920.jpg
2429,59.280000,2921,1920,1080,render_frames/render_00002921.jpg
2430,59.300000,2923,1920,1080,render_frames/render_00002923.jpg
2431,59.320000,2924,1920,1080,render_frames/render_00002924.jpg
2432,59.340000,2925,1920,1080,render_frames/render_00002925.jpg
2433,59.360000,2926,1920,1080,render_frames/render_00002926.jpg
2434,59.380000,2927,1920,1080,render_frames/render_00002927.jpg
2435,59.400000,2929,1920,1080,render_frames/render_00002929.jpg
2436,59.420000,2930,1920,1080,render_frames/render_00002930.jpg
2437,59.440000,2931,1920,1080,render_frames/render_00002931.jpg
2438,59.460000,2932,1920,1080,render_frames/render_00002932.jpg
2439,59.480000,2933,1920,1080,render_frames/render_00002933.jpg
2440,59.500000,2935,1920,1080,render_frames/render_00002935.jpg
2441,59.520000,2936,1920,1080,render_frames/render_00002936.jpg
2442,59.540000,2937,1920,1080,render_frames/render_00002937.jpg
2443,59.560000,2938,1920,1080,render_frames/render_00002938.jpg
2444,59.580000,2939,1920,1080,render_frames/render_00002939.jpg
2445,59.600000,2941,1920,1080,render_frames/render_00002941.jpg
2446,59.620000,2942,1920,1080,render_frames/render_00002942.jpg
2447,59.640000,2943,1920,1080,render_frames/render_00002943.jpg
2448,59.660000,2944,1920,1080,render_frames/render_00002944.jpg
2449,59.680000,2945,1920,1080,render_frames/render_00002945.jpg
2450,59.700000,2947,1920,1080,render_frames/render_00002947.jpg
2451,59.720000,2948,1920,1080,render_frames/render_00002948.jpg
2452,59.740000,2949,1920,1080,render_frames/render_00002949.jpg
2453,59.760000,2950,1920,1080,render_frames/render_00002950.jpg
2454,59.780000,2951,1920,1080,render_frames/render_00002951.jpg
2455,59.800000,2953,1920,1080,render_frames/render_00002953.jpg
2456,59.820000,2954,1920,1080,render_frames/render_00002954.jpg
2457,59.840000,2955,1920,1080,render_frames/render_00002955.jpg
2458,59.860000,2956,1920,1080,render_frames/render_00002956.jpg
2459,59.880000,2957,1920,1080,render_frames/render_00002957.jpg
2460,59.900000,2959,1920,1080,render_frames/render_00002959.jpg
2461,59.920000,2960,1920,1080,render_frames/render_00002960.jpg
2462,59.940000,2961,1920,1080,render_frames/render_00002961.jpg
2463,59.960000,2962,1920,1080,render_frames/render_00002962.jpg
2464,59.980000,2964,1920,1080,render_frames/render_00002964.jpg
2465,60.000000,2965,1920,1080,render_frames/render_00002965.jpg
2466,60.020000,2966,1920,1080,render_frames/render_00002966.jpg
2467,60.040000,2967,1920,1080,render_frames/render_00002967.jpg
2468,60.060000,2968,1920,1080,render_frames/render_00002968.jpg
2469,60.080000,2970,1920,1080,render_frames/render_00002970.jpg
2470,60.100000,2971,1920,1080,render_frames/render_00002971.jpg
2471,60.120000,2972,1920,1080,render_frames/render_00002972.jpg
2472,60.140000,2973,1920,1080,render_frames/render_00002973.jpg
2473,60.160000,2974,1920,1080,render_frames/render_00002974.jpg
2474,60.180000,2976,1920,1080,render_frames/render_00002976.jpg
2475,60.200000,2977,1920,1080,render_frames/render_00002977.jpg
2476,60.220000,2978,1920,1080,render_frames/render_00002978.jpg
2477,60.240000,2979,1920,1080,render_frames/render_00002979.jpg
2478,60.260000,2980,1920,1080,render_frames/render_00002980.jpg
2479,60.280000,2982,1920,1080,render_frames/render_00002982.jpg
2480,60.300000,2983,1920,1080,render_frames/render_00002983.jpg
2481,60.320000,2984,1920,1080,render_frames/render_00002984.jpg
2482,60.340000,2985,1920,1080,render_frames/render_00002985.jpg
2483,60.360000,2986,1920,1080,render_frames/render_00002986.jpg
2484,60.380000,2988,1920,1080,render_frames/render_00002988.jpg
2485,60.400000,2989,1920,1080,render_frames/render_00002989.jpg
2486,60.420000,2990,1920,1080,render_frames/render_00002990.jpg
2487,60.440000,2991,1920,1080,render_frames/render_00002991.jpg
2488,60.460000,2992,1920,1080,render_frames/render_00002992.jpg
2489,60.480000,2994,1920,1080,render_frames/render_00002994.jpg
2490,60.500000,2995,1920,1080,render_frames/render_00002995.jpg
2491,60.520000,2996,1920,1080,render_frames/render_00002996.jpg
2492,60.540000,2997,1920,1080,render_frames/render_00002997.jpg
2493,60.560000,2998,1920,1080,render_frames/render_00002998.jpg
2494,60.580000,3000,1920,1080,render_frames/render_00003000.jpg
2495,60.600000,3001,1920,1080,render_frames/render_00003001.jpg
2496,60.620000,3002,1920,1080,render_frames/render_00003002.jpg
2497,60.640000,3003,1920,1080,render_frames/render_00003003.jpg
2498,60.660000,3004,1920,1080,render_frames/render_00003004.jpg
2499,60.680000,3006,1920,1080,render_frames/render_00003006.jpg
2500,60.700000,3007,1920,1080,render_frames/render_00003007.jpg
2501,60.720000,3008,1920,1080,render_frames/render_00003008.jpg
2502,60.740000,3009,1920,1080,render_frames/render_00003009.jpg
2503,60.760000,3010,1920,1080,render_frames/render_00003010.jpg
2504,60.780000,3012,1920,1080,render_frames/render_00003012.jpg
2505,60.800000,3013,1920,1080,render_frames/render_00003013.jpg
2506,60.820000,3014,1920,1080,render_frames/render_00003014.jpg
2507,60.840000,3015,1920,1080,render_frames/render_00003015.jpg
2508,60.860000,3016,1920,1080,render_frames/render_00003016.jpg
2509,60.880000,3018,1920,1080,render_frames/render_00003018.jpg
2510,60.900000,3019,1920,1080,render_frames/render_00003019.jpg
2511,60.920000,3020,1920,1080,render_frames/render_00003020.jpg
2512,60.940000,3021,1920,1080,render_frames/render_00003021.jpg
2513,60.960000,3023,1920,1080,render_frames/render_00003023.jpg
2514,60.980000,3024,1920,1080,render_frames/render_00003024.jpg
2515,61.000000,3025,1920,1080,render_frames/render_00003025.jpg
2516,61.020000,3026,1920,1080,render_frames/render_00003026.jpg
2517,61.040000,3027,1920,1080,render_frames/render_00003027.jpg
2518,61.060000,3029,1920,1080,render_frames/render_00003029.jpg
2519,61.080000,3030,1920,1080,render_frames/render_00003030.jpg
2520,61.100000,3031,1920,1080,render_frames/render_00003031.jpg
2521,61.120000,3032,1920,1080,render_frames/render_00003032.jpg
2522,61.140000,3033,1920,1080,render_frames/render_00003033.jpg
2523,61.160000,3035,1920,1080,render_frames/render_00003035.jpg
2524,61.180000,3036,1920,1080,render_frames/render_00003036.jpg
2525,61.200000,3037,1920,1080,render_frames/render_00003037.jpg
2526,61.220000,3038,1920,1080,render_frames/render_00003038.jpg
2527,61.240000,3039,1920,1080,render_frames/render_00003039.jpg
2528,61.260000,3041,1920,1080,render_frames/render_00003041.jpg
2529,61.280000,3042,1920,1080,render_frames/render_00003042.jpg
2530,61.300000,3043,1920,1080,render_frames/render_00003043.jpg
2531,61.320000,3044,1920,1080,render_frames/render_00003044.jpg
2532,61.340000,3045,1920,1080,render_frames/render_00003045.jpg
2533,61.360000,3047,1920,1080,render_frames/render_00003047.jpg
2534,61.380000,3048,1920,1080,render_frames/render_00003048.jpg
2535,61.400000,3049,1920,1080,render_frames/render_00003049.jpg
2536,61.420000,3050,1920,1080,render_frames/render_00003050.jpg
2537,61.440000,3051,1920,1080,render_frames/render_00003051.jpg
2538,61.460000,3053,1920,1080,render_frames/render_00003053.jpg
2539,61.480000,3054,1920,1080,render_frames/render_00003054.jpg
2540,61.500000,3055,1920,1080,render_frames/render_00003055.jpg
2541,61.520000,3056,1920,1080,render_frames/render_00003056.jpg
2542,61.540000,3058,1920,1080,render_frames/render_00003058.jpg
2543,61.560000,3059,1920,1080,render_frames/render_00003059.jpg
2544,61.580000,3060,1920,1080,render_frames/render_00003060.jpg
2545,61.600000,3061,1920,1080,render_frames/render_00003061.jpg
2546,61.620000,3062,1920,1080,render_frames/render_00003062.jpg
2547,61.640000,3064,1920,1080,render_frames/render_00003064.jpg
2548,61.660000,3065,1920,1080,render_frames/render_00003065.jpg
2549,61.680000,3066,1920,1080,render_frames/render_00003066.jpg
2550,61.700000,3067,1920,1080,render_frames/render_00003067.jpg
2551,61.720000,3068,1920,1080,render_frames/render_00003068.jpg
2552,61.740000,3070,1920,1080,render_frames/render_00003070.jpg
2553,61.760000,3071,1920,1080,render_frames/render_00003071.jpg
2554,61.780000,3072,1920,1080,render_frames/render_00003072.jpg
2555,61.800000,3073,1920,1080,render_frames/render_00003073.jpg
2556,61.820000,3074,1920,1080,render_frames/render_00003074.jpg
2557,61.840000,3076,1920,1080,render_frames/render_00003076.jpg
2558,61.860000,3077,1920,1080,render_frames/render_00003077.jpg
2559,61.880000,3078,1920,1080,render_frames/render_00003078.jpg
2560,61.900000,3079,1920,1080,render_frames/render_00003079.jpg
2561,61.920000,3080,1920,1080,render_frames/render_00003080.jpg
2562,61.940000,3082,1920,1080,render_frames/render_00003082.jpg
2563,61.960000,3083,1920,1080,render_frames/render_00003083.jpg
2564,61.980000,3084,1920,1080,render_frames/render_00003084.jpg
2565,62.000000,3085,1920,1080,render_frames/render_00003085.jpg
2566,62.020000,3086,1920,1080,render_frames/render_00003086.jpg
2567,62.040000,3088,1920,1080,render_frames/render_00003088.jpg
2568,62.060000,3089,1920,1080,render_frames/render_00003089.jpg
2569,62.080000,3090,1920,1080,render_frames/render_00003090.jpg
2570,62.100000,3091,1920,1080,render_frames/render_00003091.jpg
2571,62.120000,3093,1920,1080,render_frames/render_00003093.jpg
2572,62.140000,3094,1920,1080,render_frames/render_00003094.jpg
2573,62.160000,3095,1920,1080,render_frames/render_00003095.jpg
2574,62.180000,3096,1920,1080,render_frames/render_00003096.jpg
2575,62.200000,3097,1920,1080,render_frames/render_00003097.jpg
2576,62.220000,3099,1920,1080,render_frames/render_00003099.jpg
2577,62.240000,3100,1920,1080,render_frames/render_00003100.jpg
2578,62.260000,3101,1920,1080,render_frames/render_00003101.jpg
2579,62.280000,3102,1920,1080,render_frames/render_00003102.jpg
2580,62.300000,3103,1920,1080,render_frames/render_00003103.jpg
2581,62.320000,3105,1920,1080,render_frames/render_00003105.jpg
2582,62.340000,3106,1920,1080,render_frames/render_00003106.jpg
2583,62.360000,3107,1920,1080,render_frames/render_00003107.jpg
2584,62.380000,3108,1920,1080,render_frames/render_00003108.jpg
2585,62.400000,3109,1920,1080,render_frames/render_00003109.jpg
2586,62.420000,3111,1920,1080,render_frames/render_00003111.jpg
2587,62.440000,3112,1920,1080,render_frames/render_00003112.jpg
2588,62.460000,3113,1920,1080,render_frames/render_00003113.jpg
2589,62.480000,3114,1920,1080,render_frames/render_00003114.jpg
2590,62.500000,3115,1920,1080,render_frames/render_00003115.jpg
2591,62.520000,3117,1920,1080,render_frames/render_00003117.jpg
2592,62.540000,3118,1920,1080,render_frames/render_00003118.jpg
2593,62.560000,3119,1920,1080,render_frames/render_00003119.jpg
2594,62.580000,3120,1920,1080,render_frames/render_00003120.jpg
2595,62.600000,3121,1920,1080,render_frames/render_00003121.jpg
2596,62.620000,3123,1920,1080,render_frames/render_00003123.jpg
2597,62.640000,3124,1920,1080,render_frames/render_00003124.jpg
2598,62.660000,3125,1920,1080,render_frames/render_00003125.jpg
2599,62.680000,3126,1920,1080,render_frames/render_00003126.jpg
2600,62.700000,3127,1920,1080,render_frames/render_00003127.jpg
2601,62.720000,3129,1920,1080,render_frames/render_00003129.jpg
2602,62.740000,3130,1920,1080,render_frames/render_00003130.jpg
2603,62.760000,3131,1920,1080,render_frames/render_00003131.jpg
2604,62.780000,3132,1920,1080,render_frames/render_00003132.jpg
2605,62.800000,3134,1920,1080,render_frames/render_00003134.jpg
2606,62.820000,3135,1920,1080,render_frames/render_00003135.jpg
2607,62.840000,3136,1920,1080,render_frames/render_00003136.jpg
2608,62.860000,3137,1920,1080,render_frames/render_00003137.jpg
2609,62.880000,3138,1920,1080,render_frames/render_00003138.jpg
2610,62.900000,3140,1920,1080,render_frames/render_00003140.jpg
2611,62.920000,3141,1920,1080,render_frames/render_00003141.jpg
2612,62.940000,3142,1920,1080,render_frames/render_00003142.jpg
2613,62.960000,3143,1920,1080,render_frames/render_00003143.jpg
2614,62.980000,3144,1920,1080,render_frames/render_00003144.jpg
2615,63.000000,3146,1920,1080,render_frames/render_00003146.jpg
2616,63.020000,3147,1920,1080,render_frames/render_00003147.jpg
2617,63.040000,3148,1920,1080,render_frames/render_00003148.jpg
2618,63.060000,3149,1920,1080,render_frames/render_00003149.jpg
2619,63.080000,3150,1920,1080,render_frames/render_00003150.jpg
2620,63.100000,3152,1920,1080,render_frames/render_00003152.jpg
2621,63.120000,3153,1920,1080,render_frames/render_00003153.jpg
2622,63.140000,3154,1920,1080,render_frames/render_00003154.jpg
2623,63.160000,3155,1920,1080,render_frames/render_00003155.jpg
2624,63.180000,3156,1920,1080,render_frames/render_00003156.jpg
2625,63.200000,3158,1920,1080,render_frames/render_00003158.jpg
2626,63.220000,3159,1920,1080,render_frames/render_00003159.jpg
2627,63.240000,3160,1920,1080,render_frames/render_00003160.jpg
2628,63.260000,3161,1920,1080,render_frames/render_00003161.jpg
2629,63.280000,3162,1920,1080,render_frames/render_00003162.jpg
2630,63.300000,3164,1920,1080,render_frames/render_00003164.jpg
2631,63.320000,3165,1920,1080,render_frames/render_00003165.jpg
2632,63.340000,3166,1920,1080,render_frames/render_00003166.jpg
2633,63.360000,3167,1920,1080,render_frames/render_00003167.jpg
2634,63.380000,3168,1920,1080,render_frames/render_00003168.jpg
2635,63.400000,3170,1920,1080,render_frames/render_00003170.jpg
2636,63.420000,3171,1920,1080,render_frames/render_00003171.jpg
2637,63.440000,3172,1920,1080,render_frames/render_00003172.jpg
2638,63.460000,3173,1920,1080,render_frames/render_00003173.jpg
2639,63.480000,3174,1920,1080,render_frames/render_00003174.jpg
2640,63.500000,3176,1920,1080,render_frames/render_00003176.jpg
2641,63.520000,3177,1920,1080,render_frames/render_00003177.jpg
2642,63.540000,3178,1920,1080,render_frames/render_00003178.jpg
2643,63.560000,3179,1920,1080,render_frames/render_00003179.jpg
2644,63.580000,3180,1920,1080,render_frames/render_00003180.jpg
2645,63.600000,3182,1920,1080,render_frames/render_00003182.jpg
2646,63.620000,3183,1920,1080,render_frames/render_00003183.jpg
2647,63.640000,3184,1920,1080,render_frames/render_00003184.jpg
2648,63.660000,3185,1920,1080,render_frames/render_00003185.jpg
2649,63.680000,3186,1920,1080,render_frames/render_00003186.jpg
2650,63.700000,3188,1920,1080,render_frames/render_00003188.jpg
2651,63.720000,3189,1920,1080,render_frames/render_00003189.jpg
2652,63.740000,3190,1920,1080,render_frames/render_00003190.jpg
2653,63.760000,3191,1920,1080,render_frames/render_00003191.jpg
2654,63.780000,3193,1920,1080,render_frames/render_00003193.jpg
2655,63.800000,3194,1920,1080,render_frames/render_00003194.jpg
2656,63.820000,3195,1920,1080,render_frames/render_00003195.jpg
2657,63.840000,3196,1920,1080,render_frames/render_00003196.jpg
2658,63.860000,3197,1920,1080,render_frames/render_00003197.jpg
2659,63.880000,3199,1920,1080,render_frames/render_00003199.jpg
2660,63.900000,3200,1920,1080,render_frames/render_00003200.jpg
2661,63.920000,3201,1920,1080,render_frames/render_00003201.jpg
2662,63.940000,3202,1920,1080,render_frames/render_00003202.jpg
2663,63.960000,3203,1920,1080,render_frames/render_00003203.jpg
2664,63.980000,3205,1920,1080,render_frames/render_00003205.jpg
2665,64.000000,3206,1920,1080,render_frames/render_00003206.jpg
2666,64.020000,3207,1920,1080,render_frames/render_00003207.jpg
2667,64.040000,3208,1920,1080,render_frames/render_00003208.jpg
2668,64.060000,3209,1920,1080,render_frames/render_00003209.jpg
2669,64.080000,3211,1920,1080,render_frames/render_00003211.jpg
2670,64.100000,3212,1920,1080,render_frames/render_00003212.jpg
2671,64.120000,3213,1920,1080,render_frames/render_00003213.jpg
2672,64.140000,3214,1920,1080,render_frames/render_00003214.jpg
2673,64.160000,3215,1920,1080,render_frames/render_00003215.jpg
2674,64.180000,3217,1920,1080,render_frames/render_00003217.jpg
2675,64.200000,3218,1920,1080,render_frames/render_00003218.jpg
2676,64.220000,3219,1920,1080,render_frames/render_00003219.jpg
2677,64.240000,3220,1920,1080,render_frames/render_00003220.jpg
2678,64.260000,3221,1920,1080,render_frames/render_00003221.jpg
2679,64.280000,3223,1920,1080,render_frames/render_00003223.jpg
2680,64.300000,3224,1920,1080,render_frames/render_00003224.jpg
2681,64.320000,3225,1920,1080,render_frames/render_00003225.jpg
2682,64.340000,3226,1920,1080,render_frames/render_00003226.jpg
2683,64.360000,3227,1920,1080,render_frames/render_00003227.jpg
2684,64.380000,3229,1920,1080,render_frames/render_00003229.jpg
2685,64.400000,3230,1920,1080,render_frames/render_00003230.jpg
2686,64.420000,3231,1920,1080,render_frames/render_00003231.jpg
2687,64.440000,3232,1920,1080,render_frames/render_00003232.jpg
2688,64.460000,3233,1920,1080,render_frames/render_00003233.jpg
2689,64.480000,3235,1920,1080,render_frames/render_00003235.jpg
2690,64.500000,3236,1920,1080,render_frames/render_00003236.jpg
2691,64.520000,3237,1920,1080,render_frames/render_00003237.jpg
2692,64.540000,3238,1920,1080,render_frames/render_00003238.jpg
2693,64.560000,3239,1920,1080,render_frames/render_00003239.jpg
2694,64.580000,3241,1920,1080,render_frames/render_00003241.jpg
2695,64.600000,3242,1920,1080,render_frames/render_00003242.jpg
2696,64.620000,3243,1920,1080,render_frames/render_00003243.jpg
2697,64.640000,3244,1920,1080,render_frames/render_00003244.jpg
2698,64.660000,3245,1920,1080,render_frames/render_00003245.jpg
2699,64.680000,3247,1920,1080,render_frames/render_00003247.jpg
2700,64.700000,3248,1920,1080,render_frames/render_00003248.jpg
2701,64.720000,3249,1920,1080,render_frames/render_00003249.jpg
2702,64.740000,3250,1920,1080,render_frames/render_00003250.jpg
2703,64.760000,3252,1920,1080,render_frames/render_00003252.jpg
2704,64.780000,3253,1920,1080,render_frames/render_00003253.jpg
2705,64.800000,3254,1920,1080,render_frames/render_00003254.jpg
2706,64.820000,3255,1920,1080,render_frames/render_00003255.jpg
2707,64.840000,3256,1920,1080,render_frames/render_00003256.jpg
2708,64.860000,3258,1920,1080,render_frames/render_00003258.jpg
2709,64.880000,3259,1920,1080,render_frames/render_00003259.jpg
2710,64.900000,3260,1920,1080,render_frames/render_00003260.jpg
2711,64.920000,3261,1920,1080,render_frames/render_00003261.jpg
2712,64.940000,3262,1920,1080,render_frames/render_00003262.jpg
2713,64.960000,3264,1920,1080,render_frames/render_00003264.jpg
2714,64.980000,3265,1920,1080,render_frames/render_00003265.jpg
2715,65.000000,3266,1920,1080,render_frames/render_00003266.jpg
2716,65.020000,3267,1920,1080,render_frames/render_00003267.jpg
2717,65.040000,3268,1920,1080,render_frames/render_00003268.jpg
2718,65.060000,3270,1920,1080,render_frames/render_00003270.jpg
2719,65.080000,3271,1920,1080,render_frames/render_00003271.jpg
2720,65.100000,3272,1920,1080,render_frames/render_00003272.jpg
2721,65.120000,3273,1920,1080,render_frames/render_00003273.jpg
2722,65.140000,3274,1920,1080,render_frames/render_00003274.jpg
2723,65.160000,3276,1920,1080,render_frames/render_00003276.jpg
2724,65.180000,3277,1920,1080,render_frames/render_00003277.jpg
2725,65.200000,3278,1920,1080,render_frames/render_00003278.jpg
2726,65.220000,3279,1920,1080,render_frames/render_00003279.jpg
2727,65.240000,3280,1920,1080,render_frames/render_00003280.jpg
2728,65.260000,3282,1920,1080,render_frames/render_00003282.jpg
2729,65.280000,3283,1920,1080,render_frames/render_00003283.jpg
2730,65.300000,3284,1920,1080,render_frames/render_00003284.jpg
2731,65.320000,3285,1920,1080,render_frames/render_00003285.jpg
2732,65.340000,3286,1920,1080,render_frames/render_00003286.jpg
2733,65.360000,3288,1920,1080,render_frames/render_00003288.jpg
2734,65.380000,3289,1920,1080,render_frames/render_00003289.jpg
2735,65.400000,3290,1920,1080,render_frames/render_00003290.jpg
2736,65.420000,3291,1920,1080,render_frames/render_00003291.jpg
2737,65.440000,3292,1920,1080,render_frames/render_00003292.jpg
2738,65.460000,3293,1920,1080,render_frames/render_00003293.jpg
2739,65.480000,3295,1920,1080,render_frames/render_00003295.jpg
2740,65.500000,3296,1920,1080,render_frames/render_00003296.jpg
2741,65.520000,3297,1920,1080,render_frames/render_00003297.jpg
2742,65.540000,3299,1920,1080,render_frames/render_00003299.jpg
2743,65.560000,3300,1920,1080,render_frames/render_00003300.jpg
2744,65.580000,3301,1920,1080,render_frames/render_00003301.jpg
2745,65.600000,3302,1920,1080,render_frames/render_00003302.jpg
2746,65.620000,3303,1920,1080,render_frames/render_00003303.jpg
2747,65.640000,3305,1920,1080,render_frames/render_00003305.jpg
2748,65.660000,3306,1920,1080,render_frames/render_00003306.jpg
2749,65.680000,3307,1920,1080,render_frames/render_00003307.jpg
2750,65.700000,3308,1920,1080,render_frames/render_00003308.jpg
2751,65.720000,3309,1920,1080,render_frames/render_00003309.jpg
2752,65.740000,3310,1920,1080,render_frames/render_00003310.jpg
2753,65.760000,3312,1920,1080,render_frames/render_00003312.jpg
2754,65.780000,3313,1920,1080,render_frames/render_00003313.jpg
2755,65.800000,3314,1920,1080,render_frames/render_00003314.jpg
2756,65.820000,3315,1920,1080,render_frames/render_00003315.jpg
2757,65.840000,3317,1920,1080,render_frames/render_00003317.jpg
2758,65.860000,3318,1920,1080,render_frames/render_00003318.jpg
2759,65.880000,3319,1920,1080,render_frames/render_00003319.jpg
2760,65.900000,3320,1920,1080,render_frames/render_00003320.jpg
2761,65.920000,3321,1920,1080,render_frames/render_00003321.jpg
2762,65.940000,3323,1920,1080,render_frames/render_00003323.jpg
2763,65.960000,3324,1920,1080,render_frames/render_00003324.jpg
2764,65.980000,3325,1920,1080,render_frames/render_00003325.jpg
2765,66.000000,3326,1920,1080,render_frames/render_00003326.jpg
2766,66.020000,3327,1920,1080,render_frames/render_00003327.jpg
2767,66.040000,3329,1920,1080,render_frames/render_00003329.jpg
2768,66.060000,3330,1920,1080,render_frames/render_00003330.jpg
2769,66.080000,3331,1920,1080,render_frames/render_00003331.jpg
2770,66.100000,3332,1920,1080,render_frames/render_00003332.jpg
2771,66.120000,3333,1920,1080,render_frames/render_00003333.jpg
2772,66.140000,3335,1920,1080,render_frames/render_00003335.jpg
2773,66.160000,3336,1920,1080,render_frames/render_00003336.jpg
2774,66.180000,3337,1920,1080,render_frames/render_00003337.jpg
2775,66.200000,3338,1920,1080,render_frames/render_00003338.jpg
2776,66.220000,3339,1920,1080,render_frames/render_00003339.jpg
2777,66.240000,3340,1920,1080,render_frames/render_00003340.jpg
2778,66.260000,3342,1920,1080,render_frames/render_00003342.jpg
2779,66.280000,3343,1920,1080,render_frames/render_00003343.jpg
2780,66.300000,3344,1920,1080,render_frames/render_00003344.jpg
2781,66.320000,3345,1920,1080,render_frames/render_00003345.jpg
2782,66.340000,3347,1920,1080,render_frames/render_00003347.jpg
2783,66.360000,3348,1920,1080,render_frames/render_00003348.jpg
2784,66.380000,3349,1920,1080,render_frames/render_00003349.jpg
2785,66.400000,3350,1920,1080,render_frames/render_00003350.jpg
2786,66.420000,3351,1920,1080,render_frames/render_00003351.jpg
2787,66.440000,3353,1920,1080,render_frames/render_00003353.jpg
2788,66.460000,3354,1920,1080,render_frames/render_00003354.jpg
2789,66.480000,3355,1920,1080,render_frames/render_00003355.jpg
2790,66.500000,3356,1920,1080,render_frames/render_00003356.jpg
2791,66.520000,3357,1920,1080,render_frames/render_00003357.jpg
2792,66.540000,3359,1920,1080,render_frames/render_00003359.jpg
2793,66.560000,3360,1920,1080,render_frames/render_00003360.jpg
2794,66.580000,3361,1920,1080,render_frames/render_00003361.jpg
2795,66.600000,3362,1920,1080,render_frames/render_00003362.jpg
2796,66.620000,3364,1920,1080,render_frames/render_00003364.jpg
2797,66.640000,3365,1920,1080,render_frames/render_00003365.jpg
2798,66.660000,3366,1920,1080,render_frames/render_00003366.jpg
2799,66.680000,3367,1920,1080,render_frames/render_00003367.jpg
2800,66.700000,3368,1920,1080,render_frames/render_00003368.jpg
2801,66.720000,3370,1920,1080,render_frames/render_00003370.jpg
2802,66.740000,3371,1920,1080,render_frames/render_00003371.jpg
2803,66.760000,3372,1920,1080,render_frames/render_00003372.jpg
2804,66.780000,3373,1920,1080,render_frames/render_00003373.jpg
2805,66.800000,3374,1920,1080,render_frames/render_00003374.jpg
2806,66.820000,3376,1920,1080,render_frames/render_00003376.jpg
2807,66.840000,3377,1920,1080,render_frames/render_00003377.jpg
2808,66.860000,3378,1920,1080,render_frames/render_00003378.jpg
2809,66.880000,3379,1920,1080,render_frames/render_00003379.jpg
2810,66.900000,3380,1920,1080,render_frames/render_00003380.jpg
2811,66.920000,3382,1920,1080,render_frames/render_00003382.jpg
2812,66.940000,3383,1920,1080,render_frames/render_00003383.jpg
2813,66.960000,3384,1920,1080,render_frames/render_00003384.jpg
2814,66.980000,3385,1920,1080,render_frames/render_00003385.jpg
2815,67.000000,3386,1920,1080,render_frames/render_00003386.jpg
2816,67.020000,3388,1920,1080,render_frames/render_00003388.jpg
2817,67.040000,3389,1920,1080,render_frames/render_00003389.jpg
2818,67.060000,3390,1920,1080,render_frames/render_00003390.jpg
2819,67.080000,3391,1920,1080,render_frames/render_00003391.jpg
2820,67.100000,3392,1920,1080,render_frames/render_00003392.jpg
2821,67.120000,3394,1920,1080,render_frames/render_00003394.jpg
2822,67.140000,3395,1920,1080,render_frames/render_00003395.jpg
2823,67.160000,3396,1920,1080,render_frames/render_00003396.jpg
2824,67.180000,3397,1920,1080,render_frames/render_00003397.jpg
2825,67.200000,3398,1920,1080,render_frames/render_00003398.jpg
2826,67.220000,3400,1920,1080,render_frames/render_00003400.jpg
2827,67.240000,3401,1920,1080,render_frames/render_00003401.jpg
2828,67.260000,3402,1920,1080,render_frames/render_00003402.jpg
2829,67.280000,3403,1920,1080,render_frames/render_00003403.jpg
2830,67.300000,3404,1920,1080,render_frames/render_00003404.jpg
2831,67.320000,3406,1920,1080,render_frames/render_00003406.jpg
2832,67.340000,3407,1920,1080,render_frames/render_00003407.jpg
2833,67.360000,3408,1920,1080,render_frames/render_00003408.jpg
2834,67.380000,3409,1920,1080,render_frames/render_00003409.jpg
2835,67.400000,3410,1920,1080,render_frames/render_00003410.jpg
2836,67.420000,3412,1920,1080,render_frames/render_00003412.jpg
2837,67.440000,3413,1920,1080,render_frames/render_00003413.jpg
2838,67.460000,3414,1920,1080,render_frames/render_00003414.jpg
2839,67.480000,3415,1920,1080,render_frames/render_00003415.jpg
2840,67.500000,3416,1920,1080,render_frames/render_00003416.jpg
2841,67.520000,3418,1920,1080,render_frames/render_00003418.jpg
2842,67.540000,3419,1920,1080,render_frames/render_00003419.jpg
2843,67.560000,3420,1920,1080,render_frames/render_00003420.jpg
2844,67.580000,3421,1920,1080,render_frames/render_00003421.jpg
2845,67.600000,3423,1920,1080,render_frames/render_00003423.jpg
2846,67.620000,3424,1920,1080,render_frames/render_00003424.jpg
2847,67.640000,3425,1920,1080,render_frames/render_00003425.jpg
2848,67.660000,3426,1920,1080,render_frames/render_00003426.jpg
2849,67.680000,3427,1920,1080,render_frames/render_00003427.jpg
2850,67.700000,3429,1920,1080,render_frames/render_00003429.jpg
2851,67.720000,3430,1920,1080,render_frames/render_00003430.jpg
2852,67.740000,3431,1920,1080,render_frames/render_00003431.jpg
2853,67.760000,3432,1920,1080,render_frames/render_00003432.jpg
2854,67.780000,3433,1920,1080,render_frames/render_00003433.jpg
2855,67.800000,3435,1920,1080,render_frames/render_00003435.jpg
2856,67.820000,3436,1920,1080,render_frames/render_00003436.jpg
2857,67.840000,3437,1920,1080,render_frames/render_00003437.jpg
2858,67.860000,3438,1920,1080,render_frames/render_00003438.jpg
2859,67.880000,3439,1920,1080,render_frames/render_00003439.jpg
2860,67.900000,3441,1920,1080,render_frames/render_00003441.jpg
2861,67.920000,3442,1920,1080,render_frames/render_00003442.jpg
2862,67.940000,3443,1920,1080,render_frames/render_00003443.jpg
2863,67.960000,3444,1920,1080,render_frames/render_00003444.jpg
2864,67.980000,3445,1920,1080,render_frames/render_00003445.jpg
2865,68.000000,3447,1920,1080,render_frames/render_00003447.jpg
2866,68.020000,3448,1920,1080,render_frames/render_00003448.jpg
2867,68.040000,3449,1920,1080,render_frames/render_00003449.jpg
2868,68.060000,3450,1920,1080,render_frames/render_00003450.jpg
2869,68.080000,3451,1920,1080,render_frames/render_00003451.jpg
2870,68.100000,3453,1920,1080,render_frames/render_00003453.jpg
2871,68.120000,3454,1920,1080,render_frames/render_00003454.jpg
2872,68.140000,3455,1920,1080,render_frames/render_00003455.jpg
2873,68.160000,3456,1920,1080,render_frames/render_00003456.jpg
2874,68.180000,3457,1920,1080,render_frames/render_00003457.jpg
2875,68.200000,3459,1920,1080,render_frames/render_00003459.jpg
2876,68.220000,3460,1920,1080,render_frames/render_00003460.jpg
2877,68.240000,3461,1920,1080,render_frames/render_00003461.jpg
2878,68.260000,3462,1920,1080,render_frames/render_00003462.jpg
2879,68.280000,3463,1920,1080,render_frames/render_00003463.jpg
2880,68.300000,3465,1920,1080,render_frames/render_00003465.jpg
2881,68.320000,3466,1920,1080,render_frames/render_00003466.jpg
2882,68.340000,3467,1920,1080,render_frames/render_00003467.jpg
2883,68.360000,3468,1920,1080,render_frames/render_00003468.jpg
2884,68.380000,3469,1920,1080,render_frames/render_00003469.jpg
2885,68.400000,3471,1920,1080,render_frames/render_00003471.jpg
2886,68.420000,3472,1920,1080,render_frames/render_00003472.jpg
2887,68.440000,3473,1920,1080,render_frames/render_00003473.jpg
2888,68.460000,3474,1920,1080,render_frames/render_00003474.jpg
2889,68.480000,3475,1920,1080,render_frames/render_00003475.jpg
2890,68.500000,3477,1920,1080,render_frames/render_00003477.jpg
2891,68.520000,3478,1920,1080,render_frames/render_00003478.jpg
2892,68.540000,3479,1920,1080,render_frames/render_00003479.jpg
2893,68.560000,3480,1920,1080,render_frames/render_00003480.jpg
2894,68.580000,3481,1920,1080,render_frames/render_00003481.jpg
2895,68.600000,3483,1920,1080,render_frames/render_00003483.jpg
2896,68.620000,3484,1920,1080,render_frames/render_00003484.jpg
2897,68.640000,3485,1920,1080,render_frames/render_00003485.jpg
2898,68.660000,3486,1920,1080,render_frames/render_00003486.jpg
2899,68.680000,3487,1920,1080,render_frames/render_00003487.jpg
2900,68.700000,3489,1920,1080,render_frames/render_00003489.jpg
2901,68.720000,3490,1920,1080,render_frames/render_00003490.jpg
2902,68.740000,3491,1920,1080,render_frames/render_00003491.jpg
2903,68.760000,3492,1920,1080,render_frames/render_00003492.jpg
2904,68.780000,3494,1920,1080,render_frames/render_00003494.jpg
2905,68.800000,3495,1920,1080,render_frames/render_00003495.jpg
2906,68.820000,3496,1920,1080,render_frames/render_00003496.jpg
2907,68.840000,3497,1920,1080,render_frames/render_00003497.jpg
2908,68.860000,3498,1920,1080,render_frames/render_00003498.jpg
2909,68.880000,3500,1920,1080,render_frames/render_00003500.jpg
2910,68.900000,3501,1920,1080,render_frames/render_00003501.jpg
2911,68.920000,3502,1920,1080,render_frames/render_00003502.jpg
2912,68.940000,3503,1920,1080,render_frames/render_00003503.jpg
2913,68.960000,3504,1920,1080,render_frames/render_00003504.jpg
2914,68.980000,3506,1920,1080,render_frames/render_00003506.jpg
2915,69.000000,3507,1920,1080,render_frames/render_00003507.jpg
2916,69.020000,3508,1920,1080,render_frames/render_00003508.jpg
2917,69.040000,3509,1920,1080,render_frames/render_00003509.jpg
2918,69.060000,3510,1920,1080,render_frames/render_00003510.jpg
2919,69.080000,3512,1920,1080,render_frames/render_00003512.jpg
2920,69.100000,3513,1920,1080,render_frames/render_00003513.jpg
2921,69.120000,3514,1920,1080,render_frames/render_00003514.jpg
2922,69.140000,3515,1920,1080,render_frames/render_00003515.jpg
2923,69.160000,3516,1920,1080,render_frames/render_00003516.jpg
2924,69.180000,3518,1920,1080,render_frames/render_00003518.jpg
2925,69.200000,3519,1920,1080,render_frames/render_00003519.jpg
2926,69.220000,3520,1920,1080,render_frames/render_00003520.jpg
2927,69.240000,3521,1920,1080,render_frames/render_00003521.jpg
2928,69.260000,3522,1920,1080,render_frames/render_00003522.jpg
2929,69.280000,3524,1920,1080,render_frames/render_00003524.jpg
2930,69.300000,3525,1920,1080,render_frames/render_00003525.jpg
2931,69.320000,3526,1920,1080,render_frames/render_00003526.jpg
2932,69.340000,3527,1920,1080,render_frames/render_00003527.jpg
2933,69.360000,3528,1920,1080,render_frames/render_00003528.jpg
2934,69.380000,3530,1920,1080,render_frames/render_00003530.jpg
2935,69.400000,3531,1920,1080,render_frames/render_00003531.jpg
2936,69.420000,3532,1920,1080,render_frames/render_00003532.jpg
2937,69.440000,3533,1920,1080,render_frames/render_00003533.jpg
2938,69.460000,3534,1920,1080,render_frames/render_00003534.jpg
2939,69.480000,3536,1920,1080,render_frames/render_00003536.jpg
2940,69.500000,3537,1920,1080,render_frames/render_00003537.jpg
2941,69.520000,3538,1920,1080,render_frames/render_00003538.jpg
2942,69.540000,3539,1920,1080,render_frames/render_00003539.jpg
2943,69.560000,3540,1920,1080,render_frames/render_00003540.jpg
2944,69.580000,3542,1920,1080,render_frames/render_00003542.jpg
2945,69.600000,3543,1920,1080,render_frames/render_00003543.jpg
2946,69.620000,3544,1920,1080,render_frames/render_00003544.jpg
2947,69.640000,3545,1920,1080,render_frames/render_00003545.jpg
2948,69.660000,3546,1920,1080,render_frames/render_00003546.jpg
2949,69.680000,3548,1920,1080,render_frames/render_00003548.jpg
2950,69.700000,3549,1920,1080,render_frames/render_00003549.jpg
2951,69.720000,3550,1920,1080,render_frames/render_00003550.jpg
2952,69.740000,3551,1920,1080,render_frames/render_00003551.jpg
2953,69.760000,3553,1920,1080,render_frames/render_00003553.jpg
2954,69.780000,3554,1920,1080,render_frames/render_00003554.jpg
2955,69.800000,3555,1920,1080,render_frames/render_00003555.jpg
2956,69.820000,3556,1920,1080,render_frames/render_00003556.jpg
2957,69.840000,3557,1920,1080,render_frames/render_00003557.jpg
2958,69.860000,3559,1920,1080,render_frames/render_00003559.jpg
2959,69.880000,3560,1920,1080,render_frames/render_00003560.jpg
2960,69.900000,3561,1920,1080,render_frames/render_00003561.jpg
2961,69.920000,3562,1920,1080,render_frames/render_00003562.jpg
2962,69.940000,3563,1920,1080,render_frames/render_00003563.jpg
2963,69.960000,3565,1920,1080,render_frames/render_00003565.jpg
2964,69.980000,3566,1920,1080,render_frames/render_00003566.jpg
2965,70.000000,3567,1920,1080,render_frames/render_00003567.jpg
2966,70.020000,3568,1920,1080,render_frames/render_00003568.jpg
2967,70.040000,3569,1920,1080,render_frames/render_00003569.jpg
2968,70.060000,3571,1920,1080,render_frames/render_00003571.jpg
2969,70.080000,3572,1920,1080,render_frames/render_00003572.jpg
2970,70.100000,3573,1920,1080,render_frames/render_00003573.jpg
2971,70.120000,3574,1920,1080,render_frames/render_00003574.jpg
2972,70.140000,3575,1920,1080,render_frames/render_00003575.jpg
2973,70.160000,3577,1920,1080,render_frames/render_00003577.jpg
2974,70.180000,3578,1920,1080,render_frames/render_00003578.jpg
2975,70.200000,3579,1920,1080,render_frames/render_00003579.jpg
2976,70.220000,3580,1920,1080,render_frames/render_00003580.jpg
2977,70.240000,3581,1920,1080,render_frames/render_00003581.jpg
2978,70.260000,3583,1920,1080,render_frames/render_00003583.jpg
2979,70.280000,3584,1920,1080,render_frames/render_00003584.jpg
2980,70.300000,3585,1920,1080,render_frames/render_00003585.jpg
2981,70.320000,3586,1920,1080,render_frames/render_00003586.jpg
2982,70.340000,3587,1920,1080,render_frames/render_00003587.jpg
2983,70.360000,3589,1920,1080,render_frames/render_00003589.jpg
2984,70.380000,3590,1920,1080,render_frames/render_00003590.jpg
2985,70.400000,3591,1920,1080,render_frames/render_00003591.jpg
2986,70.420000,3592,1920,1080,render_frames/render_00003592.jpg
2987,70.440000,3594,1920,1080,render_frames/render_00003594.jpg
2988,70.460000,3594,1920,1080,render_frames/render_00003594.jpg
2989,70.480000,3596,1920,1080,render_frames/render_00003596.jpg
2990,70.500000,3597,1920,1080,render_frames/render_00003597.jpg
2991,70.520000,3598,1920,1080,render_frames/render_00003598.jpg
2992,70.540000,3600,1920,1080,render_frames/render_00003600.jpg
2993,70.560000,3601,1920,1080,render_frames/render_00003601.jpg
2994,70.580000,3602,1920,1080,render_frames/render_00003602.jpg
2995,70.600000,3603,1920,1080,render_frames/render_00003603.jpg
2996,70.620000,3604,1920,1080,render_frames/render_00003604.jpg
2997,70.640000,3606,1920,1080,render_frames/render_00003606.jpg
2998,70.660000,3607,1920,1080,render_frames/render_00003607.jpg
2999,70.680000,3608,1920,1080,render_frames/render_00003608.jpg
3000,70.700000,3609,1920,1080,render_frames/render_00003609.jpg
3001,70.720000,3610,1920,1080,render_frames/render_00003610.jpg
3002,70.740000,3612,1920,1080,render_frames/render_00003612.jpg
3003,70.760000,3613,1920,1080,render_frames/render_00003613.jpg
3004,70.780000,3614,1920,1080,render_frames/render_00003614.jpg
3005,70.800000,3615,1920,1080,render_frames/render_00003615.jpg
3006,70.820000,3616,1920,1080,render_frames/render_00003616.jpg
3007,70.840000,3618,1920,1080,render_frames/render_00003618.jpg
3008,70.860000,3619,1920,1080,render_frames/render_00003619.jpg
3009,70.880000,3620,1920,1080,render_frames/render_00003620.jpg
3010,70.900000,3621,1920,1080,render_frames/render_00003621.jpg
3011,70.920000,3622,1920,1080,render_frames/render_00003622.jpg
3012,70.940000,3624,1920,1080,render_frames/render_00003624.jpg
3013,70.960000,3625,1920,1080,render_frames/render_00003625.jpg
3014,70.980000,3626,1920,1080,render_frames/render_00003626.jpg
3015,71.000000,3627,1920,1080,render_frames/render_00003627.jpg
3016,71.020000,3628,1920,1080,render_frames/render_00003628.jpg
3017,71.040000,3630,1920,1080,render_frames/render_00003630.jpg
3018,71.060000,3631,1920,1080,render_frames/render_00003631.jpg
3019,71.080000,3632,1920,1080,render_frames/render_00003632.jpg
3020,71.100000,3633,1920,1080,render_frames/render_00003633.jpg
3021,71.120000,3634,1920,1080,render_frames/render_00003634.jpg
3022,71.140000,3636,1920,1080,render_frames/render_00003636.jpg
3023,71.160000,3637,1920,1080,render_frames/render_00003637.jpg
3024,71.180000,3638,1920,1080,render_frames/render_00003638.jpg
3025,71.200000,3639,1920,1080,render_frames/render_00003639.jpg
3026,71.220000,3640,1920,1080,render_frames/render_00003640.jpg
3027,71.240000,3642,1920,1080,render_frames/render_00003642.jpg
3028,71.260000,3643,1920,1080,render_frames/render_00003643.jpg
3029,71.280000,3644,1920,1080,render_frames/render_00003644.jpg
3030,71.300000,3645,1920,1080,render_frames/render_00003645.jpg
3031,71.320000,3646,1920,1080,render_frames/render_00003646.jpg
3032,71.340000,3648,1920,1080,render_frames/render_00003648.jpg
3033,71.360000,3649,1920,1080,render_frames/render_00003649.jpg
3034,71.380000,3650,1920,1080,render_frames/render_00003650.jpg
3035,71.400000,3651,1920,1080,render_frames/render_00003651.jpg
3036,71.420000,3653,1920,1080,render_frames/render_00003653.jpg
3037,71.440000,3654,1920,1080,render_frames/render_00003654.jpg
3038,71.460000,3655,1920,1080,render_frames/render_00003655.jpg
3039,71.480000,3656,1920,1080,render_frames/render_00003656.jpg
3040,71.500000,3657,1920,1080,render_frames/render_00003657.jpg
3041,71.520000,3659,1920,1080,render_frames/render_00003659.jpg
3042,71.540000,3660,1920,1080,render_frames/render_00003660.jpg
3043,71.560000,3661,1920,1080,render_frames/render_00003661.jpg
3044,71.580000,3662,1920,1080,render_frames/render_00003662.jpg
3045,71.600000,3663,1920,1080,render_frames/render_00003663.jpg
3046,71.620000,3665,1920,1080,render_frames/render_00003665.jpg
3047,71.640000,3666,1920,1080,render_frames/render_00003666.jpg
3048,71.660000,3667,1920,1080,render_frames/render_00003667.jpg
3049,71.680000,3668,1920,1080,render_frames/render_00003668.jpg
3050,71.700000,3669,1920,1080,render_frames/render_00003669.jpg
3051,71.720000,3671,1920,1080,render_frames/render_00003671.jpg
3052,71.740000,3672,1920,1080,render_frames/render_00003672.jpg
3053,71.760000,3673,1920,1080,render_frames/render_00003673.jpg
3054,71.780000,3674,1920,1080,render_frames/render_00003674.jpg
3055,71.800000,3675,1920,1080,render_frames/render_00003675.jpg
3056,71.820000,3677,1920,1080,render_frames/render_00003677.jpg
3057,71.840000,3678,1920,1080,render_frames/render_00003678.jpg
3058,71.860000,3679,1920,1080,render_frames/render_00003679.jpg
3059,71.880000,3680,1920,1080,render_frames/render_00003680.jpg
3060,71.900000,3681,1920,1080,render_frames/render_00003681.jpg
3061,71.920000,3682,1920,1080,render_frames/render_00003682.jpg
3062,71.940000,3683,1920,1080,render_frames/render_00003683.jpg
3063,71.960000,3685,1920,1080,render_frames/render_00003685.jpg
3064,71.980000,3686,1920,1080,render_frames/render_00003686.jpg
3065,72.000000,3687,1920,1080,render_frames/render_00003687.jpg
3066,72.020000,3689,1920,1080,render_frames/render_00003689.jpg
3067,72.040000,3690,1920,1080,render_frames/render_00003690.jpg
3068,72.060000,3691,1920,1080,render_frames/render_00003691.jpg
3069,72.080000,3692,1920,1080,render_frames/render_00003692.jpg
3070,72.100000,3693,1920,1080,render_frames/render_00003693.jpg
3071,72.120000,3695,1920,1080,render_frames/render_00003695.jpg
3072,72.140000,3696,1920,1080,render_frames/render_00003696.jpg
3073,72.160000,3697,1920,1080,render_frames/render_00003697.jpg
3074,72.180000,3698,1920,1080,render_frames/render_00003698.jpg
3075,72.200000,3699,1920,1080,render_frames/render_00003699.jpg
3076,72.220000,3701,1920,1080,render_frames/render_00003701.jpg
3077,72.240000,3702,1920,1080,render_frames/render_00003702.jpg
3078,72.260000,3703,1920,1080,render_frames/render_00003703.jpg
3079,72.280000,3704,1920,1080,render_frames/render_00003704.jpg
3080,72.300000,3705,1920,1080,render_frames/render_00003705.jpg
3081,72.320000,3707,1920,1080,render_frames/render_00003707.jpg
3082,72.340000,3708,1920,1080,render_frames/render_00003708.jpg
3083,72.360000,3709,1920,1080,render_frames/render_00003709.jpg
3084,72.380000,3710,1920,1080,render_frames/render_00003710.jpg
3085,72.400000,3711,1920,1080,render_frames/render_00003711.jpg
3086,72.420000,3713,1920,1080,render_frames/render_00003713.jpg
3087,72.440000,3714,1920,1080,render_frames/render_00003714.jpg
3088,72.460000,3715,1920,1080,render_frames/render_00003715.jpg
3089,72.480000,3716,1920,1080,render_frames/render_00003716.jpg
3090,72.500000,3717,1920,1080,render_frames/render_00003717.jpg
3091,72.520000,3719,1920,1080,render_frames/render_00003719.jpg
3092,72.540000,3720,1920,1080,render_frames/render_00003720.jpg
3093,72.560000,3721,1920,1080,render_frames/render_00003721.jpg
3094,72.580000,3722,1920,1080,render_frames/render_00003722.jpg
3095,72.600000,3724,1920,1080,render_frames/render_00003724.jpg
3096,72.620000,3725,1920,1080,render_frames/render_00003725.jpg
3097,72.640000,3726,1920,1080,render_frames/render_00003726.jpg
3098,72.660000,3727,1920,1080,render_frames/render_00003727.jpg
3099,72.680000,3728,1920,1080,render_frames/render_00003728.jpg
3100,72.700000,3730,1920,1080,render_frames/render_00003730.jpg
3101,72.720000,3731,1920,1080,render_frames/render_00003731.jpg
3102,72.740000,3732,1920,1080,render_frames/render_00003732.jpg
3103,72.760000,3733,1920,1080,render_frames/render_00003733.jpg
3104,72.780000,3734,1920,1080,render_frames/render_00003734.jpg
3105,72.800000,3736,1920,1080,render_frames/render_00003736.jpg
3106,72.820000,3737,1920,1080,render_frames/render_00003737.jpg
3107,72.840000,3738,1920,1080,render_frames/render_00003738.jpg
3108,72.860000,3739,1920,1080,render_frames/render_00003739.jpg
3109,72.880000,3740,1920,1080,render_frames/render_00003740.jpg
3110,72.900000,3742,1920,1080,render_frames/render_00003742.jpg
3111,72.920000,3743,1920,1080,render_frames/render_00003743.jpg
3112,72.940000,3744,1920,1080,render_frames/render_00003744.jpg
3113,72.960000,3745,1920,1080,render_frames/render_00003745.jpg
3114,72.980000,3746,1920,1080,render_frames/render_00003746.jpg
3115,73.000000,3748,1920,1080,render_frames/render_00003748.jpg
3116,73.020000,3749,1920,1080,render_frames/render_00003749.jpg
3117,73.040000,3750,1920,1080,render_frames/render_00003750.jpg
3118,73.060000,3751,1920,1080,render_frames/render_00003751.jpg
3119,73.080000,3752,1920,1080,render_frames/render_00003752.jpg
3120,73.100000,3754,1920,1080,render_frames/render_00003754.jpg
3121,73.120000,3755,1920,1080,render_frames/render_00003755.jpg
3122,73.140000,3756,1920,1080,render_frames/render_00003756.jpg
3123,73.160000,3757,1920,1080,render_frames/render_00003757.jpg
3124,73.180000,3758,1920,1080,render_frames/render_00003758.jpg
3125,73.200000,3760,1920,1080,render_frames/render_00003760.jpg
3126,73.220000,3761,1920,1080,render_frames/render_00003761.jpg
3127,73.240000,3762,1920,1080,render_frames/render_00003762.jpg
3128,73.260000,3763,1920,1080,render_frames/render_00003763.jpg
3129,73.280000,3764,1920,1080,render_frames/render_00003764.jpg
3130,73.300000,3766,1920,1080,render_frames/render_00003766.jpg
3131,73.320000,3767,1920,1080,render_frames/render_00003767.jpg
3132,73.340000,3768,1920,1080,render_frames/render_00003768.jpg
3133,73.360000,3769,1920,1080,render_frames/render_00003769.jpg
3134,73.380000,3770,1920,1080,render_frames/render_00003770.jpg
3135,73.400000,3772,1920,1080,render_frames/render_00003772.jpg
3136,73.420000,3773,1920,1080,render_frames/render_00003773.jpg
3137,73.440000,3774,1920,1080,render_frames/render_00003774.jpg
3138,73.460000,3775,1920,1080,render_frames/render_00003775.jpg
3139,73.480000,3777,1920,1080,render_frames/render_00003777.jpg
3140,73.500000,3778,1920,1080,render_frames/render_00003778.jpg
3141,73.520000,3779,1920,1080,render_frames/render_00003779.jpg
3142,73.540000,3780,1920,1080,render_frames/render_00003780.jpg
3143,73.560000,3781,1920,1080,render_frames/render_00003781.jpg
3144,73.580000,3783,1920,1080,render_frames/render_00003783.jpg
3145,73.600000,3784,1920,1080,render_frames/render_00003784.jpg
3146,73.620000,3785,1920,1080,render_frames/render_00003785.jpg
3147,73.640000,3786,1920,1080,render_frames/render_00003786.jpg
3148,73.660000,3787,1920,1080,render_frames/render_00003787.jpg
3149,73.680000,3789,1920,1080,render_frames/render_00003789.jpg
3150,73.700000,3790,1920,1080,render_frames/render_00003790.jpg
3151,73.720000,3791,1920,1080,render_frames/render_00003791.jpg
3152,73.740000,3792,1920,1080,render_frames/render_00003792.jpg
3153,73.760000,3793,1920,1080,render_frames/render_00003793.jpg
3154,73.780000,3795,1920,1080,render_frames/render_00003795.jpg
3155,73.800000,3796,1920,1080,render_frames/render_00003796.jpg
3156,73.820000,3797,1920,1080,render_frames/render_00003797.jpg
3157,73.840000,3798,1920,1080,render_frames/render_00003798.jpg
3158,73.860000,3799,1920,1080,render_frames/render_00003799.jpg
3159,73.880000,3801,1920,1080,render_frames/render_00003801.jpg
3160,73.900000,3802,1920,1080,render_frames/render_00003802.jpg
3161,73.920000,3803,1920,1080,render_frames/render_00003803.jpg
3162,73.940000,3804,1920,1080,render_frames/render_00003804.jpg
3163,73.960000,3805,1920,1080,render_frames/render_00003805.jpg
3164,73.980000,3807,1920,1080,render_frames/render_00003807.jpg
3165,74.000000,3808,1920,1080,render_frames/render_00003808.jpg
3166,74.020000,3809,1920,1080,render_frames/render_00003809.jpg
3167,74.040000,3810,1920,1080,render_frames/render_00003810.jpg
3168,74.060000,3811,1920,1080,render_frames/render_00003811.jpg
3169,74.080000,3813,1920,1080,render_frames/render_00003813.jpg
3170,74.100000,3814,1920,1080,render_frames/render_00003814.jpg
3171,74.120000,3815,1920,1080,render_frames/render_00003815.jpg
3172,74.140000,3816,1920,1080,render_frames/render_00003816.jpg
3173,74.160000,3817,1920,1080,render_frames/render_00003817.jpg
3174,74.180000,3819,1920,1080,render_frames/render_00003819.jpg
3175,74.200000,3820,1920,1080,render_frames/render_00003820.jpg
3176,74.220000,3821,1920,1080,render_frames/render_00003821.jpg
3177,74.240000,3822,1920,1080,render_frames/render_00003822.jpg
3178,74.260000,3824,1920,1080,render_frames/render_00003824.jpg
3179,74.280000,3825,1920,1080,render_frames/render_00003825.jpg
3180,74.300000,3826,1920,1080,render_frames/render_00003826.jpg
3181,74.320000,3827,1920,1080,render_frames/render_00003827.jpg
3182,74.340000,3828,1920,1080,render_frames/render_00003828.jpg
3183,74.360000,3830,1920,1080,render_frames/render_00003830.jpg
3184,74.380000,3831,1920,1080,render_frames/render_00003831.jpg
3185,74.400000,3832,1920,1080,render_frames/render_00003832.jpg
3186,74.420000,3833,1920,1080,render_frames/render_00003833.jpg
3187,74.440000,3834,1920,1080,render_frames/render_00003834.jpg
3188,74.460000,3836,1920,1080,render_frames/render_00003836.jpg
3189,74.480000,3837,1920,1080,render_frames/render_00003837.jpg
3190,74.500000,3838,1920,1080,render_frames/render_00003838.jpg
3191,74.520000,3839,1920,1080,render_frames/render_00003839.jpg
3192,74.540000,3840,1920,1080,render_frames/render_00003840.jpg
3193,74.560000,3842,1920,1080,render_frames/render_00003842.jpg
3194,74.580000,3843,1920,1080,render_frames/render_00003843.jpg
3195,74.600000,3844,1920,1080,render_frames/render_00003844.jpg
3196,74.620000,3845,1920,1080,render_frames/render_00003845.jpg
3197,74.640000,3847,1920,1080,render_frames/render_00003847.jpg
3198,74.660000,3848,1920,1080,render_frames/render_00003848.jpg
3199,74.680000,3849,1920,1080,render_frames/render_00003849.jpg
3200,74.700000,3850,1920,1080,render_frames/render_00003850.jpg
3201,74.720000,3851,1920,1080,render_frames/render_00003851.jpg
3202,74.740000,3852,1920,1080,render_frames/render_00003852.jpg
3203,74.760000,3854,1920,1080,render_frames/render_00003854.jpg
3204,74.780000,3855,1920,1080,render_frames/render_00003855.jpg
3205,74.800000,3856,1920,1080,render_frames/render_00003856.jpg
3206,74.820000,3857,1920,1080,render_frames/render_00003857.jpg
3207,74.840000,3859,1920,1080,render_frames/render_00003859.jpg
3208,74.860000,3860,1920,1080,render_frames/render_00003860.jpg
3209,74.880000,3861,1920,1080,render_frames/render_00003861.jpg
3210,74.900000,3862,1920,1080,render_frames/render_00003862.jpg
3211,74.920000,3863,1920,1080,render_frames/render_00003863.jpg
3212,74.940000,3865,1920,1080,render_frames/render_00003865.jpg
3213,74.960000,3866,1920,1080,render_frames/render_00003866.jpg
3214,74.980000,3867,1920,1080,render_frames/render_00003867.jpg
3215,75.000000,3868,1920,1080,render_frames/render_00003868.jpg
3216,75.020000,3869,1920,1080,render_frames/render_00003869.jpg
3217,75.040000,3871,1920,1080,render_frames/render_00003871.jpg
3218,75.060000,3872,1920,1080,render_frames/render_00003872.jpg
3219,75.080000,3873,1920,1080,render_frames/render_00003873.jpg
3220,75.100000,3874,1920,1080,render_frames/render_00003874.jpg
3221,75.120000,3875,1920,1080,render_frames/render_00003875.jpg
3222,75.140000,3877,1920,1080,render_frames/render_00003877.jpg
3223,75.160000,3878,1920,1080,render_frames/render_00003878.jpg
3224,75.180000,3879,1920,1080,render_frames/render_00003879.jpg
3225,75.200000,3880,1920,1080,render_frames/render_00003880.jpg
3226,75.220000,3881,1920,1080,render_frames/render_00003881.jpg
3227,75.240000,3883,1920,1080,render_frames/render_00003883.jpg
3228,75.260000,3884,1920,1080,render_frames/render_00003884.jpg
3229,75.280000,3885,1920,1080,render_frames/render_00003885.jpg
3230,75.300000,3886,1920,1080,render_frames/render_00003886.jpg
3231,75.320000,3887,1920,1080,render_frames/render_00003887.jpg
3232,75.340000,3889,1920,1080,render_frames/render_00003889.jpg
3233,75.360000,3889,1920,1080,render_frames/render_00003889.jpg
3234,75.380000,3891,1920,1080,render_frames/render_00003891.jpg
3235,75.400000,3892,1920,1080,render_frames/render_00003892.jpg
3236,75.420000,3893,1920,1080,render_frames/render_00003893.jpg
3237,75.440000,3895,1920,1080,render_frames/render_00003895.jpg
3238,75.460000,3896,1920,1080,render_frames/render_00003896.jpg
3239,75.480000,3897,1920,1080,render_frames/render_00003897.jpg
3240,75.500000,3898,1920,1080,render_frames/render_00003898.jpg
3241,75.520000,3899,1920,1080,render_frames/render_00003899.jpg
3242,75.540000,3901,1920,1080,render_frames/render_00003901.jpg
3243,75.560000,3902,1920,1080,render_frames/render_00003902.jpg
3244,75.580000,3903,1920,1080,render_frames/render_00003903.jpg
3245,75.600000,3904,1920,1080,render_frames/render_00003904.jpg
3246,75.620000,3905,1920,1080,render_frames/render_00003905.jpg
3247,75.640000,3907,1920,1080,render_frames/render_00003907.jpg
3248,75.660000,3908,1920,1080,render_frames/render_00003908.jpg
3249,75.680000,3909,1920,1080,render_frames/render_00003909.jpg
3250,75.700000,3910,1920,1080,render_frames/render_00003910.jpg
3251,75.720000,3912,1920,1080,render_frames/render_00003912.jpg
3252,75.740000,3913,1920,1080,render_frames/render_00003913.jpg
3253,75.760000,3914,1920,1080,render_frames/render_00003914.jpg
3254,75.780000,3915,1920,1080,render_frames/render_00003915.jpg
3255,75.800000,3916,1920,1080,render_frames/render_00003916.jpg
3256,75.820000,3918,1920,1080,render_frames/render_00003918.jpg
3257,75.840000,3919,1920,1080,render_frames/render_00003919.jpg
3258,75.860000,3920,1920,1080,render_frames/render_00003920.jpg
3259,75.880000,3921,1920,1080,render_frames/render_00003921.jpg
3260,75.900000,3922,1920,1080,render_frames/render_00003922.jpg
3261,75.920000,3924,1920,1080,render_frames/render_00003924.jpg
3262,75.940000,3925,1920,1080,render_frames/render_00003925.jpg
3263,75.960000,3926,1920,1080,render_frames/render_00003926.jpg
3264,75.980000,3927,1920,1080,render_frames/render_00003927.jpg
3265,76.000000,3928,1920,1080,render_frames/render_00003928.jpg
3266,76.020000,3930,1920,1080,render_frames/render_00003930.jpg
3267,76.040000,3931,1920,1080,render_frames/render_00003931.jpg
3268,76.060000,3932,1920,1080,render_frames/render_00003932.jpg
3269,76.080000,3933,1920,1080,render_frames/render_00003933.jpg
3270,76.100000,3934,1920,1080,render_frames/render_00003934.jpg
3271,76.120000,3936,1920,1080,render_frames/render_00003936.jpg
3272,76.140000,3937,1920,1080,render_frames/render_00003937.jpg
3273,76.160000,3938,1920,1080,render_frames/render_00003938.jpg
3274,76.180000,3939,1920,1080,render_frames/render_00003939.jpg
3275,76.200000,3940,1920,1080,render_frames/render_00003940.jpg
3276,76.220000,3942,1920,1080,render_frames/render_00003942.jpg
3277,76.240000,3943,1920,1080,render_frames/render_00003943.jpg
3278,76.260000,3944,1920,1080,render_frames/render_00003944.jpg
3279,76.280000,3945,1920,1080,render_frames/render_00003945.jpg
3280,76.300000,3946,1920,1080,render_frames/render_00003946.jpg
3281,76.320000,3948,1920,1080,render_frames/render_00003948.jpg
3282,76.340000,3949,1920,1080,render_frames/render_00003949.jpg
3283,76.360000,3950,1920,1080,render_frames/render_00003950.jpg
3284,76.380000,3951,1920,1080,render_frames/render_00003951.jpg
3285,76.400000,3952,1920,1080,render_frames/render_00003952.jpg
3286,76.420000,3954,1920,1080,render_frames/render_00003954.jpg
3287,76.440000,3955,1920,1080,render_frames/render_00003955.jpg
3288,76.460000,3956,1920,1080,render_frames/render_00003956.jpg
3289,76.480000,3957,1920,1080,render_frames/render_00003957.jpg
3290,76.500000,3958,1920,1080,render_frames/render_00003958.jpg
3291,76.520000,3960,1920,1080,render_frames/render_00003960.jpg
3292,76.540000,3961,1920,1080,render_frames/render_00003961.jpg
3293,76.560000,3962,1920,1080,render_frames/render_00003962.jpg
3294,76.580000,3963,1920,1080,render_frames/render_00003963.jpg
3295,76.600000,3964,1920,1080,render_frames/render_00003964.jpg
3296,76.620000,3966,1920,1080,render_frames/render_00003966.jpg
3297,76.640000,3967,1920,1080,render_frames/render_00003967.jpg
3298,76.660000,3968,1920,1080,render_frames/render_00003968.jpg
3299,76.680000,3969,1920,1080,render_frames/render_00003969.jpg
3300,76.700000,3970,1920,1080,render_frames/render_00003970.jpg
3301,76.720000,3972,1920,1080,render_frames/render_00003972.jpg
3302,76.740000,3973,1920,1080,render_frames/render_00003973.jpg
3303,76.760000,3974,1920,1080,render_frames/render_00003974.jpg
3304,76.780000,3975,1920,1080,render_frames/render_00003975.jpg
3305,76.800000,3976,1920,1080,render_frames/render_00003976.jpg
3306,76.820000,3978,1920,1080,render_frames/render_00003978.jpg
3307,76.840000,3979,1920,1080,render_frames/render_00003979.jpg
3308,76.860000,3980,1920,1080,render_frames/render_00003980.jpg
3309,76.880000,3981,1920,1080,render_frames/render_00003981.jpg
3310,76.900000,3982,1920,1080,render_frames/render_00003982.jpg
3311,76.920000,3984,1920,1080,render_frames/render_00003984.jpg
3312,76.940000,3985,1920,1080,render_frames/render_00003985.jpg
3313,76.960000,3986,1920,1080,render_frames/render_00003986.jpg
3314,76.980000,3987,1920,1080,render_frames/render_00003987.jpg
3315,77.000000,3989,1920,1080,render_frames/render_00003989.jpg
3316,77.020000,3990,1920,1080,render_frames/render_00003990.jpg
3317,77.040000,3991,1920,1080,render_frames/render_00003991.jpg
3318,77.060000,3992,1920,1080,render_frames/render_00003992.jpg
3319,77.080000,3993,1920,1080,render_frames/render_00003993.jpg
3320,77.100000,3995,1920,1080,render_frames/render_00003995.jpg
3321,77.120000,3996,1920,1080,render_frames/render_00003996.jpg
3322,77.140000,3997,1920,1080,render_frames/render_00003997.jpg
3323,77.160000,3998,1920,1080,render_frames/render_00003998.jpg
3324,77.180000,3999,1920,1080,render_frames/render_00003999.jpg
3325,77.200000,4001,1920,1080,render_frames/render_00004001.jpg
3326,77.220000,4002,1920,1080,render_frames/render_00004002.jpg
3327,77.240000,4003,1920,1080,render_frames/render_00004003.jpg
3328,77.260000,4004,1920,1080,render_frames/render_00004004.jpg
3329,77.280000,4005,1920,1080,render_frames/render_00004005.jpg
3330,77.300000,4007,1920,1080,render_frames/render_00004007.jpg
3331,77.320000,4008,1920,1080,render_frames/render_00004008.jpg
3332,77.340000,4009,1920,1080,render_frames/render_00004009.jpg
3333,77.360000,4010,1920,1080,render_frames/render_00004010.jpg
3334,77.380000,4011,1920,1080,render_frames/render_00004011.jpg
3335,77.400000,4013,1920,1080,render_frames/render_00004013.jpg
3336,77.420000,4013,1920,1080,render_frames/render_00004013.jpg
3337,77.440000,4015,1920,1080,render_frames/render_00004015.jpg
3338,77.460000,4016,1920,1080,render_frames/render_00004016.jpg
3339,77.480000,4018,1920,1080,render_frames/render_00004018.jpg
3340,77.500000,4019,1920,1080,render_frames/render_00004019.jpg
3341,77.520000,4020,1920,1080,render_frames/render_00004020.jpg
3342,77.540000,4021,1920,1080,render_frames/render_00004021.jpg
3343,77.560000,4022,1920,1080,render_frames/render_00004022.jpg
3344,77.580000,4024,1920,1080,render_frames/render_00004024.jpg
3345,77.600000,4025,1920,1080,render_frames/render_00004025.jpg
3346,77.620000,4026,1920,1080,render_frames/render_00004026.jpg
3347,77.640000,4027,1920,1080,render_frames/render_00004027.jpg
3348,77.660000,4028,1920,1080,render_frames/render_00004028.jpg
3349,77.680000,4030,1920,1080,render_frames/render_00004030.jpg
3350,77.700000,4031,1920,1080,render_frames/render_00004031.jpg
3351,77.720000,4032,1920,1080,render_frames/render_00004032.jpg
3352,77.740000,4033,1920,1080,render_frames/render_00004033.jpg
3353,77.760000,4034,1920,1080,render_frames/render_00004034.jpg
3354,77.780000,4036,1920,1080,render_frames/render_00004036.jpg
3355,77.800000,4037,1920,1080,render_frames/render_00004037.jpg
3356,77.820000,4038,1920,1080,render_frames/render_00004038.jpg
3357,77.840000,4039,1920,1080,render_frames/render_00004039.jpg
3358,77.860000,4040,1920,1080,render_frames/render_00004040.jpg
3359,77.880000,4042,1920,1080,render_frames/render_00004042.jpg
3360,77.900000,4043,1920,1080,render_frames/render_00004043.jpg
3361,77.920000,4044,1920,1080,render_frames/render_00004044.jpg
3362,77.940000,4045,1920,1080,render_frames/render_00004045.jpg
3363,77.960000,4046,1920,1080,render_frames/render_00004046.jpg
3364,77.980000,4047,1920,1080,render_frames/render_00004047.jpg
3365,78.000000,4048,1920,1080,render_frames/render_00004048.jpg
3366,78.020000,4050,1920,1080,render_frames/render_00004050.jpg
3367,78.040000,4051,1920,1080,render_frames/render_00004051.jpg
3368,78.060000,4051,1920,1080,render_frames/render_00004051.jpg
3369,78.080000,4053,1920,1080,render_frames/render_00004053.jpg
3370,78.100000,4054,1920,1080,render_frames/render_00004054.jpg
3371,78.120000,4055,1920,1080,render_frames/render_00004055.jpg
3372,78.140000,4056,1920,1080,render_frames/render_00004056.jpg
3373,78.160000,4057,1920,1080,render_frames/render_00004057.jpg
3374,78.180000,4059,1920,1080,render_frames/render_00004059.jpg
3375,78.200000,4060,1920,1080,render_frames/render_00004060.jpg
3376,78.220000,4061,1920,1080,render_frames/render_00004061.jpg
3377,78.240000,4062,1920,1080,render_frames/render_00004062.jpg
3378,78.260000,4063,1920,1080,render_frames/render_00004063.jpg
3379,78.280000,4065,1920,1080,render_frames/render_00004065.jpg
3380,78.300000,4066,1920,1080,render_frames/render_00004066.jpg
3381,78.320000,4067,1920,1080,render_frames/render_00004067.jpg
3382,78.340000,4068,1920,1080,render_frames/render_00004068.jpg
3383,78.360000,4069,1920,1080,render_frames/render_00004069.jpg
3384,78.380000,4071,1920,1080,render_frames/render_00004071.jpg
3385,78.400000,4072,1920,1080,render_frames/render_00004072.jpg
3386,78.420000,4073,1920,1080,render_frames/render_00004073.jpg
3387,78.440000,4074,1920,1080,render_frames/render_00004074.jpg
3388,78.460000,4075,1920,1080,render_frames/render_00004075.jpg
3389,78.480000,4077,1920,1080,render_frames/render_00004077.jpg
3390,78.500000,4078,1920,1080,render_frames/render_00004078.jpg
3391,78.520000,4079,1920,1080,render_frames/render_00004079.jpg
3392,78.540000,4080,1920,1080,render_frames/render_00004080.jpg
3393,78.560000,4082,1920,1080,render_frames/render_00004082.jpg
3394,78.580000,4083,1920,1080,render_frames/render_00004083.jpg
3395,78.600000,4084,1920,1080,render_frames/render_00004084.jpg
3396,78.620000,4085,1920,1080,render_frames/render_00004085.jpg
3397,78.640000,4086,1920,1080,render_frames/render_00004086.jpg
3398,78.660000,4088,1920,1080,render_frames/render_00004088.jpg
3399,78.680000,4089,1920,1080,render_frames/render_00004089.jpg
3400,78.700000,4090,1920,1080,render_frames/render_00004090.jpg
3401,78.720000,4091,1920,1080,render_frames/render_00004091.jpg
3402,78.740000,4092,1920,1080,render_frames/render_00004092.jpg
3403,78.760000,4094,1920,1080,render_frames/render_00004094.jpg
3404,78.780000,4095,1920,1080,render_frames/render_00004095.jpg
3405,78.800000,4096,1920,1080,render_frames/render_00004096.jpg
3406,78.820000,4097,1920,1080,render_frames/render_00004097.jpg
3407,78.840000,4098,1920,1080,render_frames/render_00004098.jpg
3408,78.860000,4100,1920,1080,render_frames/render_00004100.jpg
3409,78.880000,4101,1920,1080,render_frames/render_00004101.jpg
3410,78.900000,4102,1920,1080,render_frames/render_00004102.jpg
3411,78.920000,4103,1920,1080,render_frames/render_00004103.jpg
3412,78.940000,4104,1920,1080,render_frames/render_00004104.jpg
3413,78.960000,4106,1920,1080,render_frames/render_00004106.jpg
3414,78.980000,4107,1920,1080,render_frames/render_00004107.jpg
3415,79.000000,4108,1920,1080,render_frames/render_00004108.jpg
3416,79.020000,4109,1920,1080,render_frames/render_00004109.jpg
3417,79.040000,4110,1920,1080,render_frames/render_00004110.jpg
3418,79.060000,4112,1920,1080,render_frames/render_00004112.jpg
3419,79.080000,4113,1920,1080,render_frames/render_00004113.jpg
3420,79.100000,4114,1920,1080,render_frames/render_00004114.jpg
3421,79.120000,4115,1920,1080,render_frames/render_00004115.jpg
3422,79.140000,4117,1920,1080,render_frames/render_00004117.jpg
3423,79.160000,4118,1920,1080,render_frames/render_00004118.jpg
3424,79.180000,4119,1920,1080,render_frames/render_00004119.jpg
3425,79.200000,4120,1920,1080,render_frames/render_00004120.jpg
3426,79.220000,4121,1920,1080,render_frames/render_00004121.jpg
3427,79.240000,4123,1920,1080,render_frames/render_00004123.jpg
3428,79.260000,4124,1920,1080,render_frames/render_00004124.jpg
3429,79.280000,4125,1920,1080,render_frames/render_00004125.jpg
3430,79.300000,4126,1920,1080,render_frames/render_00004126.jpg
3431,79.320000,4127,1920,1080,render_frames/render_00004127.jpg
3432,79.340000,4128,1920,1080,render_frames/render_00004128.jpg
3433,79.360000,4130,1920,1080,render_frames/render_00004130.jpg
3434,79.380000,4131,1920,1080,render_frames/render_00004131.jpg
3435,79.400000,4132,1920,1080,render_frames/render_00004132.jpg
3436,79.420000,4133,1920,1080,render_frames/render_00004133.jpg
3437,79.440000,4134,1920,1080,render_frames/render_00004134.jpg
3438,79.460000,4136,1920,1080,render_frames/render_00004136.jpg
3439,79.480000,4137,1920,1080,render_frames/render_00004137.jpg
3440,79.500000,4138,1920,1080,render_frames/render_00004138.jpg
3441,79.520000,4139,1920,1080,render_frames/render_00004139.jpg
3442,79.540000,4141,1920,1080,render_frames/render_00004141.jpg
3443,79.560000,4142,1920,1080,render_frames/render_00004142.jpg
3444,79.580000,4143,1920,1080,render_frames/render_00004143.jpg
3445,79.600000,4144,1920,1080,render_frames/render_00004144.jpg
3446,79.620000,4145,1920,1080,render_frames/render_00004145.jpg
3447,79.640000,4147,1920,1080,render_frames/render_00004147.jpg
3448,79.660000,4148,1920,1080,render_frames/render_00004148.jpg
3449,79.680000,4149,1920,1080,render_frames/render_00004149.jpg
3450,79.700000,4150,1920,1080,render_frames/render_00004150.jpg
3451,79.720000,4151,1920,1080,render_frames/render_00004151.jpg
3452,79.740000,4153,1920,1080,render_frames/render_00004153.jpg
3453,79.760000,4154,1920,1080,render_frames/render_00004154.jpg
3454,79.780000,4155,1920,1080,render_frames/render_00004155.jpg
3455,79.800000,4156,1920,1080,render_frames/render_00004156.jpg
3456,79.820000,4157,1920,1080,render_frames/render_00004157.jpg
3457,79.840000,4159,1920,1080,render_frames/render_00004159.jpg
3458,79.860000,4160,1920,1080,render_frames/render_00004160.jpg
3459,79.880000,4161,1920,1080,render_frames/render_00004161.jpg
3460,79.900000,4162,1920,1080,render_frames/render_00004162.jpg
3461,79.920000,4163,1920,1080,render_frames/render_00004163.jpg
3462,79.940000,4165,1920,1080,render_frames/render_00004165.jpg
3463,79.960000,4166,1920,1080,render_frames/render_00004166.jpg
3464,79.980000,4167,1920,1080,render_frames/render_00004167.jpg
3465,80.000000,4168,1920,1080,render_frames/render_00004168.jpg
3466,80.020000,4169,1920,1080,render_frames/render_00004169.jpg
3467,80.040000,4171,1920,1080,render_frames/render_00004171.jpg
3468,80.060000,4172,1920,1080,render_frames/render_00004172.jpg
3469,80.080000,4173,1920,1080,render_frames/render_00004173.jpg
3470,80.100000,4174,1920,1080,render_frames/render_00004174.jpg
3471,80.120000,4175,1920,1080,render_frames/render_00004175.jpg
3472,80.140000,4177,1920,1080,render_frames/render_00004177.jpg
3473,80.160000,4178,1920,1080,render_frames/render_00004178.jpg
3474,80.180000,4179,1920,1080,render_frames/render_00004179.jpg
3475,80.200000,4180,1920,1080,render_frames/render_00004180.jpg
3476,80.220000,4181,1920,1080,render_frames/render_00004181.jpg
3477,80.240000,4183,1920,1080,render_frames/render_00004183.jpg
3478,80.260000,4184,1920,1080,render_frames/render_00004184.jpg
3479,80.280000,4185,1920,1080,render_frames/render_00004185.jpg
3480,80.300000,4186,1920,1080,render_frames/render_00004186.jpg
3481,80.320000,4187,1920,1080,render_frames/render_00004187.jpg
3482,80.340000,4189,1920,1080,render_frames/render_00004189.jpg
3483,80.360000,4190,1920,1080,render_frames/render_00004190.jpg
3484,80.380000,4191,1920,1080,render_frames/render_00004191.jpg
3485,80.400000,4192,1920,1080,render_frames/render_00004192.jpg
3486,80.420000,4193,1920,1080,render_frames/render_00004193.jpg
3487,80.440000,4195,1920,1080,render_frames/render_00004195.jpg
3488,80.460000,4196,1920,1080,render_frames/render_00004196.jpg
3489,80.480000,4197,1920,1080,render_frames/render_00004197.jpg
3490,80.500000,4198,1920,1080,render_frames/render_00004198.jpg
3491,80.520000,4200,1920,1080,render_frames/render_00004200.jpg
3492,80.540000,4200,1920,1080,render_frames/render_00004200.jpg
3493,80.560000,4202,1920,1080,render_frames/render_00004202.jpg
3494,80.580000,4203,1920,1080,render_frames/render_00004203.jpg
3495,80.600000,4204,1920,1080,render_frames/render_00004204.jpg
3496,80.620000,4206,1920,1080,render_frames/render_00004206.jpg
3497,80.640000,4207,1920,1080,render_frames/render_00004207.jpg
3498,80.660000,4208,1920,1080,render_frames/render_00004208.jpg
3499,80.680000,4209,1920,1080,render_frames/render_00004209.jpg
3500,80.700000,4210,1920,1080,render_frames/render_00004210.jpg
3501,80.720000,4212,1920,1080,render_frames/render_00004212.jpg
3502,80.740000,4213,1920,1080,render_frames/render_00004213.jpg
3503,80.760000,4214,1920,1080,render_frames/render_00004214.jpg
3504,80.780000,4215,1920,1080,render_frames/render_00004215.jpg
3505,80.800000,4216,1920,1080,render_frames/render_00004216.jpg
3506,80.820000,4218,1920,1080,render_frames/render_00004218.jpg
3507,80.840000,4219,1920,1080,render_frames/render_00004219.jpg
3508,80.860000,4220,1920,1080,render_frames/render_00004220.jpg
3509,80.880000,4221,1920,1080,render_frames/render_00004221.jpg
3510,80.900000,4222,1920,1080,render_frames/render_00004222.jpg
3511,80.920000,4224,1920,1080,render_frames/render_00004224.jpg
3512,80.940000,4225,1920,1080,render_frames/render_00004225.jpg
3513,80.960000,4226,1920,1080,render_frames/render_00004226.jpg
3514,80.980000,4227,1920,1080,render_frames/render_00004227.jpg
3515,81.000000,4228,1920,1080,render_frames/render_00004228.jpg
3516,81.020000,4230,1920,1080,render_frames/render_00004230.jpg
3517,81.040000,4231,1920,1080,render_frames/render_00004231.jpg
3518,81.060000,4232,1920,1080,render_frames/render_00004232.jpg
3519,81.080000,4233,1920,1080,render_frames/render_00004233.jpg
3520,81.100000,4234,1920,1080,render_frames/render_00004234.jpg
3521,81.120000,4236,1920,1080,render_frames/render_00004236.jpg
3522,81.140000,4237,1920,1080,render_frames/render_00004237.jpg
3523,81.160000,4238,1920,1080,render_frames/render_00004238.jpg
3524,81.180000,4239,1920,1080,render_frames/render_00004239.jpg
3525,81.200000,4240,1920,1080,render_frames/render_00004240.jpg
3526,81.220000,4242,1920,1080,render_frames/render_00004242.jpg
3527,81.240000,4243,1920,1080,render_frames/render_00004243.jpg
3528,81.260000,4244,1920,1080,render_frames/render_00004244.jpg
3529,81.280000,4245,1920,1080,render_frames/render_00004245.jpg
3530,81.300000,4246,1920,1080,render_frames/render_00004246.jpg
3531,81.320000,4248,1920,1080,render_frames/render_00004248.jpg
3532,81.340000,4249,1920,1080,render_frames/render_00004249.jpg
3533,81.360000,4250,1920,1080,render_frames/render_00004250.jpg
3534,81.380000,4251,1920,1080,render_frames/render_00004251.jpg
3535,81.400000,4252,1920,1080,render_frames/render_00004252.jpg
3536,81.420000,4254,1920,1080,render_frames/render_00004254.jpg
3537,81.440000,4255,1920,1080,render_frames/render_00004255.jpg
3538,81.460000,4256,1920,1080,render_frames/render_00004256.jpg
3539,81.480000,4257,1920,1080,render_frames/render_00004257.jpg
3540,81.500000,4259,1920,1080,render_frames/render_00004259.jpg
3541,81.520000,4259,1920,1080,render_frames/render_00004259.jpg
3542,81.540000,4261,1920,1080,render_frames/render_00004261.jpg
3543,81.560000,4262,1920,1080,render_frames/render_00004262.jpg
3544,81.580000,4263,1920,1080,render_frames/render_00004263.jpg
3545,81.600000,4265,1920,1080,render_frames/render_00004265.jpg
3546,81.620000,4266,1920,1080,render_frames/render_00004266.jpg
3547,81.640000,4267,1920,1080,render_frames/render_00004267.jpg
3548,81.660000,4268,1920,1080,render_frames/render_00004268.jpg
3549,81.680000,4269,1920,1080,render_frames/render_00004269.jpg
3550,81.700000,4271,1920,1080,render_frames/render_00004271.jpg
3551,81.720000,4272,1920,1080,render_frames/render_00004272.jpg
3552,81.740000,4273,1920,1080,render_frames/render_00004273.jpg
3553,81.760000,4274,1920,1080,render_frames/render_00004274.jpg
3554,81.780000,4275,1920,1080,render_frames/render_00004275.jpg
3555,81.800000,4277,1920,1080,render_frames/render_00004277.jpg
3556,81.820000,4278,1920,1080,render_frames/render_00004278.jpg
3557,81.840000,4279,1920,1080,render_frames/render_00004279.jpg
3558,81.860000,4280,1920,1080,render_frames/render_00004280.jpg
3559,81.880000,4281,1920,1080,render_frames/render_00004281.jpg
3560,81.900000,4283,1920,1080,render_frames/render_00004283.jpg
3561,81.920000,4284,1920,1080,render_frames/render_00004284.jpg
3562,81.940000,4285,1920,1080,render_frames/render_00004285.jpg
3563,81.960000,4286,1920,1080,render_frames/render_00004286.jpg
3564,81.980000,4287,1920,1080,render_frames/render_00004287.jpg
3565,82.000000,4289,1920,1080,render_frames/render_00004289.jpg
3566,82.020000,4290,1920,1080,render_frames/render_00004290.jpg
3567,82.040000,4291,1920,1080,render_frames/render_00004291.jpg
3568,82.060000,4292,1920,1080,render_frames/render_00004292.jpg
3569,82.080000,4294,1920,1080,render_frames/render_00004294.jpg
3570,82.100000,4295,1920,1080,render_frames/render_00004295.jpg
3571,82.120000,4296,1920,1080,render_frames/render_00004296.jpg
3572,82.140000,4297,1920,1080,render_frames/render_00004297.jpg
3573,82.160000,4298,1920,1080,render_frames/render_00004298.jpg
3574,82.180000,4299,1920,1080,render_frames/render_00004299.jpg
3575,82.200000,4301,1920,1080,render_frames/render_00004301.jpg
3576,82.220000,4302,1920,1080,render_frames/render_00004302.jpg
3577,82.240000,4303,1920,1080,render_frames/render_00004303.jpg
3578,82.260000,4304,1920,1080,render_frames/render_00004304.jpg
3579,82.280000,4305,1920,1080,render_frames/render_00004305.jpg
3580,82.300000,4307,1920,1080,render_frames/render_00004307.jpg
3581,82.320000,4308,1920,1080,render_frames/render_00004308.jpg
3582,82.340000,4309,1920,1080,render_frames/render_00004309.jpg
3583,82.360000,4310,1920,1080,render_frames/render_00004310.jpg
3584,82.380000,4311,1920,1080,render_frames/render_00004311.jpg
3585,82.400000,4313,1920,1080,render_frames/render_00004313.jpg
3586,82.420000,4314,1920,1080,render_frames/render_00004314.jpg
3587,82.440000,4315,1920,1080,render_frames/render_00004315.jpg
3588,82.460000,4316,1920,1080,render_frames/render_00004316.jpg
3589,82.480000,4318,1920,1080,render_frames/render_00004318.jpg
3590,82.500000,4319,1920,1080,render_frames/render_00004319.jpg
3591,82.520000,4320,1920,1080,render_frames/render_00004320.jpg
3592,82.540000,4321,1920,1080,render_frames/render_00004321.jpg
3593,82.560000,4322,1920,1080,render_frames/render_00004322.jpg
3594,82.580000,4324,1920,1080,render_frames/render_00004324.jpg
3595,82.600000,4325,1920,1080,render_frames/render_00004325.jpg
3596,82.620000,4326,1920,1080,render_frames/render_00004326.jpg
3597,82.640000,4327,1920,1080,render_frames/render_00004327.jpg
3598,82.660000,4328,1920,1080,render_frames/render_00004328.jpg
3599,82.680000,4330,1920,1080,render_frames/render_00004330.jpg
3600,82.700000,4331,1920,1080,render_frames/render_00004331.jpg
3601,82.720000,4332,1920,1080,render_frames/render_00004332.jpg
3602,82.740000,4333,1920,1080,render_frames/render_00004333.jpg
3603,82.760000,4334,1920,1080,render_frames/render_00004334.jpg
3604,82.780000,4336,1920,1080,render_frames/render_00004336.jpg
3605,82.800000,4337,1920,1080,render_frames/render_00004337.jpg
3606,82.820000,4338,1920,1080,render_frames/render_00004338.jpg
3607,82.840000,4339,1920,1080,render_frames/render_00004339.jpg
3608,82.860000,4340,1920,1080,render_frames/render_00004340.jpg
3609,82.880000,4341,1920,1080,render_frames/render_00004341.jpg
3610,82.900000,4343,1920,1080,render_frames/render_00004343.jpg
3611,82.920000,4344,1920,1080,render_frames/render_00004344.jpg
3612,82.940000,4345,1920,1080,render_frames/render_00004345.jpg
3613,82.960000,4346,1920,1080,render_frames/render_00004346.jpg
3614,82.980000,4348,1920,1080,render_frames/render_00004348.jpg
3615,83.000000,4349,1920,1080,render_frames/render_00004349.jpg
3616,83.020000,4350,1920,1080,render_frames/render_00004350.jpg
3617,83.040000,4351,1920,1080,render_frames/render_00004351.jpg
3618,83.060000,4353,1920,1080,render_frames/render_00004353.jpg
3619,83.080000,4354,1920,1080,render_frames/render_00004354.jpg
3620,83.100000,4355,1920,1080,render_frames/render_00004355.jpg
3621,83.120000,4356,1920,1080,render_frames/render_00004356.jpg
3622,83.140000,4357,1920,1080,render_frames/render_00004357.jpg
