inference_index,sim_time,policy_id,cmd_x,cmd_y,cmd_yaw
1,10.720000,3,-0.000000,-0.000000,-0.000000
2,10.740000,3,-0.000000,-0.000000,-0.000000
3,10.760000,3,-0.000000,-0.000000,-0.000000
4,10.780000,3,-0.000000,-0.000000,-0.000000
5,10.800000,3,-0.000000,-0.000000,-0.000000
6,10.820000,3,-0.000000,-0.000000,-0.000000
7,10.840000,3,-0.000000,-0.000000,-0.000000
8,10.860000,3,-0.000000,-0.000000,-0.000000
9,10.880000,3,-0.000000,-0.000000,-0.000000
10,10.900000,3,-0.000000,-0.000000,-0.000000
11,10.920000,3,-0.000000,-0.000000,-0.000000
12,10.940000,3,-0.000000,-0.000000,-0.000000
13,10.960000,3,-0.000000,-0.000000,-0.000000
14,10.980000,3,-0.000000,-0.000000,-0.000000
15,11.000000,3,-0.000000,-0.000000,-0.000000
16,11.020000,3,-0.000000,-0.000000,-0.000000
17,11.040000,3,-0.000000,-0.000000,-0.000000
18,11.060000,3,-0.000000,-0.000000,-0.000000
19,11.080000,3,-0.000000,-0.000000,-0.000000
20,11.100000,3,-0.000000,-0.000000,-0.000000
21,11.120000,3,-0.000000,-0.000000,-0.000000
22,11.140000,3,0.045808,-0.000000,-0.000000
23,11.160000,3,0.154180,-0.001862,-0.000000
24,11.180000,3,0.313242,-0.003754,-0.000000
25,11.200000,3,0.481918,-0.004730,-0.000000
26,11.220000,3,0.707877,0.022736,-0.000000
27,11.240000,3,0.969146,0.121921,-0.000000
28,11.260000,3,1.000000,0.158055,-0.000000
29,11.280000,3,1.000000,0.125675,-0.000000
30,11.300000,3,1.000000,0.082430,-0.000000
31,11.320000,3,1.000000,0.078616,-0.000000
32,11.340000,3,1.000000,0.078005,-0.000000
33,11.360000,3,1.000000,0.077425,-0.000000
34,11.380000,3,1.000000,0.057619,-0.000000
35,11.400000,3,1.000000,-0.027619,-0.000000
36,11.420000,3,1.000000,-0.078982,-0.000000
37,11.440000,3,1.000000,-0.125645,-0.000000
38,11.460000,3,1.000000,-0.142186,-0.000000
39,11.480000,3,1.000000,-0.147038,-0.000000
40,11.500000,3,1.000000,-0.150365,-0.000000
41,11.520000,3,1.000000,-0.152623,-0.000000
42,11.540000,3,1.000000,-0.166326,-0.000000
43,11.560000,3,1.000000,-0.206305,-0.000000
44,11.580000,3,1.000000,-0.256630,-0.000000
45,11.600000,3,1.000000,-0.309885,-0.000000
46,11.620000,3,0.990020,-0.359539,-0.000000
47,11.640000,3,0.963713,-0.424635,-0.000000
48,11.660000,3,0.943693,-0.467238,-0.000000
49,11.680000,3,0.920042,-0.512070,-0.000000
50,11.700000,3,0.916105,-0.519608,-0.000000
51,11.720000,3,0.915189,-0.520829,-0.000000
52,11.740000,3,0.914792,-0.521470,-0.000000
53,11.760000,3,0.914792,-0.521531,-0.000000
54,11.780000,3,0.914640,-0.521805,-0.000000
55,11.800000,3,0.914640,-0.521867,-0.000000
56,11.820000,3,0.914640,-0.521867,-0.000000
57,11.840000,3,0.914640,-0.521867,-0.000000
58,11.860000,3,0.914274,-0.522477,-0.000000
59,11.880000,3,0.913907,-0.522965,-0.000000
60,11.900000,3,0.913907,-0.523026,-0.000000
61,11.920000,3,0.913846,-0.523148,-0.000000
62,11.940000,3,0.913846,-0.523148,-0.000000
63,11.960000,3,0.913846,-0.523148,-0.000000
64,11.980000,3,0.913846,-0.522996,-0.000000
65,12.000000,3,0.913846,-0.522996,-0.000000
66,12.020000,3,0.913846,-0.522996,-0.000000
67,12.040000,3,0.913846,-0.522996,-0.000000
68,12.060000,3,0.913846,-0.522996,-0.000000
69,12.080000,3,0.913846,-0.522996,-0.000000
70,12.100000,3,0.913846,-0.522996,-0.000000
71,12.120000,3,0.913846,-0.522996,-0.000000
72,12.140000,3,0.913846,-0.522996,-0.000000
73,12.160000,3,0.913846,-0.522996,-0.000000
74,12.180000,3,0.913846,-0.522996,-0.000000
75,12.200000,3,0.913846,-0.522996,-0.000000
76,12.220000,3,0.806269,-0.473678,-0.000000
77,12.240000,3,0.105625,-0.064241,-0.000000
78,12.260000,3,-0.000000,-0.000000,-0.000000
79,12.280000,3,-0.000000,-0.000000,-0.000000
80,12.300000,3,-0.000000,-0.000000,-0.000000
81,12.320000,3,-0.000000,-0.000000,-0.000000
82,12.340000,3,-0.000000,-0.000000,-0.000000
83,12.360000,3,-0.000000,-0.000000,-0.000000
84,12.380000,3,-0.000000,-0.000000,-0.000000
85,12.400000,3,-0.000000,-0.000000,-0.000000
86,12.420000,3,-0.111240,-0.036897,-0.000000
87,12.440000,3,-0.535752,-0.314920,-0.000000
88,12.460000,3,-0.863186,-0.569872,-0.000000
89,12.480000,3,-0.875729,-0.584338,-0.000000
90,12.500000,3,-0.875546,-0.584765,-0.000000
91,12.520000,3,-0.875393,-0.584887,-0.000000
92,12.540000,3,-0.875393,-0.584948,-0.000000
93,12.560000,3,-0.875393,-0.584948,-0.000000
94,12.580000,3,-0.875393,-0.584735,-0.000000
95,12.600000,3,-0.875454,-0.584765,-0.000000
96,12.620000,3,-0.875454,-0.584826,-0.000000
97,12.640000,3,-0.875454,-0.584643,-0.000000
98,12.660000,3,-0.875454,-0.584643,-0.000000
99,12.680000,3,-0.875454,-0.584643,-0.000000
100,12.700000,3,-0.875454,-0.584643,-0.000000
101,12.720000,3,-0.875454,-0.584826,-0.000000
102,12.740000,3,-0.875454,-0.584826,-0.000000
103,12.760000,3,-0.875515,-0.584613,-0.000000
104,12.780000,3,-0.884518,-0.570940,-0.000000
105,12.800000,3,-0.902432,-0.542283,-0.000000
106,12.820000,3,-0.927030,-0.499222,-0.013138
107,12.840000,3,-0.961547,-0.429304,-0.037263
108,12.860000,3,-0.995636,-0.343455,-0.049944
109,12.880000,3,-1.000000,-0.266366,-0.055803
110,12.900000,3,-1.000000,-0.180517,-0.058504
111,12.920000,3,-1.000000,-0.100681,-0.062899
112,12.940000,3,-1.000000,-0.033204,-0.110004
113,12.960000,3,-1.000000,0.043764,-0.164205
114,12.980000,3,-1.000000,0.111576,-0.204077
115,13.000000,3,-1.000000,0.165807,-0.228660
116,13.020000,3,-1.000000,0.224158,-0.241523
117,13.040000,3,-1.000000,0.276864,-0.246513
118,13.060000,3,-0.998291,0.335795,-0.250450
119,13.080000,3,-0.974456,0.399304,-0.284097
120,13.100000,3,-0.956847,0.439619,-0.328043
121,13.120000,3,-0.948057,0.458205,-0.355968
122,13.140000,3,-0.937132,0.480056,-0.390118
123,13.160000,3,-0.921232,0.509812,-0.403485
124,13.180000,3,-0.905209,0.537675,-0.406735
125,13.200000,3,-0.889523,0.563158,-0.450087
126,13.220000,3,-0.885006,0.570605,-0.499069
127,13.240000,3,-0.881680,0.575762,-0.558946
128,13.260000,3,-0.880306,0.577868,-0.582293
129,13.280000,3,-0.879757,0.578387,-0.592593
130,13.300000,3,-0.879818,0.578112,-0.595614
131,13.320000,3,-0.879879,0.578021,-0.596988
132,13.340000,3,-0.879452,0.578845,-0.486389
133,13.360000,3,-0.879269,0.579119,-0.032731
134,13.380000,3,-0.879330,0.578814,-0.000000
135,13.400000,3,-0.879604,0.578387,-0.000000
136,13.420000,3,-0.877590,0.582263,-0.000000
137,13.440000,3,-0.874416,0.586627,-0.000000
138,13.460000,3,-0.873318,0.588000,-0.000000
139,13.480000,3,-0.873226,0.588122,-0.000000
140,13.500000,3,-0.872921,0.588549,-0.000000
141,13.520000,3,-0.871029,0.591327,-0.000000
142,13.540000,3,-0.874264,0.586535,-0.000000
143,13.560000,3,-0.816065,0.506119,-0.000000
144,13.580000,3,-0.782281,0.453902,-0.000000
145,13.600000,3,-0.775811,0.439894,-0.000000
146,13.620000,3,-0.775842,0.439131,-0.000000
147,13.640000,3,-0.785974,0.471358,-0.000000
148,13.660000,3,-0.800287,0.530900,-0.000000
149,13.680000,3,-0.809168,0.571764,-0.000000
150,13.700000,3,-0.801141,0.597339,-0.000000
151,13.720000,3,-0.717704,0.597766,-0.000000
152,13.740000,3,-0.560564,0.566088,-0.000000
153,13.760000,3,-0.325236,0.424055,-0.000000
154,13.780000,3,-0.069674,0.148869,-0.000000
155,13.800000,3,-0.000000,-0.000000,-0.000000
156,13.820000,3,-0.000000,-0.000000,-0.000000
157,13.840000,3,0.027772,-0.000000,-0.000000
158,13.860000,3,0.142491,-0.004608,-0.000000
159,13.880000,3,0.318369,-0.113712,-0.000000
160,13.900000,3,0.397320,-0.246315,-0.000000
161,13.920000,3,0.458388,-0.443098,-0.000000
162,13.940000,3,0.483749,-0.672719,-0.000000
163,13.960000,3,0.439772,-0.925596,-0.000000
164,13.980000,3,0.379742,-0.982360,-0.000000
165,14.000000,3,0.352245,-0.992615,-0.000000
166,14.020000,3,0.316507,-1.000000,-0.000000
167,14.040000,3,0.310984,-1.000000,-0.000000
168,14.060000,3,0.308451,-1.000000,-0.000000
169,14.080000,3,0.307138,-1.000000,-0.000000
170,14.100000,3,0.307138,-1.000000,-0.000000
171,14.120000,3,0.306650,-1.000000,-0.000000
172,14.140000,3,0.306711,-1.000000,-0.000000
173,14.160000,3,0.306711,-1.000000,-0.000000
174,14.180000,3,0.306711,-1.000000,-0.000000
175,14.200000,3,0.306711,-1.000000,-0.000000
176,14.220000,3,0.306497,-1.000000,-0.000000
177,14.240000,3,0.306497,-1.000000,-0.000000
178,14.260000,3,0.305795,-1.000000,-0.000000
179,14.280000,3,0.305795,-1.000000,-0.000000
180,14.300000,3,0.300272,-1.000000,-0.000000
181,14.320000,3,0.294931,-1.000000,-0.000000
182,14.340000,3,0.288736,-1.000000,-0.000000
183,14.360000,3,0.287851,-1.000000,-0.000000
184,14.380000,3,0.286721,-1.000000,-0.000000
185,14.400000,3,0.280404,-1.000000,-0.000000
186,14.420000,3,0.271340,-1.000000,-0.000000
187,14.440000,3,0.265633,-1.000000,-0.000000
188,14.460000,3,0.264260,-1.000000,-0.000000
189,14.480000,3,0.263741,-1.000000,-0.000000
190,14.500000,3,0.263588,-1.000000,-0.000000
191,14.520000,3,0.263588,-1.000000,-0.000000
192,14.540000,3,0.263588,-1.000000,-0.000000
193,14.560000,3,0.279244,-1.000000,-0.000000
194,14.580000,3,0.297220,-1.000000,-0.000000
195,14.600000,3,0.305216,-1.000000,-0.000000
196,14.620000,3,0.310007,-1.000000,-0.000000
197,14.640000,3,0.325449,-0.999634,-0.000000
198,14.660000,3,0.328806,-0.906552,-0.000000
199,14.680000,3,0.087344,-0.216407,-0.000000
200,14.700000,3,-0.000000,-0.000000,-0.000000
201,14.720000,3,-0.000000,-0.000000,-0.000000
202,14.740000,3,-0.000000,-0.000000,-0.000000
203,14.760000,3,-0.000000,-0.000000,-0.000000
204,14.780000,3,-0.000000,-0.000000,-0.000000
205,14.800000,3,-0.000000,-0.000000,-0.000000
206,14.820000,3,0.053896,0.000855,-0.000000
207,14.840000,3,0.371227,0.111637,-0.000000
208,14.860000,3,0.795526,0.364910,-0.000000
209,14.880000,3,0.938810,0.460402,-0.000000
210,14.900000,3,0.947142,0.460005,-0.000000
211,14.920000,3,0.947600,0.459120,-0.000000
212,14.940000,3,0.948241,0.457717,-0.000000
213,14.960000,3,0.948241,0.458144,-0.000000
214,14.980000,3,0.943388,0.467910,-0.000000
215,15.000000,3,0.925779,0.501724,-0.000000
216,15.020000,3,0.901212,0.544450,-0.000000
217,15.040000,3,0.872616,0.589099,-0.000000
218,15.060000,3,0.845668,0.627094,-0.000000
219,15.080000,3,0.815180,0.666219,-0.000000
220,15.100000,3,0.758446,0.730094,-0.000000
221,15.120000,3,0.704031,0.782708,-0.000000
222,15.140000,3,0.652760,0.826014,-0.000000
223,15.160000,3,0.602313,0.863552,-0.000000
224,15.180000,3,0.543840,0.901578,-0.000000
225,15.200000,3,0.481491,0.936491,-0.000000
226,15.220000,3,0.409314,0.970336,0.022477
227,15.240000,3,0.291574,0.996551,0.221885
228,15.260000,3,0.062227,0.971221,0.505936
229,15.280000,3,-0.184881,0.841121,0.863094
230,15.300000,3,-0.345286,0.720573,1.188345
231,15.320000,3,-0.392346,0.526292,1.389950
232,15.340000,3,-0.249580,0.211554,1.500000
233,15.360000,3,-0.000000,-0.000000,1.500000
234,15.380000,3,-0.000000,-0.000000,1.500000
235,15.400000,3,-0.000000,-0.000000,1.500000
236,15.420000,3,-0.000000,-0.000000,1.500000
237,15.440000,3,-0.000000,-0.000000,1.500000
238,15.460000,3,-0.000000,-0.000000,1.500000
239,15.480000,3,-0.000000,-0.000000,1.500000
240,15.500000,3,-0.000000,-0.000000,1.500000
241,15.520000,3,-0.000000,-0.000000,1.500000
242,15.540000,3,-0.000000,-0.000000,1.500000
243,15.560000,3,-0.000000,-0.000000,1.500000
244,15.580000,3,-0.000000,-0.000000,1.500000
245,15.600000,3,-0.000000,-0.000000,1.500000
246,15.620000,3,-0.000000,-0.000000,1.500000
247,15.640000,3,-0.000000,-0.000000,1.500000
248,15.660000,3,-0.000000,-0.000000,1.500000
249,15.680000,3,-0.000000,-0.000000,1.500000
250,15.700000,3,-0.000000,-0.000000,1.500000
251,15.720000,3,-0.000000,-0.000000,1.500000
252,15.740000,3,-0.000000,-0.000000,1.500000
253,15.760000,3,-0.000000,-0.000000,1.500000
254,15.780000,3,-0.000000,-0.000000,1.500000
255,15.800000,3,-0.000000,-0.000000,1.500000
256,15.820000,3,-0.000000,-0.000000,1.500000
257,15.840000,3,-0.000000,-0.000000,1.500000
258,15.860000,3,-0.000000,-0.000000,1.500000
259,15.880000,3,-0.000000,-0.000000,1.500000
260,15.900000,3,-0.000000,-0.000000,1.500000
261,15.920000,3,-0.000000,-0.000000,1.500000
262,15.940000,3,-0.000000,-0.000000,1.500000
263,15.960000,3,-0.000000,-0.000000,1.499771
264,15.980000,3,-0.000000,-0.000000,1.498718
265,16.000000,3,-0.000000,-0.000000,1.498535
266,16.020000,3,-0.000000,-0.000000,1.498535
267,16.040000,3,-0.000000,-0.000000,1.498260
268,16.060000,3,-0.000000,-0.000000,1.498260
269,16.080000,3,-0.000000,-0.000000,1.498260
270,16.100000,3,-0.000000,-0.000000,1.498260
271,16.120000,3,-0.000000,-0.000000,1.498260
272,16.140000,3,-0.000000,-0.000000,1.498260
273,16.160000,3,-0.000000,-0.000000,1.498260
274,16.180000,3,-0.000000,-0.000000,1.498260
275,16.200000,3,-0.000000,-0.000000,1.498260
276,16.220000,3,-0.000000,-0.000000,1.498260
277,16.240000,3,-0.000000,-0.000000,1.495193
278,16.260000,3,-0.000000,-0.000000,1.494140
279,16.280000,3,-0.000000,-0.000000,1.493912
280,16.300000,3,-0.000000,-0.000000,1.493637
281,16.320000,3,-0.000000,-0.000000,1.493637
282,16.340000,3,-0.000000,-0.000000,1.492996
283,16.360000,3,-0.000000,-0.000000,1.492996
284,16.380000,3,-0.000000,-0.000000,1.492996
285,16.400000,3,-0.000000,-0.000000,1.492996
286,16.420000,3,-0.000000,-0.000000,1.492996
287,16.440000,3,-0.000000,-0.000000,1.492996
288,16.460000,3,-0.000000,-0.000000,1.492996
289,16.480000,3,-0.000000,-0.000000,1.492904
290,16.500000,3,-0.000000,-0.000000,1.492904
291,16.520000,3,-0.000000,-0.000000,1.492904
292,16.540000,3,-0.000000,-0.000000,1.492904
293,16.560000,3,-0.000000,-0.000000,1.492904
294,16.580000,3,-0.000000,-0.000000,1.492904
295,16.600000,3,-0.000000,-0.000000,1.492904
296,16.620000,3,-0.000000,-0.000000,1.492904
297,16.640000,3,-0.000000,-0.000000,1.492676
298,16.660000,3,-0.000000,-0.000000,1.492584
299,16.680000,3,-0.000000,-0.000000,1.492584
300,16.700000,3,-0.000000,-0.000000,1.492584
301,16.720000,3,-0.000000,-0.000000,1.492767
302,16.740000,3,-0.000000,-0.000000,1.492767
303,16.760000,3,-0.000000,-0.000000,1.492767
304,16.780000,3,-0.000000,-0.000000,1.492767
305,16.800000,3,-0.000000,-0.000000,1.492767
306,16.820000,3,-0.000000,-0.000000,1.492767
307,16.840000,3,-0.000000,-0.000000,1.492767
308,16.860000,3,-0.000000,-0.000000,1.492767
309,16.880000,3,-0.000000,-0.000000,1.492767
310,16.900000,3,-0.000000,-0.000000,1.492767
311,16.920000,3,-0.000000,-0.000000,1.492767
312,16.940000,3,-0.000000,-0.000000,1.492767
313,16.960000,3,-0.000000,-0.000000,1.492767
314,16.980000,3,-0.000000,-0.000000,1.492767
315,17.000000,3,-0.000000,-0.000000,1.492767
316,17.020000,3,-0.000000,-0.000000,1.492767
317,17.040000,3,-0.000000,-0.000000,1.492767
318,17.060000,3,-0.000000,-0.000000,1.492767
319,17.080000,3,-0.000000,-0.000000,1.492767
320,17.100000,3,-0.000000,-0.000000,1.492767
321,17.120000,3,-0.000000,-0.000000,1.492767
322,17.140000,3,-0.000000,-0.000000,1.492767
323,17.160000,3,-0.000000,-0.000000,1.492767
324,17.180000,3,-0.000000,-0.000000,1.492767
325,17.200000,3,-0.000000,-0.000000,1.492767
326,17.220000,3,-0.000000,-0.000000,1.492767
327,17.240000,3,-0.000000,-0.000000,1.492767
328,17.260000,3,-0.000000,-0.000000,1.492767
329,17.280000,3,-0.000000,-0.000000,1.492767
330,17.300000,3,-0.000000,-0.000000,1.492767
331,17.320000,3,-0.000000,-0.000000,1.492767
332,17.340000,3,-0.000000,-0.000000,1.492767
333,17.360000,3,-0.000000,-0.000000,1.492767
334,17.380000,3,-0.000000,-0.000000,1.492767
335,17.400000,3,-0.000000,-0.000000,1.492767
336,17.420000,3,-0.000000,-0.000000,1.492767
337,17.440000,3,-0.000000,-0.000000,1.492767
338,17.460000,3,-0.000000,-0.000000,1.492767
339,17.480000,3,-0.000000,-0.000000,1.492767
340,17.500000,3,-0.000000,-0.000000,1.492767
341,17.520000,3,-0.000000,-0.000000,1.492767
342,17.540000,3,-0.000000,-0.000000,1.492767
343,17.560000,3,-0.000000,-0.000000,1.492767
344,17.580000,3,-0.000000,-0.000000,1.492767
345,17.600000,3,-0.000000,-0.000000,1.492767
346,17.620000,3,-0.000000,-0.000000,1.492767
347,17.640000,3,-0.000000,-0.000000,1.492767
348,17.660000,3,-0.000000,-0.000000,1.492676
349,17.680000,3,-0.000000,-0.000000,1.492676
350,17.700000,3,-0.000000,-0.000000,1.492950
351,17.720000,3,-0.000000,-0.000000,1.493225
352,17.740000,3,-0.000000,-0.000000,1.493591
353,17.760000,3,-0.000000,-0.000000,1.493866
354,17.780000,3,-0.000000,-0.000000,1.494140
355,17.800000,3,-0.000000,-0.000000,1.494369
356,17.820000,3,-0.000000,-0.000000,1.496109
357,17.840000,3,-0.000000,-0.000000,1.500000
358,17.860000,3,-0.000000,-0.000000,1.500000
359,17.880000,3,-0.000000,-0.000000,1.500000
360,17.900000,3,-0.000000,-0.000000,1.500000
361,17.920000,3,-0.000000,-0.000000,1.500000
362,17.940000,3,-0.000000,-0.000000,1.500000
363,17.960000,3,-0.000000,-0.000000,1.500000
364,17.980000,3,-0.000000,-0.000000,1.500000
365,18.000000,3,-0.000000,-0.000000,1.500000
366,18.020000,3,-0.000000,-0.000000,1.500000
367,18.040000,3,-0.000000,-0.000000,1.500000
368,18.060000,3,-0.000000,-0.000000,1.500000
369,18.080000,3,-0.000000,-0.000000,1.500000
370,18.100000,3,-0.000000,-0.000000,1.500000
371,18.120000,3,-0.000000,-0.000000,1.500000
372,18.140000,3,-0.000000,-0.000000,1.500000
373,18.160000,3,-0.000000,-0.000000,1.500000
374,18.180000,3,-0.000000,-0.000000,1.500000
375,18.200000,3,-0.000000,-0.000000,1.500000
376,18.220000,3,-0.000000,-0.000000,1.500000
377,18.240000,3,-0.000000,-0.000000,1.500000
378,18.260000,3,-0.000000,-0.000000,1.500000
379,18.280000,3,-0.000000,-0.000000,1.500000
380,18.300000,3,-0.000000,-0.000000,1.500000
381,18.320000,3,-0.000000,-0.000000,1.500000
382,18.340000,3,-0.000000,-0.000000,1.500000
383,18.360000,3,-0.000000,-0.000000,1.500000
384,18.380000,3,-0.000000,-0.000000,1.500000
385,18.400000,3,-0.000000,-0.000000,1.500000
386,18.420000,3,-0.000000,-0.000000,1.500000
387,18.440000,3,-0.000000,-0.000000,1.500000
388,18.460000,3,-0.000000,-0.000000,1.500000
389,18.480000,3,-0.000000,-0.000000,1.500000
390,18.500000,3,-0.000000,-0.000000,1.500000
391,18.520000,3,-0.000000,-0.000000,1.500000
392,18.540000,3,-0.000000,-0.000000,1.500000
393,18.560000,3,-0.000000,-0.000000,1.500000
394,18.580000,3,-0.000000,-0.000000,1.500000
395,18.600000,3,-0.000000,-0.000000,1.500000
396,18.620000,3,-0.000000,-0.000000,1.500000
397,18.640000,3,-0.000000,-0.000000,1.500000
398,18.660000,3,-0.000000,-0.000000,1.500000
399,18.680000,3,-0.000000,-0.000000,1.500000
400,18.700000,3,-0.000000,-0.000000,1.500000
401,18.720000,3,-0.000000,-0.000000,1.500000
402,18.740000,3,-0.000000,-0.000000,1.500000
403,18.760000,3,-0.000000,-0.000000,1.500000
404,18.780000,3,-0.000000,-0.000000,1.500000
405,18.800000,3,-0.000000,-0.000000,1.500000
406,18.820000,3,-0.000000,-0.000000,1.500000
407,18.840000,3,-0.000000,-0.000000,1.500000
408,18.860000,3,-0.000000,-0.000000,1.500000
409,18.880000,3,-0.000000,-0.000000,1.500000
410,18.900000,3,-0.000000,-0.000000,1.500000
411,18.920000,3,-0.000000,-0.000000,1.500000
412,18.940000,3,-0.000000,-0.000000,1.500000
413,18.960000,3,-0.000000,-0.000000,1.500000
414,18.980000,3,-0.000000,-0.000000,1.500000
415,19.000000,3,-0.000000,-0.000000,1.500000
416,19.020000,3,-0.000000,-0.000000,1.500000
417,19.040000,3,-0.000000,-0.000000,1.500000
418,19.060000,3,-0.000000,-0.000000,1.500000
419,19.080000,3,-0.000000,-0.000000,1.500000
420,19.100000,3,-0.000000,-0.000000,1.500000
421,19.120000,3,-0.000000,-0.000000,1.500000
422,19.140000,3,-0.000000,-0.000000,1.500000
423,19.160000,3,-0.000000,-0.000000,1.500000
424,19.180000,3,-0.000000,-0.000000,1.500000
425,19.200000,3,-0.000000,-0.000000,1.500000
426,19.220000,3,-0.000000,-0.000000,1.500000
427,19.240000,3,-0.000000,-0.000000,1.500000
428,19.260000,3,-0.000000,-0.000000,1.500000
429,19.280000,3,-0.000000,-0.000000,1.500000
430,19.300000,3,-0.000000,-0.000000,1.500000
431,19.320000,3,-0.000000,-0.000000,1.500000
432,19.340000,3,-0.000000,-0.000000,1.500000
433,19.360000,3,-0.000000,-0.000000,1.500000
434,19.380000,3,-0.000000,-0.000000,1.500000
435,19.400000,3,-0.000000,-0.000000,1.500000
436,19.420000,3,-0.000000,-0.000000,1.500000
437,19.440000,3,-0.000000,-0.000000,1.500000
438,19.460000,3,-0.000000,-0.000000,1.500000
439,19.480000,3,-0.000000,-0.000000,1.500000
440,19.500000,3,-0.000000,-0.000000,1.500000
441,19.520000,3,-0.000000,-0.000000,1.500000
442,19.540000,3,-0.000000,-0.000000,1.500000
443,19.560000,3,-0.000000,-0.000000,1.500000
444,19.580000,3,-0.000000,-0.000000,1.500000
445,19.600000,3,-0.000000,-0.000000,1.500000
446,19.620000,3,-0.000000,-0.000000,1.500000
447,19.640000,3,-0.000000,-0.000000,1.500000
448,19.660000,3,-0.000000,-0.000000,1.500000
449,19.680000,3,-0.000000,-0.000000,1.500000
450,19.700000,3,-0.000000,-0.000000,1.500000
451,19.720000,3,-0.000000,-0.000000,1.500000
452,19.740000,3,-0.000000,-0.000000,1.500000
453,19.760000,3,-0.000000,-0.000000,1.500000
454,19.780000,3,-0.000000,-0.000000,1.500000
455,19.800000,3,-0.000000,-0.000000,1.500000
456,19.820000,3,-0.000000,-0.000000,1.500000
457,19.840000,3,-0.000000,-0.000000,1.500000
458,19.860000,3,-0.000000,-0.000000,1.500000
459,19.880000,3,-0.000000,-0.000000,1.500000
460,19.900000,3,-0.000000,-0.000000,1.500000
461,19.920000,3,-0.000000,-0.000000,1.500000
462,19.940000,3,-0.000000,-0.000000,1.500000
463,19.960000,3,-0.000000,-0.000000,1.500000
464,19.980000,3,-0.000000,-0.000000,1.500000
465,20.000000,3,-0.000000,-0.000000,1.500000
466,20.020000,3,-0.000000,-0.000000,1.500000
467,20.040000,3,-0.000000,-0.000000,1.500000
468,20.060000,3,-0.000000,-0.000000,1.500000
469,20.080000,3,-0.000000,-0.000000,1.500000
470,20.100000,3,-0.000000,-0.000000,1.500000
471,20.120000,3,-0.000000,-0.000000,1.500000
472,20.140000,3,-0.000000,-0.000000,1.500000
473,20.160000,3,-0.000000,-0.000000,1.500000
474,20.180000,3,-0.000000,-0.000000,1.500000
475,20.200000,3,-0.000000,-0.000000,1.500000
476,20.220000,3,-0.000000,-0.000000,0.694906
477,20.240000,3,-0.000000,-0.000000,-0.000000
478,20.260000,3,-0.000000,-0.000000,-0.000000
479,20.280000,3,-0.000000,-0.000000,-0.000000
480,20.300000,3,-0.000000,-0.000000,-0.000000
481,20.320000,3,-0.000000,-0.000000,-0.000000
482,20.340000,3,-0.000000,-0.000000,-0.000000
483,20.360000,3,-0.029695,0.030519,-0.000000
484,20.380000,3,-0.139592,0.284524,-0.000000
485,20.400000,3,-0.166295,0.398877,-0.000000
486,20.420000,3,-0.193335,0.631977,-0.000000
487,20.440000,3,-0.206824,0.946074,-0.000000
488,20.460000,3,-0.226264,1.000000,-0.000000
489,20.480000,3,-0.253975,1.000000,-0.000000
490,20.500000,3,-0.263527,1.000000,-0.000000
491,20.520000,3,-0.268838,1.000000,-0.000000
492,20.540000,3,-0.269906,1.000000,-0.000000
493,20.560000,3,-0.270486,1.000000,-0.000000
494,20.580000,3,-0.270486,1.000000,-0.000000
495,20.600000,3,-0.270638,1.000000,-0.000000
496,20.620000,3,-0.270638,1.000000,-0.000000
497,20.640000,3,-0.279000,1.000000,-0.000000
498,20.660000,3,-0.323435,1.000000,-0.000000
499,20.680000,3,-0.364269,0.988220,-0.000000
500,20.700000,3,-0.442824,0.955412,-0.000000
501,20.720000,3,-0.520218,0.915403,-0.000000
502,20.740000,3,-0.611652,0.856868,-0.000000
503,20.760000,3,-0.707846,0.779199,-0.000000
504,20.780000,3,-0.761711,0.726554,-0.000000
505,20.800000,3,-0.782800,0.703848,-0.000000
506,20.820000,3,-0.785852,0.700461,-0.000000
507,20.840000,3,-0.786615,0.699576,-0.000000
508,20.860000,3,-0.788446,0.697501,-0.000000
509,20.880000,3,-0.801233,0.682791,-0.000000
510,20.900000,3,-0.871334,0.590899,-0.000000
511,20.920000,3,-0.918607,0.514512,-0.000000
512,20.940000,3,-0.969756,0.410627,-0.000000
513,20.960000,3,-0.998596,0.334880,-0.000000
514,20.980000,3,-1.000000,0.250496,-0.000000
515,21.000000,3,-1.000000,0.140355,-0.000000
516,21.020000,3,-1.000000,-0.000000,-0.000000
517,21.040000,3,-1.000000,-0.106143,-0.000000
518,21.060000,3,-1.000000,-0.161229,-0.000000
519,21.080000,3,-1.000000,-0.213752,-0.000000
520,21.100000,3,-1.000000,-0.256478,-0.000000
521,21.120000,3,-1.000000,-0.299905,-0.000000
522,21.140000,3,-1.000000,-0.320017,-0.000000
523,21.160000,3,-0.990875,-0.356914,-0.000000
524,21.180000,3,-0.976135,-0.395184,-0.000000
525,21.200000,3,-0.963622,-0.424635,-0.000000
526,21.220000,3,-0.952940,-0.447920,-0.000000
527,21.240000,3,-0.945982,-0.462478,-0.000000
528,21.260000,3,-0.942259,-0.470656,-0.000000
529,21.280000,3,-0.938841,-0.477248,-0.000000
530,21.300000,3,-0.935484,-0.483261,-0.000000
531,21.320000,3,-0.928526,-0.496414,-0.000000
532,21.340000,3,-0.916929,-0.517441,-0.000000
533,21.360000,3,-0.901578,-0.543657,-0.000000
534,21.380000,3,-0.884030,-0.571734,-0.000000
535,21.400000,3,-0.858425,-0.609363,-0.000000
536,21.420000,3,-0.831813,-0.645192,-0.000000
537,21.440000,3,-0.803735,-0.679800,-0.000000
538,21.460000,3,-0.773888,-0.713614,-0.000000
539,21.480000,3,-0.737083,-0.751549,-0.000000
540,21.500000,3,-0.695791,-0.789941,-0.000000
541,21.520000,3,-0.650258,-0.827876,-0.000000
542,21.540000,3,-0.610126,-0.857936,-0.000000
543,21.560000,3,-0.558946,-0.892209,-0.000000
544,21.580000,3,-0.509781,-0.921232,-0.000000
545,21.600000,3,-0.483840,-0.935179,-0.000000
546,21.620000,3,-0.466750,-0.943846,-0.000000
547,21.640000,3,-0.456008,-0.948790,-0.000000
548,21.660000,3,-0.453322,-0.950316,-0.000000
549,21.680000,3,-0.452284,-0.950804,-0.000000
550,21.700000,3,-0.441054,-0.956206,-0.000000
551,21.720000,3,-0.425581,-0.963225,-0.000000
552,21.740000,3,-0.410779,-0.969665,-0.000000
553,21.760000,3,-0.401685,-0.973479,-0.000000
554,21.780000,3,-0.398022,-0.974853,-0.000000
555,21.800000,3,-0.395123,-0.976043,-0.000000
556,21.820000,3,-0.393323,-0.976806,-0.000000
557,21.840000,3,-0.393170,-0.976867,-0.000000
558,21.860000,3,-0.392560,-0.977111,-0.000000
559,21.880000,3,-0.391858,-0.977386,-0.000000
560,21.900000,3,-0.391614,-0.977508,-0.000000
561,21.920000,3,-0.391095,-0.977722,-0.000000
562,21.940000,3,-0.387371,-0.979156,-0.000000
563,21.960000,3,-0.383770,-0.980468,-0.000000
564,21.980000,3,-0.379406,-0.982177,-0.000000
565,22.000000,3,-0.376782,-0.983306,-0.000000
566,22.020000,3,-0.374462,-0.984161,-0.000000
567,22.040000,3,-0.373333,-0.984619,-0.000000
568,22.060000,3,-0.373058,-0.984741,-0.000000
569,22.080000,3,-0.372967,-0.984802,-0.000000
570,22.100000,3,-0.372875,-0.984863,-0.000000
571,22.120000,3,-0.372875,-0.984863,-0.000000
572,22.140000,3,-0.372631,-0.984924,-0.000000
573,22.160000,3,-0.371471,-0.985351,-0.000000
574,22.180000,3,-0.371380,-0.985412,-0.000000
575,22.200000,3,-0.367443,-0.986999,-0.000000
576,22.220000,3,-0.344981,-0.995117,-0.000000
577,22.240000,3,-0.292245,-1.000000,-0.000000
578,22.260000,3,-0.207984,-1.000000,-0.000000
579,22.280000,3,-0.087710,-1.000000,-0.000000
580,22.300000,3,0.045900,-1.000000,-0.000000
581,22.320000,3,0.150914,-1.000000,-0.000000
582,22.340000,3,0.254494,-1.000000,-0.000000
583,22.360000,3,0.325785,-1.000000,-0.000000
584,22.380000,3,0.413984,-0.968322,-0.000000
585,22.400000,3,0.482925,-0.935697,-0.000000
586,22.420000,3,0.532548,-0.908292,-0.000000
587,22.440000,3,0.566698,-0.887356,-0.000000
588,22.460000,3,0.592456,-0.870296,-0.000000
589,22.480000,3,0.706687,-0.780267,-0.000000
590,22.500000,3,0.786584,-0.699698,-0.000000
591,22.520000,3,0.856960,-0.611591,-0.000000
592,22.540000,3,0.881436,-0.575823,-0.000000
593,22.560000,3,0.902585,-0.542161,-0.000000
594,22.580000,3,0.927488,-0.498550,-0.000000
595,22.600000,3,0.946837,-0.460860,-0.000000
596,22.620000,3,0.969329,-0.411786,-0.000000
597,22.640000,3,0.986663,-0.368542,-0.000000
598,22.660000,3,0.997681,-0.337840,-0.000000
599,22.680000,3,1.000000,-0.311411,-0.000000
600,22.700000,3,1.000000,-0.290475,-0.000000
601,22.720000,3,1.000000,-0.276376,-0.000000
602,22.740000,3,1.000000,-0.268136,-0.000000
603,22.760000,3,1.000000,-0.262764,-0.000000
604,22.780000,3,1.000000,-0.236457,-0.000000
605,22.800000,3,1.000000,-0.215430,-0.000000
606,22.820000,3,1.000000,-0.193030,-0.000000
607,22.840000,3,1.000000,-0.183172,-0.000000
608,22.860000,3,1.000000,-0.169958,-0.000000
609,22.880000,3,1.000000,-0.163030,-0.000000
610,22.900000,3,1.000000,-0.154851,-0.000000
611,22.920000,3,1.000000,-0.140446,-0.000000
612,22.940000,3,1.000000,-0.107242,-0.000000
613,22.960000,3,1.000000,-0.076998,-0.000000
614,22.980000,3,1.000000,-0.049959,-0.000000
615,23.000000,3,1.000000,0.042726,-0.000000
616,23.020000,3,1.000000,0.112644,-0.000000
617,23.040000,3,1.000000,0.169744,-0.000000
618,23.060000,3,1.000000,0.241523,-0.000000
619,23.080000,3,0.991852,0.354472,-0.000000
620,23.100000,3,0.953276,0.447493,-0.000000
621,23.120000,3,0.888028,0.565661,-0.000000
622,23.140000,3,0.835414,0.640645,-0.000000
623,23.160000,3,0.775903,0.711539,-0.000000
624,23.180000,3,0.719504,0.768517,-0.000000
625,23.200000,3,0.641652,0.834681,-0.000000
626,23.220000,3,0.564440,0.888791,-0.000000
627,23.240000,3,0.501633,0.925810,-0.000000
628,23.260000,3,0.451460,0.951384,-0.000000
629,23.280000,3,0.401105,0.973815,-0.000000
630,23.300000,3,0.331278,0.999847,-0.000000
631,23.320000,3,0.286966,1.000000,-0.000000
632,23.340000,3,0.238838,1.000000,-0.000000
633,23.360000,3,0.215430,1.000000,-0.000000
634,23.380000,3,0.202307,1.000000,-0.000000
635,23.400000,3,0.197821,1.000000,-0.000000
636,23.420000,3,0.189032,1.000000,-0.000000
637,23.440000,3,0.178716,1.000000,-0.000000
638,23.460000,3,0.175176,1.000000,-0.000000
639,23.480000,3,0.173742,1.000000,-0.000000
640,23.500000,3,0.173894,1.000000,-0.000000
641,23.520000,3,0.173956,1.000000,-0.000000
642,23.540000,3,0.173864,1.000000,-0.000000
643,23.560000,3,0.173650,1.000000,-0.000000
644,23.580000,3,0.173803,1.000000,-0.000000
645,23.600000,3,0.173956,1.000000,-0.000000
646,23.620000,3,0.173956,1.000000,-0.000000
647,23.640000,3,0.174566,1.000000,-0.000000
648,23.660000,3,0.174566,1.000000,-0.000000
649,23.680000,3,0.174566,1.000000,-0.000000
650,23.700000,3,0.176122,1.000000,-0.000000
651,23.720000,3,0.176275,1.000000,-0.000000
652,23.740000,3,0.176275,1.000000,-0.000000
653,23.760000,3,0.176580,1.000000,-0.000000
654,23.780000,3,0.181921,1.000000,-0.000000
655,23.800000,3,0.193609,1.000000,-0.000000
656,23.820000,3,0.201361,1.000000,-0.000000
657,23.840000,3,0.207862,1.000000,-0.000000
658,23.860000,3,0.212775,1.000000,-0.000000
659,23.880000,3,0.220405,1.000000,-0.000000
660,23.900000,3,0.221992,1.000000,-0.000000
661,23.920000,3,0.221870,1.000000,-0.000000
662,23.940000,3,0.204993,1.000000,0.132069
663,23.960000,3,0.078829,0.786645,0.679708
664,23.980000,3,-0.034028,0.497116,1.209174
665,24.000000,3,-0.071566,0.287301,1.500000
666,24.020000,3,-0.033876,0.040925,1.500000
667,24.040000,3,-0.000000,-0.000000,1.500000
668,24.060000,3,-0.000000,-0.000000,1.500000
669,24.080000,3,-0.000000,-0.000000,1.500000
670,24.100000,3,-0.000000,-0.000000,1.500000
671,24.120000,3,-0.000000,-0.000000,1.500000
672,24.140000,3,-0.000000,-0.000000,1.500000
673,24.160000,3,-0.000000,-0.000000,1.500000
674,24.180000,3,0.004791,-0.000275,1.500000
675,24.200000,3,0.099399,-0.057863,1.500000
676,24.220000,3,0.217139,-0.128178,1.500000
677,24.240000,3,0.355358,-0.200323,1.334925
678,24.260000,3,0.497574,-0.250465,1.073626
679,24.280000,3,0.679434,-0.285836,0.412458
680,24.300000,3,0.841212,-0.330943,-0.000000
681,24.320000,3,0.918821,-0.386364,-0.000000
682,24.340000,3,0.949767,-0.451796,-0.000000
683,24.360000,3,0.938627,-0.477340,-0.000000
684,24.380000,3,0.934233,-0.485855,-0.000000
685,24.400000,3,0.917875,-0.501358,-0.000000
686,24.420000,3,0.561632,-0.408460,-0.000000
687,24.440000,3,-0.000000,-0.000000,-0.000000
688,24.460000,3,-0.000000,-0.000000,-0.000000
689,24.480000,3,-0.000000,-0.000000,-0.000000
690,24.500000,3,-0.000000,-0.000000,-0.000000
691,24.520000,3,-0.000000,-0.000000,-0.000000
692,24.540000,3,-0.000000,-0.000000,-0.000000
693,24.560000,3,-0.000000,-0.000000,-0.000000
694,24.580000,3,-0.045289,0.011231,-0.000000
695,24.600000,3,-0.135899,0.054231,-0.000000
696,24.620000,3,-0.229774,0.092013,-0.000000
697,24.640000,3,-0.349895,0.117710,-0.000000
698,24.660000,3,-0.506119,0.131993,-0.000000
699,24.680000,3,-0.800867,0.169164,-0.000000
700,24.700000,3,-1.000000,0.244881,-0.000000
701,24.720000,3,-1.000000,0.326060,-0.000000
702,24.740000,3,-0.975036,0.397900,-0.000000
703,24.760000,3,-0.953032,0.447829,-0.000000
704,24.780000,3,-0.943175,0.468154,-0.000000
705,24.800000,3,-0.941710,0.471145,-0.000000
706,24.820000,3,-0.941710,0.471084,-0.000000
707,24.840000,3,-0.941710,0.470901,-0.000000
708,24.860000,3,-0.941710,0.471084,-0.000000
709,24.880000,3,-0.941710,0.471145,-0.000000
710,24.900000,3,-0.941282,0.471969,-0.000000
711,24.920000,3,-0.941008,0.472610,-0.000000
712,24.940000,3,-0.940855,0.472915,-0.000000
713,24.960000,3,-0.940855,0.472915,-0.000000
714,24.980000,3,-0.940855,0.472915,-0.000000
715,25.000000,3,-0.940855,0.472915,-0.000000
716,25.020000,3,-0.940855,0.472915,-0.000000
717,25.040000,3,-0.940855,0.472915,-0.000000
718,25.060000,3,-0.940855,0.472915,-0.000000
719,25.080000,3,-0.940855,0.472915,-0.000000
720,25.100000,3,-0.940794,0.473037,-0.000000
721,25.120000,3,-0.940794,0.473098,-0.000000
722,25.140000,3,-0.940794,0.473098,-0.000000
723,25.160000,3,-0.940794,0.473098,-0.000000
724,25.180000,3,-0.940794,0.473098,-0.000000
725,25.200000,3,-0.940794,0.473098,-0.000000
726,25.220000,3,-0.940794,0.473098,-0.000000
727,25.240000,3,-0.940794,0.473098,-0.000000
728,25.260000,3,-0.940794,0.473098,-0.000000
729,25.280000,3,-0.940794,0.473098,-0.004624
730,25.300000,3,-0.940703,0.473190,-0.016617
731,25.320000,3,-0.940580,0.473556,-0.019684
732,25.340000,3,-0.940519,0.473617,-0.020463
733,25.360000,3,-0.940519,0.473617,-0.021104
734,25.380000,3,-0.940519,0.473617,-0.022340
735,25.400000,3,-0.940519,0.473617,-0.022752
736,25.420000,3,-0.940519,0.473617,-0.022752
737,25.440000,3,-0.940519,0.473617,-0.022111
738,25.460000,3,-0.940519,0.473617,-0.022111
739,25.480000,3,-0.940519,0.473617,-0.022477
740,25.500000,3,-0.940519,0.473617,-0.023347
741,25.520000,3,-0.940519,0.473617,-0.023347
742,25.540000,3,-0.940519,0.473617,-0.023347
743,25.560000,3,-0.940519,0.473617,-0.023347
744,25.580000,3,-0.940519,0.473617,-0.023347
745,25.600000,3,-0.951628,0.450789,-0.023347
746,25.620000,3,-0.971374,0.406781,-0.077090
747,25.640000,3,-0.981903,0.380810,-0.149327
748,25.660000,3,-0.985046,0.371654,-0.197531
749,25.680000,3,-0.987487,0.366131,-0.217261
750,25.700000,3,-0.991668,0.354656,-0.223762
751,25.720000,3,-1.000000,0.303110,-0.228706
752,25.740000,3,-1.000000,0.265297,-0.264870
753,25.760000,3,-1.000000,0.250008,-0.341319
754,25.780000,3,-1.000000,0.248604,-0.405637
755,25.800000,3,-1.000000,0.254250,-0.429212
756,25.820000,3,-1.000000,0.258278,-0.436811
757,25.840000,3,-1.000000,0.259072,-0.471374
758,25.860000,3,-1.000000,0.246956,-0.631779
759,25.880000,3,-1.000000,0.156041,-0.860302
760,25.900000,3,-1.000000,0.044923,-1.021394
761,25.920000,3,-1.000000,-0.037873,-1.089282
762,25.940000,3,-1.000000,-0.086367,-1.103244
763,25.960000,3,-1.000000,-0.154546,-1.106403
764,25.980000,3,-1.000000,-0.198004,-1.106723
765,26.000000,3,-1.000000,-0.268044,-1.102512
766,26.020000,3,-1.000000,-0.320231,-1.099719
767,26.040000,3,-0.984375,-0.374340,-1.104617
768,26.060000,3,-0.970702,-0.408277,-1.120960
769,26.080000,3,-0.960723,-0.431135,-1.129521
770,26.100000,3,-0.955626,-0.442244,-1.134602
771,26.120000,3,-0.953368,-0.447768,-1.134922
772,26.140000,3,-0.950621,-0.453078,-1.127552
773,26.160000,3,-0.949553,-0.455397,-1.006012
774,26.180000,3,-0.949400,-0.455641,-0.702368
775,26.200000,3,-0.949400,-0.455641,-0.336833
776,26.220000,3,-0.948973,-0.456313,-0.037034
777,26.240000,3,-0.944151,-0.466140,-0.000000
778,26.260000,3,-0.938444,-0.477493,-0.000000
779,26.280000,3,-0.883450,-0.470168,-0.000000
780,26.300000,3,-0.808802,-0.446760,-0.000000
781,26.320000,3,-0.696097,-0.407117,-0.000000
782,26.340000,3,-0.574023,-0.354198,-0.000000
783,26.360000,3,-0.428266,-0.275948,-0.000000
784,26.380000,3,-0.271432,-0.178350,-0.000000
785,26.400000,3,-0.089877,-0.057039,-0.000000
786,26.420000,3,-0.000000,-0.000000,-0.000000
787,26.440000,3,-0.000000,-0.000000,-0.000000
788,26.460000,3,-0.000000,-0.000000,-0.000000
789,26.480000,3,-0.000732,-0.004761,-0.000000
790,26.500000,3,-0.027223,-0.081637,0.117420
791,26.520000,3,-0.045991,-0.177557,0.367962
792,26.540000,3,-0.058229,-0.245827,0.556841
793,26.560000,3,-0.081851,-0.355754,0.821390
794,26.580000,3,-0.123234,-0.489120,1.031648
795,26.600000,3,-0.148534,-0.583300,1.158086
796,26.620000,3,-0.120762,-0.599231,1.172597
797,26.640000,3,-0.090426,-0.599658,1.173009
798,26.660000,3,-0.047639,-0.596759,1.127232
799,26.680000,3,0.034486,-0.530931,1.082736
800,26.700000,3,0.113651,-0.360302,1.063875
801,26.720000,3,-0.000000,-0.000000,1.052705
802,26.740000,3,-0.000000,-0.000000,0.999878
803,26.760000,3,-0.000000,-0.000000,0.946684
804,26.780000,3,-0.000000,-0.000000,0.894360
805,26.800000,3,-0.000000,-0.000000,0.810495
806,26.820000,3,-0.000000,-0.000000,0.664693
807,26.840000,3,-0.000000,-0.000000,0.392773
808,26.860000,3,-0.000000,-0.000000,-0.000000
809,26.880000,3,-0.000000,-0.000000,-0.000000
810,26.900000,3,-0.000000,-0.000000,-0.000000
811,26.920000,3,-0.000000,-0.000000,-0.000000
812,26.940000,3,-0.000000,-0.000000,-0.000000
813,26.960000,3,-0.000000,-0.000000,-0.000000
814,26.980000,3,0.045656,-0.000000,-0.000000
815,27.000000,3,0.238716,-0.002991,-0.000000
816,27.020000,3,0.473006,-0.004395,-0.000000
817,27.040000,3,0.729453,-0.012635,-0.000000
818,27.060000,3,0.946837,-0.049379,-0.000000
819,27.080000,3,1.000000,-0.093051,-0.000000
820,27.100000,3,1.000000,-0.137455,-0.000000
821,27.120000,3,1.000000,-0.167791,-0.000000
822,27.140000,3,1.000000,-0.186468,-0.000000
823,27.160000,3,1.000000,-0.191839,-0.000000
824,27.180000,3,1.000000,-0.192785,-0.000000
825,27.200000,3,1.000000,-0.193243,-0.000000
826,27.220000,3,1.000000,-0.193823,-0.000000
827,27.240000,3,1.000000,-0.193976,-0.000000
828,27.260000,3,1.000000,-0.193976,-0.000000
829,27.280000,3,1.000000,-0.193976,-0.000000
830,27.300000,3,1.000000,-0.193976,-0.000000
831,27.320000,3,1.000000,-0.193976,-0.000000
832,27.340000,3,1.000000,-0.193976,-0.000000
833,27.360000,3,1.000000,-0.194555,-0.000000
834,27.380000,3,1.000000,-0.194708,-0.000000
835,27.400000,3,1.000000,-0.195502,-0.000000
836,27.420000,3,1.000000,-0.195502,-0.000000
837,27.440000,3,1.000000,-0.195502,-0.000000
838,27.460000,3,1.000000,-0.195502,-0.000000
839,27.480000,3,1.000000,-0.195502,-0.000000
840,27.500000,3,1.000000,-0.195868,-0.000000
841,27.520000,3,1.000000,-0.196265,-0.000000
842,27.540000,3,1.000000,-0.196783,-0.000000
843,27.560000,3,1.000000,-0.196448,-0.000000
844,27.580000,3,1.000000,-0.196448,-0.000000
845,27.600000,3,1.000000,-0.196142,-0.000000
846,27.620000,3,1.000000,-0.196265,-0.000000
847,27.640000,3,1.000000,-0.196112,-0.000000
848,27.660000,3,1.000000,-0.196173,-0.000000
849,27.680000,3,1.000000,-0.196112,-0.000000
850,27.700000,3,1.000000,-0.192236,-0.000000
851,27.720000,3,1.000000,-0.182073,-0.000000
852,27.740000,3,1.000000,-0.158849,-0.000000
853,27.760000,3,1.000000,-0.102176,-0.000000
854,27.780000,3,1.000000,-0.068697,-0.000000
855,27.800000,3,1.000000,-0.045717,-0.000000
856,27.820000,3,1.000000,-0.029023,-0.000000
857,27.840000,3,1.000000,-0.017396,-0.000000
858,27.860000,3,1.000000,-0.003143,-0.000000
859,27.880000,3,1.000000,-0.000000,-0.000000
860,27.900000,3,1.000000,-0.000000,-0.000000
861,27.920000,3,1.000000,-0.000000,-0.000000
862,27.940000,3,1.000000,-0.000000,-0.000000
863,27.960000,3,1.000000,-0.000000,-0.000000
864,27.980000,3,1.000000,-0.000000,-0.000000
865,28.000000,3,1.000000,-0.000000,-0.000000
866,28.020000,3,1.000000,-0.000000,-0.000000
867,28.040000,3,1.000000,-0.000000,-0.000000
868,28.060000,3,1.000000,-0.000000,-0.000000
869,28.080000,3,1.000000,-0.000000,-0.000000
870,28.100000,3,1.000000,-0.000000,-0.000000
871,28.120000,3,1.000000,-0.000000,-0.000000
872,28.140000,3,1.000000,-0.000000,-0.000000
873,28.160000,3,1.000000,-0.000000,-0.000000
874,28.180000,3,1.000000,0.000183,-0.000000
875,28.200000,3,1.000000,0.022950,-0.000000
876,28.220000,3,0.150456,0.000153,-0.000000
877,28.240000,3,-0.000000,-0.000000,-0.000000
878,28.260000,3,-0.000000,-0.000000,-0.000000
879,28.280000,3,-0.000000,-0.000000,-0.000000
880,28.300000,3,-0.000000,-0.000000,-0.000000
881,28.320000,3,-0.000000,-0.000000,-0.000000
882,28.340000,3,-0.000000,-0.000000,-0.000000
883,28.360000,3,-0.110660,0.019257,-0.000000
884,28.380000,3,-0.476669,0.047975,-0.000000
885,28.400000,3,-0.888821,0.038545,-0.000000
886,28.420000,3,-1.000000,0.028779,-0.000000
887,28.440000,3,-1.000000,0.043031,-0.000000
888,28.460000,3,-1.000000,0.046602,-0.000000
889,28.480000,3,-1.000000,0.047029,-0.000000
890,28.500000,3,-1.000000,0.048219,-0.000000
891,28.520000,3,-1.000000,0.048219,-0.000000
892,28.540000,3,-1.000000,0.047670,-0.000000
893,28.560000,3,-1.000000,0.047487,-0.000000
894,28.580000,3,-1.000000,0.047487,-0.000000
895,28.600000,3,-1.000000,0.047487,-0.000000
896,28.620000,3,-1.000000,0.047578,-0.000000
897,28.640000,3,-1.000000,0.048036,-0.000000
898,28.660000,3,-1.000000,0.048372,-0.000000
899,28.680000,3,-1.000000,0.048372,-0.000000
900,28.700000,3,-1.000000,0.048372,-0.000000
901,28.720000,3,-1.000000,0.048372,-0.000000
902,28.740000,3,-1.000000,0.048372,-0.000000
903,28.760000,3,-1.000000,0.048372,-0.000000
904,28.780000,3,-1.000000,0.048372,-0.000000
905,28.800000,3,-1.000000,0.044069,-0.000000
906,28.820000,3,-1.000000,0.014649,-0.000000
907,28.840000,3,-1.000000,-0.025147,-0.000000
908,28.860000,3,-1.000000,-0.078646,-0.000000
909,28.880000,3,-1.000000,-0.109745,-0.000000
910,28.900000,3,-1.000000,-0.122166,-0.000000
911,28.920000,3,-1.000000,-0.133305,-0.000000
912,28.940000,3,-1.000000,-0.137425,-0.000000
913,28.960000,3,-1.000000,-0.139836,-0.000000
914,28.980000,3,-1.000000,-0.141331,-0.000000
915,29.000000,3,-1.000000,-0.145756,-0.000000
916,29.020000,3,-1.000000,-0.150365,-0.000000
917,29.040000,3,-1.000000,-0.151677,-0.000000
918,29.060000,3,-1.000000,-0.155858,-0.000000
919,29.080000,3,-1.000000,-0.161657,-0.000000
920,29.100000,3,-1.000000,-0.172094,-0.000000
921,29.120000,3,-1.000000,-0.179662,-0.000000
922,29.140000,3,-1.000000,-0.188574,-0.000000
923,29.160000,3,-1.000000,-0.195837,-0.000000
924,29.180000,3,-1.000000,-0.197760,-0.000000
925,29.200000,3,-1.000000,-0.199713,-0.000000
926,29.220000,3,-1.000000,-0.199988,-0.000000
927,29.240000,3,-1.000000,-0.201819,-0.000000
928,29.260000,3,-1.000000,-0.202582,-0.000000
929,29.280000,3,-1.000000,-0.204596,-0.000000
930,29.300000,3,-1.000000,-0.205786,-0.000000
931,29.320000,3,-1.000000,-0.205908,-0.000000
932,29.340000,3,-1.000000,-0.206030,-0.000000
933,29.360000,3,-1.000000,-0.206030,-0.000000
934,29.380000,3,-1.000000,-0.206549,-0.000000
935,29.400000,3,-1.000000,-0.206763,-0.000000
936,29.420000,3,-1.000000,-0.206488,-0.000000
937,29.440000,3,-1.000000,-0.205512,-0.000000
938,29.460000,3,-1.000000,-0.204993,-0.000000
939,29.480000,3,-1.000000,-0.205115,-0.000000
940,29.500000,3,-1.000000,-0.205115,-0.000000
941,29.520000,3,-1.000000,-0.205115,-0.000000
942,29.540000,3,-1.000000,-0.205115,-0.000000
943,29.560000,3,-1.000000,-0.205115,-0.000000
944,29.580000,3,-1.000000,-0.205115,-0.000000
945,29.600000,3,-1.000000,-0.205115,-0.000000
946,29.620000,3,-1.000000,-0.205115,-0.000000
947,29.640000,3,-1.000000,-0.205115,-0.000000
948,29.660000,3,-1.000000,-0.205115,-0.000000
949,29.680000,3,-1.000000,-0.205115,-0.000000
950,29.700000,3,-1.000000,-0.205115,-0.000000
951,29.720000,3,-1.000000,-0.205115,-0.000000
952,29.740000,3,-1.000000,-0.205115,-0.000000
953,29.760000,3,-1.000000,-0.205115,-0.000000
954,29.780000,3,-1.000000,-0.205115,-0.000000
955,29.800000,3,-1.000000,-0.205115,-0.000000
956,29.820000,3,-1.000000,-0.205115,-0.000000
957,29.840000,3,-1.000000,-0.205115,-0.000000
958,29.860000,3,-1.000000,-0.205115,-0.000000
959,29.880000,3,-1.000000,-0.205115,-0.000000
960,29.900000,3,-1.000000,-0.233497,-0.000000
961,29.920000,3,-1.000000,-0.264260,-0.000000
962,29.940000,3,-1.000000,-0.294290,-0.000000
963,29.960000,3,-1.000000,-0.321177,-0.000000
964,29.980000,3,-0.993378,-0.349956,-0.000000
965,30.000000,3,-0.980621,-0.384045,-0.000000
966,30.020000,3,-0.963225,-0.425550,-0.000000
967,30.040000,3,-0.940397,-0.473647,-0.000000
968,30.060000,3,-0.907132,-0.534410,-0.000000
969,30.080000,3,-0.861751,-0.604694,-0.000000
970,30.100000,3,-0.811975,-0.669942,-0.000000
971,30.120000,3,-0.708640,-0.747520,-0.000000
972,30.140000,3,-0.529344,-0.898953,-0.000000
973,30.160000,3,-0.374310,-0.984405,-0.000000
974,30.180000,3,-0.143559,-1.000000,-0.000000
975,30.200000,3,0.002838,-1.000000,-0.000000
976,30.220000,3,0.068300,-1.000000,-0.000000
977,30.240000,3,0.114780,-1.000000,-0.000000
978,30.260000,3,0.142979,-1.000000,-0.000000
979,30.280000,3,0.172948,-1.000000,-0.000000
980,30.300000,3,0.228309,-1.000000,-0.000000
981,30.320000,3,0.280343,-1.000000,-0.000000
982,30.340000,3,0.338206,-0.997497,-0.000000
983,30.360000,3,0.378521,-0.982818,-0.000000
984,30.380000,3,0.421369,-0.965117,-0.000000
985,30.400000,3,0.427686,-0.962432,-0.000000
986,30.420000,3,0.428846,-0.961882,-0.000000
987,30.440000,3,0.429609,-0.961516,-0.000000
988,30.460000,3,0.429670,-0.961425,-0.000000
989,30.480000,3,0.429548,-0.961425,-0.000000
990,30.500000,3,0.429701,-0.961425,-0.000000
991,30.520000,3,0.430525,-0.961150,-0.000000
992,30.540000,3,0.436628,-0.958281,-0.000000
993,30.560000,3,0.470992,-0.936857,-0.000000
994,30.580000,3,0.522904,-0.814905,-0.000000
995,30.600000,3,0.563311,-0.648061,-0.000000
996,30.620000,3,0.380932,-0.322520,-0.000000
997,30.640000,3,-0.000000,-0.000000,-0.000000
998,30.660000,3,-0.000000,-0.000000,-0.000000
999,30.680000,3,-0.000000,-0.000000,-0.000000
1000,30.700000,3,-0.000000,-0.000000,-0.000000
1001,30.720000,3,-0.000000,-0.000000,-0.000000
1002,30.740000,3,-0.000000,-0.000000,0.004440
1003,30.760000,3,-0.000000,-0.000000,0.085009
1004,30.780000,3,-0.000000,-0.000000,0.165349
1005,30.800000,3,-0.000000,-0.000000,0.228706
1006,30.820000,3,-0.000000,-0.000000,0.294717
1007,30.840000,3,-0.000000,-0.000000,0.407056
1008,30.860000,3,-0.000000,-0.000000,0.539995
1009,30.880000,3,-0.000000,-0.000000,0.644414
1010,30.900000,3,-0.000000,-0.000000,0.731529
1011,30.920000,3,-0.000000,-0.000000,0.806284
1012,30.940000,3,-0.000000,-0.000000,0.834346
1013,30.960000,3,-0.000000,-0.000000,0.837367
1014,30.980000,3,-0.000000,-0.000000,0.838282
1015,31.000000,3,-0.000000,-0.000000,0.838511
1016,31.020000,3,-0.000000,-0.000000,0.837916
1017,31.040000,3,-0.000000,-0.000000,0.837916
1018,31.060000,3,-0.000000,-0.000000,0.836772
1019,31.080000,3,-0.000000,-0.000000,0.836497
1020,31.100000,3,-0.000000,-0.000000,0.836497
1021,31.120000,3,-0.000000,-0.000000,0.835856
1022,31.140000,3,-0.000000,-0.000000,0.788476
1023,31.160000,3,-0.000000,-0.000000,0.665746
1024,31.180000,3,-0.000000,-0.000000,0.473891
1025,31.200000,3,-0.000000,-0.000000,0.118748
1026,31.220000,3,-0.000000,-0.000000,-0.000000
1027,31.240000,3,-0.000000,-0.000000,-0.000000
1028,31.260000,3,-0.000000,-0.000000,-0.000000
1029,31.280000,3,-0.000000,-0.000000,-0.000000
1030,31.300000,3,-0.000000,-0.000000,-0.000000
1031,31.320000,3,-0.000000,-0.000000,-0.000000
1032,31.340000,3,-0.000000,-0.000000,-0.000000
1033,31.360000,3,-0.000000,-0.000000,-0.000000
1034,31.380000,3,-0.000000,-0.000000,-0.000000
1035,31.400000,3,-0.000000,-0.000000,-0.000000
1036,31.420000,3,-0.000000,-0.000000,-0.000000
1037,31.440000,3,-0.000000,-0.000000,-0.000000
1038,31.460000,3,-0.000000,-0.000000,-0.000000
1039,31.480000,3,-0.000000,-0.000000,-0.000000
1040,31.500000,3,-0.000000,-0.000000,-0.000000
1041,31.520000,3,-0.000000,-0.000000,-0.000000
1042,31.540000,3,-0.000000,-0.000000,-0.000000
1043,31.560000,3,-0.000000,-0.000000,-0.000000
1044,31.580000,3,-0.000000,-0.000000,-0.000000
1045,31.600000,3,-0.000000,-0.000000,-0.000000
1046,31.620000,3,-0.000000,-0.000000,-0.000000
1047,31.640000,3,-0.000000,-0.000000,-0.000000
1048,31.660000,3,-0.000000,-0.000000,-0.000000
1049,31.680000,3,-0.000000,-0.000000,-0.000000
1050,31.700000,3,-0.000000,-0.000000,-0.000000
1051,31.720000,3,-0.000000,-0.000000,-0.000000
1052,31.740000,3,-0.000000,-0.000000,-0.000000
1053,31.760000,3,-0.000000,-0.000000,-0.000000
1054,31.780000,3,-0.000000,-0.000000,-0.000000
1055,31.800000,3,0.065218,-0.005493,-0.000000
1056,31.820000,3,0.199011,-0.013092,-0.000000
1057,31.840000,3,0.314768,-0.015839,-0.000000
1058,31.860000,3,0.366466,-0.016785,-0.000000
1059,31.880000,3,0.402020,-0.020753,-0.000000
1060,31.900000,3,0.444868,-0.021882,-0.000000
1061,31.920000,3,0.513932,-0.022889,-0.000000
1062,31.940000,3,0.592242,-0.023743,-0.000000
1063,31.960000,3,0.712699,-0.024659,-0.000000
1064,31.980000,3,0.780328,-0.024781,-0.000000
1065,32.000000,3,0.834834,-0.024293,-0.000000
1066,32.020000,3,0.874111,-0.024812,-0.000000
1067,32.040000,3,0.906278,-0.033906,-0.000000
1068,32.060000,3,0.998688,-0.049623,-0.000000
1069,32.080000,3,1.000000,-0.053041,-0.000000
1070,32.100000,3,1.000000,-0.052828,-0.000000
1071,32.120000,3,1.000000,-0.055422,-0.000000
1072,32.140000,3,1.000000,-0.068575,-0.000000
1073,32.160000,3,1.000000,-0.090518,-0.000000
1074,32.180000,3,1.000000,-0.101840,-0.000000
1075,32.200000,3,1.000000,-0.103458,-0.000000
1076,32.220000,3,1.000000,-0.103671,-0.000000
1077,32.240000,3,1.000000,-0.103671,-0.000000
1078,32.260000,3,1.000000,-0.104038,-0.000000
1079,32.280000,3,1.000000,-0.113315,-0.000000
1080,32.300000,3,1.000000,-0.137211,-0.000000
1081,32.320000,3,1.000000,-0.152318,-0.000000
1082,32.340000,3,1.000000,-0.158849,-0.000000
1083,32.360000,3,1.000000,-0.191748,-0.000000
1084,32.380000,3,1.000000,-0.224647,-0.000000
1085,32.400000,3,1.000000,-0.239784,-0.000000
1086,32.420000,3,1.000000,-0.273751,-0.000000
1087,32.440000,3,1.000000,-0.312784,-0.000000
1088,32.460000,3,0.999908,-0.331217,-0.000000
1089,32.480000,3,0.998108,-0.337382,-0.000000
1090,32.500000,3,0.997742,-0.338054,-0.000000
1091,32.520000,3,0.997101,-0.339732,-0.000000
1092,32.540000,3,0.997101,-0.339976,-0.000000
1093,32.560000,3,0.997101,-0.339976,-0.000000
1094,32.580000,3,0.996918,-0.340434,-0.000000
1095,32.600000,3,0.996857,-0.340617,-0.000000
1096,32.620000,3,0.996857,-0.340617,-0.000000
1097,32.640000,3,0.996704,-0.340953,-0.000000
1098,32.660000,3,0.996704,-0.340953,-0.000000
1099,32.680000,3,0.996704,-0.340953,-0.000000
1100,32.700000,3,0.996582,-0.341380,-0.000000
1101,32.720000,3,0.996582,-0.341380,-0.000000
1102,32.740000,3,0.996490,-0.341411,-0.000000
1103,32.760000,3,0.996246,-0.342265,-0.000000
1104,32.780000,3,0.995880,-0.343242,-0.000000
1105,32.800000,3,0.993042,-0.352031,-0.000000
1106,32.820000,3,0.991150,-0.356639,-0.000000
1107,32.840000,3,0.990631,-0.358226,-0.000000
1108,32.860000,3,0.990204,-0.359294,-0.000000
1109,32.880000,3,0.990112,-0.359661,-0.000000
1110,32.900000,3,0.989898,-0.360149,-0.000000
1111,32.920000,3,0.989837,-0.360332,-0.000000
1112,32.940000,3,0.989563,-0.361095,-0.000000
1113,32.960000,3,0.989563,-0.361095,-0.000000
1114,32.980000,3,0.989563,-0.360820,-0.000000
1115,33.000000,3,0.989563,-0.360485,-0.000000
1116,33.020000,3,0.989563,-0.360393,-0.000000
1117,33.040000,3,0.989563,-0.360393,-0.000000
1118,33.060000,3,0.989563,-0.360393,-0.000000
1119,33.080000,3,0.989563,-0.360393,-0.000000
1120,33.100000,3,0.989624,-0.360302,-0.000000
1121,33.120000,3,0.989624,-0.360302,-0.000000
1122,33.140000,3,0.989624,-0.360546,-0.000000
1123,33.160000,3,0.989624,-0.360881,-0.000000
1124,33.180000,3,0.989624,-0.360393,-0.000000
1125,33.200000,3,0.989624,-0.360393,-0.000000
1126,33.220000,3,0.989624,-0.360393,-0.000000
1127,33.240000,3,0.989624,-0.360393,-0.000000
1128,33.260000,3,0.989624,-0.360393,-0.000000
1129,33.280000,3,0.989624,-0.360393,-0.000000
1130,33.300000,3,0.989624,-0.360393,-0.000000
1131,33.320000,3,0.989624,-0.360393,-0.000000
1132,33.340000,3,0.989624,-0.360851,-0.000000
1133,33.360000,3,0.988250,-0.364574,-0.000000
1134,33.380000,3,0.986602,-0.369457,-0.000000
1135,33.400000,3,0.984619,-0.374401,-0.000000
1136,33.420000,3,0.983917,-0.375988,-0.000000
1137,33.440000,3,0.983154,-0.378216,-0.000000
1138,33.460000,3,0.982757,-0.379192,-0.000000
1139,33.480000,3,0.982208,-0.380474,-0.000000
1140,33.500000,3,0.981689,-0.381787,-0.000000
1141,33.520000,3,0.981140,-0.383404,-0.000000
1142,33.540000,3,0.980041,-0.385937,-0.000000
1143,33.560000,3,0.979095,-0.388134,-0.000000
1144,33.580000,3,0.978210,-0.390515,-0.000000
1145,33.600000,3,0.977233,-0.393017,-0.000000
1146,33.620000,3,0.975372,-0.397870,-0.000000
1147,33.640000,3,0.974059,-0.400586,-0.000000
1148,33.660000,3,0.972289,-0.404950,-0.000000
1149,33.680000,3,0.971282,-0.407361,-0.000000
1150,33.700000,3,0.971099,-0.407849,-0.000000
1151,33.720000,3,0.970550,-0.409040,-0.000000
1152,33.740000,3,0.970397,-0.409436,-0.000000
1153,33.760000,3,0.970183,-0.409986,-0.000000
1154,33.780000,3,0.969848,-0.410749,-0.000000
1155,33.800000,3,0.969512,-0.411512,-0.000000
1156,33.820000,3,0.968932,-0.412946,-0.000000
1157,33.840000,3,0.968535,-0.413739,-0.000000
1158,33.860000,3,0.968169,-0.414563,-0.000000
1159,33.880000,3,0.967895,-0.415265,-0.000000
1160,33.900000,3,0.967223,-0.416700,-0.000000
1161,33.920000,3,0.967223,-0.416883,-0.000000
1162,33.940000,3,0.967101,-0.417127,-0.000000
1163,33.960000,3,0.966887,-0.417585,-0.000000
1164,33.980000,3,0.966887,-0.417585,-0.000000
1165,34.000000,3,0.966887,-0.417585,-0.000000
1166,34.020000,3,0.966887,-0.417585,-0.000000
1167,34.040000,3,0.966613,-0.418287,-0.000000
1168,34.060000,3,0.966674,-0.417707,-0.000000
1169,34.080000,3,0.966735,-0.417493,-0.000000
1170,34.100000,3,0.966735,-0.417493,-0.000000
1171,34.120000,3,0.966735,-0.417493,-0.000000
1172,34.140000,3,0.966735,-0.417554,-0.000000
1173,34.160000,3,0.966735,-0.417554,-0.000000
1174,34.180000,3,0.966735,-0.417554,-0.000000
1175,34.200000,3,0.966735,-0.417554,-0.000000
1176,34.220000,3,0.966735,-0.417554,-0.000000
1177,34.240000,3,0.966735,-0.417554,-0.000000
1178,34.260000,3,0.966735,-0.417554,-0.000000
1179,34.280000,3,0.966735,-0.417554,-0.000000
1180,34.300000,3,0.966735,-0.417554,-0.000000
1181,34.320000,3,0.966735,-0.417554,-0.000000
1182,34.340000,3,0.966735,-0.417554,-0.000000
1183,34.360000,3,0.966735,-0.417554,-0.000000
1184,34.380000,3,0.966735,-0.417554,-0.000000
1185,34.400000,3,0.966735,-0.417554,-0.000000
1186,34.420000,3,0.966735,-0.417554,-0.000000
1187,34.440000,3,0.966735,-0.417554,-0.000000
1188,34.460000,3,0.966735,-0.417554,-0.000000
1189,34.480000,3,0.966735,-0.417554,-0.000000
1190,34.500000,3,0.966735,-0.417554,-0.000000
1191,34.520000,3,0.966735,-0.417554,-0.000000
1192,34.540000,3,0.966735,-0.417554,-0.000000
1193,34.560000,3,0.966735,-0.417554,-0.000000
1194,34.580000,3,0.966735,-0.417554,-0.000000
1195,34.600000,3,0.966735,-0.417554,-0.000000
1196,34.620000,3,0.966735,-0.417554,-0.000000
1197,34.640000,3,0.966735,-0.417554,-0.000000
1198,34.660000,3,0.966735,-0.417554,-0.000000
1199,34.680000,3,0.966735,-0.417554,-0.000000
1200,34.700000,3,0.966735,-0.417554,-0.000000
1201,34.720000,3,0.966735,-0.417554,-0.000000
1202,34.740000,3,0.966735,-0.417554,-0.000000
1203,34.760000,3,0.966735,-0.417554,-0.000000
1204,34.780000,3,0.966735,-0.417554,-0.000000
1205,34.800000,3,0.966735,-0.417554,-0.000000
1206,34.820000,3,0.966735,-0.417554,-0.000000
1207,34.840000,3,0.966735,-0.417554,-0.000000
1208,34.860000,3,0.966735,-0.417554,-0.000000
1209,34.880000,3,0.966735,-0.417554,-0.000000
1210,34.900000,3,0.966735,-0.417554,-0.000000
1211,34.920000,3,0.966735,-0.417554,-0.000000
1212,34.940000,3,0.966735,-0.417554,-0.000000
1213,34.960000,3,0.966735,-0.417554,-0.000000
1214,34.980000,3,0.966735,-0.417554,-0.000000
1215,35.000000,3,0.966735,-0.417554,-0.000000
1216,35.020000,3,0.966735,-0.417554,-0.000000
1217,35.040000,3,0.966735,-0.417554,-0.000000
1218,35.060000,3,0.966735,-0.417554,-0.000000
1219,35.080000,3,0.966735,-0.417554,-0.000000
1220,35.100000,3,0.966735,-0.417554,-0.000000
1221,35.120000,3,0.966735,-0.417554,-0.000000
1222,35.140000,3,0.966735,-0.417554,-0.000000
1223,35.160000,3,0.966735,-0.417554,-0.000000
1224,35.180000,3,0.966735,-0.417554,-0.000000
1225,35.200000,3,0.966735,-0.417554,-0.000000
1226,35.220000,3,0.966735,-0.417554,-0.000000
1227,35.240000,3,0.966735,-0.417554,-0.000000
1228,35.260000,3,0.966735,-0.417554,-0.000000
1229,35.280000,3,0.966735,-0.417554,-0.000000
1230,35.300000,3,0.966735,-0.417554,-0.000000
1231,35.320000,3,0.966735,-0.417554,-0.000000
1232,35.340000,3,0.966735,-0.417554,-0.000000
1233,35.360000,3,0.966735,-0.417554,-0.000000
1234,35.380000,3,0.966735,-0.417554,-0.000000
1235,35.400000,3,0.966735,-0.417554,-0.000000
1236,35.420000,3,0.966735,-0.417554,-0.000000
1237,35.440000,3,0.966735,-0.417554,-0.000000
1238,35.460000,3,0.966735,-0.417554,-0.000000
1239,35.480000,3,0.966735,-0.417859,-0.000000
1240,35.500000,3,0.966735,-0.417920,-0.000000
1241,35.520000,3,0.966735,-0.417920,-0.000000
1242,35.540000,3,0.966735,-0.417920,-0.000000
1243,35.560000,3,0.966735,-0.417920,-0.000000
1244,35.580000,3,0.966735,-0.417920,-0.000000
1245,35.600000,3,0.966735,-0.417920,-0.000000
1246,35.620000,3,0.966735,-0.417920,-0.000000
1247,35.640000,3,0.966735,-0.417920,-0.000000
1248,35.660000,3,0.966735,-0.417920,-0.000000
1249,35.680000,3,0.966735,-0.417920,-0.000000
1250,35.700000,3,0.966735,-0.417920,-0.000000
1251,35.720000,3,0.966735,-0.417920,-0.000000
1252,35.740000,3,0.966735,-0.417920,-0.000000
1253,35.760000,3,0.966735,-0.417920,-0.000000
1254,35.780000,3,0.966735,-0.417920,-0.000000
1255,35.800000,3,0.966735,-0.417920,-0.000000
1256,35.820000,3,0.966735,-0.417920,-0.000000
1257,35.840000,3,0.966735,-0.417920,-0.000000
1258,35.860000,3,0.966735,-0.417920,-0.000000
1259,35.880000,3,0.966735,-0.417920,-0.000000
1260,35.900000,3,0.966735,-0.417920,-0.000000
1261,35.920000,3,0.966735,-0.417920,-0.000000
1262,35.940000,3,0.966735,-0.417920,-0.000000
1263,35.960000,3,0.966735,-0.417920,-0.000000
1264,35.980000,3,0.966735,-0.417920,-0.000000
1265,36.000000,3,0.966735,-0.417920,-0.000000
1266,36.020000,3,0.966735,-0.417920,-0.000000
1267,36.040000,3,0.966735,-0.417920,-0.000000
1268,36.060000,3,0.966735,-0.417920,-0.000000
1269,36.080000,3,0.966735,-0.417920,-0.000000
1270,36.100000,3,0.966735,-0.417920,-0.000000
1271,36.120000,3,0.966735,-0.417920,-0.000000
1272,36.140000,3,0.966735,-0.417920,-0.000000
1273,36.160000,3,0.966735,-0.417920,-0.000000
1274,36.180000,3,0.966735,-0.417920,-0.000000
1275,36.200000,3,0.966735,-0.417920,-0.000000
1276,36.220000,3,0.966735,-0.417920,-0.000000
1277,36.240000,3,0.966735,-0.417920,-0.000000
1278,36.260000,3,0.966735,-0.417920,-0.000000
1279,36.280000,3,0.966674,-0.418104,-0.000000
1280,36.300000,3,0.966674,-0.418165,-0.000000
1281,36.320000,3,0.966674,-0.418165,-0.000000
1282,36.340000,3,0.966674,-0.418165,-0.000000
1283,36.360000,3,0.966674,-0.418104,-0.000000
1284,36.380000,3,0.966674,-0.418104,-0.000000
1285,36.400000,3,0.966674,-0.418104,-0.000000
1286,36.420000,3,0.966674,-0.418104,-0.000000
1287,36.440000,3,0.966674,-0.418104,-0.000000
1288,36.460000,3,0.966674,-0.418104,-0.000000
1289,36.480000,3,0.966674,-0.418104,-0.000000
1290,36.500000,3,0.966674,-0.418104,-0.000000
1291,36.520000,3,0.966674,-0.418104,-0.000000
1292,36.540000,3,0.966674,-0.418104,-0.000000
1293,36.560000,3,0.966674,-0.418104,-0.000000
1294,36.580000,3,0.966674,-0.418104,-0.000000
1295,36.600000,3,0.966674,-0.418104,-0.000000
1296,36.620000,3,0.966674,-0.418104,-0.000000
1297,36.640000,3,0.966674,-0.418104,-0.000000
1298,36.660000,3,0.966674,-0.418104,-0.000000
1299,36.680000,3,0.966674,-0.418104,-0.000000
1300,36.700000,3,0.966674,-0.418104,-0.000000
1301,36.720000,3,0.966674,-0.418104,-0.000000
1302,36.740000,3,0.966674,-0.418104,-0.000000
1303,36.760000,3,0.966674,-0.418104,-0.000000
1304,36.780000,3,0.966674,-0.418104,-0.000000
1305,36.800000,3,0.966674,-0.418104,-0.000000
1306,36.820000,3,0.966674,-0.418104,-0.000000
1307,36.840000,3,0.966674,-0.418104,-0.000000
1308,36.860000,3,0.966674,-0.418104,-0.000000
1309,36.880000,3,0.966674,-0.418104,-0.000000
1310,36.900000,3,0.966674,-0.418104,-0.000000
1311,36.920000,3,0.966674,-0.418104,-0.000000
1312,36.940000,3,0.966674,-0.418104,-0.000000
1313,36.960000,3,0.966674,-0.418104,-0.000000
1314,36.980000,3,0.966674,-0.418104,-0.000000
1315,37.000000,3,0.966674,-0.418104,-0.000000
1316,37.020000,3,0.966674,-0.418104,-0.000000
1317,37.040000,3,0.966674,-0.418104,-0.000000
1318,37.060000,3,0.966674,-0.418104,-0.000000
1319,37.080000,3,0.966674,-0.418104,-0.000000
1320,37.100000,3,0.966674,-0.418104,-0.000000
1321,37.120000,3,0.966674,-0.418104,-0.000000
1322,37.140000,3,0.966674,-0.418104,-0.000000
1323,37.160000,3,0.966460,-0.418683,-0.000000
1324,37.180000,3,0.966338,-0.418928,-0.000000
1325,37.200000,3,0.966338,-0.418928,-0.000000
1326,37.220000,3,0.966338,-0.418928,-0.000000
1327,37.240000,3,0.966338,-0.418836,-0.000000
1328,37.260000,3,0.966338,-0.418744,-0.000000
1329,37.280000,3,0.966338,-0.418744,-0.000000
1330,37.300000,3,0.966338,-0.418744,-0.000000
1331,37.320000,3,0.966338,-0.418744,-0.000000
1332,37.340000,3,0.966338,-0.418744,-0.000000
1333,37.360000,3,0.966338,-0.418744,-0.000000
1334,37.380000,3,0.966338,-0.418348,0.031587
1335,37.400000,3,0.966338,-0.418348,0.095126
1336,37.420000,3,0.966338,-0.418348,0.110691
1337,37.440000,3,0.966338,-0.418348,0.112476
1338,37.460000,3,0.966338,-0.418348,0.109867
1339,37.480000,3,0.966338,-0.418348,0.109272
1340,37.500000,3,0.966338,-0.418348,0.108951
1341,37.520000,3,0.966338,-0.418348,0.108951
1342,37.540000,3,0.966338,-0.418348,0.102817
1343,37.560000,3,0.966338,-0.418348,0.099338
1344,37.580000,3,0.966338,-0.418348,0.071963
1345,37.600000,3,0.966338,-0.418348,0.022523
1346,37.620000,3,0.966338,-0.418348,-0.000000
1347,37.640000,3,0.966338,-0.418348,-0.000000
1348,37.660000,3,0.966338,-0.418348,-0.000000
1349,37.680000,3,0.966338,-0.418348,-0.000000
1350,37.700000,3,0.966338,-0.418348,-0.000000
1351,37.720000,3,0.966338,-0.418348,-0.000000
1352,37.740000,3,0.966338,-0.418348,-0.000000
1353,37.760000,3,0.966338,-0.418348,-0.000000
1354,37.780000,3,0.966338,-0.418348,-0.000000
1355,37.800000,3,0.966338,-0.418348,-0.000000
1356,37.820000,3,0.966338,-0.418348,-0.000000
1357,37.840000,3,0.966338,-0.418348,-0.000000
1358,37.860000,3,0.966338,-0.418348,-0.000000
1359,37.880000,3,0.966338,-0.418348,-0.000000
1360,37.900000,3,0.967711,-0.415021,-0.000000
1361,37.920000,3,0.968596,-0.413160,-0.000000
1362,37.940000,3,0.969665,-0.410291,-0.000000
1363,37.960000,3,0.971068,-0.407025,-0.000000
1364,37.980000,3,0.972106,-0.404859,-0.000000
1365,38.000000,3,0.972777,-0.403302,-0.000000
1366,38.020000,3,0.973174,-0.402417,-0.000000
1367,38.040000,3,0.973235,-0.402234,-0.000000
1368,38.060000,3,0.973235,-0.402448,-0.000000
1369,38.080000,3,0.973235,-0.402448,-0.000000
1370,38.100000,3,0.973144,-0.402936,-0.000000
1371,38.120000,3,0.973144,-0.402936,-0.000000
1372,38.140000,3,0.973144,-0.402844,-0.000000
1373,38.160000,3,0.973144,-0.402539,-0.000000
1374,38.180000,3,0.973144,-0.402539,-0.000000
1375,38.200000,3,0.973144,-0.402539,-0.000000
1376,38.220000,3,0.973144,-0.402539,-0.000000
1377,38.240000,3,0.973144,-0.402539,-0.000000
1378,38.260000,3,0.973144,-0.402539,-0.000000
1379,38.280000,3,0.973144,-0.402539,-0.000000
1380,38.300000,3,0.973144,-0.402539,-0.000000
1381,38.320000,3,0.973144,-0.402539,-0.000000
1382,38.340000,3,0.973144,-0.402539,-0.000000
1383,38.360000,3,0.973144,-0.402539,-0.000000
1384,38.380000,3,0.973144,-0.402539,-0.000000
1385,38.400000,3,0.973144,-0.402539,-0.000000
1386,38.420000,3,0.973144,-0.402539,-0.000000
1387,38.440000,3,0.973144,-0.402539,-0.000000
1388,38.460000,3,0.973144,-0.402539,-0.000000
1389,38.480000,3,0.973144,-0.402539,-0.000000
1390,38.500000,3,0.973144,-0.402539,-0.000000
1391,38.520000,3,0.973144,-0.402539,-0.000000
1392,38.540000,3,0.973144,-0.402539,-0.000000
1393,38.560000,3,0.973144,-0.402539,-0.000000
1394,38.580000,3,0.973144,-0.402539,-0.000000
1395,38.600000,3,0.973144,-0.402539,-0.000000
1396,38.620000,3,0.973144,-0.402539,-0.000000
1397,38.640000,3,0.973144,-0.402539,-0.000000
1398,38.660000,3,0.973144,-0.402539,-0.000000
1399,38.680000,3,0.973144,-0.402539,-0.000000
1400,38.700000,3,0.973144,-0.402539,-0.000000
1401,38.720000,3,0.973144,-0.402539,-0.000000
1402,38.740000,3,0.973144,-0.402539,-0.000000
1403,38.760000,3,0.973144,-0.402539,-0.000000
1404,38.780000,3,0.973144,-0.402539,-0.000000
1405,38.800000,3,0.973144,-0.402539,-0.000000
1406,38.820000,3,0.973144,-0.402539,-0.000000
1407,38.840000,3,0.973144,-0.402539,-0.000000
1408,38.860000,3,0.973144,-0.402539,-0.000000
1409,38.880000,3,0.973144,-0.402539,-0.000000
1410,38.900000,3,0.973144,-0.402539,-0.000000
1411,38.920000,3,0.973144,-0.402539,-0.000000
1412,38.940000,3,0.973144,-0.402539,-0.000000
1413,38.960000,3,0.973144,-0.402539,-0.000000
1414,38.980000,3,0.973144,-0.402539,-0.000000
1415,39.000000,3,0.973144,-0.402539,-0.000000
1416,39.020000,3,0.973144,-0.402539,-0.000000
1417,39.040000,3,0.973144,-0.402539,-0.000000
1418,39.060000,3,0.973144,-0.402539,-0.000000
1419,39.080000,3,0.973144,-0.402539,-0.000000
1420,39.100000,3,0.973144,-0.402539,-0.000000
1421,39.120000,3,0.973144,-0.402539,-0.000000
1422,39.140000,3,0.973144,-0.402539,-0.000000
1423,39.160000,3,0.973144,-0.402539,-0.000000
1424,39.180000,3,0.973144,-0.402539,-0.000000
1425,39.200000,3,0.973144,-0.402539,-0.000000
1426,39.220000,3,0.973144,-0.402539,-0.000000
1427,39.240000,3,0.973144,-0.402539,-0.000000
1428,39.260000,3,0.973144,-0.402539,0.017670
1429,39.280000,3,0.973144,-0.402539,0.070406
1430,39.300000,3,0.973144,-0.402539,0.109775
1431,39.320000,3,0.973144,-0.402539,0.154683
1432,39.340000,3,0.973144,-0.402539,0.207968
1433,39.360000,3,0.973144,-0.402539,0.283181
1434,39.380000,3,0.973144,-0.402539,0.379223
1435,39.400000,3,0.973144,-0.402539,0.476455
1436,39.420000,3,0.973144,-0.402539,0.531388
1437,39.440000,3,0.973144,-0.402539,0.574602
1438,39.460000,3,0.973144,-0.402539,0.624226
1439,39.480000,3,0.973144,-0.402539,0.678106
1440,39.500000,3,0.973144,-0.402539,0.722648
1441,39.520000,3,0.973144,-0.402539,0.755699
1442,39.540000,3,0.973144,-0.402539,0.823038
1443,39.560000,3,0.973144,-0.402539,0.881359
1444,39.580000,3,0.973144,-0.402539,0.973556
1445,39.600000,3,0.973144,-0.402539,1.051103
1446,39.620000,3,0.973144,-0.402539,1.112720
1447,39.640000,3,0.973144,-0.402539,1.148335
1448,39.660000,3,0.973144,-0.402539,1.188848
1449,39.680000,3,0.973144,-0.402539,1.267724
1450,39.700000,3,0.973144,-0.402539,1.388852
1451,39.720000,3,0.973144,-0.402539,1.442778
1452,39.740000,3,0.973144,-0.402539,1.458388
1453,39.760000,3,0.973144,-0.402539,1.463012
1454,39.780000,3,0.973144,-0.402539,1.464385
1455,39.800000,3,0.973144,-0.402539,1.464797
1456,39.820000,3,0.973144,-0.402539,1.479766
1457,39.840000,3,0.973144,-0.402539,1.500000
1458,39.860000,3,0.973144,-0.402539,1.500000
1459,39.880000,3,0.973144,-0.402539,1.500000
1460,39.900000,3,0.973144,-0.402539,1.500000
1461,39.920000,3,0.973144,-0.402539,1.500000
1462,39.940000,3,0.973144,-0.402539,1.500000
1463,39.960000,3,0.973144,-0.402539,1.500000
1464,39.980000,3,0.973144,-0.402539,1.500000
1465,40.000000,3,0.973540,-0.401440,1.500000
1466,40.020000,3,0.974944,-0.397931,1.500000
1467,40.040000,3,0.976196,-0.394848,1.500000
1468,40.060000,3,0.976806,-0.393445,1.500000
1469,40.080000,3,0.977447,-0.391919,1.500000
1470,40.100000,3,0.977935,-0.390667,1.500000
1471,40.120000,3,0.978454,-0.389294,1.500000
1472,40.140000,3,0.978912,-0.388165,1.248451
1473,40.160000,3,0.978973,-0.388073,0.531983
1474,40.180000,3,0.979247,-0.387280,-0.000000
1475,40.200000,3,0.979705,-0.386212,-0.000000
1476,40.220000,3,0.980346,-0.384564,-0.000000
1477,40.240000,3,0.980590,-0.383953,-0.000000
1478,40.260000,3,0.980865,-0.383404,-0.000000
1479,40.280000,3,0.980926,-0.383251,-0.000000
1480,40.300000,3,0.981231,-0.382366,-0.000000
1481,40.320000,3,0.981536,-0.381634,-0.000000
1482,40.340000,3,0.981597,-0.381481,-0.000000
1483,40.360000,3,0.981597,-0.381481,-0.000000
1484,40.380000,3,0.981597,-0.381481,-0.000000
1485,40.400000,3,0.981597,-0.381481,-0.000000
1486,40.420000,3,0.981597,-0.381481,-0.000000
1487,40.440000,3,0.981597,-0.381481,-0.000000
1488,40.460000,3,0.981597,-0.381481,-0.000000
1489,40.480000,3,0.981597,-0.381542,-0.000000
1490,40.500000,3,0.981597,-0.381878,-0.000000
1491,40.520000,3,0.981597,-0.381603,-0.000000
1492,40.540000,3,0.981597,-0.381603,-0.000000
1493,40.560000,3,0.981597,-0.381603,-0.000000
1494,40.580000,3,0.981597,-0.381603,-0.000000
1495,40.600000,3,0.981597,-0.381603,-0.000000
1496,40.620000,3,0.981597,-0.381603,-0.000000
1497,40.640000,3,0.981597,-0.381603,-0.000000
1498,40.660000,3,0.981597,-0.381603,-0.000000
1499,40.680000,3,0.981597,-0.381603,-0.000000
1500,40.700000,3,0.981597,-0.381603,-0.000000
1501,40.720000,3,0.981597,-0.381603,-0.000000
1502,40.740000,3,0.981597,-0.381603,-0.000000
1503,40.760000,3,0.981597,-0.381603,-0.000000
1504,40.780000,3,0.981597,-0.381603,-0.000000
1505,40.800000,3,0.981597,-0.381603,-0.000000
1506,40.820000,3,0.981597,-0.381603,-0.000000
1507,40.840000,3,0.981597,-0.381603,-0.000000
1508,40.860000,3,0.981597,-0.381603,-0.000000
1509,40.880000,3,0.981597,-0.381603,-0.000000
1510,40.900000,3,0.981597,-0.381603,-0.000000
1511,40.920000,3,0.981597,-0.381603,-0.000000
1512,40.940000,3,0.981597,-0.381603,-0.000000
1513,40.960000,3,0.981597,-0.381603,-0.000000
1514,40.980000,3,0.981597,-0.381603,-0.000000
1515,41.000000,3,0.981597,-0.381603,-0.000000
1516,41.020000,3,0.981597,-0.381603,-0.000000
1517,41.040000,3,0.981597,-0.381603,-0.000000
1518,41.060000,3,0.981597,-0.381603,-0.000000
1519,41.080000,3,0.981597,-0.381603,-0.000000
1520,41.100000,3,0.981597,-0.381603,-0.000000
1521,41.120000,3,0.981597,-0.381603,-0.000000
1522,41.140000,3,0.981597,-0.381603,-0.000000
1523,41.160000,3,0.981597,-0.381603,-0.000000
1524,41.180000,3,0.981597,-0.381603,-0.000000
1525,41.200000,3,0.981597,-0.381603,-0.000000
1526,41.220000,3,0.981597,-0.381603,-0.000000
1527,41.240000,3,0.981597,-0.381603,-0.000000
1528,41.260000,3,0.981597,-0.381603,-0.000000
1529,41.280000,3,0.981597,-0.381603,-0.000000
1530,41.300000,3,0.981597,-0.381603,-0.000000
1531,41.320000,3,0.981597,-0.381603,-0.000000
1532,41.340000,3,0.982055,-0.380139,-0.000000
1533,41.360000,3,0.982391,-0.379254,-0.000000
1534,41.380000,3,0.982971,-0.377941,-0.000000
1535,41.400000,3,0.983856,-0.375378,-0.000000
1536,41.420000,3,0.984497,-0.373943,-0.000000
1537,41.440000,3,0.984558,-0.373821,-0.000000
1538,41.460000,3,0.984954,-0.372753,-0.000000
1539,41.480000,3,0.985076,-0.372356,-0.000000
1540,41.500000,3,0.985076,-0.372356,-0.000000
1541,41.520000,3,0.985076,-0.372356,-0.000000
1542,41.540000,3,0.985076,-0.372356,-0.000000
1543,41.560000,3,0.985260,-0.371990,-0.000000
1544,41.580000,3,0.985321,-0.371899,-0.000000
1545,41.600000,3,0.985321,-0.371899,-0.000000
1546,41.620000,3,0.985321,-0.371899,-0.000000
1547,41.640000,3,0.985321,-0.371899,-0.000000
1548,41.660000,3,0.985321,-0.371899,-0.000000
1549,41.680000,3,0.985321,-0.371899,-0.000000
1550,41.700000,3,0.985504,-0.371349,-0.000000
1551,41.720000,3,0.985565,-0.371258,-0.000000
1552,41.740000,3,0.985565,-0.371258,-0.000000
1553,41.760000,3,0.985046,-0.373577,-0.000000
1554,41.780000,3,0.983245,-0.377789,-0.000000
1555,41.800000,3,0.978545,-0.389477,-0.000000
1556,41.820000,3,0.939116,-0.389050,-0.000000
1557,41.840000,3,0.899533,-0.384838,-0.000000
1558,41.860000,3,0.847011,-0.379101,-0.000000
1559,41.880000,3,0.797967,-0.374645,-0.000000
1560,41.900000,3,0.161748,-0.097812,-0.000000
1561,41.920000,3,-0.000000,-0.000000,-0.000000
1562,41.940000,3,-0.000000,-0.000000,-0.000000
1563,41.960000,3,-0.000000,-0.000000,-0.000000
1564,41.980000,3,-0.000000,-0.000000,-0.000000
1565,42.000000,3,-0.000000,-0.000000,-0.000000
1566,42.020000,3,-0.000000,-0.000000,-0.000000
1567,42.040000,3,-0.000000,-0.000000,-0.000000
1568,42.060000,3,-0.000000,-0.000000,-0.000000
1569,42.080000,3,-0.000000,-0.000000,-0.000000
1570,42.100000,3,-0.000000,-0.000000,-0.000000
1571,42.120000,3,-0.000000,-0.000000,-0.000000
1572,42.140000,3,-0.000000,-0.000000,-0.000000
1573,42.160000,3,-0.000000,-0.000000,-0.000000
1574,42.180000,3,-0.024323,0.008393,-0.000000
1575,42.200000,3,-0.116672,0.053438,-0.000000
1576,42.220000,3,-0.381420,0.202246,-0.000000
1577,42.240000,3,-0.580950,0.304910,-0.000000
1578,42.260000,3,-0.925291,0.408887,-0.000000
1579,42.280000,3,-0.962432,0.427381,-0.000000
1580,42.300000,3,-0.956481,0.440870,-0.000000
1581,42.320000,3,-0.955351,0.443342,-0.000000
1582,42.340000,3,-0.954894,0.444044,-0.000000
1583,42.360000,3,-0.954802,0.444319,-0.000000
1584,42.380000,3,-0.954741,0.444380,-0.000000
1585,42.400000,3,-0.954741,0.444380,-0.000000
1586,42.420000,3,-0.954741,0.444380,-0.000000
1587,42.440000,3,-0.954741,0.444380,-0.000000
1588,42.460000,3,-0.954405,0.445051,-0.000000
1589,42.480000,3,-0.954253,0.445509,-0.000000
1590,42.500000,3,-0.954192,0.445570,-0.000000
1591,42.520000,3,-0.953948,0.445998,-0.000000
1592,42.540000,3,-0.953642,0.446760,-0.000000
1593,42.560000,3,-0.953581,0.446883,-0.000000
1594,42.580000,3,-0.953307,0.447462,-0.000000
1595,42.600000,3,-0.951476,0.451125,-0.000000
1596,42.620000,3,-0.943999,0.466475,-0.000000
1597,42.640000,3,-0.942259,0.470107,-0.000000
1598,42.660000,3,-0.941496,0.471664,-0.000000
1599,42.680000,3,-0.941069,0.472488,-0.000000
1600,42.700000,3,-0.941069,0.472488,-0.000000
1601,42.720000,3,-0.941069,0.472396,-0.000000
1602,42.740000,3,-0.941069,0.472396,-0.000000
1603,42.760000,3,-0.941069,0.472213,-0.000000
1604,42.780000,3,-0.941191,0.471816,-0.000000
1605,42.800000,3,-0.941527,0.471297,-0.000000
1606,42.820000,3,-0.941527,0.471236,-0.000000
1607,42.840000,3,-0.941527,0.471236,-0.000000
1608,42.860000,3,-0.941527,0.471236,-0.000000
1609,42.880000,3,-0.941527,0.471236,-0.000000
1610,42.900000,3,-0.941527,0.471236,-0.000000
1611,42.920000,3,-0.941527,0.471236,-0.000000
1612,42.940000,3,-0.941527,0.471236,-0.000000
1613,42.960000,3,-0.941527,0.471236,-0.000000
1614,42.980000,3,-0.941527,0.471236,-0.000000
1615,43.000000,3,-0.941527,0.471236,0.010300
1616,43.020000,3,-0.941527,0.471236,0.199957
1617,43.040000,3,-0.941527,0.471297,0.405133
1618,43.060000,3,-0.941527,0.471419,0.551988
1619,43.080000,3,-0.941527,0.471419,0.652562
1620,43.100000,3,-0.941527,0.471419,0.770302
1621,43.120000,3,-0.941527,0.471419,0.959319
1622,43.140000,3,-0.941527,0.471419,1.181020
1623,43.160000,3,-0.941527,0.471419,1.417142
1624,43.180000,3,-0.941527,0.471419,1.500000
1625,43.200000,3,-0.941527,0.471419,1.500000
1626,43.220000,3,-0.941649,0.470992,1.500000
1627,43.240000,3,-0.941710,0.470931,1.500000
1628,43.260000,3,-0.941710,0.470931,1.500000
1629,43.280000,3,-0.942595,0.469100,1.500000
1630,43.300000,3,-0.943846,0.466445,1.500000
1631,43.320000,3,-0.944823,0.464522,1.500000
1632,43.340000,3,-0.946532,0.461135,1.500000
1633,43.360000,3,-0.947020,0.460067,1.500000
1634,43.380000,3,-0.947295,0.459578,1.500000
1635,43.400000,3,-0.947295,0.459944,1.500000
1636,43.420000,3,-0.947569,0.458998,1.500000
1637,43.440000,3,-0.947630,0.458815,1.500000
1638,43.460000,3,-0.947874,0.458388,1.500000
1639,43.480000,3,-0.947874,0.458388,1.500000
1640,43.500000,3,-0.947874,0.458388,1.500000
1641,43.520000,3,-0.947874,0.458388,1.500000
1642,43.540000,3,-0.947874,0.458388,1.500000
1643,43.560000,3,-0.947996,0.458174,1.500000
1644,43.580000,3,-0.948332,0.457472,1.500000
1645,43.600000,3,-0.948393,0.457381,1.500000
1646,43.620000,3,-0.948393,0.457381,1.500000
1647,43.640000,3,-0.948393,0.457381,1.500000
1648,43.660000,3,-0.948515,0.457106,1.500000
1649,43.680000,3,-0.948515,0.457106,1.500000
1650,43.700000,3,-0.948515,0.457106,1.500000
1651,43.720000,3,-0.948515,0.457167,1.500000
1652,43.740000,3,-0.948515,0.457167,1.500000
1653,43.760000,3,-0.948515,0.457167,1.500000
1654,43.780000,3,-0.948515,0.457045,1.500000
1655,43.800000,3,-0.948515,0.457045,1.500000
1656,43.820000,3,-0.948515,0.457137,1.500000
1657,43.840000,3,-0.948515,0.457045,1.500000
1658,43.860000,3,-0.948515,0.457045,1.500000
1659,43.880000,3,-0.948515,0.457045,1.500000
1660,43.900000,3,-0.948515,0.457045,1.500000
1661,43.920000,3,-0.948515,0.457045,1.500000
1662,43.940000,3,-0.948515,0.457045,1.500000
1663,43.960000,3,-0.936033,0.482192,1.500000
1664,43.980000,3,-0.895993,0.552843,1.500000
1665,44.000000,3,-0.829737,0.647908,1.500000
1666,44.020000,3,-0.775658,0.711722,1.500000
1667,44.040000,3,-0.740898,0.747826,1.500000
1668,44.060000,3,-0.706290,0.780572,1.500000
1669,44.080000,3,-0.686361,0.798181,1.500000
1670,44.100000,3,-0.672750,0.809717,1.500000
1671,44.120000,3,-0.669118,0.812708,1.500000
1672,44.140000,3,-0.668630,0.813105,1.500000
1673,44.160000,3,-0.668630,0.813105,1.500000
1674,44.180000,3,-0.668142,0.813471,1.500000
1675,44.200000,3,-0.666066,0.815149,1.500000
1676,44.220000,3,-0.665761,0.815424,1.500000
1677,44.240000,3,-0.665761,0.815424,1.500000
1678,44.260000,3,-0.665761,0.815424,1.500000
1679,44.280000,3,-0.665761,0.815424,1.500000
1680,44.300000,3,-0.665761,0.815424,1.500000
1681,44.320000,3,-0.665700,0.815485,1.500000
1682,44.340000,3,-0.665700,0.815485,1.500000
1683,44.360000,3,-0.666250,0.815027,1.500000
1684,44.380000,3,-0.670370,0.811670,1.500000
1685,44.400000,3,-0.677419,0.805811,1.500000
1686,44.420000,3,-0.688681,0.796167,1.500000
1687,44.440000,3,-0.707877,0.779168,1.500000
1688,44.460000,3,-0.720328,0.767663,1.500000
1689,44.480000,3,-0.737877,0.750786,1.500000
1690,44.500000,3,-0.759331,0.729087,1.500000
1691,44.520000,3,-0.774865,0.712546,1.500000
1692,44.540000,3,-0.784234,0.702231,1.500000
1693,44.560000,3,-0.799127,0.685263,1.500000
1694,44.580000,3,-0.806665,0.676382,1.500000
1695,44.600000,3,-0.814112,0.667409,1.500000
1696,44.620000,3,-0.822413,0.657155,1.500000
1697,44.640000,3,-0.834010,0.642384,1.500000
1698,44.660000,3,-0.845180,0.627674,1.500000
1699,44.680000,3,-0.854793,0.614490,1.500000
1700,44.700000,3,-0.861660,0.604846,1.500000
1701,44.720000,3,-0.864406,0.600696,1.500000
1702,44.740000,3,-0.867550,0.596393,1.500000
1703,44.760000,3,-0.871120,0.590625,1.500000
1704,44.780000,3,-0.874355,0.586352,1.500000
1705,44.800000,3,-0.876858,0.582415,1.500000
1706,44.820000,3,-0.879055,0.579028,1.500000
1707,44.840000,3,-0.883694,0.572253,1.500000
1708,44.860000,3,-0.887722,0.565996,1.500000
1709,44.880000,3,-0.891873,0.559496,1.500000
1710,44.900000,3,-0.895901,0.553026,1.500000
1711,44.920000,3,-0.898221,0.549120,1.500000
1712,44.940000,3,-0.900418,0.545457,1.500000
1713,44.960000,3,-0.901212,0.544267,1.500000
1714,44.980000,3,-0.901212,0.544176,1.500000
1715,45.000000,3,-0.901914,0.543016,1.500000
1716,45.020000,3,-0.902524,0.542039,1.500000
1717,45.040000,3,-0.902860,0.541490,1.500000
1718,45.060000,3,-0.902860,0.541490,1.500000
1719,45.080000,3,-0.902921,0.541398,1.500000
1720,45.100000,3,-0.902982,0.541215,1.500000
1721,45.120000,3,-0.903592,0.540056,1.500000
1722,45.140000,3,-0.908841,0.531510,1.500000
1723,45.160000,3,-0.915738,0.519578,1.500000
1724,45.180000,3,-0.917478,0.516312,1.500000
1725,45.200000,3,-0.918271,0.514969,1.500000
1726,45.220000,3,-0.918332,0.514878,1.500000
1727,45.240000,3,-0.918912,0.513718,1.500000
1728,45.260000,3,-0.921354,0.509568,1.500000
1729,45.280000,3,-0.926084,0.501022,1.500000
1730,45.300000,3,-0.929807,0.493973,1.500000
1731,45.320000,3,-0.930662,0.492203,1.500000
1732,45.340000,3,-0.933103,0.487838,1.500000
1733,45.360000,3,-0.936399,0.481460,1.500000
1734,45.380000,3,-0.939665,0.475143,1.500000
1735,45.400000,3,-0.942381,0.469527,1.500000
1736,45.420000,3,-0.943571,0.467147,1.500000
1737,45.440000,3,-0.943815,0.466689,1.500000
1738,45.460000,3,-0.944090,0.466140,1.500000
1739,45.480000,3,-0.944090,0.466048,1.500000
1740,45.500000,3,-0.944090,0.466048,1.500000
1741,45.520000,3,-0.944090,0.466048,1.500000
1742,45.540000,3,-0.944151,0.465987,1.500000
1743,45.560000,3,-0.944151,0.465987,1.500000
1744,45.580000,3,-0.944151,0.465987,1.500000
1745,45.600000,3,-0.944151,0.465987,1.500000
1746,45.620000,3,-0.944151,0.466201,1.500000
1747,45.640000,3,-0.944151,0.466201,1.500000
1748,45.660000,3,-0.944151,0.466201,1.500000
1749,45.680000,3,-0.944151,0.466048,1.500000
1750,45.700000,3,-0.944151,0.465987,1.500000
1751,45.720000,3,-0.944151,0.465987,1.500000
1752,45.740000,3,-0.944151,0.465987,1.500000
1753,45.760000,3,-0.944151,0.465987,1.500000
1754,45.780000,3,-0.944151,0.465987,1.500000
1755,45.800000,3,-0.944151,0.465987,1.500000
1756,45.820000,3,-0.944151,0.465987,1.500000
1757,45.840000,3,-0.944151,0.465987,1.500000
1758,45.860000,3,-0.944151,0.465987,1.500000
1759,45.880000,3,-0.944151,0.465987,1.500000
1760,45.900000,3,-0.944151,0.465987,1.500000
1761,45.920000,3,-0.942778,0.469131,1.500000
1762,45.940000,3,-0.942015,0.470840,1.500000
1763,45.960000,3,-0.940916,0.472884,1.500000
1764,45.980000,3,-0.939390,0.475753,1.500000
1765,46.000000,3,-0.938414,0.477767,1.500000
1766,46.020000,3,-0.938017,0.478530,1.500000
1767,46.040000,3,-0.937315,0.479843,1.500000
1768,46.060000,3,-0.937315,0.479843,1.500000
1769,46.080000,3,-0.937254,0.480026,1.500000
1770,46.100000,3,-0.937071,0.480331,1.500000
1771,46.120000,3,-0.936949,0.480575,1.500000
1772,46.140000,3,-0.934660,0.485061,1.500000
1773,46.160000,3,-0.933134,0.487899,1.500000
1774,46.180000,3,-0.931883,0.490188,1.500000
1775,46.200000,3,-0.931455,0.491287,1.500000
1776,46.220000,3,-0.930631,0.492691,1.500000
1777,46.240000,3,-0.929563,0.494980,1.500000
1778,46.260000,3,-0.928831,0.495956,1.500000
1779,46.280000,3,-0.928587,0.496506,1.500000
1780,46.300000,3,-0.927183,0.499527,1.500000
1781,46.320000,3,-0.922513,0.507523,1.500000
1782,46.340000,3,-0.916684,0.517930,1.500000
1783,46.360000,3,-0.913083,0.524247,1.500000
1784,46.380000,3,-0.911344,0.527329,1.500000
1785,46.400000,3,-0.910794,0.528336,1.500000
1786,46.420000,3,-0.909421,0.530656,1.500000
1787,46.440000,3,-0.907163,0.534837,1.500000
1788,46.460000,3,-0.905637,0.536943,1.500000
1789,46.480000,3,-0.905118,0.537919,1.500000
1790,46.500000,3,-0.905057,0.537980,1.500000
1791,46.520000,3,-0.905057,0.538102,1.500000
1792,46.540000,3,-0.904904,0.538285,1.500000
1793,46.560000,3,-0.904904,0.538347,1.500000
1794,46.580000,3,-0.904904,0.538347,1.500000
1795,46.600000,3,-0.904691,0.538652,1.500000
1796,46.620000,3,-0.904691,0.538652,1.500000
1797,46.640000,3,-0.904691,0.538560,1.500000
1798,46.660000,3,-0.904691,0.538560,1.500000
1799,46.680000,3,-0.904691,0.538560,1.500000
1800,46.700000,3,-0.904691,0.538560,1.500000
1801,46.720000,3,-0.904691,0.538560,1.500000
1802,46.740000,3,-0.904691,0.538621,1.500000
1803,46.760000,3,-0.904691,0.538621,1.500000
1804,46.780000,3,-0.904691,0.538621,1.500000
1805,46.800000,3,-0.904691,0.538621,1.500000
1806,46.820000,3,-0.904477,0.538987,1.500000
1807,46.840000,3,-0.904172,0.539598,1.500000
1808,46.860000,3,-0.902768,0.541765,1.500000
1809,46.880000,3,-0.902005,0.543138,1.500000
1810,46.900000,3,-0.901303,0.544542,1.500000
1811,46.920000,3,-0.900357,0.545915,1.500000
1812,46.940000,3,-0.897427,0.550493,1.500000
1813,46.960000,3,-0.891354,0.560289,1.500000
1814,46.980000,3,-0.882229,0.574480,1.500000
1815,47.000000,3,-0.877926,0.581103,1.500000
1816,47.020000,3,-0.875942,0.584033,1.500000
1817,47.040000,3,-0.875210,0.585437,1.500000
1818,47.060000,3,-0.874874,0.585681,1.500000
1819,47.080000,3,-0.873684,0.587481,1.500000
1820,47.100000,3,-0.869442,0.593616,1.500000
1821,47.120000,3,-0.865230,0.599780,1.500000
1822,47.140000,3,-0.862300,0.603931,1.500000
1823,47.160000,3,-0.861202,0.605457,1.500000
1824,47.180000,3,-0.859462,0.607990,1.500000
1825,47.200000,3,-0.857173,0.611438,1.500000
1826,47.220000,3,-0.851833,0.618610,1.500000
1827,47.240000,3,-0.846522,0.625843,1.500000
1828,47.260000,3,-0.843837,0.629566,1.500000
1829,47.280000,3,-0.840877,0.633442,1.500000
1830,47.300000,3,-0.839808,0.634846,1.500000
1831,47.320000,3,-0.839229,0.635639,1.500000
1832,47.340000,3,-0.839015,0.635853,1.500000
1833,47.360000,3,-0.838801,0.636128,1.500000
1834,47.380000,3,-0.838740,0.636250,1.500000
1835,47.400000,3,-0.838740,0.636250,1.500000
1836,47.420000,3,-0.838740,0.636097,1.500000
1837,47.440000,3,-0.837733,0.637623,1.500000
1838,47.460000,3,-0.835109,0.640980,1.500000
1839,47.480000,3,-0.827784,0.650380,1.500000
1840,47.500000,3,-0.823725,0.655477,1.500000
1841,47.520000,3,-0.816645,0.664357,1.500000
1842,47.540000,3,-0.811029,0.671133,1.500000
1843,47.560000,3,-0.801630,0.682333,1.500000
1844,47.580000,3,-0.791101,0.694479,1.500000
1845,47.600000,3,-0.780328,0.706565,1.500000
1846,47.620000,3,-0.770592,0.717185,1.500000
1847,47.640000,3,-0.765557,0.722526,1.500000
1848,47.660000,3,-0.763359,0.724845,1.500000
1849,47.680000,3,-0.763207,0.725028,1.500000
1850,47.700000,3,-0.763207,0.725028,1.500000
1851,47.720000,3,-0.762963,0.725242,1.500000
1852,47.740000,3,-0.762871,0.725364,1.500000
1853,47.760000,3,-0.762871,0.725364,1.500000
1854,47.780000,3,-0.762871,0.725364,1.500000
1855,47.800000,3,-0.770928,0.716819,1.500000
1856,47.820000,3,-0.773461,0.713981,1.500000
1857,47.840000,3,-0.775323,0.712088,1.500000
1858,47.860000,3,-0.776116,0.711142,1.500000
1859,47.880000,3,-0.778527,0.708579,1.500000
1860,47.900000,3,-0.778924,0.708121,1.500000
1861,47.920000,3,-0.780908,0.705924,1.500000
1862,47.940000,3,-0.781701,0.705039,1.500000
1863,47.960000,3,-0.784173,0.702292,1.500000
1864,47.980000,3,-0.788354,0.697592,1.500000
1865,48.000000,3,-0.791589,0.693960,1.500000
1866,48.020000,3,-0.792932,0.692373,1.500000
1867,48.040000,3,-0.795282,0.689688,1.500000
1868,48.060000,3,-0.796045,0.688864,1.500000
1869,48.080000,3,-0.796472,0.688284,1.500000
1870,48.100000,3,-0.797082,0.687521,1.500000
1871,48.120000,3,-0.797327,0.687216,1.500000
1872,48.140000,3,-0.797967,0.686575,1.500000
1873,48.160000,3,-0.798791,0.685598,1.500000
1874,48.180000,3,-0.799219,0.685080,1.500000
1875,48.200000,3,-0.799371,0.684896,1.500000
1876,48.220000,3,-0.799768,0.684439,1.500000
1877,48.240000,3,-0.800073,0.684072,1.500000
1878,48.260000,3,-0.801233,0.682699,1.500000
1879,48.280000,3,-0.801416,0.682546,1.500000
1880,48.300000,3,-0.800745,0.683279,1.500000
1881,48.320000,3,-0.800684,0.683401,1.500000
1882,48.340000,3,-0.801141,0.682821,1.500000
1883,48.360000,3,-0.801202,0.682821,1.500000
1884,48.380000,3,-0.801691,0.682211,1.500000
1885,48.400000,3,-0.801538,0.682455,1.500000
1886,48.420000,3,-0.801294,0.682760,1.500000
1887,48.440000,3,-0.801263,0.682730,1.500000
1888,48.460000,3,-0.801508,0.682455,1.500000
1889,48.480000,3,-0.799982,0.684286,1.500000
1890,48.500000,3,-0.790460,0.695242,1.500000
1891,48.520000,3,-0.782952,0.703696,1.500000
1892,48.540000,3,-0.768426,0.719504,1.500000
1893,48.560000,3,-0.754967,0.733604,1.500000
1894,48.580000,3,-0.745415,0.743309,1.500000
1895,48.600000,3,-0.735038,0.753563,1.500000
1896,48.620000,3,-0.726554,0.761742,1.500000
1897,48.640000,3,-0.709067,0.778100,1.500000
1898,48.660000,3,-0.685629,0.798822,1.500000
1899,48.680000,3,-0.654256,0.824763,1.500000
1900,48.700000,3,-0.637349,0.837886,1.500000
1901,48.720000,3,-0.633015,0.841182,1.500000
1902,48.740000,3,-0.631336,0.842372,1.500000
1903,48.760000,3,-0.632527,0.841823,1.500000
1904,48.780000,3,-0.637562,0.837733,1.500000
1905,48.800000,3,-0.638325,0.837214,1.500000
1906,48.820000,3,-0.638081,0.837397,1.500000
1907,48.840000,3,-0.638203,0.837245,1.500000
1908,48.860000,3,-0.638112,0.837245,1.500000
1909,48.880000,3,-0.637959,0.837367,1.500000
1910,48.900000,3,-0.637959,0.837367,1.500000
1911,48.920000,3,-0.638173,0.837275,1.500000
1912,48.940000,3,-0.639454,0.836634,1.500000
1913,48.960000,3,-0.639973,0.835871,1.500000
1914,48.980000,3,-0.640156,0.835780,1.500000
1915,49.000000,3,-0.640156,0.835780,1.500000
1916,49.020000,3,-0.640614,0.835383,1.500000
1917,49.040000,3,-0.640828,0.835200,1.500000
1918,49.060000,3,-0.640828,0.835200,1.500000
1919,49.080000,3,-0.640828,0.835200,1.500000
1920,49.100000,3,-0.640828,0.835200,1.500000
1921,49.120000,3,-0.641682,0.834620,1.500000
1922,49.140000,3,-0.641835,0.834468,1.500000
1923,49.160000,3,-0.642018,0.834376,1.500000
1924,49.180000,3,-0.641987,0.834284,1.500000
1925,49.200000,3,-0.641987,0.834284,1.500000
1926,49.220000,3,-0.641987,0.834284,1.500000
1927,49.240000,3,-0.642293,0.834101,1.500000
1928,49.260000,3,-0.644215,0.832911,1.500000
1929,49.280000,3,-0.646657,0.830988,1.500000
1930,49.300000,3,-0.649464,0.828578,1.500000
1931,49.320000,3,-0.650288,0.827876,1.500000
1932,49.340000,3,-0.650563,0.827631,1.302835
1933,49.360000,3,-0.650716,0.827540,0.483093
1934,49.380000,3,-0.651234,0.827082,-0.000000
1935,49.400000,3,-0.652669,0.825983,-0.000000
1936,49.420000,3,-0.662160,0.818415,-0.000000
1937,49.440000,3,-0.677511,0.805719,-0.000000
1938,49.460000,3,-0.689077,0.795831,-0.000000
1939,49.480000,3,-0.697043,0.788873,-0.000000
1940,49.500000,3,-0.702689,0.783807,-0.000000
1941,49.520000,3,-0.707327,0.779656,-0.000000
1942,49.540000,3,-0.714377,0.773186,-0.000000
1943,49.560000,3,-0.724998,0.763237,-0.000000
1944,49.580000,3,-0.730644,0.757836,-0.011032
1945,49.600000,3,-0.737480,0.751183,-0.131932
1946,49.620000,3,-0.742149,0.746574,-0.216529
1947,49.640000,3,-0.746666,0.742058,-0.352489
1948,49.660000,3,-0.750938,0.737724,-0.593051
1949,49.680000,3,-0.754143,0.734367,-0.930937
1950,49.700000,3,-0.755669,0.732841,-1.334284
1951,49.720000,3,-0.757561,0.730857,-1.500000
1952,49.740000,3,-0.758019,0.730399,-1.500000
1953,49.760000,3,-0.758538,0.729850,-1.500000
1954,49.780000,3,-0.758721,0.729728,-1.500000
1955,49.800000,3,-0.759667,0.728721,-1.500000
1956,49.820000,3,-0.760002,0.728355,-1.500000
1957,49.840000,3,-0.761040,0.727226,-1.500000
1958,49.860000,3,-0.762322,0.725913,-1.500000
1959,49.880000,3,-0.763848,0.724326,-1.500000
1960,49.900000,3,-0.765831,0.722190,-1.500000
1961,49.920000,3,-0.767815,0.720084,-1.500000
1962,49.940000,3,-0.769402,0.718375,-1.500000
1963,49.960000,3,-0.771538,0.716117,-1.500000
1964,49.980000,3,-0.773125,0.714377,-1.500000
1965,50.000000,3,-0.776482,0.710776,-1.355708
1966,50.020000,3,-0.778619,0.708457,-0.948332
1967,50.040000,3,-0.780480,0.706381,-0.408887
1968,50.060000,3,-0.782647,0.703940,-0.000000
1969,50.080000,3,-0.783227,0.703360,-0.000000
1970,50.100000,3,-0.784845,0.701407,-0.000000
1971,50.120000,3,-0.786187,0.700003,-0.000000
1972,50.140000,3,-0.787835,0.697623,-0.000000
1973,50.160000,3,-0.789666,0.696097,-0.000000
1974,50.180000,3,-0.790399,0.695212,-0.000000
1975,50.200000,3,-0.791162,0.694357,-0.000000
1976,50.220000,3,-0.791162,0.694357,-0.004669
1977,50.240000,3,-0.791559,0.693899,-0.228706
1978,50.260000,3,-0.791650,0.693808,-0.549837
1979,50.280000,3,-0.791833,0.693625,-0.936338
1980,50.300000,3,-0.791833,0.693625,-1.330622
1981,50.320000,3,-0.792016,0.693442,-1.500000
1982,50.340000,3,-0.792230,0.693136,-1.500000
1983,50.360000,3,-0.792230,0.693136,-1.500000
1984,50.380000,3,-0.792230,0.693136,-1.500000
1985,50.400000,3,-0.792352,0.692984,-1.500000
1986,50.420000,3,-0.792352,0.692984,-1.500000
1987,50.440000,3,-0.792352,0.692984,-1.500000
1988,50.460000,3,-0.792352,0.692984,-1.500000
1989,50.480000,3,-0.792352,0.692984,-1.500000
1990,50.500000,3,-0.792352,0.692984,-1.500000
1991,50.520000,3,-0.792352,0.692984,-1.500000
1992,50.540000,3,-0.792352,0.692984,-1.500000
1993,50.560000,3,-0.792352,0.692984,-1.500000
1994,50.580000,3,-0.792352,0.692984,-1.500000
1995,50.600000,3,-0.792352,0.692984,-1.500000
1996,50.620000,3,-0.792352,0.692984,-1.500000
1997,50.640000,3,-0.792352,0.692984,-1.500000
1998,50.660000,3,-0.792352,0.692984,-1.500000
1999,50.680000,3,-0.792352,0.692984,-1.500000
2000,50.700000,3,-0.792352,0.692984,-1.500000
2001,50.720000,3,-0.792352,0.692984,-1.500000
2002,50.740000,3,-0.792352,0.692984,-1.500000
2003,50.760000,3,-0.792352,0.692984,-1.500000
2004,50.780000,3,-0.792352,0.692984,-1.500000
2005,50.800000,3,-0.792352,0.692984,-1.499863
2006,50.820000,3,-0.792352,0.692984,-1.499451
2007,50.840000,3,-0.792352,0.692984,-1.499130
2008,50.860000,3,-0.792444,0.692892,-1.498856
2009,50.880000,3,-0.792932,0.692343,-1.495514
2010,50.900000,3,-0.792932,0.692343,-1.484710
2011,50.920000,3,-0.792932,0.692343,-1.478713
2012,50.940000,3,-0.792932,0.692343,-1.477523
2013,50.960000,3,-0.792932,0.692343,-1.476791
2014,50.980000,3,-0.792993,0.692343,-1.476791
2015,51.000000,3,-0.793085,0.692251,-1.476791
2016,51.020000,3,-0.793878,0.691275,-1.476791
2017,51.040000,3,-0.794153,0.691000,-1.476791
2018,51.060000,3,-0.794214,0.690909,-1.476791
2019,51.080000,3,-0.794488,0.690603,-1.476791
2020,51.100000,3,-0.794549,0.690512,-1.476791
2021,51.120000,3,-0.794855,0.690115,-1.476791
2022,51.140000,3,-0.794916,0.690054,-1.476791
2023,51.160000,3,-0.795495,0.689383,-1.476791
2024,51.180000,3,-0.796350,0.688437,-1.476791
2025,51.200000,3,-0.799158,0.685171,-1.476791
2026,51.220000,3,-0.804254,0.679220,-1.476791
2027,51.240000,3,-0.808222,0.674490,-1.476791
2028,51.260000,3,-0.815729,0.665426,-1.476791
2029,51.280000,3,-0.818934,0.661184,-1.476791
2030,51.300000,3,-0.822260,0.656911,-1.476791
2031,51.320000,3,-0.827387,0.650868,-1.476791
2032,51.340000,3,-0.834437,0.641835,-1.476791
2033,51.360000,3,-0.838038,0.637135,-1.476791
2034,51.380000,3,-0.844874,0.628040,-1.476791
2035,51.400000,3,-0.846553,0.625629,-1.476791
2036,51.420000,3,-0.847407,0.624470,-1.476791
2037,51.440000,3,-0.848170,0.623524,-1.476791
2038,51.460000,3,-0.848598,0.622944,-1.476791
2039,51.480000,3,-0.848109,0.623707,-1.476791
2040,51.500000,3,-0.848354,0.623280,-1.476791
2041,51.520000,3,-0.848048,0.623859,-1.476333
2042,51.540000,3,-0.848140,0.623554,-1.475372
2043,51.560000,3,-0.848567,0.623035,-1.475005
2044,51.580000,3,-0.872219,0.589557,-1.474639
2045,51.600000,3,-0.764214,0.448012,-1.474319
2046,51.620000,3,-0.413007,0.171361,-1.473952
2047,51.640000,3,-0.000000,-0.000000,-1.471892
2048,51.660000,3,-0.000000,-0.000000,-1.461409
2049,51.680000,3,-0.000000,-0.000000,-1.449095
2050,51.700000,3,-0.000000,-0.000000,-1.420759
2051,51.720000,3,-0.000000,-0.000000,-0.132115
2052,51.740000,3,-0.000000,-0.000000,-0.000000
2053,51.760000,3,-0.000000,-0.000000,-0.000000
2054,51.780000,3,-0.000000,-0.000000,-0.000000
2055,51.800000,3,-0.000000,-0.000000,-0.000000
2056,51.820000,3,-0.000000,-0.000000,-0.000000
2057,51.840000,3,-0.000000,-0.000000,-0.000000
2058,51.860000,3,-0.000000,-0.000000,-0.000000
2059,51.880000,3,-0.000000,-0.000000,-0.000000
2060,51.900000,3,-0.000000,-0.000000,-0.000000
2061,51.920000,3,-0.000000,-0.000000,-0.000000
2062,51.940000,3,-0.000000,-0.000000,-0.000000
2063,51.960000,3,-0.000000,-0.000000,-0.000000
2064,51.980000,3,-0.000000,-0.000000,-0.000000
2065,52.000000,3,-0.000000,-0.000000,-0.000000
2066,52.020000,3,-0.000000,-0.000000,-0.000000
2067,52.040000,3,-0.000000,-0.000000,-0.000000
2068,52.060000,3,-0.000000,-0.000000,-0.000000
2069,52.080000,3,-0.000000,-0.000000,-0.000000
2070,52.100000,3,-0.000000,-0.000000,-0.000000
2071,52.120000,3,-0.000000,-0.000000,-0.000000
2072,52.140000,3,-0.000000,-0.000000,-0.000000
2073,52.160000,3,-0.000000,-0.000000,-0.000000
2074,52.180000,3,-0.000000,-0.000000,-0.000000
2075,52.200000,3,-0.000000,-0.000000,-0.000000
2076,52.220000,3,-0.000000,-0.000000,-0.000000
2077,52.240000,3,-0.000000,-0.000000,-0.000000
2078,52.260000,3,-0.000000,-0.000000,-0.000000
2079,52.280000,3,-0.000000,-0.000000,-0.000000
2080,52.300000,3,-0.000000,-0.000000,-0.000000
2081,52.320000,3,-0.000000,-0.000000,-0.000000
2082,52.340000,3,-0.000000,-0.000000,-0.000000
2083,52.360000,3,-0.000000,-0.000000,-0.000000
2084,52.380000,3,-0.000000,-0.000000,-0.000000
2085,52.400000,3,-0.000000,-0.000000,-0.000000
2086,52.420000,3,-0.000000,-0.000000,-0.000000
2087,52.440000,3,-0.000000,-0.000000,-0.000000
2088,52.460000,3,-0.000000,-0.000000,-0.000000
2089,52.480000,3,-0.000000,-0.000000,-0.000000
2090,52.500000,3,-0.000000,-0.000000,-0.000000
2091,52.520000,3,-0.000000,-0.000000,-0.000000
2092,52.540000,3,-0.000000,-0.000000,-0.000000
2093,52.560000,3,-0.000000,-0.000000,-0.000000
2094,52.580000,3,-0.000000,-0.000000,-0.000000
2095,52.600000,3,-0.000000,-0.000000,-0.000000
2096,52.620000,3,-0.000000,-0.000000,-0.000000
2097,52.640000,3,-0.000000,-0.000000,-0.000000
2098,52.660000,3,-0.000000,-0.000000,-0.000000
2099,52.680000,3,-0.000000,-0.000000,-0.000000
2100,52.700000,3,-0.000000,-0.000000,-0.000000
2101,52.720000,3,-0.000000,-0.000000,-0.000000
2102,52.740000,3,-0.000000,-0.000000,-0.000000
2103,52.760000,3,-0.000000,-0.000000,-0.000000
2104,52.780000,3,-0.000000,-0.000000,-0.000000
2105,52.800000,3,-0.000000,-0.000000,-0.000000
2106,52.820000,3,-0.000000,-0.000000,-0.000000
2107,52.840000,3,-0.000000,-0.000000,-0.000000
2108,52.860000,3,-0.000000,-0.000000,-0.000000
2109,52.880000,3,-0.000000,-0.000000,-0.000000
2110,52.900000,3,-0.000000,-0.000000,-0.000000
2111,52.920000,3,-0.000000,-0.000000,-0.000000
2112,52.940000,3,-0.000000,-0.000000,-0.000000
2113,52.960000,3,-0.000000,-0.000000,-0.000000
2114,52.980000,3,-0.000000,-0.000000,-0.000000
2115,53.000000,3,-0.000000,-0.000000,-0.000000
2116,53.020000,3,-0.000000,-0.000000,-0.000000
2117,53.040000,3,-0.000000,-0.000000,-0.000000
2118,53.060000,3,-0.000000,-0.000000,-0.000000
2119,53.080000,3,-0.000000,-0.000000,-0.000000
2120,53.100000,3,-0.000000,-0.000000,-0.000000
2121,53.120000,3,-0.000000,-0.000000,-0.000000
2122,53.140000,3,-0.000000,-0.000000,-0.000000
2123,53.160000,3,-0.000000,-0.000000,-0.000000
2124,53.180000,3,-0.000000,-0.000000,-0.000000
2125,53.200000,3,-0.000000,-0.000000,-0.000000
2126,53.220000,3,-0.000000,-0.000000,-0.000000
2127,53.240000,3,-0.000000,-0.000000,-0.000000
2128,53.260000,3,-0.000000,-0.000000,-0.000000
2129,53.280000,3,-0.000000,-0.000000,-0.000000
2130,53.300000,3,-0.000000,-0.000000,-0.000000
2131,53.320000,3,-0.000000,-0.000000,-0.000000
2132,53.340000,3,-0.000000,-0.000000,-0.000000
2133,53.360000,3,-0.000000,-0.000000,-0.000000
2134,53.380000,3,-0.000000,-0.000000,-0.000000
2135,53.400000,3,-0.000000,-0.000000,-0.000000
2136,53.420000,3,-0.000000,-0.000000,-0.000000
2137,53.440000,3,-0.000000,-0.000000,-0.000000
2138,53.460000,3,-0.000000,-0.000000,-0.000000
2139,53.480000,3,-0.000000,-0.000000,-0.000000
2140,53.500000,3,-0.000000,-0.000000,-0.000000
2141,53.520000,3,-0.000000,-0.000000,-0.000000
2142,53.540000,3,-0.000000,-0.000000,-0.000000
2143,53.560000,3,-0.000000,-0.000000,-0.000000
2144,53.580000,3,-0.000000,-0.000000,-0.000000
2145,53.600000,3,-0.000000,-0.000000,-0.000000
2146,53.620000,3,-0.000000,-0.000000,-0.000000
2147,53.640000,3,-0.000000,-0.000000,-0.000000
2148,53.660000,3,-0.000000,-0.000000,-0.000000
2149,53.680000,3,-0.000000,-0.000000,-0.000000
2150,53.700000,3,-0.000000,-0.000000,-0.000000
2151,53.720000,3,-0.000000,-0.000000,-0.000000
2152,53.740000,3,-0.000000,-0.000000,-0.000000
2153,53.760000,3,-0.000000,-0.000000,-0.000000
2154,53.780000,3,-0.000000,-0.000000,-0.000000
2155,53.800000,3,-0.000000,-0.000000,-0.000000
2156,53.820000,3,-0.000000,-0.000000,-0.000000
2157,53.840000,3,-0.000000,-0.000000,-0.000000
2158,53.860000,3,-0.000000,-0.000000,-0.000000
2159,53.880000,3,-0.000000,-0.000000,-0.000000
2160,53.900000,3,-0.000000,-0.000000,-0.000000
2161,53.920000,3,-0.000000,-0.000000,-0.136464
2162,53.940000,3,-0.000000,-0.000000,-0.300439
2163,53.960000,3,0.085726,-0.005158,-0.730155
2164,53.980000,3,0.154149,-0.010895,-1.049409
2165,54.000000,3,0.259041,-0.014557,-1.439665
2166,54.020000,3,0.428053,-0.018769,-1.461409
2167,54.040000,3,0.484725,-0.019288,-1.462142
2168,54.060000,3,0.598407,-0.020203,-1.462233
2169,54.080000,3,0.625599,-0.020386,-1.462325
2170,54.100000,3,0.672262,-0.020692,-1.462508
2171,54.120000,3,0.749413,-0.021180,-1.462828
2172,54.140000,3,0.839167,-0.021607,-1.462920
2173,54.160000,3,0.892453,-0.021851,-1.463012
2174,54.180000,3,1.000000,-0.024842,-1.463012
2175,54.200000,3,1.000000,-0.037965,-1.463012
2176,54.220000,3,1.000000,-0.073916,-1.463012
2177,54.240000,3,1.000000,-0.088961,-1.463012
2178,54.260000,3,1.000000,-0.097140,-1.463012
2179,54.280000,3,1.000000,-0.107608,-1.463012
2180,54.300000,3,1.000000,-0.116123,-1.463012
2181,54.320000,3,1.000000,-0.134220,-1.463012
2182,54.340000,3,1.000000,-0.143651,-1.463012
2183,54.360000,3,1.000000,-0.167791,-1.463012
2184,54.380000,3,1.000000,-0.185369,-1.463012
2185,54.400000,3,1.000000,-0.206091,-1.463012
2186,54.420000,3,1.000000,-0.221625,-1.463012
2187,54.440000,3,1.000000,-0.229774,-1.463012
2188,54.460000,3,1.000000,-0.232978,-1.463012
2189,54.480000,3,1.000000,-0.237098,-1.463012
2190,54.500000,3,1.000000,-0.243355,-1.463012
2191,54.520000,3,1.000000,-0.249580,-1.463012
2192,54.540000,3,1.000000,-0.254250,-1.463012
2193,54.560000,3,1.000000,-0.255226,-1.463012
2194,54.580000,3,1.000000,-0.255562,-1.463012
2195,54.600000,3,1.000000,-0.255684,-1.463012
2196,54.620000,3,1.000000,-0.255470,-1.462325
2197,54.640000,3,1.000000,-0.255593,-1.323481
2198,54.660000,3,1.000000,-0.255593,-1.060488
2199,54.680000,3,1.000000,-0.255593,-0.581561
2200,54.700000,3,1.000000,-0.255593,-0.181371
2201,54.720000,3,1.000000,-0.256264,-0.000000
2202,54.740000,3,1.000000,-0.256264,-0.000000
2203,54.760000,3,1.000000,-0.256264,-0.000000
2204,54.780000,3,1.000000,-0.256020,-0.000000
2205,54.800000,3,1.000000,-0.255623,-0.000000
2206,54.820000,3,1.000000,-0.255623,-0.000000
2207,54.840000,3,1.000000,-0.255776,-0.000000
2208,54.860000,3,1.000000,-0.261696,-0.000000
2209,54.880000,3,0.981872,-0.240150,-0.000000
2210,54.900000,3,0.974853,-0.208350,-0.000000
2211,54.920000,3,0.973418,-0.198096,-0.000000
2212,54.940000,3,0.968932,-0.195074,-0.000000
2213,54.960000,3,0.942076,-0.194861,-0.000000
2214,54.980000,3,0.884548,-0.193732,-0.000000
2215,55.000000,3,0.767205,-0.191229,-0.000000
2216,55.020000,3,0.534074,-0.180273,-0.000000
2217,55.040000,3,0.119083,-0.045412,-0.000000
2218,55.060000,3,-0.000000,-0.000000,-0.000000
2219,55.080000,3,-0.000000,-0.000000,-0.000000
2220,55.100000,3,-0.000000,-0.000000,-0.000000
2221,55.120000,3,-0.000000,-0.000000,-0.000000
2222,55.140000,3,-0.000000,-0.000000,-0.000000
2223,55.160000,3,-0.000000,-0.000000,-0.000000
2224,55.180000,3,-0.000000,-0.000000,-0.000000
2225,55.200000,3,-0.000000,-0.000000,-0.000000
2226,55.220000,3,-0.000000,-0.000000,-0.000000
2227,55.240000,3,-0.000000,-0.000000,-0.000000
2228,55.260000,3,-0.000000,-0.000000,-0.000000
2229,55.280000,3,-0.000000,-0.000000,-0.000000
2230,55.300000,3,-0.000000,-0.000000,-0.000000
2231,55.320000,3,-0.000000,-0.000000,-0.000000
2232,55.340000,3,-0.000000,-0.000000,-0.000000
2233,55.360000,3,-0.000000,-0.000000,-0.000000
2234,55.380000,3,-0.000000,-0.000000,-0.000000
2235,55.400000,3,-0.000000,-0.000000,-0.000000
2236,55.420000,3,-0.000000,-0.000000,-0.000000
2237,55.440000,3,-0.000000,-0.000000,-0.000000
2238,55.460000,3,-0.000000,-0.000000,-0.000000
2239,55.480000,3,-0.000000,-0.000000,-0.000000
2240,55.500000,3,-0.000000,-0.000000,-0.000000
2241,55.520000,3,-0.000000,-0.000000,-0.000000
2242,55.540000,3,-0.000000,-0.000000,-0.000000
2243,55.560000,3,-0.000000,-0.000000,-0.000000
2244,55.580000,3,-0.000000,-0.000000,-0.000000
2245,55.600000,3,0.025697,-0.001709,-0.000000
2246,55.620000,3,0.116703,-0.025086,-0.000000
2247,55.640000,3,0.194067,-0.042604,-0.000000
2248,55.660000,3,0.344523,-0.060335,-0.000000
2249,55.680000,3,0.505875,-0.069796,-0.000000
2250,55.700000,3,0.696616,-0.074862,-0.000000
2251,55.720000,3,0.875576,-0.077303,-0.000000
2252,55.740000,3,1.000000,-0.083010,-0.000000
2253,55.760000,3,1.000000,-0.126621,-0.000000
2254,55.780000,3,1.000000,-0.137181,-0.000000
2255,55.800000,3,1.000000,-0.139164,-0.000000
2256,55.820000,3,1.000000,-0.139409,-0.000000
2257,55.840000,3,1.000000,-0.140110,-0.000000
2258,55.860000,3,1.000000,-0.141820,-0.000000
2259,55.880000,3,1.000000,-0.143498,-0.000000
2260,55.900000,3,1.000000,-0.143498,-0.000000
2261,55.920000,3,1.000000,-0.144749,-0.000000
2262,55.940000,3,1.000000,-0.145024,-0.000000
2263,55.960000,3,1.000000,-0.145024,-0.000000
2264,55.980000,3,1.000000,-0.145024,-0.000000
2265,56.000000,3,1.000000,-0.145024,-0.000000
2266,56.020000,3,1.000000,-0.145024,-0.000000
2267,56.040000,3,1.000000,-0.143681,-0.000000
2268,56.060000,3,1.000000,-0.135899,-0.000000
2269,56.080000,3,1.000000,-0.118381,-0.000000
2270,56.100000,3,1.000000,-0.078524,-0.000000
2271,56.120000,3,1.000000,-0.054323,-0.000000
2272,56.140000,3,1.000000,-0.036561,-0.000000
2273,56.160000,3,1.000000,-0.022523,-0.000000
2274,56.180000,3,1.000000,-0.021149,-0.000000
2275,56.200000,3,1.000000,-0.020569,-0.000000
2276,56.220000,3,1.000000,-0.020569,-0.000000
2277,56.240000,3,1.000000,-0.020905,-0.000000
2278,56.260000,3,1.000000,-0.020905,-0.000000
2279,56.280000,3,0.995819,-0.020905,-0.000000
2280,56.300000,3,0.706381,-0.019929,-0.000000
2281,56.320000,3,-0.000000,-0.000000,-0.000000
2282,56.340000,3,-0.000000,-0.000000,-0.000000
2283,56.360000,3,-0.000000,-0.000000,-0.000000
2284,56.380000,3,-0.000000,-0.000000,-0.000000
2285,56.400000,3,-0.000000,-0.000000,-0.000000
2286,56.420000,3,-0.000000,-0.000000,-0.000000
2287,56.440000,3,-0.000000,-0.000000,-0.000000
2288,56.460000,3,-0.000000,-0.000000,-0.000000
2289,56.480000,3,-0.000000,-0.000000,-0.000000
2290,56.500000,3,-0.000000,-0.000000,-0.000000
2291,56.520000,3,-0.000000,-0.000000,-0.000000
2292,56.540000,3,-0.037385,0.026429,-0.000000
2293,56.560000,3,-0.184454,0.153233,-0.000000
2294,56.580000,3,-0.438398,0.305521,-0.000000
2295,56.600000,3,-0.642903,0.411298,-0.000000
2296,56.620000,3,-0.904904,0.527390,-0.000000
2297,56.640000,3,-0.910733,0.528398,-0.000000
2298,56.660000,3,-0.909391,0.531144,-0.000000
2299,56.680000,3,-0.908170,0.533128,-0.000000
2300,56.700000,3,-0.904843,0.538438,-0.000000
2301,56.720000,3,-0.903989,0.539811,-0.000000
2302,56.740000,3,-0.903470,0.540635,-0.000000
2303,56.760000,3,-0.903470,0.540635,-0.000000
2304,56.780000,3,-0.899991,0.546342,-0.000000
2305,56.800000,3,-0.895962,0.552904,-0.000000
2306,56.820000,3,-0.892605,0.558428,-0.000000
2307,56.840000,3,-0.890896,0.561327,-0.000000
2308,56.860000,3,-0.890011,0.562426,-0.000000
2309,56.880000,3,-0.889676,0.562975,-0.000000
2310,56.900000,3,-0.889370,0.563524,-0.000000
2311,56.920000,3,-0.889096,0.563921,-0.000000
2312,56.940000,3,-0.889096,0.563921,-0.000000
2313,56.960000,3,-0.889004,0.564104,-0.000000
2314,56.980000,3,-0.889004,0.564104,-0.000000
2315,57.000000,3,-0.889004,0.563829,-0.000000
2316,57.020000,3,-0.889279,0.563372,-0.000000
2317,57.040000,3,-0.889279,0.563494,-0.000000
2318,57.060000,3,-0.889279,0.563494,-0.000000
2319,57.080000,3,-0.889279,0.563494,-0.000000
2320,57.100000,3,-0.889279,0.563494,-0.000000
2321,57.120000,3,-0.889279,0.563494,-0.000000
2322,57.140000,3,-0.889279,0.563494,-0.000000
2323,57.160000,3,-0.889279,0.563494,-0.000000
2324,57.180000,3,-0.889279,0.563494,-0.000000
2325,57.200000,3,-0.889279,0.563494,-0.000000
2326,57.220000,3,-0.889279,0.563494,-0.000000
2327,57.240000,3,-0.889279,0.563494,-0.000000
2328,57.260000,3,-0.889279,0.563494,-0.000000
2329,57.280000,3,-0.888668,0.564562,-0.000000
2330,57.300000,3,-0.886227,0.568407,-0.000000
2331,57.320000,3,-0.885403,0.569567,-0.000000
2332,57.340000,3,-0.884732,0.570696,-0.000000
2333,57.360000,3,-0.884243,0.571551,-0.000000
2334,57.380000,3,-0.883877,0.572100,-0.000000
2335,57.400000,3,-0.883297,0.572924,-0.000000
2336,57.420000,3,-0.883145,0.573229,-0.000000
2337,57.440000,3,-0.883145,0.573168,-0.000000
2338,57.460000,3,-0.883145,0.573168,-0.000000
2339,57.480000,3,-0.883145,0.573168,-0.000000
2340,57.500000,3,-0.882962,0.573534,-0.000000
2341,57.520000,3,-0.882839,0.573656,-0.000000
2342,57.540000,3,-0.882839,0.573565,-0.000000
2343,57.560000,3,-0.882839,0.573565,-0.000000
2344,57.580000,3,-0.882839,0.573382,-0.000000
2345,57.600000,3,-0.882992,0.573199,-0.000000
2346,57.620000,3,-0.888180,0.565264,-0.000000
2347,57.640000,3,-0.912839,0.524674,-0.000000
2348,57.660000,3,-0.948943,0.456374,-0.000000
2349,57.680000,3,-0.990051,0.359203,-0.000000
2350,57.700000,3,-1.000000,0.215583,-0.000000
2351,57.720000,3,-1.000000,0.078494,-0.000000
2352,57.740000,3,-1.000000,-0.009888,-0.000000
2353,57.760000,3,-1.000000,-0.083804,-0.000000
2354,57.780000,3,-1.000000,-0.154637,-0.000000
2355,57.800000,3,-1.000000,-0.187811,-0.000000
2356,57.820000,3,-1.000000,-0.223853,-0.000000
2357,57.840000,3,-1.000000,-0.241890,-0.000000
2358,57.860000,3,-1.000000,-0.245430,-0.000000
2359,57.880000,3,-1.000000,-0.247230,-0.000000
2360,57.900000,3,-1.000000,-0.255898,-0.000000
2361,57.920000,3,-1.000000,-0.265114,-0.000000
2362,57.940000,3,-1.000000,-0.270150,-0.000000
2363,57.960000,3,-1.000000,-0.271523,-0.000000
2364,57.980000,3,-1.000000,-0.272683,-0.000000
2365,58.000000,3,-1.000000,-0.272835,-0.000000
2366,58.020000,3,-1.000000,-0.272835,-0.000000
2367,58.040000,3,-1.000000,-0.272835,-0.000000
2368,58.060000,3,-1.000000,-0.272744,-0.000000
2369,58.080000,3,-1.000000,-0.272744,-0.000000
2370,58.100000,3,-1.000000,-0.272073,-0.000000
2371,58.120000,3,-1.000000,-0.271889,-0.000000
2372,58.140000,3,-1.000000,-0.271401,-0.000000
2373,58.160000,3,-1.000000,-0.269326,-0.000000
2374,58.180000,3,-1.000000,-0.266579,-0.000000
2375,58.200000,3,-1.000000,-0.264870,-0.000000
2376,58.220000,3,-1.000000,-0.261971,-0.000000
2377,58.240000,3,-1.000000,-0.255593,-0.000000
2378,58.260000,3,-1.000000,-0.250649,-0.000000
2379,58.280000,3,-1.000000,-0.249672,-0.000000
2380,58.300000,3,-1.000000,-0.249458,-0.000000
2381,58.320000,3,-1.000000,-0.249153,-0.000000
2382,58.340000,3,-1.000000,-0.248238,-0.000000
2383,58.360000,3,-1.000000,-0.248024,-0.000000
2384,58.380000,3,-1.000000,-0.248024,-0.000000
2385,58.400000,3,-1.000000,-0.248238,-0.000000
2386,58.420000,3,-1.000000,-0.248238,-0.000000
2387,58.440000,3,-1.000000,-0.249367,-0.000000
2388,58.460000,3,-0.949004,-0.214179,-0.000000
2389,58.480000,3,-0.750603,-0.121464,-0.000000
2390,58.500000,3,-0.580920,-0.064913,-0.000000
2391,58.520000,3,-0.173467,-0.025056,-0.000000
2392,58.540000,3,-0.000000,-0.000000,-0.000000
2393,58.560000,3,-0.000000,-0.000000,-0.000000
2394,58.580000,3,-0.000000,-0.000000,-0.000000
2395,58.600000,3,-0.000000,-0.000000,-0.000000
2396,58.620000,3,-0.000000,-0.000000,-0.000000
2397,58.640000,3,-0.000000,-0.000000,-0.000000
2398,58.660000,3,-0.000000,-0.000000,-0.000000
2399,58.680000,3,-0.000000,-0.000000,-0.000000
2400,58.700000,3,-0.000000,-0.000000,-0.000000
2401,58.720000,3,-0.000000,-0.000000,-0.000000
2402,58.740000,3,-0.000000,-0.000000,-0.000000
2403,58.760000,3,-0.000000,-0.000000,-0.000000
2404,58.780000,3,-0.000000,-0.000000,-0.000000
2405,58.800000,3,0.126743,-0.055605,-0.000000
2406,58.820000,3,0.314127,-0.138401,-0.000000
2407,58.840000,3,0.500687,-0.219703,-0.000000
2408,58.860000,3,0.687033,-0.274545,-0.000000
2409,58.880000,3,0.841151,-0.297800,-0.000000
2410,58.900000,3,0.945128,-0.309824,-0.000000
2411,58.920000,3,1.000000,-0.324015,-0.000000
2412,58.940000,3,0.997101,-0.339488,-0.000000
2413,58.960000,3,0.992615,-0.352336,-0.000000
2414,58.980000,3,0.988769,-0.362926,-0.000000
2415,59.000000,3,0.987671,-0.366100,-0.000000
2416,59.020000,3,0.987182,-0.367534,-0.000000
2417,59.040000,3,0.987121,-0.367656,-0.000000
2418,59.060000,3,0.986908,-0.368145,-0.000000
2419,59.080000,3,0.986908,-0.368297,-0.000000
2420,59.100000,3,0.986755,-0.368633,-0.000000
2421,59.120000,3,0.986541,-0.369060,-0.000000
2422,59.140000,3,0.986541,-0.369060,-0.000000
2423,59.160000,3,0.986541,-0.369182,-0.000000
2424,59.180000,3,0.986541,-0.369182,-0.000000
2425,59.200000,3,0.986541,-0.369182,-0.000000
2426,59.220000,3,0.986541,-0.369182,-0.000000
2427,59.240000,3,0.986541,-0.369091,-0.000000
2428,59.260000,3,0.986541,-0.369091,-0.000000
2429,59.280000,3,0.986541,-0.368847,-0.000000
2430,59.300000,3,0.986541,-0.368786,-0.000000
2431,59.320000,3,0.986541,-0.368786,-0.000000
2432,59.340000,3,0.986541,-0.368786,-0.000000
2433,59.360000,3,0.986541,-0.368786,-0.000000
2434,59.380000,3,0.986541,-0.368786,-0.000000
2435,59.400000,3,0.986541,-0.368786,-0.000000
2436,59.420000,3,0.986541,-0.368542,-0.000000
2437,59.440000,3,0.986541,-0.368542,-0.000000
2438,59.460000,3,0.986602,-0.368328,-0.000000
2439,59.480000,3,0.986785,-0.367901,-0.000000
2440,59.500000,3,0.986969,-0.367321,-0.000000
2441,59.520000,3,0.987426,-0.366100,-0.000000
2442,59.540000,3,0.987610,-0.365642,-0.000000
2443,59.560000,3,0.987732,-0.365246,-0.000000
2444,59.580000,3,0.987732,-0.365246,-0.000000
2445,59.600000,3,0.988617,-0.362987,-0.000000
2446,59.620000,3,0.989807,-0.359294,-0.000000
2447,59.640000,3,0.993316,-0.350414,-0.000000
2448,59.660000,3,0.996124,-0.341533,-0.000000
2449,59.680000,3,0.999084,-0.332804,-0.000000
2450,59.700000,3,1.000000,-0.323618,-0.000000
2451,59.720000,3,1.000000,-0.315958,-0.000000
2452,59.740000,3,1.000000,-0.313334,-0.000000
2453,59.760000,3,1.000000,-0.311930,-0.000000
2454,59.780000,3,1.000000,-0.311838,-0.000000
2455,59.800000,3,1.000000,-0.311228,-0.000000
2456,59.820000,3,1.000000,-0.311136,-0.000000
2457,59.840000,3,1.000000,-0.311136,-0.000000
2458,59.860000,3,1.000000,-0.311319,-0.000000
2459,59.880000,3,1.000000,-0.311228,-0.000000
2460,59.900000,3,1.000000,-0.311014,-0.000000
2461,59.920000,3,1.000000,-0.311014,-0.000000
2462,59.940000,3,1.000000,-0.310282,-0.000000
2463,59.960000,3,1.000000,-0.310282,-0.000000
2464,59.980000,3,1.000000,-0.310282,-0.000000
2465,60.000000,3,1.000000,-0.306742,-0.000000
2466,60.020000,3,1.000000,-0.293893,-0.000000
2467,60.040000,3,1.000000,-0.277200,-0.000000
2468,60.060000,3,1.000000,-0.271584,-0.000000
2469,60.080000,3,1.000000,-0.268258,-0.000000
2470,60.100000,3,1.000000,-0.258889,-0.000000
2471,60.120000,3,1.000000,-0.245460,-0.000000
2472,60.140000,3,1.000000,-0.230781,-0.000000
2473,60.160000,3,1.000000,-0.218574,-0.000000
2474,60.180000,3,1.000000,-0.212195,-0.000000
2475,60.200000,3,1.000000,-0.210486,-0.000000
2476,60.220000,3,1.000000,-0.207801,-0.000000
2477,60.240000,3,1.000000,-0.207343,0.119755
2478,60.260000,3,1.000000,-0.206366,0.264779
2479,60.280000,3,1.000000,-0.205329,0.375423
2480,60.300000,3,1.000000,-0.204443,0.421201
2481,60.320000,3,1.000000,-0.199530,0.435987
2482,60.340000,3,1.000000,-0.187353,0.440931
2483,60.360000,3,1.000000,-0.177984,0.442991
2484,60.380000,3,1.000000,-0.174688,0.444044
2485,60.400000,3,1.000000,-0.176244,0.446745
2486,60.420000,3,0.989349,-0.176336,0.446608
2487,60.440000,3,0.905026,-0.173956,0.446608
2488,60.460000,3,0.424665,-0.135258,0.424085
2489,60.480000,3,-0.000000,-0.000000,0.229850
2490,60.500000,3,-0.000000,-0.000000,0.001328
2491,60.520000,3,-0.000000,-0.000000,-0.000000
2492,60.540000,3,-0.000000,-0.000000,-0.000000
2493,60.560000,3,-0.000000,-0.000000,-0.000000
2494,60.580000,3,-0.000000,-0.000000,-0.000000
2495,60.600000,3,-0.000000,-0.000000,-0.000000
2496,60.620000,3,-0.000000,-0.000000,-0.000000
2497,60.640000,3,-0.000000,-0.000000,-0.000000
2498,60.660000,3,-0.000000,-0.000000,-0.000000
2499,60.680000,3,-0.000000,-0.000000,-0.000000
2500,60.700000,3,-0.000000,-0.000000,-0.000000
2501,60.720000,3,-0.000000,-0.000000,-0.000000
2502,60.740000,3,-0.009827,0.016144,-0.000000
2503,60.760000,3,-0.106296,0.171087,-0.000000
2504,60.780000,3,-0.329325,0.420057,-0.000000
2505,60.800000,3,-0.561205,0.569201,-0.000000
2506,60.820000,3,-0.820124,0.631886,-0.000000
2507,60.840000,3,-0.854732,0.614612,-0.000000
2508,60.860000,3,-0.857173,0.611103,-0.000000
2509,60.880000,3,-0.857845,0.610218,-0.000000
2510,60.900000,3,-0.861202,0.605487,-0.000000
2511,60.920000,3,-0.862850,0.602954,-0.000000
2512,60.940000,3,-0.863491,0.602252,-0.000000
2513,60.960000,3,-0.863796,0.601794,-0.000000
2514,60.980000,3,-0.863796,0.601703,-0.000000
2515,61.000000,3,-0.863796,0.601703,-0.000000
2516,61.020000,3,-0.863796,0.601703,-0.000000
2517,61.040000,3,-0.863796,0.601703,-0.000000
2518,61.060000,3,-0.863796,0.601703,-0.000000
2519,61.080000,3,-0.863857,0.601703,-0.000000
2520,61.100000,3,-0.863857,0.601703,-0.000000
2521,61.120000,3,-0.863857,0.601703,-0.000000
2522,61.140000,3,-0.863857,0.601825,-0.000000
2523,61.160000,3,-0.863857,0.601825,-0.000000
2524,61.180000,3,-0.863857,0.601825,-0.000000
2525,61.200000,3,-0.863857,0.601825,-0.000000
2526,61.220000,3,-0.863765,0.601947,-0.000000
2527,61.240000,3,-0.863765,0.601794,-0.000000
2528,61.260000,3,-0.863826,0.601703,-0.000000
2529,61.280000,3,-0.863826,0.601703,-0.000000
2530,61.300000,3,-0.864284,0.601062,-0.000000
2531,61.320000,3,-0.864345,0.600971,-0.000000
2532,61.340000,3,-0.864345,0.600971,-0.000000
2533,61.360000,3,-0.864345,0.601154,-0.000000
2534,61.380000,3,-0.864284,0.601154,-0.000000
2535,61.400000,3,-0.864284,0.601154,-0.000000
2536,61.420000,3,-0.864284,0.601154,-0.000000
2537,61.440000,3,-0.864284,0.601154,-0.000000
2538,61.460000,3,-0.864284,0.601154,-0.000000
2539,61.480000,3,-0.864284,0.601154,-0.000000
2540,61.500000,3,-0.864284,0.601093,-0.000000
2541,61.520000,3,-0.864284,0.601093,-0.000000
2542,61.540000,3,-0.864284,0.601093,-0.000000
2543,61.560000,3,-0.864284,0.601093,-0.000000
2544,61.580000,3,-0.864193,0.601337,-0.000000
2545,61.600000,3,-0.864193,0.601337,-0.000000
2546,61.620000,3,-0.864193,0.601337,-0.000000
2547,61.640000,3,-0.864193,0.601337,-0.000000
2548,61.660000,3,-0.864254,0.601123,-0.000000
2549,61.680000,3,-0.864254,0.601123,-0.000000
2550,61.700000,3,-0.864254,0.601123,-0.000000
2551,61.720000,3,-0.864254,0.601123,-0.000000
2552,61.740000,3,-0.864254,0.601123,-0.000000
2553,61.760000,3,-0.864254,0.601123,-0.000000
2554,61.780000,3,-0.864254,0.601123,-0.000000
2555,61.800000,3,-0.864254,0.601123,-0.000000
2556,61.820000,3,-0.864254,0.601123,-0.000000
2557,61.840000,3,-0.864254,0.601123,-0.000000
2558,61.860000,3,-0.864254,0.601123,-0.000000
2559,61.880000,3,-0.864254,0.601123,-0.000000
2560,61.900000,3,-0.864254,0.601123,-0.000000
2561,61.920000,3,-0.864254,0.601123,-0.000000
2562,61.940000,3,-0.864772,0.600238,-0.000000
2563,61.960000,3,-0.865169,0.599750,-0.000000
2564,61.980000,3,-0.865322,0.599536,-0.000000
2565,62.000000,3,-0.866909,0.597278,-0.000000
2566,62.020000,3,-0.870327,0.591998,-0.000000
2567,62.040000,3,-0.880764,0.576769,-0.000000
2568,62.060000,3,-0.886593,0.567736,-0.000000
2569,62.080000,3,-0.890378,0.561785,-0.000000
2570,62.100000,3,-0.899930,0.546434,-0.000000
2571,62.120000,3,-0.905087,0.537889,-0.000000
2572,62.140000,3,-0.909574,0.530259,-0.000000
2573,62.160000,3,-0.921049,0.510147,-0.000000
2574,62.180000,3,-0.932096,0.489731,-0.000000
2575,62.200000,3,-0.936216,0.481887,-0.000000
2576,62.220000,3,-0.940886,0.472640,-0.000000
2577,62.240000,3,-0.952818,0.448225,-0.000000
2578,62.260000,3,-0.965270,0.420972,-0.000000
2579,62.280000,3,-0.974975,0.398053,-0.000000
2580,62.300000,3,-0.980956,0.383221,-0.000000
2581,62.320000,3,-0.985717,0.370830,-0.000000
2582,62.340000,3,-0.998260,0.335856,-0.000000
2583,62.360000,3,-1.000000,0.315683,-0.000000
2584,62.380000,3,-1.000000,0.300119,-0.000000
2585,62.400000,3,-1.000000,0.293863,-0.000000
2586,62.420000,3,-1.000000,0.283151,-0.000000
2587,62.440000,3,-1.000000,0.268166,-0.000000
2588,62.460000,3,-1.000000,0.246773,-0.000000
2589,62.480000,3,-1.000000,0.223487,-0.000000
2590,62.500000,3,-1.000000,0.187414,-0.000000
2591,62.520000,3,-1.000000,0.157201,-0.000000
2592,62.540000,3,-1.000000,0.127628,-0.000000
2593,62.560000,3,-1.000000,0.105136,-0.000000
2594,62.580000,3,-1.000000,0.068117,-0.000000
2595,62.600000,3,-1.000000,-0.000519,-0.000000
2596,62.620000,3,-1.000000,-0.056978,-0.000000
2597,62.640000,3,-1.000000,-0.094729,-0.000000
2598,62.660000,3,-1.000000,-0.129917,-0.000000
2599,62.680000,3,-1.000000,-0.149907,-0.000000
2600,62.700000,3,-1.000000,-0.206549,-0.000000
2601,62.720000,3,-1.000000,-0.264046,-0.000000
2602,62.740000,3,-1.000000,-0.306406,-0.000000
2603,62.760000,3,-0.991089,-0.356273,-0.000000
2604,62.780000,3,-0.980071,-0.385327,-0.000000
2605,62.800000,3,-0.971435,-0.406537,-0.000000
2606,62.820000,3,-0.964415,-0.422834,-0.000000
2607,62.840000,3,-0.948546,-0.457137,-0.000000
2608,62.860000,3,-0.935331,-0.483535,-0.000000
2609,62.880000,3,-0.918393,-0.514878,-0.000000
2610,62.900000,3,-0.898160,-0.549303,-0.000000
2611,62.920000,3,-0.885739,-0.569048,-0.000000
2612,62.940000,3,-0.880947,-0.576861,-0.000000
2613,62.960000,3,-0.879482,-0.578967,-0.000000
2614,62.980000,3,-0.878384,-0.580309,-0.000000
2615,63.000000,3,-0.874752,-0.585742,-0.000000
2616,63.020000,3,-0.863826,-0.601794,-0.000000
2617,63.040000,3,-0.858180,-0.609729,-0.000000
2618,63.060000,3,-0.857082,-0.611255,-0.000000
2619,63.080000,3,-0.856319,-0.612445,-0.000000
2620,63.100000,3,-0.845393,-0.627338,-0.000000
2621,63.120000,3,-0.764824,-0.631855,-0.000000
2622,63.140000,3,-0.177740,-0.151341,-0.000000
2623,63.160000,3,-0.000000,-0.000000,-0.000000
2624,63.180000,3,-0.000000,-0.000000,-0.000000
2625,63.200000,3,-0.000000,-0.000000,-0.000000
2626,63.220000,3,-0.000000,-0.000000,-0.000000
2627,63.240000,3,-0.000000,-0.000000,-0.000000
2628,63.260000,3,-0.000000,-0.000000,-0.000000
2629,63.280000,3,-0.000000,-0.000000,-0.000000
2630,63.300000,3,0.052797,-0.005188,-0.000000
2631,63.320000,3,0.359722,-0.025056,-0.000000
2632,63.340000,3,0.738639,-0.040742,-0.000000
2633,63.360000,3,1.000000,-0.120823,-0.000000
2634,63.380000,3,1.000000,-0.236427,-0.000000
2635,63.400000,3,1.000000,-0.317606,-0.000000
2636,63.420000,3,0.989196,-0.361766,-0.000000
2637,63.440000,3,0.984863,-0.374065,-0.000000
2638,63.460000,3,0.983886,-0.376019,-0.000000
2639,63.480000,3,0.983734,-0.376568,-0.000000
2640,63.500000,3,0.983581,-0.376904,-0.000000
2641,63.520000,3,0.983581,-0.377026,-0.000000
2642,63.540000,3,0.983581,-0.377026,-0.000000
2643,63.560000,3,0.983581,-0.377026,-0.000000
2644,63.580000,3,0.983581,-0.376843,-0.000000
2645,63.600000,3,0.983581,-0.376904,-0.000000
2646,63.620000,3,0.983581,-0.376690,-0.000000
2647,63.640000,3,0.983490,-0.377117,-0.000000
2648,63.660000,3,0.983490,-0.377178,-0.000000
2649,63.680000,3,0.983978,-0.374981,-0.000000
2650,63.700000,3,0.990539,-0.358043,-0.000000
2651,63.720000,3,0.997986,-0.336924,-0.000000
2652,63.740000,3,1.000000,-0.326273,-0.000000
2653,63.760000,3,1.000000,-0.320200,-0.000000
2654,63.780000,3,1.000000,-0.315317,-0.000000
2655,63.800000,3,1.000000,-0.310800,-0.000000
2656,63.820000,3,1.000000,-0.302377,-0.000000
2657,63.840000,3,1.000000,-0.294900,-0.000000
2658,63.860000,3,1.000000,-0.284555,-0.000000
2659,63.880000,3,1.000000,-0.279275,-0.000000
2660,63.900000,3,1.000000,-0.272378,-0.000000
2661,63.920000,3,1.000000,-0.268868,-0.000000
2662,63.940000,3,1.000000,-0.265999,-0.000000
2663,63.960000,3,1.000000,-0.263558,-0.000000
2664,63.980000,3,1.000000,-0.262154,-0.000000
2665,64.000000,3,1.000000,-0.261422,-0.000000
2666,64.020000,3,1.000000,-0.261086,-0.000000
2667,64.040000,3,1.000000,-0.260781,-0.000000
2668,64.060000,3,1.000000,-0.260353,-0.000000
2669,64.080000,3,1.000000,-0.259438,0.004028
2670,64.100000,3,1.000000,-0.257454,0.082629
2671,64.120000,3,1.000000,-0.246376,0.177297
2672,64.140000,3,1.000000,-0.229682,0.257729
2673,64.160000,3,1.000000,-0.220038,0.339854
2674,64.180000,3,1.000000,-0.216468,0.401517
2675,64.200000,3,1.000000,-0.212500,0.426511
2676,64.220000,3,1.000000,-0.199713,0.491836
2677,64.240000,3,1.000000,-0.188635,0.557802
2678,64.260000,3,1.000000,-0.183569,0.646016
2679,64.280000,3,1.000000,-0.183111,0.699988
2680,64.300000,3,1.000000,-0.182501,0.749382
2681,64.320000,3,1.000000,-0.181738,0.779733
2682,64.340000,3,1.000000,-0.181585,0.789026
2683,64.360000,3,1.000000,-0.181585,0.791269
2684,64.380000,3,1.000000,-0.181585,0.792917
2685,64.400000,3,1.000000,-0.181585,0.793100
2686,64.420000,3,1.000000,-0.181585,0.793878
2687,64.440000,3,1.000000,-0.181585,0.794565
2688,64.460000,3,1.000000,-0.181585,0.794153
2689,64.480000,3,1.000000,-0.181585,0.793970
2690,64.500000,3,1.000000,-0.181585,0.794519
2691,64.520000,3,1.000000,-0.181585,0.794519
2692,64.540000,3,1.000000,-0.181585,0.794015
2693,64.560000,3,1.000000,-0.181585,0.793878
2694,64.580000,3,1.000000,-0.181585,0.794381
2695,64.600000,3,1.000000,-0.181585,0.794565
2696,64.620000,3,1.000000,-0.181585,0.786370
2697,64.640000,3,1.000000,-0.181585,0.688681
2698,64.660000,3,1.000000,-0.181585,0.507401
2699,64.680000,3,1.000000,-0.181585,0.251228
2700,64.700000,3,1.000000,-0.181585,-0.000000
2701,64.720000,3,1.000000,-0.181585,-0.000000
2702,64.740000,3,1.000000,-0.181585,-0.000000
2703,64.760000,3,1.000000,-0.181585,-0.000000
2704,64.780000,3,1.000000,-0.181585,-0.000000
2705,64.800000,3,1.000000,-0.181585,-0.000000
2706,64.820000,3,1.000000,-0.181585,-0.000000
2707,64.840000,3,1.000000,-0.181585,-0.000000
2708,64.860000,3,1.000000,-0.181585,-0.000000
2709,64.880000,3,1.000000,-0.181585,-0.000000
2710,64.900000,3,1.000000,-0.181585,-0.000000
2711,64.920000,3,1.000000,-0.183050,-0.000000
2712,64.940000,3,1.000000,-0.183660,-0.000000
2713,64.960000,3,1.000000,-0.184118,-0.000000
2714,64.980000,3,1.000000,-0.184118,-0.000000
2715,65.000000,3,1.000000,-0.183844,-0.000000
2716,65.020000,3,1.000000,-0.183844,-0.000000
2717,65.040000,3,1.000000,-0.183935,-0.000000
2718,65.060000,3,1.000000,-0.184149,-0.000000
2719,65.080000,3,1.000000,-0.184149,-0.000000
2720,65.100000,3,1.000000,-0.183996,-0.000000
2721,65.120000,3,1.000000,-0.183996,-0.000000
2722,65.140000,3,1.000000,-0.183996,-0.000000
2723,65.160000,3,1.000000,-0.183996,-0.000000
2724,65.180000,3,1.000000,-0.183996,-0.000000
2725,65.200000,3,1.000000,-0.183996,-0.000000
2726,65.220000,3,1.000000,-0.188025,-0.000000
2727,65.240000,3,0.670827,-0.177160,-0.000000
2728,65.260000,3,-0.000000,-0.000000,-0.000000
2729,65.280000,3,-0.000000,-0.000000,-0.000000
2730,65.300000,3,-0.000000,-0.000000,-0.000000
2731,65.320000,3,-0.000000,-0.000000,-0.000000
2732,65.340000,3,-0.000000,-0.000000,-0.000000
2733,65.360000,3,-0.000000,-0.000000,-0.000000
2734,65.380000,3,-0.000000,-0.000000,-0.000000
2735,65.400000,3,-0.000000,-0.000000,-0.000000
2736,65.420000,3,-0.000000,-0.000000,-0.000000
2737,65.440000,3,-0.000000,-0.000000,-0.000000
2738,65.460000,3,-0.144383,0.044832,-0.000000
2739,65.480000,3,-0.388531,0.130741,-0.000000
2740,65.500000,3,-0.598895,0.221229,-0.000000
2741,65.520000,3,-0.787164,0.275063,-0.000000
2742,65.540000,3,-0.936766,0.294717,-0.000000
2743,65.560000,3,-1.000000,0.295480,-0.000000
2744,65.580000,3,-1.000000,0.295633,-0.000000
2745,65.600000,3,-1.000000,0.295999,-0.000000
2746,65.620000,3,-1.000000,0.296701,-0.000000
2747,65.640000,3,-1.000000,0.296762,-0.000000
2748,65.660000,3,-1.000000,0.296762,-0.000000
2749,65.680000,3,-1.000000,0.296670,-0.000000
2750,65.700000,3,-1.000000,0.296091,-0.000000
2751,65.720000,3,-1.000000,0.296518,-0.000000
2752,65.740000,3,-1.000000,0.296640,-0.000000
2753,65.760000,3,-1.000000,0.296548,-0.000000
2754,65.780000,3,-1.000000,0.296548,-0.000000
2755,65.800000,3,-1.000000,0.296396,-0.000000
2756,65.820000,3,-1.000000,0.296335,-0.000000
2757,65.840000,3,-1.000000,0.296335,-0.000000
2758,65.860000,3,-1.000000,0.295969,-0.000000
2759,65.880000,3,-1.000000,0.295969,-0.000000
2760,65.900000,3,-1.000000,0.295969,-0.000000
2761,65.920000,3,-1.000000,0.295969,-0.000000
2762,65.940000,3,-1.000000,0.295969,-0.000000
2763,65.960000,3,-1.000000,0.295969,-0.000000
2764,65.980000,3,-1.000000,0.295969,-0.000000
2765,66.000000,3,-1.000000,0.295969,-0.000000
2766,66.020000,3,-1.000000,0.295969,-0.000000
2767,66.040000,3,-1.000000,0.295969,-0.000000
2768,66.060000,3,-1.000000,0.295969,-0.000000
2769,66.080000,3,-1.000000,0.295907,-0.000000
2770,66.100000,3,-1.000000,0.295907,-0.000000
2771,66.120000,3,-1.000000,0.295907,-0.000000
2772,66.140000,3,-1.000000,0.295907,-0.000000
2773,66.160000,3,-1.000000,0.293466,-0.000000
2774,66.180000,3,-1.000000,0.293100,-0.000000
2775,66.200000,3,-1.000000,0.293100,-0.000000
2776,66.220000,3,-1.000000,0.293100,-0.000000
2777,66.240000,3,-1.000000,0.293100,-0.000000
2778,66.260000,3,-1.000000,0.292489,-0.000000
2779,66.280000,3,-1.000000,0.292611,-0.000000
2780,66.300000,3,-1.000000,0.292520,-0.000000
2781,66.320000,3,-1.000000,0.292520,-0.000000
2782,66.340000,3,-1.000000,0.290506,-0.000000
2783,66.360000,3,-1.000000,0.279519,-0.000000
2784,66.380000,3,-1.000000,0.268960,-0.000000
2785,66.400000,3,-1.000000,0.261177,-0.000000
2786,66.420000,3,-1.000000,0.232551,-0.000000
2787,66.440000,3,-1.000000,0.189032,-0.000000
2788,66.460000,3,-1.000000,0.150090,-0.000000
2789,66.480000,3,-0.955626,0.117527,-0.000000
2790,66.500000,3,-0.885556,0.099948,-0.000000
2791,66.520000,3,-0.839106,0.093387,-0.000000
2792,66.540000,3,-0.819880,0.091037,-0.000000
2793,66.560000,3,-0.812616,0.090548,-0.000000
2794,66.580000,3,-0.802545,0.089572,-0.000000
2795,66.600000,3,-0.794244,0.088809,-0.000000
2796,66.620000,3,-0.786065,0.088534,-0.000000
2797,66.640000,3,-0.764946,0.088595,-0.000000
2798,66.660000,3,-0.732475,0.087466,-0.000000
2799,66.680000,3,-0.706717,0.086978,-0.000000
2800,66.700000,3,-0.665548,0.086032,-0.000000
2801,66.720000,3,-0.610248,0.084628,-0.000000
2802,66.740000,3,-0.534806,0.082217,-0.000000
2803,66.760000,3,-0.030732,0.003143,-0.000000
2804,66.780000,3,-0.000000,-0.000000,-0.000000
2805,66.800000,3,-0.000000,-0.000000,-0.000000
2806,66.820000,3,-0.000000,-0.000000,-0.000000
2807,66.840000,3,-0.000000,-0.000000,-0.000000
2808,66.860000,3,-0.000000,-0.000000,-0.000000
2809,66.880000,3,-0.000000,-0.000000,-0.000000
2810,66.900000,3,-0.000000,-0.000000,-0.000000
2811,66.920000,3,-0.000000,-0.000000,-0.000000
2812,66.940000,3,-0.000000,-0.000000,-0.000000
2813,66.960000,3,-0.000000,-0.000000,-0.000000
2814,66.980000,3,-0.000000,-0.000000,-0.000000
2815,67.000000,3,-0.000000,-0.000000,-0.000000
2816,67.020000,3,-0.000000,-0.000000,-0.000000
2817,67.040000,3,-0.000000,-0.000000,-0.000000
2818,67.060000,3,-0.000000,-0.000000,-0.000000
2819,67.080000,3,-0.000000,-0.000000,-0.000000
2820,67.100000,3,-0.000000,-0.000000,-0.000000
2821,67.120000,3,-0.000000,-0.000000,-0.000000
2822,67.140000,3,-0.000000,-0.000000,-0.000000
2823,67.160000,3,-0.000000,-0.000000,-0.000000
2824,67.180000,3,-0.000000,-0.000000,-0.000000
2825,67.200000,3,-0.000000,-0.000000,-0.000000
2826,67.220000,3,-0.000000,-0.000000,-0.000000
2827,67.240000,3,-0.000000,-0.000000,-0.000000
2828,67.260000,3,-0.000000,-0.000000,-0.000000
2829,67.280000,3,-0.000000,-0.000000,-0.000000
2830,67.300000,3,0.044069,-0.004822,-0.000000
2831,67.320000,3,0.142064,-0.033845,-0.000000
2832,67.340000,3,0.282235,-0.091464,-0.000000
2833,67.360000,3,0.362072,-0.119633,-0.000000
2834,67.380000,3,0.441145,-0.131016,-0.000000
2835,67.400000,3,0.518876,-0.136570,-0.000000
2836,67.420000,3,0.603687,-0.140660,-0.000000
2837,67.440000,3,0.712180,-0.144780,-0.000000
2838,67.460000,3,0.784906,-0.146702,-0.000000
2839,67.480000,3,0.806085,-0.147740,-0.000000
2840,67.500000,3,0.809503,-0.152806,-0.000000
2841,67.520000,3,0.814386,-0.155248,-0.000000
2842,67.540000,3,0.819605,-0.156316,-0.000000
2843,67.560000,3,0.839625,-0.158361,-0.000000
2844,67.580000,3,0.889492,-0.160405,-0.000000
2845,67.600000,3,0.941588,-0.161290,-0.000000
2846,67.620000,3,1.000000,-0.163671,-0.000000
2847,67.640000,3,1.000000,-0.164586,-0.000000
2848,67.660000,3,1.000000,-0.164373,-0.000000
2849,67.680000,3,1.000000,-0.164586,-0.000000
2850,67.700000,3,1.000000,-0.164647,-0.000000
2851,67.720000,3,1.000000,-0.168615,-0.000000
2852,67.740000,3,1.000000,-0.176580,-0.000000
2853,67.760000,3,1.000000,-0.182531,-0.000000
2854,67.780000,3,1.000000,-0.191107,-0.000000
2855,67.800000,3,1.000000,-0.195990,-0.000000
2856,67.820000,3,1.000000,-0.196570,-0.000000
2857,67.840000,3,1.000000,-0.197546,-0.000000
2858,67.860000,3,1.000000,-0.200110,-0.000000
2859,67.880000,3,1.000000,-0.200751,-0.000000
2860,67.900000,3,1.000000,-0.202124,-0.000000
2861,67.920000,3,1.000000,-0.203803,-0.000000
2862,67.940000,3,1.000000,-0.211615,-0.000000
2863,67.960000,3,1.000000,-0.216254,-0.000000
2864,67.980000,3,1.000000,-0.220374,-0.000000
2865,68.000000,3,1.000000,-0.223334,-0.000000
2866,68.020000,3,1.000000,-0.225745,-0.000000
2867,68.040000,3,1.000000,-0.228584,-0.000000
2868,68.060000,3,1.000000,-0.230415,-0.000000
2869,68.080000,3,1.000000,-0.232429,-0.000000
2870,68.100000,3,1.000000,-0.235694,-0.000000
2871,68.120000,3,1.000000,-0.238350,-0.000000
2872,68.140000,3,1.000000,-0.238716,-0.000000
2873,68.160000,3,1.000000,-0.239265,-0.000000
2874,68.180000,3,1.000000,-0.239387,-0.000000
2875,68.200000,3,1.000000,-0.239509,-0.000000
2876,68.220000,3,1.000000,-0.239509,-0.000000
2877,68.240000,3,1.000000,-0.239357,-0.000000
2878,68.260000,3,1.000000,-0.239204,-0.000000
2879,68.280000,3,1.000000,-0.239204,-0.000000
2880,68.300000,3,1.000000,-0.239479,-0.000000
2881,68.320000,3,1.000000,-0.239479,-0.000000
2882,68.340000,3,1.000000,-0.239479,-0.000000
2883,68.360000,3,1.000000,-0.239479,-0.000000
2884,68.380000,3,1.000000,-0.239479,-0.000000
2885,68.400000,3,1.000000,-0.239479,-0.000000
2886,68.420000,3,1.000000,-0.239479,-0.000000
2887,68.440000,3,1.000000,-0.239479,-0.000000
2888,68.460000,3,1.000000,-0.239479,-0.000000
2889,68.480000,3,1.000000,-0.239479,-0.000000
2890,68.500000,3,1.000000,-0.239479,-0.000000
2891,68.520000,3,1.000000,-0.239479,-0.000000
2892,68.540000,3,1.000000,-0.239479,-0.000000
2893,68.560000,3,1.000000,-0.239479,-0.000000
2894,68.580000,3,1.000000,-0.239479,-0.000000
2895,68.600000,3,1.000000,-0.239479,-0.000000
2896,68.620000,3,1.000000,-0.239479,-0.000000
2897,68.640000,3,1.000000,-0.239479,-0.000000
2898,68.660000,3,1.000000,-0.239479,-0.000000
2899,68.680000,3,1.000000,-0.239479,-0.000000
2900,68.700000,3,1.000000,-0.239479,-0.000000
2901,68.720000,3,1.000000,-0.239479,-0.000000
2902,68.740000,3,1.000000,-0.239479,-0.000000
2903,68.760000,3,1.000000,-0.239479,-0.000000
2904,68.780000,3,1.000000,-0.239479,-0.000000
2905,68.800000,3,1.000000,-0.239479,-0.000000
2906,68.820000,3,1.000000,-0.239479,-0.000000
2907,68.840000,3,1.000000,-0.239479,-0.000000
2908,68.860000,3,1.000000,-0.239479,-0.000000
2909,68.880000,3,1.000000,-0.239479,-0.000000
2910,68.900000,3,1.000000,-0.239479,-0.000000
2911,68.920000,3,1.000000,-0.239479,-0.000000
2912,68.940000,3,1.000000,-0.239479,-0.000000
2913,68.960000,3,1.000000,-0.239479,-0.000000
2914,68.980000,3,1.000000,-0.239479,-0.000000
2915,69.000000,3,1.000000,-0.239479,-0.000000
2916,69.020000,3,1.000000,-0.239479,-0.000000
2917,69.040000,3,1.000000,-0.239479,-0.000000
2918,69.060000,3,1.000000,-0.239479,-0.000000
2919,69.080000,3,1.000000,-0.239479,-0.000000
2920,69.100000,3,1.000000,-0.239479,-0.000000
2921,69.120000,3,1.000000,-0.239479,-0.000000
2922,69.140000,3,1.000000,-0.239479,-0.000000
2923,69.160000,3,1.000000,-0.239479,-0.000000
2924,69.180000,3,1.000000,-0.239479,-0.000000
2925,69.200000,3,1.000000,-0.239479,-0.000000
2926,69.220000,3,1.000000,-0.239479,-0.000000
2927,69.240000,3,1.000000,-0.239479,-0.000000
2928,69.260000,3,1.000000,-0.239479,-0.000000
2929,69.280000,3,1.000000,-0.239479,-0.000000
2930,69.300000,3,1.000000,-0.239479,-0.000000
2931,69.320000,3,1.000000,-0.239479,-0.000000
2932,69.340000,3,1.000000,-0.239479,-0.000000
2933,69.360000,3,1.000000,-0.239479,-0.000000
2934,69.380000,3,1.000000,-0.239479,-0.000000
2935,69.400000,3,1.000000,-0.239479,-0.000000
2936,69.420000,3,1.000000,-0.239479,-0.000000
2937,69.440000,3,1.000000,-0.239479,-0.000000
2938,69.460000,3,1.000000,-0.239479,-0.000000
2939,69.480000,3,1.000000,-0.239479,-0.000000
2940,69.500000,3,1.000000,-0.239479,-0.000000
2941,69.520000,3,1.000000,-0.239479,-0.000000
2942,69.540000,3,1.000000,-0.239479,-0.000000
2943,69.560000,3,1.000000,-0.239479,-0.000000
2944,69.580000,3,1.000000,-0.239479,-0.000000
2945,69.600000,3,1.000000,-0.239479,-0.000000
2946,69.620000,3,1.000000,-0.239479,-0.000000
2947,69.640000,3,1.000000,-0.239479,-0.000000
2948,69.660000,3,1.000000,-0.239479,-0.000000
2949,69.680000,3,1.000000,-0.239479,-0.000000
2950,69.700000,3,1.000000,-0.239479,-0.000000
2951,69.720000,3,1.000000,-0.239479,-0.000000
2952,69.740000,3,1.000000,-0.239479,-0.000000
2953,69.760000,3,1.000000,-0.239479,-0.000000
2954,69.780000,3,1.000000,-0.239479,-0.000000
2955,69.800000,3,1.000000,-0.239479,-0.000000
2956,69.820000,3,1.000000,-0.239479,-0.000000
2957,69.840000,3,1.000000,-0.239479,-0.000000
2958,69.860000,3,1.000000,-0.239479,-0.000000
2959,69.880000,3,1.000000,-0.239479,-0.000000
2960,69.900000,3,1.000000,-0.239479,-0.001923
2961,69.920000,3,1.000000,-0.239479,-0.003250
2962,69.940000,3,1.000000,-0.239479,-0.004074
2963,69.960000,3,1.000000,-0.239479,-0.004395
2964,69.980000,3,1.000000,-0.239479,-0.005539
2965,70.000000,3,1.000000,-0.239479,-0.010849
2966,70.020000,3,1.000000,-0.239479,-0.013367
2967,70.040000,3,1.000000,-0.239479,-0.015519
2968,70.060000,3,1.000000,-0.239479,-0.017029
2969,70.080000,3,1.000000,-0.239479,-0.018036
2970,70.100000,3,1.000000,-0.239479,-0.018906
2971,70.120000,3,1.000000,-0.239479,-0.059053
2972,70.140000,3,1.000000,-0.239479,-0.142872
2973,70.160000,3,1.000000,-0.239479,-0.207373
2974,70.180000,3,1.000000,-0.239479,-0.236763
2975,70.200000,3,1.000000,-0.239479,-0.246925
2976,70.220000,3,1.000000,-0.239479,-0.252190
2977,70.240000,3,1.000000,-0.239479,-0.255165
2978,70.260000,3,1.000000,-0.239479,-0.256676
2979,70.280000,3,1.000000,-0.239479,-0.259377
2980,70.300000,3,1.000000,-0.239479,-0.260430
2981,70.320000,3,1.000000,-0.239479,-0.261208
2982,70.340000,3,1.000000,-0.239479,-0.261208
2983,70.360000,3,1.000000,-0.239479,-0.262307
2984,70.380000,3,1.000000,-0.239479,-0.262352
2985,70.400000,3,1.000000,-0.239479,-0.262352
2986,70.420000,3,1.000000,-0.239479,-0.262673
2987,70.440000,3,1.000000,-0.239479,-0.262535
2988,70.460000,3,1.000000,-0.239479,-0.262535
2989,70.480000,3,1.000000,-0.239479,-0.262307
2990,70.500000,3,1.000000,-0.239479,-0.262627
2991,70.520000,3,1.000000,-0.239479,-0.262627
2992,70.540000,3,1.000000,-0.239479,-0.262627
2993,70.560000,3,1.000000,-0.239479,-0.262627
2994,70.580000,3,1.000000,-0.239479,-0.262627
2995,70.600000,3,1.000000,-0.239479,-0.262627
2996,70.620000,3,1.000000,-0.239479,-0.262627
2997,70.640000,3,1.000000,-0.239479,-0.252968
2998,70.660000,3,1.000000,-0.239479,-0.204764
2999,70.680000,3,1.000000,-0.239479,-0.107395
3000,70.700000,3,1.000000,-0.239479,-0.016572
3001,70.720000,3,1.000000,-0.239479,-0.000000
3002,70.740000,3,1.000000,-0.239479,-0.000000
3003,70.760000,3,1.000000,-0.239479,-0.000000
3004,70.780000,3,1.000000,-0.239479,-0.000000
3005,70.800000,3,1.000000,-0.239479,-0.000000
3006,70.820000,3,1.000000,-0.239479,-0.000000
3007,70.840000,3,1.000000,-0.239479,-0.000000
3008,70.860000,3,1.000000,-0.239479,-0.000000
3009,70.880000,3,1.000000,-0.239479,-0.000000
3010,70.900000,3,1.000000,-0.239479,-0.000000
3011,70.920000,3,1.000000,-0.239479,-0.000000
3012,70.940000,3,1.000000,-0.239479,-0.000000
3013,70.960000,3,1.000000,-0.239479,0.025910
3014,70.980000,3,1.000000,-0.239479,0.152257
3015,71.000000,3,1.000000,-0.239479,0.283319
3016,71.020000,3,1.000000,-0.239479,0.358623
3017,71.040000,3,1.000000,-0.239479,0.497696
3018,71.060000,3,1.000000,-0.239479,0.645467
3019,71.080000,3,1.000000,-0.239479,0.745537
3020,71.100000,3,1.000000,-0.239479,0.826151
3021,71.120000,3,1.000000,-0.239479,0.866665
3022,71.140000,3,1.000000,-0.239479,0.873897
3023,71.160000,3,1.000000,-0.239479,0.873394
3024,71.180000,3,1.000000,-0.239479,0.872799
3025,71.200000,3,1.000000,-0.239479,0.871471
3026,71.220000,3,1.000000,-0.239479,0.871380
3027,71.240000,3,1.000000,-0.239479,0.869594
3028,71.260000,3,1.000000,-0.239479,0.830317
3029,71.280000,3,1.000000,-0.239479,0.754097
3030,71.300000,3,1.000000,-0.239479,0.557115
3031,71.320000,3,1.000000,-0.239479,0.412412
3032,71.340000,3,1.000000,-0.239479,0.292611
3033,71.360000,3,1.000000,-0.239479,0.217307
3034,71.380000,3,1.000000,-0.239479,0.139393
3035,71.400000,3,1.000000,-0.239479,0.045686
3036,71.420000,3,1.000000,-0.239479,-0.000000
3037,71.440000,3,1.000000,-0.239479,-0.000000
3038,71.460000,3,1.000000,-0.239479,-0.000000
3039,71.480000,3,1.000000,-0.239479,-0.000000
3040,71.500000,3,1.000000,-0.239479,-0.000000
3041,71.520000,3,1.000000,-0.239479,-0.000000
3042,71.540000,3,1.000000,-0.239479,-0.000000
3043,71.560000,3,1.000000,-0.239479,-0.000000
3044,71.580000,3,1.000000,-0.239479,-0.000000
3045,71.600000,3,1.000000,-0.239479,-0.000000
3046,71.620000,3,1.000000,-0.239479,-0.000000
3047,71.640000,3,1.000000,-0.239479,-0.000000
3048,71.660000,3,1.000000,-0.239479,-0.000000
3049,71.680000,3,1.000000,-0.239479,-0.000000
3050,71.700000,3,1.000000,-0.239479,-0.000000
3051,71.720000,3,1.000000,-0.239479,-0.000000
3052,71.740000,3,1.000000,-0.239479,-0.000000
3053,71.760000,3,1.000000,-0.239479,-0.000000
3054,71.780000,3,1.000000,-0.239479,-0.000000
3055,71.800000,3,1.000000,-0.239479,-0.000000
3056,71.820000,3,1.000000,-0.239479,-0.000000
3057,71.840000,3,1.000000,-0.239479,-0.000000
3058,71.860000,3,1.000000,-0.239479,-0.000000
3059,71.880000,3,1.000000,-0.239479,-0.000000
3060,71.900000,3,1.000000,-0.239479,-0.000000
3061,71.920000,3,1.000000,-0.239479,-0.000000
3062,71.940000,3,1.000000,-0.239479,-0.000000
3063,71.960000,3,1.000000,-0.239479,-0.000000
3064,71.980000,3,1.000000,-0.239479,-0.000000
3065,72.000000,3,1.000000,-0.239479,-0.000000
3066,72.020000,3,1.000000,-0.239479,-0.000000
3067,72.040000,3,1.000000,-0.239479,-0.000000
3068,72.060000,3,1.000000,-0.239479,-0.000000
3069,72.080000,3,1.000000,-0.239479,-0.000000
3070,72.100000,3,1.000000,-0.239479,-0.000000
3071,72.120000,3,1.000000,-0.239479,-0.000000
3072,72.140000,3,1.000000,-0.239479,-0.000000
3073,72.160000,3,1.000000,-0.239479,-0.000000
3074,72.180000,3,1.000000,-0.239479,-0.000000
3075,72.200000,3,1.000000,-0.239479,-0.000000
3076,72.220000,3,1.000000,-0.239479,-0.000000
3077,72.240000,3,1.000000,-0.239479,-0.000000
3078,72.260000,3,1.000000,-0.239479,-0.000000
3079,72.280000,3,1.000000,-0.239479,-0.000000
3080,72.300000,3,1.000000,-0.239479,-0.000000
3081,72.320000,3,1.000000,-0.239479,-0.000000
3082,72.340000,3,1.000000,-0.239479,-0.000000
3083,72.360000,3,1.000000,-0.239479,-0.000000
3084,72.380000,3,1.000000,-0.239479,-0.000000
3085,72.400000,3,1.000000,-0.239479,-0.000000
3086,72.420000,3,1.000000,-0.239479,-0.000000
3087,72.440000,3,1.000000,-0.239479,-0.000000
3088,72.460000,3,1.000000,-0.239479,-0.000000
3089,72.480000,3,1.000000,-0.239479,-0.000000
3090,72.500000,3,1.000000,-0.239479,-0.000000
3091,72.520000,3,1.000000,-0.239479,-0.000000
3092,72.540000,3,1.000000,-0.239479,-0.000000
3093,72.560000,3,1.000000,-0.239479,-0.000000
3094,72.580000,3,1.000000,-0.239479,-0.000000
3095,72.600000,3,1.000000,-0.239479,-0.000000
3096,72.620000,3,1.000000,-0.239479,-0.000000
3097,72.640000,3,1.000000,-0.239479,-0.000000
3098,72.660000,3,1.000000,-0.239479,-0.000000
3099,72.680000,3,1.000000,-0.239479,-0.000000
3100,72.700000,3,1.000000,-0.239479,-0.000000
3101,72.720000,3,1.000000,-0.239479,-0.000000
3102,72.740000,3,1.000000,-0.239479,-0.000000
3103,72.760000,3,1.000000,-0.239479,-0.000000
3104,72.780000,3,1.000000,-0.239479,-0.000000
3105,72.800000,3,1.000000,-0.239479,-0.000000
3106,72.820000,3,1.000000,-0.239479,-0.000000
3107,72.840000,3,1.000000,-0.239479,-0.000000
3108,72.860000,3,1.000000,-0.239479,-0.000000
3109,72.880000,3,1.000000,-0.239479,-0.000000
3110,72.900000,3,1.000000,-0.239479,0.057726
3111,72.920000,3,1.000000,-0.239479,0.094577
3112,72.940000,3,1.000000,-0.239479,0.142277
3113,72.960000,3,1.000000,-0.239479,0.225822
3114,72.980000,3,1.000000,-0.239479,0.362514
3115,73.000000,3,1.000000,-0.239479,0.488037
3116,73.020000,3,1.000000,-0.239479,0.576296
3117,73.040000,3,1.000000,-0.239479,0.612735
3118,73.060000,3,1.000000,-0.239479,0.620380
3119,73.080000,3,1.000000,-0.239479,0.620518
3120,73.100000,3,1.000000,-0.239479,0.620518
3121,73.120000,3,1.000000,-0.239479,0.620518
3122,73.140000,3,1.000000,-0.239479,0.619694
3123,73.160000,3,1.000000,-0.239479,0.607791
3124,73.180000,3,1.000000,-0.239479,0.567278
3125,73.200000,3,1.000000,-0.239479,0.452696
3126,73.220000,3,1.000000,-0.239479,0.249763
3127,73.240000,3,1.000000,-0.239479,-0.000000
3128,73.260000,3,1.000000,-0.239479,-0.000000
3129,73.280000,3,1.000000,-0.239479,-0.000000
3130,73.300000,3,1.000000,-0.239479,-0.000000
3131,73.320000,3,1.000000,-0.239479,-0.000000
3132,73.340000,3,1.000000,-0.239479,-0.000000
3133,73.360000,3,1.000000,-0.239479,-0.000000
3134,73.380000,3,1.000000,-0.239479,-0.000000
3135,73.400000,3,1.000000,-0.239479,-0.000000
3136,73.420000,3,1.000000,-0.239479,-0.000000
3137,73.440000,3,1.000000,-0.239479,-0.000000
3138,73.460000,3,1.000000,-0.239479,-0.000000
3139,73.480000,3,1.000000,-0.239479,-0.000000
3140,73.500000,3,1.000000,-0.239479,-0.000000
3141,73.520000,3,1.000000,-0.239479,-0.000000
3142,73.540000,3,1.000000,-0.239479,-0.000000
3143,73.560000,3,1.000000,-0.239479,-0.000000
3144,73.580000,3,1.000000,-0.239479,-0.000000
3145,73.600000,3,1.000000,-0.239479,-0.000000
3146,73.620000,3,1.000000,-0.239479,-0.000000
3147,73.640000,3,1.000000,-0.239479,-0.000000
3148,73.660000,3,1.000000,-0.239479,-0.000000
3149,73.680000,3,1.000000,-0.239479,-0.000000
3150,73.700000,3,1.000000,-0.239479,0.055803
3151,73.720000,3,1.000000,-0.239479,0.118290
3152,73.740000,3,1.000000,-0.239479,0.159536
3153,73.760000,3,1.000000,-0.239479,0.174459
3154,73.780000,3,1.000000,-0.239479,0.175466
3155,73.800000,3,1.000000,-0.239479,0.174368
3156,73.820000,3,1.000000,-0.239479,0.172811
3157,73.840000,3,1.000000,-0.239479,0.172079
3158,73.860000,3,1.000000,-0.239479,0.170614
3159,73.880000,3,1.000000,-0.239479,0.169424
3160,73.900000,3,1.000000,-0.239479,0.168050
3161,73.920000,3,1.000000,-0.239479,0.157979
3162,73.940000,3,1.000000,-0.239479,0.106891
3163,73.960000,3,1.000000,-0.239479,0.046373
3164,73.980000,3,1.000000,-0.239479,0.007462
3165,74.000000,3,1.000000,-0.239479,-0.000000
3166,74.020000,3,1.000000,-0.239479,-0.000000
3167,74.040000,3,1.000000,-0.239479,-0.000000
3168,74.060000,3,1.000000,-0.239479,-0.000000
3169,74.080000,3,1.000000,-0.239479,-0.000000
3170,74.100000,3,1.000000,-0.239479,-0.000000
3171,74.120000,3,1.000000,-0.239479,-0.000000
3172,74.140000,3,1.000000,-0.239479,-0.000000
3173,74.160000,3,1.000000,-0.239479,-0.000000
3174,74.180000,3,1.000000,-0.239479,-0.000000
3175,74.200000,3,1.000000,-0.239479,-0.000000
3176,74.220000,3,1.000000,-0.239479,-0.000000
3177,74.240000,3,1.000000,-0.239479,-0.000000
3178,74.260000,3,1.000000,-0.239479,-0.000000
3179,74.280000,3,1.000000,-0.239479,-0.000000
3180,74.300000,3,1.000000,-0.239479,-0.000000
3181,74.320000,3,1.000000,-0.239479,-0.000000
3182,74.340000,3,1.000000,-0.239479,-0.000000
3183,74.360000,3,1.000000,-0.239479,-0.000000
3184,74.380000,3,1.000000,-0.239479,-0.000000
3185,74.400000,3,1.000000,-0.239479,-0.000000
3186,74.420000,3,1.000000,-0.239479,-0.000000
3187,74.440000,3,1.000000,-0.239479,-0.000000
3188,74.460000,3,1.000000,-0.239479,-0.000000
3189,74.480000,3,1.000000,-0.239479,-0.000000
3190,74.500000,3,1.000000,-0.239479,-0.000000
3191,74.520000,3,1.000000,-0.239479,-0.000000
3192,74.540000,3,1.000000,-0.239479,-0.000000
3193,74.560000,3,1.000000,-0.239479,-0.000000
3194,74.580000,3,1.000000,-0.239479,-0.000000
3195,74.600000,3,1.000000,-0.239479,-0.000000
3196,74.620000,3,1.000000,-0.237495,-0.000000
3197,74.640000,3,1.000000,-0.228401,-0.000000
3198,74.660000,3,1.000000,-0.227210,-0.000000
3199,74.680000,3,1.000000,-0.226691,-0.000000
3200,74.700000,3,1.000000,-0.225867,-0.000000
3201,74.720000,3,1.000000,-0.225257,-0.000000
3202,74.740000,3,1.000000,-0.225440,-0.000000
3203,74.760000,3,1.000000,-0.225440,-0.000000
3204,74.780000,3,1.000000,-0.225288,-0.000000
3205,74.800000,3,1.000000,-0.225135,-0.000000
3206,74.820000,3,1.000000,-0.225135,-0.000000
3207,74.840000,3,1.000000,-0.225288,-0.000000
3208,74.860000,3,1.000000,-0.225440,-0.000000
3209,74.880000,3,1.000000,-0.225440,-0.000000
3210,74.900000,3,1.000000,-0.225440,0.171575
3211,74.920000,3,1.000000,-0.211371,0.440016
3212,74.940000,3,1.000000,-0.196112,0.739036
3213,74.960000,3,1.000000,-0.190771,1.032197
3214,74.980000,3,1.000000,-0.190039,1.262780
3215,75.000000,3,1.000000,-0.189337,1.415860
3216,75.020000,3,1.000000,-0.188086,1.500000
3217,75.040000,3,1.000000,-0.187078,1.500000
3218,75.060000,3,1.000000,-0.184637,1.500000
3219,75.080000,3,1.000000,-0.182287,1.500000
3220,75.100000,3,1.000000,-0.179144,1.500000
3221,75.120000,3,1.000000,-0.176214,1.500000
3222,75.140000,3,1.000000,-0.173925,1.500000
3223,75.160000,3,1.000000,-0.167913,1.500000
3224,75.180000,3,1.000000,-0.164464,1.500000
3225,75.200000,3,1.000000,-0.162511,1.500000
3226,75.220000,3,1.000000,-0.159978,1.500000
3227,75.240000,3,1.000000,-0.157689,1.500000
3228,75.260000,3,1.000000,-0.155828,1.500000
3229,75.280000,3,1.000000,-0.155522,1.500000
3230,75.300000,3,1.000000,-0.155522,1.500000
3231,75.320000,3,1.000000,-0.155187,1.500000
3232,75.340000,3,1.000000,-0.154729,1.496384
3233,75.360000,3,1.000000,-0.154118,1.457885
3234,75.380000,3,1.000000,-0.153966,1.445387
3235,75.400000,3,1.000000,-0.152989,1.439207
3236,75.420000,3,1.000000,-0.150395,1.428632
3237,75.440000,3,1.000000,-0.147282,1.423734
3238,75.460000,3,1.000000,-0.147130,1.422956
3239,75.480000,3,1.000000,-0.145695,1.421812
3240,75.500000,3,1.000000,-0.145177,1.447081
3241,75.520000,3,1.000000,-0.144719,1.500000
3242,75.540000,3,1.000000,-0.144078,1.500000
3243,75.560000,3,1.000000,-0.143498,1.500000
3244,75.580000,3,1.000000,-0.141850,1.500000
3245,75.600000,3,1.000000,-0.141057,1.500000
3246,75.620000,3,1.000000,-0.140843,1.500000
3247,75.640000,3,1.000000,-0.140202,1.500000
3248,75.660000,3,1.000000,-0.139653,1.500000
3249,75.680000,3,1.000000,-0.139348,1.500000
3250,75.700000,3,1.000000,-0.138676,1.500000
3251,75.720000,3,1.000000,-0.137333,1.500000
3252,75.740000,3,1.000000,-0.136967,1.500000
3253,75.760000,3,1.000000,-0.133793,1.500000
3254,75.780000,3,1.000000,-0.130894,1.500000
3255,75.800000,3,1.000000,-0.129307,1.500000
3256,75.820000,3,1.000000,-0.128391,1.500000
3257,75.840000,3,1.000000,-0.128391,1.500000
3258,75.860000,3,1.000000,-0.127750,1.500000
3259,75.880000,3,1.000000,-0.126591,1.500000
3260,75.900000,3,1.000000,-0.126194,1.500000
3261,75.920000,3,1.000000,-0.126041,1.500000
3262,75.940000,3,1.000000,-0.126041,1.500000
3263,75.960000,3,1.000000,-0.126041,1.500000
3264,75.980000,3,1.000000,-0.125370,1.500000
3265,76.000000,3,1.000000,-0.125278,1.375347
3266,76.020000,3,1.000000,-0.125278,0.994568
3267,76.040000,3,1.000000,-0.124638,0.633839
3268,76.060000,3,1.000000,-0.124485,-0.000000
3269,76.080000,3,1.000000,-0.124485,-0.000000
3270,76.100000,3,1.000000,-0.123844,-0.000000
3271,76.120000,3,1.000000,-0.123692,-0.000000
3272,76.140000,3,1.000000,-0.123692,-0.000000
3273,76.160000,3,1.000000,-0.123692,-0.000000
3274,76.180000,3,1.000000,-0.123692,-0.000000
3275,76.200000,3,1.000000,-0.123692,-0.000000
3276,76.220000,3,1.000000,-0.123692,-0.000000
3277,76.240000,3,1.000000,-0.123295,-0.000000
3278,76.260000,3,1.000000,-0.123295,-0.000000
3279,76.280000,3,1.000000,-0.123295,-0.000000
3280,76.300000,3,1.000000,-0.123295,-0.000000
3281,76.320000,3,1.000000,-0.122929,-0.000000
3282,76.340000,3,1.000000,-0.122929,-0.000000
3283,76.360000,3,1.000000,-0.122929,-0.000000
3284,76.380000,3,1.000000,-0.122929,-0.000000
3285,76.400000,3,1.000000,-0.122929,-0.000000
3286,76.420000,3,1.000000,-0.122929,-0.000000
3287,76.440000,3,1.000000,-0.122929,-0.000000
3288,76.460000,3,1.000000,-0.122929,-0.000000
3289,76.480000,3,1.000000,-0.122929,-0.000000
3290,76.500000,3,1.000000,-0.122929,-0.000000
3291,76.520000,3,1.000000,-0.122929,-0.000000
3292,76.540000,3,1.000000,-0.122929,-0.000000
3293,76.560000,3,1.000000,-0.122929,-0.000000
3294,76.580000,3,1.000000,-0.122929,-0.000000
3295,76.600000,3,1.000000,-0.122929,-0.000000
3296,76.620000,3,1.000000,-0.122929,-0.000000
3297,76.640000,3,1.000000,-0.122929,-0.000000
3298,76.660000,3,1.000000,-0.122929,-0.000000
3299,76.680000,3,1.000000,-0.122929,-0.000000
3300,76.700000,3,1.000000,-0.122929,-0.000000
3301,76.720000,3,1.000000,-0.122929,-0.000000
3302,76.740000,3,1.000000,-0.122929,-0.000000
3303,76.760000,3,1.000000,-0.122929,-0.000000
3304,76.780000,3,1.000000,-0.122929,-0.000000
3305,76.800000,3,1.000000,-0.124058,-0.000000
3306,76.820000,3,1.000000,-0.124454,-0.000000
3307,76.840000,3,0.938902,-0.123295,-0.000000
3308,76.860000,3,0.826014,-0.120823,-0.000000
3309,76.880000,3,0.431257,-0.101688,-0.000000
3310,76.900000,3,-0.000000,-0.000000,-0.000000
3311,76.920000,3,-0.000000,-0.000000,-0.000000
3312,76.940000,3,-0.000000,-0.000000,-0.000000
3313,76.960000,3,-0.000000,-0.000000,-0.000000
3314,76.980000,3,-0.000000,-0.000000,-0.000000
3315,77.000000,3,-0.000000,-0.000000,-0.000000
3316,77.020000,3,-0.000000,-0.000000,-0.000000
3317,77.040000,3,-0.000000,-0.000000,-0.000000
3318,77.060000,3,-0.000000,-0.000000,-0.000000
3319,77.080000,3,-0.000000,-0.000000,-0.000000
3320,77.100000,3,-0.000000,-0.000000,-0.000000
3321,77.120000,3,-0.000000,-0.000000,-0.000000
3322,77.140000,3,-0.000000,-0.000000,-0.000000
3323,77.160000,3,-0.000000,-0.000000,-0.000000
3324,77.180000,3,-0.000000,-0.000000,-0.000000
3325,77.200000,3,-0.000000,-0.000000,-0.000000
3326,77.220000,3,-0.000000,-0.000000,-0.000000
3327,77.240000,3,-0.000000,-0.000000,-0.000000
3328,77.260000,3,-0.000000,-0.000000,-0.000000
3329,77.280000,3,-0.000000,-0.000000,-0.000000
3330,77.300000,3,-0.000000,-0.000000,-0.000000
3331,77.320000,3,-0.000000,-0.000000,-0.000000
3332,77.340000,3,-0.000000,-0.000000,-0.000000
3333,77.360000,3,-0.000000,-0.000000,-0.000000
3334,77.380000,3,-0.000000,-0.000000,-0.000000
3335,77.400000,3,-0.000000,-0.000000,-0.000000
3336,77.420000,3,-0.000000,-0.000000,-0.000000
3337,77.440000,3,-0.000000,-0.000000,-0.000000
3338,77.460000,3,-0.000000,-0.000000,-0.000000
3339,77.480000,3,-0.000000,-0.000000,-0.000000
3340,77.500000,3,-0.000000,-0.000000,-0.000000
3341,77.520000,3,-0.000000,-0.000000,-0.000000
3342,77.540000,3,-0.000000,-0.000000,-0.000000
3343,77.560000,3,-0.000000,-0.000000,-0.000000
3344,77.580000,3,-0.000000,-0.000000,-0.000000
3345,77.600000,3,-0.000000,-0.000000,-0.000000
3346,77.620000,3,-0.000000,-0.000000,-0.000000
3347,77.640000,3,-0.000000,-0.000000,-0.000000
3348,77.660000,3,-0.000000,-0.000000,-0.000000
3349,77.680000,3,-0.000000,-0.000000,-0.000000
3350,77.700000,3,-0.000000,-0.000000,-0.000000
3351,77.720000,3,-0.000000,-0.000000,-0.000000
3352,77.740000,3,-0.000000,-0.000000,-0.000000
3353,77.760000,3,-0.000000,-0.000000,-0.000000
3354,77.780000,3,-0.000000,-0.000000,-0.000000
3355,77.800000,3,-0.000000,-0.000000,-0.000000
3356,77.820000,3,-0.000000,-0.000000,-0.000000
3357,77.840000,3,-0.000000,-0.000000,-0.000000
3358,77.860000,3,-0.000000,-0.000000,-0.000000
3359,77.880000,3,-0.000000,-0.000000,-0.000000
3360,77.900000,3,-0.000000,-0.000000,-0.000000
3361,77.920000,3,-0.000000,-0.000000,-0.000000
3362,77.940000,3,-0.000000,-0.000000,-0.000000
3363,77.960000,3,-0.000000,-0.000000,-0.000000
3364,77.980000,3,-0.000000,-0.000000,-0.000000
3365,78.000000,3,-0.000000,-0.000000,-0.000000
3366,78.020000,3,-0.000000,-0.000000,-0.000000
3367,78.040000,3,-0.000000,-0.000000,-0.000000
3368,78.060000,3,-0.000000,-0.000000,-0.000000
3369,78.080000,3,-0.000000,-0.000000,-0.000000
3370,78.100000,3,-0.000000,-0.000000,-0.000000
3371,78.120000,3,-0.000000,-0.000000,-0.000000
3372,78.140000,3,-0.000000,-0.000000,-0.000000
3373,78.160000,3,-0.000000,-0.000000,-0.000000
3374,78.180000,3,-0.000000,-0.000000,-0.000000
3375,78.200000,3,-0.000000,-0.000000,-0.000000
3376,78.220000,3,-0.000000,-0.000000,-0.000000
3377,78.240000,3,-0.000000,-0.000000,-0.000000
3378,78.260000,3,-0.000000,-0.000000,-0.000000
3379,78.280000,3,-0.000000,-0.000000,-0.000000
3380,78.300000,3,-0.000000,-0.000000,-0.000000
3381,78.320000,3,-0.000000,-0.000000,-0.000000
3382,78.340000,3,-0.000000,-0.000000,-0.000000
3383,78.360000,3,-0.000000,-0.000000,-0.000000
3384,78.380000,3,-0.000000,-0.000000,-0.000000
3385,78.400000,3,-0.000000,-0.000000,-0.000000
3386,78.420000,3,-0.000000,-0.000000,-0.000000
3387,78.440000,3,-0.000000,-0.000000,-0.000000
3388,78.460000,3,-0.000000,-0.000000,-0.000000
3389,78.480000,3,-0.000000,-0.000000,-0.000000
3390,78.500000,3,-0.000000,-0.000000,-0.000000
3391,78.520000,3,-0.000000,-0.000000,-0.000000
3392,78.540000,3,-0.000000,-0.000000,-0.000000
3393,78.560000,3,-0.000000,-0.000000,-0.000000
3394,78.580000,3,-0.000000,-0.000000,-0.000000
3395,78.600000,3,-0.000000,-0.000000,-0.000000
3396,78.620000,3,-0.000000,-0.000000,-0.000000
3397,78.640000,3,-0.000000,-0.000000,-0.000000
3398,78.660000,3,-0.000000,-0.000000,-0.000000
3399,78.680000,3,-0.000000,-0.000000,-0.000000
3400,78.700000,3,-0.000000,-0.000000,-0.000000
3401,78.720000,3,-0.000000,-0.000000,-0.000000
3402,78.740000,3,-0.000000,-0.000000,-0.000000
3403,78.760000,3,-0.000000,-0.000000,-0.000000
3404,78.780000,3,-0.000000,-0.000000,-0.000000
3405,78.800000,3,-0.000000,-0.000000,-0.000000
3406,78.820000,3,-0.000000,-0.000000,-0.136784
3407,78.840000,3,-0.000000,-0.000000,-0.349055
3408,78.860000,3,-0.000000,-0.000000,-0.590442
3409,78.880000,3,-0.000000,-0.000000,-0.830271
3410,78.900000,3,-0.000000,-0.000000,-1.041490
3411,78.920000,3,-0.000000,-0.000000,-1.207755
3412,78.940000,3,-0.000000,-0.000000,-1.340556
3413,78.960000,3,-0.000000,-0.000000,-1.500000
3414,78.980000,3,-0.000000,-0.000000,-1.500000
3415,79.000000,3,-0.000000,-0.000000,-1.500000
3416,79.020000,3,-0.000000,-0.000000,-1.500000
3417,79.040000,3,-0.000000,-0.000000,-1.500000
3418,79.060000,3,-0.000000,-0.000000,-1.500000
3419,79.080000,3,-0.000000,-0.000000,-1.500000
3420,79.100000,3,-0.000000,-0.000000,-1.500000
3421,79.120000,3,-0.000000,-0.000000,-1.500000
3422,79.140000,3,-0.000000,-0.000000,-1.500000
3423,79.160000,3,-0.000000,-0.000000,-1.500000
3424,79.180000,3,-0.000000,-0.000000,-1.500000
3425,79.200000,3,-0.000000,-0.000000,-1.500000
3426,79.220000,3,-0.000000,-0.000000,-1.462004
3427,79.240000,3,-0.000000,-0.000000,-1.401166
3428,79.260000,3,-0.000000,-0.000000,-1.313181
3429,79.280000,3,-0.000000,-0.000000,-1.180746
3430,79.300000,3,-0.000000,-0.000000,-0.958907
3431,79.320000,3,-0.000000,-0.000000,-0.635762
3432,79.340000,3,-0.000000,-0.000000,-0.281991
3433,79.360000,3,-0.000000,-0.000000,-0.002884
3434,79.380000,3,-0.000000,-0.000000,-0.000000
3435,79.400000,3,-0.000000,-0.000000,-0.000000
3436,79.420000,3,-0.000000,-0.000000,-0.000000
3437,79.440000,3,-0.000000,-0.000000,-0.000000
3438,79.460000,3,-0.000000,-0.000000,-0.000000
3439,79.480000,3,-0.000000,-0.000000,-0.000000
3440,79.500000,3,-0.000000,-0.000000,-0.000000
3441,79.520000,3,-0.000000,-0.000000,0.076083
3442,79.540000,3,-0.000000,-0.000000,0.209021
3443,79.560000,3,-0.000000,-0.000000,0.341411
3444,79.580000,3,-0.000000,-0.000000,0.435301
3445,79.600000,3,0.003510,-0.001038,0.521775
3446,79.620000,3,0.034272,-0.019593,0.592776
3447,79.640000,3,0.061037,-0.035615,0.663457
3448,79.660000,3,0.079226,-0.050752,0.740638
3449,79.680000,3,0.103305,-0.064241,0.811686
3450,79.700000,3,0.145146,-0.080660,0.860622
3451,79.720000,3,0.176580,-0.095248,0.890469
3452,79.740000,3,0.215583,-0.110843,0.898389
3453,79.760000,3,0.250954,-0.124393,0.911435
3454,79.780000,3,0.310678,-0.138432,0.929380
3455,79.800000,3,0.385937,-0.148839,0.940779
3456,79.820000,3,0.466018,-0.156468,0.959181
3457,79.840000,3,0.554582,-0.162175,0.963118
3458,79.860000,3,0.653218,-0.167150,0.964492
3459,79.880000,3,0.773583,-0.172277,0.964721
3460,79.900000,3,0.890927,-0.167486,0.964721
3461,79.920000,3,1.000000,-0.114841,0.964721
3462,79.940000,3,1.000000,-0.083773,0.965407
3463,79.960000,3,1.000000,-0.068087,0.965407
3464,79.980000,3,1.000000,-0.040773,0.949477
3465,80.000000,3,1.000000,-0.019227,0.881634
3466,80.020000,3,1.000000,0.001190,0.753456
3467,80.040000,3,1.000000,0.046876,0.540498
3468,80.060000,3,1.000000,0.099551,0.287118
3469,80.080000,3,1.000000,0.146336,0.030305
3470,80.100000,3,1.000000,0.191290,-0.000000
3471,80.120000,3,1.000000,0.222205,-0.000000
3472,80.140000,3,1.000000,0.245338,-0.000000
3473,80.160000,3,1.000000,0.271889,-0.000000
3474,80.180000,3,1.000000,0.304147,-0.000000
3475,80.200000,3,1.000000,0.329905,-0.000000
3476,80.220000,3,0.994598,0.346721,-0.000000
3477,80.240000,3,0.993347,0.350597,-0.000000
3478,80.260000,3,0.993103,0.351329,-0.000000
3479,80.280000,3,0.992889,0.351970,-0.000000
3480,80.300000,3,0.992248,0.353587,-0.000000
3481,80.320000,3,0.990448,0.359539,-0.000000
3482,80.340000,3,0.988281,0.364208,-0.000000
3483,80.360000,3,0.980804,0.383831,-0.000000
3484,80.380000,3,0.926145,0.394330,-0.000000
3485,80.400000,3,0.773431,0.367351,-0.000000
3486,80.420000,3,0.529771,0.245735,-0.000000
3487,80.440000,3,0.161809,0.065584,-0.000000
3488,80.460000,3,-0.000000,-0.000000,-0.000000
3489,80.480000,3,-0.000000,-0.000000,-0.000000
3490,80.500000,3,-0.000000,-0.000000,-0.000000
3491,80.520000,3,-0.000000,-0.000000,-0.000000
3492,80.540000,3,-0.040193,0.014588,-0.000000
3493,80.560000,3,-0.130161,0.053041,-0.000000
3494,80.580000,3,-0.248329,0.097659,-0.000000
3495,80.600000,3,-0.391034,0.166021,-0.000000
3496,80.620000,3,-0.623951,0.314188,-0.000000
3497,80.640000,3,-0.904599,0.487197,-0.000000
3498,80.660000,3,-0.911161,0.527604,-0.000000
3499,80.680000,3,-0.897336,0.550645,-0.000000
3500,80.700000,3,-0.893033,0.558092,-0.034196
3501,80.720000,3,-0.891751,0.559740,-0.097598
3502,80.740000,3,-0.891018,0.560930,-0.225410
3503,80.760000,3,-0.890713,0.561388,-0.336467
3504,80.780000,3,-0.890713,0.561388,-0.486847
3505,80.800000,3,-0.890713,0.561388,-0.569109
3506,80.820000,3,-0.890713,0.561388,-0.683325
3507,80.840000,3,-0.890622,0.561510,-0.823222
3508,80.860000,3,-0.890622,0.561357,-0.982437
3509,80.880000,3,-0.890622,0.561480,-1.130757
3510,80.900000,3,-0.890622,0.561480,-1.291025
3511,80.920000,3,-0.904294,0.539232,-1.449919
3512,80.940000,3,-0.939879,0.474715,-1.500000
3513,80.960000,3,-0.963225,0.425520,-1.500000
3514,80.980000,3,-0.965941,0.374157,-1.500000
3515,81.000000,3,-0.963164,0.314493,-1.500000
3516,81.020000,3,-0.959593,0.229896,-1.500000
3517,81.040000,3,-0.957762,0.137242,-1.500000
3518,81.060000,3,-0.956694,0.026460,-1.500000
3519,81.080000,3,-0.956511,-0.065645,-1.500000
3520,81.100000,3,-0.958037,-0.192511,-1.500000
3521,81.120000,3,-0.953734,-0.260994,-1.500000
3522,81.140000,3,-0.953154,-0.320200,-1.500000
3523,81.160000,3,-0.954253,-0.377514,-1.500000
3524,81.180000,3,-0.953154,-0.428297,-1.500000
3525,81.200000,3,-0.937284,-0.479751,-1.500000
3526,81.220000,3,-0.915799,-0.519425,-1.500000
3527,81.240000,3,-0.893521,-0.556810,-1.500000
3528,81.260000,3,-0.874966,-0.585437,-1.500000
3529,81.280000,3,-0.823969,-0.595233,-1.500000
3530,81.300000,3,-0.705130,-0.586505,-1.500000
3531,81.320000,3,-0.585833,-0.555345,-1.500000
3532,81.340000,3,-0.489242,-0.493301,-1.500000
3533,81.360000,3,-0.353648,-0.375774,-1.500000
3534,81.380000,3,-0.105411,-0.118320,-1.500000
3535,81.400000,3,-0.000000,-0.000000,-1.500000
3536,81.420000,3,-0.000000,-0.000000,-1.500000
3537,81.440000,3,-0.000000,-0.000000,-1.500000
3538,81.460000,3,-0.000000,-0.000000,-1.500000
3539,81.480000,3,-0.000000,-0.000000,-1.500000
3540,81.500000,3,-0.000000,-0.000000,-1.500000
3541,81.520000,3,-0.000000,-0.000000,-1.337809
3542,81.540000,3,-0.000000,-0.000000,-0.278512
3543,81.560000,3,-0.000000,-0.000000,-0.000000
3544,81.580000,3,-0.000000,-0.000000,-0.000000
3545,81.600000,3,-0.000000,-0.000000,-0.000000
3546,81.620000,3,-0.000000,-0.000000,-0.000000
3547,81.640000,3,-0.000000,-0.000000,-0.000000
3548,81.660000,3,-0.000000,-0.000000,-0.000000
3549,81.680000,3,-0.000000,-0.000000,-0.000000
3550,81.700000,3,-0.000000,-0.000000,-0.000000
3551,81.720000,3,-0.000000,-0.000000,-0.000000
3552,81.740000,3,-0.000000,-0.000000,-0.000000
3553,81.760000,3,-0.000000,-0.000000,-0.000000
3554,81.780000,3,-0.000000,-0.000000,-0.000000
3555,81.800000,3,-0.000000,-0.000000,-0.000000
3556,81.820000,3,-0.000000,-0.000000,-0.000000
3557,81.840000,3,-0.000000,-0.000000,-0.000000
3558,81.860000,3,-0.000000,-0.000000,-0.000000
3559,81.880000,3,-0.000000,-0.000000,-0.000000
3560,81.900000,3,-0.000000,-0.000000,-0.000000
3561,81.920000,3,-0.000000,-0.000000,-0.000000
3562,81.940000,3,-0.000000,-0.000000,-0.000000
3563,81.960000,3,-0.000000,-0.000000,-0.000000
3564,81.980000,3,-0.000000,-0.000000,-0.000000
3565,82.000000,3,-0.000000,-0.000000,-0.000000
3566,82.020000,3,-0.000000,-0.000000,-0.000000
3567,82.040000,3,-0.000000,-0.000000,-0.000000
3568,82.060000,3,-0.000000,-0.000000,-0.000000
3569,82.080000,3,-0.000000,-0.000000,-0.000000
3570,82.100000,3,-0.000000,-0.000000,-0.000000
3571,82.120000,3,-0.000000,-0.000000,-0.000000
3572,82.140000,3,-0.000000,-0.000000,-0.000000
3573,82.160000,3,-0.000000,-0.000000,-0.000000
3574,82.180000,3,-0.000000,-0.000000,-0.000000
3575,82.200000,3,-0.000000,-0.000000,-0.000000
3576,82.220000,3,-0.000000,-0.000000,-0.000000
3577,82.240000,3,-0.000000,-0.000000,-0.000000
3578,82.260000,3,-0.000000,-0.000000,-0.000000
3579,82.280000,3,-0.000000,-0.000000,-0.000000
3580,82.300000,3,-0.000000,-0.000000,-0.000000
3581,82.320000,3,-0.000000,-0.000000,-0.000000
3582,82.340000,3,-0.000000,-0.000000,-0.000000
3583,82.360000,3,-0.000000,-0.000000,-0.000000
3584,82.380000,3,-0.000000,-0.000000,-0.000000
3585,82.400000,3,-0.000000,-0.000000,-0.000000
3586,82.420000,3,-0.000000,-0.000000,-0.000000
3587,82.440000,3,-0.000000,-0.000000,-0.000000
3588,82.460000,3,-0.000000,-0.000000,-0.000000
3589,82.480000,3,-0.000000,-0.000000,-0.000000
3590,82.500000,3,-0.000000,-0.000000,-0.000000
3591,82.520000,3,-0.000000,-0.000000,-0.000000
3592,82.540000,3,-0.000000,-0.000000,-0.000000
3593,82.560000,3,-0.000000,-0.000000,-0.000000
3594,82.580000,3,-0.000000,-0.000000,-0.000000
3595,82.600000,3,-0.000000,-0.000000,-0.000000
3596,82.620000,3,-0.000000,-0.000000,-0.000000
3597,82.640000,3,-0.000000,-0.000000,-0.000000
3598,82.660000,3,-0.000000,-0.000000,-0.000000
3599,82.680000,3,-0.000000,-0.000000,-0.000000
3600,82.700000,3,-0.000000,-0.000000,-0.000000
3601,82.720000,3,-0.000000,-0.000000,-0.000000
3602,82.740000,3,-0.000000,-0.000000,-0.000000
3603,82.760000,3,-0.000000,-0.000000,-0.000000
3604,82.780000,3,-0.000000,-0.000000,-0.000000
3605,82.800000,3,-0.000000,-0.000000,-0.000000
3606,82.820000,3,-0.000000,-0.000000,-0.000000
3607,82.840000,3,-0.000000,-0.000000,-0.000000
3608,82.860000,3,-0.000000,-0.000000,-0.000000
3609,82.880000,3,-0.000000,-0.000000,-0.000000
3610,82.900000,3,-0.000000,-0.000000,-0.000000
3611,82.920000,3,-0.000000,-0.000000,-0.000000
3612,82.940000,3,-0.000000,-0.000000,-0.000000
3613,82.960000,3,-0.000000,-0.000000,-0.000000
3614,82.980000,3,-0.000000,-0.000000,-0.000000
3615,83.000000,3,-0.000000,-0.000000,-0.000000
3616,83.020000,3,-0.000000,-0.000000,-0.000000
3617,83.040000,3,-0.000000,-0.000000,-0.000000
3618,83.060000,3,-0.000000,-0.000000,-0.000000
3619,83.080000,3,-0.000000,-0.000000,-0.000000
3620,83.100000,3,-0.000000,-0.000000,-0.000000
3621,83.120000,3,-0.000000,-0.000000,-0.000000
3622,83.140000,3,-0.000000,-0.000000,-0.000000
