inference_index,sim_time,v0000,v0001,v0002,v0003,v0004,v0005,v0006,v0007,v0008,v0009,v0010,v0011,v0012,v0013,v0014,v0015
3623,9.500000,-0.340184,0.449566,-0.038091,0.804513,0.724399,0.871411,0.315042,0.847075,1.111000,-1.041997,0.889056,2.187322,1.030451,-0.162887,0.219745,0.936645
3624,9.520000,-0.673075,0.634059,-0.240288,-0.130921,1.101125,1.268316,-0.082661,0.954318,2.135307,0.561445,0.720682,1.775446,0.618850,0.249223,-0.883569,0.940717
3625,9.540000,-0.837194,0.730592,-0.211240,-0.818972,1.040664,1.392402,-0.259521,0.678143,2.263783,1.406374,0.557294,0.912842,0.314135,0.509790,-0.953454,0.857514
3626,9.560000,-0.757191,0.773932,-0.077448,-1.317211,0.767349,1.349376,-0.321022,0.452482,2.203274,1.700616,0.449347,0.348054,0.020122,0.655231,-0.509384,0.775888
3627,9.580000,-0.621710,0.781749,0.090406,-1.425102,0.538876,0.947396,-0.454671,0.279634,1.954085,1.688477,0.364841,0.062324,-0.020608,0.702683,-0.163937,0.545528
3628,9.600000,-0.399033,0.698363,0.291895,-1.307658,0.371336,0.698189,-0.483806,0.134826,1.536829,1.428033,0.255553,-0.065173,0.006252,0.673109,0.019605,0.398337
3629,9.620000,-0.242131,0.581158,0.533125,-1.110885,0.277465,0.592711,-0.421438,0.008340,1.075304,1.088570,0.187987,-0.107917,0.026395,0.563444,0.070803,0.290817
3630,9.640000,-0.148677,0.417850,0.725327,-0.878046,0.229410,0.623774,-0.295733,-0.081965,0.624766,0.753352,0.073116,-0.163167,0.056470,0.419091,0.093865,0.268412
3631,9.660000,-0.094781,0.266532,0.809856,-0.656407,0.144994,0.838018,-0.165889,-0.107077,0.363051,0.480885,0.034879,-0.178177,0.030131,0.355821,0.088274,0.347960
3632,9.680000,-0.182831,0.163028,0.740119,-0.471219,0.080520,1.031329,-0.011665,-0.127362,0.235527,0.299496,-0.001317,-0.228757,-0.039930,0.346143,0.029550,0.457535
3633,9.700000,-0.370624,0.098221,0.609328,-0.347824,0.019821,1.189665,0.143424,-0.119084,0.200457,0.251381,-0.009040,-0.267921,-0.068984,0.338788,-0.040109,0.577535
3634,9.720000,-0.626284,0.129468,0.430340,-0.256885,-0.032180,1.270157,0.313328,-0.095875,0.216118,0.258627,0.025222,-0.284848,-0.064896,0.315061,-0.132139,0.624335
3635,9.740000,-0.932912,0.208319,0.273406,-0.258736,-0.110799,1.242689,0.552482,-0.055777,0.300392,0.342671,0.022584,-0.326319,0.062033,0.281331,-0.182896,0.615027
3636,9.760000,-1.085272,0.257631,0.167538,-0.281815,-0.056555,1.331671,0.665577,-0.009737,0.387356,0.461554,0.087552,-0.252783,0.176724,0.237975,-0.189305,0.579690
3637,9.780000,-1.127724,0.316860,0.150472,-0.324511,-0.013341,1.335046,0.685738,0.038739,0.475874,0.541686,0.163552,-0.162535,0.281515,0.268002,-0.142825,0.552620
3638,9.800000,-1.121093,0.356726,0.179720,-0.409231,-0.029127,1.188525,0.743729,0.073097,0.543159,0.549594,0.136807,-0.134593,0.426389,0.324710,-0.036215,0.539452
3639,9.820000,-0.996484,0.385033,0.220842,-0.490193,0.077054,1.166497,0.661276,0.086628,0.626331,0.588369,0.213448,0.001768,0.518262,0.445741,0.064571,0.574710
3640,9.840000,-0.853295,0.431794,0.259443,-0.542428,0.154913,1.102359,0.561929,0.090786,0.700179,0.582161,0.254729,0.083274,0.564935,0.555766,0.138058,0.582548
3641,9.860000,-0.753791,0.455073,0.293707,-0.614608,0.206780,1.026159,0.503207,0.101509,0.759852,0.591369,0.271222,0.141673,0.645055,0.672874,0.245766,0.654142
3642,9.880000,-0.697713,0.496831,0.263150,-0.667594,0.220166,1.031506,0.476880,0.092986,0.830176,0.636347,0.299358,0.172677,0.703154,0.792916,0.330260,0.675804
3643,9.900000,-0.677153,0.533160,0.223837,-0.712960,0.264588,0.994698,0.497232,0.095469,0.862774,0.670025,0.312382,0.197109,0.748037,0.820405,0.416551,0.669276
3644,9.920000,-0.675405,0.594474,0.176570,-0.755307,0.290107,1.048545,0.508511,0.107682,0.951212,0.732701,0.324495,0.212151,0.782169,0.880420,0.490178,0.669835
3645,9.940000,-0.696940,0.642002,0.143894,-0.780990,0.323676,1.100837,0.530075,0.125244,1.007004,0.786686,0.329549,0.234862,0.792061,0.888758,0.544805,0.637857
3646,9.960000,-0.725665,0.700441,0.332049,-1.246496,0.389729,0.881858,0.171901,0.179096,1.647063,0.992517,0.237337,-0.007553,0.683232,0.978009,0.480005,0.728730
3647,9.980000,-0.549484,0.752653,0.624603,-2.263731,0.413458,0.639134,-0.429377,0.173071,2.462676,1.450572,0.108163,-0.362654,0.590563,0.918437,0.494285,0.858648
3648,10.000000,-0.276985,0.836340,0.603776,-3.406696,0.400576,0.722013,-0.941011,0.196413,3.097083,2.140984,-0.010157,-0.629085,0.754125,0.767356,0.798696,1.050065
3649,10.020000,0.046332,0.990460,0.308908,-4.278786,0.281463,0.847212,-1.220301,0.247494,3.509769,2.756610,-0.161047,-0.838228,1.047037,0.749668,1.204038,1.320237
3650,10.040000,0.261069,1.091560,0.238956,-4.802919,0.133968,0.875179,-1.253300,0.252409,3.785770,3.061521,-0.356935,-0.996219,1.119100,0.637040,1.467438,1.398422
3651,10.060000,0.340676,0.945045,0.414849,-4.841104,-0.016712,0.787355,-1.131193,0.157699,3.576848,2.912517,-0.407672,-0.950768,0.703532,0.092411,1.273292,1.025259
3652,10.080000,0.248017,0.741364,1.191146,-4.400887,-0.268423,0.499599,-0.830284,-0.080387,3.050489,1.885781,-0.466135,-0.836148,0.007428,-0.645762,0.744865,0.451162
3653,10.100000,-0.065067,0.273686,2.074797,-3.036646,-0.565571,0.035266,-0.299360,-0.229215,2.188134,-0.229578,-0.359121,-0.456188,-0.718731,-1.195597,0.330055,-0.018741
3654,10.120000,-0.763241,-0.666409,2.789582,0.539881,-1.045969,-0.750400,0.618424,-0.167706,0.364176,-4.409806,-0.223482,0.252810,-1.495420,-1.346132,0.720055,-0.421014
3655,10.140000,-1.902913,-1.391896,3.142397,4.065258,-1.183262,-1.457001,0.693804,-0.001408,-0.227423,-8.008516,0.015661,0.786846,-1.648583,-1.277105,0.066105,-1.024863
3656,10.160000,-2.210118,-1.930366,2.421121,4.779146,-0.941022,-1.281318,0.928919,0.368676,-0.219333,-8.622881,0.130230,1.035863,-0.649545,-1.439688,-0.621246,-1.421633
3657,10.180000,-1.537611,-2.091970,2.924126,5.041888,-0.137903,-0.898809,1.504125,0.343447,-0.955386,-9.056998,0.166212,0.648838,-1.130237,-1.543600,-0.636550,-0.920862
3658,10.200000,-0.342538,-2.015005,2.361843,3.386842,0.264055,-0.030017,2.161777,0.604582,-1.048735,-7.330034,-0.277131,0.127237,-2.214508,-2.135051,-0.907600,-0.249177
3659,10.220000,1.977716,-1.570675,0.449937,-0.088000,0.281845,0.781930,2.368087,1.004178,-0.546419,-4.503945,-0.847289,-0.439960,-2.315324,-2.277283,-0.987981,0.670176
3660,10.240000,4.350173,-0.804503,-0.945124,-3.544559,0.118700,1.340855,1.524056,0.753125,0.468674,-1.635137,-0.933699,-0.685577,-1.966145,-2.183266,-1.368288,0.706748
3661,10.260000,4.225662,-0.120752,-0.845911,-5.111394,0.210160,1.429466,-0.428180,0.501988,1.853619,1.185581,-0.603790,-0.445369,-1.318233,-1.784974,-2.267140,0.487135
3662,10.280000,2.546509,0.087610,-0.935273,-6.168676,-0.109516,1.526715,-0.771791,0.542089,2.442303,3.888177,-0.211841,-0.778151,-1.229522,-1.730698,-2.311187,1.109183
3663,10.300000,1.203401,0.128609,-1.186222,-6.796976,-0.188813,1.864829,-0.805223,0.248111,2.629012,6.469030,0.327480,-1.491781,-2.101740,-1.588149,-2.032794,1.127123
3664,10.320000,1.526046,0.010330,-1.089212,-6.407229,-0.098477,2.045130,-1.022496,-0.193270,2.733530,6.645912,0.164778,-1.447628,-1.948345,-0.213180,-0.639668,1.092417
3665,10.340000,1.435872,0.007604,-0.022367,-4.611810,0.063399,1.326259,-0.498727,-0.495604,2.581399,4.601365,0.150399,-0.834296,-1.187579,0.761915,0.323841,1.116434
3666,10.360000,0.628839,-0.016845,2.362598,-3.140159,0.066495,0.650078,0.326282,-0.743681,2.158509,1.395163,-0.272535,-0.529596,-0.545729,0.688896,0.402568,0.882427
3667,10.380000,-0.029653,0.214580,3.014110,-1.066377,-0.248322,-0.203050,1.859336,-0.495767,0.835999,-2.585584,-0.418147,0.109512,-0.260632,0.838754,0.874568,1.017323
3668,10.400000,-0.954914,-0.040180,2.762526,2.182659,-0.490737,-0.848752,2.389063,-0.004296,0.113429,-6.319039,-0.735675,0.548779,-0.431329,1.001409,1.348167,0.865660
3669,10.420000,-1.532552,-0.599030,2.611040,4.005804,-0.572456,-1.468921,2.279116,0.209089,-0.249888,-8.465060,-0.495132,0.934483,-0.012394,0.464806,1.215452,0.365944
3670,10.440000,-2.092345,-0.966895,2.716909,5.446640,-0.303822,-1.507683,2.173563,0.413746,-0.843616,-9.036847,-0.137347,1.184528,0.658365,-0.403628,1.123039,-0.171218
3671,10.460000,-1.871957,-0.929451,3.136997,5.559153,0.113759,-0.885967,2.558858,0.620696,-1.009924,-8.314337,0.230603,1.117900,0.528288,-1.065876,1.444690,0.674605
3672,10.480000,-1.118293,-0.939086,3.037121,4.214748,0.211010,-0.397977,3.070590,1.019719,-0.691194,-6.589026,0.375005,1.016956,0.312326,-1.418000,1.939194,1.946724
3673,10.500000,0.392384,-0.400967,1.526745,1.401009,0.344436,0.129102,3.555356,1.651403,0.576628,-4.415360,0.576136,1.514380,1.182533,-1.036282,2.676435,3.261202
3674,10.520000,2.855933,0.426676,-0.425712,-2.721361,0.400180,0.510014,2.546808,1.609389,2.667542,-1.322360,0.843615,1.732549,3.162844,0.330690,2.467115,3.922371
3675,10.540000,2.588418,0.187844,-0.925197,-4.361616,0.582768,0.448852,0.618803,2.051211,4.438406,0.500731,1.049510,1.992288,3.681661,1.663031,2.195394,3.376539
3676,10.560000,0.804597,0.262513,-1.477473,-5.068119,0.426979,0.719558,-0.588251,1.868183,5.243458,3.023297,1.973596,1.310830,2.526287,1.812419,1.362914,2.442356
3677,10.580000,-0.443135,-0.038408,-1.578893,-5.518102,0.111642,0.962180,-1.505803,0.652350,4.408495,5.654741,2.934365,-0.158875,0.992128,1.989705,0.263792,1.368285
3678,10.600000,-0.756721,0.570124,-1.190994,-4.658195,0.746736,1.907847,-0.956490,0.361000,4.262998,5.712799,1.763868,-0.843767,1.201995,3.578104,1.087341,1.658231
3679,10.620000,-1.330783,1.024127,-0.924082,-2.738634,1.151746,2.300856,0.106597,0.393337,4.284575,4.109504,0.851363,-0.369808,2.652490,5.088456,2.661512,2.019823
3680,10.640000,-2.242696,0.996622,-0.890732,0.141751,0.985164,1.879848,1.632238,-0.104639,2.881801,1.244968,0.323159,0.207041,3.884076,5.515494,3.214673,2.218422
3681,10.660000,-2.445244,0.658104,-1.295569,1.607340,0.977675,1.380188,3.529164,0.057885,1.713206,-1.412889,0.578980,1.825222,3.715594,5.094522,2.978455,2.106329
3682,10.680000,-1.394579,-0.552408,-1.114606,2.761221,0.937138,0.437132,3.211566,0.361157,0.464246,-3.903808,1.235984,4.243567,2.646809,3.780891,4.069266,0.778551
3683,10.700000,-1.168379,-0.654650,-0.653331,4.486814,0.783476,-0.590099,2.469597,0.664269,-0.124483,-5.989279,1.791255,5.148771,2.438835,2.116185,5.313876,-0.065679
3684,10.720000,-0.929861,0.171335,-0.467546,4.819694,0.729930,-0.465313,2.058420,1.096764,-0.127068,-4.923110,1.618184,5.210518,2.931471,0.564537,6.175506,-0.001950
3685,10.740000,-0.451361,0.835716,-0.300833,4.263769,0.432063,-0.054607,1.112404,1.396679,0.121746,-2.607985,1.564856,4.945847,3.587998,-0.604990,6.355494,0.940106
3686,10.760000,-0.372189,0.739460,-0.618252,2.867873,0.613993,0.945594,-0.036995,1.790525,0.939404,-0.155485,1.328364,5.010077,4.075385,-0.444299,5.842815,2.411895
3687,10.780000,-0.568910,0.328874,-0.793570,1.218664,0.893687,1.237218,-0.844607,1.189976,1.010243,1.650326,1.309494,4.125086,3.944991,0.357831,5.045721,3.304297
3688,10.800000,-0.931764,0.095671,-1.093304,-0.012885,1.201711,1.622819,-0.757287,0.837725,0.776669,2.657335,1.241388,3.451921,3.471191,1.184935,4.650812,3.632038
3689,10.820000,-1.481669,0.033110,-1.264720,-0.901443,1.177408,2.082736,-0.639812,0.374415,0.667737,3.368983,1.195517,2.186291,3.082943,1.781936,4.790415,3.693302
3690,10.840000,-1.979898,0.130403,-1.354863,-1.261631,1.113972,2.695192,-0.527021,-0.057548,0.634069,3.841035,1.154682,1.287968,2.920118,2.261711,4.833296,3.430934
3691,10.860000,-2.822628,0.318368,-1.421505,-0.822884,0.940630,2.464192,-0.114054,-0.078650,0.920737,3.637805,1.260451,0.937944,2.957159,2.803011,4.278097,2.756503
3692,10.880000,-3.461331,0.452703,-1.296059,0.294092,0.720553,1.909450,0.231163,-0.124919,0.903866,2.793334,1.110494,1.067071,2.936702,3.091438,3.221526,1.732487
3693,10.900000,-3.791521,0.664955,-1.256068,0.803323,0.765166,2.155220,0.538866,0.105912,1.145821,2.190588,1.143514,1.869712,3.040008,3.068199,2.957152,0.920309
3694,10.920000,-3.337548,0.473488,-0.892972,0.902614,0.870431,1.656936,0.084871,0.110734,0.989044,1.437890,1.080980,2.475917,3.004375,2.950198,2.874390,0.498826
3695,10.940000,-2.464823,0.206756,-0.624104,1.157391,1.103148,1.587864,-0.419605,0.120597,0.763828,0.746392,1.050393,2.967116,3.030074,2.935182,3.072082,0.856033
3696,10.960000,-0.888639,-0.039563,-0.283422,0.904328,0.952589,0.943702,-0.948872,0.304715,0.574728,-0.106966,1.030639,3.178280,3.217842,2.980125,3.609734,1.881157
3697,10.980000,0.938488,-0.201826,-0.176682,0.275059,0.752932,0.406234,-1.537447,0.412912,0.308970,-0.139230,1.188038,3.590335,3.526050,3.169264,4.147800,3.212418
3698,11.000000,2.366853,-0.375493,-0.096934,-0.276548,0.494016,-0.029388,-2.268412,0.261303,0.046116,0.355782,1.405303,3.759478,3.615183,3.212360,4.614718,4.255683
3699,11.020000,2.711557,-0.435476,-0.161226,-0.358063,0.102762,-0.322620,-2.513828,0.438525,0.294645,0.499364,1.419510,3.194092,3.396478,2.960489,4.591197,4.785792
3700,11.040000,2.212409,-0.254085,-0.212314,-0.313771,0.100722,-0.380855,-2.145141,0.282082,0.493338,0.377921,1.651824,2.652680,3.167773,2.674090,4.420807,4.879504
3701,11.060000,1.466720,0.033625,-0.154052,-0.259520,0.120708,-0.210403,-1.138022,-0.249426,0.424485,-0.262407,1.637195,2.096161,3.313565,2.740259,4.155185,4.409246
3702,11.080000,0.866624,0.229521,-0.090975,-0.275075,0.400632,0.426462,0.009699,-0.314409,0.629227,-0.782601,1.550014,2.332507,3.431876,3.043562,3.606003,3.379926
3703,11.100000,0.123316,0.477659,-0.206700,-0.366667,0.419825,1.168303,1.188768,0.156393,1.324970,-0.685292,1.346892,2.225481,3.406470,3.175047,3.239564,2.734570
3704,11.120000,-0.809765,0.611686,-0.418572,-0.210692,0.532014,1.923353,2.349687,0.277747,1.670283,-0.194378,1.076244,1.816525,3.261985,3.092660,2.995948,2.603157
3705,11.140000,-2.132685,0.823305,-0.682235,-0.057203,0.446889,2.401314,3.793090,0.445685,1.917201,0.141649,0.748354,1.000489,2.879706,2.787528,2.628570,2.593473
3706,11.160000,-3.152501,0.852206,-0.852746,0.032631,0.319278,2.541911,4.922507,0.450253,1.821107,0.094272,0.703633,0.375059,2.407551,2.270472,2.368828,2.449957
3707,11.180000,-3.653322,0.854617,-0.906798,-0.015876,-0.027038,2.442052,5.700380,0.358538,1.652125,-0.137711,0.450423,-0.245727,2.195455,1.841331,2.377501,2.284309
3708,11.200000,-3.673048,0.760873,-0.740336,-0.277888,-0.249033,2.003968,5.838058,0.364719,1.401738,-0.297365,0.349326,-0.380089,2.212316,1.580679,2.574411,2.128698
3709,11.220000,-2.755190,0.594686,-0.504261,-0.787197,-0.443065,1.690371,5.281716,0.409308,1.123862,-0.265327,0.287174,-0.225453,2.304419,1.429984,2.667015,2.158291
3710,11.240000,-0.536999,0.218893,0.052688,-1.481956,-0.454371,0.988553,3.932804,0.356233,0.756058,-0.211534,0.217376,0.425622,2.470853,1.647273,2.800260,2.362391
3711,11.260000,2.086513,0.265943,1.097872,-2.329055,-0.261721,-0.143028,1.816745,0.597549,0.404473,0.327137,0.305380,1.613265,3.187067,2.216815,3.085957,2.864275
3712,11.280000,4.647732,0.189023,1.860442,-1.954854,0.042355,-1.150366,-1.409230,0.378979,-0.120813,1.024472,0.772369,3.206855,3.242952,2.748207,3.800369,3.178959
3713,11.300000,5.976705,-0.219703,1.282617,-0.615848,-0.223682,-1.296797,-3.845069,0.722966,-0.549025,1.031385,0.748687,3.401260,2.732326,2.484819,4.422884,3.177685
3714,11.320000,5.951770,-0.471923,0.626580,0.271757,-0.138189,-1.168082,-4.626804,0.484305,-0.870353,0.221359,0.941711,3.572441,2.541065,2.561363,4.643594,3.202993
3715,11.340000,5.303948,-0.286627,0.788679,-0.152388,-0.148560,-1.140364,-3.586177,0.131841,-0.592869,-0.706699,0.742447,3.031094,3.229882,3.251646,4.638023,3.430387
3716,11.360000,3.607121,-0.020237,0.691758,-0.382178,-0.041867,-1.044681,-1.114116,-0.115602,-0.222671,-1.757572,0.564313,2.523206,4.103502,3.629938,4.112889,3.292591
3717,11.380000,2.389226,0.026752,0.467252,-0.413788,-0.092805,-0.761189,1.649103,-0.259677,0.126635,-3.150296,0.356662,1.837415,4.263676,3.443017,3.595704,3.125775
3718,11.400000,1.444379,-0.055063,-0.218437,-0.485101,-0.052896,-0.105616,4.221495,-0.320104,0.466462,-4.235923,0.047972,0.394974,3.366051,2.899822,3.031675,3.274314
3719,11.420000,-0.525111,0.162931,-0.320774,-0.479042,0.012059,1.151755,5.495232,0.314041,1.462510,-3.180574,-0.014144,-0.289714,2.261002,2.306146,2.675569,3.245254
3720,11.440000,-3.004514,0.523885,-0.655285,0.040178,-0.061511,1.998992,6.348278,0.314700,1.974579,-1.857584,0.420313,-0.618592,1.678975,1.766077,2.117002,2.959377
3721,11.460000,-4.008004,0.524526,-0.890522,0.286818,-0.152302,2.297901,6.242495,0.014305,1.611480,-1.113200,0.543514,-0.682364,1.553867,1.453651,1.950073,2.526242
3722,11.480000,-4.517375,0.809517,-0.939768,0.242410,-0.072173,2.673545,6.464890,0.252384,1.659622,-1.028557,0.633737,-0.635423,2.097116,1.680781,2.647228,2.385879
3723,11.500000,-4.190022,0.947180,-1.068386,0.106974,0.382141,2.918591,5.677835,0.418249,1.807186,-0.839992,1.109861,0.194897,2.844113,2.342464,3.186483,2.690863
3724,11.520000,-2.767304,0.941017,-0.706873,-0.187488,0.646317,2.999340,4.252956,0.517617,2.111528,-0.807443,1.503757,1.373594,3.273683,3.154304,3.484489,3.278565
3725,11.540000,-0.482379,0.506560,-0.228554,-0.773204,0.636065,2.554188,2.382134,0.703278,1.883147,-0.600676,1.620356,2.555656,3.672523,3.780479,3.834352,4.075445
3726,11.560000,1.627750,0.297018,-0.005274,-1.767134,0.754253,1.760513,1.249446,1.226903,2.145183,-0.354531,1.788113,3.597162,4.491751,4.458300,4.493609,5.394952
3727,11.580000,3.632569,-0.289987,-0.143598,-2.472281,1.159375,0.158403,0.229165,1.486382,2.086769,-0.245696,2.328952,4.761709,4.380537,4.093808,4.682270,5.882992
3728,11.600000,5.046731,-0.511431,-0.229325,-2.060902,1.092898,-0.639190,-1.259568,1.761446,1.781059,0.004313,2.534710,5.637074,3.238106,2.871710,4.102593,5.008776
3729,11.620000,5.478915,-0.491973,-0.210275,-0.920625,0.630714,-1.327116,-2.990005,1.928847,1.090973,0.151822,2.381517,6.213168,2.235665,1.473557,3.167858,3.084801
3730,11.640000,5.208423,-0.177053,-0.182337,-0.099786,0.201449,-1.483829,-4.003524,2.031129,0.780667,0.041920,1.729069,5.732122,2.262348,0.769542,2.878109,2.039088
3731,11.660000,4.649217,0.187107,-0.087688,0.173580,0.005343,-1.334532,-3.904764,1.630715,0.328693,-0.340154,1.314186,5.429255,2.859532,0.836541,3.150998,1.621293
3732,11.680000,4.398363,0.483016,0.181964,-0.611131,0.224477,-0.996470,-2.430518,0.408434,-0.219579,-1.314582,1.503396,4.995475,3.644605,1.894202,3.955381,2.071970
3733,11.700000,3.859464,0.608150,0.351991,-1.194786,0.507790,-0.881962,-0.219894,-0.000296,0.234050,-2.207500,1.800889,4.674664,3.953540,2.969747,4.237718,2.796621
3734,11.720000,2.943673,0.746417,-0.013047,-1.343608,0.419932,-0.669245,1.927402,0.590073,1.762542,-2.381925,1.498475,3.782995,4.100554,3.164932,3.885747,3.138186
3735,11.740000,1.887856,0.598518,-0.689593,-1.303704,0.510352,-0.336287,4.008354,1.054546,2.803447,-2.384941,0.807639,2.013800,3.581631,2.595793,2.980777,3.532118
3736,11.760000,0.110288,0.679569,-1.112568,-0.861543,0.569681,-0.065118,5.622730,1.280013,3.262116,-2.522877,0.645100,0.552674,2.554166,1.670012,1.343373,3.373225
3737,11.780000,-0.550158,0.991609,-0.522037,-1.187164,0.120975,-0.216668,5.455264,0.959635,3.139707,-1.983866,0.047831,-0.611657,-0.467665,-1.199243,-1.152990,0.566108
3738,11.800000,-1.257608,1.061542,0.122488,-1.393835,-0.192237,0.881351,4.633625,0.552393,2.574486,-1.231614,0.492118,-0.716882,-1.435092,-1.886988,-1.455359,-0.600892
3739,11.820000,-1.568130,1.066834,0.349931,-0.753654,-0.144592,2.431285,2.812495,0.145869,2.428639,-0.288116,0.890477,-0.578592,-1.234339,-0.934055,-1.200453,-0.554066
3740,11.840000,-1.897381,1.093656,0.152692,-0.177104,0.169050,3.477236,1.132715,-0.011325,2.113865,0.809830,0.942851,-0.646111,-0.541200,0.494268,-0.653787,-0.017585
3741,11.860000,-1.939751,1.204655,0.224075,0.296616,0.490256,4.148931,0.399567,-0.152251,1.828747,1.235330,0.725145,-0.805133,-0.000664,1.653176,-0.361697,0.692038
3742,11.880000,-2.185713,1.439266,0.135955,0.463980,0.658789,4.752042,0.288743,-0.293779,1.511071,1.528901,0.313095,-1.243391,0.434768,2.491302,-0.220588,1.310689
3743,11.900000,-2.378521,1.597743,0.150575,0.519925,0.837388,4.850043,0.636379,-0.259332,1.325419,1.269462,0.146802,-1.269855,1.009502,2.922879,0.141116,1.849826
3744,11.920000,-2.664516,1.724044,0.088838,0.371043,0.934759,4.817762,1.120623,-0.178349,1.260365,1.070303,0.000546,-1.379706,1.522294,3.031040,0.599484,2.231300
3745,11.940000,-2.623817,1.785797,0.206579,0.112795,1.033388,4.496010,1.650518,0.030986,1.477655,0.682666,0.116083,-0.969940,1.832340,2.711863,1.037234,2.388354
3746,11.960000,-2.306047,1.723838,0.427484,-0.318884,0.969741,4.031304,1.737931,0.178233,1.696452,0.581487,0.167284,-0.589954,1.585492,1.915290,0.961251,1.972836
3747,11.980000,-1.720684,1.461787,0.755105,-0.689403,0.795867,3.741830,1.493816,0.280411,1.685229,0.584043,0.125218,-0.269324,0.823712,0.635210,0.418303,1.038601
3748,12.000000,-1.119798,1.238192,1.330610,-0.817930,0.581471,3.662346,0.949311,0.144189,1.398040,0.639481,0.048516,-0.294895,-0.630152,-0.790756,-0.803784,-0.147126
3749,12.020000,-0.417289,0.816715,1.753584,-0.746460,0.169460,3.954307,0.472059,-0.132108,0.439986,0.562474,-0.153271,-0.736300,-2.543943,-2.486963,-2.400635,-1.425692
3750,12.040000,0.428647,0.044813,1.834850,-0.345824,-0.415804,4.544541,0.310176,-0.299023,-0.820727,0.174771,-0.476163,-1.304269,-4.735475,-4.836227,-4.115176,-2.931368
3751,12.060000,1.024044,-0.713017,1.822453,-0.170473,-0.982814,4.569600,0.188690,-0.270656,-1.458177,-0.139447,-0.446364,-1.674535,-5.978009,-5.750172,-4.690333,-3.168136
3752,12.080000,1.026333,-1.380880,1.593138,-0.105445,-1.222317,3.798792,-0.289797,-0.171300,-1.849927,-0.003858,-0.263170,-1.707784,-6.282685,-5.306107,-4.562782,-2.694570
3753,12.100000,1.166146,-2.300530,1.148054,-0.271365,-1.366935,3.277978,-0.698762,0.259163,-1.779844,0.280251,-0.195238,-1.658541,-5.683540,-4.377843,-3.941769,-1.827591
3754,12.120000,1.168468,-2.577315,0.564317,-0.846773,-1.631981,2.501362,-0.927800,0.572084,-1.507717,0.802434,-0.207154,-1.573608,-4.331061,-3.268752,-3.237482,-0.893466
3755,12.140000,1.099095,-2.612924,0.257719,-1.492618,-1.780345,1.788658,-1.050514,0.754574,-1.255411,1.273040,-0.191775,-1.432327,-2.871521,-2.065998,-2.493487,-0.113937
3756,12.160000,1.175443,-2.268177,0.207908,-2.163088,-1.952137,1.264094,-0.900352,0.689290,-1.090165,1.565547,-0.243911,-1.338690,-1.472629,-1.326328,-2.096897,0.405689
3757,12.180000,1.372907,-1.965156,0.430944,-2.627603,-1.964453,0.904269,-0.733420,0.509114,-1.156737,1.696050,-0.285920,-1.206361,-0.550698,-1.089491,-1.897328,0.376997
3758,12.200000,1.652597,-1.724542,0.831790,-2.955533,-1.998599,0.470487,-0.486950,0.337266,-1.276865,1.552558,-0.353123,-1.169555,-0.093952,-1.272406,-1.887833,-0.053493
3759,12.220000,1.954778,-1.630886,1.235053,-3.170255,-2.012205,0.068019,-0.286812,0.232642,-1.422132,1.327661,-0.378326,-1.107243,0.000662,-1.580124,-1.888363,-0.576341
3760,12.240000,2.165040,-1.579820,1.670732,-3.327302,-2.040829,-0.471523,-0.083124,0.231728,-1.510491,1.054354,-0.434814,-1.083145,-0.033012,-1.947773,-1.908633,-1.114459
3761,12.260000,2.345355,-1.527057,2.002158,-3.439938,-2.005120,-0.918107,0.000343,0.291291,-1.558240,0.939059,-0.453021,-1.022009,-0.123944,-2.237543,-1.829914,-1.494216
3762,12.280000,2.474583,-1.470074,2.308599,-3.550568,-2.003582,-1.545741,0.042907,0.358333,-1.551990,0.842139,-0.425698,-0.941136,-0.134416,-2.432835,-1.757577,-1.744665
3763,12.300000,2.841398,-1.369989,2.423866,-3.474794,-1.817316,-1.713684,-0.253082,0.416819,-1.564101,0.902321,-0.395315,-0.875982,-0.328265,-2.408553,-1.585360,-1.843552
3764,12.320000,3.052859,-1.106789,2.390660,-3.302629,-1.653321,-1.879276,-0.676416,0.448625,-1.542160,1.021450,-0.388590,-0.757307,-0.492694,-2.462444,-1.553682,-2.201501
3765,12.340000,3.497439,-1.037977,2.419240,-3.243698,-1.674863,-1.894484,-1.101917,0.474591,-1.628552,1.242572,-0.378270,-0.876800,-0.773438,-2.277599,-1.511020,-2.308120
3766,12.360000,4.124264,-0.941759,1.736954,-2.755575,-1.411685,-1.640562,-1.526110,0.225068,-1.612380,1.095990,-0.343725,-0.786261,-1.285414,-1.923811,-1.644228,-2.221670
3767,12.380000,4.520068,-0.940468,0.714257,-2.233819,-1.297384,-1.362219,-1.608725,0.131209,-1.388923,0.692128,-0.352061,-0.745566,-1.813788,-1.637157,-1.866319,-2.024431
3768,12.400000,4.319275,-1.139229,0.599399,-2.172302,-1.439398,-0.670206,-1.394768,0.332515,-1.347695,0.629625,-0.504156,-1.106365,-2.070716,-1.563020,-1.991698,-1.923956
3769,12.420000,3.741662,-1.357362,0.445661,-2.415728,-1.806737,-0.038898,-0.793485,0.515895,-1.172066,0.595487,-0.567085,-1.414238,-1.782539,-1.668478,-2.122663,-1.661939
3770,12.440000,3.040003,-1.489165,0.283627,-2.421447,-2.105642,0.618116,-0.101990,0.532596,-0.953742,0.395151,-0.488383,-1.479198,-1.286697,-1.783370,-2.390941,-1.164299
3771,12.460000,2.582139,-1.511372,0.062419,-1.896938,-2.169577,0.955986,0.409495,0.245530,-0.846225,0.047227,-0.394794,-1.320588,-1.259125,-1.945681,-2.913064,-0.973546
3772,12.480000,2.016527,-1.485550,0.004979,-1.405498,-2.151455,1.177400,0.658154,0.119414,-0.788898,-0.106235,-0.323424,-1.272915,-1.436413,-2.152935,-3.313143,-1.000121
3773,12.500000,1.800715,-1.645531,0.326503,-1.173719,-2.138097,1.422439,0.324440,0.183481,-0.933996,-0.042784,-0.318072,-1.302840,-1.651293,-2.158895,-3.313406,-0.999375
3774,12.520000,1.968481,-1.865727,0.514236,-1.119906,-2.063151,1.387619,-0.256008,0.291925,-1.044255,0.073087,-0.321087,-1.252450,-1.824482,-1.813528,-3.051656,-0.863939
3775,12.540000,2.151244,-1.891378,0.635992,-1.127335,-1.848518,0.985693,-0.624796,0.287830,-1.048865,0.208914,-0.430465,-1.230344,-1.793285,-1.416867,-2.843582,-0.722405
3776,12.560000,2.098716,-1.577400,0.746730,-1.346930,-1.682447,0.390359,-0.440794,0.002268,-1.059368,0.345845,-0.614456,-1.223861,-1.783121,-1.387630,-2.943373,-0.970413
3777,12.580000,2.124439,-1.518752,0.961131,-1.505994,-1.548840,0.472189,-0.446929,-0.026065,-1.216601,0.465663,-0.591807,-1.186564,-1.850575,-1.612334,-2.877947,-1.236937
3778,12.600000,2.339848,-1.561983,1.228063,-1.510566,-1.522563,0.775452,-0.633259,0.099813,-1.373476,0.452591,-0.521591,-1.128375,-2.089967,-1.836699,-2.672764,-1.491227
3779,12.620000,2.429645,-1.606255,1.258538,-1.615602,-1.610229,0.952588,-0.774929,0.226757,-1.345403,0.478911,-0.435946,-1.151322,-2.228052,-1.773777,-2.457252,-1.521121
3780,12.640000,2.398306,-1.654799,1.222001,-1.712019,-1.685690,1.108324,-0.829900,0.275952,-1.318784,0.552674,-0.407601,-1.213661,-2.255723,-1.559149,-2.326596,-1.375870
3781,12.660000,2.259387,-1.673942,1.068579,-1.779866,-1.796394,1.191767,-0.803919,0.263014,-1.240886,0.631874,-0.323623,-1.203840,-2.261558,-1.337578,-2.368177,-1.193784
3782,12.680000,2.065281,-1.672751,0.833341,-1.780608,-1.856366,1.356283,-0.789847,0.211336,-1.121009,0.729190,-0.276833,-1.229019,-2.265869,-1.190049,-2.539864,-1.047615
3783,12.700000,1.945229,-1.736726,0.501265,-1.617824,-1.827884,1.622165,-0.865394,0.147810,-0.987651,0.830134,-0.236677,-1.263184,-2.429983,-1.012349,-2.766878,-0.910214
3784,12.720000,1.554080,-1.706858,0.048764,-1.362185,-1.818346,1.832128,-0.867179,0.102281,-0.765749,1.036704,-0.170405,-1.304593,-2.583913,-0.868918,-3.038717,-0.813243
3785,12.740000,0.652236,-1.562673,-0.508217,-0.963373,-1.853763,2.015019,-0.663869,0.060932,-0.506928,1.410963,-0.041423,-1.356258,-2.559516,-0.864441,-3.314142,-0.789785
3786,12.760000,-0.371161,-1.438563,-1.002116,-0.462039,-1.866837,2.466508,-0.519798,0.013772,-0.303785,1.917876,0.120751,-1.401052,-2.428074,-0.868156,-3.531111,-0.807836
3787,12.780000,-1.160874,-1.306328,-1.212856,0.033161,-1.802646,2.865480,-0.484121,-0.081224,-0.149855,2.280039,0.203689,-1.386049,-2.307205,-0.773542,-3.786807,-0.966089
3788,12.800000,-1.410585,-1.418060,-1.236336,0.392999,-1.650775,3.005485,-0.599880,-0.120045,-0.020940,2.287129,0.144081,-1.298382,-2.202638,-0.544059,-3.949934,-1.159940
3789,12.820000,-0.784848,-1.383140,-0.821782,0.083168,-1.699217,2.906969,-0.745991,-0.270021,-0.010142,1.934257,-0.207657,-1.287559,-2.494433,-0.651113,-3.968708,-1.571782
3790,12.840000,0.609901,-1.683715,-0.240803,-0.397305,-1.634096,2.438710,-0.947975,-0.278072,-0.245953,1.153699,-0.452157,-0.937765,-2.879575,-0.790448,-3.820185,-1.898965
3791,12.860000,2.131185,-2.389728,-0.050004,-0.628777,-1.465082,1.806377,-0.933805,-0.101078,-0.613628,-0.035658,-0.521893,-0.499151,-3.044800,-0.636497,-3.228188,-1.723985
3792,12.880000,3.082392,-2.383186,-0.035076,-1.006820,-1.469622,1.097152,-0.410451,-0.022864,-0.939209,-1.069243,-0.580638,-0.337109,-2.951390,-0.436202,-2.195048,-1.435603
3793,12.900000,3.577478,-2.308214,-0.231012,-1.582372,-1.544812,0.142162,0.072151,0.015836,-1.056463,-1.600534,-0.461809,-0.189737,-2.754327,-0.244238,-1.287185,-1.069552
3794,12.920000,3.752212,-2.114223,-0.257520,-2.062220,-1.486890,-0.579176,0.131941,0.074238,-0.961516,-1.654536,-0.333392,-0.148783,-2.558111,-0.071451,-0.875309,-0.442181
3795,12.940000,3.879287,-2.022805,-0.290563,-2.415436,-1.216025,-1.077222,-0.039191,0.167339,-0.707609,-1.364421,-0.229116,-0.181717,-2.524248,-0.274342,-0.848035,-0.008910
3796,12.960000,3.991494,-2.076465,-0.223457,-2.527262,-0.816584,-1.183364,-0.420764,0.309233,-0.395377,-0.854221,-0.149009,-0.290236,-2.363916,-0.714940,-1.044840,0.135775
3797,12.980000,3.720762,-1.822136,-0.401805,-2.392043,-0.624379,-0.947166,-0.791272,0.409060,-0.230895,-0.149059,-0.274587,-0.502151,-2.306038,-1.272142,-1.274590,0.104691
3798,13.000000,3.177516,-1.659729,-0.587863,-2.314657,-0.787339,-0.557892,-0.826079,0.323038,-0.183402,0.629826,-0.260460,-0.722664,-2.247734,-1.596330,-1.504075,0.035394
3799,13.020000,1.897598,-1.302676,-0.920311,-1.979397,-0.970095,0.192617,-0.497611,0.073252,-0.122816,1.530326,-0.028889,-0.896874,-2.044865,-1.735251,-1.918348,-0.153939
3800,13.040000,0.006771,-0.699027,-1.058112,-1.412690,-1.197017,1.536397,-0.078886,-0.298895,0.107546,2.572813,0.122968,-1.209274,-1.861441,-1.935648,-2.786745,-0.751000
3801,13.060000,-1.481672,-0.370922,-1.019127,-0.909065,-1.427595,2.602605,0.181706,-0.586054,0.249457,3.297512,0.114588,-1.470831,-2.107530,-2.367908,-3.871964,-1.807265
3802,13.080000,-1.931588,0.077481,-0.657310,-0.485448,-1.565616,2.585965,0.460998,-0.816378,0.283942,3.364813,-0.014433,-1.407472,-2.659869,-2.877411,-4.761916,-2.856544
3803,13.100000,-1.181006,-0.197038,-0.173605,-0.451426,-1.564513,1.954540,0.528232,-0.800742,0.190044,2.637915,-0.226585,-1.134736,-3.086966,-3.138638,-4.936157,-3.602534
3804,13.120000,0.863589,-0.678186,0.544354,-0.984711,-1.486621,0.992416,0.439397,-0.622874,-0.038473,1.306937,-0.555225,-0.715355,-3.446285,-2.858506,-4.581269,-3.877199
3805,13.140000,2.899199,-1.044114,1.011093,-1.826832,-1.270574,-0.076790,0.680975,-0.480685,-0.303657,-0.121402,-0.658533,-0.284361,-3.689612,-2.164851,-4.142856,-3.812918
3806,13.160000,4.294357,-1.353149,0.281622,-2.587423,-0.990531,-1.170324,1.155986,-0.339879,-0.546588,-1.284015,-0.324538,0.027404,-3.984618,-1.502587,-3.398715,-3.327771
3807,13.180000,5.028697,-1.368119,-0.000336,-2.655065,-0.661396,-1.251228,1.535886,-0.102957,-0.715309,-2.280183,-0.118568,0.175863,-4.423006,-1.232730,-2.441754,-2.562421
3808,13.200000,4.612367,-1.331321,-0.208732,-1.478126,-0.242484,-0.821888,1.231711,0.131789,-0.842423,-2.755361,0.034132,0.258431,-4.631469,-1.177788,-1.840037,-1.796964
3809,13.220000,3.744596,-1.171466,-0.218845,-0.588930,-0.390378,-0.381330,1.084239,0.373236,-0.645233,-2.911819,-0.033197,0.149868,-4.528481,-1.350762,-2.007118,-1.300732
3810,13.240000,2.405781,-1.131361,-0.311732,0.028593,-0.549686,0.543312,0.969076,0.196521,-0.627564,-2.021341,-0.361674,-0.238862,-4.239773,-1.687500,-2.425285,-1.327511
3811,13.260000,0.918337,-0.646175,-0.341896,0.106075,-0.514970,1.191614,1.109702,0.220939,-0.214216,-0.693986,-0.315177,-0.566084,-3.815186,-2.297026,-3.316547,-1.616625
3812,13.280000,-0.502612,-0.154088,-0.399383,0.006776,-0.470213,1.783993,1.365452,0.007394,0.226205,0.650760,-0.231098,-0.810610,-3.357861,-3.081859,-4.266306,-1.996808
3813,13.300000,-1.604566,0.348680,-0.334929,-0.006324,-0.439771,2.240983,1.564989,-0.157605,0.545954,1.611306,-0.136812,-0.887562,-3.068334,-3.668057,-4.821844,-2.467959
3814,13.320000,-1.823241,0.711495,0.089017,-0.355666,-0.623873,1.923801,2.311542,-0.039691,0.503277,1.665098,-0.138936,-0.758719,-2.591226,-4.385401,-4.261184,-2.842005
3815,13.340000,-1.302452,0.524590,0.767049,-1.153535,-1.011133,0.554881,3.741676,0.369835,0.155275,0.879562,-0.129666,-0.406534,-1.549060,-5.009321,-2.864556,-2.958976
3816,13.360000,-0.327390,0.409775,0.736116,-1.848504,-0.869201,-0.152133,4.299009,0.516318,0.087607,0.386989,-0.152207,-0.008884,-1.106709,-4.786118,-1.798939,-2.702701
3817,13.380000,0.429516,0.459265,0.351575,-1.867184,-0.657487,-0.237801,4.410421,0.447063,0.397308,0.022277,0.233023,0.419218,-1.051390,-4.263029,-1.252224,-2.584889
3818,13.400000,1.061607,0.383789,-0.293727,-1.614292,-0.436671,-0.167165,4.349334,0.277589,0.793939,-0.457540,0.828910,0.679229,-1.367151,-4.033227,-1.351589,-2.474976
3819,13.420000,0.806849,0.604414,-0.581623,-0.791611,-0.234768,0.473532,4.214530,0.289293,1.186202,-0.814420,1.379369,0.912537,-1.483263,-3.428257,-1.795666,-2.215347
3820,13.440000,-0.233409,0.951259,-0.762338,-0.023493,-0.469377,1.570730,4.702754,0.311209,1.557866,-0.749638,1.444163,0.274768,-1.618549,-2.927447,-2.253353,-1.874478
3821,13.460000,-1.929182,1.128590,-1.071671,0.834232,-0.604230,2.637208,5.645236,0.176497,1.566991,-0.606239,1.388976,-0.573393,-1.763441,-2.651448,-2.981854,-1.694467
3822,13.480000,-3.213441,1.328222,-1.096598,1.035377,-0.503787,3.017035,6.637018,0.319474,1.862466,-0.816369,1.202386,-0.941252,-1.540518,-2.489741,-3.211717,-1.555089
3823,13.500000,-3.443488,1.104652,-0.885472,0.700898,-0.474620,2.775132,6.498290,0.289285,1.632075,-0.878934,0.909104,-1.010587,-1.473751,-2.303246,-2.938120,-1.449737
3824,13.520000,-3.417623,0.898015,-0.855784,0.369577,-0.413204,2.544378,6.449026,0.638658,1.798398,-0.772479,0.991520,-0.679487,-0.743471,-1.927271,-2.236734,-0.845324
3825,13.540000,-2.533473,0.540627,-0.605188,-0.088631,-0.142049,2.197380,5.422531,0.655818,1.409013,-0.366874,0.860775,0.080815,-0.367514,-1.420825,-1.594202,-0.308745
3826,13.560000,-0.031226,0.195862,-0.032306,-1.021743,0.238162,0.499575,3.423830,0.810971,1.442010,0.140354,1.520709,2.702552,0.185626,-0.509508,-0.668190,0.056037
3827,13.580000,3.247438,0.002740,0.510424,-1.740347,0.051201,-0.797900,-0.091567,1.177791,1.491006,1.898155,1.826647,5.322630,1.112963,-0.081301,1.067496,-0.754071
3828,13.600000,5.564222,-0.382841,0.604723,-0.641087,-0.235820,-1.250660,-4.298985,1.739204,0.505170,3.258160,1.207946,6.123155,1.761234,-1.242775,2.266541,-2.499238
3829,13.620000,6.518234,0.009240,0.781897,1.212319,-0.023326,-1.057680,-7.370838,1.918565,-1.035149,3.696538,0.642736,6.263230,1.741040,-2.179558,2.676517,-3.165595
3830,13.640000,5.060230,1.041368,0.837296,0.740256,-0.041058,-0.432408,-6.255797,1.427376,-0.255934,3.095786,0.338489,5.655686,2.749443,-1.977912,2.539308,-2.621403
3831,13.660000,3.459789,1.748029,0.958316,-0.405728,0.694595,-0.178441,-3.596056,0.137155,-0.162310,2.179751,0.638777,6.192395,4.404122,-1.298670,3.064327,-3.289475
3832,13.680000,2.536307,1.290292,1.059341,-0.975231,0.842011,-0.241310,-0.266701,-0.783536,-0.484816,0.412167,0.574629,5.688593,4.557148,-1.111186,3.655839,-4.020015
3833,13.700000,1.639287,1.219677,0.420042,-0.899484,0.525979,0.320516,3.003423,-1.054252,-0.197951,-1.708078,0.350801,3.955189,3.469307,-1.336038,3.894846,-3.726238
3834,13.720000,0.743529,0.618720,-0.247988,-1.387432,0.071889,0.758084,6.650407,-0.839750,0.382013,-3.999874,-0.487197,-0.101781,2.013873,-1.580279,3.703002,-1.894616
3835,13.740000,-1.323452,1.554346,-0.189465,-1.083805,-0.582252,0.830548,7.865367,0.324055,1.883035,-4.025352,-0.061113,-1.484445,1.429032,-0.747609,3.703613,0.220242
3836,13.760000,-4.262718,1.112985,-0.824799,-0.055897,-0.565332,1.107339,7.380343,0.797503,2.698751,-2.888174,1.116401,-1.210427,1.239972,-0.700648,3.340721,0.479100
3837,13.780000,-5.090930,0.113319,-1.098043,0.148509,-0.200766,0.890293,6.244809,0.456677,2.403748,-2.991274,1.703612,-0.873081,1.766079,-0.492504,3.480982,0.293742
3838,13.800000,-5.145727,-0.521374,-1.453989,0.142760,0.840257,1.979308,5.418414,0.367030,2.149357,-2.590136,1.365409,-0.372592,1.912088,0.231853,3.983787,0.151508
3839,13.820000,-3.709554,-0.167768,-0.793879,0.265939,1.725722,2.111653,3.536555,0.167657,2.182647,-1.738893,1.359077,1.979131,1.759028,1.671060,3.654448,0.323418
3840,13.840000,-1.783681,0.436829,-0.096647,0.033672,1.795791,0.986237,1.718330,0.281861,2.010764,-0.401822,1.431813,4.690794,2.136899,2.593806,3.405288,0.388862
3841,13.860000,1.147931,0.511864,0.277097,-0.545154,0.841716,-0.480078,-0.773925,1.196194,2.356388,1.047336,1.901133,6.653959,2.431152,2.178293,3.508542,-0.562094
3842,13.880000,3.763195,0.110299,0.383875,0.585053,-0.078880,-1.131061,-4.692884,1.701290,1.138640,2.796487,1.536058,7.317888,2.704014,0.853580,4.067029,-1.435247
3843,13.900000,5.171858,-0.126311,0.572713,2.636857,-0.523854,-1.446570,-7.697329,1.900639,-0.812420,3.084113,1.383510,7.351261,2.331510,-0.438900,3.978237,-1.273600
3844,13.920000,5.346488,0.863452,0.783716,2.513412,-0.248135,-0.952431,-7.647042,1.580354,-0.533246,2.259841,1.248518,7.207719,2.937710,-0.031496,3.733035,-0.432061
3845,13.940000,4.132276,1.166350,0.518248,0.449868,0.088513,-0.602824,-4.299619,0.350052,0.043545,0.742836,1.918972,7.450736,4.058687,0.709642,4.399748,-0.542030
3846,13.960000,2.706745,0.678197,0.154318,-0.789459,0.744168,-0.138195,-0.073909,-0.655089,-0.008399,-1.474989,1.309799,7.048635,4.784499,1.199494,5.001175,-1.591372
3847,13.980000,2.294335,0.528743,-0.022972,-1.007764,0.600635,-0.059449,2.902301,-1.255854,-0.205919,-3.410010,0.991027,5.588530,4.482646,1.257219,5.329868,-2.092452
3848,14.000000,1.293417,0.553338,-0.560799,-1.431484,0.531044,0.104658,6.148809,0.020455,1.418458,-4.876635,0.172809,1.686832,4.241079,1.067999,5.519667,-0.253177
3849,14.020000,0.210576,0.928666,-0.705055,-1.402589,-0.425460,-0.141250,8.024766,1.281057,2.858759,-5.589110,-0.146194,-1.474064,3.673183,0.518716,4.666378,1.955252
3850,14.040000,-1.947591,1.009728,-0.766324,-0.263249,-0.518955,0.023268,7.838897,1.483549,3.605385,-4.460604,0.768403,-1.504632,2.619386,0.023330,2.520217,2.329141
3851,14.060000,-4.502962,0.731017,-1.222872,0.113388,-0.356184,0.164667,7.451884,1.518808,3.520091,-2.969060,1.858293,-1.144388,2.039236,-0.618611,1.581597,1.599835
3852,14.080000,-5.336543,0.252319,-1.422621,0.133185,0.169656,1.410775,7.041324,0.980914,2.802997,-2.737964,1.765424,-1.091774,1.982067,-0.041659,2.232979,1.028189
3853,14.100000,-4.637704,0.115762,-1.331047,0.022536,1.176135,2.315229,5.839173,0.669751,2.720315,-2.271374,1.690566,0.382182,2.019613,1.240903,3.128519,0.903494
3854,14.120000,-3.166454,0.186697,-0.753188,-0.224437,1.528050,2.631552,3.821101,0.310241,1.749594,-0.524775,1.031761,2.696039,1.996285,2.390659,4.190386,1.281957
3855,14.140000,-0.660491,0.598789,-0.061715,-0.782621,1.561371,0.471593,1.962383,0.616037,2.108917,0.497094,1.576514,5.373808,2.576020,2.946412,4.079836,1.287238
3856,14.160000,2.764905,0.235143,0.194718,-1.166918,0.705327,-0.682064,-1.164060,1.273128,1.786573,2.150661,1.558450,6.782625,3.140165,1.854590,4.529384,0.212327
3857,14.180000,5.163855,-0.081951,0.446464,0.682604,-0.274356,-1.531612,-5.445843,1.855040,0.522452,3.247720,1.223467,7.062037,3.046619,0.175605,4.660549,-0.873354
3858,14.200000,6.440255,0.392554,0.735456,2.443860,-0.026881,-1.234410,-8.064948,1.604570,-1.125432,3.032097,0.904592,7.309496,2.434510,-0.525275,3.957174,-0.829271
3859,14.220000,5.935181,0.813993,0.616820,1.526731,0.032202,-0.760158,-6.701437,1.070305,-0.511662,1.747011,0.865408,6.790307,2.955888,-0.160385,3.784489,-0.293010
3860,14.240000,4.421843,0.916293,0.327738,-0.332710,0.382702,-0.398383,-3.091284,-0.037533,-0.234517,0.154653,0.958943,6.672234,4.006980,0.466045,4.267844,-0.670609
3861,14.260000,3.262150,0.603205,-0.007156,-0.896216,0.334035,-0.512528,0.405784,-1.074393,-0.447847,-2.326770,0.981212,5.807316,4.256919,0.951318,4.719512,-1.098757
3862,14.280000,2.728609,0.354888,-0.203788,-1.456976,0.099963,-0.508414,4.249947,-1.081240,0.019569,-4.852133,0.340985,2.423374,4.097003,1.024526,4.708262,-0.136887
3863,14.300000,1.903969,0.514109,-0.120173,-1.643348,-0.747523,-0.709900,7.272532,-0.750681,0.435299,-6.618222,-0.330631,-1.160139,3.788236,1.193287,4.026710,2.280324
3864,14.320000,-0.158945,1.057517,0.100062,-1.225884,-0.818539,0.035867,7.263740,0.814417,2.288884,-4.718071,-0.104060,-1.271100,3.346754,1.442603,3.723801,3.338554
3865,14.340000,-3.938389,1.165866,-0.732691,-0.177301,-0.268649,0.761501,6.899515,0.941019,2.943628,-2.432286,1.283295,-0.848914,2.448731,1.013609,3.032230,2.727220
3866,14.360000,-5.015748,0.372364,-1.244266,0.265481,0.316875,1.707808,6.298911,0.454129,2.456004,-2.207008,1.658236,-0.734564,1.934363,0.976222,3.008996,1.771843
3867,14.380000,-4.885888,0.290796,-1.366086,-0.000654,0.934037,2.312844,6.039978,0.377628,2.616979,-2.501096,1.578325,-0.684572,2.048258,1.457093,3.442289,1.228687
3868,14.400000,-4.110264,0.148638,-0.982940,-0.025049,1.232257,3.024278,4.727351,0.033530,1.755337,-1.505642,1.030971,0.122946,1.526943,1.820464,3.561191,1.060068
3869,14.420000,-2.352033,0.292806,-0.406694,-0.706057,1.044059,2.921574,2.478887,-0.047975,0.838032,0.337843,0.102051,1.226291,1.814913,2.312109,3.924013,1.687007
3870,14.440000,1.188667,0.579618,0.378365,-1.494789,1.030341,0.118439,0.013502,0.253664,0.886192,1.255274,1.161312,3.776778,2.521940,2.503677,3.916769,2.258660
3871,14.460000,5.413925,-0.046123,0.789460,-1.080614,0.275269,-0.793193,-3.445822,0.838964,0.390385,2.466090,1.281698,5.223641,2.685279,1.551890,4.517329,2.180466
3872,14.480000,7.147796,-0.370599,0.901939,1.299148,-0.472282,-1.238221,-6.781867,1.132842,-1.031672,2.531741,1.031426,5.470247,1.577287,0.370668,4.449020,1.516237
3873,14.500000,7.392921,-0.254230,0.599605,1.859571,-0.486182,-0.950758,-7.799388,1.262430,-1.065087,1.900285,0.969382,5.418727,1.400354,0.012984,3.578910,1.569321
3874,14.520000,5.842325,0.306790,0.808502,0.229216,-0.541052,-0.770360,-5.481238,0.385222,-0.405769,0.561086,1.014528,4.783938,2.675910,1.011900,3.978293,1.910879
3875,14.540000,4.213864,0.475219,1.036821,-1.025735,-0.078438,-0.747495,-1.642839,-0.911989,-0.319144,-1.713259,1.003887,4.117610,4.139425,2.266879,4.718211,1.919825
3876,14.560000,2.774758,0.315650,0.353502,-0.971663,-0.245251,-0.840893,2.178837,-1.407344,-0.076994,-4.667994,1.037272,2.406150,4.369092,2.744488,4.305711,1.883938
3877,14.580000,1.947293,0.308862,-0.257578,-0.766755,-0.412681,-0.581238,5.358978,-1.407232,0.168266,-6.344560,0.102289,-0.077526,3.576284,2.501447,3.018306,2.960829
3878,14.600000,0.075737,0.600724,-0.220214,0.613895,-0.368428,0.368410,6.042591,-1.734385,0.142781,-5.513930,0.810416,0.044385,2.218924,3.079893,1.888898,3.149948
3879,14.620000,-3.872636,1.142855,-0.791112,1.768106,-0.021992,3.299937,6.267709,-0.961778,1.398635,-2.484426,1.015020,-0.466446,0.700486,3.475445,1.319395,2.452010
3880,14.640000,-5.547019,1.189898,-1.160457,1.620394,0.314426,4.002282,6.153198,-0.654923,2.193171,-1.352438,1.217198,-0.649055,0.263158,3.134814,1.011832,1.583915
3881,14.660000,-6.154900,1.045099,-1.341589,1.274465,0.609557,4.446295,6.280694,-0.561841,1.768869,-1.185789,0.924192,-0.780049,0.458209,2.703897,1.478495,1.389352
3882,14.680000,-6.001850,0.866775,-1.194420,0.619704,0.445336,4.398833,5.605399,-0.408723,1.186007,-0.748565,0.317416,-1.144915,0.641573,1.562228,1.905758,1.131653
3883,14.700000,-4.539753,0.613520,-0.693971,-0.351111,0.057268,3.833739,4.342299,-0.205699,0.756033,-0.458798,0.145455,-0.798303,0.877036,0.491250,2.014054,1.124964
3884,14.720000,-1.466792,0.183478,-0.049628,-1.928408,-0.331089,2.427131,2.236576,0.167308,0.299113,0.190027,-0.002678,0.348778,1.331423,0.087787,2.158982,1.673688
3885,14.740000,3.723796,-0.233802,1.029891,-3.770971,0.003188,-0.245236,-0.550755,0.452930,-0.112683,1.049840,0.425123,2.250073,1.790368,0.430148,2.453902,2.267780
3886,14.760000,7.320925,-0.589336,0.968508,-3.307729,-0.040041,-0.803288,-3.335209,0.786174,-0.679784,2.336054,0.288755,3.779559,2.447357,-0.207076,3.396304,1.779116
3887,14.780000,8.262569,-0.940234,0.322009,-1.958612,-0.186755,-0.778067,-5.361437,1.496230,-0.595756,3.106175,-0.124895,3.833947,2.045218,-1.773763,3.610182,1.078727
3888,14.800000,8.195730,-0.756015,0.799849,-1.388409,-0.265639,-0.701096,-6.542917,0.982691,-0.847817,2.302346,-0.356796,3.436187,1.828779,-1.620622,3.934450,0.427986
3889,14.820000,7.253785,-0.388639,1.239587,-2.496256,-0.350430,-0.992069,-5.073784,0.337522,-0.503150,0.986883,-0.202149,2.794725,2.357281,-0.595423,4.305744,0.523287
3890,14.840000,4.779531,0.022893,1.100648,-2.878708,-0.674221,-0.991104,-2.289364,-0.252576,-0.244406,-0.663640,-0.259178,1.641063,2.736291,-0.259560,3.751741,0.180265
3891,14.860000,2.491695,-0.188079,0.332354,-2.476722,-0.759531,-0.831826,1.712056,-0.638207,0.043898,-3.420786,-0.352445,0.105410,2.718567,-0.854934,2.528374,0.317497
3892,14.880000,1.541417,-0.204979,0.178994,-1.614116,-1.103961,0.271686,3.991077,-1.139944,0.096458,-4.182160,-0.175430,-0.349970,1.406014,-0.866789,1.657275,0.774782
3893,14.900000,-1.297420,-0.108762,-0.441168,0.607900,-0.943259,2.532479,4.987712,-1.595914,0.231943,-2.889973,0.631101,-0.367167,-0.279089,0.084808,0.762197,0.705809
3894,14.920000,-4.364375,0.248761,-0.880349,2.805937,-0.980673,4.381162,4.648578,-1.871392,0.400097,-0.924489,1.144581,-0.653652,-0.642910,1.150863,-0.379451,0.514854
3895,14.940000,-6.034299,0.734287,-1.102185,2.824827,-0.850400,4.919167,4.208207,-1.620100,0.701607,0.048712,0.924339,-0.995992,-0.568210,1.275638,-0.803436,-0.185060
3896,14.960000,-6.337196,1.097999,-1.150624,1.842795,-0.692373,4.362212,3.885062,-1.115282,0.522051,0.439963,0.652332,-1.021303,-0.184822,0.722205,-0.538497,-0.432072
3897,14.980000,-6.239637,1.122346,-1.033594,1.218158,-0.577994,3.900905,3.431086,-0.870690,0.252338,0.803250,0.257607,-1.062102,0.060000,0.322184,-0.331281,-0.620927
3898,15.000000,-4.401577,0.793288,-0.560289,0.164141,-0.638547,3.195160,2.244265,-0.693310,-0.138387,0.729922,0.151877,-0.663473,-0.066161,-0.205610,-0.102730,-0.738172
3899,15.020000,0.937070,-0.540472,0.417935,-1.782372,-0.346112,1.453677,0.255874,-0.552557,-0.544636,-0.435445,0.103539,0.193758,-0.919992,0.056576,0.365209,-0.114908
3900,15.040000,5.364134,-0.928329,0.655312,-3.826651,0.142221,-0.272752,-0.979397,0.021181,-0.679740,0.240053,0.120992,0.771897,-0.371034,0.529859,0.890852,0.772467
3901,15.060000,7.640852,-0.487011,0.667515,-3.433302,0.151845,-0.581723,-2.995339,0.231054,-0.957435,1.870543,-0.361392,2.061462,0.432571,-0.288131,1.852293,0.838974
3902,15.080000,8.265185,-0.860084,1.336153,-1.912517,-0.255831,-0.979121,-5.812930,0.763643,-1.049874,2.078595,-0.206558,2.886075,0.225828,-0.613006,3.185298,0.730869
3903,15.100000,7.392082,-0.649624,1.395599,-2.024405,-0.579157,-0.996937,-5.877784,0.986287,-0.502438,1.919862,-0.249645,2.575504,1.423317,0.184212,3.918070,1.383734
3904,15.120000,5.196349,0.175064,1.588395,-2.151796,-0.499659,-0.743809,-4.300891,0.422048,-0.125963,1.346341,-0.167315,2.466457,3.104492,1.185082,4.074269,1.219724
3905,15.140000,2.261333,0.802662,0.934263,-1.047688,-0.203297,-0.362747,-1.506754,-0.023930,0.169617,-0.317839,-0.094294,2.034274,3.781462,1.288600,3.316978,0.520193
3906,15.160000,0.880714,0.612101,0.430004,-0.643909,-0.228365,-0.349548,2.505021,-0.449514,0.398636,-2.722615,-0.033137,0.994878,3.498877,1.345093,2.922421,1.319173
3907,15.180000,-0.318574,0.729477,-0.498268,-0.082943,-0.221659,0.444512,5.489750,-0.858649,0.697936,-3.986987,-0.119012,-0.170440,2.255371,1.387283,2.500958,2.426943
3908,15.200000,-2.153615,0.956175,-0.682070,1.064470,-0.012689,1.288737,6.541031,-1.198287,1.204183,-3.213421,0.571324,-0.435272,1.479695,2.491239,1.970938,3.017966
3909,15.220000,-3.564902,1.142852,-0.894587,1.144564,0.492243,1.767092,5.944674,-1.084677,2.448597,-1.768056,0.873923,-0.486716,1.545543,3.872842,1.763257,3.270474
3910,15.240000,-4.560916,1.356574,-1.153687,0.420004,1.013302,2.394473,5.736582,-0.077472,3.597409,-0.954617,1.031557,-0.383545,2.586251,4.408014,2.456560,3.493099
3911,15.260000,-4.650379,1.180668,-1.214896,-0.383929,1.366154,2.721936,5.186932,0.373874,3.370376,-0.469366,0.946236,-0.144006,3.104630,4.290998,3.491201,3.895369
3912,15.280000,-3.662503,0.777737,-1.023147,-1.104230,1.445221,3.002708,3.829528,0.506885,2.458668,0.118276,0.565208,0.497059,3.633933,4.091894,4.504066,4.358206
3913,15.300000,-0.998990,0.487638,-0.304467,-1.674767,1.094609,1.487711,1.827447,0.424705,2.025970,0.343028,1.081551,2.515132,3.683937,3.557805,4.274282,4.163605
3914,15.320000,1.568764,0.361195,-0.109936,-2.841370,0.624471,0.311795,1.001058,1.341185,2.342160,0.766452,1.274507,3.689966,4.321082,3.237077,4.698929,4.586832
3915,15.340000,2.817571,0.127067,0.119010,-2.655416,0.479311,-0.175656,0.218867,1.616705,2.361357,0.834961,1.288047,4.361851,4.010013,2.547943,5.150818,4.250035
3916,15.360000,3.377429,-0.351810,-0.315549,-1.275795,0.142225,-0.691247,-1.303015,2.160725,1.781073,0.887934,0.796716,3.966040,3.145652,0.865013,4.485752,2.860524
3917,15.380000,4.201160,-0.152227,0.093788,0.092497,-0.024336,-1.149456,-3.183437,2.143146,1.112387,0.260071,1.000906,3.946983,2.289810,-0.045878,3.371624,2.259430
3918,15.400000,4.299279,-0.110639,0.263328,1.551231,-0.520900,-1.227840,-4.527515,1.848352,0.316958,-0.532524,0.863843,3.226610,2.085639,-0.059080,2.770779,2.547669
3919,15.420000,3.188578,0.141617,0.547786,1.945974,-0.875069,-1.118256,-3.777622,1.349377,0.090186,-1.518591,0.407149,2.447162,2.626215,0.529764,2.432101,2.675652
3920,15.440000,1.382812,0.422179,0.976680,1.139059,-0.786090,-0.974088,-0.808731,0.234810,0.210664,-3.019960,0.088951,1.616540,3.904753,1.752520,2.485334,2.717407
3921,15.460000,-0.420300,0.581420,1.190012,0.680285,-0.495283,-0.924418,2.355757,0.020435,1.131081,-4.029009,-0.122076,0.640730,4.254050,2.525792,2.257911,2.865006
3922,15.480000,-1.657087,0.828994,1.009536,-0.026541,-0.153939,-0.387318,4.673319,0.720960,3.051003,-3.184089,-0.462922,-0.227919,4.011721,2.611242,1.979762,3.481950
3923,15.500000,-2.528595,1.257614,-0.112008,-0.367984,0.311550,0.283511,5.522478,0.979145,3.526961,-1.557338,-0.042068,-0.314603,3.551248,2.376747,2.059708,3.415977
3924,15.520000,-3.434551,1.416399,-0.577491,-0.591646,0.492625,0.623062,5.438634,0.965009,3.459122,-0.412207,0.466719,-0.284890,2.993589,2.210343,2.183197,3.186161
3925,15.540000,-3.313655,1.220493,-0.693602,-0.840544,0.779589,0.814700,4.616220,0.754872,3.363045,-0.107224,0.877511,-0.112878,2.602387,2.668380,2.476386,2.926998
3926,15.560000,-2.358643,0.630502,-0.595694,-1.158741,0.791879,1.160954,2.900136,0.758779,2.623623,0.470233,0.732633,0.267971,2.780863,3.137938,3.339409,2.905523
3927,15.580000,-0.905796,0.366868,-0.069688,-1.363158,0.774944,1.134530,1.059278,0.851993,2.119810,1.076481,0.763660,1.508110,3.420456,3.734944,4.018429,3.303187
3928,15.600000,0.347059,0.476152,0.428915,-1.445471,0.612247,0.233502,0.097971,1.007284,1.796986,1.227583,0.569399,1.964170,3.959248,3.872665,4.079806,3.652272
3929,15.620000,1.414086,0.364003,0.469947,-1.063179,0.608135,-0.021655,-0.417291,0.954746,1.225071,1.254323,0.685302,2.703988,3.932249,3.414062,4.023550,3.741666
3930,15.640000,2.018949,0.391788,0.411794,-0.591736,0.333437,-0.468911,-1.113677,1.071747,0.866323,1.140522,0.460600,2.475363,3.724780,2.783034,3.966946,3.567711
3931,15.660000,2.769824,0.377947,0.546779,-0.204245,0.464013,-0.666642,-1.710044,0.961571,0.658590,0.717120,0.752815,2.951821,3.383488,2.499952,3.866197,3.460152
3932,15.680000,3.275152,0.236967,0.651790,0.123319,0.219398,-0.793530,-2.032469,0.715969,0.371202,0.138054,0.799290,2.814670,3.199083,2.423910,3.824734,3.441106
3933,15.700000,3.196265,0.188919,0.836991,0.404005,0.070132,-0.852112,-1.824462,0.525600,0.135418,-0.419213,0.638420,2.501647,3.198073,2.557429,3.677644,3.458831
3934,15.720000,2.769239,0.222425,0.844889,0.567213,-0.031265,-0.863156,-1.219090,0.368565,0.075196,-0.984621,0.575165,2.178428,3.335807,2.780669,3.373178,3.513561
3935,15.740000,2.124919,0.356006,1.005088,0.240603,0.003788,-0.725458,-0.144917,0.619961,0.834389,-1.282781,0.527202,1.753953,3.553375,2.881753,2.822102,3.706113
3936,15.760000,1.427473,0.390251,0.852272,-0.150348,0.040304,-0.465974,1.185295,0.661944,1.431113,-1.364496,0.324047,1.159342,3.662833,2.771147,2.428227,3.759021
3937,15.780000,0.758837,0.439468,0.741339,-0.340158,0.259512,-0.144887,2.327043,0.618725,1.726701,-1.494945,0.129369,0.730247,3.432349,2.757979,2.139600,3.724132
3938,15.800000,0.297525,0.487889,0.349480,-0.463520,0.259344,0.136330,3.082754,0.410316,1.450827,-1.157248,0.024274,0.275766,2.947489,2.660483,2.066801,3.582589
3939,15.820000,-0.474480,0.701373,0.371783,-0.607170,0.141093,0.452137,3.752833,0.429304,1.491153,-0.813542,0.089308,0.135546,2.681612,2.644822,2.198247,3.453572
3940,15.840000,-1.072254,0.607296,0.015822,-0.469519,0.036128,0.852572,4.119157,0.251466,1.131282,-0.395021,0.156221,-0.122119,2.333385,2.461981,2.313791,3.075469
3941,15.860000,-1.515189,0.591937,-0.075550,-0.399699,-0.037052,0.997998,4.166167,0.334110,1.002853,-0.145213,0.126320,-0.169601,2.184042,2.298584,2.484182,2.714890
3942,15.880000,-1.704717,0.510506,-0.119076,-0.277842,-0.046821,1.039866,4.017091,0.301022,0.868697,-0.067926,0.214386,-0.074340,2.141917,2.224313,2.644822,2.414521
3943,15.900000,-1.882634,0.674859,-0.077765,-0.284376,-0.005480,1.124928,3.994372,0.378778,1.010898,0.041944,0.304931,0.220661,2.355027,2.503857,2.848512,2.582166
3944,15.920000,-1.657912,0.632783,-0.108307,-0.366163,0.043976,1.145077,3.864136,0.454892,1.176587,0.089706,0.315839,0.408639,2.662272,2.715854,3.006933,2.746515
3945,15.940000,-1.130101,0.547048,-0.043796,-0.482338,0.114769,1.002617,3.359869,0.500034,1.153710,0.078463,0.261661,0.518817,2.764452,2.850938,3.046590,2.847704
3946,15.960000,-0.333888,0.562355,0.089819,-0.502671,0.318808,0.731829,2.615037,0.457562,1.083047,0.080735,0.423117,0.995458,2.849203,3.078545,2.968500,2.991868
3947,15.980000,0.081550,0.992653,0.029997,-0.684785,0.620501,0.153605,2.118909,0.834673,1.964796,0.161554,1.026449,2.002179,3.241379,3.479424,3.068187,3.540102
3948,16.000000,0.156810,1.141287,-0.176500,-0.901479,0.811352,-0.082362,1.696671,1.213950,2.852267,0.446544,1.319014,2.567489,3.483885,3.561268,3.223234,3.768771
3949,16.020000,0.164999,0.948663,-0.392398,-0.738865,1.044818,-0.095233,1.113680,1.500468,3.220567,0.802976,1.490124,2.983084,3.283721,3.184016,3.021971,3.257248
3950,16.040000,-0.036128,0.950709,-0.501174,-0.396451,1.157065,-0.137051,0.408693,1.910111,3.648230,1.088511,1.896093,3.523812,2.845621,2.578375,2.437622,2.335726
3951,16.060000,0.221985,0.784603,-0.334489,0.038784,1.263734,-0.073376,-0.302953,1.722374,3.176895,1.209537,1.649708,3.466991,2.079801,1.102277,1.040349,0.503352
3952,16.080000,0.503555,0.695496,0.023158,0.504243,0.889409,-0.126992,-1.088884,1.551250,2.659405,0.983639,1.091143,2.593400,0.864049,-0.272117,-0.243795,-1.027285
3953,16.100000,0.746098,1.087818,0.409066,0.657484,0.858005,-0.113418,-1.433308,1.365500,2.444659,0.679114,0.974797,2.234153,0.724394,-0.318037,-0.515670,-0.781463
3954,16.120000,0.567352,1.181676,0.565101,0.609153,0.889686,-0.023336,-1.224720,1.232673,2.418967,0.504896,1.070055,2.094829,1.073306,0.052927,-0.430266,0.170821
3955,16.140000,0.101559,1.271454,0.594364,0.424828,0.918857,0.085995,-0.702868,1.213407,2.519824,0.567801,1.119383,2.094585,1.505666,0.416091,-0.236797,0.898428
3956,16.160000,-0.398724,1.379404,0.466756,0.061074,0.991004,0.202378,-0.119403,1.220195,2.788073,0.780570,1.173332,2.133635,1.850763,0.763966,0.155238,1.214699
3957,16.180000,-0.701747,1.416232,0.324295,-0.335754,1.083593,0.259995,0.188708,1.265342,3.109629,1.030530,1.237713,2.188096,1.963526,0.992948,0.521580,1.140943
3958,16.200000,-0.819605,1.348254,0.238816,-0.655081,1.141364,0.284913,0.187889,1.318379,3.354961,1.256532,1.257272,2.191405,1.874513,1.048764,0.761314,0.829300
3959,16.220000,-0.862198,1.318357,0.260836,-0.849980,1.153490,0.280316,0.029108,1.341105,3.497819,1.393679,1.243893,2.164512,1.736889,1.014879,0.858777,0.491010
3960,16.240000,-0.735849,0.870378,0.098971,-1.102558,1.093599,0.264327,-0.246935,1.418707,3.340108,1.581188,1.084249,2.056541,1.603049,0.685259,1.062822,0.043612
3961,16.260000,-0.745907,1.075522,0.276780,-1.046969,1.096185,0.199178,-0.383112,1.375250,3.258597,1.436625,1.025436,2.019125,1.582583,0.624339,0.995584,-0.122701
3962,16.280000,-0.558113,0.940273,0.339171,-0.872963,1.078666,0.260233,-0.495986,1.218859,2.799235,1.304184,0.841635,1.998186,1.207619,0.087221,0.438013,-0.744078
3963,16.300000,-0.036170,0.783614,0.440241,-0.288699,0.933767,0.595724,-0.622177,0.843730,1.554544,1.245467,0.537147,2.072226,0.450194,-0.954458,-0.590291,-1.910192
3964,16.320000,1.348185,0.702506,0.687663,0.557618,0.583064,1.464250,-1.234386,0.260052,-0.051456,1.347583,0.076455,2.051970,-0.698521,-2.288924,-1.663827,-3.300154
3965,16.340000,2.924907,0.428855,0.690196,0.968415,-0.004535,2.171094,-2.044234,0.048630,-0.798634,1.270942,-0.366695,1.327019,-1.990638,-3.058823,-2.053508,-3.975012
3966,16.360000,3.694202,-0.204198,0.485716,1.051132,-0.404697,2.812618,-2.082961,0.039526,-1.135200,0.679245,-0.740936,0.259637,-3.137885,-3.380987,-2.147358,-3.803487
3967,16.380000,3.740468,-0.733082,0.229811,0.824261,-0.608321,2.851425,-1.570289,0.086370,-1.150095,-0.100960,-0.935363,-0.740193,-4.185918,-3.556700,-2.588508,-3.340603
3968,16.400000,2.939326,-0.949185,0.071035,0.951491,-1.098184,2.820136,-0.578954,0.140324,-1.002901,-0.740060,-0.921905,-1.080672,-4.765475,-3.931159,-3.265973,-3.047622
3969,16.420000,0.969999,-0.827241,0.000006,0.641119,-1.735752,1.666018,1.020004,0.083304,-0.607066,-0.888818,-0.714184,-1.263643,-4.529785,-4.430479,-4.060433,-2.847230
3970,16.440000,-1.461882,-0.653330,-0.077814,0.159804,-2.093143,1.126951,2.966960,-0.190710,-0.255904,-0.626304,-0.257792,-1.436939,-3.799637,-4.614052,-4.388229,-2.352343
3971,16.460000,-3.146477,-0.287971,-0.179449,-0.088605,-1.905588,0.933833,4.368188,-0.380109,0.053793,-0.425376,0.469734,-0.961789,-3.072659,-4.503280,-4.161326,-1.962360
3972,16.480000,-3.411521,0.007191,-0.094888,-0.124230,-1.726225,1.187427,4.938932,-0.260949,0.191213,-0.398718,0.805715,-0.641945,-2.502473,-4.396549,-3.495455,-1.969175
3973,16.500000,-2.553769,0.032712,-0.099094,-0.318303,-1.357102,1.434925,4.453842,-0.064130,0.045057,-0.361610,0.828114,-0.406307,-2.271479,-4.167804,-2.654424,-2.193480
3974,16.520000,-0.943808,-0.198331,0.234657,-0.368478,-0.937854,1.066064,2.635491,-0.024108,-0.243783,-0.224921,0.690619,-0.047384,-2.482614,-3.316178,-2.084672,-2.370607
3975,16.540000,1.686921,-0.579572,0.697891,-0.975799,-0.781983,-0.027428,0.211794,0.105487,-0.597483,0.231129,0.452547,0.356849,-2.862340,-2.400546,-1.675059,-2.307332
3976,16.560000,4.775105,-0.874081,1.084520,-1.146325,-0.303751,-1.000314,-2.563940,0.157514,-1.104334,0.917467,0.535098,1.234167,-2.953379,-1.798988,-0.989057,-2.305023
3977,16.580000,6.252819,-0.916214,0.787891,-0.882949,-0.252456,-0.969037,-4.250419,0.564611,-1.186942,1.311831,0.083028,1.620767,-2.381032,-1.997362,0.273135,-2.270522
3978,16.600000,6.095998,-0.635532,0.453150,-1.094993,-0.219507,-0.704736,-4.258265,0.668419,-0.816107,1.132696,-0.185213,1.453042,-1.095002,-1.908335,1.133777,-1.928474
3979,16.620000,5.343919,0.032779,0.349110,-1.256628,-0.018896,-0.569227,-3.721279,0.239194,-0.601041,0.820836,0.141316,1.757097,-0.248185,-1.419902,1.285181,-2.104360
3980,16.640000,4.323936,0.118494,0.003362,-1.252303,-0.068360,-0.491064,-1.535861,-0.116070,-0.427616,-0.199655,0.303960,1.686313,0.034226,-1.108135,0.874689,-2.116516
3981,16.660000,2.950952,0.197716,-0.335600,-0.730064,-0.206331,1.251923,1.075184,-0.369290,-0.094159,-1.389225,0.210490,1.088491,-0.601059,-1.455624,-0.222032,-2.283016
3982,16.680000,0.172374,0.504022,-0.906206,0.371298,-0.675042,3.371413,4.475616,-0.729708,0.331419,-2.112727,0.338166,-0.352006,-1.997379,-2.195836,-1.793566,-2.195078
3983,16.700000,-3.537624,1.208413,-1.184176,1.984104,-1.227579,4.332598,6.579887,-1.081523,0.721550,-1.574569,0.615924,-1.252766,-3.478999,-2.848400,-3.567281,-2.408618
3984,16.720000,-4.609670,1.488847,-0.820031,1.887049,-1.728403,3.317749,6.581190,-1.060482,1.026058,-1.324128,0.574552,-1.381425,-3.781765,-3.448115,-4.068435,-3.226594
3985,16.740000,-4.901614,1.475089,-0.839382,0.372013,-1.980394,2.805890,6.865163,-0.121505,1.115455,-1.088336,0.431629,-1.696110,-2.382075,-4.064991,-2.460972,-3.238347
3986,16.760000,-4.360534,0.780183,-0.795417,-0.565478,-1.674875,2.705784,6.176661,0.418711,0.947247,-0.826694,0.425235,-1.327624,-1.326987,-4.074223,-1.121869,-2.572783
3987,16.780000,-2.227717,-0.059132,-0.313310,-1.373873,-0.800242,1.732770,4.292324,0.262716,0.742481,-0.955267,0.635393,-0.166343,-1.214037,-3.566858,-0.970395,-2.038140
3988,16.800000,0.287990,-0.126361,0.143441,-2.378251,-0.692139,0.590528,2.244924,0.359054,0.666021,-0.138055,0.821457,1.384756,-0.752111,-2.518333,-0.804996,-1.350696
3989,16.820000,3.562940,-0.448746,0.542511,-3.303782,0.079046,-0.303025,0.251831,0.525186,0.827950,0.619917,1.044401,2.908823,0.132124,-1.610416,-0.335369,-0.930963
3990,16.840000,6.532343,-0.572484,0.432649,-2.539460,0.176005,-0.771728,-2.848325,0.838850,-0.066754,1.733153,0.677695,4.051492,0.686105,-2.006052,0.823805,-1.530739
3991,16.860000,7.620303,-0.698188,0.508797,-1.048797,-0.111190,-1.099006,-5.402934,1.346274,-0.613118,1.825581,0.783227,4.592071,0.351242,-2.534683,2.355603,-1.800765
3992,16.880000,7.463122,-0.360852,0.452437,-1.089063,-0.297655,-1.035734,-5.486894,1.183886,-0.284535,1.175709,0.758083,4.144427,0.448829,-2.450635,2.684969,-1.100091
3993,16.900000,6.370004,0.437112,0.436776,-1.715869,-0.044269,-0.996762,-3.949837,0.307932,-0.122534,0.357705,0.822487,4.031913,1.142126,-1.741132,2.980842,-1.304902
3994,16.920000,4.012355,0.766420,0.254833,-1.531114,-0.059326,-0.851483,-1.135824,-0.267614,-0.032499,-1.293348,0.382536,2.768620,1.331573,-1.613321,2.541680,-2.000801
3995,16.940000,2.652292,0.689321,0.246378,-1.691450,-0.246990,-0.827158,2.893636,-0.760782,-0.032658,-3.693987,0.229030,1.135151,1.131754,-1.832551,1.698287,-2.119498
3996,16.960000,1.281215,0.947274,0.125330,-1.024637,-0.641918,-0.072018,5.465451,-1.077812,0.012861,-4.640102,-0.165568,-0.387929,-0.434920,-1.812312,0.697682,-1.379135
3997,16.980000,-1.721375,1.432899,0.002583,0.194582,-0.687858,1.695711,6.497079,-0.367155,1.347950,-2.956636,0.075230,-1.137039,-1.818049,-1.285900,-0.117664,-1.207336
3998,17.000000,-4.226845,1.496802,-0.703441,0.698911,-0.627535,2.783931,6.647524,-0.112964,2.345946,-1.537483,0.864669,-1.233844,-1.702628,-1.343615,-1.024345,-1.382669
3999,17.020000,-5.074102,1.029946,-1.220250,0.697077,-0.501726,3.556157,6.364242,-0.043856,2.034463,-1.259444,1.069939,-1.140080,-0.921541,-1.427707,-0.632197,-1.123668
4000,17.040000,-5.142567,0.816447,-1.253440,0.534661,-0.150439,2.986736,6.124392,0.091924,2.272144,-1.492635,0.932967,-1.134255,-0.421591,-1.678982,-0.627255,-0.974024
4001,17.060000,-4.894009,0.595428,-1.147349,0.312097,-0.022361,3.174580,5.430333,0.171481,1.803296,-0.993730,0.836455,-0.933949,-0.441511,-1.546994,-0.617325,-0.712309
4002,17.080000,-3.409038,0.340985,-0.660611,-0.328806,-0.103684,2.957116,3.628671,0.202914,1.053202,-0.301924,0.507074,-0.362900,-0.386190,-1.316611,-0.489486,-0.495809
4003,17.100000,0.052928,0.078666,0.116334,-1.679483,0.065269,0.847225,1.594095,0.445234,1.144117,0.135525,0.951220,1.739489,-0.326626,-0.714441,-0.443540,-0.042115
4004,17.120000,4.590118,-0.434149,0.656846,-2.889770,0.158801,-0.598283,-1.236569,0.892692,1.161260,1.342099,1.108206,3.675411,0.353133,-0.541376,0.545277,0.239447
4005,17.140000,7.362170,-1.109816,0.609433,-1.558589,-0.113517,-1.082474,-4.823214,1.479385,-0.262202,2.412909,0.599007,4.797251,0.820277,-1.757282,1.990766,-0.853772
4006,17.160000,7.644786,-1.186444,0.432219,0.058978,-0.267597,-0.944132,-6.925033,1.928563,-0.897150,2.840178,0.368956,4.624067,0.071379,-3.132613,2.117152,-1.526154
4007,17.180000,6.568006,-0.278944,0.536828,-0.775308,-0.337801,-0.563031,-6.073751,1.317045,-0.261374,1.962675,0.386802,4.033207,0.669136,-2.957829,2.126899,-1.235241
4008,17.200000,4.451439,0.750522,0.533621,-1.817868,-0.070134,-0.465673,-3.427963,0.074531,0.042691,0.561812,0.573636,3.355018,1.431646,-2.183692,2.419345,-1.857701
4009,17.220000,2.962108,0.537508,0.888423,-2.475236,-0.208920,-0.808440,0.509663,-0.930391,-0.282147,-1.809355,0.308895,1.799886,1.269402,-2.007326,2.160414,-2.645504
4010,17.240000,2.074028,0.513893,0.184007,-1.997269,-0.592483,-0.707038,3.825770,-1.294161,-0.346614,-4.202833,0.045979,0.132052,0.309762,-2.685478,1.092793,-2.490336
4011,17.260000,-0.055331,0.742596,0.058001,-0.326787,-0.897713,0.945732,5.235024,-1.346567,-0.073064,-4.389822,0.005242,-0.226190,-1.130327,-2.062458,0.072830,-1.873865
4012,17.280000,-2.706696,0.737160,0.008165,0.933768,-1.021885,2.279740,5.571237,-1.749591,0.065332,-2.717326,0.489634,-0.665663,-2.537252,-1.204394,-0.506982,-1.984070
4013,17.300000,-4.925084,0.926292,-0.499796,0.823228,-0.939540,3.031080,6.071889,-0.857656,1.097701,-1.408434,0.566376,-1.209870,-2.287685,-1.464331,-0.100680,-1.949432
4014,17.320000,-5.684311,0.945463,-0.769046,0.567610,-0.596323,3.004775,6.543206,-0.318506,1.422951,-1.483494,0.736204,-1.092218,-0.868595,-1.710856,0.930965,-1.521323
4015,17.340000,-5.496392,0.721413,-0.832306,0.084817,-0.464328,2.845123,6.416197,0.124289,1.352456,-1.549071,0.686143,-1.056838,-0.177784,-2.088210,1.534880,-1.077157
4016,17.360000,-5.079998,0.529286,-0.678680,-0.415073,-0.489075,2.442835,5.606495,0.223925,1.186651,-1.196858,0.648951,-0.984377,0.052482,-2.223351,1.547770,-0.838392
4017,17.380000,-3.533546,0.107229,-0.473455,-1.052531,-0.365575,2.016863,4.018300,0.323305,0.909461,-0.639685,0.548956,-0.452498,0.319643,-2.208129,1.367506,-0.665916
4018,17.400000,-0.438175,0.049022,0.208078,-2.204517,-0.172667,0.435848,1.155707,0.308098,0.514624,0.528853,0.520343,1.068148,0.576714,-1.640126,1.341756,-0.579111
4019,17.420000,4.198470,-0.206193,1.167580,-2.335116,0.064453,-0.412475,-2.065708,0.366203,0.125030,1.663103,0.909897,3.230297,0.932756,-1.279168,1.528681,-1.105460
4020,17.440000,7.081888,-0.539727,0.971436,-0.884654,-0.304451,-0.781190,-5.258879,1.062430,-0.947162,2.692478,0.236774,4.209317,1.630077,-2.343147,2.818377,-1.995238
4021,17.460000,7.866027,-0.613568,1.134726,-0.033550,-0.370332,-0.764305,-6.941641,1.390028,-0.964811,2.632808,-0.051492,4.180171,1.342316,-2.804477,3.080988,-1.691210
4022,17.480000,7.190339,-0.020147,1.327442,-1.003072,-0.181037,-0.575427,-6.055819,0.732758,-0.470564,1.824440,0.249465,4.192595,1.885041,-2.091762,3.333810,-1.138859
4023,17.500000,5.439415,0.673559,1.486629,-1.702077,0.010533,-0.629433,-3.845020,-0.163672,-0.337866,0.529885,0.496598,3.952995,2.535461,-1.383562,3.587904,-1.501653
4024,17.520000,4.011722,0.534815,1.202715,-2.056978,0.122531,-0.764356,-0.206530,-0.888251,-0.221566,-1.703203,0.425606,3.060675,2.736597,-1.075809,3.571901,-1.609810
4025,17.540000,2.580129,0.456718,0.088620,-1.701210,-0.445259,-0.508494,3.483154,-1.115678,-0.105369,-4.396717,-0.136619,0.782921,2.057958,-1.749477,2.423078,-1.723931
4026,17.560000,0.922058,0.772222,0.010958,-0.837058,-1.080853,0.379236,5.826151,-1.076760,0.152313,-5.488348,-0.281583,-0.669212,0.617188,-1.617392,1.377657,-0.671765
4027,17.580000,-1.651488,0.886125,-0.074138,0.415061,-1.200254,1.738947,6.272066,-1.413501,0.337488,-3.701210,0.499008,-0.770576,-1.119606,-0.863426,0.614065,-0.542911
4028,17.600000,-4.358156,1.129925,-0.615124,1.182630,-0.540603,3.193516,6.403256,-0.787090,1.686281,-2.061493,1.037592,-0.976271,-1.377627,-0.598891,0.285566,-0.992893
4029,17.620000,-5.408178,1.160129,-0.981398,1.323231,-0.105230,4.049461,6.025436,-0.632599,1.885813,-1.589764,1.242068,-0.857929,-0.787425,-0.339165,0.226472,-1.043041
4030,17.640000,-5.872231,1.050970,-1.106838,1.355768,0.449999,4.514416,5.265417,-0.665753,1.583399,-1.251935,1.021710,-0.828571,-0.698977,0.002773,-0.153358,-0.886780
4031,17.660000,-3.484886,0.741186,-0.669391,-0.583989,1.013603,2.596394,1.807180,-0.106416,1.920437,-0.171080,0.202331,-0.350447,0.189317,1.075171,0.442503,0.296653
4032,17.680000,-1.254328,0.820857,0.210464,-2.343305,1.049218,0.835696,-0.760625,0.626725,3.961771,0.776501,0.479080,0.192337,0.901345,2.000132,0.466754,1.791557
4033,17.700000,0.294901,0.221505,0.348598,-2.805962,0.749494,0.827875,-1.078218,1.024584,3.607195,1.369349,0.396827,0.320745,1.811674,1.883433,1.293695,2.880964
4034,17.720000,1.464259,-0.255955,-0.174600,-2.382286,-0.015566,0.443924,-0.698804,1.544181,2.403425,1.091086,0.154023,0.447351,2.491366,0.666674,2.185927,2.749778
4035,17.740000,2.055821,-0.235394,0.121633,-1.730434,0.122730,-0.124824,-1.004099,1.986284,2.067003,0.723174,-0.005410,1.219676,2.121078,-0.243344,1.561400,1.302700
4036,17.760000,2.478340,-0.095779,0.551435,-0.404847,-0.050180,-0.739400,-2.114434,2.096909,1.363197,0.308091,0.171414,1.890273,1.034387,-1.201259,0.595644,-0.160552
4037,17.780000,2.467026,-0.108865,1.018639,1.319621,-0.493630,-0.979316,-3.606162,1.870184,-0.071530,-0.170868,-0.043421,1.744221,0.266023,-2.072347,0.083257,-1.070235
4038,17.800000,2.069706,0.121525,1.653987,2.387582,-0.823453,-1.061610,-4.151676,1.478450,-0.855753,-0.963560,-0.049389,1.472115,0.274021,-2.086833,0.124939,-1.325576
4039,17.820000,1.501604,0.255164,2.285173,1.770873,-0.857033,-1.006252,-2.532675,0.841673,-0.257559,-1.972573,0.221954,1.066462,0.752776,-1.562881,-0.186430,-1.140087
4040,17.840000,0.669600,0.250459,2.236273,1.234259,-0.226198,-0.598468,-0.318292,-0.002322,0.175052,-2.956879,0.261936,0.915431,1.051278,-0.714265,-0.924475,-0.818473
4041,17.860000,-0.076357,0.395490,1.824038,0.978162,0.293192,-0.325617,0.942973,0.205495,1.494784,-3.105273,0.140076,0.412434,1.026625,-0.170493,-1.617352,-0.325614
4042,17.880000,-0.882927,0.860123,1.294891,0.268598,0.512323,-0.175419,2.038385,0.587181,2.781311,-2.295738,0.144392,0.044682,1.146399,0.324668,-1.419591,0.535602
4043,17.900000,-1.233365,1.345233,0.295934,-0.214349,0.638041,0.145740,2.461164,0.851117,3.053212,-0.974470,0.356916,0.159401,1.694767,0.866404,-0.569638,1.306023
4044,17.920000,-1.177945,1.417699,0.095313,-0.003289,0.681310,0.083120,1.888108,1.012972,2.995534,-0.286681,0.638231,0.525265,1.764503,1.253244,-0.244136,1.428878
4045,17.940000,-0.915374,1.547470,0.286627,-0.317405,0.741201,0.038974,1.195612,1.096453,3.300701,0.451489,0.740228,0.745420,1.634471,1.572223,0.000554,1.295882
4046,17.960000,-0.511281,1.303708,0.499755,-0.267449,0.683375,0.106306,0.265284,1.046474,2.760264,1.008268,0.499193,0.843792,1.443327,1.651528,0.149763,0.901761
4047,17.980000,-0.131018,1.069967,0.757962,0.016357,0.753644,-0.007724,-0.310419,1.083836,2.411547,1.084541,0.535449,1.321311,1.370678,1.362346,0.146190,0.545357
4048,18.000000,0.000935,1.238861,1.064978,0.279505,0.664283,-0.122846,-0.622443,0.971981,2.039532,1.010770,0.457467,1.388481,1.391253,1.052403,0.148440,0.391283
4049,18.020000,0.261233,1.179533,1.072518,0.438705,0.696283,-0.061263,-0.768310,0.822507,1.645603,0.818869,0.463533,1.431542,1.373035,0.824847,0.168819,0.503786
4050,18.040000,0.297684,1.143565,1.025103,0.518889,0.649358,-0.020604,-0.802640,0.677929,1.339157,0.713156,0.425837,1.425814,1.332885,0.737381,0.238508,0.680210
4051,18.060000,0.298062,1.044571,0.955116,0.494622,0.642659,0.078676,-0.580196,0.569952,1.079029,0.641265,0.396666,1.402317,1.281763,0.748901,0.316112,0.849683
4052,18.080000,0.160098,0.939477,0.805015,0.385046,0.599815,0.208990,-0.260249,0.508361,0.950979,0.681196,0.320566,1.272837,1.218074,0.751685,0.407095,0.899188
4053,18.100000,-0.020416,0.925298,0.780740,0.299057,0.638442,0.331720,0.036260,0.451456,0.910089,0.637328,0.300564,1.272146,1.150905,0.838668,0.454021,0.927012
4054,18.120000,-0.169426,0.907451,0.681606,0.216072,0.606476,0.488654,0.274170,0.415532,0.947661,0.621459,0.303748,1.211402,1.041845,0.880917,0.458620,0.883263
4055,18.140000,-0.254111,0.896188,0.617934,0.168315,0.562484,0.643892,0.394724,0.397430,0.982821,0.582756,0.287727,1.100966,0.922193,0.930539,0.443039,0.812789
4056,18.160000,-0.343854,0.854646,0.591858,0.106037,0.525102,0.664160,0.462207,0.374053,0.957750,0.584924,0.253276,0.983313,0.793597,0.899505,0.455425,0.713545
4057,18.180000,-0.410827,0.838952,0.612684,0.084222,0.501189,0.702857,0.526759,0.336423,0.862538,0.544068,0.191288,0.889771,0.699449,0.848866,0.412388,0.651606
4058,18.200000,-0.436413,0.796775,0.641871,0.103828,0.462918,0.754840,0.531199,0.328009,0.750366,0.468778,0.159845,0.787312,0.605250,0.825806,0.370786,0.624843
4059,18.220000,-0.440446,0.729706,0.687772,0.143385,0.398670,0.724720,0.502559,0.310347,0.648861,0.357867,0.138325,0.697548,0.550789,0.788139,0.320836,0.614569
4060,18.240000,-0.500132,0.689200,0.731065,0.152999,0.355177,0.688216,0.551091,0.251817,0.550811,0.290704,0.083201,0.637481,0.541697,0.721827,0.303440,0.597332
4061,18.260000,-0.511105,0.635052,0.745514,0.200442,0.344510,0.708357,0.557759,0.229281,0.412336,0.184438,0.058449,0.563614,0.503576,0.638581,0.297747,0.591518
4062,18.280000,-0.547592,0.577900,0.770401,0.236737,0.304290,0.703500,0.583281,0.211215,0.341742,0.071049,0.047351,0.520899,0.492164,0.606035,0.288806,0.606064
4063,18.300000,-0.564107,0.530517,0.782256,0.295542,0.293560,0.727311,0.593719,0.200904,0.306082,-0.029808,0.032598,0.482608,0.475879,0.584927,0.248851,0.637467
4064,18.320000,-0.596350,0.477895,0.790118,0.310160,0.262210,0.727809,0.617749,0.215349,0.280507,-0.101901,0.030638,0.434794,0.471867,0.548952,0.229676,0.660205
4065,18.340000,-0.654267,0.488133,0.798570,0.287403,0.245442,0.699845,0.682809,0.189146,0.286952,-0.148186,0.024492,0.405235,0.517119,0.555037,0.232417,0.704850
4066,18.360000,-0.632914,0.481900,0.747625,0.292764,0.250312,0.748488,0.717169,0.210777,0.311713,-0.201619,0.053147,0.400223,0.501040,0.546151,0.175004,0.709200
4067,18.380000,-0.700700,0.506080,0.747077,0.268364,0.273207,0.723536,0.749338,0.197643,0.316407,-0.194288,0.065455,0.417115,0.530751,0.570179,0.218948,0.718475
4068,18.400000,-0.731922,0.495363,0.708999,0.190843,0.241064,0.663580,0.807201,0.241087,0.346701,-0.182517,0.057484,0.387665,0.573233,0.570652,0.250818,0.712383
4069,18.420000,-0.694082,0.504345,0.720263,0.197536,0.280773,0.720550,0.783163,0.256678,0.399943,-0.205573,0.112132,0.455772,0.600525,0.610642,0.246164,0.710710
4070,18.440000,-0.712513,0.537694,0.732209,0.166797,0.295553,0.673655,0.770205,0.253261,0.430627,-0.177673,0.135665,0.493141,0.658886,0.664416,0.313645,0.713559
4071,18.460000,-0.731646,0.582401,0.732286,0.154805,0.325740,0.665778,0.771674,0.254423,0.470378,-0.142386,0.160392,0.552469,0.720462,0.706256,0.358338,0.719778
4072,18.480000,-0.735400,0.603266,0.685784,0.113353,0.338325,0.641052,0.768427,0.262829,0.540704,-0.108832,0.173953,0.569111,0.754729,0.760601,0.384308,0.704431
4073,18.500000,-0.728990,0.642793,0.618526,0.077889,0.371825,0.646294,0.752887,0.284390,0.613713,-0.060319,0.194857,0.610047,0.799584,0.787277,0.417524,0.691769
4074,18.520000,-0.718822,0.647408,0.572382,0.051889,0.397982,0.683221,0.714418,0.290461,0.673887,-0.013921,0.201631,0.610587,0.822277,0.812210,0.455836,0.686853
4075,18.540000,-0.669092,0.676165,0.555157,0.038545,0.407162,0.730921,0.658493,0.295986,0.758927,0.017616,0.215654,0.619319,0.809636,0.832352,0.428120,0.670781
4076,18.560000,-0.674481,0.694541,0.555059,-0.016156,0.400441,0.724748,0.644416,0.275473,0.756060,0.057854,0.205980,0.598211,0.796356,0.859153,0.447889,0.664168
4077,18.580000,-0.675008,0.699203,0.576730,-0.036897,0.411278,0.775210,0.642155,0.273392,0.762146,0.092489,0.185283,0.604429,0.800939,0.856260,0.475556,0.676450
4078,18.600000,-0.694104,0.712774,0.566275,-0.055157,0.434446,0.801281,0.632133,0.264694,0.757386,0.124058,0.171099,0.586186,0.811273,0.881211,0.498232,0.687259
4079,18.620000,-0.708886,0.716904,0.536579,-0.069958,0.435911,0.813199,0.626238,0.252585,0.755917,0.137102,0.172313,0.573124,0.804152,0.878577,0.521281,0.699140
4080,18.640000,-0.723247,0.715868,0.536888,-0.104942,0.418385,0.803922,0.652440,0.249106,0.768855,0.142907,0.164167,0.561362,0.804651,0.840293,0.542132,0.709350
4081,18.660000,-0.754935,0.739450,0.538658,-0.110163,0.416683,0.846917,0.654478,0.241902,0.749822,0.151730,0.167614,0.543186,0.798062,0.854692,0.584656,0.713911
4082,18.680000,-0.785411,0.722047,0.532542,-0.131011,0.417817,0.840739,0.668284,0.230746,0.746746,0.168389,0.164304,0.544853,0.806341,0.836828,0.626919,0.714351
4083,18.700000,-0.788693,0.720260,0.506507,-0.131258,0.414218,0.857276,0.671108,0.229243,0.766620,0.169265,0.161144,0.528828,0.783642,0.814399,0.586618,0.691110
4084,18.720000,-0.785850,0.707933,0.518218,-0.132897,0.409479,0.906238,0.659397,0.226062,0.770692,0.152834,0.151690,0.494135,0.749630,0.793841,0.559089,0.686209
4085,18.740000,-0.797785,0.701965,0.492601,-0.156115,0.391150,0.916443,0.666248,0.217194,0.727902,0.165520,0.159082,0.483465,0.717120,0.752641,0.568190,0.665120
4086,18.760000,-0.799451,0.698383,0.505973,-0.136288,0.374757,0.937606,0.669118,0.228464,0.758489,0.129747,0.163363,0.458984,0.699132,0.762903,0.552925,0.676683
4087,18.780000,-0.808505,0.687313,0.509439,-0.144678,0.367877,0.938211,0.669639,0.209498,0.765076,0.118581,0.157514,0.422805,0.678836,0.766499,0.537183,0.681147
4088,18.800000,-0.832345,0.692705,0.519556,-0.174322,0.353225,0.908787,0.722124,0.199753,0.752574,0.117039,0.143189,0.434446,0.704019,0.722017,0.525444,0.674880
4089,18.820000,-0.814345,0.684021,0.491265,-0.167225,0.345438,0.917909,0.731860,0.225105,0.729547,0.081477,0.156662,0.427828,0.689395,0.701014,0.497939,0.674195
4090,18.840000,-0.816833,0.665873,0.501663,-0.186314,0.345657,0.912372,0.727474,0.202906,0.723577,0.078520,0.155692,0.418810,0.676957,0.709808,0.516698,0.668817
4091,18.860000,-0.833198,0.681489,0.503503,-0.188482,0.338746,0.908455,0.739729,0.204320,0.745154,0.086256,0.160577,0.420492,0.676117,0.720616,0.499768,0.656256
4092,18.880000,-0.843049,0.662453,0.514949,-0.204085,0.352935,0.926706,0.746469,0.212076,0.750215,0.088564,0.167506,0.412363,0.682826,0.710194,0.505682,0.669782
4093,18.900000,-0.843659,0.665307,0.487857,-0.200245,0.354735,0.941622,0.739008,0.199892,0.752587,0.080183,0.176929,0.412646,0.671280,0.709017,0.501831,0.664910
4094,18.920000,-0.858690,0.685224,0.470779,-0.204892,0.347850,0.928796,0.742003,0.205246,0.792575,0.097076,0.175201,0.410079,0.701365,0.732377,0.498328,0.669724
4095,18.940000,-0.855804,0.691397,0.471722,-0.225138,0.346617,0.955377,0.742222,0.207883,0.806416,0.112383,0.178141,0.392161,0.698983,0.738400,0.499840,0.670322
4096,18.960000,-0.839009,0.679654,0.467097,-0.252092,0.354489,0.963125,0.741270,0.202417,0.789691,0.116790,0.174327,0.391073,0.685088,0.721431,0.506641,0.655026
4097,18.980000,-0.834093,0.677230,0.451594,-0.258069,0.342508,0.950958,0.741016,0.213756,0.807835,0.118186,0.177014,0.405867,0.695152,0.742316,0.496080,0.664242
4098,19.000000,-0.840100,0.685206,0.453848,-0.256902,0.349417,0.969350,0.747280,0.192995,0.829414,0.114817,0.179532,0.398238,0.705124,0.741307,0.497344,0.671169
4099,19.020000,-0.904041,0.752978,0.578313,-0.413069,0.417911,0.746577,0.567601,0.268796,1.165509,0.121333,0.212387,0.348159,0.896866,1.076549,0.700072,1.013075
4100,19.040000,-1.043107,0.822795,0.858303,-0.675398,0.530784,0.377277,0.234000,0.391868,1.775325,0.143012,0.220320,0.328375,1.267372,1.478178,1.099571,1.417438
4101,19.060000,-1.170923,0.956355,1.212026,-0.956486,0.606897,0.109439,-0.244268,0.564120,2.553271,0.143430,0.236187,0.354845,1.788344,1.741656,1.756990,1.718634
4102,19.080000,-1.301714,1.140584,1.441130,-1.131408,0.538445,-0.024833,-0.746257,0.784638,3.238874,0.059713,0.189813,0.359842,2.428185,1.811072,2.758862,1.834133
4103,19.100000,-1.348465,1.326313,1.495108,-0.928715,0.409845,-0.120579,-1.107664,1.031751,3.699023,-0.462437,0.080858,0.396959,2.982029,1.804308,3.643900,1.765747
4104,19.120000,-1.018112,1.120479,1.025385,-0.250874,0.274374,-0.072599,-1.050803,0.869861,3.099994,-1.393755,0.163561,0.614635,2.878203,1.406771,3.702222,1.238703
4105,19.140000,-1.132621,0.968508,1.437751,1.130041,0.066093,-0.392088,-0.631561,1.093612,2.643121,-3.493138,0.275714,0.976632,2.534114,1.080319,3.522694,0.829212
4106,19.160000,-1.350871,0.402541,1.999736,3.900284,-0.104881,-1.051095,0.184033,0.955246,0.733133,-6.741848,0.630431,1.629806,2.060293,0.852903,3.616385,0.685323
4107,19.180000,-1.669754,-0.178431,2.619938,5.390465,-0.343479,-1.367895,1.114850,0.693775,-0.274194,-8.545219,0.918032,1.890899,1.724065,0.623640,2.836571,1.194329
4108,19.200000,-1.278499,-0.716762,2.428923,4.848941,-0.296761,-0.942467,2.029923,0.640726,-0.528688,-8.157023,1.069285,1.685805,1.101734,0.353362,1.799710,1.827286
4109,19.220000,-0.234287,-0.937815,2.048692,3.315344,0.026319,-0.447026,2.578867,0.953667,-0.444923,-6.919978,0.983715,1.411721,0.511941,0.165160,1.672313,2.767856
4110,19.240000,1.851028,-0.612645,0.425153,0.262763,0.346104,0.384054,2.265376,1.076926,0.653409,-4.621266,0.701492,1.034313,0.764571,0.500508,0.914669,3.545255
4111,19.260000,3.490292,0.191758,-0.775415,-3.645776,0.596743,1.194267,1.182963,1.029796,3.048244,-1.437247,0.275205,0.509730,1.710139,1.437116,-0.087392,4.055101
4112,19.280000,3.291056,0.681834,-1.008271,-5.454970,0.322401,1.321608,-0.633740,0.980261,4.622063,1.334706,0.274440,-0.180159,1.749456,2.007518,-0.466467,3.417285
4113,19.300000,2.132421,0.792684,-1.196095,-5.710197,0.123558,1.074172,-1.067191,0.989275,4.380289,3.406537,0.929548,-0.203033,0.922919,1.910144,-0.254800,2.555262
4114,19.320000,0.934758,1.077642,-1.188102,-6.494590,0.200579,1.004658,-1.031005,0.826115,4.883712,5.548074,1.164904,-0.843547,0.211065,1.730565,0.467133,2.090562
4115,19.340000,0.509023,0.849403,-1.040812,-5.914429,0.272664,1.013739,-0.815749,0.471255,4.736537,5.777318,0.494405,-1.260284,0.529380,2.066936,1.820378,1.847883
4116,19.360000,-0.019642,0.600033,-0.490900,-4.502378,0.511317,1.157182,-0.538186,0.227797,4.355488,4.848231,0.221444,-1.042701,1.227519,2.579811,2.248482,1.924219
4117,19.380000,-0.024241,0.523329,0.956895,-3.267773,0.430868,0.899080,-0.079927,-0.287925,3.398794,1.953869,-0.022430,-0.551644,1.848158,2.809684,2.311337,1.961522
4118,19.400000,0.191125,0.443233,1.603845,-1.317595,-0.060878,0.415376,1.144593,-0.421510,1.907326,-2.098999,-0.240266,0.067220,1.970144,2.767548,2.171672,2.348759
4119,19.420000,-0.194295,-0.033118,1.312068,1.485187,-0.432964,-0.228227,2.525742,-0.116377,0.378149,-6.233758,-0.317755,0.764517,2.027603,3.073359,2.365968,2.929325
4120,19.440000,-0.689779,-0.436272,1.787079,2.982538,-0.371951,-1.007753,2.611660,0.129270,-0.095709,-8.139935,-0.346149,1.080302,2.705815,2.634463,1.899716,2.598551
4121,19.460000,-1.294541,-0.703951,2.902325,4.804453,-0.193744,-1.281465,1.937416,0.369744,-0.830226,-8.414930,-0.411889,0.990119,2.850327,1.616907,1.657534,1.932037
4122,19.480000,-1.134373,-0.826379,3.858576,5.238429,-0.002064,-0.881837,1.698470,0.404077,-1.176574,-7.733160,-0.007244,0.937539,2.117935,0.250990,1.661562,2.440186
4123,19.500000,-0.726099,-0.781358,3.724399,3.961674,0.051019,-0.427034,2.004109,0.812039,-0.776792,-6.211170,0.068072,0.938144,1.862159,-0.777336,1.761353,3.306795
4124,19.520000,-0.062415,-0.852529,2.843247,1.856209,0.296565,-0.180571,1.839712,1.148213,-0.221834,-4.300608,-0.147898,0.891515,1.796882,-1.228803,2.029242,3.353557
4125,19.540000,2.553262,-0.059881,0.057210,-2.293911,0.183763,0.494395,1.888781,1.019653,0.933797,-1.427502,-0.063956,0.797829,2.218086,-1.218956,2.069139,2.921474
4126,19.560000,3.802390,0.039114,-0.670133,-4.123626,0.070363,0.571792,0.021732,0.420775,1.556380,0.636889,0.002870,0.179075,2.125970,-0.421359,1.777793,2.138328
4127,19.580000,3.016933,0.452574,-1.081094,-5.711757,-0.314770,1.063444,0.294772,0.876005,2.516872,2.198034,-0.196136,0.018101,1.703137,-0.309154,2.225798,1.766188
4128,19.600000,1.797450,0.374666,-1.368458,-6.932369,-0.126865,1.448835,0.108754,0.835085,2.779432,4.337818,0.307173,-0.462934,0.894877,-0.208378,2.418631,1.526295
4129,19.620000,1.289212,0.412849,-1.350578,-6.622000,-0.298009,1.331908,0.295097,0.303249,2.790884,5.249829,0.207747,-1.092559,0.117346,-0.181290,2.556635,1.064132
4130,19.640000,0.575498,0.484484,-1.060829,-5.072907,-0.032554,1.151765,0.116847,0.075868,3.016398,5.046726,0.346120,-0.923933,0.177164,0.493598,2.527043,0.922297
4131,19.660000,-0.146787,0.460381,-0.297459,-2.320265,-0.058279,1.083735,-0.420486,-0.562356,2.795113,3.255588,0.384604,-0.624285,0.546999,1.566682,1.874130,0.997428
4132,19.680000,-1.177049,0.383015,0.587766,1.020162,-0.271833,1.494999,0.085198,-0.827273,1.826284,-0.514898,0.310261,-0.024437,0.959293,1.927186,1.392946,0.490723
4133,19.700000,-0.506388,0.052519,0.165355,3.048546,-0.820753,0.396213,1.120180,-0.352245,0.491778,-4.605297,-0.166750,0.602788,0.568207,1.747701,2.104822,0.336114
4134,19.720000,-0.375886,-0.298728,0.239294,3.429653,-0.775091,-0.662308,1.655861,0.019332,0.236677,-6.474429,-0.449176,0.928201,0.538261,1.763435,1.363516,0.348324
4135,19.740000,-0.953546,-0.467272,0.435617,3.839417,-0.269573,-0.872283,1.769972,0.460437,-0.185081,-6.243392,-1.005831,0.619429,1.125939,1.209885,0.732280,-0.040141
4136,19.760000,-0.675155,-0.279105,1.015332,4.091935,0.080526,-0.531152,1.347266,0.552830,-0.750775,-5.246310,-0.973109,0.357174,0.644104,-0.278307,0.583554,0.154274
4137,19.780000,-0.350378,-0.006859,0.769407,3.848343,-0.045973,0.104180,0.712620,0.814772,-0.647061,-3.655435,-1.042200,-0.001490,0.438681,-1.524736,0.611915,0.755253
4138,19.800000,-0.043055,-0.436709,0.890716,2.450309,-0.119009,0.450247,0.309766,0.642910,-0.613922,-2.315225,-1.029330,-0.296030,0.174576,-2.287366,0.344720,1.064976
4139,19.820000,-0.363054,-0.357595,0.500144,1.467609,-0.291891,0.665635,0.270829,0.536840,-0.502451,-0.890448,-1.054144,-0.494295,0.382551,-2.098136,-0.042904,1.376918
4140,19.840000,-0.760125,-0.280012,0.518063,1.149340,-0.305215,0.129905,-0.350847,0.383513,-0.620568,0.067961,-0.857702,-0.477597,0.729486,-1.579881,-0.184095,1.342797
4141,19.860000,-0.917571,-0.059497,0.724140,1.898844,-0.228429,-0.422950,-1.422647,0.253438,-0.977755,0.662774,-0.814421,-0.419872,0.898319,-0.986150,-0.318279,0.806566
4142,19.880000,-1.077530,0.425549,1.325413,3.115072,-0.053198,-0.698944,-2.685284,0.268931,-1.144862,0.949959,-0.929214,-0.105079,1.348863,-0.217954,-0.376615,-0.109406
4143,19.900000,-1.283991,0.919839,1.393507,3.603085,-0.121966,-0.726571,-2.942837,0.276422,-0.986158,0.751103,-0.931937,0.097931,1.820075,0.520917,-0.311997,-0.833495
4144,19.920000,-1.208429,1.114590,0.891868,3.262167,-0.394644,-0.001462,-2.587236,0.227689,-0.670830,0.465822,-0.536919,0.383469,1.840854,1.122405,-0.263668,-0.918771
4145,19.940000,-1.221861,0.695459,0.138615,2.088989,-0.512977,1.332382,-1.525165,0.190144,-0.325297,0.422595,-0.290105,0.472387,1.081462,1.409305,-0.501622,-0.624298
4146,19.960000,-1.345281,0.250419,-0.444258,0.605945,-0.280775,2.875802,-0.488065,0.121521,-0.059466,0.793998,-0.455344,0.051965,-0.024430,1.393467,-0.755813,-0.202080
4147,19.980000,-1.517112,-0.112466,-0.604797,-0.181396,0.025746,3.434139,-0.088144,-0.138677,0.046158,0.948949,-0.675988,-0.643451,-0.962116,1.137038,-1.044120,-0.074097
4148,20.000000,-2.104179,-0.088281,-0.608391,0.101404,0.208211,3.204596,-0.130539,-0.333855,0.171195,0.818429,-0.618161,-1.017323,-1.192953,0.801897,-1.289284,0.008671
4149,20.020000,-2.777963,-0.028543,-0.417394,1.366020,0.252103,2.001650,-0.367197,-0.394346,0.028410,0.159366,-0.421175,-0.762718,-0.898171,0.459174,-1.392423,-0.192702
4150,20.040000,-2.305373,-0.223726,-0.033389,2.829688,0.249446,0.117712,-0.895736,-0.235878,-0.107043,-1.809729,-0.409995,-0.077256,-0.812130,0.142237,-0.802247,-0.560463
4151,20.060000,-1.370787,-0.553587,0.877641,4.298367,0.411355,-1.301999,-1.164241,0.277991,-0.274431,-4.574352,-0.677718,0.589741,-1.105922,-0.344039,0.123667,-1.066834
4152,20.080000,-1.607130,-0.645994,1.819836,4.912343,0.453358,-1.501327,-0.908484,0.537047,-0.309605,-5.372499,-0.775473,0.530016,-0.778391,-1.425123,0.124686,-1.788620
4153,20.100000,-1.681800,-0.904213,2.823571,4.556190,0.316826,-1.172930,-0.409152,0.522413,-0.521443,-4.981215,-0.931854,-0.046703,-0.533146,-2.915485,-0.566687,-2.340927
4154,20.120000,-1.109497,-1.261909,3.286480,2.957020,0.195998,-0.759526,0.042179,0.509019,-0.621606,-3.716955,-1.057819,-0.735982,-1.544188,-4.190507,-1.459885,-2.694958
4155,20.140000,0.514121,-1.540680,2.341901,0.331347,-0.016285,-0.029976,0.285936,0.378882,-0.522792,-2.066352,-1.157596,-1.219965,-2.513636,-4.770182,-2.071353,-2.489711
4156,20.160000,2.399632,-1.455176,0.015479,-1.779219,-0.073499,1.151968,0.350259,0.045456,-0.166179,-0.700163,-1.062024,-1.427306,-3.042927,-4.613293,-1.991878,-1.869170
4157,20.180000,3.395617,-1.485989,-0.918659,-2.487841,-0.507044,1.363142,-0.054690,-0.172785,-0.211033,0.298872,-0.957095,-1.411564,-3.196252,-4.490296,-1.836608,-1.000507
4158,20.200000,3.620108,-1.627621,-1.117515,-3.039231,-1.289253,1.153644,-0.054112,-0.063310,-0.317570,1.099792,-0.650592,-1.192552,-3.382042,-4.539557,-1.959160,-0.419914
4159,20.220000,2.926464,-1.604863,-0.399269,-3.402825,-1.703657,0.488387,0.003599,0.098601,-0.303349,1.581986,-0.120225,-0.906913,-3.253461,-4.335981,-2.227500,-0.319287
4160,20.240000,2.548907,-1.907523,0.213968,-3.553744,-1.693104,0.165788,0.018491,0.069441,-0.598938,1.597753,0.066448,-0.714621,-2.583062,-3.832714,-1.978907,-0.377303
4161,20.260000,2.026536,-1.870152,1.122981,-3.343595,-1.540360,-0.346441,0.011492,0.025303,-0.772464,1.102744,-0.023175,-0.593067,-1.625934,-3.210083,-1.627993,-0.719891
4162,20.280000,1.393667,-1.368906,1.919392,-2.921992,-1.326320,-0.771202,0.195595,-0.077904,-0.778819,0.591079,-0.315959,-0.525343,-1.042630,-3.211336,-1.610730,-1.460493
4163,20.300000,0.948913,-1.089200,2.117373,-1.957155,-0.958543,-0.558320,0.215806,-0.205072,-0.890263,-0.039980,-0.321977,-0.210185,-1.569662,-3.354547,-1.691936,-2.319479
4164,20.320000,0.574791,-1.020552,2.076787,-1.079698,-0.881817,-0.396863,0.175681,-0.245226,-0.888190,-0.707199,-0.317747,-0.221664,-2.597194,-3.565486,-1.923761,-2.957793
4165,20.340000,0.402778,-1.135131,1.599469,-0.500623,-0.939748,-0.131040,0.159311,-0.221491,-0.822247,-1.189292,-0.282546,-0.290015,-3.495914,-3.743364,-2.160701,-3.276029
4166,20.360000,0.658261,-1.139114,0.758529,-0.118314,-0.897033,0.282432,0.151403,-0.084914,-0.682970,-1.505748,-0.250007,-0.293744,-3.968138,-3.628044,-2.309346,-3.198142
4167,20.380000,0.976238,-1.163199,0.064070,-0.384405,-1.014070,0.496073,0.196454,0.126063,-0.561904,-1.425633,-0.324753,-0.333915,-3.978227,-3.416604,-2.324401,-3.150220
4168,20.400000,1.134914,-0.890269,-0.314804,-1.454979,-1.276407,0.763893,0.598900,0.329735,-0.288208,-0.785237,-0.483265,-0.422629,-3.640529,-3.410596,-2.492374,-3.095189
4169,20.420000,1.370171,-0.604631,-0.521485,-2.506071,-1.252863,0.755332,0.818943,0.395496,-0.027889,-0.069820,-0.351856,-0.271374,-3.130847,-3.397298,-2.646274,-3.034469
4170,20.440000,1.478393,-0.385896,-0.387565,-3.075143,-1.201286,0.596238,0.915675,0.358566,0.161335,0.645995,-0.244940,-0.183740,-2.653716,-3.529398,-2.584887,-2.916411
4171,20.460000,1.226500,-0.246700,0.033503,-3.293743,-1.119356,0.314980,0.940861,0.363922,0.139136,1.006570,-0.135100,-0.158321,-2.253570,-3.776699,-2.181492,-2.895628
4172,20.480000,0.756617,-0.250334,0.774711,-2.871842,-0.891971,0.125371,0.652984,0.364047,-0.158046,0.935895,-0.055142,-0.038170,-1.655841,-3.958019,-1.727170,-3.015942
4173,20.500000,0.388790,-0.266197,1.712335,-2.015369,-0.920801,-0.389606,0.229993,0.291229,-0.503233,0.491460,-0.233480,0.004228,-1.013948,-4.117803,-1.528646,-3.409912
4174,20.520000,0.024166,-0.195107,2.293809,-0.507676,-0.594620,-0.605590,-0.469671,0.219637,-0.716640,-0.207438,-0.162169,0.343756,-0.967098,-3.865740,-1.600332,-3.732492
4175,20.540000,-0.495612,0.081639,2.351217,1.206418,-0.370879,-0.787156,-1.043592,0.262047,-0.612378,-1.209865,-0.121570,0.435933,-1.238943,-3.608309,-1.515125,-3.926730
4176,20.560000,-0.512244,-0.037445,1.573327,2.368427,-0.136920,-0.699658,-1.000300,0.281368,-0.444218,-2.415375,0.130138,0.756419,-1.844682,-3.498229,-1.247447,-3.888386
4177,20.580000,-0.281623,0.063571,1.159871,2.495498,0.007997,-0.446117,-0.604654,0.518881,-0.007092,-3.203263,0.379880,0.939772,-1.963178,-2.971679,-1.048341,-3.442611
4178,20.600000,0.127759,0.320122,0.508415,1.976738,0.204096,0.063851,-0.120366,0.775368,0.560680,-3.217735,0.783050,1.359224,-1.096729,-1.630010,-0.742823,-2.299816
4179,20.620000,0.110497,0.915668,0.129185,1.191974,0.839546,0.422333,-0.305828,1.178406,2.408696,-2.200821,1.799438,2.422575,1.274336,1.443721,-0.132181,0.542511
4180,20.640000,-0.310454,0.824634,-0.115001,0.314858,1.239929,0.331729,-0.798999,1.543547,3.639864,-0.315781,1.840014,2.518095,2.061328,2.715745,-0.786692,1.421903
4181,20.660000,-0.736962,0.805296,-0.340810,-0.328350,1.464747,0.126125,-0.757686,1.898678,4.178874,0.997312,2.351199,3.088693,1.880137,2.752044,-1.070530,1.037026
4182,20.680000,-1.069738,0.632861,-0.475456,-0.997909,1.335073,0.084251,-0.814599,2.007054,4.359057,1.953021,2.111281,2.696157,1.562931,2.173269,-0.738597,0.279684
4183,20.700000,-1.152289,0.354804,-0.606023,-1.312856,1.160973,0.028461,-0.996492,2.025305,4.117525,2.504212,1.960006,2.552146,1.221778,1.340399,-0.387053,-0.716241
4184,20.720000,-1.220633,0.155720,-0.628594,-1.336262,1.123130,0.000335,-1.085810,2.046579,3.807376,2.663527,1.583133,2.351915,1.300624,0.845227,0.172327,-1.373787
4185,20.740000,-1.149088,0.239199,-0.442799,-0.883460,0.982511,-0.113048,-1.180421,1.904017,3.331360,2.137508,1.276832,2.376557,1.462953,0.554844,0.556687,-2.038289
4186,20.760000,-1.024940,0.093735,-0.268119,0.367513,0.686792,-0.458560,-1.413665,1.810284,2.642141,0.958896,1.091055,2.533303,1.494109,0.164770,0.794669,-2.641644
4187,20.780000,-0.671379,0.185961,-0.056905,1.878460,0.583878,-0.691206,-1.249801,1.678973,1.942436,-1.035602,1.158124,2.979561,1.723128,-0.065142,1.017612,-2.705980
4188,20.800000,-0.167256,-0.030393,0.066795,2.921164,0.163694,-0.812496,-0.811019,1.276153,0.905865,-2.885020,1.186372,2.942459,1.843364,-0.497624,1.524736,-2.226438
4189,20.820000,0.483096,0.264050,0.213606,2.836325,-0.101727,-0.629640,-0.247294,0.973788,0.541511,-3.831335,1.033661,2.439974,2.060319,-0.564541,1.609167,-1.077296
4190,20.840000,0.908767,0.399097,0.177457,2.245269,0.103514,-0.286103,0.337612,0.742549,0.480451,-3.782290,1.453769,2.753539,2.144785,-0.077564,1.457083,0.224249
4191,20.860000,1.097250,0.584348,0.021290,0.984012,0.378013,0.026055,0.785990,1.086028,1.576097,-2.964896,1.723554,2.836912,1.818756,0.533374,0.223417,1.217510
4192,20.880000,0.590419,0.800908,-0.264042,-0.256765,0.818396,0.532817,0.660008,1.159517,2.974920,-1.015281,1.586224,2.451653,1.344603,1.112002,-1.277105,1.238026
4193,20.900000,-0.177043,0.951587,-0.384724,-1.059660,1.026238,0.786670,0.308000,1.225924,3.669446,0.713377,1.513308,1.865489,0.687224,1.359515,-1.751820,0.935651
4194,20.920000,-0.402643,0.898230,-0.394331,-1.726482,0.975702,1.207505,0.027175,0.923501,3.415930,1.718842,1.126798,1.200982,-0.265583,0.792872,-1.742032,-0.081488
4195,20.940000,-0.227873,0.693200,-0.127799,-2.137261,0.511043,1.612707,-0.240874,0.399689,2.692971,2.128575,0.417925,0.216869,-1.880620,-0.768540,-2.372726,-1.940019
4196,20.960000,0.222107,0.324518,0.261351,-2.196331,-0.133054,2.078386,-0.291992,-0.263562,1.306577,1.968342,-0.388693,-0.845641,-3.533091,-2.887682,-3.398776,-3.541373
4197,20.980000,0.595412,-0.336563,0.626515,-1.940220,-0.861808,1.660231,-0.241127,-0.528790,0.163832,1.406692,-0.634094,-1.249191,-4.345781,-4.108526,-3.843508,-3.790669
4198,21.000000,0.506035,-0.971218,1.108243,-1.540284,-1.454694,0.509088,-0.136819,-0.386875,-0.446048,0.698440,-0.648548,-1.214263,-4.483325,-4.524527,-4.037780,-3.637627
4199,21.020000,0.404512,-1.686110,1.335369,-0.983275,-1.549778,-0.041945,-0.159610,-0.249227,-0.792607,0.058662,-0.507403,-0.958731,-4.481797,-4.254570,-3.867429,-3.324148
4200,21.040000,0.436788,-1.887067,1.011576,-0.668421,-1.432796,-0.526861,-0.129566,-0.117450,-0.718350,-0.483953,-0.263986,-0.640500,-4.069657,-3.638391,-3.397493,-2.778425
4201,21.060000,0.593329,-2.074004,0.706395,-0.258655,-1.206864,-0.452064,-0.094876,-0.009983,-0.794881,-1.092353,-0.266781,-0.483178,-3.718391,-3.118408,-2.706078,-2.351284
4202,21.080000,0.896651,-1.979236,0.320480,0.134069,-0.928304,0.027137,-0.140729,0.195193,-0.726933,-1.580756,-0.368891,-0.445422,-3.637395,-2.839025,-2.312380,-2.104856
4203,21.100000,1.145272,-1.848881,0.207768,0.175715,-1.060872,0.247974,-0.170836,0.337512,-0.626122,-1.601022,-0.424162,-0.449383,-3.537300,-2.547255,-2.268494,-1.800504
4204,21.120000,1.350222,-1.789974,0.089730,-0.152260,-1.173415,0.339244,-0.203854,0.419916,-0.442768,-1.125209,-0.449014,-0.521865,-3.234613,-2.322011,-2.502852,-1.350037
4205,21.140000,1.380424,-1.855749,-0.220174,-0.945705,-1.285472,0.457045,-0.075072,0.400978,-0.256868,-0.473369,-0.413218,-0.588028,-2.722426,-2.182879,-2.662452,-0.908472
4206,21.160000,1.396531,-1.574114,-0.401550,-1.901942,-1.232928,0.632065,0.059444,0.298646,-0.037247,0.297690,-0.351018,-0.613137,-2.242716,-2.195513,-2.684252,-0.688012
4207,21.180000,1.403007,-1.260931,-0.400175,-2.656597,-1.279223,0.725152,0.209367,0.199905,0.113308,0.991222,-0.235883,-0.531635,-1.956823,-2.314788,-2.578068,-0.829544
4208,21.200000,1.326367,-1.026938,-0.260927,-3.049331,-1.136012,0.676512,0.215778,0.102787,0.082335,1.284540,-0.127009,-0.402464,-1.887637,-2.323406,-2.386287,-1.162862
4209,21.220000,1.174859,-0.911477,0.201286,-3.251559,-1.233531,0.595741,0.317786,0.025938,0.042515,1.445918,-0.142681,-0.476016,-1.764554,-2.479436,-2.241337,-1.542347
4210,21.240000,0.940552,-0.766574,0.733005,-3.293756,-1.247543,0.208417,0.421717,-0.040258,-0.016159,1.248904,-0.197323,-0.572463,-1.619749,-2.685013,-2.179829,-2.013134
4211,21.260000,0.756875,-0.741794,1.106332,-2.888026,-1.112049,0.111180,0.338539,-0.171583,-0.135496,0.852557,-0.198367,-0.528317,-1.777370,-2.851971,-2.249313,-2.365840
4212,21.280000,0.522022,-0.614501,1.158082,-2.051999,-0.857571,0.119273,0.173598,-0.219216,-0.282332,0.229366,-0.118620,-0.351465,-2.250707,-2.865296,-2.404560,-2.715309
4213,21.300000,0.259420,-0.600789,1.170360,-1.379977,-0.960973,0.272301,0.151008,-0.202671,-0.330773,-0.241178,-0.180257,-0.399635,-2.727889,-2.995212,-2.595652,-3.020777
4214,21.320000,0.196570,-0.639980,0.733270,-1.017430,-0.982047,0.355710,0.170189,-0.166289,-0.277774,-0.566341,-0.160298,-0.397799,-3.084660,-3.032055,-2.760691,-3.105812
4215,21.340000,0.282249,-0.472767,0.135355,-0.778971,-0.751850,0.554575,0.107510,-0.061017,-0.169295,-0.616475,-0.119522,-0.351139,-3.300538,-2.858058,-2.848155,-2.956409
4216,21.360000,0.291890,-0.350586,0.081205,-0.892329,-0.784690,0.885341,0.256989,0.048337,-0.030790,-0.420852,-0.149625,-0.367522,-3.363367,-2.897938,-2.924828,-2.936306
4217,21.380000,0.266810,-0.384268,0.081101,-1.275704,-0.830280,1.081465,0.464701,0.156735,0.052722,-0.203192,-0.159259,-0.324033,-3.167452,-3.108385,-2.927366,-2.933733
4218,21.400000,0.155593,-0.256655,0.193904,-1.297457,-0.635017,0.924981,0.432272,0.227034,0.050863,-0.063534,-0.041719,-0.145273,-2.884023,-3.094554,-2.903486,-2.882843
4219,21.420000,0.008992,-0.047443,0.485463,-1.387644,-0.709761,0.780859,0.612817,0.268990,0.136699,0.111004,-0.115981,-0.152396,-2.563197,-3.205821,-2.836977,-2.919887
4220,21.440000,0.016356,-0.019487,0.635055,-1.400246,-0.620121,0.682779,0.640626,0.265543,0.099779,0.111593,0.058209,0.024448,-2.256807,-3.262993,-2.696175,-2.939840
4221,21.460000,0.134403,0.094273,0.633617,-1.333618,-0.549132,0.600849,0.585321,0.214202,0.182646,0.077372,0.127827,0.081098,-2.088906,-3.129426,-2.605885,-2.916714
4222,21.480000,0.384676,0.085111,0.489394,-1.171461,-0.397560,0.581684,0.460302,0.132059,0.196216,0.083889,0.202956,0.126130,-2.183762,-3.042206,-2.575711,-2.876671
4223,21.500000,0.434160,0.242856,0.614079,-1.152005,-0.288392,0.680618,0.441004,0.199651,0.366364,0.091888,0.293301,0.250362,-2.228601,-2.841588,-2.495282,-2.811342
4224,21.520000,0.437740,0.253614,0.457622,-1.155102,-0.248235,0.647793,0.480395,0.219331,0.454839,0.171597,0.273762,0.201648,-2.223577,-2.779834,-2.462768,-2.724348
4225,21.540000,0.367272,0.430706,0.511643,-1.168935,-0.216029,0.642101,0.625514,0.287400,0.638568,0.055329,0.261714,0.289960,-2.079785,-2.545470,-2.415353,-2.563061
4226,21.560000,0.524941,0.456249,0.383706,-0.976877,-0.004793,0.787441,0.644678,0.278392,0.740442,0.115309,0.581183,0.734775,-1.846941,-2.140084,-2.165693,-2.186104
4227,21.580000,0.289143,0.766105,0.444431,-1.064822,0.171331,0.548122,0.700268,0.507054,1.364040,0.304764,0.801826,1.133497,-1.221168,-1.441671,-1.738748,-1.601965
4228,21.600000,0.003424,0.964867,0.322190,-1.192388,0.459821,0.351635,0.772972,0.723958,2.030786,0.609440,1.029258,1.541542,-0.331905,-0.699023,-1.009127,-0.900459
4229,21.620000,-0.122360,1.039306,0.120773,-1.188636,0.698846,0.182263,0.612045,0.802351,2.534169,0.929264,1.172248,1.746588,0.364553,-0.122837,-0.413961,-0.429532
4230,21.640000,-0.610179,1.297479,-0.014348,-1.369921,0.900736,-0.000206,0.450049,1.417053,3.830440,1.173416,1.770619,2.327038,1.470410,0.705278,0.528182,0.333994
4231,21.660000,-1.048395,0.939590,-0.461069,-1.599191,0.765716,-0.125555,-0.057513,1.985443,4.720747,1.706406,1.855428,2.156002,2.124826,1.111645,1.598666,0.597474
4232,21.680000,-1.005655,0.557249,-0.676360,-1.074003,0.717927,-0.196508,-0.533283,2.129103,4.810225,1.681753,1.943799,2.460883,1.838954,0.735738,1.166271,-0.616891
4233,21.700000,-0.888782,0.316057,-0.613047,0.064073,0.646440,-0.449099,-1.078004,2.235132,4.590439,1.028638,1.722196,2.694108,1.410788,0.253755,0.334505,-2.001029
4234,21.720000,-0.572397,0.219995,-0.246872,1.030720,0.539054,-0.646844,-1.270879,2.231187,3.953960,-0.217314,1.012723,2.477885,1.418917,-0.144134,0.063599,-2.610697
4235,21.740000,-0.044789,0.333425,0.119792,2.116287,0.482786,-0.824021,-1.341658,2.062697,2.763332,-1.721091,1.220492,2.866951,1.540141,-0.508661,-0.255321,-2.284456
4236,21.760000,0.509318,0.431616,0.321373,2.413435,0.319081,-0.815694,-1.028545,1.866578,1.661939,-2.851624,1.098973,2.682303,1.846221,-0.622129,-0.258530,-1.121619
4237,21.780000,1.004719,0.378392,0.258246,2.209433,0.286885,-0.709795,-0.512754,1.506976,1.120649,-3.264329,1.529833,2.987887,1.866925,-0.517365,-0.216079,0.067132
4238,21.800000,1.379776,0.543324,0.044370,1.375969,0.336847,-0.618437,0.038276,1.659833,1.740295,-3.151142,1.939557,3.094413,1.738316,-0.103698,-0.784966,0.997692
4239,21.820000,1.123496,0.696118,-0.216480,0.367421,0.488860,-0.371769,0.378065,1.663599,2.836407,-2.199296,1.962642,2.823278,1.522197,0.277916,-1.634529,1.260227
4240,21.840000,0.313253,1.078427,-0.239374,-0.415831,0.689633,-0.043972,0.588815,1.645817,3.748779,-0.765218,1.892108,2.380568,1.230129,0.644123,-2.077460,1.060612
4241,21.860000,-0.392215,1.214179,-0.239738,-0.925982,0.697369,0.150366,0.566831,1.494453,3.999865,0.358429,1.787881,1.963873,0.786371,0.952633,-1.759180,0.651033
4242,21.880000,-0.645967,1.148686,-0.167792,-1.345008,0.756895,0.256509,0.344198,1.324728,3.944937,1.094184,1.539130,1.786343,0.569055,1.219933,-0.963941,0.164767
4243,21.900000,-0.718898,1.004569,-0.061553,-1.520027,0.690237,0.255560,-0.011680,1.158237,3.532141,1.468099,1.292330,1.594988,0.599118,1.365842,-0.153884,-0.290477
4244,21.920000,-0.635654,0.748221,-0.010064,-1.463175,0.676161,0.317518,-0.208254,0.983771,3.049471,1.433972,1.047068,1.481720,0.771828,1.297183,0.333441,-0.554284
4245,21.940000,-0.520760,0.624011,0.032020,-1.097530,0.645002,0.378069,-0.281832,0.764725,2.388670,0.971125,0.882220,1.428214,0.900406,1.184131,0.489546,-0.680624
4246,21.960000,-0.424019,0.574094,0.064185,-0.579761,0.573479,0.482642,-0.059032,0.570582,1.811211,0.217015,0.738671,1.396170,0.987969,1.140545,0.475904,-0.545313
4247,21.980000,-0.331047,0.313190,-0.011140,-0.003179,0.384171,0.598565,0.293912,0.410744,1.140386,-0.641465,0.647061,1.391031,0.910389,0.978977,0.419110,-0.346532
4248,22.000000,-0.298166,0.294565,0.006198,0.482919,0.285210,0.834497,0.855674,0.313561,0.818510,-1.491286,0.584284,1.491021,0.833914,1.033087,0.364805,0.039255
4249,22.020000,-0.317381,0.187152,-0.037106,0.750390,0.237088,1.021323,1.338752,0.281822,0.663499,-2.035970,0.569636,1.543383,0.646893,1.050808,0.282693,0.351864
4250,22.040000,-0.360357,0.128040,-0.067735,0.751806,0.249398,1.192353,1.603162,0.305738,0.593615,-2.167764,0.468825,1.429865,0.397426,1.033764,0.019012,0.615858
4251,22.060000,-0.419143,0.102310,-0.046345,0.567528,0.317200,1.223485,1.622716,0.302814,0.619882,-2.021805,0.425844,1.285604,0.116200,0.994735,-0.347598,0.781706
4252,22.080000,-0.215108,0.742140,-0.420576,1.124657,-0.061940,0.069319,0.875912,0.575537,0.629216,-1.619081,0.151085,1.000156,1.989567,1.120958,1.055572,2.040076
4253,22.100000,-0.426307,-0.000101,-0.353225,0.890452,0.172868,-0.127608,0.628841,0.624780,1.264380,-1.308056,0.640214,1.617417,1.439849,0.750079,0.905028,1.705198
4254,22.120000,-0.292140,0.443953,-0.050680,0.276072,0.357499,0.135087,1.268348,0.723427,1.963794,-1.185292,0.804537,1.794859,1.190392,0.577013,0.102680,1.099532
4255,22.140000,-0.332626,0.643895,0.311921,-0.430286,0.509828,0.716437,1.404918,0.607792,2.044359,-0.765860,0.559311,1.149221,1.043973,0.551304,0.024727,0.798596
4256,22.160000,-0.270389,0.703119,0.357025,-0.808195,0.461558,1.272497,1.223582,0.463139,1.962074,-0.193720,0.385179,0.731916,0.728448,0.539683,-0.038159,0.601986
4257,22.180000,-0.317818,0.691102,0.392952,-0.855891,0.289985,1.339440,0.913898,0.304551,1.700148,0.152287,0.266268,0.326743,0.458544,0.669936,-0.132682,0.558950
4258,22.200000,-0.435854,0.634404,0.411285,-0.743171,0.123303,1.266159,0.818626,0.053494,1.327583,0.244997,0.146248,0.066721,0.291633,0.739317,-0.108860,0.591518
4259,22.220000,-0.529369,0.537522,0.392773,-0.597492,-0.034778,1.124956,0.924188,-0.153976,0.931930,0.133586,0.085030,-0.024220,0.205736,0.660118,-0.124735,0.555555
4260,22.240000,-0.652190,0.447195,0.313142,-0.430912,-0.110605,1.067785,1.096492,-0.209001,0.606316,-0.086900,0.030048,-0.070804,0.165003,0.543292,-0.042222,0.524053
4261,22.260000,-0.730471,0.352007,0.293075,-0.298226,-0.149937,1.081571,1.245255,-0.210356,0.425716,-0.322049,0.025921,-0.062949,0.100250,0.412691,0.018125,0.479119
4262,22.280000,-0.778648,0.268585,0.290453,-0.253555,-0.193312,1.069340,1.360742,-0.184793,0.341022,-0.488491,0.029999,-0.062240,0.040002,0.311541,0.060334,0.445203
4263,22.300000,-0.797265,0.198089,0.288172,-0.311259,-0.232320,0.999117,1.446276,-0.136100,0.321613,-0.590142,-0.000193,-0.070119,0.045079,0.214854,0.039470,0.437649
4264,22.320000,-0.728897,0.174806,0.321206,-0.291611,-0.190939,1.144578,1.436252,-0.090505,0.336293,-0.649541,0.074156,-0.021791,0.010340,0.162416,-0.026210,0.455873
4265,22.340000,-0.669319,0.180017,0.356475,-0.315626,-0.185434,1.145696,1.384902,-0.083078,0.371310,-0.672160,0.128085,0.013888,0.021009,0.233172,-0.014444,0.512470
4266,22.360000,-0.693911,0.181484,0.361974,-0.356185,-0.168782,1.090285,1.374952,-0.073930,0.451950,-0.658830,0.156437,0.047324,0.121398,0.335157,-0.030958,0.580724
4267,22.380000,-0.722968,0.241192,0.338684,-0.378602,-0.113763,1.110004,1.387146,-0.046526,0.552125,-0.619790,0.189654,0.080046,0.243786,0.453808,-0.012121,0.645386
4268,22.400000,-0.724293,0.315453,0.286978,-0.417173,-0.045751,1.121927,1.398186,-0.021829,0.668765,-0.572694,0.256781,0.148732,0.379523,0.564954,0.050014,0.696460
4269,22.420000,-0.739699,0.390772,0.221970,-0.489847,0.015554,1.092703,1.425704,-0.006733,0.783762,-0.503386,0.287565,0.197296,0.539668,0.639205,0.109871,0.722727
4270,22.440000,-0.739450,0.480231,0.179533,-0.554911,0.065988,1.107284,1.469342,0.037151,0.906018,-0.409365,0.322858,0.255034,0.648553,0.700820,0.174451,0.726111
4271,22.460000,-0.761959,0.582453,0.151884,-0.587527,0.142075,1.156324,1.468199,0.055808,1.050341,-0.307246,0.361712,0.318562,0.705974,0.814230,0.310358,0.709789
4272,22.480000,-0.755474,0.647500,0.130595,-0.695052,0.178939,1.099411,1.416504,0.071787,1.214658,-0.196945,0.386922,0.355325,0.788297,0.894394,0.405535,0.704256
4273,22.500000,-0.755424,0.715401,0.104229,-0.748576,0.229036,1.120166,1.389469,0.112002,1.302334,-0.093454,0.390919,0.398801,0.840237,0.913554,0.480921,0.672976
4274,22.520000,-0.738400,0.781509,0.117173,-0.800682,0.249778,1.136735,1.345530,0.121762,1.397483,-0.002280,0.406028,0.460125,0.870073,0.947478,0.552070,0.642972
4275,22.540000,-0.706307,0.791867,0.111053,-0.846584,0.276337,1.184289,1.286967,0.117030,1.426212,0.069184,0.397049,0.479619,0.862012,0.943251,0.580729,0.628170
4276,22.560000,-0.700058,0.822753,0.109486,-0.854413,0.323673,1.228747,1.233985,0.117113,1.417708,0.106659,0.405779,0.493766,0.833359,0.953525,0.651332,0.652687
4277,22.580000,-0.700143,0.829539,0.090931,-0.875672,0.299709,1.252537,1.199007,0.110322,1.432037,0.137641,0.405316,0.479737,0.810949,0.958512,0.701196,0.660488
4278,22.600000,-0.708728,0.787217,0.062217,-0.877013,0.323367,1.287679,1.159543,0.092607,1.452667,0.128328,0.391327,0.488168,0.775902,0.971551,0.705339,0.656280
4279,22.620000,-0.736148,0.795993,0.036445,-0.877356,0.315605,1.302954,1.146196,0.089453,1.473635,0.132740,0.393090,0.476382,0.728192,0.949609,0.667980,0.629408
4280,22.640000,-0.740139,0.799381,0.028212,-0.874477,0.304095,1.351436,1.107936,0.051709,1.413256,0.157924,0.373452,0.425724,0.662403,0.894284,0.597296,0.579051
4281,22.660000,-0.760912,0.767456,0.031490,-0.855974,0.290852,1.421348,1.130638,0.036648,1.334707,0.149868,0.349033,0.395771,0.579431,0.788505,0.592753,0.547372
4282,22.680000,-0.784120,0.732777,0.021987,-0.816306,0.268369,1.460625,1.139646,0.008273,1.270940,0.106792,0.321870,0.362878,0.513340,0.754635,0.551995,0.538336
4283,22.700000,-0.856914,0.767152,-0.004031,-0.840301,0.282623,1.365455,1.180761,0.041728,1.364282,0.069814,0.406878,0.427942,0.758186,1.058136,0.771086,0.872708
4284,22.720000,-1.022448,0.984337,-0.061564,-1.049989,0.505651,1.014060,1.256716,0.233793,1.897169,0.116317,0.721752,0.859624,1.940541,2.214873,1.821570,2.115866
4285,22.740000,-1.060948,0.986609,-0.193775,-1.334002,0.745596,0.771681,1.217349,0.484330,2.422876,0.312089,0.960015,1.378504,2.823802,2.832604,2.634595,2.734723
4286,22.760000,-0.966634,0.840089,-0.336001,-1.663099,0.865370,0.647478,1.034327,0.771658,2.789604,0.558345,1.093172,1.797669,3.082143,2.836993,3.124261,2.671113
4287,22.780000,-0.723818,0.593452,-0.468125,-1.926567,0.937083,0.680206,0.821631,0.814380,2.801486,0.746224,1.185781,2.097481,2.974210,2.378454,3.246680,2.067550
4288,22.800000,-0.630064,0.712746,-0.419229,-2.027112,0.983275,0.704404,0.771248,0.959442,2.994446,0.610886,1.225527,2.292716,2.914331,2.203459,3.202482,1.758506
4289,22.820000,-0.509778,0.407121,-0.553886,-1.922891,0.898972,0.696314,0.567096,0.941849,2.831189,0.499032,1.163828,2.203959,2.775638,1.936709,3.228827,1.552458
4290,22.840000,-0.503086,0.553996,-0.460791,-1.578039,0.871145,0.665917,0.551839,0.936657,2.894699,0.042626,1.107242,2.161917,2.779702,2.079824,3.069386,1.729946
4291,22.860000,-0.562517,0.488134,-0.427812,-0.962433,0.803232,0.642739,0.560524,0.851679,2.787568,-0.540697,1.181103,2.190658,2.721493,2.222937,2.872284,1.923999
4292,22.880000,-0.570723,0.460871,-0.354757,-0.369846,0.728255,0.654335,0.812390,0.668888,2.455749,-1.211474,1.166712,2.335908,2.725493,2.341758,2.682335,2.052625
4293,22.900000,-0.561774,0.492658,-0.292531,0.184440,0.635398,0.627253,1.367577,0.686247,2.159677,-2.137473,1.168573,2.529007,2.785584,2.463129,2.635389,2.348958
4294,22.920000,-0.427850,0.302789,-0.294358,0.585053,0.515686,0.598276,2.014887,0.613015,1.625874,-2.989703,1.270396,2.814248,2.771497,2.467251,2.785335,2.663588
4295,22.940000,-0.224862,0.173926,-0.310343,0.823273,0.337867,0.403036,2.522498,0.498263,0.936314,-3.464497,1.035141,2.570252,2.689488,2.386912,2.945213,2.945644
4296,22.960000,0.081371,0.169602,-0.275220,0.959826,0.355627,0.423526,2.949064,0.529784,0.799363,-3.820328,1.307381,2.817248,2.583969,2.305291,3.068224,3.286812
4297,22.980000,0.297375,0.184715,-0.281858,0.744449,0.328791,0.303427,2.980554,0.647950,1.109506,-3.673806,1.447946,2.838118,2.591031,2.294553,2.913125,3.540639
4298,23.000000,0.311216,0.303733,-0.352717,0.183939,0.406870,0.348135,2.790473,0.859862,1.908221,-2.952992,1.417416,2.703208,2.533325,2.326509,2.244309,3.697242
4299,23.020000,0.022131,0.560478,-0.408709,-0.763429,0.587648,0.429423,2.247327,0.901639,2.754430,-1.467279,1.036905,2.018947,2.475262,2.366250,1.449519,3.396888
4300,23.040000,-0.205329,0.848930,-0.381272,-1.591041,0.826195,0.636895,1.669549,1.017666,3.461184,-0.122236,1.013478,1.638247,2.383027,2.361931,1.312017,2.963467
4301,23.060000,-0.268519,0.977760,-0.309445,-2.181813,0.755866,0.651956,1.141250,0.909028,3.430105,0.787787,0.822963,1.138750,2.433522,2.347987,1.838221,2.601791
4302,23.080000,-0.238175,0.900645,-0.148757,-2.139159,0.598796,0.669972,0.726065,0.728614,2.889755,1.103742,0.661079,0.945123,2.501785,2.555857,2.449684,2.448382
4303,23.100000,-0.257762,0.821413,0.055982,-1.878505,0.376668,0.512424,0.653625,0.495188,2.306085,0.884465,0.405226,0.755960,2.614467,2.717811,2.850727,2.361851
4304,23.120000,-0.278668,0.678953,0.128797,-1.466004,0.230909,0.503275,0.914691,0.342528,1.722593,0.319776,0.298032,0.734798,2.741581,2.737576,2.983773,2.372330
4305,23.140000,-0.234567,0.541981,0.123188,-0.967833,0.183004,0.630630,1.264320,0.171157,1.205486,-0.467599,0.287984,0.888790,2.788987,2.745559,2.991340,2.457675
4306,23.160000,-0.137104,0.433385,0.095750,-0.494779,0.136214,0.818293,1.620466,0.071796,0.960642,-1.217850,0.353212,1.025534,2.786392,2.866902,2.947514,2.681982
4307,23.180000,-0.115986,0.367157,0.047598,-0.237745,0.066443,0.939104,1.954576,0.136034,0.933128,-1.646671,0.365746,0.981882,2.719143,2.884775,2.854492,2.960975
4308,23.200000,-0.153115,0.331348,-0.018502,-0.228806,0.099528,0.965073,2.219080,0.183919,1.077299,-1.770422,0.372997,0.946140,2.636778,2.926947,2.664435,3.194050
4309,23.220000,-0.123849,0.311191,-0.085549,-0.382646,0.189667,0.955914,2.283893,0.188699,1.253025,-1.640914,0.373241,0.901353,2.564835,2.986843,2.344239,3.319159
4310,23.240000,-0.160657,0.402418,-0.085377,-0.585713,0.255802,0.905954,2.235753,0.184400,1.373171,-1.250397,0.359985,0.750173,2.490299,2.964105,2.168518,3.309639
4311,23.260000,-0.319529,0.497455,-0.034302,-0.942894,0.236841,0.882951,2.290079,0.307246,1.511437,-0.815439,0.231956,0.642085,2.593238,2.970302,2.347911,3.361264
4312,23.280000,-0.406265,0.486846,-0.119678,-1.284120,0.205440,0.833867,2.322834,0.350348,1.523869,-0.446848,0.127456,0.486220,2.739717,2.881740,2.635539,3.351183
4313,23.300000,-0.216963,0.496331,-0.052458,-1.273238,0.309557,0.907249,2.101277,0.251283,1.502701,-0.343611,0.338059,0.694812,2.826469,2.844728,2.752822,3.218978
4314,23.320000,-0.097579,0.482919,0.032393,-1.148287,0.269063,0.821112,1.868189,0.100961,1.262921,-0.330892,0.356332,0.761555,2.857708,2.881493,2.873320,3.041546
4315,23.340000,-0.112381,0.517152,0.226402,-1.097450,0.193263,0.906866,1.926482,0.186593,1.233877,-0.494465,0.329356,0.873139,2.941711,2.939648,3.037628,3.060513
4316,23.360000,-0.117522,0.475362,0.129785,-1.083856,0.150808,0.928535,1.934131,0.255456,1.246143,-0.548098,0.342461,0.847741,3.005614,2.916626,3.166752,3.071388
4317,23.380000,-0.038518,0.402691,0.019243,-1.033071,0.131850,0.877899,1.909571,0.227640,1.234207,-0.710572,0.312454,0.827135,2.963089,2.895107,3.128201,3.074471
4318,23.400000,0.048135,0.397884,0.049454,-0.878472,0.177589,0.909365,1.866265,0.144754,1.204275,-0.918926,0.381495,0.908062,2.887536,2.992280,2.993755,3.066007
4319,23.420000,0.065863,0.454850,0.086239,-0.913467,0.129284,0.964224,1.907315,0.168927,1.290450,-0.955263,0.350998,0.849045,2.847230,3.015717,2.897516,3.102493
4320,23.440000,0.068797,0.431154,0.057912,-0.964475,0.148271,0.926405,1.887262,0.161465,1.253574,-0.899237,0.321382,0.773618,2.820844,3.015317,2.855795,3.134420
4321,23.460000,0.104507,0.432073,0.073327,-0.966771,0.173351,0.940538,1.856511,0.171537,1.280203,-0.877867,0.305648,0.787503,2.799438,3.027675,2.804384,3.151315
4322,23.480000,0.190969,0.348620,0.050931,-0.932033,0.145690,0.831018,1.767308,0.089109,1.052885,-0.821128,0.278965,0.692316,2.669254,2.909461,2.716422,3.022146
4323,23.500000,0.257036,0.317913,0.151960,-0.835146,0.149051,0.762839,1.680043,0.065339,0.899171,-0.879430,0.270598,0.729088,2.617717,2.881221,2.746017,3.019483
4324,23.520000,0.305028,0.229047,0.233629,-0.816394,0.059860,0.717391,1.669804,0.019781,0.700026,-0.987562,0.198932,0.708911,2.531290,2.821612,2.687393,2.921702
4325,23.540000,0.315838,0.182976,0.350269,-0.790071,0.019020,0.825143,1.695618,0.018661,0.616639,-1.087727,0.121952,0.664468,2.360133,2.598794,2.523018,2.748358
4326,23.560000,0.395292,0.035792,0.425903,-0.732864,-0.111935,1.109565,1.624314,-0.080540,0.439581,-1.132430,-0.065129,0.389475,1.664599,1.858469,1.915923,2.053463
4327,23.580000,0.784792,-0.540737,0.355743,-0.482664,-0.740921,1.688809,1.301962,-0.310247,-0.278042,-1.039514,-0.665843,-0.392309,-0.770111,-0.887065,-0.171562,-0.406023
4328,23.600000,1.096606,-1.200985,0.511545,-0.352429,-1.401268,1.337190,0.920003,-0.274690,-0.719985,-1.109453,-0.593781,-0.655288,-1.897674,-1.865917,-0.797882,-0.757437
4329,23.620000,1.293162,-1.998250,0.584644,-0.155649,-1.693579,0.643084,0.094414,-0.105889,-0.913322,-0.858278,-0.503232,-0.798467,-1.956274,-1.226981,-0.799883,0.058520
4330,23.640000,1.455150,-2.428137,0.544789,-0.375128,-1.588651,-0.048151,-0.514460,0.144211,-0.843246,-0.459228,-0.498878,-0.785710,-1.218385,-0.151022,-0.492433,1.083591
4331,23.660000,1.731201,-2.306647,0.348584,-0.881664,-1.222490,-0.505981,-0.875935,0.301740,-0.548317,-0.025600,-0.372431,-0.628651,0.182350,0.761436,-0.002297,2.136223
4332,23.680000,1.855475,-1.852168,0.141906,-1.540020,-1.085081,-0.569656,-0.831938,0.237138,-0.297887,0.427885,-0.291262,-0.472495,1.205008,1.021085,0.292217,2.477274
4333,23.700000,2.081215,-1.631292,-0.003276,-1.883691,-0.857217,-0.364042,-0.723502,0.123465,-0.128955,0.565689,-0.188706,-0.319079,1.402201,0.719445,0.156909,2.074720
4334,23.720000,2.274459,-1.552927,-0.176499,-2.169142,-0.869847,-0.100697,-0.544520,-0.025065,-0.045912,0.609198,-0.189588,-0.353995,0.780210,0.050175,-0.386112,1.200548
4335,23.740000,2.368448,-1.612184,0.052308,-2.611155,-1.306553,0.309694,-0.349221,-0.211977,-0.274173,0.786650,-0.299326,-0.665632,0.022577,-0.528168,-0.656878,0.618116
4336,23.760000,2.363375,-1.945513,0.053248,-2.755203,-1.584863,0.429014,-0.361220,-0.204558,-0.545489,1.022859,-0.299273,-0.808511,-0.619270,-0.834194,-0.891118,0.349100
4337,23.780000,2.082738,-2.075594,0.071953,-2.691560,-1.756965,0.057246,-0.366599,-0.161847,-0.658867,1.170796,-0.255000,-0.822352,-0.736052,-0.767139,-1.042341,0.390460
4338,23.800000,1.839015,-2.150010,0.094293,-2.591485,-1.783466,-0.318095,-0.346353,-0.120649,-0.698806,1.206360,-0.257793,-0.811165,-0.619795,-0.712301,-1.149054,0.363778
4339,23.820000,1.714851,-2.125363,0.150253,-2.520330,-1.719682,-0.515968,-0.366941,-0.071389,-0.691436,1.152603,-0.287518,-0.782519,-0.500706,-0.620671,-1.132604,0.297692
4340,23.840000,1.654107,-1.954547,0.273687,-2.634218,-1.760462,-0.609022,-0.226361,-0.097105,-0.643802,1.027678,-0.323625,-0.759241,-0.426533,-0.722550,-1.178594,0.089379
4341,23.860000,1.776072,-1.945782,0.170294,-2.667498,-1.681981,-0.483123,-0.104765,-0.074322,-0.562886,0.861800,-0.347210,-0.715241,-0.658367,-1.074863,-1.413813,-0.223124
4342,23.880000,1.847568,-1.767522,0.149516,-2.737692,-1.689599,-0.182026,-0.051439,-0.130620,-0.540534,0.809396,-0.370297,-0.734980,-1.070200,-1.247447,-1.555538,-0.498294
4343,23.900000,1.799847,-1.778121,0.010327,-2.827258,-1.655645,-0.096900,-0.052803,-0.153929,-0.454740,0.844953,-0.350169,-0.774921,-1.488106,-1.328108,-1.761347,-0.646215
4344,23.920000,1.703050,-1.694795,-0.108077,-2.903671,-1.596649,0.058851,-0.108058,-0.207307,-0.377025,0.971830,-0.344786,-0.809852,-1.866829,-1.359178,-1.976676,-0.747327
4345,23.940000,1.499062,-1.625876,-0.087719,-3.072779,-1.608852,0.116946,-0.113949,-0.252550,-0.307374,1.100888,-0.370742,-0.873648,-2.137127,-1.401794,-2.113732,-0.823681
4346,23.960000,1.347601,-1.586547,-0.082817,-3.173805,-1.571624,0.132729,-0.093748,-0.253111,-0.234278,1.167624,-0.358671,-0.852812,-2.188680,-1.533989,-2.185986,-0.880247
4347,23.980000,1.235520,-1.506982,0.016712,-3.099388,-1.456670,0.124024,-0.075884,-0.251580,-0.203982,1.086274,-0.364422,-0.773304,-2.225394,-1.694949,-2.177011,-1.026810
4348,24.000000,0.958558,-1.373825,0.394367,-2.992187,-1.458273,0.115012,0.060291,-0.236015,-0.242190,0.816946,-0.443272,-0.762508,-2.375086,-2.033989,-2.122335,-1.337291
4349,24.020000,0.756413,-1.402802,0.554020,-2.703336,-1.440414,0.106508,0.207461,-0.210116,-0.301373,0.332367,-0.407360,-0.630667,-2.538010,-2.350004,-2.139333,-1.614820
4350,24.040000,0.536088,-1.277381,0.738542,-2.176211,-1.358724,0.039769,0.315762,-0.178994,-0.317683,-0.281108,-0.384441,-0.484284,-2.829522,-2.556877,-2.208659,-1.871951
4351,24.060000,0.396521,-1.427782,0.788496,-1.399349,-1.254804,0.018188,0.366589,-0.131468,-0.446143,-1.104613,-0.319454,-0.310295,-3.260720,-2.674459,-2.269146,-2.191608
4352,24.080000,0.174126,-1.434526,0.970951,-0.499220,-1.211314,-0.060272,0.562444,-0.036102,-0.535964,-2.160494,-0.389776,-0.190983,-3.670904,-2.800188,-2.235507,-2.445314
4353,24.100000,-0.150264,-1.350224,1.149531,0.552804,-1.192188,-0.368386,0.600833,0.205158,-0.572614,-3.041644,-0.413832,-0.039780,-3.707167,-2.862896,-2.094795,-2.596713
4354,24.120000,-0.322362,-1.599492,1.333882,1.709949,-0.942888,-0.501525,0.558011,0.369589,-0.695890,-4.088825,-0.259740,0.195868,-3.765620,-2.957099,-1.931859,-2.836624
4355,24.140000,-0.482332,-1.563208,1.593515,2.400275,-0.559375,-0.647782,0.603814,0.585015,-0.705112,-5.009282,-0.128431,0.366474,-3.501724,-3.044175,-1.766863,-2.991978
4356,24.160000,-0.479587,-1.420814,1.642279,2.688894,-0.476348,-0.630837,0.689227,0.807085,-0.654748,-5.216627,-0.140919,0.409659,-2.887876,-3.224973,-1.646846,-3.002376
4357,24.180000,-0.216427,-1.131650,1.315093,2.186494,-0.437962,-0.393682,0.891892,0.981339,-0.576631,-4.708298,-0.206267,0.433117,-2.403651,-3.382940,-1.579102,-2.850485
4358,24.200000,0.604290,-0.771639,0.380352,0.419062,-0.327840,0.107834,1.038396,0.927653,-0.348683,-3.159067,-0.227580,0.275280,-2.118425,-3.569582,-1.723418,-2.600465
4359,24.220000,1.350897,-0.036329,-0.559237,-2.736545,-0.362944,1.052036,1.250748,0.872595,0.690722,-0.603131,-0.367454,-0.055581,-1.819707,-3.743970,-2.520975,-2.340797
4360,24.240000,1.370454,0.336066,-0.643847,-5.009424,-0.382055,1.447382,0.448230,0.493784,1.595813,1.951013,-0.425646,-0.556106,-1.680183,-3.569514,-2.784920,-2.243334
4361,24.260000,0.954519,0.354413,-0.721037,-5.597613,-0.404610,1.078432,0.306202,0.398154,2.019488,3.543117,-0.058618,-0.750779,-1.724638,-3.209638,-2.096937,-1.682335
4362,24.280000,0.702535,0.269621,-0.589960,-5.321620,-0.492130,0.579452,0.143376,0.204651,2.071654,4.141661,0.225628,-0.863678,-1.912111,-3.047485,-1.480080,-1.597475
4363,24.300000,0.603702,0.229838,0.130897,-4.798360,-0.295576,0.598880,-0.012833,0.193371,2.041282,3.399547,0.245936,-0.701643,-1.626058,-2.609154,-1.032896,-1.728889
4364,24.320000,-0.039145,0.119105,1.734863,-3.352474,-0.206778,-0.089524,-0.030135,0.025709,1.698370,1.800762,-0.028121,-0.688568,-1.326551,-2.604515,-1.292223,-2.201460
4365,24.340000,-0.552312,0.205758,2.844686,-1.317397,-0.196532,-0.478250,0.223649,0.015665,1.174338,-0.737132,-0.257996,-0.387284,-1.437390,-2.742710,-2.044561,-2.670408
4366,24.360000,-1.076075,0.101014,2.574077,1.792321,-0.426307,-0.848989,0.470411,0.172404,0.467405,-3.739091,-0.435935,0.073419,-2.109910,-2.782531,-2.129297,-3.035544
4367,24.380000,-1.178651,-0.182211,1.691813,3.106755,-0.634490,-0.954056,0.715368,0.386968,0.230911,-5.394303,-0.647553,0.042251,-2.938349,-3.362577,-1.558994,-3.274110
4368,24.400000,-0.897989,-0.723844,1.335354,3.667326,-0.288170,-0.751452,0.958992,0.397796,-0.171775,-6.420531,0.059921,0.505871,-3.672120,-3.618642,-1.637972,-3.334386
4369,24.420000,-0.335161,-0.779739,1.121261,3.599685,-0.097600,-0.486076,1.334732,0.693698,-0.437802,-6.779145,0.238425,0.619680,-3.884347,-3.492705,-1.570417,-2.683116
4370,24.440000,0.177613,-0.935945,1.149449,3.114213,0.029073,-0.178278,1.460018,0.813043,-0.645571,-6.639291,0.246178,0.612822,-4.046692,-3.360129,-1.668974,-2.147891
4371,24.460000,0.832331,-0.886286,0.753297,1.686322,0.115597,0.500427,1.709514,0.966299,-0.439725,-5.319340,0.193710,0.610255,-3.897487,-3.184780,-2.137072,-1.689939
4372,24.480000,1.433337,-0.443609,-0.137105,-0.616930,0.087524,1.401288,2.011260,1.148912,0.442238,-3.305082,0.128398,0.877344,-3.038764,-2.942276,-2.858364,-1.481889
4373,24.500000,1.272706,0.118722,-0.521105,-2.608573,0.375992,2.111321,1.189559,0.958927,1.728082,-0.600923,-0.076827,0.675989,-2.137933,-3.088245,-3.728172,-1.845155
4374,24.520000,0.735494,0.275699,-0.578708,-3.823892,0.280520,1.916128,0.533425,0.715216,2.154652,1.527539,-0.008525,0.248105,-2.143351,-3.480199,-3.923837,-2.204638
4375,24.540000,0.153486,0.415545,-0.495461,-4.333631,-0.108746,1.224984,0.416931,0.396722,2.120639,2.857291,0.239500,-0.295193,-2.633854,-3.732947,-3.428462,-2.150281
4376,24.560000,-0.118134,0.661120,-0.275264,-4.632460,-0.417677,0.911611,0.570138,0.422954,2.490637,3.477081,0.312634,-0.723416,-2.676479,-3.752345,-2.546002,-2.159587
4377,24.580000,0.127895,0.387930,-0.208781,-4.365181,-0.494035,0.833453,0.521898,0.283852,2.121913,2.937404,0.488523,-0.535757,-2.183864,-3.595283,-1.840795,-2.349874
4378,24.600000,-0.006749,0.145330,0.330727,-3.344788,-0.537446,0.358050,0.495707,0.129279,1.794357,1.669417,0.255281,-0.510315,-1.928031,-3.499640,-1.951581,-2.744169
4379,24.620000,-0.017309,0.132115,0.829477,-1.928206,-0.535625,0.281930,0.591230,-0.086318,1.053419,-0.106081,0.258051,-0.058023,-2.062433,-3.351345,-2.482174,-3.093533
4380,24.640000,-0.343352,0.091205,0.868495,-0.082336,-0.497119,0.346774,1.019518,0.103330,0.525832,-2.235593,0.411417,0.574012,-2.387820,-2.756092,-2.584717,-3.191329
4381,24.660000,-0.622282,-0.169179,0.643073,1.578994,-0.600133,0.202127,1.391805,0.240508,0.199483,-4.115252,0.353197,0.864943,-2.914198,-2.482750,-1.855956,-3.303302
4382,24.680000,-0.563773,-0.550082,0.482603,2.538619,-0.437318,0.206276,1.842253,0.365934,-0.075299,-5.713897,0.627633,1.248538,-3.411965,-2.346720,-1.343950,-3.257510
4383,24.700000,-0.556557,-0.662607,0.513496,2.966433,-0.283020,0.021623,2.139119,0.649927,-0.343122,-6.596367,0.693445,1.412226,-3.322202,-2.157303,-1.134766,-3.000588
4384,24.720000,-0.585379,-0.729185,0.872180,3.254984,-0.076937,-0.145920,2.117722,0.970917,-0.569967,-6.863392,0.619142,1.414737,-3.074973,-2.281683,-1.017869,-2.633107
4385,24.740000,-0.587883,-0.542985,1.126613,2.902497,0.022774,-0.224054,2.164728,1.263385,-0.461327,-6.165144,0.589299,1.368942,-2.556341,-2.630905,-1.012468,-2.216627
4386,24.760000,-0.363759,-0.406939,1.196589,2.150287,0.227491,-0.062200,1.607310,1.182729,-0.305767,-4.602924,0.456507,1.092611,-2.078537,-3.203513,-1.514921,-1.883288
4387,24.780000,0.212388,0.113023,0.366044,-0.063588,0.337711,0.567224,1.436629,1.336481,0.992311,-2.382145,0.400147,1.065698,-1.731978,-3.369415,-2.614192,-1.565024
4388,24.800000,0.570301,0.709120,-0.335105,-2.241739,0.589821,1.622547,0.744765,1.120108,2.466037,0.170948,0.330407,0.736677,-1.463119,-3.377715,-3.272158,-1.618695
4389,24.820000,0.477864,0.681855,-0.472424,-3.605718,0.362346,1.662022,0.624288,0.848415,2.708841,1.777364,0.281793,0.020194,-1.732068,-3.467151,-2.884933,-1.738417
4390,24.840000,0.384116,0.788967,-0.419381,-4.261943,-0.066763,1.134842,0.457594,0.742959,2.864007,2.791972,0.376589,-0.401602,-2.363772,-3.432711,-2.497321,-1.862020
4391,24.860000,0.238403,0.731571,-0.152251,-4.435271,-0.441319,0.608262,0.275828,0.562828,2.857673,3.277803,0.302109,-0.792883,-2.562996,-3.382424,-2.148696,-2.221488
4392,24.880000,0.614914,0.246950,0.036621,-3.859930,-0.570487,0.529653,0.306824,0.088372,1.808093,2.615117,0.378984,-0.620556,-2.627968,-3.531154,-2.097910,-2.600817
4393,24.900000,0.343964,0.324142,1.192157,-3.033275,-0.521130,0.173421,0.260181,0.071507,1.513928,1.336784,0.206302,-0.579227,-2.157102,-3.119915,-2.285291,-2.716039
4394,24.920000,0.198163,0.195839,1.440801,-1.789914,-0.581611,0.030089,0.497823,-0.036066,0.669093,-0.207202,-0.003312,-0.411643,-1.903625,-2.932734,-2.439871,-2.676117
4395,24.940000,-0.155882,0.160665,1.013726,-0.228818,-0.386990,0.224217,0.771820,0.146158,0.433327,-1.759212,0.186012,0.189133,-1.953447,-2.495729,-2.470925,-2.361395
4396,24.960000,-0.533100,0.797552,0.009368,0.431288,0.014227,0.091944,1.557078,0.545304,1.076288,-2.614867,1.187578,1.643056,0.675227,0.664714,0.225654,0.551667
4397,24.980000,-0.728225,0.350640,-0.368515,0.870040,0.490215,-0.115055,1.888909,0.815149,1.522584,-2.983350,1.584209,2.711617,1.884012,1.992306,1.784912,1.284871
4398,25.000000,-0.702669,0.202138,-0.475898,0.944402,0.756165,-0.214176,2.022739,1.278065,2.377074,-2.850596,2.091970,3.830517,1.995034,1.792536,1.648495,0.180239
4399,25.020000,-0.627292,0.178070,-0.539009,1.061008,0.713636,-0.265104,2.093595,1.698628,2.530417,-2.877724,2.386066,4.355040,1.929809,1.048121,0.994013,-0.860659
4400,25.040000,-0.680833,0.117764,-0.604510,1.256827,0.847505,-0.137510,1.887832,1.823414,2.676496,-2.748855,2.453754,4.556285,1.664344,0.306347,0.372834,-1.483079
4401,25.060000,-0.754183,-0.030983,-0.643931,1.612139,0.583291,-0.237969,1.570705,1.926379,2.531999,-2.810926,2.448259,4.369658,1.277521,-0.325118,-0.108054,-1.661324
4402,25.080000,-0.672694,0.127046,-0.588623,1.911726,0.631539,-0.135419,1.387891,1.888152,2.468014,-3.023442,2.442469,4.318088,1.137740,-0.410037,-0.414953,-1.494277
4403,25.100000,-0.623674,0.256046,-0.537858,1.961107,0.658891,-0.019563,1.419957,1.765910,2.430146,-3.136363,2.441734,4.205445,1.198093,-0.262991,-0.400850,-1.172660
4404,25.120000,-0.537581,0.382006,-0.480032,1.798134,0.678836,0.112838,1.432138,1.702609,2.469009,-3.001829,2.323936,3.998270,1.180010,-0.057112,-0.580543,-0.793680
4405,25.140000,-0.533306,0.437440,-0.470394,1.292320,0.674893,0.248720,1.437823,1.641471,2.657162,-2.438915,2.212129,3.730471,1.129329,0.130656,-0.887394,-0.260902
4406,25.160000,-0.680905,0.655190,-0.431575,0.553785,0.870553,0.472224,1.349275,1.553708,3.005388,-1.447434,2.109063,3.347449,1.033951,0.445857,-1.228242,0.192565
4407,25.180000,-0.929554,0.841154,-0.394398,-0.305013,1.049322,0.591911,1.013672,1.503222,3.552958,-0.164347,1.948247,2.827456,0.859065,0.711552,-1.288159,0.345100
4408,25.200000,-0.999233,0.789853,-0.335216,-1.005878,0.954894,0.484614,0.518752,1.400701,3.714242,0.755941,1.678020,2.166757,0.624088,0.802801,-1.019810,0.161809
4409,25.220000,-0.910153,0.687787,-0.201025,-1.351969,0.747380,0.356741,0.069421,1.180275,3.498904,1.097651,1.404770,1.784279,0.564046,0.763225,-0.545689,-0.179983
4410,25.240000,-0.800144,0.563061,-0.133137,-1.297590,0.598783,0.244848,-0.161427,0.995844,3.048479,0.948858,1.155855,1.522571,0.668993,0.734792,0.000492,-0.484445
4411,25.260000,-0.692937,0.542128,0.003390,-0.894646,0.533389,0.191534,-0.063534,0.749930,2.492913,0.260703,0.977205,1.480397,0.846966,0.746693,0.255580,-0.635647
4412,25.280000,-0.510759,0.390581,0.010784,-0.391018,0.482261,0.196408,0.315320,0.555050,1.804913,-0.716603,0.882871,1.506432,0.895280,0.720471,0.393570,-0.576127
4413,25.300000,-0.330791,0.286789,0.056373,0.216168,0.364478,0.300157,0.951402,0.383910,1.167985,-1.957065,0.881362,1.679747,0.884623,0.766050,0.516851,-0.273792
4414,25.320000,-0.173611,0.095618,0.006436,0.813580,0.195702,0.581238,1.601938,0.330069,0.751041,-3.005120,0.824113,1.746737,0.741210,0.913235,0.684099,0.200312
4415,25.340000,-0.112679,-0.055803,-0.071860,1.085056,0.051879,0.722588,2.197684,0.385653,0.502920,-3.526371,0.786217,1.733232,0.562886,0.950021,0.719654,0.570034
4416,25.360000,0.001229,-0.193219,-0.099816,1.106680,0.092335,0.833649,2.446569,0.418066,0.368406,-3.706099,0.743590,1.704204,0.244841,0.985507,0.434598,0.854182
4417,25.380000,0.076191,-0.194276,-0.095484,0.993652,0.131218,0.965181,2.478315,0.453564,0.517228,-3.470278,0.642688,1.511712,0.045907,0.949724,-0.111236,1.062408
4418,25.400000,-0.011188,-0.102578,-0.111678,0.523475,0.204699,1.056687,2.480654,0.471852,0.885692,-2.818704,0.567192,1.373629,-0.060618,0.908489,-0.710389,1.194893
4419,25.420000,-0.324724,0.147975,-0.090076,0.006465,0.361512,1.308179,2.291687,0.499724,1.451032,-1.839417,0.469902,1.078839,-0.077829,0.812852,-1.124622,1.141592
4420,25.440000,-0.619205,0.364200,-0.048205,-0.560705,0.417417,1.269461,1.900027,0.491543,1.841741,-0.842973,0.421090,0.686243,-0.004412,0.591988,-1.186480,0.937047
4421,25.460000,-0.785264,0.507752,-0.014912,-0.954210,0.316726,1.213130,1.631427,0.437634,1.921206,-0.043660,0.364699,0.373024,0.185031,0.385840,-0.835509,0.769699
4422,25.480000,-0.761532,0.555162,0.099768,-1.069730,0.204537,1.025173,1.339012,0.376329,1.808057,0.362335,0.324159,0.222270,0.405561,0.344541,-0.404126,0.649720
4423,25.500000,-0.692907,0.502645,0.218815,-1.039846,0.107800,0.832035,1.169481,0.207477,1.453814,0.444672,0.276838,0.175877,0.528149,0.365256,-0.066180,0.557783
4424,25.520000,-0.570496,0.446372,0.335351,-0.810459,0.064179,0.891735,1.051247,0.087229,1.196963,0.228668,0.275659,0.205788,0.572378,0.457261,0.052919,0.516714
4425,25.540000,-0.489648,0.369440,0.368902,-0.604955,-0.025869,0.945758,1.088377,-0.020027,0.942966,-0.092587,0.270908,0.199162,0.544903,0.509474,0.073227,0.489144
4426,25.560000,-0.475189,0.309498,0.349821,-0.447502,-0.094105,1.050087,1.250885,-0.106779,0.718717,-0.423653,0.216276,0.183966,0.446165,0.527745,0.077893,0.483819
4427,25.580000,-0.442711,0.262882,0.269375,-0.327428,-0.125979,1.230412,1.417284,-0.139931,0.568350,-0.707055,0.186083,0.160410,0.292655,0.515724,0.023578,0.490250
4428,25.600000,-0.179439,0.456553,0.019645,0.803951,-0.197794,-0.208228,0.681692,0.301424,0.527100,-0.834085,-0.277093,-0.129142,1.593624,0.987278,1.375108,0.947912
4429,25.620000,-0.512231,0.180849,-0.147356,0.981627,-0.443526,-0.473653,0.579470,0.335995,0.870697,-1.207225,0.156070,0.548225,1.350991,0.319857,1.735372,0.647788
4430,25.640000,-0.393115,0.273820,-0.126114,0.587926,-0.081620,-0.006597,1.093366,0.362266,1.371286,-1.524664,0.386580,0.794852,0.880182,0.165911,0.587243,0.191678
4431,25.660000,-0.216324,0.447167,0.348811,0.013657,0.049904,0.987644,1.546582,0.213374,1.619793,-1.545954,0.360902,0.525011,0.573208,0.299071,-0.039848,0.240262
4432,25.680000,-0.224679,0.487103,0.451288,-0.267791,0.097799,1.824894,1.678083,0.096436,1.543247,-1.120769,0.247757,0.262626,0.433417,0.625172,-0.223605,0.604563
4433,25.700000,-0.492529,0.638839,0.292608,-0.232249,0.081190,2.078080,1.607588,0.035346,1.373260,-0.609926,0.221762,0.095634,0.490958,1.000566,-0.234945,0.978178
4434,25.720000,-0.819716,0.728571,0.057684,-0.233572,0.004887,1.850673,1.732648,-0.092403,1.188500,-0.316053,0.203259,-0.012483,0.591698,1.147796,-0.171669,1.143837
4435,25.740000,-1.058485,0.817592,-0.102026,-0.283716,0.018907,1.614686,1.964368,-0.135049,1.102806,-0.213604,0.235512,0.046934,0.656139,1.100236,-0.000270,1.091475
4436,25.760000,-1.168846,0.783996,-0.145394,-0.453383,-0.009193,1.315252,2.132046,-0.137583,1.018572,-0.191090,0.214656,0.094127,0.669172,0.932111,0.287120,0.895208
4437,25.780000,-1.088997,0.680349,-0.126374,-0.566651,0.052598,1.213573,2.122813,-0.097023,0.948770,-0.235658,0.241731,0.188973,0.562438,0.710416,0.482282,0.661497
4438,25.800000,-0.919982,0.606453,-0.023053,-0.670470,0.067919,1.091259,1.984724,-0.092966,0.900006,-0.339690,0.279846,0.276035,0.454734,0.569388,0.504833,0.469273
4439,25.820000,-0.801727,0.560724,0.051982,-0.634700,0.091400,1.226435,1.877763,-0.072184,0.826417,-0.426933,0.279198,0.297311,0.328234,0.463914,0.505617,0.403307
4440,25.840000,-0.721274,0.504563,0.104160,-0.614532,0.088133,1.310469,1.703108,-0.077972,0.831539,-0.490281,0.316604,0.305078,0.274534,0.463291,0.466904,0.426693
4441,25.860000,-0.732842,0.497361,0.091160,-0.581717,0.074212,1.378000,1.598728,-0.088995,0.891660,-0.494343,0.317654,0.259683,0.279578,0.534755,0.370239,0.503291
4442,25.880000,-0.779911,0.524728,0.048199,-0.580791,0.083719,1.391909,1.572019,-0.061923,0.978819,-0.469707,0.339717,0.238604,0.309697,0.589338,0.269304,0.560998
4443,25.900000,-0.837815,0.572781,0.041935,-0.629957,0.098863,1.362119,1.584662,-0.036051,1.063652,-0.404620,0.332721,0.242307,0.390417,0.633692,0.286750,0.605987
4444,25.920000,-0.831696,0.621739,0.067062,-0.699023,0.121491,1.350124,1.582570,-0.010034,1.148271,-0.322010,0.335503,0.252897,0.453061,0.693080,0.343789,0.644750
4445,25.940000,-0.815917,0.656367,0.075423,-0.771506,0.141875,1.298335,1.570465,0.004350,1.235105,-0.247149,0.354238,0.283361,0.540516,0.750465,0.410311,0.680370
4446,25.960000,-0.813865,0.673965,0.060808,-0.822986,0.189929,1.280809,1.569818,0.008408,1.317250,-0.200731,0.366486,0.309943,0.614144,0.801781,0.481563,0.712602
4447,25.980000,-0.755154,0.691219,0.032001,-0.864558,0.210649,1.281828,1.553557,0.006559,1.360450,-0.182221,0.393258,0.347807,0.651171,0.788847,0.501875,0.709811
4448,26.000000,-0.740340,0.727274,0.029409,-0.849503,0.223966,1.315304,1.552560,0.027605,1.448369,-0.164175,0.411599,0.387440,0.687148,0.798547,0.513545,0.712948
4449,26.020000,-0.720560,0.725488,0.010263,-0.862807,0.213237,1.326390,1.517474,0.015579,1.475257,-0.118588,0.403187,0.375820,0.665556,0.809297,0.494953,0.695656
4450,26.040000,-0.719202,0.758113,-0.005868,-0.851119,0.222246,1.352988,1.498567,0.013730,1.491705,-0.082684,0.412507,0.382883,0.631388,0.787932,0.464078,0.671648
4451,26.060000,-0.728013,0.740620,-0.013220,-0.884855,0.198137,1.313357,1.486498,-0.001480,1.441354,-0.051502,0.415821,0.373809,0.603994,0.778123,0.474943,0.640674
4452,26.080000,-0.743147,0.771648,-0.012136,-0.887407,0.227642,1.359306,1.498809,-0.008615,1.459293,-0.051972,0.431039,0.400055,0.701955,0.941235,0.636899,0.785447
4453,26.100000,-0.814211,0.820150,-0.046433,-0.922370,0.307150,1.290143,1.546609,0.026592,1.575350,-0.046847,0.531683,0.542500,1.072574,1.313975,0.977766,1.136518
4454,26.120000,-0.955951,0.989253,-0.129592,-1.095785,0.507926,1.008813,1.645307,0.199536,1.994936,0.005845,0.814721,0.970087,2.061011,2.256408,1.882049,2.125160
4455,26.140000,-0.983484,1.086582,-0.222689,-1.408262,0.750560,0.775339,1.648742,0.443031,2.585622,0.152999,1.136048,1.576491,2.959418,3.041753,2.807198,2.912827
4456,26.160000,-0.918323,0.890312,-0.407329,-1.750142,0.852110,0.699673,1.461770,0.751998,2.936317,0.436636,1.330059,2.044668,3.280143,3.133773,3.431347,2.962292
4457,26.180000,-0.836689,0.684567,-0.531498,-1.905367,0.798367,0.567468,1.240502,0.976893,2.956317,0.487651,1.300876,2.249353,3.369404,2.974547,3.856805,2.712888
4458,26.200000,-0.690562,0.555545,-0.644476,-1.896927,1.005521,0.649304,1.212627,1.096230,3.116310,0.281274,1.552937,2.884303,3.262662,2.763508,4.002564,2.283823
4459,26.220000,-0.599856,0.438468,-0.656669,-1.423594,0.902084,0.520226,1.144919,1.123690,2.975964,-0.317389,1.631892,3.048587,3.226942,2.642938,4.091366,2.023974
4460,26.240000,-0.562011,0.323045,-0.618537,-0.506030,0.756531,0.379998,1.194800,1.049201,2.684451,-1.351379,1.735698,3.317701,3.171728,2.614172,4.224175,1.974798
4461,26.260000,-0.278120,0.174357,-0.554739,0.532551,0.538670,0.258270,1.806747,0.813790,2.005483,-2.817642,1.801837,3.608439,3.225302,2.487517,4.291728,2.087167
4462,26.280000,0.126985,0.055769,-0.526720,1.237251,0.252760,0.082443,2.657519,0.706505,1.182050,-4.194788,1.788820,3.643150,3.186945,2.372580,4.515899,2.465723
4463,26.300000,0.648077,0.061114,-0.513560,1.399949,0.095479,0.062195,3.248870,0.810146,0.815334,-4.917312,1.959325,3.766001,3.101950,2.467319,4.576562,3.030115
4464,26.320000,0.898675,0.101116,-0.566976,1.290811,0.141937,0.048984,3.419600,1.005002,1.135518,-4.745900,1.972371,3.709006,3.047835,2.520669,4.268516,3.572124
4465,26.340000,0.842107,0.225012,-0.705262,0.658255,0.298639,0.105669,3.146596,1.301105,2.187305,-3.615057,1.496190,3.146912,2.982065,2.440854,2.962405,3.953979
4466,26.360000,0.328449,0.527720,-0.794681,-0.257754,0.779262,0.402494,2.556385,1.450411,3.585559,-1.825203,1.555584,2.826503,2.788591,2.501494,1.247072,4.055071
4467,26.380000,-0.588201,0.928462,-0.702338,-1.120709,0.979643,0.463100,1.908033,1.469504,4.215458,-0.157688,1.272978,1.980470,2.601294,2.548504,0.762122,3.714687
4468,26.400000,-1.049548,1.130385,-0.569376,-1.628089,0.920948,0.504167,1.574370,1.380908,4.194643,0.799558,1.298554,1.661834,2.503180,2.551454,1.468019,3.198182
4469,26.420000,-0.861360,0.971513,-0.367323,-1.940393,0.746030,0.457391,0.975976,1.178244,3.660534,1.356649,1.114391,1.595808,2.753480,2.740331,2.492974,2.824384
4470,26.440000,-0.707858,0.820628,-0.063956,-1.618224,0.578813,0.336137,0.592526,0.923770,2.810749,1.232438,0.839596,1.643976,3.134861,3.071692,3.296672,2.673859
4471,26.460000,-0.427041,0.659315,0.040827,-1.159073,0.349102,0.214753,0.740385,0.613793,1.939072,0.556385,0.407031,1.377787,3.440922,3.160338,3.591591,2.701271
4472,26.480000,-0.151760,0.602099,-0.019367,-0.886691,0.355142,0.358570,1.282142,0.547376,1.590367,-0.305824,0.646334,1.761511,3.687162,3.144324,3.678622,2.981751
4473,26.500000,0.130614,0.409764,-0.129626,-0.388729,0.259149,0.404724,1.555894,0.217872,0.900946,-1.131620,0.525776,1.588992,3.545020,2.956714,3.575179,3.051347
4474,26.520000,0.412414,0.298585,-0.122073,0.046292,0.171896,0.674848,1.875696,0.184653,0.848086,-1.919659,0.571603,1.504418,3.137970,2.826068,3.186682,3.170359
4475,26.540000,0.459599,0.238570,-0.060049,0.007779,0.009152,0.830740,2.242479,0.182235,0.882684,-2.190023,0.486060,1.268752,2.620976,2.673783,2.545064,3.023223
4476,26.560000,0.346218,0.130833,-0.011603,-0.130798,-0.069695,1.175144,2.451918,0.157276,0.978902,-1.985286,0.156518,0.718358,1.703560,2.194792,1.517765,2.466399
4477,26.580000,-0.125179,0.177350,-0.043364,-0.354496,-0.297852,1.362605,2.627230,0.099410,0.909383,-1.316641,-0.187486,-0.112241,0.805577,1.466468,0.741488,1.897016
4478,26.600000,-0.554379,-0.048530,0.088086,-0.351472,-0.593582,1.502168,2.584423,-0.092488,0.516808,-0.874736,-0.280712,-0.428625,0.281534,0.752588,0.406703,1.355469
4479,26.620000,-0.709257,-0.310559,0.342421,-0.138160,-0.844708,1.413515,2.309281,-0.241287,0.032127,-0.688032,-0.295051,-0.545750,-0.086966,0.170598,0.174713,0.946371
4480,26.640000,-0.666987,-0.705186,0.562696,-0.032099,-1.237663,0.990398,1.829312,-0.286143,-0.425669,-0.483092,-0.358191,-0.673679,-0.278766,-0.410208,-0.098480,0.601666
4481,26.660000,-0.047525,-1.380123,0.752478,-0.064944,-1.318692,0.512452,0.938486,-0.233337,-0.835382,-0.519547,-0.412374,-0.579745,-0.582764,-0.665508,-0.345205,0.328182
4482,26.680000,0.778736,-1.819182,0.870278,-0.321243,-1.417499,0.071031,0.161028,-0.110963,-0.914171,-0.503176,-0.399934,-0.529854,-0.405559,-0.270016,-0.221246,0.738179
4483,26.700000,1.363430,-2.066202,0.804453,-0.614097,-1.237643,-0.481382,-0.433825,0.046252,-0.806841,-0.394531,-0.302213,-0.415977,0.195270,0.376075,0.098475,1.420724
4484,26.720000,1.854905,-1.818971,0.575240,-0.986013,-1.037027,-0.570426,-0.687581,0.083284,-0.621010,-0.160491,-0.222316,-0.318294,0.884753,0.858743,0.461683,1.972976
4485,26.740000,2.165177,-1.636276,0.396510,-1.163807,-0.810130,-0.519199,-0.816687,0.124312,-0.373628,-0.083757,-0.132295,-0.204500,1.323761,1.135201,0.655140,2.140064
4486,26.760000,2.302892,-1.375427,0.260249,-1.185540,-0.633940,-0.370061,-0.779667,0.084852,-0.147747,-0.124741,-0.054989,-0.052438,1.417392,1.302443,0.620887,1.992688
4487,26.780000,2.043722,-1.140541,0.326716,-1.404320,-0.859092,-0.034829,-0.444875,-0.077824,-0.153312,-0.065843,-0.116918,-0.170486,1.436301,1.371341,0.700376,1.820897
4488,26.800000,1.787679,-0.914422,0.337193,-1.421640,-0.811137,0.519854,-0.117960,-0.167736,-0.056201,-0.136513,0.000674,-0.060639,1.348788,1.523384,0.674483,1.681265
4489,26.820000,1.383201,-0.807493,0.276409,-1.221902,-0.776219,0.706608,0.098786,-0.231627,-0.057747,-0.242881,0.032617,-0.010850,1.155772,1.610333,0.547236,1.391404
4490,26.840000,0.774760,-0.430033,0.343999,-1.054214,-0.819233,0.945150,0.497157,-0.172345,0.029663,-0.175658,-0.141733,-0.174748,1.026809,1.487694,0.431487,1.185144
4491,26.860000,0.311701,-0.412879,0.207848,-0.819243,-0.648819,0.877984,0.655187,-0.178462,-0.083393,-0.277248,-0.042055,-0.013711,0.833110,1.322721,0.408708,0.873773
4492,26.880000,-0.047753,-0.232377,0.198557,-0.662043,-0.683157,0.979666,0.936860,-0.108440,0.017346,-0.311976,-0.138458,-0.044953,0.827129,1.129293,0.394283,0.779937
4493,26.900000,-0.258586,-0.106718,0.245363,-0.678665,-0.595295,0.908725,1.116335,-0.086218,0.060592,-0.328049,-0.077651,0.043659,0.912798,1.032562,0.505944,0.771091
4494,26.920000,-0.366339,0.001451,0.121537,-0.685506,-0.440303,0.894525,1.153976,-0.064221,0.147690,-0.297978,0.008901,0.156275,1.034724,1.070398,0.639637,0.862754
4495,26.940000,-0.444379,0.145600,0.114047,-0.711537,-0.243109,0.877369,1.129914,-0.009623,0.337668,-0.302827,0.139409,0.305530,1.221723,1.257257,0.802380,1.047503
4496,26.960000,-0.576549,0.351078,0.047118,-0.868351,-0.126229,0.751964,1.155110,0.075786,0.573747,-0.176627,0.235760,0.396400,1.499399,1.536289,1.088267,1.254582
4497,26.980000,-0.691606,0.495017,0.000273,-0.933329,0.200324,0.734069,1.091804,0.145390,0.902752,-0.048381,0.491062,0.781725,1.870826,1.880924,1.394890,1.442916
4498,27.000000,-0.794546,0.724858,-0.025799,-1.102455,0.445310,0.691399,0.948330,0.259266,1.404469,0.200315,0.683825,1.024536,2.230678,2.212928,1.730013,1.618132
4499,27.020000,-0.834903,0.876386,-0.064199,-1.360310,0.582969,0.671248,0.853333,0.399464,1.820513,0.533868,0.623446,1.080043,2.532791,2.383701,2.100231,1.678801
4500,27.040000,-0.758875,0.940496,-0.115671,-1.563671,0.792576,0.782785,0.626568,0.542814,2.194779,0.865756,0.845511,1.378039,2.669925,2.431132,2.349341,1.690427
4501,27.060000,-0.718681,0.968683,-0.143972,-1.760066,0.840247,0.760488,0.362790,0.656851,2.439473,1.130779,0.915045,1.453090,2.707626,2.386419,2.571342,1.680942
4502,27.080000,-0.530154,0.791650,-0.233324,-1.728511,0.864929,0.818260,0.129358,0.465784,2.259267,1.336935,0.822778,1.410674,2.590543,2.264894,2.655559,1.558762
4503,27.100000,-0.533697,0.819885,-0.258832,-1.929959,0.792368,0.794308,0.153503,0.672477,2.540239,1.356189,0.809590,1.357471,2.543417,2.176053,2.724307,1.563698
4504,27.120000,-0.520535,0.765586,-0.313215,-1.969625,0.711246,0.744977,0.144606,0.687025,2.420635,1.299809,0.667615,1.205820,2.471765,2.033269,2.722645,1.490745
4505,27.140000,-0.459088,0.762034,-0.326805,-1.857899,0.781658,0.872295,0.143587,0.613740,2.478017,1.135804,0.708086,1.364502,2.382263,2.013834,2.551589,1.504152
4506,27.160000,-0.489845,0.741491,-0.306456,-1.637192,0.758751,0.918143,0.068131,0.559974,2.418798,0.988852,0.712796,1.370334,2.284958,2.019925,2.343802,1.495471
4507,27.180000,-0.536092,0.676109,-0.260332,-1.295108,0.690270,0.956820,0.005671,0.463265,2.200126,0.723051,0.654689,1.334733,2.133676,2.054997,2.097021,1.529143
4508,27.200000,-0.638131,0.718591,-0.214474,-1.078679,0.688177,1.031889,0.165446,0.437180,2.210738,0.504249,0.668611,1.415219,2.208020,2.222783,2.003582,1.741721
4509,27.220000,-0.736005,0.713142,-0.224504,-0.979309,0.713065,0.994949,0.315828,0.413086,2.151886,0.339443,0.708083,1.475894,2.481017,2.529003,2.202038,2.165273
4510,27.240000,-0.842501,0.631573,-0.293857,-1.052699,0.742650,0.824607,0.416056,0.550379,2.227569,0.313058,0.820702,1.626552,2.809366,2.827372,2.561153,2.696488
4511,27.260000,-0.830914,0.664744,-0.280321,-1.063184,0.799841,0.674532,0.495147,0.587959,2.233202,0.233930,0.919250,1.871118,3.047808,3.062710,2.814283,2.990659
4512,27.280000,-0.773894,0.644585,-0.301316,-1.142393,0.820853,0.612780,0.637326,0.687182,2.352528,0.201737,0.887250,2.002141,3.168205,3.054955,2.942050,2.988931
4513,27.300000,-0.743639,0.795928,-0.092974,0.885043,0.725142,-0.490361,-0.053845,1.130407,1.591431,-0.622507,0.662523,1.193296,4.572828,2.346079,3.479825,3.727816
4514,27.320000,-1.417096,0.280034,-0.775157,1.490301,-0.306043,-1.665521,-0.133744,1.733222,1.319921,-1.158144,1.594927,2.112402,4.305108,2.054330,4.577671,3.298220
4515,27.340000,-1.481121,0.228919,-0.724713,1.903395,-0.356049,-1.596542,-0.040321,1.983889,1.418961,-1.866316,2.109829,1.920888,3.959898,2.311134,4.733213,2.821707
4516,27.360000,-1.441046,0.331871,-0.655554,2.116066,-0.308270,-1.596437,-0.035746,1.963127,1.521976,-2.324204,2.096782,1.593777,3.489183,2.378985,4.578412,2.278217
4517,27.380000,-1.253754,0.440202,-0.708168,2.163671,-0.081015,-1.659874,0.070503,2.229741,1.849033,-2.705662,2.489257,1.844587,3.437113,2.683771,4.018815,2.394708
4518,27.400000,-1.196509,0.595716,-0.726194,1.943351,0.174188,-1.638604,0.239918,2.570533,2.306662,-2.623001,2.616695,1.841173,3.562305,2.877741,3.577402,3.036216
4519,27.420000,-0.981672,0.718367,-0.653484,1.603848,0.454380,-1.521927,0.403056,2.556321,2.461128,-2.524502,2.692891,1.938724,3.859558,3.074655,3.309765,3.902289
4520,27.440000,-0.611429,0.942164,-0.505405,1.074499,0.754451,-1.292234,0.551188,2.148004,2.065093,-2.348603,2.433148,1.704514,4.260987,3.262688,2.943995,4.529832
4521,27.460000,-0.483944,1.257828,-0.221252,0.497387,0.911617,-0.998577,0.552063,1.910903,1.735589,-1.907832,1.855734,1.200533,4.829089,3.406446,3.028350,4.759317
4522,27.480000,-0.313868,1.444314,0.056515,0.150004,1.093327,-0.709713,0.542256,1.442260,1.248969,-1.810661,1.741463,1.133622,4.956423,3.352921,3.203366,4.581697
4523,27.500000,-0.057000,1.279169,0.036700,-0.046094,1.028223,-0.527740,0.394784,0.916277,0.246969,-1.741413,1.476644,0.585281,4.374710,3.012609,2.869571,4.030826
4524,27.520000,0.037858,1.135131,0.141024,-0.453116,0.861193,-0.325295,0.275931,0.715339,-0.539329,-1.362930,1.198203,-0.080599,3.757931,2.564754,2.889189,3.304693
4525,27.540000,0.050387,0.926578,0.141449,-0.673230,0.740924,-0.370767,0.220949,0.559035,-1.036032,-1.369911,1.076925,-0.430827,3.022485,2.250755,2.888714,2.786793
4526,27.560000,0.141032,0.618492,-0.317710,-0.849396,0.587839,-0.354848,0.154153,0.504992,-1.410807,-1.261979,1.046589,-0.945872,2.259706,2.065619,2.724773,2.768997
4527,27.580000,-0.020078,0.441471,-0.578559,-1.103983,0.365297,-0.591044,0.097445,0.603016,-1.535661,-1.062203,0.974133,-1.319525,1.889235,1.919862,2.710266,2.764106
4528,27.600000,-0.159728,0.370868,-0.805835,-1.180543,0.372394,-0.727719,0.090098,0.703467,-1.538593,-0.958485,1.037207,-1.401387,1.826991,2.059131,2.801663,2.969817
4529,27.620000,-0.258122,0.452962,-0.805685,-1.267055,0.364846,-0.855931,0.221183,0.819236,-1.448217,-0.986246,1.124988,-1.320069,2.042421,2.209931,2.901983,3.119096
4530,27.640000,-0.390052,0.518066,-0.721061,-1.378572,0.355710,-1.177785,0.252022,0.926493,-1.419305,-0.986605,1.128832,-1.251336,2.509092,2.166570,3.066739,2.987897
4531,27.660000,-0.438069,0.649048,-0.660903,-1.315181,0.511880,-1.317762,0.245183,0.985965,-1.359110,-1.136643,1.188650,-1.135719,2.976514,2.251585,3.290912,3.026320
4532,27.680000,-0.492673,0.859627,-0.495997,-1.253850,0.654906,-1.407796,0.300916,1.054955,-1.230575,-1.388123,1.280596,-0.942966,3.516783,2.474650,3.556092,3.177564
4533,27.700000,-0.546257,1.054774,-0.429423,-1.043396,0.820095,-1.491922,0.345287,1.128452,-1.016149,-1.757494,1.391672,-0.721735,4.020528,2.714662,3.806292,3.431789
4534,27.720000,-0.539798,1.130375,-0.548259,-0.700414,0.947667,-1.602230,0.266328,1.126546,-0.903512,-2.169538,1.477361,-0.653150,4.257570,2.799607,3.717408,3.672587
4535,27.740000,-0.587572,1.220829,-0.589675,-0.591644,0.990780,-1.606869,0.271736,1.176118,-0.757600,-2.315793,1.510257,-0.569384,4.368047,2.781579,3.603579,3.790729
4536,27.760000,-0.658472,1.390499,-0.509090,-0.558918,1.055329,-1.579515,0.375030,1.256825,-0.484535,-2.482716,1.547110,-0.320195,4.443712,2.771161,3.599535,3.826970
4537,27.780000,-0.660687,1.391713,-0.596483,-0.527580,1.103003,-1.563355,0.415721,1.304832,-0.366690,-2.557920,1.564376,-0.256813,4.385118,2.722279,3.468086,3.872494
4538,27.800000,-0.632262,1.448254,-0.573306,-0.506033,1.122746,-1.546183,0.405954,1.285247,-0.362573,-2.699755,1.582187,-0.146669,4.263803,2.642760,3.362076,3.885699
4539,27.820000,-0.551297,1.517710,-0.486399,-0.471240,1.220430,-1.468001,0.476170,1.227834,-0.253376,-2.882870,1.726713,0.164956,4.129492,2.691936,3.257153,4.016184
4540,27.840000,-0.526030,1.513912,-0.469845,-0.458856,1.229832,-1.440948,0.515111,1.202685,-0.254325,-2.903854,1.801662,0.263779,4.048131,2.739060,3.217630,4.109559
4541,27.860000,-0.515268,1.627819,-0.295686,-0.513063,1.331487,-1.233118,0.592092,1.154658,-0.186455,-2.843537,1.861824,0.398928,3.966347,2.754638,3.481106,4.240869
4542,27.880000,-0.497776,1.720318,-0.178545,-0.556026,1.439150,-1.043372,0.662330,1.138941,-0.147390,-2.670504,1.907204,0.333035,3.826789,2.662588,3.859838,4.355865
4543,27.900000,-0.502781,1.654375,-0.263812,-0.553609,1.449975,-0.959349,0.663085,1.166309,-0.218059,-2.370407,1.861934,0.040412,3.654078,2.426504,4.321583,4.403749
4544,27.920000,-0.425460,1.770639,-0.416645,-0.415347,1.560930,-0.798479,0.708236,1.135204,-0.211781,-2.350106,1.870250,0.008247,3.302777,2.271281,4.511046,4.542409
4545,27.940000,-0.412790,1.823267,-0.383935,-0.401244,1.587083,-0.743907,0.837558,1.225546,-0.130149,-2.251148,1.934644,-0.003677,3.048170,2.145166,4.851855,4.653177
4546,27.960000,-0.494132,1.284083,-1.007356,-0.234131,1.126508,-1.267057,0.548269,1.221695,-0.402356,-2.008266,1.712811,-0.338651,3.135155,2.266346,4.385356,4.284841
4547,27.980000,-0.647611,1.198513,-1.082212,-0.073309,1.087889,-1.447222,0.499163,1.226897,-0.513183,-1.867738,1.667977,-0.379475,3.257864,2.491121,3.969858,4.030590
4548,28.000000,-0.721053,1.271730,-0.956268,-0.020432,1.013153,-1.561565,0.459980,1.246205,-0.613976,-1.818239,1.621408,-0.340897,3.382351,2.659792,3.738800,3.671906
4549,28.020000,-0.793441,1.253340,-0.937660,0.025412,0.915271,-1.662821,0.288087,1.177777,-0.937209,-1.718502,1.429934,-0.640087,3.493087,2.749392,3.524206,3.325539
4550,28.040000,-0.767548,1.368404,-0.759377,0.104930,1.178732,-1.436923,0.044445,0.991243,-1.186318,-1.571385,1.417389,-0.904278,3.358667,2.849494,3.349880,3.476019
4551,28.060000,-0.783433,1.632648,-0.313915,-0.124173,1.330469,-1.090158,0.142375,1.060021,-1.076041,-1.301476,1.499359,-1.061966,3.267562,2.911179,3.830591,3.910288
4552,28.080000,-0.628174,1.714337,-0.070697,-0.217511,1.525369,-0.706272,0.241204,1.010921,-1.051637,-1.202722,1.642892,-1.178891,3.044074,2.773139,4.409386,4.523968
4553,28.100000,-0.417349,1.783479,0.092334,-0.394884,1.636858,-0.349142,0.485498,1.123985,-0.899489,-1.253857,1.778540,-1.166306,2.766329,2.598157,5.027823,5.129869
4554,28.120000,-0.207652,1.741557,0.158305,-0.390850,1.655131,-0.079218,0.653702,1.105626,-0.927433,-1.364025,1.907995,-1.187442,2.404776,2.377313,5.373640,5.549403
4555,28.140000,-0.379002,1.876914,-0.450529,-0.160026,1.656125,-0.744226,0.764960,1.493491,-0.369780,-1.543913,2.302501,-0.402231,3.297070,2.325330,5.624983,5.449156
4556,28.160000,-0.967861,2.128688,-1.072574,0.445883,1.847080,-1.460858,0.952924,2.312415,0.799490,-1.899623,3.086544,1.024543,4.547819,2.505767,5.774832,5.231609
4557,28.180000,-1.677699,1.835136,-1.764712,1.488781,1.718716,-2.205552,0.723462,3.289196,1.860406,-2.036805,3.718662,2.084769,4.798994,2.581388,5.261971,4.498494
4558,28.200000,-2.428605,1.604098,-2.354058,2.907903,1.558600,-2.987975,0.368980,4.462805,2.343771,-2.137451,4.523928,2.738468,4.406464,2.694201,3.979805,3.059792
4559,28.220000,-3.023625,1.396452,-2.812435,4.367513,1.429412,-3.727702,0.161737,5.550415,2.351593,-2.109887,5.710629,2.975016,3.690691,2.923719,2.657457,1.392666
4560,28.240000,-3.547434,1.270272,-3.351106,5.333759,1.462515,-4.250545,0.253258,6.786894,2.363364,-1.722881,6.750974,2.918120,2.834796,3.157845,1.788762,0.177598
4561,28.260000,-3.937228,1.196898,-3.888038,5.697668,1.619144,-4.476665,0.478636,7.686886,2.176734,-1.195150,7.485223,2.803764,2.114628,3.421890,1.476350,-0.477020
4562,28.280000,-3.866905,1.199422,-4.116999,5.556050,1.850753,-4.268267,0.930782,8.125962,1.898926,-0.927165,7.167454,2.469201,1.582220,3.537755,1.280630,-0.707148
4563,28.300000,-3.790568,1.297802,-4.189311,5.310367,1.966265,-4.185474,1.230134,8.363071,1.979263,-0.950850,7.083727,2.697951,1.647810,3.820060,1.963950,-0.550701
4564,28.320000,-3.448702,1.456813,-4.069901,4.920763,2.041536,-4.022869,1.466606,8.216255,2.134737,-1.214057,6.379965,2.766533,1.981993,3.956985,2.729403,-0.116460
4565,28.340000,-3.130071,1.387290,-4.068687,5.073762,2.353953,-4.198162,1.596976,7.857781,2.608711,-1.250630,6.626693,2.172205,2.287891,3.794023,1.523362,2.437852
4566,28.360000,-2.871048,1.660268,-3.683974,4.949978,2.414804,-4.279067,1.906110,6.994574,2.848664,-1.184848,6.215224,1.287830,2.613916,3.249690,-0.166364,4.812357
4567,28.380000,-2.783176,2.120470,-3.338980,4.614979,2.088569,-4.660496,2.326601,6.062778,3.181910,-0.834026,6.378411,0.435040,3.475962,2.277126,-0.614348,6.186210
4568,28.400000,-2.727260,2.606965,-3.150511,4.235261,1.771978,-4.644809,2.286710,6.182079,3.071679,-0.388003,6.343070,0.460036,4.659002,1.658739,1.756302,6.828739
4569,28.420000,-2.611576,2.442472,-3.157066,4.135880,1.673177,-4.595704,1.873087,6.085115,2.747762,-0.040489,6.572670,0.697968,5.493993,1.856156,4.286018,7.052567
4570,28.440000,-2.599489,1.997233,-3.537670,4.448260,1.862914,-4.558626,1.540009,6.787366,2.788749,-0.023842,6.744059,1.454485,5.526793,2.663136,6.051615,6.587915
4571,28.460000,-2.120962,1.951401,-3.554147,4.096082,2.500815,-3.868421,1.424684,6.448144,2.060728,-0.084937,5.219735,1.205578,5.571703,3.599673,6.812132,6.523386
4572,28.480000,-1.950679,1.999476,-3.478777,3.689564,2.554361,-3.688326,1.516244,5.465551,1.200250,-0.002816,4.349232,0.811504,5.377489,3.656204,6.582087,5.466375
4573,28.500000,-2.537312,1.981625,-3.718298,4.112147,2.221497,-4.161316,1.665995,5.800669,1.683851,-0.148864,5.007696,1.536586,4.853966,3.388044,6.135647,4.372183
4574,28.520000,-3.081334,1.723674,-3.882820,4.958107,1.869236,-4.607358,1.335980,6.138749,1.917144,-0.278954,5.788901,1.929737,4.607115,3.081631,6.027312,3.677082
4575,28.540000,-3.413340,1.523664,-4.085495,5.960964,1.638692,-4.976902,1.299107,7.162530,2.657054,-0.724379,6.623849,2.462357,4.334122,3.029931,5.631022,2.839322
4576,28.560000,-3.498796,1.609526,-4.125789,6.304371,1.582042,-4.995536,1.450414,7.568884,2.635196,-0.991727,6.931220,2.553141,4.156481,3.227861,5.433218,1.879913
4577,28.580000,-3.146758,1.995263,-3.679754,5.971108,1.590573,-4.741112,1.770051,6.870240,2.161220,-1.340637,6.480556,2.177967,4.127982,3.228012,5.779815,0.906671
4578,28.600000,-2.995946,2.022006,-3.891059,5.719018,1.832359,-4.565324,2.090726,7.722195,2.649646,-1.552521,6.590864,2.433913,4.093964,3.910717,5.486914,1.115604
4579,28.620000,-2.872160,2.038054,-3.887311,5.559213,1.909290,-4.444246,1.964154,7.627791,2.751587,-1.377617,6.713924,2.291765,4.224161,4.211932,4.947472,1.995957
4580,28.640000,-2.659474,2.221976,-3.583547,5.265184,1.921307,-4.304769,2.033662,7.107775,2.544567,-1.190697,6.461914,1.873221,4.281226,3.818524,4.646536,2.551156
4581,28.660000,-2.526581,2.404288,-3.470770,4.998119,1.930141,-4.349210,1.988179,6.682440,2.455680,-0.978502,6.285054,1.632054,4.382791,3.363719,4.377254,2.939694
4582,28.680000,-2.560826,2.318793,-3.785759,4.871856,1.913835,-4.320798,2.076957,6.918435,2.554040,-0.653758,6.331693,1.727587,4.178917,3.282977,4.039855,3.295693
4583,28.700000,-2.584649,2.245497,-3.842894,4.839858,1.856701,-4.306944,2.012841,6.785327,2.491751,-0.428963,6.342464,1.687949,4.129014,3.177550,4.090081,3.348202
4584,28.720000,-2.588286,2.166248,-3.999441,4.883109,1.882757,-4.317076,2.089986,7.076545,2.513468,-0.412605,6.460237,1.786233,4.056226,3.234706,4.298243,3.216557
4585,28.740000,-2.658445,2.086440,-4.161460,4.955818,1.911291,-4.311840,2.049353,7.231544,2.460567,-0.395701,6.629196,1.879410,3.987057,3.388072,4.397446,3.094866
4586,28.760000,-2.675819,2.054721,-4.197551,5.018219,1.927745,-4.284461,2.018226,7.297287,2.333563,-0.431161,6.669439,1.888821,3.899694,3.448529,4.518766,2.875866
4587,28.780000,-2.706015,2.052767,-4.236654,5.064042,1.976458,-4.255124,1.966688,7.361034,2.222542,-0.505580,6.718546,1.942589,3.841919,3.529751,4.626283,2.744543
4588,28.800000,-2.706629,2.053948,-4.220927,5.077204,1.988832,-4.235402,1.890525,7.312350,2.115779,-0.572954,6.743975,1.948947,3.812660,3.555649,4.706398,2.667134
4589,28.820000,-2.636972,2.126217,-4.080419,5.032606,1.996689,-4.214911,1.821737,6.988050,1.916009,-0.656493,6.597956,1.823497,3.793899,3.413767,4.758850,2.583100
4590,28.840000,-2.465996,2.313107,-3.848263,4.924858,2.035713,-4.225278,1.735344,6.367838,1.609506,-0.855476,6.242860,1.581252,3.752547,3.075508,4.551113,2.469458
4591,28.860000,-2.484283,2.277790,-4.022923,4.936733,2.113595,-4.222452,1.766314,6.559224,1.760654,-0.947458,6.156416,1.696355,3.580566,3.094879,4.059174,2.654875
4592,28.880000,-2.449442,2.311523,-4.017729,4.880939,2.150115,-4.206108,1.713042,6.333712,1.737425,-0.947082,5.983183,1.633780,3.437452,3.012467,3.480862,2.730076
4593,28.900000,-2.351369,2.381656,-3.995439,4.750682,2.217400,-4.165369,1.826243,6.195914,1.710256,-0.960417,5.827215,1.563474,3.287188,2.904505,2.981202,2.679294
4594,28.920000,-2.265911,2.464370,-3.964854,4.612453,2.262793,-4.147428,1.887701,5.975445,1.739760,-0.952159,5.707925,1.475903,3.259244,2.845215,2.611880,2.653216
4595,28.940000,-2.239111,2.523176,-3.941019,4.533763,2.297773,-4.128555,1.966527,5.905775,1.758451,-0.945947,5.587034,1.423789,3.282716,2.815215,2.517829,2.635700
4596,28.960000,-2.237987,2.543595,-3.930312,4.498832,2.321367,-4.127337,1.994801,5.823261,1.748479,-0.930206,5.505699,1.389910,3.301242,2.801413,2.510598,2.565873
4597,28.980000,-2.228438,2.552573,-3.919109,4.526116,2.340534,-4.145586,2.024786,5.771044,1.767241,-0.952590,5.419060,1.348277,3.295718,2.791995,2.482591,2.431792
4598,29.000000,-2.209975,2.562987,-3.903620,4.574846,2.366932,-4.165817,2.054068,5.730911,1.809700,-0.995045,5.332274,1.290818,3.277356,2.785985,2.394035,2.306688
4599,29.020000,-2.189592,2.580403,-3.874588,4.635713,2.385272,-4.195544,2.087183,5.698085,1.868240,-1.050155,5.248779,1.215049,3.250760,2.753882,2.254244,2.177610
4600,29.040000,-2.153311,2.618633,-3.823534,4.672090,2.391554,-4.225239,2.144988,5.666194,1.931002,-1.112770,5.151159,1.133344,3.240905,2.682691,2.125841,2.023015
4601,29.060000,-2.104165,2.657321,-3.768154,4.706704,2.395965,-4.255731,2.202956,5.644519,2.009725,-1.180958,5.053173,1.032969,3.236829,2.588962,1.984258,1.877093
4602,29.080000,-2.055312,2.690741,-3.712991,4.754412,2.393312,-4.293599,2.237827,5.632240,2.100399,-1.243978,4.967978,0.910775,3.229309,2.468270,1.817791,1.759513
4603,29.100000,-2.004712,2.724770,-3.649130,4.812814,2.378513,-4.344408,2.254293,5.624394,2.198157,-1.307711,4.888077,0.767841,3.227043,2.304599,1.637157,1.648407
4604,29.120000,-1.936776,2.764656,-3.572180,4.863574,2.355575,-4.398356,2.259051,5.602062,2.295140,-1.359738,4.802251,0.588465,3.226831,2.100153,1.460030,1.544342
4605,29.140000,-1.843246,2.807739,-3.482099,4.896679,2.327313,-4.446911,2.254270,5.559721,2.388117,-1.396164,4.698518,0.367264,3.214059,1.867534,1.283904,1.449131
4606,29.160000,-1.725097,2.850268,-3.381543,4.906109,2.294302,-4.487152,2.239113,5.490605,2.473551,-1.401796,4.566394,0.097366,3.161711,1.605554,1.095063,1.363867
4607,29.180000,-1.584546,2.888968,-3.269700,4.887356,2.257209,-4.512880,2.210260,5.391185,2.544637,-1.365124,4.395474,-0.219043,3.057501,1.313164,0.891896,1.283543
4608,29.200000,-1.439153,2.919211,-3.158950,4.855089,2.223521,-4.531311,2.175267,5.303625,2.625705,-1.297399,4.190140,-0.542360,2.933032,0.999112,0.675458,1.187113
4609,29.220000,-1.281229,2.947870,-3.023571,4.779026,2.194791,-4.521891,2.157350,5.209378,2.688731,-1.211415,3.945028,-0.838291,2.835999,0.681258,0.527462,1.031744
4610,29.240000,-1.114184,2.970026,-2.852024,4.654336,2.173157,-4.472810,2.161223,5.102205,2.739388,-1.128340,3.664611,-1.084211,2.771214,0.386673,0.484973,0.807975
4611,29.260000,-1.023450,3.169523,-2.591828,4.616271,2.172524,-4.462893,2.126854,5.025251,2.900906,-1.359933,3.552065,-1.184333,2.815344,0.094689,0.176534,0.413073
4612,29.280000,-0.857230,3.169890,-2.320136,4.422521,2.161175,-4.357011,2.110484,4.856189,2.876524,-1.459623,3.292124,-1.302045,2.831545,-0.124337,0.282034,0.096377
4613,29.300000,-0.740829,3.087780,-2.030147,4.195740,2.142520,-4.215900,2.032782,4.677639,2.807321,-1.509275,2.962346,-1.377449,2.819471,-0.299527,0.649484,-0.230108
4614,29.320000,-0.754546,3.240550,-1.698366,4.091461,2.171914,-4.126520,1.870243,4.537271,2.909852,-1.788516,2.800468,-1.361417,2.873932,-0.432411,0.648800,-0.547594
4615,29.340000,-0.671589,3.141491,-1.518818,3.903292,2.142210,-3.988870,1.684883,4.373240,2.798389,-1.851647,2.500753,-1.407468,2.835642,-0.555919,0.952098,-0.742123
4616,29.360000,-0.773976,3.254457,-1.253115,3.920571,2.104580,-3.953427,1.414728,4.275909,2.839565,-2.129087,2.419381,-1.346417,2.923787,-0.676048,0.898287,-0.925797
4617,29.380000,-0.823165,3.325765,-0.976723,3.910870,2.080477,-3.898090,1.155454,4.126158,2.809268,-2.400024,2.309183,-1.308013,2.995346,-0.761675,0.791586,-1.019186
4618,29.400000,-0.787451,3.168756,-0.836453,3.825393,1.964205,-3.797678,0.890450,3.991201,2.577379,-2.503005,2.101284,-1.284389,2.946474,-0.945635,0.984118,-1.247433
4619,29.420000,-0.811206,3.123497,-0.643333,3.758583,1.917285,-3.686711,0.643156,3.846828,2.415610,-2.651343,1.935683,-1.256731,2.855627,-1.097897,1.029765,-1.502504
4620,29.440000,-0.748059,3.045403,-0.509975,3.592982,1.879767,-3.499583,0.400226,3.635630,2.178323,-2.729187,1.760165,-1.273601,2.651901,-1.178295,0.974431,-1.605185
4621,29.460000,-0.403006,2.842885,-0.414088,3.126052,1.846108,-3.016374,-0.048706,3.162375,1.590748,-2.643146,1.642018,-1.452712,2.430415,-1.073479,0.783720,-1.032083
4622,29.480000,-0.038419,2.609525,-0.457490,2.394553,1.745795,-2.489303,-0.445146,2.539881,0.767581,-2.303303,1.541330,-1.624988,2.108185,-0.815160,0.432904,-0.257996
4623,29.500000,0.162160,2.452271,-0.646735,1.613899,1.624669,-2.030745,-0.601969,1.858178,-0.074770,-1.941380,1.489644,-1.632314,1.561760,-0.492681,0.000121,0.374569
4624,29.520000,0.384431,2.190347,-1.048795,0.785307,1.448687,-1.442190,-0.605567,1.172191,-1.069457,-1.538956,1.457155,-1.486639,0.725908,-0.167542,-0.382019,0.799308
4625,29.540000,0.611304,1.687704,-1.599562,-0.073771,1.127744,-0.603410,-0.545127,0.575216,-2.123138,-0.980327,1.325551,-1.240055,-0.405971,0.092622,-0.611282,0.862924
4626,29.560000,0.918660,1.318000,-1.789760,-0.988538,0.647168,0.711461,0.014580,0.304401,-1.889370,-0.581278,0.885094,-0.987578,-1.296873,-0.326257,-1.087138,0.114079
4627,29.580000,1.175798,0.639034,-1.935614,-1.777618,0.047091,1.439861,0.145129,0.000551,-1.562121,-0.079661,0.426288,-1.015814,-2.329714,-1.117994,-1.883220,-0.905982
4628,29.600000,1.511029,-0.089316,-2.078083,-2.306326,-0.536673,2.334199,-0.201894,-0.233541,-1.210332,0.437117,-0.124278,-1.331461,-3.438592,-1.862298,-2.934298,-1.478772
4629,29.620000,1.597078,-0.743824,-1.882819,-2.470823,-1.002324,2.224952,-0.715247,-0.120642,-0.825702,1.030616,-0.489133,-1.822935,-4.165489,-2.402697,-4.118066,-1.652992
4630,29.640000,1.740558,-1.308035,-1.372817,-2.672092,-1.372281,1.625434,-1.136728,0.132465,-0.838844,1.496848,-0.591992,-2.119508,-4.517828,-2.910060,-4.904538,-1.624553
4631,29.660000,2.109543,-1.876329,-0.752365,-2.705622,-1.545915,1.380891,-1.577457,0.269461,-1.062881,1.557257,-0.392248,-2.041330,-4.506701,-2.885406,-4.948356,-1.337903
4632,29.680000,2.437966,-2.013256,-0.179694,-2.691877,-1.486138,0.967511,-1.983697,0.241280,-1.211163,1.617178,-0.306754,-1.755262,-4.135653,-2.172925,-4.330935,-0.998711
4633,29.700000,2.660339,-2.436487,0.231730,-2.711236,-1.312531,0.982079,-2.180156,0.222563,-1.410861,1.580627,-0.281102,-1.506758,-3.497660,-1.212985,-3.188997,-0.574553
4634,29.720000,2.653044,-2.113909,0.697498,-2.752172,-1.181689,0.417725,-2.160021,0.082748,-1.401362,1.460645,-0.595237,-1.478006,-2.608375,-1.029088,-2.398890,-0.596637
4635,29.740000,2.587291,-1.808415,0.792982,-2.634409,-1.063046,-0.475937,-1.815938,-0.066288,-1.315961,0.984875,-0.759112,-1.171337,-1.982213,-1.459864,-2.213314,-1.035325
4636,29.760000,2.703622,-1.353831,0.344473,-2.589535,-0.916658,-1.182879,-1.265208,-0.070627,-1.081794,0.436058,-0.692962,-0.697043,-1.926377,-2.175076,-2.410239,-1.669676
4637,29.780000,2.752809,-0.986603,-0.365495,-2.462355,-0.802253,-1.363092,-0.663294,0.056306,-0.780566,-0.144625,-0.653127,-0.360863,-2.250204,-3.199410,-2.483828,-2.598239
4638,29.800000,2.519618,-0.764817,-0.957222,-2.359502,-0.840345,-1.126813,-0.026125,0.268233,-0.383510,-0.489452,-0.680633,-0.328644,-2.488470,-4.351745,-2.284387,-3.310957
4639,29.820000,2.283324,-0.838693,-1.109798,-2.383622,-1.040654,-0.887396,0.535462,0.334456,-0.296792,-0.668744,-0.681310,-0.314104,-2.593095,-5.177956,-2.043632,-3.719528
4640,29.840000,1.517198,-0.507857,-0.854751,-2.060562,-0.997354,-0.638488,0.683699,0.312474,-0.099358,-0.326400,-0.658643,-0.300627,-2.650834,-5.455746,-2.077986,-3.790337
4641,29.860000,1.804395,-0.650934,-0.028962,-1.500933,-0.691221,-0.003320,0.263343,0.153005,-0.180965,-0.318566,-0.367464,-0.231931,-2.969919,-5.184493,-2.323987,-3.395811
4642,29.880000,1.797205,-0.928990,1.058835,-1.503849,-1.261071,0.555338,0.280372,0.115193,-0.318737,-0.430019,-0.360106,-0.538061,-3.121855,-4.843846,-2.564244,-2.970905
4643,29.900000,1.624082,-1.331550,1.242397,-1.260456,-1.320983,0.688862,0.252253,0.097099,-0.526950,-0.699023,-0.343593,-0.497146,-3.137426,-4.254065,-2.884330,-2.599649
4644,29.920000,1.344502,-1.240843,0.874025,-0.687407,-1.149509,0.517352,0.158447,0.022312,-0.473974,-0.887259,-0.300757,-0.395279,-3.330575,-3.396317,-3.224706,-2.296982
4645,29.940000,0.924412,-0.932228,0.630091,-0.468083,-1.026332,0.344790,0.182876,-0.016171,-0.362542,-0.871946,-0.328205,-0.420839,-3.538113,-2.912560,-3.430840,-2.347933
4646,29.960000,0.854439,-1.014909,0.089792,-0.606184,-0.967610,0.333837,0.319439,-0.010471,-0.327805,-0.753785,-0.261657,-0.390410,-3.435054,-2.834362,-3.349314,-2.476549
4647,29.980000,0.892631,-0.717404,-0.035054,-0.888164,-0.833211,0.369433,0.505832,0.122336,-0.153872,-0.593570,-0.287408,-0.333599,-3.165764,-2.836931,-3.220987,-2.525183
4648,30.000000,1.001330,-0.602761,0.119609,-1.240940,-0.709123,0.489863,0.642603,0.204033,-0.064772,-0.461139,-0.234160,-0.215851,-3.054409,-2.950866,-3.015476,-2.712812
4649,30.020000,1.179597,-0.509244,0.336845,-1.594933,-0.690249,0.624600,0.808405,0.242949,0.071270,-0.356115,-0.167947,-0.096555,-2.849665,-3.093941,-2.881182,-2.742353
4650,30.040000,1.172661,-0.352201,0.611405,-1.912525,-0.656335,0.596439,0.877252,0.209452,0.175250,-0.183589,-0.121412,-0.111379,-2.664762,-3.157459,-2.771713,-2.696391
4651,30.060000,1.137290,-0.259930,0.521100,-2.082756,-0.649041,0.509923,0.803767,0.097644,0.178685,0.044439,-0.141654,-0.260200,-2.614724,-3.251822,-2.690329,-2.643420
4652,30.080000,1.026970,-0.110215,0.695953,-2.226982,-0.581077,0.640079,0.871841,0.149562,0.350973,0.075002,-0.016707,-0.198179,-2.539059,-3.246749,-2.646667,-2.534980
4653,30.100000,0.899395,-0.041704,0.646210,-2.218384,-0.545000,0.650631,0.870159,0.102851,0.390498,0.115859,0.108883,-0.126098,-2.527208,-3.209020,-2.553778,-2.556535
4654,30.120000,0.620082,0.147199,0.672364,-2.077200,-0.359582,0.621704,0.880822,0.173446,0.734384,0.067432,0.300208,0.125998,-2.151714,-2.626848,-2.227877,-2.138681
4655,30.140000,-0.193293,0.958015,0.222940,-1.857711,0.201619,-0.040162,1.084135,0.758277,2.252441,0.213722,1.233852,1.287291,0.931287,0.694353,0.516394,0.929428
4656,30.160000,-0.746585,0.937553,-0.253265,-1.688893,0.653663,-0.066647,0.803535,1.263256,3.485263,0.706951,1.579435,2.089330,2.332302,1.834415,1.849172,1.441365
4657,30.180000,-1.050044,0.549723,-0.646526,-1.476110,0.669540,-0.140338,0.306850,1.848789,4.146667,1.110444,1.915180,2.652272,2.218137,1.471580,1.778776,0.073763
4658,30.200000,-1.117966,0.310378,-0.786321,-1.205218,0.772636,-0.184356,-0.072486,2.210608,4.391743,1.233250,1.885737,2.882505,1.815511,0.810771,1.340588,-1.393939
4659,30.220000,-1.017569,0.426365,-0.604396,-0.434065,0.972739,-0.211725,-0.449538,2.280261,4.418512,0.733475,1.926041,3.066088,1.480524,0.441601,0.696077,-2.293916
4660,30.240000,-0.788744,0.243765,-0.310011,1.009421,0.579987,-0.536650,-0.954764,2.230757,3.639280,-0.452486,1.415903,2.752198,1.252928,-0.049290,0.232496,-2.789400
4661,30.260000,-0.341915,0.034034,-0.096629,2.367187,0.499102,-0.817612,-0.986190,2.163384,2.689654,-2.035489,1.593058,3.250863,1.262993,-0.555499,0.008057,-2.441904
4662,30.280000,0.255725,0.088415,0.113879,2.762855,0.118782,-0.900670,-0.433276,1.831796,1.405670,-3.555151,1.498513,2.905296,1.422941,-0.820963,0.118621,-1.373171
4663,30.300000,0.921126,0.284543,0.074379,2.498389,0.281077,-0.678401,0.141786,1.609215,0.998435,-4.148386,1.904751,3.367388,1.553341,-0.546765,0.100290,-0.268627
4664,30.320000,1.336675,0.395886,-0.146185,1.781530,0.277101,-0.582957,0.597237,1.714957,1.474557,-3.937636,2.159515,3.420883,1.535664,-0.119285,-0.352270,0.635850
4665,30.340000,1.259470,0.578473,-0.322833,0.707318,0.480770,-0.261505,0.809008,1.697271,2.601416,-2.811970,2.143505,3.143300,1.411630,0.327665,-1.522091,1.090209
4666,30.360000,0.456393,0.925289,-0.423139,-0.309815,0.652450,0.044130,0.703605,1.754878,3.794216,-0.872867,2.171647,2.622718,1.109088,0.696447,-2.537271,1.120875
4667,30.380000,-0.453422,1.088299,-0.442484,-0.773456,0.663605,0.268138,0.687634,1.462775,3.874969,0.553409,2.099174,2.072979,0.472095,0.827414,-2.558292,0.715378
4668,30.400000,-0.871358,1.214522,-0.385250,-1.429629,0.741669,0.363992,0.759780,1.425744,4.097177,1.311909,1.958120,1.900534,0.220873,1.043578,-1.530607,0.251803
4669,30.420000,-0.912517,1.069877,-0.294042,-1.963588,0.726889,0.358328,0.496272,1.290196,3.935608,1.796757,1.632923,1.653924,0.366008,1.245421,-0.256486,-0.290831
4670,30.440000,-0.748526,0.793498,-0.226974,-2.161731,0.744738,0.425038,0.149035,1.088008,3.506585,1.999901,1.274062,1.455352,0.575368,1.248423,0.486128,-0.656592
4671,30.460000,-0.549439,0.549153,-0.215703,-2.031468,0.691162,0.466475,-0.112654,0.900451,2.919562,1.769111,1.036717,1.320559,0.777013,1.067412,0.733580,-0.829009
4672,30.480000,-0.448760,0.498809,-0.155698,-1.604492,0.654981,0.528113,-0.098092,0.668713,2.304248,1.157707,0.881656,1.258901,0.901240,0.944439,0.697186,-0.759302
4673,30.500000,-0.362904,0.322425,-0.178606,-0.927567,0.488106,0.682841,0.154617,0.449733,1.575408,0.271023,0.747940,1.220451,0.883823,0.845264,0.593336,-0.571713
4674,30.520000,-0.328795,0.278087,-0.190842,-0.222780,0.356603,0.892517,0.678661,0.301507,1.144048,-0.735399,0.711221,1.356632,0.849635,0.877728,0.439110,-0.262679
4675,30.540000,-0.301313,0.164955,-0.217653,0.349581,0.239667,1.039550,1.285761,0.220021,0.799695,-1.678132,0.685890,1.547712,0.726952,0.977384,0.355299,0.051248
4676,30.560000,-0.301709,0.052446,-0.246494,0.689484,0.205227,1.159304,1.797128,0.235516,0.610661,-2.281639,0.633645,1.642639,0.484193,1.018526,0.240084,0.321367
4677,30.580000,-0.312134,-0.022507,-0.240003,0.774404,0.269384,1.221899,2.101648,0.289832,0.528385,-2.595753,0.645808,1.746050,0.353773,1.173168,0.185901,0.691101
4678,30.600000,-0.339567,0.003121,-0.230679,0.675822,0.411114,1.192205,2.217715,0.353911,0.646693,-2.531897,0.712630,1.859904,0.469938,1.444289,0.188382,1.224360
4679,30.620000,-0.389310,0.124811,-0.223262,0.352578,0.586237,1.050089,2.204491,0.432949,1.003462,-2.090484,0.879546,2.040937,0.817273,1.751575,0.246553,1.800124
4680,30.640000,-0.564397,0.408775,-0.221761,-0.237073,0.810211,0.901750,2.110296,0.573884,1.724865,-1.226585,1.067389,2.273388,1.542004,2.135736,0.602085,2.403068
4681,30.660000,-0.740641,0.608538,-0.261259,-0.932777,0.996330,0.703365,1.705613,0.766386,2.418759,-0.152871,1.226772,2.298787,2.107574,2.326138,1.124992,2.695144
4682,30.680000,-0.803316,0.758554,-0.274783,-1.488642,0.964441,0.553173,1.291407,0.888166,2.804043,0.589779,1.102616,1.940411,2.409866,2.348915,1.645720,2.587228
4683,30.700000,-0.709759,0.736586,-0.355145,-1.840256,1.020027,0.599560,1.035604,1.010975,3.108321,1.075281,1.309132,2.059701,2.544658,2.206806,2.211577,2.304229
4684,30.720000,-0.673589,0.804514,-0.315526,-1.851821,0.859446,0.477873,0.740603,0.978139,3.145341,1.142508,1.126194,1.774817,2.730865,2.327369,2.660833,2.079170
4685,30.740000,-0.588652,0.607895,-0.395249,-1.690237,0.796783,0.462794,0.616493,1.001895,3.006768,1.039550,1.155422,1.932474,2.715014,2.174355,2.882853,1.773547
4686,30.760000,-0.548879,0.774133,-0.252626,-1.387727,0.742894,0.419060,0.627392,0.899125,2.866814,0.604988,1.082409,1.958265,2.795686,2.285321,2.876122,1.706793
4687,30.780000,-0.516734,0.755893,-0.227857,-1.138541,0.786545,0.509984,0.766832,0.859254,2.756982,0.179966,1.115462,2.122622,2.857344,2.371142,2.866030,1.829072
4688,30.800000,-0.437380,0.676818,-0.228098,-0.938718,0.672139,0.538220,0.882096,0.746416,2.418348,-0.121424,0.853530,1.911033,2.874007,2.430112,2.769723,2.021197
4689,30.820000,-0.255976,0.508678,-0.236519,-0.450801,0.715582,0.697752,0.989552,0.479542,1.933030,-0.512562,0.967704,2.106690,2.726717,2.457537,2.495884,2.211339
4690,30.840000,-0.262857,0.651746,-0.217848,-0.474543,0.589879,0.695191,1.476510,0.592892,1.978963,-0.799477,0.819821,1.964279,2.784563,2.607603,2.423027,2.675094
4691,30.860000,-0.279379,0.610729,-0.265481,-0.476685,0.674767,0.876032,1.861998,0.529051,1.974938,-0.877674,0.967001,2.175607,2.797015,2.675543,2.389643,2.946341
4692,30.880000,-0.195995,0.502551,-0.308726,-0.515103,0.681122,0.899891,1.943951,0.377469,1.834272,-0.656865,0.810886,1.929527,2.592190,2.590812,2.173675,2.933585
4693,30.900000,-0.087076,0.468597,-0.166389,-0.484669,0.546549,1.291790,2.049844,0.322274,1.645856,-0.597321,0.484372,1.551230,1.478482,1.570782,1.123136,1.700542
4694,30.920000,0.267200,0.117469,-0.013210,-0.257145,0.062581,1.736412,1.702669,-0.137777,0.704711,-0.582324,-0.103505,0.436330,-0.569409,-0.232429,-0.462830,-0.267681
4695,30.940000,0.368144,-0.142494,0.257020,-0.243559,-0.617385,1.664169,1.547816,-0.236539,0.136201,-0.771305,-0.415121,-0.295088,-1.775340,-1.197346,-1.038469,-0.826065
4696,30.960000,0.348828,-0.820000,0.422042,0.030583,-1.187739,1.401138,1.182683,-0.305993,-0.433756,-0.820126,-0.596085,-0.747169,-2.356548,-1.677977,-1.260959,-0.903846
4697,30.980000,0.288301,-1.396294,0.376895,0.143968,-1.518632,0.762815,0.735053,-0.258176,-0.710069,-0.689898,-0.519034,-0.812697,-2.324451,-1.477875,-1.306313,-0.552808
4698,31.000000,0.447921,-1.835633,0.403312,0.018169,-1.468854,0.222498,0.190053,-0.201778,-0.813831,-0.480051,-0.431801,-0.737263,-1.733510,-0.775381,-1.042805,0.129860
4699,31.020000,0.857051,-1.952228,0.380174,-0.292865,-1.224502,0.000305,-0.242331,-0.082659,-0.723545,-0.290780,-0.383406,-0.585470,-0.975988,-0.186438,-0.691083,0.761392
4700,31.040000,1.303802,-1.908224,0.382152,-0.566011,-0.960595,-0.099414,-0.568376,0.078359,-0.543067,-0.149671,-0.343649,-0.440858,-0.387118,0.020614,-0.518771,1.076470
4701,31.060000,1.632432,-1.884819,0.465209,-0.780096,-0.939561,0.000132,-0.599191,0.037794,-0.532459,-0.051357,-0.402266,-0.460216,-0.332568,-0.278239,-0.679116,0.889663
4702,31.080000,1.785776,-1.993443,0.367055,-1.001302,-1.033116,0.043444,-0.556285,0.052944,-0.471851,0.096358,-0.390037,-0.521856,-0.502008,-0.728914,-1.014829,0.566129
4703,31.100000,1.824710,-2.069942,0.367300,-1.286658,-1.241751,0.095999,-0.501385,-0.009479,-0.531080,0.313232,-0.405964,-0.661305,-0.848072,-1.166358,-1.385289,0.200589
4704,31.120000,1.801686,-2.209118,0.206381,-1.545225,-1.406404,-0.018224,-0.446993,0.026817,-0.554211,0.552144,-0.359974,-0.731904,-1.179376,-1.612207,-1.738461,-0.131363
4705,31.140000,1.818622,-2.198692,0.145501,-1.666002,-1.462065,-0.156983,-0.476741,0.019902,-0.571313,0.714686,-0.346865,-0.751620,-1.327669,-1.634840,-1.824094,-0.204590
4706,31.160000,1.770353,-2.135747,0.065141,-1.821058,-1.500247,-0.340927,-0.480472,-0.001538,-0.541062,0.830092,-0.253475,-0.682124,-1.342535,-1.412004,-1.810956,-0.181805
4707,31.180000,1.793221,-2.066286,-0.080535,-1.903364,-1.438848,-0.395266,-0.471637,0.010740,-0.412376,0.817840,-0.241634,-0.633498,-1.277504,-1.242915,-1.849884,-0.212137
4708,31.200000,1.762078,-1.901569,0.006706,-2.043548,-1.460127,-0.181911,-0.430049,-0.068671,-0.433124,0.834004,-0.289828,-0.697392,-1.370969,-1.241470,-1.864453,-0.413051
4709,31.220000,1.739483,-1.830521,-0.037061,-2.089151,-1.468956,0.015888,-0.357448,-0.114913,-0.425349,0.775760,-0.276954,-0.668837,-1.553722,-1.297881,-1.991947,-0.637897
4710,31.240000,1.591394,-1.662535,0.015102,-2.134311,-1.527487,0.292419,-0.252083,-0.214255,-0.436863,0.759619,-0.305477,-0.720088,-1.841867,-1.402892,-2.176306,-0.890148
4711,31.260000,1.356157,-1.668542,0.015858,-2.034284,-1.509800,0.423195,-0.205847,-0.229226,-0.465932,0.757722,-0.309553,-0.737331,-2.126534,-1.559756,-2.388714,-1.176920
4712,31.280000,1.150942,-1.627414,0.023589,-1.795059,-1.457088,0.480340,-0.210694,-0.231334,-0.468777,0.712435,-0.332435,-0.732558,-2.415669,-1.683452,-2.589508,-1.391435
4713,31.300000,0.861225,-1.571688,0.118043,-1.586982,-1.433927,0.490831,-0.166184,-0.181732,-0.472425,0.640148,-0.407095,-0.766111,-2.628281,-1.884340,-2.720879,-1.620963
4714,31.320000,0.599479,-1.465191,0.220716,-1.508926,-1.460955,0.484130,-0.039628,-0.173078,-0.510172,0.515440,-0.435978,-0.752225,-2.756065,-2.153620,-2.814598,-1.868949
4715,31.340000,0.500929,-1.454417,0.190785,-1.215833,-1.281234,0.360048,-0.045714,-0.066952,-0.447718,0.266315,-0.400474,-0.606761,-2.863919,-2.332191,-2.902089,-2.045730
4716,31.360000,0.385006,-1.344961,0.273484,-1.008840,-1.222230,0.308362,0.023284,-0.031052,-0.439467,-0.029902,-0.451324,-0.566521,-3.012293,-2.531300,-2.895600,-2.274198
4717,31.380000,0.293782,-1.293142,0.437825,-0.799298,-1.086011,0.485111,0.115318,-0.011126,-0.492081,-0.343469,-0.428266,-0.460119,-3.255588,-2.809429,-2.856136,-2.536311
4718,31.400000,0.215652,-1.107646,0.468415,-0.716242,-1.090684,0.551455,0.288697,0.035231,-0.439729,-0.528259,-0.419929,-0.393794,-3.359627,-3.063766,-2.898936,-2.721673
4719,31.420000,0.171497,-1.060491,0.307891,-0.516512,-0.944321,0.382092,0.214594,0.132293,-0.362250,-0.643821,-0.351907,-0.323664,-3.340881,-3.143564,-2.896511,-2.739762
4720,31.440000,0.051260,-1.049660,0.230008,-0.553746,-0.908785,0.322451,0.293981,0.147607,-0.370449,-0.824205,-0.349238,-0.308288,-3.364440,-3.185467,-2.820524,-2.816472
4721,31.460000,0.075661,-1.008916,0.296183,-0.790859,-0.959137,0.558845,0.524895,0.178120,-0.280665,-0.816475,-0.302973,-0.274289,-3.296014,-3.366286,-2.823891,-2.829935
4722,31.480000,0.218113,-0.885088,0.235566,-1.039040,-0.858516,0.661068,0.559212,0.158496,-0.148843,-0.656302,-0.185246,-0.209602,-3.133087,-3.374846,-2.807686,-2.772704
4723,31.500000,0.295341,-0.568842,0.105039,-1.318675,-0.762497,0.721473,0.516413,0.156965,0.001013,-0.244953,-0.174897,-0.288851,-2.933077,-3.337550,-2.809872,-2.649019
4724,31.520000,0.255625,-0.372565,0.060442,-1.673545,-0.780359,0.804692,0.603636,0.164624,0.111322,0.089744,-0.164441,-0.337727,-2.716069,-3.424080,-2.736870,-2.683369
4725,31.540000,0.261204,-0.348290,0.035540,-1.670331,-0.681350,0.826851,0.543122,0.129124,0.078827,0.190384,0.006491,-0.179151,-2.549082,-3.432564,-2.628099,-2.794810
4726,31.560000,0.289583,-0.210321,0.217906,-1.514221,-0.703422,0.712653,0.578749,0.111859,0.079734,0.233062,0.024541,-0.134587,-2.416114,-3.421481,-2.550987,-2.896863
4727,31.580000,0.368943,-0.058787,0.449738,-1.219334,-0.721515,0.962070,0.751031,0.189740,0.005187,0.056166,0.146479,0.154102,-2.155769,-3.414107,-2.448943,-3.087776
4728,31.600000,0.530564,0.045102,0.374751,-0.950372,-0.648516,0.961823,0.741913,0.174392,-0.038105,-0.038518,0.217767,0.373477,-2.028955,-3.263382,-2.438255,-3.226337
4729,31.620000,0.799340,0.231280,0.378992,-0.754424,-0.528019,0.939909,0.783970,0.211570,-0.075584,0.025427,0.261602,0.887227,-1.779832,-3.059928,-2.267525,-3.340431
4730,31.640000,1.245431,0.425749,0.455934,-0.685974,-0.335087,0.803415,0.658566,0.283371,-0.067885,0.358041,0.394672,1.717236,-1.287842,-2.670585,-1.719208,-3.324687
4731,31.660000,2.011584,0.494253,0.476156,-0.711586,-0.027645,0.310923,0.152359,0.362747,-0.035069,0.864578,0.538883,2.577350,-0.656079,-2.260049,-0.964820,-3.208551
4732,31.680000,3.487038,0.569565,0.623166,-0.751677,0.289570,-0.539571,-1.283168,0.343276,-0.250210,1.590917,0.747239,3.655041,-0.024745,-1.856198,0.116207,-3.136985
4733,31.700000,4.918545,0.686467,0.674807,-0.635700,0.263201,-0.938292,-3.197773,0.688976,-0.205862,2.338388,0.574434,4.046582,0.409894,-1.938179,0.977113,-3.292354
4734,31.720000,5.859875,0.828032,0.741238,0.053842,0.339083,-1.020682,-4.915074,0.566956,-0.835645,2.748646,0.775579,4.891932,0.845257,-2.052725,2.079983,-3.280851
4735,31.740000,5.630569,1.041467,0.733710,0.045579,0.256047,-0.930130,-4.818703,0.552972,-0.487490,2.419310,0.782238,4.921562,1.421223,-1.793282,2.532457,-2.797101
4736,31.760000,4.348321,1.144961,0.542601,-0.218253,0.303150,-0.671143,-3.124923,0.275954,-0.182169,1.689171,0.448371,4.451809,1.828282,-1.820005,2.359249,-3.001020
4737,31.780000,3.121285,1.051308,0.203869,-0.399693,0.526507,-0.252738,-0.174031,-0.247789,-0.010207,0.116678,0.672008,3.946111,1.796601,-1.767596,2.164855,-3.048563
4738,31.800000,1.676975,0.716647,-0.492041,-0.526876,0.174916,0.715676,4.031816,-0.466821,0.578460,-2.215872,0.302872,1.615863,0.669112,-1.917233,1.968912,-2.596712
4739,31.820000,-0.562808,0.991565,-0.818687,0.267061,-0.595225,1.495801,7.388170,-0.679234,0.917976,-3.638633,-0.051882,-1.240815,-1.072734,-2.072429,0.968202,-1.584188
4740,31.840000,-3.789788,1.705026,-1.020761,0.887403,-1.240599,1.432377,8.500282,0.572903,2.595064,-2.612590,0.673204,-1.777079,-1.116678,-2.163296,0.154486,-1.211471
4741,31.860000,-4.985980,0.601847,-1.360606,0.369129,-1.563462,1.166865,8.085765,0.805985,2.392649,-2.338735,1.444468,-1.641413,-0.113813,-2.842775,0.473571,-1.512272
4742,31.880000,-5.589868,-0.089566,-1.542790,0.267417,-0.714953,1.492075,7.168369,0.682564,2.379291,-2.537457,1.885358,-1.332932,0.778664,-2.115515,1.079041,-1.492588
4743,31.900000,-4.643533,-0.510603,-1.411697,0.330494,0.513667,2.375262,5.225698,0.375665,1.883823,-1.623051,1.416624,0.109579,0.614096,-1.081168,1.534588,-1.649873
4744,31.920000,-2.390986,0.080881,-0.443423,0.285619,1.108302,2.113280,2.506168,0.063465,1.484403,-0.483434,1.287711,2.757793,0.150659,0.048790,1.038565,-1.822833
4745,31.940000,0.183948,0.494166,0.216731,-0.684307,1.007960,0.135514,0.745660,0.717270,1.913949,0.437986,1.398428,4.643197,0.457525,0.635174,0.600819,-1.757023
4746,31.960000,3.727833,-0.067305,0.651290,-1.059519,0.474626,-0.469268,-2.617598,1.130225,1.007397,1.996831,1.191918,5.642986,1.353738,-0.056151,1.760270,-1.784069
4747,31.980000,6.136547,-0.612979,0.542289,0.301387,0.000323,-0.898931,-6.024035,1.499400,-0.474428,2.822628,0.716241,6.129537,1.625669,-1.426646,2.707693,-2.023825
4748,32.000000,6.249574,-0.904415,0.076475,0.895987,0.009598,-0.710124,-6.719774,1.678764,-0.385402,2.751965,0.985274,5.823112,0.679269,-2.852875,1.993592,-1.299437
4749,32.020000,6.317406,-0.221065,-0.146808,-1.339040,0.427114,-0.459155,-4.449707,0.578801,0.152264,0.919001,0.886484,5.041997,1.072418,-2.353263,2.711977,-0.505753
4750,32.040000,5.095961,0.105789,-0.291266,-2.565599,0.774485,-0.716967,-1.569615,-0.724162,-0.140888,-1.057379,1.549299,4.831037,1.449363,-1.636855,3.608840,-1.042607
4751,32.060000,4.268388,0.072761,0.047170,-2.551812,0.628189,-0.857009,0.813550,-1.455660,-0.536849,-3.255992,1.635476,3.407293,1.384424,-1.048397,3.469316,-1.294515
4752,32.080000,2.823005,0.490276,-0.153376,-1.918882,-0.304131,-0.330271,3.244727,-0.929213,0.146916,-4.705180,0.945069,0.871388,0.866494,-1.144388,1.964606,-1.029995
4753,32.100000,1.342934,0.584133,-0.188342,-0.791549,-0.769466,1.098219,5.093663,-0.830025,0.208593,-4.835005,0.404972,-0.465975,-0.334224,-1.276106,0.479300,-0.666096
4754,32.120000,-1.702732,0.871143,-0.353794,0.668778,-0.824709,2.658133,5.482495,-1.125963,0.409220,-2.818373,0.622648,-0.814240,-2.174559,-1.247281,-1.097339,-1.067657
4755,32.140000,-4.302465,1.198315,-0.614143,1.094042,-0.577774,3.353282,6.064933,-0.515267,1.582640,-1.748397,0.696138,-1.226771,-2.223472,-1.369920,-2.007808,-1.218843
4756,32.160000,-5.159560,1.149101,-0.950805,0.571740,-0.468781,3.212260,6.328507,-0.084970,1.723416,-1.337695,0.725146,-1.110373,-0.935623,-1.097139,-1.126985,-0.446146
4757,32.180000,-5.278452,0.938412,-0.975106,0.071868,0.013123,2.688643,5.639773,0.134828,1.751118,-0.958583,0.666540,-0.779773,0.135217,-0.316289,-0.149831,0.511566
4758,32.200000,-3.827289,0.584817,-0.674844,-0.707331,0.447634,1.833570,3.980900,0.378647,2.115088,-0.567250,0.886224,0.075175,0.834175,0.647489,0.302817,1.373749
4759,32.220000,-0.859488,0.308531,-0.018391,-1.941239,0.609415,0.349049,1.701481,0.691515,2.457943,-0.117235,1.328101,1.852179,1.626712,1.623633,1.035726,2.291465
4760,32.240000,1.657497,-0.024816,0.242142,-2.397946,0.427067,-0.189800,0.122426,1.386761,2.821641,0.542297,1.519256,3.092632,2.212601,1.761832,1.770314,2.527536
4761,32.260000,3.044975,-0.572354,-0.047866,-1.219040,-0.173972,-0.610122,-2.026777,2.120599,2.008745,1.342524,1.277260,3.831434,2.104286,0.382496,2.184301,1.019453
4762,32.280000,4.076540,-0.388791,0.415725,0.593854,-0.068225,-1.124044,-4.483379,2.472574,0.971552,1.125950,1.077292,3.957015,0.982361,-0.832977,1.179470,-0.055350
4763,32.300000,4.468456,-0.404791,0.430378,2.120227,-0.277660,-1.083916,-6.381194,2.428122,-0.783815,0.609957,0.376882,3.116950,0.372207,-1.378754,0.978485,-0.074874
4764,32.320000,2.910436,0.032267,0.840140,1.897797,-0.975470,-0.826105,-4.422349,1.521654,-0.594998,-0.809522,0.483708,2.353533,0.549226,-1.641350,0.691023,-0.151379
4765,32.340000,0.687668,0.570967,1.438523,0.683476,-0.536225,-0.568309,-0.687749,0.085916,0.034069,-2.866139,0.357259,1.699532,1.632200,-0.723598,0.639184,-0.541165
4766,32.360000,-0.765740,0.885662,1.873781,0.608593,-0.202202,-0.622279,1.534664,0.017252,1.081765,-4.408557,0.262676,1.066062,1.629144,-0.288356,-0.033629,-1.085389
4767,32.380000,-1.273369,0.704676,1.161747,0.948701,-0.145124,-0.635979,3.077819,0.027069,1.507227,-5.087332,-0.148150,0.151350,1.052274,-0.474274,-0.016746,-0.670895
4768,32.400000,-1.610417,1.132218,1.068052,0.008988,-0.057798,-0.220502,3.839575,0.586777,3.008785,-3.141025,-0.060439,-0.232023,0.829657,-0.260421,-0.173271,0.077420
4769,32.420000,-2.019166,1.513251,0.254534,-0.795349,0.447384,0.287361,3.896577,0.865188,3.578053,-1.139829,0.293719,-0.111116,1.164823,0.194476,-0.132424,0.562099
4770,32.440000,-2.178626,1.562017,-0.024121,-0.746768,0.943783,0.530400,2.918011,1.002596,3.941894,-0.187872,0.619403,0.180562,1.552342,0.883113,0.025701,1.126374
4771,32.460000,-1.761120,1.487497,0.002837,-1.124738,1.051443,0.668050,1.327455,0.977925,3.872243,0.875699,0.513665,0.162149,1.664944,1.564342,0.623497,1.332825
4772,32.480000,-0.958961,1.184191,0.348421,-0.856908,0.929505,0.528922,-0.095372,0.828693,3.364745,1.188023,0.532996,0.679413,1.585448,1.890441,0.696842,1.067546
4773,32.500000,-0.590237,1.069668,0.744071,-0.604927,0.824742,0.451809,-0.645572,0.655290,2.423071,1.316694,0.001416,0.469202,1.504867,1.858897,0.510378,0.867950
4774,32.520000,-0.204955,0.851825,0.901982,-0.396892,0.676285,0.242613,-0.459558,0.636845,1.794381,0.920510,0.049368,0.706654,1.496756,1.223930,0.394546,0.641647
4775,32.540000,-0.150502,1.115609,0.912333,-0.157217,0.668620,0.084120,-0.134351,0.517082,1.525113,0.511993,0.123055,0.895411,1.394634,0.904543,0.225158,0.810043
4776,32.560000,-0.076622,1.036234,0.816919,-0.054971,0.626653,0.180033,0.162388,0.376242,1.327063,0.166263,0.204916,0.926452,1.207800,0.648945,0.256381,1.060041
4777,32.580000,-0.092443,0.891571,0.599515,-0.149034,0.588372,0.380095,0.420567,0.349240,1.257870,0.147630,0.222416,0.849289,1.031858,0.494408,0.305164,1.076477
4778,32.600000,-0.206450,0.840374,0.544750,-0.180298,0.612540,0.577218,0.614170,0.292410,1.287076,0.098247,0.223791,0.846678,0.916275,0.617474,0.335475,1.117040
4779,32.620000,-0.407195,0.832376,0.426827,-0.338101,0.514562,0.649461,0.891221,0.272170,1.340879,0.163988,0.139402,0.645981,0.817249,0.731370,0.372384,1.083763
4780,32.640000,-0.504859,0.846324,0.382636,-0.337514,0.520902,0.957642,1.042027,0.271324,1.386961,0.210311,0.189454,0.654035,0.736002,0.807226,0.360434,1.027866
4781,32.660000,-0.614077,0.881841,0.300654,-0.341287,0.483852,1.050554,1.129759,0.266568,1.399728,0.285410,0.233607,0.607126,0.714010,0.862661,0.393124,0.980214
4782,32.680000,-0.720636,0.864757,0.249220,-0.333337,0.440589,1.094062,1.217215,0.258596,1.310737,0.322602,0.216729,0.598311,0.701089,0.830883,0.418586,0.898820
4783,32.700000,-0.764120,0.837012,0.234893,-0.351648,0.400064,1.054929,1.246105,0.272438,1.247878,0.318822,0.178806,0.574709,0.666323,0.778294,0.447331,0.801659
4784,32.720000,-0.781233,0.814888,0.250622,-0.316739,0.373739,1.076914,1.233293,0.270905,1.172772,0.290197,0.188770,0.584525,0.635377,0.721104,0.422204,0.717260
4785,32.740000,-0.786778,0.766727,0.263005,-0.315346,0.345622,1.070451,1.193937,0.256673,1.064714,0.248416,0.157781,0.527777,0.598592,0.673606,0.433147,0.667488
4786,32.760000,-0.816311,0.736781,0.281404,-0.290653,0.311387,1.077278,1.179080,0.211232,0.966039,0.198740,0.147709,0.478580,0.574987,0.653776,0.445540,0.647179
4787,32.780000,-0.824832,0.677952,0.284969,-0.246290,0.277880,1.075250,1.170655,0.201006,0.899975,0.125167,0.136132,0.440884,0.539740,0.622409,0.405748,0.634861
4788,32.800000,-0.826843,0.638525,0.267938,-0.225433,0.252798,1.053616,1.195030,0.182776,0.821096,0.037463,0.102078,0.384947,0.522566,0.573738,0.349834,0.646607
4789,32.820000,-0.662632,0.659410,-0.285914,0.762739,0.072867,-0.187185,0.331206,0.648879,0.805852,0.278096,-0.698419,-0.104451,2.304173,0.569731,1.115798,1.684123
4790,32.840000,-0.735090,0.370077,-0.068540,0.917380,-0.177572,-0.320162,0.344438,0.478773,0.906030,-0.240244,-0.122821,0.588007,1.458210,-0.151663,1.506375,0.942298
4791,32.860000,-0.499914,0.566145,0.470978,0.550602,-0.018158,-0.036639,1.010002,0.481867,1.227781,-0.676771,0.267277,0.938746,0.946899,-0.294842,0.475529,0.372959
4792,32.880000,-0.418118,0.600860,0.892228,0.123872,0.137043,0.805250,1.378231,0.325082,1.246657,-0.731881,0.261317,0.587218,0.652073,0.080613,0.088410,0.407111
4793,32.900000,-0.477973,0.631415,0.800011,0.004493,0.202522,1.369966,1.444762,0.217495,1.180678,-0.522656,0.206843,0.369181,0.413102,0.465116,-0.055397,0.538840
4794,32.920000,-0.658552,0.648157,0.523308,-0.014244,0.157294,1.430063,1.391592,0.150543,1.013954,-0.290964,0.169839,0.190863,0.378307,0.819905,-0.034180,0.722640
4795,32.940000,-0.839947,0.704339,0.289307,-0.055781,0.102182,1.277215,1.429687,0.026993,0.942199,-0.185333,0.127368,0.102782,0.461902,1.088950,0.094263,0.876318
4796,32.960000,-0.962849,0.726921,0.126977,-0.122226,0.123285,1.071844,1.499223,0.002933,0.891777,-0.133738,0.131514,0.115116,0.553911,1.147925,0.205299,0.899631
4797,32.980000,-1.062215,0.712935,0.089298,-0.274339,0.170033,0.855762,1.625481,0.031482,0.830059,-0.121511,0.079462,0.168391,0.627852,1.062005,0.389495,0.824239
4798,33.000000,-0.991261,0.686004,0.161911,-0.353873,0.214365,0.869663,1.611879,0.087841,0.788870,-0.143603,0.116292,0.263700,0.587731,0.895931,0.491797,0.691792
4799,33.020000,-0.922302,0.646878,0.269338,-0.392288,0.240941,0.874798,1.520446,0.134298,0.744105,-0.158619,0.126396,0.362478,0.566621,0.736428,0.577734,0.573397
4800,33.040000,-0.892354,0.606656,0.319978,-0.408623,0.214516,0.885748,1.429313,0.159588,0.704269,-0.142727,0.103295,0.375416,0.572999,0.634756,0.616536,0.532801
4801,33.060000,-0.795361,0.567090,0.341413,-0.333303,0.239489,0.984229,1.264736,0.136423,0.718676,-0.203679,0.134996,0.390821,0.527567,0.565567,0.522326,0.525303
4802,33.080000,-0.770064,0.569996,0.331671,-0.264232,0.206170,1.066202,1.132807,0.128225,0.773318,-0.250388,0.191648,0.358388,0.481440,0.593466,0.409233,0.566364
4803,33.100000,-0.819133,0.559886,0.343059,-0.289121,0.178629,1.043911,1.125034,0.123640,0.765375,-0.250490,0.169247,0.327901,0.498627,0.614752,0.388384,0.605298
4804,33.120000,-0.849756,0.577839,0.332235,-0.300940,0.200937,1.072771,1.159656,0.130239,0.792191,-0.243791,0.168594,0.328913,0.540046,0.668100,0.378159,0.658522
4805,33.140000,-0.858679,0.605879,0.300772,-0.333051,0.191022,1.064596,1.201705,0.147541,0.849660,-0.232142,0.186795,0.333786,0.591586,0.734397,0.368022,0.701016
4806,33.160000,-0.894932,0.632179,0.279786,-0.388891,0.221056,0.988217,1.255248,0.153084,0.912878,-0.184574,0.187678,0.347084,0.662250,0.756637,0.406948,0.719232
4807,33.180000,-0.860394,0.660409,0.263006,-0.431382,0.252322,1.003824,1.255520,0.165139,0.962119,-0.146479,0.192366,0.356170,0.670128,0.774438,0.425634,0.714392
4808,33.200000,-0.841665,0.695252,0.286664,-0.480769,0.254029,0.993792,1.235528,0.171779,1.032334,-0.099670,0.229627,0.385876,0.690773,0.793968,0.465540,0.706266
4809,33.220000,-0.829245,0.700277,0.287004,-0.514235,0.285547,0.974314,1.208033,0.160461,1.054155,-0.061352,0.216640,0.398128,0.721245,0.798978,0.523720,0.694603
4810,33.240000,-0.804029,0.708083,0.256556,-0.515122,0.311650,1.021113,1.167286,0.160526,1.118432,-0.028027,0.227664,0.421375,0.735291,0.798794,0.500817,0.673036
4811,33.260000,-0.827290,0.751057,0.236071,-0.517127,0.321501,1.022800,1.145102,0.177354,1.195565,0.016988,0.267405,0.450948,0.832951,0.940767,0.597886,0.792192
4812,33.280000,-0.864315,0.806817,0.179531,-0.549130,0.361343,1.003003,1.155678,0.203767,1.318201,0.069219,0.323347,0.518636,1.023336,1.133570,0.756278,0.961302
4813,33.300000,-0.915076,0.882663,0.141652,-0.626779,0.461736,0.929138,1.170791,0.280460,1.503788,0.143419,0.411369,0.681974,1.397585,1.475342,1.096354,1.287855
4814,33.320000,-0.926275,0.958545,0.082968,-0.756725,0.572642,0.836068,1.167656,0.388607,1.765274,0.260735,0.510378,0.901680,1.807504,1.807443,1.478809,1.594167
4815,33.340000,-0.915079,0.971772,0.019572,-0.887771,0.678831,0.682582,1.052654,0.527001,2.001102,0.389652,0.651970,1.194266,2.190219,2.128325,1.898831,1.872256
4816,33.360000,-0.824825,0.940749,-0.044023,-1.035755,0.787212,0.665071,0.914295,0.683894,2.272831,0.551468,0.767796,1.497118,2.462715,2.216253,2.210042,1.958400
4817,33.380000,-0.756752,0.982060,-0.032946,-1.116618,0.848372,0.591175,0.754777,0.773768,2.447004,0.617426,0.801450,1.688658,2.624759,2.279398,2.370501,1.931306
4818,33.400000,-0.601914,0.885697,-0.036138,-1.012575,0.939898,0.676289,0.459976,0.664242,2.339143,0.633599,0.882827,1.946441,2.569435,2.230354,2.364069,1.794597
4819,33.420000,-0.575710,0.897862,-0.030914,-1.082947,0.875633,0.652049,0.425635,0.794863,2.460804,0.562728,0.805023,1.881173,2.604385,2.220061,2.466133,1.821093
4820,33.440000,-0.551923,0.757495,-0.117098,-1.080459,0.897933,0.756320,0.395004,0.805987,2.442029,0.530976,0.834074,1.945756,2.633981,2.151124,2.533347,1.865951
4821,33.460000,-0.519999,0.764672,-0.121502,-1.035389,0.810045,0.649434,0.419101,0.743740,2.351923,0.365739,0.625537,1.749424,2.661214,2.261303,2.503658,2.005571
4822,33.480000,-0.480058,0.668216,-0.165935,-0.818353,0.860963,0.773864,0.464001,0.709176,2.292817,0.187952,0.752420,1.935761,2.597432,2.228506,2.342804,2.078262
4823,33.500000,-0.467979,0.692143,-0.121158,-0.727095,0.677370,0.654562,0.549899,0.609169,2.130448,-0.068942,0.587683,1.715440,2.541270,2.268683,2.197235,2.135266
4824,33.520000,-0.490076,0.589509,-0.151733,-0.528593,0.734566,0.787567,0.717003,0.602038,2.008134,-0.314011,0.741955,1.914292,2.490321,2.240533,2.126320,2.268196
4825,33.540000,-0.505259,0.639937,-0.099499,-0.486902,0.647162,0.707983,0.863669,0.531237,1.875024,-0.512817,0.720677,1.873347,2.524431,2.329421,2.136561,2.441617
4826,33.560000,-0.441395,0.539140,-0.117408,-0.318655,0.720843,0.848493,1.037828,0.334317,1.607104,-0.619253,0.724265,1.930426,2.504406,2.365395,2.167508,2.478440
4827,33.580000,-0.496129,0.619764,-0.092013,-0.469174,0.653444,0.826808,1.332347,0.477484,1.715515,-0.626490,0.667774,1.841101,2.517839,2.389437,2.228352,2.576210
4828,33.600000,-0.476432,0.495048,-0.162434,-0.576378,0.628418,0.872822,1.460031,0.427358,1.599954,-0.490585,0.617546,1.693586,2.431934,2.246884,2.257945,2.528222
4829,33.620000,-0.431128,0.512765,-0.153984,-0.664292,0.578464,0.900161,1.554695,0.491141,1.704089,-0.434922,0.536725,1.549799,2.309654,2.158252,2.140640,2.521539
4830,33.640000,-0.428258,0.515828,-0.126337,-0.775263,0.433798,0.752426,1.651826,0.422530,1.601252,-0.401873,0.348590,1.257179,2.157605,2.065275,2.019192,2.355537
4831,33.660000,-0.220999,0.406241,-0.089773,-0.581822,0.421851,0.828312,1.561425,0.213475,1.298972,-0.453927,0.404968,1.125667,1.875492,1.909549,1.745486,2.163701
4832,33.680000,-0.185113,0.486128,0.093220,-0.557050,0.315588,0.854063,1.609580,0.260194,1.257632,-0.649002,0.407575,1.098751,1.789875,1.974353,1.713413,2.164683
4833,33.700000,-0.220751,0.420928,0.110869,-0.572404,0.205570,0.978306,1.801998,0.173600,1.145135,-0.630834,0.268252,0.909277,1.842380,2.044756,1.789629,2.245961
4834,33.720000,-0.294507,0.411148,0.125757,-0.611871,0.201785,0.979205,1.992640,0.217071,1.148843,-0.674463,0.192344,0.775744,1.880260,2.096035,1.797138,2.299017
4835,33.740000,-0.333087,0.383985,0.096924,-0.672253,0.136644,0.986221,2.133442,0.177768,1.084619,-0.651028,0.160928,0.596335,1.846605,2.057003,1.757410,2.319378
4836,33.760000,-0.427208,0.362612,0.104765,-0.705839,0.084052,0.892874,2.265979,0.161082,0.971922,-0.682522,0.093781,0.454819,1.801582,2.003225,1.734029,2.294162
4837,33.780000,-0.464127,0.366821,0.145324,-0.706445,0.052770,1.031697,2.459569,0.141391,1.031145,-0.698472,0.113695,0.394783,1.777825,1.931818,1.719636,2.271856
4838,33.800000,-0.412788,0.317988,0.102471,-0.622665,0.012946,1.018670,2.450274,0.018395,0.916137,-0.659013,0.168023,0.303925,1.717437,1.858235,1.619479,2.157990
4839,33.820000,-0.428434,0.341433,0.243789,-0.610331,0.011735,1.065630,2.484209,0.080803,0.862419,-0.692604,0.127791,0.308355,1.679557,1.843329,1.668360,2.135315
4840,33.840000,-0.508141,0.277628,0.154472,-0.604544,-0.098251,0.946112,2.535019,0.036420,0.711234,-0.600027,0.071430,0.173644,1.724051,1.803216,1.724942,2.148278
4841,33.860000,-0.448882,0.294530,0.159076,-0.677372,-0.128447,0.945254,2.632852,0.129846,0.755316,-0.641437,0.048719,0.186352,1.762447,1.761672,1.736318,2.205381
4842,33.880000,-0.392496,0.264328,0.182791,-0.646398,-0.076461,0.897304,2.546033,0.048853,0.746309,-0.692606,0.184110,0.272173,1.792681,1.907200,1.765981,2.223848
4843,33.900000,-0.326169,0.329850,0.291949,-0.660392,-0.051895,0.951362,2.614672,0.102304,0.862108,-0.750169,0.210032,0.383077,1.871770,2.054778,1.813155,2.299768
4844,33.920000,-0.284247,0.358267,0.286958,-0.699339,-0.008026,0.959825,2.610441,0.089709,0.915063,-0.731505,0.270820,0.446731,1.973983,2.167110,1.877259,2.348917
4845,33.940000,-0.229786,0.396917,0.209383,-0.726602,0.055941,0.943451,2.556224,0.139523,0.926890,-0.692225,0.277301,0.517905,2.027410,2.257317,1.942508,2.390230
4846,33.960000,-0.181590,0.414990,0.159902,-0.675292,0.120879,0.871618,2.449373,0.151386,0.918441,-0.710766,0.360800,0.645856,2.028880,2.314281,1.996304,2.372337
4847,33.980000,-0.061914,0.419535,0.047318,-0.656474,0.140193,0.875332,2.384545,0.095372,0.939732,-0.629539,0.379478,0.661472,2.053900,2.364330,2.012340,2.399564
4848,34.000000,-0.034973,0.457320,0.146079,-0.726935,0.174263,0.987981,2.384767,0.198772,1.065623,-0.594191,0.377741,0.788036,2.156022,2.488143,2.160269,2.459917
4849,34.020000,-0.024568,0.500684,0.091868,-0.813573,0.228633,1.005999,2.359959,0.227661,1.160207,-0.500581,0.443373,0.913786,2.325629,2.604251,2.320752,2.594299
4850,34.040000,-0.053149,0.535755,0.018188,-0.905019,0.239999,0.900638,2.322708,0.286462,1.231414,-0.421300,0.358455,0.932286,2.448979,2.688346,2.397926,2.714800
4851,34.060000,0.016225,0.537668,-0.046428,-0.915468,0.335225,0.882720,2.227033,0.311196,1.270017,-0.376836,0.501320,1.051768,2.441859,2.609375,2.446872,2.717015
4852,34.080000,0.102519,0.528294,-0.026216,-0.927307,0.304484,0.730941,2.051060,0.252171,1.176998,-0.361025,0.447519,1.052683,2.414881,2.618603,2.455416,2.671307
4853,34.100000,0.162341,0.602484,0.063667,-0.965347,0.367962,0.914442,2.144754,0.304745,1.384306,-0.376773,0.554391,1.291854,2.556832,2.670987,2.578062,2.767244
4854,34.120000,0.175587,0.623722,0.024922,-1.093905,0.391266,0.938929,2.114144,0.347718,1.550218,-0.235802,0.595985,1.319119,2.730818,2.734775,2.762229,2.897706
4855,34.140000,0.169468,0.664141,-0.031469,-1.206665,0.481373,0.812345,1.966841,0.355798,1.779195,-0.116190,0.639027,1.316972,2.977604,3.034684,2.994723,3.204260
4856,34.160000,0.127285,0.745695,-0.050220,-1.428174,0.498054,0.733521,1.906824,0.492978,2.026640,0.051943,0.618538,1.282966,3.108120,3.086249,3.144731,3.313382
4857,34.180000,0.132017,0.770404,-0.118213,-1.674618,0.473875,0.646697,1.865350,0.578639,2.155245,0.212734,0.603866,1.262372,3.213943,2.982849,3.294230,3.273175
4858,34.200000,0.232054,0.700034,-0.226501,-1.839426,0.481552,0.658121,1.779555,0.568772,2.163295,0.355988,0.578792,1.232328,3.202420,2.803755,3.378059,3.158477
4859,34.220000,0.313204,0.624449,-0.224540,-1.680364,0.438271,0.564594,1.582594,0.439318,1.861309,0.255837,0.556702,1.194234,3.041954,2.707883,3.351542,2.923033
4860,34.240000,0.255482,0.651947,-0.150623,-1.490460,0.376462,0.594917,1.622347,0.476546,1.840771,0.021505,0.570290,1.265026,2.999559,2.748272,3.320970,2.909042
4861,34.260000,0.214669,0.636945,-0.084757,-1.275006,0.338775,0.662320,1.655611,0.398575,1.755969,-0.291695,0.598581,1.302053,3.012823,2.900432,3.311798,2.969388
4862,34.280000,0.212038,0.559119,-0.082010,-1.063019,0.366749,0.683932,1.597902,0.350251,1.756538,-0.595180,0.629888,1.340026,3.052578,3.139144,3.239666,3.148822
4863,34.300000,0.252643,0.480078,-0.083527,-0.876067,0.344988,0.601197,1.581670,0.244251,1.530405,-0.788250,0.564076,1.201601,3.026006,3.238577,3.174316,3.252005
4864,34.320000,0.166502,0.589741,0.018935,-0.893100,0.350181,0.649598,1.767994,0.395279,1.699170,-1.045322,0.562704,1.249391,3.069061,3.300865,3.069439,3.451555
4865,34.340000,0.111988,0.569424,-0.026770,-1.005716,0.377835,0.672295,1.879355,0.439302,1.695398,-1.020090,0.558611,1.243532,3.091740,3.204438,3.065442,3.539945
4866,34.360000,0.131740,0.544206,-0.056811,-1.062348,0.412863,0.659552,1.867224,0.416597,1.702480,-1.004392,0.543473,1.258680,3.067155,3.133933,3.045854,3.564195
4867,34.380000,0.172030,0.510040,-0.071888,-1.099525,0.400506,0.678419,1.835181,0.357950,1.636738,-0.903751,0.514516,1.169254,2.986071,3.021514,3.009606,3.476306
4868,34.400000,0.261303,0.480915,-0.066553,-1.269420,0.274222,0.771025,1.905627,0.316554,1.605228,-0.802576,0.383690,0.970132,2.935074,2.925699,2.989909,3.413145
4869,34.420000,0.423410,0.251321,-0.169358,-1.211493,0.179956,0.661746,1.776089,0.189334,1.328440,-0.702135,0.227794,0.590974,2.717306,2.776937,2.821828,3.132580
4870,34.440000,-0.004769,0.848549,-0.079592,-1.289477,0.515377,0.394173,2.147089,0.607166,2.332496,-0.780717,0.722995,1.421260,3.172799,3.185433,3.024428,3.506484
4871,34.460000,-0.390483,1.048968,-0.180139,-1.329621,0.776507,0.223944,2.231271,0.971696,2.874844,-0.613924,1.177625,2.089196,3.371187,3.321263,3.322609,3.447537
4872,34.480000,-0.438981,1.195887,-0.063507,-1.709131,0.888660,0.504301,2.084892,1.171461,3.153172,-0.161218,1.357100,2.109906,3.471132,3.230467,3.800796,3.460330
4873,34.500000,-0.360473,1.263160,-0.014207,-2.414178,1.017279,0.778535,1.932234,1.458990,3.618305,0.371835,1.528223,2.259601,3.660869,3.189466,4.201249,3.540565
4874,34.520000,-0.317736,1.270923,-0.069464,-2.988606,1.095312,0.903553,1.746763,1.565319,3.867052,0.886856,1.490205,2.169835,3.801381,3.019204,4.444457,3.475143
4875,34.540000,-0.180595,0.939609,-0.520888,-3.058647,1.067666,0.848003,1.407065,1.248760,3.621392,1.087200,1.211145,2.153071,3.636476,2.824421,4.471212,2.983245
4876,34.560000,-0.311571,0.881037,-0.641165,-2.770273,0.903415,0.554532,1.268256,1.324541,3.965653,0.614109,0.992621,2.239539,3.469498,2.735036,4.188372,2.521351
4877,34.580000,-0.392909,0.574815,-0.743684,-2.114848,0.839918,0.408286,1.040096,1.198591,3.745296,-0.031038,1.158512,2.535933,3.257220,2.561926,4.007655,2.119409
4878,34.600000,-0.379853,0.471193,-0.564466,-0.890579,0.699920,0.312468,1.072959,0.955218,3.028435,-1.353521,1.171975,2.583296,3.166842,2.601215,3.862129,2.199171
4879,34.620000,-0.330763,0.613185,-0.199414,0.406021,0.630401,0.548016,1.937352,1.055362,2.263935,-3.388448,1.589134,2.976671,3.365047,2.866607,3.955579,2.955851
4880,34.640000,-0.130970,0.330877,-0.374016,1.135653,0.145858,0.084627,2.933602,0.952946,1.336456,-4.728797,1.550992,3.119740,3.369375,2.930196,4.313107,3.372933
4881,34.660000,0.207937,0.171627,-0.490015,1.608358,0.115134,-0.035287,3.667357,1.067370,0.973737,-5.439741,1.807681,3.514136,3.128546,2.848819,4.348392,3.520606
4882,34.680000,0.405156,0.343093,-0.446744,1.534370,0.269146,-0.031477,3.922896,1.301814,1.170902,-5.262507,2.107852,3.640181,3.049348,2.661876,4.195858,3.780905
4883,34.700000,0.309986,0.460044,-0.625226,1.299739,0.652986,0.253324,3.531430,1.535080,2.220154,-4.540546,2.241670,3.805119,3.016601,2.515063,3.387180,3.962621
4884,34.720000,-0.061975,0.670955,-0.838746,0.812703,1.111727,0.470550,2.593741,1.713111,3.628196,-3.209218,2.354351,3.763923,2.858204,2.421684,1.550589,3.685329
4885,34.740000,-0.770413,1.123374,-0.909720,-0.300124,1.334662,0.305937,1.951810,2.156631,5.141011,-1.085286,2.104346,3.269741,2.788702,2.335281,0.299480,3.460346
4886,34.760000,-1.070799,1.381656,-0.813867,-1.316101,1.394843,0.196483,1.347226,2.186438,5.902607,0.591326,1.972092,2.717079,2.553088,2.151165,0.380518,2.966977
4887,34.780000,-0.944302,1.300695,-0.671332,-1.946563,1.271975,0.196855,0.832977,1.876953,6.067602,1.368279,1.603149,2.151717,2.294675,1.903227,0.847991,2.280186
4888,34.800000,-0.168773,0.951891,-0.277011,-2.070645,1.131520,0.709043,0.136583,1.095034,4.930279,1.245429,0.741171,1.479562,1.143204,0.633217,0.036882,0.297503
4889,34.820000,0.281157,1.245176,0.634626,-1.720859,0.705177,1.272502,-0.207413,0.436931,3.701352,1.055694,0.305663,0.883049,-0.119448,-0.204728,-1.152414,-0.964082
4890,34.840000,0.436885,1.061016,1.240749,-1.585630,0.078644,1.638221,-0.107732,-0.100742,2.141191,0.927745,-0.181805,-0.172940,-0.777062,-0.599067,-1.761605,-1.227082
4891,34.860000,0.334557,0.807057,1.320687,-1.253131,-0.159783,2.178886,0.376225,-0.264831,0.938085,0.412118,-0.247531,-0.497530,-0.961659,-0.658134,-1.771362,-0.791045
4892,34.880000,0.183602,0.593750,1.381138,-0.714887,-0.249322,2.304857,0.839537,-0.166710,0.366619,-0.174828,-0.120880,-0.460714,-0.903955,-0.441156,-1.397011,-0.077576
4893,34.900000,-0.016128,0.420613,1.345337,-0.301562,-0.296643,2.455338,1.268678,-0.112168,0.159669,-0.737045,0.036170,-0.299063,-0.733423,-0.053145,-0.802980,0.583904
4894,34.920000,-0.282145,0.367404,1.256699,-0.124871,-0.199874,2.492601,1.664597,-0.043366,0.248834,-1.127388,0.226034,-0.046232,-0.492124,0.465303,-0.344254,1.118096
4895,34.940000,-0.575617,0.445395,1.130396,-0.087159,-0.043103,2.493828,1.998195,0.029830,0.524112,-1.313014,0.420876,0.174215,-0.164584,0.936529,-0.076713,1.419257
4896,34.960000,-0.841027,0.588863,0.921782,-0.121922,0.147901,2.556841,2.283444,0.143326,0.957630,-1.329216,0.557875,0.326664,0.233729,1.225511,0.112210,1.553632
4897,34.980000,-1.019606,0.762534,0.662376,-0.216495,0.342369,2.643274,2.464514,0.268443,1.419124,-1.180071,0.636938,0.413520,0.639610,1.297295,0.296681,1.571387
4898,35.000000,-1.098294,0.971442,0.410340,-0.342705,0.520082,2.689826,2.550462,0.372661,1.876252,-0.933921,0.714149,0.505533,0.997017,1.298152,0.474919,1.563231
4899,35.020000,-1.120708,1.196284,0.164636,-0.509305,0.640768,2.627799,2.537997,0.462624,2.336943,-0.622471,0.783591,0.559142,1.365182,1.438170,0.727820,1.693115
4900,35.040000,-1.074041,1.405210,0.016429,-0.759382,0.809221,2.311968,2.368419,0.597225,2.943153,-0.284025,0.953345,0.787023,1.857778,1.855451,1.167686,2.054593
4901,35.060000,-0.955696,1.500188,-0.125293,-1.170942,0.947986,1.733665,1.984633,0.803901,3.590977,0.181720,1.097429,1.003170,2.327237,2.280575,1.711805,2.425240
4902,35.080000,-0.950649,1.790798,-0.038932,-1.788329,1.121916,0.858234,1.536240,1.098322,4.489961,0.660663,1.419891,1.517145,2.965794,2.862327,2.465491,2.893494
4903,35.100000,-1.011574,1.816580,-0.098083,-2.563061,1.086540,0.403853,0.953882,1.494893,5.468943,1.307637,1.539380,1.735946,3.265013,2.870901,3.216042,2.868745
4904,35.120000,-1.074477,1.600870,-0.394109,-3.020932,0.936771,0.186714,0.396534,1.953530,6.073180,1.657961,1.442466,1.804809,3.375344,2.361731,4.006731,2.160308
4905,35.140000,-0.979223,1.245042,-0.691629,-2.898065,0.877363,0.063610,-0.106562,2.242290,6.365651,1.308870,1.151680,1.750087,3.343145,1.831148,4.426483,1.162422
4906,35.160000,-0.974805,1.238405,-0.582719,-1.708830,0.789364,-0.196973,-0.525804,2.298596,6.510020,0.028350,1.318182,2.267721,3.082510,1.400323,3.912451,0.053731
4907,35.180000,-0.803158,0.692257,-0.419435,0.155294,0.546454,-0.562057,-0.635626,2.065402,5.775641,-1.966605,1.321587,2.570308,2.767352,0.823557,3.291080,-0.598290
4908,35.200000,-0.906783,0.903648,0.157273,2.157925,0.446570,-0.949877,-0.151274,2.244474,5.049230,-4.462788,1.587375,2.988831,3.084098,0.748106,2.706491,-0.037498
4909,35.220000,-0.700257,0.811747,0.234310,3.025485,0.157290,-1.040221,1.204848,1.923612,3.027524,-6.027149,2.029553,3.407534,3.560875,0.782201,2.761046,1.141076
4910,35.240000,-0.450852,0.843914,0.157563,2.723989,0.020888,-0.935053,2.233459,1.977920,1.874937,-6.084170,2.279172,3.434485,3.897620,1.167177,2.828290,2.479768
4911,35.260000,-0.017979,0.731628,-0.191388,1.863781,0.014627,-0.676936,2.890236,2.015997,1.800868,-5.455401,2.429308,3.451725,3.560279,1.556731,2.660360,3.450746
4912,35.280000,0.199367,0.691722,-0.696781,0.788215,0.254647,-0.373230,2.980007,2.307848,2.988311,-4.207110,2.442658,3.327720,3.139060,1.744630,1.709743,3.786901
4913,35.300000,0.025636,0.914343,-0.909711,-0.642677,0.834249,0.026395,2.307657,2.290217,4.181100,-2.614337,1.979437,2.662576,2.914679,2.025301,0.804760,3.524741
4914,35.320000,-0.235884,1.092016,-1.119011,-2.028758,1.338102,0.300395,1.258018,2.295368,5.470332,-0.787023,2.297482,2.417378,2.630942,2.028734,0.388298,3.012640
4915,35.340000,-0.544970,1.228511,-1.158324,-2.879399,1.264210,0.128094,0.368857,2.342005,6.437275,0.912224,2.214027,1.984190,2.410665,1.955691,0.620497,2.268649
4916,35.360000,-0.609355,1.391895,-0.931271,-3.422317,1.316890,0.340222,-0.086232,2.158504,6.757041,1.924058,1.976012,1.501986,2.512906,2.173026,1.579843,2.051908
4917,35.380000,-0.631710,1.235173,-0.777093,-3.761891,1.277152,0.490988,-0.404511,1.942235,6.683858,2.447755,1.686347,1.215435,2.781894,2.304133,2.594418,1.952141
4918,35.400000,-0.724250,1.067195,-0.671819,-3.314775,1.100098,0.290744,-0.534804,1.681896,6.423675,2.006091,1.211222,1.411314,2.948752,2.403135,3.005637,1.406506
4919,35.420000,-0.669356,0.952509,-0.351884,-2.498360,0.889539,0.182448,-0.552837,1.163735,5.470270,1.005862,0.883297,1.464579,2.916036,2.345313,3.198903,0.796511
4920,35.440000,-0.897654,1.352130,0.260417,-1.609420,0.763116,-0.026432,-0.130732,1.220713,4.782989,-0.743512,1.000887,1.798826,3.091503,2.396455,3.281218,0.861497
4921,35.460000,-0.650762,0.795139,0.029003,0.263416,0.427222,-0.267410,0.940494,0.872314,2.728732,-3.609773,1.263720,2.456354,3.223829,2.403577,3.535953,1.205529
4922,35.480000,-0.706352,0.511914,-0.033234,2.268230,0.270507,-0.707348,2.267389,1.066325,1.022907,-6.496316,1.874165,3.222391,3.499335,2.824800,4.446167,2.002956
4923,35.500000,-0.567487,0.467412,-0.058601,3.082007,-0.071377,-0.958659,3.099108,0.867158,0.106478,-7.601115,2.409684,3.467896,3.660074,2.739110,4.673620,2.174063
4924,35.520000,-0.413388,0.364470,-0.190548,3.606742,0.027227,-0.834547,3.563415,1.386959,0.134494,-7.793955,2.566899,3.651312,3.060482,2.294564,4.813657,2.436464
4925,35.540000,-0.372335,0.578867,-0.151168,3.583788,0.149648,-0.735218,3.279680,1.779216,1.227319,-7.238853,2.628884,3.394003,2.697393,1.578112,4.134673,2.984714
4926,35.560000,-0.307250,0.844009,-0.527251,2.852487,0.492734,-0.605657,2.805806,2.395355,3.271082,-5.902513,2.621647,3.187114,2.640891,1.078552,1.961680,3.093528
4927,35.580000,-0.617093,1.154568,-0.833862,1.759063,1.078680,-0.450852,1.594226,2.569561,5.134539,-3.502464,2.596130,2.372568,2.505674,1.009088,-0.927569,2.799175
4928,35.600000,-1.154721,1.521129,-0.970394,0.355506,1.466126,-0.185016,0.599643,2.889964,6.788776,-0.954536,2.749437,1.672519,2.677589,1.228265,-2.490762,2.952811
4929,35.620000,-1.486177,1.683807,-1.075261,-0.037927,1.323829,-0.268629,-0.139830,2.991170,7.421776,0.509236,3.200396,1.573370,2.641079,1.286744,-2.332792,2.892190
4930,35.640000,-1.558850,1.735354,-0.961741,0.139441,1.168629,-0.423909,-0.548086,2.910748,7.793930,0.775541,3.215031,1.528951,2.661841,1.351223,-1.762028,2.660546
4931,35.660000,-1.395377,1.791612,-0.671639,0.353417,1.010627,-0.595100,-0.678765,2.755910,7.960082,0.395836,3.094395,1.728055,3.002036,1.553379,-0.902503,2.160931
4932,35.680000,-1.319090,1.728079,-0.480975,0.487562,0.847267,-0.798916,-0.652047,2.806204,8.021132,-0.072145,2.836885,1.969391,3.502538,1.732031,0.117871,1.647927
4933,35.700000,-1.239137,1.695764,-0.385866,0.634646,0.567877,-0.962664,-0.559854,2.709624,7.738404,-0.440417,2.721480,2.175928,3.730864,1.651587,0.630233,1.175678
4934,35.720000,-1.179154,1.650174,-0.443032,0.754293,0.653700,-0.999285,-0.496026,2.997437,7.806471,-0.757440,2.548433,2.443353,4.037066,1.722591,0.880309,1.058764
4935,35.740000,-1.176464,1.797274,-0.486381,0.881683,0.628973,-1.041965,-0.508677,3.136486,7.724035,-0.896501,2.533163,2.525245,4.225130,1.683193,0.933584,1.167010
4936,35.760000,-1.131854,1.965859,-0.492847,1.020813,0.762244,-1.018157,-0.520342,3.212029,7.683104,-1.028533,2.550070,2.644114,4.317609,1.728082,0.655174,1.364235
4937,35.780000,-1.076413,1.664489,-0.645949,0.931951,0.632367,-1.069563,-0.629997,3.338938,7.503993,-0.924348,2.596820,2.637610,4.154819,1.432514,0.619618,1.435599
4938,35.800000,-1.095770,1.758959,-0.677535,0.981799,0.689749,-1.069819,-0.683838,3.424912,7.456062,-0.901510,2.623841,2.609115,4.157218,1.383296,0.447126,1.493915
4939,35.820000,-1.094592,1.814052,-0.682617,0.997376,0.673484,-1.084358,-0.733490,3.424776,7.446416,-0.849462,2.708083,2.513947,4.110260,1.308342,0.330175,1.523166
4940,35.840000,-1.071322,1.797396,-0.697510,0.990546,0.640931,-1.089795,-0.748250,3.439199,7.420103,-0.842880,2.742799,2.439008,4.048022,1.239708,0.212643,1.444763
4941,35.860000,-1.070638,1.837824,-0.658490,0.986964,0.611620,-1.081670,-0.772716,3.399264,7.395889,-0.812215,2.773213,2.323208,4.046461,1.217498,0.187501,1.463591
4942,35.880000,-1.013878,1.755702,-0.669100,0.900464,0.666990,-1.041418,-0.761465,3.377143,7.399891,-0.785297,2.726610,2.289460,4.077855,1.296779,0.354016,1.488868
4943,35.900000,-1.028418,1.831479,-0.631765,0.875693,0.586817,-1.055012,-0.753005,3.323164,7.382017,-0.719923,2.736003,2.185669,4.090059,1.305072,0.415693,1.514440
4944,35.920000,-0.983391,1.752186,-0.668069,0.802979,0.665802,-1.015178,-0.706876,3.326432,7.432593,-0.682514,2.677979,2.230176,4.128598,1.420019,0.575019,1.515295
4945,35.940000,-1.030475,1.781217,-0.693308,0.828633,0.548021,-1.061876,-0.727550,3.327568,7.471915,-0.604348,2.721974,2.164535,4.086321,1.374124,0.566772,1.465138
4946,35.960000,-1.016359,1.732087,-0.730449,0.887549,0.592324,-1.055744,-0.728904,3.346398,7.535680,-0.625360,2.709032,2.200461,4.064874,1.398035,0.521400,1.426957
4947,35.980000,-1.081749,1.956349,-0.656720,1.026872,0.565084,-1.071981,-0.730435,3.305080,7.596954,-0.667152,2.776496,2.186998,4.127435,1.456474,0.322832,1.422857
4948,36.000000,-1.022526,1.692886,-0.734732,0.992954,0.585000,-1.069068,-0.736726,3.345206,7.575083,-0.673453,2.744234,2.245738,4.067570,1.400544,0.420959,1.396670
4949,36.020000,-1.076119,1.907160,-0.664830,1.085204,0.581825,-1.071440,-0.733580,3.330682,7.597250,-0.704048,2.784227,2.223764,4.144202,1.444397,0.258221,1.406689
4950,36.040000,-0.998968,1.661252,-0.739410,1.013657,0.574734,-1.071517,-0.752059,3.344377,7.553819,-0.685718,2.763646,2.259253,4.073817,1.376715,0.396128,1.424852
4951,36.060000,-1.004482,1.659162,-0.775996,1.022445,0.528680,-1.081939,-0.747091,3.388034,7.527323,-0.659469,2.766216,2.241110,4.050517,1.281232,0.390688,1.411066
4952,36.080000,-0.994666,1.652722,-0.797608,1.052507,0.543612,-1.088367,-0.753839,3.384994,7.526340,-0.658429,2.771593,2.239378,4.037282,1.265956,0.396487,1.440975
4953,36.100000,-1.037350,1.858266,-0.757616,1.129877,0.561942,-1.083310,-0.707651,3.369266,7.582337,-0.685487,2.818732,2.256313,4.098704,1.341202,0.219058,1.445298
4954,36.120000,-1.005543,1.632257,-0.832232,1.034090,0.546842,-1.081960,-0.692279,3.392723,7.568431,-0.624079,2.811600,2.289374,4.029204,1.285059,0.357638,1.393778
4955,36.140000,-1.002637,1.764336,-0.834283,1.067258,0.517051,-1.098884,-0.578723,3.337409,7.454205,-0.586282,2.883421,2.333807,3.969872,1.186642,0.079503,1.278463
4956,36.160000,-0.709569,1.367887,-1.019496,0.896398,0.627173,-1.057477,-0.239331,3.174598,7.032096,-0.411305,2.856981,2.706064,3.517973,0.754860,-0.368206,0.833919
4957,36.180000,-0.313202,1.485580,-0.939681,0.687144,0.704655,-0.970291,0.266375,2.744005,6.365526,-0.157651,2.641406,2.994869,2.697124,-0.014385,-1.470319,-0.109304
4958,36.200000,0.106230,1.437691,-0.786452,0.081379,0.715102,-0.748253,0.478376,2.322605,5.824415,0.239579,2.058948,2.626283,1.597291,-0.708104,-1.947633,-1.015489
4959,36.220000,0.274236,1.691136,-0.629322,-0.708063,0.655173,-0.474302,0.658576,1.947891,5.280097,0.760070,1.691605,2.133219,0.969221,-0.896274,-1.711860,-1.131543
4960,36.240000,0.372915,1.804931,-0.474299,-1.240949,0.597479,-0.142007,0.867816,1.466594,4.476636,1.194955,1.395604,1.726653,0.374312,-0.867244,-1.379278,-1.005514
4961,36.260000,0.534343,1.599128,-0.345571,-1.432714,0.394419,0.379531,1.082177,1.064091,3.253724,1.506868,0.931252,1.210325,-0.358233,-1.266750,-1.373867,-1.452143
4962,36.280000,0.802704,1.461102,0.022745,-1.218697,0.019120,1.206705,1.317268,0.605716,1.534977,1.404884,0.471972,0.392256,-1.334676,-1.953910,-1.786198,-2.181420
4963,36.300000,1.317294,1.074939,0.500349,-0.904506,-0.514121,2.045696,1.572707,0.196435,-0.138063,0.772219,0.073900,-0.364130,-2.518720,-3.078421,-2.492554,-2.946866
4964,36.320000,1.691137,0.517044,0.982202,-0.932445,-1.314949,2.326063,1.710393,0.041019,-1.120683,0.094831,-0.344302,-1.120707,-3.842697,-4.757768,-3.379840,-3.817348
4965,36.340000,1.470990,-0.145188,0.988464,-1.095773,-1.911478,1.305394,1.896410,-0.061459,-1.427841,-0.154689,-0.469954,-1.355986,-4.591611,-5.520899,-3.805973,-3.984020
4966,36.360000,1.491096,-1.065598,1.403744,-0.904649,-1.832908,1.068953,0.991490,-0.091331,-1.630687,-0.261013,-0.373265,-1.145132,-5.293553,-4.778636,-3.823629,-3.449766
4967,36.380000,1.491348,-1.884498,1.651081,-0.992814,-1.503119,0.501599,-0.121671,0.051479,-1.720439,0.007224,-0.315147,-1.057670,-5.776868,-3.444647,-3.603303,-2.778685
4968,36.400000,1.429671,-2.335286,1.741771,-1.153682,-1.468824,0.260319,-0.507934,0.226830,-1.597178,0.334362,-0.417823,-1.210203,-5.418065,-2.620691,-3.373891,-1.980813
4969,36.420000,1.450662,-2.203405,1.536820,-1.461766,-1.388234,0.327904,-0.561759,0.243952,-1.343610,0.816197,-0.563542,-1.337995,-4.294560,-2.095955,-3.093906,-1.195971
4970,36.440000,1.614750,-2.627536,1.342309,-1.551915,-1.328669,0.132381,-0.761492,0.324721,-1.219957,0.948077,-0.534605,-1.231219,-3.119356,-1.629926,-2.628922,-0.584471
4971,36.460000,1.761809,-2.644981,1.202930,-1.765113,-1.343416,0.231029,-0.802554,0.196915,-1.196527,0.904974,-0.588539,-1.178204,-2.337481,-1.419927,-2.301224,-0.165785
4972,36.480000,1.826815,-2.668426,1.164249,-2.081951,-1.393047,0.235620,-0.809612,0.114456,-1.110453,0.970832,-0.549853,-1.117556,-1.930947,-1.348898,-2.205966,0.004088
4973,36.500000,1.887446,-2.675529,1.274777,-2.406777,-1.405384,0.310527,-0.808090,-0.061846,-1.093350,1.234477,-0.497300,-1.121496,-1.821417,-1.289901,-2.094492,0.195143
4974,36.520000,1.804022,-2.745552,1.157984,-2.690404,-1.410749,0.347911,-0.848202,-0.105915,-1.011412,1.481504,-0.466537,-1.143137,-1.720678,-1.230831,-1.970337,0.392324
4975,36.540000,1.795428,-2.763362,1.090440,-2.816879,-1.380651,0.320425,-0.892689,-0.174152,-0.956874,1.658553,-0.432009,-1.113450,-1.656286,-1.167936,-1.897274,0.487101
4976,36.560000,1.724558,-2.756675,1.111525,-2.947686,-1.416498,0.241480,-0.966717,-0.241747,-0.990067,1.772925,-0.402062,-1.107298,-1.597135,-1.107265,-1.759128,0.442693
4977,36.580000,1.673050,-2.807660,1.142336,-3.011939,-1.449744,0.126917,-0.936408,-0.264533,-1.032229,1.797285,-0.372608,-1.073638,-1.492213,-1.099392,-1.653304,0.414177
4978,36.600000,1.648540,-2.832566,1.209274,-3.013123,-1.472670,0.004960,-0.907166,-0.285158,-1.078441,1.719537,-0.354794,-1.009091,-1.394574,-1.070976,-1.544528,0.361406
4979,36.620000,1.556838,-2.833344,1.280847,-2.981824,-1.514103,-0.159436,-0.837226,-0.294694,-1.128142,1.495514,-0.397783,-0.979871,-1.347608,-1.106579,-1.464663,0.228474
4980,36.640000,1.477827,-2.861201,1.341809,-2.885684,-1.533383,-0.306778,-0.752189,-0.300634,-1.177470,1.269734,-0.413211,-0.917991,-1.372535,-1.157301,-1.416171,0.141210
4981,36.660000,1.436009,-2.868860,1.370082,-2.689966,-1.504326,-0.390609,-0.755623,-0.301976,-1.219227,1.073109,-0.445326,-0.877115,-1.544431,-1.140950,-1.391950,0.071342
4982,36.680000,1.344093,-2.872946,1.438559,-2.519981,-1.500423,-0.442487,-0.735536,-0.314719,-1.285134,0.933066,-0.468330,-0.884625,-1.759069,-1.179531,-1.367484,-0.017643
4983,36.700000,1.288914,-2.931066,1.382468,-2.365786,-1.496134,-0.466172,-0.696198,-0.295167,-1.304439,0.823174,-0.449559,-0.870404,-1.888740,-1.233417,-1.395588,-0.040277
4984,36.720000,1.251535,-2.957962,1.360382,-2.248090,-1.500958,-0.455679,-0.673014,-0.263810,-1.311013,0.722129,-0.446516,-0.861140,-1.967953,-1.256319,-1.395475,-0.043725
4985,36.740000,1.269193,-3.024029,1.253083,-2.163316,-1.491198,-0.452791,-0.669088,-0.164994,-1.254395,0.615079,-0.449225,-0.848845,-1.940453,-1.237408,-1.372152,0.017006
4986,36.760000,1.286676,-3.026019,1.159860,-2.167785,-1.511562,-0.447544,-0.656555,-0.144478,-1.232763,0.566428,-0.458574,-0.855392,-1.852960,-1.194842,-1.306590,0.116249
4987,36.780000,1.381471,-3.053738,1.010525,-2.147373,-1.462298,-0.402458,-0.666970,-0.186041,-1.211221,0.616341,-0.432940,-0.850218,-1.741135,-1.140836,-1.278191,0.263603
4988,36.800000,1.353981,-3.024736,0.947047,-2.250640,-1.503830,-0.437161,-0.652265,-0.158728,-1.180869,0.643608,-0.440512,-0.845580,-1.577864,-1.118225,-1.215328,0.358706
4989,36.820000,1.404271,-3.041479,0.883100,-2.296137,-1.464892,-0.398103,-0.627315,-0.179980,-1.152594,0.706689,-0.415183,-0.818310,-1.458349,-1.107616,-1.178390,0.474805
4990,36.840000,1.399619,-2.990320,0.784566,-2.426858,-1.467179,-0.341269,-0.669014,-0.175586,-1.049013,0.777135,-0.382394,-0.796404,-1.388445,-0.984125,-1.183649,0.538203
4991,36.860000,1.496755,-2.868196,0.512257,-2.536098,-1.355533,-0.093452,-0.849697,-0.328359,-0.883712,1.003790,-0.307088,-0.792325,-1.504356,-0.609402,-1.342485,0.633848
4992,36.880000,1.596162,-2.737977,0.152142,-2.700640,-1.203224,0.131848,-1.143481,-0.421628,-0.612137,1.453053,-0.258274,-0.836160,-1.574019,-0.125866,-1.564188,0.701336
4993,36.900000,1.574763,-2.431290,-0.204130,-2.909153,-1.005408,0.541634,-1.588501,-0.571285,-0.231424,2.210952,-0.262522,-0.955899,-1.710956,0.458468,-1.855945,0.651762
4994,36.920000,1.238086,-2.108376,-0.390316,-2.956746,-0.723437,0.990248,-2.124338,-0.681885,0.202939,3.329107,-0.360163,-1.189586,-1.824860,1.050710,-2.157299,0.475835
4995,36.940000,0.629224,-1.855780,-0.352462,-2.911368,-0.600646,1.281339,-2.337788,-0.783360,0.459418,4.176670,-0.453061,-1.367256,-1.784532,1.373670,-2.388780,0.235247
4996,36.960000,0.401511,-1.749999,0.036737,-2.662628,-0.540158,1.566461,-2.315932,-0.947876,0.530704,4.436198,-0.525627,-1.374427,-1.815151,1.498207,-2.528821,-0.065621
4997,36.980000,0.541635,-1.750271,0.444690,-2.387560,-0.592296,1.515500,-2.100119,-1.125237,0.428573,3.802341,-0.728273,-1.291804,-2.077952,1.405620,-2.578182,-0.810771
4998,37.000000,1.235252,-1.956799,0.970966,-2.052650,-0.682183,1.199489,-1.606689,-1.227234,0.153338,2.398873,-0.848466,-0.967776,-2.592163,1.151964,-2.609998,-1.384226
4999,37.020000,1.921373,-2.351079,1.184410,-1.461308,-0.889929,0.821505,-0.614841,-1.216076,-0.439886,0.384455,-0.833266,-0.489279,-3.334546,0.982156,-2.449272,-1.763041
5000,37.040000,2.687061,-2.986162,0.978636,-0.619601,-1.133614,0.404837,0.828687,-0.921915,-1.123347,-2.295640,-0.752329,-0.030262,-4.103452,0.840288,-1.832658,-1.622469
5001,37.060000,2.976955,-3.489092,0.665842,-0.630335,-1.402833,-0.073568,1.810686,-0.460925,-1.204013,-4.014701,-0.592460,0.142753,-4.410656,1.040757,-1.377189,-0.973544
5002,37.080000,3.246087,-3.805704,0.152326,-0.754261,-1.338156,-0.738861,1.888149,0.108083,-1.138733,-4.477398,-0.392268,0.201131,-3.509593,1.229718,-1.019990,0.264150
5003,37.100000,3.464023,-3.405096,0.134889,-0.697234,-1.252510,-0.927100,2.123885,0.356687,-1.096678,-4.456952,-0.468365,0.181190,-2.567296,1.066739,-0.740774,1.630444
5004,37.120000,3.922842,-4.206088,0.319472,-0.293426,-0.917094,-0.711250,1.597017,0.576264,-1.177237,-4.514544,-0.386708,0.086967,-2.046172,0.364568,-0.405165,2.307043
5005,37.140000,4.080574,-4.141012,0.265234,-0.388526,-1.008349,-0.558039,1.250304,0.760796,-1.000929,-3.776901,-0.413578,-0.017744,-1.495401,-0.076959,-0.261833,3.074424
5006,37.160000,3.719881,-4.008510,-0.345588,-1.046008,-0.811470,-0.747497,0.083516,0.855923,-0.544249,-1.735746,-0.387856,-0.345145,-0.639300,-0.123340,-0.062585,3.583073
5007,37.180000,2.770164,-3.081234,-1.092939,-2.819961,-0.412874,-0.424769,-1.014499,0.535286,0.566333,1.515959,-0.378718,-0.926489,0.460050,0.012194,-0.716040,3.850590
5008,37.200000,1.441872,-2.194350,-1.804647,-3.977983,-0.094571,0.417706,-1.662178,0.227558,1.350387,4.454496,-0.217457,-1.294390,1.172694,0.203103,-1.462765,3.580452
5009,37.220000,0.738284,-1.652511,-1.343600,-3.710722,-0.047606,1.475690,-1.500844,-0.093615,1.355269,5.479144,0.070696,-1.033478,0.758260,0.408763,-1.989511,2.634028
5010,37.240000,1.176597,-1.310064,-0.100570,-3.417727,-0.288327,2.018709,-1.580537,-0.544697,1.177233,5.352032,-0.214046,-1.228440,-0.136399,0.389022,-2.493327,1.170160
5011,37.260000,2.889879,-1.496684,1.103852,-3.077478,-0.539486,1.511739,-1.625017,-0.905051,0.598789,3.866676,-0.715507,-1.164311,-0.978484,0.186924,-3.028431,-0.282753
5012,37.280000,4.091921,-1.617948,2.032862,-2.749526,-0.642482,0.644286,-1.169881,-1.101669,-0.053626,2.130909,-0.946557,-0.999097,-2.021098,0.012335,-3.539217,-1.486421
5013,37.300000,4.553210,-1.938457,2.177581,-2.533229,-0.747710,-0.197413,-0.355048,-1.146970,-0.837157,0.765798,-0.867999,-0.776178,-3.337304,-0.305764,-3.579808,-2.136010
5014,37.320000,4.867112,-2.562819,1.606712,-2.249744,-0.800648,-0.970138,0.198212,-0.908248,-1.437169,-0.342820,-0.616375,-0.485489,-4.380217,-0.524454,-3.035214,-2.110218
5015,37.340000,4.636435,-3.057406,1.059994,-1.710663,-0.875423,-1.139742,0.518932,-0.607970,-1.684585,-1.325739,-0.452831,-0.329944,-4.696430,-0.495647,-2.024036,-1.624787
5016,37.360000,4.397005,-3.506763,0.233789,-1.481359,-1.089878,-1.418457,0.515918,-0.035167,-1.458494,-1.830550,-0.288601,-0.237610,-3.776855,-0.189565,-1.025210,-0.345946
5017,37.380000,3.969076,-3.369637,-0.518236,-1.511936,-1.251021,-1.572277,0.478215,0.264676,-1.122080,-1.816439,-0.302258,-0.188616,-2.322428,0.333536,-0.100075,1.316539
5018,37.400000,3.222404,-3.023436,-1.095582,-1.482003,-0.990635,-1.107741,0.401288,0.403322,-0.650140,-1.406894,-0.415956,-0.292014,-1.236534,0.232892,0.180213,2.207184
5019,37.420000,2.727165,-2.913601,-1.231877,-1.816864,-0.662055,-0.207344,0.260927,0.293940,-0.019277,-0.621347,-0.255906,-0.293671,-0.528277,-0.150180,-0.726165,2.375467
5020,37.440000,2.238778,-2.367680,-1.212420,-2.843827,-0.609582,0.710954,-0.080449,-0.005487,0.735973,1.187524,-0.130771,-0.533202,-0.199027,-0.240565,-1.688296,2.293876
5021,37.460000,1.127089,-1.557336,-1.504043,-3.466271,-0.618131,1.727446,-0.468853,-0.236029,1.305004,3.296220,-0.120871,-1.057780,-0.300252,-0.479910,-2.503859,1.859964
5022,37.480000,-0.112987,-0.880934,-1.464162,-3.054173,-0.657759,2.352028,-0.735802,-0.531091,1.342155,4.698209,-0.122592,-1.325247,-0.715751,-0.638179,-3.108960,1.031512
5023,37.500000,-0.612527,-0.694132,-0.845342,-2.457613,-0.814407,2.293125,-0.786926,-0.872306,1.105640,4.932774,-0.240284,-1.424261,-1.114294,-0.655637,-3.353280,0.046640
5024,37.520000,-0.070082,-0.897034,0.117259,-2.134943,-1.032069,1.779520,-0.846222,-1.151781,0.775983,4.203406,-0.469263,-1.312767,-1.487717,-0.618411,-3.483349,-0.862064
5025,37.540000,1.582570,-1.486120,1.039467,-2.195161,-1.016964,1.043006,-0.948571,-1.290699,0.437568,2.657862,-0.802974,-0.930255,-2.129324,-0.382735,-3.529621,-1.546497
5026,37.560000,2.642341,-1.938363,1.431109,-2.046221,-0.947339,0.408276,-0.236817,-1.270204,-0.124132,0.829918,-0.818085,-0.517604,-2.921809,-0.084702,-3.386216,-1.859913
5027,37.580000,3.333617,-2.536172,1.235574,-1.485789,-1.052455,-0.138830,1.080595,-1.098144,-1.016317,-1.498422,-0.640174,-0.072089,-3.920409,0.088726,-2.659075,-1.732286
5028,37.600000,3.696028,-3.199658,0.671680,-1.111936,-1.283689,-0.483136,1.951539,-0.620906,-1.249348,-3.307155,-0.439959,0.142913,-4.759945,0.308193,-1.803102,-1.184987
5029,37.620000,3.889726,-3.736312,0.253205,-0.935865,-1.381987,-0.974118,1.877143,0.013197,-1.110386,-4.099372,-0.291472,0.169884,-4.071395,0.801383,-1.314018,0.121995
5030,37.640000,4.017508,-4.144768,0.450743,-0.272406,-1.004707,-1.017772,1.737511,0.310278,-1.158576,-4.840769,-0.241119,0.246910,-3.032204,0.924725,-0.722831,1.491470
5031,37.660000,4.164160,-4.393708,0.737006,0.244419,-0.807597,-0.879927,1.490954,0.617461,-1.121727,-4.798363,-0.287902,0.129996,-2.120800,0.604636,-0.333173,2.590862
5032,37.680000,4.044032,-4.438758,0.677269,0.171985,-0.824023,-0.669205,1.305102,0.791067,-0.998405,-4.228089,-0.297157,0.041206,-1.235681,0.178597,-0.043942,3.490542
5033,37.700000,3.431345,-4.263497,-0.054175,-0.335985,-0.590610,-0.642776,0.113825,0.872362,-0.660660,-2.136684,-0.442194,-0.367939,-0.271662,0.075322,0.352647,4.196972
5034,37.720000,2.473569,-3.304963,-0.900396,-2.441303,-0.213558,-0.040480,-0.931572,0.536779,0.635087,1.226236,-0.412480,-0.884403,0.886708,0.304367,-0.424960,4.530573
5035,37.740000,1.011484,-2.011156,-1.959496,-4.307833,0.214331,0.842417,-1.693846,0.136098,1.944591,4.833277,-0.170663,-1.174860,1.583215,0.622968,-1.635313,4.033433
5036,37.760000,0.182170,-1.203175,-1.819871,-4.228059,0.228211,1.779371,-1.570561,-0.100004,2.073689,6.129285,-0.016639,-0.973882,0.830094,0.811425,-2.148915,2.820086
5037,37.780000,0.355865,-0.578565,-0.414236,-3.871543,-0.061608,2.135954,-1.548727,-0.518436,2.045433,6.133883,-0.289411,-1.210811,-0.376429,0.731122,-2.433483,1.260085
5038,37.800000,2.195594,-0.989406,1.448372,-3.454273,-0.369937,1.458156,-1.635064,-1.041493,1.579814,4.247424,-0.731730,-1.067583,-1.164965,0.532658,-2.999130,-0.188212
5039,37.820000,3.264719,-1.013133,2.692959,-2.951588,-0.436282,0.782347,-0.913341,-1.289560,1.106097,2.121201,-0.916757,-0.857542,-2.070281,0.499312,-3.882260,-1.419408
5040,37.840000,3.610370,-1.244914,2.953643,-2.387866,-0.455461,0.221988,0.143303,-1.517169,0.102681,0.533449,-0.818372,-0.596995,-3.506549,0.375004,-4.142824,-2.179429
5041,37.860000,3.936479,-2.084536,2.406624,-1.484299,-0.540451,-0.206440,1.056297,-1.433202,-0.983175,-1.075887,-0.647433,-0.178115,-4.840473,0.289515,-3.349037,-2.326618
5042,37.880000,3.854262,-3.054021,1.588912,-0.275020,-0.797352,-0.439905,1.625745,-0.936402,-1.583251,-2.859882,-0.617127,-0.054034,-5.596888,0.232215,-2.004133,-1.869586
5043,37.900000,3.838602,-3.902188,0.863415,0.038730,-1.033578,-0.654869,1.593697,-0.298481,-1.469862,-3.839386,-0.489280,-0.036394,-4.718629,0.510035,-1.206343,-0.462747
5044,37.920000,3.793145,-4.083650,0.251548,-0.132516,-1.096676,-1.122354,1.489518,0.281570,-1.231222,-4.001055,-0.362648,0.114048,-2.712119,1.102965,-0.329815,1.633490
5045,37.940000,3.662271,-4.195168,-0.104873,-0.084357,-0.827270,-1.147555,1.310290,0.643868,-1.028082,-3.903485,-0.490691,-0.010961,-1.181497,0.978695,0.423125,3.277761
5046,37.960000,3.517692,-4.207473,0.043996,-0.226332,-0.483922,-0.779666,1.206649,0.707515,-0.660437,-3.369780,-0.384134,-0.038284,-0.174009,0.460851,0.501851,4.169956
5047,37.980000,3.015640,-3.863636,-0.096521,-0.975313,-0.233110,-0.132325,0.569587,0.553948,-0.008553,-1.733489,-0.329975,-0.180147,0.566159,0.139240,-0.052995,4.502683
5048,38.000000,2.065390,-2.997557,-1.319451,-3.133223,-0.147985,0.800175,-0.468872,0.315568,1.270731,1.652184,-0.457568,-0.878690,1.146135,0.163906,-0.897688,4.447708
5049,38.020000,1.029013,-1.729105,-2.029295,-4.969945,0.280005,1.487329,-1.338185,0.035936,2.754478,4.882049,-0.094191,-1.007732,1.427175,0.564617,-1.978830,3.883685
5050,38.040000,0.631118,-1.158184,-1.725954,-4.762538,0.401536,1.671702,-1.448802,-0.089461,2.823237,5.971421,0.026014,-0.885502,0.998850,1.062158,-1.938097,2.904715
5051,38.060000,1.208331,-0.608409,-0.040455,-4.512146,0.124715,1.643765,-1.523173,-0.469013,3.087854,5.624865,-0.387085,-1.052352,0.121818,0.976500,-2.061410,1.697580
5052,38.080000,2.544295,-0.708271,1.692884,-3.995586,-0.111684,0.973016,-1.515819,-1.070676,2.654850,3.766818,-0.734610,-1.058678,-0.705507,0.829102,-2.845772,0.252575
5053,38.100000,3.097137,-0.571569,2.724275,-3.356194,-0.211070,0.546170,-0.685001,-1.443941,2.125346,1.874209,-0.714779,-0.789376,-1.705222,0.888820,-3.889432,-0.848662
5054,38.120000,3.174769,-0.824526,3.002325,-2.385977,-0.196227,0.343452,0.107596,-1.736900,0.994373,0.464667,-0.616884,-0.521678,-3.166661,1.030379,-4.084103,-1.746888
5055,38.140000,3.345002,-1.844729,2.422171,-0.804767,-0.296154,0.232719,1.232946,-1.712193,-0.591353,-1.619810,-0.527363,0.027935,-4.525691,1.029201,-3.027729,-2.099184
5056,38.160000,3.606356,-3.149054,1.368349,0.884154,-0.610963,0.324148,1.955803,-1.162345,-1.485909,-4.254942,-0.500710,0.182231,-5.268218,1.048309,-1.488158,-1.533152
5057,38.180000,3.751847,-4.081923,0.715046,1.278785,-0.678055,0.568973,1.846828,-0.430999,-1.411426,-5.978112,-0.241210,0.214532,-4.587576,1.298892,-0.760494,-0.276656
5058,38.200000,3.976578,-4.329976,0.443441,1.498625,-0.631089,0.492304,1.333202,0.366160,-1.343628,-6.512284,-0.083592,0.289026,-2.943494,1.612888,0.039195,1.529830
5059,38.220000,3.929451,-4.829747,-0.054260,1.387190,-0.449395,0.526140,0.786101,0.803110,-1.479169,-6.130504,-0.232936,0.050436,-1.470026,1.117456,0.694941,2.864441
5060,38.240000,3.581372,-4.779338,-0.188799,0.976871,-0.331416,0.479165,0.832086,0.907435,-1.311066,-4.616155,-0.760983,-0.379052,-0.605233,0.492253,0.826664,4.313774
5061,38.260000,2.779213,-4.670199,-0.428985,0.326144,0.173557,0.594705,-0.194902,0.872730,-0.555278,-1.683009,-0.889219,-0.783739,0.559293,0.211805,0.798610,5.403601
5062,38.280000,1.372635,-3.519699,-2.207536,-2.412323,0.831628,1.304933,-2.079421,0.725913,1.512643,3.888588,-1.101391,-1.864872,2.636364,0.610511,0.074917,6.109684
5063,38.300000,-0.332411,-2.092720,-3.162209,-3.580887,1.217384,1.841210,-2.240933,0.586552,2.460474,7.023313,-0.454850,-1.729269,3.532248,1.591938,-0.557367,5.930753
5064,38.320000,-1.120839,-0.912679,-2.392586,-3.610325,1.248522,2.437807,-2.066036,0.273358,2.843164,7.894035,-0.245059,-1.207242,2.314736,2.174169,-1.166547,4.285172
5065,38.340000,-0.843529,-0.211883,-1.376352,-3.837769,0.934059,2.752761,-2.396490,-0.313211,3.332974,7.589872,-0.336436,-1.385089,0.763917,1.663382,-2.210386,2.107552
5066,38.360000,0.323547,-0.168711,-0.083728,-3.388559,0.645800,2.282065,-2.836971,-0.798675,3.207406,5.900100,-0.451982,-1.254456,-0.320339,1.044517,-3.083536,0.551245
5067,38.380000,2.272766,-0.185657,1.551124,-2.791181,0.401844,1.528015,-3.037682,-1.254136,2.755839,3.814286,-0.743033,-0.995194,-1.537369,0.608920,-3.575531,-0.462987
5068,38.400000,2.989851,-0.178524,2.016578,-2.294067,0.096111,0.737415,-2.097030,-1.634934,1.552151,2.623260,-0.690847,-0.902407,-2.878692,0.245126,-3.676270,-1.240072
5069,38.420000,2.936389,-0.388006,1.414466,-1.811409,0.414233,1.017897,-1.862551,-1.639575,1.006880,2.140748,-0.658162,-0.854136,-3.262700,0.570058,-2.958591,-1.240679
5070,38.440000,2.366595,-0.939661,0.961906,-1.100845,0.585791,1.879717,-2.004461,-1.536765,0.423358,2.490651,-0.696724,-0.967868,-3.445361,0.885110,-2.007812,-1.112305
5071,38.460000,1.760316,-1.480926,0.371559,-0.457922,0.797176,2.258144,-2.136097,-1.226452,-0.085769,2.997952,-0.680604,-0.945092,-3.180655,0.873390,-1.450498,-0.702170
5072,38.480000,1.160956,-1.362548,0.000486,-0.339806,0.804093,2.583256,-2.281391,-0.985151,-0.016590,3.717825,-0.788254,-1.134091,-2.602461,0.804559,-1.278774,-0.131493
5073,38.500000,0.631550,-1.690969,-0.295234,-0.269500,0.900654,2.621714,-2.333888,-0.781897,0.046895,4.123205,-0.730047,-1.124719,-2.113962,0.550828,-1.403128,0.105809
5074,38.520000,0.499813,-1.761372,-0.321800,-0.442035,0.951393,2.733047,-2.504876,-0.776999,0.272836,4.410420,-0.820582,-1.130413,-1.785993,0.474833,-1.584731,0.388759
5075,38.540000,0.638478,-1.785727,-0.180004,-0.666412,0.947731,2.751264,-2.600139,-0.858499,0.405533,4.477754,-0.831060,-1.064817,-1.611161,0.449082,-1.647162,0.438816
5076,38.560000,0.934107,-1.900625,-0.127744,-0.784945,0.960343,2.631235,-2.556143,-0.907609,0.406500,4.297356,-0.814177,-0.956868,-1.439160,0.399015,-1.548582,0.473155
5077,38.580000,1.267821,-1.953597,-0.021069,-0.965622,0.879254,2.516920,-2.419935,-0.981680,0.409431,3.959778,-0.796167,-0.879734,-1.434496,0.329881,-1.435878,0.411172
5078,38.600000,1.504226,-2.021956,0.028227,-1.068755,0.853136,2.433863,-2.259746,-1.007336,0.352336,3.619463,-0.750711,-0.814652,-1.420306,0.333382,-1.276814,0.377428
5079,38.620000,1.707182,-2.083268,0.067582,-1.153725,0.774928,2.327069,-2.134197,-1.043565,0.273868,3.326740,-0.718778,-0.746675,-1.527375,0.261765,-1.230162,0.325508
5080,38.640000,1.815860,-2.158914,0.016111,-1.164292,0.731353,2.299275,-2.053414,-1.015602,0.185993,3.127806,-0.720634,-0.746502,-1.574987,0.198539,-1.171167,0.308678
5081,38.660000,1.847550,-2.263676,-0.062541,-1.163530,0.687370,2.275967,-1.966013,-0.964618,0.063289,2.967303,-0.712051,-0.742461,-1.563740,0.129292,-1.061579,0.345706
5082,38.680000,1.810887,-2.347373,-0.139097,-1.125972,0.644174,2.247483,-1.909344,-0.914272,-0.078139,2.843411,-0.718836,-0.742324,-1.559645,0.138896,-0.879433,0.435599
5083,38.700000,1.835368,-2.425188,-0.192712,-1.122952,0.600790,2.171315,-1.860820,-0.853280,-0.140296,2.675387,-0.743115,-0.720612,-1.520024,0.108787,-0.818973,0.505521
5084,38.720000,1.930712,-2.510418,-0.149593,-1.216014,0.527541,2.060837,-1.824112,-0.814678,-0.132351,2.522330,-0.764966,-0.671787,-1.477832,0.085112,-0.858611,0.607086
5085,38.740000,1.958457,-2.588604,-0.213260,-1.233369,0.508839,2.023356,-1.705768,-0.755024,-0.234224,2.385332,-0.740884,-0.680036,-1.378070,0.093144,-0.769819,0.650759
5086,38.760000,2.028267,-2.658894,-0.279899,-1.263625,0.473880,1.905470,-1.626299,-0.739264,-0.306996,2.213749,-0.735523,-0.653973,-1.401311,0.041370,-0.685927,0.692064
5087,38.780000,2.211164,-2.720279,-0.267751,-1.324193,0.394737,1.815893,-1.582793,-0.728605,-0.322493,2.058629,-0.726370,-0.579196,-1.463296,-0.090810,-0.792588,0.678051
5088,38.800000,2.349869,-2.787723,-0.369168,-1.305711,0.331405,1.799607,-1.545972,-0.655260,-0.507835,1.957503,-0.769243,-0.646190,-1.520135,-0.271020,-0.695858,0.550958
5089,38.820000,2.631324,-2.979468,-0.545404,-1.304200,0.141730,1.623093,-1.457315,-0.528026,-0.762783,1.757387,-0.741765,-0.597140,-1.585375,-0.712247,-0.542978,0.388305
5090,38.840000,3.163688,-3.138913,-0.742512,-1.424414,-0.104971,1.284015,-1.404104,-0.335183,-1.029889,1.486883,-0.696309,-0.540425,-1.575398,-1.232694,-0.285438,0.229510
5091,38.860000,4.022398,-3.258083,-0.836493,-1.831057,-0.339512,0.556106,-1.291986,-0.101467,-1.230840,1.024278,-0.484569,-0.354073,-1.206666,-1.526610,0.265265,0.317198
5092,38.880000,5.081246,-3.225385,-1.014839,-2.435426,-0.376189,-0.578106,-1.163815,0.193219,-1.341231,0.371573,-0.265256,-0.228721,-0.840747,-1.583827,0.948379,0.476945
5093,38.900000,6.222381,-2.999139,-0.972656,-3.448555,-0.338183,-2.011211,-1.024045,0.407526,-1.179401,-0.211179,0.000359,-0.130528,-0.324904,-1.660165,1.588814,1.045118
5094,38.920000,6.603086,-2.559432,-1.107698,-3.577017,-0.269708,-2.223625,-1.114068,0.674859,-0.743532,-0.666404,-0.156032,-0.141436,0.016893,-2.210856,1.821771,1.456216
5095,38.940000,5.631209,-1.850117,-1.605481,-2.870661,-0.361157,-1.308422,-1.287801,0.754189,-0.424143,-0.573895,-0.553777,-0.278527,0.034613,-3.020396,1.382588,1.286267
5096,38.960000,4.349822,-1.194328,-1.827227,-2.649851,-0.946501,-0.540082,-0.939424,0.449395,-0.537868,-0.120771,-0.614998,-0.650400,0.251746,-3.359230,0.602893,1.020656
5097,38.980000,2.755692,-0.861452,-1.759027,-1.664533,-1.535020,1.134039,0.563944,0.029415,-0.509898,-0.477284,0.035183,-0.650333,0.380505,-3.447205,-0.430423,0.637068
5098,39.000000,0.163117,-0.541614,-1.681321,-0.040056,-2.097855,3.080976,2.656350,-0.282506,-0.343703,-0.736507,0.714361,-0.749597,0.567754,-3.495145,-1.682784,0.274083
5099,39.020000,-3.197044,0.191079,-1.645665,1.093159,-2.206285,3.932354,4.386904,-0.543837,-0.106792,-0.283780,0.988343,-0.991658,-0.132751,-3.449026,-2.910765,-0.533187
5100,39.040000,-5.232173,1.312670,-1.203223,1.778044,-2.586811,4.093111,5.428757,-0.597893,0.114570,0.103612,0.706951,-1.465365,-0.853033,-3.386360,-3.540718,-1.648995
5101,39.060000,-5.249709,1.767879,-0.776676,0.990801,-2.850149,3.269659,5.772759,-0.488647,0.035436,0.089760,0.419062,-1.597638,-1.141005,-3.156297,-2.932569,-2.584765
5102,39.080000,-4.481991,1.353800,-0.459051,0.228197,-2.610178,3.030793,4.880818,-0.360938,-0.333042,0.020212,0.329525,-1.426738,-1.330830,-2.791884,-2.026325,-2.763668
5103,39.100000,-1.722511,0.090187,-0.127749,-0.291473,-2.078584,3.579293,2.836487,-0.108390,-0.693693,-0.617334,0.157144,-0.838795,-1.362825,-2.342569,-1.489527,-1.980435
5104,39.120000,1.844863,-0.703671,0.230859,-1.315481,-1.681584,3.222479,0.602570,0.197190,-1.030625,-0.967159,0.017080,-0.405902,-1.178711,-1.598680,-1.093149,-0.985893
5105,39.140000,4.824159,-0.879091,0.146853,-2.710282,-0.652556,1.720423,-0.451240,0.349576,-1.056787,-0.922947,0.117456,-0.035789,-0.519626,-0.594935,-0.955486,0.090754
5106,39.160000,7.331348,-1.232641,0.564058,-3.652710,0.082698,-0.577696,-1.886228,0.127168,-1.387435,-0.673941,0.343889,1.157245,-0.694053,0.251705,0.249765,0.852899
5107,39.180000,8.749546,-0.935053,0.303581,-3.924395,0.247146,-1.776737,-3.637725,0.207883,-1.438283,0.592984,0.285497,3.091625,-0.898899,0.459403,1.702700,0.618496
5108,39.200000,8.939994,-0.463366,0.124960,-3.689086,0.232213,-2.059553,-4.787987,0.495803,-1.254225,1.633476,0.369953,4.032126,0.042249,0.183409,2.825503,0.177619
5109,39.220000,7.983087,0.054400,-0.206798,-3.609142,0.221009,-1.489344,-4.823907,0.355346,-0.883275,1.912122,0.228903,3.267037,1.377167,0.299952,3.392982,-0.102769
5110,39.240000,7.134897,0.558027,-0.602034,-4.292373,0.241696,-1.094226,-3.851976,0.065898,-0.610995,2.048619,0.190182,2.916082,2.380811,-0.053134,3.169414,-0.677017
5111,39.260000,6.515090,0.493837,-0.669907,-4.498726,0.130549,-0.943224,-2.212689,-0.279491,-0.710115,1.202679,0.198721,2.328669,2.691969,-0.697044,2.639515,-1.156141
5112,39.280000,5.308629,0.376498,-0.923858,-3.983622,-0.124950,0.042917,-0.468565,-0.507373,-0.583580,0.091453,-0.054590,1.516808,2.009504,-1.720133,1.911410,-1.618201
5113,39.300000,3.906029,0.188216,-0.862853,-2.679439,-0.832047,1.114265,1.608998,-0.656488,-0.471917,-1.621433,-0.208660,0.073712,0.467314,-2.598061,0.786656,-1.842211
5114,39.320000,0.647670,0.471332,-1.406716,-0.945781,-1.923177,2.663379,4.707778,-0.744478,-0.083610,-2.406861,-0.082652,-1.677605,-1.270425,-3.276868,-0.580326,-1.412961
5115,39.340000,-4.126123,1.026397,-1.742584,1.584682,-2.517225,3.624693,6.732310,-0.789477,0.529870,-1.625537,0.819448,-1.911484,-2.473996,-3.667806,-1.912150,-1.358708
5116,39.360000,-5.446790,0.897200,-1.136831,2.293848,-2.565323,2.891764,5.604625,-1.199186,0.755506,-1.064238,1.139740,-1.544628,-2.553099,-2.809814,-2.651072,-1.855594
5117,39.380000,-4.699764,0.046032,-0.737748,2.077479,-1.484417,1.068370,3.492672,-1.448329,0.761778,-1.592723,1.152204,-1.371748,-1.299930,-1.139168,-2.824360,-1.690315
5118,39.400000,-3.636240,0.422769,-0.532678,0.728571,-0.807355,3.164742,3.351871,-0.654671,0.451763,-0.917198,0.152252,-1.184163,-0.798234,-1.165412,-1.414980,-1.261209
5119,39.420000,-1.201451,0.139057,-0.012343,-0.720777,-0.803610,3.403744,1.975983,-0.179508,-0.180309,-0.310248,-0.503902,-0.640755,-0.384302,-1.574916,-0.126616,-0.728602
5120,39.440000,1.628431,-0.063409,0.534651,-1.875141,-0.559931,0.900506,0.053582,-0.094510,-0.625787,0.544046,-0.302782,0.782941,-0.307173,-1.286027,-0.023898,-0.284105
5121,39.460000,4.243320,-0.224809,0.451811,-3.198626,-0.430563,-0.851133,-1.838797,0.364816,-0.456065,1.942101,-0.546741,0.876572,-0.232022,-1.227550,-0.103697,-0.425884
5122,39.480000,6.712977,-1.017250,0.751149,-1.878947,0.130020,-1.056697,-4.061917,0.237224,-1.240475,1.593088,-0.028149,1.931431,-1.432523,-1.923476,1.030541,-1.035616
5123,39.500000,6.447614,-0.970400,0.771148,-0.840309,0.100497,-0.754774,-5.092174,0.633327,-1.175669,1.355660,-0.362888,1.574733,-1.614707,-2.376538,1.699822,-1.518033
5124,39.520000,4.061046,-0.541228,0.830950,-0.892237,-0.140504,-0.367770,-3.764165,0.719215,-0.549013,0.663585,-0.816184,0.594923,-0.915271,-2.366394,1.364318,-1.713818
5125,39.540000,1.823413,-0.208251,1.082559,-1.242719,-0.333548,-0.182358,-0.452705,-0.132118,-0.028663,-1.167775,-0.568282,-0.238570,-0.782336,-2.115123,0.218743,-1.352268
5126,39.560000,0.766560,-0.207718,1.004504,-0.505909,-0.348320,0.323180,1.296911,-0.666197,0.178232,-2.331115,-0.291057,-0.088056,-2.116836,-2.348099,-2.059612,-1.861632
5127,39.580000,0.404792,-0.691698,0.247345,0.834272,-0.207634,0.331478,1.250516,-0.731466,-0.015111,-2.959381,-0.314808,-0.013032,-3.919674,-3.043884,-3.636997,-3.095868
5128,39.600000,0.089633,-0.965332,1.890789,1.230786,-0.505419,-0.072341,0.552127,-0.669810,0.044082,-2.902416,-0.526521,-0.500341,-5.350978,-3.200638,-3.740969,-3.354672
5129,39.620000,-0.089806,-1.862423,2.592849,1.499062,-0.439469,-0.379554,-0.121263,-0.258744,-0.537016,-2.690013,-0.650820,-0.574453,-5.581541,-3.704135,-3.223975,-3.292087
5130,39.640000,-0.283699,-1.866200,1.724048,1.698851,-0.292272,-0.160578,-0.219056,0.013939,-0.641250,-2.411156,-0.695038,-0.484197,-4.712132,-4.014811,-2.886682,-2.624630
5131,39.660000,-0.147667,-1.982950,1.316388,2.148440,0.090510,-0.168895,-0.566435,0.012924,-0.767682,-2.519709,-0.631845,-0.396758,-4.339039,-3.965647,-2.540998,-2.464931
5132,39.680000,-0.322416,-1.609773,0.704896,1.875542,-0.142699,-0.097269,-0.538958,0.118947,-0.576966,-1.801264,-0.544581,-0.384450,-3.974701,-3.972265,-2.435730,-2.229747
5133,39.700000,-0.252320,-1.245640,0.394760,1.278182,-0.048812,0.213373,-0.552873,0.176057,-0.274072,-0.939203,-0.398448,-0.397513,-3.437231,-3.771307,-2.657256,-1.796743
5134,39.720000,-0.325649,-1.041701,0.004315,0.430761,0.159231,0.432633,-0.790057,0.097592,0.168813,0.170020,-0.200778,-0.435024,-2.949283,-3.443525,-3.076506,-1.632157
5135,39.740000,-0.221023,-0.771617,-0.169714,-0.421602,0.203682,0.598214,-0.932566,0.048414,0.514210,1.037061,-0.166634,-0.457603,-2.571054,-3.049697,-3.226123,-1.368243
5136,39.760000,0.031215,-0.369776,0.361435,-1.611583,-0.087204,0.730872,-0.774361,0.025235,1.033956,1.767188,-0.111279,-0.535486,-2.275774,-2.767309,-2.854912,-1.156968
5137,39.780000,0.224367,-0.116011,0.588338,-2.247776,-0.139779,0.562884,-0.714464,-0.022843,1.388998,2.053083,-0.024056,-0.494563,-1.936519,-2.457687,-2.442408,-1.026612
5138,39.800000,-0.022830,-0.124953,0.864557,-2.115980,-0.027953,0.300090,-0.629580,-0.101508,1.275508,1.766068,0.021377,-0.327002,-1.766894,-2.326431,-2.061749,-1.120925
5139,39.820000,-0.858814,0.022855,2.143238,-1.966718,-0.215680,-0.071436,-0.178414,-0.033003,1.115490,1.087024,-0.196306,-0.451711,-1.644011,-2.666344,-1.591296,-1.557274
5140,39.840000,-1.552622,-0.052563,2.740164,-0.968023,-0.319629,-0.387662,0.327502,0.081397,0.384966,-0.257517,-0.151831,0.004713,-1.622022,-3.440724,-1.139447,-2.540160
5141,39.860000,-2.374652,-0.169923,3.154916,2.086956,-0.220934,-0.751684,0.296120,0.447445,-0.307423,-2.470941,-0.424522,0.602949,-1.481243,-4.164255,-0.573813,-3.962617
5142,39.880000,-2.898549,-0.013920,3.271392,4.681735,0.102017,-0.814349,-0.056366,0.653510,-0.256811,-4.258524,-0.742585,1.027485,-1.055614,-4.614594,0.078529,-5.786751
5143,39.900000,-2.628677,-0.012502,2.455106,5.442190,0.257620,-0.701957,-0.134397,0.948615,-0.176130,-4.515071,-0.622521,1.094123,-0.799190,-5.064061,0.256609,-6.657387
5144,39.920000,-1.958627,-0.217147,1.879972,4.729563,0.533959,-0.407780,0.182059,0.991893,-0.225883,-4.098097,-0.464560,0.807772,-1.290806,-5.216129,0.155771,-6.326490
5145,39.940000,-0.443239,-0.310871,0.996767,2.707184,0.585578,0.347909,0.764893,0.939303,-0.028394,-3.195554,-0.415645,0.610794,-2.559303,-5.084641,-0.661491,-5.368514
5146,39.960000,2.200667,-0.193275,-0.221803,-0.921330,0.207304,1.624786,1.249813,0.437161,0.401474,-1.836395,-0.611730,0.159068,-3.244586,-4.703107,-1.586348,-4.459786
5147,39.980000,3.902673,-0.134357,-0.658562,-3.293646,-0.054657,2.153385,0.930089,0.034056,0.773402,-0.966773,-0.444493,-0.096081,-3.624477,-4.052450,-2.380134,-3.502537
5148,40.000000,4.095838,-0.314606,-0.743372,-3.686069,-0.010593,1.585106,-0.108922,-0.059588,0.727881,-0.183585,0.251946,0.109058,-3.619610,-3.071799,-2.827969,-2.066983
5149,40.020000,2.781791,-0.108891,-0.837980,-4.040212,-0.462166,1.470809,0.585259,0.255550,1.049671,1.238387,0.210422,-0.118514,-3.464677,-4.073099,-2.635060,-1.500091
5150,40.040000,1.964418,-0.303137,-0.872416,-4.299218,-0.940127,1.401647,1.502475,0.345038,0.653654,1.556579,0.114607,-0.267693,-3.123931,-5.426039,-2.090407,-2.048872
5151,40.060000,1.634597,-0.207928,-0.613351,-3.715923,-0.979746,1.638522,1.726927,0.113918,0.176864,1.142261,0.172482,-0.202052,-2.978663,-5.862266,-1.748790,-2.704519
5152,40.080000,0.461630,-0.065669,0.261624,-2.440640,-1.056725,0.938699,1.838153,0.077757,-0.167543,0.616011,0.162487,-0.074507,-2.655300,-6.060441,-1.827621,-3.197536
5153,40.100000,-0.357740,-0.447013,0.851060,-0.817430,-0.889109,0.972633,1.401832,0.099472,-0.778209,-0.018061,-0.000389,0.245890,-2.313123,-6.043235,-1.876426,-3.466943
5154,40.120000,-1.056552,-0.319420,1.192054,1.286315,-0.697639,0.557917,0.731223,0.372250,-0.817115,-1.012275,-0.267440,0.669341,-1.929531,-5.288086,-1.593616,-3.955276
5155,40.140000,-1.273887,-0.249002,1.349078,3.124703,-0.338320,-0.289377,-0.332207,0.498966,-0.836887,-2.055002,-0.116067,1.048857,-2.147957,-4.732891,-0.967710,-4.626963
5156,40.160000,-1.114450,-0.170479,1.211196,3.929302,-0.077988,-0.596500,-0.803090,0.635622,-0.662152,-2.678035,-0.035421,1.168033,-2.289162,-4.638373,-0.531298,-5.068514
5157,40.180000,-0.590599,-0.224937,0.987621,3.665361,0.171009,-0.311089,-0.790822,0.703913,-0.606108,-2.707469,-0.038098,1.147616,-2.302805,-4.773614,-0.538377,-5.161169
5158,40.200000,0.383218,-0.273904,0.557907,2.183047,0.202057,0.460978,-0.311879,0.679623,-0.397050,-2.276120,-0.112598,1.040623,-2.652400,-4.727304,-0.969509,-4.935270
5159,40.220000,1.685827,-0.181475,-0.170078,-0.126321,0.061982,1.666358,0.307245,0.612446,0.048663,-1.180843,-0.167375,1.086927,-2.885223,-4.470601,-1.577148,-4.433554
5160,40.240000,2.341738,-0.150152,-0.705708,-2.018110,-0.292321,2.372807,0.825806,0.522854,0.410988,-0.068971,-0.276335,0.954775,-2.743357,-4.185658,-1.844973,-4.054626
5161,40.260000,2.117087,-0.186758,-0.728949,-2.910921,-0.485015,1.411868,1.020506,0.505920,0.579989,0.307039,-0.151648,0.643651,-2.673987,-4.079875,-1.986919,-3.602219
5162,40.280000,1.612428,-0.037733,-0.635415,-3.343282,-0.828565,0.590272,1.364824,0.520408,0.631259,0.761713,-0.122180,0.275084,-2.442197,-4.543740,-1.847276,-3.355370
5163,40.300000,0.847243,0.010321,-0.303636,-3.138269,-0.894089,-0.067179,1.491354,0.574940,0.705952,0.939756,-0.025701,0.000605,-2.178549,-5.017540,-1.532069,-3.277580
5164,40.320000,0.137217,-0.099329,0.477389,-2.559262,-0.732836,-0.269267,1.379114,0.557734,0.586251,0.575047,-0.020187,-0.100970,-1.946668,-5.307274,-1.157240,-3.231077
5165,40.340000,-0.652986,-0.382180,1.773962,-0.655934,-0.316620,-0.549189,0.592973,0.524853,-0.001398,-0.806928,-0.048857,0.267545,-1.516596,-5.265556,-0.721583,-3.450470
5166,40.360000,-1.931502,-0.147070,3.323903,3.796516,0.017351,-1.221721,-0.929367,0.732457,-0.539116,-3.059655,-0.335758,0.715269,-1.002356,-4.817502,-0.334362,-4.404771
5167,40.380000,-1.929663,-0.088138,3.024512,6.125440,0.146932,-1.454664,-1.287732,0.612116,-0.598710,-5.186512,-0.235014,1.070709,-1.220287,-4.811138,-0.179896,-5.069205
5168,40.400000,-1.158320,-0.274434,2.092529,5.610857,0.239673,-1.111659,-0.849688,0.754484,-0.343057,-5.641019,0.069149,0.858158,-1.878537,-4.745814,-0.600261,-4.890706
5169,40.420000,-0.060399,-0.665961,2.250280,4.068718,0.359482,-0.770880,-0.169342,0.891796,-0.286302,-6.042952,0.212609,0.717251,-3.153992,-4.463984,-1.316173,-4.653207
5170,40.440000,2.084890,-0.649954,0.955003,0.939202,0.333457,0.574745,0.722936,0.927457,0.314070,-4.821009,0.007471,0.523160,-3.793221,-3.963738,-2.041001,-4.115308
5171,40.460000,4.370414,-0.090751,-0.708593,-3.141138,0.053831,1.938556,1.355422,0.784295,1.206935,-2.463493,-0.411430,0.294004,-3.067082,-3.061556,-2.378992,-3.601251
5172,40.480000,4.993203,0.196591,-0.808389,-5.183837,-0.074375,1.488038,0.359268,0.723012,2.412918,-0.674429,-0.166958,0.320876,-2.139539,-2.040443,-2.664276,-2.637434
5173,40.500000,3.712909,0.272613,-1.052750,-5.029408,0.140050,1.149178,-0.671138,0.761330,2.913151,1.389479,0.542360,0.082751,-1.905998,-1.601200,-3.250422,-1.114832
5174,40.520000,2.209671,0.463396,-1.182658,-5.414108,0.372260,1.630086,-1.030862,0.557034,4.292767,3.541687,1.003697,-0.668454,-2.175010,-1.572562,-3.900554,0.278207
5175,40.540000,1.430349,0.451463,-1.082549,-5.112575,0.546699,1.640933,-1.201665,0.137721,4.336123,4.413863,1.038330,-1.072995,-2.198964,-1.016461,-3.383471,0.456731
5176,40.560000,0.674504,0.571337,-0.575148,-3.678193,0.777115,1.646703,-1.317042,-0.232710,4.024447,4.255892,0.407945,-1.154139,-2.042724,0.046039,-2.658293,0.734204
5177,40.580000,0.445137,1.038131,0.368342,-3.149828,0.987137,1.637747,-0.651636,-0.406765,4.218846,2.354821,-0.136353,-0.764397,-0.827374,1.074491,-1.582724,1.036691
5178,40.600000,0.282124,0.885876,0.448534,-2.151303,0.891437,0.822510,0.226765,-0.268715,3.425403,-0.167747,-0.432466,-0.264351,0.014745,1.526358,-0.439934,1.308217
5179,40.620000,0.312458,0.626183,-0.098543,0.878361,0.443203,0.224274,2.177682,-0.080481,1.063377,-4.627157,-0.546307,0.925294,0.209320,2.031384,1.184507,1.707342
5180,40.640000,-0.493843,-0.087700,-0.372581,2.184743,0.430888,-0.094417,3.871363,0.076281,0.189038,-6.848582,0.493923,2.979155,1.220048,2.101207,1.767971,0.722108
5181,40.660000,-0.826025,0.167512,-0.373512,2.867431,0.519010,-0.216315,3.771084,0.351487,-0.292170,-5.760513,1.265738,3.835078,2.072608,1.367281,2.638604,-0.505663
5182,40.680000,-0.864054,0.802140,0.115586,3.658520,0.403115,-0.111942,3.336348,1.132151,-0.208782,-5.216281,1.520861,4.147312,2.466627,-0.103903,4.187567,-0.521909
5183,40.700000,-1.030687,0.687384,0.182623,3.085192,0.322250,0.085428,2.367532,1.436123,0.416349,-3.283458,1.632305,4.018355,2.832653,-1.530360,4.926350,-0.037508
5184,40.720000,-1.016203,0.725198,-0.175780,1.453080,0.483028,0.041997,1.308032,1.988345,2.068859,-1.067403,1.632668,4.384950,2.976716,-1.820225,4.283758,0.257495
5185,40.740000,-0.858166,0.518280,-0.537529,-0.711868,0.852071,0.166943,0.285212,1.982356,3.003905,1.174679,1.714171,3.799724,2.337748,-1.615335,2.396879,0.362444
5186,40.760000,-0.802867,0.060278,-0.996205,-1.634486,1.075055,0.679152,-0.319041,1.735875,2.805329,2.456735,1.395950,2.878681,1.118483,-1.528911,1.045530,-0.247256
5187,40.780000,-1.130897,-0.165004,-1.278872,-2.136453,0.952298,1.150910,-0.708194,1.395285,2.864956,3.353143,1.444071,1.655965,0.054141,-1.139683,0.399640,-0.625423
5188,40.800000,-1.475246,-0.116253,-1.171573,-2.402617,0.731611,1.674323,-1.048211,0.785765,2.590837,4.013598,1.220522,0.571935,-0.427735,-0.516372,0.212556,-0.859998
5189,40.820000,-1.830820,0.115210,-0.940140,-1.849958,0.580476,1.726691,-0.743853,0.466866,2.270378,3.629549,0.827711,0.103431,-0.200651,0.177941,0.246189,-0.937882
5190,40.840000,-2.311435,0.253440,-0.768573,-0.821452,0.596440,1.472449,-0.475641,0.426134,1.911076,2.750162,0.709791,0.440854,0.432627,0.528960,0.171666,-1.123646
5191,40.860000,-2.602078,0.247026,-0.623193,0.199585,0.624029,1.036356,-0.360036,0.473899,1.447186,1.551998,0.661664,1.113400,1.054698,0.652242,0.341524,-1.346102
5192,40.880000,-2.297658,0.024817,-0.453142,1.179056,0.645500,0.537239,-0.347343,0.620580,1.123564,-0.109597,0.660441,1.850026,1.374757,0.565264,0.830538,-1.549032
5193,40.900000,-1.587177,-0.277992,-0.221504,2.197438,0.575310,0.028201,-0.243848,0.832582,0.742086,-2.065951,0.729798,2.497166,1.518578,0.299879,1.656020,-1.620685
5194,40.920000,-0.941881,-0.201457,0.058389,3.057881,0.350687,-0.288145,-0.134023,0.956403,0.346251,-3.397732,0.752030,2.710630,1.933960,-0.321125,2.526345,-1.401195
5195,40.940000,-0.409544,0.244626,0.372583,3.243682,0.202311,-0.312643,-0.215805,0.931909,0.172611,-3.533526,0.845439,2.697886,2.712072,-0.810484,2.711137,-0.714555
5196,40.960000,-0.168979,0.481324,0.429277,2.564857,0.141843,-0.053137,-0.080310,1.026158,0.243391,-2.708333,0.980489,2.662432,2.961092,-0.877899,2.378627,0.373189
5197,40.980000,-0.339290,0.534237,0.284000,1.398623,0.268896,0.572877,0.010146,0.728287,0.300645,-1.211718,0.917719,2.159333,2.660862,-0.600452,1.657376,1.132175
5198,41.000000,-0.581639,0.638958,0.041543,0.031911,0.588639,1.204984,0.127892,0.448775,0.730631,0.127646,0.769867,1.508925,1.684115,-0.158324,0.776819,1.224349
5199,41.020000,-0.802163,0.684990,-0.238947,-0.845629,0.865844,1.695259,-0.002907,0.256518,1.340768,1.116254,0.589415,0.917649,0.860304,0.444407,0.188903,0.946220
5200,41.040000,-0.914251,0.746325,-0.270749,-1.545226,0.823213,1.656520,-0.137616,0.200032,1.802779,1.702145,0.495602,0.341935,0.376007,0.881510,0.235977,0.738369
5201,41.060000,-0.887925,0.778548,-0.205990,-1.924375,0.628291,1.574085,-0.227913,0.128766,1.880271,1.999281,0.398461,-0.069800,0.164641,0.965111,0.511732,0.566914
5202,41.080000,-0.848394,0.794251,-0.102477,-1.958112,0.462843,1.392658,-0.237135,0.105636,1.776880,1.999065,0.346227,-0.207550,0.133325,0.878618,0.661984,0.394206
5203,41.100000,-0.858091,0.818961,0.063266,-1.821796,0.350192,1.179413,-0.179042,0.068711,1.557969,1.814088,0.256233,-0.282074,0.196841,0.714830,0.652087,0.206313
5204,41.120000,-0.873878,0.785200,0.229143,-1.561467,0.320839,1.134029,-0.175034,0.056925,1.262856,1.588327,0.241174,-0.237456,0.248799,0.548364,0.577110,0.113991
5205,41.140000,-0.879420,0.734070,0.349451,-1.294334,0.292816,1.133436,-0.208366,0.018657,1.068307,1.366695,0.209554,-0.263164,0.292121,0.482333,0.451710,0.136871
5206,41.160000,-0.900894,0.662558,0.380283,-1.052359,0.271136,1.192297,-0.181046,-0.004235,0.937505,1.191049,0.189077,-0.292389,0.322118,0.475918,0.331329,0.251137
5207,41.180000,-0.922113,0.625517,0.314042,-0.864223,0.281139,1.263764,-0.125402,-0.023866,0.856152,1.082555,0.173754,-0.301545,0.347135,0.526281,0.229113,0.404261
5208,41.200000,-0.996520,0.603718,0.262906,-0.759160,0.285791,1.273390,-0.023145,-0.009221,0.836908,1.038231,0.166974,-0.281589,0.375841,0.569734,0.163497,0.516901
5209,41.220000,-1.070866,0.589748,0.218962,-0.730398,0.286414,1.262379,0.090376,0.030590,0.820792,1.047222,0.177642,-0.241015,0.420135,0.579391,0.170555,0.584099
5210,41.240000,-1.095666,0.606394,0.198390,-0.743951,0.291685,1.268223,0.187084,0.056535,0.855682,1.062950,0.220233,-0.187582,0.470520,0.581956,0.190135,0.605983
5211,41.260000,-1.085900,0.597096,0.196207,-0.778832,0.313624,1.235686,0.238433,0.093597,0.883827,1.082814,0.240321,-0.123614,0.533751,0.625428,0.272140,0.610127
5212,41.280000,-1.018690,0.616849,0.195597,-0.813447,0.336034,1.179261,0.239080,0.122815,0.894484,1.089008,0.285666,-0.050154,0.596291,0.656530,0.342154,0.642785
5213,41.300000,-0.976744,0.626413,0.218745,-0.859145,0.364235,1.117593,0.227771,0.139850,0.934906,1.113933,0.299301,0.016007,0.645291,0.689275,0.416657,0.635265
5214,41.320000,-0.941496,0.624214,0.208596,-0.912349,0.365594,1.070522,0.249905,0.163715,1.001960,1.123311,0.300966,0.045532,0.643312,0.721602,0.454661,0.600779
5215,41.340000,-0.857854,0.643913,0.173077,-0.876228,0.391090,1.164238,0.184822,0.150302,1.067412,1.147547,0.327011,0.045419,0.592220,0.730920,0.401762,0.571241
5216,41.360000,-0.858968,0.620414,0.132082,-0.862278,0.383770,1.201651,0.157323,0.136110,1.068967,1.180776,0.321836,0.030640,0.555025,0.733943,0.405372,0.539934
5217,41.380000,-0.893523,0.627758,0.127912,-0.864440,0.351821,1.221673,0.193999,0.139988,1.048336,1.207457,0.299605,0.013691,0.546020,0.711358,0.408683,0.513649
5218,41.400000,-0.921104,0.650846,0.111974,-0.847724,0.331975,1.264452,0.226458,0.131464,1.025877,1.210322,0.294134,-0.008332,0.553629,0.724139,0.419718,0.504386
5219,41.420000,-0.993236,0.697996,0.041293,-0.758981,0.363910,1.325736,0.341806,0.148161,1.004590,1.186678,0.390956,0.116547,0.794415,0.964515,0.643823,0.745374
5220,41.440000,-1.160609,0.796055,-0.125193,-0.586115,0.446462,1.338421,0.618946,0.234479,1.052616,1.142794,0.617031,0.491652,1.397552,1.504701,1.181535,1.297065
5221,41.460000,-1.378043,0.891134,-0.317158,-0.517909,0.611633,1.239406,0.926205,0.402628,1.317827,1.177355,0.911951,1.132748,2.258368,2.156828,1.952675,1.992220
5222,41.480000,-1.363928,0.878175,-0.460294,-0.732339,0.812041,1.019624,1.018146,0.640702,1.846409,1.327301,1.234178,1.875179,2.919155,2.749770,2.695233,2.598326
5223,41.500000,-1.080525,0.693139,-0.561516,-1.132481,1.002568,0.726849,0.786571,0.954799,2.390898,1.557744,1.567237,2.530953,3.121404,3.073979,3.251072,2.867514
5224,41.520000,-0.679582,0.534100,-0.618130,-1.433383,1.113336,0.530119,0.381533,1.197931,2.763224,1.745423,1.700279,2.846358,3.129096,3.159590,3.639867,2.882925
5225,41.540000,-0.375530,0.435828,-0.674384,-1.336866,1.052572,0.337712,-0.051671,1.497490,2.898939,1.761665,1.883168,3.109260,2.970527,3.078763,3.674239,2.710807
5226,41.560000,-0.072942,0.386946,-0.725526,-1.049758,1.005603,0.213544,-0.462159,1.651447,2.916434,1.704895,1.813195,3.202406,2.868804,2.888593,3.364830,2.477993
5227,41.580000,0.289673,0.302457,-0.705461,-0.656658,0.993096,0.217624,-0.746484,1.406250,2.505859,1.646923,1.727148,3.272570,2.744411,2.652757,3.013398,2.131534
5228,41.600000,0.498305,0.448420,-0.549256,-0.419444,0.861506,0.057470,-1.002868,1.528006,2.557720,1.367841,1.649438,3.114554,2.743581,2.702068,2.670827,2.338120
5229,41.620000,0.715122,0.516175,-0.479984,-0.327608,0.848120,0.060137,-1.080496,1.422093,2.455932,1.200197,1.612740,3.169439,2.889895,2.835028,2.541685,2.695785
5230,41.640000,0.984975,0.481124,-0.361160,-0.241468,0.769813,0.069468,-1.012378,1.060272,2.071917,1.018771,1.364718,2.969257,3.044769,3.076540,2.602891,3.129014
5231,41.660000,1.056694,0.587592,-0.275581,-0.332875,0.745199,-0.028522,-0.846873,1.166818,2.174054,0.851167,1.524158,3.068766,3.078897,3.203315,2.529982,3.446506
5232,41.680000,0.957023,0.600680,-0.308170,-0.544661,0.716447,-0.019935,-0.520283,1.085604,2.174684,0.887361,1.378897,2.925705,3.230136,3.288511,2.690505,3.613326
5233,41.700000,0.866538,0.512554,-0.295553,-0.396005,0.547500,-0.086307,-0.200357,0.821458,1.799749,0.687204,1.076946,2.473809,3.159439,3.253138,2.697994,3.523341
5234,41.720000,0.691694,0.629429,-0.287381,-0.539475,0.537450,-0.087742,0.288724,0.928683,1.973060,0.556417,0.987950,2.266550,3.167284,3.224936,2.689620,3.526297
5235,41.740000,0.513923,0.704686,-0.304745,-0.686024,0.631740,0.053288,0.834843,0.841881,2.131785,0.508009,1.171147,2.411326,3.229741,3.250585,2.837124,3.547194
5236,41.760000,0.405708,0.650851,-0.293485,-0.611453,0.673796,0.277602,1.225645,0.554544,1.941110,0.453276,1.058613,2.248877,3.204234,3.306406,2.949951,3.492762
5237,41.780000,0.080970,0.777617,-0.255836,-0.651377,0.581738,0.416951,1.696620,0.702097,2.152120,0.431914,1.020049,2.072001,3.196115,3.338334,3.037659,3.452914
5238,41.800000,-0.407299,0.747090,-0.355050,-0.625358,0.474262,0.610562,2.244255,0.638738,2.090880,0.437761,0.868199,1.654733,3.168812,3.270013,3.098569,3.393268
5239,41.820000,-1.050192,0.762089,-0.529431,-0.408402,0.380039,1.051477,3.073297,0.587474,2.045275,0.371273,0.706231,1.162721,3.086153,3.099180,3.014063,3.275390
5240,41.840000,-1.962234,0.798847,-0.620956,-0.275881,0.266876,1.196653,3.981704,0.561508,1.954017,0.131192,0.504412,0.554210,2.927839,2.945358,2.853592,3.076843
5241,41.860000,-2.750484,0.770322,-0.775251,-0.211956,0.068878,1.685890,4.993869,0.540983,1.779247,-0.021615,0.181055,-0.111577,2.826421,2.610318,2.875997,2.871734
5242,41.880000,-2.909338,0.644408,-0.775961,-0.194594,-0.110455,1.824904,5.397295,0.475519,1.563736,-0.282456,0.180056,-0.308095,2.675610,2.256602,2.842625,2.555154
5243,41.900000,-2.569147,0.472591,-0.642917,-0.478972,-0.383314,1.747328,5.118638,0.547631,1.159931,-0.326410,0.063867,-0.335412,2.587727,1.874328,2.913369,2.431454
5244,41.920000,-1.774245,0.383963,-0.260347,-0.718818,-0.420707,1.389651,4.331764,0.492898,0.939740,-0.346237,0.101378,0.086426,2.584438,1.993624,2.806894,2.510513
5245,41.940000,-0.137519,0.159904,0.200959,-1.147213,-0.497682,1.019587,3.321277,0.481938,0.684671,-0.258159,-0.044412,0.519715,2.736797,2.168707,2.739336,2.769942
5246,41.960000,1.285289,0.127183,0.882080,-1.144461,-0.237112,0.229928,1.872269,0.256534,0.255949,-0.073379,0.154351,1.341374,2.969441,2.733156,2.747231,2.944683
5247,41.980000,2.809680,0.204124,1.253324,-1.066819,-0.031670,-0.540200,0.091938,0.195679,-0.104624,0.198312,0.373287,2.093977,3.075198,3.151633,2.992321,3.239990
5248,42.000000,4.000126,0.122633,1.266024,-0.633083,-0.053420,-1.024037,-1.598424,0.176594,-0.464921,0.226941,0.651299,2.540211,2.928305,3.420981,3.593548,3.393349
5249,42.020000,4.534071,-0.042864,1.004888,-0.219754,-0.074413,-1.075323,-2.571771,0.318437,-0.441143,0.027114,0.678644,2.492185,2.924417,3.483184,4.052819,3.555194
5250,42.040000,4.309661,-0.209329,0.612224,0.183635,0.003516,-0.978835,-2.481207,0.128758,-0.571323,-0.637914,0.579601,2.444927,3.245255,3.674931,4.162138,3.526623
5251,42.060000,3.787794,-0.138323,0.792932,-0.034703,0.056177,-0.848023,-1.484753,0.176647,-0.247660,-1.190510,0.390790,2.138793,3.678207,3.889987,3.890954,3.651691
5252,42.080000,3.166305,-0.068814,0.681675,-0.001499,0.219983,-0.585127,-0.099035,0.015787,-0.144875,-1.809685,0.502336,2.196695,3.922918,3.969381,3.597285,3.694880
5253,42.100000,2.389659,0.080800,0.622800,-0.065907,0.161813,0.019281,1.174796,0.303706,0.635734,-2.077106,0.351574,1.737514,3.853889,3.635797,3.104514,3.765944
5254,42.120000,1.559241,0.067537,0.340756,-0.267854,0.140101,0.585665,2.675562,0.339549,1.065693,-2.150971,0.038518,0.855607,3.487203,3.197522,2.657411,3.780291
5255,42.140000,0.526622,0.177812,0.187247,-0.635918,0.069924,0.939660,4.143445,0.483019,1.581324,-1.995657,-0.138980,0.131715,2.941688,2.685630,2.376778,3.863385
5256,42.160000,-0.875401,0.429298,-0.109446,-0.664700,-0.059188,1.164218,5.241654,0.421810,1.598099,-1.580868,-0.077430,-0.384594,2.445744,2.052743,2.236544,3.660594
5257,42.180000,-2.338636,0.626784,-0.520624,-0.518839,-0.276340,1.440376,5.854765,0.348038,1.329776,-0.951699,0.118238,-0.651400,2.258019,1.469082,2.353412,3.335855
5258,42.200000,-2.968658,0.679395,-0.550671,-0.412156,-0.385933,1.522923,5.983627,0.238804,1.196727,-0.761417,0.275051,-0.625654,2.236009,1.288408,2.640620,2.796880
5259,42.220000,-2.799319,0.558221,-0.633394,-0.658095,-0.477186,1.495179,5.456234,0.340715,0.984628,-0.426631,0.396744,-0.376530,2.397146,1.290834,3.004472,2.470526
5260,42.240000,-2.067364,0.415333,-0.326583,-0.692780,-0.252682,1.087041,4.318563,0.179536,0.783427,-0.298482,0.492454,0.149191,2.385517,1.771523,3.019420,2.285805
5261,42.260000,-0.772571,0.336600,-0.017558,-1.125970,-0.360242,0.983314,3.433796,0.462682,0.799463,0.005892,0.216346,0.616121,2.716488,2.143121,3.085955,2.644463
5262,42.280000,0.658060,0.282362,0.599110,-1.191269,-0.068754,0.599808,2.170326,0.390503,0.747666,-0.005597,0.389031,1.434855,3.045565,2.798930,3.012266,2.895047
5263,42.300000,1.876990,0.310097,0.760611,-1.183479,0.170970,-0.013190,0.967517,0.433590,0.726387,0.041910,0.608732,1.903026,3.196184,3.153070,2.956732,3.334689
5264,42.320000,2.935858,0.236012,0.960620,-1.075042,0.315858,-0.447801,-0.113339,0.364946,0.596947,-0.237101,0.907029,2.384229,3.189764,3.536565,3.176070,3.859439
5265,42.340000,3.502622,0.122849,0.744836,-0.776205,0.351456,-0.672974,-0.803370,0.395311,0.419709,-0.408434,1.003979,2.502863,3.057196,3.621319,3.468252,4.083527
5266,42.360000,3.624459,0.037731,0.554031,-0.362178,0.260801,-0.794310,-1.154300,0.380252,0.148535,-0.591466,0.931983,2.512469,3.045209,3.521025,3.670973,3.997437
5267,42.380000,3.512238,0.054872,0.574740,-0.312597,0.229137,-0.785821,-0.945883,0.382977,0.201614,-0.786194,0.806044,2.399120,3.228643,3.532932,3.624382,3.992737
5268,42.400000,3.069728,0.102247,0.693320,-0.123581,0.180191,-0.716465,-0.630090,0.315117,0.070759,-0.997779,0.665467,2.405627,3.444143,3.520694,3.509804,3.684101
5269,42.420000,2.727018,0.184248,0.904129,-0.164580,0.164338,-0.536223,-0.103436,0.316446,0.227988,-1.056268,0.516724,2.315108,3.604339,3.400999,3.272963,3.484787
5270,42.440000,2.366664,0.252553,0.890791,-0.104444,0.200394,-0.351912,0.344240,0.256450,0.197880,-1.045322,0.398339,2.109695,3.504289,3.190254,3.027278,3.183529
5271,42.460000,1.889950,0.284061,0.881089,-0.149825,0.181747,-0.097356,0.857234,0.298846,0.347869,-0.945197,0.158609,1.717041,3.249051,2.838443,2.774538,2.928503
5272,42.480000,1.678155,0.178283,0.736417,-0.236454,0.081184,0.230942,1.462308,0.128574,0.322478,-0.912720,-0.122831,1.045681,2.654048,2.324248,2.355444,2.581226
5273,42.500000,1.513213,-0.043308,0.764507,-0.265005,-0.144886,0.608561,1.808393,-0.021770,0.127920,-0.955656,-0.436987,0.295821,1.415209,1.214382,1.430840,1.632985
5274,42.520000,1.552464,-0.548232,1.164861,-0.268396,-0.763487,0.790306,1.415668,-0.203860,-0.436229,-0.944447,-0.919052,-0.651129,-0.978587,-1.209916,-0.311603,-0.338069
5275,42.540000,1.688824,-1.303894,1.392134,-0.232114,-1.461134,0.333044,0.951299,-0.140612,-0.897749,-0.886962,-0.780766,-0.803586,-1.862181,-2.062224,-0.791297,-0.469289
5276,42.560000,1.524241,-1.907965,1.305589,-0.068660,-1.750792,-0.284348,0.170452,-0.025807,-1.228996,-0.455916,-0.461947,-0.658787,-1.567246,-1.476936,-0.626208,0.193915
5277,42.580000,1.662600,-2.102403,0.959240,0.019062,-1.497348,-0.757107,-0.531030,0.135331,-1.207842,-0.198482,-0.278289,-0.529322,-1.007528,-0.417461,-0.202279,0.973763
5278,42.600000,1.650797,-1.826777,0.622028,-0.401277,-1.325496,-1.046396,-0.796863,0.172156,-0.952805,0.158563,-0.108528,-0.387704,-0.000583,0.503186,0.260079,1.610044
5279,42.620000,1.831322,-1.552846,0.363176,-0.711479,-1.031622,-0.841808,-0.820943,0.212844,-0.627043,0.209857,-0.073591,-0.233888,0.815726,0.952905,0.483135,1.780373
5280,42.640000,1.696134,-1.203317,0.135633,-0.966525,-0.931862,-0.558582,-0.488925,0.244269,-0.255969,0.236044,-0.074594,-0.121740,1.218935,0.995805,0.355846,1.535488
5281,42.660000,1.918017,-1.201082,0.097817,-1.002611,-0.849018,-0.063257,-0.164066,0.156036,-0.092828,-0.066745,-0.021107,-0.023843,1.182129,1.020358,0.107561,1.286080
5282,42.680000,1.957252,-1.039516,0.125578,-0.927015,-0.856109,0.483849,0.040178,0.012745,-0.029343,-0.298591,-0.039921,-0.083523,0.811671,1.067379,-0.128681,1.018585
5283,42.700000,1.692318,-1.039010,0.411409,-0.912366,-1.021477,0.905350,0.178477,-0.024644,-0.176462,-0.407260,-0.186371,-0.240136,0.458538,1.011577,-0.210871,0.784988
5284,42.720000,1.278180,-1.047069,0.470637,-0.841319,-1.109040,0.897715,0.351551,-0.042889,-0.280157,-0.411736,-0.264676,-0.310808,0.283887,0.886969,-0.384259,0.674947
5285,42.740000,0.930787,-1.026311,0.533217,-0.664390,-1.079629,0.742887,0.447962,-0.082174,-0.342168,-0.432167,-0.335891,-0.351377,-0.001641,0.630797,-0.698735,0.484276
5286,42.760000,0.674122,-1.146090,0.670463,-0.515816,-1.050195,0.507275,0.314323,-0.136512,-0.429707,-0.478685,-0.441440,-0.463423,-0.681068,0.103569,-1.148643,0.059720
5287,42.780000,0.497840,-1.527064,0.888335,-0.415342,-1.168114,0.184452,0.076627,-0.172373,-0.551621,-0.633093,-0.569214,-0.643633,-1.709164,-0.722541,-1.805377,-0.469202
5288,42.800000,0.617077,-2.019786,0.880163,-0.167354,-1.250669,0.056057,-0.102725,-0.121728,-0.710434,-0.926398,-0.645774,-0.755484,-2.745861,-1.505197,-2.427910,-0.886123
5289,42.820000,0.717418,-2.309148,0.754388,-0.042341,-1.393983,0.028562,-0.109768,-0.004575,-0.820997,-1.138500,-0.735944,-0.850222,-3.337910,-1.996425,-2.594001,-1.030204
5290,42.840000,0.751603,-2.479800,0.421028,-0.167083,-1.460876,-0.121937,-0.132198,0.249629,-0.722335,-1.067464,-0.736272,-0.859460,-3.237391,-2.152908,-2.448881,-0.783147
5291,42.860000,0.917473,-2.413128,0.032328,-0.525323,-1.414514,-0.281041,-0.174919,0.428057,-0.517652,-0.792993,-0.664078,-0.806996,-2.741242,-1.975802,-2.184098,-0.279048
5292,42.880000,1.126146,-2.154211,-0.322588,-1.242865,-1.460258,-0.295316,-0.100124,0.527448,-0.244239,-0.234093,-0.507971,-0.692644,-2.081832,-1.881310,-1.969548,0.103742
5293,42.900000,1.550925,-1.998034,-0.690565,-2.128345,-1.428365,-0.154097,-0.097872,0.523711,0.007397,0.447186,-0.398883,-0.656789,-1.433126,-1.871717,-1.876383,0.235057
5294,42.920000,1.903564,-1.687525,-0.877776,-3.020451,-1.366484,-0.092532,-0.115207,0.406922,0.243046,1.204919,-0.323055,-0.626434,-0.968328,-1.843847,-1.797974,0.116789
5295,42.940000,1.961471,-1.388375,-0.789969,-3.993552,-1.518083,0.199224,0.118387,0.279697,0.344960,1.777079,-0.296638,-0.657072,-0.748296,-1.971622,-1.594701,-0.152127
5296,42.960000,1.949829,-1.245841,-0.593844,-4.587757,-1.536918,0.315363,0.207514,0.163873,0.333730,2.113575,-0.183686,-0.650606,-0.643065,-2.050042,-1.455486,-0.509982
5297,42.980000,1.771010,-1.108430,0.045924,-4.716879,-1.478184,0.291754,0.266131,0.060373,0.302982,2.042887,-0.199445,-0.679741,-0.664046,-2.138715,-1.434532,-0.997170
5298,43.000000,1.344532,-1.188421,1.013283,-4.217694,-1.406164,-0.017321,0.270518,-0.067728,0.062879,1.464629,-0.314276,-0.736441,-0.821549,-2.334157,-1.577431,-1.544061
5299,43.020000,0.783977,-1.180131,1.980620,-3.076677,-1.321607,-0.406940,0.395743,-0.300268,-0.217177,0.361906,-0.373512,-0.640827,-1.475759,-2.372216,-1.941653,-1.843915
5300,43.040000,0.207874,-1.296320,2.392189,-1.240591,-1.212173,-0.581813,0.373265,-0.336813,-0.547697,-1.120422,-0.361801,-0.317534,-2.594504,-2.539701,-2.462115,-2.393883
5301,43.060000,-0.483743,-1.415743,2.452237,1.328108,-1.172949,-0.659750,0.215010,-0.251140,-0.836774,-3.177080,-0.384875,-0.031823,-3.985257,-2.717089,-2.432002,-3.081255
5302,43.080000,-0.601989,-1.406415,1.732297,3.161171,-1.120400,-0.977143,0.056765,0.193791,-0.680733,-4.901844,-0.110785,0.291936,-4.479276,-3.051342,-1.980483,-3.540451
5303,43.100000,-0.318439,-1.748395,1.248044,3.849376,-0.876063,-1.134774,0.170705,0.389324,-0.764934,-6.377367,0.111713,0.372611,-4.358853,-3.052326,-1.569823,-3.513364
5304,43.120000,0.196674,-1.683848,1.109658,3.304558,-0.409273,-0.695122,0.693209,0.703998,-0.778194,-6.615831,0.078764,0.313011,-4.040212,-2.971375,-1.641919,-3.145289
5305,43.140000,0.774755,-1.488367,0.753544,2.061667,-0.237519,-0.030621,1.063493,1.029234,-0.754487,-5.336740,-0.374195,0.221679,-3.485719,-2.888474,-1.853904,-2.658159
5306,43.160000,1.900315,-1.081421,-0.303257,-0.770208,-0.286657,0.991870,1.405835,1.054186,-0.379789,-2.672342,-0.767963,-0.123058,-2.849791,-3.188236,-2.193240,-1.897741
5307,43.180000,2.289555,-0.320349,-0.722157,-3.421650,-0.387323,1.444674,0.772343,0.719402,0.689553,0.246793,-0.846529,-0.612568,-2.260580,-3.676297,-3.114033,-1.766734
5308,43.200000,1.916991,-0.213776,-0.723340,-4.807948,-0.513595,1.243776,0.294579,0.384881,1.131384,2.247462,-0.540772,-0.632774,-1.891939,-3.818656,-3.068099,-1.482658
5309,43.220000,1.066006,0.133951,-0.609685,-5.480186,-0.652291,1.001846,0.337834,0.329764,1.508731,3.727398,0.012477,-0.736761,-1.963482,-3.665902,-2.368645,-1.187291
5310,43.240000,1.216489,-0.065782,-0.473096,-5.601583,-0.801912,0.781894,0.430410,0.046812,1.296321,3.722465,0.181394,-0.841069,-1.910991,-3.408146,-1.466554,-1.425950
5311,43.260000,0.901488,0.132663,0.397090,-4.947209,-0.486993,0.506767,0.312745,0.041938,1.507879,3.108976,0.250743,-0.665402,-1.718646,-2.805099,-1.076030,-1.686003
5312,43.280000,0.221463,-0.087063,1.926417,-3.515715,-0.327835,-0.063402,0.143970,-0.105099,1.065688,1.417388,0.028795,-0.558872,-1.522440,-2.693517,-1.258247,-2.170032
5313,43.300000,-0.429484,-0.146182,2.968199,-1.530868,-0.442673,-0.547633,0.427060,-0.097616,0.729910,-1.025570,-0.208448,-0.294529,-1.729441,-2.947950,-1.934132,-2.592722
5314,43.320000,-1.172203,-0.173668,2.839063,1.786198,-0.662442,-0.954456,0.550772,0.156948,0.249014,-3.876770,-0.447895,0.074246,-2.593386,-3.150993,-2.044610,-3.112674
5315,43.340000,-1.343315,-0.626652,2.101313,3.418055,-0.667802,-0.985151,0.710599,0.242219,0.019750,-5.879819,-0.213956,0.370642,-3.701556,-3.635336,-1.632706,-3.437248
5316,43.360000,-0.862979,-1.012457,1.430759,3.897891,-0.320155,-0.805464,1.004763,0.302401,-0.333886,-6.870515,0.283210,0.607832,-4.325598,-3.644930,-1.552701,-3.233510
5317,43.380000,-0.391780,-0.933154,1.061395,3.545439,-0.185361,-0.489914,1.299740,0.525957,-0.630377,-6.489640,0.141649,0.513707,-4.047405,-3.183211,-1.408128,-2.490903
5318,43.400000,0.371853,-0.972317,1.019979,2.754971,0.084568,-0.120303,1.558139,0.717214,-0.745774,-6.045612,0.063267,0.492761,-4.147348,-2.958771,-1.618793,-2.035468
5319,43.420000,1.230124,-0.971021,0.563561,0.891624,0.146163,0.487954,1.684220,0.854380,-0.475036,-4.380366,-0.032172,0.430961,-3.875736,-2.990437,-1.998712,-1.729655
5320,43.440000,2.267059,-0.740859,-0.195661,-1.539517,0.209427,1.256767,1.803956,0.908499,0.197082,-2.418457,0.085456,0.601285,-3.116557,-3.076000,-2.607684,-1.531523
5321,43.460000,2.371828,-0.112783,-0.610670,-3.486160,0.143371,1.685063,1.345722,0.787199,1.176446,-0.213827,-0.064943,0.623337,-1.974138,-3.234430,-3.109818,-1.946174
5322,43.480000,1.422740,0.283268,-0.783318,-4.747113,-0.022128,1.220116,1.032645,0.829199,2.183731,1.916936,-0.085199,0.150315,-1.452813,-3.655869,-2.979558,-2.265692
5323,43.500000,0.902962,0.353077,-0.824022,-5.588735,-0.106077,1.060014,0.859954,0.691437,2.561789,3.300840,0.339298,-0.249788,-1.667078,-3.947676,-2.545201,-2.158750
5324,43.520000,0.526235,0.469217,-0.693243,-5.650175,-0.171541,0.736988,0.631036,0.497416,2.938811,3.927928,0.536355,-0.797971,-1.953401,-3.854136,-2.112071,-2.008729
5325,43.540000,0.729693,0.298096,-0.454605,-4.946415,-0.214056,0.736533,0.405356,0.152324,2.633621,3.423285,0.554092,-0.785833,-2.015771,-3.572898,-1.872526,-1.996338
5326,43.560000,0.350797,0.317543,0.463448,-3.686127,-0.322415,0.395458,0.329449,0.064236,2.442165,2.024560,0.274255,-0.684735,-1.885852,-3.273681,-2.153985,-2.273942
5327,43.580000,0.031542,0.188189,1.216339,-2.193691,-0.353365,0.156083,0.588692,-0.046261,1.707298,0.286561,0.167670,-0.269428,-2.012361,-3.324332,-2.711904,-2.508419
5328,43.600000,-0.211352,0.092114,1.010615,0.494827,-0.516325,-0.178238,1.069305,0.022308,0.743089,-2.634427,0.025857,0.319197,-2.419693,-2.844444,-2.700791,-2.725187
5329,43.620000,-0.547344,-0.165075,0.645948,2.410704,-0.412746,-0.333556,1.439014,0.209979,0.263009,-4.894897,0.393253,1.157661,-3.030276,-2.228333,-1.489381,-2.848384
5330,43.640000,-0.559793,-0.438047,0.421708,3.333179,-0.377168,-0.627846,1.886136,0.409443,-0.057381,-6.523548,0.896893,1.698894,-2.730958,-1.618829,-0.622041,-2.686932
5331,43.660000,-0.615711,-0.465067,0.526743,3.949338,-0.109485,-0.806124,2.121289,0.752570,-0.474343,-7.109447,0.934055,1.813340,-2.019418,-1.396279,0.095880,-2.298865
5332,43.680000,-0.550187,-0.245999,0.779200,3.692329,0.132459,-0.705562,2.558081,1.087803,-0.496857,-6.669014,1.182876,2.061709,-1.115228,-1.458326,0.765322,-1.515680
5333,43.700000,-0.332475,0.102831,0.537296,2.414839,0.255335,-0.281941,2.914372,1.502441,0.204288,-5.044970,1.468612,2.471246,-0.022229,-1.467800,1.239854,-0.375626
5334,43.720000,0.110366,0.926029,-0.217688,-0.158203,0.616320,0.390449,2.496660,1.914739,2.740935,-1.877815,2.093029,3.319417,1.902209,-0.386373,0.687520,1.244477
5335,43.740000,0.000660,0.756160,-0.652376,-1.587147,1.021200,0.320205,0.988738,2.014609,4.084469,0.746342,2.558268,3.321162,1.787938,0.360121,-0.558157,1.382582
5336,43.760000,-0.941367,0.351345,-1.255236,-1.843502,1.037296,0.217293,0.392740,2.075330,4.624989,2.209418,3.211603,2.675378,0.660248,0.086496,-1.286433,0.834133
5337,43.780000,-1.490418,0.334960,-1.400320,-2.154341,0.770416,0.160305,-0.125207,1.822118,4.962274,3.256132,3.526740,1.935045,-0.184468,-0.140232,-1.489264,-0.384724
5338,43.800000,-1.371917,0.596617,-1.048607,-2.336344,0.777112,0.417755,-0.272873,1.415957,4.808084,3.532976,2.539271,1.246351,-0.222108,0.335148,-1.064941,-1.397518
5339,43.820000,-1.257054,0.683528,-0.836102,-2.256206,0.864485,0.575153,-0.473125,1.306111,4.501714,3.506702,2.178726,1.419963,0.068892,0.811397,-0.615007,-1.947334
5340,43.840000,-1.160573,0.498211,-0.678244,-2.163827,0.915442,0.571912,-0.639873,1.224807,3.899385,3.084107,1.539780,1.551635,0.588001,0.988043,0.099412,-2.035015
5341,43.860000,-1.042554,0.146880,-0.675728,-1.942821,0.985992,0.570983,-0.615478,1.151908,3.086453,2.393817,1.213067,1.671520,1.038069,0.858866,0.825722,-1.777849
5342,43.880000,-0.912509,-0.206348,-0.704102,-1.326495,0.975776,0.371742,-0.395111,1.084765,2.206318,1.222493,0.953229,1.760880,1.300609,0.612181,1.204364,-1.471958
5343,43.900000,-0.964723,-0.610539,-0.774315,0.082274,0.980630,0.202396,0.239522,1.053011,1.270861,-0.592050,1.269738,2.615221,1.445929,0.408749,1.631697,-1.156237
5344,43.920000,-0.706654,-0.381627,-0.427236,1.777710,0.523682,-0.017724,1.220397,0.747576,0.544329,-3.427099,1.446082,3.418166,1.656374,0.164440,2.532860,-1.191007
5345,43.940000,-0.464318,0.063294,-0.077825,2.862537,0.191289,-0.153995,1.675987,0.586527,0.245054,-5.103864,1.507413,3.565660,2.159349,-0.174291,3.186682,-1.333844
5346,43.960000,-0.309448,0.423792,0.265865,3.386538,0.079291,-0.227687,1.275978,0.557223,-0.148080,-4.778591,1.381256,3.130405,2.895406,-0.642186,3.332100,-0.930260
5347,43.980000,-0.291178,0.615285,0.352573,2.850941,0.104351,-0.064372,1.013702,0.926284,0.054762,-3.485730,1.290278,2.863828,3.003229,-0.977406,3.097518,0.184346
5348,44.000000,-0.510925,0.662472,0.256349,1.397240,0.373018,0.299956,0.381725,0.784205,0.416276,-1.080898,1.197626,2.396080,2.653527,-0.919122,2.525238,1.102628
5349,44.020000,-0.671178,0.788901,-0.158799,-0.475598,0.767128,0.765692,0.405104,1.021795,1.601418,0.695588,1.064538,2.143008,1.924756,-0.430012,1.273234,1.277187
5350,44.040000,-0.707555,0.622827,-0.461175,-1.391850,1.059557,1.434490,-0.037149,0.487590,1.700057,1.939391,0.779117,1.221510,0.986246,-0.060234,0.593919,0.737221
5351,44.060000,-0.835996,0.554003,-0.543722,-2.115075,0.925813,1.584876,-0.213836,0.408011,2.129425,2.593391,0.714586,0.466913,0.140477,0.265850,0.504938,0.453368
5352,44.080000,-0.878895,0.616244,-0.466241,-2.537787,0.670290,1.613933,-0.453070,0.245550,2.178270,3.012450,0.557347,-0.156426,-0.166962,0.452884,0.732554,0.176921
5353,44.100000,-0.831798,0.556571,-0.400753,-2.376640,0.441503,1.572557,-0.395686,0.163707,1.883719,2.861641,0.432624,-0.392058,-0.238874,0.393447,0.793731,-0.058064
5354,44.120000,-1.379010,0.225748,-0.458333,0.890524,0.690947,-0.587610,-0.601890,0.727785,0.637062,1.249395,0.040026,-0.968116,2.133028,1.662577,1.171640,1.137818
5355,44.140000,-1.012010,0.558718,-0.682536,0.868887,0.071737,-0.904416,-0.703488,0.746737,0.759392,0.879131,0.516767,-0.465966,2.208112,1.814370,0.938082,1.777416
5356,44.160000,-0.621559,0.770362,-0.532207,0.984724,0.187425,-0.856140,-0.799513,0.747950,0.582322,0.363319,0.712191,-0.068549,2.300891,1.829239,0.535850,1.953928
5357,44.180000,-0.313553,0.806068,-0.398190,0.889187,0.407533,-0.763106,-0.679941,0.849445,0.514156,0.061562,0.946419,0.314048,2.245826,1.778208,0.637486,2.075561
5358,44.200000,-0.165394,0.979126,-0.303482,0.768742,0.470584,-0.616940,-0.546498,0.882190,0.522819,-0.068440,1.004708,0.424525,2.361697,1.704680,0.666675,2.092001
5359,44.220000,-0.107977,1.150874,-0.308378,0.719601,0.634369,-0.392604,-0.371473,0.872434,0.588846,-0.210920,1.161281,0.724808,2.459911,1.677402,0.736449,2.278132
5360,44.240000,-0.184477,1.266022,-0.430156,0.706006,0.700351,-0.131539,-0.158113,0.878215,0.542300,-0.262456,1.381745,0.837124,2.452516,1.735075,0.771315,2.602952
5361,44.260000,-0.261412,1.330145,-0.536753,0.671358,0.738288,-0.051934,-0.013421,0.893124,0.352390,-0.186399,1.437080,0.850404,2.352376,1.744183,0.791986,2.848508
5362,44.280000,-0.363344,1.359630,-0.724267,0.695413,0.732523,0.091298,0.173333,0.880622,0.250113,-0.127002,1.441128,0.851229,2.195028,1.664860,0.795083,2.790058
5363,44.300000,-0.417794,1.346789,-0.876315,0.669780,0.716501,0.073083,0.296742,0.838369,0.021391,-0.033093,1.400838,0.710242,1.809997,1.568836,0.489193,2.578157
5364,44.320000,-0.451658,1.355357,-1.001898,0.665781,0.629911,0.146749,0.477968,0.799328,-0.220794,-0.021224,1.210416,0.183590,1.413910,1.425016,0.167392,2.245410
5365,44.340000,-0.474215,1.325642,-1.104251,0.692984,0.648633,0.309482,0.488059,0.757251,-0.602158,0.197108,1.200868,0.094638,1.153471,1.423224,0.020629,2.124682
5366,44.360000,-0.555775,1.373492,-1.143393,0.715515,0.605909,0.287050,0.616012,0.785161,-0.795445,0.263491,1.164611,-0.180199,1.130770,1.399338,0.080760,2.062959
5367,44.380000,-0.558855,1.356223,-1.197194,0.626253,0.584503,0.103183,0.650055,0.804047,-1.119860,0.405947,1.244387,-0.301368,1.155923,1.437656,0.262160,2.150316
5368,44.400000,-0.663142,1.407666,-1.254409,0.629187,0.580705,0.031993,0.832377,0.843177,-1.139418,0.394590,1.307574,-0.355289,1.262061,1.527527,0.458276,2.257063
5369,44.420000,-0.702042,1.431183,-1.283801,0.554219,0.569565,-0.259811,0.989894,0.921405,-1.246629,0.366995,1.354466,-0.507192,1.419694,1.610620,0.659863,2.227066
5370,44.440000,-0.703027,1.503985,-1.301807,0.526997,0.577684,-0.250300,1.178762,0.950308,-1.217425,0.275668,1.446687,-0.443038,1.459025,1.671228,0.837713,2.225247
5371,44.460000,-0.654218,1.542569,-1.315668,0.494465,0.589297,-0.261304,1.340754,0.972908,-1.136520,0.158484,1.499420,-0.464332,1.300050,1.662423,0.737918,2.132892
5372,44.480000,-0.508019,1.537713,-1.313125,0.407386,0.580430,-0.228712,1.372177,1.023187,-1.257123,0.149980,1.448857,-0.732751,1.203845,1.610672,0.756878,2.021282
5373,44.500000,-0.450552,1.575790,-1.295567,0.463512,0.609445,-0.147993,1.364444,1.018235,-1.273385,0.122753,1.502557,-0.722368,1.042576,1.649781,0.682441,2.112583
5374,44.520000,-0.382142,1.575199,-1.352499,0.468208,0.574286,-0.091080,1.460322,1.042117,-1.316466,0.149043,1.459705,-0.823622,0.988144,1.596429,0.655257,2.106792
5375,44.540000,-0.370467,1.620610,-1.354724,0.478335,0.567938,-0.081004,1.568303,1.049464,-1.328921,0.117056,1.437825,-0.951057,0.978466,1.590738,0.592268,2.093620
5376,44.560000,-0.331955,1.674852,-1.419402,0.471890,0.569629,0.033695,1.644663,1.076285,-1.358109,0.061540,1.404210,-1.106441,0.929647,1.657248,0.532630,2.129492
5377,44.580000,-0.387412,1.710904,-1.476172,0.504035,0.567902,0.108988,1.766437,1.104451,-1.361427,0.099017,1.503337,-0.943859,1.053400,1.742666,0.613821,2.200776
5378,44.600000,-0.475033,1.764838,-1.554656,0.516508,0.579497,0.117445,1.911835,1.143155,-1.347212,0.113375,1.598746,-0.865358,1.164687,1.791499,0.727214,2.273667
5379,44.620000,-0.578718,1.806750,-1.678396,0.549419,0.594596,0.164090,2.006846,1.174751,-1.362811,0.141282,1.664032,-0.835797,1.251567,1.905938,0.799297,2.407093
5380,44.640000,-0.683387,1.826590,-1.794837,0.565585,0.576531,0.198733,2.204376,1.191304,-1.319699,0.068936,1.617347,-0.977009,1.246000,1.928100,0.730338,2.350061
5381,44.660000,-0.782377,1.848642,-1.868913,0.588051,0.588544,0.282359,2.341920,1.210136,-1.320441,0.052187,1.651711,-0.988752,1.267649,1.988347,0.713168,2.357212
5382,44.680000,-0.916018,1.875995,-1.980346,0.641190,0.619411,0.414079,2.434660,1.238043,-1.343931,0.132922,1.838895,-0.751499,1.357836,2.052460,0.782423,2.510010
5383,44.700000,-1.066674,1.882230,-2.081929,0.703693,0.617179,0.467390,2.484317,1.224303,-1.339444,0.160714,1.924796,-0.608972,1.301350,2.100608,0.689641,2.656431
5384,44.720000,-1.114056,1.895406,-2.108297,0.686956,0.643559,0.549612,2.635693,1.255332,-1.320449,0.170191,1.994043,-0.524674,1.351284,2.103099,0.712403,2.725427
5385,44.740000,-1.204927,1.894731,-2.183618,0.691863,0.640723,0.532133,2.749242,1.287642,-1.365249,0.163225,2.006987,-0.565976,1.481522,2.157402,0.832767,2.817967
5386,44.760000,-1.301713,1.934027,-2.217720,0.698634,0.676750,0.467401,2.889393,1.365139,-1.286186,0.050761,1.995739,-0.612374,1.710048,2.354637,1.155313,2.997294
5387,44.780000,-1.478697,1.874117,-2.389957,0.818396,0.696249,0.351451,2.731435,1.385142,-1.311945,0.120928,2.139121,-0.616190,1.854355,2.670331,1.239005,3.280524
5388,44.800000,-1.580839,1.969314,-2.257676,0.750656,0.815877,0.120364,3.023973,1.546710,-0.891084,-0.121224,2.266432,-0.287312,2.322399,2.992458,1.804177,3.637883
5389,44.820000,-1.499607,1.985565,-2.250376,0.621081,0.853822,-0.139995,2.987533,1.731920,-0.666076,-0.277215,2.519995,0.203481,2.828878,3.182852,2.487492,3.856123
5390,44.840000,-1.266402,1.883580,-2.199653,0.475523,0.895989,-0.409052,2.852002,1.882685,-0.323700,-0.478022,2.633344,0.531773,3.028952,3.185092,2.926331,3.941362
5391,44.860000,-1.140064,1.882222,-2.114072,0.416336,0.970506,-0.525078,2.758232,2.019333,0.091792,-0.613428,2.720731,0.735245,3.113474,3.149841,3.064696,4.070184
5392,44.880000,-0.882190,1.836294,-2.070888,0.284032,0.977526,-0.565905,2.702136,2.035452,0.107349,-0.686812,2.534764,0.348543,2.992377,2.962842,2.902581,3.971043
5393,44.900000,-0.803067,1.878922,-2.024968,0.286058,1.015133,-0.513165,2.616310,2.098434,0.223957,-0.709368,2.715595,0.784354,3.128766,3.034031,3.008204,4.106046
5394,44.920000,-0.927520,1.959316,-1.963858,0.409806,1.108389,-0.647402,2.525445,2.019218,0.382726,-0.724414,2.836488,0.840768,3.197715,3.201135,2.869844,4.365945
5395,44.940000,-0.933642,1.969660,-1.942773,0.376066,1.128413,-0.651905,2.493154,2.023198,0.463455,-0.712155,2.817389,0.918626,3.325142,3.286315,2.854607,4.516350
5396,44.960000,-0.917335,1.909549,-1.962207,0.420991,1.072071,-0.665138,2.283196,1.915304,0.066735,-0.665712,2.703617,0.785690,3.342308,3.279078,2.848823,4.322431
5397,44.980000,-0.756768,1.861360,-1.907463,0.313727,1.088878,-0.560149,2.228379,1.820625,-0.147558,-0.648480,2.504905,0.598444,3.184963,3.258875,2.783990,4.089807
5398,45.000000,-0.681683,1.893538,-1.822285,0.279928,1.103742,-0.418964,2.107301,1.649647,-0.456297,-0.662686,2.378256,0.433101,2.955914,3.300135,2.603453,3.871524
5399,45.020000,-0.554648,1.781016,-1.863331,0.206132,1.045447,-0.240343,1.980405,1.445878,-0.883561,-0.595290,2.113531,-0.083597,2.618338,3.264037,2.276954,3.625771
5400,45.040000,-0.499031,1.695214,-1.887880,0.214832,0.991046,-0.055527,1.737604,1.238169,-1.273387,-0.479046,1.969228,-0.403586,2.287644,3.246290,1.933823,3.468135
5401,45.060000,-0.462657,1.641013,-1.880525,0.083751,0.863088,0.076534,1.676425,1.191719,-1.512524,-0.388473,1.808905,-0.647537,2.163721,3.153674,1.936622,3.354950
5402,45.080000,-0.497035,1.577012,-1.873615,-0.015483,0.774635,0.124107,1.595261,1.160759,-1.655577,-0.301845,1.724578,-0.784621,2.164167,3.107782,2.001634,3.357820
5403,45.100000,-0.509256,1.531461,-1.869442,-0.075079,0.714279,0.098953,1.542997,1.150061,-1.710468,-0.250137,1.663506,-0.904762,2.167782,3.068102,2.024796,3.374873
5404,45.120000,-0.550942,1.485639,-1.881993,-0.124334,0.638779,-0.008142,1.350198,1.153258,-1.836559,-0.147079,1.587949,-1.073771,2.168940,3.076451,2.012835,3.395177
5405,45.140000,-0.587965,1.446758,-1.893972,-0.168639,0.558486,-0.168206,1.162651,1.164359,-1.945745,-0.017142,1.435708,-1.457593,2.171099,3.048828,1.980018,3.318721
5406,45.160000,-0.565246,1.483953,-1.841176,-0.199960,0.578644,-0.142770,1.104459,1.191072,-1.891219,0.020464,1.466670,-1.446855,2.239110,3.023728,1.977359,3.339538
5407,45.180000,-0.511796,1.501876,-1.774261,-0.233645,0.591479,-0.182541,1.053841,1.222112,-1.869858,0.092489,1.538417,-1.369478,2.377974,2.976475,2.052398,3.388597
5408,45.200000,-0.490793,1.515806,-1.716851,-0.252688,0.633006,-0.267511,0.975503,1.245668,-1.915138,0.103365,1.540540,-1.346986,2.517835,2.921039,2.181450,3.419918
5409,45.220000,-0.430550,1.569411,-1.776269,-0.260631,0.624695,-0.304853,0.871522,1.308097,-2.000067,0.207420,1.472225,-1.506536,2.598337,2.811270,2.264932,3.383156
5410,45.240000,-0.466244,1.608278,-1.752147,-0.225436,0.684732,-0.367621,0.868233,1.323831,-1.937872,0.184682,1.506380,-1.505609,2.572089,2.755023,2.222365,3.373138
5411,45.260000,-0.433272,1.656886,-1.782748,-0.192452,0.791731,-0.329020,0.882707,1.335323,-1.881884,0.161417,1.618342,-1.392062,2.507677,2.770537,2.183193,3.529107
5412,45.280000,-0.534706,1.681706,-1.878337,-0.160479,0.823428,-0.463731,0.884833,1.376464,-1.908196,0.228191,1.652768,-1.442848,2.538104,2.730784,2.164646,3.543079
5413,45.300000,-0.649809,1.721704,-1.948638,-0.096842,0.906081,-0.537893,0.899243,1.416300,-1.899056,0.298071,1.696539,-1.463634,2.595750,2.687706,2.197237,3.596259
5414,45.320000,-0.794866,1.775130,-2.041647,-0.031629,0.976589,-0.663610,0.870138,1.458386,-1.945526,0.360129,1.691940,-1.584312,2.642994,2.690665,2.225796,3.589293
5415,45.340000,-0.955410,1.786337,-2.151736,0.117604,1.085182,-0.752706,0.792556,1.502339,-2.013249,0.462923,1.740645,-1.547007,2.690493,2.699549,2.263146,3.616137
5416,45.360000,-0.977291,1.885724,-2.077749,0.110084,1.171502,-0.778642,0.936651,1.583447,-1.923298,0.408167,1.888976,-1.317091,2.824499,2.692928,2.393039,3.693254
5417,45.380000,-1.147854,1.907366,-2.218764,0.255144,1.264934,-0.867563,0.790269,1.608909,-2.050305,0.489151,1.904585,-1.317625,2.811128,2.717352,2.435372,3.718748
5418,45.400000,-1.185357,1.914136,-2.224674,0.271712,1.387423,-0.927078,0.858738,1.648661,-1.927311,0.488139,1.992064,-1.300223,2.706676,2.644977,2.372504,3.812649
5419,45.420000,-1.194608,1.899711,-2.264837,0.262704,1.412523,-1.133562,0.806683,1.669672,-2.029312,0.521260,1.976994,-1.392262,2.640115,2.523811,2.326875,3.699534
5420,45.440000,-1.144765,1.879753,-2.301871,0.226625,1.457832,-1.232303,0.713746,1.675409,-2.066408,0.630513,1.974858,-1.563468,2.475922,2.371802,2.261832,3.652427
5421,45.460000,-1.225067,1.840537,-2.404529,0.374422,1.589611,-1.341741,0.429411,1.685306,-2.166031,0.815447,2.030670,-1.568848,2.265454,2.370842,2.174220,3.790429
5422,45.480000,-1.257392,1.859473,-2.487023,0.376247,1.600063,-1.473491,0.268763,1.725786,-2.311147,1.012244,1.923811,-1.849600,2.187551,2.313553,2.277497,3.786135
5423,45.500000,-1.329040,1.854779,-2.472782,0.369705,1.688202,-1.610911,0.160538,1.743719,-2.361348,1.091802,1.874298,-2.024001,2.043553,2.296584,2.296766,3.690829
5424,45.520000,-1.373899,1.863165,-2.546405,0.448764,1.814112,-1.655850,0.182522,1.809170,-2.275170,1.114032,2.070128,-1.663250,1.968632,2.386573,2.353715,3.799008
5425,45.540000,-1.391573,1.852074,-2.605461,0.450387,1.867664,-1.878318,0.114591,1.863333,-2.331700,1.188829,2.134474,-1.637880,1.985320,2.378690,2.454131,3.783974
5426,45.560000,-1.313919,1.790096,-2.678189,0.483306,1.933827,-1.888872,-0.017728,1.891710,-2.475644,1.290986,2.097596,-1.757874,1.938246,2.323418,2.523944,3.718622
5427,45.580000,-1.299364,1.814703,-2.719394,0.546563,2.025546,-1.939775,-0.095506,1.916828,-2.428209,1.299199,2.087691,-1.764657,1.855267,2.333071,2.492913,3.716289
5428,45.600000,-1.255825,1.814531,-2.760217,0.508727,2.050989,-2.049987,-0.080275,1.935527,-2.341157,1.353911,2.206886,-1.666688,1.783107,2.364101,2.400367,3.792279
5429,45.620000,-1.200666,1.848511,-2.728019,0.412058,2.039033,-2.089964,0.054123,1.973456,-2.310316,1.280797,2.142548,-1.763526,1.815461,2.304130,2.432943,3.637393
5430,45.640000,-1.219393,1.868294,-2.758369,0.420256,2.094563,-2.091587,0.133885,2.013576,-2.196747,1.266310,2.218096,-1.538207,1.810372,2.354420,2.449518,3.643446
5431,45.660000,-1.152700,1.913457,-2.773318,0.405335,2.093710,-2.225883,0.170062,2.038335,-2.209964,1.201102,2.102543,-1.748064,1.881060,2.314542,2.570752,3.472800
5432,45.680000,-1.188535,1.900752,-2.863814,0.495984,2.149614,-2.274328,0.085577,2.050936,-2.223959,1.242886,2.079432,-1.737656,1.877005,2.316637,2.613534,3.413532
5433,45.700000,-1.246065,1.972160,-2.876978,0.571011,2.193412,-2.312615,0.166013,2.115880,-2.095521,1.156754,2.117257,-1.641334,1.968768,2.400267,2.706210,3.418211
5434,45.720000,-1.362610,1.992733,-2.954812,0.701471,2.251963,-2.385973,0.164326,2.163876,-2.035997,1.151101,2.160683,-1.469259,2.043599,2.472357,2.773258,3.445869
5435,45.740000,-1.477602,2.023106,-3.019906,0.898060,2.334203,-2.420795,0.088586,2.196444,-2.007966,1.127249,2.120180,-1.466641,2.116996,2.547539,2.916408,3.508970
5436,45.760000,-1.569045,2.047032,-3.029299,1.048092,2.388743,-2.441727,0.013386,2.222087,-1.882777,1.109302,2.150526,-1.351796,2.145801,2.603246,2.959731,3.650242
5437,45.780000,-1.628697,2.063103,-3.057590,1.189057,2.410365,-2.509566,-0.103613,2.220326,-1.835958,1.140548,2.160654,-1.329407,2.173463,2.606451,2.971715,3.772611
5438,45.800000,-1.683488,2.103472,-3.039083,1.244876,2.403277,-2.491345,0.031235,2.291134,-1.633209,1.003272,2.169955,-1.165647,2.256647,2.592802,3.049851,3.800310
5439,45.820000,-1.697946,2.150559,-2.996754,1.268286,2.391045,-2.484765,0.158501,2.336462,-1.482316,0.888830,2.200876,-0.975334,2.380591,2.595842,3.111730,3.767128
5440,45.840000,-1.702680,2.147033,-3.014639,1.279938,2.349777,-2.528438,0.154880,2.314894,-1.472459,0.940061,2.102873,-1.108403,2.415865,2.598577,3.089487,3.744866
5441,45.860000,-1.671026,2.149779,-2.982207,1.260523,2.330553,-2.538382,0.146732,2.262723,-1.467084,0.985605,2.041506,-1.243086,2.340038,2.573373,3.011987,3.727798
5442,45.880000,-1.578882,2.130622,-2.960486,1.263579,2.309484,-2.530035,-0.018023,2.162470,-1.643365,1.099138,1.972358,-1.363307,2.207000,2.488194,2.998187,3.683306
5443,45.900000,-1.520861,2.157343,-2.926533,1.216618,2.265453,-2.481130,0.104658,2.197684,-1.536370,0.974164,1.967657,-1.214267,2.172575,2.434103,2.984985,3.604501
5444,45.920000,-1.483496,2.161738,-2.963357,1.184898,2.217841,-2.465385,0.171392,2.186428,-1.552999,0.964190,1.943646,-1.211922,2.204322,2.454367,2.956763,3.536980
5445,45.940000,-1.417798,2.141695,-2.949224,1.129675,2.187053,-2.465287,0.217464,2.159752,-1.571718,0.963535,1.915254,-1.225350,2.176065,2.448659,2.927581,3.481167
5446,45.960000,-1.345564,2.128085,-2.977686,1.109405,2.144025,-2.474994,0.158552,2.105089,-1.701428,0.997872,1.847939,-1.304946,2.169075,2.422654,2.904376,3.395888
5447,45.980000,-1.268437,2.086633,-2.999083,1.104197,2.119899,-2.496880,0.000887,2.036734,-1.822862,1.100599,1.804841,-1.442039,2.075747,2.405042,2.816642,3.413033
5448,46.000000,-1.287339,2.098756,-3.072601,1.211213,2.135132,-2.404068,-0.007833,2.070836,-1.890948,1.034773,1.788676,-1.318815,2.120298,2.447143,2.877047,3.395011
5449,46.020000,-1.326004,2.093387,-3.108819,1.246395,2.119107,-2.369371,0.057681,2.074226,-1.876033,0.999061,1.792489,-1.228510,2.127350,2.539970,2.836150,3.441863
5450,46.040000,-1.305453,2.066340,-3.135320,1.207546,2.090036,-2.343085,0.082655,2.031386,-1.888705,1.096617,1.743580,-1.403930,2.037685,2.645468,2.707263,3.537320
5451,46.060000,-1.267408,2.038351,-3.157624,1.185499,2.053653,-2.333258,0.045130,1.992716,-1.980775,1.172607,1.679190,-1.552582,1.981506,2.660013,2.659861,3.531420
5452,46.080000,-1.161337,2.049843,-3.086700,1.162702,2.027350,-2.373753,0.041097,1.972744,-1.956992,1.154940,1.690011,-1.527814,1.936366,2.599119,2.610250,3.483520
5453,46.100000,-1.079809,2.089278,-3.050346,1.077042,1.966341,-2.323771,0.249004,2.006510,-1.883916,1.040451,1.687308,-1.434484,1.994490,2.556251,2.608410,3.358408
5454,46.120000,-0.931901,2.120802,-2.971382,0.964144,1.937713,-2.246056,0.457091,2.013760,-1.768942,0.928656,1.734472,-1.378518,2.070547,2.576059,2.617252,3.361653
5455,46.140000,-0.905704,2.155560,-3.002457,1.038797,1.972381,-2.208210,0.451675,2.012277,-1.842625,0.869015,1.712759,-1.268141,2.138425,2.626785,2.686726,3.343083
5456,46.160000,-0.886092,2.137887,-3.048648,1.023927,1.982279,-2.129762,0.329509,1.933493,-1.961110,0.980368,1.665723,-1.411847,2.067922,2.774422,2.546614,3.498779
5457,46.180000,-0.838997,2.112418,-3.095885,1.045793,2.047167,-2.062195,0.177434,1.816330,-2.008627,1.103045,1.722461,-1.491834,1.875728,3.026454,2.211416,3.829451
5458,46.200000,-0.813669,2.169563,-3.019782,0.974143,2.044656,-1.965094,0.502799,1.832582,-1.804287,0.940376,1.838471,-1.285927,1.813529,3.168606,1.987274,3.995461
5459,46.220000,-0.832897,2.209988,-2.970825,0.960992,2.021079,-1.977121,0.751517,1.841502,-1.783390,0.849701,1.893605,-1.091353,1.937728,3.193004,2.054727,3.976197
5460,46.240000,-0.765720,2.216442,-2.925183,0.881873,1.971150,-1.936084,0.887410,1.836477,-1.850675,0.808252,1.824579,-1.112104,2.048090,3.137326,2.219609,3.843878
5461,46.260000,-0.725530,2.288126,-2.815228,0.948333,1.984854,-2.053015,0.888986,1.848602,-1.802414,0.799535,1.838775,-1.059922,2.196425,3.082124,2.400274,3.775959
5462,46.280000,-0.692226,2.361970,-2.779558,0.930092,1.960319,-1.986455,1.220820,1.915739,-1.601316,0.539671,1.888829,-0.894563,2.397058,3.134027,2.543959,3.799055
5463,46.300000,-0.741380,2.367333,-2.830188,0.906759,1.932660,-1.908722,1.340194,1.911441,-1.557893,0.488946,1.846286,-0.919363,2.480215,3.225192,2.529554,3.799474
5464,46.320000,-0.784162,2.380960,-2.859215,1.078003,1.972048,-1.843222,1.294217,1.906634,-1.614381,0.335138,1.857355,-0.741422,2.523417,3.295860,2.647346,3.818363
5465,46.340000,-0.689541,2.393264,-2.786885,1.062208,1.960807,-1.910047,1.265096,1.852163,-1.493420,0.332524,1.881424,-0.838782,2.496347,3.285573,2.569268,3.952609
5466,46.360000,-0.623694,2.435691,-2.721844,0.966020,1.928670,-1.775242,1.473975,1.867905,-1.333482,0.149193,1.934724,-0.697631,2.506021,3.329980,2.423126,4.079635
5467,46.380000,-0.604957,2.461661,-2.635592,0.908960,1.916336,-1.696422,1.646851,1.878294,-1.196775,-0.043803,1.980287,-0.534302,2.572033,3.382260,2.422074,4.196698
5468,46.400000,-0.482163,2.464738,-2.522900,0.776853,1.865158,-1.658256,1.640149,1.844172,-1.264225,-0.069166,1.893488,-0.627191,2.629130,3.332703,2.476972,4.178674
5469,46.420000,-0.490211,2.482887,-2.468102,0.819159,1.835117,-1.722038,1.560492,1.798330,-1.299510,-0.157352,1.904787,-0.526024,2.655786,3.257046,2.558092,4.117707
5470,46.440000,-0.445517,2.457729,-2.425901,0.768033,1.748696,-1.771582,1.316962,1.731200,-1.492104,0.013618,1.771752,-0.800174,2.639853,3.122370,2.640517,3.975277
5471,46.460000,-0.375888,2.440896,-2.361305,0.596353,1.675878,-1.666118,1.419692,1.702097,-1.368464,-0.109095,1.749169,-0.780057,2.516062,3.057376,2.525167,3.917994
5472,46.480000,-0.400324,2.446002,-2.349846,0.558004,1.646877,-1.617440,1.489527,1.697073,-1.269459,-0.204711,1.776200,-0.667725,2.535354,3.076708,2.515186,3.880510
5473,46.500000,-0.400778,2.410179,-2.358194,0.629029,1.636098,-1.549833,1.368580,1.658202,-1.379895,-0.270289,1.770065,-0.598927,2.542202,3.119403,2.652876,3.936657
5474,46.520000,-0.322560,2.363449,-2.274146,0.514027,1.592958,-1.589445,1.380498,1.593332,-1.257814,-0.276027,1.781634,-0.657962,2.527220,3.139625,2.588662,4.042971
5475,46.540000,-0.284326,2.302137,-2.250007,0.407585,1.517555,-1.545447,1.136331,1.521318,-1.419934,-0.109286,1.667704,-0.843607,2.445964,3.110861,2.542569,3.977072
5476,46.560000,-0.278064,2.289597,-2.211476,0.434649,1.526595,-1.542083,1.096539,1.504380,-1.330664,-0.124580,1.715280,-0.792154,2.487444,3.122926,2.586533,4.061659
5477,46.580000,-0.251231,2.317538,-2.113878,0.334036,1.488920,-1.433247,1.295740,1.522303,-1.164642,-0.261737,1.771863,-0.653868,2.636009,3.194043,2.609944,4.161412
5478,46.600000,-0.244018,2.196098,-2.139152,0.225838,1.396135,-1.389084,1.000274,1.426549,-1.433839,0.010471,1.599688,-0.943157,2.583740,3.174849,2.663917,4.045098
5479,46.620000,-0.248512,2.250365,-2.043213,0.247165,1.482210,-1.298772,1.185776,1.444669,-1.166242,-0.264109,1.707287,-0.608777,2.645796,3.268072,2.697257,4.169374
5480,46.640000,-0.320028,2.269000,-2.040133,0.271586,1.446487,-1.270138,1.259384,1.452605,-1.163034,-0.421803,1.763205,-0.428066,2.774888,3.354436,2.775150,4.164644
5481,46.660000,-0.357453,2.183328,-2.064065,0.134387,1.333207,-1.249730,1.171693,1.404529,-1.317188,-0.332930,1.587196,-0.644669,2.758096,3.293992,2.809091,3.991809
5482,46.680000,-0.283132,2.192691,-1.974896,0.213960,1.429942,-1.132158,1.204004,1.380863,-1.225115,-0.595614,1.706393,-0.361661,2.783272,3.327349,2.838416,4.037801
5483,46.700000,-0.217831,2.180761,-1.828207,-0.001009,1.338248,-1.131670,1.318859,1.392107,-1.056120,-0.652456,1.710964,-0.426041,2.896859,3.351655,2.797044,4.074893
5484,46.720000,-0.224024,2.101408,-1.823380,-0.089915,1.292352,-1.083431,1.228006,1.330509,-1.126612,-0.578535,1.619644,-0.539282,2.911409,3.311643,2.802420,4.016638
5485,46.740000,-0.173225,2.100383,-1.728358,-0.088110,1.349295,-0.987723,1.229222,1.337882,-0.963583,-0.721735,1.695404,-0.406745,3.010697,3.408216,2.871702,4.196449
5486,46.760000,-0.162355,2.054401,-1.656991,-0.247418,1.215091,-1.048568,1.250918,1.303278,-0.940943,-0.680099,1.638195,-0.539759,3.058151,3.392450,2.842183,4.119757
5487,46.780000,-0.370024,2.100102,-2.035488,0.079783,1.481331,-1.031152,1.478663,1.300637,-0.470176,-1.189732,1.910975,0.096001,3.170771,3.718254,2.685661,4.334460
5488,46.800000,-0.467068,2.088692,-2.032593,0.132018,1.494402,-1.068502,1.606955,1.358545,-0.328880,-1.282945,2.029929,0.203107,3.294450,3.868773,2.650717,4.441478
5489,46.820000,-0.351224,2.082516,-1.754811,-0.101061,1.436299,-1.018969,1.612100,1.313423,-0.504425,-1.215458,1.979674,0.106379,3.394617,3.810190,2.755504,4.405518
5490,46.840000,-0.282382,2.101863,-1.569771,-0.135054,1.434578,-0.950976,1.574905,1.282835,-0.656756,-1.255515,1.922469,0.093352,3.447038,3.700135,2.917377,4.271328
5491,46.860000,-0.185880,2.099117,-1.391731,-0.238896,1.337846,-0.857096,1.633356,1.351946,-0.757934,-1.318773,1.905460,0.161797,3.645626,3.593778,3.227630,4.142106
5492,46.880000,-0.191313,1.990217,-1.409325,-0.374267,1.199182,-0.844821,1.507638,1.278785,-0.898361,-1.213623,1.666357,-0.151398,3.508138,3.416841,3.265389,3.810916
5493,46.900000,-0.090849,1.957367,-1.389148,-0.320383,1.245431,-0.698967,1.417845,1.228715,-0.817606,-1.370681,1.734696,-0.005673,3.396943,3.440468,3.318781,3.848675
5494,46.920000,-0.085693,1.812949,-1.423432,-0.337009,1.099409,-0.797298,1.118570,1.138868,-0.971395,-1.175785,1.618615,-0.388318,3.195694,3.376425,3.219844,3.767319
5495,46.940000,-0.073760,1.739293,-1.342327,-0.505300,1.029784,-0.781953,1.044738,1.156252,-0.948470,-1.035826,1.614745,-0.559161,3.245516,3.400283,3.212633,3.884141
5496,46.960000,-0.159214,1.669884,-1.414392,-0.501694,0.991517,-0.795242,0.960031,1.142405,-0.922205,-0.942102,1.628076,-0.671382,3.249815,3.522455,3.117007,3.987092
5497,46.980000,-0.169438,1.679572,-1.351639,-0.508253,0.986292,-0.777488,1.027133,1.160244,-0.742828,-1.053418,1.659983,-0.503274,3.293661,3.622210,3.137894,4.111098
5498,47.000000,-0.177420,1.644808,-1.332026,-0.551478,0.927057,-0.798701,1.026317,1.167114,-0.824837,-1.122465,1.648948,-0.426588,3.354216,3.665483,3.203094,4.032236
5499,47.020000,-0.172147,1.632817,-1.315639,-0.554698,0.919285,-0.735606,0.994519,1.195699,-0.976794,-1.207380,1.647526,-0.355049,3.457654,3.700611,3.343612,3.991719
5500,47.040000,-0.102086,1.620195,-1.163851,-0.660395,0.917214,-0.755729,1.089509,1.210476,-0.788867,-1.256592,1.741714,-0.373900,3.534546,3.706581,3.322501,4.037442
5501,47.060000,-0.137053,1.552808,-1.157976,-0.780139,0.853938,-0.828960,0.998013,1.231010,-0.907030,-1.161313,1.694853,-0.640783,3.579969,3.660601,3.305857,3.964019
5502,47.080000,-0.074271,1.565422,-1.076156,-0.825634,0.932258,-0.724346,1.112553,1.288155,-0.861097,-1.402932,1.825890,-0.385974,3.718027,3.720873,3.453068,4.142095
5503,47.100000,-0.104861,1.532750,-1.178674,-0.743987,0.927068,-0.767556,0.974884,1.223080,-0.891528,-1.310291,1.833732,-0.585648,3.588341,3.749881,3.304541,4.213254
5504,47.120000,-0.047380,1.524601,-1.091869,-0.871950,0.921142,-0.822828,1.049213,1.288401,-0.892293,-1.419471,1.897308,-0.518765,3.657054,3.728338,3.327315,4.250875
5505,47.140000,-0.047260,1.553685,-1.123572,-0.916912,0.958157,-0.703780,1.195160,1.330118,-0.915329,-1.571111,1.992701,-0.369291,3.662149,3.717716,3.367343,4.302838
5506,47.160000,-0.179549,1.559945,-1.175138,-0.852733,0.965781,-0.661455,1.111340,1.332001,-1.068595,-1.550025,1.913826,-0.523322,3.551113,3.693963,3.456301,4.297699
5507,47.180000,-0.177018,1.667267,-1.034335,-0.875322,1.088371,-0.477181,1.240448,1.327044,-0.930423,-1.715843,1.985387,-0.335022,3.415936,3.608263,3.609881,4.354294
5508,47.200000,-0.162124,1.823414,-0.707395,-0.892365,1.313081,-0.195275,1.364840,1.343401,-0.699969,-1.800105,2.121370,-0.210456,3.299664,3.441481,3.959570,4.658898
5509,47.220000,-0.110075,1.975419,-0.412503,-0.953681,1.440257,0.082887,1.434012,1.399402,-0.664836,-1.858138,2.113829,-0.334408,3.184343,3.025011,4.625749,4.910122
5510,47.240000,0.014929,1.793447,-0.636292,-0.945798,1.356839,0.001519,1.312589,1.360899,-0.749042,-1.814283,2.162296,-0.476650,3.148570,2.845130,4.616381,4.954386
5511,47.260000,-0.003844,1.813100,-0.677067,-0.888604,1.304321,-0.094687,1.351569,1.478449,-0.567416,-1.835172,2.242528,-0.437554,3.234970,2.789367,4.634063,4.952085
5512,47.280000,-0.043683,1.819127,-0.683974,-0.851198,1.269283,-0.156822,1.420151,1.642420,-0.561702,-1.907772,2.373153,-0.219283,3.504277,2.922680,4.798241,5.011782
5513,47.300000,-0.048452,1.681548,-0.956702,-0.828255,1.096596,-0.393797,1.355782,1.684858,-0.629210,-1.881287,2.372477,-0.299097,3.689789,3.135011,4.499936,4.848689
5514,47.320000,-0.102028,1.697042,-0.993403,-0.713945,1.145489,-0.388590,1.293487,1.652680,-0.695389,-1.827672,2.372910,-0.471520,3.598090,3.307877,4.084664,4.752801
5515,47.340000,-0.085458,1.675400,-1.050939,-0.811357,1.052870,-0.414190,1.384444,1.710981,-0.662514,-1.809488,2.439318,-0.375896,3.668193,3.546152,3.787846,4.611516
5516,47.360000,-0.108741,1.530480,-1.134763,-0.819677,0.964958,-0.489447,1.094691,1.550744,-1.178626,-1.529936,2.323457,-0.903972,3.534702,3.612760,3.282142,4.303630
5517,47.380000,0.007116,1.509216,-1.114127,-1.020392,0.856681,-0.234404,1.083141,1.491873,-1.501691,-1.368395,2.154954,-1.008714,3.100552,3.352849,2.832489,3.800900
5518,47.400000,0.482457,1.235503,-1.122999,-1.471250,0.430990,0.065940,0.731156,1.153988,-2.030081,-0.771755,1.916973,-1.625039,1.570585,2.080905,1.199482,2.488889
5519,47.420000,0.932880,0.917993,-1.023420,-1.670811,0.122877,0.007185,0.348349,1.098505,-2.312103,-0.167274,1.808867,-2.066377,0.719254,1.526510,0.664984,2.220768
5520,47.440000,1.243885,0.569292,-1.007833,-1.996911,-0.239790,0.112210,0.207132,1.165576,-2.761662,0.279300,1.712196,-2.298495,0.515027,1.342925,0.880920,2.308720
5521,47.460000,1.647286,0.296620,-1.008188,-2.131023,-0.377208,0.066014,-0.120486,1.275126,-2.844686,0.667526,1.687873,-2.451088,0.542090,1.640604,1.095215,2.577001
5522,47.480000,1.878272,0.230664,-1.099818,-2.130280,-0.371359,-0.101444,-0.331773,1.335854,-2.866033,0.890280,1.672688,-2.458285,0.628167,2.129466,1.227039,2.779133
5523,47.500000,2.104876,0.182330,-1.109775,-2.186064,-0.358982,-0.169802,-0.333985,1.397973,-2.816404,0.985977,1.712376,-2.367196,0.807719,2.470295,1.371939,2.936309
5524,47.520000,2.094186,0.293018,-1.139225,-2.206292,-0.301207,-0.343212,-0.224513,1.377984,-2.764036,1.055844,1.677182,-2.347908,0.943385,2.573436,1.284131,2.855217
5525,47.540000,2.051887,0.374784,-1.151260,-2.211597,-0.165146,-0.333448,-0.108047,1.330895,-2.705957,1.105798,1.698088,-2.294159,0.980336,2.640626,1.078077,2.810982
5526,47.560000,1.968738,0.507710,-1.088066,-2.179459,0.023075,-0.333013,-0.001991,1.294518,-2.666847,1.178254,1.762516,-2.263209,1.012552,2.779828,0.851525,2.823371
5527,47.580000,1.763999,0.628071,-1.043404,-2.105066,0.156192,-0.203799,0.130697,1.203362,-2.638024,1.202982,1.751111,-2.210151,1.009478,2.885649,0.641487,2.848043
5528,47.600000,1.551195,0.783500,-0.983016,-1.893191,0.356676,-0.059716,0.291634,1.170502,-2.616311,1.181358,1.830716,-2.077215,1.065023,2.921743,0.549055,2.879510
5529,47.620000,1.354961,0.924213,-0.848656,-1.737315,0.481679,-0.092545,0.450900,1.157081,-2.580854,1.103374,1.875436,-1.953814,1.247468,2.856030,0.568109,2.913529
5530,47.640000,1.070442,1.124674,-0.807724,-1.510844,0.592715,-0.081088,0.629136,1.141692,-2.592814,1.002982,1.888005,-1.867462,1.475273,2.718298,0.668685,2.945351
5531,47.660000,0.810048,1.249783,-0.745341,-1.391109,0.647906,-0.050018,0.877802,1.120765,-2.517588,0.800968,1.888303,-1.755677,1.613703,2.470895,0.673167,2.878323
5532,47.680000,0.603679,1.416785,-0.848715,-1.202732,0.738353,-0.052549,1.037189,1.130533,-2.465381,0.583674,1.948599,-1.590518,1.696897,2.319591,0.680066,2.819262
5533,47.700000,0.410056,1.555070,-0.926181,-0.984413,0.861053,-0.087857,1.185622,1.171511,-2.341983,0.288808,2.072458,-1.286274,1.800617,2.293368,0.727076,2.840776
5534,47.720000,0.371487,1.692814,-0.848646,-0.977021,0.929460,-0.216684,1.385058,1.241323,-2.218949,0.062397,2.227002,-1.084110,2.033791,2.300966,0.841522,2.909983
5535,47.740000,0.284344,1.798554,-0.885760,-0.894340,1.061540,-0.306338,1.571593,1.320982,-2.056923,-0.228771,2.383492,-0.764200,2.245850,2.359999,1.007650,3.001874
5536,47.760000,0.199218,1.867578,-1.069567,-0.752312,1.205140,-0.403023,1.615184,1.405024,-1.852338,-0.443495,2.521562,-0.612110,2.395522,2.480903,1.154412,3.230739
5537,47.780000,0.148314,1.982851,-1.127975,-0.733532,1.256775,-0.456747,1.763704,1.457487,-1.642716,-0.771733,2.547449,-0.417977,2.481724,2.509069,1.201803,3.234152
5538,47.800000,0.065036,2.030240,-1.244562,-0.536999,1.381415,-0.436938,1.775409,1.477271,-1.482605,-0.975562,2.792948,0.019615,2.521513,2.651440,1.151434,3.394717
5539,47.820000,0.001238,2.167659,-1.229595,-0.494938,1.408686,-0.505653,1.933466,1.558541,-1.342868,-1.198413,2.888570,0.377183,2.614641,2.714056,1.250893,3.480053
5540,47.840000,-0.006207,2.115680,-1.248296,-0.471421,1.454888,-0.557079,1.898230,1.563865,-1.319293,-1.130214,2.965780,0.385340,2.631404,2.719489,1.299341,3.577391
5541,47.860000,-0.029825,2.255467,-1.174269,-0.448973,1.526407,-0.501068,2.088578,1.632279,-1.103306,-1.322423,3.019221,0.698238,2.636844,2.750741,1.325240,3.608623
5542,47.880000,0.023007,2.200720,-1.201754,-0.455159,1.451747,-0.459194,2.065988,1.568904,-1.274797,-1.360402,2.778213,0.317646,2.445607,2.638439,1.186462,3.352952
5543,47.900000,0.068734,2.227123,-1.152637,-0.436980,1.493078,-0.364386,2.122302,1.547005,-1.202326,-1.338355,2.872956,0.537878,2.344401,2.662877,1.094483,3.285053
5544,47.920000,0.119138,2.199618,-1.107932,-0.494126,1.461448,-0.435076,2.134437,1.509609,-1.315276,-1.314654,2.774652,0.298961,2.258107,2.644869,1.055724,3.221857
5545,47.940000,0.182365,2.104579,-1.087240,-0.536067,1.456952,-0.330775,2.065397,1.413274,-1.323584,-1.254974,2.722243,0.220603,2.049420,2.571564,0.933712,3.219928
5546,47.960000,0.240278,2.035577,-1.067799,-0.575862,1.388398,-0.337993,2.038122,1.369545,-1.519207,-1.079084,2.672300,0.048896,1.965759,2.547348,0.909301,3.165232
5547,47.980000,0.207596,1.982786,-1.058388,-0.558618,1.351543,-0.394644,1.926038,1.287876,-1.669886,-0.995620,2.616875,-0.081799,1.864283,2.508852,0.923568,3.109023
5548,48.000000,0.208064,1.955060,-1.072574,-0.557323,1.293508,-0.388647,1.875127,1.241232,-1.869258,-0.918986,2.574839,-0.142560,1.848377,2.497805,1.005741,3.028534
5549,48.020000,0.235721,1.846644,-1.076019,-0.658662,1.150325,-0.393165,1.715033,1.204722,-2.043805,-0.756805,2.367675,-0.633435,1.688576,2.364999,0.972462,2.864864
5550,48.040000,0.251902,1.845417,-1.046232,-0.666937,1.177639,-0.294419,1.719335,1.169943,-2.055995,-0.760155,2.424534,-0.532602,1.599095,2.377212,0.924267,2.874758
5551,48.060000,0.220634,1.829269,-1.056381,-0.681592,1.175557,-0.318012,1.720521,1.161375,-2.039883,-0.774887,2.454175,-0.597026,1.587886,2.441010,0.854945,2.972380
5552,48.080000,0.217290,1.738096,-1.018744,-0.772157,1.097533,-0.389425,1.588689,1.119376,-2.099044,-0.650802,2.350799,-0.840212,1.498796,2.319741,0.789287,2.883303
5553,48.100000,0.241562,1.731747,-0.974316,-0.825994,1.069431,-0.302789,1.577738,1.108112,-2.146899,-0.657619,2.282467,-0.931383,1.427753,2.273289,0.715754,2.763348
5554,48.120000,0.238718,1.731045,-0.979088,-0.809454,1.086124,-0.256901,1.607859,1.104820,-2.130730,-0.678492,2.358220,-0.821120,1.408797,2.284339,0.683095,2.790788
5555,48.140000,0.219303,1.741124,-1.002543,-0.811889,1.076185,-0.292313,1.560543,1.128529,-2.170652,-0.548652,2.399977,-0.849240,1.515468,2.356021,0.782326,2.903702
5556,48.160000,0.185262,1.763178,-0.987301,-0.825731,1.083492,-0.246188,1.606959,1.145049,-2.194197,-0.606951,2.390460,-0.793956,1.564453,2.347371,0.859864,2.928174
5557,48.180000,0.180139,1.744555,-1.055756,-0.847702,1.062575,-0.242576,1.606234,1.153851,-2.181736,-0.618357,2.328955,-0.906557,1.557368,2.299198,0.871948,2.867426
5558,48.200000,0.159959,1.771413,-1.083139,-0.778589,1.123011,-0.264163,1.626525,1.160113,-2.070308,-0.690138,2.438101,-0.663658,1.558489,2.322864,0.852538,2.857403
5559,48.220000,0.147051,1.804288,-1.082563,-0.781914,1.136958,-0.283878,1.696775,1.161169,-2.059539,-0.766178,2.480812,-0.523708,1.597801,2.340165,0.849257,2.846244
5560,48.240000,0.140158,1.783204,-1.097720,-0.769286,1.146524,-0.240017,1.689928,1.131470,-2.028952,-0.840240,2.428913,-0.535896,1.531468,2.284464,0.744958,2.745634
5561,48.260000,0.138666,1.796900,-1.121956,-0.699555,1.196970,-0.216253,1.683407,1.141806,-1.979681,-0.831354,2.496780,-0.412950,1.537516,2.330313,0.731082,2.775710
5562,48.280000,0.134249,1.832411,-1.115863,-0.688337,1.214930,-0.135284,1.734518,1.160434,-1.999151,-0.837758,2.525690,-0.341060,1.631051,2.402863,0.831406,2.909056
5563,48.300000,0.131834,1.826480,-1.114810,-0.683530,1.187171,-0.159784,1.716934,1.147178,-2.003258,-0.861254,2.453583,-0.415517,1.605713,2.348183,0.834255,2.863507
5564,48.320000,0.104498,1.833094,-1.138130,-0.601308,1.233580,-0.149931,1.695488,1.156363,-1.948862,-0.842038,2.517320,-0.265214,1.657512,2.430660,0.880463,2.923983
5565,48.340000,0.096915,1.849035,-1.177786,-0.586715,1.229619,-0.170422,1.723664,1.152971,-1.963382,-0.843075,2.507947,-0.293583,1.687213,2.442522,0.907995,2.957216
5566,48.360000,0.095703,1.822187,-1.155788,-0.614922,1.162253,-0.217517,1.681104,1.129071,-1.990252,-0.834932,2.358213,-0.534780,1.563759,2.302584,0.820456,2.758440
5567,48.380000,0.081972,1.804482,-1.128486,-0.531341,1.229987,-0.233304,1.590000,1.116773,-1.848825,-0.801923,2.413999,-0.426135,1.499131,2.349493,0.745874,2.775493
5568,48.400000,0.126982,1.844316,-1.070786,-0.569331,1.205752,-0.220483,1.690831,1.136851,-1.886665,-0.820189,2.439205,-0.360874,1.532380,2.347160,0.803410,2.803535
5569,48.420000,0.098633,1.784317,-1.064914,-0.600300,1.164376,-0.242685,1.571239,1.118511,-1.943992,-0.721357,2.325949,-0.637234,1.547364,2.351179,0.792694,2.806323
5570,48.440000,0.108733,1.837379,-1.064670,-0.571511,1.208336,-0.208212,1.656152,1.104622,-1.884348,-0.790139,2.384852,-0.416198,1.559451,2.384533,0.829989,2.825169
5571,48.460000,0.103776,1.849726,-1.110269,-0.574636,1.196332,-0.213334,1.664864,1.125084,-1.910757,-0.717489,2.439751,-0.426813,1.650420,2.471150,0.881624,2.944269
5572,48.480000,0.113786,1.820846,-1.069860,-0.621712,1.159543,-0.214979,1.650707,1.107561,-1.955411,-0.748354,2.323773,-0.592322,1.578064,2.397241,0.891266,2.863048
5573,48.500000,0.090793,1.859662,-1.168986,-0.552646,1.232287,-0.147823,1.731021,1.130863,-1.874781,-0.777891,2.467067,-0.341718,1.663093,2.504655,0.932248,2.985639
5574,48.520000,0.068203,1.843941,-1.206615,-0.544368,1.195069,-0.282538,1.683530,1.127140,-1.861345,-0.761207,2.440572,-0.376011,1.624526,2.437855,0.938249,2.936934
5575,48.540000,0.103145,1.799634,-1.151216,-0.613740,1.143385,-0.282072,1.664153,1.086170,-1.909502,-0.782772,2.304547,-0.526919,1.480799,2.284548,0.822768,2.686150
5576,48.560000,0.116045,1.817998,-1.141453,-0.573743,1.207782,-0.176492,1.714155,1.079774,-1.886299,-0.819938,2.412924,-0.294855,1.477198,2.336598,0.751901,2.699010
5577,48.580000,0.092529,1.807035,-1.150969,-0.533779,1.210124,-0.260351,1.581897,1.077946,-1.878684,-0.697457,2.396898,-0.461684,1.496171,2.372061,0.771019,2.788303
5578,48.600000,0.106536,1.836326,-1.153112,-0.533993,1.229072,-0.122252,1.666687,1.092988,-1.884572,-0.760708,2.467893,-0.288837,1.568390,2.425045,0.864705,2.976202
5579,48.620000,0.065936,1.851692,-1.207535,-0.511635,1.245631,-0.073794,1.733491,1.101358,-1.876961,-0.757328,2.521590,-0.161175,1.701228,2.548076,0.925295,3.117574
5580,48.640000,0.015521,1.829271,-1.235745,-0.466187,1.239758,-0.236291,1.623448,1.104019,-1.815144,-0.708492,2.449171,-0.354003,1.604180,2.483547,0.880817,3.028596
5581,48.660000,0.007149,1.854541,-1.322724,-0.397868,1.227093,-0.104118,1.669526,1.091128,-1.901016,-0.786388,2.515731,-0.135973,1.591782,2.495797,0.848512,3.018909
5582,48.680000,-0.019715,1.847715,-1.333181,-0.375402,1.202254,-0.089939,1.660292,1.093112,-1.945306,-0.734025,2.513572,-0.166149,1.565890,2.502531,0.820918,3.022755
5583,48.700000,0.029221,1.838716,-1.297551,-0.405545,1.176888,-0.014233,1.676553,1.071360,-1.989504,-0.772439,2.437660,-0.239533,1.399004,2.430933,0.721754,2.946497
5584,48.720000,0.013235,1.839687,-1.294597,-0.424652,1.189083,0.039269,1.729300,1.059219,-1.962331,-0.742782,2.486707,-0.128843,1.403085,2.473009,0.713449,2.950694
5585,48.740000,0.011094,1.803645,-1.302439,-0.391254,1.164006,-0.030256,1.666981,1.045200,-1.982156,-0.719205,2.447820,-0.207677,1.372656,2.425145,0.731521,2.909026
5586,48.760000,0.014402,1.787578,-1.269234,-0.432688,1.131228,-0.026477,1.651675,1.006928,-2.017576,-0.696144,2.350590,-0.327432,1.295609,2.345731,0.684065,2.758974
5587,48.780000,0.031569,1.775445,-1.248867,-0.396549,1.120173,0.037502,1.659644,1.003544,-2.033631,-0.696271,2.351986,-0.255653,1.264755,2.333682,0.641370,2.697531
5588,48.800000,0.060985,1.759914,-1.248230,-0.401349,1.109173,0.047325,1.579372,0.992739,-2.020995,-0.597319,2.319740,-0.413690,1.201276,2.295233,0.615595,2.706870
5589,48.820000,0.051520,1.743394,-1.230230,-0.395299,1.078371,0.124506,1.556653,0.983338,-2.055410,-0.572198,2.268304,-0.512737,1.157475,2.300767,0.577180,2.757010
5590,48.840000,0.057236,1.724079,-1.283707,-0.394845,1.045020,0.099089,1.522725,0.946049,-2.037180,-0.492917,2.248597,-0.510769,1.081696,2.242511,0.521618,2.679369
5591,48.860000,0.117051,1.612735,-1.232697,-0.430754,1.026229,0.002407,1.345166,0.889068,-2.014840,-0.403400,2.189332,-0.629024,0.827662,2.110247,0.134046,2.461820
5592,48.880000,0.282692,1.511822,-1.143194,-0.610453,0.961579,0.124086,1.304396,0.808073,-2.091908,-0.380806,2.087155,-0.768986,0.429513,1.895700,-0.351909,2.227671
5593,48.900000,0.368544,1.400023,-1.048217,-0.721582,0.915426,0.157261,1.156684,0.693108,-2.176748,-0.254048,2.048731,-0.886609,0.063056,1.763129,-0.808593,2.058716
5594,48.920000,0.575179,1.188482,-0.926723,-0.958281,0.860484,0.261441,1.046877,0.584516,-2.371130,-0.165130,1.997012,-0.972491,-0.345073,1.659634,-1.268201,1.940863
5595,48.940000,0.687610,0.943425,-0.857517,-1.177470,0.799988,0.153658,0.799544,0.520018,-2.378862,0.102320,1.895969,-1.275158,-0.715851,1.701673,-1.637347,1.874031
5596,48.960000,0.640957,0.892785,-0.882150,-1.243471,0.809853,0.251135,0.803179,0.406116,-2.481210,0.226828,1.892069,-1.235257,-0.851047,1.746766,-1.694516,1.891400
5597,48.980000,0.551286,0.848884,-1.038973,-1.216103,0.797179,0.261271,0.677124,0.384402,-2.499044,0.412248,1.856681,-1.253000,-0.857164,1.841725,-1.619711,1.964068
5598,49.000000,0.504575,0.844171,-1.159712,-1.283449,0.769453,0.199882,0.676624,0.340015,-2.523174,0.475204,1.751546,-1.284102,-0.796209,1.810601,-1.501338,1.901491
5599,49.020000,0.438752,0.871149,-1.237531,-1.217164,0.840773,0.299573,0.683548,0.408766,-2.405391,0.499282,1.827262,-1.123807,-0.557880,1.916136,-1.327570,2.054830
5600,49.040000,0.301122,0.936965,-1.334976,-1.068196,0.897408,0.229549,0.612446,0.469137,-2.255359,0.515118,1.832998,-1.011722,-0.326615,2.020955,-1.167574,2.196975
5601,49.060000,0.211831,0.995325,-1.407268,-1.004401,0.921278,0.215953,0.723607,0.456304,-2.214013,0.429470,1.824475,-0.840576,-0.190341,1.962025,-1.077123,2.171938
5602,49.080000,0.187426,1.016167,-1.463575,-0.959954,0.916274,0.165600,0.808485,0.403901,-2.176999,0.253781,1.755741,-0.777083,-0.147507,1.770317,-1.159997,1.940960
5603,49.100000,0.237039,1.035629,-1.410954,-0.908943,0.966938,0.227812,0.918649,0.416184,-2.140821,0.065786,1.868763,-0.497176,-0.095569,1.673303,-1.156465,1.821900
5604,49.120000,0.160773,1.095155,-1.490751,-0.786270,0.989026,0.216294,0.924194,0.378483,-2.165130,-0.069673,1.884787,-0.379893,-0.024983,1.730192,-1.172154,1.784449
5605,49.140000,0.150439,1.129922,-1.463022,-0.722729,1.079643,0.308336,1.043071,0.379872,-2.096435,-0.224038,1.924578,-0.189998,0.070923,1.753649,-1.138919,1.745335
5606,49.160000,0.092321,1.164833,-1.477028,-0.610444,1.147716,0.171004,0.982258,0.395570,-1.931570,-0.287814,1.909535,-0.210019,0.215819,1.883703,-1.105538,1.806187
5607,49.180000,0.025300,1.231449,-1.565691,-0.493389,1.195356,0.281948,1.093199,0.366010,-2.027325,-0.447029,1.995149,0.021880,0.357179,1.983993,-1.012107,1.856131
5608,49.200000,-0.027003,1.330128,-1.558221,-0.410846,1.291368,0.353967,1.260602,0.353303,-1.913260,-0.616021,2.071321,0.190401,0.462511,2.087879,-1.023650,1.942322
5609,49.220000,-0.029242,1.397182,-1.565363,-0.333274,1.340574,0.298825,1.346609,0.349231,-1.863927,-0.759409,2.081853,0.248841,0.523347,2.159223,-1.008907,1.929499
5610,49.240000,-0.053040,1.421916,-1.604555,-0.247056,1.397057,0.312387,1.450636,0.346296,-1.897310,-0.916980,2.188236,0.421796,0.645588,2.241739,-0.880948,1.984045
5611,49.260000,-0.060644,1.511307,-1.600227,-0.179176,1.451386,0.311124,1.586026,0.354806,-1.836405,-1.094569,2.267751,0.553624,0.754669,2.370008,-0.786362,2.054450
5612,49.280000,-0.063962,1.512507,-1.597369,-0.110078,1.417606,0.118261,1.533175,0.370706,-1.760686,-1.164681,2.091255,0.283805,0.771502,2.362279,-0.808619,2.006398
5613,49.300000,-0.068308,1.601577,-1.592178,-0.065811,1.499960,0.189082,1.680297,0.372119,-1.670993,-1.266581,2.238222,0.538723,0.852549,2.435298,-0.748821,2.012382
5614,49.320000,-0.104506,1.687508,-1.586137,-0.012931,1.534436,0.138137,1.812418,0.385723,-1.606248,-1.393872,2.362956,0.682748,1.040648,2.652290,-0.635854,2.204574
5615,49.340000,-0.056466,1.701389,-1.627839,0.004762,1.499583,0.044255,1.822230,0.402606,-1.669782,-1.423564,2.378824,0.690134,1.116306,2.653023,-0.454411,2.189679
5616,49.360000,-0.115545,1.744365,-1.610695,0.112464,1.484814,-0.035157,1.910581,0.429732,-1.661990,-1.579433,2.464405,0.779525,1.236856,2.795755,-0.383059,2.295173
5617,49.380000,-0.128834,1.799041,-1.633118,0.208096,1.479484,-0.097278,1.970682,0.397341,-1.625522,-1.695329,2.471618,0.792514,1.220873,2.857044,-0.401649,2.277506
5618,49.400000,-0.087411,1.826829,-1.579201,0.240225,1.473380,-0.166670,2.033886,0.443149,-1.625520,-1.793818,2.527735,0.837736,1.300068,2.910023,-0.265955,2.301023
5619,49.420000,-0.080583,1.852819,-1.597604,0.278286,1.481158,-0.221199,2.057562,0.432495,-1.611244,-1.840216,2.514871,0.785864,1.267810,2.925480,-0.236686,2.299649
5620,49.440000,-0.004018,1.846018,-1.544797,0.263426,1.463662,-0.304867,1.999609,0.406580,-1.537307,-1.869262,2.353030,0.553247,1.194275,2.870464,-0.248281,2.261154
5621,49.460000,0.058217,1.861408,-1.491208,0.212011,1.518944,-0.260978,2.046087,0.406504,-1.445091,-1.884840,2.408124,0.596513,1.139443,2.888186,-0.292381,2.321285
5622,49.480000,0.134692,1.830401,-1.526404,0.170535,1.494841,-0.298060,2.031176,0.407544,-1.502678,-1.819579,2.360853,0.554746,1.137854,2.908775,-0.196492,2.327283
5623,49.500000,0.229742,1.823760,-1.390346,0.129216,1.474116,-0.416816,1.911508,0.383326,-1.433864,-1.842022,2.085945,0.184877,0.997457,2.794602,-0.192385,2.193335
5624,49.520000,0.248526,1.800684,-1.416079,0.239609,1.434390,-0.440914,1.867298,0.339293,-1.568043,-1.937829,2.212074,0.340457,1.020580,2.829039,-0.165469,2.173479
5625,49.540000,0.305190,1.820134,-1.432295,0.231419,1.461996,-0.514473,1.907403,0.344682,-1.592513,-1.994624,2.225672,0.388398,1.105214,2.877899,-0.013430,2.215787
5626,49.560000,0.325551,1.801109,-1.330701,0.296053,1.446822,-0.648703,1.724211,0.325549,-1.499900,-1.971298,1.993338,0.052180,1.051379,2.827931,0.029216,2.128798
5627,49.580000,0.356723,1.802757,-1.345558,0.392871,1.434787,-0.603790,1.782352,0.328061,-1.610633,-2.209255,2.142288,0.311214,1.156834,2.929321,0.153945,2.191082
5628,49.600000,0.368517,1.844902,-1.389110,0.461053,1.475596,-0.684226,1.852606,0.339208,-1.598276,-2.349945,2.206542,0.426668,1.284326,3.025479,0.290522,2.225560
5629,49.620000,0.406993,1.865605,-1.313394,0.534094,1.526033,-0.707929,1.843583,0.378199,-1.491877,-2.495667,2.147544,0.324316,1.405675,3.106057,0.422984,2.337584
5630,49.640000,0.395210,1.905866,-1.381401,0.603426,1.615877,-0.720704,1.938532,0.423740,-1.411407,-2.654126,2.289391,0.493735,1.645556,3.317587,0.569424,2.564438
5631,49.660000,0.347067,1.950317,-1.419209,0.772617,1.593889,-0.811093,1.971434,0.480715,-1.359964,-2.857676,2.380623,0.599080,1.901092,3.523139,0.728327,2.784379
5632,49.680000,0.390272,1.912168,-1.521590,0.941620,1.561783,-0.924544,1.825479,0.513551,-1.357280,-2.895316,2.311558,0.513707,1.967276,3.447446,0.872979,2.674530
5633,49.700000,0.360072,1.990226,-1.475545,1.035781,1.620548,-0.964596,1.974994,0.534699,-1.241644,-3.114726,2.396762,0.702425,2.053462,3.485309,0.982363,2.623985
5634,49.720000,0.376742,1.913832,-1.516988,1.209452,1.403825,-1.068429,1.767913,0.502082,-1.466737,-3.208679,2.201909,0.374171,1.922427,3.411934,0.837778,2.466756
5635,49.740000,0.480599,1.944209,-1.489538,1.163452,1.552614,-0.933246,1.920383,0.552290,-1.420302,-3.342017,2.307763,0.588716,1.982878,3.506805,0.965170,2.572435
5636,49.760000,0.387486,2.028753,-1.462423,1.219559,1.644911,-1.004065,1.987272,0.547808,-1.281406,-3.429989,2.436753,0.680072,2.144806,3.739782,1.002360,2.837983
5637,49.780000,0.382938,2.032028,-1.454851,1.268177,1.679142,-1.039915,1.980479,0.606494,-1.202672,-3.475309,2.416089,0.669206,2.308547,3.858024,1.151770,3.011691
5638,49.800000,0.371046,2.033288,-1.454008,1.366951,1.647732,-1.165372,1.868108,0.634204,-1.133259,-3.511185,2.475748,0.676844,2.432822,3.848614,1.232160,3.066783
5639,49.820000,0.380774,1.981715,-1.474312,1.364654,1.469473,-1.209916,1.795954,0.552871,-1.385549,-3.528904,2.234348,0.419126,2.254414,3.628467,1.113628,2.715526
5640,49.840000,0.477133,1.981748,-1.413846,1.269127,1.558440,-1.068931,1.904371,0.568215,-1.399526,-3.585675,2.359216,0.597489,2.196346,3.639575,1.116512,2.707747
5641,49.860000,0.453723,2.026162,-1.423120,1.241196,1.639803,-1.103757,1.944752,0.570155,-1.381316,-3.610451,2.420560,0.627237,2.258263,3.806275,1.213477,2.887179
5642,49.880000,0.471822,1.989307,-1.439276,1.216727,1.715242,-1.008005,1.886023,0.578554,-1.369992,-3.521289,2.409079,0.562676,2.324631,3.871866,1.291740,3.069792
5643,49.900000,0.520770,1.900317,-1.511905,1.245967,1.668339,-1.045324,1.757897,0.574856,-1.515902,-3.437150,2.409340,0.511999,2.323355,3.822986,1.278491,3.071261
5644,49.920000,0.546583,1.855753,-1.528192,1.248569,1.622316,-1.068461,1.664945,0.570298,-1.618129,-3.334059,2.333659,0.374037,2.221979,3.696972,1.263466,3.019823
5645,49.940000,0.489669,1.909841,-1.448805,1.297887,1.669892,-1.105431,1.651036,0.577904,-1.516186,-3.340151,2.373076,0.403405,2.225459,3.695824,1.238979,3.076415
5646,49.960000,0.462338,1.888911,-1.471440,1.200242,1.691233,-1.069484,1.605538,0.594763,-1.401934,-3.189409,2.251569,0.233474,2.256541,3.660881,1.175833,3.052368
5647,49.980000,0.467771,1.919819,-1.437451,1.046757,1.702377,-0.971975,1.692895,0.546283,-1.489502,-3.200732,2.320685,0.347798,2.320107,3.697624,1.141987,3.075075
5648,50.000000,0.570300,1.809619,-1.509555,0.921414,1.624328,-0.895257,1.660726,0.493815,-1.770288,-3.093401,2.220068,0.199907,2.189342,3.646264,1.121227,2.985935
5649,50.020000,0.494733,1.903085,-1.400985,0.881825,1.741106,-0.896632,1.704764,0.464050,-1.687016,-3.103257,2.260448,0.273249,2.266254,3.763067,1.195360,3.097397
5650,50.040000,0.437318,1.871606,-1.396830,0.924189,1.730360,-0.982434,1.513020,0.489679,-1.558226,-2.976886,2.183474,0.030039,2.305651,3.776987,1.232892,3.187474
5651,50.060000,0.396704,1.824757,-1.458138,0.944460,1.697302,-1.013636,1.393432,0.520064,-1.620088,-2.866046,2.217969,0.021578,2.404272,3.723864,1.269162,3.238309
5652,50.080000,0.402446,1.795224,-1.467217,0.933576,1.655543,-1.020675,1.316278,0.510783,-1.711537,-2.783301,2.196136,-0.048945,2.422068,3.616457,1.338104,3.220070
5653,50.100000,0.388922,1.806725,-1.428476,0.893820,1.621057,-1.033644,1.337137,0.487552,-1.826449,-2.770750,2.212684,-0.004188,2.410630,3.586983,1.370695,3.165164
5654,50.120000,0.375120,1.781921,-1.420337,0.925671,1.674350,-1.043517,1.182961,0.559417,-1.655304,-2.601643,2.192517,-0.128662,2.396200,3.535081,1.457741,3.193850
5655,50.140000,0.382217,1.756698,-1.418023,0.756743,1.601938,-0.988574,1.264480,0.517898,-1.808451,-2.551335,2.105379,-0.227898,2.331666,3.442239,1.438142,3.053346
5656,50.160000,0.368677,1.727476,-1.480496,0.650633,1.649834,-0.879987,1.238948,0.507541,-1.860095,-2.409366,2.177981,-0.198209,2.361821,3.518814,1.369443,3.174533
5657,50.180000,0.328608,1.758460,-1.503074,0.567440,1.705839,-0.836062,1.225035,0.492057,-1.760983,-2.269750,2.148820,-0.294016,2.352884,3.582685,1.253433,3.242969
5658,50.200000,0.344902,1.650251,-1.519632,0.357136,1.626288,-0.785699,1.131437,0.471357,-1.842519,-2.057624,2.013211,-0.654336,2.250560,3.500792,1.177610,3.181523
5659,50.220000,0.334628,1.605987,-1.585496,0.192221,1.626480,-0.676962,1.129032,0.433537,-2.030622,-1.881175,2.127898,-0.515311,2.135887,3.496347,1.016747,3.232030
5660,50.240000,0.280469,1.607211,-1.546764,0.110971,1.718135,-0.705807,1.049675,0.489359,-1.772369,-1.664680,2.132090,-0.614920,2.078688,3.486560,0.978363,3.320219
5661,50.260000,0.249391,1.493405,-1.640989,-0.143614,1.615506,-0.692839,0.934252,0.455973,-1.892416,-1.295500,1.955154,-0.962959,1.978882,3.351541,0.952944,3.179604
5662,50.280000,0.095318,1.490766,-1.702501,-0.132306,1.742648,-0.665300,0.747415,0.521404,-1.688344,-0.981028,2.072500,-0.907674,2.028190,3.455133,0.942735,3.373286
5663,50.300000,0.055265,1.542651,-1.745843,-0.319164,1.724835,-0.528391,0.921472,0.489072,-1.863606,-0.792853,2.108391,-0.800940,2.051568,3.437918,1.051271,3.395820
5664,50.320000,-0.006796,1.455056,-1.785110,-0.342941,1.708818,-0.529678,0.761831,0.503161,-1.909671,-0.558526,2.138799,-0.910438,1.969565,3.414539,1.017310,3.439650
5665,50.340000,-0.030319,1.509219,-1.770110,-0.392622,1.743709,-0.417354,0.905978,0.496355,-1.951798,-0.518992,2.094590,-0.946022,1.856608,3.379280,1.062237,3.412764
5666,50.360000,-0.099637,1.478851,-1.787680,-0.387976,1.741027,-0.327799,0.878577,0.520628,-1.903367,-0.382057,2.109894,-1.022550,1.816865,3.422109,1.012999,3.437280
5667,50.380000,-0.177167,1.430896,-1.857952,-0.306299,1.714619,-0.398901,0.749696,0.539967,-1.912826,-0.263971,2.073339,-1.141904,1.678114,3.415739,0.861452,3.393450
5668,50.400000,-0.247222,1.441799,-1.853821,-0.326895,1.707474,-0.339725,0.767049,0.540899,-1.885392,-0.147445,1.986134,-1.313586,1.592023,3.361637,0.767294,3.282883
5669,50.420000,-0.309635,1.435323,-1.858163,-0.330845,1.700501,-0.279428,0.767703,0.558090,-1.854255,-0.019352,1.960745,-1.396189,1.498901,3.332348,0.678325,3.180918
5670,50.440000,-0.394541,1.435778,-1.962563,-0.284652,1.642999,-0.095599,0.773823,0.559628,-2.066148,0.123299,2.098245,-1.157045,1.518830,3.401429,0.704660,3.304332
5671,50.460000,-0.510232,1.436859,-1.971242,-0.201598,1.670550,-0.047537,0.798790,0.574292,-2.116813,0.214187,2.188001,-1.057153,1.516883,3.465441,0.687940,3.443946
5672,50.480000,-0.635470,1.438455,-2.053716,-0.112921,1.661324,0.019688,0.824333,0.583959,-2.206233,0.342392,2.211343,-0.995438,1.497813,3.460384,0.689396,3.449537
5673,50.500000,-0.787012,1.517242,-2.085265,0.036255,1.695162,0.129481,0.890084,0.623429,-2.199268,0.395060,2.222799,-0.949487,1.547728,3.468516,0.794404,3.456548
5674,50.520000,-0.980022,1.569799,-2.075312,0.183060,1.746173,0.180433,0.981077,0.648331,-2.127613,0.425737,2.258124,-0.833793,1.685714,3.567253,0.902443,3.521302
5675,50.540000,-1.113663,1.627228,-2.140218,0.306133,1.751441,0.268004,1.087507,0.702639,-2.102006,0.458064,2.255266,-0.815704,1.767109,3.567478,0.980853,3.504923
5676,50.560000,-1.184230,1.543891,-2.186361,0.358526,1.471430,0.351231,1.023017,0.636441,-2.288930,0.622105,2.140861,-1.000786,1.378477,3.179338,0.517775,3.126018
5677,50.580000,-0.937260,1.439370,-2.081479,0.320542,1.033671,0.946248,1.155104,0.491884,-2.414370,0.786625,1.908642,-1.322661,-0.106156,1.688076,-0.566294,1.943965
5678,50.600000,-0.605170,1.272137,-1.982473,0.254794,0.650172,1.080889,1.098603,0.557446,-2.616457,0.904463,1.701986,-1.501835,-0.945202,0.591702,-0.772472,1.178411
5679,50.620000,-0.486405,1.198514,-1.920671,0.183452,0.314948,0.924181,0.875482,0.697356,-2.809863,1.166534,1.410446,-1.937949,-1.236693,-0.028160,-0.440767,0.820201
5680,50.640000,-0.345979,0.963516,-1.845575,0.153803,0.140197,0.659204,0.446538,0.892234,-2.786296,1.497016,1.270090,-1.976272,-1.185568,-0.125319,-0.227433,0.796998
5681,50.660000,-0.007971,0.918411,-1.824174,0.062043,0.090084,0.377766,0.098215,0.976405,-2.706343,1.577246,1.234803,-2.047528,-1.056861,0.213868,-0.086774,1.017346
5682,50.680000,0.279161,1.110858,-1.559597,-0.175846,0.261696,-0.236654,0.061526,0.966737,-2.410156,1.239432,1.331274,-2.068522,-0.503943,1.026625,0.381698,1.670269
5683,50.700000,0.348461,1.284971,-1.567640,-0.197678,0.416854,-0.320801,0.046393,0.912781,-2.254356,1.145197,1.398196,-1.895722,-0.122471,1.764683,0.411446,2.124689
5684,50.720000,0.096358,1.528343,-1.673301,-0.018435,0.616020,-0.311758,0.241527,0.887269,-2.046859,0.978207,1.542456,-1.659717,0.265530,2.278018,0.423619,2.444661
5685,50.740000,-0.398244,1.790365,-1.829192,0.171610,0.741676,-0.280122,0.629625,0.878336,-1.873120,0.857155,1.677544,-1.501190,0.705816,2.541007,0.521693,2.614265
5686,50.760000,-0.848983,2.021012,-1.960420,0.312074,0.858737,-0.176452,1.063595,0.908315,-1.637810,0.710032,1.687003,-1.451485,1.049033,2.632782,0.580985,2.628384
5687,50.780000,-1.221253,2.189440,-2.104341,0.529340,0.949369,0.031688,1.516688,0.965964,-1.441197,0.497528,1.953410,-0.873994,1.327304,2.627497,0.781301,2.738384
5688,50.800000,-1.270661,2.270267,-2.159396,0.559497,1.013003,0.023595,1.821397,1.065511,-1.313347,0.242361,2.092501,-0.425686,1.509324,2.538083,1.074502,2.770097
5689,50.820000,-1.301216,2.269374,-2.177378,0.605122,1.027260,0.066986,1.926843,1.113418,-1.302556,0.056214,2.090482,-0.195992,1.501084,2.412969,1.216688,2.616523
5690,50.840000,-1.257422,2.275572,-2.168849,0.612730,1.147909,0.269162,2.213036,1.219760,-1.076387,-0.154404,2.362769,0.391569,1.502083,2.361568,1.328167,2.656568
5691,50.860000,-1.228766,2.270205,-2.218045,0.604421,1.169964,0.380183,2.329545,1.295077,-1.009755,-0.272451,2.548757,0.695408,1.529254,2.359973,1.399476,2.735525
5692,50.880000,-1.206253,2.228237,-2.273274,0.586985,1.179518,0.491566,2.425882,1.278052,-1.038729,-0.318173,2.359981,0.452117,1.378900,2.237763,1.244190,2.621235
5693,50.900000,-1.213385,2.160881,-2.313215,0.661957,1.216358,0.611734,2.427743,1.255265,-1.018050,-0.278997,2.519305,0.703909,1.300781,2.219706,1.104397,2.624675
5694,50.920000,-1.179973,2.157111,-2.328616,0.619111,1.134789,0.589694,2.459621,1.237240,-1.162374,-0.284704,2.308674,0.407758,1.200151,2.108090,0.993237,2.486324
5695,50.940000,-1.197108,2.095556,-2.311540,0.647479,1.127120,0.756712,2.469019,1.220034,-1.233578,-0.192923,2.406467,0.591776,1.194319,2.112799,0.987985,2.571106
5696,50.960000,-1.264455,2.084288,-2.296954,0.654545,1.072086,0.529861,2.439086,1.178379,-1.322734,-0.134376,2.225988,0.250470,1.116198,2.107410,0.832754,2.509947
5697,50.980000,-1.181520,2.050874,-2.320141,0.626727,0.986461,0.633541,2.354392,1.171347,-1.473547,-0.050848,2.267411,0.354947,1.093788,2.049065,0.876073,2.510238
5698,51.000000,-1.217688,2.016687,-2.243245,0.614559,0.926047,0.407276,2.252935,1.111467,-1.544392,-0.006421,2.124596,0.006079,1.011350,2.034278,0.743962,2.452223
5699,51.020000,-1.163843,1.997073,-2.200090,0.554869,0.945439,0.493364,2.311030,1.125364,-1.520600,0.012689,2.178993,0.104704,1.014212,2.037783,0.794086,2.528553
5700,51.040000,-1.143314,1.981300,-2.159938,0.510159,0.928872,0.364767,2.242113,1.116112,-1.529395,0.043479,2.165005,-0.073248,1.076336,2.083731,0.798631,2.601479
5701,51.060000,-1.075469,1.962600,-2.119594,0.439102,0.913496,0.374732,2.268106,1.136551,-1.552173,0.016840,2.184390,0.006172,1.162476,2.095772,0.947990,2.668586
5702,51.080000,-1.022080,1.938957,-2.091004,0.431016,0.911705,0.219400,2.113361,1.132848,-1.535677,0.076704,2.195044,-0.109627,1.213055,2.125540,0.983139,2.733443
5703,51.100000,-0.929383,1.931634,-2.059217,0.319994,0.963198,0.094083,2.059931,1.211292,-1.483162,-0.014647,2.159700,-0.104267,1.409500,2.276084,1.139321,2.884799
5704,51.120000,-0.950502,1.911513,-2.065519,0.290626,1.204838,-0.383161,1.666809,1.426439,-1.058721,-0.085966,2.211844,-0.254487,2.156647,2.977288,1.585229,3.679448
5705,51.140000,-1.017187,2.024166,-1.973546,0.275458,1.291634,-0.635714,1.696788,1.582721,-0.554184,-0.343937,2.189777,-0.228540,2.790471,3.433816,1.892297,4.172737
5706,51.160000,-0.989345,2.057584,-2.071158,0.368549,1.181250,-0.778687,1.568013,1.559295,-0.567214,-0.528141,2.245092,-0.130374,3.062721,3.383173,1.930897,4.048253
5707,51.180000,-0.833050,2.173072,-1.934527,0.325944,1.154961,-0.852313,1.715693,1.579114,-0.516041,-0.969201,2.237334,0.128444,3.053735,3.060140,2.018803,3.567352
5708,51.200000,-0.654581,2.181757,-1.779687,0.324363,1.251348,-0.854964,1.631827,1.471442,-0.619034,-1.247044,2.271004,0.135416,2.771324,2.804490,1.771896,3.287261
5709,51.220000,-0.418657,2.181508,-1.717669,0.151790,1.278327,-0.747550,1.670772,1.401681,-0.852692,-1.469436,2.146215,0.101004,2.436214,2.596596,1.552524,3.076340
5710,51.240000,-0.288967,2.089711,-1.636012,0.005362,1.327756,-0.688062,1.536941,1.236698,-1.099149,-1.485605,1.993446,-0.208071,2.083418,2.481317,1.197510,2.973538
5711,51.260000,-0.136465,2.023546,-1.662663,-0.115830,1.378694,-0.521495,1.550354,1.142561,-1.384717,-1.524026,2.028817,-0.090797,1.884062,2.484258,1.115862,3.056131
5712,51.280000,-0.128724,1.959451,-1.670210,-0.232278,1.380809,-0.536429,1.505458,1.058812,-1.599721,-1.451200,1.990450,-0.213465,1.826112,2.509104,1.106039,3.135388
5713,51.300000,-0.179525,1.838117,-1.802696,-0.277389,1.385019,-0.634655,1.228774,0.987514,-1.841549,-1.169215,1.841357,-0.528050,1.691219,2.448859,1.096884,3.097661
5714,51.320000,-0.204078,1.820263,-1.864726,-0.311486,1.402891,-0.589271,1.313329,0.979066,-1.976223,-1.174571,1.934065,-0.306057,1.710617,2.442537,1.199027,3.100855
5715,51.340000,-0.240564,1.800625,-1.927804,-0.349620,1.375888,-0.642944,1.316979,0.989753,-2.095054,-1.079600,1.959686,-0.272726,1.729829,2.438761,1.303131,3.086117
5716,51.360000,-0.259670,1.752519,-1.985865,-0.381500,1.329996,-0.733045,1.222300,0.989067,-2.204985,-0.916748,1.871753,-0.385522,1.624719,2.316973,1.327430,2.927323
5717,51.380000,-0.286905,1.691251,-1.997358,-0.376171,1.290686,-0.783052,1.083138,0.971067,-2.277794,-0.813650,1.736641,-0.597186,1.405327,2.136180,1.166959,2.715768
5718,51.400000,-0.294313,1.638745,-1.971936,-0.301567,1.340258,-0.883500,0.850154,1.018959,-2.199147,-0.623113,1.772718,-0.624203,1.219203,2.056467,1.000359,2.742361
5719,51.420000,-0.286787,1.639397,-1.922080,-0.413801,1.292912,-0.940076,0.883657,1.006243,-2.210896,-0.488464,1.748448,-0.707125,1.131331,1.961229,0.878956,2.719895
5720,51.440000,-0.298636,1.580319,-1.871350,-0.493240,1.301333,-0.943448,0.818547,0.987635,-2.226844,-0.330088,1.703083,-0.827480,1.072237,1.901860,0.796197,2.714098
5721,51.460000,-0.303503,1.590523,-1.840624,-0.484239,1.335912,-1.018083,0.793791,0.997462,-2.239327,-0.263337,1.715581,-0.803970,1.093488,1.914692,0.834270,2.710459
5722,51.480000,-0.337109,1.623540,-1.882588,-0.409695,1.350419,-1.122858,0.698919,1.004791,-2.308709,-0.162034,1.695562,-0.833078,1.175066,1.956689,0.940787,2.728614
5723,51.500000,-0.354739,1.619707,-1.834679,-0.381611,1.403713,-1.240240,0.652028,1.018445,-2.221101,-0.106627,1.689201,-0.874555,1.228463,1.952220,0.957361,2.715612
5724,51.520000,-0.376379,1.625906,-1.865085,-0.309552,1.463548,-1.346211,0.535266,1.043261,-2.156914,-0.020672,1.665014,-0.983415,1.245181,1.963335,0.945783,2.743344
5725,51.540000,-0.389634,1.675999,-1.907804,-0.328065,1.428436,-1.352092,0.527338,1.030395,-2.240988,0.038587,1.568600,-1.096919,1.288556,1.895619,1.004204,2.627183
5726,51.560000,-0.406328,1.687152,-1.898303,-0.254275,1.496126,-1.377401,0.575136,1.049491,-2.211821,-0.035621,1.670207,-0.884083,1.334710,1.885486,1.039466,2.590499
5727,51.580000,-0.419984,1.724755,-1.945290,-0.170089,1.538817,-1.471839,0.577990,1.082300,-2.203176,-0.088268,1.699255,-0.819122,1.374775,1.901192,1.098431,2.578890
5728,51.600000,-0.480879,1.722965,-2.001263,-0.069453,1.556949,-1.580220,0.399517,1.092131,-2.247304,-0.039907,1.592273,-0.986536,1.387884,1.837254,1.132130,2.479393
5729,51.620000,-0.471294,1.772192,-1.968936,-0.070272,1.616620,-1.546593,0.567509,1.116805,-2.176850,-0.167018,1.709262,-0.750814,1.440321,1.803309,1.139313,2.457077
5730,51.640000,-0.469502,1.823338,-1.998352,-0.090502,1.620640,-1.575939,0.597245,1.128709,-2.169019,-0.159027,1.702355,-0.806796,1.481774,1.793136,1.149365,2.456086
5731,51.660000,-0.515234,1.829255,-2.030143,-0.004061,1.706809,-1.595419,0.591969,1.151362,-2.152215,-0.237046,1.762658,-0.673010,1.534378,1.830654,1.233505,2.516023
5732,51.680000,-0.572192,1.855796,-2.081971,0.115839,1.803186,-1.708863,0.549802,1.205831,-2.034297,-0.271960,1.822017,-0.663196,1.641006,1.910576,1.308407,2.683316
5733,51.700000,-0.629233,1.896782,-2.145711,0.110860,1.800553,-1.749228,0.524973,1.180556,-2.058112,-0.256178,1.709527,-0.873637,1.729730,1.964529,1.342117,2.687255
5734,51.720000,-0.708222,1.934717,-2.193767,0.239854,1.921087,-1.747033,0.590203,1.186380,-1.959756,-0.423187,1.870019,-0.640168,1.813956,2.152443,1.342139,2.860021
5735,51.740000,-0.763789,1.948875,-2.295008,0.435746,1.980901,-1.889040,0.485291,1.181660,-1.950551,-0.516617,1.904453,-0.694237,1.812612,2.311493,1.293316,3.045011
5736,51.760000,-0.758917,2.010795,-2.233845,0.406941,2.019647,-1.911732,0.652236,1.190443,-1.893073,-0.652163,2.011465,-0.496037,1.912935,2.361396,1.326742,3.084330
5737,51.780000,-0.779991,2.038208,-2.266093,0.425563,2.061987,-1.956254,0.678729,1.182574,-1.885433,-0.633992,2.068118,-0.505590,1.932791,2.410669,1.315853,3.104796
5738,51.800000,-0.769285,2.036036,-2.283051,0.409709,2.070528,-1.965660,0.674274,1.149988,-1.988660,-0.580614,1.989535,-0.601648,1.852344,2.355728,1.332968,2.976163
5739,51.820000,-0.787624,2.062553,-2.308635,0.399588,2.147211,-1.878494,0.710247,1.039733,-2.039846,-0.481405,2.125586,-0.494432,1.594237,2.386846,1.128346,2.928423
5740,51.840000,-0.787007,2.016487,-2.359285,0.400441,2.161695,-1.857914,0.620413,0.986216,-2.161819,-0.277901,2.145435,-0.539425,1.326056,2.365984,0.967166,2.864252
5741,51.860000,-0.787775,1.954413,-2.378021,0.241231,2.067821,-1.765286,0.430258,0.861697,-2.409475,0.187348,1.915633,-1.001197,0.918239,2.110130,0.741226,2.569272
5742,51.880000,-0.769334,1.901419,-2.417111,0.197527,1.910066,-1.603017,0.315593,0.827984,-2.591165,0.686049,1.884992,-0.994961,0.455464,1.618906,0.546424,2.131476
5743,51.900000,-0.748222,1.795880,-2.442410,0.186675,1.852956,-1.637778,0.122048,0.830245,-2.685442,0.950483,1.766681,-1.206114,0.196897,1.411582,0.499691,2.023147
5744,51.920000,-0.728199,1.750964,-2.444643,0.077924,1.803536,-1.605345,0.046782,0.831766,-2.764202,1.245280,1.750532,-1.297956,0.108274,1.339948,0.486203,2.071319
5745,51.940000,-0.792158,1.739691,-2.477566,0.097334,1.804394,-1.664848,-0.039731,0.846275,-2.756943,1.434922,1.751671,-1.380596,0.139257,1.408383,0.433943,2.164789
5746,51.960000,-0.859548,1.752186,-2.497435,0.138009,1.843934,-1.806903,-0.114427,0.862315,-2.703614,1.556118,1.691885,-1.590213,0.216671,1.491384,0.443486,2.232231
5747,51.980000,-0.956857,1.757471,-2.527798,0.285057,1.926763,-1.986206,-0.276295,0.890549,-2.609578,1.642243,1.630714,-1.808991,0.287601,1.629726,0.433444,2.303740
5748,52.000000,-1.022346,1.837579,-2.533618,0.364380,1.964083,-2.068013,-0.243006,0.910327,-2.582055,1.610725,1.618961,-1.795631,0.421956,1.711303,0.505042,2.273013
5749,52.020000,-1.077351,1.895256,-2.555605,0.479038,2.007867,-2.156024,-0.215637,0.948017,-2.527653,1.539282,1.654871,-1.730443,0.588473,1.778568,0.605075,2.211217
5750,52.040000,-1.134742,1.980555,-2.672087,0.678426,2.053814,-2.189878,-0.178145,1.023306,-2.560308,1.428082,1.817747,-1.316503,0.872336,1.864140,0.841408,2.189611
5751,52.060000,-1.176638,2.057724,-2.686692,0.790339,2.141208,-2.257626,-0.028208,1.086960,-2.457071,1.265251,1.963545,-1.042450,1.103550,1.981908,1.007841,2.222291
5752,52.080000,-1.231534,2.075276,-2.764844,0.962669,2.236214,-2.306733,-0.046942,1.144596,-2.378373,1.206830,2.041512,-0.953038,1.222943,2.115116,1.104885,2.319273
5753,52.100000,-1.308838,2.140851,-2.817462,1.067396,2.240683,-2.246721,0.043788,1.147771,-2.360893,1.138816,1.966164,-1.036388,1.185975,2.064707,1.146148,2.195146
5754,52.120000,-1.330312,2.164409,-2.867945,1.135822,2.235451,-2.150451,0.209647,1.175720,-2.314927,1.143927,2.114558,-0.725144,1.075601,1.964906,1.129875,2.084594
5755,52.140000,-1.299465,2.179501,-2.909564,1.114706,2.135827,-1.976640,0.508214,1.152104,-2.365842,1.118397,2.116354,-0.628068,0.694842,1.698263,1.055954,1.733003
5756,52.160000,-1.193026,2.118366,-2.966258,1.115053,2.032472,-1.618558,0.687183,1.166019,-2.457474,1.146589,2.114344,-0.475033,0.392649,1.475681,1.027021,1.498126
5757,52.180000,-1.086455,2.108654,-2.954562,1.106227,1.966562,-1.430792,0.777993,1.167771,-2.509145,1.162780,1.969298,-0.729646,0.230837,1.364712,0.978080,1.399524
5758,52.200000,-1.047872,2.057430,-2.909475,1.172651,1.937001,-1.348313,0.861689,1.223871,-2.491816,1.199906,1.916681,-0.722282,0.268036,1.268946,1.048474,1.388971
5759,52.220000,-1.082717,2.125565,-2.930980,1.262710,1.891626,-1.420576,0.965229,1.308206,-2.451728,1.229510,1.857440,-0.752177,0.499580,1.215393,1.233893,1.402209
5760,52.240000,-1.178557,2.183706,-2.875572,1.362593,1.857213,-1.753369,1.107035,1.461299,-2.347806,1.199501,1.759688,-0.756823,0.940284,1.091703,1.722749,1.243189
5761,52.260000,-1.267086,2.285494,-2.977604,1.452149,1.865324,-1.903102,1.316184,1.563137,-2.154903,1.113958,1.778013,-0.768715,1.187541,1.177465,1.969683,1.274908
5762,52.280000,-1.368443,2.310112,-3.024438,1.535193,1.913683,-2.050880,1.417011,1.582222,-1.958033,1.048576,1.727212,-1.126377,1.150024,1.361867,1.917322,1.436551
5763,52.300000,-1.402212,2.326281,-3.073947,1.608845,1.990217,-2.078786,1.621834,1.632522,-1.725300,0.903780,1.864199,-0.997604,1.083643,1.530520,1.847958,1.687843
5764,52.320000,-1.428746,2.353319,-3.091441,1.643023,2.005812,-2.177632,1.738256,1.688865,-1.565053,0.816186,1.957574,-0.980191,1.131711,1.637135,1.894040,1.895886
5765,52.340000,-1.429416,2.340580,-3.136711,1.681115,1.998743,-2.216822,1.723591,1.736233,-1.548296,0.814592,1.954983,-0.978034,1.241324,1.644679,2.054741,2.029424
5766,52.360000,-1.489473,2.339857,-3.143291,1.765498,2.000720,-2.287622,1.736445,1.784341,-1.476844,0.772148,1.989817,-0.834084,1.332099,1.638464,2.162949,2.035109
5767,52.380000,-1.424183,2.361399,-3.115950,1.716244,2.002419,-2.311294,1.851723,1.846017,-1.387679,0.704764,1.991777,-0.793319,1.392129,1.581412,2.214167,1.981774
5768,52.400000,-1.338357,2.338124,-3.096404,1.639560,1.957710,-2.248505,1.786444,1.828941,-1.481151,0.750449,1.864758,-1.013191,1.391887,1.503282,2.206254,1.873981
5769,52.420000,-1.237644,2.330087,-3.072168,1.620362,1.964803,-2.163558,1.807342,1.846482,-1.443684,0.674819,1.892540,-0.898184,1.391392,1.435407,2.191760,1.846768
5770,52.440000,-1.205729,2.295555,-3.127738,1.645353,1.896551,-2.137308,1.527322,1.797637,-1.683717,0.850978,1.765774,-1.108324,1.393640,1.341660,2.182083,1.812908
5771,52.460000,-1.120609,2.287842,-3.078079,1.594990,1.920432,-2.096711,1.604415,1.805348,-1.592050,0.751475,1.808746,-0.960756,1.384707,1.287778,2.095627,1.818838
5772,52.480000,-1.074826,2.280758,-3.087248,1.570729,1.892808,-2.093735,1.487359,1.779767,-1.699830,0.807084,1.775964,-1.003465,1.402572,1.258065,2.036775,1.808039
5773,52.500000,-1.012324,2.273143,-3.055092,1.510024,1.877888,-2.099113,1.506707,1.803324,-1.688719,0.779187,1.759679,-0.987767,1.481428,1.195489,2.095234,1.791708
5774,52.520000,-1.004996,2.299224,-3.016611,1.485588,1.803789,-2.191871,1.502291,1.856354,-1.731673,0.819125,1.641435,-1.074449,1.683864,1.017995,2.329364,1.629822
5775,52.540000,-1.029220,2.290940,-3.001282,1.563923,1.755083,-2.362247,1.250370,1.874344,-1.889615,0.876758,1.518373,-1.110911,1.928738,0.725405,2.697828,1.362160
5776,52.560000,-0.987099,2.348574,-2.909247,1.441934,1.670790,-2.452431,1.506248,2.070965,-1.638300,0.654409,1.441673,-1.035382,2.204273,0.444304,3.084616,1.064578
5777,52.580000,-0.912087,2.341872,-2.916895,1.370340,1.643595,-2.457640,1.471071,2.097467,-1.556896,0.597261,1.406795,-1.206051,2.283339,0.349085,3.176129,1.031497
5778,52.600000,-0.828677,2.298580,-2.963591,1.279493,1.646139,-2.433800,1.528107,2.140466,-1.340381,0.480966,1.403483,-1.403108,2.135481,0.366623,3.036398,1.265919
5779,52.620000,-0.809177,2.281589,-2.992681,1.295746,1.695340,-2.442218,1.419990,2.119286,-1.283030,0.359240,1.421695,-1.412556,2.033098,0.402215,2.844977,1.446717
5780,52.640000,-0.687268,2.225649,-2.982574,1.183457,1.646859,-2.599790,1.197027,1.979678,-1.453046,0.452818,1.391073,-1.643019,1.965208,0.337890,2.638984,1.571337
5781,52.660000,-0.540266,2.249737,-2.883243,1.029819,1.615323,-2.678920,1.235364,2.063770,-1.244864,0.316840,1.377808,-1.581012,2.017965,0.239640,2.584870,1.563904
5782,52.680000,-0.476251,2.240862,-2.873495,0.954668,1.585611,-2.758232,1.074891,2.014257,-1.382306,0.377788,1.350886,-1.648981,2.119667,0.195719,2.644466,1.516104
5783,52.700000,-0.450926,2.234728,-2.866015,0.871183,1.548517,-2.797463,0.941249,2.035450,-1.438102,0.485045,1.287129,-1.683837,2.162345,0.145083,2.776200,1.474985
5784,52.720000,-0.449039,2.239556,-2.867692,0.924830,1.601321,-2.876434,0.866203,2.022616,-1.407491,0.474818,1.297411,-1.689780,2.171126,0.175304,2.785609,1.462371
5785,52.740000,-0.357786,2.243300,-2.879385,0.880525,1.603131,-2.889627,0.840130,2.049444,-1.386655,0.382086,1.313339,-1.582461,2.162855,0.151137,2.801527,1.418993
5786,52.760000,-0.375519,2.216967,-2.925179,0.876843,1.613382,-2.846932,0.639295,2.018273,-1.518196,0.468828,1.294035,-1.542061,2.178216,0.190375,2.838009,1.390291
5787,52.780000,-0.320402,2.167670,-2.929661,0.887602,1.626278,-2.958531,0.468177,1.874628,-1.666884,0.552403,1.285362,-1.654161,2.087561,0.183558,2.711061,1.427246
5788,52.800000,-0.408412,2.191942,-2.958681,0.990790,1.700995,-2.903493,0.372381,1.957857,-1.592312,0.479695,1.275990,-1.460756,2.082191,0.191607,2.724674,1.377414
5789,52.820000,-0.330489,2.181065,-2.920917,0.903374,1.685654,-2.955832,0.411590,1.975385,-1.482494,0.409929,1.315261,-1.463397,2.128414,0.256609,2.765791,1.429996
5790,52.840000,-0.381466,2.136961,-2.983422,0.989008,1.749808,-2.971308,0.177300,1.842173,-1.739297,0.529861,1.271994,-1.497790,2.066358,0.283642,2.701722,1.462035
5791,52.860000,-0.435898,2.140539,-2.927655,0.978340,1.757827,-3.039890,0.295624,1.965909,-1.415444,0.476669,1.302416,-1.538950,2.016441,0.330823,2.690102,1.586965
5792,52.880000,-0.424087,2.155097,-2.951439,0.962012,1.772437,-3.060730,0.265959,1.938988,-1.493150,0.442085,1.306713,-1.480134,2.055938,0.356869,2.701628,1.542202
5793,52.900000,-0.365074,2.149223,-2.917065,0.874818,1.745525,-3.059801,0.324884,2.006868,-1.359732,0.384640,1.298436,-1.462255,2.054751,0.324482,2.767332,1.523682
5794,52.920000,-0.348438,2.148923,-2.898642,0.887619,1.769622,-3.109801,0.283826,1.975062,-1.361856,0.410083,1.299283,-1.533799,2.070246,0.345091,2.743421,1.539225
5795,52.940000,-0.517826,2.158864,-2.937163,1.056733,1.871842,-3.098056,0.267515,2.053036,-1.272796,0.413444,1.293068,-1.511724,2.084538,0.400548,2.784402,1.619678
5796,52.960000,-0.456046,2.158677,-2.957294,0.974246,1.817618,-3.136287,0.224392,1.976147,-1.405516,0.438408,1.315530,-1.508574,2.097066,0.413988,2.761607,1.616150
5797,52.980000,-0.372718,2.174970,-2.899302,0.931725,1.837589,-3.119575,0.299479,2.043638,-1.232069,0.316222,1.323225,-1.428587,2.104755,0.396230,2.755707,1.570377
5798,53.000000,-0.477214,2.187095,-2.933181,1.050848,1.901574,-3.099896,0.207977,2.047736,-1.282220,0.336416,1.317365,-1.426433,2.189749,0.453077,2.847372,1.568689
5799,53.020000,-0.574251,2.113781,-2.990270,1.025445,1.839217,-3.157045,0.012769,1.849758,-1.641791,0.663662,1.275505,-1.643178,2.088102,0.480604,2.772241,1.653733
5800,53.040000,-0.491316,2.152294,-2.942153,1.005768,1.883543,-3.120004,0.136541,1.962185,-1.344596,0.431827,1.313570,-1.482691,2.003524,0.474948,2.703339,1.624885
5801,53.060000,-0.811403,1.943093,-2.892418,1.112250,1.969537,-3.205179,0.209770,2.048084,-1.511732,0.592524,1.276049,-1.429249,2.271069,0.581119,2.986454,1.515027
5802,53.080000,-0.857067,2.076578,-2.985603,1.165506,1.987380,-3.194877,0.384878,2.129213,-1.251117,0.568702,1.306375,-1.517135,2.295676,0.581957,3.027587,1.532690
5803,53.100000,-0.864376,2.035535,-3.002169,1.104833,2.003791,-3.148165,0.588137,2.222085,-1.200150,0.393316,1.351141,-1.237205,2.550469,0.645930,3.138470,1.354279
5804,53.120000,-1.218505,1.998952,-3.198226,1.301628,2.079879,-3.052354,0.738844,2.331307,-1.219069,0.487417,1.377095,-1.090814,2.691811,0.756720,3.268720,1.227254
5805,53.140000,-1.560265,2.115000,-3.450654,1.695856,2.227806,-2.922249,0.788926,2.318841,-1.018246,0.613915,1.540910,-1.187781,2.499537,1.113369,2.928680,1.686536
5806,53.160000,-1.647066,2.028203,-3.431962,1.701464,2.217744,-2.914201,0.930179,2.231794,-1.371029,0.494711,1.613380,-0.717195,2.651348,1.195600,2.918589,1.547015
5807,53.180000,-1.804844,2.075292,-3.528371,1.859241,2.307512,-2.779518,1.278532,2.442768,-1.099863,0.263379,1.767992,-0.192968,2.697381,1.342706,2.951579,1.361472
5808,53.200000,-2.060509,2.141375,-3.662533,2.081827,2.374786,-2.626480,1.347189,2.432423,-0.987855,0.352468,1.922499,-0.160376,2.697857,1.687255,2.819008,1.638142
5809,53.220000,-2.324558,2.086420,-3.779219,2.224579,2.464782,-2.567837,1.658264,2.587317,-0.901676,0.269902,2.085832,0.208492,2.545615,2.016364,2.752580,1.910336
5810,53.240000,-2.527561,2.049762,-3.807354,2.310800,2.538858,-2.529207,1.937543,2.652149,-0.853118,0.232270,2.271585,0.608956,2.596725,2.317127,2.794512,1.996812
5811,53.260000,-2.699468,2.033799,-3.869818,2.430315,2.608477,-2.529808,2.250085,2.914948,-0.647013,0.120986,2.494183,0.995103,2.686964,2.580987,2.960796,2.066169
5812,53.280000,-2.790523,1.920676,-3.908525,2.424862,2.578898,-2.559093,2.205384,2.779442,-0.935084,0.215507,2.537741,1.029023,2.784818,2.635317,3.111120,1.936642
5813,53.300000,-2.891412,1.941603,-4.016678,2.614301,2.584460,-2.557695,2.414076,3.046659,-0.716796,0.032339,2.786064,1.351455,2.637079,2.697836,2.999654,1.913801
5814,53.320000,-3.032607,1.813683,-4.092614,2.604914,2.469018,-2.586315,2.329639,2.863444,-1.031979,0.200038,2.735390,1.198873,2.537758,2.674315,2.950734,1.766195
5815,53.340000,-3.145732,1.765646,-4.163907,2.731628,2.529845,-2.536399,2.620878,3.193275,-0.794004,0.046416,2.996019,1.665131,2.496530,2.791786,2.952698,1.694932
5816,53.360000,-3.264797,1.847446,-4.217733,2.811299,2.474844,-2.497308,2.656800,3.152974,-0.820566,0.045541,3.201887,1.656202,2.493611,2.902319,2.860445,1.670755
5817,53.380000,-3.405462,1.779704,-4.293197,2.941781,2.418088,-2.498226,2.815390,3.327414,-0.806853,0.005017,3.477017,1.859906,2.340295,2.985608,2.661774,1.688894
5818,53.400000,-3.525921,1.645271,-4.372007,2.946378,2.375831,-2.492582,2.896174,3.381747,-0.838499,0.095702,3.685139,2.010741,2.288782,3.177627,2.560006,1.683620
5819,53.420000,-3.617742,1.580137,-4.422817,2.999717,2.298562,-2.526404,2.962636,3.476117,-0.882240,0.120096,3.878744,2.111282,2.210705,3.255489,2.475759,1.638547
5820,53.440000,-3.688605,1.564930,-4.435957,3.032638,2.312031,-2.430787,3.080813,3.501976,-0.833102,0.085983,4.008179,2.283067,2.163384,3.417858,2.439021,1.454051
5821,53.460000,-3.672080,1.662570,-4.351375,3.024364,2.186833,-2.440907,2.965906,3.298540,-1.038835,0.049974,4.043311,2.190038,2.112523,3.305189,2.338926,1.378779
5822,53.480000,-3.686793,1.535610,-4.392948,3.005170,2.179382,-2.380589,2.981719,3.378101,-1.032898,0.020563,4.124156,2.431315,2.073933,3.445454,2.333209,1.286481
5823,53.500000,-3.666702,1.533826,-4.374219,2.978566,2.198316,-2.335072,2.925063,3.439270,-1.034520,-0.016972,4.184238,2.647958,2.152966,3.569456,2.501089,1.154535
5824,53.520000,-3.618272,1.642575,-4.245977,2.990099,2.109668,-2.349480,2.681214,3.267823,-1.219432,-0.136656,4.204354,2.544524,2.184584,3.467934,2.504331,1.151325
5825,53.540000,-3.606923,1.571847,-4.170881,2.934103,2.059167,-2.343478,2.390534,3.136228,-1.334800,-0.110928,4.129106,2.543345,2.223210,3.384670,2.566258,1.167815
5826,53.560000,-3.569600,1.615186,-4.106202,2.911241,2.097648,-2.302298,2.115726,3.130128,-1.347044,-0.151207,4.064822,2.611662,2.353577,3.317117,2.749416,1.161846
5827,53.580000,-3.556026,1.656813,-4.058704,2.884803,2.095877,-2.263141,1.891637,3.090707,-1.370660,-0.202462,4.048750,2.622262,2.477675,3.270435,2.853560,1.290204
5828,53.600000,-3.510849,1.678210,-4.052158,2.861095,2.063116,-2.230604,1.722329,3.123631,-1.392841,-0.298543,4.153647,2.677840,2.516597,3.261919,2.703497,1.633638
5829,53.620000,-3.516809,1.693440,-4.011600,2.834923,2.154936,-2.063183,1.724577,3.217552,-1.280667,-0.417315,4.230464,2.940663,2.594195,3.362717,2.756730,1.753418
5830,53.640000,-3.483384,1.626297,-4.031290,2.739360,2.138831,-2.073780,1.712182,3.321314,-1.292966,-0.475431,4.347122,3.098974,2.646261,3.431322,2.779674,1.960287
5831,53.660000,-3.478527,1.614995,-3.990173,2.692914,2.176601,-2.031902,1.651403,3.279253,-1.333276,-0.524294,4.337201,3.234257,2.709238,3.475988,2.993403,1.827397
5832,53.680000,-3.439332,1.595403,-3.963061,2.624596,2.097567,-2.092674,1.475446,3.226443,-1.428200,-0.550660,4.307734,3.238130,2.784622,3.374389,3.115444,1.798371
5833,53.700000,-3.441973,1.639303,-3.977468,2.665003,2.158410,-1.941031,1.525711,3.355989,-1.256194,-0.712318,4.354904,3.506483,2.755405,3.438904,3.155128,1.693734
5834,53.720000,-3.436357,1.737658,-3.910008,2.682180,2.082261,-1.936499,1.216521,3.145035,-1.450466,-0.678270,4.313238,3.288243,2.804664,3.344055,3.017647,1.945878
5835,53.740000,-3.467125,1.611467,-3.954810,2.707636,2.147170,-1.861126,1.290434,3.337077,-1.314556,-0.751672,4.346593,3.675358,2.708439,3.384376,3.086725,1.865476
5836,53.760000,-3.443994,1.558235,-3.951046,2.678141,2.165893,-1.853010,1.031701,3.238216,-1.447418,-0.689377,4.302527,3.626508,2.816863,3.396474,3.254431,1.870014
5837,53.780000,-3.396685,1.504513,-3.961066,2.683157,2.117878,-1.845420,0.873774,3.224796,-1.517014,-0.716158,4.314451,3.576992,2.778511,3.314926,3.172191,2.029048
5838,53.800000,-3.480834,1.493168,-4.024045,2.744297,2.180435,-1.643146,1.049565,3.410329,-1.223525,-0.792554,4.433213,3.905179,2.701129,3.420675,3.062196,2.075646
5839,53.820000,-3.508270,1.504245,-3.991930,2.743677,2.151006,-1.680101,0.850909,3.242938,-1.439538,-0.683247,4.394102,3.699131,2.728471,3.373383,2.992148,2.204792
5840,53.840000,-3.549069,1.496612,-4.055390,2.808049,2.158348,-1.541723,0.982594,3.355074,-1.281801,-0.753779,4.513989,3.869471,2.579672,3.380896,2.752693,2.395153
5841,53.860000,-3.589118,1.406260,-4.039305,2.801630,2.197924,-1.504295,0.956734,3.301260,-1.331651,-0.684109,4.497208,3.932940,2.607301,3.444859,2.797659,2.332299
5842,53.880000,-3.545519,1.382990,-4.041595,2.768705,2.227670,-1.452674,1.166383,3.482033,-1.190534,-0.769900,4.540497,4.150828,2.550236,3.418500,2.966181,2.231555
5843,53.900000,-3.530337,1.389392,-4.044896,2.808990,2.194955,-1.376332,1.283429,3.446837,-1.206079,-0.760165,4.329290,4.038972,2.551859,3.456663,2.822464,2.199508
5844,53.920000,-3.434486,1.170118,-4.277944,2.942509,2.176871,-1.051423,1.185833,3.373796,-1.325774,-0.902014,4.565529,4.272932,2.358785,3.554341,2.331581,2.337363
5845,53.940000,-3.669933,1.079736,-4.471388,3.169987,2.245034,-0.971083,1.187061,3.424460,-1.249333,-0.832692,4.760889,4.629858,2.239860,3.760483,2.132407,2.231044
5846,53.960000,-3.889933,1.000103,-4.616763,3.293461,2.272113,-1.053220,1.253392,3.512653,-1.226034,-0.736918,4.895374,4.939517,2.131198,3.882488,2.090930,2.075386
5847,53.980000,-3.946742,0.865358,-4.674293,3.357568,2.219499,-1.207901,1.270145,3.525892,-1.347773,-0.751758,5.010128,5.201743,1.925765,3.948637,1.942391,1.707434
5848,54.000000,-3.902288,0.853003,-4.594372,3.371926,2.184281,-1.150668,1.308956,3.522348,-1.386357,-0.783737,5.007406,5.282597,1.821309,3.910675,1.869542,1.585450
5849,54.020000,-3.837940,0.863232,-4.513417,3.382925,2.178679,-0.939900,1.302336,3.478243,-1.414714,-0.782767,4.961093,5.284420,1.808795,3.882651,1.859498,1.668044
5850,54.040000,-3.856196,0.929011,-4.449470,3.412684,2.175958,-0.845583,1.092272,3.326729,-1.504756,-0.615108,4.885804,5.028160,1.876303,3.823935,1.761678,1.945525
5851,54.060000,-3.802714,0.801840,-4.519248,3.450549,2.166322,-0.574629,1.054955,3.395658,-1.508014,-0.616319,4.923046,5.214874,1.849342,3.809286,1.771743,2.067757
5852,54.080000,-3.837166,0.787320,-4.538190,3.497236,2.149800,-0.529407,0.839350,3.344081,-1.584728,-0.502945,4.961607,5.074131,1.897212,3.800170,1.765300,2.254027
5853,54.100000,-3.854125,0.701902,-4.591951,3.546549,2.117550,-0.460260,0.855988,3.422459,-1.573923,-0.539526,5.064077,5.262071,1.843408,3.770112,1.798536,2.269065
5854,54.120000,-3.886759,0.614109,-4.665066,3.581343,2.033677,-0.521877,0.785232,3.409083,-1.644710,-0.555660,5.197517,5.320313,1.761642,3.784531,1.612786,2.192659
5855,54.140000,-3.843375,0.594272,-4.613647,3.557287,1.939373,-0.543189,0.766612,3.407776,-1.701625,-0.595580,5.257327,5.356832,1.649187,3.705899,1.417427,2.157629
5856,54.160000,-3.911540,0.659725,-4.552993,3.587444,1.964906,-0.469774,0.808175,3.377058,-1.633502,-0.567874,5.234674,5.370777,1.667715,3.692920,1.363938,2.196435
5857,54.180000,-3.868571,0.567301,-4.560305,3.610389,1.964389,-0.450648,0.626136,3.309178,-1.792605,-0.604248,5.180030,5.372285,1.663683,3.610089,1.351904,2.087224
5858,54.200000,-3.806642,0.561522,-4.536514,3.572115,1.918161,-0.341297,0.629891,3.324421,-1.821491,-0.639460,5.197862,5.437456,1.626462,3.551749,1.393834,2.019728
5859,54.220000,-3.818648,0.635852,-4.468061,3.555151,1.861348,-0.337033,0.443201,3.239063,-1.864024,-0.492782,5.173210,5.120330,1.655442,3.510299,1.285085,2.372303
5860,54.240000,-3.836075,0.563143,-4.492694,3.603271,1.907184,-0.147061,0.483462,3.301158,-1.828722,-0.551585,5.176795,5.356469,1.652366,3.484607,1.383684,2.351331
5861,54.260000,-3.839365,0.516194,-4.527578,3.603646,1.886965,-0.072219,0.489711,3.328567,-1.853657,-0.605856,5.233451,5.449652,1.651671,3.471114,1.489423,2.270127
5862,54.280000,-3.795331,0.482142,-4.493045,3.605816,1.828728,-0.156718,0.324165,3.290067,-1.984063,-0.639038,5.252624,5.369568,1.622375,3.412892,1.477913,2.251777
5863,54.300000,-3.735504,0.442704,-4.479702,3.582133,1.710471,-0.118584,0.306790,3.299794,-2.016608,-0.724051,5.361965,5.435049,1.526497,3.368410,1.299146,2.229342
5864,54.320000,-3.778176,0.466639,-4.435801,3.581810,1.698039,-0.102420,0.323518,3.316005,-1.956564,-0.728179,5.359214,5.485109,1.519087,3.351630,1.266260,2.189370
5865,54.340000,-3.809057,0.467631,-4.388988,3.609474,1.758548,-0.135335,0.256464,3.302682,-1.946358,-0.796703,5.314516,5.507897,1.584099,3.321545,1.362035,2.147995
5866,54.360000,-3.788759,0.446917,-4.385951,3.594725,1.759925,-0.036696,0.356124,3.299245,-1.946608,-0.921365,5.367839,5.619025,1.583154,3.353268,1.372513,2.119014
5867,54.380000,-3.740983,0.422698,-4.364440,3.582228,1.719977,0.047704,0.369793,3.282981,-1.987491,-0.997822,5.399060,5.655412,1.560430,3.379917,1.322780,2.161089
5868,54.400000,-3.698921,0.461214,-4.284417,3.539316,1.624771,-0.049416,0.219954,3.244612,-2.024972,-0.930177,5.405521,5.437684,1.541244,3.347308,1.218957,2.410867
5869,54.420000,-3.738383,0.424836,-4.312315,3.565174,1.642520,0.071821,0.288753,3.283270,-1.978642,-0.967851,5.432841,5.569373,1.531986,3.319637,1.229609,2.405860
5870,54.440000,-3.766951,0.415228,-4.315473,3.576866,1.695168,0.185798,0.372031,3.314221,-1.951703,-1.037666,5.434619,5.709778,1.546910,3.284856,1.345838,2.287623
5871,54.460000,-3.725081,0.420223,-4.274943,3.567747,1.703110,0.187975,0.331743,3.291003,-2.033807,-1.087698,5.414447,5.698638,1.552406,3.249322,1.420706,2.241991
5872,54.480000,-3.659847,0.391762,-4.261165,3.559698,1.660244,0.285302,0.336169,3.278724,-2.092619,-1.161925,5.447895,5.764717,1.500148,3.231725,1.348159,2.200456
5873,54.500000,-3.655505,0.378719,-4.254706,3.579329,1.661596,0.371359,0.333749,3.294542,-2.089398,-1.188916,5.434950,5.855148,1.481212,3.226321,1.329108,2.137501
5874,54.520000,-3.624293,0.384533,-4.222060,3.566678,1.613139,0.373609,0.263416,3.291304,-2.135456,-1.203747,5.442905,5.849971,1.445597,3.183469,1.257535,2.114410
5875,54.540000,-3.609097,0.374431,-4.192248,3.580940,1.634414,0.426807,0.185787,3.279239,-2.150769,-1.228069,5.419987,5.875311,1.436446,3.151159,1.213610,2.091191
5876,54.560000,-3.635352,0.425443,-4.140625,3.543952,1.614050,0.370162,0.077908,3.253392,-2.123216,-1.110062,5.402578,5.655421,1.441981,3.130444,1.151853,2.330573
5877,54.580000,-3.617463,0.383468,-4.162167,3.526614,1.616553,0.512802,0.115907,3.239033,-2.174381,-1.184215,5.439603,5.778132,1.374867,3.059219,1.066002,2.214255
5878,54.600000,-3.626727,0.384651,-4.165741,3.514993,1.660480,0.645916,0.162703,3.235145,-2.199709,-1.203347,5.421203,5.852769,1.351692,2.991398,1.079196,2.035869
5879,54.620000,-3.553338,0.419552,-4.108462,3.475575,1.657858,0.722922,0.119041,3.201946,-2.297078,-1.223309,5.369941,5.772015,1.321913,2.910463,1.034379,2.029611
5880,54.640000,-3.498731,0.436816,-4.061554,3.446788,1.673006,0.830890,0.043085,3.156267,-2.361326,-1.205178,5.310155,5.686143,1.277370,2.844931,0.885676,2.060408
5881,54.660000,-3.504209,0.464240,-4.036633,3.432787,1.700940,0.926702,-0.006963,3.139060,-2.376681,-1.154250,5.250543,5.600728,1.265821,2.778891,0.818564,2.138448
5882,54.680000,-3.571320,0.484550,-4.047794,3.412286,1.718203,0.927656,-0.018581,3.132249,-2.400322,-1.067855,5.227444,5.523739,1.255674,2.717811,0.782685,2.159227
5883,54.700000,-3.591346,0.488062,-4.028496,3.346829,1.666098,0.851679,-0.116052,3.081579,-2.442831,-0.947331,5.224662,5.281146,1.163087,2.649126,0.606029,2.292640
5884,54.720000,-3.493989,0.472397,-3.997825,3.272966,1.664930,1.015737,-0.129714,3.011548,-2.584040,-0.988812,5.161880,5.161213,1.009470,2.479007,0.257301,2.123585
5885,54.740000,-3.375623,0.522446,-3.954319,3.195344,1.655567,1.104165,-0.119772,2.982889,-2.747500,-1.117877,5.062914,4.812200,0.985521,2.436132,0.041655,2.230632
5886,54.760000,-3.241301,0.593233,-3.926964,3.143971,1.639042,1.151977,0.050995,2.917323,-3.028506,-1.406648,4.970624,4.444095,1.045683,2.530891,-0.101866,2.559730
5887,54.780000,-3.214392,0.668510,-3.920467,3.112791,1.647447,1.149178,0.270282,2.816781,-3.229318,-1.600780,4.916653,4.118088,1.102615,2.644410,-0.262546,2.972428
5888,54.800000,-3.157173,0.731891,-3.916159,3.115217,1.639471,1.097874,0.387900,2.755493,-3.374195,-1.838070,4.918954,3.954870,1.138169,2.659982,-0.283981,3.136873
5889,54.820000,-3.247696,0.764570,-3.879638,3.113297,1.636264,0.811935,0.342689,2.811951,-3.264217,-1.727078,4.930386,3.801704,1.129357,2.571736,-0.152221,3.216778
5890,54.840000,-3.216055,0.796234,-3.813802,3.097513,1.505973,0.353045,0.138430,2.854629,-3.151601,-1.686044,4.987554,3.616051,1.032134,2.425930,-0.028980,3.139585
5891,54.860000,-3.202745,0.766167,-3.804649,3.083797,1.480672,0.287360,0.166124,2.875516,-3.167656,-1.645905,5.010843,3.526571,0.946671,2.350147,-0.007232,2.932573
5892,54.880000,-3.170628,0.798595,-3.861351,3.061123,1.525606,0.506221,0.327477,2.844954,-3.286441,-1.700622,5.089860,3.515200,0.956375,2.484678,-0.015878,2.775722
5893,54.900000,-3.111918,0.841164,-3.820563,3.025935,1.368368,0.205623,0.171022,2.852379,-3.253881,-1.555870,5.061785,3.282426,0.899156,2.580404,0.172292,2.775356
5894,54.920000,-3.107064,0.805197,-3.823328,3.066081,1.364257,0.124514,0.185358,2.884027,-3.255208,-1.557069,4.996253,3.241570,0.907837,2.644801,0.259372,2.632349
5895,54.940000,-3.150126,0.817186,-3.856454,3.010276,1.447703,0.256273,0.303901,2.917032,-3.221845,-1.539928,5.090928,3.313993,0.930198,2.716003,0.230640,2.507662
5896,54.960000,-3.186346,0.853245,-3.882945,3.042220,1.480437,0.025287,0.243730,2.941015,-3.191904,-1.520083,5.129952,3.253281,0.962495,2.848037,0.349218,2.451530
5897,54.980000,-3.109218,0.847828,-3.885212,3.001992,1.387468,-0.000061,0.279348,2.854383,-3.348212,-1.565382,5.041335,3.122819,0.887861,2.830183,0.244337,2.242851
5898,55.000000,-3.029162,0.811402,-3.818261,2.955156,1.503751,0.136678,0.177337,2.785472,-3.279731,-1.497547,5.026830,2.975889,0.784900,2.915142,0.050260,2.557877
5899,55.020000,-3.008075,0.844855,-3.824094,2.937758,1.600348,0.157021,0.044258,2.712129,-3.261052,-1.440435,5.021829,2.755710,0.746302,3.010281,0.007355,2.998099
5900,55.040000,-3.151785,0.840550,-3.924264,2.975718,1.613300,0.018576,0.045822,2.708207,-3.262786,-1.404429,5.138025,2.759027,0.785927,3.028748,0.069974,3.010833
5901,55.060000,-3.289846,0.842582,-3.969671,3.050200,1.600729,-0.238871,0.095662,2.701050,-3.252402,-1.415467,5.232788,2.746987,0.825743,3.020216,0.127801,2.891870
5902,55.080000,-3.266102,0.875480,-3.966391,3.114616,1.569478,-0.332290,0.196303,2.683086,-3.319171,-1.660640,5.309999,2.798736,0.806210,2.943890,0.196069,2.523733
5903,55.100000,-3.144711,0.898057,-3.871731,3.175666,1.472670,-0.546631,0.071669,2.629329,-3.325516,-1.788865,5.278580,2.617608,0.720563,2.893487,0.201794,2.474681
5904,55.120000,-3.031886,0.909861,-3.808306,3.185634,1.457561,-0.502817,0.096796,2.598231,-3.335825,-1.919014,5.195137,2.554076,0.669473,2.858345,0.198908,2.464680
5905,55.140000,-3.041580,0.967432,-3.794416,3.148885,1.553024,-0.371522,0.166432,2.633629,-3.246410,-1.913122,5.127465,2.553696,0.779734,2.921014,0.232836,2.544739
5906,55.160000,-3.076834,1.005288,-3.803439,3.137960,1.550751,-0.532815,0.081628,2.614504,-3.218431,-1.801575,5.112348,2.426672,0.853866,3.071597,0.253702,2.807035
5907,55.180000,-3.210052,1.019558,-3.843967,3.209070,1.664812,-0.635366,0.130875,2.667950,-3.100273,-1.793272,5.160457,2.518000,1.000180,3.229613,0.339944,2.863376
5908,55.200000,-3.234408,1.063964,-3.848872,3.182319,1.564408,-0.817497,0.141225,2.655382,-3.143644,-1.774697,5.246487,2.464655,1.010532,3.135580,0.416793,2.812478
5909,55.220000,-3.222319,1.046669,-3.812864,3.292008,1.569145,-1.051041,0.053592,2.684338,-3.036616,-1.869658,5.251007,2.437072,0.976900,3.032123,0.487540,2.735132
5910,55.240000,-3.125132,1.098269,-3.754539,3.311870,1.514491,-1.111158,0.097766,2.708510,-3.017520,-2.074725,5.262495,2.467682,0.957671,2.804002,0.617331,2.540664
5911,55.260000,-3.165786,1.116319,-3.706909,3.295096,1.552440,-1.152716,0.195001,2.738873,-2.922278,-2.053948,5.198952,2.464823,1.028302,2.669940,0.697695,2.547971
5912,55.280000,-2.987387,1.146819,-3.701425,3.289181,1.453384,-1.187344,0.130296,2.769753,-2.969654,-2.280001,5.202993,2.532254,1.003127,2.517495,0.852852,2.403648
5913,55.300000,-2.909225,1.172259,-3.637280,3.353166,1.520618,-1.220953,0.100178,2.836251,-2.854459,-2.469375,5.156086,2.630819,1.144807,2.532811,1.051014,2.350764
5914,55.320000,-2.995014,1.248596,-3.606849,3.365685,1.528515,-1.430755,0.091939,2.814342,-2.764657,-2.407752,5.235071,2.595520,1.320759,2.721675,1.106282,2.832588
5915,55.340000,-3.007787,1.257941,-3.625098,3.443572,1.575998,-1.514751,0.084572,2.860628,-2.664371,-2.588868,5.342457,2.801625,1.497156,2.978418,1.244934,2.999803
5916,55.360000,-3.103586,1.323397,-3.532753,3.434344,1.634396,-1.725855,0.113709,2.850319,-2.476369,-2.461266,5.405857,2.770952,1.721513,3.210091,1.327837,3.530974
5917,55.380000,-3.044855,1.341765,-3.609251,3.430218,1.635468,-1.710398,0.174319,2.890597,-2.448368,-2.627579,5.540338,2.944240,1.771093,3.352979,1.516837,3.567261
5918,55.400000,-2.960077,1.392136,-3.581085,3.426857,1.629191,-1.739144,0.199219,2.908084,-2.428676,-2.748069,5.623542,3.038253,1.836285,3.464458,1.736406,3.526126
5919,55.420000,-2.858259,1.430961,-3.576201,3.428496,1.677113,-1.749967,0.191146,2.898187,-2.404966,-2.841444,5.647349,3.086157,1.890372,3.594869,1.915722,3.667668
5920,55.440000,-2.957559,1.469514,-3.508249,3.418240,1.841522,-1.759290,0.319567,2.924294,-2.131482,-2.688155,5.660036,3.178878,2.094797,3.856425,2.009492,4.091670
5921,55.460000,-2.942451,1.511907,-3.568860,3.303319,1.871867,-1.804085,0.295971,2.881045,-2.099260,-2.543029,5.724413,3.243217,2.205066,4.059306,2.073554,4.385478
5922,55.480000,-2.766905,1.596910,-3.580105,3.390204,1.990553,-1.443800,0.254919,2.801580,-2.176670,-2.802875,5.213624,3.303922,2.242382,4.081525,1.908073,3.991099
5923,55.500000,-2.606772,1.703758,-3.536638,3.238760,2.006912,-1.282326,0.155947,2.667236,-2.315428,-2.734231,5.463302,3.479180,2.267220,4.251156,1.918041,4.054039
5924,55.520000,-2.835026,1.774022,-3.552008,3.275241,2.280064,-1.197964,0.257964,2.680485,-2.117544,-2.324465,5.502086,3.588819,2.409774,4.471379,2.249673,4.499844
5925,55.540000,-3.021326,1.777819,-3.662480,3.301976,2.319913,-1.097417,0.289273,2.711087,-2.046509,-1.998465,5.398277,3.823937,2.466213,4.434271,2.404377,4.346944
5926,55.560000,-2.927698,1.576653,-3.986928,3.274875,2.142121,-0.658452,0.219686,2.673510,-2.337845,-2.127063,5.563516,4.186665,2.205192,4.445062,2.170814,3.532170
5927,55.580000,-2.945203,1.645156,-3.980151,3.323775,2.130288,-0.480391,0.116539,2.634404,-2.425569,-2.041700,5.399864,4.330934,2.104111,4.499506,1.942179,3.095821
5928,55.600000,-3.036072,1.766754,-3.864505,3.348666,2.209841,-0.299053,0.091921,2.644161,-2.281521,-1.859194,5.191720,4.291295,2.217189,4.565232,1.977595,3.233600
5929,55.620000,-3.054251,1.639186,-4.007577,3.468413,2.175397,0.081085,-0.036391,2.714528,-2.400466,-2.020111,5.138601,4.766465,2.199108,4.644868,1.861435,2.839831
5930,55.640000,-3.097661,1.581967,-4.095438,3.481028,2.071688,0.201987,-0.122289,2.771796,-2.430543,-2.008816,5.128440,4.953134,2.164640,4.724746,1.699345,2.650592
5931,55.660000,-3.057197,1.594838,-4.079601,3.427788,1.958724,0.199140,-0.255623,2.698462,-2.507979,-2.025063,5.095156,4.954397,2.188989,4.943594,1.465516,2.987265
5932,55.680000,-3.103670,1.593132,-4.037662,3.482197,1.950585,0.248051,-0.321664,2.733205,-2.409370,-2.101817,5.161449,5.146106,2.263728,5.090271,1.373232,3.165406
5933,55.700000,-3.170711,1.543451,-4.065050,3.596950,1.973592,0.359312,-0.311343,2.824893,-2.367790,-2.247427,5.151632,5.394160,2.314908,5.028061,1.381679,3.056876
5934,55.720000,-3.128558,1.596925,-4.015928,3.494181,1.851817,0.306578,-0.328243,2.753026,-2.331454,-2.211329,5.244178,5.276464,2.351229,5.176208,1.300484,3.466435
5935,55.740000,-2.932376,1.660973,-3.795869,3.379183,1.722434,0.100901,-0.413053,2.674514,-2.271047,-2.224834,5.132388,5.142414,2.474804,5.297173,1.343147,3.938297
5936,55.760000,-2.767103,1.655959,-3.755105,3.376978,1.729356,0.395067,-0.400695,2.727866,-2.239985,-2.319094,5.206969,5.315994,2.473618,5.343338,1.618003,4.159333
5937,55.780000,-2.513702,1.697242,-3.705502,3.227808,1.559039,0.319489,-0.464549,2.631048,-2.260689,-2.255308,5.193188,5.089700,2.466236,5.445360,1.790322,4.674377
5938,55.800000,-2.476346,1.622931,-3.775202,3.256763,1.552266,0.495818,-0.419325,2.667589,-2.252248,-2.214424,5.257945,5.219621,2.388505,5.462136,1.968024,4.763971
5939,55.820000,-2.413961,1.635253,-3.664111,3.248119,1.547508,0.582064,-0.314293,2.733819,-2.131910,-2.165561,5.228088,5.242428,2.373841,5.367719,2.124970,4.816558
5940,55.840000,-2.186015,1.695342,-3.516948,3.076952,1.419221,0.438523,-0.327050,2.675344,-2.079891,-2.026171,5.141181,5.015071,2.382581,5.348267,2.244344,5.045416
5941,55.860000,-2.058897,1.737546,-3.433604,3.044390,1.383641,0.575825,-0.236990,2.684233,-1.975640,-1.927141,4.953890,4.839479,2.430094,5.298776,2.408951,5.280944
5942,55.880000,-1.898647,1.766628,-3.243853,3.096151,1.421382,0.762240,-0.136744,2.675686,-1.843110,-1.929770,4.713397,4.684353,2.521148,5.156960,2.511989,5.460033
5943,55.900000,-1.437090,1.810162,-3.111815,3.014434,1.395264,0.899503,-0.221795,2.557427,-1.859639,-1.911349,4.530513,4.387497,2.573963,5.126814,2.639349,5.925568
5944,55.920000,-0.799017,1.728204,-3.196537,2.866990,1.301376,1.369495,-0.396047,2.529628,-1.995344,-1.833250,4.611209,4.270948,2.561961,5.316007,3.127556,6.799646
5945,55.940000,-0.529180,1.707521,-3.180503,2.918951,1.340620,1.377410,-0.414236,2.393217,-2.016896,-1.793891,4.767461,4.356860,2.539658,5.555524,3.330708,7.440954
5946,55.960000,-0.717560,1.724822,-3.416938,2.908403,1.366022,1.122373,-0.164284,2.317864,-1.849497,-1.433199,4.856270,4.183222,2.443228,5.578811,3.215375,7.586171
5947,55.980000,-1.174866,1.656441,-3.337927,2.915524,1.378449,0.996597,0.241634,2.178962,-1.679471,-1.064749,4.764431,3.879858,2.531533,5.498730,2.646040,7.453496
5948,56.000000,-1.330841,1.572665,-3.495428,2.762385,1.243903,1.124023,0.468761,2.073874,-1.600142,-0.627236,4.649878,3.447396,2.575400,5.382140,2.246854,7.291052
5949,56.020000,-1.644598,1.453113,-3.411143,2.756571,1.269160,1.563028,0.799372,2.051602,-1.583440,-0.353288,4.664963,3.229428,2.767248,5.305177,2.158181,7.235999
5950,56.040000,-1.737141,1.589713,-3.318622,2.708969,1.190378,1.837106,1.188136,1.953991,-1.615952,-0.231618,4.198915,2.390665,2.881541,5.023735,2.096924,7.234243
5951,56.060000,-1.347459,1.182079,-2.925522,2.570925,1.100903,1.904044,0.890173,1.657122,-1.718401,-0.068402,4.205125,2.026159,3.129146,5.221382,1.844265,7.963515
5952,56.080000,-1.136699,1.400618,-3.031653,2.603046,1.275677,2.270570,0.971609,1.788604,-1.569650,-0.024735,4.204356,1.933390,3.122665,5.197145,2.244749,8.316614
5953,56.100000,-0.955623,1.164741,-2.917368,2.402373,1.037001,2.145931,0.770584,1.713073,-1.741280,0.286071,4.461620,1.809912,3.344352,5.196469,2.807937,8.789310
5954,56.120000,-0.790489,1.290403,-2.932408,2.206048,0.903619,1.943282,0.855103,1.710767,-1.749858,0.450275,4.354764,1.457106,3.226498,5.066351,3.149989,8.783142
5955,56.140000,-0.589982,1.242640,-2.703277,1.979526,0.635854,1.679286,0.880323,1.506785,-1.834352,0.491027,4.080018,0.705092,3.110338,5.023483,2.954056,8.318026
5956,56.160000,-1.069543,1.088295,-2.746284,2.013329,0.735935,1.750649,1.035357,1.518491,-1.706218,0.918758,4.214365,0.728991,3.304600,5.042407,2.900414,8.170246
5957,56.180000,-1.329075,1.549150,-2.779481,1.855312,0.679724,1.814619,1.485770,1.493757,-1.737136,1.062434,3.731365,-0.315601,3.299742,4.908289,2.695829,7.497443
5958,56.200000,-1.634287,1.524796,-2.845117,1.800431,0.705891,2.161713,1.697492,1.427303,-1.804492,1.368967,3.460109,-0.864395,3.425746,4.898880,2.562117,6.981456
5959,56.220000,-2.101862,1.245931,-2.838846,1.843742,0.926145,2.192298,1.987944,1.493048,-1.775877,1.632450,3.278480,-1.163087,4.004299,5.196247,2.574616,6.825654
5960,56.240000,-2.254879,1.710952,-2.995296,1.753145,1.040585,2.294020,2.401670,1.720414,-1.939353,1.601795,2.887677,-1.700612,4.141664,4.990375,3.072456,6.601653
5961,56.260000,-2.429655,1.404476,-2.971420,1.560126,1.076297,2.496253,2.490539,1.789761,-2.017517,1.768241,2.927182,-1.433621,4.625358,4.928550,3.507121,6.708127
5962,56.280000,-1.516734,1.571521,-2.828957,1.090291,0.977879,1.729775,2.374299,2.006653,-2.170362,1.346109,2.433293,-1.918912,4.232764,4.330105,3.680279,6.255187
5963,56.300000,-0.497841,1.424924,-2.472356,0.602194,0.883551,1.893330,1.887584,2.042760,-2.129835,1.272997,2.286125,-1.634096,3.719352,3.654724,3.745045,5.967117
5964,56.320000,0.638764,1.164504,-2.182924,0.050921,0.624862,1.110805,1.360782,2.145972,-2.258986,1.173089,2.027147,-1.931385,3.282432,3.021975,3.600398,5.435016
5965,56.340000,1.588752,1.047467,-1.867635,-0.347520,0.507488,1.482837,1.055110,2.250967,-2.357204,0.935983,1.932055,-1.566128,2.656901,2.259233,3.544678,5.198498
5966,56.360000,2.389086,1.009560,-1.762132,-0.746990,0.215075,1.429438,0.828554,2.238718,-2.412152,0.777577,1.886589,-1.403123,1.878608,1.546914,3.033906,4.742225
5967,56.380000,2.993289,1.099292,-1.896720,-1.022765,-0.134194,1.402518,0.611988,2.136695,-2.607385,0.755777,1.779697,-1.413222,1.068364,0.998327,2.438118,4.283573
5968,56.400000,3.465196,0.871715,-2.026115,-1.317999,-0.418693,1.353894,0.395166,2.039596,-2.755663,0.801565,1.743388,-1.334563,0.438564,0.625636,2.022273,3.838412
5969,56.420000,3.828769,0.780060,-2.178236,-1.571323,-0.643745,0.896199,0.170150,1.964626,-2.855454,0.838129,1.624487,-1.458134,0.061333,0.529588,1.753919,3.439175
5970,56.440000,4.230531,0.701203,-2.302062,-1.694933,-0.618029,0.776445,-0.313120,1.926253,-2.916716,0.936715,1.596565,-1.336890,-0.170232,0.932792,1.709619,3.518851
5971,56.460000,4.662614,0.674682,-2.321511,-1.921866,-0.597321,0.655912,-0.466263,1.884946,-2.870510,0.899505,1.653767,-1.109624,-0.173230,1.359132,1.707008,3.761580
5972,56.480000,4.838341,0.674472,-2.408212,-2.044754,-0.527261,0.441755,-0.495738,1.848723,-2.878434,0.829303,1.630370,-0.933731,-0.105024,1.623016,1.683144,3.816452
5973,56.500000,4.992626,0.702752,-2.442854,-2.125786,-0.447928,0.104145,-0.520238,1.817403,-2.767935,0.743653,1.545077,-0.884397,-0.020733,1.725269,1.576119,3.776396
5974,56.520000,5.170003,0.711665,-2.441545,-2.179353,-0.289464,-0.215408,-0.609252,1.767603,-2.614447,0.669546,1.543805,-0.774640,0.060935,1.843879,1.417337,3.813241
5975,56.540000,5.104218,0.769706,-2.493996,-2.089901,-0.097334,-0.313392,-0.584991,1.707746,-2.483661,0.576068,1.482878,-0.688681,0.043024,1.965783,1.174025,3.791485
5976,56.560000,4.934222,0.868727,-2.479777,-2.009074,0.096812,-0.213749,-0.360850,1.609718,-2.240855,0.453876,1.573187,-0.431349,0.019695,2.136501,0.854868,3.829214
5977,56.580000,4.689820,0.953443,-2.519083,-1.905292,0.274464,-0.089082,-0.191615,1.440157,-1.947117,0.372822,1.595792,-0.360553,-0.092798,2.474078,0.317385,3.906641
5978,56.600000,4.285449,1.119970,-2.513151,-1.643406,0.495998,0.543825,0.208675,1.336281,-1.570876,0.107191,1.790516,-0.048481,-0.142661,2.581601,-0.178955,3.932104
5979,56.620000,3.605412,1.302824,-2.532578,-1.276919,0.669995,1.232936,0.629123,1.183843,-1.451586,-0.005185,2.057711,0.349747,-0.096482,2.690232,-0.538164,3.991599
5980,56.640000,2.931906,1.412714,-2.579697,-1.075065,0.752730,1.878494,1.176492,1.074853,-1.255225,-0.000421,2.310722,0.621940,0.061120,2.662911,-0.842308,4.024352
5981,56.660000,1.935777,1.580742,-2.702614,-0.651568,0.860298,2.616337,1.743252,0.983353,-1.245742,0.092997,2.501266,0.777566,0.233801,2.575680,-1.076528,3.934119
5982,56.680000,0.655225,1.764142,-2.877419,-0.072583,0.964484,3.431431,2.402702,0.928942,-1.232791,0.267904,2.660020,0.867905,0.502678,2.335747,-1.225679,3.738667
5983,56.700000,-0.635744,1.943716,-3.077733,0.544034,0.981241,4.189967,3.010353,0.856520,-1.254381,0.470445,2.611421,0.718324,0.685162,2.076687,-1.427861,3.501097
5984,56.720000,-1.603830,2.025008,-3.205455,1.053864,0.944096,4.769293,3.274314,0.763317,-1.292821,0.646163,2.414529,0.459374,0.649574,1.931084,-1.705588,3.340496
5985,56.740000,-2.199478,2.079294,-3.257136,1.388953,1.033103,5.122567,3.610387,0.731994,-1.196981,0.614798,2.562599,0.662624,0.717885,1.705985,-1.676658,3.183419
5986,56.760000,-2.213372,2.031069,-3.171829,1.422766,1.026516,5.175506,3.675016,0.682663,-1.149963,0.410802,2.552984,0.745463,0.643812,1.520689,-1.668366,3.079649
5987,56.780000,-1.536690,1.910000,-2.985300,1.233987,1.005603,5.107116,3.423026,0.577375,-1.204914,-0.044446,2.375273,0.861951,0.389546,1.283211,-1.734054,2.892385
5988,56.800000,-0.582154,1.756626,-2.656184,0.960643,0.998595,5.032771,3.170006,0.456276,-1.240269,-0.654363,2.143876,0.963135,0.171921,1.111778,-1.738159,2.718128
5989,56.820000,0.221637,1.586589,-2.347481,0.622212,0.972895,4.784174,3.028934,0.375033,-1.301664,-1.004780,2.204706,1.170514,0.080285,1.152496,-1.639405,2.800540
5990,56.840000,0.886405,1.397213,-2.109967,0.286480,0.887546,4.288056,2.778553,0.349419,-1.445007,-1.105716,2.296365,1.283127,-0.029588,1.444788,-1.522362,3.165206
5991,56.860000,1.155500,1.375437,-2.065788,0.034439,0.917966,4.049119,3.036994,0.392732,-1.292941,-1.167041,2.604960,1.647382,0.162735,1.561332,-1.059140,3.244324
5992,56.880000,1.295449,1.311011,-2.050457,-0.258118,0.844847,3.656127,3.285762,0.411554,-1.098561,-1.209622,2.749379,1.716954,0.261689,1.500090,-0.745066,3.037558
5993,56.900000,1.557027,1.136979,-2.001628,-0.516417,0.680643,3.315431,3.310235,0.358898,-0.942876,-1.278569,2.490856,1.431873,-0.083452,1.282363,-0.874202,2.513715
5994,56.920000,1.693054,1.012987,-1.923846,-0.838629,0.532644,2.890691,3.600784,0.358570,-0.570378,-1.433912,2.581804,1.572510,-0.198161,1.072304,-0.877659,1.932719
5995,56.940000,1.825640,0.839052,-1.790949,-1.205602,0.296614,2.382325,3.769299,0.349669,-0.263317,-1.629560,2.485228,1.494841,-0.384531,0.770307,-0.938738,1.302725
5996,56.960000,2.092894,0.571657,-1.555650,-1.567746,0.064303,2.014594,3.747517,0.299755,0.015960,-1.908771,2.147933,1.285746,-0.842612,0.386286,-1.221056,0.537621
5997,56.980000,2.379525,0.261824,-1.220611,-1.960746,-0.163921,1.484776,3.694412,0.236989,0.168716,-2.218610,1.810188,1.071204,-1.387465,0.067687,-1.632468,-0.213884
5998,57.000000,2.649262,-0.101959,-0.751185,-2.305426,-0.389852,0.963339,3.560851,0.120319,0.024751,-2.480226,1.389139,0.818765,-2.088818,-0.261897,-2.137774,-0.804060
5999,57.020000,2.911152,-0.523933,-0.295939,-2.465754,-0.570523,0.521442,3.438316,-0.036066,-0.492981,-2.869192,1.046198,0.680404,-3.032307,-0.636391,-2.597043,-1.276834
6000,57.040000,3.156565,-1.122929,-0.050229,-2.197965,-0.713233,-0.001367,3.214556,-0.186746,-1.250352,-3.503018,0.838279,0.657509,-4.071833,-1.020159,-2.825505,-1.624582
6001,57.060000,3.291434,-1.678088,-0.030623,-1.609653,-0.923718,-0.007907,3.293767,-0.230391,-1.920691,-4.494793,0.553886,0.691296,-5.030138,-1.365248,-2.769301,-1.847668
6002,57.080000,3.256464,-2.106939,0.283959,-0.981548,-0.923920,-0.013842,2.943655,-0.042889,-2.021255,-5.122040,0.466583,0.655634,-5.478211,-1.626666,-2.817656,-1.899212
6003,57.100000,2.984716,-2.527384,0.591727,-0.340841,-0.915645,-0.068961,2.346302,0.274672,-1.971347,-5.411697,0.233762,0.521561,-5.535765,-1.934573,-2.858273,-1.780914
6004,57.120000,2.685603,-2.631004,0.690666,0.459857,-0.755540,-0.288703,1.498619,0.675268,-1.802981,-5.150020,-0.000159,0.282686,-5.171138,-2.209809,-2.643220,-1.306524
6005,57.140000,2.430664,-2.290128,0.321075,0.905856,-0.562389,-0.668835,0.755947,1.027572,-1.477940,-4.012441,-0.205976,-0.008326,-4.680962,-2.468426,-2.368378,-0.822548
6006,57.160000,2.653070,-2.290503,-0.655324,0.466519,-0.334910,-0.566357,-0.104473,1.058265,-1.041532,-2.321039,-0.407144,-0.298785,-4.415138,-2.416456,-2.610062,-0.209295
6007,57.180000,2.498590,-1.648468,-1.246503,-0.813088,0.070043,-0.124190,-1.318965,0.975790,-0.146430,0.362006,-0.727578,-0.656082,-3.734350,-1.972118,-3.432286,0.243976
6008,57.200000,1.249777,-0.205924,-1.093134,-3.640465,-0.021996,0.835862,-1.723028,0.326956,1.588383,4.025880,-0.640627,-1.213233,-3.317457,-1.867630,-4.491347,0.498348
6009,57.220000,0.117596,0.007338,-1.263573,-4.698195,0.018677,2.134151,-1.527707,-0.143616,1.870706,6.379874,-0.183854,-1.329644,-3.175739,-1.181968,-4.614814,0.437133
6010,57.240000,-0.044252,-0.054663,-1.072130,-4.445765,0.162075,2.497940,-1.189016,-0.273500,2.192460,6.770566,-0.172175,-1.251175,-3.055425,-0.045671,-3.646756,0.167540
6011,57.260000,0.210821,0.403871,0.177439,-3.775992,0.120932,1.781036,-0.638870,-0.363702,2.778557,5.259401,-0.485562,-1.093711,-2.785298,0.464098,-2.757646,-0.548663
6012,57.280000,0.664465,1.040343,1.719951,-2.856499,0.129372,1.023841,-0.131957,-0.512775,3.133327,2.992096,-0.844264,-0.796436,-2.567085,0.741298,-2.908653,-1.267599
6013,57.300000,1.052709,0.877101,1.533903,-2.017675,-0.014225,0.599035,0.935998,-0.806143,2.411551,0.608007,-0.896033,-0.459264,-2.641958,0.686664,-2.889766,-1.667497
6014,57.320000,1.238185,0.173385,0.778240,-0.537854,-0.148086,0.382069,2.765641,-0.539724,0.790936,-2.813224,-0.863592,0.035687,-2.985952,0.768929,-1.640538,-1.355438
6015,57.340000,1.461068,-0.835777,0.082327,0.310676,-0.478541,-0.148555,3.960603,-0.389752,-0.158904,-5.482174,-0.557394,0.390843,-3.464959,0.561679,-0.968465,-1.059672
6016,57.360000,1.473835,-1.231434,0.603302,0.760282,-0.755337,-0.574570,3.974416,-0.018332,-0.526119,-6.936395,-0.271437,0.491364,-3.207655,0.171641,-1.433892,-0.529843
6017,57.380000,0.601361,-1.391642,1.924861,1.617136,-0.733486,-0.643845,2.846058,0.543802,-0.866902,-6.745477,-0.729474,0.253782,-2.062805,-0.779533,-1.387583,0.148501
6018,57.400000,0.116133,-1.539887,3.073638,2.851649,-0.295619,-0.443840,2.622058,0.647003,-1.133669,-7.447937,-0.420117,0.489869,-1.948003,-1.903324,-1.218924,0.980074
6019,57.420000,-0.478884,-1.175553,3.508529,4.042017,-0.355001,-0.779577,2.235351,0.738065,-1.244151,-7.470999,-0.054195,0.550681,-2.140904,-2.868900,-1.140063,1.361102
6020,57.440000,-0.815712,-1.152306,3.525861,4.350399,-0.356625,-1.216209,1.904202,0.860246,-1.335390,-6.810614,0.189572,0.543605,-2.452617,-3.549138,-1.069634,1.305399
6021,57.460000,-0.525017,-1.080563,2.581444,3.376109,-0.176034,-1.020134,1.724166,0.904206,-1.131660,-5.085485,0.271342,0.514233,-2.628947,-3.865500,-1.191063,0.976038
6022,57.480000,0.769665,-0.403616,0.681117,0.794290,0.304910,-0.252949,1.211807,0.867895,-0.304436,-1.934816,0.150014,0.290084,-1.834273,-3.675146,-1.718500,0.762270
6023,57.500000,1.477213,0.536735,-0.545678,-3.352064,0.512318,1.338642,0.486452,0.893425,1.883612,1.665626,-0.250913,-0.351971,-0.926103,-3.249851,-2.419113,0.628748
6024,57.520000,0.485885,0.392108,-1.077624,-4.764630,0.895599,2.562753,-0.436239,0.853322,2.663905,4.277225,0.101674,-0.752338,-1.195751,-1.942841,-2.689548,1.019325
6025,57.540000,-0.538202,0.460497,-1.293682,-5.607451,0.796394,2.843746,-0.755351,0.540476,3.676912,6.742659,0.559097,-1.645581,-2.220169,-1.143282,-3.266965,0.948528
6026,57.560000,-0.616210,0.372667,-1.181013,-5.435061,0.475397,2.436646,-0.485513,-0.057081,3.783002,7.369193,0.785647,-1.783312,-2.826138,-0.463257,-2.734170,-0.032606
6027,57.580000,-0.830907,0.730668,-0.310608,-3.819613,0.445261,1.979185,0.133946,0.234593,4.296393,5.736671,0.297641,-1.245325,-2.109620,0.449213,-1.878257,-0.509550
6028,57.600000,-0.862781,1.019423,1.329872,-2.331419,0.279147,1.029436,0.438588,0.215229,4.406684,3.142951,-0.241881,-0.798946,-1.414247,0.648784,-2.117523,-1.401415
6029,57.620000,-0.395384,1.505076,1.753421,-1.421703,0.168890,0.458344,0.746542,0.046187,4.202024,0.688236,-0.654598,-0.521801,-1.434240,0.536023,-3.024424,-1.961054
6030,57.640000,0.334241,1.143123,0.973734,0.220478,0.039281,0.107497,1.819661,-0.083157,2.547950,-2.644233,-0.656231,0.313170,-1.458565,0.615583,-2.358811,-1.458973
6031,57.660000,0.153520,-0.076649,0.057422,1.298032,-0.260960,-0.202130,3.441787,0.213679,0.456262,-5.412714,-0.530095,0.726872,-1.698032,0.445958,-0.474305,-0.568724
6032,57.680000,0.187502,-0.346825,0.352349,1.639542,-0.608384,-0.669798,3.869458,0.259494,-0.103893,-6.719445,-0.311501,0.738708,-1.402069,-0.108316,-0.890756,-0.344205
6033,57.700000,-0.044716,-0.540450,1.646062,3.147800,-0.426035,-0.949683,3.363102,0.403588,-0.874660,-7.496751,-0.328686,0.616271,-1.248931,-1.287273,-0.802125,0.014241
6034,57.720000,-0.503717,-0.509128,3.003135,4.390588,-0.226503,-0.906004,2.986470,0.634477,-1.174058,-7.978001,0.089386,0.838749,-1.163611,-2.321568,-0.391579,1.170819
6035,57.740000,-0.781808,-0.378157,3.332034,4.583103,-0.316508,-1.018999,2.628832,0.716335,-1.147523,-7.206662,0.367485,0.840535,-1.020781,-2.816557,-0.097240,1.926549
6036,57.760000,-0.669859,-0.418753,3.156806,3.738687,-0.217434,-0.956227,2.582898,0.844464,-0.908169,-5.639126,0.463055,0.796317,-1.213060,-3.000911,-0.017176,2.324608
6037,57.780000,0.134769,-0.014733,2.013832,1.864975,0.203316,-0.484295,1.907110,0.724354,0.159288,-3.063745,0.492034,0.744942,-0.759955,-2.565527,-0.679262,2.619246
6038,57.800000,1.141119,1.071116,-0.318524,-2.036936,0.729537,0.872198,1.161938,1.236670,3.210541,0.469881,0.348580,0.490448,0.620427,-1.776238,-1.746595,2.853312
6039,57.820000,0.892995,0.840512,-1.114325,-4.330526,1.187429,1.804639,-0.767125,1.215559,4.422569,3.583533,0.649344,-0.134548,0.824890,-0.463429,-2.064090,2.662208
6040,57.840000,0.427796,0.531917,-1.414589,-5.159192,0.695564,1.912749,-1.566167,0.441388,4.478313,5.834092,1.173132,-0.883583,-1.042220,0.487249,-3.171813,1.686285
6041,57.860000,-0.143035,0.797805,-1.215010,-5.981360,0.765300,1.920020,-1.473328,0.482899,5.862355,7.043737,1.422194,-1.407952,-1.647469,1.291885,-2.865468,1.212311
6042,57.880000,0.013618,0.732003,-0.877316,-5.248884,0.662605,1.479430,-0.802922,0.495582,6.081345,6.008276,0.730930,-1.265985,-0.911912,1.916579,-1.266619,0.628537
6043,57.900000,-0.092761,1.024767,-0.205137,-3.739653,0.798146,1.181735,-0.106932,0.396161,6.309553,3.832818,-0.207243,-0.983653,-0.249661,1.984209,-1.165759,-0.120859
6044,57.920000,-0.215623,1.296319,0.452011,-2.394778,0.514340,0.618208,0.225089,0.250034,5.906354,1.515011,-0.700379,-0.743280,-0.206809,1.505935,-1.964978,-0.863151
6045,57.940000,0.024525,0.430434,-0.034418,-0.555778,0.038006,0.140367,1.576814,0.484963,4.008635,-2.003995,-0.803552,0.146257,0.063013,0.978352,-1.388468,-0.623753
6046,57.960000,-0.137781,-0.255763,-0.290947,1.192409,0.094922,-0.154707,4.158990,0.539951,0.582757,-6.331474,0.146001,1.967108,1.408553,2.167593,0.877920,1.118002
6047,57.980000,-0.097036,-0.158993,0.194995,2.758805,-0.111521,-0.982826,4.437728,0.208988,-0.511059,-8.829966,1.087772,2.782028,2.678985,2.347647,1.578574,1.479754
6048,58.000000,-0.453661,0.274562,1.346397,4.716373,-0.338186,-1.412740,4.337606,0.875214,-1.071626,-9.667927,1.448654,2.794819,2.486479,1.268620,2.301538,1.456370
6049,58.020000,-0.880615,0.560023,2.166723,4.967336,-0.525607,-1.103112,4.306759,1.069051,-1.037246,-8.505024,1.778044,2.513434,2.217752,-0.263544,2.796163,2.438461
6050,58.040000,-0.854090,0.382913,2.306941,3.713007,-0.431228,-0.763483,4.316356,1.517551,-0.349333,-6.090909,1.812350,2.429747,2.040311,-1.309004,2.910415,3.667882
6051,58.060000,-0.262518,0.732271,1.258080,1.270373,-0.133310,-0.463071,3.485748,1.719604,1.440587,-2.548424,1.565629,2.221530,2.290798,-1.260988,2.210476,4.606860
6052,58.080000,0.307245,1.417500,-0.878815,-2.671113,0.410788,0.307902,1.947388,2.392116,4.867376,1.466341,1.254076,1.904865,3.028779,-0.953908,0.998710,4.265026
6053,58.100000,-0.140290,0.532886,-1.743373,-4.367528,0.980534,0.611996,-0.825061,1.925293,5.545014,4.428761,1.555790,0.454694,1.863011,-0.717322,-0.416586,2.863784
6054,58.120000,-0.701128,0.320383,-2.012065,-5.522891,0.731655,1.029282,-2.114095,0.826258,6.517676,6.901488,2.199507,-1.272740,0.492175,-0.104537,-1.864239,1.966845
6055,58.140000,-0.165029,0.726926,-1.435960,-5.199771,1.059392,1.373133,-1.845152,0.705222,6.861907,6.642555,1.591108,-1.228304,0.485703,1.678999,-1.298804,1.534846
6056,58.160000,-0.082691,1.099117,-0.730034,-3.673222,1.107095,1.499212,-0.862442,0.649639,6.960166,4.669851,0.541150,-0.871210,1.285856,3.307719,-0.164062,1.375700
6057,58.180000,-0.380776,1.440661,-0.127736,-2.592603,1.055735,1.203820,-0.752172,0.486223,7.093015,3.064349,0.138737,-0.546921,1.392638,3.626810,-0.528789,0.750901
6058,58.200000,-0.581239,1.543717,-0.048078,-1.302452,0.898769,0.838199,-0.451866,0.538034,6.702460,1.007444,-0.299681,-0.468666,1.545427,3.496699,-0.831319,0.563322
6059,58.220000,-0.474952,0.866136,-0.302444,-0.017830,0.635722,0.489136,0.452076,0.956810,5.466610,-1.525079,-0.655790,0.044058,2.280425,3.182419,-0.129327,1.226332
6060,58.240000,-0.276629,0.064078,-0.419348,1.801152,0.811713,-0.035947,3.477258,0.929219,1.291566,-6.210574,0.657745,2.722963,3.316648,4.020794,2.466686,2.962174
6061,58.260000,-0.246972,-0.302113,-0.320418,2.648141,-0.121185,-0.877928,4.328672,0.579355,-0.439814,-8.307540,1.570720,3.799673,3.847939,3.453855,3.032050,2.344920
6062,58.280000,-0.140616,-0.138241,0.399274,3.974705,-0.570333,-1.297504,4.074955,1.045925,-1.074021,-8.539560,1.719695,3.399960,3.687119,1.637363,3.406212,1.539406
6063,58.300000,-0.163983,0.266836,1.501346,3.924530,-0.499326,-0.867794,3.949306,1.108580,-1.096550,-7.315559,1.962440,2.873279,3.338003,-0.083971,3.775164,2.622849
6064,58.320000,-0.041979,0.489732,1.365028,2.396901,-0.343770,-0.382601,4.283882,1.760161,-0.094911,-5.204762,1.796803,2.831105,3.367435,-0.721778,3.904195,4.416524
6065,58.340000,0.257473,0.984308,0.252521,0.051297,-0.042790,-0.056002,3.424063,1.986668,1.889305,-2.018219,1.745877,2.771900,3.430876,-0.234573,3.443358,5.787376
6066,58.360000,0.672486,0.928508,-0.729473,-2.931289,0.632413,0.362139,0.283629,0.889520,2.994375,2.412841,0.912447,0.968376,3.482985,0.302831,2.843358,5.056220
6067,58.380000,-0.468787,0.469377,-1.718827,-4.746514,1.055828,0.901083,-0.884900,1.348655,4.771335,4.978427,0.766605,-0.165530,2.592987,0.453916,2.019765,3.852526
6068,58.400000,-0.958310,0.391840,-2.003870,-6.174692,1.105267,1.238629,-1.753980,0.767204,5.803816,7.334458,1.279635,-1.880432,1.594239,1.016711,0.984539,2.917969
6069,58.420000,-0.553854,0.719740,-1.620405,-4.912632,1.276361,1.671722,-1.004415,0.695577,5.899606,6.395152,0.690532,-1.215583,1.862444,2.960347,1.790470,2.755666
6070,58.440000,-0.813928,1.032313,-0.886912,-2.744519,1.040425,1.689296,0.093820,0.638019,6.002937,3.883348,0.109329,-0.568223,2.672317,4.093556,2.024887,2.168706
6071,58.460000,-0.973543,1.427716,-0.204878,-1.015335,0.628904,1.142829,0.833196,0.318807,5.621770,1.087711,-0.445677,-0.340706,2.862386,4.141378,1.303817,1.599508
6072,58.480000,-0.692733,1.121284,-0.086589,0.343399,0.346606,0.527874,2.002807,0.852509,4.572893,-2.157914,-0.794429,0.212344,3.123848,4.066024,1.229591,2.077483
6073,58.500000,-0.268218,-0.840978,-0.559012,1.614892,0.363744,0.393145,4.117802,0.960882,0.687422,-5.539105,0.059892,2.093645,3.364598,3.686024,2.988366,3.017391
6074,58.520000,-0.110062,-0.069307,-0.063071,2.548716,-0.031682,-0.582940,4.454697,0.889518,-0.210087,-7.496953,0.638857,2.791789,4.521665,3.170364,3.231485,2.882137
6075,58.540000,-0.073230,0.293145,0.765153,4.210680,-0.116524,-1.104295,3.906045,0.946403,-1.083661,-8.154811,1.123020,2.943849,4.288346,1.643958,3.824003,2.664925
6076,58.560000,0.073967,0.385821,1.141167,3.774802,-0.661127,-0.818126,3.489984,1.223048,-0.892039,-5.975659,1.251452,2.359488,4.086123,-0.125548,3.818298,3.640510
6077,58.580000,0.225573,0.143636,1.538310,2.449698,-0.329728,-0.448974,3.202100,1.196224,-0.463315,-3.703707,1.406056,2.286072,3.810129,-0.674489,3.922238,5.177232
6078,58.600000,0.221405,0.894737,0.376986,-0.023043,0.072407,0.133073,2.747100,1.679431,1.747119,-1.054631,1.129197,2.383491,3.876895,-0.029847,3.593621,6.274105
6079,58.620000,0.533900,0.882808,-0.547066,-2.765494,0.657398,0.329588,0.305878,0.828937,2.503227,2.227017,0.713238,1.009108,3.804814,0.628662,3.342149,5.382918
6080,58.640000,-0.162389,0.553238,-1.379117,-4.331666,1.155157,1.030950,-0.683033,1.183667,4.082497,4.183108,0.580217,0.297368,2.960619,1.326456,2.774305,4.505078
6081,58.660000,-0.708832,0.543621,-1.769662,-5.724302,1.200704,1.505584,-1.458103,0.891110,5.296897,6.254892,1.007167,-0.970442,1.994330,2.073783,2.058487,3.602811
6082,58.680000,-0.711775,0.544234,-1.692719,-5.469256,1.218791,2.052364,-1.394342,0.556381,5.539250,6.743258,0.835314,-1.325273,1.797192,3.310372,2.214873,3.158665
6083,58.700000,-1.129040,0.837958,-1.236620,-3.442317,1.087463,2.225971,-0.200410,0.438118,5.592231,4.920183,0.325354,-0.755130,2.609445,4.289144,2.457448,2.683111
6084,58.720000,-1.604134,1.208250,-0.634853,-1.452038,0.605015,1.714021,0.800573,0.350280,5.289493,2.250943,-0.080226,-0.349064,3.092088,4.357159,1.970481,1.907466
6085,58.740000,-1.565388,1.027803,-0.483088,0.441818,0.127654,1.183637,2.218961,0.420632,3.969551,-0.947029,-0.466462,0.230503,3.262092,4.162466,1.648170,1.801905
6086,58.760000,-0.571035,-0.198574,-0.618253,0.942645,-0.056934,0.219430,4.418715,0.990838,1.243755,-4.563951,-0.625983,1.455757,3.673538,4.234591,3.479613,2.812511
6087,58.780000,-0.065965,-0.857498,-0.423221,1.676090,-0.201574,-0.286069,4.757432,1.046844,0.139294,-6.562052,0.161101,2.470026,4.494604,3.433843,3.322999,2.369687
6088,58.800000,0.199474,-0.412332,0.551997,3.612544,0.005142,-0.872042,3.682692,0.971878,-0.898824,-7.552929,0.592268,2.452538,4.548089,1.511042,3.734543,2.384313
6089,58.820000,0.065241,0.239300,1.705610,4.548873,-0.290316,-0.998679,2.645912,0.899447,-1.215066,-6.846957,0.831298,2.230360,4.593025,-0.084370,4.099644,3.493461
6090,58.840000,0.237276,0.400265,1.540277,3.217897,-0.514428,-0.447379,2.864124,1.311916,-0.447306,-4.795139,1.092710,2.259327,4.437593,-0.768900,3.834216,5.076935
6091,58.860000,0.301256,0.235864,0.982978,0.963146,-0.097161,-0.141411,2.855707,1.431549,0.475803,-2.265061,1.268567,2.377826,3.961612,-0.360093,3.912812,6.247451
6092,58.880000,0.713161,0.728739,-0.194347,-1.960029,0.363609,0.296146,1.279369,0.946820,1.812191,1.062808,0.762077,1.431401,3.916166,0.370854,3.742884,6.112665
6093,58.900000,0.704032,0.371557,-0.580275,-2.717076,0.973948,0.492293,-0.988936,-0.294935,1.079135,3.234862,0.366250,-0.034647,3.369197,1.611020,3.683749,5.053045
6094,58.920000,-0.558585,0.805923,-1.086540,-4.598514,1.072276,1.306382,-0.614848,0.507969,3.273775,4.803558,0.569091,-0.226839,2.875949,2.590735,3.781686,4.816361
6095,58.940000,-0.854390,0.697800,-1.383973,-5.309405,0.898875,1.915556,-0.620180,0.539203,4.008365,5.611947,0.445473,-1.103299,2.683170,3.678418,4.185086,4.057440
6096,58.960000,-1.437397,0.544482,-1.540353,-3.581721,1.048583,3.239681,0.228911,0.264038,3.711874,5.139022,0.341024,-0.827285,2.750551,4.698334,4.157242,3.465216
6097,58.980000,-2.556394,1.205410,-1.138224,-1.412289,0.796182,3.140209,1.675294,0.512560,4.076431,3.128673,0.225922,-0.277233,3.598557,4.758414,3.852416,2.535745
6098,59.000000,-3.374579,1.074243,-1.117889,0.581137,0.203194,2.703709,3.536475,0.671969,3.182254,0.783872,-0.139852,0.106477,4.218102,4.169024,3.360471,2.001787
6099,59.020000,-2.882681,0.454704,-1.284673,1.194093,0.120129,1.761326,5.338672,0.880863,1.856601,-1.366495,-0.557050,1.047262,4.291240,3.636592,3.160947,2.095566
6100,59.040000,-0.838819,-0.892135,-0.884154,1.457980,0.115036,0.635757,4.889405,1.056220,0.426799,-3.947905,0.069234,2.905337,3.713379,3.157212,3.676616,1.851838
6101,59.060000,0.175039,-0.987758,-0.581450,2.552297,-0.017331,-0.158740,3.867455,1.176376,-0.275301,-5.999189,0.923703,3.776588,4.220476,2.692326,4.636242,2.856963
6102,59.080000,0.973904,-0.650215,-0.258482,2.437186,-0.287453,-0.749822,2.979985,1.092434,-0.604093,-5.680551,1.123202,3.373590,4.528603,1.550033,5.067872,4.064882
6103,59.100000,1.313709,-0.564802,-0.274632,1.988733,-0.262287,-0.452434,2.484254,1.223922,-0.376981,-3.738655,1.409515,3.156085,4.113146,0.234993,4.788175,4.899345
6104,59.120000,0.839773,-0.542129,-0.345935,0.650792,0.079770,-0.295118,1.746553,1.305150,0.214406,-0.771536,1.043612,2.148280,3.815388,-0.411627,4.136831,5.599188
6105,59.140000,0.458121,0.150333,-0.329951,-1.278738,0.592558,-0.025321,0.855366,1.474761,1.503213,1.192659,0.926463,2.078749,3.737757,0.280348,3.677552,5.654276
6106,59.160000,0.134357,0.387292,-0.285719,-2.102232,0.786564,0.247510,-0.339735,0.545914,1.147312,2.436614,0.655878,1.021827,3.537463,1.136668,3.770962,4.657773
6107,59.180000,-0.665690,0.810715,-0.598412,-2.929920,0.707184,0.706870,0.017435,1.052537,2.686242,3.123800,0.536396,0.718142,3.313621,2.300675,3.611022,4.332372
6108,59.200000,-1.257025,0.787406,-0.994435,-3.209666,0.769129,1.714675,-0.192147,0.850270,3.306897,4.001421,0.651446,0.296414,3.090439,3.437848,3.451621,3.798034
6109,59.220000,-2.226923,0.914566,-1.156330,-2.275609,0.876168,3.287440,0.073935,0.308397,3.255870,4.483681,0.620065,-0.056228,2.988662,4.300961,3.177500,3.196336
6110,59.240000,-3.312343,1.324405,-1.086061,-1.004167,0.843150,3.662491,0.744183,0.409257,3.620389,3.942702,0.563023,0.005670,3.382779,4.511629,2.882850,2.549901
6111,59.260000,-3.795550,1.290177,-0.976794,0.211127,0.288767,3.083122,1.855414,0.291708,3.082680,2.443810,0.222730,0.063372,3.730686,4.241733,2.500472,2.055781
6112,59.280000,-3.825843,1.053097,-0.967423,0.928088,0.219975,2.960900,3.189006,0.523392,2.603602,0.901007,-0.016990,0.781674,3.981617,4.033927,2.256721,2.132058
6113,59.300000,-2.826629,0.138403,-0.822018,1.196520,0.242812,2.469375,3.596526,0.671678,1.182966,-0.618688,0.248379,2.466130,4.151994,3.698414,2.703913,2.507330
6114,59.320000,-0.705019,-0.974611,-0.679785,0.767194,0.168046,1.014008,3.212938,0.808446,0.294658,-2.712023,0.574085,3.688840,4.132606,3.664012,3.571752,3.601555
6115,59.340000,1.328559,-1.036303,-0.463701,0.414012,-0.019067,0.032146,3.002201,0.674982,-0.314946,-4.298604,1.236722,4.315935,4.653283,3.542580,4.566326,4.580182
6116,59.360000,3.064287,-1.083492,-0.222359,-0.436109,-0.124773,-0.720028,2.305511,0.445210,-0.720327,-4.213703,1.526068,4.086131,4.432752,2.629291,4.717959,5.259995
6117,59.380000,3.494192,-1.027396,-0.305829,-1.054876,0.003824,-0.750433,1.331285,0.632257,-0.507104,-2.179730,1.555814,3.554215,3.574343,1.602907,4.007123,5.680822
6118,59.400000,2.031050,-0.577262,-0.351555,-0.810758,0.385150,-0.723407,-0.063086,0.976743,0.144538,0.462297,1.138596,2.213731,2.707489,0.914558,3.713975,5.658477
6119,59.420000,0.473934,0.118884,-0.123501,-0.629703,0.461057,-0.405305,-0.996384,0.620237,0.259651,1.867424,0.317128,0.615635,2.924842,1.165575,3.566631,4.696203
6120,59.440000,-0.467523,0.529448,0.160488,-1.017048,0.251760,-0.008108,-0.618697,0.277970,0.276242,2.042240,0.018942,0.282484,3.154717,2.081491,3.380454,3.609813
6121,59.460000,-1.192899,0.736042,0.053440,-1.287423,0.103260,0.487521,-0.062158,0.263117,0.537989,2.126620,0.294655,0.671853,2.977991,3.007630,3.372654,3.005838
6122,59.480000,-1.980549,1.087562,-0.125370,-1.306770,0.159136,1.812836,0.426846,0.336089,1.611417,2.578082,0.392461,0.577749,3.032415,3.677187,3.342100,2.821859
6123,59.500000,-3.257024,1.207364,-0.830433,-0.695630,0.614889,3.698395,0.132445,0.008877,2.165000,3.728283,0.523404,-0.042374,2.824983,3.978516,2.655603,2.545869
6124,59.520000,-4.090507,1.452626,-0.985158,-0.089919,0.715727,4.177980,0.367331,-0.020538,2.596469,3.784039,0.319432,-0.570498,2.845179,4.196637,2.113609,2.254919
6125,59.540000,-4.484729,1.231796,-1.217594,1.334338,1.285900,5.531404,-0.908090,-0.741049,2.537242,3.871333,0.228759,-1.001572,2.615740,4.791310,0.541913,2.258921
6126,59.560000,-4.264568,1.060715,-1.019449,1.458060,1.347522,5.390806,-1.699860,-0.725006,2.384487,3.444826,0.016528,-1.160751,2.506896,5.180622,-0.137202,2.492631
6127,59.580000,-4.017992,0.856668,-1.055685,1.049529,1.256952,4.959509,-1.144934,-0.471614,2.239032,2.794284,0.019563,-0.981967,2.889909,5.107040,0.452812,3.121782
6128,59.600000,-3.594526,0.587075,-0.978523,0.457899,1.265478,4.576676,-0.831279,-0.215403,1.845592,2.543157,-0.285383,-0.840496,3.392886,4.949625,1.033943,3.846532
6129,59.620000,-2.744816,0.364035,-0.719456,-0.361063,1.180390,3.743009,-0.273237,0.026175,1.603421,2.103868,-0.384780,-0.266366,3.881797,4.660298,1.824956,4.488223
6130,59.640000,-0.983978,0.015601,-0.307018,-1.436148,0.661648,1.826221,0.409571,0.136422,1.107979,1.090750,-0.502522,0.474513,4.327531,4.369596,2.777785,5.011136
6131,59.660000,1.011056,-0.279149,-0.161216,-2.414071,0.386050,0.616141,1.267504,0.469452,0.500873,0.040325,-0.146928,1.741173,4.754490,4.265389,3.857970,5.746782
6132,59.680000,2.656962,-0.792753,-0.160256,-2.986124,0.306034,-0.165618,1.473897,0.443248,-0.140477,-0.508818,0.490533,3.013875,4.714636,3.691059,4.686606,5.772945
6133,59.700000,2.852769,-0.984386,-0.341035,-2.587025,0.182763,-0.629008,1.207775,0.681481,-0.127789,-0.697246,0.705367,3.162473,4.054570,2.520956,4.756250,5.121876
6134,59.720000,1.477972,-0.699212,-0.448066,-1.684893,0.139357,-0.695495,0.740513,0.801284,0.161117,-0.168702,0.768050,2.360801,3.201759,1.259186,4.405039,4.205171
6135,59.740000,-0.677734,-0.007908,-0.417309,-0.571264,0.312909,-0.395479,0.350396,0.697357,0.526547,0.660727,0.532248,1.200077,2.742334,0.686366,3.717733,3.456398
6136,59.760000,-1.733454,0.670126,-0.150548,-0.243061,0.250113,0.104565,-0.127456,0.253184,0.865065,1.892747,0.149632,0.135738,2.767234,1.537516,3.269492,2.911562
6137,59.780000,-1.848629,0.996752,-0.030143,-1.006076,0.295463,0.864351,-0.148324,0.634857,2.675961,2.227618,0.253830,0.207389,2.842093,2.913375,2.296665,2.757547
6138,59.800000,-1.889407,1.094089,-0.246114,-1.747077,0.661343,1.752973,-0.639749,0.605923,3.832683,3.064644,0.317460,0.021949,3.075590,3.956611,1.975553,2.862504
6139,59.820000,-1.535339,1.232454,-0.251098,-2.487631,0.848217,2.005228,-0.508785,0.722785,4.272845,3.336170,-0.001185,-0.202566,3.452251,4.422761,2.841115,3.059246
6140,59.840000,-0.818773,0.863365,-0.120164,-2.956862,0.634216,1.446640,-0.209558,0.651140,3.516582,3.179084,-0.379798,-0.259603,3.501613,4.005900,3.614306,2.880507
6141,59.860000,-1.308120,1.231207,1.766350,-3.007992,0.307595,0.272900,0.461945,0.852002,2.801633,2.136472,-0.686829,-0.123154,3.746921,3.239894,3.977506,2.164721
6142,59.880000,-1.642483,1.155085,2.289845,-1.928616,-0.138768,-0.363223,0.907797,1.067603,1.893143,0.414650,-0.894477,0.163910,3.880567,2.289154,3.973594,1.455007
6143,59.900000,-1.749406,0.666696,2.555721,1.098805,-0.169464,-0.891131,0.486072,1.083156,0.695386,-2.511554,-0.611642,1.002323,3.801413,1.285184,4.064414,0.794546
6144,59.920000,-1.688328,0.394868,2.675555,4.415750,-0.528041,-1.487974,-0.071297,0.724047,0.005940,-5.778240,-0.094334,1.229829,3.415042,0.532146,3.944924,0.856946
6145,59.940000,-0.843465,-0.196991,1.780692,5.068779,-0.575257,-1.344653,0.357642,0.056875,-0.548938,-7.100742,0.634025,1.171410,2.642890,-0.028092,3.243828,1.706388
6146,59.960000,-0.087708,-0.955907,1.814741,4.118135,-0.197339,-1.010259,0.977249,0.227687,-0.700032,-7.124344,0.798565,0.985416,1.709595,0.354478,2.679000,2.811952
6147,59.980000,0.921061,-0.982787,1.880669,2.487340,0.303005,-0.367473,1.390328,0.415573,-0.539926,-6.100041,0.546833,0.738342,1.139605,0.818012,2.303224,3.767854
6148,60.000000,2.274247,-0.725765,0.851721,-0.315146,0.440957,0.585860,1.592835,0.580410,0.485360,-3.987266,0.212423,0.473325,1.517039,1.415615,1.554335,4.675869
6149,60.020000,3.489398,-0.174699,-0.621811,-3.502345,0.530427,1.339539,0.747082,0.606388,2.364741,-1.195451,-0.106571,-0.039798,2.427691,2.245637,1.260271,5.079939
6150,60.040000,3.238612,0.176049,-0.999748,-4.786748,0.461063,1.211802,-0.185049,0.659028,3.211748,0.640028,0.077004,-0.314381,2.435166,2.699870,1.450719,4.713930
6151,60.060000,2.445441,0.401270,-1.184312,-5.375060,0.407160,1.208267,-0.212434,0.696516,3.367062,2.292868,0.489838,-0.202487,1.946213,2.572563,1.918627,4.036256
6152,60.080000,1.476735,0.740347,-1.159282,-6.167129,0.248357,1.071602,0.101444,0.667438,3.895064,3.926792,0.696333,-0.502605,1.653505,2.331942,2.686422,3.459752
6153,60.100000,1.410367,0.473945,-1.197412,-6.104825,0.065284,0.990882,0.232088,0.299355,3.538320,4.097589,0.384669,-0.807051,1.855411,2.343886,3.491890,2.972960
6154,60.120000,0.842740,0.633295,-0.836111,-5.267442,0.168543,0.972742,0.520849,0.145778,3.506791,3.527355,0.288243,-0.731906,2.225663,2.570736,3.590526,2.751322
6155,60.140000,0.844666,0.440564,-0.220124,-4.348465,-0.081750,0.920901,0.994425,-0.158720,2.658241,1.691769,0.146139,-0.433543,2.711253,2.759675,3.535980,2.685767
6156,60.160000,0.815816,0.272000,0.428951,-2.941936,-0.377676,0.843318,1.938658,-0.250511,1.698879,-0.749177,-0.142754,-0.107306,2.925917,2.925903,3.304283,2.983872
6157,60.180000,0.614107,-0.094839,0.579993,-0.710390,-0.575552,0.387328,2.916527,-0.068713,0.409911,-3.967151,-0.309630,0.520841,2.793331,3.330435,3.225138,3.337003
6158,60.200000,0.173744,-0.466886,1.107571,1.373621,-0.465581,-0.051812,2.994576,-0.044992,-0.211197,-6.376894,0.314844,1.519449,2.891848,3.435686,3.041824,2.989533
6159,60.220000,-0.187344,-0.504477,1.773438,3.406762,-0.340017,-0.892442,2.512008,0.023915,-0.790735,-7.953348,0.766721,1.863613,2.698647,3.072199,3.139798,2.648127
6160,60.240000,-0.478574,-0.756596,2.231236,4.645283,-0.167118,-1.337973,1.906456,0.381024,-1.104454,-8.230167,0.980107,1.808472,2.267606,2.204278,3.230277,2.797484
6161,60.260000,-0.647767,-0.897469,2.462933,4.467710,-0.039105,-1.167253,1.558040,0.902182,-0.880419,-6.826846,0.804557,1.554806,2.207152,1.119545,3.022434,3.133081
6162,60.280000,-0.384853,-0.721102,2.305244,2.998509,0.184659,-0.698054,1.767507,1.285089,-0.265499,-5.014709,0.709111,1.607105,2.364937,0.309971,3.174911,3.741383
6163,60.300000,0.926386,-0.379375,0.806890,0.226464,0.450492,-0.025011,1.392141,1.286299,0.773152,-2.431085,0.545078,1.509272,2.866335,0.240203,2.838268,4.106529
6164,60.320000,2.555352,0.074180,-0.661165,-3.147567,0.487766,0.609426,0.631410,1.164004,1.968611,0.020563,0.124764,0.879938,3.403560,0.704715,2.673062,3.958380
6165,60.340000,2.446899,0.087570,-1.106740,-4.539199,0.449167,0.976194,0.060571,0.933102,2.444313,1.395084,0.058442,0.095741,2.846257,1.304334,2.926705,3.515352
6166,60.360000,1.904846,0.278940,-1.298326,-5.498087,0.359018,1.376610,-0.189349,0.800117,2.815686,2.920139,0.320972,-0.244850,2.011134,1.807537,3.025746,3.124803
6167,60.380000,1.262174,0.485300,-1.285497,-6.093066,0.168718,1.340099,-0.212289,0.532496,3.243054,4.244889,0.498570,-0.713235,1.588741,2.201253,3.371240,2.745627
6168,60.400000,0.776225,0.505941,-1.131286,-5.225596,0.282060,1.341818,-0.280802,0.247856,3.305694,4.544104,0.353287,-0.845877,1.598977,2.637094,3.392277,2.500255
6169,60.420000,0.304990,0.490671,-0.660012,-3.186598,0.184535,1.032298,-0.058329,-0.127667,2.692183,3.300582,0.239143,-0.529535,1.890054,3.120583,3.177501,2.359311
6170,60.440000,-0.767545,0.979156,0.365243,-1.394300,-0.043072,0.687455,0.659837,-0.177122,2.607164,1.562946,-0.033300,-0.445302,2.304815,3.414574,2.577016,2.387374
6171,60.460000,-0.570534,0.487442,0.818444,0.389070,-0.235903,0.337905,1.351851,-0.041973,1.340993,-1.773426,-0.270517,0.184471,2.456330,3.389618,2.877457,2.287834
6172,60.480000,-0.561388,0.197276,1.055647,2.065607,-0.427527,-0.382315,1.928378,0.179782,0.453582,-5.038949,-0.485023,0.656487,2.221169,3.239487,3.207837,2.424203
6173,60.500000,-0.880489,0.021422,1.358783,3.064308,-0.473200,-0.867229,2.175748,0.433813,0.062753,-6.459054,-0.544536,0.886878,3.188798,2.761553,2.775762,2.471814
6174,60.520000,-0.800961,-0.352728,2.362713,4.428884,-0.108144,-1.184095,1.762868,0.263073,-0.899621,-7.258734,0.097630,1.179941,3.053929,1.956527,2.823041,2.753250
6175,60.540000,-0.486967,-0.435135,2.767326,4.721817,-0.160398,-1.078044,1.374024,0.315611,-1.112652,-6.791454,0.499469,1.247425,2.588259,1.083354,2.994256,3.639829
6176,60.560000,-0.174305,-0.662069,2.519548,3.666630,-0.012497,-0.793999,1.360570,0.634116,-0.745746,-5.448390,0.608582,1.224416,2.534893,0.554525,3.070861,4.471777
6177,60.580000,0.607155,-0.833753,1.974166,1.908858,0.372561,-0.366223,1.152385,0.709878,-0.271577,-3.869318,0.614904,1.279046,2.404988,0.630196,3.027378,4.853158
6178,60.600000,1.949313,-0.160565,0.301940,-1.442780,0.448122,0.615500,1.452849,0.959574,1.222515,-1.622218,0.432994,1.356800,3.018501,1.092758,2.688671,5.147291
6179,60.620000,2.951965,-0.106648,-0.829519,-3.540477,0.614110,0.940059,-0.000442,0.516014,1.918512,0.342659,0.167100,0.256974,2.929704,1.643005,2.583506,4.435061
6180,60.640000,2.551492,0.185007,-1.083258,-4.581745,0.583807,1.394447,-0.397383,0.569780,2.533177,1.690355,0.293949,-0.010996,2.027320,2.252535,2.388551,3.955582
6181,60.660000,1.815284,0.387378,-1.292510,-5.887299,0.198687,1.738675,-0.212643,0.413153,3.045311,3.478970,0.461949,-0.469290,1.517254,2.339224,2.814555,3.374472
6182,60.680000,1.380759,0.344460,-1.280499,-5.896342,0.001929,1.457273,-0.006824,0.069028,2.940546,4.210372,0.388982,-0.833026,1.347588,2.465015,3.196370,2.820507
6183,60.700000,0.428977,0.695290,-1.050120,-5.115587,0.292284,1.587103,-0.019315,0.038783,3.196094,4.494514,0.342486,-0.868581,1.363629,2.748249,3.113885,2.490699
6184,60.720000,-0.411548,0.873052,-0.655037,-3.595280,0.021713,1.144360,0.508672,-0.139000,3.102356,3.270694,0.329419,-0.676104,1.982064,2.896535,3.085813,2.238258
6185,60.740000,-0.588958,0.596344,-0.359475,-1.873420,-0.177916,0.989120,1.261170,-0.268928,2.270942,0.874100,0.195588,-0.184302,2.499130,3.095549,2.990554,2.186773
6186,60.760000,-0.344723,0.313510,0.058197,0.294544,-0.422979,0.410406,2.224900,-0.005873,1.057931,-2.613263,-0.252574,0.428970,2.548395,3.227183,3.329376,2.232147
6187,60.780000,-0.397567,0.130330,0.543883,1.796481,-0.526318,-0.378053,2.719922,0.189690,0.400297,-5.567248,-0.389101,0.980091,2.786563,3.306418,3.416054,2.369925
6188,60.800000,-0.612595,-0.226723,1.639868,3.716321,-0.160766,-0.920708,2.336314,0.149538,-0.544063,-7.516492,0.338181,1.741978,3.142689,2.961671,3.239330,2.211987
6189,60.820000,-0.630320,-0.115086,2.136817,4.894883,-0.205375,-1.265912,1.684205,0.355652,-0.974926,-7.504748,0.624323,1.636025,3.194113,2.074267,3.347634,2.762986
6190,60.840000,-0.699953,-0.340628,2.634292,5.321035,-0.126006,-1.310215,1.126662,0.604472,-1.078248,-6.777000,0.728971,1.596620,2.867592,1.104329,3.436687,3.524520
6191,60.860000,-0.362856,-0.671918,2.640385,3.840879,0.035716,-0.942277,0.983317,0.816165,-0.635156,-5.030723,0.809210,1.494695,2.542246,0.406449,3.337555,4.221749
6192,60.880000,0.351153,-0.364486,1.761252,1.152691,0.185752,-0.194359,1.458100,1.109427,0.397958,-2.841716,0.524306,1.479576,2.909016,0.513035,2.934130,4.659075
6193,60.900000,2.246928,0.059967,-0.352505,-2.318510,0.554902,0.647372,0.703489,0.869492,1.674727,-0.174819,0.349943,0.934790,3.337680,0.889236,2.706989,4.576375
6194,60.920000,2.775009,0.037291,-0.908463,-4.022265,0.672068,0.991012,-0.093571,0.833817,2.363290,0.908618,0.184730,0.306449,2.931295,1.701809,2.811683,4.230917
6195,60.940000,2.022888,0.228278,-1.211539,-4.908780,0.634718,1.359226,-0.612232,0.450095,2.521066,2.635381,0.435597,-0.214942,1.858878,2.347574,2.735320,3.799708
6196,60.960000,1.178298,0.417736,-1.263662,-5.459538,0.340984,1.576718,-0.516838,0.175500,2.878301,4.362955,0.559259,-0.807762,1.144230,2.466819,2.741439,3.214540
6197,60.980000,0.952757,0.351429,-1.287146,-5.480416,0.196945,1.841477,-0.334282,0.159052,3.097719,4.860407,0.438308,-0.911973,1.212465,2.786797,3.130931,2.762405
6198,61.000000,0.503883,0.521776,-0.895980,-4.358393,0.135777,1.453942,0.213960,0.001473,3.064110,3.844664,0.223709,-0.780117,1.838214,3.193933,3.450906,2.555964
6199,61.020000,-0.079761,0.734514,-0.200567,-2.614728,-0.026781,0.982109,0.934553,-0.206701,2.650215,1.978270,-0.014748,-0.499068,2.315732,3.279176,3.082171,2.373900
6200,61.040000,-0.206054,0.608153,0.298145,-0.860476,-0.270860,0.609439,1.819260,-0.192186,1.507148,-0.629093,-0.213995,0.012782,2.479738,3.285991,2.819894,2.348176
6201,61.060000,-0.160232,0.398547,0.537110,0.818378,-0.456594,0.050359,2.694924,0.202592,0.572002,-3.752936,-0.542457,0.538547,2.390157,3.192923,3.158459,2.500762
6202,61.080000,-0.556649,0.151508,1.057716,2.110948,-0.516261,-0.685919,2.777088,0.508530,0.195645,-5.660250,-0.631185,0.836579,3.037111,2.801189,3.043410,2.384955
6203,61.100000,-0.673702,-0.258694,2.347730,4.176767,-0.137791,-1.143304,1.917357,0.229722,-0.879297,-7.185190,0.117156,1.328239,3.090542,2.117013,3.102846,2.459676
6204,61.120000,-0.683384,-0.114121,2.757597,5.172773,-0.293718,-1.288243,1.283112,0.315957,-1.146619,-7.331835,0.510749,1.489092,2.994565,1.379023,3.175659,3.102639
6205,61.140000,-0.673918,-0.460651,2.772763,4.817664,-0.136909,-1.252604,0.997197,0.562875,-0.995545,-6.542294,0.727699,1.457359,2.728367,0.852455,3.183450,3.845821
6206,61.160000,-0.190464,-0.785147,2.413090,2.942160,0.081430,-0.697441,1.243623,0.847048,-0.439643,-4.819779,0.700619,1.344580,2.408710,0.532474,3.123827,4.346894
6207,61.180000,1.215940,-0.481129,1.263645,0.425997,0.516436,0.047809,1.159922,0.894995,0.551542,-2.623320,0.613652,1.344610,2.656949,0.704328,2.692151,4.584964
6208,61.200000,2.842102,0.067016,-0.597762,-2.895956,0.551489,0.814415,0.654090,0.907904,1.859309,-0.092500,0.209165,0.704862,3.133028,1.106577,2.634661,4.535687
6209,61.220000,3.034910,-0.008387,-1.047157,-4.510417,0.561861,1.247316,-0.002743,0.834470,2.351758,0.969578,0.145659,0.267137,2.727581,1.916566,2.838995,4.199194
6210,61.240000,2.146433,0.273620,-1.257435,-5.413606,0.397711,1.522462,-0.211464,0.543728,2.824758,2.612494,0.361314,-0.224986,1.834695,2.326988,2.830727,3.671834
6211,61.260000,1.333601,0.510179,-1.241665,-5.848986,0.106875,1.390216,-0.072304,0.295343,3.262116,4.016715,0.493689,-0.764160,1.303133,2.265426,2.925016,2.973461
6212,61.280000,0.533968,0.615996,-1.164900,-5.240287,0.245033,1.486089,-0.155671,0.160789,3.407115,4.789257,0.469721,-0.944789,1.200064,2.582909,2.945439,2.582725
6213,61.300000,0.197091,0.533630,-0.900752,-3.992066,0.160101,1.572834,0.225071,-0.076914,3.001711,3.505800,0.363462,-0.623671,1.763308,3.138005,3.225715,2.374796
6214,61.320000,-0.388021,0.702673,-0.321869,-2.351599,-0.071758,1.203497,1.059997,-0.257114,2.629710,1.512958,0.125429,-0.415911,2.466466,3.376886,3.079250,2.360269
6215,61.340000,-0.126502,0.435390,0.085814,-0.495870,-0.286568,0.753412,1.946776,-0.198941,1.339324,-1.546725,-0.195687,0.210082,2.667213,3.515845,3.046232,2.450031
6216,61.360000,-0.140281,0.218378,0.247266,1.144989,-0.474192,-0.095046,2.671752,0.123107,0.482799,-4.647320,-0.418545,0.733395,2.460912,3.514971,3.290030,2.690087
6217,61.380000,-0.444572,-0.208958,1.217264,3.095172,-0.222013,-0.653533,2.538577,0.111805,-0.312244,-6.930109,0.238253,1.654721,2.840044,3.191078,3.190790,2.440488
6218,61.400000,-0.702863,-0.309525,1.972104,4.768885,-0.161863,-1.300559,1.629610,0.271934,-0.947395,-7.562376,0.448199,1.657515,3.125475,2.427964,3.305642,2.585270
6219,61.420000,-0.662629,-0.245486,2.372005,5.051033,-0.174046,-1.234915,1.435063,0.591505,-1.008052,-7.046082,0.641355,1.663303,3.041995,1.530485,3.373541,3.298115
6220,61.440000,-0.438785,-0.572027,2.473631,3.717978,0.007097,-0.816583,1.423449,0.874661,-0.567489,-5.389379,0.827811,1.582842,2.772614,0.704617,3.360342,4.172962
6221,61.460000,0.351370,-0.581280,1.830055,1.511251,0.279241,-0.254218,1.361995,1.059708,0.117244,-3.239787,0.597223,1.417257,2.780682,0.468794,3.116182,4.680555
6222,61.480000,2.151257,-0.040124,-0.182057,-1.874994,0.417184,0.485924,0.572142,0.814178,1.396000,-0.327658,0.239657,0.692197,3.199338,0.751210,2.600664,4.647982
6223,61.500000,3.103549,0.036550,-0.814814,-3.914964,0.441289,0.839301,-0.109500,0.749199,1.985325,0.723890,-0.003679,0.126200,2.969173,1.389940,2.741113,4.203283
6224,61.520000,2.525755,0.297152,-1.198895,-5.128487,0.340029,1.390862,-0.116354,0.562753,2.450649,2.121125,0.166687,-0.234319,2.215194,1.871402,3.200263,3.859414
6225,61.540000,1.750297,0.450132,-1.277007,-5.798711,0.113117,1.451603,-0.065234,0.227657,2.737110,3.666854,0.326264,-0.727556,1.590344,2.041720,3.395781,3.238072
6226,61.560000,0.843920,0.545162,-1.263321,-5.488151,0.230523,1.523903,-0.156195,0.216752,3.108102,4.699967,0.396457,-0.950558,1.278199,2.404187,3.337134,2.797665
6227,61.580000,0.483328,0.463181,-1.020842,-4.489794,0.093988,1.508128,0.236658,0.112875,2.942807,3.815696,0.326258,-0.721658,1.742015,2.890406,3.579825,2.481648
6228,61.600000,-0.090444,0.596573,-0.366650,-2.909788,-0.080035,1.129428,1.015294,-0.075280,2.616732,2.098873,0.103417,-0.477925,2.452343,3.155051,3.437951,2.337870
6229,61.620000,-0.252440,0.597561,0.332977,-1.192440,-0.259266,0.736964,1.671202,-0.127205,1.722709,-0.190572,-0.223419,-0.107825,2.687217,3.244690,3.022876,2.312456
6230,61.640000,-0.204864,0.451437,0.541972,0.666756,-0.452826,0.102015,2.489554,0.248693,0.659271,-3.195505,-0.561623,0.440277,2.619847,3.164687,3.245136,2.471705
6231,61.660000,-0.533663,0.058181,1.306704,2.669786,-0.363047,-0.547408,2.244413,0.226508,-0.079120,-5.700413,-0.105453,1.241215,2.770008,2.919257,3.249280,2.319924
6232,61.680000,-0.605017,-0.184195,1.823517,4.335616,-0.256891,-1.195366,1.628174,0.228463,-0.753820,-7.228895,0.383868,1.616395,2.995134,2.419027,3.252270,2.469635
6233,61.700000,-0.633407,-0.243094,1.994335,4.976833,-0.300720,-1.369306,1.221642,0.469551,-0.985019,-6.947138,0.508138,1.537503,3.117316,1.711281,3.310993,2.932583
6234,61.720000,-0.279774,-0.614461,2.354198,4.140729,-0.051092,-1.030312,1.197271,0.618825,-0.821405,-5.787934,0.773702,1.457677,2.716704,0.989936,3.361467,3.841258
6235,61.740000,0.452535,-0.647144,1.987423,2.241504,0.236952,-0.463229,1.257401,0.816100,-0.252266,-3.873086,0.709585,1.354712,2.623871,0.671300,3.217513,4.581784
6236,61.760000,1.820753,-0.192354,0.444610,-0.952265,0.440840,0.371605,1.117549,0.928561,0.977445,-1.554623,0.323851,1.187482,3.191890,1.053783,2.651345,4.846572
6237,61.780000,2.996121,0.016003,-0.696956,-3.526640,0.541952,0.852001,0.236269,0.772708,1.958219,0.137696,0.025849,0.438467,3.184890,1.591592,2.663121,4.429036
6238,61.800000,2.689168,0.257119,-1.043501,-4.783441,0.472442,1.147962,-0.222217,0.631988,2.527675,1.430033,0.208798,-0.051886,2.311836,2.092772,2.700116,3.898158
6239,61.820000,1.772901,0.507233,-1.274257,-5.593346,0.333222,1.436175,-0.129504,0.442980,3.074728,3.301081,0.407713,-0.525009,1.663527,2.143973,2.966115,3.421812
6240,61.840000,1.366829,0.455138,-1.334260,-5.925807,0.134073,1.466139,-0.036626,0.344195,3.228803,4.175072,0.400804,-0.793443,1.475535,2.319436,3.373075,2.908815
6241,61.860000,0.708713,0.564193,-1.112996,-5.123314,0.176161,1.394404,0.180738,0.170870,3.210215,4.047636,0.296238,-0.830910,1.710354,2.682478,3.607089,2.620691
6242,61.880000,0.001240,0.765130,-0.577968,-3.588613,0.008675,0.987259,0.741861,-0.008528,3.095137,2.816499,0.145914,-0.651621,2.246607,2.887311,3.403620,2.432843
6243,61.900000,-0.356256,0.658942,-0.060881,-2.167344,-0.061946,1.339979,1.170527,-0.242436,2.323070,1.147976,0.158124,-0.222507,2.503522,2.992159,3.034989,2.244213
6244,61.920000,-0.191512,0.234715,0.200907,-0.163852,-0.287693,0.765928,1.685310,-0.157552,0.945335,-1.935746,-0.050384,0.367550,2.477036,3.161930,3.074938,2.255111
6245,61.940000,-0.402818,0.116683,0.556690,1.650098,-0.572060,-0.231758,2.375928,0.239726,0.400691,-5.075541,-0.292681,0.921893,2.479984,3.289348,3.356445,2.507228
6246,61.960000,-0.572576,-0.249742,1.215052,3.270698,-0.378566,-0.856398,2.412884,0.210591,-0.291945,-6.995939,0.195014,1.649279,2.970606,3.062339,3.182577,2.300414
6247,61.980000,-0.556318,-0.279419,1.812916,4.611749,-0.198830,-1.198254,1.875487,0.333984,-0.885354,-7.524511,0.541419,1.720821,3.025590,2.363739,3.333607,2.614018
6248,62.000000,-0.372744,-0.414711,2.204096,4.545284,-0.099640,-1.154912,1.466286,0.583661,-0.941770,-6.639968,0.796883,1.599220,2.916001,1.518778,3.453720,3.602409
6249,62.020000,0.075818,-0.573513,1.983199,2.943025,0.102295,-0.630227,1.425140,0.878613,-0.395477,-4.627814,0.938469,1.615195,2.904742,0.919123,3.517061,4.615194
6250,62.040000,1.023410,-0.367010,1.060910,0.603261,0.476894,-0.082057,0.951929,0.912723,0.500451,-2.193454,0.743318,1.590772,3.238602,1.116769,3.024466,4.953631
6251,62.060000,2.208100,0.083228,-0.351470,-2.289104,0.552656,0.623526,0.636554,0.977739,1.579410,-0.140829,0.386642,1.500036,3.644721,1.460058,2.967541,4.743428
6252,62.080000,2.300553,-0.031129,-0.834168,-3.596143,0.497547,0.814440,0.248549,0.683302,1.600992,0.712308,0.325987,0.595226,2.887561,1.679819,3.124468,3.942789
6253,62.100000,1.828260,0.165744,-1.035477,-4.095060,0.256319,1.499304,0.523043,0.217071,1.598101,1.665642,0.296300,-0.036976,1.755527,1.600319,3.092876,2.933310
6254,62.120000,0.990897,0.422781,-0.818871,-3.675356,-0.009294,2.051617,0.298275,-0.232342,1.448359,2.503360,0.417730,-0.398792,0.855133,1.691988,2.687786,2.065171
6255,62.140000,-0.161496,0.463134,-0.731766,-2.333190,-0.530639,2.416315,0.529030,-0.475254,0.827040,2.465003,0.202481,-0.857163,0.134165,1.079869,1.755117,0.845385
6256,62.160000,-1.687959,0.434319,-0.480718,-0.122414,-1.384751,2.965014,0.914235,-0.530572,-0.036229,1.838055,-0.004947,-1.248347,-1.187325,-1.333280,-0.588050,-1.266641
6257,62.180000,-1.939522,0.012606,-0.418559,0.624571,-2.256364,2.553272,1.112595,-0.403878,-0.652392,1.058982,-0.068540,-1.300125,-1.420991,-2.362207,-1.666926,-1.943375
6258,62.200000,-1.495964,-0.721659,-0.074274,0.475186,-2.757842,0.944290,1.045129,-0.262721,-0.949259,0.365973,-0.124659,-1.058872,-1.404292,-1.918938,-1.870526,-1.910725
6259,62.220000,-0.096671,-1.742120,0.696037,-0.176353,-2.466629,-0.634375,0.573176,-0.067885,-1.000656,-0.586883,-0.350054,-0.542176,-1.499737,-0.669044,-1.583299,-1.186399
6260,62.240000,0.684436,-1.841149,1.214197,-0.420502,-1.843332,-1.325089,0.419736,0.134072,-0.868171,-1.377629,-0.378365,-0.176031,-0.816329,0.312306,-1.099298,-0.303164
6261,62.260000,1.278274,-1.512635,1.277575,-0.340811,-1.188171,-0.914986,0.191223,0.293227,-0.879002,-1.545320,-0.517095,-0.003071,0.088942,0.432224,-0.399332,0.281436
6262,62.280000,1.874687,-1.248612,0.779612,-0.307619,-0.960628,-0.488010,-0.306594,0.392595,-0.782656,-1.406412,-0.398373,-0.062112,0.603892,0.459863,0.228978,0.808212
6263,62.300000,1.985733,-1.032619,0.294267,-0.240300,-0.869753,-0.318292,-0.604051,0.469373,-0.597840,-1.128416,-0.266231,-0.092912,0.726842,0.772568,0.552542,1.161064
6264,62.320000,1.867429,-0.955156,0.144957,-0.415779,-0.984818,-0.231980,-0.687317,0.470628,-0.400379,-0.575382,-0.182421,-0.182387,0.805395,0.981697,0.554707,1.285208
6265,62.340000,1.555096,-0.891361,0.003918,-0.698361,-1.024934,-0.191034,-0.513028,0.441791,-0.225542,-0.101388,-0.224930,-0.289268,1.043370,1.058775,0.379962,1.258453
6266,62.360000,1.398522,-0.787700,0.004280,-0.830769,-0.929497,0.010805,-0.319563,0.309495,-0.183043,0.184368,-0.191837,-0.200533,1.111194,1.030320,0.231166,1.090943
6267,62.380000,1.280360,-0.689660,0.097640,-0.869237,-0.975697,0.411634,-0.115956,0.171272,-0.259198,0.230257,-0.225502,-0.163599,1.005767,0.942374,0.159128,0.775154
6268,62.400000,0.904294,-0.555995,0.339665,-0.977902,-1.052810,0.812767,0.078906,0.128294,-0.312247,0.287495,-0.309946,-0.241276,0.842841,0.818988,0.153294,0.486177
6269,62.420000,0.523986,-0.488348,0.439502,-0.809799,-0.945135,0.921397,0.083425,0.093010,-0.382400,0.282237,-0.290101,-0.225965,0.615027,0.713857,0.012810,0.241168
6270,62.440000,0.169040,-0.395681,0.474770,-0.552081,-0.871941,0.772748,0.044482,0.055075,-0.372203,0.200982,-0.313332,-0.256279,0.387168,0.593942,-0.175241,0.075213
6271,62.460000,-0.041561,-0.357412,0.509056,-0.342594,-0.773247,0.753702,-0.005687,-0.020861,-0.393926,0.111537,-0.310964,-0.275476,0.194285,0.484892,-0.277596,0.022597
6272,62.480000,-0.221273,-0.305626,0.497041,-0.144696,-0.621992,0.716226,-0.101009,0.014376,-0.344375,0.010060,-0.246606,-0.277449,0.098350,0.413143,-0.325253,0.064393
6273,62.500000,-0.332465,-0.261815,0.428607,-0.091159,-0.509015,0.656898,-0.119024,0.039848,-0.261069,-0.063061,-0.174690,-0.220508,0.137910,0.398304,-0.307141,0.161213
6274,62.520000,-0.434640,-0.139794,0.387623,-0.092751,-0.321657,0.570753,-0.139694,0.095472,-0.155933,-0.108934,-0.090219,-0.136992,0.301924,0.450744,-0.187581,0.318791
6275,62.540000,-0.594326,0.050103,0.421684,-0.199466,-0.126679,0.378038,-0.071865,0.164252,0.073030,-0.120491,0.100258,0.126574,0.853401,0.903319,0.256202,0.771755
6276,62.560000,-0.784994,0.338342,0.390753,-0.350748,0.217667,0.177416,0.010794,0.327466,0.498293,-0.037965,0.403117,0.606334,1.772868,1.639712,0.939473,1.453724
6277,62.580000,-1.100346,0.763242,0.276137,-0.665738,0.577504,-0.044461,0.033203,0.668803,1.402431,0.276178,0.848705,1.361416,2.898458,2.694717,2.172334,2.350067
6278,62.600000,-1.287657,0.959458,-0.059566,-1.289522,0.679525,-0.051710,-0.105556,1.157596,2.565543,0.893212,1.154042,1.811159,3.552793,3.258255,3.455853,2.725455
6279,62.620000,-1.271455,0.972567,-0.410606,-1.967448,0.890265,0.142085,-0.321782,1.584639,3.362073,1.528076,1.344599,2.047104,3.680620,3.313403,4.196176,2.355043
6280,62.640000,-1.026844,0.785031,-0.653083,-2.512125,1.101739,0.310200,-0.601073,1.809343,3.803042,1.987667,1.338915,2.129501,3.555390,3.024405,4.358201,1.626236
6281,62.660000,-0.939453,0.630456,-0.765659,-2.593907,1.122204,0.347780,-0.941327,2.049497,4.061896,2.251235,1.110842,1.928128,3.387114,2.731899,4.272552,1.140651
6282,62.680000,-0.940853,0.388696,-0.800915,-2.279476,1.090040,0.314437,-1.284412,2.071576,3.933064,2.308647,0.861442,1.864254,3.230777,2.445402,4.051707,0.836633
6283,62.700000,-1.025058,0.445251,-0.665441,-1.361072,1.037265,0.089658,-1.565898,2.108085,3.780983,1.715207,0.804188,2.002881,3.069442,2.376491,3.610091,0.723362
6284,62.720000,-1.150053,0.386032,-0.503350,-0.199335,0.892031,-0.139366,-1.794043,2.042858,3.444968,0.867833,0.758576,2.160927,3.010666,2.257913,3.304336,0.719771
6285,62.740000,-0.961665,0.432249,-0.283526,0.926422,0.758899,-0.229005,-1.711735,1.728787,2.751091,-0.367916,0.813135,2.514858,3.004897,2.143648,2.946312,0.912637
6286,62.760000,-0.759168,0.501776,-0.193269,1.559638,0.690341,-0.262877,-1.291888,1.698965,2.420336,-1.577685,1.020148,2.786427,3.205300,2.150738,2.754315,1.563308
6287,62.780000,-0.505182,0.489876,-0.181669,1.689536,0.518512,-0.256540,-0.818530,1.596987,2.119339,-2.231287,1.251924,2.868200,3.345165,2.023716,2.650148,2.313107
6288,62.800000,-0.163811,0.532620,-0.193703,1.340738,0.539666,-0.093315,-0.520110,1.493491,2.157070,-2.218682,1.411005,2.872965,3.306145,2.076332,2.215012,3.024415
6289,62.820000,-0.096296,0.546212,-0.302981,0.355984,0.637860,0.093001,-0.270787,1.525591,2.591774,-1.264972,1.419842,2.618046,3.203421,2.354413,1.590155,3.561529
6290,62.840000,-0.376422,0.751665,-0.354149,-0.567951,0.896684,0.328086,-0.266256,1.481733,3.112770,0.023578,1.235491,2.202053,3.180056,2.868737,1.347369,3.720457
6291,62.860000,-0.681996,0.792818,-0.416962,-1.172973,0.962277,0.445909,-0.238977,1.382514,3.297077,0.912323,0.851625,1.530404,3.210568,3.203976,1.743919,3.477046
6292,62.880000,-0.756973,0.842242,-0.383677,-1.567946,0.937409,0.494736,-0.282090,1.229984,3.280504,1.366415,0.960236,1.512923,3.134923,3.349996,2.270391,3.125437
6293,62.900000,-0.790427,0.778409,-0.289969,-1.700412,0.777083,0.420719,-0.232920,1.030998,2.930528,1.401874,0.663690,1.239518,3.236218,3.416399,2.822131,2.769761
6294,62.920000,-0.655237,0.596390,-0.257762,-1.441168,0.591290,0.367430,-0.222150,0.818420,2.277270,1.097331,0.564413,1.140504,3.191694,3.202315,3.120234,2.447237
6295,62.940000,-0.664203,0.739644,-0.067565,-1.206203,0.587746,0.367998,0.062083,0.800775,2.201033,0.543556,0.491390,1.250608,3.354008,3.217511,3.242451,2.461329
6296,62.960000,-0.622697,0.676329,-0.042030,-0.825353,0.523061,0.405246,0.194990,0.664323,1.871975,0.000223,0.479373,1.224042,3.402168,3.094872,3.270839,2.524244
6297,62.980000,-0.522865,0.578429,-0.003568,-0.439315,0.453088,0.453560,0.258159,0.507982,1.625953,-0.528067,0.381214,1.170002,3.326422,2.984960,3.134043,2.631956
6298,63.000000,-0.498366,0.544405,0.132726,-0.014841,0.426520,0.547595,0.349998,0.473580,1.566278,-1.080724,0.496802,1.250137,3.225731,2.947948,2.980994,2.812895
6299,63.020000,-0.566056,0.508415,0.323718,0.219683,0.337832,0.460179,0.409295,0.501340,1.617697,-1.501163,0.444182,1.142517,3.162036,2.890094,2.902776,3.019782
6300,63.040000,-0.733189,0.469021,0.614813,0.295899,0.277780,0.214650,0.433574,0.675406,1.743609,-1.855063,0.364734,1.023406,3.073508,2.794384,2.780820,3.208199
6301,63.060000,-0.739980,0.500218,0.776164,0.395229,0.259662,0.186409,0.503192,0.653795,1.800660,-2.218132,0.392450,1.061554,3.061801,2.729932,2.635290,3.329170
6302,63.080000,-0.743719,0.458627,0.927775,0.638076,0.193728,0.050541,0.487982,0.600187,1.651542,-2.628336,0.380607,0.998305,2.982764,2.557003,2.555587,3.270233
6303,63.100000,-0.672203,0.305986,1.133952,0.972196,0.068452,-0.035741,0.571146,0.405566,1.167549,-3.207357,0.350182,0.931726,2.789095,2.406819,2.528389,3.160128
6304,63.120000,-0.661090,0.059517,1.233645,1.564950,-0.182940,-0.233080,0.726638,0.313562,0.390555,-3.920955,0.211626,0.758678,2.531023,2.169636,2.596123,3.162480
6305,63.140000,-0.588775,-0.282918,1.911107,2.576281,-0.223319,-0.507919,0.897662,0.142948,-0.232309,-5.292950,0.474895,0.995488,2.147863,2.054689,2.674673,3.352569
6306,63.160000,-0.740915,-0.627465,2.280634,3.216721,-0.379135,-0.829117,1.017860,0.161606,-0.621171,-6.262202,0.522227,1.026922,1.887345,1.902166,2.441808,3.448239
6307,63.180000,-0.500589,-1.026966,2.577352,3.682703,-0.307654,-0.886630,0.997515,0.105974,-0.938983,-6.876877,0.712520,1.088053,1.554815,1.616222,2.210192,3.560765
6308,63.200000,-0.143733,-1.089527,2.104090,3.008402,-0.305619,-0.618399,1.318877,0.367205,-0.767039,-6.342583,0.579833,0.871663,1.314847,1.325112,1.862190,3.673607
6309,63.220000,0.811581,-1.330815,1.313913,1.866972,0.139817,-0.261939,1.198925,0.463291,-0.606256,-5.491756,0.565899,0.726998,1.121011,1.222088,1.715760,3.752493
6310,63.240000,2.211755,-0.743191,-0.149915,-1.265066,0.259238,0.622947,1.398261,0.591369,0.527846,-3.242917,0.293230,0.349127,1.441561,1.327447,1.289465,4.129729
6311,63.260000,3.091279,-0.143078,-1.017887,-4.391145,0.379620,1.427488,0.231635,0.474358,2.358918,-0.458324,0.016555,-0.231887,1.800246,1.574388,0.757292,3.868803
6312,63.280000,2.856155,0.303445,-1.221056,-5.680868,0.136754,1.531325,-0.637720,0.416421,3.302176,2.214792,-0.182931,-0.756998,1.684170,1.643305,0.985090,3.454442
6313,63.300000,2.164623,0.605234,-1.221063,-6.651756,-0.203135,1.002810,-0.399362,0.624301,3.605663,4.077655,0.043699,-0.915061,1.436704,1.448136,1.926553,2.991498
6314,63.320000,1.291707,0.689892,-1.092571,-6.720534,-0.203138,0.727937,-0.271580,0.493487,3.573855,5.111681,0.131966,-1.094582,1.260556,1.548732,2.614223,2.480505
6315,63.340000,0.778534,0.647663,-0.563709,-5.628438,-0.229728,0.478279,-0.013707,0.160687,3.472605,4.549707,0.073652,-0.990003,1.431068,1.793313,2.808849,1.998587
6316,63.360000,0.641729,0.109271,1.014229,-4.450509,-0.356340,0.366800,0.334103,-0.265326,2.600676,2.401653,-0.065617,-0.634438,1.770339,1.941206,2.692742,1.736014
6317,63.380000,0.314970,-0.301961,2.870879,-2.449939,-0.548461,0.110515,0.917420,-0.660988,1.179749,-0.992288,-0.322961,-0.232196,1.617465,1.942008,2.287947,1.753662
6318,63.400000,-0.340171,-0.966637,3.263656,1.443904,-0.964803,-0.612086,1.702297,-0.498014,-0.207159,-5.871173,-0.313833,0.483600,0.720320,1.993941,2.132416,1.703958
6319,63.420000,-0.693863,-1.577384,2.968944,3.509832,-1.088069,-1.348307,1.591573,-0.325465,-0.494637,-8.660977,0.114436,0.850110,0.359780,1.578033,0.960787,1.388945
6320,63.440000,-1.036996,-2.166517,2.574548,4.560158,-0.769642,-1.429666,1.115989,0.110881,-0.725218,-9.048248,0.042833,0.768169,0.600824,1.141571,0.498725,1.199442
6321,63.460000,-0.419742,-2.496130,2.516518,4.393952,-0.185925,-0.887265,1.750292,0.260827,-1.169082,-9.169517,0.076487,0.586934,-0.192155,0.642309,0.606975,2.058032
6322,63.480000,0.696412,-2.465569,1.989891,3.097959,0.211036,-0.105437,2.419868,0.692063,-1.076887,-7.919163,-0.080538,0.320060,-0.682136,0.130256,0.636239,3.435690
6323,63.500000,1.994040,-2.226866,0.405002,0.675937,0.385851,0.599910,2.267871,1.459403,-0.444312,-4.903237,-0.681036,0.081761,-0.314281,0.116680,0.809762,4.615705
6324,63.520000,3.845047,-1.404305,-1.204018,-2.757195,0.569992,1.149585,1.238779,1.456690,0.707775,-1.558269,-0.710078,-0.101520,1.005262,0.182997,0.569875,5.003148
6325,63.540000,3.373284,-0.297210,-0.955426,-4.374699,0.816431,1.078712,-1.709312,0.972362,2.869780,2.188862,-0.406235,-0.522354,1.580414,0.294802,-1.035580,3.469873
6326,63.560000,2.115991,-0.148711,-0.952759,-5.298376,0.321110,1.004050,-1.912365,0.758392,2.791709,4.772580,-0.230219,-0.734749,1.449602,0.344210,-0.677027,3.042963
6327,63.580000,0.793710,0.375387,-1.060176,-6.357071,0.054332,1.316392,-1.396903,0.460829,3.201579,6.734284,0.200097,-1.299081,0.692953,1.077922,0.085656,2.706264
6328,63.600000,0.837617,0.455119,-1.007202,-6.043964,0.236087,1.852146,-1.325804,0.034004,3.431321,6.697335,0.052738,-1.261011,0.611742,2.650065,1.398840,2.293790
6329,63.620000,0.812303,0.462416,-0.208328,-4.336390,0.300793,1.788652,-0.365986,-0.214539,3.543299,4.501193,-0.047001,-0.602892,1.162596,3.685724,2.240186,2.066614
6330,63.640000,0.181855,1.073058,1.603497,-2.570250,0.106733,0.983837,0.770686,-0.565940,3.237155,1.776985,-0.350136,-0.304449,1.402010,3.567516,1.882230,1.617872
6331,63.660000,0.190168,0.912897,2.418374,-0.598933,-0.287594,0.324746,2.501282,-0.337571,1.506556,-2.330465,-0.682750,0.353386,1.270028,2.805636,2.146659,1.454211
6332,63.680000,-0.436635,0.278804,2.405985,1.791826,-0.564481,-0.657455,3.105258,0.136761,0.140593,-5.792595,-0.909785,0.811205,0.989514,2.264767,2.020989,0.958664
6333,63.700000,-1.121096,-0.168383,3.144967,3.915894,-0.637602,-1.662134,2.338593,0.519824,-0.535590,-7.800825,-1.046295,1.069580,1.831902,0.947311,1.669151,0.119635
6334,63.720000,-2.256398,-0.607104,3.287439,5.235942,-0.501154,-1.610048,1.746429,0.891533,-0.840158,-7.613185,-1.341023,0.876718,2.994190,-0.671400,1.431582,-0.799557
6335,63.740000,-1.624840,-0.625499,4.326982,5.509351,0.142416,-1.016614,1.349570,0.544252,-1.163605,-6.899295,-0.914593,0.574819,2.199773,-1.878815,1.431153,0.017552
6336,63.760000,-0.180049,-0.912524,4.041448,3.987775,0.314604,-0.352736,1.450379,0.519598,-0.941784,-5.422479,-0.488317,0.358525,0.882140,-2.568718,1.796962,1.873227
6337,63.780000,1.813719,-1.050740,2.338538,1.007816,0.523680,0.278117,1.704627,0.709789,-0.287544,-3.525428,-0.502970,0.193561,0.707029,-2.083000,1.999863,3.579281
6338,63.800000,4.610026,-0.078533,-0.467156,-3.219214,0.306100,1.207559,1.837651,0.796107,1.022349,-1.363616,-0.420860,0.537866,1.658200,-0.681605,2.390916,3.997161
6339,63.820000,4.556422,-0.282134,-0.604445,-4.133886,0.570721,1.139323,0.129835,0.696649,1.693151,-0.363578,0.031492,0.658574,1.895970,0.858686,1.874168,3.640668
6340,63.840000,2.977689,-0.148079,-0.757263,-4.748355,0.630341,1.474582,-0.655491,0.454709,2.124517,1.538546,0.409364,0.666836,1.147322,1.475161,0.885419,3.006078
6341,63.860000,0.577232,0.327476,-1.027678,-5.690650,0.404481,2.082821,-0.211085,0.343997,2.895720,4.275125,0.859701,-0.391648,0.201290,1.075277,0.524052,2.383421
6342,63.880000,-0.567116,0.218009,-1.144944,-4.507814,0.464104,3.015289,0.152950,-0.265595,2.075793,5.446164,0.426727,-1.228365,-0.593598,0.842500,0.746992,1.207822
6343,63.900000,-2.307932,0.558190,-1.115778,-0.771506,0.075508,4.559584,1.241911,-0.733232,0.583982,4.085284,0.235766,-1.129721,-0.764189,-0.059583,0.454080,-0.647628
6344,63.920000,-4.000806,1.025755,-1.224267,1.897680,-0.985348,3.777408,2.871209,-0.817151,0.005036,1.560850,0.346553,-0.696480,0.534807,-0.831373,0.139169,-1.450377
6345,63.940000,-4.266515,0.879215,-1.482207,2.061943,-1.462420,2.555980,4.356466,-0.378273,0.112119,0.114299,-0.226655,-0.445039,0.774903,-1.284711,-0.154778,-1.609641
6346,63.960000,-3.528178,0.640767,-1.101873,1.858814,-1.077347,1.561017,4.128635,-0.109368,0.116924,-0.921463,-0.188077,-0.006312,-0.028802,-1.285208,-0.315015,-2.306055
6347,63.980000,-2.189285,0.143008,-0.300362,2.595020,-0.768701,0.922436,2.264243,-0.165233,-0.355957,-2.654346,-0.124085,0.421925,-1.200503,-1.347296,-0.249295,-2.996697
6348,64.000000,-1.118322,-0.153809,0.213458,3.733301,-0.505066,0.160257,0.596519,0.313962,-0.732227,-4.326381,-0.222542,0.757004,-1.681048,-1.103301,0.194911,-2.488908
6349,64.020000,-0.825511,0.204194,0.729968,4.967471,0.009997,-0.952685,-0.613508,0.805870,-0.868127,-4.866207,-0.075900,0.994432,-0.603947,-0.433501,0.894634,-1.264233
6350,64.040000,-0.424987,0.642469,0.678452,4.246110,0.022568,-1.283325,-0.781911,1.057044,-0.466986,-3.344350,-0.111578,0.791973,1.433953,-0.180160,1.346100,0.111261
6351,64.060000,0.601851,0.295430,0.878708,2.354964,-0.275777,-0.448540,-0.777539,1.020799,-0.194814,-1.462726,0.217176,0.682095,2.338052,-0.845493,1.003527,1.226035
6352,64.080000,1.336131,0.085476,1.206241,0.790169,0.043256,0.028834,-0.884207,0.663968,-0.395374,-0.505693,0.470412,1.011524,2.295928,-0.571698,0.897204,1.702392
6353,64.100000,1.470793,0.311894,1.030822,0.414782,0.030444,0.379332,-1.358431,0.227258,-0.682194,0.109830,0.234107,1.032432,1.946859,0.166358,1.241835,1.634517
6354,64.120000,0.657300,0.533274,0.790713,-0.024429,-0.086174,0.840257,-0.963278,0.154433,-0.520843,0.438296,0.158371,0.963677,1.606532,0.795982,1.256696,1.301532
6355,64.140000,-0.118239,0.448580,0.217993,-0.364822,-0.043283,1.646528,-0.364369,0.111590,-0.254529,0.678209,0.109068,0.565999,1.055482,1.123264,1.054794,0.984935
6356,64.160000,-0.430811,0.348229,-0.056891,-0.664810,0.022762,2.052549,-0.209967,-0.033977,-0.082222,0.901743,-0.044798,0.169412,0.479307,1.134773,0.947150,0.613636
6357,64.180000,-0.717607,0.403810,-0.025723,-0.813650,0.063991,1.957243,-0.165277,-0.010930,0.091402,0.986827,-0.153941,-0.182284,0.111902,0.931293,0.770520,0.443115
6358,64.200000,-0.858867,0.457012,0.141259,-0.886782,0.011496,1.666504,-0.132106,0.014038,0.119123,0.941561,-0.197366,-0.277100,0.057774,0.635173,0.589568,0.390707
6359,64.220000,-1.010195,0.486674,0.344482,-0.748955,0.072131,1.268121,-0.193807,0.095931,0.104399,0.785229,-0.177305,-0.218577,0.230252,0.507859,0.543210,0.500645
6360,64.240000,-1.108888,0.484844,0.642489,-0.584706,0.124216,0.736411,-0.286774,0.118959,0.102104,0.601903,-0.110821,-0.066733,0.470252,0.496100,0.580057,0.588472
6361,64.260000,-1.103301,0.481324,0.845691,-0.380345,0.232992,0.388600,-0.452720,0.142541,0.108744,0.425124,0.039519,0.098426,0.650458,0.565599,0.628806,0.668330
6362,64.280000,-1.007270,0.510005,0.927325,-0.238071,0.333448,0.159436,-0.556420,0.153749,0.164277,0.302955,0.180941,0.270120,0.822219,0.618438,0.672913,0.688179
6363,64.300000,-0.858750,0.544812,0.888390,-0.212271,0.405318,0.079920,-0.583285,0.212884,0.205056,0.253226,0.258204,0.385022,0.977897,0.631013,0.772577,0.659094
6364,64.320000,-0.700225,0.613904,0.816082,-0.237869,0.451672,0.105843,-0.563978,0.261151,0.311390,0.287671,0.314606,0.491712,1.067879,0.658018,0.817253,0.588805
6365,64.340000,-0.571146,0.657650,0.769543,-0.262358,0.527177,0.197757,-0.572783,0.323509,0.461943,0.402316,0.334740,0.536489,1.087610,0.723381,0.776308,0.600184
6366,64.360000,-0.460880,0.696765,0.743671,-0.345805,0.541764,0.316138,-0.541410,0.311696,0.547371,0.546447,0.321640,0.550074,1.072717,0.779312,0.767471,0.624066
6367,64.380000,-0.422606,0.727908,0.773469,-0.345573,0.586022,0.386251,-0.522737,0.363423,0.622058,0.667186,0.356808,0.604136,1.060138,0.872941,0.719715,0.691160
6368,64.400000,-0.410627,0.749766,0.809496,-0.386446,0.587928,0.436429,-0.512644,0.326696,0.668995,0.796317,0.334475,0.643599,1.056374,0.933411,0.707476,0.716466
6369,64.420000,-0.392011,0.782403,0.829381,-0.369307,0.630122,0.494954,-0.523588,0.344179,0.676940,0.876901,0.357078,0.649698,1.017477,0.977034,0.669815,0.759135
6370,64.440000,-0.387883,0.786701,0.863412,-0.390326,0.621335,0.500004,-0.516182,0.303906,0.669932,0.949542,0.342491,0.678096,1.017433,0.938209,0.693537,0.741270
6371,64.460000,-0.357978,0.786370,0.851272,-0.376678,0.630002,0.488498,-0.506341,0.301651,0.609236,1.002937,0.329427,0.681951,0.971120,0.904367,0.697705,0.727166
6372,64.480000,-0.315296,0.775679,0.841973,-0.357335,0.619077,0.426049,-0.514550,0.293523,0.572195,1.027549,0.319236,0.670261,0.904188,0.859647,0.666384,0.700388
6373,64.500000,-0.293784,0.745281,0.864664,-0.349895,0.588099,0.456450,-0.519794,0.273240,0.517004,1.059245,0.298431,0.613345,0.835496,0.836424,0.678250,0.696942
6374,64.520000,-0.236554,0.710838,0.874983,-0.324969,0.583790,0.447173,-0.511098,0.279784,0.480368,1.034269,0.292574,0.626710,0.806617,0.788670,0.661316,0.694784
6375,64.540000,-0.252051,0.763767,0.791864,-0.319585,0.597088,0.300910,-0.462670,0.335379,0.572452,0.995968,0.467040,0.842995,1.227796,1.221210,1.130528,1.233500
6376,64.560000,-0.446041,0.931173,0.610844,-0.382672,0.711864,0.133257,-0.325778,0.572264,1.138232,0.970725,0.782282,1.303311,2.301063,2.148301,2.112835,2.356535
6377,64.580000,-0.630024,0.985215,0.105371,-0.629500,0.696624,-0.045493,-0.164728,0.951355,1.906466,1.095201,1.008759,1.620279,3.279379,3.034732,3.227443,3.325732
6378,64.600000,-0.496399,0.933610,-0.236485,-0.658860,0.832134,0.026631,-0.189547,1.089357,2.180202,1.245282,1.473638,2.432839,3.486632,3.491842,3.780572,3.519001
6379,64.620000,-0.452307,0.724939,-0.464822,-0.759680,0.857387,-0.079299,-0.365795,1.644790,2.685899,1.443647,1.615219,2.726110,3.265746,3.181968,3.606039,2.857612
6380,64.640000,-0.191022,0.707216,-0.420998,-0.658719,0.848956,-0.151590,-0.572812,1.745818,2.613547,1.495579,1.374821,2.813352,3.189179,2.861682,3.404235,2.206163
6381,64.660000,0.074301,0.524475,-0.447869,-0.415525,1.042999,-0.167878,-1.030935,2.034240,2.775390,1.662272,1.443445,3.167078,3.069540,2.533325,3.059872,1.864172
6382,64.680000,0.400795,0.718711,-0.213500,-0.163605,0.927163,-0.238825,-1.518402,1.970191,2.591068,1.602495,1.228054,3.042386,3.183476,2.456677,2.865717,1.976527
6383,64.700000,0.797969,0.564229,-0.180782,0.191804,0.872699,-0.329202,-1.999458,1.958047,2.344708,1.478869,1.312002,3.161637,3.253102,2.387586,2.697495,2.346173
6384,64.720000,1.140934,0.627041,-0.029762,0.455434,0.520280,-0.500415,-2.449957,1.827817,1.965159,1.302735,1.119310,2.863566,3.304711,2.408069,2.577070,2.765527
6385,64.740000,1.597540,0.701902,0.117982,0.547634,0.510242,-0.496933,-2.448489,1.510049,1.539602,0.975088,1.259923,3.147168,3.348165,2.585949,2.636643,3.077593
6386,64.760000,1.720421,0.718253,0.165610,0.359441,0.301226,-0.590771,-2.220846,1.471401,1.555946,0.777616,1.138226,2.849803,3.483926,2.736859,2.688131,3.270030
6387,64.780000,1.736289,0.693807,0.143020,0.198641,0.418317,-0.566856,-1.770162,1.333886,1.498492,0.591211,1.150888,2.907606,3.490417,2.777225,2.697927,3.287868
6388,64.800000,1.680412,0.732355,0.135710,-0.067557,0.477837,-0.498661,-1.162943,1.255159,1.719343,0.342587,1.163424,2.802948,3.570605,2.920218,2.782219,3.428412
6389,64.820000,1.352664,0.716065,0.111980,-0.177509,0.510638,-0.438572,-0.528441,1.154969,1.778591,0.288021,0.984048,2.539883,3.559945,2.936713,2.828231,3.436210
6390,64.840000,1.097005,0.756594,0.162895,-0.181995,0.389140,-0.407451,0.036059,0.878697,1.508163,0.153040,0.822697,2.234110,3.485110,2.982199,2.930146,3.403040
6391,64.860000,0.658131,0.872942,0.231075,-0.413966,0.374724,-0.363583,0.745951,1.009402,1.858319,0.101894,0.721613,1.945509,3.471225,3.040862,2.886592,3.357123
6392,64.880000,0.316261,0.750820,0.048026,-0.554074,0.342444,-0.221827,1.353158,0.936933,1.810530,0.087149,0.565892,1.450455,3.396372,2.912611,2.947459,3.271562
6393,64.900000,0.110734,0.767503,0.029617,-0.471480,0.370830,0.026469,1.967215,0.583949,1.585212,-0.085746,0.415202,1.169803,3.116152,2.951950,2.852284,3.198949
6394,64.920000,-0.396185,0.845484,0.062513,-0.545239,0.306371,0.287510,2.612144,0.638409,1.681759,-0.117064,0.291933,0.809935,3.018314,3.017079,2.863032,3.150773
6395,64.940000,-1.143699,0.851732,-0.122362,-0.420714,0.225223,0.793890,3.284553,0.574858,1.673496,-0.067756,0.291975,0.482062,2.984886,2.923166,2.904166,3.040948
6396,64.960000,-1.886572,0.740352,-0.458351,-0.108801,0.100061,1.260049,3.906847,0.444696,1.460440,0.041811,0.217080,0.075780,2.809629,2.654087,2.843771,2.813059
6397,64.980000,-2.514940,0.804190,-0.527350,-0.155830,-0.031823,1.431152,4.461885,0.540890,1.462592,0.024603,0.114215,-0.221180,2.693109,2.420314,2.920619,2.581885
6398,65.000000,-2.713913,0.790620,-0.502615,-0.218769,-0.094674,1.478928,4.586738,0.521695,1.404817,-0.033153,0.130508,-0.262938,2.605703,2.291043,2.993585,2.397686
6399,65.020000,-2.341220,0.644711,-0.269047,-0.357607,-0.060228,1.098108,3.962106,0.525788,1.265729,-0.038428,0.152014,-0.000090,2.489899,2.376470,2.947067,2.311923
6400,65.040000,-1.695620,0.602455,0.220355,-0.568799,-0.126911,0.914825,3.242543,0.611090,1.240251,0.058089,0.064681,0.261021,2.645633,2.485270,2.918957,2.446412
6401,65.060000,-0.682915,0.409799,0.814158,-0.708236,-0.066912,0.586376,2.140469,0.604162,1.063482,0.097302,-0.001588,0.593299,2.900640,2.654506,2.882654,2.635884
6402,65.080000,0.107497,0.434983,1.321446,-0.454709,0.089358,0.183253,0.899844,0.461319,0.914384,-0.059411,0.120598,0.901707,3.070970,2.901251,2.674896,2.886787
6403,65.100000,0.558376,0.404468,1.385559,-0.079481,0.083083,-0.151909,0.082961,0.308951,0.624878,-0.393709,0.177024,0.878366,3.116895,3.048284,2.547651,3.140899
6404,65.120000,0.701989,0.254705,1.271235,0.375412,0.026507,-0.198163,-0.156501,0.161371,0.384140,-1.026225,0.241418,0.690457,2.922225,3.160012,2.558367,3.269147
6405,65.140000,0.594276,0.221502,1.138384,0.509665,-0.083902,-0.140612,-0.055430,0.158404,0.321833,-1.379030,0.127513,0.417037,2.843792,3.224765,2.572059,3.290293
6406,65.160000,0.416103,0.088438,1.455675,0.614554,-0.038363,-0.078399,0.068843,0.169848,0.373775,-1.812644,0.112706,0.458279,2.823821,3.376567,2.571456,3.304579
6407,65.180000,0.211111,0.093679,1.596418,0.548285,-0.008489,-0.038162,0.227350,0.198505,0.373056,-1.976058,0.020252,0.461323,2.815339,3.305761,2.471496,3.326226
6408,65.200000,-0.035689,0.088767,1.654611,0.422132,-0.013294,-0.050936,0.362240,0.233441,0.348284,-2.048881,-0.055451,0.465999,2.842993,3.144472,2.494325,3.414031
6409,65.220000,0.059549,0.061764,1.602008,0.315542,0.033057,0.157211,0.479619,0.205692,0.487771,-2.123668,0.035532,0.492288,2.687011,2.801717,2.415899,3.377879
6410,65.240000,0.241113,0.003911,1.228658,-0.097690,-0.035785,0.395358,0.606989,0.183833,0.409174,-1.937814,-0.056913,0.312955,2.223708,2.094614,2.037887,2.927650
6411,65.260000,0.627921,-0.145513,0.604160,-0.886546,-0.282062,0.867043,0.804493,0.128857,0.319522,-1.444365,-0.298808,-0.062856,1.447228,1.142051,1.491218,2.247490
6412,65.280000,1.200632,-0.397880,-0.136386,-1.515036,-0.576365,1.321253,0.781275,-0.004255,0.159570,-0.790270,-0.495376,-0.452166,0.321738,0.126115,0.871761,1.370952
6413,65.300000,1.539357,-0.877938,-0.416559,-1.819211,-1.129855,1.395227,0.663564,-0.037830,-0.208467,-0.264950,-0.652946,-0.731852,-0.769334,-0.816118,0.331462,0.667058
6414,65.320000,1.322960,-1.260669,-0.226177,-2.156281,-1.773575,0.873218,0.540793,0.029586,-0.417063,0.339622,-0.583450,-0.882775,-1.432967,-1.370214,-0.361552,0.366181
6415,65.340000,1.290851,-1.967664,-0.076911,-2.607376,-2.068155,0.250050,0.059223,0.077479,-0.613197,0.999372,-0.528885,-1.048655,-1.993839,-1.442301,-1.118073,0.421239
6416,65.360000,1.221244,-2.413643,0.128802,-3.150294,-2.028871,-0.445119,-0.370809,0.090832,-0.453088,1.461665,-0.330365,-0.947038,-1.956500,-0.838037,-1.463737,0.846177
6417,65.380000,1.219728,-2.461639,0.129192,-3.503454,-1.855836,-0.716190,-0.527850,0.136769,-0.405542,1.736998,-0.113892,-0.725924,-0.942943,-0.015903,-0.894159,1.419306
6418,65.400000,1.403529,-2.376235,0.164390,-3.829407,-1.738319,-0.664424,-0.450693,0.131348,-0.398931,1.686325,-0.091049,-0.526439,0.072765,0.419846,-0.125435,1.610832
6419,65.420000,1.640313,-2.231691,0.331909,-3.955783,-1.603588,-0.532505,-0.180836,0.061765,-0.377714,1.207782,-0.215204,-0.395477,0.558077,0.474197,0.234917,1.362343
6420,65.440000,1.833989,-2.216497,0.594645,-3.811297,-1.590453,-0.450162,0.175889,-0.040051,-0.407156,0.448848,-0.341590,-0.252875,0.544840,0.349903,0.213990,0.873137
6421,65.460000,1.689181,-2.155634,0.953755,-3.500120,-1.754715,-0.413289,0.551992,-0.094739,-0.620832,-0.387664,-0.485102,-0.213553,0.041442,0.112161,0.156414,0.317854
6422,65.480000,1.343532,-2.262170,1.240059,-2.681004,-1.849536,-0.496466,0.718780,-0.009518,-0.761671,-1.322476,-0.547605,-0.113424,-0.636166,-0.113979,-0.049164,-0.117614
6423,65.500000,1.002985,-2.467438,1.637692,-1.338045,-1.675844,-0.537561,0.617624,0.084929,-0.894757,-2.312516,-0.578872,0.039199,-1.507199,-0.144640,-0.419367,-0.385168
6424,65.520000,0.428012,-2.433059,2.216506,0.646869,-1.480954,-0.865449,0.326762,0.264891,-0.981269,-3.669454,-0.608561,0.112323,-2.341605,-0.264182,-0.742653,-0.689527
6425,65.540000,-0.008911,-2.404964,2.546827,2.740146,-1.274433,-1.357391,0.004632,0.431353,-0.989425,-5.383034,-0.509043,0.259938,-2.475261,-0.597624,-0.854823,-1.038041
6426,65.560000,-0.155993,-2.320406,2.375724,4.180679,-0.962724,-1.564694,0.002813,0.671825,-0.863940,-6.915941,-0.336032,0.360577,-2.074667,-0.971607,-0.948619,-1.353291
6427,65.580000,0.017154,-2.245674,1.990265,4.259866,-0.573673,-1.369041,0.431681,0.997396,-0.751954,-7.525914,-0.258932,0.350376,-1.776727,-1.357837,-1.081169,-1.525683
6428,65.600000,0.783552,-2.075689,1.239664,2.736358,-0.450761,-0.786422,1.123468,1.334114,-0.661831,-6.597249,-0.402144,0.308617,-1.815772,-1.715910,-1.225976,-1.529418
6429,65.620000,2.672462,-1.468140,-0.633907,-1.458508,-0.667385,0.362415,1.839592,1.486164,-0.147213,-3.420970,-0.789125,-0.066109,-1.818133,-2.191524,-1.281196,-0.860553
6430,65.640000,3.835904,-0.876210,-1.125437,-4.708214,-0.868510,1.045894,0.937787,0.973370,0.630082,-0.368029,-0.980402,-0.359215,-1.481112,-2.474138,-1.981192,-0.994681
6431,65.660000,2.872576,-0.394232,-0.889351,-5.686669,-0.809003,0.760508,-0.496854,0.360068,1.430687,3.080156,-0.843641,-0.856306,-0.959177,-2.549559,-2.593702,-0.584254
6432,65.680000,2.371420,-0.557970,-0.861277,-6.267413,-1.115868,0.318467,-0.686281,0.080131,1.108553,4.735719,-0.226729,-0.953197,-0.861219,-1.998954,-1.823562,0.192866
6433,65.700000,1.640616,-0.073794,-0.490670,-6.210347,-0.840232,0.458011,-0.744711,-0.012793,1.182292,5.333939,0.068411,-0.914533,-1.129285,-1.098148,-0.827729,0.191566
6434,65.720000,1.391679,-0.209533,0.493594,-5.198664,-0.525014,0.342100,-0.589373,-0.129129,0.851914,4.011336,-0.007790,-0.638137,-0.895019,-0.452536,0.014554,-0.191032
6435,65.740000,0.486074,-0.977650,2.508568,-3.489926,-0.387514,-0.104231,-0.093386,-0.261766,0.043124,1.395040,-0.476381,-0.619663,-0.648228,-0.771128,0.358165,-0.829566
6436,65.760000,-0.690091,-0.910015,4.122056,0.278435,-0.648155,-1.166282,0.490042,-0.133937,-0.640233,-2.744920,-0.915610,-0.125841,-1.279021,-1.505821,0.236062,-1.987792
6437,65.780000,-1.703296,-1.068032,4.232511,4.143353,-1.011192,-1.832878,0.299801,0.125416,-0.579328,-6.565683,-0.839555,0.318106,-2.728459,-2.748337,-0.427244,-3.199899
6438,65.800000,-2.179968,-1.618766,3.253422,5.279268,-0.695659,-1.820912,0.416338,0.392621,-0.381106,-8.239896,-0.549274,0.492990,-3.185766,-3.804332,-1.120047,-3.871474
6439,65.820000,-2.203297,-1.681887,2.107430,4.738842,-0.188494,-1.119444,1.280305,0.682463,-0.432441,-7.567701,-0.457992,0.568711,-2.579274,-3.834051,-1.124294,-3.812290
6440,65.840000,-0.399110,-1.814600,2.060950,3.592294,0.355693,-0.230898,1.794681,0.524055,-1.054716,-6.621457,-0.506897,0.083025,-3.517547,-3.752117,-0.981717,-2.766267
6441,65.860000,1.906903,-1.403081,0.503104,0.947276,0.588495,1.136856,2.244181,0.679147,-0.667028,-4.540446,-0.877632,-0.431324,-3.883031,-3.589014,-1.176515,-1.042864
6442,65.880000,3.917723,-0.980148,-0.816118,-2.423588,0.436103,1.932533,1.837673,0.712307,0.048969,-2.175642,-1.076321,-0.473185,-2.936169,-2.967630,-1.460674,-0.194002
6443,65.900000,4.185665,-0.288362,-0.662144,-4.177319,0.546421,1.563925,0.019554,0.500808,1.428522,0.008451,-0.569920,-0.135192,-2.127613,-2.494621,-2.627193,-0.353785
6444,65.920000,2.738568,0.158994,-0.763444,-5.427088,0.193158,1.305778,-0.699890,0.613903,2.821772,2.686959,-0.138279,-0.442611,-1.612576,-2.605780,-3.112075,0.109140
6445,65.940000,1.950971,-0.057851,-1.166507,-6.405382,-0.207107,1.742433,-0.432020,0.441727,2.935374,4.717847,0.289074,-0.867985,-1.794437,-2.918629,-2.614510,0.521987
6446,65.960000,1.412646,0.200176,-1.086060,-6.240851,-0.070033,1.704363,-0.547199,-0.009395,2.828744,5.650456,0.399610,-1.149469,-2.234917,-2.255166,-1.786976,0.338695
6447,65.980000,1.017861,0.491028,-0.364824,-5.131768,-0.185085,1.230566,-0.365401,-0.399128,3.082428,4.913639,0.147552,-1.234358,-2.250020,-1.660596,-1.440464,-0.000674
6448,66.000000,1.230405,-0.077662,0.445205,-3.917732,-0.376707,1.020135,0.407059,-0.850906,2.027727,2.379559,0.128546,-0.544935,-1.704443,-1.580935,-1.220106,-0.422006
6449,66.020000,0.364017,0.129323,1.975594,-2.286432,-0.455155,0.488099,1.429682,-0.724550,1.241485,-0.701968,-0.326852,-0.315710,-1.780813,-1.624758,-1.566427,-0.912519
6450,66.040000,-0.453416,-0.351998,1.746800,0.578122,-0.691159,-0.087111,2.457071,-0.198551,-0.004067,-4.194930,-0.652317,0.222983,-2.784858,-1.460916,-0.986181,-1.417634
6451,66.060000,-0.832478,-0.954001,1.404867,2.125240,-0.888550,-0.667048,2.529404,0.109108,-0.109661,-6.536346,-0.499601,0.679408,-3.126792,-1.901155,-1.172669,-2.040540
6452,66.080000,-0.990601,-1.495064,1.955129,3.867454,-0.465048,-0.810761,2.001467,0.029366,-0.788313,-8.018832,0.290534,1.122565,-3.138404,-2.020101,-1.195956,-2.132435
6453,66.100000,-0.764592,-0.763051,1.291398,4.055423,0.057461,-0.546191,1.843889,0.513318,-0.798402,-7.073347,0.740655,1.348589,-1.162844,-1.323145,0.203726,-0.582641
6454,66.120000,-0.651072,0.021566,0.734356,3.330520,0.298158,-0.232485,2.116057,1.213360,-0.413069,-5.486290,0.952021,2.223073,1.116479,-0.537661,2.081326,0.996926
6455,66.140000,-0.386094,0.424405,0.476664,1.728506,0.346409,-0.147888,2.019473,1.482590,0.411269,-3.262007,1.310985,3.104876,2.345571,-0.363816,3.158725,1.377785
6456,66.160000,0.113621,0.438202,0.299587,-0.356223,0.400237,-0.244104,0.957178,1.276047,1.454168,-0.729509,1.518677,3.201022,3.020611,-0.324268,2.702838,1.364215
6457,66.180000,0.422169,0.179347,-0.352395,-2.254523,0.709049,0.047723,0.337370,1.582289,2.270670,1.093214,1.515164,3.239504,2.779161,-0.458313,2.139573,0.859293
6458,66.200000,-0.182276,0.098277,-0.912933,-2.952144,1.035439,0.568352,0.159287,1.729187,2.909505,1.899430,1.670908,2.665721,2.020655,-0.401687,1.532276,0.113105
6459,66.220000,-0.830171,0.117563,-1.145705,-3.600892,1.073935,1.046903,-0.222249,1.240252,3.276551,3.076475,1.813230,1.636204,1.089267,-0.260985,1.068798,-0.646590
6460,66.240000,-1.345384,0.165422,-1.092830,-3.553266,0.845578,1.427740,-0.733020,0.698539,3.154589,4.186988,1.635028,0.563458,0.495891,0.035964,0.628645,-1.070193
6461,66.260000,-1.862013,0.423872,-0.893557,-2.733689,0.768554,1.635691,-0.581398,0.409627,2.986655,4.256969,1.083056,0.069800,0.538226,0.312574,0.540032,-1.072238
6462,66.280000,-2.543168,0.657301,-0.756812,-1.090281,0.662089,1.497485,-0.064208,0.346251,2.516246,3.105849,0.772292,0.381238,1.029743,0.535009,0.536818,-1.216736
6463,66.300000,-3.050984,0.648379,-0.799035,0.458036,0.601486,1.239858,0.311463,0.422399,2.039886,1.642851,0.821424,1.210626,1.514371,0.688138,0.490433,-1.433727
6464,66.320000,-2.916718,0.201255,-0.770196,1.665871,0.491901,0.762884,0.623043,0.526353,1.444356,-0.395953,0.850815,2.051124,1.638494,0.591734,0.975512,-1.774277
6465,66.340000,-2.042782,-0.400169,-0.522825,2.860023,0.609318,0.313764,0.791413,0.781950,0.779229,-2.926609,1.099103,3.138529,1.459375,0.269082,1.957627,-2.063223
6466,66.360000,-1.238057,-0.430539,-0.079052,4.024685,0.439695,-0.357988,0.733544,0.859419,0.160510,-4.862577,1.064136,3.330786,1.742312,-0.427417,3.153306,-1.986047
6467,66.380000,-0.569605,0.278220,0.360968,4.047035,0.208043,-0.426258,0.682404,0.751193,-0.038302,-4.839006,1.171130,3.077117,2.605536,-1.074424,3.380143,-0.939081
6468,66.400000,-0.162999,0.486819,0.393148,3.104897,0.051441,-0.093314,0.420379,0.776402,-0.029577,-3.134135,1.225814,2.661998,3.048782,-1.497316,3.072505,0.532767
6469,66.420000,-0.381931,0.628930,0.217881,1.260046,0.268785,0.458293,0.494274,1.049413,0.759733,-1.097288,1.228497,2.386671,2.768590,-1.177583,1.976873,1.604071
6470,66.440000,-0.003990,0.525931,-0.036620,-0.722619,0.439955,0.929789,0.079799,0.300825,0.901294,0.602399,0.963831,1.222399,1.752731,-0.839366,1.094154,1.539925
6471,66.460000,-0.215523,0.680567,-0.324362,-1.422200,0.761196,1.267852,0.100936,0.284097,1.690715,1.228153,0.784085,0.886750,0.919485,-0.002796,0.414383,1.165194
6472,66.480000,-0.499707,0.792347,-0.384433,-1.925401,0.681623,1.280818,-0.245436,0.165589,2.189721,1.873719,0.798984,0.351904,0.375242,0.648859,0.268254,0.702979
6473,66.500000,-0.615824,0.835737,-0.357658,-2.343465,0.467735,1.641436,-0.272062,0.068937,2.210184,2.373423,0.653266,-0.065611,-0.046586,0.881031,0.539457,0.329681
6474,66.520000,-0.698534,0.820446,-0.283958,-2.337401,0.373360,1.699394,-0.228606,0.053385,2.053489,2.499490,0.541070,-0.226467,-0.119729,0.826212,0.601609,0.035509
6475,66.540000,-0.870749,0.818084,-0.227573,-2.112255,0.288808,1.676210,-0.197552,-0.005245,1.773032,2.400578,0.408259,-0.336186,-0.101245,0.665498,0.513527,-0.165262
6476,66.560000,-1.105013,0.758565,-0.164360,-1.812551,0.163108,1.609722,-0.103162,-0.008185,1.482524,2.162878,0.331277,-0.391633,-0.005847,0.380539,0.404255,-0.277594
6477,66.580000,-1.311287,0.711018,-0.112183,-1.494855,0.093540,1.607550,-0.004749,0.008252,1.178180,1.923562,0.279391,-0.400572,0.129729,0.148380,0.310855,-0.298605
6478,66.600000,-1.464023,0.764898,-0.035209,-1.192359,0.078746,1.484306,0.050781,0.019832,1.024591,1.593108,0.251583,-0.384830,0.302137,0.151344,0.279979,-0.168987
6479,66.620000,-1.479232,0.738304,-0.000722,-1.036146,0.099530,1.496768,0.009472,0.009963,1.004300,1.425025,0.279500,-0.309597,0.382865,0.211009,0.187301,-0.019783
6480,66.640000,-1.402989,0.698161,0.020582,-0.992985,0.150662,1.451985,-0.058840,0.012270,1.019452,1.314442,0.315356,-0.262903,0.419858,0.341363,0.135944,0.152384
6481,66.660000,-1.292510,0.650924,0.031550,-1.006033,0.201741,1.392259,-0.052225,0.010078,1.054393,1.249479,0.323199,-0.227931,0.442209,0.471392,0.113566,0.296307
6482,66.680000,-1.176742,0.663009,0.067110,-1.029098,0.264412,1.342381,-0.102457,0.045355,1.105167,1.217923,0.333314,-0.212380,0.453400,0.619653,0.087896,0.430970
6483,66.700000,-1.050192,0.661459,0.105219,-1.080209,0.291320,1.291205,-0.122269,0.050658,1.149096,1.215570,0.332417,-0.179711,0.489548,0.724249,0.121141,0.538252
6484,66.720000,-0.954996,0.641755,0.131818,-1.127854,0.330446,1.237891,-0.121925,0.065215,1.160411,1.249168,0.334345,-0.160850,0.556813,0.784581,0.165928,0.617772
6485,66.740000,-0.849290,0.687789,0.152639,-1.155616,0.357140,1.212017,-0.098010,0.064650,1.160317,1.252566,0.345709,-0.113208,0.593118,0.797164,0.204871,0.650541
6486,66.760000,-0.817634,0.689003,0.164299,-1.177768,0.311376,1.086085,-0.051405,0.072513,1.177290,1.193058,0.317418,-0.155160,0.626668,0.842544,0.278400,0.656835
6487,66.780000,-0.763681,0.701210,0.174717,-1.170707,0.349761,1.198991,-0.044647,0.060100,1.176961,1.234751,0.345607,-0.077607,0.592226,0.809928,0.313080,0.623039
6488,66.800000,-0.746645,0.696391,0.153551,-1.170167,0.350161,1.251300,-0.039904,0.041513,1.150750,1.273951,0.347951,-0.079453,0.576203,0.774492,0.350054,0.598292
6489,66.820000,-0.823323,0.687666,0.127825,-1.136063,0.337378,1.262203,-0.010126,0.077166,1.141851,1.336912,0.351794,-0.096660,0.593772,0.750675,0.387116,0.606409
6490,66.840000,-0.701453,0.761736,-0.301768,1.104814,-0.460320,-0.743427,0.418099,1.232662,0.210150,0.085956,0.913324,-0.185108,2.694816,2.173796,2.168646,1.810726
6491,66.860000,-0.582307,0.602427,-0.572465,1.035756,-0.222890,-0.983409,-0.048256,1.198317,0.380645,0.100301,1.412914,0.202071,3.517649,2.535147,2.888243,3.100382
6492,66.880000,-0.607850,0.708904,-0.774134,0.986305,0.086201,-1.031091,0.170940,1.433575,0.953680,-0.292771,1.904094,0.973268,3.436782,2.556509,2.563707,3.400823
6493,66.900000,-0.465993,0.712092,-0.916711,0.931876,0.189375,-0.861692,0.396034,1.546840,0.862702,-0.524303,2.022671,1.083119,2.746370,2.163429,1.765927,2.881100
6494,66.920000,-0.401380,0.996169,-0.793301,0.900495,0.542188,-0.586981,0.471892,1.466079,1.016209,-0.639101,2.168488,1.340713,2.295680,1.912879,1.252802,2.586309
6495,66.940000,-0.287519,1.175660,-0.726683,0.826980,0.758306,-0.340685,0.588278,1.320144,0.934145,-0.722272,2.145556,1.272964,2.024559,1.719786,0.855904,2.500998
6496,66.960000,-0.202061,1.255230,-0.650913,0.724670,0.797408,-0.005199,0.681083,1.267811,0.821746,-0.680096,2.008667,1.175050,1.979529,1.539512,0.849163,2.478011
6497,66.980000,-0.074498,1.265705,-0.580774,0.578614,0.673643,0.044510,0.653973,1.124672,0.406471,-0.580305,1.551720,0.544220,1.876466,1.316058,0.838097,2.117944
6498,67.000000,0.005554,1.339640,-0.532136,0.575250,0.750267,0.403939,0.708307,1.055663,0.155065,-0.495680,1.504212,0.584210,1.891023,1.266859,1.061344,2.037496
6499,67.020000,0.004856,1.361081,-0.603964,0.540334,0.680639,0.353448,0.763267,1.075973,-0.146503,-0.402849,1.488623,0.439757,1.903494,1.216557,1.259844,1.928941
6500,67.040000,0.019263,1.316897,-0.692777,0.423637,0.574449,0.095697,0.760653,1.138613,-0.557616,-0.235935,1.376274,0.043945,1.999731,1.144632,1.524355,1.830830
6501,67.060000,0.002250,1.353333,-0.785548,0.416309,0.604517,-0.054673,0.809128,1.166545,-0.666897,-0.231296,1.459550,0.032484,1.965719,1.213145,1.624663,1.934850
6502,67.080000,0.046987,1.247119,-0.914849,0.339089,0.484014,-0.412872,0.835304,1.041318,-0.800813,-0.381806,1.286602,-0.418658,1.455667,1.136577,1.137380,1.606770
6503,67.100000,0.131060,1.275770,-0.856014,0.301006,0.535230,-0.304968,0.893819,1.040045,-0.848653,-0.369208,1.295560,-0.440523,1.207004,1.049760,0.926413,1.382287
6504,67.120000,0.176795,1.308216,-0.747031,0.261164,0.561517,-0.413941,0.883520,1.010663,-0.909220,-0.418007,1.310044,-0.593164,1.070156,0.984038,0.777975,1.267516
6505,67.140000,0.226724,1.286928,-0.671347,0.213316,0.599443,-0.476702,0.866441,1.048716,-1.034600,-0.385738,1.327888,-0.771197,1.137068,1.010031,0.784466,1.395228
6506,67.160000,0.239217,1.346347,-0.559707,0.182621,0.601074,-0.591511,0.897524,1.043136,-1.037691,-0.436856,1.337244,-0.863573,1.243083,1.043767,0.834214,1.496423
6507,67.180000,0.205810,1.387857,-0.501774,0.158351,0.587342,-0.733538,0.941193,1.058714,-1.064966,-0.470527,1.332515,-1.008990,1.376863,1.089926,0.925654,1.484893
6508,67.200000,0.183022,1.413292,-0.573899,0.202033,0.684016,-0.802225,0.938345,1.086005,-1.191599,-0.448068,1.490496,-0.974192,1.515137,1.253094,1.079575,1.729893
6509,67.220000,0.083396,1.567259,-0.495092,0.135781,0.686408,-0.912943,1.050673,1.247945,-1.143266,-0.468713,1.561041,-1.055285,1.857146,1.420096,1.527163,1.971875
6510,67.240000,0.027588,1.633098,-0.582206,0.095508,0.743612,-0.964233,1.183746,1.371477,-1.007808,-0.517786,1.753975,-0.829004,2.143852,1.536396,1.912513,2.204929
6511,67.260000,-0.029438,1.713430,-0.773201,0.055846,0.826274,-1.073902,1.337211,1.527417,-0.747103,-0.637830,1.958318,-0.644650,2.274697,1.655159,2.154259,2.507076
6512,67.280000,-0.039306,1.741350,-0.974392,-0.006076,0.886104,-1.061766,1.439485,1.678017,-0.589247,-0.700019,2.220481,-0.347694,2.342165,1.678138,2.360401,2.808468
6513,67.300000,-0.043138,1.735122,-1.101363,-0.070302,0.926270,-1.064523,1.527839,1.756802,-0.419550,-0.810733,2.334402,-0.186528,2.226285,1.655075,2.286572,2.953104
6514,67.320000,-0.032890,1.720210,-1.209079,-0.102229,0.971018,-1.059206,1.564966,1.829431,-0.372519,-0.838582,2.456898,-0.003690,2.097716,1.588224,2.120332,2.983364
6515,67.340000,-0.011115,1.690280,-1.302765,-0.091501,0.979515,-1.042191,1.540786,1.793919,-0.523143,-0.859887,2.472075,0.029813,1.957010,1.483090,1.919997,2.889458
6516,67.360000,0.055362,1.641493,-1.242775,-0.182417,0.914258,-1.017670,1.540777,1.777516,-0.721805,-0.815186,2.239165,-0.394820,1.755774,1.290807,1.654675,2.524682
6517,67.380000,0.123230,1.655645,-1.231037,-0.202274,0.981460,-0.822158,1.539204,1.719816,-0.931162,-0.759246,2.333345,-0.273229,1.667364,1.272692,1.522474,2.421316
6518,67.400000,0.143586,1.593129,-1.232069,-0.241757,0.894180,-0.871190,1.446852,1.653945,-1.289062,-0.715721,2.164376,-0.699708,1.574695,1.250045,1.448401,2.283854
6519,67.420000,0.175971,1.550378,-1.254561,-0.244476,0.905361,-0.730232,1.443112,1.555377,-1.408554,-0.693134,2.164113,-0.600465,1.448842,1.233795,1.330215,2.138143
6520,67.440000,0.210605,1.528642,-1.211974,-0.304969,0.841221,-0.777481,1.425878,1.534439,-1.574015,-0.681740,2.045120,-0.935757,1.360475,1.179512,1.237242,1.936864
6521,67.460000,0.237027,1.481420,-1.215205,-0.331028,0.842532,-0.697140,1.367450,1.499104,-1.721823,-0.599238,2.054821,-0.917170,1.350352,1.157982,1.269316,1.924435
6522,67.480000,0.224437,1.478093,-1.204413,-0.320588,0.802784,-0.748841,1.341240,1.445925,-1.743855,-0.638216,1.957953,-1.041767,1.259114,1.135193,1.140483,1.826297
6523,67.500000,0.239250,1.456850,-1.174858,-0.308391,0.810328,-0.731460,1.314675,1.407718,-1.779399,-0.622961,1.928436,-1.034551,1.160792,1.072896,0.985997,1.691819
6524,67.520000,0.229010,1.498057,-1.071358,-0.295468,0.801356,-0.821418,1.250235,1.439088,-1.892594,-0.538322,1.903984,-1.178338,1.264778,1.052625,1.039332,1.681275
6525,67.540000,0.211742,1.576348,-0.928109,-0.283578,0.872764,-0.887336,1.239991,1.508041,-1.925364,-0.491135,1.984470,-1.155260,1.534598,1.150811,1.333011,1.924298
6526,67.560000,0.178763,1.614681,-0.981095,-0.254689,0.851166,-0.992265,1.281772,1.523246,-1.808174,-0.574813,1.948985,-1.226018,1.648502,1.217632,1.416503,1.986599
6527,67.580000,0.227360,1.600103,-1.039515,-0.252298,0.871516,-1.057470,1.291627,1.510222,-1.698754,-0.599418,1.985733,-1.152059,1.560902,1.122150,1.216184,1.877952
6528,67.600000,0.331298,1.520547,-1.129408,-0.276532,0.865626,-1.083980,1.190077,1.399873,-1.752017,-0.557135,1.957453,-1.317250,1.098074,0.879508,0.609335,1.662415
6529,67.620000,0.458468,1.472120,-0.847280,-0.451393,0.832402,-1.002582,1.072294,1.330083,-1.881390,-0.430381,1.911083,-1.428103,0.658173,0.608930,0.031562,1.493525
6530,67.640000,0.602658,1.297609,-0.562575,-0.671663,0.687431,-0.931024,0.895446,1.146381,-2.157707,-0.244575,1.803265,-1.656212,0.017602,0.150587,-0.759705,1.132723
6531,67.660000,0.741080,1.071050,-0.452710,-0.761016,0.597525,-0.819204,0.758692,0.959103,-2.381023,-0.092008,1.722938,-1.771597,-0.727524,-0.280714,-1.511736,0.832248
6532,67.680000,0.717863,0.930631,-0.226218,-0.927745,0.499629,-0.738248,0.594568,0.896894,-2.765872,0.276159,1.685850,-2.043157,-0.922801,-0.305977,-1.395341,0.928616
6533,67.700000,0.680984,0.786536,-0.401091,-0.950055,0.406788,-0.625573,0.476772,0.796019,-2.925031,0.432878,1.669084,-2.044608,-1.125540,-0.301905,-1.400744,0.942001
6534,67.720000,0.594905,0.732441,-0.724090,-0.868072,0.372510,-0.553881,0.445088,0.747394,-2.932341,0.476833,1.635498,-1.943553,-1.289544,-0.312809,-1.443913,0.879642
6535,67.740000,0.511004,0.709099,-0.996295,-0.858073,0.315397,-0.520152,0.375240,0.758618,-2.976631,0.582903,1.604605,-1.884866,-1.299822,-0.353469,-1.327111,0.780236
6536,67.760000,0.367246,0.773152,-1.263188,-0.797763,0.415995,-0.462773,0.295574,0.918987,-2.942424,0.711971,1.656894,-1.780180,-0.939399,-0.169601,-0.969180,0.994746
6537,67.780000,0.236785,0.853179,-1.422321,-0.758483,0.367709,-0.506388,0.337064,0.969827,-2.876892,0.692782,1.673515,-1.509451,-0.659279,-0.121147,-0.749937,1.006725
6538,67.800000,0.129033,0.983421,-1.410034,-0.735226,0.447036,-0.581647,0.381391,1.079171,-2.773481,0.666016,1.756101,-1.295720,-0.230792,0.027164,-0.514101,1.107373
6539,67.820000,0.080242,1.062708,-1.474014,-0.583412,0.464372,-0.718545,0.501043,1.038888,-2.572455,0.416459,1.755931,-0.968006,-0.201233,-0.071568,-0.663580,0.870359
6540,67.840000,0.099505,1.125889,-1.404726,-0.508997,0.563363,-0.699235,0.585258,1.035044,-2.380796,0.248717,1.789863,-0.779712,-0.199678,-0.107210,-0.862639,0.714517
6541,67.860000,0.147264,1.197215,-1.331174,-0.448962,0.643217,-0.669889,0.636456,1.038985,-2.277323,0.121654,1.823291,-0.691971,-0.173874,-0.087490,-0.975248,0.670029
6542,67.880000,0.177499,1.251465,-1.241860,-0.376457,0.714864,-0.663048,0.694401,1.035395,-2.144551,0.028749,1.828681,-0.626767,-0.134717,-0.050846,-1.054673,0.699724
6543,67.900000,0.117108,1.364881,-1.116952,-0.336604,0.883402,-0.767464,0.712503,1.171431,-2.097356,0.103033,1.991536,-0.644407,0.226738,0.255022,-0.693733,1.150266
6544,67.920000,0.150193,1.369308,-1.225563,-0.251588,0.803348,-0.889901,0.870126,1.048518,-1.824507,-0.133420,1.897051,-0.487642,0.062802,0.138654,-0.911144,0.973198
6545,67.940000,0.137352,1.482479,-1.086894,-0.213083,0.939303,-0.942855,0.965965,1.144553,-1.649742,-0.124380,1.994600,-0.426642,0.196770,0.232084,-0.810095,1.058844
6546,67.960000,0.146733,1.516062,-1.138519,-0.168417,0.900214,-1.015870,1.024190,1.117216,-1.555095,-0.191570,1.973305,-0.429768,0.104471,0.202294,-0.851907,1.027539
6547,67.980000,0.150823,1.560534,-1.121295,-0.114442,0.960869,-0.975516,1.077979,1.150496,-1.448121,-0.178161,2.008075,-0.380581,0.136724,0.217999,-0.826955,1.072013
6548,68.000000,0.158166,1.578895,-1.163533,-0.086956,0.958905,-0.985466,1.102587,1.157357,-1.440286,-0.157927,2.045125,-0.382687,0.138243,0.247459,-0.784891,1.130227
6549,68.020000,0.176203,1.579070,-1.220658,-0.054935,0.949699,-0.966082,1.151496,1.157617,-1.407113,-0.166140,2.045535,-0.337814,0.100197,0.206949,-0.773156,1.108214
6550,68.040000,0.179933,1.581581,-1.263747,-0.056333,0.946826,-0.933535,1.178584,1.157002,-1.375588,-0.152480,2.064367,-0.324358,0.057689,0.243060,-0.813829,1.137007
6551,68.060000,0.175230,1.545134,-1.327646,-0.053359,0.917422,-0.927083,1.168991,1.104390,-1.414422,-0.128942,2.038578,-0.316596,-0.087001,0.204446,-0.931888,1.063487
6552,68.080000,0.184055,1.540656,-1.341945,-0.037344,0.909529,-0.855651,1.179364,1.078228,-1.505583,-0.114102,2.017738,-0.311262,-0.157705,0.159543,-0.942939,0.979437
6553,68.100000,0.202401,1.499344,-1.322860,-0.070193,0.878139,-0.775741,1.160142,1.028898,-1.598450,-0.079721,1.982267,-0.347191,-0.312020,0.130980,-1.049299,0.919052
6554,68.120000,0.177524,1.473545,-1.318679,-0.073658,0.865362,-0.724626,1.109716,1.011834,-1.736003,0.005855,1.960730,-0.436936,-0.391038,0.137639,-1.033962,0.920659
6555,68.140000,0.146956,1.441801,-1.335681,-0.091030,0.835730,-0.684072,1.078023,0.992916,-1.847407,0.061966,1.945878,-0.494599,-0.441210,0.143480,-0.998883,0.944601
6556,68.160000,0.106885,1.417531,-1.402769,-0.090497,0.833694,-0.618172,1.067604,1.017477,-1.954797,0.116676,1.968663,-0.514732,-0.399363,0.171190,-0.888025,1.002550
6557,68.180000,0.033732,1.419943,-1.436433,-0.109615,0.836662,-0.661950,1.080554,1.083074,-2.016226,0.191734,2.059413,-0.523208,-0.242658,0.310591,-0.654482,1.215433
6558,68.200000,-0.001415,1.398582,-1.509331,-0.124229,0.789714,-0.706423,1.132090,1.039217,-1.960380,0.127677,2.035414,-0.466295,-0.311049,0.294717,-0.728398,1.145555
6559,68.220000,-0.021078,1.399893,-1.497828,-0.127686,0.806960,-0.745018,1.164650,1.028333,-1.906558,0.079715,2.042122,-0.434041,-0.380080,0.262317,-0.808569,1.031001
6560,68.240000,0.003997,1.383613,-1.494505,-0.135666,0.788848,-0.681110,1.146325,0.992241,-1.926543,0.059703,2.014459,-0.469502,-0.497394,0.191997,-0.913330,0.937286
6561,68.260000,0.003232,1.399404,-1.426715,-0.169368,0.828257,-0.671569,1.122716,1.021211,-1.945492,0.097540,2.055846,-0.531217,-0.483784,0.261898,-0.862973,1.073853
6562,68.280000,-0.020832,1.401597,-1.415983,-0.194295,0.821829,-0.698037,1.115896,1.026133,-1.954093,0.112850,2.079327,-0.574366,-0.443617,0.339262,-0.804016,1.202109
6563,68.300000,-0.049355,1.408514,-1.447328,-0.178907,0.827873,-0.700758,1.147530,1.043823,-1.943684,0.107101,2.096655,-0.555154,-0.374653,0.375807,-0.750586,1.249084
6564,68.320000,-0.015997,1.388297,-1.468716,-0.182016,0.764722,-0.702784,1.189366,0.950919,-1.858486,-0.004526,2.005877,-0.498371,-0.547255,0.259936,-1.011593,0.989560
6565,68.340000,0.025406,1.382549,-1.445171,-0.181227,0.750997,-0.647844,1.172988,0.921071,-1.881224,-0.008593,1.958664,-0.494037,-0.662553,0.156657,-1.175711,0.765635
6566,68.360000,0.004703,1.401180,-1.345613,-0.231033,0.821524,-0.606305,1.125037,1.026835,-2.012309,0.125362,2.057334,-0.606402,-0.479571,0.322325,-0.862447,1.066631
6567,68.380000,0.002409,1.366829,-1.426434,-0.240954,0.748151,-0.592737,1.140842,0.973535,-1.991419,0.107131,2.012846,-0.597072,-0.513482,0.299168,-0.917733,1.075410
6568,68.400000,-0.018325,1.375700,-1.472856,-0.187393,0.770635,-0.580964,1.150261,0.969706,-1.973199,0.103709,2.006792,-0.575740,-0.504562,0.276021,-0.970000,1.023848
6569,68.420000,-0.023153,1.381065,-1.496359,-0.180098,0.767899,-0.553620,1.154829,0.948635,-2.000051,0.102734,2.016557,-0.585449,-0.534773,0.268538,-0.978802,1.033499
6570,68.440000,-0.099005,1.439707,-1.480920,-0.204142,0.841959,-0.534083,1.161597,1.064049,-2.047168,0.207179,2.164200,-0.603329,-0.316119,0.501038,-0.640203,1.410512
6571,68.460000,-0.145369,1.414391,-1.615865,-0.172868,0.771753,-0.603176,1.219498,1.007690,-1.957771,0.118656,2.149870,-0.521894,-0.361986,0.497831,-0.735056,1.376449
6572,68.480000,-0.103391,1.391916,-1.628903,-0.137955,0.735129,-0.547786,1.289964,0.907152,-1.845709,-0.020862,2.043220,-0.376831,-0.590931,0.310462,-1.050398,0.963213
6573,68.500000,-0.078021,1.406180,-1.575547,-0.146235,0.762609,-0.487465,1.277701,0.935071,-1.934922,0.033496,2.068326,-0.398514,-0.614020,0.271011,-1.027282,0.872008
6574,68.520000,-0.097442,1.400430,-1.613863,-0.108827,0.758543,-0.382044,1.247151,0.950997,-2.005563,0.093972,2.045597,-0.452787,-0.585451,0.294468,-0.971048,0.919198
6575,68.540000,-0.058281,1.342871,-1.634945,-0.078365,0.713199,-0.300466,1.250239,0.874806,-1.955421,0.042036,1.955791,-0.403494,-0.733188,0.202146,-1.173889,0.760368
6576,68.560000,-0.000191,1.314339,-1.626290,-0.055878,0.665490,-0.196512,1.224831,0.826047,-2.011890,0.064972,1.887299,-0.413996,-0.853654,0.060695,-1.311869,0.548610
6577,68.580000,0.003424,1.319894,-1.612295,-0.043608,0.652870,-0.114911,1.163895,0.866387,-2.155342,0.195014,1.897688,-0.495651,-0.770359,0.035183,-1.174122,0.600382
6578,68.600000,-0.016133,1.318483,-1.650669,0.008546,0.585759,-0.049238,1.168965,0.839903,-2.175880,0.242031,1.855726,-0.515842,-0.761958,0.004665,-1.157832,0.591462
6579,68.620000,-0.073856,1.365227,-1.679986,0.088069,0.569615,-0.066865,1.224584,0.860393,-2.150140,0.246400,1.855214,-0.461964,-0.637469,0.070316,-0.983879,0.642878
6580,68.640000,-0.127851,1.391442,-1.739389,0.155066,0.563954,-0.122489,1.270842,0.899870,-2.163031,0.272126,1.897211,-0.457127,-0.499214,0.187722,-0.752931,0.727212
6581,68.660000,-0.192740,1.422718,-1.758357,0.186978,0.576870,-0.185918,1.359570,0.936032,-2.053987,0.257009,1.932328,-0.395435,-0.376649,0.348959,-0.679908,0.829751
6582,68.680000,-0.243108,1.462874,-1.768916,0.228830,0.611122,-0.246203,1.450474,0.963355,-1.943859,0.211381,1.981009,-0.346145,-0.298379,0.487400,-0.629572,0.929223
6583,68.700000,-0.302219,1.537374,-1.750164,0.250642,0.702743,-0.287189,1.535520,1.060511,-1.837692,0.231497,2.124237,-0.332156,-0.072504,0.738740,-0.396256,1.278665
6584,68.720000,-0.344563,1.570144,-1.781093,0.282113,0.704410,-0.359699,1.689923,1.050589,-1.671018,0.118509,2.145118,-0.238159,-0.031609,0.811447,-0.400748,1.348906
6585,68.740000,-0.355127,1.638762,-1.740740,0.304139,0.782502,-0.350804,1.790343,1.102249,-1.543990,0.074945,2.241085,-0.132471,0.092068,0.891439,-0.277984,1.446506
6586,68.760000,-0.343181,1.649516,-1.781819,0.346692,0.783854,-0.283592,1.885272,1.096586,-1.460346,0.004529,2.247603,-0.067053,0.072129,0.877303,-0.289557,1.405539
6587,68.780000,-0.348394,1.684358,-1.791149,0.411608,0.827060,-0.208119,1.926529,1.135003,-1.431101,0.010773,2.317034,0.001910,0.146586,0.939219,-0.155622,1.463451
6588,68.800000,-0.430642,1.731942,-1.855381,0.437756,0.871513,-0.284263,1.865855,1.102247,-1.273615,-0.029403,2.309618,0.042193,0.291595,1.112475,0.189287,1.702974
6589,68.820000,-0.479763,1.778329,-1.853501,0.422389,0.879206,-0.356059,1.968426,1.182073,-1.168042,-0.062439,2.370773,0.217503,0.481014,1.247744,0.415503,1.873956
6590,68.840000,-0.601454,1.825101,-1.919934,0.467741,0.897029,-0.463345,2.028546,1.268989,-1.046080,-0.072371,2.456136,0.370956,0.692849,1.410559,0.711087,2.025064
6591,68.860000,-0.688655,1.872220,-1.970770,0.485745,0.939110,-0.542223,2.133821,1.357275,-0.847687,-0.106974,2.533842,0.510454,0.852857,1.508151,0.955033,2.119824
6592,68.880000,-0.768806,1.889841,-2.052602,0.515660,0.958179,-0.608665,2.219612,1.427855,-0.653179,-0.141210,2.628122,0.628849,0.940885,1.560438,1.058580,2.148999
6593,68.900000,-0.731830,1.873404,-2.101319,0.494611,0.954224,-0.587901,2.241199,1.462768,-0.616104,-0.161246,2.638352,0.672277,0.932144,1.492541,1.128026,2.065492
6594,68.920000,-0.710189,1.864662,-2.058833,0.531384,0.988253,-0.533641,2.214339,1.433165,-0.534815,-0.185226,2.567137,0.583277,0.804302,1.448780,0.955491,2.031465
6595,68.940000,-0.700230,1.853630,-2.069681,0.570339,1.016144,-0.461289,2.170909,1.406251,-0.530472,-0.169236,2.579075,0.608705,0.745252,1.454867,0.831975,2.070313
6596,68.960000,-0.715137,1.830427,-2.086405,0.609870,0.992834,-0.426845,2.060879,1.349741,-0.680145,-0.123900,2.543948,0.549517,0.742225,1.462222,0.769089,2.084617
6597,68.980000,-0.621429,1.801094,-2.000611,0.577609,0.946055,-0.434478,1.980820,1.241879,-0.800686,-0.128304,2.134547,0.030278,0.595911,1.388388,0.588213,1.914726
6598,69.000000,-0.583345,1.774771,-1.988226,0.572113,0.946611,-0.297021,1.917988,1.170969,-0.930599,-0.104444,2.200298,0.215442,0.605067,1.433229,0.585505,1.860671
6599,69.020000,-0.619025,1.762520,-2.001781,0.578184,0.930622,-0.290161,1.809299,1.137669,-1.095247,-0.076339,2.222559,0.239293,0.689247,1.511284,0.683838,1.922923
6600,69.040000,-0.624068,1.736702,-2.005110,0.536514,0.920733,-0.266484,1.769681,1.113439,-1.181084,-0.036209,2.156965,0.192450,0.754797,1.519998,0.798828,1.916097
6601,69.060000,-0.647222,1.729746,-1.992336,0.530251,0.936998,-0.248805,1.749585,1.095766,-1.197988,-0.056954,2.136847,0.188998,0.824838,1.582360,0.863980,1.941252
6602,69.080000,-0.676322,1.726192,-2.007662,0.528355,0.919012,-0.295337,1.651430,1.098677,-1.273339,-0.047194,2.128543,0.165790,0.929093,1.655294,1.004704,2.017725
6603,69.100000,-0.677125,1.736813,-1.911225,0.476756,0.897500,-0.404911,1.656762,1.087687,-1.217067,-0.125421,1.866811,-0.209216,0.938841,1.626522,0.970131,1.923490
6604,69.120000,-0.661337,1.746804,-1.890810,0.457535,0.932722,-0.351865,1.639451,1.085198,-1.180937,-0.155903,1.962495,-0.000120,1.004406,1.670255,0.997023,1.949436
6605,69.140000,-0.698095,1.786296,-1.841672,0.432323,0.939163,-0.455319,1.601043,1.118924,-1.125076,-0.202429,2.023381,0.063603,1.154358,1.730131,1.127336,2.050133
6606,69.160000,-0.714680,1.789194,-1.821717,0.414145,0.951235,-0.514522,1.523690,1.128688,-1.131663,-0.210568,2.013398,0.050990,1.278875,1.746427,1.245387,2.125740
6607,69.180000,-0.742684,1.807986,-1.839784,0.446351,0.980642,-0.581940,1.434232,1.124617,-1.100230,-0.228624,2.060644,0.077457,1.399718,1.803559,1.341464,2.218911
6608,69.200000,-0.746799,1.867781,-1.738029,0.380272,1.007900,-0.633905,1.490074,1.165741,-0.960135,-0.313243,2.024310,0.065488,1.507283,1.805429,1.433801,2.245726
6609,69.220000,-0.725976,1.881126,-1.709702,0.327547,1.016838,-0.648413,1.492561,1.177054,-0.905177,-0.355393,2.042199,0.101892,1.571365,1.798278,1.460804,2.239694
6610,69.240000,-0.656730,1.880723,-1.674084,0.274568,1.000238,-0.653821,1.442211,1.161707,-0.915369,-0.396261,1.913634,-0.070719,1.547920,1.718964,1.423802,2.146487
6611,69.260000,-0.607863,1.874471,-1.622331,0.252629,1.022808,-0.595472,1.393218,1.127653,-0.921592,-0.424268,1.934336,-0.002669,1.517387,1.691869,1.365877,2.131244
6612,69.280000,-0.534645,1.849655,-1.577884,0.192061,0.991911,-0.595524,1.307880,1.074298,-1.027685,-0.417848,1.804396,-0.204225,1.409592,1.593256,1.192270,2.003227
6613,69.300000,-0.441285,1.796449,-1.536601,0.130504,0.965458,-0.508596,1.199204,1.006510,-1.194207,-0.374107,1.767657,-0.220000,1.307109,1.492122,1.038021,1.891940
6614,69.320000,-0.408990,1.747595,-1.535517,0.122701,0.925319,-0.512886,1.031668,0.924650,-1.386991,-0.334803,1.647354,-0.422632,1.171272,1.418046,0.854590,1.793901
6615,69.340000,-0.368629,1.701648,-1.496267,0.055305,0.899939,-0.461337,0.969832,0.889366,-1.504846,-0.280083,1.624193,-0.452324,1.141181,1.360863,0.788782,1.755314
6616,69.360000,-0.344751,1.665238,-1.493910,-0.008353,0.842849,-0.493515,0.870625,0.847371,-1.637841,-0.222572,1.540066,-0.639882,1.149147,1.313947,0.743094,1.704878
6617,69.380000,-0.364799,1.631341,-1.472560,-0.034542,0.856655,-0.464455,0.821251,0.834427,-1.684015,-0.207006,1.549197,-0.597889,1.190883,1.338247,0.770044,1.753229
6618,69.400000,-0.381434,1.630124,-1.466596,-0.067647,0.837539,-0.544245,0.774694,0.833728,-1.719764,-0.197613,1.507434,-0.688445,1.249131,1.345675,0.795923,1.751238
6619,69.420000,-0.425144,1.633862,-1.494261,-0.042763,0.857151,-0.566587,0.678466,0.830617,-1.770680,-0.182053,1.534074,-0.611666,1.293454,1.405910,0.838892,1.825888
6620,69.440000,-0.444719,1.658242,-1.458291,-0.058492,0.882181,-0.639889,0.704234,0.850937,-1.706475,-0.220648,1.554931,-0.588923,1.342089,1.424611,0.864350,1.848730
6621,69.460000,-0.461280,1.664380,-1.461141,-0.059916,0.897013,-0.682605,0.655076,0.853100,-1.735463,-0.230579,1.580733,-0.511913,1.352337,1.425161,0.867411,1.840808
6622,69.480000,-0.431468,1.665417,-1.398984,-0.109156,0.905756,-0.710761,0.678521,0.865714,-1.679422,-0.264896,1.566337,-0.531170,1.318359,1.344316,0.811947,1.762357
6623,69.500000,-0.307820,1.631119,-1.392905,-0.194642,0.857501,-0.688077,0.641762,0.843594,-1.739220,-0.215542,1.534541,-0.579068,1.165088,1.149633,0.618722,1.589339
6624,69.520000,-0.166178,1.506703,-1.287179,-0.309829,0.832908,-0.676777,0.555598,0.783768,-1.775068,-0.203874,1.469965,-0.688542,0.793655,0.884913,0.155107,1.372609
6625,69.540000,0.031330,1.409365,-1.237723,-0.435166,0.752296,-0.610225,0.452792,0.725151,-1.917104,-0.083546,1.421784,-0.825909,0.444467,0.624842,-0.223644,1.240906
6626,69.560000,0.161232,1.218029,-1.161893,-0.569656,0.663029,-0.686896,0.282808,0.651613,-2.014397,0.001507,1.311680,-1.070158,0.085228,0.422036,-0.653449,1.127873
6627,69.580000,0.296568,1.087821,-1.108973,-0.687388,0.619639,-0.581192,0.249099,0.587166,-2.160238,0.084175,1.334060,-0.954366,-0.220062,0.339487,-0.903342,1.139327
6628,69.600000,0.450508,0.963712,-1.051223,-0.870485,0.493479,-0.608721,0.268626,0.542699,-2.237849,0.142098,1.359634,-0.904142,-0.392466,0.305635,-1.056254,1.142394
6629,69.620000,0.532568,0.848576,-1.179642,-0.977075,0.412040,-0.634098,0.246105,0.507499,-2.273448,0.165493,1.272507,-0.968843,-0.492435,0.323657,-1.054398,1.140126
6630,69.640000,0.610787,0.784090,-1.337322,-0.999805,0.407644,-0.409329,0.317362,0.501611,-2.217450,0.070526,1.356372,-0.706160,-0.551316,0.442065,-0.989026,1.286398
6631,69.660000,0.663074,0.737990,-1.467583,-1.045748,0.365647,-0.245736,0.404873,0.478802,-2.137318,-0.054585,1.422818,-0.480102,-0.600482,0.554380,-0.949075,1.391428
6632,69.680000,0.641860,0.673970,-1.556267,-1.073184,0.309499,-0.118056,0.455097,0.466411,-2.067324,-0.150567,1.383822,-0.378272,-0.663584,0.560319,-0.922917,1.364653
6633,69.700000,0.605537,0.654126,-1.586028,-1.052799,0.297571,0.043240,0.555826,0.462349,-1.970284,-0.282557,1.423669,-0.143759,-0.711992,0.544708,-0.922164,1.291018
6634,69.720000,0.598566,0.631809,-1.571989,-1.065652,0.195931,0.121624,0.615716,0.429580,-1.906316,-0.346556,1.399662,-0.015500,-0.766604,0.378358,-0.983761,1.021383
6635,69.740000,0.666518,0.628208,-1.518269,-1.021354,-0.000333,0.289797,0.605009,0.336138,-1.908571,-0.306713,1.286542,0.078918,-0.808586,-0.056274,-1.030416,0.450060
6636,69.760000,0.863330,0.644847,-1.460797,-0.957067,-0.252003,0.503498,0.607598,0.240306,-1.919872,-0.288260,1.148023,0.156638,-0.869394,-0.501468,-1.036014,-0.145371
6637,69.780000,1.140885,0.660316,-1.414681,-0.869923,-0.459350,0.698614,0.595098,0.184210,-1.901447,-0.308161,1.029999,0.208690,-0.921666,-0.715652,-0.939946,-0.501762
6638,69.800000,1.491344,0.654697,-1.349698,-0.785088,-0.608585,0.772674,0.604578,0.172700,-1.828081,-0.368060,0.925068,0.266367,-0.965019,-0.782703,-0.781562,-0.675695
6639,69.820000,1.924450,0.607897,-1.280577,-0.767811,-0.695548,0.589794,0.701297,0.209235,-1.677709,-0.483533,0.862259,0.368511,-0.880154,-0.735944,-0.509865,-0.702355
6640,69.840000,2.386064,0.542607,-1.220941,-0.894386,-0.706803,0.266908,0.927044,0.256366,-1.507461,-0.671237,0.837118,0.522914,-0.730694,-0.657436,-0.251823,-0.683146
6641,69.860000,2.945114,0.412174,-1.161312,-1.165166,-0.629381,-0.144685,1.141361,0.290454,-1.296306,-0.894008,0.872009,0.676224,-0.656883,-0.632800,-0.120004,-0.666325
6642,69.880000,3.632160,0.262180,-1.106832,-1.576686,-0.485870,-0.608504,1.283351,0.308106,-1.041312,-1.073066,0.977365,0.860118,-0.676908,-0.677978,-0.068769,-0.644061
6643,69.900000,4.145691,0.185515,-1.129073,-1.722520,-0.288297,-0.901255,1.272257,0.367869,-0.794044,-1.137685,1.119223,1.214519,-0.702795,-0.870759,0.011849,-0.715034
6644,69.920000,4.661386,0.126696,-1.115356,-1.813976,-0.228711,-0.999597,1.272255,0.467491,-0.522111,-1.066604,1.143001,1.502957,-0.793350,-1.362411,-0.004240,-0.943901
6645,69.940000,5.160629,0.132546,-1.065907,-1.731077,-0.166775,-0.993486,1.023333,0.496157,-0.466635,-0.839103,1.047264,1.821747,-0.871401,-1.900343,-0.075301,-1.229130
6646,69.960000,5.641850,0.194196,-0.892948,-1.494519,-0.186960,-1.062848,0.304850,0.514027,-0.682610,-0.374947,0.609138,1.814410,-1.010890,-2.380589,-0.255379,-1.591952
6647,69.980000,6.478249,0.204954,-0.514053,-1.270649,-0.129351,-1.225640,-0.952446,0.468641,-0.979524,0.204528,0.510670,2.317874,-1.094454,-2.448086,-0.357830,-1.782643
6648,70.000000,7.371501,0.205567,-0.160507,-1.125207,-0.043669,-1.581612,-2.609727,0.487015,-1.314277,0.947254,0.370670,2.743361,-1.014129,-2.140723,-0.099618,-1.746655
6649,70.020000,7.786866,0.169465,0.002010,-1.182991,-0.071900,-1.771708,-3.633496,0.595685,-1.448815,1.534695,0.032664,2.742931,-0.795790,-1.861953,0.311099,-1.819069
6650,70.040000,7.255320,0.279985,-0.097507,-1.110575,0.080498,-1.621799,-3.730877,0.514125,-1.289452,1.644700,0.026015,2.812877,-0.235024,-1.435537,0.738478,-1.788938
6651,70.060000,6.049711,0.379216,-0.278657,-1.402049,-0.021976,-1.453139,-2.073070,0.265102,-0.810799,0.815648,-0.087148,2.118689,0.483854,-1.297674,0.867478,-1.649391
6652,70.080000,3.993764,0.226948,-0.707085,-1.652740,-0.144892,-0.960201,1.890738,-0.067308,-0.114223,-1.240873,0.086388,0.967121,0.790251,-1.444577,0.712960,-0.812827
6653,70.100000,-0.080351,0.595697,-1.522332,-0.523754,-0.395150,0.586655,6.703550,0.070545,1.216673,-2.545088,0.120361,-1.044983,0.625100,-1.676826,0.443545,0.810305
6654,70.120000,-4.743220,1.637846,-2.093240,1.506431,-0.974682,2.572321,9.484685,0.669120,2.518478,-1.393971,0.700215,-1.702835,0.113864,-1.579851,-0.312585,1.110758
6655,70.140000,-6.301239,1.658002,-2.323792,1.847512,-1.378300,3.306442,9.442071,0.301750,2.066219,-0.972207,1.390592,-1.767550,0.016701,-1.303271,-0.375822,-0.047531
6656,70.160000,-6.836556,1.144067,-2.292661,1.644008,-0.992625,3.423849,8.450963,0.158054,2.007937,-1.289765,1.658527,-1.799382,0.489511,-0.516883,0.332072,-0.845306
6657,70.180000,-5.844550,0.462430,-1.935573,1.279263,-0.168073,3.453374,6.265995,0.057861,1.697330,-1.243382,1.461730,-0.839777,0.530550,0.093748,0.758580,-1.226325
6658,70.200000,-3.451943,0.192026,-0.979672,0.796549,0.486704,2.925683,2.795264,-0.247652,0.903354,-0.427891,0.894770,1.137097,0.403748,0.737342,0.763935,-1.101054
6659,70.220000,-0.529147,0.549256,0.103116,-0.691478,0.517532,1.001101,0.535147,0.072440,0.824725,0.250078,0.762298,2.879276,0.477361,1.348500,0.258162,-0.087039
6660,70.240000,4.113127,-0.108030,0.572928,-2.455656,0.404975,-0.120191,-2.098423,0.578963,0.277871,1.661093,0.728751,4.215352,1.614554,1.282174,1.480195,0.963055
6661,70.260000,6.934730,-0.607377,0.444662,-1.883802,-0.025469,-0.717187,-4.915147,0.843579,-0.835560,2.937199,0.678848,5.415764,2.714855,0.539505,3.746191,1.060053
6662,70.280000,7.445281,-0.780869,0.083492,-1.254959,-0.130270,-0.860147,-6.243222,1.091997,-0.565461,3.334741,0.754983,5.495971,2.358011,-0.600222,4.236267,0.826264
6663,70.300000,5.774052,-0.135253,0.157581,-1.789442,-0.195644,-0.667441,-5.587185,0.833561,0.301897,2.967906,0.616850,4.204668,2.582357,-1.152932,3.945248,0.492754
6664,70.320000,2.256742,0.352058,0.162324,-2.224721,-0.231315,-0.307099,-2.742972,0.477519,1.114507,1.475786,0.650593,1.961591,3.298191,-1.886395,3.281031,-0.006188
6665,70.340000,0.093883,0.691101,0.288340,-1.625898,-0.173343,0.233247,0.917233,-0.420817,0.743381,-1.255230,0.550865,1.255228,3.449299,-2.139988,2.336902,-0.576991
6666,70.360000,-0.040378,0.473286,0.559366,-1.485483,-0.873873,0.508019,4.006501,-0.811959,0.222356,-2.918662,-0.029235,0.434268,2.378621,-2.063110,2.004783,-0.953218
6667,70.380000,-0.621605,0.475218,0.293860,-1.318862,-1.059797,1.310359,5.839935,-1.117884,0.219940,-2.893892,-0.331370,-0.399529,1.203845,-1.126887,1.782767,-0.457089
6668,70.400000,-3.002698,0.675706,-0.002231,-0.155277,-0.870793,1.995549,6.686127,-1.404357,0.340495,-2.068237,0.323290,-0.720997,0.806824,-0.299671,1.653262,0.113531
6669,70.420000,-4.115376,0.544812,-0.074191,0.509868,-0.424298,1.456881,5.575677,-1.898195,0.368139,-1.781648,0.877258,-0.477218,0.839594,0.403869,2.008290,0.340921
6670,70.440000,-5.238115,1.003283,-0.486570,0.014293,-0.131738,2.007557,6.204574,-0.539997,1.419955,-1.688542,0.686878,-0.789937,1.377696,0.522875,3.026039,0.383166
6671,70.460000,-5.395562,0.990888,-0.678322,-0.460655,0.016120,2.602701,6.402945,0.144682,1.586936,-1.568406,0.662448,-0.865895,1.896307,0.253787,3.880661,0.447923
6672,70.480000,-5.090758,0.827148,-0.638172,-0.582573,0.178252,2.769433,5.849559,0.212614,1.407792,-1.392297,0.703570,-0.591538,1.782706,0.203596,3.978401,0.444262
6673,70.500000,-3.805170,0.712056,-0.515130,-0.696865,0.307784,2.484873,4.784216,0.226209,1.326557,-0.890281,0.895529,0.390124,1.664924,-0.084428,3.617912,0.423499
6674,70.520000,-1.171287,0.513279,-0.004600,-1.337255,0.316128,1.126089,3.173493,0.404851,1.340951,-0.416320,1.148808,1.964999,1.683862,0.050166,3.393075,0.736107
6675,70.540000,2.509760,0.389167,0.748915,-2.113535,0.300487,-0.511577,0.158882,0.729419,1.228394,0.943338,1.460292,3.838881,2.135104,0.547349,3.964846,0.954245
6676,70.560000,5.635859,0.013095,1.261482,-1.353817,-0.093328,-1.160718,-3.643915,1.305693,0.515265,2.430464,1.159098,4.965874,3.069219,0.258818,4.587111,0.453777
6677,70.580000,7.213416,-0.035904,1.214494,1.196183,-0.231698,-1.413291,-7.612844,1.629159,-1.009363,2.935081,1.018712,5.676379,2.446176,-0.382383,4.335274,-0.053325
6678,70.600000,6.780024,0.106700,0.828739,1.423249,-0.468132,-1.014172,-7.531650,1.488896,-0.774845,2.011146,0.916261,5.297698,2.292702,-0.555592,3.628827,0.443637
6679,70.620000,5.209074,0.693794,0.820569,-0.343547,-0.088209,-0.657022,-4.647047,0.276682,-0.263517,0.588532,0.960946,5.011614,3.472207,0.333843,4.099438,0.337611
6680,70.640000,3.964779,0.647780,0.843681,-1.212373,0.290676,-0.784801,-0.830511,-1.000571,-0.437406,-1.871007,1.075304,4.197316,4.308464,1.332168,4.505457,0.202708
6681,70.660000,3.046854,0.468315,0.234233,-1.397911,-0.013709,-0.764462,3.284757,-1.248986,-0.005470,-4.695330,0.875796,2.270417,4.249490,1.695560,4.209054,0.782290
6682,70.680000,2.157133,0.520216,-0.320161,-0.969481,-0.259458,-0.493070,6.307024,-1.241341,0.145008,-6.347266,0.186237,-0.128938,3.412315,1.805006,3.119634,2.318947
6683,70.700000,-0.857782,1.155059,-0.435754,0.409482,-0.378616,0.715395,7.084318,-0.620088,0.968215,-5.071295,0.609066,-0.441601,2.168792,2.400344,2.217567,2.744980
6684,70.720000,-4.821697,1.644231,-1.041458,1.191890,-0.074889,2.715865,7.474883,0.265275,2.521383,-2.218822,0.905982,-0.977761,1.124695,2.212054,1.821393,2.161420
6685,70.740000,-5.342927,1.040156,-1.571557,0.911101,0.421105,3.295873,7.286125,0.322889,2.867922,-1.989471,1.337352,-0.922845,1.270111,1.952737,1.738138,1.678763
6686,70.760000,-5.644303,0.827728,-1.582175,0.872823,0.861859,3.950015,6.752989,0.100503,2.574236,-1.873679,1.323659,-0.709354,1.074650,1.920764,1.553159,1.453946
6687,70.780000,-5.171767,0.745649,-1.310908,0.441125,0.841367,4.314756,5.448183,0.010964,1.687912,-0.993152,0.823775,-0.218738,1.025094,1.656728,1.988261,1.559094
6688,70.800000,-3.211431,0.775452,-0.564018,-0.265727,0.664868,3.077722,4.009519,0.095786,1.733621,-0.592372,1.164189,1.484900,1.144751,1.547749,1.990344,1.905955
6689,70.820000,0.776464,0.250581,0.186323,-2.050045,0.278510,0.553741,1.532437,0.386995,0.784838,0.401965,0.744357,2.697649,1.437119,1.764754,2.311737,2.633150
6690,70.840000,5.368276,-0.100070,0.967532,-3.075780,0.197187,-0.670428,-1.912306,0.988336,0.552806,2.012449,0.947051,4.695044,2.764097,1.626131,3.469220,2.955164
6691,70.860000,7.362253,-0.825582,0.470376,-1.612021,-0.280174,-1.138854,-5.052725,1.473208,-0.543953,3.083726,0.772271,5.658617,2.904088,-0.109239,4.383883,1.862759
6692,70.880000,7.696993,-0.701719,0.477023,-0.520405,-0.285765,-1.065658,-6.764609,1.462090,-0.816341,2.886436,0.545204,5.302227,1.953301,-1.270139,4.080874,0.916875
6693,70.900000,6.318449,0.012294,0.517799,-1.143167,-0.171963,-0.800772,-5.706423,0.703185,-0.297095,1.417166,0.393495,4.303969,2.652569,-0.922880,4.222711,0.580755
6694,70.920000,4.843993,0.432240,0.966844,-2.202215,-0.205074,-0.963670,-2.722138,-0.477125,-0.283925,-0.696161,0.362213,3.051460,3.618251,-0.341963,4.311290,0.290962
6695,70.940000,2.442784,0.356207,0.629956,-1.899403,-0.454870,-1.003404,1.241666,-0.886491,-0.134557,-3.573453,0.299397,1.438791,3.877710,-0.268105,3.464238,0.206255
6696,70.960000,1.025806,0.445736,0.639011,-1.136171,-0.710432,-0.658600,4.067646,-0.992703,-0.019643,-5.202032,-0.305346,-0.038176,2.929548,-0.352815,2.233544,0.963554
6697,70.980000,0.554945,0.100832,1.343879,-0.030400,-0.505606,-0.390761,3.923564,-1.324948,-0.163701,-4.762215,-0.216377,0.233901,-0.037379,0.165853,1.131537,0.426533
6698,71.000000,0.227027,-0.221589,0.854847,1.553849,-0.522135,-0.368217,2.360646,-1.210119,-0.427046,-4.179724,-0.042152,0.253119,-1.293290,0.865498,1.222660,0.504972
6699,71.020000,-0.888760,-0.197367,1.577327,1.754579,-0.232829,0.118618,2.001689,-0.528910,0.213909,-3.474508,-0.040995,-0.213846,-1.253220,0.963608,1.157716,0.867610
6700,71.040000,-1.996421,-0.011261,0.783237,0.991321,0.011922,0.733048,2.105037,-0.216771,0.779905,-1.691378,0.104047,-0.441510,-0.550734,0.777339,0.906856,1.252829
6701,71.060000,-3.544979,0.569810,-0.560382,0.112665,0.484815,1.751609,2.046093,-0.069528,2.031614,0.751564,0.118203,-0.978801,0.479686,0.967117,0.330888,1.678965
6702,71.080000,-3.653199,1.050595,-0.649453,-0.241599,1.010911,1.582858,1.423451,-0.089577,3.240421,1.981542,0.476263,-0.667557,1.263882,1.462555,0.167682,1.837278
6703,71.100000,-3.383298,1.306723,-0.607549,-0.493907,1.026374,1.416945,1.183614,0.039835,3.279444,2.667234,0.605225,-0.597316,1.498376,1.581596,0.581443,1.749377
6704,71.120000,-2.208695,1.112989,-0.114895,-0.682630,0.736804,1.233446,0.439970,0.060519,2.587533,2.470077,0.356083,-0.534685,1.219808,1.198541,0.910779,1.194536
6705,71.140000,-0.873980,0.821824,0.714005,-0.554394,0.409858,0.580159,-0.517698,-0.182045,1.675377,1.903363,0.140624,-0.389569,0.681305,0.998448,0.703042,0.561365
6706,71.160000,0.084382,0.674690,1.365790,-0.317315,0.165136,0.121238,-0.940639,-0.377532,0.915211,1.335815,-0.074475,-0.469574,0.245144,0.767057,0.216412,0.254798
6707,71.180000,0.326498,0.342177,1.475200,0.226375,-0.134670,-0.090450,-0.911037,-0.405394,0.041414,0.709761,-0.230322,-0.482058,0.038699,0.425289,0.076042,0.113163
6708,71.200000,0.164601,0.151117,1.413319,0.263172,-0.271276,-0.074308,-0.545602,-0.372765,-0.145002,0.344094,-0.356766,-0.563686,0.081128,0.204547,0.037141,0.105585
6709,71.220000,-0.603028,0.112094,1.153368,0.379849,-0.358678,-0.004345,-0.051122,-0.387000,-0.185527,0.287031,-0.294705,-0.557086,0.244501,0.128393,0.130263,0.019874
6710,71.240000,-1.782018,0.248316,0.732648,0.384526,-0.353236,0.215619,0.772932,-0.317781,0.036218,0.526806,-0.101117,-0.570307,0.590719,0.002062,0.294782,0.031242
6711,71.260000,-2.788770,0.536658,0.091183,-0.018570,-0.387660,0.573807,1.842301,-0.283881,0.575649,1.045099,0.218387,-0.608775,0.866590,-0.056180,0.552722,0.056012
6712,71.280000,-3.245764,0.773100,-0.387278,-0.044751,-0.124864,1.231085,2.447018,-0.215198,1.145665,1.345382,0.339113,-0.622146,0.995098,0.118065,0.820547,0.037887
6713,71.300000,-3.400309,1.028934,-0.696869,0.034320,0.069790,1.646056,2.732653,-0.085613,1.626768,1.492277,0.402534,-0.614206,1.150140,0.399592,1.151428,0.005364
6714,71.320000,-3.288141,1.203303,-0.754361,0.037736,0.096543,1.786898,2.870645,0.037853,1.871260,1.430699,0.419868,-0.595554,1.280440,0.587743,1.332530,-0.005869
6715,71.340000,-2.896394,1.235506,-0.659433,0.010470,0.039984,1.730847,2.783471,0.140151,1.972640,1.154422,0.380137,-0.529040,1.326114,0.685351,1.264673,0.012984
6716,71.360000,-1.882531,0.983711,-0.448097,-0.173880,-0.037423,1.719667,2.281730,0.321860,1.674079,0.778343,0.281399,-0.247874,1.215510,0.532421,1.197443,0.018293
6717,71.380000,-1.035237,0.745467,0.029412,-0.239597,-0.048272,1.431936,1.528111,0.339169,1.268962,0.477032,0.180044,0.094710,1.062553,0.580750,0.952378,0.136232
6718,71.400000,-0.581300,0.644715,0.495659,-0.114846,0.118696,1.069144,0.899559,0.256394,0.996850,0.222037,0.135961,0.345017,0.953948,0.851942,0.503918,0.528185
6719,71.420000,-0.372844,0.604271,0.572259,-0.041361,0.194249,0.921544,0.564040,0.189050,0.826703,0.094146,0.184320,0.352297,0.927487,1.037877,0.204260,1.000068
6720,71.440000,-0.374595,0.583411,0.455949,0.004948,0.308949,0.979657,0.441174,0.100333,0.754448,0.048414,0.246094,0.339681,0.958045,1.190058,0.158674,1.334160
6721,71.460000,-0.518109,0.599070,0.301232,-0.028562,0.402702,1.094911,0.506205,0.055406,0.766859,0.105696,0.285469,0.321360,0.981755,1.283346,0.286133,1.430153
6722,71.480000,-0.714473,0.648772,0.218611,-0.158139,0.414874,1.128418,0.699416,0.064981,0.820938,0.223655,0.261999,0.287633,1.016643,1.307450,0.462629,1.350789
6723,71.500000,-0.810360,0.686365,0.155989,-0.275759,0.464429,1.217723,0.865418,0.110487,0.889674,0.363796,0.286531,0.342252,0.991743,1.213506,0.615826,1.207657
6724,71.520000,-0.876476,0.717073,0.153405,-0.380034,0.434501,1.199420,0.953366,0.146903,0.966603,0.436048,0.292579,0.395632,0.972360,1.120915,0.711764,1.034342
6725,71.540000,-0.884456,0.734064,0.151344,-0.416429,0.473841,1.276529,0.939348,0.171213,1.051426,0.508539,0.327471,0.495054,0.905926,1.011259,0.734260,0.893129
6726,71.560000,-0.884985,0.732307,0.134261,-0.443019,0.469605,1.308632,0.822808,0.178615,1.120404,0.569081,0.364314,0.512876,0.825390,0.940015,0.708516,0.788352
6727,71.580000,-0.909086,0.725412,0.128853,-0.485004,0.457103,1.311402,0.727979,0.182100,1.155614,0.610548,0.360553,0.481633,0.762334,0.907558,0.700721,0.733620
6728,71.600000,-0.908989,0.691922,0.076726,-0.553378,0.422922,1.299068,0.667311,0.197071,1.171977,0.678176,0.342656,0.386009,0.679290,0.824828,0.683154,0.683825
6729,71.620000,-0.902449,0.689996,0.089130,-0.537075,0.421630,1.315796,0.600275,0.163434,1.187731,0.647849,0.350618,0.350106,0.636466,0.834115,0.613674,0.675066
6730,71.640000,-0.921520,0.690410,0.097506,-0.544169,0.411810,1.314510,0.569251,0.147857,1.198414,0.619580,0.345434,0.317145,0.612672,0.853692,0.562663,0.677075
6731,71.660000,-0.942531,0.693209,0.130472,-0.588230,0.383320,1.296704,0.567702,0.142729,1.166005,0.613952,0.327293,0.282989,0.610644,0.846134,0.559752,0.670021
6732,71.680000,-0.938703,0.687246,0.141517,-0.605105,0.375298,1.297001,0.572484,0.131876,1.136570,0.598938,0.319842,0.246280,0.602997,0.848207,0.550633,0.682636
6733,71.700000,-0.940058,0.668624,0.133910,-0.603673,0.375990,1.292770,0.568335,0.120310,1.113425,0.564911,0.317192,0.235764,0.595311,0.841543,0.527961,0.682385
6734,71.720000,-0.950054,0.647918,0.146673,-0.614344,0.373978,1.290604,0.575743,0.116070,1.077976,0.532696,0.303793,0.228841,0.589078,0.812102,0.536583,0.674847
6735,71.740000,-0.948628,0.636254,0.151959,-0.611621,0.357126,1.314599,0.583107,0.101719,1.057323,0.504862,0.302248,0.208246,0.573085,0.789985,0.525247,0.671341
6736,71.760000,-0.953310,0.625543,0.142214,-0.604506,0.350929,1.318936,0.586083,0.093646,1.046927,0.482294,0.301339,0.194166,0.555325,0.774954,0.495256,0.667894
