inference_index,sim_time,render_frame_id,width,height,file
3623,9.500000,0,0,0,
3624,9.520000,1,1920,1080,render_frames/render_00000001.jpg
3625,9.540000,2,1920,1080,render_frames/render_00000002.jpg
3626,9.560000,3,1920,1080,render_frames/render_00000003.jpg
3627,9.580000,5,1920,1080,render_frames/render_00000005.jpg
3628,9.600000,6,1920,1080,render_frames/render_00000006.jpg
3629,9.620000,7,1920,1080,render_frames/render_00000007.jpg
3630,9.640000,8,1920,1080,render_frames/render_00000008.jpg
3631,9.660000,9,1920,1080,render_frames/render_00000009.jpg
3632,9.680000,11,1920,1080,render_frames/render_00000011.jpg
3633,9.700000,12,1920,1080,render_frames/render_00000012.jpg
3634,9.720000,13,1920,1080,render_frames/render_00000013.jpg
3635,9.740000,14,1920,1080,render_frames/render_00000014.jpg
3636,9.760000,15,1920,1080,render_frames/render_00000015.jpg
3637,9.780000,17,1920,1080,render_frames/render_00000017.jpg
3638,9.800000,18,1920,1080,render_frames/render_00000018.jpg
3639,9.820000,19,1920,1080,render_frames/render_00000019.jpg
3640,9.840000,20,1920,1080,render_frames/render_00000020.jpg
3641,9.860000,21,1920,1080,render_frames/render_00000021.jpg
3642,9.880000,23,1920,1080,render_frames/render_00000023.jpg
3643,9.900000,24,1920,1080,render_frames/render_00000024.jpg
3644,9.920000,25,1920,1080,render_frames/render_00000025.jpg
3645,9.940000,26,1920,1080,render_frames/render_00000026.jpg
3646,9.960000,27,1920,1080,render_frames/render_00000027.jpg
3647,9.980000,29,1920,1080,render_frames/render_00000029.jpg
3648,10.000000,30,1920,1080,render_frames/render_00000030.jpg
3649,10.020000,31,1920,1080,render_frames/render_00000031.jpg
3650,10.040000,32,1920,1080,render_frames/render_00000032.jpg
3651,10.060000,33,1920,1080,render_frames/render_00000033.jpg
3652,10.080000,35,1920,1080,render_frames/render_00000035.jpg
3653,10.100000,36,1920,1080,render_frames/render_00000036.jpg
3654,10.120000,37,1920,1080,render_frames/render_00000037.jpg
3655,10.140000,38,1920,1080,render_frames/render_00000038.jpg
3656,10.160000,39,1920,1080,render_frames/render_00000039.jpg
3657,10.180000,41,1920,1080,render_frames/render_00000041.jpg
3658,10.200000,42,1920,1080,render_frames/render_00000042.jpg
3659,10.220000,43,1920,1080,render_frames/render_00000043.jpg
3660,10.240000,44,1920,1080,render_frames/render_00000044.jpg
3661,10.260000,45,1920,1080,render_frames/render_00000045.jpg
3662,10.280000,47,1920,1080,render_frames/render_00000047.jpg
3663,10.300000,48,1920,1080,render_frames/render_00000048.jpg
3664,10.320000,49,1920,1080,render_frames/render_00000049.jpg
3665,10.340000,50,1920,1080,render_frames/render_00000050.jpg
3666,10.360000,51,1920,1080,render_frames/render_00000051.jpg
3667,10.380000,53,1920,1080,render_frames/render_00000053.jpg
3668,10.400000,54,1920,1080,render_frames/render_00000054.jpg
3669,10.420000,55,1920,1080,render_frames/render_00000055.jpg
3670,10.440000,56,1920,1080,render_frames/render_00000056.jpg
3671,10.460000,58,1920,1080,render_frames/render_00000058.jpg
3672,10.480000,59,1920,1080,render_frames/render_00000059.jpg
3673,10.500000,60,1920,1080,render_frames/render_00000060.jpg
3674,10.520000,61,1920,1080,render_frames/render_00000061.jpg
3675,10.540000,62,1920,1080,render_frames/render_00000062.jpg
3676,10.560000,64,1920,1080,render_frames/render_00000064.jpg
3677,10.580000,65,1920,1080,render_frames/render_00000065.jpg
3678,10.600000,66,1920,1080,render_frames/render_00000066.jpg
3679,10.620000,67,1920,1080,render_frames/render_00000067.jpg
3680,10.640000,68,1920,1080,render_frames/render_00000068.jpg
3681,10.660000,70,1920,1080,render_frames/render_00000070.jpg
3682,10.680000,71,1920,1080,render_frames/render_00000071.jpg
3683,10.700000,72,1920,1080,render_frames/render_00000072.jpg
3684,10.720000,73,1920,1080,render_frames/render_00000073.jpg
3685,10.740000,74,1920,1080,render_frames/render_00000074.jpg
3686,10.760000,76,1920,1080,render_frames/render_00000076.jpg
3687,10.780000,77,1920,1080,render_frames/render_00000077.jpg
3688,10.800000,78,1920,1080,render_frames/render_00000078.jpg
3689,10.820000,79,1920,1080,render_frames/render_00000079.jpg
3690,10.840000,80,1920,1080,render_frames/render_00000080.jpg
3691,10.860000,82,1920,1080,render_frames/render_00000082.jpg
3692,10.880000,83,1920,1080,render_frames/render_00000083.jpg
3693,10.900000,84,1920,1080,render_frames/render_00000084.jpg
3694,10.920000,85,1920,1080,render_frames/render_00000085.jpg
3695,10.940000,86,1920,1080,render_frames/render_00000086.jpg
3696,10.960000,88,1920,1080,render_frames/render_00000088.jpg
3697,10.980000,89,1920,1080,render_frames/render_00000089.jpg
3698,11.000000,90,1920,1080,render_frames/render_00000090.jpg
3699,11.020000,91,1920,1080,render_frames/render_00000091.jpg
3700,11.040000,92,1920,1080,render_frames/render_00000092.jpg
3701,11.060000,94,1920,1080,render_frames/render_00000094.jpg
3702,11.080000,95,1920,1080,render_frames/render_00000095.jpg
3703,11.100000,96,1920,1080,render_frames/render_00000096.jpg
3704,11.120000,97,1920,1080,render_frames/render_00000097.jpg
3705,11.140000,98,1920,1080,render_frames/render_00000098.jpg
3706,11.160000,100,1920,1080,render_frames/render_00000100.jpg
3707,11.180000,101,1920,1080,render_frames/render_00000101.jpg
3708,11.200000,102,1920,1080,render_frames/render_00000102.jpg
3709,11.220000,103,1920,1080,render_frames/render_00000103.jpg
3710,11.240000,104,1920,1080,render_frames/render_00000104.jpg
3711,11.260000,106,1920,1080,render_frames/render_00000106.jpg
3712,11.280000,107,1920,1080,render_frames/render_00000107.jpg
3713,11.300000,108,1920,1080,render_frames/render_00000108.jpg
3714,11.320000,109,1920,1080,render_frames/render_00000109.jpg
3715,11.340000,110,1920,1080,render_frames/render_00000110.jpg
3716,11.360000,112,1920,1080,render_frames/render_00000112.jpg
3717,11.380000,113,1920,1080,render_frames/render_00000113.jpg
3718,11.400000,114,1920,1080,render_frames/render_00000114.jpg
3719,11.420000,115,1920,1080,render_frames/render_00000115.jpg
3720,11.440000,117,1920,1080,render_frames/render_00000117.jpg
3721,11.460000,118,1920,1080,render_frames/render_00000118.jpg
3722,11.480000,119,1920,1080,render_frames/render_00000119.jpg
3723,11.500000,120,1920,1080,render_frames/render_00000120.jpg
3724,11.520000,121,1920,1080,render_frames/render_00000121.jpg
3725,11.540000,123,1920,1080,render_frames/render_00000123.jpg
3726,11.560000,124,1920,1080,render_frames/render_00000124.jpg
3727,11.580000,125,1920,1080,render_frames/render_00000125.jpg
3728,11.600000,126,1920,1080,render_frames/render_00000126.jpg
3729,11.620000,127,1920,1080,render_frames/render_00000127.jpg
3730,11.640000,129,1920,1080,render_frames/render_00000129.jpg
3731,11.660000,130,1920,1080,render_frames/render_00000130.jpg
3732,11.680000,131,1920,1080,render_frames/render_00000131.jpg
3733,11.700000,132,1920,1080,render_frames/render_00000132.jpg
3734,11.720000,133,1920,1080,render_frames/render_00000133.jpg
3735,11.740000,135,1920,1080,render_frames/render_00000135.jpg
3736,11.760000,136,1920,1080,render_frames/render_00000136.jpg
3737,11.780000,137,1920,1080,render_frames/render_00000137.jpg
3738,11.800000,138,1920,1080,render_frames/render_00000138.jpg
3739,11.820000,139,1920,1080,render_frames/render_00000139.jpg
3740,11.840000,141,1920,1080,render_frames/render_00000141.jpg
3741,11.860000,142,1920,1080,render_frames/render_00000142.jpg
3742,11.880000,143,1920,1080,render_frames/render_00000143.jpg
3743,11.900000,144,1920,1080,render_frames/render_00000144.jpg
3744,11.920000,145,1920,1080,render_frames/render_00000145.jpg
3745,11.940000,147,1920,1080,render_frames/render_00000147.jpg
3746,11.960000,148,1920,1080,render_frames/render_00000148.jpg
3747,11.980000,149,1920,1080,render_frames/render_00000149.jpg
3748,12.000000,150,1920,1080,render_frames/render_00000150.jpg
3749,12.020000,151,1920,1080,render_frames/render_00000151.jpg
3750,12.040000,153,1920,1080,render_frames/render_00000153.jpg
3751,12.060000,154,1920,1080,render_frames/render_00000154.jpg
3752,12.080000,155,1920,1080,render_frames/render_00000155.jpg
3753,12.100000,156,1920,1080,render_frames/render_00000156.jpg
3754,12.120000,157,1920,1080,render_frames/render_00000157.jpg
3755,12.140000,159,1920,1080,render_frames/render_00000159.jpg
3756,12.160000,160,1920,1080,render_frames/render_00000160.jpg
3757,12.180000,161,1920,1080,render_frames/render_00000161.jpg
3758,12.200000,162,1920,1080,render_frames/render_00000162.jpg
3759,12.220000,163,1920,1080,render_frames/render_00000163.jpg
3760,12.240000,165,1920,1080,render_frames/render_00000165.jpg
3761,12.260000,166,1920,1080,render_frames/render_00000166.jpg
3762,12.280000,167,1920,1080,render_frames/render_00000167.jpg
3763,12.300000,168,1920,1080,render_frames/render_00000168.jpg
3764,12.320000,169,1920,1080,render_frames/render_00000169.jpg
3765,12.340000,171,1920,1080,render_frames/render_00000171.jpg
3766,12.360000,172,1920,1080,render_frames/render_00000172.jpg
3767,12.380000,173,1920,1080,render_frames/render_00000173.jpg
3768,12.400000,174,1920,1080,render_frames/render_00000174.jpg
3769,12.420000,175,1920,1080,render_frames/render_00000175.jpg
3770,12.440000,177,1920,1080,render_frames/render_00000177.jpg
3771,12.460000,178,1920,1080,render_frames/render_00000178.jpg
3772,12.480000,179,1920,1080,render_frames/render_00000179.jpg
3773,12.500000,180,1920,1080,render_frames/render_00000180.jpg
3774,12.520000,181,1920,1080,render_frames/render_00000181.jpg
3775,12.540000,183,1920,1080,render_frames/render_00000183.jpg
3776,12.560000,184,1920,1080,render_frames/render_00000184.jpg
3777,12.580000,185,1920,1080,render_frames/render_00000185.jpg
3778,12.600000,186,1920,1080,render_frames/render_00000186.jpg
3779,12.620000,188,1920,1080,render_frames/render_00000188.jpg
3780,12.640000,189,1920,1080,render_frames/render_00000189.jpg
3781,12.660000,190,1920,1080,render_frames/render_00000190.jpg
3782,12.680000,191,1920,1080,render_frames/render_00000191.jpg
3783,12.700000,192,1920,1080,render_frames/render_00000192.jpg
3784,12.720000,194,1920,1080,render_frames/render_00000194.jpg
3785,12.740000,195,1920,1080,render_frames/render_00000195.jpg
3786,12.760000,196,1920,1080,render_frames/render_00000196.jpg
3787,12.780000,197,1920,1080,render_frames/render_00000197.jpg
3788,12.800000,198,1920,1080,render_frames/render_00000198.jpg
3789,12.820000,200,1920,1080,render_frames/render_00000200.jpg
3790,12.840000,201,1920,1080,render_frames/render_00000201.jpg
3791,12.860000,202,1920,1080,render_frames/render_00000202.jpg
3792,12.880000,203,1920,1080,render_frames/render_00000203.jpg
3793,12.900000,204,1920,1080,render_frames/render_00000204.jpg
3794,12.920000,206,1920,1080,render_frames/render_00000206.jpg
3795,12.940000,207,1920,1080,render_frames/render_00000207.jpg
3796,12.960000,208,1920,1080,render_frames/render_00000208.jpg
3797,12.980000,209,1920,1080,render_frames/render_00000209.jpg
3798,13.000000,210,1920,1080,render_frames/render_00000210.jpg
3799,13.020000,211,1920,1080,render_frames/render_00000211.jpg
3800,13.040000,213,1920,1080,render_frames/render_00000213.jpg
3801,13.060000,214,1920,1080,render_frames/render_00000214.jpg
3802,13.080000,215,1920,1080,render_frames/render_00000215.jpg
3803,13.100000,216,1920,1080,render_frames/render_00000216.jpg
3804,13.120000,217,1920,1080,render_frames/render_00000217.jpg
3805,13.140000,219,1920,1080,render_frames/render_00000219.jpg
3806,13.160000,220,1920,1080,render_frames/render_00000220.jpg
3807,13.180000,221,1920,1080,render_frames/render_00000221.jpg
3808,13.200000,222,1920,1080,render_frames/render_00000222.jpg
3809,13.220000,223,1920,1080,render_frames/render_00000223.jpg
3810,13.240000,225,1920,1080,render_frames/render_00000225.jpg
3811,13.260000,226,1920,1080,render_frames/render_00000226.jpg
3812,13.280000,227,1920,1080,render_frames/render_00000227.jpg
3813,13.300000,228,1920,1080,render_frames/render_00000228.jpg
3814,13.320000,230,1920,1080,render_frames/render_00000230.jpg
3815,13.340000,231,1920,1080,render_frames/render_00000231.jpg
3816,13.360000,232,1920,1080,render_frames/render_00000232.jpg
3817,13.380000,233,1920,1080,render_frames/render_00000233.jpg
3818,13.400000,234,1920,1080,render_frames/render_00000234.jpg
3819,13.420000,236,1920,1080,render_frames/render_00000236.jpg
3820,13.440000,237,1920,1080,render_frames/render_00000237.jpg
3821,13.460000,238,1920,1080,render_frames/render_00000238.jpg
3822,13.480000,239,1920,1080,render_frames/render_00000239.jpg
3823,13.500000,240,1920,1080,render_frames/render_00000240.jpg
3824,13.520000,242,1920,1080,render_frames/render_00000242.jpg
3825,13.540000,243,1920,1080,render_frames/render_00000243.jpg
3826,13.560000,244,1920,1080,render_frames/render_00000244.jpg
3827,13.580000,245,1920,1080,render_frames/render_00000245.jpg
3828,13.600000,246,1920,1080,render_frames/render_00000246.jpg
3829,13.620000,248,1920,1080,render_frames/render_00000248.jpg
3830,13.640000,249,1920,1080,render_frames/render_00000249.jpg
3831,13.660000,250,1920,1080,render_frames/render_00000250.jpg
3832,13.680000,251,1920,1080,render_frames/render_00000251.jpg
3833,13.700000,252,1920,1080,render_frames/render_00000252.jpg
3834,13.720000,254,1920,1080,render_frames/render_00000254.jpg
3835,13.740000,255,1920,1080,render_frames/render_00000255.jpg
3836,13.760000,256,1920,1080,render_frames/render_00000256.jpg
3837,13.780000,257,1920,1080,render_frames/render_00000257.jpg
3838,13.800000,258,1920,1080,render_frames/render_00000258.jpg
3839,13.820000,260,1920,1080,render_frames/render_00000260.jpg
3840,13.840000,261,1920,1080,render_frames/render_00000261.jpg
3841,13.860000,262,1920,1080,render_frames/render_00000262.jpg
3842,13.880000,263,1920,1080,render_frames/render_00000263.jpg
3843,13.900000,264,1920,1080,render_frames/render_00000264.jpg
3844,13.920000,266,1920,1080,render_frames/render_00000266.jpg
3845,13.940000,267,1920,1080,render_frames/render_00000267.jpg
3846,13.960000,268,1920,1080,render_frames/render_00000268.jpg
3847,13.980000,269,1920,1080,render_frames/render_00000269.jpg
3848,14.000000,271,1920,1080,render_frames/render_00000271.jpg
3849,14.020000,272,1920,1080,render_frames/render_00000272.jpg
3850,14.040000,273,1920,1080,render_frames/render_00000273.jpg
3851,14.060000,274,1920,1080,render_frames/render_00000274.jpg
3852,14.080000,275,1920,1080,render_frames/render_00000275.jpg
3853,14.100000,277,1920,1080,render_frames/render_00000277.jpg
3854,14.120000,278,1920,1080,render_frames/render_00000278.jpg
3855,14.140000,279,1920,1080,render_frames/render_00000279.jpg
3856,14.160000,280,1920,1080,render_frames/render_00000280.jpg
3857,14.180000,281,1920,1080,render_frames/render_00000281.jpg
3858,14.200000,283,1920,1080,render_frames/render_00000283.jpg
3859,14.220000,284,1920,1080,render_frames/render_00000284.jpg
3860,14.240000,285,1920,1080,render_frames/render_00000285.jpg
3861,14.260000,286,1920,1080,render_frames/render_00000286.jpg
3862,14.280000,287,1920,1080,render_frames/render_00000287.jpg
3863,14.300000,289,1920,1080,render_frames/render_00000289.jpg
3864,14.320000,290,1920,1080,render_frames/render_00000290.jpg
3865,14.340000,291,1920,1080,render_frames/render_00000291.jpg
3866,14.360000,292,1920,1080,render_frames/render_00000292.jpg
3867,14.380000,293,1920,1080,render_frames/render_00000293.jpg
3868,14.400000,295,1920,1080,render_frames/render_00000295.jpg
3869,14.420000,296,1920,1080,render_frames/render_00000296.jpg
3870,14.440000,297,1920,1080,render_frames/render_00000297.jpg
3871,14.460000,298,1920,1080,render_frames/render_00000298.jpg
3872,14.480000,299,1920,1080,render_frames/render_00000299.jpg
3873,14.500000,301,1920,1080,render_frames/render_00000301.jpg
3874,14.520000,302,1920,1080,render_frames/render_00000302.jpg
3875,14.540000,303,1920,1080,render_frames/render_00000303.jpg
3876,14.560000,304,1920,1080,render_frames/render_00000304.jpg
3877,14.580000,305,1920,1080,render_frames/render_00000305.jpg
3878,14.600000,307,1920,1080,render_frames/render_00000307.jpg
3879,14.620000,308,1920,1080,render_frames/render_00000308.jpg
3880,14.640000,309,1920,1080,render_frames/render_00000309.jpg
3881,14.660000,310,1920,1080,render_frames/render_00000310.jpg
3882,14.680000,311,1920,1080,render_frames/render_00000311.jpg
3883,14.700000,313,1920,1080,render_frames/render_00000313.jpg
3884,14.720000,314,1920,1080,render_frames/render_00000314.jpg
3885,14.740000,315,1920,1080,render_frames/render_00000315.jpg
3886,14.760000,316,1920,1080,render_frames/render_00000316.jpg
3887,14.780000,317,1920,1080,render_frames/render_00000317.jpg
3888,14.800000,319,1920,1080,render_frames/render_00000319.jpg
3889,14.820000,320,1920,1080,render_frames/render_00000320.jpg
3890,14.840000,321,1920,1080,render_frames/render_00000321.jpg
3891,14.860000,322,1920,1080,render_frames/render_00000322.jpg
3892,14.880000,324,1920,1080,render_frames/render_00000324.jpg
3893,14.900000,325,1920,1080,render_frames/render_00000325.jpg
3894,14.920000,326,1920,1080,render_frames/render_00000326.jpg
3895,14.940000,327,1920,1080,render_frames/render_00000327.jpg
3896,14.960000,328,1920,1080,render_frames/render_00000328.jpg
3897,14.980000,330,1920,1080,render_frames/render_00000330.jpg
3898,15.000000,331,1920,1080,render_frames/render_00000331.jpg
3899,15.020000,332,1920,1080,render_frames/render_00000332.jpg
3900,15.040000,333,1920,1080,render_frames/render_00000333.jpg
3901,15.060000,334,1920,1080,render_frames/render_00000334.jpg
3902,15.080000,336,1920,1080,render_frames/render_00000336.jpg
3903,15.100000,337,1920,1080,render_frames/render_00000337.jpg
3904,15.120000,338,1920,1080,render_frames/render_00000338.jpg
3905,15.140000,339,1920,1080,render_frames/render_00000339.jpg
3906,15.160000,340,1920,1080,render_frames/render_00000340.jpg
3907,15.180000,342,1920,1080,render_frames/render_00000342.jpg
3908,15.200000,343,1920,1080,render_frames/render_00000343.jpg
3909,15.220000,344,1920,1080,render_frames/render_00000344.jpg
3910,15.240000,345,1920,1080,render_frames/render_00000345.jpg
3911,15.260000,346,1920,1080,render_frames/render_00000346.jpg
3912,15.280000,348,1920,1080,render_frames/render_00000348.jpg
3913,15.300000,349,1920,1080,render_frames/render_00000349.jpg
3914,15.320000,350,1920,1080,render_frames/render_00000350.jpg
3915,15.340000,351,1920,1080,render_frames/render_00000351.jpg
3916,15.360000,352,1920,1080,render_frames/render_00000352.jpg
3917,15.380000,354,1920,1080,render_frames/render_00000354.jpg
3918,15.400000,355,1920,1080,render_frames/render_00000355.jpg
3919,15.420000,356,1920,1080,render_frames/render_00000356.jpg
3920,15.440000,357,1920,1080,render_frames/render_00000357.jpg
3921,15.460000,358,1920,1080,render_frames/render_00000358.jpg
3922,15.480000,360,1920,1080,render_frames/render_00000360.jpg
3923,15.500000,361,1920,1080,render_frames/render_00000361.jpg
3924,15.520000,362,1920,1080,render_frames/render_00000362.jpg
3925,15.540000,363,1920,1080,render_frames/render_00000363.jpg
3926,15.560000,365,1920,1080,render_frames/render_00000365.jpg
3927,15.580000,366,1920,1080,render_frames/render_00000366.jpg
3928,15.600000,367,1920,1080,render_frames/render_00000367.jpg
3929,15.620000,368,1920,1080,render_frames/render_00000368.jpg
3930,15.640000,369,1920,1080,render_frames/render_00000369.jpg
3931,15.660000,371,1920,1080,render_frames/render_00000371.jpg
3932,15.680000,372,1920,1080,render_frames/render_00000372.jpg
3933,15.700000,373,1920,1080,render_frames/render_00000373.jpg
3934,15.720000,374,1920,1080,render_frames/render_00000374.jpg
3935,15.740000,375,1920,1080,render_frames/render_00000375.jpg
3936,15.760000,377,1920,1080,render_frames/render_00000377.jpg
3937,15.780000,378,1920,1080,render_frames/render_00000378.jpg
3938,15.800000,379,1920,1080,render_frames/render_00000379.jpg
3939,15.820000,380,1920,1080,render_frames/render_00000380.jpg
3940,15.840000,381,1920,1080,render_frames/render_00000381.jpg
3941,15.860000,383,1920,1080,render_frames/render_00000383.jpg
3942,15.880000,384,1920,1080,render_frames/render_00000384.jpg
3943,15.900000,385,1920,1080,render_frames/render_00000385.jpg
3944,15.920000,386,1920,1080,render_frames/render_00000386.jpg
3945,15.940000,387,1920,1080,render_frames/render_00000387.jpg
3946,15.960000,389,1920,1080,render_frames/render_00000389.jpg
3947,15.980000,390,1920,1080,render_frames/render_00000390.jpg
3948,16.000000,391,1920,1080,render_frames/render_00000391.jpg
3949,16.020000,392,1920,1080,render_frames/render_00000392.jpg
3950,16.040000,394,1920,1080,render_frames/render_00000394.jpg
3951,16.060000,395,1920,1080,render_frames/render_00000395.jpg
3952,16.080000,396,1920,1080,render_frames/render_00000396.jpg
3953,16.100000,397,1920,1080,render_frames/render_00000397.jpg
3954,16.120000,398,1920,1080,render_frames/render_00000398.jpg
3955,16.140000,400,1920,1080,render_frames/render_00000400.jpg
3956,16.160000,401,1920,1080,render_frames/render_00000401.jpg
3957,16.180000,402,1920,1080,render_frames/render_00000402.jpg
3958,16.200000,403,1920,1080,render_frames/render_00000403.jpg
3959,16.220000,404,1920,1080,render_frames/render_00000404.jpg
3960,16.240000,406,1920,1080,render_frames/render_00000406.jpg
3961,16.260000,407,1920,1080,render_frames/render_00000407.jpg
3962,16.280000,408,1920,1080,render_frames/render_00000408.jpg
3963,16.300000,409,1920,1080,render_frames/render_00000409.jpg
3964,16.320000,410,1920,1080,render_frames/render_00000410.jpg
3965,16.340000,412,1920,1080,render_frames/render_00000412.jpg
3966,16.360000,413,1920,1080,render_frames/render_00000413.jpg
3967,16.380000,414,1920,1080,render_frames/render_00000414.jpg
3968,16.400000,415,1920,1080,render_frames/render_00000415.jpg
3969,16.420000,416,1920,1080,render_frames/render_00000416.jpg
3970,16.440000,418,1920,1080,render_frames/render_00000418.jpg
3971,16.460000,419,1920,1080,render_frames/render_00000419.jpg
3972,16.480000,420,1920,1080,render_frames/render_00000420.jpg
3973,16.500000,421,1920,1080,render_frames/render_00000421.jpg
3974,16.520000,422,1920,1080,render_frames/render_00000422.jpg
3975,16.540000,424,1920,1080,render_frames/render_00000424.jpg
3976,16.560000,425,1920,1080,render_frames/render_00000425.jpg
3977,16.580000,426,1920,1080,render_frames/render_00000426.jpg
3978,16.600000,427,1920,1080,render_frames/render_00000427.jpg
3979,16.620000,428,1920,1080,render_frames/render_00000428.jpg
3980,16.640000,430,1920,1080,render_frames/render_00000430.jpg
3981,16.660000,431,1920,1080,render_frames/render_00000431.jpg
3982,16.680000,432,1920,1080,render_frames/render_00000432.jpg
3983,16.700000,433,1920,1080,render_frames/render_00000433.jpg
3984,16.720000,434,1920,1080,render_frames/render_00000434.jpg
3985,16.740000,436,1920,1080,render_frames/render_00000436.jpg
3986,16.760000,437,1920,1080,render_frames/render_00000437.jpg
3987,16.780000,438,1920,1080,render_frames/render_00000438.jpg
3988,16.800000,439,1920,1080,render_frames/render_00000439.jpg
3989,16.820000,440,1920,1080,render_frames/render_00000440.jpg
3990,16.840000,442,1920,1080,render_frames/render_00000442.jpg
3991,16.860000,443,1920,1080,render_frames/render_00000443.jpg
3992,16.880000,444,1920,1080,render_frames/render_00000444.jpg
3993,16.900000,445,1920,1080,render_frames/render_00000445.jpg
3994,16.920000,446,1920,1080,render_frames/render_00000446.jpg
3995,16.940000,448,1920,1080,render_frames/render_00000448.jpg
3996,16.960000,449,1920,1080,render_frames/render_00000449.jpg
3997,16.980000,450,1920,1080,render_frames/render_00000450.jpg
3998,17.000000,451,1920,1080,render_frames/render_00000451.jpg
3999,17.020000,452,1920,1080,render_frames/render_00000452.jpg
4000,17.040000,454,1920,1080,render_frames/render_00000454.jpg
4001,17.060000,455,1920,1080,render_frames/render_00000455.jpg
4002,17.080000,456,1920,1080,render_frames/render_00000456.jpg
4003,17.100000,457,1920,1080,render_frames/render_00000457.jpg
4004,17.120000,458,1920,1080,render_frames/render_00000458.jpg
4005,17.140000,460,1920,1080,render_frames/render_00000460.jpg
4006,17.160000,461,1920,1080,render_frames/render_00000461.jpg
4007,17.180000,462,1920,1080,render_frames/render_00000462.jpg
4008,17.200000,463,1920,1080,render_frames/render_00000463.jpg
4009,17.220000,464,1920,1080,render_frames/render_00000464.jpg
4010,17.240000,466,1920,1080,render_frames/render_00000466.jpg
4011,17.260000,467,1920,1080,render_frames/render_00000467.jpg
4012,17.280000,468,1920,1080,render_frames/render_00000468.jpg
4013,17.300000,469,1920,1080,render_frames/render_00000469.jpg
4014,17.320000,470,1920,1080,render_frames/render_00000470.jpg
4015,17.340000,472,1920,1080,render_frames/render_00000472.jpg
4016,17.360000,473,1920,1080,render_frames/render_00000473.jpg
4017,17.380000,474,1920,1080,render_frames/render_00000474.jpg
4018,17.400000,475,1920,1080,render_frames/render_00000475.jpg
4019,17.420000,477,1920,1080,render_frames/render_00000477.jpg
4020,17.440000,478,1920,1080,render_frames/render_00000478.jpg
4021,17.460000,479,1920,1080,render_frames/render_00000479.jpg
4022,17.480000,480,1920,1080,render_frames/render_00000480.jpg
4023,17.500000,481,1920,1080,render_frames/render_00000481.jpg
4024,17.520000,483,1920,1080,render_frames/render_00000483.jpg
4025,17.540000,484,1920,1080,render_frames/render_00000484.jpg
4026,17.560000,485,1920,1080,render_frames/render_00000485.jpg
4027,17.580000,486,1920,1080,render_frames/render_00000486.jpg
4028,17.600000,487,1920,1080,render_frames/render_00000487.jpg
4029,17.620000,489,1920,1080,render_frames/render_00000489.jpg
4030,17.640000,490,1920,1080,render_frames/render_00000490.jpg
4031,17.660000,491,1920,1080,render_frames/render_00000491.jpg
4032,17.680000,492,1920,1080,render_frames/render_00000492.jpg
4033,17.700000,493,1920,1080,render_frames/render_00000493.jpg
4034,17.720000,495,1920,1080,render_frames/render_00000495.jpg
4035,17.740000,496,1920,1080,render_frames/render_00000496.jpg
4036,17.760000,497,1920,1080,render_frames/render_00000497.jpg
4037,17.780000,498,1920,1080,render_frames/render_00000498.jpg
4038,17.800000,499,1920,1080,render_frames/render_00000499.jpg
4039,17.820000,501,1920,1080,render_frames/render_00000501.jpg
4040,17.840000,502,1920,1080,render_frames/render_00000502.jpg
4041,17.860000,503,1920,1080,render_frames/render_00000503.jpg
4042,17.880000,504,1920,1080,render_frames/render_00000504.jpg
4043,17.900000,505,1920,1080,render_frames/render_00000505.jpg
4044,17.920000,507,1920,1080,render_frames/render_00000507.jpg
4045,17.940000,508,1920,1080,render_frames/render_00000508.jpg
4046,17.960000,509,1920,1080,render_frames/render_00000509.jpg
4047,17.980000,510,1920,1080,render_frames/render_00000510.jpg
4048,18.000000,511,1920,1080,render_frames/render_00000511.jpg
4049,18.020000,513,1920,1080,render_frames/render_00000513.jpg
4050,18.040000,514,1920,1080,render_frames/render_00000514.jpg
4051,18.060000,515,1920,1080,render_frames/render_00000515.jpg
4052,18.080000,516,1920,1080,render_frames/render_00000516.jpg
4053,18.100000,517,1920,1080,render_frames/render_00000517.jpg
4054,18.120000,519,1920,1080,render_frames/render_00000519.jpg
4055,18.140000,520,1920,1080,render_frames/render_00000520.jpg
4056,18.160000,521,1920,1080,render_frames/render_00000521.jpg
4057,18.180000,522,1920,1080,render_frames/render_00000522.jpg
4058,18.200000,524,1920,1080,render_frames/render_00000524.jpg
4059,18.220000,525,1920,1080,render_frames/render_00000525.jpg
4060,18.240000,526,1920,1080,render_frames/render_00000526.jpg
4061,18.260000,527,1920,1080,render_frames/render_00000527.jpg
4062,18.280000,528,1920,1080,render_frames/render_00000528.jpg
4063,18.300000,530,1920,1080,render_frames/render_00000530.jpg
4064,18.320000,531,1920,1080,render_frames/render_00000531.jpg
4065,18.340000,532,1920,1080,render_frames/render_00000532.jpg
4066,18.360000,533,1920,1080,render_frames/render_00000533.jpg
4067,18.380000,534,1920,1080,render_frames/render_00000534.jpg
4068,18.400000,536,1920,1080,render_frames/render_00000536.jpg
4069,18.420000,537,1920,1080,render_frames/render_00000537.jpg
4070,18.440000,538,1920,1080,render_frames/render_00000538.jpg
4071,18.460000,539,1920,1080,render_frames/render_00000539.jpg
4072,18.480000,540,1920,1080,render_frames/render_00000540.jpg
4073,18.500000,542,1920,1080,render_frames/render_00000542.jpg
4074,18.520000,543,1920,1080,render_frames/render_00000543.jpg
4075,18.540000,544,1920,1080,render_frames/render_00000544.jpg
4076,18.560000,545,1920,1080,render_frames/render_00000545.jpg
4077,18.580000,546,1920,1080,render_frames/render_00000546.jpg
4078,18.600000,547,1920,1080,render_frames/render_00000547.jpg
4079,18.620000,548,1920,1080,render_frames/render_00000548.jpg
4080,18.640000,550,1920,1080,render_frames/render_00000550.jpg
4081,18.660000,551,1920,1080,render_frames/render_00000551.jpg
4082,18.680000,552,1920,1080,render_frames/render_00000552.jpg
4083,18.700000,554,1920,1080,render_frames/render_00000554.jpg
4084,18.720000,555,1920,1080,render_frames/render_00000555.jpg
4085,18.740000,556,1920,1080,render_frames/render_00000556.jpg
4086,18.760000,557,1920,1080,render_frames/render_00000557.jpg
4087,18.780000,558,1920,1080,render_frames/render_00000558.jpg
4088,18.800000,560,1920,1080,render_frames/render_00000560.jpg
4089,18.820000,561,1920,1080,render_frames/render_00000561.jpg
4090,18.840000,562,1920,1080,render_frames/render_00000562.jpg
4091,18.860000,563,1920,1080,render_frames/render_00000563.jpg
4092,18.880000,564,1920,1080,render_frames/render_00000564.jpg
4093,18.900000,566,1920,1080,render_frames/render_00000566.jpg
4094,18.920000,567,1920,1080,render_frames/render_00000567.jpg
4095,18.940000,568,1920,1080,render_frames/render_00000568.jpg
4096,18.960000,569,1920,1080,render_frames/render_00000569.jpg
4097,18.980000,571,1920,1080,render_frames/render_00000571.jpg
4098,19.000000,572,1920,1080,render_frames/render_00000572.jpg
4099,19.020000,573,1920,1080,render_frames/render_00000573.jpg
4100,19.040000,574,1920,1080,render_frames/render_00000574.jpg
4101,19.060000,575,1920,1080,render_frames/render_00000575.jpg
4102,19.080000,577,1920,1080,render_frames/render_00000577.jpg
4103,19.100000,577,1920,1080,render_frames/render_00000577.jpg
4104,19.120000,579,1920,1080,render_frames/render_00000579.jpg
4105,19.140000,580,1920,1080,render_frames/render_00000580.jpg
4106,19.160000,581,1920,1080,render_frames/render_00000581.jpg
4107,19.180000,582,1920,1080,render_frames/render_00000582.jpg
4108,19.200000,584,1920,1080,render_frames/render_00000584.jpg
4109,19.220000,585,1920,1080,render_frames/render_00000585.jpg
4110,19.240000,586,1920,1080,render_frames/render_00000586.jpg
4111,19.260000,587,1920,1080,render_frames/render_00000587.jpg
4112,19.280000,589,1920,1080,render_frames/render_00000589.jpg
4113,19.300000,590,1920,1080,render_frames/render_00000590.jpg
4114,19.320000,591,1920,1080,render_frames/render_00000591.jpg
4115,19.340000,592,1920,1080,render_frames/render_00000592.jpg
4116,19.360000,593,1920,1080,render_frames/render_00000593.jpg
4117,19.380000,595,1920,1080,render_frames/render_00000595.jpg
4118,19.400000,596,1920,1080,render_frames/render_00000596.jpg
4119,19.420000,597,1920,1080,render_frames/render_00000597.jpg
4120,19.440000,598,1920,1080,render_frames/render_00000598.jpg
4121,19.460000,599,1920,1080,render_frames/render_00000599.jpg
4122,19.480000,601,1920,1080,render_frames/render_00000601.jpg
4123,19.500000,602,1920,1080,render_frames/render_00000602.jpg
4124,19.520000,603,1920,1080,render_frames/render_00000603.jpg
4125,19.540000,604,1920,1080,render_frames/render_00000604.jpg
4126,19.560000,605,1920,1080,render_frames/render_00000605.jpg
4127,19.580000,607,1920,1080,render_frames/render_00000607.jpg
4128,19.600000,608,1920,1080,render_frames/render_00000608.jpg
4129,19.620000,609,1920,1080,render_frames/render_00000609.jpg
4130,19.640000,610,1920,1080,render_frames/render_00000610.jpg
4131,19.660000,611,1920,1080,render_frames/render_00000611.jpg
4132,19.680000,613,1920,1080,render_frames/render_00000613.jpg
4133,19.700000,614,1920,1080,render_frames/render_00000614.jpg
4134,19.720000,615,1920,1080,render_frames/render_00000615.jpg
4135,19.740000,616,1920,1080,render_frames/render_00000616.jpg
4136,19.760000,617,1920,1080,render_frames/render_00000617.jpg
4137,19.780000,619,1920,1080,render_frames/render_00000619.jpg
4138,19.800000,620,1920,1080,render_frames/render_00000620.jpg
4139,19.820000,621,1920,1080,render_frames/render_00000621.jpg
4140,19.840000,622,1920,1080,render_frames/render_00000622.jpg
4141,19.860000,623,1920,1080,render_frames/render_00000623.jpg
4142,19.880000,625,1920,1080,render_frames/render_00000625.jpg
4143,19.900000,626,1920,1080,render_frames/render_00000626.jpg
4144,19.920000,627,1920,1080,render_frames/render_00000627.jpg
4145,19.940000,628,1920,1080,render_frames/render_00000628.jpg
4146,19.960000,629,1920,1080,render_frames/render_00000629.jpg
4147,19.980000,631,1920,1080,render_frames/render_00000631.jpg
4148,20.000000,632,1920,1080,render_frames/render_00000632.jpg
4149,20.020000,633,1920,1080,render_frames/render_00000633.jpg
4150,20.040000,634,1920,1080,render_frames/render_00000634.jpg
4151,20.060000,635,1920,1080,render_frames/render_00000635.jpg
4152,20.080000,637,1920,1080,render_frames/render_00000637.jpg
4153,20.100000,638,1920,1080,render_frames/render_00000638.jpg
4154,20.120000,639,1920,1080,render_frames/render_00000639.jpg
4155,20.140000,640,1920,1080,render_frames/render_00000640.jpg
4156,20.160000,641,1920,1080,render_frames/render_00000641.jpg
4157,20.180000,643,1920,1080,render_frames/render_00000643.jpg
4158,20.200000,644,1920,1080,render_frames/render_00000644.jpg
4159,20.220000,645,1920,1080,render_frames/render_00000645.jpg
4160,20.240000,646,1920,1080,render_frames/render_00000646.jpg
4161,20.260000,647,1920,1080,render_frames/render_00000647.jpg
4162,20.280000,649,1920,1080,render_frames/render_00000649.jpg
4163,20.300000,650,1920,1080,render_frames/render_00000650.jpg
4164,20.320000,651,1920,1080,render_frames/render_00000651.jpg
4165,20.340000,652,1920,1080,render_frames/render_00000652.jpg
4166,20.360000,654,1920,1080,render_frames/render_00000654.jpg
4167,20.380000,655,1920,1080,render_frames/render_00000655.jpg
4168,20.400000,656,1920,1080,render_frames/render_00000656.jpg
4169,20.420000,657,1920,1080,render_frames/render_00000657.jpg
4170,20.440000,658,1920,1080,render_frames/render_00000658.jpg
4171,20.460000,660,1920,1080,render_frames/render_00000660.jpg
4172,20.480000,661,1920,1080,render_frames/render_00000661.jpg
4173,20.500000,662,1920,1080,render_frames/render_00000662.jpg
4174,20.520000,663,1920,1080,render_frames/render_00000663.jpg
4175,20.540000,664,1920,1080,render_frames/render_00000664.jpg
4176,20.560000,666,1920,1080,render_frames/render_00000666.jpg
4177,20.580000,667,1920,1080,render_frames/render_00000667.jpg
4178,20.600000,668,1920,1080,render_frames/render_00000668.jpg
4179,20.620000,669,1920,1080,render_frames/render_00000669.jpg
4180,20.640000,670,1920,1080,render_frames/render_00000670.jpg
4181,20.660000,672,1920,1080,render_frames/render_00000672.jpg
4182,20.680000,673,1920,1080,render_frames/render_00000673.jpg
4183,20.700000,674,1920,1080,render_frames/render_00000674.jpg
4184,20.720000,675,1920,1080,render_frames/render_00000675.jpg
4185,20.740000,676,1920,1080,render_frames/render_00000676.jpg
4186,20.760000,678,1920,1080,render_frames/render_00000678.jpg
4187,20.780000,679,1920,1080,render_frames/render_00000679.jpg
4188,20.800000,680,1920,1080,render_frames/render_00000680.jpg
4189,20.820000,681,1920,1080,render_frames/render_00000681.jpg
4190,20.840000,682,1920,1080,render_frames/render_00000682.jpg
4191,20.860000,684,1920,1080,render_frames/render_00000684.jpg
4192,20.880000,685,1920,1080,render_frames/render_00000685.jpg
4193,20.900000,686,1920,1080,render_frames/render_00000686.jpg
4194,20.920000,687,1920,1080,render_frames/render_00000687.jpg
4195,20.940000,688,1920,1080,render_frames/render_00000688.jpg
4196,20.960000,690,1920,1080,render_frames/render_00000690.jpg
4197,20.980000,691,1920,1080,render_frames/render_00000691.jpg
4198,21.000000,692,1920,1080,render_frames/render_00000692.jpg
4199,21.020000,693,1920,1080,render_frames/render_00000693.jpg
4200,21.040000,694,1920,1080,render_frames/render_00000694.jpg
4201,21.060000,696,1920,1080,render_frames/render_00000696.jpg
4202,21.080000,697,1920,1080,render_frames/render_00000697.jpg
4203,21.100000,698,1920,1080,render_frames/render_00000698.jpg
4204,21.120000,699,1920,1080,render_frames/render_00000699.jpg
4205,21.140000,700,1920,1080,render_frames/render_00000700.jpg
4206,21.160000,702,1920,1080,render_frames/render_00000702.jpg
4207,21.180000,703,1920,1080,render_frames/render_00000703.jpg
4208,21.200000,704,1920,1080,render_frames/render_00000704.jpg
4209,21.220000,705,1920,1080,render_frames/render_00000705.jpg
4210,21.240000,707,1920,1080,render_frames/render_00000707.jpg
4211,21.260000,708,1920,1080,render_frames/render_00000708.jpg
4212,21.280000,709,1920,1080,render_frames/render_00000709.jpg
4213,21.300000,710,1920,1080,render_frames/render_00000710.jpg
4214,21.320000,711,1920,1080,render_frames/render_00000711.jpg
4215,21.340000,713,1920,1080,render_frames/render_00000713.jpg
4216,21.360000,714,1920,1080,render_frames/render_00000714.jpg
4217,21.380000,715,1920,1080,render_frames/render_00000715.jpg
4218,21.400000,716,1920,1080,render_frames/render_00000716.jpg
4219,21.420000,717,1920,1080,render_frames/render_00000717.jpg
4220,21.440000,719,1920,1080,render_frames/render_00000719.jpg
4221,21.460000,720,1920,1080,render_frames/render_00000720.jpg
4222,21.480000,721,1920,1080,render_frames/render_00000721.jpg
4223,21.500000,722,1920,1080,render_frames/render_00000722.jpg
4224,21.520000,723,1920,1080,render_frames/render_00000723.jpg
4225,21.540000,725,1920,1080,render_frames/render_00000725.jpg
4226,21.560000,726,1920,1080,render_frames/render_00000726.jpg
4227,21.580000,727,1920,1080,render_frames/render_00000727.jpg
4228,21.600000,728,1920,1080,render_frames/render_00000728.jpg
4229,21.620000,729,1920,1080,render_frames/render_00000729.jpg
4230,21.640000,731,1920,1080,render_frames/render_00000731.jpg
4231,21.660000,732,1920,1080,render_frames/render_00000732.jpg
4232,21.680000,733,1920,1080,render_frames/render_00000733.jpg
4233,21.700000,734,1920,1080,render_frames/render_00000734.jpg
4234,21.720000,735,1920,1080,render_frames/render_00000735.jpg
4235,21.740000,737,1920,1080,render_frames/render_00000737.jpg
4236,21.760000,738,1920,1080,render_frames/render_00000738.jpg
4237,21.780000,739,1920,1080,render_frames/render_00000739.jpg
4238,21.800000,740,1920,1080,render_frames/render_00000740.jpg
4239,21.820000,741,1920,1080,render_frames/render_00000741.jpg
4240,21.840000,743,1920,1080,render_frames/render_00000743.jpg
4241,21.860000,744,1920,1080,render_frames/render_00000744.jpg
4242,21.880000,745,1920,1080,render_frames/render_00000745.jpg
4243,21.900000,746,1920,1080,render_frames/render_00000746.jpg
4244,21.920000,747,1920,1080,render_frames/render_00000747.jpg
4245,21.940000,749,1920,1080,render_frames/render_00000749.jpg
4246,21.960000,750,1920,1080,render_frames/render_00000750.jpg
4247,21.980000,751,1920,1080,render_frames/render_00000751.jpg
4248,22.000000,752,1920,1080,render_frames/render_00000752.jpg
4249,22.020000,753,1920,1080,render_frames/render_00000753.jpg
4250,22.040000,755,1920,1080,render_frames/render_00000755.jpg
4251,22.060000,756,1920,1080,render_frames/render_00000756.jpg
4252,22.080000,757,1920,1080,render_frames/render_00000757.jpg
4253,22.100000,758,1920,1080,render_frames/render_00000758.jpg
4254,22.120000,759,1920,1080,render_frames/render_00000759.jpg
4255,22.140000,761,1920,1080,render_frames/render_00000761.jpg
4256,22.160000,762,1920,1080,render_frames/render_00000762.jpg
4257,22.180000,763,1920,1080,render_frames/render_00000763.jpg
4258,22.200000,764,1920,1080,render_frames/render_00000764.jpg
4259,22.220000,765,1920,1080,render_frames/render_00000765.jpg
4260,22.240000,767,1920,1080,render_frames/render_00000767.jpg
4261,22.260000,768,1920,1080,render_frames/render_00000768.jpg
4262,22.280000,769,1920,1080,render_frames/render_00000769.jpg
4263,22.300000,770,1920,1080,render_frames/render_00000770.jpg
4264,22.320000,771,1920,1080,render_frames/render_00000771.jpg
4265,22.340000,773,1920,1080,render_frames/render_00000773.jpg
4266,22.360000,774,1920,1080,render_frames/render_00000774.jpg
4267,22.380000,775,1920,1080,render_frames/render_00000775.jpg
4268,22.400000,776,1920,1080,render_frames/render_00000776.jpg
4269,22.420000,778,1920,1080,render_frames/render_00000778.jpg
4270,22.440000,779,1920,1080,render_frames/render_00000779.jpg
4271,22.460000,780,1920,1080,render_frames/render_00000780.jpg
4272,22.480000,781,1920,1080,render_frames/render_00000781.jpg
4273,22.500000,782,1920,1080,render_frames/render_00000782.jpg
4274,22.520000,784,1920,1080,render_frames/render_00000784.jpg
4275,22.540000,785,1920,1080,render_frames/render_00000785.jpg
4276,22.560000,786,1920,1080,render_frames/render_00000786.jpg
4277,22.580000,787,1920,1080,render_frames/render_00000787.jpg
4278,22.600000,788,1920,1080,render_frames/render_00000788.jpg
4279,22.620000,790,1920,1080,render_frames/render_00000790.jpg
4280,22.640000,791,1920,1080,render_frames/render_00000791.jpg
4281,22.660000,792,1920,1080,render_frames/render_00000792.jpg
4282,22.680000,793,1920,1080,render_frames/render_00000793.jpg
4283,22.700000,794,1920,1080,render_frames/render_00000794.jpg
4284,22.720000,796,1920,1080,render_frames/render_00000796.jpg
4285,22.740000,797,1920,1080,render_frames/render_00000797.jpg
4286,22.760000,798,1920,1080,render_frames/render_00000798.jpg
4287,22.780000,799,1920,1080,render_frames/render_00000799.jpg
4288,22.800000,800,1920,1080,render_frames/render_00000800.jpg
4289,22.820000,802,1920,1080,render_frames/render_00000802.jpg
4290,22.840000,803,1920,1080,render_frames/render_00000803.jpg
4291,22.860000,804,1920,1080,render_frames/render_00000804.jpg
4292,22.880000,805,1920,1080,render_frames/render_00000805.jpg
4293,22.900000,806,1920,1080,render_frames/render_00000806.jpg
4294,22.920000,808,1920,1080,render_frames/render_00000808.jpg
4295,22.940000,809,1920,1080,render_frames/render_00000809.jpg
4296,22.960000,810,1920,1080,render_frames/render_00000810.jpg
4297,22.980000,811,1920,1080,render_frames/render_00000811.jpg
4298,23.000000,812,1920,1080,render_frames/render_00000812.jpg
4299,23.020000,814,1920,1080,render_frames/render_00000814.jpg
4300,23.040000,815,1920,1080,render_frames/render_00000815.jpg
4301,23.060000,816,1920,1080,render_frames/render_00000816.jpg
4302,23.080000,817,1920,1080,render_frames/render_00000817.jpg
4303,23.100000,818,1920,1080,render_frames/render_00000818.jpg
4304,23.120000,820,1920,1080,render_frames/render_00000820.jpg
4305,23.140000,821,1920,1080,render_frames/render_00000821.jpg
4306,23.160000,822,1920,1080,render_frames/render_00000822.jpg
4307,23.180000,823,1920,1080,render_frames/render_00000823.jpg
4308,23.200000,824,1920,1080,render_frames/render_00000824.jpg
4309,23.220000,826,1920,1080,render_frames/render_00000826.jpg
4310,23.240000,827,1920,1080,render_frames/render_00000827.jpg
4311,23.260000,828,1920,1080,render_frames/render_00000828.jpg
4312,23.280000,829,1920,1080,render_frames/render_00000829.jpg
4313,23.300000,831,1920,1080,render_frames/render_00000831.jpg
4314,23.320000,832,1920,1080,render_frames/render_00000832.jpg
4315,23.340000,833,1920,1080,render_frames/render_00000833.jpg
4316,23.360000,834,1920,1080,render_frames/render_00000834.jpg
4317,23.380000,835,1920,1080,render_frames/render_00000835.jpg
4318,23.400000,835,1920,1080,render_frames/render_00000835.jpg
4319,23.420000,837,1920,1080,render_frames/render_00000837.jpg
4320,23.440000,838,1920,1080,render_frames/render_00000838.jpg
4321,23.460000,839,1920,1080,render_frames/render_00000839.jpg
4322,23.480000,840,1920,1080,render_frames/render_00000840.jpg
4323,23.500000,841,1920,1080,render_frames/render_00000841.jpg
4324,23.520000,843,1920,1080,render_frames/render_00000843.jpg
4325,23.540000,844,1920,1080,render_frames/render_00000844.jpg
4326,23.560000,845,1920,1080,render_frames/render_00000845.jpg
4327,23.580000,846,1920,1080,render_frames/render_00000846.jpg
4328,23.600000,848,1920,1080,render_frames/render_00000848.jpg
4329,23.620000,849,1920,1080,render_frames/render_00000849.jpg
4330,23.640000,850,1920,1080,render_frames/render_00000850.jpg
4331,23.660000,851,1920,1080,render_frames/render_00000851.jpg
4332,23.680000,852,1920,1080,render_frames/render_00000852.jpg
4333,23.700000,854,1920,1080,render_frames/render_00000854.jpg
4334,23.720000,855,1920,1080,render_frames/render_00000855.jpg
4335,23.740000,856,1920,1080,render_frames/render_00000856.jpg
4336,23.760000,857,1920,1080,render_frames/render_00000857.jpg
4337,23.780000,858,1920,1080,render_frames/render_00000858.jpg
4338,23.800000,860,1920,1080,render_frames/render_00000860.jpg
4339,23.820000,861,1920,1080,render_frames/render_00000861.jpg
4340,23.840000,862,1920,1080,render_frames/render_00000862.jpg
4341,23.860000,863,1920,1080,render_frames/render_00000863.jpg
4342,23.880000,864,1920,1080,render_frames/render_00000864.jpg
4343,23.900000,866,1920,1080,render_frames/render_00000866.jpg
4344,23.920000,867,1920,1080,render_frames/render_00000867.jpg
4345,23.940000,868,1920,1080,render_frames/render_00000868.jpg
4346,23.960000,869,1920,1080,render_frames/render_00000869.jpg
4347,23.980000,870,1920,1080,render_frames/render_00000870.jpg
4348,24.000000,872,1920,1080,render_frames/render_00000872.jpg
4349,24.020000,873,1920,1080,render_frames/render_00000873.jpg
4350,24.040000,874,1920,1080,render_frames/render_00000874.jpg
4351,24.060000,875,1920,1080,render_frames/render_00000875.jpg
4352,24.080000,876,1920,1080,render_frames/render_00000876.jpg
4353,24.100000,878,1920,1080,render_frames/render_00000878.jpg
4354,24.120000,879,1920,1080,render_frames/render_00000879.jpg
4355,24.140000,880,1920,1080,render_frames/render_00000880.jpg
4356,24.160000,881,1920,1080,render_frames/render_00000881.jpg
4357,24.180000,882,1920,1080,render_frames/render_00000882.jpg
4358,24.200000,884,1920,1080,render_frames/render_00000884.jpg
4359,24.220000,885,1920,1080,render_frames/render_00000885.jpg
4360,24.240000,886,1920,1080,render_frames/render_00000886.jpg
4361,24.260000,887,1920,1080,render_frames/render_00000887.jpg
4362,24.280000,888,1920,1080,render_frames/render_00000888.jpg
4363,24.300000,890,1920,1080,render_frames/render_00000890.jpg
4364,24.320000,891,1920,1080,render_frames/render_00000891.jpg
4365,24.340000,892,1920,1080,render_frames/render_00000892.jpg
4366,24.360000,893,1920,1080,render_frames/render_00000893.jpg
4367,24.380000,894,1920,1080,render_frames/render_00000894.jpg
4368,24.400000,896,1920,1080,render_frames/render_00000896.jpg
4369,24.420000,897,1920,1080,render_frames/render_00000897.jpg
4370,24.440000,898,1920,1080,render_frames/render_00000898.jpg
4371,24.460000,899,1920,1080,render_frames/render_00000899.jpg
4372,24.480000,900,1920,1080,render_frames/render_00000900.jpg
4373,24.500000,902,1920,1080,render_frames/render_00000902.jpg
4374,24.520000,903,1920,1080,render_frames/render_00000903.jpg
4375,24.540000,904,1920,1080,render_frames/render_00000904.jpg
4376,24.560000,905,1920,1080,render_frames/render_00000905.jpg
4377,24.580000,907,1920,1080,render_frames/render_00000907.jpg
4378,24.600000,908,1920,1080,render_frames/render_00000908.jpg
4379,24.620000,909,1920,1080,render_frames/render_00000909.jpg
4380,24.640000,910,1920,1080,render_frames/render_00000910.jpg
4381,24.660000,911,1920,1080,render_frames/render_00000911.jpg
4382,24.680000,913,1920,1080,render_frames/render_00000913.jpg
4383,24.700000,914,1920,1080,render_frames/render_00000914.jpg
4384,24.720000,915,1920,1080,render_frames/render_00000915.jpg
4385,24.740000,916,1920,1080,render_frames/render_00000916.jpg
4386,24.760000,917,1920,1080,render_frames/render_00000917.jpg
4387,24.780000,919,1920,1080,render_frames/render_00000919.jpg
4388,24.800000,920,1920,1080,render_frames/render_00000920.jpg
4389,24.820000,921,1920,1080,render_frames/render_00000921.jpg
4390,24.840000,922,1920,1080,render_frames/render_00000922.jpg
4391,24.860000,923,1920,1080,render_frames/render_00000923.jpg
4392,24.880000,925,1920,1080,render_frames/render_00000925.jpg
4393,24.900000,926,1920,1080,render_frames/render_00000926.jpg
4394,24.920000,927,1920,1080,render_frames/render_00000927.jpg
4395,24.940000,928,1920,1080,render_frames/render_00000928.jpg
4396,24.960000,929,1920,1080,render_frames/render_00000929.jpg
4397,24.980000,931,1920,1080,render_frames/render_00000931.jpg
4398,25.000000,932,1920,1080,render_frames/render_00000932.jpg
4399,25.020000,933,1920,1080,render_frames/render_00000933.jpg
4400,25.040000,934,1920,1080,render_frames/render_00000934.jpg
4401,25.060000,935,1920,1080,render_frames/render_00000935.jpg
4402,25.080000,937,1920,1080,render_frames/render_00000937.jpg
4403,25.100000,938,1920,1080,render_frames/render_00000938.jpg
4404,25.120000,939,1920,1080,render_frames/render_00000939.jpg
4405,25.140000,940,1920,1080,render_frames/render_00000940.jpg
4406,25.160000,941,1920,1080,render_frames/render_00000941.jpg
4407,25.180000,943,1920,1080,render_frames/render_00000943.jpg
4408,25.200000,944,1920,1080,render_frames/render_00000944.jpg
4409,25.220000,945,1920,1080,render_frames/render_00000945.jpg
4410,25.240000,946,1920,1080,render_frames/render_00000946.jpg
4411,25.260000,947,1920,1080,render_frames/render_00000947.jpg
4412,25.280000,949,1920,1080,render_frames/render_00000949.jpg
4413,25.300000,950,1920,1080,render_frames/render_00000950.jpg
4414,25.320000,951,1920,1080,render_frames/render_00000951.jpg
4415,25.340000,952,1920,1080,render_frames/render_00000952.jpg
4416,25.360000,953,1920,1080,render_frames/render_00000953.jpg
4417,25.380000,955,1920,1080,render_frames/render_00000955.jpg
4418,25.400000,956,1920,1080,render_frames/render_00000956.jpg
4419,25.420000,957,1920,1080,render_frames/render_00000957.jpg
4420,25.440000,958,1920,1080,render_frames/render_00000958.jpg
4421,25.460000,959,1920,1080,render_frames/render_00000959.jpg
4422,25.480000,961,1920,1080,render_frames/render_00000961.jpg
4423,25.500000,962,1920,1080,render_frames/render_00000962.jpg
4424,25.520000,963,1920,1080,render_frames/render_00000963.jpg
4425,25.540000,964,1920,1080,render_frames/render_00000964.jpg
4426,25.560000,965,1920,1080,render_frames/render_00000965.jpg
4427,25.580000,967,1920,1080,render_frames/render_00000967.jpg
4428,25.600000,968,1920,1080,render_frames/render_00000968.jpg
4429,25.620000,969,1920,1080,render_frames/render_00000969.jpg
4430,25.640000,970,1920,1080,render_frames/render_00000970.jpg
4431,25.660000,972,1920,1080,render_frames/render_00000972.jpg
4432,25.680000,973,1920,1080,render_frames/render_00000973.jpg
4433,25.700000,974,1920,1080,render_frames/render_00000974.jpg
4434,25.720000,975,1920,1080,render_frames/render_00000975.jpg
4435,25.740000,976,1920,1080,render_frames/render_00000976.jpg
4436,25.760000,978,1920,1080,render_frames/render_00000978.jpg
4437,25.780000,979,1920,1080,render_frames/render_00000979.jpg
4438,25.800000,980,1920,1080,render_frames/render_00000980.jpg
4439,25.820000,981,1920,1080,render_frames/render_00000981.jpg
4440,25.840000,982,1920,1080,render_frames/render_00000982.jpg
4441,25.860000,984,1920,1080,render_frames/render_00000984.jpg
4442,25.880000,985,1920,1080,render_frames/render_00000985.jpg
4443,25.900000,986,1920,1080,render_frames/render_00000986.jpg
4444,25.920000,987,1920,1080,render_frames/render_00000987.jpg
4445,25.940000,988,1920,1080,render_frames/render_00000988.jpg
4446,25.960000,990,1920,1080,render_frames/render_00000990.jpg
4447,25.980000,991,1920,1080,render_frames/render_00000991.jpg
4448,26.000000,992,1920,1080,render_frames/render_00000992.jpg
4449,26.020000,993,1920,1080,render_frames/render_00000993.jpg
4450,26.040000,994,1920,1080,render_frames/render_00000994.jpg
4451,26.060000,996,1920,1080,render_frames/render_00000996.jpg
4452,26.080000,997,1920,1080,render_frames/render_00000997.jpg
4453,26.100000,998,1920,1080,render_frames/render_00000998.jpg
4454,26.120000,999,1920,1080,render_frames/render_00000999.jpg
4455,26.140000,1000,1920,1080,render_frames/render_00001000.jpg
4456,26.160000,1002,1920,1080,render_frames/render_00001002.jpg
4457,26.180000,1003,1920,1080,render_frames/render_00001003.jpg
4458,26.200000,1004,1920,1080,render_frames/render_00001004.jpg
4459,26.220000,1005,1920,1080,render_frames/render_00001005.jpg
4460,26.240000,1006,1920,1080,render_frames/render_00001006.jpg
4461,26.260000,1008,1920,1080,render_frames/render_00001008.jpg
4462,26.280000,1009,1920,1080,render_frames/render_00001009.jpg
4463,26.300000,1010,1920,1080,render_frames/render_00001010.jpg
4464,26.320000,1011,1920,1080,render_frames/render_00001011.jpg
4465,26.340000,1012,1920,1080,render_frames/render_00001012.jpg
4466,26.360000,1014,1920,1080,render_frames/render_00001014.jpg
4467,26.380000,1015,1920,1080,render_frames/render_00001015.jpg
4468,26.400000,1016,1920,1080,render_frames/render_00001016.jpg
4469,26.420000,1017,1920,1080,render_frames/render_00001017.jpg
4470,26.440000,1019,1920,1080,render_frames/render_00001019.jpg
4471,26.460000,1020,1920,1080,render_frames/render_00001020.jpg
4472,26.480000,1021,1920,1080,render_frames/render_00001021.jpg
4473,26.500000,1022,1920,1080,render_frames/render_00001022.jpg
4474,26.520000,1023,1920,1080,render_frames/render_00001023.jpg
4475,26.540000,1025,1920,1080,render_frames/render_00001025.jpg
4476,26.560000,1026,1920,1080,render_frames/render_00001026.jpg
4477,26.580000,1027,1920,1080,render_frames/render_00001027.jpg
4478,26.600000,1028,1920,1080,render_frames/render_00001028.jpg
4479,26.620000,1029,1920,1080,render_frames/render_00001029.jpg
4480,26.640000,1031,1920,1080,render_frames/render_00001031.jpg
4481,26.660000,1032,1920,1080,render_frames/render_00001032.jpg
4482,26.680000,1033,1920,1080,render_frames/render_00001033.jpg
4483,26.700000,1034,1920,1080,render_frames/render_00001034.jpg
4484,26.720000,1036,1920,1080,render_frames/render_00001036.jpg
4485,26.740000,1037,1920,1080,render_frames/render_00001037.jpg
4486,26.760000,1038,1920,1080,render_frames/render_00001038.jpg
4487,26.780000,1039,1920,1080,render_frames/render_00001039.jpg
4488,26.800000,1040,1920,1080,render_frames/render_00001040.jpg
4489,26.820000,1042,1920,1080,render_frames/render_00001042.jpg
4490,26.840000,1043,1920,1080,render_frames/render_00001043.jpg
4491,26.860000,1044,1920,1080,render_frames/render_00001044.jpg
4492,26.880000,1045,1920,1080,render_frames/render_00001045.jpg
4493,26.900000,1046,1920,1080,render_frames/render_00001046.jpg
4494,26.920000,1048,1920,1080,render_frames/render_00001048.jpg
4495,26.940000,1049,1920,1080,render_frames/render_00001049.jpg
4496,26.960000,1050,1920,1080,render_frames/render_00001050.jpg
4497,26.980000,1051,1920,1080,render_frames/render_00001051.jpg
4498,27.000000,1052,1920,1080,render_frames/render_00001052.jpg
4499,27.020000,1054,1920,1080,render_frames/render_00001054.jpg
4500,27.040000,1055,1920,1080,render_frames/render_00001055.jpg
4501,27.060000,1056,1920,1080,render_frames/render_00001056.jpg
4502,27.080000,1057,1920,1080,render_frames/render_00001057.jpg
4503,27.100000,1058,1920,1080,render_frames/render_00001058.jpg
4504,27.120000,1060,1920,1080,render_frames/render_00001060.jpg
4505,27.140000,1061,1920,1080,render_frames/render_00001061.jpg
4506,27.160000,1062,1920,1080,render_frames/render_00001062.jpg
4507,27.180000,1063,1920,1080,render_frames/render_00001063.jpg
4508,27.200000,1064,1920,1080,render_frames/render_00001064.jpg
4509,27.220000,1066,1920,1080,render_frames/render_00001066.jpg
4510,27.240000,1067,1920,1080,render_frames/render_00001067.jpg
4511,27.260000,1068,1920,1080,render_frames/render_00001068.jpg
4512,27.280000,1069,1920,1080,render_frames/render_00001069.jpg
4513,27.300000,1070,1920,1080,render_frames/render_00001070.jpg
4514,27.320000,1072,1920,1080,render_frames/render_00001072.jpg
4515,27.340000,1073,1920,1080,render_frames/render_00001073.jpg
4516,27.360000,1074,1920,1080,render_frames/render_00001074.jpg
4517,27.380000,1075,1920,1080,render_frames/render_00001075.jpg
4518,27.400000,1076,1920,1080,render_frames/render_00001076.jpg
4519,27.420000,1078,1920,1080,render_frames/render_00001078.jpg
4520,27.440000,1079,1920,1080,render_frames/render_00001079.jpg
4521,27.460000,1080,1920,1080,render_frames/render_00001080.jpg
4522,27.480000,1081,1920,1080,render_frames/render_00001081.jpg
4523,27.500000,1082,1920,1080,render_frames/render_00001082.jpg
4524,27.520000,1084,1920,1080,render_frames/render_00001084.jpg
4525,27.540000,1085,1920,1080,render_frames/render_00001085.jpg
4526,27.560000,1086,1920,1080,render_frames/render_00001086.jpg
4527,27.580000,1087,1920,1080,render_frames/render_00001087.jpg
4528,27.600000,1089,1920,1080,render_frames/render_00001089.jpg
4529,27.620000,1090,1920,1080,render_frames/render_00001090.jpg
4530,27.640000,1091,1920,1080,render_frames/render_00001091.jpg
4531,27.660000,1092,1920,1080,render_frames/render_00001092.jpg
4532,27.680000,1093,1920,1080,render_frames/render_00001093.jpg
4533,27.700000,1095,1920,1080,render_frames/render_00001095.jpg
4534,27.720000,1096,1920,1080,render_frames/render_00001096.jpg
4535,27.740000,1097,1920,1080,render_frames/render_00001097.jpg
4536,27.760000,1098,1920,1080,render_frames/render_00001098.jpg
4537,27.780000,1099,1920,1080,render_frames/render_00001099.jpg
4538,27.800000,1101,1920,1080,render_frames/render_00001101.jpg
4539,27.820000,1102,1920,1080,render_frames/render_00001102.jpg
4540,27.840000,1103,1920,1080,render_frames/render_00001103.jpg
4541,27.860000,1104,1920,1080,render_frames/render_00001104.jpg
4542,27.880000,1105,1920,1080,render_frames/render_00001105.jpg
4543,27.900000,1106,1920,1080,render_frames/render_00001106.jpg
4544,27.920000,1108,1920,1080,render_frames/render_00001108.jpg
4545,27.940000,1109,1920,1080,render_frames/render_00001109.jpg
4546,27.960000,1110,1920,1080,render_frames/render_00001110.jpg
4547,27.980000,1111,1920,1080,render_frames/render_00001111.jpg
4548,28.000000,1113,1920,1080,render_frames/render_00001113.jpg
4549,28.020000,1114,1920,1080,render_frames/render_00001114.jpg
4550,28.040000,1115,1920,1080,render_frames/render_00001115.jpg
4551,28.060000,1116,1920,1080,render_frames/render_00001116.jpg
4552,28.080000,1117,1920,1080,render_frames/render_00001117.jpg
4553,28.100000,1119,1920,1080,render_frames/render_00001119.jpg
4554,28.120000,1120,1920,1080,render_frames/render_00001120.jpg
4555,28.140000,1121,1920,1080,render_frames/render_00001121.jpg
4556,28.160000,1122,1920,1080,render_frames/render_00001122.jpg
4557,28.180000,1124,1920,1080,render_frames/render_00001124.jpg
4558,28.200000,1125,1920,1080,render_frames/render_00001125.jpg
4559,28.220000,1126,1920,1080,render_frames/render_00001126.jpg
4560,28.240000,1127,1920,1080,render_frames/render_00001127.jpg
4561,28.260000,1128,1920,1080,render_frames/render_00001128.jpg
4562,28.280000,1130,1920,1080,render_frames/render_00001130.jpg
4563,28.300000,1131,1920,1080,render_frames/render_00001131.jpg
4564,28.320000,1132,1920,1080,render_frames/render_00001132.jpg
4565,28.340000,1133,1920,1080,render_frames/render_00001133.jpg
4566,28.360000,1134,1920,1080,render_frames/render_00001134.jpg
4567,28.380000,1136,1920,1080,render_frames/render_00001136.jpg
4568,28.400000,1137,1920,1080,render_frames/render_00001137.jpg
4569,28.420000,1138,1920,1080,render_frames/render_00001138.jpg
4570,28.440000,1139,1920,1080,render_frames/render_00001139.jpg
4571,28.460000,1140,1920,1080,render_frames/render_00001140.jpg
4572,28.480000,1142,1920,1080,render_frames/render_00001142.jpg
4573,28.500000,1143,1920,1080,render_frames/render_00001143.jpg
4574,28.520000,1144,1920,1080,render_frames/render_00001144.jpg
4575,28.540000,1145,1920,1080,render_frames/render_00001145.jpg
4576,28.560000,1146,1920,1080,render_frames/render_00001146.jpg
4577,28.580000,1148,1920,1080,render_frames/render_00001148.jpg
4578,28.600000,1149,1920,1080,render_frames/render_00001149.jpg
4579,28.620000,1150,1920,1080,render_frames/render_00001150.jpg
4580,28.640000,1151,1920,1080,render_frames/render_00001151.jpg
4581,28.660000,1152,1920,1080,render_frames/render_00001152.jpg
4582,28.680000,1154,1920,1080,render_frames/render_00001154.jpg
4583,28.700000,1155,1920,1080,render_frames/render_00001155.jpg
4584,28.720000,1156,1920,1080,render_frames/render_00001156.jpg
4585,28.740000,1157,1920,1080,render_frames/render_00001157.jpg
4586,28.760000,1158,1920,1080,render_frames/render_00001158.jpg
4587,28.780000,1160,1920,1080,render_frames/render_00001160.jpg
4588,28.800000,1161,1920,1080,render_frames/render_00001161.jpg
4589,28.820000,1162,1920,1080,render_frames/render_00001162.jpg
4590,28.840000,1163,1920,1080,render_frames/render_00001163.jpg
4591,28.860000,1164,1920,1080,render_frames/render_00001164.jpg
4592,28.880000,1166,1920,1080,render_frames/render_00001166.jpg
4593,28.900000,1167,1920,1080,render_frames/render_00001167.jpg
4594,28.920000,1168,1920,1080,render_frames/render_00001168.jpg
4595,28.940000,1169,1920,1080,render_frames/render_00001169.jpg
4596,28.960000,1170,1920,1080,render_frames/render_00001170.jpg
4597,28.980000,1172,1920,1080,render_frames/render_00001172.jpg
4598,29.000000,1173,1920,1080,render_frames/render_00001173.jpg
4599,29.020000,1174,1920,1080,render_frames/render_00001174.jpg
4600,29.040000,1175,1920,1080,render_frames/render_00001175.jpg
4601,29.060000,1177,1920,1080,render_frames/render_00001177.jpg
4602,29.080000,1178,1920,1080,render_frames/render_00001178.jpg
4603,29.100000,1179,1920,1080,render_frames/render_00001179.jpg
4604,29.120000,1180,1920,1080,render_frames/render_00001180.jpg
4605,29.140000,1181,1920,1080,render_frames/render_00001181.jpg
4606,29.160000,1183,1920,1080,render_frames/render_00001183.jpg
4607,29.180000,1184,1920,1080,render_frames/render_00001184.jpg
4608,29.200000,1184,1920,1080,render_frames/render_00001184.jpg
4609,29.220000,1186,1920,1080,render_frames/render_00001186.jpg
4610,29.240000,1187,1920,1080,render_frames/render_00001187.jpg
4611,29.260000,1189,1920,1080,render_frames/render_00001189.jpg
4612,29.280000,1190,1920,1080,render_frames/render_00001190.jpg
4613,29.300000,1191,1920,1080,render_frames/render_00001191.jpg
4614,29.320000,1192,1920,1080,render_frames/render_00001192.jpg
4615,29.340000,1193,1920,1080,render_frames/render_00001193.jpg
4616,29.360000,1195,1920,1080,render_frames/render_00001195.jpg
4617,29.380000,1196,1920,1080,render_frames/render_00001196.jpg
4618,29.400000,1197,1920,1080,render_frames/render_00001197.jpg
4619,29.420000,1198,1920,1080,render_frames/render_00001198.jpg
4620,29.440000,1199,1920,1080,render_frames/render_00001199.jpg
4621,29.460000,1201,1920,1080,render_frames/render_00001201.jpg
4622,29.480000,1202,1920,1080,render_frames/render_00001202.jpg
4623,29.500000,1203,1920,1080,render_frames/render_00001203.jpg
4624,29.520000,1204,1920,1080,render_frames/render_00001204.jpg
4625,29.540000,1205,1920,1080,render_frames/render_00001205.jpg
4626,29.560000,1207,1920,1080,render_frames/render_00001207.jpg
4627,29.580000,1208,1920,1080,render_frames/render_00001208.jpg
4628,29.600000,1209,1920,1080,render_frames/render_00001209.jpg
4629,29.620000,1210,1920,1080,render_frames/render_00001210.jpg
4630,29.640000,1211,1920,1080,render_frames/render_00001211.jpg
4631,29.660000,1213,1920,1080,render_frames/render_00001213.jpg
4632,29.680000,1214,1920,1080,render_frames/render_00001214.jpg
4633,29.700000,1215,1920,1080,render_frames/render_00001215.jpg
4634,29.720000,1216,1920,1080,render_frames/render_00001216.jpg
4635,29.740000,1217,1920,1080,render_frames/render_00001217.jpg
4636,29.760000,1219,1920,1080,render_frames/render_00001219.jpg
4637,29.780000,1220,1920,1080,render_frames/render_00001220.jpg
4638,29.800000,1221,1920,1080,render_frames/render_00001221.jpg
4639,29.820000,1222,1920,1080,render_frames/render_00001222.jpg
4640,29.840000,1223,1920,1080,render_frames/render_00001223.jpg
4641,29.860000,1225,1920,1080,render_frames/render_00001225.jpg
4642,29.880000,1226,1920,1080,render_frames/render_00001226.jpg
4643,29.900000,1227,1920,1080,render_frames/render_00001227.jpg
4644,29.920000,1228,1920,1080,render_frames/render_00001228.jpg
4645,29.940000,1229,1920,1080,render_frames/render_00001229.jpg
4646,29.960000,1231,1920,1080,render_frames/render_00001231.jpg
4647,29.980000,1232,1920,1080,render_frames/render_00001232.jpg
4648,30.000000,1233,1920,1080,render_frames/render_00001233.jpg
4649,30.020000,1234,1920,1080,render_frames/render_00001234.jpg
4650,30.040000,1235,1920,1080,render_frames/render_00001235.jpg
4651,30.060000,1237,1920,1080,render_frames/render_00001237.jpg
4652,30.080000,1238,1920,1080,render_frames/render_00001238.jpg
4653,30.100000,1239,1920,1080,render_frames/render_00001239.jpg
4654,30.120000,1240,1920,1080,render_frames/render_00001240.jpg
4655,30.140000,1241,1920,1080,render_frames/render_00001241.jpg
4656,30.160000,1243,1920,1080,render_frames/render_00001243.jpg
4657,30.180000,1244,1920,1080,render_frames/render_00001244.jpg
4658,30.200000,1245,1920,1080,render_frames/render_00001245.jpg
4659,30.220000,1246,1920,1080,render_frames/render_00001246.jpg
4660,30.240000,1247,1920,1080,render_frames/render_00001247.jpg
4661,30.260000,1249,1920,1080,render_frames/render_00001249.jpg
4662,30.280000,1250,1920,1080,render_frames/render_00001250.jpg
4663,30.300000,1251,1920,1080,render_frames/render_00001251.jpg
4664,30.320000,1252,1920,1080,render_frames/render_00001252.jpg
4665,30.340000,1253,1920,1080,render_frames/render_00001253.jpg
4666,30.360000,1255,1920,1080,render_frames/render_00001255.jpg
4667,30.380000,1256,1920,1080,render_frames/render_00001256.jpg
4668,30.400000,1257,1920,1080,render_frames/render_00001257.jpg
4669,30.420000,1258,1920,1080,render_frames/render_00001258.jpg
4670,30.440000,1260,1920,1080,render_frames/render_00001260.jpg
4671,30.460000,1261,1920,1080,render_frames/render_00001261.jpg
4672,30.480000,1262,1920,1080,render_frames/render_00001262.jpg
4673,30.500000,1263,1920,1080,render_frames/render_00001263.jpg
4674,30.520000,1264,1920,1080,render_frames/render_00001264.jpg
4675,30.540000,1265,1920,1080,render_frames/render_00001265.jpg
4676,30.560000,1267,1920,1080,render_frames/render_00001267.jpg
4677,30.580000,1268,1920,1080,render_frames/render_00001268.jpg
4678,30.600000,1269,1920,1080,render_frames/render_00001269.jpg
4679,30.620000,1270,1920,1080,render_frames/render_00001270.jpg
4680,30.640000,1272,1920,1080,render_frames/render_00001272.jpg
4681,30.660000,1273,1920,1080,render_frames/render_00001273.jpg
4682,30.680000,1274,1920,1080,render_frames/render_00001274.jpg
4683,30.700000,1275,1920,1080,render_frames/render_00001275.jpg
4684,30.720000,1276,1920,1080,render_frames/render_00001276.jpg
4685,30.740000,1278,1920,1080,render_frames/render_00001278.jpg
4686,30.760000,1279,1920,1080,render_frames/render_00001279.jpg
4687,30.780000,1280,1920,1080,render_frames/render_00001280.jpg
4688,30.800000,1281,1920,1080,render_frames/render_00001281.jpg
4689,30.820000,1282,1920,1080,render_frames/render_00001282.jpg
4690,30.840000,1284,1920,1080,render_frames/render_00001284.jpg
4691,30.860000,1285,1920,1080,render_frames/render_00001285.jpg
4692,30.880000,1286,1920,1080,render_frames/render_00001286.jpg
4693,30.900000,1287,1920,1080,render_frames/render_00001287.jpg
4694,30.920000,1288,1920,1080,render_frames/render_00001288.jpg
4695,30.940000,1290,1920,1080,render_frames/render_00001290.jpg
4696,30.960000,1291,1920,1080,render_frames/render_00001291.jpg
4697,30.980000,1292,1920,1080,render_frames/render_00001292.jpg
4698,31.000000,1293,1920,1080,render_frames/render_00001293.jpg
4699,31.020000,1294,1920,1080,render_frames/render_00001294.jpg
4700,31.040000,1296,1920,1080,render_frames/render_00001296.jpg
4701,31.060000,1297,1920,1080,render_frames/render_00001297.jpg
4702,31.080000,1298,1920,1080,render_frames/render_00001298.jpg
4703,31.100000,1299,1920,1080,render_frames/render_00001299.jpg
4704,31.120000,1300,1920,1080,render_frames/render_00001300.jpg
4705,31.140000,1302,1920,1080,render_frames/render_00001302.jpg
4706,31.160000,1303,1920,1080,render_frames/render_00001303.jpg
4707,31.180000,1304,1920,1080,render_frames/render_00001304.jpg
4708,31.200000,1305,1920,1080,render_frames/render_00001305.jpg
4709,31.220000,1306,1920,1080,render_frames/render_00001306.jpg
4710,31.240000,1308,1920,1080,render_frames/render_00001308.jpg
4711,31.260000,1309,1920,1080,render_frames/render_00001309.jpg
4712,31.280000,1310,1920,1080,render_frames/render_00001310.jpg
4713,31.300000,1311,1920,1080,render_frames/render_00001311.jpg
4714,31.320000,1313,1920,1080,render_frames/render_00001313.jpg
4715,31.340000,1314,1920,1080,render_frames/render_00001314.jpg
4716,31.360000,1315,1920,1080,render_frames/render_00001315.jpg
4717,31.380000,1316,1920,1080,render_frames/render_00001316.jpg
4718,31.400000,1317,1920,1080,render_frames/render_00001317.jpg
4719,31.420000,1319,1920,1080,render_frames/render_00001319.jpg
4720,31.440000,1320,1920,1080,render_frames/render_00001320.jpg
4721,31.460000,1321,1920,1080,render_frames/render_00001321.jpg
4722,31.480000,1322,1920,1080,render_frames/render_00001322.jpg
4723,31.500000,1323,1920,1080,render_frames/render_00001323.jpg
4724,31.520000,1325,1920,1080,render_frames/render_00001325.jpg
4725,31.540000,1326,1920,1080,render_frames/render_00001326.jpg
4726,31.560000,1327,1920,1080,render_frames/render_00001327.jpg
4727,31.580000,1328,1920,1080,render_frames/render_00001328.jpg
4728,31.600000,1329,1920,1080,render_frames/render_00001329.jpg
4729,31.620000,1331,1920,1080,render_frames/render_00001331.jpg
4730,31.640000,1332,1920,1080,render_frames/render_00001332.jpg
4731,31.660000,1333,1920,1080,render_frames/render_00001333.jpg
4732,31.680000,1334,1920,1080,render_frames/render_00001334.jpg
4733,31.700000,1335,1920,1080,render_frames/render_00001335.jpg
4734,31.720000,1337,1920,1080,render_frames/render_00001337.jpg
4735,31.740000,1338,1920,1080,render_frames/render_00001338.jpg
4736,31.760000,1339,1920,1080,render_frames/render_00001339.jpg
4737,31.780000,1340,1920,1080,render_frames/render_00001340.jpg
4738,31.800000,1341,1920,1080,render_frames/render_00001341.jpg
4739,31.820000,1343,1920,1080,render_frames/render_00001343.jpg
4740,31.840000,1343,1920,1080,render_frames/render_00001343.jpg
4741,31.860000,1344,1920,1080,render_frames/render_00001344.jpg
4742,31.880000,1345,1920,1080,render_frames/render_00001345.jpg
4743,31.900000,1346,1920,1080,render_frames/render_00001346.jpg
4744,31.920000,1348,1920,1080,render_frames/render_00001348.jpg
4745,31.940000,1349,1920,1080,render_frames/render_00001349.jpg
4746,31.960000,1350,1920,1080,render_frames/render_00001350.jpg
4747,31.980000,1351,1920,1080,render_frames/render_00001351.jpg
4748,32.000000,1352,1920,1080,render_frames/render_00001352.jpg
4749,32.020000,1354,1920,1080,render_frames/render_00001354.jpg
4750,32.040000,1355,1920,1080,render_frames/render_00001355.jpg
4751,32.060000,1356,1920,1080,render_frames/render_00001356.jpg
4752,32.080000,1357,1920,1080,render_frames/render_00001357.jpg
4753,32.100000,1358,1920,1080,render_frames/render_00001358.jpg
4754,32.120000,1360,1920,1080,render_frames/render_00001360.jpg
4755,32.140000,1361,1920,1080,render_frames/render_00001361.jpg
4756,32.160000,1362,1920,1080,render_frames/render_00001362.jpg
4757,32.180000,1363,1920,1080,render_frames/render_00001363.jpg
4758,32.200000,1364,1920,1080,render_frames/render_00001364.jpg
4759,32.220000,1366,1920,1080,render_frames/render_00001366.jpg
4760,32.240000,1367,1920,1080,render_frames/render_00001367.jpg
4761,32.260000,1368,1920,1080,render_frames/render_00001368.jpg
4762,32.280000,1369,1920,1080,render_frames/render_00001369.jpg
4763,32.300000,1370,1920,1080,render_frames/render_00001370.jpg
4764,32.320000,1372,1920,1080,render_frames/render_00001372.jpg
4765,32.340000,1373,1920,1080,render_frames/render_00001373.jpg
4766,32.360000,1374,1920,1080,render_frames/render_00001374.jpg
4767,32.380000,1375,1920,1080,render_frames/render_00001375.jpg
4768,32.400000,1377,1920,1080,render_frames/render_00001377.jpg
4769,32.420000,1378,1920,1080,render_frames/render_00001378.jpg
4770,32.440000,1379,1920,1080,render_frames/render_00001379.jpg
4771,32.460000,1380,1920,1080,render_frames/render_00001380.jpg
4772,32.480000,1381,1920,1080,render_frames/render_00001381.jpg
4773,32.500000,1383,1920,1080,render_frames/render_00001383.jpg
4774,32.520000,1384,1920,1080,render_frames/render_00001384.jpg
4775,32.540000,1385,1920,1080,render_frames/render_00001385.jpg
4776,32.560000,1386,1920,1080,render_frames/render_00001386.jpg
4777,32.580000,1387,1920,1080,render_frames/render_00001387.jpg
4778,32.600000,1389,1920,1080,render_frames/render_00001389.jpg
4779,32.620000,1390,1920,1080,render_frames/render_00001390.jpg
4780,32.640000,1391,1920,1080,render_frames/render_00001391.jpg
4781,32.660000,1392,1920,1080,render_frames/render_00001392.jpg
4782,32.680000,1393,1920,1080,render_frames/render_00001393.jpg
4783,32.700000,1395,1920,1080,render_frames/render_00001395.jpg
4784,32.720000,1396,1920,1080,render_frames/render_00001396.jpg
4785,32.740000,1397,1920,1080,render_frames/render_00001397.jpg
4786,32.760000,1398,1920,1080,render_frames/render_00001398.jpg
4787,32.780000,1399,1920,1080,render_frames/render_00001399.jpg
4788,32.800000,1401,1920,1080,render_frames/render_00001401.jpg
4789,32.820000,1402,1920,1080,render_frames/render_00001402.jpg
4790,32.840000,1403,1920,1080,render_frames/render_00001403.jpg
4791,32.860000,1404,1920,1080,render_frames/render_00001404.jpg
4792,32.880000,1405,1920,1080,render_frames/render_00001405.jpg
4793,32.900000,1407,1920,1080,render_frames/render_00001407.jpg
4794,32.920000,1408,1920,1080,render_frames/render_00001408.jpg
4795,32.940000,1409,1920,1080,render_frames/render_00001409.jpg
4796,32.960000,1410,1920,1080,render_frames/render_00001410.jpg
4797,32.980000,1411,1920,1080,render_frames/render_00001411.jpg
4798,33.000000,1413,1920,1080,render_frames/render_00001413.jpg
4799,33.020000,1414,1920,1080,render_frames/render_00001414.jpg
4800,33.040000,1415,1920,1080,render_frames/render_00001415.jpg
4801,33.060000,1416,1920,1080,render_frames/render_00001416.jpg
4802,33.080000,1417,1920,1080,render_frames/render_00001417.jpg
4803,33.100000,1418,1920,1080,render_frames/render_00001418.jpg
4804,33.120000,1420,1920,1080,render_frames/render_00001420.jpg
4805,33.140000,1421,1920,1080,render_frames/render_00001421.jpg
4806,33.160000,1422,1920,1080,render_frames/render_00001422.jpg
4807,33.180000,1424,1920,1080,render_frames/render_00001424.jpg
4808,33.200000,1425,1920,1080,render_frames/render_00001425.jpg
4809,33.220000,1426,1920,1080,render_frames/render_00001426.jpg
4810,33.240000,1427,1920,1080,render_frames/render_00001427.jpg
4811,33.260000,1428,1920,1080,render_frames/render_00001428.jpg
4812,33.280000,1430,1920,1080,render_frames/render_00001430.jpg
4813,33.300000,1431,1920,1080,render_frames/render_00001431.jpg
4814,33.320000,1432,1920,1080,render_frames/render_00001432.jpg
4815,33.340000,1433,1920,1080,render_frames/render_00001433.jpg
4816,33.360000,1434,1920,1080,render_frames/render_00001434.jpg
4817,33.380000,1436,1920,1080,render_frames/render_00001436.jpg
4818,33.400000,1437,1920,1080,render_frames/render_00001437.jpg
4819,33.420000,1438,1920,1080,render_frames/render_00001438.jpg
4820,33.440000,1439,1920,1080,render_frames/render_00001439.jpg
4821,33.460000,1440,1920,1080,render_frames/render_00001440.jpg
4822,33.480000,1442,1920,1080,render_frames/render_00001442.jpg
4823,33.500000,1443,1920,1080,render_frames/render_00001443.jpg
4824,33.520000,1444,1920,1080,render_frames/render_00001444.jpg
4825,33.540000,1445,1920,1080,render_frames/render_00001445.jpg
4826,33.560000,1446,1920,1080,render_frames/render_00001446.jpg
4827,33.580000,1448,1920,1080,render_frames/render_00001448.jpg
4828,33.600000,1449,1920,1080,render_frames/render_00001449.jpg
4829,33.620000,1450,1920,1080,render_frames/render_00001450.jpg
4830,33.640000,1451,1920,1080,render_frames/render_00001451.jpg
4831,33.660000,1452,1920,1080,render_frames/render_00001452.jpg
4832,33.680000,1454,1920,1080,render_frames/render_00001454.jpg
4833,33.700000,1455,1920,1080,render_frames/render_00001455.jpg
4834,33.720000,1456,1920,1080,render_frames/render_00001456.jpg
4835,33.740000,1457,1920,1080,render_frames/render_00001457.jpg
4836,33.760000,1459,1920,1080,render_frames/render_00001459.jpg
4837,33.780000,1460,1920,1080,render_frames/render_00001460.jpg
4838,33.800000,1461,1920,1080,render_frames/render_00001461.jpg
4839,33.820000,1462,1920,1080,render_frames/render_00001462.jpg
4840,33.840000,1463,1920,1080,render_frames/render_00001463.jpg
4841,33.860000,1465,1920,1080,render_frames/render_00001465.jpg
4842,33.880000,1466,1920,1080,render_frames/render_00001466.jpg
4843,33.900000,1467,1920,1080,render_frames/render_00001467.jpg
4844,33.920000,1468,1920,1080,render_frames/render_00001468.jpg
4845,33.940000,1469,1920,1080,render_frames/render_00001469.jpg
4846,33.960000,1471,1920,1080,render_frames/render_00001471.jpg
4847,33.980000,1472,1920,1080,render_frames/render_00001472.jpg
4848,34.000000,1473,1920,1080,render_frames/render_00001473.jpg
4849,34.020000,1474,1920,1080,render_frames/render_00001474.jpg
4850,34.040000,1475,1920,1080,render_frames/render_00001475.jpg
4851,34.060000,1477,1920,1080,render_frames/render_00001477.jpg
4852,34.080000,1478,1920,1080,render_frames/render_00001478.jpg
4853,34.100000,1479,1920,1080,render_frames/render_00001479.jpg
4854,34.120000,1480,1920,1080,render_frames/render_00001480.jpg
4855,34.140000,1481,1920,1080,render_frames/render_00001481.jpg
4856,34.160000,1483,1920,1080,render_frames/render_00001483.jpg
4857,34.180000,1484,1920,1080,render_frames/render_00001484.jpg
4858,34.200000,1485,1920,1080,render_frames/render_00001485.jpg
4859,34.220000,1486,1920,1080,render_frames/render_00001486.jpg
4860,34.240000,1487,1920,1080,render_frames/render_00001487.jpg
4861,34.260000,1489,1920,1080,render_frames/render_00001489.jpg
4862,34.280000,1490,1920,1080,render_frames/render_00001490.jpg
4863,34.300000,1491,1920,1080,render_frames/render_00001491.jpg
4864,34.320000,1492,1920,1080,render_frames/render_00001492.jpg
4865,34.340000,1493,1920,1080,render_frames/render_00001493.jpg
4866,34.360000,1495,1920,1080,render_frames/render_00001495.jpg
4867,34.380000,1496,1920,1080,render_frames/render_00001496.jpg
4868,34.400000,1497,1920,1080,render_frames/render_00001497.jpg
4869,34.420000,1498,1920,1080,render_frames/render_00001498.jpg
4870,34.440000,1499,1920,1080,render_frames/render_00001499.jpg
4871,34.460000,1500,1920,1080,render_frames/render_00001500.jpg
4872,34.480000,1502,1920,1080,render_frames/render_00001502.jpg
4873,34.500000,1503,1920,1080,render_frames/render_00001503.jpg
4874,34.520000,1504,1920,1080,render_frames/render_00001504.jpg
4875,34.540000,1505,1920,1080,render_frames/render_00001505.jpg
4876,34.560000,1507,1920,1080,render_frames/render_00001507.jpg
4877,34.580000,1508,1920,1080,render_frames/render_00001508.jpg
4878,34.600000,1509,1920,1080,render_frames/render_00001509.jpg
4879,34.620000,1510,1920,1080,render_frames/render_00001510.jpg
4880,34.640000,1512,1920,1080,render_frames/render_00001512.jpg
4881,34.660000,1513,1920,1080,render_frames/render_00001513.jpg
4882,34.680000,1514,1920,1080,render_frames/render_00001514.jpg
4883,34.700000,1515,1920,1080,render_frames/render_00001515.jpg
4884,34.720000,1516,1920,1080,render_frames/render_00001516.jpg
4885,34.740000,1518,1920,1080,render_frames/render_00001518.jpg
4886,34.760000,1519,1920,1080,render_frames/render_00001519.jpg
4887,34.780000,1520,1920,1080,render_frames/render_00001520.jpg
4888,34.800000,1521,1920,1080,render_frames/render_00001521.jpg
4889,34.820000,1522,1920,1080,render_frames/render_00001522.jpg
4890,34.840000,1524,1920,1080,render_frames/render_00001524.jpg
4891,34.860000,1525,1920,1080,render_frames/render_00001525.jpg
4892,34.880000,1526,1920,1080,render_frames/render_00001526.jpg
4893,34.900000,1527,1920,1080,render_frames/render_00001527.jpg
4894,34.920000,1528,1920,1080,render_frames/render_00001528.jpg
4895,34.940000,1530,1920,1080,render_frames/render_00001530.jpg
4896,34.960000,1531,1920,1080,render_frames/render_00001531.jpg
4897,34.980000,1532,1920,1080,render_frames/render_00001532.jpg
4898,35.000000,1533,1920,1080,render_frames/render_00001533.jpg
4899,35.020000,1534,1920,1080,render_frames/render_00001534.jpg
4900,35.040000,1536,1920,1080,render_frames/render_00001536.jpg
4901,35.060000,1537,1920,1080,render_frames/render_00001537.jpg
4902,35.080000,1538,1920,1080,render_frames/render_00001538.jpg
4903,35.100000,1539,1920,1080,render_frames/render_00001539.jpg
4904,35.120000,1540,1920,1080,render_frames/render_00001540.jpg
4905,35.140000,1542,1920,1080,render_frames/render_00001542.jpg
4906,35.160000,1543,1920,1080,render_frames/render_00001543.jpg
4907,35.180000,1544,1920,1080,render_frames/render_00001544.jpg
4908,35.200000,1545,1920,1080,render_frames/render_00001545.jpg
4909,35.220000,1546,1920,1080,render_frames/render_00001546.jpg
4910,35.240000,1548,1920,1080,render_frames/render_00001548.jpg
4911,35.260000,1549,1920,1080,render_frames/render_00001549.jpg
4912,35.280000,1550,1920,1080,render_frames/render_00001550.jpg
4913,35.300000,1551,1920,1080,render_frames/render_00001551.jpg
4914,35.320000,1552,1920,1080,render_frames/render_00001552.jpg
4915,35.340000,1554,1920,1080,render_frames/render_00001554.jpg
4916,35.360000,1555,1920,1080,render_frames/render_00001555.jpg
4917,35.380000,1556,1920,1080,render_frames/render_00001556.jpg
4918,35.400000,1557,1920,1080,render_frames/render_00001557.jpg
4919,35.420000,1558,1920,1080,render_frames/render_00001558.jpg
4920,35.440000,1560,1920,1080,render_frames/render_00001560.jpg
4921,35.460000,1561,1920,1080,render_frames/render_00001561.jpg
4922,35.480000,1562,1920,1080,render_frames/render_00001562.jpg
4923,35.500000,1563,1920,1080,render_frames/render_00001563.jpg
4924,35.520000,1564,1920,1080,render_frames/render_00001564.jpg
4925,35.540000,1566,1920,1080,render_frames/render_00001566.jpg
4926,35.560000,1567,1920,1080,render_frames/render_00001567.jpg
4927,35.580000,1568,1920,1080,render_frames/render_00001568.jpg
4928,35.600000,1569,1920,1080,render_frames/render_00001569.jpg
4929,35.620000,1571,1920,1080,render_frames/render_00001571.jpg
4930,35.640000,1572,1920,1080,render_frames/render_00001572.jpg
4931,35.660000,1573,1920,1080,render_frames/render_00001573.jpg
4932,35.680000,1574,1920,1080,render_frames/render_00001574.jpg
4933,35.700000,1575,1920,1080,render_frames/render_00001575.jpg
4934,35.720000,1577,1920,1080,render_frames/render_00001577.jpg
4935,35.740000,1578,1920,1080,render_frames/render_00001578.jpg
4936,35.760000,1579,1920,1080,render_frames/render_00001579.jpg
4937,35.780000,1580,1920,1080,render_frames/render_00001580.jpg
4938,35.800000,1581,1920,1080,render_frames/render_00001581.jpg
4939,35.820000,1583,1920,1080,render_frames/render_00001583.jpg
4940,35.840000,1584,1920,1080,render_frames/render_00001584.jpg
4941,35.860000,1584,1920,1080,render_frames/render_00001584.jpg
4942,35.880000,1586,1920,1080,render_frames/render_00001586.jpg
4943,35.900000,1587,1920,1080,render_frames/render_00001587.jpg
4944,35.920000,1589,1920,1080,render_frames/render_00001589.jpg
4945,35.940000,1590,1920,1080,render_frames/render_00001590.jpg
4946,35.960000,1591,1920,1080,render_frames/render_00001591.jpg
4947,35.980000,1592,1920,1080,render_frames/render_00001592.jpg
4948,36.000000,1594,1920,1080,render_frames/render_00001594.jpg
4949,36.020000,1595,1920,1080,render_frames/render_00001595.jpg
4950,36.040000,1596,1920,1080,render_frames/render_00001596.jpg
4951,36.060000,1597,1920,1080,render_frames/render_00001597.jpg
4952,36.080000,1598,1920,1080,render_frames/render_00001598.jpg
4953,36.100000,1600,1920,1080,render_frames/render_00001600.jpg
4954,36.120000,1601,1920,1080,render_frames/render_00001601.jpg
4955,36.140000,1602,1920,1080,render_frames/render_00001602.jpg
4956,36.160000,1603,1920,1080,render_frames/render_00001603.jpg
4957,36.180000,1604,1920,1080,render_frames/render_00001604.jpg
4958,36.200000,1606,1920,1080,render_frames/render_00001606.jpg
4959,36.220000,1607,1920,1080,render_frames/render_00001607.jpg
4960,36.240000,1608,1920,1080,render_frames/render_00001608.jpg
4961,36.260000,1609,1920,1080,render_frames/render_00001609.jpg
4962,36.280000,1610,1920,1080,render_frames/render_00001610.jpg
4963,36.300000,1612,1920,1080,render_frames/render_00001612.jpg
4964,36.320000,1613,1920,1080,render_frames/render_00001613.jpg
4965,36.340000,1614,1920,1080,render_frames/render_00001614.jpg
4966,36.360000,1615,1920,1080,render_frames/render_00001615.jpg
4967,36.380000,1616,1920,1080,render_frames/render_00001616.jpg
4968,36.400000,1618,1920,1080,render_frames/render_00001618.jpg
4969,36.420000,1619,1920,1080,render_frames/render_00001619.jpg
4970,36.440000,1620,1920,1080,render_frames/render_00001620.jpg
4971,36.460000,1621,1920,1080,render_frames/render_00001621.jpg
4972,36.480000,1622,1920,1080,render_frames/render_00001622.jpg
4973,36.500000,1624,1920,1080,render_frames/render_00001624.jpg
4974,36.520000,1625,1920,1080,render_frames/render_00001625.jpg
4975,36.540000,1626,1920,1080,render_frames/render_00001626.jpg
4976,36.560000,1627,1920,1080,render_frames/render_00001627.jpg
4977,36.580000,1628,1920,1080,render_frames/render_00001628.jpg
4978,36.600000,1630,1920,1080,render_frames/render_00001630.jpg
4979,36.620000,1631,1920,1080,render_frames/render_00001631.jpg
4980,36.640000,1632,1920,1080,render_frames/render_00001632.jpg
4981,36.660000,1633,1920,1080,render_frames/render_00001633.jpg
4982,36.680000,1634,1920,1080,render_frames/render_00001634.jpg
4983,36.700000,1636,1920,1080,render_frames/render_00001636.jpg
4984,36.720000,1637,1920,1080,render_frames/render_00001637.jpg
4985,36.740000,1638,1920,1080,render_frames/render_00001638.jpg
4986,36.760000,1639,1920,1080,render_frames/render_00001639.jpg
4987,36.780000,1640,1920,1080,render_frames/render_00001640.jpg
4988,36.800000,1642,1920,1080,render_frames/render_00001642.jpg
4989,36.820000,1643,1920,1080,render_frames/render_00001643.jpg
4990,36.840000,1644,1920,1080,render_frames/render_00001644.jpg
4991,36.860000,1645,1920,1080,render_frames/render_00001645.jpg
4992,36.880000,1647,1920,1080,render_frames/render_00001647.jpg
4993,36.900000,1648,1920,1080,render_frames/render_00001648.jpg
4994,36.920000,1649,1920,1080,render_frames/render_00001649.jpg
4995,36.940000,1650,1920,1080,render_frames/render_00001650.jpg
4996,36.960000,1651,1920,1080,render_frames/render_00001651.jpg
4997,36.980000,1653,1920,1080,render_frames/render_00001653.jpg
4998,37.000000,1654,1920,1080,render_frames/render_00001654.jpg
4999,37.020000,1655,1920,1080,render_frames/render_00001655.jpg
5000,37.040000,1656,1920,1080,render_frames/render_00001656.jpg
5001,37.060000,1657,1920,1080,render_frames/render_00001657.jpg
5002,37.080000,1659,1920,1080,render_frames/render_00001659.jpg
5003,37.100000,1659,1920,1080,render_frames/render_00001659.jpg
5004,37.120000,1661,1920,1080,render_frames/render_00001661.jpg
5005,37.140000,1662,1920,1080,render_frames/render_00001662.jpg
5006,37.160000,1663,1920,1080,render_frames/render_00001663.jpg
5007,37.180000,1665,1920,1080,render_frames/render_00001665.jpg
5008,37.200000,1666,1920,1080,render_frames/render_00001666.jpg
5009,37.220000,1667,1920,1080,render_frames/render_00001667.jpg
5010,37.240000,1668,1920,1080,render_frames/render_00001668.jpg
5011,37.260000,1669,1920,1080,render_frames/render_00001669.jpg
5012,37.280000,1671,1920,1080,render_frames/render_00001671.jpg
5013,37.300000,1672,1920,1080,render_frames/render_00001672.jpg
5014,37.320000,1673,1920,1080,render_frames/render_00001673.jpg
5015,37.340000,1674,1920,1080,render_frames/render_00001674.jpg
5016,37.360000,1675,1920,1080,render_frames/render_00001675.jpg
5017,37.380000,1677,1920,1080,render_frames/render_00001677.jpg
5018,37.400000,1678,1920,1080,render_frames/render_00001678.jpg
5019,37.420000,1679,1920,1080,render_frames/render_00001679.jpg
5020,37.440000,1680,1920,1080,render_frames/render_00001680.jpg
5021,37.460000,1681,1920,1080,render_frames/render_00001681.jpg
5022,37.480000,1683,1920,1080,render_frames/render_00001683.jpg
5023,37.500000,1684,1920,1080,render_frames/render_00001684.jpg
5024,37.520000,1685,1920,1080,render_frames/render_00001685.jpg
5025,37.540000,1686,1920,1080,render_frames/render_00001686.jpg
5026,37.560000,1687,1920,1080,render_frames/render_00001687.jpg
5027,37.580000,1689,1920,1080,render_frames/render_00001689.jpg
5028,37.600000,1690,1920,1080,render_frames/render_00001690.jpg
5029,37.620000,1691,1920,1080,render_frames/render_00001691.jpg
5030,37.640000,1692,1920,1080,render_frames/render_00001692.jpg
5031,37.660000,1693,1920,1080,render_frames/render_00001693.jpg
5032,37.680000,1695,1920,1080,render_frames/render_00001695.jpg
5033,37.700000,1696,1920,1080,render_frames/render_00001696.jpg
5034,37.720000,1697,1920,1080,render_frames/render_00001697.jpg
5035,37.740000,1698,1920,1080,render_frames/render_00001698.jpg
5036,37.760000,1699,1920,1080,render_frames/render_00001699.jpg
5037,37.780000,1701,1920,1080,render_frames/render_00001701.jpg
5038,37.800000,1702,1920,1080,render_frames/render_00001702.jpg
5039,37.820000,1703,1920,1080,render_frames/render_00001703.jpg
5040,37.840000,1704,1920,1080,render_frames/render_00001704.jpg
5041,37.860000,1705,1920,1080,render_frames/render_00001705.jpg
5042,37.880000,1707,1920,1080,render_frames/render_00001707.jpg
5043,37.900000,1708,1920,1080,render_frames/render_00001708.jpg
5044,37.920000,1709,1920,1080,render_frames/render_00001709.jpg
5045,37.940000,1710,1920,1080,render_frames/render_00001710.jpg
5046,37.960000,1711,1920,1080,render_frames/render_00001711.jpg
5047,37.980000,1713,1920,1080,render_frames/render_00001713.jpg
5048,38.000000,1714,1920,1080,render_frames/render_00001714.jpg
5049,38.020000,1715,1920,1080,render_frames/render_00001715.jpg
5050,38.040000,1716,1920,1080,render_frames/render_00001716.jpg
5051,38.060000,1717,1920,1080,render_frames/render_00001717.jpg
5052,38.080000,1719,1920,1080,render_frames/render_00001719.jpg
5053,38.100000,1720,1920,1080,render_frames/render_00001720.jpg
5054,38.120000,1721,1920,1080,render_frames/render_00001721.jpg
5055,38.140000,1722,1920,1080,render_frames/render_00001722.jpg
5056,38.160000,1724,1920,1080,render_frames/render_00001724.jpg
5057,38.180000,1725,1920,1080,render_frames/render_00001725.jpg
5058,38.200000,1726,1920,1080,render_frames/render_00001726.jpg
5059,38.220000,1727,1920,1080,render_frames/render_00001727.jpg
5060,38.240000,1728,1920,1080,render_frames/render_00001728.jpg
5061,38.260000,1730,1920,1080,render_frames/render_00001730.jpg
5062,38.280000,1731,1920,1080,render_frames/render_00001731.jpg
5063,38.300000,1732,1920,1080,render_frames/render_00001732.jpg
5064,38.320000,1733,1920,1080,render_frames/render_00001733.jpg
5065,38.340000,1734,1920,1080,render_frames/render_00001734.jpg
5066,38.360000,1736,1920,1080,render_frames/render_00001736.jpg
5067,38.380000,1737,1920,1080,render_frames/render_00001737.jpg
5068,38.400000,1738,1920,1080,render_frames/render_00001738.jpg
5069,38.420000,1739,1920,1080,render_frames/render_00001739.jpg
5070,38.440000,1740,1920,1080,render_frames/render_00001740.jpg
5071,38.460000,1741,1920,1080,render_frames/render_00001741.jpg
5072,38.480000,1742,1920,1080,render_frames/render_00001742.jpg
5073,38.500000,1744,1920,1080,render_frames/render_00001744.jpg
5074,38.520000,1745,1920,1080,render_frames/render_00001745.jpg
5075,38.540000,1745,1920,1080,render_frames/render_00001745.jpg
5076,38.560000,1747,1920,1080,render_frames/render_00001747.jpg
5077,38.580000,1748,1920,1080,render_frames/render_00001748.jpg
5078,38.600000,1749,1920,1080,render_frames/render_00001749.jpg
5079,38.620000,1750,1920,1080,render_frames/render_00001750.jpg
5080,38.640000,1751,1920,1080,render_frames/render_00001751.jpg
5081,38.660000,1753,1920,1080,render_frames/render_00001753.jpg
5082,38.680000,1754,1920,1080,render_frames/render_00001754.jpg
5083,38.700000,1755,1920,1080,render_frames/render_00001755.jpg
5084,38.720000,1756,1920,1080,render_frames/render_00001756.jpg
5085,38.740000,1757,1920,1080,render_frames/render_00001757.jpg
5086,38.760000,1759,1920,1080,render_frames/render_00001759.jpg
5087,38.780000,1760,1920,1080,render_frames/render_00001760.jpg
5088,38.800000,1761,1920,1080,render_frames/render_00001761.jpg
5089,38.820000,1762,1920,1080,render_frames/render_00001762.jpg
5090,38.840000,1763,1920,1080,render_frames/render_00001763.jpg
5091,38.860000,1765,1920,1080,render_frames/render_00001765.jpg
5092,38.880000,1766,1920,1080,render_frames/render_00001766.jpg
5093,38.900000,1767,1920,1080,render_frames/render_00001767.jpg
5094,38.920000,1768,1920,1080,render_frames/render_00001768.jpg
5095,38.940000,1769,1920,1080,render_frames/render_00001769.jpg
5096,38.960000,1771,1920,1080,render_frames/render_00001771.jpg
5097,38.980000,1772,1920,1080,render_frames/render_00001772.jpg
5098,39.000000,1773,1920,1080,render_frames/render_00001773.jpg
5099,39.020000,1774,1920,1080,render_frames/render_00001774.jpg
5100,39.040000,1775,1920,1080,render_frames/render_00001775.jpg
5101,39.060000,1777,1920,1080,render_frames/render_00001777.jpg
5102,39.080000,1778,1920,1080,render_frames/render_00001778.jpg
5103,39.100000,1779,1920,1080,render_frames/render_00001779.jpg
5104,39.120000,1780,1920,1080,render_frames/render_00001780.jpg
5105,39.140000,1782,1920,1080,render_frames/render_00001782.jpg
5106,39.160000,1783,1920,1080,render_frames/render_00001783.jpg
5107,39.180000,1784,1920,1080,render_frames/render_00001784.jpg
5108,39.200000,1785,1920,1080,render_frames/render_00001785.jpg
5109,39.220000,1786,1920,1080,render_frames/render_00001786.jpg
5110,39.240000,1788,1920,1080,render_frames/render_00001788.jpg
5111,39.260000,1789,1920,1080,render_frames/render_00001789.jpg
5112,39.280000,1790,1920,1080,render_frames/render_00001790.jpg
5113,39.300000,1791,1920,1080,render_frames/render_00001791.jpg
5114,39.320000,1792,1920,1080,render_frames/render_00001792.jpg
5115,39.340000,1794,1920,1080,render_frames/render_00001794.jpg
5116,39.360000,1795,1920,1080,render_frames/render_00001795.jpg
5117,39.380000,1796,1920,1080,render_frames/render_00001796.jpg
5118,39.400000,1797,1920,1080,render_frames/render_00001797.jpg
5119,39.420000,1798,1920,1080,render_frames/render_00001798.jpg
5120,39.440000,1800,1920,1080,render_frames/render_00001800.jpg
5121,39.460000,1801,1920,1080,render_frames/render_00001801.jpg
5122,39.480000,1802,1920,1080,render_frames/render_00001802.jpg
5123,39.500000,1803,1920,1080,render_frames/render_00001803.jpg
5124,39.520000,1804,1920,1080,render_frames/render_00001804.jpg
5125,39.540000,1806,1920,1080,render_frames/render_00001806.jpg
5126,39.560000,1807,1920,1080,render_frames/render_00001807.jpg
5127,39.580000,1808,1920,1080,render_frames/render_00001808.jpg
5128,39.600000,1809,1920,1080,render_frames/render_00001809.jpg
5129,39.620000,1810,1920,1080,render_frames/render_00001810.jpg
5130,39.640000,1812,1920,1080,render_frames/render_00001812.jpg
5131,39.660000,1813,1920,1080,render_frames/render_00001813.jpg
5132,39.680000,1814,1920,1080,render_frames/render_00001814.jpg
5133,39.700000,1815,1920,1080,render_frames/render_00001815.jpg
5134,39.720000,1816,1920,1080,render_frames/render_00001816.jpg
5135,39.740000,1818,1920,1080,render_frames/render_00001818.jpg
5136,39.760000,1819,1920,1080,render_frames/render_00001819.jpg
5137,39.780000,1820,1920,1080,render_frames/render_00001820.jpg
5138,39.800000,1821,1920,1080,render_frames/render_00001821.jpg
5139,39.820000,1822,1920,1080,render_frames/render_00001822.jpg
5140,39.840000,1824,1920,1080,render_frames/render_00001824.jpg
5141,39.860000,1825,1920,1080,render_frames/render_00001825.jpg
5142,39.880000,1826,1920,1080,render_frames/render_00001826.jpg
5143,39.900000,1827,1920,1080,render_frames/render_00001827.jpg
5144,39.920000,1829,1920,1080,render_frames/render_00001829.jpg
5145,39.940000,1830,1920,1080,render_frames/render_00001830.jpg
5146,39.960000,1831,1920,1080,render_frames/render_00001831.jpg
5147,39.980000,1832,1920,1080,render_frames/render_00001832.jpg
5148,40.000000,1833,1920,1080,render_frames/render_00001833.jpg
5149,40.020000,1835,1920,1080,render_frames/render_00001835.jpg
5150,40.040000,1836,1920,1080,render_frames/render_00001836.jpg
5151,40.060000,1837,1920,1080,render_frames/render_00001837.jpg
5152,40.080000,1838,1920,1080,render_frames/render_00001838.jpg
5153,40.100000,1839,1920,1080,render_frames/render_00001839.jpg
5154,40.120000,1841,1920,1080,render_frames/render_00001841.jpg
5155,40.140000,1842,1920,1080,render_frames/render_00001842.jpg
5156,40.160000,1843,1920,1080,render_frames/render_00001843.jpg
5157,40.180000,1844,1920,1080,render_frames/render_00001844.jpg
5158,40.200000,1845,1920,1080,render_frames/render_00001845.jpg
5159,40.220000,1847,1920,1080,render_frames/render_00001847.jpg
5160,40.240000,1848,1920,1080,render_frames/render_00001848.jpg
5161,40.260000,1849,1920,1080,render_frames/render_00001849.jpg
5162,40.280000,1850,1920,1080,render_frames/render_00001850.jpg
5163,40.300000,1851,1920,1080,render_frames/render_00001851.jpg
5164,40.320000,1853,1920,1080,render_frames/render_00001853.jpg
5165,40.340000,1854,1920,1080,render_frames/render_00001854.jpg
5166,40.360000,1855,1920,1080,render_frames/render_00001855.jpg
5167,40.380000,1856,1920,1080,render_frames/render_00001856.jpg
5168,40.400000,1857,1920,1080,render_frames/render_00001857.jpg
5169,40.420000,1859,1920,1080,render_frames/render_00001859.jpg
5170,40.440000,1860,1920,1080,render_frames/render_00001860.jpg
5171,40.460000,1861,1920,1080,render_frames/render_00001861.jpg
5172,40.480000,1862,1920,1080,render_frames/render_00001862.jpg
5173,40.500000,1863,1920,1080,render_frames/render_00001863.jpg
5174,40.520000,1865,1920,1080,render_frames/render_00001865.jpg
5175,40.540000,1866,1920,1080,render_frames/render_00001866.jpg
5176,40.560000,1867,1920,1080,render_frames/render_00001867.jpg
5177,40.580000,1868,1920,1080,render_frames/render_00001868.jpg
5178,40.600000,1869,1920,1080,render_frames/render_00001869.jpg
5179,40.620000,1871,1920,1080,render_frames/render_00001871.jpg
5180,40.640000,1872,1920,1080,render_frames/render_00001872.jpg
5181,40.660000,1873,1920,1080,render_frames/render_00001873.jpg
5182,40.680000,1874,1920,1080,render_frames/render_00001874.jpg
5183,40.700000,1875,1920,1080,render_frames/render_00001875.jpg
5184,40.720000,1877,1920,1080,render_frames/render_00001877.jpg
5185,40.740000,1878,1920,1080,render_frames/render_00001878.jpg
5186,40.760000,1879,1920,1080,render_frames/render_00001879.jpg
5187,40.780000,1880,1920,1080,render_frames/render_00001880.jpg
5188,40.800000,1881,1920,1080,render_frames/render_00001881.jpg
5189,40.820000,1883,1920,1080,render_frames/render_00001883.jpg
5190,40.840000,1884,1920,1080,render_frames/render_00001884.jpg
5191,40.860000,1885,1920,1080,render_frames/render_00001885.jpg
5192,40.880000,1886,1920,1080,render_frames/render_00001886.jpg
5193,40.900000,1888,1920,1080,render_frames/render_00001888.jpg
5194,40.920000,1889,1920,1080,render_frames/render_00001889.jpg
5195,40.940000,1890,1920,1080,render_frames/render_00001890.jpg
5196,40.960000,1891,1920,1080,render_frames/render_00001891.jpg
5197,40.980000,1892,1920,1080,render_frames/render_00001892.jpg
5198,41.000000,1894,1920,1080,render_frames/render_00001894.jpg
5199,41.020000,1895,1920,1080,render_frames/render_00001895.jpg
5200,41.040000,1896,1920,1080,render_frames/render_00001896.jpg
5201,41.060000,1897,1920,1080,render_frames/render_00001897.jpg
5202,41.080000,1898,1920,1080,render_frames/render_00001898.jpg
5203,41.100000,1899,1920,1080,render_frames/render_00001899.jpg
5204,41.120000,1900,1920,1080,render_frames/render_00001900.jpg
5205,41.140000,1901,1920,1080,render_frames/render_00001901.jpg
5206,41.160000,1902,1920,1080,render_frames/render_00001902.jpg
5207,41.180000,1904,1920,1080,render_frames/render_00001904.jpg
5208,41.200000,1905,1920,1080,render_frames/render_00001905.jpg
5209,41.220000,1906,1920,1080,render_frames/render_00001906.jpg
5210,41.240000,1907,1920,1080,render_frames/render_00001907.jpg
5211,41.260000,1908,1920,1080,render_frames/render_00001908.jpg
5212,41.280000,1910,1920,1080,render_frames/render_00001910.jpg
5213,41.300000,1911,1920,1080,render_frames/render_00001911.jpg
5214,41.320000,1912,1920,1080,render_frames/render_00001912.jpg
5215,41.340000,1913,1920,1080,render_frames/render_00001913.jpg
5216,41.360000,1914,1920,1080,render_frames/render_00001914.jpg
5217,41.380000,1916,1920,1080,render_frames/render_00001916.jpg
5218,41.400000,1917,1920,1080,render_frames/render_00001917.jpg
5219,41.420000,1918,1920,1080,render_frames/render_00001918.jpg
5220,41.440000,1919,1920,1080,render_frames/render_00001919.jpg
5221,41.460000,1920,1920,1080,render_frames/render_00001920.jpg
5222,41.480000,1922,1920,1080,render_frames/render_00001922.jpg
5223,41.500000,1923,1920,1080,render_frames/render_00001923.jpg
5224,41.520000,1924,1920,1080,render_frames/render_00001924.jpg
5225,41.540000,1925,1920,1080,render_frames/render_00001925.jpg
5226,41.560000,1926,1920,1080,render_frames/render_00001926.jpg
5227,41.580000,1928,1920,1080,render_frames/render_00001928.jpg
5228,41.600000,1929,1920,1080,render_frames/render_00001929.jpg
5229,41.620000,1930,1920,1080,render_frames/render_00001930.jpg
5230,41.640000,1931,1920,1080,render_frames/render_00001931.jpg
5231,41.660000,1932,1920,1080,render_frames/render_00001932.jpg
5232,41.680000,1934,1920,1080,render_frames/render_00001934.jpg
5233,41.700000,1935,1920,1080,render_frames/render_00001935.jpg
5234,41.720000,1936,1920,1080,render_frames/render_00001936.jpg
5235,41.740000,1937,1920,1080,render_frames/render_00001937.jpg
5236,41.760000,1939,1920,1080,render_frames/render_00001939.jpg
5237,41.780000,1940,1920,1080,render_frames/render_00001940.jpg
5238,41.800000,1941,1920,1080,render_frames/render_00001941.jpg
5239,41.820000,1942,1920,1080,render_frames/render_00001942.jpg
5240,41.840000,1943,1920,1080,render_frames/render_00001943.jpg
5241,41.860000,1945,1920,1080,render_frames/render_00001945.jpg
5242,41.880000,1946,1920,1080,render_frames/render_00001946.jpg
5243,41.900000,1947,1920,1080,render_frames/render_00001947.jpg
5244,41.920000,1948,1920,1080,render_frames/render_00001948.jpg
5245,41.940000,1949,1920,1080,render_frames/render_00001949.jpg
5246,41.960000,1951,1920,1080,render_frames/render_00001951.jpg
5247,41.980000,1952,1920,1080,render_frames/render_00001952.jpg
5248,42.000000,1953,1920,1080,render_frames/render_00001953.jpg
5249,42.020000,1954,1920,1080,render_frames/render_00001954.jpg
5250,42.040000,1955,1920,1080,render_frames/render_00001955.jpg
5251,42.060000,1957,1920,1080,render_frames/render_00001957.jpg
5252,42.080000,1958,1920,1080,render_frames/render_00001958.jpg
5253,42.100000,1959,1920,1080,render_frames/render_00001959.jpg
5254,42.120000,1960,1920,1080,render_frames/render_00001960.jpg
5255,42.140000,1961,1920,1080,render_frames/render_00001961.jpg
5256,42.160000,1963,1920,1080,render_frames/render_00001963.jpg
5257,42.180000,1964,1920,1080,render_frames/render_00001964.jpg
5258,42.200000,1965,1920,1080,render_frames/render_00001965.jpg
5259,42.220000,1966,1920,1080,render_frames/render_00001966.jpg
5260,42.240000,1967,1920,1080,render_frames/render_00001967.jpg
5261,42.260000,1969,1920,1080,render_frames/render_00001969.jpg
5262,42.280000,1970,1920,1080,render_frames/render_00001970.jpg
5263,42.300000,1971,1920,1080,render_frames/render_00001971.jpg
5264,42.320000,1972,1920,1080,render_frames/render_00001972.jpg
5265,42.340000,1973,1920,1080,render_frames/render_00001973.jpg
5266,42.360000,1975,1920,1080,render_frames/render_00001975.jpg
5267,42.380000,1976,1920,1080,render_frames/render_00001976.jpg
5268,42.400000,1977,1920,1080,render_frames/render_00001977.jpg
5269,42.420000,1978,1920,1080,render_frames/render_00001978.jpg
5270,42.440000,1979,1920,1080,render_frames/render_00001979.jpg
5271,42.460000,1981,1920,1080,render_frames/render_00001981.jpg
5272,42.480000,1982,1920,1080,render_frames/render_00001982.jpg
5273,42.500000,1983,1920,1080,render_frames/render_00001983.jpg
5274,42.520000,1984,1920,1080,render_frames/render_00001984.jpg
5275,42.540000,1985,1920,1080,render_frames/render_00001985.jpg
5276,42.560000,1987,1920,1080,render_frames/render_00001987.jpg
5277,42.580000,1988,1920,1080,render_frames/render_00001988.jpg
5278,42.600000,1989,1920,1080,render_frames/render_00001989.jpg
5279,42.620000,1990,1920,1080,render_frames/render_00001990.jpg
5280,42.640000,1992,1920,1080,render_frames/render_00001992.jpg
5281,42.660000,1993,1920,1080,render_frames/render_00001993.jpg
5282,42.680000,1994,1920,1080,render_frames/render_00001994.jpg
5283,42.700000,1995,1920,1080,render_frames/render_00001995.jpg
5284,42.720000,1996,1920,1080,render_frames/render_00001996.jpg
5285,42.740000,1998,1920,1080,render_frames/render_00001998.jpg
5286,42.760000,1999,1920,1080,render_frames/render_00001999.jpg
5287,42.780000,2000,1920,1080,render_frames/render_00002000.jpg
5288,42.800000,2001,1920,1080,render_frames/render_00002001.jpg
5289,42.820000,2002,1920,1080,render_frames/render_00002002.jpg
5290,42.840000,2004,1920,1080,render_frames/render_00002004.jpg
5291,42.860000,2005,1920,1080,render_frames/render_00002005.jpg
5292,42.880000,2006,1920,1080,render_frames/render_00002006.jpg
5293,42.900000,2007,1920,1080,render_frames/render_00002007.jpg
5294,42.920000,2008,1920,1080,render_frames/render_00002008.jpg
5295,42.940000,2010,1920,1080,render_frames/render_00002010.jpg
5296,42.960000,2011,1920,1080,render_frames/render_00002011.jpg
5297,42.980000,2012,1920,1080,render_frames/render_00002012.jpg
5298,43.000000,2013,1920,1080,render_frames/render_00002013.jpg
5299,43.020000,2014,1920,1080,render_frames/render_00002014.jpg
5300,43.040000,2016,1920,1080,render_frames/render_00002016.jpg
5301,43.060000,2017,1920,1080,render_frames/render_00002017.jpg
5302,43.080000,2018,1920,1080,render_frames/render_00002018.jpg
5303,43.100000,2019,1920,1080,render_frames/render_00002019.jpg
5304,43.120000,2021,1920,1080,render_frames/render_00002021.jpg
5305,43.140000,2022,1920,1080,render_frames/render_00002022.jpg
5306,43.160000,2023,1920,1080,render_frames/render_00002023.jpg
5307,43.180000,2024,1920,1080,render_frames/render_00002024.jpg
5308,43.200000,2025,1920,1080,render_frames/render_00002025.jpg
5309,43.220000,2026,1920,1080,render_frames/render_00002026.jpg
5310,43.240000,2028,1920,1080,render_frames/render_00002028.jpg
5311,43.260000,2029,1920,1080,render_frames/render_00002029.jpg
5312,43.280000,2030,1920,1080,render_frames/render_00002030.jpg
5313,43.300000,2031,1920,1080,render_frames/render_00002031.jpg
5314,43.320000,2033,1920,1080,render_frames/render_00002033.jpg
5315,43.340000,2034,1920,1080,render_frames/render_00002034.jpg
5316,43.360000,2035,1920,1080,render_frames/render_00002035.jpg
5317,43.380000,2036,1920,1080,render_frames/render_00002036.jpg
5318,43.400000,2037,1920,1080,render_frames/render_00002037.jpg
5319,43.420000,2039,1920,1080,render_frames/render_00002039.jpg
5320,43.440000,2040,1920,1080,render_frames/render_00002040.jpg
5321,43.460000,2041,1920,1080,render_frames/render_00002041.jpg
5322,43.480000,2042,1920,1080,render_frames/render_00002042.jpg
5323,43.500000,2043,1920,1080,render_frames/render_00002043.jpg
5324,43.520000,2045,1920,1080,render_frames/render_00002045.jpg
5325,43.540000,2046,1920,1080,render_frames/render_00002046.jpg
5326,43.560000,2047,1920,1080,render_frames/render_00002047.jpg
5327,43.580000,2048,1920,1080,render_frames/render_00002048.jpg
5328,43.600000,2049,1920,1080,render_frames/render_00002049.jpg
5329,43.620000,2051,1920,1080,render_frames/render_00002051.jpg
5330,43.640000,2052,1920,1080,render_frames/render_00002052.jpg
5331,43.660000,2053,1920,1080,render_frames/render_00002053.jpg
5332,43.680000,2054,1920,1080,render_frames/render_00002054.jpg
5333,43.700000,2055,1920,1080,render_frames/render_00002055.jpg
5334,43.720000,2057,1920,1080,render_frames/render_00002057.jpg
5335,43.740000,2058,1920,1080,render_frames/render_00002058.jpg
5336,43.760000,2059,1920,1080,render_frames/render_00002059.jpg
5337,43.780000,2060,1920,1080,render_frames/render_00002060.jpg
5338,43.800000,2061,1920,1080,render_frames/render_00002061.jpg
5339,43.820000,2063,1920,1080,render_frames/render_00002063.jpg
5340,43.840000,2064,1920,1080,render_frames/render_00002064.jpg
5341,43.860000,2065,1920,1080,render_frames/render_00002065.jpg
5342,43.880000,2066,1920,1080,render_frames/render_00002066.jpg
5343,43.900000,2067,1920,1080,render_frames/render_00002067.jpg
5344,43.920000,2068,1920,1080,render_frames/render_00002068.jpg
5345,43.940000,2070,1920,1080,render_frames/render_00002070.jpg
5346,43.960000,2071,1920,1080,render_frames/render_00002071.jpg
5347,43.980000,2072,1920,1080,render_frames/render_00002072.jpg
5348,44.000000,2073,1920,1080,render_frames/render_00002073.jpg
5349,44.020000,2075,1920,1080,render_frames/render_00002075.jpg
5350,44.040000,2076,1920,1080,render_frames/render_00002076.jpg
5351,44.060000,2077,1920,1080,render_frames/render_00002077.jpg
5352,44.080000,2078,1920,1080,render_frames/render_00002078.jpg
5353,44.100000,2079,1920,1080,render_frames/render_00002079.jpg
5354,44.120000,2081,1920,1080,render_frames/render_00002081.jpg
5355,44.140000,2082,1920,1080,render_frames/render_00002082.jpg
5356,44.160000,2083,1920,1080,render_frames/render_00002083.jpg
5357,44.180000,2084,1920,1080,render_frames/render_00002084.jpg
5358,44.200000,2085,1920,1080,render_frames/render_00002085.jpg
5359,44.220000,2087,1920,1080,render_frames/render_00002087.jpg
5360,44.240000,2088,1920,1080,render_frames/render_00002088.jpg
5361,44.260000,2089,1920,1080,render_frames/render_00002089.jpg
5362,44.280000,2090,1920,1080,render_frames/render_00002090.jpg
5363,44.300000,2091,1920,1080,render_frames/render_00002091.jpg
5364,44.320000,2093,1920,1080,render_frames/render_00002093.jpg
5365,44.340000,2094,1920,1080,render_frames/render_00002094.jpg
5366,44.360000,2095,1920,1080,render_frames/render_00002095.jpg
5367,44.380000,2096,1920,1080,render_frames/render_00002096.jpg
5368,44.400000,2097,1920,1080,render_frames/render_00002097.jpg
5369,44.420000,2099,1920,1080,render_frames/render_00002099.jpg
5370,44.440000,2100,1920,1080,render_frames/render_00002100.jpg
5371,44.460000,2101,1920,1080,render_frames/render_00002101.jpg
5372,44.480000,2102,1920,1080,render_frames/render_00002102.jpg
5373,44.500000,2103,1920,1080,render_frames/render_00002103.jpg
5374,44.520000,2105,1920,1080,render_frames/render_00002105.jpg
5375,44.540000,2106,1920,1080,render_frames/render_00002106.jpg
5376,44.560000,2107,1920,1080,render_frames/render_00002107.jpg
5377,44.580000,2108,1920,1080,render_frames/render_00002108.jpg
5378,44.600000,2110,1920,1080,render_frames/render_00002110.jpg
5379,44.620000,2111,1920,1080,render_frames/render_00002111.jpg
5380,44.640000,2112,1920,1080,render_frames/render_00002112.jpg
5381,44.660000,2113,1920,1080,render_frames/render_00002113.jpg
5382,44.680000,2114,1920,1080,render_frames/render_00002114.jpg
5383,44.700000,2116,1920,1080,render_frames/render_00002116.jpg
5384,44.720000,2117,1920,1080,render_frames/render_00002117.jpg
5385,44.740000,2118,1920,1080,render_frames/render_00002118.jpg
5386,44.760000,2119,1920,1080,render_frames/render_00002119.jpg
5387,44.780000,2120,1920,1080,render_frames/render_00002120.jpg
5388,44.800000,2122,1920,1080,render_frames/render_00002122.jpg
5389,44.820000,2123,1920,1080,render_frames/render_00002123.jpg
5390,44.840000,2124,1920,1080,render_frames/render_00002124.jpg
5391,44.860000,2125,1920,1080,render_frames/render_00002125.jpg
5392,44.880000,2126,1920,1080,render_frames/render_00002126.jpg
5393,44.900000,2128,1920,1080,render_frames/render_00002128.jpg
5394,44.920000,2129,1920,1080,render_frames/render_00002129.jpg
5395,44.940000,2130,1920,1080,render_frames/render_00002130.jpg
5396,44.960000,2131,1920,1080,render_frames/render_00002131.jpg
5397,44.980000,2132,1920,1080,render_frames/render_00002132.jpg
5398,45.000000,2134,1920,1080,render_frames/render_00002134.jpg
5399,45.020000,2135,1920,1080,render_frames/render_00002135.jpg
5400,45.040000,2136,1920,1080,render_frames/render_00002136.jpg
5401,45.060000,2137,1920,1080,render_frames/render_00002137.jpg
5402,45.080000,2138,1920,1080,render_frames/render_00002138.jpg
5403,45.100000,2140,1920,1080,render_frames/render_00002140.jpg
5404,45.120000,2141,1920,1080,render_frames/render_00002141.jpg
5405,45.140000,2142,1920,1080,render_frames/render_00002142.jpg
5406,45.160000,2143,1920,1080,render_frames/render_00002143.jpg
5407,45.180000,2144,1920,1080,render_frames/render_00002144.jpg
5408,45.200000,2146,1920,1080,render_frames/render_00002146.jpg
5409,45.220000,2147,1920,1080,render_frames/render_00002147.jpg
5410,45.240000,2148,1920,1080,render_frames/render_00002148.jpg
5411,45.260000,2149,1920,1080,render_frames/render_00002149.jpg
5412,45.280000,2150,1920,1080,render_frames/render_00002150.jpg
5413,45.300000,2152,1920,1080,render_frames/render_00002152.jpg
5414,45.320000,2153,1920,1080,render_frames/render_00002153.jpg
5415,45.340000,2154,1920,1080,render_frames/render_00002154.jpg
5416,45.360000,2155,1920,1080,render_frames/render_00002155.jpg
5417,45.380000,2156,1920,1080,render_frames/render_00002156.jpg
5418,45.400000,2158,1920,1080,render_frames/render_00002158.jpg
5419,45.420000,2159,1920,1080,render_frames/render_00002159.jpg
5420,45.440000,2160,1920,1080,render_frames/render_00002160.jpg
5421,45.460000,2161,1920,1080,render_frames/render_00002161.jpg
5422,45.480000,2163,1920,1080,render_frames/render_00002163.jpg
5423,45.500000,2164,1920,1080,render_frames/render_00002164.jpg
5424,45.520000,2165,1920,1080,render_frames/render_00002165.jpg
5425,45.540000,2166,1920,1080,render_frames/render_00002166.jpg
5426,45.560000,2167,1920,1080,render_frames/render_00002167.jpg
5427,45.580000,2169,1920,1080,render_frames/render_00002169.jpg
5428,45.600000,2170,1920,1080,render_frames/render_00002170.jpg
5429,45.620000,2171,1920,1080,render_frames/render_00002171.jpg
5430,45.640000,2172,1920,1080,render_frames/render_00002172.jpg
5431,45.660000,2173,1920,1080,render_frames/render_00002173.jpg
5432,45.680000,2175,1920,1080,render_frames/render_00002175.jpg
5433,45.700000,2176,1920,1080,render_frames/render_00002176.jpg
5434,45.720000,2177,1920,1080,render_frames/render_00002177.jpg
5435,45.740000,2178,1920,1080,render_frames/render_00002178.jpg
5436,45.760000,2179,1920,1080,render_frames/render_00002179.jpg
5437,45.780000,2181,1920,1080,render_frames/render_00002181.jpg
5438,45.800000,2182,1920,1080,render_frames/render_00002182.jpg
5439,45.820000,2183,1920,1080,render_frames/render_00002183.jpg
5440,45.840000,2184,1920,1080,render_frames/render_00002184.jpg
5441,45.860000,2185,1920,1080,render_frames/render_00002185.jpg
5442,45.880000,2187,1920,1080,render_frames/render_00002187.jpg
5443,45.900000,2188,1920,1080,render_frames/render_00002188.jpg
5444,45.920000,2189,1920,1080,render_frames/render_00002189.jpg
5445,45.940000,2190,1920,1080,render_frames/render_00002190.jpg
5446,45.960000,2191,1920,1080,render_frames/render_00002191.jpg
5447,45.980000,2193,1920,1080,render_frames/render_00002193.jpg
5448,46.000000,2194,1920,1080,render_frames/render_00002194.jpg
5449,46.020000,2195,1920,1080,render_frames/render_00002195.jpg
5450,46.040000,2196,1920,1080,render_frames/render_00002196.jpg
5451,46.060000,2197,1920,1080,render_frames/render_00002197.jpg
5452,46.080000,2199,1920,1080,render_frames/render_00002199.jpg
5453,46.100000,2200,1920,1080,render_frames/render_00002200.jpg
5454,46.120000,2201,1920,1080,render_frames/render_00002201.jpg
5455,46.140000,2202,1920,1080,render_frames/render_00002202.jpg
5456,46.160000,2203,1920,1080,render_frames/render_00002203.jpg
5457,46.180000,2205,1920,1080,render_frames/render_00002205.jpg
5458,46.200000,2206,1920,1080,render_frames/render_00002206.jpg
5459,46.220000,2207,1920,1080,render_frames/render_00002207.jpg
5460,46.240000,2208,1920,1080,render_frames/render_00002208.jpg
5461,46.260000,2209,1920,1080,render_frames/render_00002209.jpg
5462,46.280000,2211,1920,1080,render_frames/render_00002211.jpg
5463,46.300000,2212,1920,1080,render_frames/render_00002212.jpg
5464,46.320000,2213,1920,1080,render_frames/render_00002213.jpg
5465,46.340000,2214,1920,1080,render_frames/render_00002214.jpg
5466,46.360000,2215,1920,1080,render_frames/render_00002215.jpg
5467,46.380000,2217,1920,1080,render_frames/render_00002217.jpg
5468,46.400000,2218,1920,1080,render_frames/render_00002218.jpg
5469,46.420000,2219,1920,1080,render_frames/render_00002219.jpg
5470,46.440000,2220,1920,1080,render_frames/render_00002220.jpg
5471,46.460000,2222,1920,1080,render_frames/render_00002222.jpg
5472,46.480000,2223,1920,1080,render_frames/render_00002223.jpg
5473,46.500000,2224,1920,1080,render_frames/render_00002224.jpg
5474,46.520000,2225,1920,1080,render_frames/render_00002225.jpg
5475,46.540000,2226,1920,1080,render_frames/render_00002226.jpg
5476,46.560000,2228,1920,1080,render_frames/render_00002228.jpg
5477,46.580000,2229,1920,1080,render_frames/render_00002229.jpg
5478,46.600000,2230,1920,1080,render_frames/render_00002230.jpg
5479,46.620000,2231,1920,1080,render_frames/render_00002231.jpg
5480,46.640000,2232,1920,1080,render_frames/render_00002232.jpg
5481,46.660000,2234,1920,1080,render_frames/render_00002234.jpg
5482,46.680000,2235,1920,1080,render_frames/render_00002235.jpg
5483,46.700000,2236,1920,1080,render_frames/render_00002236.jpg
5484,46.720000,2237,1920,1080,render_frames/render_00002237.jpg
5485,46.740000,2238,1920,1080,render_frames/render_00002238.jpg
5486,46.760000,2240,1920,1080,render_frames/render_00002240.jpg
5487,46.780000,2241,1920,1080,render_frames/render_00002241.jpg
5488,46.800000,2242,1920,1080,render_frames/render_00002242.jpg
5489,46.820000,2243,1920,1080,render_frames/render_00002243.jpg
5490,46.840000,2244,1920,1080,render_frames/render_00002244.jpg
5491,46.860000,2246,1920,1080,render_frames/render_00002246.jpg
5492,46.880000,2247,1920,1080,render_frames/render_00002247.jpg
5493,46.900000,2248,1920,1080,render_frames/render_00002248.jpg
5494,46.920000,2249,1920,1080,render_frames/render_00002249.jpg
5495,46.940000,2250,1920,1080,render_frames/render_00002250.jpg
5496,46.960000,2252,1920,1080,render_frames/render_00002252.jpg
5497,46.980000,2253,1920,1080,render_frames/render_00002253.jpg
5498,47.000000,2254,1920,1080,render_frames/render_00002254.jpg
5499,47.020000,2255,1920,1080,render_frames/render_00002255.jpg
5500,47.040000,2256,1920,1080,render_frames/render_00002256.jpg
5501,47.060000,2258,1920,1080,render_frames/render_00002258.jpg
5502,47.080000,2259,1920,1080,render_frames/render_00002259.jpg
5503,47.100000,2260,1920,1080,render_frames/render_00002260.jpg
5504,47.120000,2261,1920,1080,render_frames/render_00002261.jpg
5505,47.140000,2262,1920,1080,render_frames/render_00002262.jpg
5506,47.160000,2264,1920,1080,render_frames/render_00002264.jpg
5507,47.180000,2265,1920,1080,render_frames/render_00002265.jpg
5508,47.200000,2266,1920,1080,render_frames/render_00002266.jpg
5509,47.220000,2267,1920,1080,render_frames/render_00002267.jpg
5510,47.240000,2268,1920,1080,render_frames/render_00002268.jpg
5511,47.260000,2270,1920,1080,render_frames/render_00002270.jpg
5512,47.280000,2271,1920,1080,render_frames/render_00002271.jpg
5513,47.300000,2272,1920,1080,render_frames/render_00002272.jpg
5514,47.320000,2273,1920,1080,render_frames/render_00002273.jpg
5515,47.340000,2274,1920,1080,render_frames/render_00002274.jpg
5516,47.360000,2276,1920,1080,render_frames/render_00002276.jpg
5517,47.380000,2277,1920,1080,render_frames/render_00002277.jpg
5518,47.400000,2278,1920,1080,render_frames/render_00002278.jpg
5519,47.420000,2279,1920,1080,render_frames/render_00002279.jpg
5520,47.440000,2281,1920,1080,render_frames/render_00002281.jpg
5521,47.460000,2282,1920,1080,render_frames/render_00002282.jpg
5522,47.480000,2283,1920,1080,render_frames/render_00002283.jpg
5523,47.500000,2284,1920,1080,render_frames/render_00002284.jpg
5524,47.520000,2285,1920,1080,render_frames/render_00002285.jpg
5525,47.540000,2287,1920,1080,render_frames/render_00002287.jpg
5526,47.560000,2288,1920,1080,render_frames/render_00002288.jpg
5527,47.580000,2289,1920,1080,render_frames/render_00002289.jpg
5528,47.600000,2290,1920,1080,render_frames/render_00002290.jpg
5529,47.620000,2291,1920,1080,render_frames/render_00002291.jpg
5530,47.640000,2293,1920,1080,render_frames/render_00002293.jpg
5531,47.660000,2294,1920,1080,render_frames/render_00002294.jpg
5532,47.680000,2295,1920,1080,render_frames/render_00002295.jpg
5533,47.700000,2296,1920,1080,render_frames/render_00002296.jpg
5534,47.720000,2297,1920,1080,render_frames/render_00002297.jpg
5535,47.740000,2298,1920,1080,render_frames/render_00002298.jpg
5536,47.760000,2300,1920,1080,render_frames/render_00002300.jpg
5537,47.780000,2301,1920,1080,render_frames/render_00002301.jpg
5538,47.800000,2302,1920,1080,render_frames/render_00002302.jpg
5539,47.820000,2303,1920,1080,render_frames/render_00002303.jpg
5540,47.840000,2305,1920,1080,render_frames/render_00002305.jpg
5541,47.860000,2306,1920,1080,render_frames/render_00002306.jpg
5542,47.880000,2307,1920,1080,render_frames/render_00002307.jpg
5543,47.900000,2308,1920,1080,render_frames/render_00002308.jpg
5544,47.920000,2309,1920,1080,render_frames/render_00002309.jpg
5545,47.940000,2311,1920,1080,render_frames/render_00002311.jpg
5546,47.960000,2312,1920,1080,render_frames/render_00002312.jpg
5547,47.980000,2313,1920,1080,render_frames/render_00002313.jpg
5548,48.000000,2314,1920,1080,render_frames/render_00002314.jpg
5549,48.020000,2315,1920,1080,render_frames/render_00002315.jpg
5550,48.040000,2317,1920,1080,render_frames/render_00002317.jpg
5551,48.060000,2318,1920,1080,render_frames/render_00002318.jpg
5552,48.080000,2319,1920,1080,render_frames/render_00002319.jpg
5553,48.100000,2320,1920,1080,render_frames/render_00002320.jpg
5554,48.120000,2321,1920,1080,render_frames/render_00002321.jpg
5555,48.140000,2323,1920,1080,render_frames/render_00002323.jpg
5556,48.160000,2324,1920,1080,render_frames/render_00002324.jpg
5557,48.180000,2325,1920,1080,render_frames/render_00002325.jpg
5558,48.200000,2326,1920,1080,render_frames/render_00002326.jpg
5559,48.220000,2327,1920,1080,render_frames/render_00002327.jpg
5560,48.240000,2329,1920,1080,render_frames/render_00002329.jpg
5561,48.260000,2330,1920,1080,render_frames/render_00002330.jpg
5562,48.280000,2331,1920,1080,render_frames/render_00002331.jpg
5563,48.300000,2332,1920,1080,render_frames/render_00002332.jpg
5564,48.320000,2334,1920,1080,render_frames/render_00002334.jpg
5565,48.340000,2335,1920,1080,render_frames/render_00002335.jpg
5566,48.360000,2336,1920,1080,render_frames/render_00002336.jpg
5567,48.380000,2337,1920,1080,render_frames/render_00002337.jpg
5568,48.400000,2338,1920,1080,render_frames/render_00002338.jpg
5569,48.420000,2340,1920,1080,render_frames/render_00002340.jpg
5570,48.440000,2341,1920,1080,render_frames/render_00002341.jpg
5571,48.460000,2342,1920,1080,render_frames/render_00002342.jpg
5572,48.480000,2343,1920,1080,render_frames/render_00002343.jpg
5573,48.500000,2344,1920,1080,render_frames/render_00002344.jpg
5574,48.520000,2346,1920,1080,render_frames/render_00002346.jpg
5575,48.540000,2347,1920,1080,render_frames/render_00002347.jpg
5576,48.560000,2348,1920,1080,render_frames/render_00002348.jpg
5577,48.580000,2349,1920,1080,render_frames/render_00002349.jpg
5578,48.600000,2350,1920,1080,render_frames/render_00002350.jpg
5579,48.620000,2352,1920,1080,render_frames/render_00002352.jpg
5580,48.640000,2353,1920,1080,render_frames/render_00002353.jpg
5581,48.660000,2354,1920,1080,render_frames/render_00002354.jpg
5582,48.680000,2355,1920,1080,render_frames/render_00002355.jpg
5583,48.700000,2356,1920,1080,render_frames/render_00002356.jpg
5584,48.720000,2358,1920,1080,render_frames/render_00002358.jpg
5585,48.740000,2359,1920,1080,render_frames/render_00002359.jpg
5586,48.760000,2360,1920,1080,render_frames/render_00002360.jpg
5587,48.780000,2361,1920,1080,render_frames/render_00002361.jpg
5588,48.800000,2362,1920,1080,render_frames/render_00002362.jpg
5589,48.820000,2364,1920,1080,render_frames/render_00002364.jpg
5590,48.840000,2365,1920,1080,render_frames/render_00002365.jpg
5591,48.860000,2366,1920,1080,render_frames/render_00002366.jpg
5592,48.880000,2367,1920,1080,render_frames/render_00002367.jpg
5593,48.900000,2368,1920,1080,render_frames/render_00002368.jpg
5594,48.920000,2370,1920,1080,render_frames/render_00002370.jpg
5595,48.940000,2371,1920,1080,render_frames/render_00002371.jpg
5596,48.960000,2372,1920,1080,render_frames/render_00002372.jpg
5597,48.980000,2373,1920,1080,render_frames/render_00002373.jpg
5598,49.000000,2374,1920,1080,render_frames/render_00002374.jpg
5599,49.020000,2376,1920,1080,render_frames/render_00002376.jpg
5600,49.040000,2377,1920,1080,render_frames/render_00002377.jpg
5601,49.060000,2378,1920,1080,render_frames/render_00002378.jpg
5602,49.080000,2379,1920,1080,render_frames/render_00002379.jpg
5603,49.100000,2380,1920,1080,render_frames/render_00002380.jpg
5604,49.120000,2382,1920,1080,render_frames/render_00002382.jpg
5605,49.140000,2383,1920,1080,render_frames/render_00002383.jpg
5606,49.160000,2384,1920,1080,render_frames/render_00002384.jpg
5607,49.180000,2385,1920,1080,render_frames/render_00002385.jpg
5608,49.200000,2386,1920,1080,render_frames/render_00002386.jpg
5609,49.220000,2388,1920,1080,render_frames/render_00002388.jpg
5610,49.240000,2389,1920,1080,render_frames/render_00002389.jpg
5611,49.260000,2390,1920,1080,render_frames/render_00002390.jpg
5612,49.280000,2391,1920,1080,render_frames/render_00002391.jpg
5613,49.300000,2392,1920,1080,render_frames/render_00002392.jpg
5614,49.320000,2394,1920,1080,render_frames/render_00002394.jpg
5615,49.340000,2395,1920,1080,render_frames/render_00002395.jpg
5616,49.360000,2396,1920,1080,render_frames/render_00002396.jpg
5617,49.380000,2397,1920,1080,render_frames/render_00002397.jpg
5618,49.400000,2399,1920,1080,render_frames/render_00002399.jpg
5619,49.420000,2400,1920,1080,render_frames/render_00002400.jpg
5620,49.440000,2401,1920,1080,render_frames/render_00002401.jpg
5621,49.460000,2402,1920,1080,render_frames/render_00002402.jpg
5622,49.480000,2403,1920,1080,render_frames/render_00002403.jpg
5623,49.500000,2405,1920,1080,render_frames/render_00002405.jpg
5624,49.520000,2406,1920,1080,render_frames/render_00002406.jpg
5625,49.540000,2407,1920,1080,render_frames/render_00002407.jpg
5626,49.560000,2408,1920,1080,render_frames/render_00002408.jpg
5627,49.580000,2409,1920,1080,render_frames/render_00002409.jpg
5628,49.600000,2411,1920,1080,render_frames/render_00002411.jpg
5629,49.620000,2412,1920,1080,render_frames/render_00002412.jpg
5630,49.640000,2413,1920,1080,render_frames/render_00002413.jpg
5631,49.660000,2414,1920,1080,render_frames/render_00002414.jpg
5632,49.680000,2415,1920,1080,render_frames/render_00002415.jpg
5633,49.700000,2417,1920,1080,render_frames/render_00002417.jpg
5634,49.720000,2418,1920,1080,render_frames/render_00002418.jpg
5635,49.740000,2419,1920,1080,render_frames/render_00002419.jpg
5636,49.760000,2420,1920,1080,render_frames/render_00002420.jpg
5637,49.780000,2421,1920,1080,render_frames/render_00002421.jpg
5638,49.800000,2423,1920,1080,render_frames/render_00002423.jpg
5639,49.820000,2424,1920,1080,render_frames/render_00002424.jpg
5640,49.840000,2425,1920,1080,render_frames/render_00002425.jpg
5641,49.860000,2426,1920,1080,render_frames/render_00002426.jpg
5642,49.880000,2427,1920,1080,render_frames/render_00002427.jpg
5643,49.900000,2429,1920,1080,render_frames/render_00002429.jpg
5644,49.920000,2430,1920,1080,render_frames/render_00002430.jpg
5645,49.940000,2431,1920,1080,render_frames/render_00002431.jpg
5646,49.960000,2432,1920,1080,render_frames/render_00002432.jpg
5647,49.980000,2433,1920,1080,render_frames/render_00002433.jpg
5648,50.000000,2435,1920,1080,render_frames/render_00002435.jpg
5649,50.020000,2436,1920,1080,render_frames/render_00002436.jpg
5650,50.040000,2437,1920,1080,render_frames/render_00002437.jpg
5651,50.060000,2438,1920,1080,render_frames/render_00002438.jpg
5652,50.080000,2439,1920,1080,render_frames/render_00002439.jpg
5653,50.100000,2441,1920,1080,render_frames/render_00002441.jpg
5654,50.120000,2442,1920,1080,render_frames/render_00002442.jpg
5655,50.140000,2443,1920,1080,render_frames/render_00002443.jpg
5656,50.160000,2444,1920,1080,render_frames/render_00002444.jpg
5657,50.180000,2445,1920,1080,render_frames/render_00002445.jpg
5658,50.200000,2447,1920,1080,render_frames/render_00002447.jpg
5659,50.220000,2448,1920,1080,render_frames/render_00002448.jpg
5660,50.240000,2449,1920,1080,render_frames/render_00002449.jpg
5661,50.260000,2450,1920,1080,render_frames/render_00002450.jpg
5662,50.280000,2451,1920,1080,render_frames/render_00002451.jpg
5663,50.300000,2453,1920,1080,render_frames/render_00002453.jpg
5664,50.320000,2454,1920,1080,render_frames/render_00002454.jpg
5665,50.340000,2455,1920,1080,render_frames/render_00002455.jpg
5666,50.360000,2456,1920,1080,render_frames/render_00002456.jpg
5667,50.380000,2458,1920,1080,render_frames/render_00002458.jpg
5668,50.400000,2459,1920,1080,render_frames/render_00002459.jpg
5669,50.420000,2460,1920,1080,render_frames/render_00002460.jpg
5670,50.440000,2461,1920,1080,render_frames/render_00002461.jpg
5671,50.460000,2462,1920,1080,render_frames/render_00002462.jpg
5672,50.480000,2463,1920,1080,render_frames/render_00002463.jpg
5673,50.500000,2465,1920,1080,render_frames/render_00002465.jpg
5674,50.520000,2466,1920,1080,render_frames/render_00002466.jpg
5675,50.540000,2467,1920,1080,render_frames/render_00002467.jpg
5676,50.560000,2468,1920,1080,render_frames/render_00002468.jpg
5677,50.580000,2470,1920,1080,render_frames/render_00002470.jpg
5678,50.600000,2471,1920,1080,render_frames/render_00002471.jpg
5679,50.620000,2472,1920,1080,render_frames/render_00002472.jpg
5680,50.640000,2473,1920,1080,render_frames/render_00002473.jpg
5681,50.660000,2474,1920,1080,render_frames/render_00002474.jpg
5682,50.680000,2476,1920,1080,render_frames/render_00002476.jpg
5683,50.700000,2477,1920,1080,render_frames/render_00002477.jpg
5684,50.720000,2478,1920,1080,render_frames/render_00002478.jpg
5685,50.740000,2479,1920,1080,render_frames/render_00002479.jpg
5686,50.760000,2480,1920,1080,render_frames/render_00002480.jpg
5687,50.780000,2482,1920,1080,render_frames/render_00002482.jpg
5688,50.800000,2483,1920,1080,render_frames/render_00002483.jpg
5689,50.820000,2484,1920,1080,render_frames/render_00002484.jpg
5690,50.840000,2485,1920,1080,render_frames/render_00002485.jpg
5691,50.860000,2486,1920,1080,render_frames/render_00002486.jpg
5692,50.880000,2488,1920,1080,render_frames/render_00002488.jpg
5693,50.900000,2489,1920,1080,render_frames/render_00002489.jpg
5694,50.920000,2490,1920,1080,render_frames/render_00002490.jpg
5695,50.940000,2491,1920,1080,render_frames/render_00002491.jpg
5696,50.960000,2492,1920,1080,render_frames/render_00002492.jpg
5697,50.980000,2494,1920,1080,render_frames/render_00002494.jpg
5698,51.000000,2495,1920,1080,render_frames/render_00002495.jpg
5699,51.020000,2496,1920,1080,render_frames/render_00002496.jpg
5700,51.040000,2497,1920,1080,render_frames/render_00002497.jpg
5701,51.060000,2498,1920,1080,render_frames/render_00002498.jpg
5702,51.080000,2500,1920,1080,render_frames/render_00002500.jpg
5703,51.100000,2501,1920,1080,render_frames/render_00002501.jpg
5704,51.120000,2502,1920,1080,render_frames/render_00002502.jpg
5705,51.140000,2503,1920,1080,render_frames/render_00002503.jpg
5706,51.160000,2504,1920,1080,render_frames/render_00002504.jpg
5707,51.180000,2506,1920,1080,render_frames/render_00002506.jpg
5708,51.200000,2507,1920,1080,render_frames/render_00002507.jpg
5709,51.220000,2508,1920,1080,render_frames/render_00002508.jpg
5710,51.240000,2509,1920,1080,render_frames/render_00002509.jpg
5711,51.260000,2510,1920,1080,render_frames/render_00002510.jpg
5712,51.280000,2512,1920,1080,render_frames/render_00002512.jpg
5713,51.300000,2513,1920,1080,render_frames/render_00002513.jpg
5714,51.320000,2514,1920,1080,render_frames/render_00002514.jpg
5715,51.340000,2515,1920,1080,render_frames/render_00002515.jpg
5716,51.360000,2516,1920,1080,render_frames/render_00002516.jpg
5717,51.380000,2518,1920,1080,render_frames/render_00002518.jpg
5718,51.400000,2519,1920,1080,render_frames/render_00002519.jpg
5719,51.420000,2520,1920,1080,render_frames/render_00002520.jpg
5720,51.440000,2521,1920,1080,render_frames/render_00002521.jpg
5721,51.460000,2523,1920,1080,render_frames/render_00002523.jpg
5722,51.480000,2524,1920,1080,render_frames/render_00002524.jpg
5723,51.500000,2525,1920,1080,render_frames/render_00002525.jpg
5724,51.520000,2526,1920,1080,render_frames/render_00002526.jpg
5725,51.540000,2527,1920,1080,render_frames/render_00002527.jpg
5726,51.560000,2529,1920,1080,render_frames/render_00002529.jpg
5727,51.580000,2530,1920,1080,render_frames/render_00002530.jpg
5728,51.600000,2531,1920,1080,render_frames/render_00002531.jpg
5729,51.620000,2532,1920,1080,render_frames/render_00002532.jpg
5730,51.640000,2533,1920,1080,render_frames/render_00002533.jpg
5731,51.660000,2535,1920,1080,render_frames/render_00002535.jpg
5732,51.680000,2536,1920,1080,render_frames/render_00002536.jpg
5733,51.700000,2537,1920,1080,render_frames/render_00002537.jpg
5734,51.720000,2538,1920,1080,render_frames/render_00002538.jpg
5735,51.740000,2539,1920,1080,render_frames/render_00002539.jpg
5736,51.760000,2541,1920,1080,render_frames/render_00002541.jpg
5737,51.780000,2542,1920,1080,render_frames/render_00002542.jpg
5738,51.800000,2543,1920,1080,render_frames/render_00002543.jpg
5739,51.820000,2544,1920,1080,render_frames/render_00002544.jpg
5740,51.840000,2545,1920,1080,render_frames/render_00002545.jpg
5741,51.860000,2547,1920,1080,render_frames/render_00002547.jpg
5742,51.880000,2548,1920,1080,render_frames/render_00002548.jpg
5743,51.900000,2549,1920,1080,render_frames/render_00002549.jpg
5744,51.920000,2550,1920,1080,render_frames/render_00002550.jpg
5745,51.940000,2551,1920,1080,render_frames/render_00002551.jpg
5746,51.960000,2553,1920,1080,render_frames/render_00002553.jpg
5747,51.980000,2554,1920,1080,render_frames/render_00002554.jpg
5748,52.000000,2555,1920,1080,render_frames/render_00002555.jpg
5749,52.020000,2556,1920,1080,render_frames/render_00002556.jpg
5750,52.040000,2557,1920,1080,render_frames/render_00002557.jpg
5751,52.060000,2559,1920,1080,render_frames/render_00002559.jpg
5752,52.080000,2560,1920,1080,render_frames/render_00002560.jpg
5753,52.100000,2561,1920,1080,render_frames/render_00002561.jpg
5754,52.120000,2562,1920,1080,render_frames/render_00002562.jpg
5755,52.140000,2563,1920,1080,render_frames/render_00002563.jpg
5756,52.160000,2565,1920,1080,render_frames/render_00002565.jpg
5757,52.180000,2566,1920,1080,render_frames/render_00002566.jpg
5758,52.200000,2567,1920,1080,render_frames/render_00002567.jpg
5759,52.220000,2568,1920,1080,render_frames/render_00002568.jpg
5760,52.240000,2569,1920,1080,render_frames/render_00002569.jpg
5761,52.260000,2571,1920,1080,render_frames/render_00002571.jpg
5762,52.280000,2572,1920,1080,render_frames/render_00002572.jpg
5763,52.300000,2573,1920,1080,render_frames/render_00002573.jpg
5764,52.320000,2574,1920,1080,render_frames/render_00002574.jpg
5765,52.340000,2575,1920,1080,render_frames/render_00002575.jpg
5766,52.360000,2577,1920,1080,render_frames/render_00002577.jpg
5767,52.380000,2578,1920,1080,render_frames/render_00002578.jpg
5768,52.400000,2579,1920,1080,render_frames/render_00002579.jpg
5769,52.420000,2580,1920,1080,render_frames/render_00002580.jpg
5770,52.440000,2582,1920,1080,render_frames/render_00002582.jpg
5771,52.460000,2583,1920,1080,render_frames/render_00002583.jpg
5772,52.480000,2584,1920,1080,render_frames/render_00002584.jpg
5773,52.500000,2585,1920,1080,render_frames/render_00002585.jpg
5774,52.520000,2586,1920,1080,render_frames/render_00002586.jpg
5775,52.540000,2588,1920,1080,render_frames/render_00002588.jpg
5776,52.560000,2589,1920,1080,render_frames/render_00002589.jpg
5777,52.580000,2590,1920,1080,render_frames/render_00002590.jpg
5778,52.600000,2591,1920,1080,render_frames/render_00002591.jpg
5779,52.620000,2592,1920,1080,render_frames/render_00002592.jpg
5780,52.640000,2594,1920,1080,render_frames/render_00002594.jpg
5781,52.660000,2595,1920,1080,render_frames/render_00002595.jpg
5782,52.680000,2596,1920,1080,render_frames/render_00002596.jpg
5783,52.700000,2597,1920,1080,render_frames/render_00002597.jpg
5784,52.720000,2598,1920,1080,render_frames/render_00002598.jpg
5785,52.740000,2600,1920,1080,render_frames/render_00002600.jpg
5786,52.760000,2601,1920,1080,render_frames/render_00002601.jpg
5787,52.780000,2602,1920,1080,render_frames/render_00002602.jpg
5788,52.800000,2603,1920,1080,render_frames/render_00002603.jpg
5789,52.820000,2604,1920,1080,render_frames/render_00002604.jpg
5790,52.840000,2606,1920,1080,render_frames/render_00002606.jpg
5791,52.860000,2607,1920,1080,render_frames/render_00002607.jpg
5792,52.880000,2608,1920,1080,render_frames/render_00002608.jpg
5793,52.900000,2609,1920,1080,render_frames/render_00002609.jpg
5794,52.920000,2610,1920,1080,render_frames/render_00002610.jpg
5795,52.940000,2612,1920,1080,render_frames/render_00002612.jpg
5796,52.960000,2613,1920,1080,render_frames/render_00002613.jpg
5797,52.980000,2614,1920,1080,render_frames/render_00002614.jpg
5798,53.000000,2615,1920,1080,render_frames/render_00002615.jpg
5799,53.020000,2616,1920,1080,render_frames/render_00002616.jpg
5800,53.040000,2618,1920,1080,render_frames/render_00002618.jpg
5801,53.060000,2619,1920,1080,render_frames/render_00002619.jpg
5802,53.080000,2620,1920,1080,render_frames/render_00002620.jpg
5803,53.100000,2621,1920,1080,render_frames/render_00002621.jpg
5804,53.120000,2623,1920,1080,render_frames/render_00002623.jpg
5805,53.140000,2624,1920,1080,render_frames/render_00002624.jpg
5806,53.160000,2625,1920,1080,render_frames/render_00002625.jpg
5807,53.180000,2626,1920,1080,render_frames/render_00002626.jpg
5808,53.200000,2627,1920,1080,render_frames/render_00002627.jpg
5809,53.220000,2629,1920,1080,render_frames/render_00002629.jpg
5810,53.240000,2630,1920,1080,render_frames/render_00002630.jpg
5811,53.260000,2631,1920,1080,render_frames/render_00002631.jpg
5812,53.280000,2632,1920,1080,render_frames/render_00002632.jpg
5813,53.300000,2633,1920,1080,render_frames/render_00002633.jpg
5814,53.320000,2635,1920,1080,render_frames/render_00002635.jpg
5815,53.340000,2636,1920,1080,render_frames/render_00002636.jpg
5816,53.360000,2637,1920,1080,render_frames/render_00002637.jpg
5817,53.380000,2638,1920,1080,render_frames/render_00002638.jpg
5818,53.400000,2639,1920,1080,render_frames/render_00002639.jpg
5819,53.420000,2641,1920,1080,render_frames/render_00002641.jpg
5820,53.440000,2642,1920,1080,render_frames/render_00002642.jpg
5821,53.460000,2643,1920,1080,render_frames/render_00002643.jpg
5822,53.480000,2644,1920,1080,render_frames/render_00002644.jpg
5823,53.500000,2645,1920,1080,render_frames/render_00002645.jpg
5824,53.520000,2647,1920,1080,render_frames/render_00002647.jpg
5825,53.540000,2648,1920,1080,render_frames/render_00002648.jpg
5826,53.560000,2649,1920,1080,render_frames/render_00002649.jpg
5827,53.580000,2650,1920,1080,render_frames/render_00002650.jpg
5828,53.600000,2651,1920,1080,render_frames/render_00002651.jpg
5829,53.620000,2653,1920,1080,render_frames/render_00002653.jpg
5830,53.640000,2654,1920,1080,render_frames/render_00002654.jpg
5831,53.660000,2655,1920,1080,render_frames/render_00002655.jpg
5832,53.680000,2656,1920,1080,render_frames/render_00002656.jpg
5833,53.700000,2657,1920,1080,render_frames/render_00002657.jpg
5834,53.720000,2659,1920,1080,render_frames/render_00002659.jpg
5835,53.740000,2660,1920,1080,render_frames/render_00002660.jpg
5836,53.760000,2661,1920,1080,render_frames/render_00002661.jpg
5837,53.780000,2662,1920,1080,render_frames/render_00002662.jpg
5838,53.800000,2663,1920,1080,render_frames/render_00002663.jpg
5839,53.820000,2665,1920,1080,render_frames/render_00002665.jpg
5840,53.840000,2666,1920,1080,render_frames/render_00002666.jpg
5841,53.860000,2667,1920,1080,render_frames/render_00002667.jpg
5842,53.880000,2668,1920,1080,render_frames/render_00002668.jpg
5843,53.900000,2670,1920,1080,render_frames/render_00002670.jpg
5844,53.920000,2671,1920,1080,render_frames/render_00002671.jpg
5845,53.940000,2672,1920,1080,render_frames/render_00002672.jpg
5846,53.960000,2673,1920,1080,render_frames/render_00002673.jpg
5847,53.980000,2674,1920,1080,render_frames/render_00002674.jpg
5848,54.000000,2675,1920,1080,render_frames/render_00002675.jpg
5849,54.020000,2677,1920,1080,render_frames/render_00002677.jpg
5850,54.040000,2678,1920,1080,render_frames/render_00002678.jpg
5851,54.060000,2679,1920,1080,render_frames/render_00002679.jpg
5852,54.080000,2680,1920,1080,render_frames/render_00002680.jpg
5853,54.100000,2682,1920,1080,render_frames/render_00002682.jpg
5854,54.120000,2683,1920,1080,render_frames/render_00002683.jpg
5855,54.140000,2684,1920,1080,render_frames/render_00002684.jpg
5856,54.160000,2685,1920,1080,render_frames/render_00002685.jpg
5857,54.180000,2686,1920,1080,render_frames/render_00002686.jpg
5858,54.200000,2688,1920,1080,render_frames/render_00002688.jpg
5859,54.220000,2689,1920,1080,render_frames/render_00002689.jpg
5860,54.240000,2690,1920,1080,render_frames/render_00002690.jpg
5861,54.260000,2691,1920,1080,render_frames/render_00002691.jpg
5862,54.280000,2692,1920,1080,render_frames/render_00002692.jpg
5863,54.300000,2694,1920,1080,render_frames/render_00002694.jpg
5864,54.320000,2695,1920,1080,render_frames/render_00002695.jpg
5865,54.340000,2696,1920,1080,render_frames/render_00002696.jpg
5866,54.360000,2697,1920,1080,render_frames/render_00002697.jpg
5867,54.380000,2698,1920,1080,render_frames/render_00002698.jpg
5868,54.400000,2700,1920,1080,render_frames/render_00002700.jpg
5869,54.420000,2701,1920,1080,render_frames/render_00002701.jpg
5870,54.440000,2702,1920,1080,render_frames/render_00002702.jpg
5871,54.460000,2703,1920,1080,render_frames/render_00002703.jpg
5872,54.480000,2705,1920,1080,render_frames/render_00002705.jpg
5873,54.500000,2706,1920,1080,render_frames/render_00002706.jpg
5874,54.520000,2707,1920,1080,render_frames/render_00002707.jpg
5875,54.540000,2708,1920,1080,render_frames/render_00002708.jpg
5876,54.560000,2709,1920,1080,render_frames/render_00002709.jpg
5877,54.580000,2711,1920,1080,render_frames/render_00002711.jpg
5878,54.600000,2712,1920,1080,render_frames/render_00002712.jpg
5879,54.620000,2713,1920,1080,render_frames/render_00002713.jpg
5880,54.640000,2714,1920,1080,render_frames/render_00002714.jpg
5881,54.660000,2715,1920,1080,render_frames/render_00002715.jpg
5882,54.680000,2717,1920,1080,render_frames/render_00002717.jpg
5883,54.700000,2718,1920,1080,render_frames/render_00002718.jpg
5884,54.720000,2719,1920,1080,render_frames/render_00002719.jpg
5885,54.740000,2720,1920,1080,render_frames/render_00002720.jpg
5886,54.760000,2721,1920,1080,render_frames/render_00002721.jpg
5887,54.780000,2723,1920,1080,render_frames/render_00002723.jpg
5888,54.800000,2724,1920,1080,render_frames/render_00002724.jpg
5889,54.820000,2725,1920,1080,render_frames/render_00002725.jpg
5890,54.840000,2726,1920,1080,render_frames/render_00002726.jpg
5891,54.860000,2727,1920,1080,render_frames/render_00002727.jpg
5892,54.880000,2729,1920,1080,render_frames/render_00002729.jpg
5893,54.900000,2730,1920,1080,render_frames/render_00002730.jpg
5894,54.920000,2731,1920,1080,render_frames/render_00002731.jpg
5895,54.940000,2732,1920,1080,render_frames/render_00002732.jpg
5896,54.960000,2733,1920,1080,render_frames/render_00002733.jpg
5897,54.980000,2735,1920,1080,render_frames/render_00002735.jpg
5898,55.000000,2736,1920,1080,render_frames/render_00002736.jpg
5899,55.020000,2737,1920,1080,render_frames/render_00002737.jpg
5900,55.040000,2738,1920,1080,render_frames/render_00002738.jpg
5901,55.060000,2739,1920,1080,render_frames/render_00002739.jpg
5902,55.080000,2741,1920,1080,render_frames/render_00002741.jpg
5903,55.100000,2742,1920,1080,render_frames/render_00002742.jpg
5904,55.120000,2743,1920,1080,render_frames/render_00002743.jpg
5905,55.140000,2744,1920,1080,render_frames/render_00002744.jpg
5906,55.160000,2745,1920,1080,render_frames/render_00002745.jpg
5907,55.180000,2747,1920,1080,render_frames/render_00002747.jpg
5908,55.200000,2748,1920,1080,render_frames/render_00002748.jpg
5909,55.220000,2749,1920,1080,render_frames/render_00002749.jpg
5910,55.240000,2750,1920,1080,render_frames/render_00002750.jpg
5911,55.260000,2751,1920,1080,render_frames/render_00002751.jpg
5912,55.280000,2753,1920,1080,render_frames/render_00002753.jpg
5913,55.300000,2754,1920,1080,render_frames/render_00002754.jpg
5914,55.320000,2755,1920,1080,render_frames/render_00002755.jpg
5915,55.340000,2756,1920,1080,render_frames/render_00002756.jpg
5916,55.360000,2757,1920,1080,render_frames/render_00002757.jpg
5917,55.380000,2759,1920,1080,render_frames/render_00002759.jpg
5918,55.400000,2760,1920,1080,render_frames/render_00002760.jpg
5919,55.420000,2761,1920,1080,render_frames/render_00002761.jpg
5920,55.440000,2762,1920,1080,render_frames/render_00002762.jpg
5921,55.460000,2763,1920,1080,render_frames/render_00002763.jpg
5922,55.480000,2765,1920,1080,render_frames/render_00002765.jpg
5923,55.500000,2766,1920,1080,render_frames/render_00002766.jpg
5924,55.520000,2767,1920,1080,render_frames/render_00002767.jpg
5925,55.540000,2768,1920,1080,render_frames/render_00002768.jpg
5926,55.560000,2770,1920,1080,render_frames/render_00002770.jpg
5927,55.580000,2771,1920,1080,render_frames/render_00002771.jpg
5928,55.600000,2772,1920,1080,render_frames/render_00002772.jpg
5929,55.620000,2773,1920,1080,render_frames/render_00002773.jpg
5930,55.640000,2774,1920,1080,render_frames/render_00002774.jpg
5931,55.660000,2776,1920,1080,render_frames/render_00002776.jpg
5932,55.680000,2777,1920,1080,render_frames/render_00002777.jpg
5933,55.700000,2778,1920,1080,render_frames/render_00002778.jpg
5934,55.720000,2779,1920,1080,render_frames/render_00002779.jpg
5935,55.740000,2780,1920,1080,render_frames/render_00002780.jpg
5936,55.760000,2782,1920,1080,render_frames/render_00002782.jpg
5937,55.780000,2783,1920,1080,render_frames/render_00002783.jpg
5938,55.800000,2784,1920,1080,render_frames/render_00002784.jpg
5939,55.820000,2785,1920,1080,render_frames/render_00002785.jpg
5940,55.840000,2786,1920,1080,render_frames/render_00002786.jpg
5941,55.860000,2788,1920,1080,render_frames/render_00002788.jpg
5942,55.880000,2789,1920,1080,render_frames/render_00002789.jpg
5943,55.900000,2790,1920,1080,render_frames/render_00002790.jpg
5944,55.920000,2791,1920,1080,render_frames/render_00002791.jpg
5945,55.940000,2792,1920,1080,render_frames/render_00002792.jpg
5946,55.960000,2794,1920,1080,render_frames/render_00002794.jpg
5947,55.980000,2795,1920,1080,render_frames/render_00002795.jpg
5948,56.000000,2796,1920,1080,render_frames/render_00002796.jpg
5949,56.020000,2797,1920,1080,render_frames/render_00002797.jpg
5950,56.040000,2798,1920,1080,render_frames/render_00002798.jpg
5951,56.060000,2800,1920,1080,render_frames/render_00002800.jpg
5952,56.080000,2801,1920,1080,render_frames/render_00002801.jpg
5953,56.100000,2802,1920,1080,render_frames/render_00002802.jpg
5954,56.120000,2803,1920,1080,render_frames/render_00002803.jpg
5955,56.140000,2804,1920,1080,render_frames/render_00002804.jpg
5956,56.160000,2806,1920,1080,render_frames/render_00002806.jpg
5957,56.180000,2807,1920,1080,render_frames/render_00002807.jpg
5958,56.200000,2808,1920,1080,render_frames/render_00002808.jpg
5959,56.220000,2809,1920,1080,render_frames/render_00002809.jpg
5960,56.240000,2810,1920,1080,render_frames/render_00002810.jpg
5961,56.260000,2812,1920,1080,render_frames/render_00002812.jpg
5962,56.280000,2813,1920,1080,render_frames/render_00002813.jpg
5963,56.300000,2814,1920,1080,render_frames/render_00002814.jpg
5964,56.320000,2815,1920,1080,render_frames/render_00002815.jpg
5965,56.340000,2816,1920,1080,render_frames/render_00002816.jpg
5966,56.360000,2818,1920,1080,render_frames/render_00002818.jpg
5967,56.380000,2819,1920,1080,render_frames/render_00002819.jpg
5968,56.400000,2820,1920,1080,render_frames/render_00002820.jpg
5969,56.420000,2821,1920,1080,render_frames/render_00002821.jpg
5970,56.440000,2823,1920,1080,render_frames/render_00002823.jpg
5971,56.460000,2824,1920,1080,render_frames/render_00002824.jpg
5972,56.480000,2825,1920,1080,render_frames/render_00002825.jpg
5973,56.500000,2826,1920,1080,render_frames/render_00002826.jpg
5974,56.520000,2827,1920,1080,render_frames/render_00002827.jpg
5975,56.540000,2829,1920,1080,render_frames/render_00002829.jpg
5976,56.560000,2830,1920,1080,render_frames/render_00002830.jpg
5977,56.580000,2831,1920,1080,render_frames/render_00002831.jpg
5978,56.600000,2832,1920,1080,render_frames/render_00002832.jpg
5979,56.620000,2833,1920,1080,render_frames/render_00002833.jpg
5980,56.640000,2835,1920,1080,render_frames/render_00002835.jpg
5981,56.660000,2836,1920,1080,render_frames/render_00002836.jpg
5982,56.680000,2837,1920,1080,render_frames/render_00002837.jpg
5983,56.700000,2838,1920,1080,render_frames/render_00002838.jpg
5984,56.720000,2839,1920,1080,render_frames/render_00002839.jpg
5985,56.740000,2841,1920,1080,render_frames/render_00002841.jpg
5986,56.760000,2842,1920,1080,render_frames/render_00002842.jpg
5987,56.780000,2843,1920,1080,render_frames/render_00002843.jpg
5988,56.800000,2844,1920,1080,render_frames/render_00002844.jpg
5989,56.820000,2845,1920,1080,render_frames/render_00002845.jpg
5990,56.840000,2847,1920,1080,render_frames/render_00002847.jpg
5991,56.860000,2848,1920,1080,render_frames/render_00002848.jpg
5992,56.880000,2849,1920,1080,render_frames/render_00002849.jpg
5993,56.900000,2850,1920,1080,render_frames/render_00002850.jpg
5994,56.920000,2851,1920,1080,render_frames/render_00002851.jpg
5995,56.940000,2853,1920,1080,render_frames/render_00002853.jpg
5996,56.960000,2854,1920,1080,render_frames/render_00002854.jpg
5997,56.980000,2855,1920,1080,render_frames/render_00002855.jpg
5998,57.000000,2856,1920,1080,render_frames/render_00002856.jpg
5999,57.020000,2858,1920,1080,render_frames/render_00002858.jpg
6000,57.040000,2859,1920,1080,render_frames/render_00002859.jpg
6001,57.060000,2860,1920,1080,render_frames/render_00002860.jpg
6002,57.080000,2861,1920,1080,render_frames/render_00002861.jpg
6003,57.100000,2862,1920,1080,render_frames/render_00002862.jpg
6004,57.120000,2863,1920,1080,render_frames/render_00002863.jpg
6005,57.140000,2865,1920,1080,render_frames/render_00002865.jpg
6006,57.160000,2866,1920,1080,render_frames/render_00002866.jpg
6007,57.180000,2867,1920,1080,render_frames/render_00002867.jpg
6008,57.200000,2868,1920,1080,render_frames/render_00002868.jpg
6009,57.220000,2870,1920,1080,render_frames/render_00002870.jpg
6010,57.240000,2871,1920,1080,render_frames/render_00002871.jpg
6011,57.260000,2872,1920,1080,render_frames/render_00002872.jpg
6012,57.280000,2873,1920,1080,render_frames/render_00002873.jpg
6013,57.300000,2874,1920,1080,render_frames/render_00002874.jpg
6014,57.320000,2876,1920,1080,render_frames/render_00002876.jpg
6015,57.340000,2877,1920,1080,render_frames/render_00002877.jpg
6016,57.360000,2878,1920,1080,render_frames/render_00002878.jpg
6017,57.380000,2879,1920,1080,render_frames/render_00002879.jpg
6018,57.400000,2880,1920,1080,render_frames/render_00002880.jpg
6019,57.420000,2882,1920,1080,render_frames/render_00002882.jpg
6020,57.440000,2883,1920,1080,render_frames/render_00002883.jpg
6021,57.460000,2884,1920,1080,render_frames/render_00002884.jpg
6022,57.480000,2885,1920,1080,render_frames/render_00002885.jpg
6023,57.500000,2886,1920,1080,render_frames/render_00002886.jpg
6024,57.520000,2888,1920,1080,render_frames/render_00002888.jpg
6025,57.540000,2889,1920,1080,render_frames/render_00002889.jpg
6026,57.560000,2890,1920,1080,render_frames/render_00002890.jpg
6027,57.580000,2891,1920,1080,render_frames/render_00002891.jpg
6028,57.600000,2892,1920,1080,render_frames/render_00002892.jpg
6029,57.620000,2894,1920,1080,render_frames/render_00002894.jpg
6030,57.640000,2895,1920,1080,render_frames/render_00002895.jpg
6031,57.660000,2896,1920,1080,render_frames/render_00002896.jpg
6032,57.680000,2897,1920,1080,render_frames/render_00002897.jpg
6033,57.700000,2898,1920,1080,render_frames/render_00002898.jpg
6034,57.720000,2900,1920,1080,render_frames/render_00002900.jpg
6035,57.740000,2901,1920,1080,render_frames/render_00002901.jpg
6036,57.760000,2902,1920,1080,render_frames/render_00002902.jpg
6037,57.780000,2903,1920,1080,render_frames/render_00002903.jpg
6038,57.800000,2904,1920,1080,render_frames/render_00002904.jpg
6039,57.820000,2906,1920,1080,render_frames/render_00002906.jpg
6040,57.840000,2907,1920,1080,render_frames/render_00002907.jpg
6041,57.860000,2908,1920,1080,render_frames/render_00002908.jpg
6042,57.880000,2909,1920,1080,render_frames/render_00002909.jpg
6043,57.900000,2910,1920,1080,render_frames/render_00002910.jpg
6044,57.920000,2912,1920,1080,render_frames/render_00002912.jpg
6045,57.940000,2913,1920,1080,render_frames/render_00002913.jpg
6046,57.960000,2914,1920,1080,render_frames/render_00002914.jpg
6047,57.980000,2915,1920,1080,render_frames/render_00002915.jpg
6048,58.000000,2916,1920,1080,render_frames/render_00002916.jpg
6049,58.020000,2918,1920,1080,render_frames/render_00002918.jpg
6050,58.040000,2919,1920,1080,render_frames/render_00002919.jpg
6051,58.060000,2920,1920,1080,render_frames/render_00002920.jpg
6052,58.080000,2921,1920,1080,render_frames/render_00002921.jpg
6053,58.100000,2922,1920,1080,render_frames/render_00002922.jpg
6054,58.120000,2924,1920,1080,render_frames/render_00002924.jpg
6055,58.140000,2925,1920,1080,render_frames/render_00002925.jpg
6056,58.160000,2926,1920,1080,render_frames/render_00002926.jpg
6057,58.180000,2927,1920,1080,render_frames/render_00002927.jpg
6058,58.200000,2929,1920,1080,render_frames/render_00002929.jpg
6059,58.220000,2930,1920,1080,render_frames/render_00002930.jpg
6060,58.240000,2931,1920,1080,render_frames/render_00002931.jpg
6061,58.260000,2932,1920,1080,render_frames/render_00002932.jpg
6062,58.280000,2933,1920,1080,render_frames/render_00002933.jpg
6063,58.300000,2935,1920,1080,render_frames/render_00002935.jpg
6064,58.320000,2936,1920,1080,render_frames/render_00002936.jpg
6065,58.340000,2937,1920,1080,render_frames/render_00002937.jpg
6066,58.360000,2938,1920,1080,render_frames/render_00002938.jpg
6067,58.380000,2939,1920,1080,render_frames/render_00002939.jpg
6068,58.400000,2941,1920,1080,render_frames/render_00002941.jpg
6069,58.420000,2942,1920,1080,render_frames/render_00002942.jpg
6070,58.440000,2943,1920,1080,render_frames/render_00002943.jpg
6071,58.460000,2944,1920,1080,render_frames/render_00002944.jpg
6072,58.480000,2945,1920,1080,render_frames/render_00002945.jpg
6073,58.500000,2947,1920,1080,render_frames/render_00002947.jpg
6074,58.520000,2948,1920,1080,render_frames/render_00002948.jpg
6075,58.540000,2949,1920,1080,render_frames/render_00002949.jpg
6076,58.560000,2950,1920,1080,render_frames/render_00002950.jpg
6077,58.580000,2951,1920,1080,render_frames/render_00002951.jpg
6078,58.600000,2953,1920,1080,render_frames/render_00002953.jpg
6079,58.620000,2954,1920,1080,render_frames/render_00002954.jpg
6080,58.640000,2955,1920,1080,render_frames/render_00002955.jpg
6081,58.660000,2956,1920,1080,render_frames/render_00002956.jpg
6082,58.680000,2957,1920,1080,render_frames/render_00002957.jpg
6083,58.700000,2959,1920,1080,render_frames/render_00002959.jpg
6084,58.720000,2960,1920,1080,render_frames/render_00002960.jpg
6085,58.740000,2961,1920,1080,render_frames/render_00002961.jpg
6086,58.760000,2962,1920,1080,render_frames/render_00002962.jpg
6087,58.780000,2963,1920,1080,render_frames/render_00002963.jpg
6088,58.800000,2965,1920,1080,render_frames/render_00002965.jpg
6089,58.820000,2966,1920,1080,render_frames/render_00002966.jpg
6090,58.840000,2967,1920,1080,render_frames/render_00002967.jpg
6091,58.860000,2968,1920,1080,render_frames/render_00002968.jpg
6092,58.880000,2970,1920,1080,render_frames/render_00002970.jpg
6093,58.900000,2971,1920,1080,render_frames/render_00002971.jpg
6094,58.920000,2972,1920,1080,render_frames/render_00002972.jpg
6095,58.940000,2973,1920,1080,render_frames/render_00002973.jpg
6096,58.960000,2974,1920,1080,render_frames/render_00002974.jpg
6097,58.980000,2976,1920,1080,render_frames/render_00002976.jpg
6098,59.000000,2977,1920,1080,render_frames/render_00002977.jpg
6099,59.020000,2978,1920,1080,render_frames/render_00002978.jpg
6100,59.040000,2979,1920,1080,render_frames/render_00002979.jpg
6101,59.060000,2980,1920,1080,render_frames/render_00002980.jpg
6102,59.080000,2982,1920,1080,render_frames/render_00002982.jpg
6103,59.100000,2983,1920,1080,render_frames/render_00002983.jpg
6104,59.120000,2984,1920,1080,render_frames/render_00002984.jpg
6105,59.140000,2985,1920,1080,render_frames/render_00002985.jpg
6106,59.160000,2986,1920,1080,render_frames/render_00002986.jpg
6107,59.180000,2988,1920,1080,render_frames/render_00002988.jpg
6108,59.200000,2989,1920,1080,render_frames/render_00002989.jpg
6109,59.220000,2990,1920,1080,render_frames/render_00002990.jpg
6110,59.240000,2991,1920,1080,render_frames/render_00002991.jpg
6111,59.260000,2992,1920,1080,render_frames/render_00002992.jpg
6112,59.280000,2994,1920,1080,render_frames/render_00002994.jpg
6113,59.300000,2995,1920,1080,render_frames/render_00002995.jpg
6114,59.320000,2996,1920,1080,render_frames/render_00002996.jpg
6115,59.340000,2997,1920,1080,render_frames/render_00002997.jpg
6116,59.360000,2998,1920,1080,render_frames/render_00002998.jpg
6117,59.380000,3000,1920,1080,render_frames/render_00003000.jpg
6118,59.400000,3001,1920,1080,render_frames/render_00003001.jpg
6119,59.420000,3002,1920,1080,render_frames/render_00003002.jpg
6120,59.440000,3003,1920,1080,render_frames/render_00003003.jpg
6121,59.460000,3004,1920,1080,render_frames/render_00003004.jpg
6122,59.480000,3006,1920,1080,render_frames/render_00003006.jpg
6123,59.500000,3007,1920,1080,render_frames/render_00003007.jpg
6124,59.520000,3008,1920,1080,render_frames/render_00003008.jpg
6125,59.540000,3009,1920,1080,render_frames/render_00003009.jpg
6126,59.560000,3010,1920,1080,render_frames/render_00003010.jpg
6127,59.580000,3012,1920,1080,render_frames/render_00003012.jpg
6128,59.600000,3013,1920,1080,render_frames/render_00003013.jpg
6129,59.620000,3014,1920,1080,render_frames/render_00003014.jpg
6130,59.640000,3015,1920,1080,render_frames/render_00003015.jpg
6131,59.660000,3016,1920,1080,render_frames/render_00003016.jpg
6132,59.680000,3018,1920,1080,render_frames/render_00003018.jpg
6133,59.700000,3019,1920,1080,render_frames/render_00003019.jpg
6134,59.720000,3020,1920,1080,render_frames/render_00003020.jpg
6135,59.740000,3021,1920,1080,render_frames/render_00003021.jpg
6136,59.760000,3022,1920,1080,render_frames/render_00003022.jpg
6137,59.780000,3024,1920,1080,render_frames/render_00003024.jpg
6138,59.800000,3025,1920,1080,render_frames/render_00003025.jpg
6139,59.820000,3026,1920,1080,render_frames/render_00003026.jpg
6140,59.840000,3027,1920,1080,render_frames/render_00003027.jpg
6141,59.860000,3028,1920,1080,render_frames/render_00003028.jpg
6142,59.880000,3030,1920,1080,render_frames/render_00003030.jpg
6143,59.900000,3031,1920,1080,render_frames/render_00003031.jpg
6144,59.920000,3032,1920,1080,render_frames/render_00003032.jpg
6145,59.940000,3033,1920,1080,render_frames/render_00003033.jpg
6146,59.960000,3034,1920,1080,render_frames/render_00003034.jpg
6147,59.980000,3036,1920,1080,render_frames/render_00003036.jpg
6148,60.000000,3037,1920,1080,render_frames/render_00003037.jpg
6149,60.020000,3038,1920,1080,render_frames/render_00003038.jpg
6150,60.040000,3039,1920,1080,render_frames/render_00003039.jpg
6151,60.060000,3040,1920,1080,render_frames/render_00003040.jpg
6152,60.080000,3041,1920,1080,render_frames/render_00003041.jpg
6153,60.100000,3042,1920,1080,render_frames/render_00003042.jpg
6154,60.120000,3043,1920,1080,render_frames/render_00003043.jpg
6155,60.140000,3044,1920,1080,render_frames/render_00003044.jpg
6156,60.160000,3045,1920,1080,render_frames/render_00003045.jpg
6157,60.180000,3047,1920,1080,render_frames/render_00003047.jpg
6158,60.200000,3048,1920,1080,render_frames/render_00003048.jpg
6159,60.220000,3049,1920,1080,render_frames/render_00003049.jpg
6160,60.240000,3050,1920,1080,render_frames/render_00003050.jpg
6161,60.260000,3052,1920,1080,render_frames/render_00003052.jpg
6162,60.280000,3053,1920,1080,render_frames/render_00003053.jpg
6163,60.300000,3054,1920,1080,render_frames/render_00003054.jpg
6164,60.320000,3055,1920,1080,render_frames/render_00003055.jpg
6165,60.340000,3056,1920,1080,render_frames/render_00003056.jpg
6166,60.360000,3058,1920,1080,render_frames/render_00003058.jpg
6167,60.380000,3059,1920,1080,render_frames/render_00003059.jpg
6168,60.400000,3060,1920,1080,render_frames/render_00003060.jpg
6169,60.420000,3061,1920,1080,render_frames/render_00003061.jpg
6170,60.440000,3062,1920,1080,render_frames/render_00003062.jpg
6171,60.460000,3064,1920,1080,render_frames/render_00003064.jpg
6172,60.480000,3065,1920,1080,render_frames/render_00003065.jpg
6173,60.500000,3066,1920,1080,render_frames/render_00003066.jpg
6174,60.520000,3067,1920,1080,render_frames/render_00003067.jpg
6175,60.540000,3068,1920,1080,render_frames/render_00003068.jpg
6176,60.560000,3070,1920,1080,render_frames/render_00003070.jpg
6177,60.580000,3071,1920,1080,render_frames/render_00003071.jpg
6178,60.600000,3072,1920,1080,render_frames/render_00003072.jpg
6179,60.620000,3073,1920,1080,render_frames/render_00003073.jpg
6180,60.640000,3074,1920,1080,render_frames/render_00003074.jpg
6181,60.660000,3076,1920,1080,render_frames/render_00003076.jpg
6182,60.680000,3077,1920,1080,render_frames/render_00003077.jpg
6183,60.700000,3078,1920,1080,render_frames/render_00003078.jpg
6184,60.720000,3079,1920,1080,render_frames/render_00003079.jpg
6185,60.740000,3080,1920,1080,render_frames/render_00003080.jpg
6186,60.760000,3082,1920,1080,render_frames/render_00003082.jpg
6187,60.780000,3083,1920,1080,render_frames/render_00003083.jpg
6188,60.800000,3084,1920,1080,render_frames/render_00003084.jpg
6189,60.820000,3085,1920,1080,render_frames/render_00003085.jpg
6190,60.840000,3086,1920,1080,render_frames/render_00003086.jpg
6191,60.860000,3088,1920,1080,render_frames/render_00003088.jpg
6192,60.880000,3089,1920,1080,render_frames/render_00003089.jpg
6193,60.900000,3090,1920,1080,render_frames/render_00003090.jpg
6194,60.920000,3091,1920,1080,render_frames/render_00003091.jpg
6195,60.940000,3092,1920,1080,render_frames/render_00003092.jpg
6196,60.960000,3094,1920,1080,render_frames/render_00003094.jpg
6197,60.980000,3095,1920,1080,render_frames/render_00003095.jpg
6198,61.000000,3096,1920,1080,render_frames/render_00003096.jpg
6199,61.020000,3097,1920,1080,render_frames/render_00003097.jpg
6200,61.040000,3098,1920,1080,render_frames/render_00003098.jpg
6201,61.060000,3100,1920,1080,render_frames/render_00003100.jpg
6202,61.080000,3101,1920,1080,render_frames/render_00003101.jpg
6203,61.100000,3102,1920,1080,render_frames/render_00003102.jpg
6204,61.120000,3103,1920,1080,render_frames/render_00003103.jpg
6205,61.140000,3104,1920,1080,render_frames/render_00003104.jpg
6206,61.160000,3106,1920,1080,render_frames/render_00003106.jpg
6207,61.180000,3107,1920,1080,render_frames/render_00003107.jpg
6208,61.200000,3108,1920,1080,render_frames/render_00003108.jpg
6209,61.220000,3109,1920,1080,render_frames/render_00003109.jpg
6210,61.240000,3110,1920,1080,render_frames/render_00003110.jpg
6211,61.260000,3112,1920,1080,render_frames/render_00003112.jpg
6212,61.280000,3113,1920,1080,render_frames/render_00003113.jpg
6213,61.300000,3114,1920,1080,render_frames/render_00003114.jpg
6214,61.320000,3115,1920,1080,render_frames/render_00003115.jpg
6215,61.340000,3116,1920,1080,render_frames/render_00003116.jpg
6216,61.360000,3118,1920,1080,render_frames/render_00003118.jpg
6217,61.380000,3119,1920,1080,render_frames/render_00003119.jpg
6218,61.400000,3120,1920,1080,render_frames/render_00003120.jpg
6219,61.420000,3121,1920,1080,render_frames/render_00003121.jpg
6220,61.440000,3122,1920,1080,render_frames/render_00003122.jpg
6221,61.460000,3124,1920,1080,render_frames/render_00003124.jpg
6222,61.480000,3125,1920,1080,render_frames/render_00003125.jpg
6223,61.500000,3126,1920,1080,render_frames/render_00003126.jpg
6224,61.520000,3128,1920,1080,render_frames/render_00003128.jpg
6225,61.540000,3129,1920,1080,render_frames/render_00003129.jpg
6226,61.560000,3130,1920,1080,render_frames/render_00003130.jpg
6227,61.580000,3131,1920,1080,render_frames/render_00003131.jpg
6228,61.600000,3132,1920,1080,render_frames/render_00003132.jpg
6229,61.620000,3134,1920,1080,render_frames/render_00003134.jpg
6230,61.640000,3135,1920,1080,render_frames/render_00003135.jpg
6231,61.660000,3136,1920,1080,render_frames/render_00003136.jpg
6232,61.680000,3137,1920,1080,render_frames/render_00003137.jpg
6233,61.700000,3138,1920,1080,render_frames/render_00003138.jpg
6234,61.720000,3140,1920,1080,render_frames/render_00003140.jpg
6235,61.740000,3141,1920,1080,render_frames/render_00003141.jpg
6236,61.760000,3142,1920,1080,render_frames/render_00003142.jpg
6237,61.780000,3143,1920,1080,render_frames/render_00003143.jpg
6238,61.800000,3144,1920,1080,render_frames/render_00003144.jpg
6239,61.820000,3146,1920,1080,render_frames/render_00003146.jpg
6240,61.840000,3147,1920,1080,render_frames/render_00003147.jpg
6241,61.860000,3148,1920,1080,render_frames/render_00003148.jpg
6242,61.880000,3149,1920,1080,render_frames/render_00003149.jpg
6243,61.900000,3150,1920,1080,render_frames/render_00003150.jpg
6244,61.920000,3152,1920,1080,render_frames/render_00003152.jpg
6245,61.940000,3153,1920,1080,render_frames/render_00003153.jpg
6246,61.960000,3154,1920,1080,render_frames/render_00003154.jpg
6247,61.980000,3155,1920,1080,render_frames/render_00003155.jpg
6248,62.000000,3156,1920,1080,render_frames/render_00003156.jpg
6249,62.020000,3158,1920,1080,render_frames/render_00003158.jpg
6250,62.040000,3159,1920,1080,render_frames/render_00003159.jpg
6251,62.060000,3160,1920,1080,render_frames/render_00003160.jpg
6252,62.080000,3161,1920,1080,render_frames/render_00003161.jpg
6253,62.100000,3162,1920,1080,render_frames/render_00003162.jpg
6254,62.120000,3164,1920,1080,render_frames/render_00003164.jpg
6255,62.140000,3165,1920,1080,render_frames/render_00003165.jpg
6256,62.160000,3166,1920,1080,render_frames/render_00003166.jpg
6257,62.180000,3167,1920,1080,render_frames/render_00003167.jpg
6258,62.200000,3168,1920,1080,render_frames/render_00003168.jpg
6259,62.220000,3170,1920,1080,render_frames/render_00003170.jpg
6260,62.240000,3171,1920,1080,render_frames/render_00003171.jpg
6261,62.260000,3172,1920,1080,render_frames/render_00003172.jpg
6262,62.280000,3173,1920,1080,render_frames/render_00003173.jpg
6263,62.300000,3174,1920,1080,render_frames/render_00003174.jpg
6264,62.320000,3176,1920,1080,render_frames/render_00003176.jpg
6265,62.340000,3177,1920,1080,render_frames/render_00003177.jpg
6266,62.360000,3178,1920,1080,render_frames/render_00003178.jpg
6267,62.380000,3179,1920,1080,render_frames/render_00003179.jpg
6268,62.400000,3181,1920,1080,render_frames/render_00003181.jpg
6269,62.420000,3182,1920,1080,render_frames/render_00003182.jpg
6270,62.440000,3183,1920,1080,render_frames/render_00003183.jpg
6271,62.460000,3184,1920,1080,render_frames/render_00003184.jpg
6272,62.480000,3185,1920,1080,render_frames/render_00003185.jpg
6273,62.500000,3187,1920,1080,render_frames/render_00003187.jpg
6274,62.520000,3188,1920,1080,render_frames/render_00003188.jpg
6275,62.540000,3189,1920,1080,render_frames/render_00003189.jpg
6276,62.560000,3190,1920,1080,render_frames/render_00003190.jpg
6277,62.580000,3191,1920,1080,render_frames/render_00003191.jpg
6278,62.600000,3193,1920,1080,render_frames/render_00003193.jpg
6279,62.620000,3194,1920,1080,render_frames/render_00003194.jpg
6280,62.640000,3195,1920,1080,render_frames/render_00003195.jpg
6281,62.660000,3196,1920,1080,render_frames/render_00003196.jpg
6282,62.680000,3197,1920,1080,render_frames/render_00003197.jpg
6283,62.700000,3199,1920,1080,render_frames/render_00003199.jpg
6284,62.720000,3200,1920,1080,render_frames/render_00003200.jpg
6285,62.740000,3201,1920,1080,render_frames/render_00003201.jpg
6286,62.760000,3202,1920,1080,render_frames/render_00003202.jpg
6287,62.780000,3203,1920,1080,render_frames/render_00003203.jpg
6288,62.800000,3205,1920,1080,render_frames/render_00003205.jpg
6289,62.820000,3205,1920,1080,render_frames/render_00003205.jpg
6290,62.840000,3207,1920,1080,render_frames/render_00003207.jpg
6291,62.860000,3208,1920,1080,render_frames/render_00003208.jpg
6292,62.880000,3210,1920,1080,render_frames/render_00003210.jpg
6293,62.900000,3211,1920,1080,render_frames/render_00003211.jpg
6294,62.920000,3212,1920,1080,render_frames/render_00003212.jpg
6295,62.940000,3213,1920,1080,render_frames/render_00003213.jpg
6296,62.960000,3214,1920,1080,render_frames/render_00003214.jpg
6297,62.980000,3216,1920,1080,render_frames/render_00003216.jpg
6298,63.000000,3217,1920,1080,render_frames/render_00003217.jpg
6299,63.020000,3218,1920,1080,render_frames/render_00003218.jpg
6300,63.040000,3219,1920,1080,render_frames/render_00003219.jpg
6301,63.060000,3220,1920,1080,render_frames/render_00003220.jpg
6302,63.080000,3222,1920,1080,render_frames/render_00003222.jpg
6303,63.100000,3223,1920,1080,render_frames/render_00003223.jpg
6304,63.120000,3224,1920,1080,render_frames/render_00003224.jpg
6305,63.140000,3225,1920,1080,render_frames/render_00003225.jpg
6306,63.160000,3226,1920,1080,render_frames/render_00003226.jpg
6307,63.180000,3228,1920,1080,render_frames/render_00003228.jpg
6308,63.200000,3229,1920,1080,render_frames/render_00003229.jpg
6309,63.220000,3230,1920,1080,render_frames/render_00003230.jpg
6310,63.240000,3231,1920,1080,render_frames/render_00003231.jpg
6311,63.260000,3232,1920,1080,render_frames/render_00003232.jpg
6312,63.280000,3234,1920,1080,render_frames/render_00003234.jpg
6313,63.300000,3235,1920,1080,render_frames/render_00003235.jpg
6314,63.320000,3236,1920,1080,render_frames/render_00003236.jpg
6315,63.340000,3237,1920,1080,render_frames/render_00003237.jpg
6316,63.360000,3238,1920,1080,render_frames/render_00003238.jpg
6317,63.380000,3240,1920,1080,render_frames/render_00003240.jpg
6318,63.400000,3241,1920,1080,render_frames/render_00003241.jpg
6319,63.420000,3242,1920,1080,render_frames/render_00003242.jpg
6320,63.440000,3243,1920,1080,render_frames/render_00003243.jpg
6321,63.460000,3244,1920,1080,render_frames/render_00003244.jpg
6322,63.480000,3246,1920,1080,render_frames/render_00003246.jpg
6323,63.500000,3247,1920,1080,render_frames/render_00003247.jpg
6324,63.520000,3248,1920,1080,render_frames/render_00003248.jpg
6325,63.540000,3249,1920,1080,render_frames/render_00003249.jpg
6326,63.560000,3250,1920,1080,render_frames/render_00003250.jpg
6327,63.580000,3252,1920,1080,render_frames/render_00003252.jpg
6328,63.600000,3253,1920,1080,render_frames/render_00003253.jpg
6329,63.620000,3254,1920,1080,render_frames/render_00003254.jpg
6330,63.640000,3255,1920,1080,render_frames/render_00003255.jpg
6331,63.660000,3257,1920,1080,render_frames/render_00003257.jpg
6332,63.680000,3258,1920,1080,render_frames/render_00003258.jpg
6333,63.700000,3259,1920,1080,render_frames/render_00003259.jpg
6334,63.720000,3260,1920,1080,render_frames/render_00003260.jpg
6335,63.740000,3261,1920,1080,render_frames/render_00003261.jpg
6336,63.760000,3263,1920,1080,render_frames/render_00003263.jpg
6337,63.780000,3264,1920,1080,render_frames/render_00003264.jpg
6338,63.800000,3265,1920,1080,render_frames/render_00003265.jpg
6339,63.820000,3266,1920,1080,render_frames/render_00003266.jpg
6340,63.840000,3267,1920,1080,render_frames/render_00003267.jpg
6341,63.860000,3269,1920,1080,render_frames/render_00003269.jpg
6342,63.880000,3270,1920,1080,render_frames/render_00003270.jpg
6343,63.900000,3271,1920,1080,render_frames/render_00003271.jpg
6344,63.920000,3272,1920,1080,render_frames/render_00003272.jpg
6345,63.940000,3273,1920,1080,render_frames/render_00003273.jpg
6346,63.960000,3275,1920,1080,render_frames/render_00003275.jpg
6347,63.980000,3276,1920,1080,render_frames/render_00003276.jpg
6348,64.000000,3277,1920,1080,render_frames/render_00003277.jpg
6349,64.020000,3278,1920,1080,render_frames/render_00003278.jpg
6350,64.040000,3279,1920,1080,render_frames/render_00003279.jpg
6351,64.060000,3281,1920,1080,render_frames/render_00003281.jpg
6352,64.080000,3282,1920,1080,render_frames/render_00003282.jpg
6353,64.100000,3283,1920,1080,render_frames/render_00003283.jpg
6354,64.120000,3284,1920,1080,render_frames/render_00003284.jpg
6355,64.140000,3285,1920,1080,render_frames/render_00003285.jpg
6356,64.160000,3287,1920,1080,render_frames/render_00003287.jpg
6357,64.180000,3288,1920,1080,render_frames/render_00003288.jpg
6358,64.200000,3289,1920,1080,render_frames/render_00003289.jpg
6359,64.220000,3290,1920,1080,render_frames/render_00003290.jpg
6360,64.240000,3291,1920,1080,render_frames/render_00003291.jpg
6361,64.260000,3293,1920,1080,render_frames/render_00003293.jpg
6362,64.280000,3294,1920,1080,render_frames/render_00003294.jpg
6363,64.300000,3295,1920,1080,render_frames/render_00003295.jpg
6364,64.320000,3296,1920,1080,render_frames/render_00003296.jpg
6365,64.340000,3297,1920,1080,render_frames/render_00003297.jpg
6366,64.360000,3299,1920,1080,render_frames/render_00003299.jpg
6367,64.380000,3300,1920,1080,render_frames/render_00003300.jpg
6368,64.400000,3301,1920,1080,render_frames/render_00003301.jpg
6369,64.420000,3302,1920,1080,render_frames/render_00003302.jpg
6370,64.440000,3303,1920,1080,render_frames/render_00003303.jpg
6371,64.460000,3305,1920,1080,render_frames/render_00003305.jpg
6372,64.480000,3306,1920,1080,render_frames/render_00003306.jpg
6373,64.500000,3307,1920,1080,render_frames/render_00003307.jpg
6374,64.520000,3308,1920,1080,render_frames/render_00003308.jpg
6375,64.540000,3309,1920,1080,render_frames/render_00003309.jpg
6376,64.560000,3311,1920,1080,render_frames/render_00003311.jpg
6377,64.580000,3312,1920,1080,render_frames/render_00003312.jpg
6378,64.600000,3313,1920,1080,render_frames/render_00003313.jpg
6379,64.620000,3314,1920,1080,render_frames/render_00003314.jpg
6380,64.640000,3316,1920,1080,render_frames/render_00003316.jpg
6381,64.660000,3317,1920,1080,render_frames/render_00003317.jpg
6382,64.680000,3318,1920,1080,render_frames/render_00003318.jpg
6383,64.700000,3319,1920,1080,render_frames/render_00003319.jpg
6384,64.720000,3320,1920,1080,render_frames/render_00003320.jpg
6385,64.740000,3322,1920,1080,render_frames/render_00003322.jpg
6386,64.760000,3323,1920,1080,render_frames/render_00003323.jpg
6387,64.780000,3324,1920,1080,render_frames/render_00003324.jpg
6388,64.800000,3325,1920,1080,render_frames/render_00003325.jpg
6389,64.820000,3326,1920,1080,render_frames/render_00003326.jpg
6390,64.840000,3328,1920,1080,render_frames/render_00003328.jpg
6391,64.860000,3329,1920,1080,render_frames/render_00003329.jpg
6392,64.880000,3330,1920,1080,render_frames/render_00003330.jpg
6393,64.900000,3331,1920,1080,render_frames/render_00003331.jpg
6394,64.920000,3332,1920,1080,render_frames/render_00003332.jpg
6395,64.940000,3334,1920,1080,render_frames/render_00003334.jpg
6396,64.960000,3334,1920,1080,render_frames/render_00003334.jpg
6397,64.980000,3336,1920,1080,render_frames/render_00003336.jpg
6398,65.000000,3337,1920,1080,render_frames/render_00003337.jpg
6399,65.020000,3338,1920,1080,render_frames/render_00003338.jpg
6400,65.040000,3340,1920,1080,render_frames/render_00003340.jpg
6401,65.060000,3341,1920,1080,render_frames/render_00003341.jpg
6402,65.080000,3342,1920,1080,render_frames/render_00003342.jpg
6403,65.100000,3343,1920,1080,render_frames/render_00003343.jpg
6404,65.120000,3344,1920,1080,render_frames/render_00003344.jpg
6405,65.140000,3346,1920,1080,render_frames/render_00003346.jpg
6406,65.160000,3347,1920,1080,render_frames/render_00003347.jpg
6407,65.180000,3348,1920,1080,render_frames/render_00003348.jpg
6408,65.200000,3349,1920,1080,render_frames/render_00003349.jpg
6409,65.220000,3350,1920,1080,render_frames/render_00003350.jpg
6410,65.240000,3352,1920,1080,render_frames/render_00003352.jpg
6411,65.260000,3353,1920,1080,render_frames/render_00003353.jpg
6412,65.280000,3354,1920,1080,render_frames/render_00003354.jpg
6413,65.300000,3355,1920,1080,render_frames/render_00003355.jpg
6414,65.320000,3356,1920,1080,render_frames/render_00003356.jpg
6415,65.340000,3357,1920,1080,render_frames/render_00003357.jpg
6416,65.360000,3359,1920,1080,render_frames/render_00003359.jpg
6417,65.380000,3360,1920,1080,render_frames/render_00003360.jpg
6418,65.400000,3361,1920,1080,render_frames/render_00003361.jpg
6419,65.420000,3363,1920,1080,render_frames/render_00003363.jpg
6420,65.440000,3364,1920,1080,render_frames/render_00003364.jpg
6421,65.460000,3365,1920,1080,render_frames/render_00003365.jpg
6422,65.480000,3366,1920,1080,render_frames/render_00003366.jpg
6423,65.500000,3367,1920,1080,render_frames/render_00003367.jpg
6424,65.520000,3369,1920,1080,render_frames/render_00003369.jpg
6425,65.540000,3370,1920,1080,render_frames/render_00003370.jpg
6426,65.560000,3371,1920,1080,render_frames/render_00003371.jpg
6427,65.580000,3372,1920,1080,render_frames/render_00003372.jpg
6428,65.600000,3373,1920,1080,render_frames/render_00003373.jpg
6429,65.620000,3375,1920,1080,render_frames/render_00003375.jpg
6430,65.640000,3376,1920,1080,render_frames/render_00003376.jpg
6431,65.660000,3376,1920,1080,render_frames/render_00003376.jpg
6432,65.680000,3378,1920,1080,render_frames/render_00003378.jpg
6433,65.700000,3379,1920,1080,render_frames/render_00003379.jpg
6434,65.720000,3381,1920,1080,render_frames/render_00003381.jpg
6435,65.740000,3382,1920,1080,render_frames/render_00003382.jpg
6436,65.760000,3383,1920,1080,render_frames/render_00003383.jpg
6437,65.780000,3384,1920,1080,render_frames/render_00003384.jpg
6438,65.800000,3385,1920,1080,render_frames/render_00003385.jpg
6439,65.820000,3387,1920,1080,render_frames/render_00003387.jpg
6440,65.840000,3388,1920,1080,render_frames/render_00003388.jpg
6441,65.860000,3389,1920,1080,render_frames/render_00003389.jpg
6442,65.880000,3390,1920,1080,render_frames/render_00003390.jpg
6443,65.900000,3391,1920,1080,render_frames/render_00003391.jpg
6444,65.920000,3393,1920,1080,render_frames/render_00003393.jpg
6445,65.940000,3394,1920,1080,render_frames/render_00003394.jpg
6446,65.960000,3395,1920,1080,render_frames/render_00003395.jpg
6447,65.980000,3396,1920,1080,render_frames/render_00003396.jpg
6448,66.000000,3398,1920,1080,render_frames/render_00003398.jpg
6449,66.020000,3399,1920,1080,render_frames/render_00003399.jpg
6450,66.040000,3400,1920,1080,render_frames/render_00003400.jpg
6451,66.060000,3401,1920,1080,render_frames/render_00003401.jpg
6452,66.080000,3402,1920,1080,render_frames/render_00003402.jpg
6453,66.100000,3404,1920,1080,render_frames/render_00003404.jpg
6454,66.120000,3405,1920,1080,render_frames/render_00003405.jpg
6455,66.140000,3406,1920,1080,render_frames/render_00003406.jpg
6456,66.160000,3407,1920,1080,render_frames/render_00003407.jpg
6457,66.180000,3408,1920,1080,render_frames/render_00003408.jpg
6458,66.200000,3410,1920,1080,render_frames/render_00003410.jpg
6459,66.220000,3411,1920,1080,render_frames/render_00003411.jpg
6460,66.240000,3412,1920,1080,render_frames/render_00003412.jpg
6461,66.260000,3413,1920,1080,render_frames/render_00003413.jpg
6462,66.280000,3414,1920,1080,render_frames/render_00003414.jpg
6463,66.300000,3416,1920,1080,render_frames/render_00003416.jpg
6464,66.320000,3417,1920,1080,render_frames/render_00003417.jpg
6465,66.340000,3418,1920,1080,render_frames/render_00003418.jpg
6466,66.360000,3419,1920,1080,render_frames/render_00003419.jpg
6467,66.380000,3420,1920,1080,render_frames/render_00003420.jpg
6468,66.400000,3422,1920,1080,render_frames/render_00003422.jpg
6469,66.420000,3423,1920,1080,render_frames/render_00003423.jpg
6470,66.440000,3424,1920,1080,render_frames/render_00003424.jpg
6471,66.460000,3425,1920,1080,render_frames/render_00003425.jpg
6472,66.480000,3426,1920,1080,render_frames/render_00003426.jpg
6473,66.500000,3428,1920,1080,render_frames/render_00003428.jpg
6474,66.520000,3429,1920,1080,render_frames/render_00003429.jpg
6475,66.540000,3430,1920,1080,render_frames/render_00003430.jpg
6476,66.560000,3431,1920,1080,render_frames/render_00003431.jpg
6477,66.580000,3432,1920,1080,render_frames/render_00003432.jpg
6478,66.600000,3434,1920,1080,render_frames/render_00003434.jpg
6479,66.620000,3435,1920,1080,render_frames/render_00003435.jpg
6480,66.640000,3436,1920,1080,render_frames/render_00003436.jpg
6481,66.660000,3437,1920,1080,render_frames/render_00003437.jpg
6482,66.680000,3438,1920,1080,render_frames/render_00003438.jpg
6483,66.700000,3440,1920,1080,render_frames/render_00003440.jpg
6484,66.720000,3441,1920,1080,render_frames/render_00003441.jpg
6485,66.740000,3442,1920,1080,render_frames/render_00003442.jpg
6486,66.760000,3443,1920,1080,render_frames/render_00003443.jpg
6487,66.780000,3444,1920,1080,render_frames/render_00003444.jpg
6488,66.800000,3446,1920,1080,render_frames/render_00003446.jpg
6489,66.820000,3447,1920,1080,render_frames/render_00003447.jpg
6490,66.840000,3448,1920,1080,render_frames/render_00003448.jpg
6491,66.860000,3449,1920,1080,render_frames/render_00003449.jpg
6492,66.880000,3450,1920,1080,render_frames/render_00003450.jpg
6493,66.900000,3452,1920,1080,render_frames/render_00003452.jpg
6494,66.920000,3453,1920,1080,render_frames/render_00003453.jpg
6495,66.940000,3454,1920,1080,render_frames/render_00003454.jpg
6496,66.960000,3455,1920,1080,render_frames/render_00003455.jpg
6497,66.980000,3457,1920,1080,render_frames/render_00003457.jpg
6498,67.000000,3457,1920,1080,render_frames/render_00003457.jpg
6499,67.020000,3459,1920,1080,render_frames/render_00003459.jpg
6500,67.040000,3460,1920,1080,render_frames/render_00003460.jpg
6501,67.060000,3461,1920,1080,render_frames/render_00003461.jpg
6502,67.080000,3463,1920,1080,render_frames/render_00003463.jpg
6503,67.100000,3464,1920,1080,render_frames/render_00003464.jpg
6504,67.120000,3465,1920,1080,render_frames/render_00003465.jpg
6505,67.140000,3466,1920,1080,render_frames/render_00003466.jpg
6506,67.160000,3467,1920,1080,render_frames/render_00003467.jpg
6507,67.180000,3469,1920,1080,render_frames/render_00003469.jpg
6508,67.200000,3470,1920,1080,render_frames/render_00003470.jpg
6509,67.220000,3471,1920,1080,render_frames/render_00003471.jpg
6510,67.240000,3472,1920,1080,render_frames/render_00003472.jpg
6511,67.260000,3473,1920,1080,render_frames/render_00003473.jpg
6512,67.280000,3475,1920,1080,render_frames/render_00003475.jpg
6513,67.300000,3476,1920,1080,render_frames/render_00003476.jpg
6514,67.320000,3477,1920,1080,render_frames/render_00003477.jpg
6515,67.340000,3478,1920,1080,render_frames/render_00003478.jpg
6516,67.360000,3479,1920,1080,render_frames/render_00003479.jpg
6517,67.380000,3481,1920,1080,render_frames/render_00003481.jpg
6518,67.400000,3482,1920,1080,render_frames/render_00003482.jpg
6519,67.420000,3483,1920,1080,render_frames/render_00003483.jpg
6520,67.440000,3484,1920,1080,render_frames/render_00003484.jpg
6521,67.460000,3485,1920,1080,render_frames/render_00003485.jpg
6522,67.480000,3487,1920,1080,render_frames/render_00003487.jpg
6523,67.500000,3488,1920,1080,render_frames/render_00003488.jpg
6524,67.520000,3489,1920,1080,render_frames/render_00003489.jpg
6525,67.540000,3490,1920,1080,render_frames/render_00003490.jpg
6526,67.560000,3491,1920,1080,render_frames/render_00003491.jpg
6527,67.580000,3493,1920,1080,render_frames/render_00003493.jpg
6528,67.600000,3494,1920,1080,render_frames/render_00003494.jpg
6529,67.620000,3495,1920,1080,render_frames/render_00003495.jpg
6530,67.640000,3496,1920,1080,render_frames/render_00003496.jpg
6531,67.660000,3498,1920,1080,render_frames/render_00003498.jpg
6532,67.680000,3499,1920,1080,render_frames/render_00003499.jpg
6533,67.700000,3500,1920,1080,render_frames/render_00003500.jpg
6534,67.720000,3501,1920,1080,render_frames/render_00003501.jpg
6535,67.740000,3502,1920,1080,render_frames/render_00003502.jpg
6536,67.760000,3504,1920,1080,render_frames/render_00003504.jpg
6537,67.780000,3505,1920,1080,render_frames/render_00003505.jpg
6538,67.800000,3506,1920,1080,render_frames/render_00003506.jpg
6539,67.820000,3507,1920,1080,render_frames/render_00003507.jpg
6540,67.840000,3508,1920,1080,render_frames/render_00003508.jpg
6541,67.860000,3510,1920,1080,render_frames/render_00003510.jpg
6542,67.880000,3511,1920,1080,render_frames/render_00003511.jpg
6543,67.900000,3512,1920,1080,render_frames/render_00003512.jpg
6544,67.920000,3513,1920,1080,render_frames/render_00003513.jpg
6545,67.940000,3514,1920,1080,render_frames/render_00003514.jpg
6546,67.960000,3516,1920,1080,render_frames/render_00003516.jpg
6547,67.980000,3517,1920,1080,render_frames/render_00003517.jpg
6548,68.000000,3518,1920,1080,render_frames/render_00003518.jpg
6549,68.020000,3519,1920,1080,render_frames/render_00003519.jpg
6550,68.040000,3520,1920,1080,render_frames/render_00003520.jpg
6551,68.060000,3522,1920,1080,render_frames/render_00003522.jpg
6552,68.080000,3523,1920,1080,render_frames/render_00003523.jpg
6553,68.100000,3524,1920,1080,render_frames/render_00003524.jpg
6554,68.120000,3525,1920,1080,render_frames/render_00003525.jpg
6555,68.140000,3526,1920,1080,render_frames/render_00003526.jpg
6556,68.160000,3528,1920,1080,render_frames/render_00003528.jpg
6557,68.180000,3529,1920,1080,render_frames/render_00003529.jpg
6558,68.200000,3530,1920,1080,render_frames/render_00003530.jpg
6559,68.220000,3531,1920,1080,render_frames/render_00003531.jpg
6560,68.240000,3532,1920,1080,render_frames/render_00003532.jpg
6561,68.260000,3534,1920,1080,render_frames/render_00003534.jpg
6562,68.280000,3534,1920,1080,render_frames/render_00003534.jpg
6563,68.300000,3536,1920,1080,render_frames/render_00003536.jpg
6564,68.320000,3537,1920,1080,render_frames/render_00003537.jpg
6565,68.340000,3538,1920,1080,render_frames/render_00003538.jpg
6566,68.360000,3540,1920,1080,render_frames/render_00003540.jpg
6567,68.380000,3541,1920,1080,render_frames/render_00003541.jpg
6568,68.400000,3542,1920,1080,render_frames/render_00003542.jpg
6569,68.420000,3543,1920,1080,render_frames/render_00003543.jpg
6570,68.440000,3544,1920,1080,render_frames/render_00003544.jpg
6571,68.460000,3546,1920,1080,render_frames/render_00003546.jpg
6572,68.480000,3547,1920,1080,render_frames/render_00003547.jpg
6573,68.500000,3548,1920,1080,render_frames/render_00003548.jpg
6574,68.520000,3549,1920,1080,render_frames/render_00003549.jpg
6575,68.540000,3550,1920,1080,render_frames/render_00003550.jpg
6576,68.560000,3552,1920,1080,render_frames/render_00003552.jpg
6577,68.580000,3553,1920,1080,render_frames/render_00003553.jpg
6578,68.600000,3554,1920,1080,render_frames/render_00003554.jpg
6579,68.620000,3555,1920,1080,render_frames/render_00003555.jpg
6580,68.640000,3556,1920,1080,render_frames/render_00003556.jpg
6581,68.660000,3558,1920,1080,render_frames/render_00003558.jpg
6582,68.680000,3559,1920,1080,render_frames/render_00003559.jpg
6583,68.700000,3560,1920,1080,render_frames/render_00003560.jpg
6584,68.720000,3561,1920,1080,render_frames/render_00003561.jpg
6585,68.740000,3562,1920,1080,render_frames/render_00003562.jpg
6586,68.760000,3564,1920,1080,render_frames/render_00003564.jpg
6587,68.780000,3565,1920,1080,render_frames/render_00003565.jpg
6588,68.800000,3566,1920,1080,render_frames/render_00003566.jpg
6589,68.820000,3567,1920,1080,render_frames/render_00003567.jpg
6590,68.840000,3569,1920,1080,render_frames/render_00003569.jpg
6591,68.860000,3570,1920,1080,render_frames/render_00003570.jpg
6592,68.880000,3571,1920,1080,render_frames/render_00003571.jpg
6593,68.900000,3572,1920,1080,render_frames/render_00003572.jpg
6594,68.920000,3573,1920,1080,render_frames/render_00003573.jpg
6595,68.940000,3575,1920,1080,render_frames/render_00003575.jpg
6596,68.960000,3576,1920,1080,render_frames/render_00003576.jpg
6597,68.980000,3577,1920,1080,render_frames/render_00003577.jpg
6598,69.000000,3578,1920,1080,render_frames/render_00003578.jpg
6599,69.020000,3579,1920,1080,render_frames/render_00003579.jpg
6600,69.040000,3581,1920,1080,render_frames/render_00003581.jpg
6601,69.060000,3582,1920,1080,render_frames/render_00003582.jpg
6602,69.080000,3583,1920,1080,render_frames/render_00003583.jpg
6603,69.100000,3584,1920,1080,render_frames/render_00003584.jpg
6604,69.120000,3585,1920,1080,render_frames/render_00003585.jpg
6605,69.140000,3587,1920,1080,render_frames/render_00003587.jpg
6606,69.160000,3588,1920,1080,render_frames/render_00003588.jpg
6607,69.180000,3589,1920,1080,render_frames/render_00003589.jpg
6608,69.200000,3590,1920,1080,render_frames/render_00003590.jpg
6609,69.220000,3591,1920,1080,render_frames/render_00003591.jpg
6610,69.240000,3593,1920,1080,render_frames/render_00003593.jpg
6611,69.260000,3594,1920,1080,render_frames/render_00003594.jpg
6612,69.280000,3595,1920,1080,render_frames/render_00003595.jpg
6613,69.300000,3596,1920,1080,render_frames/render_00003596.jpg
6614,69.320000,3597,1920,1080,render_frames/render_00003597.jpg
6615,69.340000,3599,1920,1080,render_frames/render_00003599.jpg
6616,69.360000,3600,1920,1080,render_frames/render_00003600.jpg
6617,69.380000,3601,1920,1080,render_frames/render_00003601.jpg
6618,69.400000,3602,1920,1080,render_frames/render_00003602.jpg
6619,69.420000,3603,1920,1080,render_frames/render_00003603.jpg
6620,69.440000,3605,1920,1080,render_frames/render_00003605.jpg
6621,69.460000,3606,1920,1080,render_frames/render_00003606.jpg
6622,69.480000,3607,1920,1080,render_frames/render_00003607.jpg
6623,69.500000,3608,1920,1080,render_frames/render_00003608.jpg
6624,69.520000,3609,1920,1080,render_frames/render_00003609.jpg
6625,69.540000,3611,1920,1080,render_frames/render_00003611.jpg
6626,69.560000,3612,1920,1080,render_frames/render_00003612.jpg
6627,69.580000,3613,1920,1080,render_frames/render_00003613.jpg
6628,69.600000,3614,1920,1080,render_frames/render_00003614.jpg
6629,69.620000,3615,1920,1080,render_frames/render_00003615.jpg
6630,69.640000,3617,1920,1080,render_frames/render_00003617.jpg
6631,69.660000,3618,1920,1080,render_frames/render_00003618.jpg
6632,69.680000,3619,1920,1080,render_frames/render_00003619.jpg
6633,69.700000,3620,1920,1080,render_frames/render_00003620.jpg
6634,69.720000,3622,1920,1080,render_frames/render_00003622.jpg
6635,69.740000,3623,1920,1080,render_frames/render_00003623.jpg
6636,69.760000,3624,1920,1080,render_frames/render_00003624.jpg
6637,69.780000,3625,1920,1080,render_frames/render_00003625.jpg
6638,69.800000,3626,1920,1080,render_frames/render_00003626.jpg
6639,69.820000,3628,1920,1080,render_frames/render_00003628.jpg
6640,69.840000,3629,1920,1080,render_frames/render_00003629.jpg
6641,69.860000,3630,1920,1080,render_frames/render_00003630.jpg
6642,69.880000,3631,1920,1080,render_frames/render_00003631.jpg
6643,69.900000,3632,1920,1080,render_frames/render_00003632.jpg
6644,69.920000,3634,1920,1080,render_frames/render_00003634.jpg
6645,69.940000,3635,1920,1080,render_frames/render_00003635.jpg
6646,69.960000,3636,1920,1080,render_frames/render_00003636.jpg
6647,69.980000,3637,1920,1080,render_frames/render_00003637.jpg
6648,70.000000,3638,1920,1080,render_frames/render_00003638.jpg
6649,70.020000,3640,1920,1080,render_frames/render_00003640.jpg
6650,70.040000,3641,1920,1080,render_frames/render_00003641.jpg
6651,70.060000,3642,1920,1080,render_frames/render_00003642.jpg
6652,70.080000,3643,1920,1080,render_frames/render_00003643.jpg
6653,70.100000,3644,1920,1080,render_frames/render_00003644.jpg
6654,70.120000,3646,1920,1080,render_frames/render_00003646.jpg
6655,70.140000,3647,1920,1080,render_frames/render_00003647.jpg
6656,70.160000,3648,1920,1080,render_frames/render_00003648.jpg
6657,70.180000,3649,1920,1080,render_frames/render_00003649.jpg
6658,70.200000,3650,1920,1080,render_frames/render_00003650.jpg
6659,70.220000,3652,1920,1080,render_frames/render_00003652.jpg
6660,70.240000,3653,1920,1080,render_frames/render_00003653.jpg
6661,70.260000,3654,1920,1080,render_frames/render_00003654.jpg
6662,70.280000,3655,1920,1080,render_frames/render_00003655.jpg
6663,70.300000,3656,1920,1080,render_frames/render_00003656.jpg
6664,70.320000,3658,1920,1080,render_frames/render_00003658.jpg
6665,70.340000,3659,1920,1080,render_frames/render_00003659.jpg
6666,70.360000,3660,1920,1080,render_frames/render_00003660.jpg
6667,70.380000,3661,1920,1080,render_frames/render_00003661.jpg
6668,70.400000,3662,1920,1080,render_frames/render_00003662.jpg
6669,70.420000,3664,1920,1080,render_frames/render_00003664.jpg
6670,70.440000,3665,1920,1080,render_frames/render_00003665.jpg
6671,70.460000,3666,1920,1080,render_frames/render_00003666.jpg
6672,70.480000,3667,1920,1080,render_frames/render_00003667.jpg
6673,70.500000,3669,1920,1080,render_frames/render_00003669.jpg
6674,70.520000,3670,1920,1080,render_frames/render_00003670.jpg
6675,70.540000,3671,1920,1080,render_frames/render_00003671.jpg
6676,70.560000,3672,1920,1080,render_frames/render_00003672.jpg
6677,70.580000,3673,1920,1080,render_frames/render_00003673.jpg
6678,70.600000,3675,1920,1080,render_frames/render_00003675.jpg
6679,70.620000,3676,1920,1080,render_frames/render_00003676.jpg
6680,70.640000,3677,1920,1080,render_frames/render_00003677.jpg
6681,70.660000,3678,1920,1080,render_frames/render_00003678.jpg
6682,70.680000,3679,1920,1080,render_frames/render_00003679.jpg
6683,70.700000,3681,1920,1080,render_frames/render_00003681.jpg
6684,70.720000,3682,1920,1080,render_frames/render_00003682.jpg
6685,70.740000,3683,1920,1080,render_frames/render_00003683.jpg
6686,70.760000,3684,1920,1080,render_frames/render_00003684.jpg
6687,70.780000,3685,1920,1080,render_frames/render_00003685.jpg
6688,70.800000,3687,1920,1080,render_frames/render_00003687.jpg
6689,70.820000,3688,1920,1080,render_frames/render_00003688.jpg
6690,70.840000,3689,1920,1080,render_frames/render_00003689.jpg
6691,70.860000,3690,1920,1080,render_frames/render_00003690.jpg
6692,70.880000,3691,1920,1080,render_frames/render_00003691.jpg
6693,70.900000,3693,1920,1080,render_frames/render_00003693.jpg
6694,70.920000,3694,1920,1080,render_frames/render_00003694.jpg
6695,70.940000,3695,1920,1080,render_frames/render_00003695.jpg
6696,70.960000,3696,1920,1080,render_frames/render_00003696.jpg
6697,70.980000,3697,1920,1080,render_frames/render_00003697.jpg
6698,71.000000,3699,1920,1080,render_frames/render_00003699.jpg
6699,71.020000,3700,1920,1080,render_frames/render_00003700.jpg
6700,71.040000,3701,1920,1080,render_frames/render_00003701.jpg
6701,71.060000,3702,1920,1080,render_frames/render_00003702.jpg
6702,71.080000,3703,1920,1080,render_frames/render_00003703.jpg
6703,71.100000,3705,1920,1080,render_frames/render_00003705.jpg
6704,71.120000,3706,1920,1080,render_frames/render_00003706.jpg
6705,71.140000,3707,1920,1080,render_frames/render_00003707.jpg
6706,71.160000,3708,1920,1080,render_frames/render_00003708.jpg
6707,71.180000,3709,1920,1080,render_frames/render_00003709.jpg
6708,71.200000,3711,1920,1080,render_frames/render_00003711.jpg
6709,71.220000,3712,1920,1080,render_frames/render_00003712.jpg
6710,71.240000,3713,1920,1080,render_frames/render_00003713.jpg
6711,71.260000,3714,1920,1080,render_frames/render_00003714.jpg
6712,71.280000,3715,1920,1080,render_frames/render_00003715.jpg
6713,71.300000,3717,1920,1080,render_frames/render_00003717.jpg
6714,71.320000,3718,1920,1080,render_frames/render_00003718.jpg
6715,71.340000,3719,1920,1080,render_frames/render_00003719.jpg
6716,71.360000,3720,1920,1080,render_frames/render_00003720.jpg
6717,71.380000,3721,1920,1080,render_frames/render_00003721.jpg
6718,71.400000,3723,1920,1080,render_frames/render_00003723.jpg
6719,71.420000,3724,1920,1080,render_frames/render_00003724.jpg
6720,71.440000,3725,1920,1080,render_frames/render_00003725.jpg
6721,71.460000,3726,1920,1080,render_frames/render_00003726.jpg
6722,71.480000,3728,1920,1080,render_frames/render_00003728.jpg
6723,71.500000,3729,1920,1080,render_frames/render_00003729.jpg
6724,71.520000,3730,1920,1080,render_frames/render_00003730.jpg
6725,71.540000,3731,1920,1080,render_frames/render_00003731.jpg
6726,71.560000,3732,1920,1080,render_frames/render_00003732.jpg
6727,71.580000,3734,1920,1080,render_frames/render_00003734.jpg
6728,71.600000,3735,1920,1080,render_frames/render_00003735.jpg
6729,71.620000,3736,1920,1080,render_frames/render_00003736.jpg
6730,71.640000,3737,1920,1080,render_frames/render_00003737.jpg
6731,71.660000,3738,1920,1080,render_frames/render_00003738.jpg
6732,71.680000,3740,1920,1080,render_frames/render_00003740.jpg
6733,71.700000,3741,1920,1080,render_frames/render_00003741.jpg
6734,71.720000,3742,1920,1080,render_frames/render_00003742.jpg
6735,71.740000,3743,1920,1080,render_frames/render_00003743.jpg
6736,71.760000,3744,1920,1080,render_frames/render_00003744.jpg
