inference_index,sim_time,policy_id,cmd_x,cmd_y,cmd_yaw
3623,9.500000,3,-0.000000,-0.000000,-0.000000
3624,9.520000,3,-0.000000,-0.000000,-0.000000
3625,9.540000,3,-0.000000,-0.000000,-0.000000
3626,9.560000,3,-0.000000,-0.000000,-0.000000
3627,9.580000,3,-0.000000,-0.000000,-0.000000
3628,9.600000,3,-0.000000,-0.000000,-0.000000
3629,9.620000,3,-0.000000,-0.000000,-0.000000
3630,9.640000,3,-0.000000,-0.000000,-0.000000
3631,9.660000,3,-0.000000,-0.000000,-0.000000
3632,9.680000,3,-0.000000,-0.000000,-0.000000
3633,9.700000,3,-0.000000,-0.000000,-0.000000
3634,9.720000,3,-0.000000,-0.000000,-0.000000
3635,9.740000,3,-0.000000,-0.000000,-0.000000
3636,9.760000,3,-0.000000,-0.000000,-0.000000
3637,9.780000,3,-0.000000,-0.000000,-0.000000
3638,9.800000,3,-0.000000,-0.000000,-0.000000
3639,9.820000,3,-0.000000,-0.000000,-0.000000
3640,9.840000,3,-0.000000,-0.000000,-0.000000
3641,9.860000,3,-0.000000,-0.000000,-0.000000
3642,9.880000,3,-0.000000,-0.000000,-0.000000
3643,9.900000,3,-0.000000,-0.000000,-0.000000
3644,9.920000,3,-0.000000,-0.000000,-0.000000
3645,9.940000,3,-0.000000,-0.000000,-0.000000
3646,9.960000,3,0.011109,0.168676,-0.000000
3647,9.980000,3,0.014100,0.402478,-0.000000
3648,10.000000,3,0.022217,0.618275,-0.000000
3649,10.020000,3,0.042848,0.800104,-0.000000
3650,10.040000,3,0.033235,0.942625,-0.000000
3651,10.060000,3,-0.056429,1.000000,-0.000000
3652,10.080000,3,-0.169927,1.000000,-0.000000
3653,10.100000,3,-0.193304,1.000000,-0.000000
3654,10.120000,3,-0.196204,1.000000,-0.000000
3655,10.140000,3,-0.223640,1.000000,-0.000000
3656,10.160000,3,-0.248543,1.000000,-0.000000
3657,10.180000,3,-0.271371,1.000000,-0.000000
3658,10.200000,3,-0.284280,1.000000,-0.000000
3659,10.220000,3,-0.288980,1.000000,-0.000000
3660,10.240000,3,-0.290170,1.000000,-0.000000
3661,10.260000,3,-0.290292,1.000000,-0.000000
3662,10.280000,3,-0.287912,1.000000,-0.000000
3663,10.300000,3,-0.263375,1.000000,-0.000000
3664,10.320000,3,-0.231117,1.000000,-0.000000
3665,10.340000,3,-0.210974,1.000000,-0.000000
3666,10.360000,3,-0.186529,1.000000,-0.000000
3667,10.380000,3,-0.154271,1.000000,-0.000000
3668,10.400000,3,-0.094852,1.000000,-0.000000
3669,10.420000,3,0.006592,1.000000,-0.000000
3670,10.440000,3,0.109043,1.000000,-0.000000
3671,10.460000,3,0.208594,1.000000,-0.000000
3672,10.480000,3,0.312845,1.000000,-0.000000
3673,10.500000,3,0.448469,0.952788,-0.000000
3674,10.520000,3,0.592395,0.870357,-0.000000
3675,10.540000,3,0.743950,0.744835,-0.000000
3676,10.560000,3,0.834834,0.641469,-0.000000
3677,10.580000,3,0.928007,0.497574,-0.000000
3678,10.600000,3,0.958556,0.436140,-0.000000
3679,10.620000,3,0.981017,0.383282,-0.000000
3680,10.640000,3,0.994598,0.346782,-0.000000
3681,10.660000,3,1.000000,0.249458,-0.000000
3682,10.680000,3,1.000000,0.151799,-0.000000
3683,10.700000,3,1.000000,0.074404,-0.000000
3684,10.720000,3,1.000000,0.004700,-0.000000
3685,10.740000,3,1.000000,-0.053255,-0.000000
3686,10.760000,3,1.000000,-0.118168,-0.000000
3687,10.780000,3,1.000000,-0.161870,-0.000000
3688,10.800000,3,1.000000,-0.208319,-0.000000
3689,10.820000,3,1.000000,-0.248482,-0.000000
3690,10.840000,3,1.000000,-0.272011,-0.000000
3691,10.860000,3,1.000000,-0.286355,-0.000000
3692,10.880000,3,1.000000,-0.307749,-0.000000
3693,10.900000,3,1.000000,-0.324198,-0.000000
3694,10.920000,3,0.999664,-0.332774,-0.000000
3695,10.940000,3,0.996857,-0.340251,-0.000000
3696,10.960000,3,0.991394,-0.355724,-0.000000
3697,10.980000,3,0.985961,-0.370373,-0.000000
3698,11.000000,3,0.977691,-0.391614,-0.000000
3699,11.020000,3,0.963744,-0.424604,-0.000000
3700,11.040000,3,0.950133,-0.454115,-0.000000
3701,11.060000,3,0.938444,-0.477676,-0.000000
3702,11.080000,3,0.931669,-0.490677,-0.000000
3703,11.100000,3,0.929929,-0.493973,-0.000000
3704,11.120000,3,0.929502,-0.494888,-0.000000
3705,11.140000,3,0.929319,-0.495224,-0.000000
3706,11.160000,3,0.929319,-0.495224,-0.000000
3707,11.180000,3,0.928709,-0.496384,-0.000000
3708,11.200000,3,0.928312,-0.497147,-0.000000
3709,11.220000,3,0.928220,-0.497360,-0.000000
3710,11.240000,3,0.928220,-0.497360,-0.000000
3711,11.260000,3,0.928220,-0.497360,-0.000000
3712,11.280000,3,0.928220,-0.497360,-0.000000
3713,11.300000,3,0.928220,-0.497360,-0.000000
3714,11.320000,3,0.928220,-0.497269,-0.000000
3715,11.340000,3,0.928220,-0.497269,-0.000000
3716,11.360000,3,0.928220,-0.497269,-0.000000
3717,11.380000,3,0.928220,-0.497269,-0.000000
3718,11.400000,3,0.928220,-0.497269,-0.000000
3719,11.420000,3,0.928220,-0.497269,-0.000000
3720,11.440000,3,0.928220,-0.497269,-0.000000
3721,11.460000,3,0.928220,-0.497269,-0.000000
3722,11.480000,3,0.928220,-0.497269,-0.000000
3723,11.500000,3,0.928220,-0.497269,-0.000000
3724,11.520000,3,0.928220,-0.497269,-0.000000
3725,11.540000,3,0.928220,-0.497269,-0.000000
3726,11.560000,3,0.928220,-0.497269,-0.000000
3727,11.580000,3,0.928220,-0.497269,-0.000000
3728,11.600000,3,0.928220,-0.497269,-0.000000
3729,11.620000,3,0.928220,-0.497269,-0.000000
3730,11.640000,3,0.928220,-0.497269,-0.000000
3731,11.660000,3,0.928220,-0.497269,-0.000000
3732,11.680000,3,0.927854,-0.497940,-0.000000
3733,11.700000,3,0.925443,-0.502304,-0.000000
3734,11.720000,3,0.883358,-0.518754,-0.000000
3735,11.740000,3,0.780297,-0.512589,-0.000000
3736,11.760000,3,0.684744,-0.477615,-0.000000
3737,11.780000,3,0.038820,-0.024598,-0.000000
3738,11.800000,3,-0.000000,-0.000000,-0.000000
3739,11.820000,3,-0.000000,-0.000000,-0.000000
3740,11.840000,3,-0.000000,-0.000000,-0.000000
3741,11.860000,3,-0.000000,-0.000000,-0.000000
3742,11.880000,3,-0.000000,-0.000000,-0.000000
3743,11.900000,3,-0.000000,-0.000000,-0.000000
3744,11.920000,3,-0.000000,-0.000000,-0.000000
3745,11.940000,3,-0.022126,0.018311,-0.000000
3746,11.960000,3,-0.119510,0.067690,-0.000000
3747,11.980000,3,-0.255470,0.094699,-0.000000
3748,12.000000,3,-0.450514,0.096957,-0.000000
3749,12.020000,3,-0.665181,0.052431,-0.000000
3750,12.040000,3,-1.000000,-0.058046,-0.000000
3751,12.060000,3,-1.000000,-0.084689,-0.000000
3752,12.080000,3,-1.000000,-0.087466,-0.000000
3753,12.100000,3,-1.000000,-0.092593,-0.000000
3754,12.120000,3,-1.000000,-0.102145,-0.000000
3755,12.140000,3,-1.000000,-0.113804,-0.000000
3756,12.160000,3,-1.000000,-0.128971,-0.000000
3757,12.180000,3,-1.000000,-0.139103,-0.000000
3758,12.200000,3,-1.000000,-0.140934,-0.000000
3759,12.220000,3,-1.000000,-0.143437,-0.000000
3760,12.240000,3,-1.000000,-0.156163,-0.000000
3761,12.260000,3,-1.000000,-0.174261,-0.000000
3762,12.280000,3,-1.000000,-0.190497,-0.000000
3763,12.300000,3,-1.000000,-0.209174,-0.000000
3764,12.320000,3,-1.000000,-0.235755,-0.000000
3765,12.340000,3,-1.000000,-0.258003,-0.000000
3766,12.360000,3,-1.000000,-0.270516,-0.000000
3767,12.380000,3,-1.000000,-0.276955,-0.000000
3768,12.400000,3,-1.000000,-0.279366,-0.000000
3769,12.420000,3,-1.000000,-0.282083,-0.000000
3770,12.440000,3,-1.000000,-0.283670,-0.000000
3771,12.460000,3,-1.000000,-0.285501,-0.000000
3772,12.480000,3,-1.000000,-0.285653,-0.000000
3773,12.500000,3,-1.000000,-0.279916,-0.000000
3774,12.520000,3,-1.000000,-0.272011,-0.000000
3775,12.540000,3,-1.000000,-0.271401,-0.000000
3776,12.560000,3,-1.000000,-0.270425,-0.000000
3777,12.580000,3,-1.000000,-0.267586,-0.000000
3778,12.600000,3,-1.000000,-0.264168,-0.006867
3779,12.620000,3,-1.000000,-0.262673,-0.075579
3780,12.640000,3,-1.000000,-0.262581,-0.141453
3781,12.660000,3,-1.000000,-0.262581,-0.203848
3782,12.680000,3,-1.000000,-0.261971,-0.297235
3783,12.700000,3,-1.000000,-0.261818,-0.411954
3784,12.720000,3,-1.000000,-0.261818,-0.532029
3785,12.740000,3,-1.000000,-0.261818,-0.641942
3786,12.760000,3,-1.000000,-0.261818,-0.726539
3787,12.780000,3,-1.000000,-0.261818,-0.790170
3788,12.800000,3,-1.000000,-0.261818,-0.896466
3789,12.820000,3,-1.000000,-0.261818,-0.994293
3790,12.840000,3,-1.000000,-0.261818,-1.089053
3791,12.860000,3,-1.000000,-0.261818,-1.157948
3792,12.880000,3,-1.000000,-0.261818,-1.193060
3793,12.900000,3,-1.000000,-0.261818,-1.227165
3794,12.920000,3,-1.000000,-0.261818,-1.250648
3795,12.940000,3,-1.000000,-0.261818,-1.294275
3796,12.960000,3,-1.000000,-0.261818,-1.313318
3797,12.980000,3,-1.000000,-0.261818,-1.347331
3798,13.000000,3,-1.000000,-0.261818,-1.441954
3799,13.020000,3,-1.000000,-0.261818,-1.500000
3800,13.040000,3,-1.000000,-0.261818,-1.500000
3801,13.060000,3,-1.000000,-0.261818,-1.500000
3802,13.080000,3,-1.000000,-0.260231,-1.500000
3803,13.100000,3,-1.000000,-0.259438,-1.500000
3804,13.120000,3,-1.000000,-0.259041,-1.500000
3805,13.140000,3,-1.000000,-0.258889,-1.500000
3806,13.160000,3,-1.000000,-0.258522,-1.500000
3807,13.180000,3,-1.000000,-0.258522,-1.500000
3808,13.200000,3,-1.000000,-0.258522,-1.500000
3809,13.220000,3,-1.000000,-0.259316,-1.500000
3810,13.240000,3,-1.000000,-0.262307,-1.500000
3811,13.260000,3,-1.000000,-0.267739,-1.500000
3812,13.280000,3,-1.000000,-0.278512,-1.500000
3813,13.300000,3,-1.000000,-0.299570,-1.374020
3814,13.320000,3,-1.000000,-0.322398,-1.001114
3815,13.340000,3,-0.988891,-0.362346,-0.226188
3816,13.360000,3,-0.967467,-0.415845,-0.000000
3817,13.380000,3,-0.938261,-0.477859,-0.000000
3818,13.400000,3,-0.903958,-0.539720,-0.000000
3819,13.420000,3,-0.869198,-0.593982,-0.000000
3820,13.440000,3,-0.837947,-0.637226,-0.000000
3821,13.460000,3,-0.812189,-0.669698,-0.000000
3822,13.480000,3,-0.785302,-0.701041,-0.000000
3823,13.500000,3,-0.759178,-0.729209,-0.000000
3824,13.520000,3,-0.730003,-0.758415,-0.000000
3825,13.540000,3,-0.692007,-0.793268,-0.000000
3826,13.560000,3,-0.641255,-0.834864,0.123463
3827,13.580000,3,-0.595203,-0.868374,0.309549
3828,13.600000,3,-0.556749,-0.893551,0.467116
3829,13.620000,3,-0.526688,-0.911649,0.641118
3830,13.640000,3,-0.505722,-0.923490,0.869732
3831,13.660000,3,-0.488723,-0.932646,1.090518
3832,13.680000,3,-0.463393,-0.945555,1.278619
3833,13.700000,3,-0.400861,-0.973846,1.461272
3834,13.720000,3,-0.356029,-0.991211,1.500000
3835,13.740000,3,-0.287057,-1.000000,1.500000
3836,13.760000,3,-0.225929,-1.000000,1.500000
3837,13.780000,3,-0.155065,-1.000000,1.500000
3838,13.800000,3,-0.093539,-1.000000,1.500000
3839,13.820000,3,-0.008240,-1.000000,1.500000
3840,13.840000,3,0.044527,-1.000000,1.500000
3841,13.860000,3,0.095889,-1.000000,1.500000
3842,13.880000,3,0.125858,-1.000000,1.500000
3843,13.900000,3,0.152867,-1.000000,1.500000
3844,13.920000,3,0.164586,-1.000000,1.500000
3845,13.940000,3,0.170354,-1.000000,1.500000
3846,13.960000,3,0.172552,-1.000000,1.500000
3847,13.980000,3,0.174017,-1.000000,1.500000
3848,14.000000,3,0.192724,-1.000000,1.500000
3849,14.020000,3,0.210944,-1.000000,1.500000
3850,14.040000,3,0.219306,-1.000000,1.500000
3851,14.060000,3,0.223853,-1.000000,1.500000
3852,14.080000,3,0.226264,-1.000000,1.500000
3853,14.100000,3,0.226691,-1.000000,1.500000
3854,14.120000,3,0.233222,-1.000000,1.500000
3855,14.140000,3,0.242073,-1.000000,1.500000
3856,14.160000,3,0.244331,-1.000000,1.500000
3857,14.180000,3,0.245979,-1.000000,1.500000
3858,14.200000,3,0.246223,-1.000000,1.500000
3859,14.220000,3,0.247414,-1.000000,1.500000
3860,14.240000,3,0.249916,-1.000000,1.500000
3861,14.260000,3,0.251961,-1.000000,1.500000
3862,14.280000,3,0.252724,-1.000000,1.500000
3863,14.300000,3,0.254830,-1.000000,1.500000
3864,14.320000,3,0.261116,-1.000000,1.500000
3865,14.340000,3,0.276193,-1.000000,1.500000
3866,14.360000,3,0.287912,-1.000000,1.500000
3867,14.380000,3,0.297647,-1.000000,1.500000
3868,14.400000,3,0.310129,-1.000000,1.480819
3869,14.420000,3,0.316691,-1.000000,1.415128
3870,14.440000,3,0.322794,-1.000000,1.337077
3871,14.460000,3,0.338755,-0.997314,1.261406
3872,14.480000,3,0.357799,-0.990600,1.181570
3873,14.500000,3,0.366100,-0.987732,1.108280
3874,14.520000,3,0.366741,-0.987396,1.044191
3875,14.540000,3,0.367321,-0.987182,0.956847
3876,14.560000,3,0.367656,-0.987091,0.782708
3877,14.580000,3,0.367718,-0.987030,0.539308
3878,14.600000,3,0.367901,-0.986969,0.175054
3879,14.620000,3,0.367962,-0.986969,-0.000000
3880,14.640000,3,0.365612,-0.987426,-0.000000
3881,14.660000,3,0.355907,-0.990966,-0.000000
3882,14.680000,3,0.338328,-0.997467,-0.000000
3883,14.700000,3,0.313517,-1.000000,-0.000000
3884,14.720000,3,0.289499,-1.000000,-0.000000
3885,14.740000,3,0.268502,-1.000000,-0.000000
3886,14.760000,3,0.250587,-1.000000,-0.000000
3887,14.780000,3,0.225867,-1.000000,-0.000000
3888,14.800000,3,0.183782,-1.000000,-0.000000
3889,14.820000,3,0.171941,-1.000000,-0.000000
3890,14.840000,3,0.147832,-1.000000,-0.000000
3891,14.860000,3,0.132939,-1.000000,-0.023255
3892,14.880000,3,0.097568,-1.000000,-0.242897
3893,14.900000,3,0.071291,-1.000000,-0.413877
3894,14.920000,3,0.046937,-1.000000,-0.542604
3895,14.940000,3,0.019593,-1.000000,-0.605548
3896,14.960000,3,0.002106,-1.000000,-0.624088
3897,14.980000,3,-0.000000,-1.000000,-0.628391
3898,15.000000,3,-0.000000,-1.000000,-0.629536
3899,15.020000,3,-0.000000,-1.000000,-0.627796
3900,15.040000,3,-0.000000,-1.000000,-0.550295
3901,15.060000,3,0.004608,-1.000000,-0.434706
3902,15.080000,3,0.049654,-1.000000,-0.314997
3903,15.100000,3,0.115116,-1.000000,-0.186361
3904,15.120000,3,0.211707,-1.000000,-0.037858
3905,15.140000,3,0.308695,-0.923429,-0.000000
3906,15.160000,3,0.401502,-0.843532,-0.000000
3907,15.180000,3,0.485122,-0.744346,-0.000000
3908,15.200000,3,0.570727,-0.658834,-0.000000
3909,15.220000,3,0.647572,-0.591723,-0.000000
3910,15.240000,3,0.712577,-0.541856,-0.000000
3911,15.260000,3,0.781915,-0.504410,-0.000000
3912,15.280000,3,0.831599,-0.473891,-0.000000
3913,15.300000,3,0.862911,-0.450819,-0.000000
3914,15.320000,3,0.903256,-0.422803,-0.000000
3915,15.340000,3,0.941435,-0.396863,-0.000000
3916,15.360000,3,0.986206,-0.369732,-0.000000
3917,15.380000,3,0.999054,-0.333750,-0.000000
3918,15.400000,3,1.000000,-0.315989,-0.000000
3919,15.420000,3,1.000000,-0.297372,-0.000000
3920,15.440000,3,1.000000,-0.278970,-0.000000
3921,15.460000,3,1.000000,-0.250984,-0.000000
3922,15.480000,3,1.000000,-0.224281,-0.000000
3923,15.500000,3,1.000000,-0.205756,-0.000000
3924,15.520000,3,1.000000,-0.198981,-0.000000
3925,15.540000,3,1.000000,-0.197913,-0.000000
3926,15.560000,3,1.000000,-0.197638,-0.000000
3927,15.580000,3,1.000000,-0.196966,-0.000000
3928,15.600000,3,1.000000,-0.195074,-0.000000
3929,15.620000,3,1.000000,-0.192389,-0.000000
3930,15.640000,3,1.000000,-0.190649,-0.000000
3931,15.660000,3,1.000000,-0.182989,-0.000000
3932,15.680000,3,1.000000,-0.168767,-0.000000
3933,15.700000,3,1.000000,-0.157292,-0.000000
3934,15.720000,3,1.000000,-0.155766,-0.000000
3935,15.740000,3,1.000000,-0.155309,-0.000000
3936,15.760000,3,1.000000,-0.157048,-0.000000
3937,15.780000,3,1.000000,-0.158208,-0.000000
3938,15.800000,3,1.000000,-0.158208,-0.000000
3939,15.820000,3,0.994476,-0.157994,-0.000000
3940,15.840000,3,0.972900,-0.157506,-0.000000
3941,15.860000,3,0.964599,-0.157567,-0.000000
3942,15.880000,3,0.960997,-0.157292,-0.000000
3943,15.900000,3,0.958403,-0.157079,-0.000000
3944,15.920000,3,0.955748,-0.157018,-0.000000
3945,15.940000,3,0.954192,-0.156957,-0.000000
3946,15.960000,3,0.953612,-0.156957,-0.000000
3947,15.980000,3,0.952788,-0.156957,-0.000000
3948,16.000000,3,0.943144,-0.156743,-0.000000
3949,16.020000,3,0.921232,-0.156224,-0.000000
3950,16.040000,3,0.868282,-0.155980,-0.000000
3951,16.060000,3,0.394055,-0.107578,-0.000000
3952,16.080000,3,-0.000000,-0.000000,-0.000000
3953,16.100000,3,-0.000000,-0.000000,-0.000000
3954,16.120000,3,-0.000000,-0.000000,-0.000000
3955,16.140000,3,-0.000000,-0.000000,-0.000000
3956,16.160000,3,-0.000000,-0.000000,-0.000000
3957,16.180000,3,-0.000000,-0.000000,-0.000000
3958,16.200000,3,-0.000000,-0.000000,-0.000000
3959,16.220000,3,-0.000000,-0.000000,-0.000000
3960,16.240000,3,-0.000000,-0.000000,-0.000000
3961,16.260000,3,-0.019471,-0.000000,-0.000000
3962,16.280000,3,-0.144963,-0.028077,-0.000000
3963,16.300000,3,-0.483139,-0.214576,-0.000000
3964,16.320000,3,-0.840632,-0.447218,-0.000000
3965,16.340000,3,-0.922483,-0.508042,-0.000000
3966,16.360000,3,-0.921598,-0.509232,-0.000000
3967,16.380000,3,-0.921598,-0.509293,-0.000000
3968,16.400000,3,-0.921598,-0.509140,-0.000000
3969,16.420000,3,-0.919126,-0.513596,-0.000000
3970,16.440000,3,-0.911588,-0.526811,-0.000000
3971,16.460000,3,-0.897488,-0.550371,-0.000000
3972,16.480000,3,-0.883999,-0.571764,-0.000000
3973,16.500000,3,-0.876583,-0.583056,-0.000000
3974,16.520000,3,-0.865413,-0.599445,-0.000000
3975,16.540000,3,-0.852504,-0.617664,-0.000000
3976,16.560000,3,-0.841670,-0.632282,-0.000000
3977,16.580000,3,-0.823206,-0.656117,-0.000000
3978,16.600000,3,-0.812647,-0.669149,-0.000000
3979,16.620000,3,-0.803858,-0.679647,-0.000000
3980,16.640000,3,-0.797418,-0.687216,-0.000000
3981,16.660000,3,-0.789911,-0.695853,-0.000000
3982,16.680000,3,-0.779748,-0.707205,-0.000000
3983,16.700000,3,-0.767235,-0.720756,-0.000000
3984,16.720000,3,-0.755028,-0.733512,-0.000000
3985,16.740000,3,-0.744743,-0.743950,-0.000000
3986,16.760000,3,-0.735405,-0.753197,-0.000000
3987,16.780000,3,-0.720450,-0.767510,-0.000000
3988,16.800000,3,-0.697867,-0.788110,-0.000000
3989,16.820000,3,-0.668905,-0.812860,-0.000000
3990,16.840000,3,-0.646321,-0.830927,-0.000000
3991,16.860000,3,-0.636555,-0.838435,-0.000000
3992,16.880000,3,-0.626087,-0.846339,-0.000000
3993,16.900000,3,-0.615253,-0.854244,-0.000000
3994,16.920000,3,-0.601428,-0.864040,-0.000000
3995,16.940000,3,-0.583728,-0.876156,-0.000000
3996,16.960000,3,-0.569720,-0.885311,-0.000000
3997,16.980000,3,-0.556993,-0.893399,-0.000000
3998,17.000000,3,-0.547319,-0.899411,-0.000000
3999,17.020000,3,-0.538682,-0.904599,-0.000000
4000,17.040000,3,-0.527360,-0.911252,-0.000000
4001,17.060000,3,-0.517624,-0.916837,-0.000000
4002,17.080000,3,-0.511429,-0.920316,-0.000000
4003,17.100000,3,-0.506882,-0.922575,-0.000000
4004,17.120000,3,-0.504593,-0.924039,-0.000000
4005,17.140000,3,-0.499283,-0.926756,-0.000000
4006,17.160000,3,-0.495743,-0.928892,-0.000000
4007,17.180000,3,-0.492691,-0.930357,-0.000000
4008,17.200000,3,-0.489975,-0.931852,-0.000000
4009,17.220000,3,-0.489212,-0.932249,-0.000000
4010,17.240000,3,-0.489120,-0.932310,-0.000000
4011,17.260000,3,-0.489120,-0.932310,0.050905
4012,17.280000,3,-0.489364,-0.932310,0.187048
4013,17.300000,3,-0.489364,-0.932310,0.318613
4014,17.320000,3,-0.488876,-0.932432,0.432691
4015,17.340000,3,-0.488876,-0.932432,0.541734
4016,17.360000,3,-0.488510,-0.932676,0.655675
4017,17.380000,3,-0.488418,-0.932676,0.695776
4018,17.400000,3,-0.488418,-0.932676,0.770760
4019,17.420000,3,-0.493027,-0.930570,0.814066
4020,17.440000,3,-0.495437,-0.929167,0.847209
4021,17.460000,3,-0.496902,-0.928343,0.892025
4022,17.480000,3,-0.497055,-0.928281,0.913999
4023,17.500000,3,-0.497055,-0.928281,0.915006
4024,17.520000,3,-0.497055,-0.928281,0.914731
4025,17.540000,3,-0.497543,-0.928007,0.914045
4026,17.560000,3,-0.498428,-0.927580,0.885159
4027,17.580000,3,-0.499283,-0.927061,0.787378
4028,17.600000,3,-0.498917,-0.927122,0.510559
4029,17.620000,3,-0.491775,-0.931028,0.113575
4030,17.640000,3,-0.451033,-0.909604,-0.000000
4031,17.660000,3,-0.187231,-0.361797,-0.000000
4032,17.680000,3,-0.000000,-0.000000,-0.000000
4033,17.700000,3,-0.000000,-0.000000,-0.000000
4034,17.720000,3,-0.000000,-0.000000,-0.000000
4035,17.740000,3,-0.000000,-0.000000,-0.000000
4036,17.760000,3,-0.000000,-0.000000,-0.000000
4037,17.780000,3,-0.000000,-0.000000,-0.000000
4038,17.800000,3,-0.000000,-0.000000,-0.000000
4039,17.820000,3,-0.000000,-0.000000,-0.000000
4040,17.840000,3,-0.000000,-0.000000,-0.000000
4041,17.860000,3,-0.000000,-0.000000,-0.000000
4042,17.880000,3,-0.000000,-0.000000,-0.000000
4043,17.900000,3,-0.000000,-0.000000,-0.000000
4044,17.920000,3,-0.000000,-0.000000,-0.000000
4045,17.940000,3,-0.000000,-0.000000,-0.000000
4046,17.960000,3,-0.000000,-0.000000,-0.000000
4047,17.980000,3,-0.000000,-0.000000,-0.000000
4048,18.000000,3,-0.000000,-0.000000,-0.000000
4049,18.020000,3,-0.000000,-0.000000,-0.000000
4050,18.040000,3,-0.000000,-0.000000,-0.000000
4051,18.060000,3,-0.000000,-0.000000,-0.000000
4052,18.080000,3,-0.000000,-0.000000,-0.000000
4053,18.100000,3,-0.000000,-0.000000,-0.000000
4054,18.120000,3,-0.000000,-0.000000,-0.000000
4055,18.140000,3,-0.000000,-0.000000,-0.000000
4056,18.160000,3,-0.000000,-0.000000,-0.000000
4057,18.180000,3,-0.000000,-0.000000,-0.000000
4058,18.200000,3,-0.000000,-0.000000,-0.000000
4059,18.220000,3,-0.000000,-0.000000,-0.000000
4060,18.240000,3,-0.000000,-0.000000,-0.000000
4061,18.260000,3,-0.000000,-0.000000,-0.000000
4062,18.280000,3,-0.000000,-0.000000,-0.000000
4063,18.300000,3,-0.000000,-0.000000,-0.000000
4064,18.320000,3,-0.000000,-0.000000,-0.000000
4065,18.340000,3,-0.000000,-0.000000,-0.000000
4066,18.360000,3,-0.000000,-0.000000,-0.000000
4067,18.380000,3,-0.000000,-0.000000,-0.000000
4068,18.400000,3,-0.000000,-0.000000,-0.000000
4069,18.420000,3,-0.000000,-0.000000,-0.000000
4070,18.440000,3,-0.000000,-0.000000,-0.000000
4071,18.460000,3,-0.000000,-0.000000,-0.000000
4072,18.480000,3,-0.000000,-0.000000,-0.000000
4073,18.500000,3,-0.000000,-0.000000,-0.000000
4074,18.520000,3,-0.000000,-0.000000,-0.000000
4075,18.540000,3,-0.000000,-0.000000,-0.000000
4076,18.560000,3,-0.000000,-0.000000,-0.000000
4077,18.580000,3,-0.000000,-0.000000,-0.000000
4078,18.600000,3,-0.000000,-0.000000,-0.000000
4079,18.620000,3,-0.000000,-0.000000,-0.000000
4080,18.640000,3,-0.000000,-0.000000,-0.000000
4081,18.660000,3,-0.000000,-0.000000,-0.000000
4082,18.680000,3,-0.000000,-0.000000,-0.000000
4083,18.700000,3,-0.000000,-0.000000,-0.000000
4084,18.720000,3,-0.000000,-0.000000,-0.000000
4085,18.740000,3,-0.000000,-0.000000,-0.000000
4086,18.760000,3,-0.000000,-0.000000,-0.000000
4087,18.780000,3,-0.000000,-0.000000,-0.000000
4088,18.800000,3,-0.000000,-0.000000,-0.000000
4089,18.820000,3,-0.000000,-0.000000,-0.000000
4090,18.840000,3,-0.000000,-0.000000,-0.000000
4091,18.860000,3,-0.000000,-0.000000,-0.000000
4092,18.880000,3,-0.000000,-0.000000,-0.000000
4093,18.900000,3,-0.000000,-0.000000,-0.000000
4094,18.920000,3,-0.000000,-0.000000,-0.000000
4095,18.940000,3,-0.000000,-0.000000,-0.000000
4096,18.960000,3,-0.000000,-0.000000,-0.000000
4097,18.980000,3,-0.000000,-0.000000,-0.000000
4098,19.000000,3,-0.000000,-0.000000,-0.000000
4099,19.020000,3,0.090701,0.071261,-0.000000
4100,19.040000,3,0.179693,0.188879,-0.000000
4101,19.060000,3,0.289987,0.368236,-0.000000
4102,19.080000,3,0.445174,0.600635,-0.000000
4103,19.100000,3,0.598559,0.837153,-0.000000
4104,19.120000,3,0.610767,0.857509,-0.000000
4105,19.140000,3,0.610492,0.857692,-0.000000
4106,19.160000,3,0.610859,0.857601,-0.000000
4107,19.180000,3,0.610920,0.857509,-0.000000
4108,19.200000,3,0.605518,0.861263,-0.000000
4109,19.220000,3,0.597217,0.867031,-0.000000
4110,19.240000,3,0.581957,0.877407,-0.000000
4111,19.260000,3,0.575854,0.881436,-0.000000
4112,19.280000,3,0.573199,0.883114,-0.000000
4113,19.300000,3,0.572588,0.883480,-0.000000
4114,19.320000,3,0.572375,0.883602,-0.000000
4115,19.340000,3,0.572100,0.883785,-0.000000
4116,19.360000,3,0.573626,0.883206,-0.000000
4117,19.380000,3,0.580279,0.878780,-0.000000
4118,19.400000,3,0.581286,0.877865,-0.000000
4119,19.420000,3,0.581652,0.877590,-0.000000
4120,19.440000,3,0.581652,0.877590,-0.000000
4121,19.460000,3,0.581896,0.877438,-0.000000
4122,19.480000,3,0.581957,0.877438,-0.000000
4123,19.500000,3,0.581957,0.877438,0.117100
4124,19.520000,3,0.582537,0.877071,0.334819
4125,19.540000,3,0.582842,0.876858,0.515824
4126,19.560000,3,0.583087,0.876705,0.628895
4127,19.580000,3,0.583087,0.876705,0.759499
4128,19.600000,3,0.581774,0.877438,0.798639
4129,19.620000,3,0.576678,0.880886,0.801569
4130,19.640000,3,0.557939,0.892911,0.711615
4131,19.660000,3,0.494308,0.838099,0.216391
4132,19.680000,3,0.409223,0.755364,-0.000000
4133,19.700000,3,0.323527,0.661946,-0.000000
4134,19.720000,3,0.265206,0.584063,-0.000000
4135,19.740000,3,0.137883,0.395764,-0.000000
4136,19.760000,3,0.027619,0.156713,-0.000000
4137,19.780000,3,-0.000000,-0.000000,-0.000000
4138,19.800000,3,-0.000000,-0.000000,-0.000000
4139,19.820000,3,-0.000000,-0.000000,-0.000000
4140,19.840000,3,-0.000000,-0.000000,-0.000000
4141,19.860000,3,-0.000000,-0.000000,-0.000000
4142,19.880000,3,-0.000000,-0.000000,-0.000000
4143,19.900000,3,-0.000000,-0.000000,-0.000000
4144,19.920000,3,-0.000000,-0.000000,-0.000000
4145,19.940000,3,-0.000000,-0.000000,-0.000000
4146,19.960000,3,-0.000000,-0.000000,-0.000000
4147,19.980000,3,-0.000000,-0.000000,-0.000000
4148,20.000000,3,-0.000000,-0.000000,-0.000000
4149,20.020000,3,-0.000000,-0.000000,-0.000000
4150,20.040000,3,-0.083132,0.105594,0.011719
4151,20.060000,3,-0.273232,0.246986,0.112522
4152,20.080000,3,-0.481155,0.312143,0.201239
4153,20.100000,3,-0.674642,0.340403,0.279153
4154,20.120000,3,-0.836573,0.356212,0.352763
4155,20.140000,3,-0.969939,0.365917,0.394147
4156,20.160000,3,-0.989532,0.359996,0.412595
4157,20.180000,3,-0.989929,0.359142,0.427747
4158,20.200000,3,-0.990051,0.358806,0.443129
4159,20.220000,3,-0.990173,0.358562,0.475311
4160,20.240000,3,-0.990356,0.358104,0.524018
4161,20.260000,3,-0.990753,0.356945,0.550615
4162,20.280000,3,-0.990875,0.356639,0.564394
4163,20.300000,3,-0.990875,0.356700,0.565172
4164,20.320000,3,-0.990875,0.356700,0.562014
4165,20.340000,3,-0.990875,0.356700,0.561510
4166,20.360000,3,-0.990875,0.356609,0.564440
4167,20.380000,3,-0.993744,0.348949,0.595798
4168,20.400000,3,-1.000000,0.327372,0.609027
4169,20.420000,3,-1.000000,0.311228,0.612369
4170,20.440000,3,-1.000000,0.295969,0.613559
4171,20.460000,3,-1.000000,0.246986,0.612369
4172,20.480000,3,-1.000000,0.202643,0.611820
4173,20.500000,3,-1.000000,0.155461,0.611225
4174,20.520000,3,-1.000000,0.146947,0.610584
4175,20.540000,3,-0.990783,0.145726,0.606006
4176,20.560000,3,-0.954619,0.144780,0.595935
4177,20.580000,3,-0.857875,0.142766,0.556017
4178,20.600000,3,-0.588031,0.133030,0.437407
4179,20.620000,3,-0.000000,-0.000000,0.133305
4180,20.640000,3,-0.000000,-0.000000,-0.000000
4181,20.660000,3,-0.000000,-0.000000,-0.000000
4182,20.680000,3,-0.000000,-0.000000,-0.000000
4183,20.700000,3,-0.000000,-0.000000,-0.000000
4184,20.720000,3,-0.000000,-0.000000,-0.000000
4185,20.740000,3,-0.000000,-0.000000,-0.000000
4186,20.760000,3,-0.000000,-0.000000,-0.000000
4187,20.780000,3,-0.000000,-0.000000,-0.000000
4188,20.800000,3,-0.000000,-0.000000,-0.000000
4189,20.820000,3,-0.000000,-0.000000,-0.000000
4190,20.840000,3,-0.000000,-0.000000,-0.000000
4191,20.860000,3,-0.000000,-0.000000,-0.000000
4192,20.880000,3,-0.000000,-0.000000,-0.000000
4193,20.900000,3,-0.000000,-0.000000,-0.000000
4194,20.920000,3,-0.196875,0.031343,-0.000000
4195,20.940000,3,-0.582568,0.082858,-0.000000
4196,20.960000,3,-0.982635,0.105380,-0.000000
4197,20.980000,3,-1.000000,0.166570,-0.000000
4198,21.000000,3,-1.000000,0.238655,-0.000000
4199,21.020000,3,-1.000000,0.264504,-0.000000
4200,21.040000,3,-1.000000,0.276559,-0.000000
4201,21.060000,3,-1.000000,0.277810,-0.000000
4202,21.080000,3,-1.000000,0.277779,-0.000000
4203,21.100000,3,-1.000000,0.275735,-0.000000
4204,21.120000,3,-1.000000,0.259743,-0.000000
4205,21.140000,3,-1.000000,0.253548,-0.000000
4206,21.160000,3,-1.000000,0.253059,-0.000000
4207,21.180000,3,-1.000000,0.252327,-0.000000
4208,21.200000,3,-1.000000,0.252266,-0.000000
4209,21.220000,3,-1.000000,0.252449,-0.000000
4210,21.240000,3,-1.000000,0.252449,-0.000000
4211,21.260000,3,-1.000000,0.252144,-0.000000
4212,21.280000,3,-1.000000,0.217505,-0.000000
4213,21.300000,3,-1.000000,0.173467,-0.000000
4214,21.320000,3,-1.000000,0.144993,-0.000000
4215,21.340000,3,-1.000000,0.122318,-0.000000
4216,21.360000,3,-1.000000,0.090396,-0.000000
4217,21.380000,3,-1.000000,0.034242,-0.000000
4218,21.400000,3,-1.000000,-0.000000,-0.000000
4219,21.420000,3,-1.000000,-0.043214,-0.000000
4220,21.440000,3,-1.000000,-0.062105,-0.000000
4221,21.460000,3,-1.000000,-0.075930,-0.000000
4222,21.480000,3,-1.000000,-0.087497,-0.000000
4223,21.500000,3,-1.000000,-0.092044,-0.000000
4224,21.520000,3,-1.000000,-0.095859,-0.000000
4225,21.540000,3,-0.965148,-0.114902,-0.000000
4226,21.560000,3,-0.883206,-0.146611,-0.000000
4227,21.580000,3,-0.784967,-0.156926,-0.000000
4228,21.600000,3,-0.664998,-0.155858,-0.000000
4229,21.620000,3,-0.543443,-0.150426,-0.000000
4230,21.640000,3,-0.294931,-0.103336,-0.000000
4231,21.660000,3,-0.000000,-0.000000,-0.000000
4232,21.680000,3,-0.000000,-0.000000,-0.000000
4233,21.700000,3,-0.000000,-0.000000,-0.000000
4234,21.720000,3,-0.000000,-0.000000,-0.000000
4235,21.740000,3,-0.000000,-0.000000,-0.000000
4236,21.760000,3,-0.000000,-0.000000,-0.000000
4237,21.780000,3,-0.000000,-0.000000,-0.000000
4238,21.800000,3,-0.000000,-0.000000,-0.000000
4239,21.820000,3,-0.000000,-0.000000,-0.000000
4240,21.840000,3,-0.000000,-0.000000,-0.000000
4241,21.860000,3,-0.000000,-0.000000,-0.000000
4242,21.880000,3,-0.000000,-0.000000,-0.000000
4243,21.900000,3,-0.000000,-0.000000,-0.000000
4244,21.920000,3,-0.000000,-0.000000,-0.000000
4245,21.940000,3,-0.000000,-0.000000,-0.000000
4246,21.960000,3,-0.000000,-0.000000,-0.000000
4247,21.980000,3,-0.000000,-0.000000,-0.000000
4248,22.000000,3,-0.000000,-0.000000,-0.000000
4249,22.020000,3,-0.000000,-0.000000,-0.000000
4250,22.040000,3,-0.000000,-0.000000,-0.000000
4251,22.060000,3,-0.000000,-0.000000,-0.000000
4252,22.080000,3,-0.000000,-0.000000,-0.000000
4253,22.100000,3,-0.000000,-0.000000,-0.000000
4254,22.120000,3,-0.000000,-0.000000,-0.000000
4255,22.140000,3,-0.000000,-0.000000,-0.000000
4256,22.160000,3,-0.000000,-0.000000,-0.000000
4257,22.180000,3,-0.000000,-0.000000,-0.000000
4258,22.200000,3,-0.000000,-0.000000,-0.000000
4259,22.220000,3,-0.000000,-0.000000,-0.000000
4260,22.240000,3,-0.000000,-0.000000,-0.000000
4261,22.260000,3,-0.000000,-0.000000,-0.000000
4262,22.280000,3,-0.000000,-0.000000,-0.000000
4263,22.300000,3,-0.000000,-0.000000,-0.000000
4264,22.320000,3,-0.000000,-0.000000,-0.000000
4265,22.340000,3,-0.000000,-0.000000,-0.000000
4266,22.360000,3,-0.000000,-0.000000,-0.000000
4267,22.380000,3,-0.000000,-0.000000,-0.000000
4268,22.400000,3,-0.000000,-0.000000,-0.000000
4269,22.420000,3,-0.000000,-0.000000,-0.000000
4270,22.440000,3,-0.000000,-0.000000,-0.000000
4271,22.460000,3,-0.000000,-0.000000,-0.000000
4272,22.480000,3,-0.000000,-0.000000,-0.000000
4273,22.500000,3,-0.000000,-0.000000,-0.000000
4274,22.520000,3,-0.000000,-0.000000,-0.000000
4275,22.540000,3,-0.000000,-0.000000,-0.000000
4276,22.560000,3,-0.000000,-0.000000,-0.000000
4277,22.580000,3,-0.000000,-0.000000,-0.000000
4278,22.600000,3,-0.000000,-0.000000,-0.000000
4279,22.620000,3,-0.000000,-0.000000,-0.000000
4280,22.640000,3,-0.000000,-0.000000,-0.000000
4281,22.660000,3,-0.000000,-0.000000,-0.000000
4282,22.680000,3,-0.000000,-0.000000,-0.000000
4283,22.700000,3,0.088748,-0.001007,-0.000000
4284,22.720000,3,0.377667,-0.005005,-0.000000
4285,22.740000,3,0.455824,-0.005463,-0.000000
4286,22.760000,3,0.511124,-0.005768,-0.000000
4287,22.780000,3,0.520157,-0.005829,-0.000000
4288,22.800000,3,0.573321,-0.006012,-0.000000
4289,22.820000,3,0.603809,-0.003021,-0.000000
4290,22.840000,3,0.642811,0.010346,-0.000000
4291,22.860000,3,0.664174,0.023591,-0.000000
4292,22.880000,3,0.668325,0.026063,-0.000000
4293,22.900000,3,0.669820,0.026124,-0.000000
4294,22.920000,3,0.686514,0.026551,-0.000000
4295,22.940000,3,0.709372,0.026551,-0.000000
4296,22.960000,3,0.727653,0.027253,-0.000000
4297,22.980000,3,0.751488,0.028657,-0.000000
4298,23.000000,3,0.754753,0.028474,-0.000000
4299,23.020000,3,0.766137,0.028169,-0.000000
4300,23.040000,3,0.771172,0.028169,-0.000000
4301,23.060000,3,0.783380,0.028413,-0.000000
4302,23.080000,3,0.806238,0.029023,-0.000000
4303,23.100000,3,0.820002,0.028565,-0.000000
4304,23.120000,3,0.827937,0.028565,-0.000000
4305,23.140000,3,0.836482,0.028993,-0.000000
4306,23.160000,3,0.872189,0.029939,-0.000000
4307,23.180000,3,0.887570,0.029847,-0.000000
4308,23.200000,3,0.898434,0.029847,-0.000000
4309,23.220000,3,0.910215,0.029847,-0.000000
4310,23.240000,3,0.924558,0.029847,-0.000000
4311,23.260000,3,0.946593,0.029847,-0.000000
4312,23.280000,3,0.960204,0.029328,-0.000000
4313,23.300000,3,0.966277,0.029237,-0.000000
4314,23.320000,3,0.967620,0.029237,-0.000000
4315,23.340000,3,0.968719,0.029237,-0.000000
4316,23.360000,3,0.969665,0.029237,-0.000000
4317,23.380000,3,0.971770,0.029237,-0.000000
4318,23.400000,3,0.976257,0.028657,-0.000000
4319,23.420000,3,0.978607,0.029878,-0.000000
4320,23.440000,3,0.979034,0.029572,-0.000000
4321,23.460000,3,0.971252,0.029328,-0.000000
4322,23.480000,3,0.948057,0.029237,-0.000000
4323,23.500000,3,0.948057,0.029237,-0.000000
4324,23.520000,3,0.914731,0.029023,-0.000000
4325,23.540000,3,0.855037,0.028748,-0.000000
4326,23.560000,3,0.667684,0.027253,-0.000000
4327,23.580000,3,-0.000000,-0.000000,-0.000000
4328,23.600000,3,-0.000000,-0.000000,-0.000000
4329,23.620000,3,-0.000000,-0.000000,-0.000000
4330,23.640000,3,-0.000000,-0.000000,-0.000000
4331,23.660000,3,-0.000000,-0.000000,-0.000000
4332,23.680000,3,-0.058290,0.023560,-0.000000
4333,23.700000,3,-0.146886,0.064852,-0.000000
4334,23.720000,3,-0.340190,0.128513,-0.000000
4335,23.740000,3,-0.517533,0.165014,-0.000000
4336,23.760000,3,-0.666829,0.181921,-0.000000
4337,23.780000,3,-0.719047,0.186590,-0.000000
4338,23.800000,3,-0.810419,0.194464,-0.000000
4339,23.820000,3,-0.856349,0.199042,-0.000000
4340,23.840000,3,-0.899136,0.203986,-0.000000
4341,23.860000,3,-1.000000,0.241493,-0.000000
4342,23.880000,3,-1.000000,0.250374,-0.000000
4343,23.900000,3,-1.000000,0.313486,-0.000000
4344,23.920000,3,-0.992920,0.351238,-0.000000
4345,23.940000,3,-0.964446,0.422773,-0.000000
4346,23.960000,3,-0.950835,0.452467,-0.000000
4347,23.980000,3,-0.945769,0.462996,-0.000000
4348,24.000000,3,-0.945341,0.463881,-0.000000
4349,24.020000,3,-0.945250,0.464034,-0.000000
4350,24.040000,3,-0.942320,0.469893,-0.000000
4351,24.060000,3,-0.939970,0.474471,-0.000000
4352,24.080000,3,-0.935911,0.482559,-0.000000
4353,24.100000,3,-0.935728,0.482955,-0.000000
4354,24.120000,3,-0.935636,0.483169,-0.000000
4355,24.140000,3,-0.935545,0.483322,-0.000000
4356,24.160000,3,-0.935545,0.483322,-0.000000
4357,24.180000,3,-0.935514,0.482955,-0.000000
4358,24.200000,3,-0.935514,0.482955,-0.000000
4359,24.220000,3,-0.935514,0.482955,-0.000000
4360,24.240000,3,-0.935514,0.482955,-0.000000
4361,24.260000,3,-0.935575,0.482894,-0.000000
4362,24.280000,3,-0.935636,0.482742,-0.000000
4363,24.300000,3,-0.935697,0.482620,-0.000000
4364,24.320000,3,-0.938505,0.477432,-0.000000
4365,24.340000,3,-0.951415,0.451247,-0.000000
4366,24.360000,3,-0.964141,0.423475,-0.000000
4367,24.380000,3,-0.973205,0.402356,-0.000000
4368,24.400000,3,-0.991821,0.354259,-0.000000
4369,24.420000,3,-0.994903,0.345561,-0.000000
4370,24.440000,3,-0.998657,0.334727,-0.000000
4371,24.460000,3,-1.000000,0.307901,-0.000000
4372,24.480000,3,-1.000000,0.284341,-0.000000
4373,24.500000,3,-1.000000,0.276254,-0.000000
4374,24.520000,3,-1.000000,0.267342,-0.000000
4375,24.540000,3,-1.000000,0.258065,-0.000000
4376,24.560000,3,-1.000000,0.255959,-0.000000
4377,24.580000,3,-1.000000,0.255226,-0.000000
4378,24.600000,3,-1.000000,0.254280,-0.000000
4379,24.620000,3,-1.000000,0.253883,-0.000000
4380,24.640000,3,-1.000000,0.253975,-0.000000
4381,24.660000,3,-1.000000,0.253975,-0.000000
4382,24.680000,3,-1.000000,0.253975,-0.000000
4383,24.700000,3,-1.000000,0.253975,-0.000000
4384,24.720000,3,-1.000000,0.249916,-0.000000
4385,24.740000,3,-1.000000,0.247200,-0.000000
4386,24.760000,3,-1.000000,0.247200,-0.000000
4387,24.780000,3,-1.000000,0.239601,-0.000000
4388,24.800000,3,-1.000000,0.239601,-0.000000
4389,24.820000,3,-1.000000,0.236030,-0.000000
4390,24.840000,3,-1.000000,0.236030,-0.000000
4391,24.860000,3,-0.995727,0.224921,-0.000000
4392,24.880000,3,-0.995727,0.224921,-0.000000
4393,24.900000,3,-0.902005,0.216102,-0.000000
4394,24.920000,3,-0.867855,0.213294,-0.000000
4395,24.940000,3,-0.829707,0.209876,-0.000000
4396,24.960000,3,-0.000000,-0.000000,-0.000000
4397,24.980000,3,-0.000000,-0.000000,-0.000000
4398,25.000000,3,-0.000000,-0.000000,-0.000000
4399,25.020000,3,-0.000000,-0.000000,-0.000000
4400,25.040000,3,-0.000000,-0.000000,-0.000000
4401,25.060000,3,-0.000000,-0.000000,-0.000000
4402,25.080000,3,-0.000000,-0.000000,-0.000000
4403,25.100000,3,-0.000000,-0.000000,-0.000000
4404,25.120000,3,-0.000000,-0.000000,-0.000000
4405,25.140000,3,-0.000000,-0.000000,-0.000000
4406,25.160000,3,-0.000000,-0.000000,-0.000000
4407,25.180000,3,-0.000000,-0.000000,-0.000000
4408,25.200000,3,-0.000000,-0.000000,-0.000000
4409,25.220000,3,-0.000000,-0.000000,-0.000000
4410,25.240000,3,-0.000000,-0.000000,-0.000000
4411,25.260000,3,-0.000000,-0.000000,-0.000000
4412,25.280000,3,-0.000000,-0.000000,-0.000000
4413,25.300000,3,-0.000000,-0.000000,-0.000000
4414,25.320000,3,-0.000000,-0.000000,-0.000000
4415,25.340000,3,-0.000000,-0.000000,-0.000000
4416,25.360000,3,-0.000000,-0.000000,-0.000000
4417,25.380000,3,-0.000000,-0.000000,-0.000000
4418,25.400000,3,-0.000000,-0.000000,-0.000000
4419,25.420000,3,-0.000000,-0.000000,-0.000000
4420,25.440000,3,-0.000000,-0.000000,-0.000000
4421,25.460000,3,-0.000000,-0.000000,-0.000000
4422,25.480000,3,-0.000000,-0.000000,-0.000000
4423,25.500000,3,-0.000000,-0.000000,-0.000000
4424,25.520000,3,-0.000000,-0.000000,-0.000000
4425,25.540000,3,-0.000000,-0.000000,-0.000000
4426,25.560000,3,-0.000000,-0.000000,-0.000000
4427,25.580000,3,-0.000000,-0.000000,-0.000000
4428,25.600000,3,-0.000000,-0.000000,-0.000000
4429,25.620000,3,-0.000000,-0.000000,-0.000000
4430,25.640000,3,-0.000000,-0.000000,-0.000000
4431,25.660000,3,-0.000000,-0.000000,-0.000000
4432,25.680000,3,-0.000000,-0.000000,-0.000000
4433,25.700000,3,-0.000000,-0.000000,-0.000000
4434,25.720000,3,-0.000000,-0.000000,-0.000000
4435,25.740000,3,-0.000000,-0.000000,-0.000000
4436,25.760000,3,-0.000000,-0.000000,-0.000000
4437,25.780000,3,-0.000000,-0.000000,-0.000000
4438,25.800000,3,-0.000000,-0.000000,-0.000000
4439,25.820000,3,-0.000000,-0.000000,-0.000000
4440,25.840000,3,-0.000000,-0.000000,-0.000000
4441,25.860000,3,-0.000000,-0.000000,-0.000000
4442,25.880000,3,-0.000000,-0.000000,-0.000000
4443,25.900000,3,-0.000000,-0.000000,-0.000000
4444,25.920000,3,-0.000000,-0.000000,-0.000000
4445,25.940000,3,-0.000000,-0.000000,-0.000000
4446,25.960000,3,-0.000000,-0.000000,-0.000000
4447,25.980000,3,-0.000000,-0.000000,-0.000000
4448,26.000000,3,-0.000000,-0.000000,-0.000000
4449,26.020000,3,-0.000000,-0.000000,-0.000000
4450,26.040000,3,-0.000000,-0.000000,-0.000000
4451,26.060000,3,0.010956,-0.000000,-0.000000
4452,26.080000,3,0.053682,-0.001099,-0.000000
4453,26.100000,3,0.132267,-0.008698,-0.000000
4454,26.120000,3,0.385907,-0.019013,-0.000000
4455,26.140000,3,0.504318,-0.021180,-0.000000
4456,26.160000,3,0.610553,-0.022309,-0.000000
4457,26.180000,3,0.767724,-0.023469,-0.000000
4458,26.200000,3,0.838069,-0.023865,-0.000000
4459,26.220000,3,0.921506,-0.024079,-0.000000
4460,26.240000,3,1.000000,-0.024262,-0.000000
4461,26.260000,3,1.000000,-0.024262,-0.000000
4462,26.280000,3,1.000000,-0.024262,-0.000000
4463,26.300000,3,1.000000,-0.024262,-0.000000
4464,26.320000,3,1.000000,-0.024262,-0.000000
4465,26.340000,3,1.000000,-0.024262,-0.000000
4466,26.360000,3,1.000000,-0.024262,-0.000000
4467,26.380000,3,1.000000,-0.024262,-0.000000
4468,26.400000,3,1.000000,-0.024262,-0.000000
4469,26.420000,3,1.000000,-0.024262,-0.000000
4470,26.440000,3,1.000000,-0.024262,-0.000000
4471,26.460000,3,1.000000,-0.024262,-0.000000
4472,26.480000,3,1.000000,-0.024262,-0.000000
4473,26.500000,3,0.965697,-0.024140,-0.000000
4474,26.520000,3,0.928617,-0.023957,-0.000000
4475,26.540000,3,0.849818,-0.023621,-0.000000
4476,26.560000,3,0.710990,-0.022828,-0.000000
4477,26.580000,3,0.611621,-0.022126,-0.000000
4478,26.600000,3,0.538102,-0.021516,-0.000000
4479,26.620000,3,0.427076,-0.020203,-0.000000
4480,26.640000,3,0.213569,-0.015259,-0.000000
4481,26.660000,3,0.070711,-0.006958,-0.000000
4482,26.680000,3,0.035432,-0.002930,-0.000000
4483,26.700000,3,0.025727,-0.001709,-0.000000
4484,26.720000,3,0.026856,-0.001709,-0.000000
4485,26.740000,3,0.037019,-0.003143,-0.000000
4486,26.760000,3,0.056215,-0.004517,-0.000000
4487,26.780000,3,0.095889,-0.007782,-0.000000
4488,26.800000,3,0.155889,-0.010712,-0.000000
4489,26.820000,3,0.184088,-0.012299,-0.000000
4490,26.840000,3,0.204993,-0.012696,-0.000000
4491,26.860000,3,0.215979,-0.013337,-0.000000
4492,26.880000,3,0.236335,-0.014100,-0.000000
4493,26.900000,3,0.244179,-0.014283,-0.000000
4494,26.920000,3,0.252663,-0.014466,-0.000000
4495,26.940000,3,0.266610,-0.014466,-0.000000
4496,26.960000,3,0.293497,-0.014893,-0.000000
4497,26.980000,3,0.322214,-0.015442,-0.000000
4498,27.000000,3,0.347606,-0.015900,-0.000000
4499,27.020000,3,0.367321,-0.016236,-0.000000
4500,27.040000,3,0.390484,-0.016602,-0.000000
4501,27.060000,3,0.405866,-0.016785,-0.000000
4502,27.080000,3,0.430860,-0.017090,-0.000000
4503,27.100000,3,0.454054,-0.017396,-0.000000
4504,27.120000,3,0.464919,-0.017518,-0.000000
4505,27.140000,3,0.473556,-0.017579,-0.000000
4506,27.160000,3,0.483627,-0.017701,-0.000000
4507,27.180000,3,0.488723,-0.017762,-0.000000
4508,27.200000,3,0.517350,-0.018006,-0.000000
4509,27.220000,3,0.595355,-0.018586,-0.000000
4510,27.240000,3,0.704306,-0.019318,-0.000000
4511,27.260000,3,0.781610,-0.019776,-0.000000
4512,27.280000,3,0.807978,-0.019898,-0.000000
4513,27.300000,3,0.811823,-0.019959,-0.000000
4514,27.320000,3,0.814417,-0.019959,-0.000000
4515,27.340000,3,0.835658,-0.020020,-0.000000
4516,27.360000,3,0.947905,-0.020417,-0.000000
4517,27.380000,3,1.000000,-0.020661,-0.000000
4518,27.400000,3,1.000000,-0.020661,-0.000000
4519,27.420000,3,1.000000,-0.014618,-0.000000
4520,27.440000,3,0.888943,0.000549,-0.000000
4521,27.460000,3,0.819391,0.004578,-0.000000
4522,27.480000,3,0.780786,0.005951,-0.000000
4523,27.500000,3,0.778863,0.005860,-0.000000
4524,27.520000,3,0.778100,0.005860,-0.000000
4525,27.540000,3,0.777673,0.005860,-0.000000
4526,27.560000,3,0.777673,0.005860,-0.000000
4527,27.580000,3,0.783227,0.005860,-0.000000
4528,27.600000,3,0.806269,0.005860,-0.000000
4529,27.620000,3,0.834071,0.005860,-0.000000
4530,27.640000,3,0.855495,0.006195,-0.000000
4531,27.660000,3,0.900204,0.026673,-0.000000
4532,27.680000,3,0.949065,0.057375,-0.000000
4533,27.700000,3,1.000000,0.080172,-0.000000
4534,27.720000,3,1.000000,0.091250,-0.000000
4535,27.740000,3,1.000000,0.097812,-0.000000
4536,27.760000,3,1.000000,0.098300,-0.000000
4537,27.780000,3,1.000000,0.098300,-0.000000
4538,27.800000,3,1.000000,0.098300,-0.000000
4539,27.820000,3,1.000000,0.098666,-0.000000
4540,27.840000,3,1.000000,0.098666,-0.000000
4541,27.860000,3,1.000000,0.098666,-0.000000
4542,27.880000,3,1.000000,0.098666,-0.000000
4543,27.900000,3,1.000000,0.099338,-0.000000
4544,27.920000,3,1.000000,0.099490,-0.000000
4545,27.940000,3,1.000000,0.099490,-0.000000
4546,27.960000,3,1.000000,0.099490,-0.000000
4547,27.980000,3,1.000000,0.099490,-0.000000
4548,28.000000,3,1.000000,0.099490,-0.000000
4549,28.020000,3,1.000000,0.099490,-0.000000
4550,28.040000,3,1.000000,0.099490,-0.000000
4551,28.060000,3,1.000000,0.099490,-0.000000
4552,28.080000,3,1.000000,0.099490,-0.000000
4553,28.100000,3,1.000000,0.099490,-0.000000
4554,28.120000,3,1.000000,0.099490,-0.000000
4555,28.140000,3,1.000000,0.099490,-0.000000
4556,28.160000,3,1.000000,0.099490,-0.000000
4557,28.180000,3,1.000000,0.099490,-0.000000
4558,28.200000,3,1.000000,0.099490,-0.000000
4559,28.220000,3,1.000000,0.099490,-0.000000
4560,28.240000,3,1.000000,0.099490,-0.000000
4561,28.260000,3,1.000000,0.099490,-0.000000
4562,28.280000,3,1.000000,0.099490,-0.000000
4563,28.300000,3,1.000000,0.099490,-0.000000
4564,28.320000,3,1.000000,0.099490,-0.000000
4565,28.340000,3,1.000000,0.099490,-0.000000
4566,28.360000,3,1.000000,0.099490,-0.000000
4567,28.380000,3,1.000000,0.099490,-0.000000
4568,28.400000,3,1.000000,0.099490,-0.000000
4569,28.420000,3,1.000000,0.099490,-0.000000
4570,28.440000,3,1.000000,0.099490,-0.000000
4571,28.460000,3,1.000000,0.099490,-0.000000
4572,28.480000,3,1.000000,0.099490,-0.000000
4573,28.500000,3,1.000000,0.099490,-0.000000
4574,28.520000,3,1.000000,0.099490,-0.000000
4575,28.540000,3,1.000000,0.099490,-0.000000
4576,28.560000,3,1.000000,0.105716,-0.000000
4577,28.580000,3,1.000000,0.181371,-0.000000
4578,28.600000,3,0.870449,0.294900,-0.000000
4579,28.620000,3,0.662160,0.322642,-0.000000
4580,28.640000,3,0.505203,0.320017,-0.000000
4581,28.660000,3,0.311930,0.301157,-0.000000
4582,28.680000,3,0.051149,0.075564,-0.000000
4583,28.700000,3,-0.000000,-0.000000,-0.000000
4584,28.720000,3,-0.000000,-0.000000,-0.000000
4585,28.740000,3,-0.000000,-0.000000,-0.000000
4586,28.760000,3,-0.000000,-0.000000,-0.000000
4587,28.780000,3,-0.000000,-0.000000,-0.000000
4588,28.800000,3,-0.000000,-0.000000,-0.000000
4589,28.820000,3,-0.000000,-0.000000,-0.000000
4590,28.840000,3,-0.164006,0.107120,-0.000000
4591,28.860000,3,-0.310862,0.167333,-0.000000
4592,28.880000,3,-0.621509,0.216254,-0.000000
4593,28.900000,3,-0.871853,0.227363,-0.000000
4594,28.920000,3,-1.000000,0.217963,-0.000000
4595,28.940000,3,-1.000000,0.238105,-0.000000
4596,28.960000,3,-1.000000,0.256081,-0.000000
4597,28.980000,3,-1.000000,0.271523,-0.000000
4598,29.000000,3,-1.000000,0.275521,-0.000000
4599,29.020000,3,-1.000000,0.276925,-0.000000
4600,29.040000,3,-1.000000,0.276925,-0.000000
4601,29.060000,3,-1.000000,0.277902,-0.000000
4602,29.080000,3,-1.000000,0.282022,-0.000000
4603,29.100000,3,-1.000000,0.293954,-0.000000
4604,29.120000,3,-1.000000,0.297067,-0.000000
4605,29.140000,3,-1.000000,0.297586,-0.000000
4606,29.160000,3,-1.000000,0.297739,-0.000000
4607,29.180000,3,-1.000000,0.297647,-0.000000
4608,29.200000,3,-1.000000,0.297464,-0.000000
4609,29.220000,3,-1.000000,0.297464,-0.000000
4610,29.240000,3,-1.000000,0.297464,-0.000000
4611,29.260000,3,-1.000000,0.297464,-0.000000
4612,29.280000,3,-1.000000,0.297464,-0.000000
4613,29.300000,3,-1.000000,0.297464,-0.000000
4614,29.320000,3,-1.000000,0.297464,-0.000000
4615,29.340000,3,-1.000000,0.295053,-0.000000
4616,29.360000,3,-1.000000,0.285989,-0.000000
4617,29.380000,3,-1.000000,0.281869,-0.000000
4618,29.400000,3,-1.000000,0.281350,-0.000000
4619,29.420000,3,-1.000000,0.281930,-0.000000
4620,29.440000,3,-1.000000,0.282662,-0.000000
4621,29.460000,3,-1.000000,0.283059,-0.001694
4622,29.480000,3,-1.000000,0.283059,-0.028291
4623,29.500000,3,-1.000000,0.283486,-0.052416
4624,29.520000,3,-1.000000,0.284036,-0.082949
4625,29.540000,3,-1.000000,0.284036,-0.109775
4626,29.560000,3,-1.000000,0.283853,-0.136189
4627,29.580000,3,-1.000000,0.283700,-0.167409
4628,29.600000,3,-1.000000,0.283853,-0.202292
4629,29.620000,3,-1.000000,0.283853,-0.224403
4630,29.640000,3,-1.000000,0.283853,-0.240425
4631,29.660000,3,-1.000000,0.283853,-0.245460
4632,29.680000,3,-1.000000,0.282632,-0.247795
4633,29.700000,3,-1.000000,0.265816,-0.238777
4634,29.720000,3,-1.000000,0.196448,-0.063540
4635,29.740000,3,-1.000000,0.130070,-0.000000
4636,29.760000,3,-1.000000,0.109470,-0.000000
4637,29.780000,3,-1.000000,0.107364,-0.000000
4638,29.800000,3,-1.000000,0.106479,-0.000000
4639,29.820000,3,-1.000000,0.106052,-0.000000
4640,29.840000,3,-1.000000,0.105228,-0.000000
4641,29.860000,3,-1.000000,0.104831,-0.000000
4642,29.880000,3,-1.000000,0.104831,-0.000000
4643,29.900000,3,-1.000000,0.104190,-0.000000
4644,29.920000,3,-1.000000,0.104038,-0.000000
4645,29.940000,3,-1.000000,0.104129,-0.000000
4646,29.960000,3,-1.000000,0.104343,-0.000000
4647,29.980000,3,-1.000000,0.104343,-0.000000
4648,30.000000,3,-1.000000,0.104160,-0.000000
4649,30.020000,3,-1.000000,0.104007,-0.000000
4650,30.040000,3,-1.000000,0.104007,-0.000000
4651,30.060000,3,-1.000000,0.104007,-0.000000
4652,30.080000,3,-1.000000,0.095706,-0.000000
4653,30.100000,3,-1.000000,0.075259,-0.000000
4654,30.120000,3,-0.849574,0.067385,-0.000000
4655,30.140000,3,-0.028321,-0.000000,-0.000000
4656,30.160000,3,-0.000000,-0.000000,-0.000000
4657,30.180000,3,-0.000000,-0.000000,-0.000000
4658,30.200000,3,-0.000000,-0.000000,-0.000000
4659,30.220000,3,-0.000000,-0.000000,-0.000000
4660,30.240000,3,-0.000000,-0.000000,-0.000000
4661,30.260000,3,-0.000000,-0.000000,-0.000000
4662,30.280000,3,-0.000000,-0.000000,-0.000000
4663,30.300000,3,-0.000000,-0.000000,-0.000000
4664,30.320000,3,-0.000000,-0.000000,-0.000000
4665,30.340000,3,-0.000000,-0.000000,-0.000000
4666,30.360000,3,-0.000000,-0.000000,-0.000000
4667,30.380000,3,-0.000000,-0.000000,-0.000000
4668,30.400000,3,-0.000000,-0.000000,-0.000000
4669,30.420000,3,-0.000000,-0.000000,-0.000000
4670,30.440000,3,-0.000000,-0.000000,-0.000000
4671,30.460000,3,-0.000000,-0.000000,-0.000000
4672,30.480000,3,-0.000000,-0.000000,-0.000000
4673,30.500000,3,-0.000000,-0.000000,-0.000000
4674,30.520000,3,-0.000000,-0.000000,-0.000000
4675,30.540000,3,-0.000000,-0.000000,-0.000000
4676,30.560000,3,-0.000000,-0.000000,-0.000000
4677,30.580000,3,0.032807,-0.000000,-0.000000
4678,30.600000,3,0.102420,-0.007569,-0.000000
4679,30.620000,3,0.177496,-0.022797,-0.000000
4680,30.640000,3,0.285287,-0.038789,-0.000000
4681,30.660000,3,0.383190,-0.046968,-0.000000
4682,30.680000,3,0.456191,-0.051210,-0.000000
4683,30.700000,3,0.515183,-0.053499,-0.000000
4684,30.720000,3,0.600757,-0.055544,-0.000000
4685,30.740000,3,0.638966,-0.056185,-0.000000
4686,30.760000,3,0.655812,-0.056551,-0.000000
4687,30.780000,3,0.665548,-0.056673,-0.000000
4688,30.800000,3,0.672536,-0.057405,-0.000000
4689,30.820000,3,0.690146,-0.057802,-0.000000
4690,30.840000,3,0.698874,-0.058565,-0.000000
4691,30.860000,3,0.699606,-0.058748,-0.000000
4692,30.880000,3,0.690085,-0.058931,-0.000000
4693,30.900000,3,0.365825,-0.048189,-0.000000
4694,30.920000,3,-0.000000,-0.000000,-0.000000
4695,30.940000,3,-0.000000,-0.000000,-0.000000
4696,30.960000,3,-0.000000,-0.000000,-0.000000
4697,30.980000,3,-0.000000,-0.000000,-0.000000
4698,31.000000,3,-0.000000,-0.000000,-0.000000
4699,31.020000,3,-0.000000,-0.000000,-0.000000
4700,31.040000,3,-0.071444,0.029695,-0.000000
4701,31.060000,3,-0.273415,0.093051,-0.000000
4702,31.080000,3,-0.488327,0.127689,-0.000000
4703,31.100000,3,-0.718223,0.140721,-0.000000
4704,31.120000,3,-0.934263,0.147374,-0.000000
4705,31.140000,3,-1.000000,0.154180,-0.000000
4706,31.160000,3,-1.000000,0.176885,-0.000000
4707,31.180000,3,-1.000000,0.191412,-0.000000
4708,31.200000,3,-1.000000,0.194006,-0.000000
4709,31.220000,3,-1.000000,0.194617,-0.000000
4710,31.240000,3,-1.000000,0.194739,-0.000000
4711,31.260000,3,-1.000000,0.194739,-0.000000
4712,31.280000,3,-1.000000,0.194525,-0.000000
4713,31.300000,3,-1.000000,0.194586,-0.000000
4714,31.320000,3,-1.000000,0.194647,-0.000000
4715,31.340000,3,-1.000000,0.194647,-0.000000
4716,31.360000,3,-1.000000,0.195441,-0.000000
4717,31.380000,3,-1.000000,0.195318,-0.000000
4718,31.400000,3,-1.000000,0.195318,-0.000000
4719,31.420000,3,-1.000000,0.195318,-0.000000
4720,31.440000,3,-1.000000,0.195318,-0.000000
4721,31.460000,3,-1.000000,0.195318,-0.000000
4722,31.480000,3,-1.000000,0.174780,-0.000000
4723,31.500000,3,-1.000000,0.143742,-0.000000
4724,31.520000,3,-1.000000,0.083895,-0.000000
4725,31.540000,3,-1.000000,0.014771,-0.000000
4726,31.560000,3,-1.000000,-0.038362,-0.000000
4727,31.580000,3,-1.000000,-0.161229,-0.000000
4728,31.600000,3,-1.000000,-0.239601,-0.000000
4729,31.620000,3,-0.986511,-0.368725,0.079974
4730,31.640000,3,-0.938932,-0.476516,0.189657
4731,31.660000,3,-0.901395,-0.544023,0.283731
4732,31.680000,3,-0.848476,-0.623188,0.430357
4733,31.700000,3,-0.813990,-0.667531,0.553133
4734,31.720000,3,-0.788629,-0.697287,0.698706
4735,31.740000,3,-0.773095,-0.714438,0.809168
4736,31.760000,3,-0.755058,-0.733482,0.934782
4737,31.780000,3,-0.733940,-0.754631,1.007294
4738,31.800000,3,-0.718284,-0.769524,1.012696
4739,31.820000,3,-0.698325,-0.787713,1.016449
4740,31.840000,3,-0.679830,-0.803735,1.016449
4741,31.860000,3,-0.665883,-0.815332,1.016449
4742,31.880000,3,-0.656606,-0.822840,1.016129
4743,31.900000,3,-0.642170,-0.834162,1.014939
4744,31.920000,3,-0.631275,-0.842463,1.014939
4745,31.940000,3,-0.623768,-0.848048,1.014939
4746,31.960000,3,-0.614795,-0.854549,0.976577
4747,31.980000,3,-0.606586,-0.860439,0.850825
4748,32.000000,3,-0.599597,-0.865322,0.582202
4749,32.020000,3,-0.591754,-0.870693,0.025224
4750,32.040000,3,-0.585742,-0.874477,-0.000000
4751,32.060000,3,-0.572314,-0.883663,-0.000000
4752,32.080000,3,-0.540300,-0.903653,-0.000000
4753,32.100000,3,-0.514084,-0.912320,-0.000000
4754,32.120000,3,-0.484329,-0.909055,-0.000000
4755,32.140000,3,-0.429884,-0.884762,-0.000000
4756,32.160000,3,-0.344523,-0.797998,-0.000000
4757,32.180000,3,-0.248726,-0.691641,-0.000000
4758,32.200000,3,-0.164006,-0.593432,-0.000000
4759,32.220000,3,-0.091525,-0.501938,-0.000000
4760,32.240000,3,-0.034211,-0.420270,-0.000000
4761,32.260000,3,0.009674,-0.345958,-0.000000
4762,32.280000,3,0.040834,-0.283608,-0.000000
4763,32.300000,3,0.049928,-0.248146,-0.000000
4764,32.320000,3,0.051973,-0.200354,-0.000000
4765,32.340000,3,0.042146,-0.109134,-0.000000
4766,32.360000,3,-0.000000,-0.000000,-0.000000
4767,32.380000,3,-0.000000,-0.000000,-0.000000
4768,32.400000,3,-0.000000,-0.000000,-0.000000
4769,32.420000,3,-0.000000,-0.000000,-0.000000
4770,32.440000,3,-0.000000,-0.000000,-0.000000
4771,32.460000,3,-0.000000,-0.000000,-0.000000
4772,32.480000,3,-0.000000,-0.000000,-0.000000
4773,32.500000,3,-0.000000,-0.000000,-0.000000
4774,32.520000,3,-0.000000,-0.000000,-0.000000
4775,32.540000,3,-0.000000,-0.000000,-0.000000
4776,32.560000,3,-0.000000,-0.000000,-0.000000
4777,32.580000,3,-0.000000,-0.000000,-0.000000
4778,32.600000,3,-0.000000,-0.000000,-0.000000
4779,32.620000,3,-0.000000,-0.000000,-0.000000
4780,32.640000,3,-0.000000,-0.000000,-0.000000
4781,32.660000,3,-0.000000,-0.000000,-0.000000
4782,32.680000,3,-0.000000,-0.000000,-0.000000
4783,32.700000,3,-0.000000,-0.000000,-0.000000
4784,32.720000,3,-0.000000,-0.000000,-0.000000
4785,32.740000,3,-0.000000,-0.000000,-0.000000
4786,32.760000,3,-0.000000,-0.000000,-0.000000
4787,32.780000,3,-0.000000,-0.000000,-0.000000
4788,32.800000,3,-0.000000,-0.000000,-0.000000
4789,32.820000,3,-0.000000,-0.000000,-0.000000
4790,32.840000,3,-0.000000,-0.000000,-0.000000
4791,32.860000,3,-0.000000,-0.000000,-0.000000
4792,32.880000,3,-0.000000,-0.000000,-0.000000
4793,32.900000,3,-0.000000,-0.000000,-0.000000
4794,32.920000,3,-0.000000,-0.000000,-0.000000
4795,32.940000,3,-0.000000,-0.000000,-0.000000
4796,32.960000,3,-0.000000,-0.000000,-0.000000
4797,32.980000,3,-0.000000,-0.000000,-0.000000
4798,33.000000,3,-0.000000,-0.000000,-0.000000
4799,33.020000,3,-0.000000,-0.000000,-0.000000
4800,33.040000,3,-0.000000,-0.000000,-0.000000
4801,33.060000,3,-0.000000,-0.000000,-0.000000
4802,33.080000,3,-0.000000,-0.000000,-0.000000
4803,33.100000,3,-0.000000,-0.000000,-0.000000
4804,33.120000,3,-0.000000,-0.000000,-0.000000
4805,33.140000,3,-0.000000,-0.000000,-0.000000
4806,33.160000,3,-0.000000,-0.000000,-0.000000
4807,33.180000,3,-0.000000,-0.000000,-0.000000
4808,33.200000,3,-0.000000,-0.000000,-0.000000
4809,33.220000,3,-0.000000,-0.000000,-0.000000
4810,33.240000,3,-0.000000,-0.000000,-0.000000
4811,33.260000,3,0.029878,-0.003479,-0.000000
4812,33.280000,3,0.087802,-0.011170,-0.000000
4813,33.300000,3,0.156133,-0.015992,-0.000000
4814,33.320000,3,0.213507,-0.018952,-0.000000
4815,33.340000,3,0.287881,-0.021638,-0.000000
4816,33.360000,3,0.342357,-0.023255,-0.000000
4817,33.380000,3,0.385479,-0.024110,-0.000000
4818,33.400000,3,0.419874,-0.024720,-0.000000
4819,33.420000,3,0.451247,-0.025269,-0.000000
4820,33.440000,3,0.477126,-0.025697,-0.000000
4821,33.460000,3,0.517289,-0.026246,-0.000000
4822,33.480000,3,0.536485,-0.026490,-0.000000
4823,33.500000,3,0.548418,-0.026612,-0.000000
4824,33.520000,3,0.572039,-0.026856,-0.000000
4825,33.540000,3,0.592517,-0.027100,-0.000000
4826,33.560000,3,0.599261,-0.027161,-0.000000
4827,33.580000,3,0.600177,-0.029664,-0.000000
4828,33.600000,3,0.600726,-0.032655,-0.000000
4829,33.620000,3,0.601489,-0.033937,-0.000000
4830,33.640000,3,0.602374,-0.034089,-0.000000
4831,33.660000,3,0.602649,-0.034669,-0.000000
4832,33.680000,3,0.602649,-0.034883,-0.000000
4833,33.700000,3,0.603076,-0.034639,-0.000000
4834,33.720000,3,0.603076,-0.034639,-0.000000
4835,33.740000,3,0.603076,-0.034639,-0.000000
4836,33.760000,3,0.603137,-0.034639,-0.000000
4837,33.780000,3,0.603565,-0.034028,-0.000000
4838,33.800000,3,0.604297,-0.034089,-0.000000
4839,33.820000,3,0.604205,-0.034089,-0.000000
4840,33.840000,3,0.604022,-0.034089,-0.000000
4841,33.860000,3,0.607929,-0.034150,-0.000000
4842,33.880000,3,0.620075,-0.034272,-0.000000
4843,33.900000,3,0.630451,-0.034394,-0.000000
4844,33.920000,3,0.633534,-0.034394,-0.000000
4845,33.940000,3,0.635945,-0.034455,-0.000000
4846,33.960000,3,0.637501,-0.034455,-0.000000
4847,33.980000,3,0.646352,-0.034577,-0.000000
4848,34.000000,3,0.659505,-0.034700,-0.000000
4849,34.020000,3,0.685995,-0.034944,-0.000000
4850,34.040000,3,0.701132,-0.035127,-0.000000
4851,34.060000,3,0.706992,-0.035218,-0.000000
4852,34.080000,3,0.719077,-0.035279,-0.000000
4853,34.100000,3,0.725303,-0.035340,-0.000000
4854,34.120000,3,0.751213,-0.035585,-0.000000
4855,34.140000,3,0.828822,0.004913,-0.000000
4856,34.160000,3,0.851405,0.022370,-0.000000
4857,34.180000,3,0.878201,0.031922,-0.000000
4858,34.200000,3,0.896084,0.039308,-0.000000
4859,34.220000,3,0.907254,0.042756,-0.000000
4860,34.240000,3,0.919248,0.043977,-0.000000
4861,34.260000,3,0.936033,0.052980,-0.000000
4862,34.280000,3,0.969390,0.077670,-0.000000
4863,34.300000,3,1.000000,0.097110,-0.000000
4864,34.320000,3,1.000000,0.114200,-0.000000
4865,34.340000,3,1.000000,0.122318,-0.000000
4866,34.360000,3,1.000000,0.124424,-0.000000
4867,34.380000,3,1.000000,0.125004,-0.000000
4868,34.400000,3,1.000000,0.125462,-0.000000
4869,34.420000,3,1.000000,0.125462,-0.000000
4870,34.440000,3,1.000000,0.126560,-0.000000
4871,34.460000,3,1.000000,0.127384,-0.000000
4872,34.480000,3,1.000000,0.128483,-0.000000
4873,34.500000,3,1.000000,0.128636,-0.000000
4874,34.520000,3,1.000000,0.128483,-0.000000
4875,34.540000,3,1.000000,0.128544,-0.000000
4876,34.560000,3,1.000000,0.128666,-0.000000
4877,34.580000,3,1.000000,0.128483,-0.000000
4878,34.600000,3,1.000000,0.128483,-0.000000
4879,34.620000,3,1.000000,0.128636,-0.000000
4880,34.640000,3,1.000000,0.128636,-0.000000
4881,34.660000,3,1.000000,0.128636,-0.000000
4882,34.680000,3,1.000000,0.128636,-0.000000
4883,34.700000,3,1.000000,0.128636,-0.000000
4884,34.720000,3,1.000000,0.128636,-0.000000
4885,34.740000,3,1.000000,0.128636,-0.000000
4886,34.760000,3,1.000000,0.130741,-0.000000
4887,34.780000,3,0.882046,0.128178,-0.000000
4888,34.800000,3,0.257790,0.058046,-0.000000
4889,34.820000,3,-0.000000,-0.000000,-0.000000
4890,34.840000,3,-0.000000,-0.000000,-0.000000
4891,34.860000,3,-0.000000,-0.000000,-0.000000
4892,34.880000,3,-0.000000,-0.000000,-0.000000
4893,34.900000,3,-0.000000,-0.000000,-0.000000
4894,34.920000,3,-0.000000,-0.000000,-0.000000
4895,34.940000,3,-0.000000,-0.000000,-0.000000
4896,34.960000,3,-0.000000,-0.000000,-0.000000
4897,34.980000,3,-0.000000,-0.000000,-0.000000
4898,35.000000,3,-0.000000,-0.000000,-0.000000
4899,35.020000,3,0.031953,-0.000000,-0.000000
4900,35.040000,3,0.112766,0.015625,-0.000000
4901,35.060000,3,0.203070,0.045534,-0.000000
4902,35.080000,3,0.357830,0.103519,-0.000000
4903,35.100000,3,0.542772,0.216865,-0.000000
4904,35.120000,3,0.754051,0.335215,-0.000000
4905,35.140000,3,0.904935,0.419660,-0.000000
4906,35.160000,3,0.943297,0.442244,-0.000000
4907,35.180000,3,0.956359,0.440901,-0.000000
4908,35.200000,3,0.959441,0.434217,-0.000000
4909,35.220000,3,0.966369,0.418683,-0.000000
4910,35.240000,3,0.972350,0.404584,-0.000000
4911,35.260000,3,0.974120,0.399762,-0.000000
4912,35.280000,3,0.975188,0.397351,-0.000000
4913,35.300000,3,0.976043,0.395367,-0.000000
4914,35.320000,3,0.976714,0.393750,-0.000000
4915,35.340000,3,0.976897,0.393323,-0.000000
4916,35.360000,3,0.976897,0.393323,-0.000000
4917,35.380000,3,0.976897,0.393323,-0.000000
4918,35.400000,3,0.976897,0.393597,-0.000000
4919,35.420000,3,0.976897,0.393902,-0.000000
4920,35.440000,3,0.976897,0.393963,-0.000000
4921,35.460000,3,0.976959,0.393170,-0.000000
4922,35.480000,3,0.977203,0.392499,-0.000000
4923,35.500000,3,0.977599,0.391583,-0.000000
4924,35.520000,3,0.978088,0.390393,-0.000000
4925,35.540000,3,0.978332,0.389660,-0.000000
4926,35.560000,3,0.978393,0.389599,-0.000000
4927,35.580000,3,0.978942,0.388073,-0.000000
4928,35.600000,3,0.979400,0.386975,-0.000000
4929,35.620000,3,0.979583,0.386517,-0.000000
4930,35.640000,3,0.979583,0.386517,-0.000000
4931,35.660000,3,0.979583,0.386517,-0.000000
4932,35.680000,3,0.979583,0.386517,-0.000000
4933,35.700000,3,0.979644,0.386486,-0.000000
4934,35.720000,3,0.979766,0.386059,-0.000000
4935,35.740000,3,0.979766,0.386059,-0.000000
4936,35.760000,3,0.979766,0.386059,-0.000000
4937,35.780000,3,0.979766,0.386059,-0.000000
4938,35.800000,3,0.979766,0.386059,-0.000000
4939,35.820000,3,0.979766,0.386059,-0.000000
4940,35.840000,3,0.979766,0.386059,-0.000000
4941,35.860000,3,0.979766,0.386059,-0.000000
4942,35.880000,3,0.979766,0.386059,-0.000000
4943,35.900000,3,0.979766,0.386059,-0.000000
4944,35.920000,3,0.979827,0.385876,-0.000000
4945,35.940000,3,0.980010,0.385418,-0.000000
4946,35.960000,3,0.980010,0.385479,-0.000000
4947,35.980000,3,0.979919,0.386212,-0.000000
4948,36.000000,3,0.979644,0.386914,-0.000000
4949,36.020000,3,0.979583,0.387127,-0.000000
4950,36.040000,3,0.979583,0.387127,-0.000000
4951,36.060000,3,0.979583,0.387127,-0.000000
4952,36.080000,3,0.979583,0.387127,-0.000000
4953,36.100000,3,0.979583,0.387127,-0.000000
4954,36.120000,3,0.979553,0.386273,-0.000000
4955,36.140000,3,0.922697,0.313974,-0.000000
4956,36.160000,3,0.606494,0.071657,-0.000000
4957,36.180000,3,0.287637,-0.062410,-0.000000
4958,36.200000,3,0.028077,-0.067812,-0.000000
4959,36.220000,3,-0.024964,-0.074557,-0.000000
4960,36.240000,3,-0.163640,-0.124699,-0.000000
4961,36.260000,3,-0.316843,-0.178808,-0.000000
4962,36.280000,3,-0.525529,-0.260842,-0.043443
4963,36.300000,3,-0.742149,-0.312632,-0.095264
4964,36.320000,3,-0.975860,-0.333659,-0.115314
4965,36.340000,3,-1.000000,-0.209876,-0.119022
4966,36.360000,3,-1.000000,-0.073550,-0.119755
4967,36.380000,3,-1.000000,0.024751,-0.114582
4968,36.400000,3,-1.000000,0.070772,-0.108539
4969,36.420000,3,-1.000000,0.103580,-0.096820
4970,36.440000,3,-1.000000,0.145726,-0.050722
4971,36.460000,3,-1.000000,0.210822,-0.000000
4972,36.480000,3,-1.000000,0.279733,-0.000000
4973,36.500000,3,-0.996399,0.341319,-0.000000
4974,36.520000,3,-0.970336,0.409162,-0.000000
4975,36.540000,3,-0.961913,0.428541,-0.000000
4976,36.560000,3,-0.955870,0.441786,-0.000000
4977,36.580000,3,-0.952666,0.448988,-0.000000
4978,36.600000,3,-0.951048,0.452437,-0.000000
4979,36.620000,3,-0.948729,0.456801,-0.000000
4980,36.640000,3,-0.943175,0.468123,-0.000000
4981,36.660000,3,-0.935911,0.482864,-0.000000
4982,36.680000,3,-0.934538,0.485641,-0.000000
4983,36.700000,3,-0.933744,0.486770,-0.000000
4984,36.720000,3,-0.933561,0.487075,-0.000000
4985,36.740000,3,-0.933561,0.486831,-0.000000
4986,36.760000,3,-0.933561,0.486831,-0.000000
4987,36.780000,3,-0.932737,0.489181,-0.000000
4988,36.800000,3,-0.929472,0.494675,-0.000000
4989,36.820000,3,-0.923307,0.506088,-0.000000
4990,36.840000,3,-0.919279,0.513321,-0.086337
4991,36.860000,3,-0.917203,0.517197,-0.303919
4992,36.880000,3,-0.916868,0.517716,-0.461577
4993,36.900000,3,-0.916623,0.518143,-0.738624
4994,36.920000,3,-0.916410,0.518601,-1.140919
4995,36.940000,3,-0.916166,0.518998,-1.465758
4996,36.960000,3,-0.916166,0.518662,-1.500000
4997,36.980000,3,-0.916227,0.518723,-1.500000
4998,37.000000,3,-0.916227,0.518571,-1.500000
4999,37.020000,3,-0.916227,0.518571,-1.494095
5000,37.040000,3,-0.917112,0.516709,-1.486358
5001,37.060000,3,-0.919065,0.513688,-1.482009
5002,37.080000,3,-0.936338,0.481643,-1.476974
5003,37.100000,3,-0.959410,0.434034,-1.474044
5004,37.120000,3,-0.974578,0.399030,-1.471572
5005,37.140000,3,-0.984924,0.372967,-1.469695
5006,37.160000,3,-0.994720,0.346141,-1.467040
5007,37.180000,3,-1.000000,0.321604,-1.465072
5008,37.200000,3,-1.000000,0.301096,-1.463149
5009,37.220000,3,-1.000000,0.284707,-1.460768
5010,37.240000,3,-1.000000,0.276467,-1.458754
5011,37.260000,3,-1.000000,0.274331,-1.455001
5012,37.280000,3,-1.000000,0.273354,-1.448088
5013,37.300000,3,-1.000000,0.273202,-1.442000
5014,37.320000,3,-1.000000,0.272591,-1.437880
5015,37.340000,3,-1.000000,0.272439,-1.434767
5016,37.360000,3,-1.000000,0.272042,-1.432752
5017,37.380000,3,-1.000000,0.272042,-1.429319
5018,37.400000,3,-1.000000,0.272042,-1.423963
5019,37.420000,3,-1.000000,0.272042,-1.418470
5020,37.440000,3,-1.000000,0.272042,-1.413388
5021,37.460000,3,-1.000000,0.272042,-1.409314
5022,37.480000,3,-1.000000,0.284982,-1.406476
5023,37.500000,3,-1.000000,0.310465,-1.400067
5024,37.520000,3,-0.999786,0.331248,-1.392514
5025,37.540000,3,-0.994629,0.346416,-1.385785
5026,37.560000,3,-0.982025,0.380444,-1.380291
5027,37.580000,3,-0.967162,0.416578,-1.375576
5028,37.600000,3,-0.956053,0.441359,-1.368068
5029,37.620000,3,-0.945677,0.463118,-1.354015
5030,37.640000,3,-0.938841,0.476760,-1.340144
5031,37.660000,3,-0.932615,0.488754,-1.336940
5032,37.680000,3,-0.927122,0.499100,-1.335612
5033,37.700000,3,-0.920316,0.511429,-1.335200
5034,37.720000,3,-0.912259,0.525651,-1.334971
5035,37.740000,3,-0.905118,0.537828,-1.334971
5036,37.760000,3,-0.900143,0.546098,-1.335063
5037,37.780000,3,-0.895535,0.553606,-1.335063
5038,37.800000,3,-0.890316,0.561876,-1.335292
5039,37.820000,3,-0.883389,0.572710,-1.335292
5040,37.840000,3,-0.875240,0.585101,-1.335704
5041,37.860000,3,-0.867275,0.596820,-1.335704
5042,37.880000,3,-0.861446,0.605121,-1.335704
5043,37.900000,3,-0.853084,0.616871,-1.335566
5044,37.920000,3,-0.848140,0.623676,-1.335566
5045,37.940000,3,-0.840022,0.634541,-1.335566
5046,37.960000,3,-0.832850,0.643880,-1.335566
5047,37.980000,3,-0.824000,0.655171,-1.335566
5048,38.000000,3,-0.814936,0.666402,-1.335566
5049,38.020000,3,-0.807184,0.675741,-1.335566
5050,38.040000,3,-0.797906,0.686697,-1.335566
5051,38.060000,3,-0.786493,0.699759,-1.335566
5052,38.080000,3,-0.772088,0.715567,-1.335566
5053,38.100000,3,-0.764824,0.723319,-1.335566
5054,38.120000,3,-0.752861,0.735771,-1.335566
5055,38.140000,3,-0.746696,0.742027,-1.335566
5056,38.160000,3,-0.741478,0.747185,-1.335566
5057,38.180000,3,-0.737938,0.750725,-1.335566
5058,38.200000,3,-0.736229,0.752342,-1.335566
5059,38.220000,3,-0.734764,0.753807,-1.335566
5060,38.240000,3,-0.733055,0.755516,-1.335566
5061,38.260000,3,-0.732627,0.755882,-1.335566
5062,38.280000,3,-0.732536,0.756005,-1.335566
5063,38.300000,3,-0.731834,0.756645,-1.335566
5064,38.320000,3,-0.732170,0.756279,-1.335566
5065,38.340000,3,-0.732170,0.756279,-1.335566
5066,38.360000,3,-0.732170,0.756279,-1.335566
5067,38.380000,3,-0.732109,0.756401,-1.335566
5068,38.400000,3,-0.732109,0.756401,-1.335566
5069,38.420000,3,-0.732109,0.756401,-1.335566
5070,38.440000,3,-0.732047,0.756462,-1.335566
5071,38.460000,3,-0.731590,0.756951,-1.335566
5072,38.480000,3,-0.731376,0.757103,-1.335566
5073,38.500000,3,-0.731376,0.757103,-1.335566
5074,38.520000,3,-0.731376,0.757103,-1.335566
5075,38.540000,3,-0.731376,0.757103,-1.335566
5076,38.560000,3,-0.731376,0.757103,-1.335566
5077,38.580000,3,-0.731376,0.757103,-1.335566
5078,38.600000,3,-0.731803,0.756676,-1.335566
5079,38.620000,3,-0.733848,0.754662,-1.335566
5080,38.640000,3,-0.736686,0.751976,-1.335566
5081,38.660000,3,-0.739464,0.749199,-1.335566
5082,38.680000,3,-0.740379,0.748253,-1.335566
5083,38.700000,3,-0.741050,0.747612,-1.335566
5084,38.720000,3,-0.747398,0.741325,-1.335566
5085,38.740000,3,-0.756066,0.732475,-1.335566
5086,38.760000,3,-0.767998,0.719962,-1.335566
5087,38.780000,3,-0.788995,0.696860,-1.335566
5088,38.800000,3,-0.831233,0.645955,-1.335566
5089,38.820000,3,-0.922391,0.507767,-1.335566
5090,38.840000,3,-1.000000,0.302347,-1.335566
5091,38.860000,3,-1.000000,0.023377,-1.335566
5092,38.880000,3,-1.000000,-0.254006,-1.335566
5093,38.900000,3,-0.919706,-0.512558,-1.325541
5094,38.920000,3,-0.797876,-0.686697,-1.261864
5095,38.940000,3,-0.688589,-0.796228,-1.055315
5096,38.960000,3,-0.608386,-0.859157,-0.830821
5097,38.980000,3,-0.578692,-0.879482,-0.766411
5098,39.000000,3,-0.554857,-0.894772,-0.724158
5099,39.020000,3,-0.546770,-0.899442,-0.694723
5100,39.040000,3,-0.542192,-0.902493,-0.655446
5101,39.060000,3,-0.533158,-0.907865,-0.609897
5102,39.080000,3,-0.520737,-0.915098,-0.559450
5103,39.100000,3,-0.503555,-0.924680,-0.478195
5104,39.120000,3,-0.491317,-0.931272,-0.374004
5105,39.140000,3,-0.484664,-0.934416,-0.300806
5106,39.160000,3,-0.479812,-0.937254,-0.269448
5107,39.180000,3,-0.475539,-0.939268,-0.241478
5108,39.200000,3,-0.469192,-0.942656,-0.207236
5109,39.220000,3,-0.456832,-0.948729,-0.177664
5110,39.240000,3,-0.443007,-0.955290,-0.122318
5111,39.260000,3,-0.430555,-0.961028,-0.035752
5112,39.280000,3,-0.423902,-0.963805,-0.000000
5113,39.300000,3,-0.422620,-0.964446,-0.000000
5114,39.320000,3,-0.422498,-0.964446,-0.000000
5115,39.340000,3,-0.421339,-0.964995,-0.000000
5116,39.360000,3,-0.421339,-0.964995,-0.000000
5117,39.380000,3,-0.421461,-0.964995,-0.000000
5118,39.400000,3,-0.427808,-0.962249,-0.000000
5119,39.420000,3,-0.462630,-0.945921,-0.000000
5120,39.440000,3,-0.510941,-0.920591,-0.000000
5121,39.460000,3,-0.495956,-0.762719,-0.000000
5122,39.480000,3,-0.477828,-0.621479,-0.000000
5123,39.500000,3,-0.467757,-0.470412,-0.000000
5124,39.520000,3,-0.448805,-0.268838,-0.000000
5125,39.540000,3,-0.441939,-0.036256,-0.000000
5126,39.560000,3,-0.585376,0.158025,-0.000000
5127,39.580000,3,-0.907102,0.303110,-0.000000
5128,39.600000,3,-0.996460,0.341227,-0.000000
5129,39.620000,3,-0.985321,0.371929,-0.000000
5130,39.640000,3,-0.970336,0.409192,-0.000000
5131,39.660000,3,-0.960265,0.432142,-0.000000
5132,39.680000,3,-0.952483,0.449751,-0.000000
5133,39.700000,3,-0.947966,0.458419,-0.000000
5134,39.720000,3,-0.941527,0.471450,-0.000000
5135,39.740000,3,-0.934263,0.485641,-0.000000
5136,39.760000,3,-0.925016,0.502914,-0.000000
5137,39.780000,3,-0.910672,0.528398,-0.000000
5138,39.800000,3,-0.897366,0.550584,0.126713
5139,39.820000,3,-0.892544,0.558367,0.332255
5140,39.840000,3,-0.890622,0.561449,0.598453
5141,39.860000,3,-0.889065,0.563891,0.921598
5142,39.880000,3,-0.888424,0.564898,1.238151
5143,39.900000,3,-0.887906,0.565722,1.500000
5144,39.920000,3,-0.887661,0.566210,1.500000
5145,39.940000,3,-0.887661,0.566210,1.500000
5146,39.960000,3,-0.887661,0.566210,1.500000
5147,39.980000,3,-0.888668,0.564196,1.500000
5148,40.000000,3,-0.901883,0.543199,1.500000
5149,40.020000,3,-0.932585,0.488815,1.500000
5150,40.040000,3,-0.950346,0.453536,1.500000
5151,40.060000,3,-0.985504,0.371410,1.500000
5152,40.080000,3,-1.000000,0.321268,1.500000
5153,40.100000,3,-1.000000,0.296854,1.500000
5154,40.120000,3,-1.000000,0.284005,1.500000
5155,40.140000,3,-1.000000,0.271432,1.500000
5156,40.160000,3,-1.000000,0.268899,1.500000
5157,40.180000,3,-1.000000,0.268715,1.500000
5158,40.200000,3,-1.000000,0.268715,1.500000
5159,40.220000,3,-1.000000,0.271645,1.500000
5160,40.240000,3,-1.000000,0.282540,1.500000
5161,40.260000,3,-1.000000,0.310923,1.500000
5162,40.280000,3,-0.988769,0.362682,1.500000
5163,40.300000,3,-0.951415,0.451247,1.500000
5164,40.320000,3,-0.917173,0.517075,1.500000
5165,40.340000,3,-0.898038,0.549516,1.500000
5166,40.360000,3,-0.880886,0.576586,1.500000
5167,40.380000,3,-0.859706,0.607624,1.500000
5168,40.400000,3,-0.850795,0.620014,1.500000
5169,40.420000,3,-0.813135,0.668599,1.500000
5170,40.440000,3,-0.772088,0.715567,1.500000
5171,40.460000,3,-0.706534,0.780358,1.500000
5172,40.480000,3,-0.661367,0.819056,1.488647
5173,40.500000,3,-0.604327,0.862056,1.173559
5174,40.520000,3,-0.554338,0.895108,0.253838
5175,40.540000,3,-0.535447,0.906583,-0.000000
5176,40.560000,3,-0.491317,0.931303,-0.000000
5177,40.580000,3,-0.441298,0.956114,-0.000000
5178,40.600000,3,-0.375164,0.980468,-0.000000
5179,40.620000,3,-0.270394,0.937864,-0.000000
5180,40.640000,3,-0.196905,0.691061,-0.000000
5181,40.660000,3,-0.000000,-0.000000,-0.000000
5182,40.680000,3,-0.000000,-0.000000,-0.000000
5183,40.700000,3,-0.000000,-0.000000,-0.000000
5184,40.720000,3,-0.000000,-0.000000,-0.000000
5185,40.740000,3,-0.000000,-0.000000,-0.000000
5186,40.760000,3,-0.000000,-0.000000,-0.000000
5187,40.780000,3,-0.000000,-0.000000,-0.000000
5188,40.800000,3,-0.000000,-0.000000,-0.000000
5189,40.820000,3,-0.000000,-0.000000,-0.000000
5190,40.840000,3,-0.000000,-0.000000,-0.000000
5191,40.860000,3,-0.000000,-0.000000,-0.000000
5192,40.880000,3,-0.000000,-0.000000,-0.000000
5193,40.900000,3,-0.000000,-0.000000,-0.000000
5194,40.920000,3,-0.000000,-0.000000,-0.000000
5195,40.940000,3,-0.000000,-0.000000,-0.000000
5196,40.960000,3,-0.000000,-0.000000,-0.000000
5197,40.980000,3,-0.000000,-0.000000,-0.000000
5198,41.000000,3,-0.000000,-0.000000,-0.000000
5199,41.020000,3,-0.000000,-0.000000,-0.000000
5200,41.040000,3,-0.000000,-0.000000,-0.000000
5201,41.060000,3,-0.000000,-0.000000,-0.000000
5202,41.080000,3,-0.000000,-0.000000,-0.000000
5203,41.100000,3,-0.000000,-0.000000,-0.000000
5204,41.120000,3,-0.000000,-0.000000,-0.000000
5205,41.140000,3,-0.000000,-0.000000,-0.000000
5206,41.160000,3,-0.000000,-0.000000,-0.000000
5207,41.180000,3,-0.000000,-0.000000,-0.000000
5208,41.200000,3,-0.000000,-0.000000,-0.000000
5209,41.220000,3,-0.000000,-0.000000,-0.000000
5210,41.240000,3,-0.000000,-0.000000,-0.000000
5211,41.260000,3,-0.000000,-0.000000,-0.000000
5212,41.280000,3,-0.000000,-0.000000,-0.000000
5213,41.300000,3,-0.000000,-0.000000,-0.000000
5214,41.320000,3,-0.000000,-0.000000,-0.000000
5215,41.340000,3,-0.000000,-0.000000,-0.000000
5216,41.360000,3,-0.000000,-0.000000,-0.000000
5217,41.380000,3,-0.000000,-0.000000,-0.000000
5218,41.400000,3,-0.000000,-0.000000,-0.000000
5219,41.420000,3,0.067995,-0.037294,-0.000000
5220,41.440000,3,0.199896,-0.117618,-0.000000
5221,41.460000,3,0.349284,-0.191351,-0.000000
5222,41.480000,3,0.503037,-0.241310,-0.000000
5223,41.500000,3,0.668599,-0.269112,-0.000000
5224,41.520000,3,0.814325,-0.282510,-0.000000
5225,41.540000,3,0.949614,-0.291055,-0.000000
5226,41.560000,3,1.000000,-0.290536,-0.000000
5227,41.580000,3,1.000000,-0.284860,-0.000000
5228,41.600000,3,1.000000,-0.283212,-0.000000
5229,41.620000,3,1.000000,-0.283212,-0.000000
5230,41.640000,3,1.000000,-0.283822,-0.000000
5231,41.660000,3,1.000000,-0.283883,-0.000000
5232,41.680000,3,1.000000,-0.283944,-0.000000
5233,41.700000,3,1.000000,-0.284280,-0.000000
5234,41.720000,3,1.000000,-0.284341,-0.000000
5235,41.740000,3,1.000000,-0.284768,-0.000000
5236,41.760000,3,1.000000,-0.284616,-0.000000
5237,41.780000,3,1.000000,-0.284616,-0.000000
5238,41.800000,3,1.000000,-0.284738,-0.000000
5239,41.820000,3,1.000000,-0.284738,-0.000000
5240,41.840000,3,1.000000,-0.284738,-0.000000
5241,41.860000,3,1.000000,-0.284738,-0.000000
5242,41.880000,3,1.000000,-0.284738,-0.000000
5243,41.900000,3,1.000000,-0.284738,-0.000000
5244,41.920000,3,1.000000,-0.284738,-0.000000
5245,41.940000,3,1.000000,-0.284738,-0.000000
5246,41.960000,3,1.000000,-0.284738,-0.000000
5247,41.980000,3,1.000000,-0.284738,-0.000000
5248,42.000000,3,1.000000,-0.284738,-0.000000
5249,42.020000,3,1.000000,-0.284738,-0.000000
5250,42.040000,3,1.000000,-0.284738,-0.000000
5251,42.060000,3,1.000000,-0.284738,-0.000000
5252,42.080000,3,1.000000,-0.284738,-0.000000
5253,42.100000,3,1.000000,-0.284738,-0.000000
5254,42.120000,3,1.000000,-0.284738,-0.000000
5255,42.140000,3,1.000000,-0.284738,-0.000000
5256,42.160000,3,1.000000,-0.284738,-0.000000
5257,42.180000,3,1.000000,-0.286355,-0.000000
5258,42.200000,3,1.000000,-0.288797,-0.000000
5259,42.220000,3,1.000000,-0.289895,-0.000000
5260,42.240000,3,1.000000,-0.288369,-0.000000
5261,42.260000,3,0.989105,-0.273873,-0.000000
5262,42.280000,3,0.966613,-0.242164,-0.000000
5263,42.300000,3,0.954405,-0.223212,-0.000000
5264,42.320000,3,0.950224,-0.214118,-0.000000
5265,42.340000,3,0.949431,-0.207801,-0.000000
5266,42.360000,3,0.948851,-0.199927,-0.000000
5267,42.380000,3,0.947874,-0.194708,-0.000000
5268,42.400000,3,0.938505,-0.190619,-0.000000
5269,42.420000,3,0.924680,-0.188604,-0.000000
5270,42.440000,3,0.901822,-0.187658,-0.000000
5271,42.460000,3,0.876095,-0.186865,-0.000000
5272,42.480000,3,0.809168,-0.183233,-0.000000
5273,42.500000,3,0.561632,-0.168920,-0.000000
5274,42.520000,3,0.009064,-0.001099,-0.000000
5275,42.540000,3,-0.000000,-0.000000,-0.000000
5276,42.560000,3,-0.000000,-0.000000,-0.000000
5277,42.580000,3,-0.000000,-0.000000,-0.000000
5278,42.600000,3,-0.000000,-0.000000,-0.000000
5279,42.620000,3,-0.000000,-0.000000,-0.000000
5280,42.640000,3,-0.000000,-0.000000,-0.000000
5281,42.660000,3,-0.000000,-0.000000,-0.000000
5282,42.680000,3,-0.000000,-0.000000,-0.000000
5283,42.700000,3,-0.000000,-0.000000,-0.000000
5284,42.720000,3,-0.000000,-0.000000,-0.000000
5285,42.740000,3,-0.050264,0.028443,-0.000000
5286,42.760000,3,-0.177282,0.132878,-0.000000
5287,42.780000,3,-0.409162,0.304300,-0.000000
5288,42.800000,3,-0.679220,0.411115,-0.000000
5289,42.820000,3,-0.908017,0.445570,-0.000000
5290,42.840000,3,-0.954772,0.444105,-0.000000
5291,42.860000,3,-0.950346,0.453475,-0.000000
5292,42.880000,3,-0.947386,0.460005,-0.000000
5293,42.900000,3,-0.944395,0.465682,-0.000000
5294,42.920000,3,-0.943052,0.468947,-0.000000
5295,42.940000,3,-0.942228,0.470382,-0.000000
5296,42.960000,3,-0.941801,0.471480,-0.000000
5297,42.980000,3,-0.941710,0.471480,-0.000000
5298,43.000000,3,-0.941618,0.471145,-0.000000
5299,43.020000,3,-0.941618,0.471145,-0.000000
5300,43.040000,3,-0.941618,0.471145,-0.000000
5301,43.060000,3,-0.941618,0.471450,-0.000000
5302,43.080000,3,-0.941618,0.471450,-0.000000
5303,43.100000,3,-0.941618,0.471023,-0.000000
5304,43.120000,3,-0.941618,0.471023,-0.000000
5305,43.140000,3,-0.941618,0.471145,-0.000000
5306,43.160000,3,-0.941618,0.471145,-0.000000
5307,43.180000,3,-0.941618,0.471145,-0.000000
5308,43.200000,3,-0.941618,0.471145,-0.000000
5309,43.220000,3,-0.941618,0.471145,-0.000000
5310,43.240000,3,-0.941618,0.471145,-0.000000
5311,43.260000,3,-0.941618,0.471145,-0.000000
5312,43.280000,3,-0.941618,0.471145,-0.000000
5313,43.300000,3,-0.941618,0.471145,-0.000000
5314,43.320000,3,-0.941618,0.471145,-0.000000
5315,43.340000,3,-0.941618,0.471145,-0.000000
5316,43.360000,3,-0.941618,0.471145,-0.000000
5317,43.380000,3,-0.941618,0.471145,-0.000000
5318,43.400000,3,-0.941618,0.471145,-0.000000
5319,43.420000,3,-0.941618,0.471145,-0.000000
5320,43.440000,3,-0.941618,0.471145,-0.000000
5321,43.460000,3,-0.941618,0.471145,-0.000000
5322,43.480000,3,-0.941618,0.471145,-0.000000
5323,43.500000,3,-0.941618,0.471145,-0.000000
5324,43.520000,3,-0.941618,0.471145,-0.000000
5325,43.540000,3,-0.941679,0.470931,-0.000000
5326,43.560000,3,-0.942900,0.468245,-0.000000
5327,43.580000,3,-0.944304,0.465102,-0.000000
5328,43.600000,3,-0.948210,0.457900,-0.000000
5329,43.620000,3,-0.891263,0.422437,-0.000000
5330,43.640000,3,-0.820917,0.383526,-0.000000
5331,43.660000,3,-0.745048,0.349376,-0.000000
5332,43.680000,3,-0.633229,0.308390,-0.000000
5333,43.700000,3,-0.504654,0.255226,-0.000000
5334,43.720000,3,-0.164342,0.074374,-0.000000
5335,43.740000,3,-0.000000,-0.000000,-0.000000
5336,43.760000,3,-0.000000,-0.000000,-0.000000
5337,43.780000,3,-0.000000,-0.000000,-0.000000
5338,43.800000,3,-0.000000,-0.000000,-0.000000
5339,43.820000,3,-0.000000,-0.000000,-0.000000
5340,43.840000,3,-0.000000,-0.000000,-0.000000
5341,43.860000,3,-0.000000,-0.000000,-0.000000
5342,43.880000,3,-0.000000,-0.000000,-0.000000
5343,43.900000,3,-0.000000,-0.000000,-0.000000
5344,43.920000,3,-0.000000,-0.000000,-0.000000
5345,43.940000,3,-0.000000,-0.000000,-0.000000
5346,43.960000,3,-0.000000,-0.000000,-0.000000
5347,43.980000,3,-0.000000,-0.000000,-0.000000
5348,44.000000,3,-0.000000,-0.000000,-0.000000
5349,44.020000,3,-0.000000,-0.000000,-0.000000
5350,44.040000,3,-0.000000,-0.000000,-0.000000
5351,44.060000,3,-0.000000,-0.000000,-0.000000
5352,44.080000,3,-0.000000,-0.000000,-0.000000
5353,44.100000,3,-0.000000,-0.000000,-0.000000
5354,44.120000,3,-0.000000,-0.000000,-0.000000
5355,44.140000,3,-0.000000,-0.000000,-0.000000
5356,44.160000,3,-0.000000,-0.000000,-0.000000
5357,44.180000,3,-0.000000,-0.000000,-0.000000
5358,44.200000,3,-0.000000,-0.000000,-0.000000
5359,44.220000,3,-0.000000,-0.000000,-0.000000
5360,44.240000,3,-0.000000,-0.000000,-0.000000
5361,44.260000,3,-0.000000,-0.000000,-0.000000
5362,44.280000,3,-0.000000,-0.000000,-0.000000
5363,44.300000,3,-0.000000,-0.000000,-0.000000
5364,44.320000,3,-0.000000,-0.000000,-0.000000
5365,44.340000,3,-0.000000,-0.000000,-0.000000
5366,44.360000,3,-0.000000,-0.000000,-0.000000
5367,44.380000,3,-0.000000,-0.000000,-0.000000
5368,44.400000,3,-0.000000,-0.000000,-0.000000
5369,44.420000,3,-0.000000,-0.000000,-0.000000
5370,44.440000,3,-0.000000,-0.000000,-0.000000
5371,44.460000,3,-0.000000,-0.000000,-0.000000
5372,44.480000,3,-0.000000,-0.000000,-0.000000
5373,44.500000,3,-0.000000,-0.000000,-0.000000
5374,44.520000,3,-0.000000,-0.000000,-0.000000
5375,44.540000,3,-0.000000,-0.000000,-0.000000
5376,44.560000,3,-0.000000,-0.000000,-0.000000
5377,44.580000,3,-0.000000,-0.000000,-0.000000
5378,44.600000,3,-0.000000,-0.000000,-0.000000
5379,44.620000,3,-0.000000,-0.000000,-0.000000
5380,44.640000,3,-0.000000,-0.000000,-0.000000
5381,44.660000,3,-0.000000,-0.000000,-0.000000
5382,44.680000,3,-0.000000,-0.000000,-0.000000
5383,44.700000,3,-0.000000,-0.000000,-0.000000
5384,44.720000,3,-0.000000,-0.000000,-0.000000
5385,44.740000,3,0.067354,-0.000000,-0.000000
5386,44.760000,3,0.159154,-0.000000,-0.000000
5387,44.780000,3,0.266640,-0.000000,-0.000000
5388,44.800000,3,0.373760,-0.000000,-0.000000
5389,44.820000,3,0.448592,-0.000000,-0.000000
5390,44.840000,3,0.514237,-0.000000,-0.000000
5391,44.860000,3,0.581652,-0.000000,-0.000000
5392,44.880000,3,0.641896,-0.000000,-0.000000
5393,44.900000,3,0.702628,-0.000000,-0.000000
5394,44.920000,3,0.745170,-0.000000,-0.000000
5395,44.940000,3,0.764458,-0.000000,-0.000000
5396,44.960000,3,0.777551,-0.000000,-0.000000
5397,44.980000,3,0.782952,-0.000000,-0.000000
5398,45.000000,3,0.784387,-0.000000,-0.000000
5399,45.020000,3,0.788415,-0.000000,-0.000000
5400,45.040000,3,0.792047,-0.000000,-0.000000
5401,45.060000,3,0.792840,-0.000000,-0.000000
5402,45.080000,3,0.792901,-0.000000,-0.000000
5403,45.100000,3,0.792688,-0.000000,-0.000000
5404,45.120000,3,0.792749,-0.000000,-0.000000
5405,45.140000,3,0.792962,-0.000000,-0.000000
5406,45.160000,3,0.792962,-0.000000,0.027009
5407,45.180000,3,0.792962,-0.000000,0.101444
5408,45.200000,3,0.792474,-0.000000,0.159581
5409,45.220000,3,0.790887,-0.000000,0.193777
5410,45.240000,3,0.788476,-0.000000,0.229896
5411,45.260000,3,0.785760,-0.000000,0.240562
5412,45.280000,3,0.782891,-0.000000,0.249077
5413,45.300000,3,0.782311,-0.000000,0.262719
5414,45.320000,3,0.782311,0.004028,0.293115
5415,45.340000,3,0.782311,0.004608,0.315134
5416,45.360000,3,0.782311,0.004608,0.338160
5417,45.380000,3,0.782311,0.004608,0.352123
5418,45.400000,3,0.781549,0.004608,0.356792
5419,45.420000,3,0.781365,0.006439,0.358211
5420,45.440000,3,0.781365,0.008057,0.358531
5421,45.460000,3,0.781365,0.014679,0.358531
5422,45.480000,3,0.780908,0.019898,0.358531
5423,45.500000,3,0.780541,0.022340,0.356700
5424,45.520000,3,0.781854,0.022980,0.355235
5425,45.540000,3,0.781854,0.022980,0.354961
5426,45.560000,3,0.781915,0.023652,0.354961
5427,45.580000,3,0.785363,0.023560,0.355327
5428,45.600000,3,0.788751,0.023957,0.356746
5429,45.620000,3,0.790582,0.025056,0.362377
5430,45.640000,3,0.792352,0.026032,0.397397
5431,45.660000,3,0.799738,0.027345,0.455535
5432,45.680000,3,0.811853,0.034364,0.542283
5433,45.700000,3,0.813440,0.040376,0.610447
5434,45.720000,3,0.817621,0.041932,0.685339
5435,45.740000,3,0.825221,0.046999,0.742607
5436,45.760000,3,0.838862,0.070101,0.832240
5437,45.780000,3,0.859645,0.093905,0.922376
5438,45.800000,3,0.866176,0.099612,0.979827
5439,45.820000,3,0.868282,0.100681,1.005463
5440,45.840000,3,0.868892,0.100681,1.009903
5441,45.860000,3,0.869045,0.101260,1.012925
5442,45.880000,3,0.869381,0.101474,1.011963
5443,45.900000,3,0.869381,0.101260,1.012650
5444,45.920000,3,0.869381,0.100894,1.011368
5445,45.940000,3,0.869381,0.100589,1.011231
5446,45.960000,3,0.869686,0.100650,1.011231
5447,45.980000,3,0.870205,0.100803,1.011231
5448,46.000000,3,0.870724,0.100620,1.011368
5449,46.020000,3,0.870876,0.100620,1.008393
5450,46.040000,3,0.870998,0.100620,0.989761
5451,46.060000,3,0.870998,0.100620,0.972549
5452,46.080000,3,0.871914,0.100620,0.945082
5453,46.100000,3,0.873714,0.100620,0.914960
5454,46.120000,3,0.873928,0.100620,0.844646
5455,46.140000,3,0.873928,0.100620,0.769158
5456,46.160000,3,0.874722,0.100620,0.510285
5457,46.180000,3,0.874874,0.100620,0.112751
5458,46.200000,3,0.875668,0.100620,-0.000000
5459,46.220000,3,0.885250,0.100620,-0.000000
5460,46.240000,3,0.898282,0.102054,-0.000000
5461,46.260000,3,0.918546,0.105655,-0.000000
5462,46.280000,3,0.948485,0.129521,-0.000000
5463,46.300000,3,0.969939,0.144230,-0.000000
5464,46.320000,3,0.984008,0.147435,-0.000000
5465,46.340000,3,0.999969,0.150884,-0.000000
5466,46.360000,3,1.000000,0.156224,-0.000000
5467,46.380000,3,1.000000,0.163244,-0.000000
5468,46.400000,3,1.000000,0.174413,-0.000000
5469,46.420000,3,1.000000,0.183264,-0.000000
5470,46.440000,3,1.000000,0.188116,-0.000000
5471,46.460000,3,1.000000,0.189581,-0.000000
5472,46.480000,3,1.000000,0.190802,-0.000000
5473,46.500000,3,1.000000,0.191717,-0.000000
5474,46.520000,3,1.000000,0.192755,-0.000000
5475,46.540000,3,1.000000,0.192969,-0.000000
5476,46.560000,3,1.000000,0.192877,-0.000000
5477,46.580000,3,1.000000,0.192877,-0.000000
5478,46.600000,3,1.000000,0.193701,-0.000000
5479,46.620000,3,1.000000,0.193701,-0.000000
5480,46.640000,3,1.000000,0.193701,-0.000000
5481,46.660000,3,1.000000,0.193701,-0.000000
5482,46.680000,3,1.000000,0.193701,-0.000000
5483,46.700000,3,1.000000,0.193701,-0.000000
5484,46.720000,3,1.000000,0.193701,-0.000000
5485,46.740000,3,1.000000,0.193701,-0.000000
5486,46.760000,3,1.000000,0.193701,-0.000000
5487,46.780000,3,1.000000,0.193701,-0.000000
5488,46.800000,3,1.000000,0.193701,-0.000000
5489,46.820000,3,1.000000,0.193701,-0.000000
5490,46.840000,3,1.000000,0.193701,-0.000000
5491,46.860000,3,1.000000,0.193701,-0.000000
5492,46.880000,3,1.000000,0.193701,-0.000000
5493,46.900000,3,1.000000,0.193701,-0.000000
5494,46.920000,3,1.000000,0.193701,-0.000000
5495,46.940000,3,1.000000,0.193701,-0.000000
5496,46.960000,3,1.000000,0.193884,-0.000000
5497,46.980000,3,1.000000,0.194006,-0.000000
5498,47.000000,3,1.000000,0.193976,-0.000000
5499,47.020000,3,1.000000,0.193732,-0.000000
5500,47.040000,3,1.000000,0.193732,-0.000000
5501,47.060000,3,1.000000,0.193732,-0.000000
5502,47.080000,3,1.000000,0.193732,-0.000000
5503,47.100000,3,1.000000,0.193732,-0.000000
5504,47.120000,3,1.000000,0.193884,-0.000000
5505,47.140000,3,1.000000,0.194067,-0.000000
5506,47.160000,3,1.000000,0.194678,-0.000000
5507,47.180000,3,1.000000,0.194678,-0.000000
5508,47.200000,3,1.000000,0.194678,-0.000000
5509,47.220000,3,1.000000,0.194678,-0.000000
5510,47.240000,3,1.000000,0.194678,-0.000000
5511,47.260000,3,1.000000,0.194678,-0.000000
5512,47.280000,3,1.000000,0.194678,-0.000000
5513,47.300000,3,1.000000,0.194678,-0.000000
5514,47.320000,3,1.000000,0.194678,-0.000000
5515,47.340000,3,1.000000,0.197302,-0.000000
5516,47.360000,3,0.972350,0.191717,-0.000000
5517,47.380000,3,0.807367,0.143498,-0.000000
5518,47.400000,3,0.092746,0.010437,-0.000000
5519,47.420000,3,-0.000000,-0.000000,-0.000000
5520,47.440000,3,-0.000000,-0.000000,-0.001007
5521,47.460000,3,-0.000000,-0.000000,-0.151708
5522,47.480000,3,-0.000000,-0.000000,-0.330790
5523,47.500000,3,-0.000000,-0.000000,-0.520127
5524,47.520000,3,-0.000000,-0.000000,-0.733726
5525,47.540000,3,-0.000000,-0.000000,-0.997543
5526,47.560000,3,-0.000000,-0.000000,-1.249550
5527,47.580000,3,-0.000000,-0.000000,-1.462828
5528,47.600000,3,-0.000000,-0.000000,-1.500000
5529,47.620000,3,-0.000000,-0.000000,-1.500000
5530,47.640000,3,-0.000000,-0.000000,-1.500000
5531,47.660000,3,-0.000000,-0.000000,-1.500000
5532,47.680000,3,-0.000000,-0.000000,-1.500000
5533,47.700000,3,-0.000000,-0.000000,-1.500000
5534,47.720000,3,-0.000000,-0.000000,-1.500000
5535,47.740000,3,-0.000000,-0.000000,-1.500000
5536,47.760000,3,-0.000000,-0.000000,-1.500000
5537,47.780000,3,-0.000000,-0.000000,-1.500000
5538,47.800000,3,-0.000000,-0.000000,-1.500000
5539,47.820000,3,-0.000000,-0.000000,-1.500000
5540,47.840000,3,-0.000000,-0.000000,-1.500000
5541,47.860000,3,-0.000000,-0.000000,-1.500000
5542,47.880000,3,-0.000000,-0.000000,-1.500000
5543,47.900000,3,-0.000000,-0.000000,-1.500000
5544,47.920000,3,-0.000000,-0.000000,-1.500000
5545,47.940000,3,-0.000000,-0.000000,-1.500000
5546,47.960000,3,-0.000000,-0.000000,-1.500000
5547,47.980000,3,-0.000000,-0.000000,-1.500000
5548,48.000000,3,-0.000000,-0.000000,-1.500000
5549,48.020000,3,-0.000000,-0.000000,-1.500000
5550,48.040000,3,-0.000000,-0.000000,-1.500000
5551,48.060000,3,-0.000000,-0.000000,-1.500000
5552,48.080000,3,-0.000000,-0.000000,-1.500000
5553,48.100000,3,-0.000000,-0.000000,-1.500000
5554,48.120000,3,-0.000000,-0.000000,-1.500000
5555,48.140000,3,-0.000000,-0.000000,-1.489563
5556,48.160000,3,-0.000000,-0.000000,-1.480224
5557,48.180000,3,-0.000000,-0.000000,-1.475967
5558,48.200000,3,-0.000000,-0.000000,-1.474044
5559,48.220000,3,-0.000000,-0.000000,-1.473540
5560,48.240000,3,-0.000000,-0.000000,-1.472991
5561,48.260000,3,-0.000000,-0.000000,-1.472213
5562,48.280000,3,-0.000000,-0.000000,-1.471251
5563,48.300000,3,-0.000000,-0.000000,-1.470290
5564,48.320000,3,-0.000000,-0.000000,-1.470061
5565,48.340000,3,-0.000000,-0.000000,-1.469924
5566,48.360000,3,-0.000000,-0.000000,-1.468596
5567,48.380000,3,-0.000000,-0.000000,-1.467177
5568,48.400000,3,-0.000000,-0.000000,-1.466765
5569,48.420000,3,-0.000000,-0.000000,-1.466674
5570,48.440000,3,-0.000000,-0.000000,-1.466033
5571,48.460000,3,-0.000000,-0.000000,-1.465346
5572,48.480000,3,-0.000000,-0.000000,-1.465209
5573,48.500000,3,-0.000000,-0.000000,-1.464705
5574,48.520000,3,-0.000000,-0.000000,-1.464614
5575,48.540000,3,-0.000000,-0.000000,-1.464614
5576,48.560000,3,-0.000000,-0.000000,-1.464614
5577,48.580000,3,-0.000000,-0.000000,-1.463881
5578,48.600000,3,-0.000000,-0.000000,-1.462645
5579,48.620000,3,-0.000000,-0.000000,-1.461776
5580,48.640000,3,-0.000000,-0.000000,-1.461409
5581,48.660000,3,-0.000000,-0.000000,-1.460814
5582,48.680000,3,-0.000000,-0.000000,-1.459990
5583,48.700000,3,-0.000000,-0.000000,-1.459304
5584,48.720000,3,-0.000000,-0.000000,-1.457839
5585,48.740000,3,-0.000000,-0.000000,-1.456511
5586,48.760000,3,-0.000000,-0.000000,-1.455321
5587,48.780000,3,-0.000000,-0.000000,-1.454176
5588,48.800000,3,-0.000000,-0.000000,-1.453261
5589,48.820000,3,-0.000000,-0.000000,-1.452300
5590,48.840000,3,-0.024751,0.007660,-1.452300
5591,48.860000,3,-0.172704,0.089938,-1.451521
5592,48.880000,3,-0.328959,0.206885,-1.451384
5593,48.900000,3,-0.432417,0.294534,-1.451201
5594,48.920000,3,-0.687216,0.512742,-1.450789
5595,48.940000,3,-0.825953,0.652730,-1.450652
5596,48.960000,3,-0.817347,0.663411,-1.450652
5597,48.980000,3,-0.809046,0.673544,-1.450423
5598,49.000000,3,-0.797174,0.687521,-1.450102
5599,49.020000,3,-0.780877,0.705954,-1.449690
5600,49.040000,3,-0.774468,0.713004,-1.449690
5601,49.060000,3,-0.769890,0.717948,-1.449965
5602,49.080000,3,-0.766717,0.721305,-1.449965
5603,49.100000,3,-0.764672,0.723441,-1.449965
5604,49.120000,3,-0.757195,0.731315,-1.449965
5605,49.140000,3,-0.750389,0.738304,-1.449965
5606,49.160000,3,-0.741783,0.746940,-1.450056
5607,49.180000,3,-0.734184,0.754418,-1.450056
5608,49.200000,3,-0.727073,0.761254,-1.450056
5609,49.220000,3,-0.711020,0.776299,-1.450056
5610,49.240000,3,-0.697317,0.788598,-1.450056
5611,49.260000,3,-0.683218,0.800836,-1.450056
5612,49.280000,3,-0.671041,0.811121,-1.450056
5613,49.300000,3,-0.658773,0.821131,-1.450056
5614,49.320000,3,-0.642842,0.833674,-1.450056
5615,49.340000,3,-0.626942,0.845729,-1.450056
5616,49.360000,3,-0.611774,0.856777,-1.450056
5617,49.380000,3,-0.598010,0.866451,-1.450056
5618,49.400000,3,-0.587268,0.873775,-1.450056
5619,49.420000,3,-0.581622,0.877377,-1.450056
5620,49.440000,3,-0.578051,0.879940,-1.450056
5621,49.460000,3,-0.566118,0.887692,-1.450056
5622,49.480000,3,-0.545885,0.900296,-1.450056
5623,49.500000,3,-0.533403,0.907773,-1.450056
5624,49.520000,3,-0.524155,0.913144,-1.450056
5625,49.540000,3,-0.513047,0.919462,-1.450056
5626,49.560000,3,-0.501907,0.925596,-1.450056
5627,49.580000,3,-0.491012,0.931455,-1.450056
5628,49.600000,3,-0.481429,0.936460,-1.450056
5629,49.620000,3,-0.464370,0.945067,-1.450056
5630,49.640000,3,-0.424696,0.963622,-1.450056
5631,49.660000,3,-0.389996,0.978301,-1.450056
5632,49.680000,3,-0.358196,0.990448,-1.450056
5633,49.700000,3,-0.335459,0.998444,-1.450056
5634,49.720000,3,-0.297586,1.000000,-1.449873
5635,49.740000,3,-0.242042,1.000000,-1.449873
5636,49.760000,3,-0.210395,1.000000,-1.449736
5637,49.780000,3,-0.179907,1.000000,-1.449507
5638,49.800000,3,-0.157079,1.000000,-1.449187
5639,49.820000,3,-0.140049,1.000000,-1.448271
5640,49.840000,3,-0.118229,1.000000,-1.446898
5641,49.860000,3,-0.103977,1.000000,-1.445891
5642,49.880000,3,-0.084017,1.000000,-1.445021
5643,49.900000,3,-0.058687,1.000000,-1.443831
5644,49.920000,3,-0.027528,1.000000,-1.443327
5645,49.940000,3,-0.008850,1.000000,-1.442961
5646,49.960000,3,0.004547,1.000000,-1.440947
5647,49.980000,3,0.028626,1.000000,-1.436506
5648,50.000000,3,0.066927,1.000000,-1.433668
5649,50.020000,3,0.090304,1.000000,-1.432203
5650,50.040000,3,0.102786,1.000000,-1.431059
5651,50.060000,3,0.119663,1.000000,-1.427625
5652,50.080000,3,0.148503,1.000000,-1.425153
5653,50.100000,3,0.165075,1.000000,-1.422636
5654,50.120000,3,0.169378,1.000000,-1.421949
5655,50.140000,3,0.190893,1.000000,-1.419569
5656,50.160000,3,0.223243,1.000000,-1.417737
5657,50.180000,3,0.248146,1.000000,-1.416089
5658,50.200000,3,0.260567,1.000000,-1.414991
5659,50.220000,3,0.260872,1.000000,-1.414762
5660,50.240000,3,0.270974,1.000000,-1.414487
5661,50.260000,3,0.289163,1.000000,-1.414029
5662,50.280000,3,0.305460,1.000000,-1.413297
5663,50.300000,3,0.316385,1.000000,-1.413022
5664,50.320000,3,0.326426,1.000000,-1.413022
5665,50.340000,3,0.346355,0.994720,-1.413022
5666,50.360000,3,0.357830,0.990631,-1.413022
5667,50.380000,3,0.370495,0.985931,-1.413022
5668,50.400000,3,0.386517,0.979705,-1.412748
5669,50.420000,3,0.403974,0.972594,-1.412748
5670,50.440000,3,0.444990,0.954436,-1.412748
5671,50.460000,3,0.487106,0.933531,-1.412748
5672,50.480000,3,0.536027,0.906247,-1.412748
5673,50.500000,3,0.565325,0.888241,-1.414304
5674,50.520000,3,0.628742,0.844447,-1.426435
5675,50.540000,3,0.674490,0.788446,-1.454314
5676,50.560000,3,0.631184,0.623218,-1.474685
5677,50.580000,3,0.109531,0.081301,-1.364589
5678,50.600000,3,-0.000000,-0.000000,-0.917661
5679,50.620000,3,-0.000000,-0.000000,-0.441984
5680,50.640000,3,-0.000000,-0.000000,-0.028108
5681,50.660000,3,-0.000000,-0.000000,-0.000000
5682,50.680000,3,-0.000000,-0.000000,-0.000000
5683,50.700000,3,-0.000000,-0.000000,-0.000000
5684,50.720000,3,-0.000000,-0.000000,-0.000000
5685,50.740000,3,-0.000000,-0.000000,-0.000000
5686,50.760000,3,-0.000000,-0.000000,-0.000000
5687,50.780000,3,-0.000000,-0.000000,-0.000000
5688,50.800000,3,-0.000000,-0.000000,-0.000000
5689,50.820000,3,-0.000000,-0.000000,-0.000000
5690,50.840000,3,-0.000000,-0.000000,-0.000000
5691,50.860000,3,-0.000000,-0.000000,-0.000000
5692,50.880000,3,-0.000000,-0.000000,-0.000000
5693,50.900000,3,-0.000000,-0.000000,-0.000000
5694,50.920000,3,-0.000000,-0.000000,-0.000000
5695,50.940000,3,-0.000000,-0.000000,-0.000000
5696,50.960000,3,-0.000000,-0.000000,-0.000000
5697,50.980000,3,-0.000000,-0.000000,-0.000000
5698,51.000000,3,-0.000000,-0.000000,-0.000000
5699,51.020000,3,-0.000000,-0.000000,-0.000000
5700,51.040000,3,-0.000000,-0.000000,-0.000000
5701,51.060000,3,-0.000000,-0.000000,-0.000000
5702,51.080000,3,-0.000000,-0.000000,-0.000000
5703,51.100000,3,0.032716,0.213355,-0.000000
5704,51.120000,3,0.222999,0.782556,-0.000000
5705,51.140000,3,0.295175,0.981658,-0.000000
5706,51.160000,3,0.302927,1.000000,-0.000000
5707,51.180000,3,0.301706,1.000000,-0.000000
5708,51.200000,3,0.278451,1.000000,-0.000000
5709,51.220000,3,0.232612,1.000000,-0.000000
5710,51.240000,3,0.182470,1.000000,-0.000000
5711,51.260000,3,0.154363,1.000000,-0.000000
5712,51.280000,3,0.133518,1.000000,-0.000000
5713,51.300000,3,0.107883,1.000000,-0.000000
5714,51.320000,3,0.097232,1.000000,-0.000000
5715,51.340000,3,0.084017,1.000000,-0.000000
5716,51.360000,3,0.033906,1.000000,-0.000000
5717,51.380000,3,-0.003937,1.000000,-0.000000
5718,51.400000,3,-0.035401,1.000000,-0.000000
5719,51.420000,3,-0.060610,1.000000,-0.000000
5720,51.440000,3,-0.071352,1.000000,-0.000000
5721,51.460000,3,-0.077548,1.000000,-0.000000
5722,51.480000,3,-0.083346,1.000000,-0.000000
5723,51.500000,3,-0.086703,1.000000,-0.000000
5724,51.520000,3,-0.087161,1.000000,-0.000000
5725,51.540000,3,-0.087374,1.000000,-0.000000
5726,51.560000,3,-0.087374,1.000000,-0.000000
5727,51.580000,3,-0.087741,1.000000,-0.000000
5728,51.600000,3,-0.088809,1.000000,-0.000000
5729,51.620000,3,-0.088809,1.000000,-0.000000
5730,51.640000,3,-0.088626,1.000000,-0.000000
5731,51.660000,3,-0.075320,1.000000,-0.000000
5732,51.680000,3,-0.035066,1.000000,-0.000000
5733,51.700000,3,0.016175,1.000000,-0.098193
5734,51.720000,3,0.058901,1.000000,-0.305612
5735,51.740000,3,0.073428,1.000000,-0.450682
5736,51.760000,3,0.077883,1.000000,-0.541917
5737,51.780000,3,0.078860,0.959258,-0.706534
5738,51.800000,3,0.078310,0.851253,-0.903104
5739,51.820000,3,0.076479,0.702384,-1.128605
5740,51.840000,3,0.076205,0.555895,-1.312952
5741,51.860000,3,0.068728,0.317789,-1.500000
5742,51.880000,3,-0.000000,-0.000000,-1.500000
5743,51.900000,3,-0.000000,-0.000000,-1.500000
5744,51.920000,3,-0.000000,-0.000000,-1.500000
5745,51.940000,3,-0.000000,-0.000000,-1.500000
5746,51.960000,3,-0.000000,-0.000000,-1.500000
5747,51.980000,3,-0.000000,-0.000000,-1.500000
5748,52.000000,3,-0.000000,-0.000000,-1.500000
5749,52.020000,3,-0.000000,-0.000000,-1.500000
5750,52.040000,3,-0.000000,-0.000000,-1.500000
5751,52.060000,3,-0.000000,-0.000000,-1.500000
5752,52.080000,3,-0.000000,-0.000000,-1.500000
5753,52.100000,3,0.032289,-0.181738,-1.500000
5754,52.120000,3,0.004822,-0.473006,-1.500000
5755,52.140000,3,-0.062441,-0.799799,-1.500000
5756,52.160000,3,-0.122318,-1.000000,-1.500000
5757,52.180000,3,-0.115970,-1.000000,-1.500000
5758,52.200000,3,-0.101657,-1.000000,-1.197363
5759,52.220000,3,-0.095981,-1.000000,-0.868770
5760,52.240000,3,-0.093783,-1.000000,-0.204352
5761,52.260000,3,-0.093295,-1.000000,-0.000000
5762,52.280000,3,-0.093295,-1.000000,-0.000000
5763,52.300000,3,-0.080966,-1.000000,-0.000000
5764,52.320000,3,-0.052461,-1.000000,-0.000000
5765,52.340000,3,-0.000000,-1.000000,-0.000000
5766,52.360000,3,0.020875,-1.000000,-0.000000
5767,52.380000,3,0.027741,-1.000000,-0.000000
5768,52.400000,3,0.028596,-1.000000,-0.000000
5769,52.420000,3,0.029054,-1.000000,-0.000000
5770,52.440000,3,0.030305,-1.000000,-0.000000
5771,52.460000,3,0.031709,-1.000000,-0.000000
5772,52.480000,3,0.033570,-1.000000,-0.000000
5773,52.500000,3,0.033784,-1.000000,0.059145
5774,52.520000,3,0.034547,-1.000000,0.415525
5775,52.540000,3,0.034516,-1.000000,0.860759
5776,52.560000,3,0.034516,-1.000000,1.318766
5777,52.580000,3,0.034700,-1.000000,1.500000
5778,52.600000,3,0.034700,-1.000000,1.500000
5779,52.620000,3,0.034700,-1.000000,1.500000
5780,52.640000,3,0.034700,-1.000000,1.500000
5781,52.660000,3,0.034700,-1.000000,1.500000
5782,52.680000,3,0.034700,-1.000000,1.500000
5783,52.700000,3,0.034700,-1.000000,1.500000
5784,52.720000,3,0.034516,-1.000000,1.500000
5785,52.740000,3,0.034516,-1.000000,1.500000
5786,52.760000,3,0.034516,-1.000000,1.500000
5787,52.780000,3,0.034516,-1.000000,1.500000
5788,52.800000,3,0.043672,-1.000000,1.500000
5789,52.820000,3,0.059603,-1.000000,1.500000
5790,52.840000,3,0.070986,-1.000000,1.500000
5791,52.860000,3,0.077395,-1.000000,1.500000
5792,52.880000,3,0.079318,-1.000000,1.500000
5793,52.900000,3,0.081637,-1.000000,1.500000
5794,52.920000,3,0.086489,-1.000000,1.500000
5795,52.940000,3,0.092166,-1.000000,1.500000
5796,52.960000,3,0.103061,-1.000000,1.500000
5797,52.980000,3,0.113437,-1.000000,1.500000
5798,53.000000,3,0.134556,-1.000000,1.500000
5799,53.020000,3,0.151646,-1.000000,1.500000
5800,53.040000,3,0.164251,-1.000000,1.500000
5801,53.060000,3,0.171575,-1.000000,1.500000
5802,53.080000,3,0.172399,-1.000000,1.500000
5803,53.100000,3,0.176061,-1.000000,1.500000
5804,53.120000,3,0.183844,-1.000000,1.500000
5805,53.140000,3,0.206915,-1.000000,1.500000
5806,53.160000,3,0.235969,-1.000000,1.500000
5807,53.180000,3,0.255501,-1.000000,1.500000
5808,53.200000,3,0.279824,-1.000000,1.500000
5809,53.220000,3,0.304025,-1.000000,1.500000
5810,53.240000,3,0.331523,-0.999756,1.500000
5811,53.260000,3,0.357738,-0.990631,1.500000
5812,53.280000,3,0.367077,-0.987152,1.500000
5813,53.300000,3,0.370464,-0.985992,1.500000
5814,53.320000,3,0.370678,-0.985931,1.500000
5815,53.340000,3,0.371014,-0.985778,1.500000
5816,53.360000,3,0.379345,-0.982513,1.500000
5817,53.380000,3,0.395459,-0.976074,1.500000
5818,53.400000,3,0.407971,-0.970885,1.500000
5819,53.420000,3,0.415326,-0.968017,1.500000
5820,53.440000,3,0.418073,-0.966643,1.500000
5821,53.460000,3,0.418958,-0.966338,1.500000
5822,53.480000,3,0.419019,-0.966277,1.500000
5823,53.500000,3,0.419202,-0.966186,1.500000
5824,53.520000,3,0.419263,-0.966186,1.500000
5825,53.540000,3,0.419263,-0.966186,1.500000
5826,53.560000,3,0.420392,-0.965758,1.500000
5827,53.580000,3,0.421094,-0.965331,1.500000
5828,53.600000,3,0.421461,-0.965209,1.500000
5829,53.620000,3,0.422040,-0.964965,1.500000
5830,53.640000,3,0.422712,-0.964629,1.500000
5831,53.660000,3,0.423322,-0.964354,1.500000
5832,53.680000,3,0.423444,-0.964293,1.500000
5833,53.700000,3,0.423444,-0.964293,1.500000
5834,53.720000,3,0.423780,-0.964141,1.500000
5835,53.740000,3,0.427168,-0.962584,1.500000
5836,53.760000,3,0.429579,-0.961577,1.500000
5837,53.780000,3,0.429701,-0.961516,1.500000
5838,53.800000,3,0.429853,-0.961516,1.500000
5839,53.820000,3,0.429853,-0.961516,1.500000
5840,53.840000,3,0.429853,-0.961516,1.500000
5841,53.860000,3,0.430677,-0.961028,1.500000
5842,53.880000,3,0.430952,-0.960936,1.500000
5843,53.900000,3,0.429182,-0.961547,1.500000
5844,53.920000,3,0.429029,-0.961608,1.500000
5845,53.940000,3,0.428022,-0.962035,1.500000
5846,53.960000,3,0.425977,-0.962889,1.500000
5847,53.980000,3,0.418958,-0.966186,1.500000
5848,54.000000,3,0.397992,-0.975036,1.500000
5849,54.020000,3,0.365215,-0.987854,1.500000
5850,54.040000,3,0.328135,-1.000000,1.500000
5851,54.060000,3,0.306070,-1.000000,1.500000
5852,54.080000,3,0.292184,-1.000000,1.500000
5853,54.100000,3,0.281961,-1.000000,1.500000
5854,54.120000,3,0.265389,-1.000000,1.500000
5855,54.140000,3,0.235755,-1.000000,1.500000
5856,54.160000,3,0.192572,-1.000000,1.500000
5857,54.180000,3,0.164769,-1.000000,1.500000
5858,54.200000,3,0.130558,-1.000000,1.500000
5859,54.220000,3,0.088565,-1.000000,1.500000
5860,54.240000,3,0.070681,-1.000000,1.500000
5861,54.260000,3,0.063540,-1.000000,1.500000
5862,54.280000,3,0.057314,-1.000000,1.500000
5863,54.300000,3,0.053407,-1.000000,1.500000
5864,54.320000,3,0.040742,-1.000000,1.500000
5865,54.340000,3,0.027161,-1.000000,1.500000
5866,54.360000,3,0.015992,-1.000000,1.500000
5867,54.380000,3,0.005982,-1.000000,1.500000
5868,54.400000,3,-0.000000,-1.000000,1.500000
5869,54.420000,3,-0.011689,-1.000000,1.500000
5870,54.440000,3,-0.043672,-1.000000,1.500000
5871,54.460000,3,-0.070193,-1.000000,1.500000
5872,54.480000,3,-0.097751,-1.000000,1.500000
5873,54.500000,3,-0.121158,-1.000000,1.500000
5874,54.520000,3,-0.139744,-1.000000,1.500000
5875,54.540000,3,-0.168767,-1.000000,1.500000
5876,54.560000,3,-0.217566,-1.000000,1.500000
5877,54.580000,3,-0.278268,-1.000000,1.500000
5878,54.600000,3,-0.343181,-0.995758,1.500000
5879,54.620000,3,-0.413556,-0.968474,1.500000
5880,54.640000,3,-0.508469,-0.921995,1.500000
5881,54.660000,3,-0.573504,-0.882900,1.500000
5882,54.680000,3,-0.629841,-0.843532,1.500000
5883,54.700000,3,-0.740135,-0.748527,1.500000
5884,54.720000,3,-0.835963,-0.639790,1.500000
5885,54.740000,3,-0.847774,-0.303171,1.368068
5886,54.760000,3,-0.807642,0.139836,1.152181
5887,54.780000,3,-0.789056,0.512162,0.959914
5888,54.800000,3,-0.754723,0.733848,0.800424
5889,54.820000,3,-0.735405,0.753227,0.725532
5890,54.840000,3,-0.710501,0.776727,0.607105
5891,54.860000,3,-0.656880,0.822657,0.371944
5892,54.880000,3,-0.614978,0.854457,-0.000000
5893,54.900000,3,-0.585833,0.874722,-0.000000
5894,54.920000,3,-0.536760,0.905759,-0.000000
5895,54.940000,3,-0.520524,0.915250,-0.000000
5896,54.960000,3,-0.504807,0.924039,-0.000000
5897,54.980000,3,-0.494766,0.929441,-0.000000
5898,55.000000,3,-0.486587,0.933805,-0.000000
5899,55.020000,3,-0.474715,0.939879,-0.000000
5900,55.040000,3,-0.450453,0.951811,-0.000000
5901,55.060000,3,-0.433302,0.959777,-0.000000
5902,55.080000,3,-0.424726,0.963622,-0.000000
5903,55.100000,3,-0.410657,0.969756,-0.000000
5904,55.120000,3,-0.400891,0.973846,-0.000000
5905,55.140000,3,-0.383709,0.980804,-0.000000
5906,55.160000,3,-0.368938,0.986480,-0.000000
5907,55.180000,3,-0.349834,0.993469,-0.000000
5908,55.200000,3,-0.321207,1.000000,0.181646
5909,55.220000,3,-0.282296,1.000000,0.424726
5910,55.240000,3,-0.242378,1.000000,0.710700
5911,55.260000,3,-0.207495,1.000000,1.034120
5912,55.280000,3,-0.143254,1.000000,1.328379
5913,55.300000,3,-0.089084,1.000000,1.500000
5914,55.320000,3,0.003052,1.000000,1.500000
5915,55.340000,3,0.102390,1.000000,1.500000
5916,55.360000,3,0.189703,1.000000,1.500000
5917,55.380000,3,0.272164,1.000000,1.500000
5918,55.400000,3,0.365886,0.987640,1.500000
5919,55.420000,3,0.484603,0.934874,1.500000
5920,55.440000,3,0.615833,0.853938,1.500000
5921,55.460000,3,0.749443,0.739341,1.500000
5922,55.480000,3,0.855403,0.613758,1.500000
5923,55.500000,3,0.943083,0.468490,1.500000
5924,55.520000,3,1.000000,0.309793,1.500000
5925,55.540000,3,1.000000,0.147404,1.500000
5926,55.560000,3,1.000000,0.010468,1.500000
5927,55.580000,3,1.000000,-0.098697,1.500000
5928,55.600000,3,1.000000,-0.168371,1.500000
5929,55.620000,3,1.000000,-0.206030,1.500000
5930,55.640000,3,1.000000,-0.220893,1.500000
5931,55.660000,3,1.000000,-0.223121,1.500000
5932,55.680000,3,1.000000,-0.223548,1.500000
5933,55.700000,3,1.000000,-0.224250,1.500000
5934,55.720000,3,1.000000,-0.225227,1.500000
5935,55.740000,3,1.000000,-0.225227,1.500000
5936,55.760000,3,1.000000,-0.225135,1.500000
5937,55.780000,3,1.000000,-0.225135,1.500000
5938,55.800000,3,1.000000,-0.225135,1.500000
5939,55.820000,3,1.000000,-0.223640,1.500000
5940,55.840000,3,1.000000,-0.216620,1.500000
5941,55.860000,3,1.000000,-0.194617,1.500000
5942,55.880000,3,1.000000,-0.173345,1.500000
5943,55.900000,3,1.000000,-0.132756,1.500000
5944,55.920000,3,1.000000,-0.084078,1.500000
5945,55.940000,3,1.000000,-0.060030,1.500000
5946,55.960000,3,1.000000,-0.044069,1.500000
5947,55.980000,3,1.000000,-0.025117,1.500000
5948,56.000000,3,1.000000,-0.005615,1.500000
5949,56.020000,3,1.000000,0.023652,1.500000
5950,56.040000,3,1.000000,0.056429,1.500000
5951,56.060000,3,1.000000,0.095218,1.500000
5952,56.080000,3,1.000000,0.127079,1.500000
5953,56.100000,3,1.000000,0.156499,1.500000
5954,56.120000,3,1.000000,0.189642,1.500000
5955,56.140000,3,1.000000,0.248146,1.500000
5956,56.160000,3,1.000000,0.279855,1.500000
5957,56.180000,3,1.000000,0.329844,1.500000
5958,56.200000,3,0.986724,0.368389,1.500000
5959,56.220000,3,0.966948,0.417310,1.500000
5960,56.240000,3,0.946074,0.462478,1.500000
5961,56.260000,3,0.876247,0.583728,1.500000
5962,56.280000,3,0.770165,0.717734,1.500000
5963,56.300000,3,0.613971,0.855251,1.500000
5964,56.320000,3,0.415906,0.967528,1.500000
5965,56.340000,3,0.126041,1.000000,1.500000
5966,56.360000,3,-0.119236,1.000000,1.500000
5967,56.380000,3,-0.311533,1.000000,1.500000
5968,56.400000,3,-0.447829,0.953063,1.500000
5969,56.420000,3,-0.517777,0.916776,1.500000
5970,56.440000,3,-0.556566,0.893704,1.500000
5971,56.460000,3,-0.601947,0.863735,1.478485
5972,56.480000,3,-0.619526,0.851161,1.455092
5973,56.500000,3,-0.627979,0.844935,1.411649
5974,56.520000,3,-0.632832,0.841304,1.290292
5975,56.540000,3,-0.638936,0.836695,1.011185
5976,56.560000,3,-0.646718,0.830653,0.577807
5977,56.580000,3,-0.659810,0.820276,-0.000000
5978,56.600000,3,-0.665365,0.815790,-0.000000
5979,56.620000,3,-0.676473,0.806604,-0.000000
5980,56.640000,3,-0.690359,0.794733,-0.000000
5981,56.660000,3,-0.702384,0.784082,-0.000000
5982,56.680000,3,-0.712180,0.775231,-0.000000
5983,56.700000,3,-0.723380,0.764763,-0.000000
5984,56.720000,3,-0.733055,0.755486,-0.000000
5985,56.740000,3,-0.740684,0.748039,-0.000000
5986,56.760000,3,-0.748466,0.740226,-0.000000
5987,56.780000,3,-0.754143,0.734428,-0.000000
5988,56.800000,3,-0.757469,0.730766,-0.000000
5989,56.820000,3,-0.761895,0.726402,-0.000000
5990,56.840000,3,-0.763878,0.724265,-0.000000
5991,56.860000,3,-0.766472,0.721549,-0.000000
5992,56.880000,3,-0.767571,0.720389,-0.000000
5993,56.900000,3,-0.768364,0.719535,-0.000000
5994,56.920000,3,-0.769921,0.717887,-0.000000
5995,56.940000,3,-0.771142,0.716483,-0.000000
5996,56.960000,3,-0.772271,0.715293,-0.000000
5997,56.980000,3,-0.773217,0.714255,-0.000000
5998,57.000000,3,-0.773736,0.713736,-0.000000
5999,57.020000,3,-0.774255,0.713187,-0.000000
6000,57.040000,3,-0.774255,0.713187,-0.000000
6001,57.060000,3,-0.774255,0.713187,-0.000000
6002,57.080000,3,-0.774773,0.712638,-0.000000
6003,57.100000,3,-0.775292,0.712088,-0.065050
6004,57.120000,3,-0.775597,0.711722,-0.237861
6005,57.140000,3,-0.775597,0.711722,-0.415113
6006,57.160000,3,-0.775414,0.711966,-0.862178
6007,57.180000,3,-0.775536,0.711783,-1.283334
6008,57.200000,3,-0.775689,0.711631,-1.500000
6009,57.220000,3,-0.775842,0.711417,-1.500000
6010,57.240000,3,-0.775903,0.711417,-1.500000
6011,57.260000,3,-0.775689,0.711722,-1.500000
6012,57.280000,3,-0.775445,0.711905,-1.500000
6013,57.300000,3,-0.775628,0.711722,-1.500000
6014,57.320000,3,-0.775903,0.711417,-1.500000
6015,57.340000,3,-0.776421,0.710776,-1.500000
6016,57.360000,3,-0.776482,0.710776,-1.500000
6017,57.380000,3,-0.776482,0.710776,-1.500000
6018,57.400000,3,-0.776696,0.710562,-1.500000
6019,57.420000,3,-0.776757,0.710471,-1.500000
6020,57.440000,3,-0.776757,0.710471,-1.500000
6021,57.460000,3,-0.776879,0.710318,-1.500000
6022,57.480000,3,-0.777001,0.710166,-1.500000
6023,57.500000,3,-0.777123,0.710074,-1.500000
6024,57.520000,3,-0.777123,0.710074,-1.500000
6025,57.540000,3,-0.777123,0.710074,-1.500000
6026,57.560000,3,-0.777459,0.709708,-1.500000
6027,57.580000,3,-0.777520,0.709616,-1.500000
6028,57.600000,3,-0.777886,0.709220,-1.500000
6029,57.620000,3,-0.777886,0.709220,-1.500000
6030,57.640000,3,-0.777886,0.709220,-1.500000
6031,57.660000,3,-0.777886,0.709220,-1.500000
6032,57.680000,3,-0.773614,0.713920,-1.500000
6033,57.700000,3,-0.747917,0.740776,-1.500000
6034,57.720000,3,-0.721641,0.766411,-1.500000
6035,57.740000,3,-0.694906,0.790735,-1.500000
6036,57.760000,3,-0.659627,0.820460,-1.500000
6037,57.780000,3,-0.623676,0.848140,-1.500000
6038,57.800000,3,-0.574755,0.882077,-1.500000
6039,57.820000,3,-0.508255,0.922147,-1.500000
6040,57.840000,3,-0.479354,0.937529,-1.500000
6041,57.860000,3,-0.431104,0.960784,-1.500000
6042,57.880000,3,-0.395093,0.976226,-1.500000
6043,57.900000,3,-0.381573,0.981628,-1.500000
6044,57.920000,3,-0.379833,0.982238,-1.500000
6045,57.940000,3,-0.357036,0.990875,-1.500000
6046,57.960000,3,-0.314707,1.000000,-1.500000
6047,57.980000,3,-0.251595,1.000000,-1.500000
6048,58.000000,3,-0.216132,1.000000,-1.500000
6049,58.020000,3,-0.181555,1.000000,-1.500000
6050,58.040000,3,-0.136601,1.000000,-1.500000
6051,58.060000,3,-0.095126,1.000000,-1.500000
6052,58.080000,3,-0.006134,1.000000,-1.500000
6053,58.100000,3,0.064760,1.000000,-1.500000
6054,58.120000,3,0.132603,1.000000,-1.500000
6055,58.140000,3,0.172552,1.000000,-1.500000
6056,58.160000,3,0.199896,1.000000,-1.500000
6057,58.180000,3,0.244911,1.000000,-1.500000
6058,58.200000,3,0.265755,1.000000,-1.500000
6059,58.220000,3,0.286111,1.000000,-1.500000
6060,58.240000,3,0.311777,1.000000,-1.500000
6061,58.260000,3,0.346049,0.994812,-1.500000
6062,58.280000,3,0.365947,0.987610,-1.500000
6063,58.300000,3,0.382275,0.981384,-1.500000
6064,58.320000,3,0.402905,0.973052,-1.500000
6065,58.340000,3,0.435438,0.958861,-1.500000
6066,58.360000,3,0.474136,0.940245,-1.500000
6067,58.380000,3,0.485641,0.934324,-1.500000
6068,58.400000,3,0.488937,0.932676,-1.500000
6069,58.420000,3,0.490951,0.931516,-1.499817
6070,58.440000,3,0.502152,0.925504,-1.497345
6071,58.460000,3,0.520463,0.915342,-1.496658
6072,58.480000,3,0.546495,0.899960,-1.496063
6073,58.500000,3,0.556078,0.894070,-1.495834
6074,58.520000,3,0.574816,0.882107,-1.495605
6075,58.540000,3,0.593646,0.869503,-1.495605
6076,58.560000,3,0.607532,0.859890,-1.495376
6077,58.580000,3,0.620838,0.850276,-1.495285
6078,58.600000,3,0.628010,0.844997,-1.495285
6079,58.620000,3,0.637867,0.837581,-1.495285
6080,58.640000,3,0.643849,0.832972,-1.495285
6081,58.660000,3,0.650441,0.827815,-1.494964
6082,58.680000,3,0.657369,0.822352,-1.494873
6083,58.700000,3,0.664296,0.816767,-1.494873
6084,58.720000,3,0.671987,0.810419,-1.494873
6085,58.740000,3,0.676077,0.807001,-1.494873
6086,58.760000,3,0.680868,0.802972,-1.494873
6087,58.780000,3,0.682333,0.801752,-1.494873
6088,58.800000,3,0.683462,0.800806,-1.494873
6089,58.820000,3,0.685324,0.799127,-1.494873
6090,58.840000,3,0.688284,0.796625,-1.494873
6091,58.860000,3,0.694968,0.790765,-1.494873
6092,58.880000,3,0.703940,0.782800,-1.494873
6093,58.900000,3,0.739525,0.749260,-1.494873
6094,58.920000,3,0.774132,0.713462,-1.494873
6095,58.940000,3,0.824854,0.654195,-1.494873
6096,58.960000,3,0.873135,0.588366,-1.494873
6097,58.980000,3,0.909635,0.530290,-1.494873
6098,59.000000,3,0.939573,0.475478,-1.494003
6099,59.020000,3,0.955260,0.443312,-1.490661
6100,59.040000,3,0.961241,0.430250,-1.487091
6101,59.060000,3,0.965178,0.421369,-1.484481
6102,59.080000,3,0.972167,0.405042,-1.483108
6103,59.100000,3,0.982147,0.380383,-1.482605
6104,59.120000,3,1.000000,0.303537,-1.481552
6105,59.140000,3,1.000000,0.261879,-1.481048
6106,59.160000,3,1.000000,0.247932,-1.480544
6107,59.180000,3,1.000000,0.244881,-1.479766
6108,59.200000,3,1.000000,0.241829,-1.479217
6109,59.220000,3,1.000000,0.229530,-1.479217
6110,59.240000,3,1.000000,0.211035,-1.478896
6111,59.260000,3,1.000000,0.191107,-1.478576
6112,59.280000,3,1.000000,0.171575,-1.478485
6113,59.300000,3,1.000000,0.157872,-1.478485
6114,59.320000,3,1.000000,0.146489,-1.478485
6115,59.340000,3,1.000000,0.144169,-1.478210
6116,59.360000,3,1.000000,0.142064,-1.478210
6117,59.380000,3,1.000000,0.139775,-1.478210
6118,59.400000,3,1.000000,0.139012,-1.478210
6119,59.420000,3,1.000000,0.136906,-1.477889
6120,59.440000,3,1.000000,0.133122,-1.477798
6121,59.460000,3,1.000000,0.123600,-1.477798
6122,59.480000,3,1.000000,0.115085,-1.477798
6123,59.500000,3,1.000000,0.112369,-1.477798
6124,59.520000,3,1.000000,0.111209,-1.477798
6125,59.540000,3,1.000000,0.110721,-1.477798
6126,59.560000,3,1.000000,0.110080,-1.477660
6127,59.580000,3,1.000000,0.110080,-1.477432
6128,59.600000,3,1.000000,0.110080,-1.477432
6129,59.620000,3,1.000000,0.109195,-1.477432
6130,59.640000,3,1.000000,0.108737,-1.477432
6131,59.660000,3,1.000000,0.118992,-1.477523
6132,59.680000,3,1.000000,0.151463,-1.477523
6133,59.700000,3,1.000000,0.179327,-1.477798
6134,59.720000,3,1.000000,0.212836,-1.478622
6135,59.740000,3,1.000000,0.262459,-1.487320
6136,59.760000,3,0.992584,0.352489,-1.500000
6137,59.780000,3,0.974090,0.400464,-1.500000
6138,59.800000,3,0.955412,0.442915,-1.500000
6139,59.820000,3,0.939421,0.475784,-1.233619
6140,59.840000,3,0.925779,0.501694,-0.807016
6141,59.860000,3,0.913572,0.523545,-0.076998
6142,59.880000,3,0.905698,0.536973,-0.000000
6143,59.900000,3,0.898831,0.548357,-0.000000
6144,59.920000,3,0.896176,0.552721,-0.000000
6145,59.940000,3,0.893277,0.557360,-0.000000
6146,59.960000,3,0.890774,0.561632,-0.000000
6147,59.980000,3,0.889035,0.564165,-0.000000
6148,60.000000,3,0.888058,0.565752,-0.000000
6149,60.020000,3,0.886502,0.567980,-0.000000
6150,60.040000,3,0.884121,0.571795,-0.000000
6151,60.060000,3,0.882077,0.575488,-0.000000
6152,60.080000,3,0.880734,0.577013,-0.000000
6153,60.100000,3,0.879482,0.578936,-0.000000
6154,60.120000,3,0.878628,0.580096,-0.000000
6155,60.140000,3,0.877224,0.582324,-0.000000
6156,60.160000,3,0.876919,0.582842,-0.000000
6157,60.180000,3,0.876095,0.583941,-0.000000
6158,60.200000,3,0.875332,0.585131,-0.000000
6159,60.220000,3,0.875332,0.585192,0.021058
6160,60.240000,3,0.874844,0.585833,0.070635
6161,60.260000,3,0.874447,0.586474,0.083361
6162,60.280000,3,0.874294,0.586688,0.087161
6163,60.300000,3,0.874294,0.586688,0.087481
6164,60.320000,3,0.874081,0.587024,0.087481
6165,60.340000,3,0.873989,0.587146,0.085696
6166,60.360000,3,0.873989,0.587146,0.069903
6167,60.380000,3,0.873989,0.587146,0.030168
6168,60.400000,3,0.873989,0.587146,-0.000000
6169,60.420000,3,0.873806,0.587420,-0.000000
6170,60.440000,3,0.873806,0.587420,-0.000000
6171,60.460000,3,0.873806,0.587420,-0.000000
6172,60.480000,3,0.873806,0.587420,-0.000000
6173,60.500000,3,0.873806,0.587420,-0.000000
6174,60.520000,3,0.874783,0.585803,-0.000000
6175,60.540000,3,0.876217,0.583697,-0.000000
6176,60.560000,3,0.876919,0.582476,-0.000000
6177,60.580000,3,0.878719,0.579882,-0.000000
6178,60.600000,3,0.879696,0.578417,-0.000000
6179,60.620000,3,0.880001,0.577929,-0.000000
6180,60.640000,3,0.880337,0.577441,-0.000000
6181,60.660000,3,0.880703,0.576830,-0.000000
6182,60.680000,3,0.880917,0.576525,-0.000000
6183,60.700000,3,0.880978,0.576434,-0.000000
6184,60.720000,3,0.880978,0.576434,-0.000000
6185,60.740000,3,0.881130,0.576220,-0.000000
6186,60.760000,3,0.881252,0.576067,-0.000000
6187,60.780000,3,0.881497,0.575640,-0.000000
6188,60.800000,3,0.881710,0.575243,-0.000000
6189,60.820000,3,0.882290,0.574450,-0.000000
6190,60.840000,3,0.882778,0.573626,-0.000000
6191,60.860000,3,0.883755,0.572253,-0.000000
6192,60.880000,3,0.883816,0.572100,-0.000000
6193,60.900000,3,0.883724,0.572375,-0.000000
6194,60.920000,3,0.883633,0.572649,-0.000000
6195,60.940000,3,0.883633,0.572649,-0.000000
6196,60.960000,3,0.883633,0.572436,-0.000000
6197,60.980000,3,0.883694,0.572283,-0.000000
6198,61.000000,3,0.883816,0.572069,-0.000000
6199,61.020000,3,0.883816,0.572192,-0.000000
6200,61.040000,3,0.883816,0.572100,-0.000000
6201,61.060000,3,0.883816,0.572100,-0.000000
6202,61.080000,3,0.883816,0.572100,-0.000000
6203,61.100000,3,0.883816,0.572100,-0.000000
6204,61.120000,3,0.883816,0.572100,-0.000000
6205,61.140000,3,0.883816,0.572100,-0.000000
6206,61.160000,3,0.883816,0.572100,-0.000000
6207,61.180000,3,0.883816,0.572100,-0.000000
6208,61.200000,3,0.883816,0.572100,-0.000000
6209,61.220000,3,0.883816,0.572100,-0.000000
6210,61.240000,3,0.883816,0.572100,-0.000000
6211,61.260000,3,0.883816,0.572100,-0.000000
6212,61.280000,3,0.883816,0.572100,-0.000000
6213,61.300000,3,0.883816,0.572100,-0.000000
6214,61.320000,3,0.883816,0.572100,-0.000000
6215,61.340000,3,0.883816,0.572100,-0.000000
6216,61.360000,3,0.883816,0.572100,-0.000000
6217,61.380000,3,0.883816,0.572100,-0.000000
6218,61.400000,3,0.883816,0.572100,-0.000000
6219,61.420000,3,0.883816,0.572100,-0.000000
6220,61.440000,3,0.883877,0.572008,-0.000000
6221,61.460000,3,0.888089,0.565569,-0.000000
6222,61.480000,3,0.892880,0.557543,-0.000000
6223,61.500000,3,0.894833,0.554704,-0.000000
6224,61.520000,3,0.897305,0.550584,-0.000000
6225,61.540000,3,0.898190,0.549272,-0.000000
6226,61.560000,3,0.898801,0.548235,-0.000000
6227,61.580000,3,0.899197,0.547655,-0.000000
6228,61.600000,3,0.899380,0.547410,-0.000000
6229,61.620000,3,0.899442,0.547227,-0.000000
6230,61.640000,3,0.900113,0.546159,-0.000000
6231,61.660000,3,0.900357,0.545762,-0.000000
6232,61.680000,3,0.900357,0.546007,-0.000000
6233,61.700000,3,0.900418,0.545640,-0.000000
6234,61.720000,3,0.900601,0.545274,-0.000000
6235,61.740000,3,0.900601,0.545274,-0.000000
6236,61.760000,3,0.900815,0.544939,-0.000000
6237,61.780000,3,0.900815,0.544939,-0.000000
6238,61.800000,3,0.900723,0.545366,-0.000000
6239,61.820000,3,0.900723,0.545213,-0.000000
6240,61.840000,3,0.900845,0.544939,-0.000000
6241,61.860000,3,0.900845,0.545000,-0.000000
6242,61.880000,3,0.900845,0.545000,-0.000000
6243,61.900000,3,0.900845,0.545000,-0.000000
6244,61.920000,3,0.900845,0.544939,-0.000000
6245,61.940000,3,0.901059,0.544511,-0.000000
6246,61.960000,3,0.904233,0.539476,-0.000000
6247,61.980000,3,0.920713,0.510910,-0.000000
6248,62.000000,3,0.930418,0.493149,-0.000000
6249,62.020000,3,0.952147,0.449873,-0.000000
6250,62.040000,3,0.942473,0.383129,-0.000000
6251,62.060000,3,0.914212,0.314158,-0.000000
6252,62.080000,3,0.867855,0.254677,-0.000000
6253,62.100000,3,0.807489,0.187628,-0.000000
6254,62.120000,3,0.720359,0.127384,-0.000000
6255,62.140000,3,0.510361,0.082705,-0.000000
6256,62.160000,3,-0.000000,-0.000000,-0.000000
6257,62.180000,3,-0.000000,-0.000000,-0.000000
6258,62.200000,3,-0.000000,-0.000000,-0.000000
6259,62.220000,3,-0.000000,-0.000000,-0.000000
6260,62.240000,3,-0.000000,-0.000000,-0.000000
6261,62.260000,3,-0.000000,-0.000000,-0.000000
6262,62.280000,3,-0.000000,-0.000000,-0.000000
6263,62.300000,3,-0.000000,-0.000000,-0.000000
6264,62.320000,3,-0.000000,-0.000000,-0.000000
6265,62.340000,3,-0.000000,-0.000000,-0.000000
6266,62.360000,3,-0.000000,-0.000000,-0.000000
6267,62.380000,3,-0.000000,-0.000000,-0.000000
6268,62.400000,3,-0.000000,-0.000000,-0.000000
6269,62.420000,3,-0.000000,-0.000000,-0.000000
6270,62.440000,3,-0.000000,-0.000000,-0.000000
6271,62.460000,3,-0.000000,-0.000000,-0.000000
6272,62.480000,3,-0.000000,-0.000000,-0.000000
6273,62.500000,3,-0.000000,-0.000000,-0.000000
6274,62.520000,3,0.013825,-0.000000,-0.000000
6275,62.540000,3,0.116520,0.000488,-0.000000
6276,62.560000,3,0.243538,0.002380,-0.000000
6277,62.580000,3,0.516037,0.006043,-0.000000
6278,62.600000,3,0.800531,0.044282,-0.000000
6279,62.620000,3,1.000000,0.079470,-0.000000
6280,62.640000,3,1.000000,0.081332,-0.000000
6281,62.660000,3,1.000000,0.074221,-0.000000
6282,62.680000,3,1.000000,0.058168,-0.000000
6283,62.700000,3,1.000000,0.052309,-0.000000
6284,62.720000,3,1.000000,0.048830,-0.000000
6285,62.740000,3,1.000000,0.048006,-0.000000
6286,62.760000,3,1.000000,0.046846,-0.000000
6287,62.780000,3,1.000000,0.046663,-0.000000
6288,62.800000,3,1.000000,0.045137,-0.000000
6289,62.820000,3,1.000000,0.044954,-0.000000
6290,62.840000,3,1.000000,0.045167,-0.000000
6291,62.860000,3,1.000000,0.045320,-0.000000
6292,62.880000,3,1.000000,0.046022,-0.000000
6293,62.900000,3,1.000000,0.045961,-0.000000
6294,62.920000,3,1.000000,0.045808,-0.000000
6295,62.940000,3,1.000000,0.054415,-0.000000
6296,62.960000,3,1.000000,0.074374,-0.000000
6297,62.980000,3,1.000000,0.103977,-0.000000
6298,63.000000,3,1.000000,0.142582,-0.000000
6299,63.020000,3,1.000000,0.199408,-0.000000
6300,63.040000,3,1.000000,0.258248,-0.000000
6301,63.060000,3,1.000000,0.311106,-0.000000
6302,63.080000,3,0.992431,0.352947,-0.000000
6303,63.100000,3,0.975341,0.397412,-0.000000
6304,63.120000,3,0.954192,0.445601,-0.000000
6305,63.140000,3,0.925016,0.503067,-0.000000
6306,63.160000,3,0.889706,0.563005,-0.000000
6307,63.180000,3,0.860958,0.606006,-0.000000
6308,63.200000,3,0.829798,0.647938,-0.000000
6309,63.220000,3,0.795404,0.689688,-0.000000
6310,63.240000,3,0.766320,0.721854,-0.000000
6311,63.260000,3,0.728019,0.760460,-0.000000
6312,63.280000,3,0.688467,0.796442,-0.000000
6313,63.300000,3,0.645253,0.831874,-0.000000
6314,63.320000,3,0.602710,0.863247,-0.000000
6315,63.340000,3,0.560778,0.891140,-0.000000
6316,63.360000,3,0.518998,0.916135,-0.000000
6317,63.380000,3,0.501022,0.926145,-0.011673
6318,63.400000,3,0.466140,0.944243,-0.065554
6319,63.420000,3,0.429182,0.961699,-0.194556
6320,63.440000,3,0.408490,0.970702,-0.289911
6321,63.460000,3,0.383923,0.980743,-0.417585
6322,63.480000,3,0.365490,0.987793,-0.535600
6323,63.500000,3,0.351207,0.993011,-0.618778
6324,63.520000,3,0.345164,0.994781,-0.635304
6325,63.540000,3,0.337260,0.997620,-0.636448
6326,63.560000,3,0.324747,1.000000,-0.638600
6327,63.580000,3,0.321848,1.000000,-0.639149
6328,63.600000,3,0.319559,1.000000,-0.639241
6329,63.620000,3,0.319285,1.000000,-0.638600
6330,63.640000,3,0.319224,1.000000,-0.587695
6331,63.660000,3,0.319224,1.000000,-0.472289
6332,63.680000,3,0.319224,1.000000,-0.362377
6333,63.700000,3,0.319224,1.000000,-0.153951
6334,63.720000,3,0.324992,1.000000,-0.000000
6335,63.740000,3,0.341227,0.996521,-0.000000
6336,63.760000,3,0.395856,0.975951,-0.000000
6337,63.780000,3,0.444197,0.954802,-0.000000
6338,63.800000,3,0.468154,0.846095,-0.000000
6339,63.820000,3,0.473739,0.717856,-0.000000
6340,63.840000,3,0.467879,0.586474,-0.000000
6341,63.860000,3,0.453200,0.459151,-0.000000
6342,63.880000,3,0.355174,0.287729,-0.000000
6343,63.900000,3,0.027039,0.013428,-0.000000
6344,63.920000,3,-0.000000,-0.000000,-0.000000
6345,63.940000,3,-0.000000,-0.000000,-0.000000
6346,63.960000,3,-0.000000,-0.000000,-0.000000
6347,63.980000,3,-0.000000,-0.000000,-0.000000
6348,64.000000,3,-0.000000,-0.000000,-0.000000
6349,64.020000,3,-0.000000,-0.000000,-0.000000
6350,64.040000,3,-0.000000,-0.000000,-0.000000
6351,64.060000,3,-0.000000,-0.000000,-0.000000
6352,64.080000,3,-0.000000,-0.000000,-0.000000
6353,64.100000,3,-0.000000,-0.000000,-0.000000
6354,64.120000,3,-0.000000,-0.000000,-0.000000
6355,64.140000,3,-0.000000,-0.000000,-0.000000
6356,64.160000,3,-0.000000,-0.000000,-0.000000
6357,64.180000,3,-0.000000,-0.000000,-0.000000
6358,64.200000,3,-0.000000,-0.000000,-0.000000
6359,64.220000,3,-0.000000,-0.000000,-0.000000
6360,64.240000,3,-0.000000,-0.000000,-0.000000
6361,64.260000,3,-0.000000,-0.000000,-0.000000
6362,64.280000,3,-0.000000,-0.000000,-0.000000
6363,64.300000,3,-0.000000,-0.000000,-0.000000
6364,64.320000,3,-0.000000,-0.000000,-0.000000
6365,64.340000,3,-0.000000,-0.000000,-0.000000
6366,64.360000,3,-0.000000,-0.000000,-0.000000
6367,64.380000,3,-0.000000,-0.000000,-0.000000
6368,64.400000,3,-0.000000,-0.000000,-0.000000
6369,64.420000,3,-0.000000,-0.000000,-0.000000
6370,64.440000,3,-0.000000,-0.000000,-0.000000
6371,64.460000,3,-0.000000,-0.000000,-0.000000
6372,64.480000,3,-0.000000,-0.000000,-0.000000
6373,64.500000,3,-0.000000,-0.000000,-0.000000
6374,64.520000,3,0.007599,-0.000000,-0.000000
6375,64.540000,3,0.154332,-0.025056,-0.000000
6376,64.560000,3,0.398511,-0.043550,-0.000000
6377,64.580000,3,0.717643,-0.072878,-0.000000
6378,64.600000,3,0.990143,-0.130406,-0.000000
6379,64.620000,3,1.000000,-0.156652,-0.000000
6380,64.640000,3,1.000000,-0.176794,-0.000000
6381,64.660000,3,1.000000,-0.189795,-0.000000
6382,64.680000,3,1.000000,-0.195776,-0.000000
6383,64.700000,3,1.000000,-0.196234,-0.000000
6384,64.720000,3,1.000000,-0.197546,-0.000000
6385,64.740000,3,1.000000,-0.205359,-0.000000
6386,64.760000,3,1.000000,-0.217292,-0.000000
6387,64.780000,3,1.000000,-0.219581,-0.000000
6388,64.800000,3,1.000000,-0.221381,-0.000000
6389,64.820000,3,1.000000,-0.221595,-0.000000
6390,64.840000,3,1.000000,-0.221595,-0.000000
6391,64.860000,3,1.000000,-0.221442,-0.000000
6392,64.880000,3,1.000000,-0.221564,-0.000000
6393,64.900000,3,1.000000,-0.221564,-0.000000
6394,64.920000,3,1.000000,-0.221809,-0.000000
6395,64.940000,3,1.000000,-0.222175,-0.000000
6396,64.960000,3,1.000000,-0.214545,-0.000000
6397,64.980000,3,1.000000,-0.177526,-0.000000
6398,65.000000,3,1.000000,-0.147557,-0.000000
6399,65.020000,3,1.000000,-0.101962,-0.000000
6400,65.040000,3,1.000000,-0.070040,-0.000000
6401,65.060000,3,1.000000,-0.049654,-0.000000
6402,65.080000,3,1.000000,-0.005036,-0.000000
6403,65.100000,3,1.000000,0.030488,-0.000000
6404,65.120000,3,1.000000,0.100192,-0.000000
6405,65.140000,3,1.000000,0.149113,-0.000000
6406,65.160000,3,1.000000,0.197546,-0.000000
6407,65.180000,3,1.000000,0.240516,-0.000000
6408,65.200000,3,1.000000,0.279183,-0.000000
6409,65.220000,3,0.973876,0.324625,-0.000000
6410,65.240000,3,0.813532,0.324931,-0.000000
6411,65.260000,3,0.593158,0.321421,-0.000000
6412,65.280000,3,0.333018,0.298013,-0.000000
6413,65.300000,3,0.078310,0.253731,-0.000000
6414,65.320000,3,-0.134678,0.276406,-0.000000
6415,65.340000,3,-0.412732,0.510147,-0.000000
6416,65.360000,3,-0.613697,0.808924,-0.000000
6417,65.380000,3,-0.628010,0.844905,-0.000000
6418,65.400000,3,-0.626972,0.845637,-0.000000
6419,65.420000,3,-0.627155,0.845576,-0.000000
6420,65.440000,3,-0.626576,0.845943,-0.000000
6421,65.460000,3,-0.626881,0.845759,-0.000000
6422,65.480000,3,-0.626301,0.846126,-0.000000
6423,65.500000,3,-0.626362,0.846126,-0.000000
6424,65.520000,3,-0.626209,0.846187,-0.000000
6425,65.540000,3,-0.625965,0.846370,-0.000000
6426,65.560000,3,-0.625904,0.846431,-0.000000
6427,65.580000,3,-0.625813,0.846492,-0.000000
6428,65.600000,3,-0.625813,0.846492,-0.000000
6429,65.620000,3,-0.625813,0.846492,-0.000000
6430,65.640000,3,-0.625813,0.846492,-0.000000
6431,65.660000,3,-0.625813,0.846492,-0.000000
6432,65.680000,3,-0.625813,0.846492,-0.000000
6433,65.700000,3,-0.625568,0.846675,-0.000000
6434,65.720000,3,-0.625477,0.846736,-0.000000
6435,65.740000,3,-0.625660,0.846736,-0.000000
6436,65.760000,3,-0.625782,0.846644,-0.000000
6437,65.780000,3,-0.625935,0.846492,-0.000000
6438,65.800000,3,-0.625843,0.846492,-0.000000
6439,65.820000,3,-0.625843,0.846492,-0.000000
6440,65.840000,3,-0.625843,0.846492,-0.000000
6441,65.860000,3,-0.629170,0.844081,-0.000000
6442,65.880000,3,-0.638142,0.837275,-0.000000
6443,65.900000,3,-0.650197,0.827937,-0.000000
6444,65.920000,3,-0.658925,0.821009,-0.000000
6445,65.940000,3,-0.671834,0.810602,-0.000000
6446,65.960000,3,-0.675008,0.807825,-0.000000
6447,65.980000,3,-0.686422,0.798151,-0.000000
6448,66.000000,3,-0.701590,0.784783,-0.000000
6449,66.020000,3,-0.708609,0.778497,-0.000000
6450,66.040000,3,-0.712912,0.774865,-0.000000
6451,66.060000,3,-0.714164,0.773247,-0.000000
6452,66.080000,3,-0.596454,0.645314,-0.000000
6453,66.100000,3,-0.231056,0.234535,-0.000000
6454,66.120000,3,-0.000000,-0.000000,-0.000000
6455,66.140000,3,-0.000000,-0.000000,-0.000000
6456,66.160000,3,-0.000000,-0.000000,-0.000000
6457,66.180000,3,-0.000000,-0.000000,-0.000000
6458,66.200000,3,-0.000000,-0.000000,-0.000000
6459,66.220000,3,-0.000000,-0.000000,-0.000000
6460,66.240000,3,-0.000000,-0.000000,-0.000000
6461,66.260000,3,-0.000000,-0.000000,-0.000000
6462,66.280000,3,-0.000000,-0.000000,-0.000000
6463,66.300000,3,-0.000000,-0.000000,-0.000000
6464,66.320000,3,-0.000000,-0.000000,-0.000000
6465,66.340000,3,-0.000000,-0.000000,-0.000000
6466,66.360000,3,-0.000000,-0.000000,-0.000000
6467,66.380000,3,-0.000000,-0.000000,-0.000000
6468,66.400000,3,-0.000000,-0.000000,-0.000000
6469,66.420000,3,-0.000000,-0.000000,-0.000000
6470,66.440000,3,-0.000000,-0.000000,-0.000000
6471,66.460000,3,-0.000000,-0.000000,-0.000000
6472,66.480000,3,-0.000000,-0.000000,-0.000000
6473,66.500000,3,-0.000000,-0.000000,-0.000000
6474,66.520000,3,-0.000000,-0.000000,-0.000000
6475,66.540000,3,-0.000000,-0.000000,-0.000000
6476,66.560000,3,-0.000000,-0.000000,-0.000000
6477,66.580000,3,-0.000000,-0.000000,-0.000000
6478,66.600000,3,-0.000000,-0.000000,-0.000000
6479,66.620000,3,-0.000000,-0.000000,-0.000000
6480,66.640000,3,-0.000000,-0.000000,-0.000000
6481,66.660000,3,-0.000000,-0.000000,-0.000000
6482,66.680000,3,-0.000000,-0.000000,-0.000000
6483,66.700000,3,-0.000000,-0.000000,-0.000000
6484,66.720000,3,-0.000000,-0.000000,-0.000000
6485,66.740000,3,-0.000000,-0.000000,-0.000000
6486,66.760000,3,-0.000000,-0.000000,-0.000000
6487,66.780000,3,-0.000000,-0.000000,-0.000000
6488,66.800000,3,-0.000000,-0.000000,-0.000000
6489,66.820000,3,-0.000000,-0.000000,-0.000000
6490,66.840000,3,-0.000000,-0.000000,-0.000000
6491,66.860000,3,-0.000000,-0.000000,-0.000000
6492,66.880000,3,-0.000000,-0.000000,-0.000000
6493,66.900000,3,-0.000000,-0.000000,-0.000000
6494,66.920000,3,-0.000000,-0.000000,-0.000000
6495,66.940000,3,-0.000000,-0.000000,-0.000000
6496,66.960000,3,-0.000000,-0.000000,-0.000000
6497,66.980000,3,-0.000000,-0.000000,-0.000000
6498,67.000000,3,-0.000000,-0.000000,-0.000000
6499,67.020000,3,-0.000000,-0.000000,-0.000000
6500,67.040000,3,-0.000000,-0.000000,-0.000000
6501,67.060000,3,-0.000000,-0.000000,-0.000000
6502,67.080000,3,-0.000000,-0.000000,-0.000000
6503,67.100000,3,-0.000000,-0.000000,-0.000000
6504,67.120000,3,-0.000000,-0.000000,-0.000000
6505,67.140000,3,-0.000000,-0.000000,-0.000000
6506,67.160000,3,-0.000000,-0.000000,-0.000000
6507,67.180000,3,-0.000000,-0.000000,-0.000000
6508,67.200000,3,-0.000000,-0.000000,-0.000000
6509,67.220000,3,-0.000000,-0.000000,-0.000000
6510,67.240000,3,-0.000000,-0.000000,-0.000000
6511,67.260000,3,-0.000000,-0.000000,-0.000000
6512,67.280000,3,-0.000000,-0.000000,-0.000000
6513,67.300000,3,-0.000000,-0.000000,-0.000000
6514,67.320000,3,-0.000000,-0.000000,-0.000000
6515,67.340000,3,-0.000000,-0.000000,-0.000000
6516,67.360000,3,-0.000000,-0.000000,-0.000000
6517,67.380000,3,-0.000000,-0.000000,-0.000000
6518,67.400000,3,-0.000000,-0.000000,-0.000000
6519,67.420000,3,-0.000000,-0.000000,-0.000000
6520,67.440000,3,-0.000000,-0.000000,-0.000000
6521,67.460000,3,-0.000000,-0.000000,-0.000000
6522,67.480000,3,-0.000000,-0.000000,-0.000000
6523,67.500000,3,-0.000000,-0.000000,-0.000000
6524,67.520000,3,-0.000000,-0.000000,-0.000000
6525,67.540000,3,-0.000000,-0.000000,-0.000000
6526,67.560000,3,-0.000000,-0.000000,-0.000000
6527,67.580000,3,-0.085757,0.036409,-0.000000
6528,67.600000,3,-0.247291,0.107334,-0.000000
6529,67.620000,3,-0.453078,0.214484,-0.000000
6530,67.640000,3,-0.734947,0.328135,-0.000000
6531,67.660000,3,-0.933927,0.378399,-0.000000
6532,67.680000,3,-0.971709,0.405927,-0.000000
6533,67.700000,3,-0.968108,0.414899,-0.000000
6534,67.720000,3,-0.964843,0.421888,-0.000000
6535,67.740000,3,-0.962127,0.428083,-0.000000
6536,67.760000,3,-0.961089,0.430830,-0.000000
6537,67.780000,3,-0.960570,0.431654,-0.000000
6538,67.800000,3,-0.960509,0.431776,-0.000000
6539,67.820000,3,-0.960448,0.432020,-0.000000
6540,67.840000,3,-0.960448,0.432020,-0.000000
6541,67.860000,3,-0.960448,0.431959,-0.000000
6542,67.880000,3,-0.960265,0.432447,-0.000000
6543,67.900000,3,-0.960082,0.432661,-0.000000
6544,67.920000,3,-0.960082,0.432783,-0.000000
6545,67.940000,3,-0.960021,0.432905,-0.000000
6546,67.960000,3,-0.960021,0.432722,-0.000000
6547,67.980000,3,-0.960021,0.432783,-0.000000
6548,68.000000,3,-0.960021,0.432783,-0.000000
6549,68.020000,3,-0.960021,0.432783,-0.000000
6550,68.040000,3,-0.960021,0.432691,-0.000000
6551,68.060000,3,-0.960082,0.432356,-0.000000
6552,68.080000,3,-0.960143,0.432203,-0.000000
6553,68.100000,3,-0.960143,0.432203,-0.000000
6554,68.120000,3,-0.960143,0.432203,-0.000000
6555,68.140000,3,-0.960143,0.432203,-0.000000
6556,68.160000,3,-0.960143,0.432203,-0.000000
6557,68.180000,3,-0.960143,0.432203,-0.000000
6558,68.200000,3,-0.960143,0.432203,-0.000000
6559,68.220000,3,-0.960143,0.432203,-0.000000
6560,68.240000,3,-0.960143,0.432203,-0.000000
6561,68.260000,3,-0.960143,0.432203,-0.000000
6562,68.280000,3,-0.960662,0.431043,-0.000000
6563,68.300000,3,-0.960784,0.430799,-0.000000
6564,68.320000,3,-0.960784,0.430799,-0.000000
6565,68.340000,3,-0.961119,0.430158,-0.000000
6566,68.360000,3,-0.961577,0.429029,-0.000000
6567,68.380000,3,-0.961638,0.428877,-0.000000
6568,68.400000,3,-0.961699,0.428785,-0.000000
6569,68.420000,3,-0.961699,0.428785,-0.000000
6570,68.440000,3,-0.961821,0.428449,-0.000000
6571,68.460000,3,-0.961943,0.428327,-0.000000
6572,68.480000,3,-0.961943,0.428388,-0.000000
6573,68.500000,3,-0.961943,0.428388,-0.000000
6574,68.520000,3,-0.961943,0.428388,-0.000000
6575,68.540000,3,-0.964476,0.422681,-0.000000
6576,68.560000,3,-0.974761,0.398602,-0.000000
6577,68.580000,3,-0.994446,0.346873,-0.000000
6578,68.600000,3,-0.976897,0.279214,-0.000000
6579,68.620000,3,-0.892666,0.204718,-0.000000
6580,68.640000,3,-0.842250,0.171392,-0.000000
6581,68.660000,3,-0.825434,0.162450,-0.000000
6582,68.680000,3,-0.815149,0.159978,-0.000000
6583,68.700000,3,-0.802606,0.159886,-0.000000
6584,68.720000,3,-0.784936,0.159398,-0.000000
6585,68.740000,3,-0.767174,0.158208,-0.000000
6586,68.760000,3,-0.747612,0.156957,-0.000000
6587,68.780000,3,-0.710471,0.152806,-0.000000
6588,68.800000,3,-0.666982,0.148228,-0.000000
6589,68.820000,3,-0.628803,0.142735,-0.000000
6590,68.840000,3,-0.564959,0.120151,-0.000000
6591,68.860000,3,-0.526811,0.103549,-0.000000
6592,68.880000,3,-0.476455,0.088900,-0.000000
6593,68.900000,3,-0.455489,0.082827,-0.000000
6594,68.920000,3,-0.435713,0.073336,-0.000000
6595,68.940000,3,-0.396039,0.065676,-0.000000
6596,68.960000,3,-0.363109,0.061678,-0.000000
6597,68.980000,3,-0.325053,0.059084,-0.000000
6598,69.000000,3,-0.291147,0.057009,-0.000000
6599,69.020000,3,-0.270974,0.055391,-0.000000
6600,69.040000,3,-0.249214,0.053926,-0.000000
6601,69.060000,3,-0.213141,0.050783,-0.000000
6602,69.080000,3,-0.159703,0.044710,-0.000000
6603,69.100000,3,-0.130284,0.039155,-0.000000
6604,69.120000,3,-0.111087,0.031892,-0.000000
6605,69.140000,3,-0.088290,0.025117,-0.000000
6606,69.160000,3,-0.062532,0.017884,-0.000000
6607,69.180000,3,-0.016511,0.003754,-0.000000
6608,69.200000,3,-0.000000,-0.000000,-0.000000
6609,69.220000,3,-0.000000,-0.000000,-0.000000
6610,69.240000,3,-0.000000,-0.000000,-0.000000
6611,69.260000,3,-0.000000,-0.000000,-0.000000
6612,69.280000,3,-0.031159,0.006409,-0.000000
6613,69.300000,3,-0.065828,0.016175,-0.000000
6614,69.320000,3,-0.083132,0.021027,-0.000000
6615,69.340000,3,-0.086550,0.022279,-0.000000
6616,69.360000,3,-0.086825,0.022401,-0.000000
6617,69.380000,3,-0.086673,0.022401,-0.000000
6618,69.400000,3,-0.086825,0.022401,-0.000000
6619,69.420000,3,-0.086825,0.022401,-0.000000
6620,69.440000,3,-0.090701,0.022950,-0.000000
6621,69.460000,3,-0.109653,0.027894,-0.000000
6622,69.480000,3,-0.157506,0.042970,-0.000000
6623,69.500000,3,-0.253822,0.082095,-0.000000
6624,69.520000,3,-0.443220,0.187872,-0.000000
6625,69.540000,3,-0.573534,0.276406,-0.000000
6626,69.560000,3,-0.712790,0.359661,-0.000000
6627,69.580000,3,-0.837977,0.426649,-0.000000
6628,69.600000,3,-0.940916,0.472579,-0.000000
6629,69.620000,3,-0.939695,0.475173,-0.000000
6630,69.640000,3,-0.938719,0.477157,-0.000000
6631,69.660000,3,-0.938536,0.477493,-0.000000
6632,69.680000,3,-0.938444,0.477737,-0.000000
6633,69.700000,3,-0.938383,0.477737,-0.000000
6634,69.720000,3,-1.000000,0.327555,-0.000000
6635,69.740000,3,-1.000000,-0.004181,-0.000000
6636,69.760000,3,-1.000000,-0.273232,-0.000000
6637,69.780000,3,-0.928526,-0.496414,-0.000000
6638,69.800000,3,-0.838649,-0.636280,-0.000000
6639,69.820000,3,-0.722770,-0.765343,-0.000000
6640,69.840000,3,-0.642689,-0.833766,-0.000000
6641,69.860000,3,-0.617084,-0.852901,-0.000000
6642,69.880000,3,-0.599292,-0.865535,-0.000000
6643,69.900000,3,-0.569384,-0.885556,-0.000000
6644,69.920000,3,-0.546648,-0.899777,-0.000000
6645,69.940000,3,-0.506577,-0.923032,-0.000000
6646,69.960000,3,-0.490921,-0.931486,-0.000000
6647,69.980000,3,-0.475723,-0.939360,-0.000000
6648,70.000000,3,-0.451613,-0.951231,-0.000000
6649,70.020000,3,-0.418561,-0.966338,-0.000000
6650,70.040000,3,-0.383404,-0.980895,-0.000000
6651,70.060000,3,-0.350688,-0.993133,-0.000000
6652,70.080000,3,-0.322855,-1.000000,-0.000000
6653,70.100000,3,-0.293466,-1.000000,-0.000000
6654,70.120000,3,-0.257668,-1.000000,-0.000000
6655,70.140000,3,-0.231391,-1.000000,-0.000000
6656,70.160000,3,-0.210913,-1.000000,-0.000000
6657,70.180000,3,-0.197668,-1.000000,-0.000000
6658,70.200000,3,-0.185766,-1.000000,-0.000000
6659,70.220000,3,-0.176794,-1.000000,-0.000000
6660,70.240000,3,-0.158635,-1.000000,-0.000000
6661,70.260000,3,-0.123661,-1.000000,-0.000000
6662,70.280000,3,-0.106906,-1.000000,-0.000000
6663,70.300000,3,-0.095218,-1.000000,-0.000000
6664,70.320000,3,-0.083224,-1.000000,0.051912
6665,70.340000,3,-0.070040,-1.000000,0.148778
6666,70.360000,3,-0.059969,-1.000000,0.240654
6667,70.380000,3,-0.023865,-1.000000,0.362011
6668,70.400000,3,0.005707,-1.000000,0.471603
6669,70.420000,3,0.036866,-1.000000,0.561831
6670,70.440000,3,0.058748,-1.000000,0.645787
6671,70.460000,3,0.068758,-1.000000,0.710013
6672,70.480000,3,0.078433,-1.000000,0.727454
6673,70.500000,3,0.093753,-1.000000,0.728462
6674,70.520000,3,0.116916,-1.000000,0.729148
6675,70.540000,3,0.148717,-1.000000,0.729881
6676,70.560000,3,0.154851,-1.000000,0.729881
6677,70.580000,3,0.163091,-1.000000,0.729881
6678,70.600000,3,0.170660,-1.000000,0.723792
6679,70.620000,3,0.173162,-1.000000,0.678747
6680,70.640000,3,0.181616,-1.000000,0.597583
6681,70.660000,3,0.195990,-1.000000,0.527177
6682,70.680000,3,0.214026,-1.000000,0.433012
6683,70.700000,3,0.237403,-1.000000,0.406140
6684,70.720000,3,0.250282,-1.000000,0.376110
6685,70.740000,3,0.253609,-1.000000,0.296503
6686,70.760000,3,0.257241,-1.000000,0.067568
6687,70.780000,3,0.279916,-1.000000,-0.000000
6688,70.800000,3,0.294656,-1.000000,-0.000000
6689,70.820000,3,0.297647,-1.000000,-0.000000
6690,70.840000,3,0.297983,-1.000000,-0.000000
6691,70.860000,3,0.298654,-1.000000,-0.000000
6692,70.880000,3,0.298776,-0.999908,-0.000000
6693,70.900000,3,0.299081,-0.991852,-0.000000
6694,70.920000,3,0.297647,-0.975799,-0.000000
6695,70.940000,3,0.295419,-0.925199,-0.000000
6696,70.960000,3,0.275857,-0.666463,-0.000000
6697,70.980000,3,0.068941,-0.122593,-0.000000
6698,71.000000,3,-0.000000,-0.000000,-0.000000
6699,71.020000,3,-0.000000,-0.000000,-0.000000
6700,71.040000,3,-0.000000,-0.000000,-0.000000
6701,71.060000,3,-0.000000,-0.000000,-0.000000
6702,71.080000,3,-0.000000,-0.000000,-0.000000
6703,71.100000,3,-0.000000,-0.000000,-0.000000
6704,71.120000,3,-0.000000,-0.000000,-0.000000
6705,71.140000,3,-0.000000,-0.000000,-0.000000
6706,71.160000,3,-0.000000,-0.000000,-0.000000
6707,71.180000,3,-0.000000,-0.000000,-0.000000
6708,71.200000,3,-0.000000,-0.000000,-0.000000
6709,71.220000,3,-0.000000,-0.000000,-0.000000
6710,71.240000,3,-0.000000,-0.000000,-0.000000
6711,71.260000,3,-0.000000,-0.000000,-0.000000
6712,71.280000,3,-0.000000,-0.000000,-0.000000
6713,71.300000,3,-0.000000,-0.000000,-0.000000
6714,71.320000,3,-0.000000,-0.000000,-0.000000
6715,71.340000,3,-0.000000,-0.000000,-0.000000
6716,71.360000,3,-0.000000,-0.000000,-0.000000
6717,71.380000,3,-0.000000,-0.000000,-0.000000
6718,71.400000,3,-0.000000,-0.000000,-0.000000
6719,71.420000,3,-0.000000,-0.000000,-0.000000
6720,71.440000,3,-0.000000,-0.000000,-0.000000
6721,71.460000,3,-0.000000,-0.000000,-0.000000
6722,71.480000,3,-0.000000,-0.000000,-0.000000
6723,71.500000,3,-0.000000,-0.000000,-0.000000
6724,71.520000,3,-0.000000,-0.000000,-0.000000
6725,71.540000,3,-0.000000,-0.000000,-0.000000
6726,71.560000,3,-0.000000,-0.000000,-0.000000
6727,71.580000,3,-0.000000,-0.000000,-0.000000
6728,71.600000,3,-0.000000,-0.000000,-0.000000
6729,71.620000,3,-0.000000,-0.000000,-0.000000
6730,71.640000,3,-0.000000,-0.000000,-0.000000
6731,71.660000,3,-0.000000,-0.000000,-0.000000
6732,71.680000,3,-0.000000,-0.000000,-0.000000
6733,71.700000,3,-0.000000,-0.000000,-0.000000
6734,71.720000,3,-0.000000,-0.000000,-0.000000
6735,71.740000,3,-0.000000,-0.000000,-0.000000
6736,71.760000,3,-0.000000,-0.000000,-0.000000
