inference_index,sim_time,v0000,v0001,v0002,v0003,v0004,v0005,v0006,v0007,v0008,v0009,v0010,v0011,v0012,v0013,v0014,v0015
305,4.520000,-0.145058,2.214626,-0.964433,-0.753664,1.309877,-1.557998,1.161499,1.958686,-1.905092,-1.234319,2.635616,-1.084658,2.304825,1.455923,1.647343,2.669917
306,4.540000,-0.100731,2.193530,-0.934974,-0.786560,1.296955,-1.577546,1.183685,1.935235,-1.888324,-1.235161,2.653386,-1.086313,2.310416,1.447565,1.631982,2.663918
307,4.560000,-0.087496,2.191736,-0.895605,-0.809662,1.287403,-1.555380,1.190056,1.940099,-1.890859,-1.245977,2.654612,-1.090609,2.323881,1.418025,1.616638,2.637711
308,4.580000,-0.062467,2.169035,-0.909304,-0.826515,1.269338,-1.510278,1.135467,1.916700,-1.975963,-1.216517,2.604074,-1.207555,2.304988,1.377440,1.619530,2.612632
309,4.600000,-0.113940,2.120368,-1.098834,-0.734753,1.299637,-1.520211,0.979902,1.867939,-2.067008,-1.144679,2.528489,-1.373884,2.145917,1.379233,1.493886,2.632888
310,4.620000,-0.091096,2.175994,-1.054836,-0.771616,1.298530,-1.466803,1.090278,1.897406,-1.995462,-1.197422,2.633835,-1.212367,2.201000,1.443173,1.508322,2.736260
311,4.640000,-0.101854,2.131049,-1.081329,-0.800928,1.269906,-1.519243,1.064072,1.878913,-2.036118,-1.156354,2.650674,-1.253251,2.234124,1.443112,1.477979,2.755014
312,4.660000,-0.122284,2.113170,-1.066274,-0.834624,1.216015,-1.510500,1.017276,1.892125,-2.146869,-1.061315,2.544337,-1.366647,2.260412,1.376212,1.622117,2.654810
313,4.680000,-0.154443,2.181210,-1.071031,-0.749728,1.303535,-1.488307,1.058537,1.907059,-2.064599,-1.178626,2.613992,-1.101630,2.321348,1.460556,1.674952,2.676531
314,4.700000,-0.131994,2.167738,-1.074485,-0.763846,1.311593,-1.553092,1.100366,1.911551,-1.999365,-1.202657,2.671609,-1.109368,2.300113,1.504018,1.593511,2.710149
315,4.720000,-0.132289,2.170259,-0.958229,-0.830287,1.266079,-1.555083,1.113851,1.919651,-2.006341,-1.237539,2.610455,-1.120877,2.370585,1.430583,1.651485,2.591305
316,4.740000,-0.109506,2.172166,-0.960014,-0.803224,1.311990,-1.507960,1.125712,1.920278,-1.958650,-1.277134,2.662957,-1.068592,2.388238,1.435877,1.617622,2.619744
317,4.760000,-0.119819,2.200564,-0.935062,-0.778189,1.337998,-1.535050,1.110256,1.935265,-1.989231,-1.299865,2.664905,-1.009005,2.437254,1.469616,1.645720,2.675029
318,4.780000,-0.108715,2.171520,-0.878015,-0.828462,1.281776,-1.571022,1.101389,1.926682,-1.990981,-1.266096,2.608977,-1.158008,2.450951,1.423202,1.675901,2.610883
319,4.800000,-0.076905,2.112393,-0.981351,-0.793983,1.319256,-1.592290,1.034804,1.888829,-2.027603,-1.199709,2.630616,-1.237150,2.348669,1.387942,1.554041,2.643708
320,4.820000,-0.103637,2.189808,-0.887522,-0.801188,1.314939,-1.555426,1.096258,1.919674,-1.956889,-1.300558,2.627842,-1.142810,2.370158,1.383583,1.585604,2.639951
321,4.840000,-0.113407,2.174734,-0.858473,-0.820705,1.304721,-1.557183,1.057640,1.888535,-2.023867,-1.293907,2.617672,-1.186744,2.386050,1.401950,1.597504,2.626919
322,4.860000,-0.122586,2.153374,-0.957867,-0.739550,1.351363,-1.574047,0.987387,1.866332,-2.063794,-1.260179,2.638893,-1.163141,2.319117,1.439436,1.502241,2.701960
323,4.880000,-0.110588,2.166188,-0.866883,-0.804577,1.299479,-1.570218,1.062630,1.889076,-2.021165,-1.292252,2.645105,-1.124614,2.396590,1.429852,1.554410,2.685465
324,4.900000,-0.097336,2.104866,-0.934161,-0.823790,1.283640,-1.571208,1.005043,1.863633,-2.117656,-1.207349,2.636744,-1.229183,2.401741,1.383289,1.565154,2.645621
325,4.920000,-0.127050,2.151402,-0.915761,-0.817685,1.264492,-1.511448,1.011671,1.885613,-2.115964,-1.224865,2.550575,-1.284086,2.360066,1.361793,1.604063,2.586046
326,4.940000,-0.103431,2.165787,-0.894257,-0.825330,1.287296,-1.499233,1.091314,1.891112,-2.038284,-1.298402,2.626176,-1.158078,2.367965,1.400429,1.583277,2.586468
327,4.960000,-0.092880,2.177196,-0.853887,-0.850629,1.278734,-1.514211,1.121595,1.912746,-2.034111,-1.323360,2.651396,-1.129136,2.420085,1.408735,1.599820,2.595036
328,4.980000,-0.074259,2.155042,-0.846852,-0.853887,1.286142,-1.508384,1.124878,1.919297,-2.024816,-1.326441,2.663871,-1.096514,2.475871,1.416189,1.646435,2.622092
329,5.000000,-0.095336,2.109488,-0.987814,-0.747106,1.320780,-1.582961,1.000813,1.912009,-2.116724,-1.248167,2.641600,-1.184558,2.517817,1.454236,1.693768,2.717562
330,5.020000,-0.118137,2.188908,-0.905551,-0.754444,1.317875,-1.557990,1.095702,1.956429,-2.002560,-1.341978,2.640569,-1.104072,2.623167,1.520650,1.804647,2.736649
331,5.040000,-0.123463,2.239121,-0.878425,-0.729505,1.346070,-1.552505,1.193197,2.002671,-1.874437,-1.433601,2.711153,-0.952191,2.813114,1.643780,1.948607,2.808079
332,5.060000,-0.164802,2.236474,-0.960054,-0.641479,1.407456,-1.638323,1.162115,2.031810,-1.793627,-1.498821,2.730381,-0.918432,2.942403,1.713189,2.022955,2.910683
333,5.080000,-0.193055,2.313072,-0.977354,-0.595139,1.442612,-1.577595,1.260463,2.124981,-1.577111,-1.615056,2.783889,-0.775686,3.170485,1.884959,2.205951,3.143530
334,5.100000,-0.245398,2.310657,-1.107101,-0.520073,1.450464,-1.608028,1.226782,2.184929,-1.511376,-1.640566,2.738963,-0.920846,3.396413,2.035633,2.362718,3.300970
335,5.120000,-0.312317,2.435622,-1.170566,-0.412246,1.560083,-1.598200,1.360102,2.312257,-1.151898,-1.831412,2.926264,-0.477407,3.691320,2.295335,2.600888,3.676139
336,5.140000,-0.341706,2.419595,-1.211770,-0.406155,1.556680,-1.699975,1.422046,2.430635,-0.913733,-1.874411,3.034402,-0.337966,3.979681,2.428992,2.804204,3.894656
337,5.160000,-0.392439,2.493370,-1.202008,-0.348568,1.618930,-1.733478,1.397385,2.493605,-0.847727,-1.965063,3.070147,-0.137897,4.130048,2.476464,2.897691,4.000098
338,5.180000,-0.348850,2.468207,-1.167973,-0.406728,1.594948,-1.722815,1.422471,2.503186,-0.754822,-1.956368,3.008902,-0.243655,4.077351,2.410293,2.774035,3.891557
339,5.200000,-0.290285,2.364194,-1.171279,-0.464521,1.508783,-1.707075,1.273091,2.360483,-1.111297,-1.800410,2.775242,-0.703376,3.815425,2.204495,2.464759,3.477074
340,5.220000,-0.231790,2.357738,-1.071545,-0.481002,1.510842,-1.603449,1.216373,2.298834,-1.364307,-1.713059,2.784916,-0.621047,3.653943,2.150489,2.446599,3.333655
341,5.240000,-0.163935,2.394665,-0.852410,-0.571552,1.448015,-1.611613,1.239241,2.223312,-1.404216,-1.683935,2.737817,-0.730436,3.492181,2.074106,2.391427,3.196721
342,5.260000,-0.040480,2.318889,-0.739767,-0.676082,1.393785,-1.551701,1.198986,2.081959,-1.637964,-1.632106,2.663572,-0.959782,3.266983,1.975621,2.271645,3.121240
343,5.280000,0.017873,2.222672,-0.718879,-0.748645,1.311119,-1.476735,1.102088,2.022953,-1.965392,-1.509340,2.562251,-1.152586,3.144749,1.914460,2.341687,3.047667
344,5.300000,0.061160,2.184722,-0.647357,-0.813604,1.235596,-1.421012,1.078498,1.973700,-2.046438,-1.430880,2.475895,-1.399712,3.005616,1.891485,2.401077,2.999616
345,5.320000,0.108098,2.155729,-0.692439,-0.835275,1.231519,-1.383414,1.121898,1.960075,-2.036646,-1.449015,2.500095,-1.438546,2.962893,1.975455,2.447436,3.092485
346,5.340000,0.073502,2.128082,-0.792369,-0.812054,1.201502,-1.395647,1.122404,1.996556,-2.035546,-1.436193,2.500114,-1.517740,3.089368,2.089941,2.611253,3.217483
347,5.360000,0.055701,2.124057,-0.868068,-0.792961,1.195704,-1.375153,1.147878,2.040321,-1.975263,-1.427569,2.516626,-1.519966,3.217232,2.204703,2.751774,3.319334
348,5.380000,0.029575,2.122187,-0.978770,-0.745632,1.215726,-1.380304,1.161696,2.079786,-1.939337,-1.438672,2.549815,-1.470432,3.298673,2.290791,2.785630,3.380322
349,5.400000,0.014894,2.133058,-1.021660,-0.712042,1.219712,-1.387121,1.170546,2.108252,-1.911787,-1.440947,2.583167,-1.468505,3.339784,2.313617,2.777079,3.416471
350,5.420000,0.028457,2.112538,-0.985878,-0.749975,1.191781,-1.380307,1.195456,2.149785,-1.889590,-1.386216,2.596754,-1.506764,3.370257,2.287457,2.798091,3.394165
351,5.440000,0.015218,2.197895,-0.942401,-0.717816,1.253739,-1.298981,1.240015,2.206687,-1.818716,-1.475678,2.632537,-1.360038,3.444330,2.352371,2.902273,3.472013
352,5.460000,0.043942,2.267044,-0.860216,-0.719130,1.278037,-1.242658,1.313769,2.258060,-1.706727,-1.571665,2.685560,-1.254553,3.521432,2.440445,3.029332,3.605054
353,5.480000,0.097084,2.253527,-0.752255,-0.782592,1.256121,-1.216604,1.352450,2.312274,-1.612623,-1.560497,2.714319,-1.278982,3.605814,2.443820,3.174040,3.696826
354,5.500000,0.143368,2.288069,-0.631783,-0.805154,1.271237,-1.114382,1.414968,2.381258,-1.429504,-1.618848,2.766824,-1.241133,3.676611,2.467239,3.382576,3.884857
355,5.520000,0.188288,2.376755,-0.431397,-0.812967,1.322604,-0.970626,1.519542,2.479496,-1.146982,-1.765720,2.879426,-1.076292,3.784680,2.571762,3.695496,4.214575
356,5.540000,0.255703,2.465767,-0.156174,-0.811894,1.387527,-0.707330,1.625260,2.604141,-0.824532,-1.925673,3.044289,-0.869928,3.936213,2.746320,4.139125,4.710707
357,5.560000,0.282626,2.586704,0.251665,-0.765639,1.493616,-0.283087,1.756548,2.789460,-0.429994,-2.117681,3.240520,-0.561185,4.149640,2.978207,4.814597,5.350261
358,5.580000,0.297994,2.702254,0.849634,-0.691608,1.660127,0.313854,1.887676,3.021355,-0.023993,-2.274251,3.464515,-0.156602,4.431610,3.222611,5.647715,6.058141
359,5.600000,0.299603,2.604709,1.395951,-0.660110,1.729674,0.929094,2.000505,3.283717,0.284703,-2.283896,3.645978,0.097006,4.632582,3.321637,6.467159,6.534771
360,5.620000,0.196024,2.482191,1.755076,-0.499145,1.729879,1.488985,2.067674,3.485021,0.615924,-2.232160,3.877822,0.392446,4.898230,3.427941,7.161740,6.831370
361,5.640000,-0.034699,2.244467,1.834668,-0.308207,1.508619,1.847331,2.004602,3.678443,0.828236,-2.036531,3.991915,0.526429,5.147632,3.668669,7.604496,6.788383
362,5.660000,-0.466935,1.973887,1.592743,0.110094,1.191145,2.080293,1.805826,3.850263,1.075276,-1.788799,4.115230,0.677443,5.388267,4.152019,7.805177,6.567273
363,5.680000,-1.002379,1.514756,0.927941,0.576415,0.829278,2.101014,1.596376,4.106614,1.260731,-1.390581,4.204722,0.642853,5.566566,4.641935,7.983817,5.973569
364,5.700000,-1.694501,1.299556,0.047797,1.170621,0.559224,1.835459,1.321489,4.405151,1.336100,-1.093028,4.371113,0.488831,5.678876,5.335853,8.037436,5.336481
365,5.720000,-2.339245,1.354370,-0.830328,1.858424,0.504876,1.458263,0.974162,4.318976,1.000467,-0.917527,4.614114,0.278129,5.889508,6.072050,7.826734,4.750168
366,5.740000,-2.782256,1.903133,-1.546170,2.349764,0.746067,0.784880,0.867596,4.494573,1.007031,-1.124372,4.601341,0.059559,6.284503,6.745032,7.347664,4.421770
367,5.760000,-2.773023,2.300542,-1.975081,2.331326,1.155915,0.221258,0.869386,4.176236,0.958577,-1.438263,4.701458,0.008337,6.611793,6.910280,6.237547,4.350318
368,5.780000,-2.572745,2.336259,-2.108175,1.856060,1.494053,-0.214318,0.988095,3.776427,0.932358,-1.619863,4.584718,-0.172254,6.583196,6.541629,5.008010,4.469877
369,5.800000,-2.299296,2.459840,-2.160982,1.411742,1.829080,-0.516546,1.076888,4.053688,1.568812,-1.819696,4.440739,0.032357,6.728183,6.453444,4.521928,4.780159
370,5.820000,-2.042768,2.452807,-2.290786,1.058281,2.040762,-0.773374,1.067242,4.030016,1.612147,-1.973328,4.289814,0.139847,7.064232,6.325583,4.705499,5.013262
371,5.840000,-1.700392,2.532330,-2.413630,0.789746,2.225382,-1.038961,0.973620,4.196345,1.694062,-2.174915,4.066813,0.471523,7.305206,6.240311,5.196600,5.107584
372,5.860000,-1.494562,2.450395,-2.652257,0.735935,2.452346,-1.395465,0.695454,4.239450,1.477351,-2.368180,3.723109,0.559802,7.391668,6.098197,5.521832,4.811119
373,5.880000,-1.184273,1.958151,-3.843507,0.114466,2.828636,-2.599967,0.866405,4.879644,2.195579,-2.646419,3.816253,0.867687,8.309278,6.620815,5.326817,4.383070
374,5.900000,-1.487711,1.869078,-5.661187,0.067229,3.775015,-3.771096,0.982241,5.795925,2.913544,-2.948941,4.010720,1.720961,9.223813,7.358422,5.070117,2.343493
375,5.920000,-2.234039,1.606260,-7.350284,0.828458,4.892299,-4.434613,0.915110,6.404841,3.187530,-3.331533,4.321440,2.375868,10.157648,8.312315,4.732309,-0.449230
376,5.940000,-2.036374,1.713781,-7.842442,2.011068,5.749818,-5.190818,0.519517,6.759773,2.635899,-4.238841,4.960433,2.632188,10.201925,9.095073,3.150840,-2.799613
377,5.960000,-1.747076,2.479181,-6.525205,3.264259,6.440318,-5.667887,-0.014653,6.192863,1.643079,-4.865843,5.320073,2.148865,8.718457,8.925567,-0.100058,-3.093994
378,5.980000,-1.692814,3.310866,-4.833045,3.815154,6.545446,-6.188210,-0.680153,4.681949,0.677661,-4.177687,5.969319,1.325222,6.172623,8.002645,-3.389375,-0.312760
379,6.000000,-1.401007,3.814806,-3.119727,3.064917,6.259061,-5.844350,0.161369,2.516474,0.654064,-2.643784,5.404941,0.481052,3.796554,6.672781,-4.972823,4.085002
380,6.020000,-0.559791,4.303500,-1.856231,2.114573,5.759488,-5.576379,1.402855,0.589749,0.936732,-1.680565,4.480242,1.109290,2.564626,6.500049,-3.304576,6.490780
381,6.040000,-0.239171,4.833312,-0.860230,1.854248,5.647209,-5.369243,1.566179,-0.124749,0.592830,-1.646066,3.536243,1.662025,1.571259,6.417837,-0.438922,6.152114
382,6.060000,-0.708140,5.625624,-0.622709,1.468700,5.924322,-4.705473,1.360756,-0.241479,0.379026,-1.312343,2.718204,2.128328,0.776054,5.668687,2.072210,4.563477
383,6.080000,-1.054178,6.848414,-0.551501,1.631325,6.700794,-3.631879,0.867794,-0.390171,0.222576,-1.503440,2.558037,3.391871,1.381898,5.101143,3.624427,3.704906
384,6.100000,-1.048474,7.439380,-0.424484,1.908303,6.614398,-2.263213,0.355659,-0.466156,0.013933,-1.534620,2.173116,4.026992,2.392154,4.403294,4.312773,3.278431
385,6.120000,-0.360000,7.062450,-0.049039,1.688790,5.844234,-0.551043,-0.169932,-0.843781,-0.462004,-1.179243,1.400343,4.001551,2.767464,3.865465,4.820193,3.808694
386,6.140000,0.666309,6.521706,-0.017934,1.164439,4.929824,0.590575,-0.764947,-1.488312,-0.973517,-0.627893,0.281957,3.553106,2.993402,4.304687,5.377202,5.174410
387,6.160000,0.566133,6.257054,0.581133,0.693022,5.681719,1.738663,-0.730315,-1.741804,-0.627253,0.266889,-1.428486,3.027240,3.161613,3.207178,5.949737,4.845301
388,6.180000,0.580212,5.561662,1.391897,-1.107980,5.442730,2.012967,-0.850760,-0.925907,-0.450215,2.024726,-3.412937,1.647034,4.363208,1.989345,6.694541,4.655225
389,6.200000,1.018768,4.600348,1.016305,-2.434475,4.411534,1.840124,-1.012903,0.215395,-0.516956,3.098351,-4.232801,0.264578,6.205798,2.003670,6.575846,5.543209
390,6.220000,1.026833,4.580431,1.033970,-2.140534,3.456973,1.157575,-1.283828,0.544078,-1.606803,3.012001,-3.350703,-0.070147,6.787366,2.696425,6.802214,6.951311
391,6.240000,0.762080,4.284665,0.921041,-1.598274,2.337458,0.204354,-1.129473,0.592623,-2.578103,2.534219,-1.595957,-0.492524,6.545482,4.185475,7.434063,8.555879
392,6.260000,0.829471,4.015711,0.703974,-1.228155,2.389352,-0.389635,-1.207674,0.855823,-2.729781,1.977384,-0.382493,-0.677873,5.867393,5.175556,7.771307,8.827209
393,6.280000,0.753327,3.124816,0.448728,-1.325996,1.975628,-0.991502,-1.193208,1.429677,-2.773108,1.667814,0.343956,-1.073738,5.576787,5.499035,7.642118,8.129610
394,6.300000,0.841698,2.624531,0.214168,-1.178562,1.748215,-1.088210,-1.199719,1.780548,-2.951339,1.183244,0.979187,-1.393599,4.943461,5.197861,7.316350,7.270533
395,6.320000,0.853568,2.265512,-0.112572,-1.149467,1.413808,-1.020431,-1.217512,2.104537,-3.107071,0.984430,1.400937,-1.663374,4.531723,5.059455,6.841763,6.628798
396,6.340000,0.808312,2.087075,-0.647148,-0.953808,1.322353,-0.641536,-1.287788,2.331462,-3.204715,0.763671,1.704889,-2.026189,3.873717,4.716437,6.133034,5.965002
397,6.360000,0.593072,2.020921,-0.807375,-1.059035,1.016280,-0.453441,-1.182200,2.467704,-3.310209,0.867923,1.857085,-2.282184,3.447213,4.239939,5.470350,5.307627
398,6.380000,0.372608,1.986275,-0.939172,-1.033795,0.878969,-0.226045,-1.031456,2.531004,-3.295207,0.898899,1.954196,-2.514054,3.027102,3.621593,4.809710,4.649846
399,6.400000,0.304908,1.944606,-1.140964,-0.837321,0.912226,0.155671,-0.908235,2.513090,-3.247971,0.818172,1.986163,-2.756640,2.416191,3.076280,4.185195,4.322606
400,6.420000,0.340220,1.909871,-1.137246,-0.650149,0.921875,0.260436,-0.780825,2.500046,-3.165001,0.696360,2.054704,-2.822817,1.917623,2.621355,3.803232,4.082274
401,6.440000,0.439657,1.901003,-1.082700,-0.429562,0.958941,0.094885,-0.608787,2.439631,-3.082171,0.509047,2.046376,-2.814286,1.632169,2.166908,3.527306,3.932016
402,6.460000,0.560583,1.877809,-1.079258,-0.223861,1.019408,-0.271145,-0.461055,2.342278,-2.990445,0.310250,2.006553,-2.689259,1.461782,1.800502,3.359490,3.888061
403,6.480000,0.722755,1.884063,-1.122283,-0.072734,1.009170,-0.677319,-0.284512,2.253179,-2.771169,0.092651,2.041126,-2.525614,1.412461,1.599151,3.177001,3.901924
404,6.500000,0.737407,1.854949,-1.325350,0.081137,0.977645,-1.221992,-0.183689,2.119030,-2.569099,-0.022758,2.030514,-2.357729,1.389851,1.384229,2.821579,3.795415
405,6.520000,0.371454,1.989281,-1.482927,0.206994,0.994303,-1.260061,0.189335,2.149902,-2.250837,-0.279604,2.068501,-1.922311,1.770302,1.302267,2.746971,3.663676
406,6.540000,-0.123764,2.169948,-1.494259,0.009130,0.862914,-1.324878,0.765585,2.251521,-1.931268,-0.417611,2.182137,-1.620597,2.423352,1.313151,2.846817,3.371770
407,6.560000,-0.075090,2.312024,-1.348270,-0.021961,1.060743,-1.114554,1.171245,2.287427,-1.400480,-0.876028,2.454641,-1.082308,2.823000,1.625874,2.746462,3.627878
408,6.580000,0.137400,2.440064,-1.163295,-0.108901,1.241819,-0.975249,1.480405,2.366175,-0.695739,-1.317623,2.753573,-0.617970,3.047319,2.019075,2.448447,4.179289
409,6.600000,0.157824,2.478884,-1.131626,-0.159283,1.309172,-0.995652,1.545640,2.333985,-0.501023,-1.469421,2.819981,-0.482093,3.200776,2.133299,2.165687,4.461171
410,6.620000,0.147917,2.529814,-1.034928,-0.191443,1.355515,-1.047947,1.595271,2.291288,-0.455473,-1.478984,2.881262,-0.328758,3.288777,2.180465,2.026147,4.550770
411,6.640000,0.034244,2.621579,-0.989516,-0.133679,1.353403,-1.170728,1.635025,2.167044,-0.509412,-1.497499,2.862104,-0.179192,3.126529,2.080685,1.747044,4.281312
412,6.660000,0.100299,2.633137,-0.826697,-0.258661,1.322790,-1.180666,1.670861,2.066420,-0.674680,-1.424101,2.853655,-0.211566,3.029208,2.049208,1.685160,4.050795
413,6.680000,0.148395,2.443757,-1.053880,-0.239051,1.264288,-1.187707,1.527194,1.768607,-1.279796,-1.265217,2.702855,-0.516227,2.523127,1.869110,1.299092,3.621241
414,6.700000,0.168053,2.351748,-1.012601,-0.332984,1.184978,-1.082878,1.483334,1.651390,-1.651304,-1.049865,2.555221,-0.620178,2.171410,1.720435,1.321506,3.196881
415,6.720000,0.148104,2.233334,-1.083619,-0.368609,1.083219,-1.033759,1.325715,1.518896,-2.026999,-0.856025,2.357988,-0.880822,1.753915,1.537485,1.286582,2.781779
416,6.740000,0.165591,2.072940,-1.232518,-0.363590,0.998938,-0.960374,1.172051,1.455834,-2.259908,-0.675356,2.181186,-1.075984,1.399718,1.343172,1.325760,2.587201
417,6.760000,0.140082,1.926538,-1.540245,-0.253037,0.910148,-1.001513,0.834402,1.464093,-2.502530,-0.377611,2.017758,-1.325321,1.226489,1.109932,1.435864,2.458955
418,6.780000,0.148257,1.896147,-1.542779,-0.281773,0.817858,-1.034101,0.747025,1.542101,-2.482224,-0.339498,1.930410,-1.331738,1.323690,0.937585,1.654721,2.376367
419,6.800000,0.175901,1.857646,-1.578516,-0.369176,0.792535,-1.112064,0.607659,1.526463,-2.449157,-0.261937,1.867245,-1.475937,1.405235,1.038396,1.660777,2.462464
420,6.820000,0.120029,1.877927,-1.629794,-0.299295,0.927295,-1.165304,0.499188,1.550009,-2.329928,-0.303104,1.854253,-1.402796,1.494442,1.300911,1.651358,2.699871
421,6.840000,0.168267,1.904226,-1.591027,-0.345408,0.953737,-1.277336,0.508528,1.552573,-2.162026,-0.323265,1.895932,-1.445669,1.602908,1.531162,1.613571,2.895814
422,6.860000,0.213798,1.942092,-1.529010,-0.397343,1.034209,-1.360483,0.508347,1.549592,-2.044420,-0.369123,1.959077,-1.358973,1.737003,1.770455,1.616943,3.069070
423,6.880000,0.141401,2.019532,-1.484426,-0.361935,1.063228,-1.365933,0.630252,1.590844,-1.913824,-0.456446,1.995450,-1.206749,1.957960,1.896330,1.771795,3.098618
424,6.900000,-0.017847,2.125438,-1.475602,-0.249025,1.153779,-1.406781,0.731969,1.637161,-1.783318,-0.569760,2.030590,-0.985259,2.229711,1.983311,1.956981,3.064847
425,6.920000,-0.016706,2.184587,-1.462331,-0.233224,1.183599,-1.446862,0.849731,1.660848,-1.590652,-0.658981,2.069246,-0.849631,2.396032,2.024349,2.055792,3.049973
426,6.940000,-0.069001,2.214497,-1.439706,-0.227096,1.205873,-1.440215,0.906474,1.695624,-1.414366,-0.719673,2.057543,-0.745795,2.522224,2.000108,2.114032,3.005347
427,6.960000,-0.042876,2.276402,-1.426507,-0.223672,1.219458,-1.354427,1.005569,1.739675,-1.208801,-0.857192,2.123008,-0.601792,2.699253,2.083386,2.205040,3.112725
428,6.980000,-0.082745,2.249064,-1.585191,-0.141148,1.249100,-1.391356,0.938524,1.690408,-1.246367,-0.859039,2.067760,-0.720519,2.691417,2.132993,2.105124,3.193343
429,7.000000,-0.141987,2.321418,-1.463167,-0.126691,1.283187,-1.386647,1.050703,1.772256,-1.013088,-0.968974,2.200297,-0.336154,2.960248,2.264719,2.375650,3.386616
430,7.020000,-0.237354,2.349924,-1.541079,-0.029902,1.313407,-1.393139,1.070130,1.763677,-0.915996,-1.007298,2.251584,-0.153956,3.117192,2.340894,2.505666,3.482517
431,7.040000,-0.262277,2.373759,-1.476960,-0.038147,1.318357,-1.390261,1.144847,1.825173,-0.676563,-1.069440,2.276057,0.007546,3.264572,2.393291,2.725124,3.657430
432,7.060000,-0.323123,2.373628,-1.527307,0.062774,1.338180,-1.366193,1.068558,1.791237,-0.736357,-1.119442,2.265866,0.103307,3.329985,2.456915,2.863191,3.687930
433,7.080000,-0.266660,2.192579,-1.617524,0.053510,1.264367,-1.394884,1.021936,1.677543,-0.820979,-0.981184,2.156657,-0.201374,3.111935,2.366095,2.711920,3.600014
434,7.100000,-0.303957,2.287518,-1.501854,0.031919,1.251156,-1.377436,1.063559,1.693767,-0.663131,-1.075960,2.084968,-0.111887,3.068512,2.378798,2.749032,3.469821
435,7.120000,-0.302246,2.194116,-1.466596,-0.013729,1.176593,-1.380824,1.004660,1.671067,-0.797492,-0.994761,1.948765,-0.402324,3.094180,2.430505,2.907189,3.376719
436,7.140000,-0.314861,2.131723,-1.494180,0.050052,1.182654,-1.404342,0.913567,1.571176,-0.853646,-0.942917,1.813421,-0.552199,2.948378,2.414644,2.893207,3.377566
437,7.160000,-0.270824,2.192960,-1.350304,-0.044966,1.167275,-1.340313,0.978582,1.612452,-0.685385,-1.002239,1.829061,-0.492831,2.979796,2.516891,3.036752,3.438074
438,7.180000,-0.276911,2.193903,-1.288387,-0.081897,1.170849,-1.348659,1.008687,1.621546,-0.568184,-1.048982,1.854694,-0.390614,3.083930,2.543017,3.167103,3.511769
439,7.200000,-0.182845,2.122306,-1.273318,-0.134130,1.089524,-1.388173,1.033445,1.609881,-0.507097,-1.133669,1.865606,-0.402711,3.219478,2.572969,3.207117,3.594007
440,7.220000,-0.142575,2.079560,-1.224575,-0.184464,1.071842,-1.394091,1.002966,1.527681,-0.587500,-1.158935,1.836453,-0.417068,3.216725,2.548443,3.149841,3.531131
441,7.240000,-0.130758,2.022956,-1.208072,-0.184089,1.029746,-1.415792,0.926259,1.501878,-0.811455,-1.171682,1.849231,-0.393362,3.416464,2.650305,3.251870,3.442036
442,7.260000,-0.171579,1.936595,-1.217147,-0.199633,0.956671,-1.461885,0.854720,1.463676,-0.847152,-1.114622,1.748410,-0.518659,3.395859,2.625751,3.235241,3.302087
443,7.280000,-0.144650,1.920729,-1.162996,-0.234934,0.956387,-1.429035,0.826728,1.419771,-0.830049,-1.149424,1.724388,-0.527317,3.334666,2.619362,3.211313,3.215453
444,7.300000,-0.051398,1.866734,-1.168522,-0.322065,0.894503,-1.359536,0.845572,1.364409,-0.835564,-1.238205,1.729897,-0.544771,3.264705,2.643788,3.118631,3.200935
445,7.320000,-0.014233,1.831933,-1.164021,-0.357466,0.924720,-1.295412,0.755989,1.363951,-0.956163,-1.239292,1.758522,-0.565183,3.382156,2.808110,3.124749,3.358009
446,7.340000,0.022785,1.807375,-1.158767,-0.429275,0.919825,-1.279633,0.739308,1.385774,-1.033986,-1.250612,1.791454,-0.608605,3.553344,2.973417,3.165338,3.537376
447,7.360000,-0.074777,1.712098,-1.289582,-0.361422,0.917793,-1.300884,0.643414,1.344774,-1.170236,-1.202713,1.733497,-0.632283,3.533176,3.051590,3.110769,3.626405
448,7.380000,-0.077288,1.735424,-1.229097,-0.448223,0.877954,-1.295112,0.761853,1.368444,-1.032163,-1.199707,1.767789,-0.640643,3.489257,2.995188,3.079327,3.598218
449,7.400000,-0.025017,1.747824,-1.161607,-0.528333,0.903086,-1.298079,0.833405,1.403521,-1.071302,-1.293480,1.835947,-0.512373,3.557441,2.962359,3.147634,3.534832
450,7.420000,0.013198,1.746881,-1.103195,-0.638275,0.899663,-1.251602,0.903097,1.494021,-1.038378,-1.303193,1.885617,-0.461528,3.731627,2.967269,3.305761,3.587680
451,7.440000,-0.041494,1.753326,-1.170608,-0.574281,0.939182,-1.249837,0.872291,1.505605,-1.008739,-1.341342,1.851724,-0.421172,3.709553,2.947750,3.296327,3.618336
452,7.460000,0.010758,1.808442,-1.173957,-0.603596,0.992496,-1.129243,0.977729,1.500343,-0.962416,-1.448029,1.969203,-0.239065,3.652216,3.029604,3.234913,3.675168
453,7.480000,0.039530,1.729136,-1.180977,-0.653668,0.958010,-1.125271,0.967733,1.477057,-1.004945,-1.344831,1.998095,-0.444294,3.538871,3.070612,3.055366,3.754287
454,7.500000,-0.008589,1.751825,-1.169820,-0.594023,1.026341,-1.080002,0.953176,1.434796,-0.870204,-1.424597,1.952951,-0.417881,3.351346,3.022768,2.854899,3.834705
455,7.520000,-0.009242,1.677706,-1.178283,-0.648369,0.952720,-1.055373,0.908518,1.371788,-1.115127,-1.217607,1.896904,-0.722741,3.172624,2.927406,2.700941,3.684917
456,7.540000,-0.080870,1.694131,-1.059927,-0.677204,0.922628,-1.037516,0.893215,1.417893,-1.156095,-1.121951,1.810779,-0.711416,3.155556,2.821537,2.838986,3.541762
457,7.560000,-0.126602,1.638859,-1.013367,-0.678375,0.883396,-1.065009,0.848260,1.428197,-1.211173,-0.934300,1.768822,-0.873720,3.160352,2.794011,3.005914,3.424735
458,7.580000,-0.087820,1.662540,-0.922426,-0.651502,0.901323,-1.055233,0.918287,1.419340,-1.073797,-1.079399,1.759232,-0.729820,3.098267,2.772851,3.073253,3.437779
459,7.600000,0.007105,1.647617,-0.891377,-0.703485,0.867994,-1.008633,0.953672,1.433154,-1.135066,-1.059521,1.820173,-0.736508,3.172717,2.794763,3.147366,3.433845
460,7.620000,-0.002750,1.642578,-0.943362,-0.630076,0.880282,-0.998368,0.900829,1.419644,-1.123026,-1.123147,1.796373,-0.669642,3.209108,2.801196,3.164052,3.489477
461,7.640000,-0.024965,1.666107,-0.986666,-0.562321,0.906794,-0.957941,0.921168,1.428761,-1.071179,-1.154004,1.830532,-0.608681,3.235724,2.882755,3.168805,3.603768
462,7.660000,0.060614,1.679202,-0.971711,-0.620236,0.896833,-0.928868,0.990302,1.454215,-1.058995,-1.209667,1.922096,-0.551434,3.338678,2.937805,3.131400,3.666137
463,7.680000,0.009820,1.645885,-1.077550,-0.558515,0.910322,-0.936759,0.935035,1.436366,-1.092882,-1.224272,1.894766,-0.513497,3.353706,2.998655,3.050513,3.717156
464,7.700000,-0.031588,1.629704,-1.088592,-0.530980,0.893704,-0.997273,0.938731,1.466779,-1.137702,-1.167796,1.911021,-0.559413,3.417569,3.038503,3.096962,3.730512
465,7.720000,-0.048833,1.629417,-1.060603,-0.558194,0.867016,-0.999201,0.959579,1.456036,-1.064632,-1.151051,1.878700,-0.583433,3.388700,3.007242,3.011599,3.672966
466,7.740000,-0.025918,1.602982,-1.092522,-0.508816,0.895767,-0.957141,0.890309,1.405967,-1.150642,-1.146097,1.871566,-0.531289,3.334158,3.012233,2.955032,3.645410
467,7.760000,-0.078337,1.565082,-1.073743,-0.512192,0.834492,-0.965810,0.836407,1.402212,-1.185736,-1.008074,1.779772,-0.680516,3.236807,2.962554,2.948946,3.581997
468,7.780000,-0.034488,1.589616,-0.983523,-0.555676,0.822930,-0.919773,0.876633,1.382946,-1.128569,-1.063526,1.764416,-0.644560,3.185335,2.889422,2.933151,3.470419
469,7.800000,-0.052939,1.546260,-1.041350,-0.514120,0.826413,-0.898056,0.801376,1.347026,-1.215829,-1.044141,1.731372,-0.641468,3.141752,2.874965,2.908400,3.435205
470,7.820000,0.014610,1.546147,-0.965411,-0.537292,0.802532,-0.857280,0.796021,1.368410,-1.194670,-1.058746,1.748002,-0.623409,3.168874,2.876670,2.928226,3.476726
471,7.840000,0.046163,1.557238,-0.931192,-0.574829,0.785514,-0.842615,0.819218,1.362994,-1.152587,-1.055347,1.761624,-0.624245,3.216088,2.893592,2.927315,3.475958
472,7.860000,0.046764,1.535996,-0.936740,-0.592078,0.777922,-0.848933,0.858034,1.364171,-1.043160,-1.117517,1.747302,-0.579192,3.198166,2.846524,2.881786,3.452578
473,7.880000,0.049440,1.513352,-0.937036,-0.610218,0.736001,-0.874970,0.863463,1.363657,-1.030899,-1.061894,1.725408,-0.642750,3.178429,2.796236,2.889876,3.399733
474,7.900000,0.037933,1.524054,-0.992637,-0.552261,0.771199,-0.822778,0.796943,1.345582,-1.084316,-1.090984,1.728256,-0.564300,3.185148,2.839695,2.886460,3.424300
475,7.920000,0.004962,1.501261,-1.029200,-0.565684,0.696240,-0.856713,0.766482,1.353364,-1.191546,-1.001702,1.651245,-0.706416,3.161760,2.856843,2.914254,3.363138
476,7.940000,-0.034350,1.478384,-1.098106,-0.558803,0.674321,-0.812624,0.725221,1.317861,-1.144751,-0.882355,1.602799,-0.796924,3.051034,2.845965,2.791920,3.310247
477,7.960000,-0.047307,1.504841,-1.079740,-0.559055,0.685923,-0.780356,0.811858,1.361557,-0.999253,-0.947201,1.624889,-0.734257,3.011268,2.862302,2.800394,3.339107
478,7.980000,-0.000326,1.517959,-1.087646,-0.549798,0.729310,-0.674336,0.826087,1.350687,-0.966084,-0.943166,1.667786,-0.672351,2.994589,2.908660,2.747055,3.456502
479,8.000000,-0.096406,1.512758,-1.114162,-0.565490,0.670756,-0.705427,0.790589,1.413405,-1.024799,-0.818119,1.584838,-0.773000,3.076979,2.940056,2.879049,3.490475
480,8.020000,-0.043659,1.505479,-1.166099,-0.445481,0.769061,-0.619939,0.765651,1.368448,-1.029821,-0.806865,1.692802,-0.648912,3.093117,3.046161,2.844050,3.690557
481,8.040000,-0.054992,1.513298,-1.237963,-0.376217,0.765615,-0.638719,0.840744,1.337618,-0.907803,-0.837774,1.726081,-0.548906,2.995549,3.084940,2.664815,3.764309
482,8.060000,-0.126442,1.562100,-1.205015,-0.460563,0.700768,-0.621962,0.977940,1.426512,-0.881424,-0.783566,1.688374,-0.544676,3.092970,2.992454,2.801427,3.647392
483,8.080000,-0.090294,1.533385,-1.254145,-0.425008,0.710589,-0.597462,0.971987,1.399300,-0.948538,-0.759085,1.694813,-0.590323,3.053396,2.950911,2.780340,3.612254
484,8.100000,-0.063596,1.609395,-1.225422,-0.386356,0.765480,-0.462168,1.122584,1.476704,-0.722218,-0.851006,1.768651,-0.351704,3.033411,2.998423,2.780561,3.736724
485,8.120000,-0.071999,1.641489,-1.243884,-0.371212,0.754573,-0.425339,1.154173,1.516824,-0.740756,-0.902448,1.819299,-0.223581,3.091796,3.075453,2.861227,3.820472
486,8.140000,-0.069541,1.600430,-1.287837,-0.354447,0.739629,-0.417923,1.185504,1.529564,-0.767059,-0.800008,1.819460,-0.257646,3.118916,3.123346,2.922751,3.934700
487,8.160000,-0.049509,1.678716,-1.244150,-0.346378,0.753208,-0.370924,1.337286,1.567246,-0.564144,-0.919186,1.885572,-0.051171,3.110843,3.161610,2.929408,3.959432
488,8.180000,-0.021349,1.610811,-1.320361,-0.333292,0.744655,-0.353579,1.308342,1.526286,-0.697008,-0.866138,1.897697,-0.142509,3.088949,3.233601,2.874928,3.988370
489,8.200000,-0.022566,1.615479,-1.300546,-0.310047,0.706334,-0.381333,1.329133,1.524481,-0.705154,-0.846892,1.884770,-0.118889,3.031421,3.230930,2.878868,3.969796
490,8.220000,-0.010094,1.637694,-1.273726,-0.311201,0.696494,-0.355228,1.406519,1.502184,-0.667088,-0.840348,1.866598,-0.139463,2.969322,3.223929,2.858557,3.881153
491,8.240000,0.020084,1.538034,-1.327630,-0.323065,0.599829,-0.421939,1.315251,1.433887,-0.902037,-0.765851,1.750544,-0.438979,2.822113,3.177602,2.756075,3.684457
492,8.260000,0.034848,1.556748,-1.293046,-0.308589,0.585306,-0.312167,1.332156,1.490245,-0.889543,-0.744314,1.729373,-0.382639,2.816658,3.182395,2.852659,3.659867
493,8.280000,0.079766,1.593218,-1.248433,-0.337841,0.558064,-0.292775,1.421211,1.556869,-0.806738,-0.765253,1.783797,-0.332020,2.905346,3.189134,3.017273,3.686261
494,8.300000,0.073653,1.611257,-1.293488,-0.345155,0.493364,-0.373312,1.441531,1.676018,-0.895780,-0.767317,1.714199,-0.307220,3.061060,3.130512,3.337752,3.649783
495,8.320000,0.167282,1.641673,-1.284903,-0.350583,0.516467,-0.232439,1.514389,1.689836,-0.733730,-0.858860,1.763229,-0.226305,3.065826,3.178241,3.417591,3.757285
496,8.340000,0.273082,1.651531,-1.261782,-0.403510,0.533177,-0.273833,1.559196,1.735489,-0.591304,-0.957701,1.854928,-0.197142,3.065643,3.252796,3.408725,3.862185
497,8.360000,0.245089,1.583290,-1.353825,-0.398459,0.471726,-0.299470,1.508322,1.729750,-0.677758,-0.939303,1.752025,-0.413913,2.975292,3.274654,3.308766,3.831326
498,8.380000,0.308558,1.560805,-1.332774,-0.416025,0.489571,-0.224668,1.534453,1.711347,-0.606724,-0.981401,1.757851,-0.436791,2.847452,3.284276,3.166453,3.801272
499,8.400000,0.448027,1.595708,-1.246972,-0.472009,0.566092,-0.296499,1.449429,1.754863,-0.756719,-0.943671,1.931625,-0.447516,3.086605,3.444316,3.309928,4.009925
500,8.420000,0.357814,1.560066,-1.265226,-0.484125,0.497110,-0.421810,1.397928,1.764784,-0.837367,-0.903137,1.815612,-0.574735,3.173221,3.433145,3.361520,4.020734
501,8.440000,0.261379,1.569701,-1.267721,-0.552714,0.470369,-0.503243,1.498610,1.781449,-0.851972,-0.897251,1.749645,-0.700073,3.182628,3.322576,3.393788,3.799058
502,8.460000,0.270342,1.571964,-1.305791,-0.571389,0.464102,-0.414881,1.538338,1.747026,-0.850974,-0.910972,1.773901,-0.710708,3.051949,3.222353,3.314647,3.618607
503,8.480000,0.202183,1.562068,-1.357129,-0.557266,0.444532,-0.401876,1.445666,1.755550,-0.978688,-0.868931,1.750669,-0.825766,3.013466,3.144863,3.315983,3.499201
504,8.500000,0.346811,1.536536,-1.266558,-0.576719,0.508472,-0.322394,1.390611,1.703650,-0.968246,-0.962182,1.805745,-0.734462,2.901669,3.111600,3.229919,3.547318
505,8.520000,0.335967,1.533229,-1.258377,-0.640665,0.468815,-0.426740,1.351251,1.701832,-1.022003,-0.929014,1.778948,-0.867809,2.885555,3.038363,3.141516,3.495396
506,8.540000,0.291419,1.521750,-1.308607,-0.673676,0.425898,-0.385755,1.253302,1.704459,-1.229523,-0.795525,1.726395,-1.064028,2.924266,2.940916,3.151322,3.446651
507,8.560000,0.398093,1.533673,-1.251072,-0.621724,0.504017,-0.334064,1.154393,1.650266,-1.239810,-0.845522,1.775454,-0.991751,2.895853,2.980577,3.119214,3.584493
508,8.580000,0.366131,1.518732,-1.297471,-0.621570,0.458325,-0.411070,1.157105,1.635566,-1.274153,-0.827385,1.759762,-1.043207,2.874335,2.926400,3.032195,3.521908
509,8.600000,0.381031,1.557897,-1.239278,-0.629444,0.524600,-0.444272,1.109646,1.670021,-1.399869,-0.858899,1.831492,-0.933661,3.059081,2.929885,3.196379,3.589454
510,8.620000,0.391048,1.604820,-1.169992,-0.676477,0.544062,-0.509164,1.159130,1.726691,-1.362030,-0.937115,1.882691,-0.840348,3.226559,2.909346,3.333535,3.593196
511,8.640000,0.325231,1.651458,-1.144402,-0.742007,0.533139,-0.602780,1.277742,1.782623,-1.248946,-1.038004,1.849313,-0.805322,3.318497,2.831787,3.436002,3.462154
512,8.660000,0.183092,1.632903,-1.282195,-0.697289,0.486247,-0.686722,1.217553,1.790743,-1.314857,-0.999592,1.740028,-0.972157,3.284917,2.715139,3.493097,3.226291
513,8.680000,0.269412,1.662245,-1.214643,-0.664234,0.592310,-0.586235,1.233269,1.786898,-1.131146,-1.114392,1.834301,-0.879402,3.211963,2.744354,3.422372,3.328591
514,8.700000,0.215416,1.672783,-1.232256,-0.694060,0.600685,-0.682426,1.247866,1.801111,-1.015551,-1.149786,1.817115,-0.901327,3.172849,2.734067,3.310850,3.322671
515,8.720000,0.249515,1.675745,-1.211009,-0.614298,0.718574,-0.581359,1.187468,1.785416,-0.984039,-1.285910,1.878111,-0.719503,3.199062,2.796140,3.266111,3.502786
516,8.740000,0.260967,1.706876,-1.167703,-0.633473,0.731553,-0.646284,1.188794,1.802012,-0.929635,-1.345268,1.909673,-0.630557,3.283050,2.822671,3.245030,3.581716
517,8.760000,0.191405,1.666356,-1.125205,-0.667385,0.679513,-0.788953,1.144004,1.793161,-1.012765,-1.249398,1.840838,-0.756227,3.395989,2.731349,3.273342,3.490807
518,8.780000,0.152292,1.687882,-1.059929,-0.671440,0.700545,-0.842814,1.165324,1.802349,-0.937147,-1.267916,1.833358,-0.723510,3.484861,2.651841,3.365021,3.428147
519,8.800000,0.113675,1.634856,-1.157866,-0.654375,0.653929,-0.875482,1.096684,1.750350,-1.032536,-1.199954,1.745855,-0.898563,3.404964,2.546390,3.279682,3.248425
520,8.820000,0.103492,1.622927,-1.131815,-0.632220,0.676817,-0.909743,1.042393,1.722717,-1.052745,-1.202780,1.737730,-0.931378,3.343154,2.497840,3.256918,3.224043
521,8.840000,0.088463,1.615501,-1.148534,-0.563003,0.698388,-0.895079,0.944779,1.669525,-1.128802,-1.234431,1.719069,-0.890298,3.258334,2.507451,3.168960,3.204412
522,8.860000,0.083504,1.625161,-1.124380,-0.537117,0.734942,-0.910082,0.891246,1.657590,-1.158726,-1.255203,1.740318,-0.843644,3.282818,2.546122,3.149454,3.312902
523,8.880000,0.038168,1.626570,-1.144317,-0.576632,0.715075,-0.948903,0.831676,1.660379,-1.277066,-1.170037,1.721252,-0.956741,3.338243,2.527602,3.140746,3.321435
524,8.900000,0.067733,1.655796,-1.107783,-0.569542,0.793001,-0.945215,0.835473,1.660395,-1.240193,-1.234668,1.792421,-0.872219,3.399500,2.542683,3.152903,3.498101
525,8.920000,0.063058,1.659925,-1.166494,-0.566074,0.821428,-0.980699,0.820816,1.650769,-1.276880,-1.248343,1.818946,-0.875024,3.412250,2.479302,3.072922,3.545213
526,8.940000,0.009066,1.654434,-1.263297,-0.512810,0.838403,-1.030302,0.709773,1.629416,-1.485796,-1.208213,1.782387,-0.906429,3.383723,2.406790,3.044070,3.516391
527,8.960000,-0.048573,1.669518,-1.223009,-0.507731,0.871500,-1.126188,0.753311,1.641411,-1.422059,-1.177128,1.779092,-0.918071,3.341712,2.259327,3.049956,3.426367
528,8.980000,-0.062103,1.728887,-1.101258,-0.526906,0.887548,-1.201542,0.803559,1.664786,-1.397466,-1.202089,1.784130,-0.869295,3.379420,2.102474,3.137421,3.255943
529,9.000000,-0.026905,1.745069,-1.062610,-0.555297,0.903055,-1.222714,0.796144,1.710078,-1.418378,-1.236942,1.795056,-0.856999,3.458287,2.001797,3.224303,3.146742
530,9.020000,0.033612,1.733456,-1.036891,-0.618685,0.879623,-1.243448,0.831221,1.714496,-1.375578,-1.283777,1.776781,-1.007746,3.323324,1.877459,3.053764,3.033991
531,9.040000,0.000356,1.767043,-1.111152,-0.558626,0.995673,-1.402686,0.763595,1.674183,-1.495165,-1.256184,1.679082,-1.220542,3.091297,1.624276,2.922546,2.872650
532,9.060000,-0.081810,1.880699,-1.144519,-0.440328,1.246806,-1.539101,0.639094,1.611578,-1.520846,-1.192204,1.629891,-1.424919,2.800314,1.353962,2.860985,2.894925
533,9.080000,-0.082418,1.964756,-1.097846,-0.389422,1.382842,-1.600654,0.561459,1.576638,-1.579349,-1.115587,1.610727,-1.527984,2.664639,1.177266,2.863778,2.992113
534,9.100000,-0.095490,2.083293,-1.074381,-0.356798,1.553570,-1.616880,0.515423,1.571562,-1.635859,-1.135990,1.606623,-1.563663,2.671890,1.080689,3.050253,3.155067
535,9.120000,-0.188310,2.135217,-1.141509,-0.363333,1.648673,-1.644487,0.408682,1.598604,-1.756673,-0.900281,1.571992,-1.722321,2.722247,1.031331,3.364435,3.251235
536,9.140000,-0.061580,2.298617,-0.997643,-0.340476,1.821234,-1.585324,0.495321,1.612537,-1.640356,-1.131317,1.730928,-1.551824,2.907193,1.179834,3.618971,3.605233
537,9.160000,0.039127,2.337853,-1.044004,-0.436699,1.823147,-1.578025,0.593545,1.612211,-1.638460,-1.176417,1.854380,-1.598503,2.950022,1.313338,3.610211,3.789428
538,9.180000,0.095064,2.562005,-0.918774,-0.546915,1.996708,-1.436071,0.774229,1.702504,-1.395301,-1.397147,1.903790,-1.564904,2.960239,1.326528,3.757187,3.999916
539,9.200000,0.271542,2.653408,-0.813029,-0.622514,2.068117,-1.352899,0.949243,1.724859,-1.251143,-1.619629,2.163731,-1.365044,3.123256,1.593714,3.836257,4.464060
540,9.220000,0.351358,2.809706,-0.548823,-0.669198,2.174237,-1.235585,1.120750,1.779327,-1.181959,-1.849462,2.278915,-1.071125,3.223820,1.759667,4.129217,4.863629
541,9.240000,0.451928,2.810750,-0.229087,-0.890533,2.111156,-1.076576,1.292188,1.843297,-1.138752,-1.784902,2.320525,-1.163006,3.317724,1.948473,4.552383,5.145275
542,9.260000,0.612095,2.784373,0.091533,-1.002657,2.061747,-0.815443,1.481370,1.905161,-1.038729,-1.881084,2.405293,-0.980158,3.427984,2.127050,4.998056,5.349478
543,9.280000,0.719435,2.806976,0.400266,-0.981867,2.074065,-0.569007,1.732190,2.073766,-0.629956,-2.146287,2.628976,-0.511211,3.652098,2.337092,5.512337,5.648752
544,9.300000,0.735585,2.735205,0.475231,-0.833577,2.090820,-0.514850,1.906849,2.278150,-0.248849,-2.389773,2.719798,-0.103942,3.701950,2.362100,5.841722,5.646983
545,9.320000,0.678942,2.649851,0.467595,-0.543164,2.124105,-0.397831,2.004944,2.506647,0.112532,-2.563333,3.009785,0.348856,3.982481,2.640730,6.103644,5.887266
546,9.340000,0.586638,2.590638,0.369390,-0.191840,2.149241,-0.407298,2.070432,2.761209,0.722958,-2.736881,3.169452,0.645116,4.123950,2.830486,6.057823,5.948080
547,9.360000,0.456586,2.527556,0.282937,0.134661,2.150734,-0.394820,2.073958,3.062305,1.106972,-2.766901,3.445645,0.984004,4.397322,3.179259,5.978543,6.049951
548,9.380000,0.273136,2.331745,0.221381,0.487269,2.041240,-0.340417,2.006821,3.365051,1.373382,-2.763954,3.866511,1.372880,4.557253,3.643706,5.956125,6.176374
549,9.400000,-0.113851,1.861550,-0.075842,0.968962,1.609165,-0.518954,1.899781,3.870535,1.782239,-2.585549,4.406286,1.742852,4.684286,4.263216,6.064519,5.823005
550,9.420000,-0.716638,1.184917,-0.674130,1.624043,0.978500,-0.656335,1.689604,3.884482,1.450189,-2.150621,4.617306,1.513144,4.404445,5.251944,5.957177,4.956865
551,9.440000,-1.654315,0.391627,-1.519006,2.565585,-0.055784,-1.534720,1.034128,4.515037,1.856919,-1.351750,5.975363,1.923268,3.909005,6.566045,5.593247,3.254164
552,9.460000,-2.494430,0.166664,-2.173079,3.249917,-0.561054,-2.531271,0.412705,4.834913,1.707396,-0.756236,6.847076,1.889630,3.004734,7.864423,4.970656,1.340491
553,9.480000,-2.196183,0.069933,-2.410581,3.369766,-0.693454,-2.919611,0.067589,5.016644,1.287397,-0.717481,7.052853,2.258145,2.164144,8.795400,4.358573,0.102063
554,9.500000,-1.248107,-0.147151,-2.251420,2.994342,-0.713786,-2.603957,0.173488,5.348928,1.249542,-1.096380,6.439248,2.571393,1.980390,9.129337,3.621820,-0.687911
555,9.520000,-0.616516,-0.318113,-1.863246,2.539481,-0.549080,-2.025797,0.612377,5.245484,1.200229,-1.702372,5.472322,2.811425,2.431289,9.123982,3.085301,-0.710322
556,9.540000,-0.604287,-0.253308,-1.527761,2.406022,-0.132684,-1.722833,0.947059,5.269808,1.263792,-2.085455,4.834832,3.147640,3.129599,9.098075,3.016228,0.470802
557,9.560000,-1.072064,-0.037498,-1.608400,2.455775,0.230839,-1.682714,1.223907,5.429636,1.317289,-2.091719,4.564756,3.282026,3.912707,8.867218,3.407570,2.271148
558,9.580000,-1.466776,0.068573,-1.612178,2.311695,0.328972,-1.776223,1.557174,4.923589,1.123849,-2.079197,4.261775,2.987286,4.479090,7.976630,3.625324,3.589196
559,9.600000,-1.939239,0.366605,-1.563592,1.929788,0.576070,-1.757994,2.001240,4.660948,1.329247,-1.893317,3.602801,2.685895,5.152594,7.005721,4.649227,4.842448
560,9.620000,-2.171903,0.727547,-1.452185,1.474548,0.911858,-1.784526,2.375864,4.372207,1.619837,-1.810718,2.929069,2.621196,5.916363,6.330356,5.820576,6.495544
561,9.640000,-1.816604,1.241019,-1.001115,0.878186,1.042967,-1.610007,2.507992,3.600904,1.691251,-1.905200,2.044255,2.373755,6.052839,5.227679,6.217189,7.405978
562,9.660000,-0.682764,1.675394,-0.190166,-0.168757,0.802242,-1.092052,2.354159,2.634726,1.637175,-1.879918,1.065987,1.911522,5.583032,3.303704,6.287284,6.967396
563,9.680000,0.840874,1.561675,1.142036,-0.853893,0.535243,-0.564597,1.768187,1.547296,0.874572,-1.798472,0.587907,1.386585,4.861905,1.311312,5.755484,6.338548
564,9.700000,2.133847,0.691850,1.443873,-1.488993,0.053091,-0.194412,0.908997,1.411603,0.005987,-1.120983,0.555053,0.686245,4.063430,0.522092,5.392659,6.415277
565,9.720000,2.454990,-0.065025,1.244646,-1.471134,-0.455638,-0.076730,0.294581,1.547838,-0.192151,-0.909852,0.844681,0.781929,3.187212,1.329447,5.239064,7.178897
566,9.740000,2.980776,-0.796230,0.930164,-1.165900,-0.504698,-0.198120,-0.381579,1.551353,-0.290631,-1.296987,1.316372,1.231136,1.884206,3.031912,5.207964,7.849059
567,9.760000,3.403532,-1.293775,0.595039,-1.422646,-0.690528,0.027321,-0.418329,1.274972,-0.287879,-0.768286,0.728196,0.840878,1.660594,2.804572,5.784686,7.498940
568,9.780000,3.375885,-1.875775,-0.301865,-1.705902,-0.878384,-0.361868,-1.066980,1.209870,-0.863963,0.084930,0.057814,0.052082,1.685556,2.096765,6.311726,7.550830
569,9.800000,2.587420,-2.534558,-1.252689,-2.019402,-1.320172,-0.619250,-1.029099,1.490702,-0.949757,0.408560,0.044150,-0.249356,2.531446,1.825725,6.477884,8.162351
570,9.820000,1.650682,-2.464634,-1.637745,-2.039995,-1.347770,-0.616793,-0.570853,2.142945,-0.191148,0.266417,1.073411,-0.138817,3.436532,2.432677,6.339138,8.189968
571,9.840000,2.195257,-1.919882,-1.444318,-1.616771,-0.893412,-0.272636,-0.904233,2.361927,-0.177891,-0.047297,1.581029,0.106820,3.675617,3.466078,6.450898,7.632487
572,9.860000,2.416166,-1.524846,-1.058048,-1.577237,-0.680941,-0.651428,-1.149751,2.502373,-0.201100,-0.319318,1.526211,0.050055,3.216647,3.837455,6.133300,6.902524
573,9.880000,2.357860,-1.179141,-0.765259,-1.603178,-0.661679,-1.020222,-1.163594,2.480658,-0.302210,-0.409107,1.369620,-0.243517,2.435036,3.635587,5.480432,6.391511
574,9.900000,2.201676,-1.075203,-0.657441,-1.515146,-0.790536,-1.266642,-1.077695,2.347313,-0.421402,-0.378971,1.256029,-0.522021,1.605994,3.150625,4.779912,5.969714
575,9.920000,1.974047,-1.075866,-0.688998,-1.498760,-0.884215,-1.395832,-0.928769,2.213014,-0.498180,-0.271229,1.222420,-0.697329,1.043588,2.718376,4.352100,5.700262
576,9.940000,1.606074,-1.176741,-0.877904,-1.473729,-0.915445,-1.311640,-0.798895,2.126866,-0.572409,-0.108895,1.159528,-0.756175,0.521825,2.300635,4.039543,5.379103
577,9.960000,1.325740,-1.190043,-1.072210,-1.395298,-0.992971,-1.208567,-0.650766,2.046951,-0.597446,0.028690,1.182029,-0.746599,0.302109,2.032908,3.876536,5.151940
578,9.980000,1.074672,-1.102674,-1.194070,-1.305300,-1.090491,-1.235725,-0.527444,1.929134,-0.629296,0.163872,1.232649,-0.724660,0.379241,1.869857,3.774166,4.914422
579,10.000000,0.816327,-1.049604,-1.333180,-1.188726,-1.187454,-1.229423,-0.396517,1.819064,-0.650450,0.202422,1.218677,-0.637273,0.586132,1.680919,3.685494,4.585792
580,10.020000,0.588253,-0.885678,-1.433525,-1.031417,-1.249957,-1.320385,-0.273088,1.689122,-0.677401,0.177739,1.189823,-0.522520,0.862355,1.507538,3.621314,4.246217
581,10.040000,0.358147,-0.485445,-1.506191,-0.747088,-1.229862,-1.434078,-0.142611,1.490553,-0.692614,0.080566,1.161462,-0.370713,1.242476,1.492257,3.640957,3.879886
582,10.060000,0.130014,-0.363377,-1.566595,-0.474468,-1.189600,-1.543326,0.014536,1.347285,-0.667756,-0.112215,1.129918,-0.153897,1.574565,1.525960,3.691251,3.507046
583,10.080000,-0.051597,-0.176715,-1.612864,-0.190740,-1.054980,-1.632500,0.292991,1.179606,-0.573851,-0.371613,1.108538,0.056764,2.025036,1.647672,3.948041,3.321059
584,10.100000,0.219784,0.059391,-1.495638,0.123702,-0.597639,-1.627659,0.256737,1.054511,-0.356608,-0.651883,1.168313,0.266802,2.184699,2.038569,4.290605,3.564602
585,10.120000,1.080961,0.183578,-1.183310,0.588765,0.174367,-1.566106,-0.335921,0.946423,-0.046472,-1.070412,1.456388,0.640004,2.207397,2.862496,4.453808,4.503242
586,10.140000,0.797294,0.692215,-0.732647,0.107002,0.163010,-1.103741,0.366055,1.319564,0.200716,-1.113970,1.529770,1.094889,2.769636,3.283624,5.354276,4.715575
587,10.160000,0.446292,1.124251,-0.621921,-0.068969,0.422428,-0.830812,0.762559,1.543423,0.370867,-0.972118,1.579768,1.424569,3.760828,3.500522,5.897603,4.809557
588,10.180000,0.230117,1.319717,-0.963892,0.105435,0.626340,-0.769885,1.073769,1.676992,0.635360,-1.077868,1.629817,1.639805,4.163101,3.553808,6.095950,4.870454
589,10.200000,0.195435,1.251194,-1.178390,0.231657,0.590503,-0.592784,1.145271,1.633729,0.493215,-0.986373,1.611235,1.409945,3.988847,3.298385,5.790427,4.634434
590,10.220000,0.123265,1.351198,-1.122132,0.251191,0.623132,-0.554854,1.148693,1.712172,0.578400,-0.964126,1.599871,1.458815,3.779293,3.072063,5.635400,4.439693
591,10.240000,0.113619,1.240595,-1.207451,0.275759,0.493546,-0.702817,1.159704,1.667462,0.415123,-0.955660,1.457767,0.982485,3.400941,2.843947,5.181166,4.138672
592,10.260000,0.215747,1.125528,-1.159478,0.311066,0.369341,-0.612807,1.143266,1.593900,0.389376,-1.003750,1.464909,0.756728,3.021369,2.716470,4.673278,4.031940
593,10.280000,0.244418,1.092999,-1.052278,0.273163,0.279038,-0.744972,1.044474,1.596362,0.376463,-1.062812,1.490914,0.635321,2.881971,2.793639,4.444309,3.984583
594,10.300000,0.270180,1.095957,-0.979888,0.208850,0.235370,-0.775000,1.189863,1.641135,0.457145,-1.148660,1.515860,0.494623,3.016372,2.847154,4.439543,4.009314
595,10.320000,0.170377,1.009419,-0.982676,0.137309,0.071319,-0.908485,1.235957,1.662274,0.467415,-1.191374,1.371923,0.166608,3.089656,2.923911,4.310480,3.861093
596,10.340000,0.269308,0.914937,-0.984800,0.153956,0.070802,-0.845205,1.213891,1.478368,0.227951,-1.259644,1.279598,0.093206,3.018178,2.948183,4.093337,3.620239
597,10.360000,0.297546,0.854727,-0.890160,0.077761,-0.039472,-0.856961,1.142498,1.379235,-0.053511,-1.232461,1.170091,-0.090202,2.896304,2.942538,3.959059,3.219631
598,10.380000,0.274557,0.878315,-0.806260,0.055958,-0.065723,-0.762600,0.995320,1.339261,-0.272171,-1.138769,1.102237,-0.212781,2.813745,3.015126,3.931986,3.008840
599,10.400000,0.399467,0.798317,-0.774832,0.029663,-0.054518,-0.702869,0.956012,1.217009,-0.450551,-1.204336,1.050075,-0.318698,2.683851,2.983330,3.808666,2.927606
600,10.420000,0.232477,0.850828,-0.710425,-0.083081,-0.104076,-0.682543,0.998699,1.320917,-0.321299,-1.156590,1.020674,-0.366722,2.746304,2.972390,3.923309,2.857950
601,10.440000,0.253090,0.716449,-0.774679,-0.059593,-0.088936,-0.608929,0.885269,1.276586,-0.426196,-1.266122,0.997972,-0.435780,2.741641,2.956808,3.904999,2.863944
602,10.460000,0.369396,0.699434,-0.806126,-0.055139,0.004770,-0.506883,0.814839,1.267658,-0.456410,-1.351297,1.054287,-0.395868,2.747565,3.007535,3.814945,3.043395
603,10.480000,0.311860,0.764140,-0.711495,-0.155395,0.027761,-0.443263,0.792477,1.346763,-0.446434,-1.326621,1.133158,-0.391724,2.922058,3.091674,3.899338,3.207829
604,10.500000,0.155802,0.808527,-0.766109,-0.212945,0.042144,-0.482847,0.859272,1.435200,-0.372841,-1.332753,1.178113,-0.421058,3.087338,3.119617,3.970455,3.392968
605,10.520000,0.089218,0.897915,-0.864484,-0.200248,0.155251,-0.421516,0.853048,1.524510,-0.379365,-1.315536,1.319919,-0.356024,3.300489,3.234182,4.040166,3.734117
606,10.540000,0.034125,0.914998,-0.913660,-0.179709,0.120235,-0.403488,0.948559,1.491082,-0.156172,-1.483925,1.337228,-0.180505,3.176108,3.218609,3.919648,3.733612
607,10.560000,-0.032157,0.848537,-0.957772,-0.237860,0.067016,-0.453293,0.984443,1.458387,-0.229760,-1.417809,1.255350,-0.329031,3.059839,3.047470,3.676685,3.438671
608,10.580000,-0.065501,0.943301,-0.807689,-0.295463,0.170281,-0.352435,0.978815,1.513180,-0.204765,-1.391408,1.292058,-0.264327,3.045723,2.985793,3.758766,3.389158
609,10.600000,-0.053620,0.915458,-0.730851,-0.290108,0.160312,-0.383584,0.903029,1.527191,-0.235719,-1.517209,1.303944,-0.208117,3.008039,2.998415,3.743088,3.385406
610,10.620000,-0.094204,0.926675,-0.664816,-0.347397,0.160162,-0.420504,0.952570,1.582068,-0.106616,-1.532106,1.298026,-0.168355,3.098691,2.924417,3.836602,3.355682
611,10.640000,-0.035188,0.828198,-0.747168,-0.335915,0.145317,-0.380028,0.822918,1.425379,-0.334908,-1.499960,1.273686,-0.429506,3.052617,2.864815,3.623921,3.286970
612,10.660000,0.014175,0.801510,-0.736562,-0.336537,0.159954,-0.339534,0.759813,1.359718,-0.463063,-1.554984,1.250978,-0.416208,2.965097,2.817672,3.515957,3.240542
613,10.680000,-0.048309,0.778479,-0.788179,-0.370348,0.084524,-0.410637,0.718997,1.326206,-0.629420,-1.486449,1.220492,-0.555381,2.955805,2.759821,3.419463,3.104919
614,10.700000,-0.139397,0.809995,-0.796795,-0.392323,0.038471,-0.441742,0.728609,1.345723,-0.659002,-1.365969,1.200465,-0.694697,3.009290,2.723709,3.420798,3.091850
615,10.720000,-0.176813,0.826006,-0.760370,-0.389093,0.077970,-0.403309,0.728335,1.387138,-0.582495,-1.487649,1.222815,-0.527359,2.995910,2.761826,3.505301,3.115363
616,10.740000,-0.035417,0.797410,-0.813626,-0.342571,0.160733,-0.294482,0.653316,1.244659,-0.762118,-1.511906,1.244298,-0.557815,2.922212,2.778535,3.311346,3.153867
617,10.760000,-0.061611,0.916377,-0.686271,-0.409980,0.195939,-0.323252,0.652544,1.347087,-0.699520,-1.515673,1.308516,-0.434454,2.978121,2.864733,3.386232,3.315705
618,10.780000,-0.157803,0.908177,-0.772313,-0.441539,0.188908,-0.355954,0.726511,1.380621,-0.621427,-1.500827,1.310288,-0.534814,3.114753,2.839255,3.444407,3.335188
619,10.800000,-0.167457,0.952600,-0.856437,-0.397837,0.326063,-0.354809,0.722465,1.389518,-0.651807,-1.371327,1.440161,-0.611180,3.331887,2.930858,3.431581,3.645482
620,10.820000,-0.161696,1.011070,-0.818200,-0.400815,0.366990,-0.300271,0.803933,1.422919,-0.343461,-1.574485,1.500511,-0.408285,3.290113,2.980287,3.368311,3.797495
621,10.840000,-0.167245,1.006016,-0.877577,-0.372848,0.427710,-0.315080,0.823685,1.408628,-0.379573,-1.528218,1.567691,-0.425593,3.290261,3.033697,3.166633,3.854651
622,10.860000,-0.160512,0.991899,-0.860477,-0.356548,0.424909,-0.316334,0.843260,1.364992,-0.366262,-1.561934,1.576934,-0.374083,3.168886,3.004172,2.987041,3.814032
623,10.880000,-0.205466,0.995681,-0.853790,-0.387391,0.402754,-0.396657,0.857031,1.343613,-0.607846,-1.451898,1.520072,-0.513730,3.150130,2.907617,2.960536,3.600904
624,10.900000,-0.240722,1.079129,-0.751435,-0.468836,0.397741,-0.411488,0.908798,1.407365,-0.625171,-1.363285,1.524365,-0.529236,3.207026,2.871668,3.159270,3.529980
625,10.920000,-0.228632,1.116381,-0.737004,-0.447404,0.456302,-0.391124,0.877530,1.422561,-0.709280,-1.345431,1.616470,-0.477615,3.272592,2.939863,3.309884,3.647224
626,10.940000,-0.197146,1.127728,-0.801502,-0.424791,0.473945,-0.400380,0.903587,1.426728,-0.719141,-1.406206,1.673153,-0.418011,3.263398,2.996131,3.362665,3.807616
627,10.960000,-0.131243,1.226867,-0.802292,-0.456096,0.581573,-0.324702,0.942842,1.451806,-0.725201,-1.402739,1.809432,-0.318886,3.367225,3.083430,3.432839,4.053430
628,10.980000,-0.127870,1.198915,-0.881891,-0.479641,0.578731,-0.386511,0.997990,1.461477,-0.627803,-1.465920,1.851341,-0.332383,3.327702,3.078074,3.346681,4.116809
629,11.000000,-0.138843,1.205853,-0.893826,-0.502563,0.605325,-0.397073,1.051012,1.502995,-0.564663,-1.434626,1.893365,-0.314917,3.283263,3.040501,3.276859,4.118234
630,11.020000,-0.190711,1.167583,-0.958646,-0.494245,0.527750,-0.458262,1.042389,1.478971,-0.627652,-1.475832,1.781392,-0.463427,3.072860,2.975657,3.077543,3.880104
631,11.040000,-0.154965,1.169109,-0.867903,-0.500980,0.591892,-0.470892,1.034095,1.446673,-0.730258,-1.410505,1.835468,-0.419376,3.036904,2.959985,3.007283,3.777191
632,11.060000,-0.145794,1.153408,-0.781684,-0.570454,0.505318,-0.539139,1.024955,1.405553,-0.797812,-1.435293,1.721180,-0.627200,2.903858,2.870545,2.922325,3.466679
633,11.080000,-0.118005,1.086730,-0.779957,-0.569012,0.491452,-0.475743,0.912073,1.323428,-1.051556,-1.414256,1.648407,-0.722248,2.787941,2.843468,2.810631,3.283403
634,11.100000,-0.096772,1.123450,-0.698782,-0.622841,0.486175,-0.440875,0.952212,1.325192,-1.026182,-1.409721,1.646793,-0.795428,2.747196,2.809944,2.826296,3.154984
635,11.120000,-0.055106,1.114167,-0.659925,-0.668589,0.520956,-0.396774,0.914646,1.283344,-1.086668,-1.415677,1.634141,-0.859046,2.747304,2.807922,2.819791,3.132592
636,11.140000,-0.023379,1.149202,-0.614260,-0.689729,0.585132,-0.356747,0.926284,1.305021,-1.065702,-1.442047,1.685045,-0.797471,2.877351,2.830444,2.938909,3.273139
637,11.160000,-0.050441,1.203419,-0.622881,-0.673683,0.578014,-0.473690,0.885439,1.363531,-1.166853,-1.433492,1.739094,-0.721053,3.089849,2.854778,3.175745,3.435019
638,11.180000,-0.047140,1.214641,-0.804076,-0.607006,0.553684,-0.627392,0.843422,1.407601,-1.279367,-1.424599,1.786411,-0.681482,3.301115,2.783244,3.391698,3.599671
639,11.200000,-0.119363,1.336509,-0.787032,-0.670361,0.500041,-0.767943,0.937085,1.601666,-1.047031,-1.399483,1.788887,-0.488481,3.543344,2.668432,3.782551,3.596171
640,11.220000,-0.141173,1.358366,-0.818055,-0.698545,0.537256,-0.866714,0.964727,1.722015,-0.932177,-1.393087,1.876494,-0.393284,3.766889,2.605356,4.093894,3.597575
641,11.240000,-0.157221,1.316862,-0.978282,-0.648939,0.469680,-0.977392,0.964359,1.778491,-0.875285,-1.521468,1.774862,-0.495360,3.678494,2.493292,4.050389,3.451535
642,11.260000,-0.093248,1.326733,-0.960139,-0.631890,0.537498,-0.886401,0.965744,1.796323,-0.690574,-1.572364,1.824897,-0.516394,3.510645,2.472539,3.814008,3.463747
643,11.280000,-0.017779,1.356237,-0.896794,-0.682147,0.564970,-0.881656,1.001523,1.805958,-0.495473,-1.670097,1.850235,-0.578471,3.379364,2.417654,3.513670,3.471068
644,11.300000,0.017981,1.358424,-0.865110,-0.670861,0.583186,-0.870701,0.943982,1.755371,-0.542892,-1.773453,1.799124,-0.561815,3.289443,2.408969,3.285442,3.459345
645,11.320000,0.015191,1.320053,-0.750802,-0.734432,0.530618,-0.948005,0.924237,1.751832,-0.504600,-1.690810,1.726400,-0.727821,3.321439,2.313272,3.106959,3.338932
646,11.340000,0.022396,1.354516,-0.643206,-0.755298,0.572766,-0.979069,0.843682,1.700011,-0.712389,-1.601589,1.697884,-0.801862,3.456865,2.282320,3.082399,3.254938
647,11.360000,0.044906,1.363468,-0.637168,-0.838924,0.502878,-0.953103,0.834301,1.653965,-0.867344,-1.554206,1.608818,-0.957174,3.452847,2.221704,3.091715,3.090539
648,11.380000,0.049013,1.418195,-0.630086,-0.817514,0.565625,-0.982633,0.733044,1.605610,-1.119884,-1.514272,1.617801,-0.981227,3.500325,2.245452,3.183326,3.057482
649,11.400000,0.134113,1.330421,-0.863980,-0.725410,0.544915,-0.930979,0.613656,1.412721,-1.409289,-1.558154,1.591086,-1.137197,3.189557,2.226219,2.909950,3.022956
650,11.420000,0.113622,1.427911,-0.768637,-0.780412,0.575656,-0.903490,0.656047,1.443511,-1.356883,-1.565805,1.581433,-0.983724,3.066238,2.221957,2.877687,3.008347
651,11.440000,0.045260,1.328235,-0.987583,-0.742152,0.516757,-0.967488,0.553918,1.379877,-1.587272,-1.455040,1.541927,-1.210982,2.919971,2.148123,2.769338,2.906395
652,11.460000,0.113017,1.430858,-0.841894,-0.779737,0.646238,-0.791599,0.669827,1.476337,-1.407441,-1.531304,1.631599,-0.937046,2.966190,2.235522,2.858140,3.193215
653,11.480000,0.055151,1.346216,-0.980844,-0.704644,0.663570,-0.952970,0.557161,1.483585,-1.586896,-1.342750,1.693996,-1.156949,3.099661,2.323298,2.873405,3.438017
654,11.500000,-0.056300,1.484552,-0.928810,-0.715561,0.698125,-0.984541,0.646394,1.617303,-1.467291,-1.248940,1.686969,-1.026945,3.378243,2.307318,3.164326,3.609603
655,11.520000,-0.080353,1.575578,-0.921940,-0.651443,0.792932,-1.028601,0.744440,1.688844,-1.308686,-1.323478,1.818860,-0.837493,3.567743,2.370775,3.378708,3.806633
656,11.540000,-0.145661,1.629409,-0.985215,-0.622051,0.810470,-1.194748,0.820022,1.801621,-1.245358,-1.286984,1.855397,-0.798690,3.687791,2.327706,3.562309,3.830703
657,11.560000,-0.147190,1.693395,-1.026330,-0.553619,0.876468,-1.230413,0.913491,1.867092,-1.050685,-1.430303,1.931615,-0.545991,3.663896,2.232340,3.615531,3.793710
658,11.580000,-0.196475,1.729086,-1.092153,-0.546558,0.888394,-1.360407,0.984592,1.949186,-0.932451,-1.460989,1.951396,-0.627860,3.643397,2.131223,3.563684,3.669313
659,11.600000,-0.211825,1.758628,-1.129192,-0.537831,0.893868,-1.360619,1.008967,1.953884,-0.851443,-1.491293,1.880874,-0.701572,3.473392,1.948775,3.395878,3.481601
660,11.620000,-0.175330,1.764616,-1.102261,-0.532617,0.943025,-1.355561,0.977207,1.968060,-0.834154,-1.468888,1.887385,-0.833381,3.382158,1.888978,3.189443,3.445257
661,11.640000,-0.194848,1.738016,-1.235258,-0.450853,1.035497,-1.365554,0.816214,1.877102,-1.079182,-1.292317,1.824876,-1.198195,3.069140,1.790683,2.795192,3.395566
662,11.660000,-0.261922,1.859374,-1.285314,-0.295601,1.326705,-1.438215,0.721180,1.700549,-1.272279,-1.267525,1.810656,-1.334156,2.631058,1.575972,2.506415,3.460879
663,11.680000,-0.292357,1.951758,-1.253989,-0.317130,1.388154,-1.489356,0.646495,1.660539,-1.475284,-1.032012,1.760046,-1.531099,2.362530,1.359404,2.494968,3.404697
664,11.700000,-0.293206,1.992167,-1.279068,-0.305327,1.523504,-1.475858,0.548750,1.618583,-1.621158,-0.823501,1.736518,-1.710824,2.259883,1.284418,2.597771,3.545801
665,11.720000,-0.340427,2.109978,-1.322947,-0.255049,1.691254,-1.442990,0.555520,1.615365,-1.707004,-0.768351,1.732449,-1.725358,2.173027,1.260873,2.827849,3.682770
666,11.740000,-0.292429,2.190394,-1.354141,-0.280797,1.755428,-1.370339,0.586275,1.646122,-1.763234,-0.741601,1.817653,-1.726241,2.188419,1.439537,3.057733,3.922585
667,11.760000,-0.226665,2.348701,-1.365218,-0.298608,1.917832,-1.275102,0.741175,1.696284,-1.639801,-0.828123,1.942629,-1.594749,2.258048,1.545012,3.260809,4.175941
668,11.780000,-0.211323,2.483289,-1.393388,-0.345450,2.035379,-1.208012,0.872047,1.754454,-1.577309,-0.879036,2.009476,-1.557140,2.332487,1.627604,3.476681,4.322309
669,11.800000,-0.091268,2.605031,-1.319886,-0.394569,2.108964,-1.065539,1.024587,1.832907,-1.514194,-0.976008,2.167200,-1.292474,2.498413,1.801094,3.743588,4.633018
670,11.820000,0.060216,2.701819,-1.204439,-0.455105,2.084889,-1.077822,1.162465,1.910691,-1.505795,-1.084056,2.340232,-0.962110,2.743239,2.021747,4.067430,4.868639
671,11.840000,0.255728,2.836396,-0.968958,-0.582137,2.096249,-0.886030,1.368694,1.976647,-1.380842,-1.227525,2.328964,-1.001801,2.826234,2.103977,4.367784,4.983415
672,11.860000,0.522895,2.928825,-0.646388,-0.692811,2.056219,-0.582172,1.579823,2.053397,-1.211133,-1.363913,2.417662,-0.841559,2.936177,2.287771,4.702511,5.246615
673,11.880000,0.802905,2.925685,-0.338893,-0.698462,1.977881,-0.242969,1.738059,2.155346,-1.108310,-1.503414,2.520004,-0.635508,3.120485,2.543675,5.023938,5.586581
674,11.900000,1.015453,2.942916,-0.093455,-0.554969,1.950835,0.069751,1.924325,2.289351,-0.841542,-1.701199,2.660738,-0.255763,3.295351,2.776043,5.338272,5.975953
675,11.920000,1.064899,2.933023,0.017859,-0.318848,1.942212,0.177412,2.091000,2.442048,-0.577407,-1.851129,2.820644,0.149589,3.445118,2.995262,5.552902,6.242123
676,11.940000,1.016170,2.903552,0.063490,-0.105663,1.918765,0.237724,2.296337,2.627137,-0.126064,-1.941578,3.048893,0.552723,3.589693,3.163767,5.755804,6.400045
677,11.960000,0.817879,2.781662,-0.025040,0.093402,1.912725,0.023135,2.415735,2.887825,0.302822,-1.953350,3.325927,0.854132,3.908118,3.427407,5.815138,6.468904
678,11.980000,0.602281,2.650092,-0.151696,0.327589,1.897098,-0.037657,2.498672,3.124154,0.605154,-1.929775,3.698479,1.139597,4.115039,3.791691,5.708579,6.601578
679,12.000000,0.374511,2.246500,-0.088592,0.462704,1.637926,0.071902,2.445845,3.050094,0.442721,-1.876246,3.621303,0.814627,3.906734,4.201567,5.514143,6.302820
680,12.020000,-0.072456,1.833167,-0.392288,0.773850,1.291148,-0.052119,2.389955,3.180012,0.662260,-1.630555,4.159755,1.227982,4.024999,4.951172,5.410503,6.022108
681,12.040000,-1.107267,1.102871,-1.016078,1.512057,0.587812,-0.648952,2.008433,3.550210,0.880651,-1.234289,5.016312,1.501877,4.074930,5.871714,5.485907,5.045192
682,12.060000,-2.205478,0.409863,-1.614330,2.413897,-0.286745,-1.684518,1.250750,4.047296,1.173358,-0.743424,5.990213,1.710874,3.716630,7.131075,5.615386,3.287235
683,12.080000,-2.723646,0.270562,-2.252913,3.126742,-0.650717,-2.644333,0.526814,4.667724,1.047860,-0.456080,6.698941,2.018598,2.991261,8.463341,5.818588,1.462001
684,12.100000,-2.041744,0.215237,-2.583627,3.216483,-0.746216,-2.908592,0.039210,5.272382,0.965170,-0.488729,6.805550,2.535975,2.311829,9.086183,5.622898,0.029208
685,12.120000,-0.955412,-0.090829,-2.371385,2.692078,-0.779281,-2.585824,0.138356,5.368056,0.874142,-0.883796,6.208871,2.871526,2.268291,9.231771,4.959505,-0.860687
686,12.140000,-0.458265,-0.266417,-1.941235,2.328912,-0.456234,-1.911587,0.529487,5.600537,1.150301,-1.403055,5.142906,3.149413,2.742510,9.345027,4.185198,-0.494680
687,12.160000,-0.586723,-0.249536,-1.671906,2.314303,0.054809,-1.648831,0.730769,5.688296,1.303624,-1.804041,4.665934,3.497064,3.411036,9.381643,3.806410,0.977212
688,12.180000,-0.917372,-0.088946,-1.593574,2.296335,0.387023,-1.642191,0.980916,5.498709,1.195419,-1.962399,4.342109,3.453565,4.031229,8.942517,3.725513,2.660507
689,12.200000,-1.374826,0.205282,-1.597592,1.954571,0.496981,-1.721053,1.507509,4.994677,1.148351,-1.894720,4.001968,2.948271,4.687501,7.962089,4.013194,4.104515
690,12.220000,-1.859108,0.563880,-1.563934,1.427196,0.635549,-1.652691,2.132796,4.394050,1.093017,-1.699411,3.170361,2.121558,5.432338,6.532503,4.715248,5.505822
691,12.240000,-1.955410,1.012326,-1.273094,0.775840,0.843538,-1.535255,2.489748,3.835028,1.040328,-1.577010,2.291576,1.757376,5.903467,5.263230,5.490973,6.762529
692,12.260000,-1.223352,1.470250,-0.700361,0.031137,0.928536,-1.208289,2.394618,3.354806,1.215016,-1.849393,1.655790,2.076169,5.697985,4.451104,6.121780,7.491542
693,12.280000,-0.311459,1.588725,-0.151872,-0.979906,0.553966,-0.412002,2.085576,2.571956,1.059525,-1.669879,0.647327,1.476895,4.707241,2.755552,5.857680,6.707496
694,12.300000,1.135013,1.118561,0.658709,-1.586219,0.328602,0.160847,1.307746,1.775194,-0.010308,-1.257583,0.659872,0.651718,4.012741,1.459170,5.195165,6.566791
695,12.320000,2.497607,0.278882,1.085321,-1.101240,-0.185498,-0.112566,0.243262,1.018937,-0.902074,-1.277851,0.832725,0.498323,1.938611,1.460488,4.472598,6.553064
696,12.340000,3.452109,-0.633027,1.228105,-0.993508,-0.419807,-0.637783,-0.720193,0.796755,-1.219410,-1.366814,1.278774,0.896570,0.364525,3.015838,4.502484,7.474161
697,12.360000,4.060035,-1.050097,1.624807,-1.318845,-0.168624,-0.620197,-0.903033,0.363806,-1.252913,-0.904772,0.815950,0.742784,-0.004345,3.229916,5.643323,7.827028
698,12.380000,3.931810,-1.380594,0.894824,-1.687672,-0.003929,-0.538004,-1.401376,0.280976,-1.490065,-0.150440,0.076552,0.239832,0.088693,2.945753,6.535050,8.276321
699,12.400000,2.585863,-2.308913,-0.059411,-2.135239,-0.608628,-0.798582,-1.143126,0.680966,-2.164898,0.793548,0.207776,-0.127767,2.138640,2.955573,7.011523,9.598927
700,12.420000,0.933052,-2.174444,-0.748054,-2.348914,-0.940091,-0.978778,-0.364843,1.334373,-1.837552,1.247623,0.507094,-0.328109,4.250792,2.964548,7.379837,9.801235
701,12.440000,1.204488,-1.872896,-1.356345,-1.858463,-0.237992,0.185965,-0.532954,1.809173,-0.866089,0.694840,1.515529,-0.328067,4.195924,4.245604,6.842049,8.879697
702,12.460000,1.457014,-1.203873,-0.891503,-1.568622,0.101195,0.602193,-0.768611,2.094980,-0.620157,0.241522,1.888080,-0.228933,3.311529,4.638566,6.262958,7.528431
703,12.480000,1.315334,-0.608149,-0.588556,-1.529493,0.167469,0.494082,-0.666224,2.097183,-0.501640,-0.016051,1.575138,-0.608642,2.360054,4.146674,5.747692,6.359051
704,12.500000,1.156399,-0.513694,-0.633335,-1.477904,0.056638,0.444813,-0.421994,2.021706,-0.585373,-0.081240,1.424459,-1.128712,1.103216,3.421264,4.937650,5.632748
705,12.520000,1.003850,-0.630904,-0.834237,-1.263525,-0.194974,0.415692,-0.234188,1.896881,-0.691737,-0.076258,1.345599,-1.364717,0.046289,2.610712,4.233594,5.053943
706,12.540000,0.900499,-0.823349,-0.934549,-1.003670,-0.381804,0.251103,-0.209826,1.835542,-0.716470,0.000719,1.392966,-1.392361,-0.533638,2.140123,3.846975,4.734568
707,12.560000,0.844550,-0.858261,-1.017869,-0.691117,-0.484948,0.071355,-0.226165,1.759727,-0.729453,0.168342,1.475675,-1.329290,-0.595069,2.017327,3.666529,4.609890
708,12.580000,0.743441,-1.053558,-1.112618,-0.463739,-0.636354,-0.277796,-0.222965,1.750374,-0.736503,0.331018,1.513684,-1.176698,-0.478469,1.830971,3.517188,4.430037
709,12.600000,0.601432,-0.833687,-1.192043,-0.129348,-0.670261,-0.667306,-0.130781,1.674831,-0.715286,0.390379,1.571834,-1.000614,-0.063525,1.785190,3.507573,4.328074
710,12.620000,0.379285,-0.822139,-1.253689,0.132258,-0.800703,-1.100827,0.024120,1.624124,-0.707054,0.327615,1.572564,-0.736975,0.474174,1.566443,3.514506,4.029305
711,12.640000,0.039362,-0.592011,-1.335765,0.469432,-0.873554,-1.380530,0.259988,1.563572,-0.593510,0.201849,1.486001,-0.466504,0.916070,1.341453,3.444075,3.575177
712,12.660000,-0.150260,-0.629361,-1.359301,0.667700,-1.019846,-1.508390,0.550325,1.528882,-0.462926,-0.041983,1.370418,-0.197248,1.311826,0.991270,3.372754,2.843303
713,12.680000,-0.277038,-0.502472,-1.359717,0.697747,-1.062163,-1.600933,0.850285,1.480915,-0.302934,-0.236322,1.351704,-0.064164,1.869874,0.811512,3.563049,2.387685
714,12.700000,-0.586952,0.051644,-1.100184,-0.016908,-1.159961,-1.254146,1.547293,1.821530,0.024995,-0.326921,1.061562,0.445744,2.281132,1.089860,4.477766,2.013474
715,12.720000,-0.252226,0.650790,-0.693662,-0.097183,-0.200530,-0.340250,1.251552,1.857718,0.026358,-0.411985,1.497366,0.750322,2.733655,2.333961,5.152762,3.040431
716,12.740000,-0.117958,0.878212,-0.714442,0.288077,0.304968,0.021456,1.138356,1.764749,0.077280,-0.841056,1.813463,1.010432,3.120756,3.504287,5.503468,4.224395
717,12.760000,-0.271135,0.916419,-0.960243,0.529734,0.620042,0.046990,1.125530,1.758909,0.167953,-1.033835,1.954124,1.362048,3.703368,4.055973,5.521607,5.048617
718,12.780000,-0.485967,1.016118,-1.099334,0.616284,0.739832,-0.176889,1.211547,1.908376,0.524037,-1.063034,1.991486,1.330709,3.928121,4.114843,5.527227,5.410335
719,12.800000,-0.545697,1.008601,-1.077309,0.593184,0.726322,-0.335757,1.256206,2.004217,0.850416,-1.177652,1.968606,1.299868,3.785194,3.934808,5.293397,5.351875
720,12.820000,-0.557622,1.049257,-1.028290,0.629055,0.835590,-0.380486,1.314335,2.143831,1.112156,-1.257452,2.183669,1.601745,3.799818,3.802130,5.133368,5.361928
721,12.840000,-0.432883,0.963260,-0.997075,0.640462,0.669069,-0.517194,1.254610,1.899427,0.789600,-1.389511,2.079052,1.169846,3.467573,3.377877,4.516998,4.794909
722,12.860000,-0.334062,1.019714,-0.825479,0.524067,0.692656,-0.481954,1.261007,1.758005,0.579665,-1.377398,1.998940,0.962683,3.276622,3.097299,4.193293,4.392094
723,12.880000,-0.317291,0.988240,-0.713759,0.361380,0.489718,-0.582842,1.211250,1.640401,0.269970,-1.342610,1.770934,0.409380,2.948867,2.860528,3.990774,3.847997
724,12.900000,-0.219686,0.792172,-0.686371,0.295904,0.396294,-0.507245,1.118793,1.476339,0.101350,-1.370844,1.631504,0.121172,2.670365,2.749949,3.747690,3.547762
725,12.920000,-0.334750,0.773215,-0.512506,0.089311,0.243771,-0.659361,1.094144,1.545225,0.094185,-1.290528,1.462253,-0.178618,2.629797,2.796680,3.954829,3.354404
726,12.940000,-0.355313,0.696831,-0.448196,-0.024054,0.188304,-0.667485,1.052648,1.524117,0.049638,-1.367743,1.380312,-0.301115,2.682284,2.852134,4.146096,3.265215
727,12.960000,-0.321113,0.622622,-0.519518,-0.024044,0.166682,-0.711849,0.924908,1.401279,-0.147852,-1.396092,1.361493,-0.442655,2.810852,2.908422,4.115813,3.253426
728,12.980000,-0.370896,0.668901,-0.419203,-0.168024,0.120630,-0.791606,0.854758,1.399351,-0.336006,-1.321319,1.340704,-0.535187,3.013154,2.900131,4.234700,3.200713
729,13.000000,-0.411771,0.754393,-0.288801,-0.274210,0.165241,-0.752859,0.823235,1.439130,-0.250807,-1.421820,1.368503,-0.409459,3.152097,2.938594,4.368192,3.275927
730,13.020000,-0.373889,0.694516,-0.406723,-0.221555,0.177081,-0.787635,0.671245,1.379767,-0.432606,-1.562089,1.398450,-0.348565,3.227472,2.925693,4.314586,3.297517
731,13.040000,-0.405302,0.740184,-0.337916,-0.271796,0.152025,-0.818354,0.709206,1.478377,-0.144933,-1.777433,1.376864,-0.149730,3.224678,2.748860,4.407712,3.230018
732,13.060000,-0.408100,0.701853,-0.358028,-0.332088,0.144722,-0.835935,0.616063,1.471381,-0.180139,-1.772456,1.366213,-0.252193,3.306265,2.599407,4.409691,3.121540
733,13.080000,-0.371849,0.664614,-0.395229,-0.282969,0.171800,-0.781465,0.514661,1.471874,-0.143243,-2.017443,1.338186,-0.138623,3.214026,2.510431,4.323469,3.129482
734,13.100000,-0.375359,0.694203,-0.423889,-0.290886,0.179979,-0.723742,0.486782,1.502579,-0.020835,-2.069443,1.316311,-0.203231,3.188812,2.545074,4.154644,3.221124
735,13.120000,-0.312098,0.588295,-0.450353,-0.280665,0.142835,-0.727447,0.385414,1.370777,-0.157153,-2.195467,1.269084,-0.305199,3.122829,2.481883,3.834545,3.168123
736,13.140000,-0.292608,0.563570,-0.442990,-0.310486,0.129378,-0.667684,0.351955,1.301273,-0.225209,-2.225955,1.211017,-0.304814,3.110537,2.404863,3.606773,3.093783
737,13.160000,-0.371258,0.562593,-0.402078,-0.422840,0.029182,-0.717998,0.265798,1.274793,-0.408544,-2.096132,1.136629,-0.409461,3.167905,2.345423,3.515655,2.931962
738,13.180000,-0.378245,0.611858,-0.299263,-0.457855,0.051409,-0.620571,0.309883,1.281833,-0.306234,-2.076737,1.113975,-0.350314,3.168523,2.330951,3.549178,2.898439
739,13.200000,-0.424535,0.637367,-0.250083,-0.475432,0.081076,-0.621399,0.293698,1.311741,-0.246512,-2.055822,1.095329,-0.293749,3.235889,2.342981,3.657045,2.925191
740,13.220000,-0.453729,0.626269,-0.291026,-0.529374,0.044294,-0.647514,0.263412,1.356057,-0.252193,-2.002755,1.054925,-0.266584,3.302811,2.336546,3.806801,2.925638
741,13.240000,-0.438617,0.615755,-0.319218,-0.479558,0.054241,-0.616904,0.277886,1.346501,-0.102290,-2.099377,1.053406,-0.201855,3.284927,2.322398,3.845349,2.978455
742,13.260000,-0.429826,0.550810,-0.405804,-0.431486,0.013629,-0.718908,0.183158,1.284081,-0.270009,-2.123726,1.004733,-0.209991,3.221013,2.324479,3.752120,2.932840
743,13.280000,-0.528896,0.608491,-0.352313,-0.448662,-0.042695,-0.695990,0.245760,1.380633,-0.057664,-2.027612,0.990479,-0.140178,3.258627,2.287781,3.864991,2.897259
744,13.300000,-0.627964,0.571799,-0.408086,-0.376107,-0.046341,-0.793252,0.219222,1.420138,-0.014956,-1.948917,1.003943,-0.265651,3.371793,2.365797,3.826495,2.960976
745,13.320000,-0.538179,0.599434,-0.445428,-0.326997,-0.019430,-0.696296,0.302993,1.460957,0.157359,-2.073229,1.027011,-0.054947,3.361588,2.336430,3.827592,3.062042
746,13.340000,-0.521628,0.642033,-0.399604,-0.307364,-0.008389,-0.707158,0.306723,1.499110,0.244777,-2.085420,1.043493,0.027404,3.405335,2.356847,3.776140,3.076673
747,13.360000,-0.411339,0.580374,-0.436028,-0.273519,-0.028207,-0.729925,0.249942,1.374026,-0.019448,-2.057464,1.014603,-0.078845,3.445418,2.326960,3.616828,3.093585
748,13.380000,-0.444292,0.604662,-0.395122,-0.263859,-0.081762,-0.769300,0.263894,1.336563,-0.054074,-1.955534,0.996242,-0.104718,3.462186,2.357581,3.515119,3.062252
749,13.400000,-0.518662,0.732151,-0.246256,-0.311036,-0.074579,-0.773630,0.308826,1.400211,0.066169,-1.864366,0.988016,-0.042867,3.506998,2.406744,3.632932,3.007924
750,13.420000,-0.564782,0.696551,-0.246209,-0.311635,-0.085855,-0.785415,0.362050,1.438251,0.147915,-1.797078,0.976660,-0.126257,3.544448,2.388593,3.719705,3.016135
751,13.440000,-0.474262,0.735721,-0.253318,-0.263211,-0.005819,-0.750574,0.319233,1.445432,0.178931,-1.930202,0.990368,0.060288,3.471020,2.390008,3.768384,3.075864
752,13.460000,-0.456336,0.737234,-0.248496,-0.270788,-0.019641,-0.745152,0.315886,1.470801,0.203620,-1.902892,1.030010,0.015126,3.485860,2.433291,3.809009,3.154423
753,13.480000,-0.361696,0.681193,-0.278463,-0.249300,-0.038250,-0.780903,0.290919,1.354404,0.017002,-1.958201,1.032835,-0.070059,3.487906,2.394555,3.693781,3.191948
754,13.500000,-0.355420,0.697038,-0.250147,-0.315701,-0.033905,-0.816861,0.321126,1.350099,-0.084481,-1.891339,1.075614,-0.126743,3.594107,2.424136,3.723559,3.251291
755,13.520000,-0.435936,0.726503,-0.169098,-0.360323,-0.071386,-0.896648,0.346595,1.400518,-0.015490,-1.858323,1.114630,-0.129433,3.638984,2.428663,3.795604,3.248850
756,13.540000,-0.421383,0.769893,-0.200880,-0.376235,0.001058,-0.941865,0.340998,1.455083,-0.113878,-1.899238,1.187322,-0.049431,3.752201,2.475525,3.950311,3.337840
757,13.560000,-0.454646,0.811927,-0.122393,-0.456281,-0.018276,-0.972281,0.386524,1.534217,-0.022320,-1.890827,1.237732,-0.030881,3.764590,2.484132,4.089749,3.379381
758,13.580000,-0.452869,0.816589,-0.131818,-0.522049,0.009293,-1.016033,0.441023,1.630928,0.023082,-1.869674,1.322243,-0.101980,3.909074,2.456529,4.219595,3.445951
759,13.600000,-0.368296,0.840860,-0.279592,-0.510348,0.072696,-0.948513,0.451410,1.620708,0.057694,-2.083035,1.368638,-0.059369,3.754781,2.485938,4.106301,3.531866
760,13.620000,-0.379599,0.820064,-0.359516,-0.573695,0.048030,-0.896176,0.457627,1.643379,0.043648,-2.039150,1.341030,-0.237103,3.582694,2.519626,3.914508,3.503683
761,13.640000,-0.308487,0.712059,-0.457081,-0.569866,0.055250,-0.869710,0.426861,1.469206,-0.158032,-2.045982,1.305197,-0.439774,3.320150,2.451320,3.508124,3.331023
762,13.660000,-0.275482,0.793043,-0.382269,-0.651605,0.190585,-0.877084,0.395170,1.436649,-0.492979,-1.906488,1.372152,-0.516523,3.395328,2.529408,3.449704,3.396044
763,13.680000,-0.232229,0.905203,-0.245900,-0.732328,0.216986,-0.783369,0.434748,1.429815,-0.532096,-1.973097,1.403245,-0.425542,3.377946,2.613635,3.455479,3.451565
764,13.700000,-0.243530,0.846718,-0.305688,-0.788161,0.192407,-0.822606,0.440723,1.396183,-0.672432,-1.897357,1.351117,-0.528916,3.364800,2.577186,3.381424,3.389889
765,13.720000,-0.283768,0.904245,-0.294622,-0.866504,0.216537,-0.818788,0.458218,1.446469,-0.665901,-1.808777,1.350132,-0.545706,3.386018,2.499332,3.503538,3.336743
766,13.740000,-0.189018,0.935191,-0.321058,-0.875430,0.278394,-0.748571,0.499216,1.455184,-0.689208,-1.895624,1.402859,-0.510924,3.388736,2.424151,3.558686,3.304173
767,13.760000,-0.126960,0.975238,-0.306967,-0.924203,0.297581,-0.748998,0.537482,1.490128,-0.704413,-1.915722,1.429428,-0.495015,3.431647,2.365887,3.644626,3.298196
768,13.780000,-0.102711,1.015966,-0.329143,-0.956443,0.315319,-0.747681,0.542508,1.548406,-0.676824,-1.920078,1.455929,-0.527035,3.486932,2.310103,3.696882,3.312096
769,13.800000,-0.104734,0.944501,-0.443471,-0.895636,0.325048,-0.800383,0.521938,1.541770,-0.709710,-1.920918,1.444592,-0.628952,3.450091,2.300559,3.569296,3.343495
770,13.820000,-0.165777,1.009490,-0.541411,-0.901585,0.284270,-0.806328,0.570285,1.597460,-0.645099,-1.801270,1.423459,-0.725000,3.418481,2.276016,3.535662,3.313045
771,13.840000,-0.171266,1.065238,-0.461328,-0.871715,0.417356,-0.872291,0.558403,1.634710,-0.725718,-1.698757,1.532417,-0.766851,3.568622,2.405629,3.593050,3.489713
772,13.860000,-0.073540,1.198338,-0.457495,-0.864795,0.492678,-0.881295,0.646973,1.693956,-0.620540,-1.815465,1.651529,-0.603278,3.749639,2.434527,3.630374,3.682493
773,13.880000,-0.035638,1.284333,-0.532093,-0.848868,0.558274,-0.940243,0.684131,1.744621,-0.680931,-1.813366,1.749261,-0.514979,3.915867,2.535720,3.669752,3.870494
774,13.900000,-0.067312,1.252908,-0.601660,-0.832244,0.529348,-1.001023,0.690730,1.759258,-0.692486,-1.761773,1.740244,-0.625721,3.876234,2.555379,3.579608,3.947470
775,13.920000,-0.102300,1.231816,-0.676292,-0.758767,0.568772,-1.063003,0.732060,1.740428,-0.618615,-1.738322,1.746488,-0.636109,3.745351,2.558901,3.349648,3.889921
776,13.940000,-0.008992,1.372598,-0.633720,-0.776266,0.633717,-1.000261,0.810342,1.719156,-0.591897,-1.875230,1.792983,-0.436863,3.598222,2.512361,3.212950,3.760584
777,13.960000,0.047222,1.383598,-0.581435,-0.845781,0.580852,-0.948901,0.846148,1.701094,-0.628112,-1.871905,1.736473,-0.499201,3.450496,2.420733,3.107586,3.543482
778,13.980000,0.086313,1.359219,-0.503969,-0.895246,0.543250,-0.945182,0.812300,1.687981,-0.859465,-1.771288,1.667092,-0.672409,3.425288,2.321225,3.153715,3.330794
779,14.000000,0.144648,1.338400,-0.511236,-0.884488,0.564939,-0.942012,0.764537,1.660319,-1.049184,-1.653418,1.649366,-0.791061,3.450119,2.274348,3.217813,3.262844
780,14.020000,0.098780,1.277674,-0.668485,-0.895894,0.424695,-1.042498,0.721324,1.650764,-1.185033,-1.508374,1.557196,-1.050003,3.398456,2.135191,3.178168,3.082961
781,14.040000,0.177894,1.412963,-0.595980,-0.860489,0.581780,-0.968372,0.710253,1.704109,-1.246837,-1.499566,1.636943,-0.926361,3.470347,2.214511,3.336156,3.250093
782,14.060000,0.192966,1.467845,-0.602024,-0.889799,0.500577,-1.023414,0.841313,1.747138,-1.069454,-1.602074,1.663034,-0.901282,3.504702,2.207998,3.435735,3.262305
783,14.080000,0.193394,1.391990,-0.778268,-0.817511,0.533308,-1.134137,0.759283,1.680217,-1.210737,-1.645485,1.632525,-0.989265,3.375343,2.155725,3.210027,3.239017
784,14.100000,0.173584,1.367975,-0.841847,-0.772230,0.527201,-1.089300,0.755645,1.670025,-1.225574,-1.565970,1.640632,-1.077110,3.196840,2.155810,3.030816,3.260424
785,14.120000,0.204507,1.415393,-0.793863,-0.746432,0.583354,-1.078658,0.757037,1.642816,-1.227537,-1.552124,1.670517,-1.105383,3.114578,2.212234,2.856459,3.320124
786,14.140000,0.149286,1.433854,-0.818858,-0.717111,0.613711,-1.105806,0.766536,1.659199,-1.314435,-1.426224,1.684853,-1.160650,3.156995,2.177399,2.881813,3.359345
787,14.160000,0.124242,1.583519,-0.686874,-0.752111,0.672987,-1.099893,0.826914,1.767791,-1.248204,-1.409098,1.723874,-0.996419,3.380008,2.158616,3.143809,3.439223
788,14.180000,0.115968,1.648074,-0.682029,-0.720027,0.710356,-1.142215,0.931377,1.821937,-1.047764,-1.554430,1.755743,-0.864614,3.462010,2.147045,3.293671,3.489492
789,14.200000,0.149470,1.691442,-0.744456,-0.680817,0.794248,-1.165074,0.963297,1.886443,-0.930772,-1.609985,1.863832,-0.782740,3.574448,2.169130,3.325237,3.680227
790,14.220000,0.048726,1.732100,-0.821519,-0.668826,0.793482,-1.309626,0.971466,1.948395,-0.960302,-1.555752,1.843580,-0.861037,3.656147,2.107364,3.473412,3.654919
791,14.240000,-0.058421,1.669984,-0.935018,-0.596989,0.804011,-1.386534,0.934359,1.957563,-0.918546,-1.477529,1.767281,-0.976760,3.519949,1.992275,3.357270,3.509578
792,14.260000,-0.043320,1.683718,-1.005165,-0.531304,0.872818,-1.381770,0.890960,1.911687,-0.956921,-1.444095,1.809344,-1.067254,3.291306,1.967727,3.074973,3.493070
793,14.280000,0.054896,1.681557,-0.999090,-0.521384,0.919231,-1.339930,0.863173,1.805700,-1.139487,-1.461866,1.836445,-1.085200,3.053445,1.932156,2.762908,3.488537
794,14.300000,-0.075673,1.737027,-1.158332,-0.433225,1.081631,-1.421083,0.691600,1.692969,-1.547864,-1.218852,1.721929,-1.431562,2.669107,1.669715,2.568489,3.274639
795,14.320000,-0.199307,1.826723,-1.183544,-0.346541,1.264064,-1.472924,0.578065,1.664079,-1.657358,-0.951546,1.642273,-1.640933,2.343682,1.344512,2.633982,3.212231
796,14.340000,-0.193191,1.892177,-1.203383,-0.279292,1.431963,-1.464633,0.534513,1.642528,-1.718801,-0.828091,1.659041,-1.720142,2.127578,1.142705,2.658508,3.306900
797,14.360000,-0.191846,1.940915,-1.240067,-0.294528,1.498411,-1.435360,0.538928,1.643382,-1.751865,-0.730557,1.663362,-1.829378,2.030714,1.120828,2.784580,3.497844
798,14.380000,-0.195947,2.021559,-1.292013,-0.281514,1.596413,-1.432111,0.541058,1.688530,-1.824774,-0.638033,1.687219,-1.869517,2.083485,1.144097,3.014997,3.624850
799,14.400000,-0.119990,2.178070,-1.309654,-0.238374,1.781358,-1.362051,0.625408,1.722677,-1.740632,-0.792728,1.838922,-1.670671,2.160675,1.393218,3.195636,3.992738
800,14.420000,-0.101879,2.359167,-1.319786,-0.321406,1.862973,-1.360970,0.827600,1.796932,-1.613717,-0.876393,1.948808,-1.585899,2.328815,1.521663,3.407459,4.104410
801,14.440000,-0.005766,2.522194,-1.290421,-0.351559,2.011675,-1.285401,1.002017,1.876824,-1.416858,-1.081209,2.129139,-1.313206,2.593896,1.699746,3.644340,4.394777
802,14.460000,0.107914,2.574197,-1.257387,-0.487330,1.910971,-1.285801,1.155537,1.958390,-1.302305,-1.134250,2.257618,-1.228379,2.778513,1.951342,3.760247,4.558407
803,14.480000,0.231558,2.744723,-1.184961,-0.467014,2.159371,-1.165586,1.260295,1.989748,-1.124314,-1.343144,2.366806,-0.965895,2.788479,2.061469,3.840374,4.846787
804,14.500000,0.371957,2.898033,-0.972130,-0.476931,2.217347,-1.011271,1.396750,2.049034,-1.054041,-1.456682,2.529339,-0.707615,2.907536,2.330024,4.084410,5.259408
805,14.520000,0.604787,2.924160,-0.682975,-0.636723,2.112654,-0.703449,1.491937,2.043321,-1.257616,-1.393445,2.382937,-1.035914,2.847942,2.459628,4.326943,5.412275
806,14.540000,0.875222,2.968412,-0.275717,-0.627786,2.068904,-0.294512,1.732764,2.130024,-1.100611,-1.483408,2.597785,-0.544613,3.045554,2.608805,4.831046,5.753671
807,14.560000,0.998593,3.052339,-0.066719,-0.482697,2.026294,-0.055804,1.975723,2.276392,-0.815853,-1.721081,2.718514,-0.150676,3.190441,2.693476,5.195561,5.965308
808,14.580000,1.076558,3.034951,0.081892,-0.298028,1.995227,0.190351,2.145090,2.378643,-0.699264,-1.845911,2.806718,0.192094,3.304855,2.769403,5.565305,6.127359
809,14.600000,1.027566,2.958076,0.100832,-0.074265,1.972386,0.140991,2.276507,2.609701,-0.333669,-1.939849,3.133490,0.721387,3.730629,3.114770,5.854818,6.409994
810,14.620000,0.924266,2.740898,-0.033623,0.101666,1.864872,-0.026900,2.335222,2.819225,-0.103771,-1.936607,2.992278,0.445274,3.711445,3.299944,5.741352,6.323670
811,14.640000,0.727495,2.556487,-0.192991,0.396862,1.829848,0.056342,2.337717,2.924857,0.043346,-1.925144,3.149731,0.594532,3.721308,3.686792,5.468441,6.384956
812,14.660000,0.302802,2.369469,-0.230324,0.610657,1.662682,-0.116609,2.416857,3.220634,0.587168,-1.873443,3.729828,1.149748,4.044358,4.226395,5.430933,6.360731
813,14.680000,-0.223120,1.864096,-0.502832,0.888947,1.273416,-0.464041,2.427862,3.611328,0.989327,-1.662017,4.368186,1.322351,4.284034,4.827441,5.550978,6.150461
814,14.700000,-1.077879,1.128177,-1.108364,1.567893,0.570709,-0.833935,2.136554,4.030827,1.380934,-1.270056,5.308887,1.589792,4.227946,5.647890,5.469209,5.196004
815,14.720000,-2.087542,0.405480,-1.840956,2.499790,-0.322946,-1.794743,1.264312,4.620959,1.587155,-0.717075,6.269960,1.800941,3.705185,6.852374,5.517029,3.042222
816,14.740000,-2.598581,0.337380,-2.418672,3.225346,-0.614649,-2.805407,0.395498,5.176610,1.339326,-0.394882,6.859278,2.070305,2.873532,8.251410,5.628263,1.095387
817,14.760000,-1.909022,0.335604,-2.664388,3.302232,-0.617273,-3.085244,-0.166975,5.545760,1.127588,-0.402157,6.856478,2.506426,2.184731,9.091256,5.251243,-0.286138
818,14.780000,-0.845349,-0.006332,-2.349356,2.804030,-0.640059,-2.711337,-0.068508,5.609272,1.028257,-0.871644,6.157244,2.870804,2.199298,9.327907,4.624205,-1.092519
819,14.800000,-0.273306,-0.204700,-1.868219,2.273139,-0.446513,-1.970981,0.432116,5.418061,1.099648,-1.446824,5.099325,3.166277,2.846364,9.316832,4.093831,-0.938202
820,14.820000,-0.556814,-0.072686,-1.629128,2.273668,0.102072,-1.646662,0.760438,5.572139,1.235781,-1.726164,4.363143,3.260782,3.559884,9.194180,3.900383,0.624954
821,14.840000,-1.089559,0.163132,-1.652762,2.348281,0.455069,-1.648654,1.051454,5.744833,1.352580,-1.798674,4.093626,3.221115,4.246742,8.749421,4.040070,2.575825
822,14.860000,-1.581342,0.365787,-1.766515,2.149743,0.502267,-1.787682,1.497846,5.551519,1.397626,-1.707869,3.846403,2.915665,4.871865,7.829042,4.531499,4.080944
823,14.880000,-1.962548,0.576661,-1.647516,1.574933,0.600558,-1.823402,2.126641,4.769047,1.272312,-1.570967,3.144908,2.240126,5.517396,6.523780,5.167287,5.249650
824,14.900000,-2.216670,1.010084,-1.459861,0.837337,0.737706,-1.550426,2.644622,4.275408,1.413153,-1.338515,1.977539,1.721025,6.021344,5.207205,5.936733,6.355176
825,14.920000,-1.584296,1.386183,-0.930697,0.154612,0.918701,-1.290478,2.543867,3.582788,1.458826,-1.584845,1.471385,2.002988,5.962458,4.282146,6.506323,7.062019
826,14.940000,-0.164594,1.604983,0.125495,-0.726766,0.657427,-0.652503,2.130310,2.675364,1.179395,-1.821175,1.036222,1.916488,5.316512,2.979177,6.347320,7.036752
827,14.960000,1.330141,1.292195,1.023098,-1.622111,0.140093,0.143936,1.410066,1.973872,0.390173,-1.362557,0.652303,1.133345,4.706313,1.279983,5.770318,6.778423
828,14.980000,2.778476,0.471994,1.268246,-1.363499,-0.418499,0.110706,0.338774,1.408665,-0.741692,-1.196969,0.709754,0.657167,2.924274,0.497597,5.037591,6.631415
829,15.000000,3.711964,-0.501607,1.140102,-1.251740,-0.790122,-0.268045,-0.431421,1.219987,-1.173886,-1.267406,1.071167,0.786880,0.798121,1.489968,4.756064,7.234583
830,15.020000,4.222160,-1.555807,0.950471,-1.602197,-0.953518,-0.134828,-0.661002,1.209163,-1.094560,-0.658101,0.798989,0.334822,0.113925,1.325297,5.233898,7.165083
831,15.040000,4.203021,-2.733531,-0.054622,-2.023232,-1.398998,-0.294089,-1.208196,1.405845,-1.334077,0.167589,0.618868,-0.421292,-0.584639,0.244497,5.113002,6.715258
832,15.060000,3.602663,-3.520142,-1.327990,-2.199021,-1.891046,-0.598922,-1.095918,1.565650,-1.386201,0.507474,0.731709,-0.565994,0.124403,0.006741,5.070101,7.362673
833,15.080000,2.492469,-3.189945,-1.936843,-2.342358,-2.456501,-1.457569,-0.534730,1.997070,-1.179321,0.861697,1.459701,-0.290863,1.833398,0.979428,5.383519,7.817412
834,15.100000,2.880147,-2.844252,-2.209422,-2.054513,-1.898032,-1.073920,-1.064873,2.672737,-0.852191,0.694430,1.739522,-0.266842,2.479714,2.686772,5.714664,7.757574
835,15.120000,3.126924,-2.161154,-1.814037,-1.857832,-1.468635,-1.145542,-1.225151,3.072566,-0.573670,0.197156,1.769535,-0.114832,2.080640,3.186055,5.452512,6.756037
836,15.140000,3.056792,-1.669361,-1.413164,-1.820139,-1.251408,-1.338656,-1.252964,3.053797,-0.587333,-0.076171,1.394645,-0.253940,1.117851,2.321602,4.651088,5.508066
837,15.160000,2.971391,-1.561510,-1.171028,-1.999709,-1.441067,-1.352175,-1.116413,2.924703,-0.801235,-0.006244,1.220430,-0.636992,-0.100528,1.153591,3.682257,4.603958
838,15.180000,2.771117,-1.583568,-0.993372,-2.133305,-1.614574,-1.441311,-0.892115,2.734298,-0.936550,0.045413,1.178099,-0.807660,-0.937973,0.391333,3.045773,4.275550
839,15.200000,2.585304,-1.688752,-0.986426,-2.182210,-1.767013,-1.453231,-0.703002,2.602467,-1.027002,0.137484,1.174225,-0.795029,-1.449659,0.030081,2.731480,4.199912
840,15.220000,2.376436,-1.691699,-1.045663,-2.155088,-1.814119,-1.424453,-0.606751,2.513654,-1.071180,0.297134,1.231035,-0.715540,-1.601202,0.089615,2.625622,4.183251
841,15.240000,2.252010,-1.631516,-1.178654,-2.123192,-1.867439,-1.491515,-0.554055,2.424596,-1.104676,0.437943,1.297040,-0.613848,-1.456913,0.388373,2.661297,4.165459
842,15.260000,2.078334,-1.435007,-1.325865,-2.036976,-1.793630,-1.556276,-0.539341,2.317583,-1.135417,0.605991,1.274746,-0.530198,-1.178345,0.745010,2.713261,4.052407
843,15.280000,1.935565,-1.237990,-1.441220,-1.948514,-1.730442,-1.652619,-0.554308,2.185872,-1.182300,0.749445,1.204044,-0.499780,-0.924941,0.987724,2.697844,3.811052
844,15.300000,1.804292,-1.080061,-1.542900,-1.857673,-1.650232,-1.727435,-0.597591,2.027576,-1.222568,0.868650,1.064533,-0.510744,-0.668551,1.062689,2.617007,3.525847
845,15.320000,1.703630,-0.950125,-1.591104,-1.753958,-1.568828,-1.812719,-0.622870,1.851765,-1.267980,0.921439,0.897810,-0.563355,-0.574902,0.963912,2.469204,3.149469
846,15.340000,1.625405,-0.891189,-1.656527,-1.621465,-1.495245,-1.764598,-0.627258,1.689265,-1.308182,0.943468,0.703711,-0.628450,-0.636653,0.707810,2.265877,2.733401
847,15.360000,1.554103,-0.844029,-1.690740,-1.486918,-1.410550,-1.692210,-0.638356,1.559773,-1.328402,0.955225,0.535777,-0.679478,-0.691250,0.407187,2.105294,2.365023
848,15.380000,1.577365,-0.865237,-1.693287,-1.416020,-1.434436,-1.714881,-0.566474,1.444872,-1.332915,0.875797,0.411273,-0.722184,-0.725010,0.068063,1.959646,2.014877
849,15.400000,1.580959,-0.860520,-1.702410,-1.316675,-1.396324,-1.673131,-0.499838,1.340057,-1.311344,0.769262,0.295001,-0.730771,-0.789231,-0.273144,1.779307,1.667346
850,15.420000,1.593568,-0.854127,-1.753779,-1.221294,-1.433420,-1.690689,-0.383688,1.231048,-1.296064,0.639517,0.230714,-0.737112,-0.797336,-0.635661,1.578314,1.268667
851,15.440000,1.607391,-0.805429,-1.797425,-1.129415,-1.421028,-1.753447,-0.275958,1.107831,-1.251564,0.493531,0.198226,-0.692179,-0.731156,-0.903347,1.345683,0.921574
852,15.460000,1.542451,-0.677672,-1.885370,-1.012018,-1.366430,-1.803963,-0.166402,0.972456,-1.214409,0.388871,0.187936,-0.689239,-0.683195,-1.128570,1.019681,0.546643
853,15.480000,1.419675,-0.447517,-1.950234,-0.866766,-1.229433,-1.830520,0.023436,0.821040,-1.184991,0.264073,0.232197,-0.662179,-0.573316,-1.274897,0.669146,0.229572
854,15.500000,1.972697,-0.368180,-1.698573,-0.825582,-0.951042,-1.042558,-0.135073,0.797357,-1.185875,0.170306,0.226041,-0.501175,-0.719756,-1.254247,0.664826,0.192968
855,15.520000,2.148476,0.038634,-1.299491,-0.899815,-0.672652,-0.386610,-0.197363,0.996839,-1.319625,0.184152,0.397716,-0.482725,-0.431924,-0.953841,1.207832,0.436647
856,15.540000,2.045481,0.471000,-1.162812,-0.614737,-0.210011,-0.079729,-0.119305,1.102232,-1.380111,0.048885,0.543460,-0.405815,-0.104708,-0.678206,1.425205,0.708260
857,15.560000,1.703505,0.886117,-1.213432,-0.181162,0.247345,0.048313,0.106675,1.211959,-1.194332,-0.140707,0.714744,-0.152432,0.128837,-0.371090,1.116431,1.073974
858,15.580000,1.175297,1.251403,-1.336936,0.155384,0.613198,-0.202071,0.344207,1.373956,-0.924419,-0.187640,1.006322,0.130638,0.737655,-0.018291,1.037773,1.627650
859,15.600000,0.472612,1.563148,-1.515696,0.398723,0.919385,-0.792041,0.647575,1.621225,-0.366687,-0.216955,1.376588,0.410367,1.550708,0.408482,1.119578,2.422649
860,15.620000,-0.151816,1.773123,-1.625437,0.495190,1.087287,-1.532897,0.914941,1.872249,0.365630,-0.257205,1.718080,0.625262,2.216981,0.674970,1.075793,3.035932
861,15.640000,-0.484890,1.852385,-1.623403,0.527967,1.117794,-2.088061,1.016362,2.075449,0.759099,-0.201466,1.955686,0.429261,2.596768,0.684611,0.983296,3.223375
862,15.660000,-0.603977,1.924140,-1.454136,0.607645,1.116185,-2.271494,1.027067,2.176294,0.930172,-0.253134,2.140694,0.455724,2.766068,0.360708,0.998879,2.877014
863,15.680000,-0.498927,2.065685,-1.172967,0.683899,1.068927,-2.294344,0.966448,2.184421,0.899247,-0.460553,2.116027,0.348289,2.656706,-0.153372,0.899363,2.125768
864,15.700000,-0.330314,2.084189,-0.932780,0.661490,1.069689,-2.285083,0.779907,2.133539,0.565778,-0.494516,2.061195,0.236788,2.559142,-0.499282,0.876952,1.527928
865,15.720000,-0.082010,2.005062,-0.777851,0.537056,1.059978,-2.197545,0.613299,2.004533,0.121069,-0.470616,1.879498,-0.009137,2.270893,-0.754155,0.741863,1.116278
866,15.740000,0.170301,1.969438,-0.545244,0.254193,1.045490,-2.108655,0.568716,1.776199,-0.228783,-0.436726,1.763731,-0.266395,1.756061,-0.906703,0.326651,0.846669
867,15.760000,0.358486,1.835655,-0.461327,-0.033905,0.997013,-1.948520,0.430225,1.524329,-0.818920,-0.244890,1.666948,-0.582362,1.170867,-0.955533,0.053351,0.706529
868,15.780000,0.402151,1.756135,-0.387532,-0.215559,0.964932,-1.718703,0.440366,1.313310,-1.295497,-0.190453,1.666743,-0.676850,0.608917,-0.890831,-0.008322,0.721852
869,15.800000,0.393350,1.615804,-0.513539,-0.369173,0.923996,-1.503838,0.426003,1.176771,-1.826540,-0.012402,1.729787,-0.758556,0.160737,-0.718656,0.136247,0.818114
870,15.820000,0.323825,1.507415,-0.736882,-0.470703,0.890791,-1.368204,0.436476,1.162308,-2.139576,0.096974,1.836712,-0.754639,-0.060313,-0.529745,0.515502,1.034814
871,15.840000,0.221664,1.461697,-1.032403,-0.489560,0.868502,-1.327599,0.449350,1.236896,-2.286252,0.160439,1.916770,-0.727234,-0.107131,-0.379305,0.857562,1.227001
872,15.860000,0.099494,1.463908,-1.361532,-0.450974,0.902925,-1.297782,0.574645,1.325515,-2.227628,0.103705,2.066674,-0.564172,-0.023766,-0.220894,1.106890,1.363635
873,15.880000,0.027597,1.478082,-1.581751,-0.414317,0.927476,-1.303049,0.697720,1.430853,-2.121156,0.012956,2.240893,-0.356326,0.181320,0.003703,1.280113,1.559578
874,15.900000,-0.086059,1.454304,-1.806361,-0.287451,1.029914,-1.340089,0.751491,1.486964,-1.969463,-0.070753,2.379605,-0.196940,0.286718,0.239922,1.243345,1.729340
875,15.920000,-0.185004,1.541591,-1.828806,-0.214347,1.150781,-1.430925,0.890761,1.646096,-1.653894,-0.238402,2.547972,0.105938,0.672138,0.565698,1.472051,2.028062
876,15.940000,-0.300561,1.645576,-1.802784,-0.122888,1.276894,-1.637315,0.967016,1.843532,-1.252346,-0.370507,2.696120,0.336730,1.222318,0.922158,1.795748,2.447020
877,15.960000,-0.411052,1.699218,-1.711612,0.011161,1.338087,-1.967344,0.973547,1.985540,-0.792541,-0.514657,2.506932,0.069446,1.482781,0.937892,1.797403,2.435041
878,15.980000,-0.429381,1.901729,-1.571520,0.134127,1.517127,-2.066164,1.075133,2.178555,-0.330679,-0.609272,2.778108,0.396777,2.094021,1.243022,2.142841,2.862955
879,16.000000,-0.501351,2.091455,-1.385534,0.254399,1.551461,-2.245112,1.124921,2.373830,0.155905,-0.757231,2.857097,0.592199,2.662469,1.336134,2.381073,3.031612
880,16.020000,-0.546783,2.185601,-1.270911,0.423761,1.607965,-2.320032,1.118855,2.517790,0.431760,-0.821968,2.898225,0.689238,3.097416,1.370211,2.642379,3.094486
881,16.040000,-0.483510,2.154571,-1.333521,0.475003,1.616356,-2.273736,1.144028,2.397479,0.187286,-0.784305,2.988072,0.759983,3.110864,1.380966,2.617569,2.953165
882,16.060000,-0.417050,2.309417,-1.057757,0.515630,1.595351,-2.144578,1.173985,2.522611,0.455943,-0.889248,2.923873,0.748764,3.205048,1.398291,2.755210,2.909882
883,16.080000,-0.241264,2.195062,-1.105940,0.438051,1.538610,-2.030779,1.144948,2.575887,0.422745,-0.845614,2.926854,0.697962,3.217206,1.452132,2.906149,2.925515
884,16.100000,-0.125889,2.100584,-1.297016,0.431205,1.496412,-1.863727,1.126346,2.419153,0.139275,-0.804431,2.857745,0.546917,2.845685,1.386600,2.684077,2.881046
885,16.120000,-0.058486,2.168227,-1.282263,0.424349,1.494966,-1.672088,1.132112,2.369783,0.180407,-0.830496,2.849239,0.560432,2.652828,1.465485,2.482096,2.961762
886,16.140000,-0.008139,1.965331,-1.474091,0.323829,1.390395,-1.561329,1.075033,2.098197,-0.425897,-0.664262,2.777225,0.280272,2.186553,1.404739,2.171103,2.767072
887,16.160000,0.021524,2.060063,-1.286431,0.249957,1.323654,-1.326831,1.109194,2.090433,-0.445138,-0.649502,2.731449,0.267018,2.040377,1.404106,2.183825,2.809864
888,16.180000,0.062051,2.033000,-1.124220,0.114760,1.228024,-1.265916,1.131749,2.072857,-0.509078,-0.649639,2.686678,0.156178,2.107169,1.501185,2.308067,2.809707
889,16.200000,0.144266,1.892347,-1.063115,-0.000136,1.172216,-1.223310,1.095864,2.064967,-0.695897,-0.593771,2.578074,-0.077059,2.164390,1.562230,2.537174,2.928773
890,16.220000,0.258096,1.771024,-1.124629,-0.153289,1.081948,-1.200015,1.033087,1.934081,-1.025842,-0.489267,2.560822,-0.215587,2.188266,1.702417,2.640880,2.965508
891,16.240000,0.297650,1.869548,-0.950190,-0.215302,1.094273,-1.186607,1.083217,2.028978,-0.830075,-0.635312,2.574972,-0.235613,2.393393,1.893363,2.870954,3.215762
892,16.260000,0.318583,1.813424,-0.886171,-0.327365,1.060974,-1.264966,1.078701,2.057330,-0.781598,-0.699289,2.599600,-0.323969,2.610940,2.081234,3.063750,3.385566
893,16.280000,0.287483,1.864132,-0.836400,-0.296924,1.125363,-1.239353,1.088252,2.166644,-0.580533,-0.838640,2.589239,-0.294610,2.847792,2.288040,3.222203,3.655237
894,16.300000,0.206435,1.957773,-0.727101,-0.254651,1.170587,-1.187117,1.163015,2.262588,-0.292161,-1.017902,2.626282,-0.209415,3.132586,2.468399,3.297495,3.806348
895,16.320000,0.189754,1.910953,-0.712662,-0.283766,1.142073,-1.159757,1.176562,2.254268,-0.276841,-1.059739,2.558475,-0.310026,3.138724,2.449815,3.204938,3.645726
896,16.340000,0.162742,1.958032,-0.600304,-0.268004,1.179130,-1.039951,1.163331,2.319968,-0.094231,-1.175466,2.515729,-0.306528,3.205670,2.459197,3.161121,3.615135
897,16.360000,0.170726,2.006583,-0.490124,-0.219291,1.200389,-0.870111,1.166339,2.351756,-0.006266,-1.245085,2.606035,-0.116079,3.439442,2.532079,3.267362,3.767481
898,16.380000,0.113459,1.974756,-0.503500,-0.145578,1.234179,-0.810165,1.100199,2.342961,-0.040846,-1.277924,2.641121,0.034494,3.563870,2.556184,3.324168,3.868559
899,16.400000,0.118503,1.915412,-0.565944,-0.159247,1.187642,-0.709624,1.079085,2.199823,-0.287450,-1.235985,2.649993,0.084263,3.479694,2.496724,3.225364,3.686974
900,16.420000,0.085985,1.998802,-0.432133,-0.164610,1.178054,-0.550234,1.104630,2.282378,-0.130132,-1.275257,2.639350,0.109779,3.564627,2.581280,3.353941,3.741037
901,16.440000,0.102215,1.931333,-0.426855,-0.222038,1.102031,-0.397896,1.122604,2.288870,-0.161205,-1.244068,2.604591,-0.002552,3.609643,2.641267,3.486218,3.769152
902,16.460000,0.141550,1.795491,-0.558821,-0.259167,1.049671,-0.329844,1.049490,2.114733,-0.449588,-1.164761,2.519789,-0.120345,3.419345,2.569549,3.321427,3.576615
903,16.480000,0.078226,1.920535,-0.422217,-0.255280,0.997239,-0.167973,1.134694,2.191121,-0.257319,-1.221928,2.488297,-0.131432,3.403086,2.608808,3.339388,3.577219
904,16.500000,0.066739,1.895708,-0.370874,-0.324455,0.929278,-0.106615,1.182936,2.219359,-0.201822,-1.221647,2.463599,-0.240918,3.501972,2.647490,3.404180,3.570573
905,16.520000,0.075303,1.823605,-0.353480,-0.407626,0.880570,-0.070775,1.165689,2.227894,-0.234217,-1.189620,2.347965,-0.373755,3.500596,2.641748,3.437525,3.556423
906,16.540000,0.025597,1.826595,-0.358322,-0.359776,0.892738,-0.095602,1.040915,2.185119,-0.316781,-1.165940,2.253718,-0.501551,3.445423,2.706994,3.360821,3.574758
907,16.560000,0.044976,1.744037,-0.349101,-0.469479,0.812710,-0.188297,1.059078,2.168440,-0.277012,-1.111198,2.202600,-0.670513,3.467073,2.671935,3.327289,3.434464
908,16.580000,0.050644,1.661193,-0.348075,-0.583407,0.757703,-0.300608,0.934334,2.037097,-0.514164,-1.019366,2.094226,-0.887476,3.338395,2.563123,3.187160,3.140773
909,16.600000,0.075327,1.732849,-0.274537,-0.626753,0.778634,-0.230284,0.843029,2.072419,-0.420485,-1.023171,2.070901,-0.936983,3.380204,2.632065,3.233938,3.250839
910,16.620000,0.071663,1.779668,-0.184648,-0.663549,0.802897,-0.227299,0.743115,2.096995,-0.401380,-1.020537,2.064538,-0.930583,3.480813,2.742755,3.283698,3.401077
911,16.640000,0.158111,1.725876,-0.089284,-0.740078,0.774042,-0.224820,0.801629,2.070335,-0.341704,-1.040819,2.095523,-0.917947,3.535840,2.698025,3.269258,3.475449
912,16.660000,0.160400,1.685279,-0.126622,-0.774590,0.761093,-0.186903,0.702872,1.995410,-0.490636,-0.957640,2.014513,-1.025310,3.411342,2.580371,3.159341,3.318878
913,16.680000,0.239408,1.674369,-0.110598,-0.843476,0.748680,-0.100057,0.687685,1.907811,-0.564286,-0.974482,2.036554,-1.024924,3.223391,2.449200,3.015091,3.176039
914,16.700000,0.266339,1.706377,-0.087842,-0.902119,0.717111,-0.068252,0.704833,1.934747,-0.536010,-1.033518,2.068771,-0.961213,3.180743,2.406143,2.957062,3.105515
915,16.720000,0.283693,1.662348,-0.140594,-0.979946,0.671374,-0.052264,0.656428,1.933125,-0.643701,-0.945468,2.014287,-1.064553,3.172987,2.381514,2.995744,3.079874
916,16.740000,0.320592,1.636340,-0.226462,-1.063945,0.617051,-0.102702,0.684796,1.918038,-0.627732,-0.922775,1.987940,-1.152251,3.135396,2.340684,2.920842,2.985227
917,16.760000,0.374620,1.592622,-0.313745,-1.129996,0.636371,-0.133697,0.611807,1.870947,-0.682022,-0.875599,1.974915,-1.153658,3.072379,2.305331,2.804502,2.922108
918,16.780000,0.422561,1.629707,-0.296083,-1.149977,0.681278,-0.145718,0.557304,1.845083,-0.725895,-0.917823,2.009824,-1.060736,3.024613,2.322397,2.723925,2.966066
919,16.800000,0.404570,1.586526,-0.331324,-1.186696,0.663090,-0.282880,0.469076,1.828120,-0.841814,-0.810103,1.975635,-1.166070,2.979346,2.349211,2.661807,2.956864
920,16.820000,0.463697,1.539100,-0.341760,-1.252129,0.686780,-0.381851,0.419435,1.772668,-0.874587,-0.760852,1.960504,-1.182796,2.957513,2.320081,2.597135,2.932678
921,16.840000,0.512874,1.477916,-0.393871,-1.309844,0.698828,-0.501263,0.311135,1.691023,-1.017779,-0.703346,1.953052,-1.244324,2.796903,2.263137,2.444038,2.834369
922,16.860000,0.639389,1.452924,-0.343818,-1.389253,0.727635,-0.567033,0.274892,1.632824,-1.067982,-0.727788,1.999498,-1.189254,2.695504,2.209136,2.343292,2.838435
923,16.880000,0.664924,1.523049,-0.241150,-1.466513,0.713705,-0.581308,0.351053,1.674052,-0.970178,-0.816746,2.006393,-1.134254,2.672105,2.179699,2.312100,2.835688
924,16.900000,0.747651,1.513411,-0.195359,-1.560257,0.723296,-0.606002,0.380176,1.676738,-0.916270,-0.871176,2.027219,-1.112669,2.633638,2.125088,2.233169,2.840202
925,16.920000,0.761597,1.506771,-0.165345,-1.622957,0.765665,-0.696379,0.368632,1.665518,-0.885018,-0.910149,1.991414,-1.100745,2.521602,2.091325,2.116543,2.817221
926,16.940000,0.755364,1.454756,-0.222044,-1.665950,0.784426,-0.799832,0.299516,1.625000,-0.943075,-0.853036,1.945684,-1.172404,2.399448,2.034921,1.995337,2.748308
927,16.960000,0.763549,1.475551,-0.208323,-1.710487,0.806470,-0.804059,0.288386,1.615192,-0.926241,-0.832534,1.940541,-1.187038,2.333278,1.985587,1.927249,2.736744
928,16.980000,0.697605,1.448673,-0.281445,-1.739316,0.842587,-0.815118,0.219553,1.587436,-1.063188,-0.766913,1.904600,-1.172722,2.252328,1.968918,1.909796,2.738356
929,17.000000,0.694155,1.383297,-0.306761,-1.746754,0.851383,-0.966640,0.222225,1.520065,-1.034542,-0.774010,1.914302,-1.127001,2.158248,1.856871,1.780038,2.684770
930,17.020000,0.685121,1.346359,-0.404677,-1.690047,0.942960,-1.083324,0.122434,1.457925,-1.192083,-0.774990,1.954090,-1.046989,2.055695,1.848157,1.673860,2.720970
931,17.040000,0.619413,1.343288,-0.419526,-1.740358,0.926911,-1.104567,0.169392,1.442697,-1.178627,-0.795575,1.938093,-0.974552,1.994089,1.735659,1.653379,2.685815
932,17.060000,0.575117,1.335080,-0.485224,-1.762683,0.938745,-1.163098,0.167808,1.414256,-1.195206,-0.842332,1.927881,-0.910966,1.911693,1.635861,1.577936,2.543130
933,17.080000,0.522163,1.246656,-0.637903,-1.795092,0.926649,-1.206808,0.095146,1.350181,-1.320426,-0.808012,1.855690,-0.932692,1.735773,1.507866,1.497032,2.424634
934,17.100000,0.531892,1.267314,-0.588840,-1.789431,0.978665,-1.189084,0.123927,1.299461,-1.302204,-0.905709,1.913849,-0.827976,1.618697,1.462078,1.351437,2.439425
935,17.120000,0.443188,1.251945,-0.613595,-1.755466,1.005698,-1.244172,0.106924,1.246904,-1.367149,-0.891772,1.907369,-0.779296,1.518699,1.424990,1.256500,2.447405
936,17.140000,0.394421,1.164104,-0.706484,-1.753270,1.027841,-1.340256,0.062739,1.190976,-1.460819,-0.897999,1.860627,-0.764644,1.374200,1.295506,1.167313,2.322335
937,17.160000,0.375308,1.159985,-0.684360,-1.762952,1.034982,-1.362956,0.113017,1.167954,-1.473247,-0.972782,1.863925,-0.674674,1.296459,1.203048,1.100157,2.204744
938,17.180000,0.263418,1.155011,-0.720357,-1.716008,1.056046,-1.418370,0.074624,1.118909,-1.555118,-0.912910,1.820708,-0.707824,1.194815,1.120232,1.038638,2.116868
939,17.200000,0.223533,1.087573,-0.701788,-1.626388,1.101777,-1.493550,0.017314,1.065698,-1.595130,-0.935525,1.803999,-0.693417,1.019289,1.031706,0.904909,2.037339
940,17.220000,0.173347,1.130135,-0.671593,-1.582480,1.113883,-1.447713,0.070906,1.030617,-1.630314,-0.967424,1.790103,-0.674589,0.912353,0.933838,0.780240,1.945088
941,17.240000,0.097338,1.108061,-0.685784,-1.591676,1.088304,-1.458353,0.020758,1.009136,-1.709648,-0.863911,1.705508,-0.831655,0.805778,0.777595,0.740032,1.792563
942,17.260000,-0.002940,1.140139,-0.703708,-1.469345,1.114493,-1.417835,0.067315,0.958727,-1.730607,-0.816993,1.679797,-0.810434,0.663589,0.651030,0.570462,1.695514
943,17.280000,-0.114526,1.122792,-0.721546,-1.386146,1.090270,-1.440445,0.039769,0.933113,-1.791271,-0.767418,1.601464,-0.917331,0.504746,0.479059,0.393616,1.504517
944,17.300000,-0.137019,1.143015,-0.711389,-1.276311,1.111590,-1.378350,0.092388,0.871611,-1.839081,-0.795014,1.602772,-0.844230,0.369255,0.305353,0.184883,1.341084
945,17.320000,-0.160641,1.167832,-0.648439,-1.181424,1.115027,-1.385359,0.128922,0.845658,-1.843406,-0.817945,1.609737,-0.829527,0.349272,0.173279,0.055023,1.215457
946,17.340000,-0.184695,1.185177,-0.630576,-1.098352,1.085795,-1.344076,0.131594,0.802280,-1.886420,-0.768812,1.535181,-0.865611,0.296611,0.024342,-0.058787,1.083438
947,17.360000,-0.228229,1.176884,-0.646381,-0.950932,1.130688,-1.406985,0.050778,0.785792,-1.892986,-0.682069,1.500040,-0.923505,0.288468,-0.069785,-0.131809,1.040063
948,17.380000,-0.233324,1.255062,-0.588668,-0.883884,1.095912,-1.382833,0.120302,0.769632,-1.887194,-0.682419,1.475330,-0.902768,0.359083,-0.144092,-0.146647,0.941008
949,17.400000,-0.277024,1.284296,-0.572467,-0.879808,1.038935,-1.388189,0.089590,0.753857,-1.919891,-0.545251,1.386334,-1.025080,0.419999,-0.229004,-0.109341,0.836808
950,17.420000,-0.240160,1.334765,-0.541454,-0.741505,1.086317,-1.356429,0.139958,0.732165,-1.861223,-0.617204,1.401390,-0.948486,0.437216,-0.246786,-0.188972,0.797820
951,17.440000,-0.221570,1.386062,-0.542125,-0.630986,1.102691,-1.397066,0.198528,0.730417,-1.816826,-0.698890,1.431394,-0.894717,0.482933,-0.245493,-0.263654,0.763490
952,17.460000,-0.198346,1.424549,-0.572745,-0.546414,1.120172,-1.428666,0.225049,0.724391,-1.806145,-0.748256,1.439544,-0.870415,0.511341,-0.270786,-0.318698,0.707863
953,17.480000,-0.179293,1.452980,-0.669485,-0.447704,1.152323,-1.516744,0.247073,0.739675,-1.788243,-0.825612,1.430006,-0.843261,0.506212,-0.308690,-0.427543,0.613855
954,17.500000,-0.156742,1.488894,-0.745165,-0.345576,1.208556,-1.597144,0.291469,0.766227,-1.745008,-0.943707,1.461137,-0.805975,0.483139,-0.345702,-0.498678,0.537374
955,17.520000,-0.153805,1.507742,-0.841616,-0.244289,1.244298,-1.687627,0.316907,0.803265,-1.727244,-1.043380,1.463326,-0.770047,0.477348,-0.403154,-0.561697,0.455888
956,17.540000,-0.154551,1.545441,-0.851992,-0.152560,1.300736,-1.756271,0.369583,0.845818,-1.667542,-1.152385,1.473142,-0.714626,0.473536,-0.452151,-0.602766,0.396032
957,17.560000,-0.138980,1.573323,-0.834439,-0.084024,1.341624,-1.817379,0.420175,0.883487,-1.576704,-1.246315,1.476092,-0.675373,0.469213,-0.512135,-0.643158,0.339138
958,17.580000,-0.128876,1.625053,-0.767620,-0.027176,1.391532,-1.834901,0.483405,0.916504,-1.468509,-1.323558,1.498060,-0.655003,0.489706,-0.547760,-0.670556,0.335683
959,17.600000,-0.100880,1.659059,-0.717030,0.009545,1.413803,-1.853875,0.520876,0.934505,-1.395011,-1.363732,1.488720,-0.640856,0.545755,-0.587906,-0.671816,0.328173
960,17.620000,-0.078657,1.692500,-0.675563,0.047626,1.440369,-1.872539,0.549611,0.944106,-1.322257,-1.387253,1.489598,-0.646997,0.574817,-0.627613,-0.700994,0.314163
961,17.640000,-0.062064,1.731090,-0.632797,0.069070,1.469068,-1.902559,0.567536,0.957909,-1.270743,-1.383323,1.508535,-0.678008,0.604032,-0.630208,-0.690360,0.337658
962,17.660000,-0.063939,1.748619,-0.655329,0.111722,1.478323,-1.974065,0.572510,0.970045,-1.287001,-1.376444,1.506609,-0.685356,0.641207,-0.642805,-0.660865,0.337878
963,17.680000,-0.077901,1.771912,-0.659093,0.163752,1.501961,-2.033329,0.591775,0.975200,-1.271376,-1.396541,1.505440,-0.675911,0.619979,-0.682441,-0.630111,0.279606
964,17.700000,-0.060252,1.775591,-0.718029,0.215326,1.503513,-2.064278,0.601780,0.971816,-1.288908,-1.417695,1.494625,-0.672248,0.539827,-0.742343,-0.649826,0.196832
965,17.720000,-0.018526,1.775195,-0.750633,0.231452,1.514356,-2.056219,0.621858,0.954020,-1.298721,-1.414878,1.497537,-0.689454,0.392379,-0.794974,-0.698964,0.123568
966,17.740000,0.001716,1.756438,-0.813614,0.243281,1.510089,-2.065356,0.631964,0.955669,-1.366401,-1.383812,1.502990,-0.711429,0.329328,-0.811167,-0.704592,0.121668
967,17.760000,0.013018,1.737248,-0.861187,0.252486,1.499144,-2.094874,0.646598,0.935541,-1.440465,-1.361484,1.486449,-0.736789,0.233102,-0.852662,-0.716043,0.078773
968,17.780000,0.037367,1.717864,-0.911092,0.253851,1.491710,-2.102156,0.667446,0.915074,-1.502431,-1.336229,1.484593,-0.761787,0.102406,-0.884448,-0.768614,0.010017
969,17.800000,0.066359,1.685920,-0.939987,0.239918,1.461457,-2.113917,0.676571,0.877291,-1.598133,-1.322095,1.462233,-0.777394,-0.042406,-0.937821,-0.853235,-0.112488
970,17.820000,0.084302,1.675525,-0.940820,0.223990,1.447467,-2.090310,0.700051,0.830770,-1.675842,-1.289575,1.446108,-0.809668,-0.197006,-0.984874,-0.910309,-0.207975
971,17.840000,0.141985,1.629534,-0.958480,0.175914,1.418880,-2.066673,0.684162,0.787059,-1.776351,-1.221177,1.406188,-0.862993,-0.371468,-1.055128,-1.012863,-0.312188
972,17.860000,0.190932,1.581754,-0.933832,0.124568,1.382950,-2.040253,0.657427,0.746923,-1.863059,-1.151041,1.356930,-0.928055,-0.549123,-1.145695,-1.121510,-0.422005
973,17.880000,0.240159,1.537919,-0.963593,0.067363,1.344006,-1.987556,0.624797,0.707874,-1.944521,-1.026665,1.324787,-1.042106,-0.742595,-1.223786,-1.213119,-0.490777
974,17.900000,0.276978,1.485608,-1.002147,0.016916,1.297299,-1.985145,0.582547,0.691496,-2.019886,-0.911774,1.285286,-1.127616,-0.854465,-1.272829,-1.263000,-0.495891
975,17.920000,0.297722,1.443836,-1.045577,-0.025296,1.255856,-1.970076,0.532032,0.678528,-2.078644,-0.771845,1.259443,-1.209609,-0.949565,-1.305789,-1.290610,-0.505645
976,17.940000,0.309985,1.420770,-1.085276,-0.051847,1.227429,-1.970070,0.507691,0.687690,-2.092699,-0.655595,1.233089,-1.262149,-1.003412,-1.344134,-1.306645,-0.519634
977,17.960000,0.312763,1.428976,-1.102279,-0.060792,1.218944,-2.006148,0.507284,0.708905,-2.093501,-0.566745,1.228387,-1.293610,-0.971831,-1.364145,-1.241251,-0.513580
978,17.980000,0.319720,1.441270,-1.086937,-0.097977,1.206595,-2.050084,0.507589,0.722951,-2.101464,-0.460401,1.248070,-1.324198,-0.938673,-1.346329,-1.174656,-0.505368
979,18.000000,0.317365,1.459387,-1.112529,-0.080540,1.217269,-2.048004,0.527076,0.745023,-2.079315,-0.401463,1.270234,-1.341678,-0.900736,-1.309874,-1.115186,-0.451783
980,18.020000,0.295288,1.498529,-1.125940,-0.044294,1.257492,-2.093757,0.562805,0.777962,-2.033347,-0.392373,1.304712,-1.320473,-0.802042,-1.244125,-1.041056,-0.369370
981,18.040000,0.282918,1.552814,-1.110339,-0.033980,1.285859,-2.134083,0.620363,0.809830,-1.957136,-0.407789,1.344612,-1.260374,-0.742595,-1.172436,-1.002012,-0.322741
982,18.060000,0.245794,1.594864,-1.134828,-0.003840,1.338259,-2.194658,0.663893,0.857433,-1.912098,-0.392889,1.401858,-1.212978,-0.602401,-1.065633,-0.882942,-0.228137
983,18.080000,0.175901,1.667247,-1.167734,0.059242,1.417801,-2.261158,0.732707,0.937906,-1.799126,-0.432038,1.483846,-1.140739,-0.396782,-0.916855,-0.689604,-0.055615
984,18.100000,0.084672,1.747796,-1.204969,0.118633,1.505186,-2.328074,0.826666,1.027455,-1.632729,-0.511578,1.588235,-1.020467,-0.218546,-0.745404,-0.528149,0.134836
985,18.120000,-0.005200,1.816310,-1.297107,0.209884,1.588250,-2.415867,0.918147,1.122264,-1.436406,-0.619162,1.680867,-0.888802,-0.060196,-0.600809,-0.396949,0.308401
986,18.140000,-0.074417,1.882001,-1.392796,0.313049,1.674451,-2.485524,1.000840,1.219271,-1.227753,-0.764432,1.779310,-0.760109,0.090490,-0.467450,-0.300817,0.472520
987,18.160000,-0.116290,1.939058,-1.469757,0.399300,1.732559,-2.520227,1.092237,1.288300,-1.004899,-0.937237,1.858314,-0.620574,0.154059,-0.380928,-0.322866,0.570925
988,18.180000,-0.115370,1.987293,-1.484407,0.459961,1.763165,-2.525139,1.159419,1.341975,-0.838216,-1.087904,1.906022,-0.513860,0.151098,-0.361808,-0.380446,0.588012
989,18.200000,-0.111722,2.017457,-1.459585,0.471525,1.790146,-2.516484,1.171622,1.377784,-0.825045,-1.115241,1.954484,-0.462361,0.251000,-0.300507,-0.345940,0.647001
990,18.220000,-0.118659,2.040983,-1.452081,0.487678,1.801113,-2.510896,1.177022,1.393989,-0.821505,-1.129486,1.963801,-0.423421,0.307246,-0.262759,-0.319281,0.663368
991,18.240000,-0.099063,2.033646,-1.446136,0.484706,1.813200,-2.457522,1.150452,1.374938,-0.841088,-1.114241,1.963593,-0.418871,0.260471,-0.244498,-0.354609,0.656986
992,18.260000,-0.078142,2.008354,-1.495280,0.459282,1.804195,-2.404326,1.105105,1.328964,-0.959940,-1.031618,1.961447,-0.467214,0.167968,-0.236783,-0.400260,0.680687
993,18.280000,-0.065777,1.976402,-1.534212,0.433085,1.792635,-2.356306,1.045874,1.283449,-1.089110,-0.937770,1.950109,-0.534403,0.038717,-0.233772,-0.446328,0.721766
994,18.300000,-0.055185,1.939591,-1.582982,0.399411,1.776604,-2.311309,0.987094,1.240692,-1.235176,-0.822042,1.938943,-0.593361,-0.080189,-0.227577,-0.464160,0.769502
995,18.320000,-0.041334,1.882851,-1.655576,0.393416,1.738262,-2.228942,0.953952,1.173260,-1.309001,-0.760241,1.887518,-0.658870,-0.356599,-0.294800,-0.586914,0.726890
996,18.340000,-0.009998,1.830084,-1.704085,0.331485,1.723280,-2.165675,0.907737,1.129890,-1.484726,-0.620025,1.873559,-0.730476,-0.510959,-0.319185,-0.649256,0.741664
997,18.360000,0.023434,1.761933,-1.750370,0.276462,1.665035,-2.108138,0.857575,1.071947,-1.641132,-0.492567,1.821716,-0.813830,-0.715631,-0.405680,-0.735190,0.673642
998,18.380000,0.051091,1.722894,-1.765582,0.215976,1.636607,-2.039285,0.827771,1.049994,-1.779266,-0.355393,1.814128,-0.910794,-0.826999,-0.437991,-0.728141,0.671791
999,18.400000,0.046747,1.677743,-1.798907,0.172423,1.589764,-2.060574,0.786552,1.038725,-1.922246,-0.222619,1.789390,-0.978541,-0.842947,-0.481894,-0.652681,0.662565
1000,18.420000,0.048523,1.641907,-1.821799,0.146929,1.551324,-2.059575,0.784924,1.026927,-1.955906,-0.167572,1.741308,-0.987223,-0.886002,-0.560468,-0.658122,0.553338
1001,18.440000,0.072255,1.624619,-1.840330,0.112528,1.507584,-2.049741,0.779363,1.013342,-1.986052,-0.109237,1.718145,-1.032675,-0.932508,-0.630720,-0.713916,0.436630
1002,18.460000,0.099621,1.615147,-1.838805,0.060665,1.470145,-2.056592,0.755428,1.009466,-2.024045,-0.038293,1.708157,-1.085587,-0.914847,-0.662943,-0.722445,0.380746
1003,18.480000,0.107249,1.617941,-1.812922,0.040487,1.443146,-2.079445,0.757501,1.005542,-2.017991,-0.024465,1.683521,-1.113320,-0.924620,-0.709653,-0.761575,0.287576
1004,18.500000,0.086055,1.647034,-1.756995,0.014173,1.466243,-2.132394,0.743999,1.045125,-2.057112,0.060419,1.727752,-1.151118,-0.706239,-0.639791,-0.603568,0.352752
1005,18.520000,0.057540,1.655714,-1.762875,0.038155,1.452062,-2.217906,0.746443,1.055183,-2.019002,0.047174,1.695479,-1.146619,-0.631196,-0.658090,-0.555820,0.289257
1006,18.540000,0.063780,1.687265,-1.734822,0.063190,1.459512,-2.214591,0.797381,1.047451,-1.922754,-0.038557,1.689359,-1.107671,-0.684698,-0.718812,-0.662262,0.170347
1007,18.560000,0.108384,1.708745,-1.731870,0.052048,1.450105,-2.182874,0.827824,1.029946,-1.891978,-0.078388,1.709739,-1.131123,-0.746771,-0.734572,-0.765965,0.118223
1008,18.580000,0.119889,1.715594,-1.716794,0.039291,1.468147,-2.163657,0.824586,1.045678,-1.899976,-0.073307,1.734022,-1.132674,-0.663610,-0.679018,-0.722091,0.209825
1009,18.600000,0.114426,1.717659,-1.758385,0.070324,1.455433,-2.119817,0.831110,1.033894,-1.900403,-0.079598,1.707731,-1.122051,-0.676859,-0.705954,-0.762365,0.197789
1010,18.620000,0.112374,1.725448,-1.796196,0.092889,1.452348,-2.081543,0.845418,1.036645,-1.903359,-0.073155,1.707734,-1.095955,-0.682860,-0.731717,-0.802169,0.167837
1011,18.640000,0.107607,1.749011,-1.789698,0.086226,1.462734,-2.081056,0.845921,1.046839,-1.935580,-0.044649,1.739522,-1.094396,-0.610122,-0.664995,-0.727849,0.238019
1012,18.660000,0.062998,1.760719,-1.811029,0.104667,1.473423,-2.085411,0.869293,1.059407,-1.915569,-0.052041,1.753836,-1.060956,-0.569248,-0.592503,-0.678076,0.305445
1013,18.680000,0.030390,1.779284,-1.847415,0.145043,1.486715,-2.080406,0.903479,1.073944,-1.861539,-0.091632,1.759153,-1.010658,-0.597721,-0.583405,-0.724050,0.299777
1014,18.700000,0.018630,1.786597,-1.896169,0.166958,1.485325,-2.023407,0.939886,1.066192,-1.853147,-0.109554,1.784398,-0.987523,-0.622033,-0.561456,-0.747112,0.298631
1015,18.720000,0.033774,1.786322,-1.907822,0.157366,1.484102,-2.001162,0.959343,1.065781,-1.835095,-0.136836,1.778819,-0.960711,-0.680410,-0.565643,-0.792447,0.280714
1016,18.740000,0.009656,1.793990,-1.892327,0.165297,1.491219,-1.987385,0.983589,1.083246,-1.829634,-0.123246,1.790288,-0.947194,-0.659092,-0.543082,-0.765627,0.291714
1017,18.760000,-0.007137,1.795400,-1.920642,0.184844,1.473063,-1.966512,1.001001,1.080097,-1.840897,-0.118768,1.785200,-0.933628,-0.644918,-0.536253,-0.746662,0.295839
1018,18.780000,-0.019062,1.804247,-1.936409,0.204568,1.481101,-1.936990,1.027403,1.090680,-1.813372,-0.126937,1.790510,-0.909827,-0.632017,-0.525145,-0.751288,0.301122
1019,18.800000,-0.040533,1.805382,-1.957056,0.212931,1.488936,-1.911289,1.030934,1.091011,-1.796448,-0.120641,1.789312,-0.892773,-0.628410,-0.496997,-0.789280,0.318818
1020,18.820000,-0.056818,1.822163,-1.968559,0.218797,1.496761,-1.911436,1.045008,1.113894,-1.786737,-0.099862,1.815654,-0.906485,-0.578168,-0.434914,-0.745292,0.395519
1021,18.840000,-0.082741,1.827413,-1.980941,0.239637,1.499062,-1.913472,1.055343,1.124380,-1.790880,-0.092796,1.826683,-0.894451,-0.543645,-0.409246,-0.703799,0.448830
1022,18.860000,-0.110536,1.837226,-1.989140,0.257320,1.495271,-1.914262,1.093624,1.118218,-1.739853,-0.120394,1.828355,-0.847871,-0.578614,-0.411592,-0.734661,0.415743
1023,18.880000,-0.095721,1.839619,-2.006154,0.262106,1.493560,-1.872858,1.118036,1.121556,-1.716289,-0.122055,1.837879,-0.828498,-0.610857,-0.412698,-0.771302,0.392570
1024,18.900000,-0.093347,1.850964,-2.010740,0.249144,1.496818,-1.843425,1.127702,1.126831,-1.732293,-0.100440,1.873267,-0.860938,-0.593994,-0.361430,-0.731567,0.450178
1025,18.920000,-0.106646,1.831552,-2.036850,0.265579,1.478208,-1.805979,1.135803,1.109977,-1.731062,-0.101411,1.854411,-0.855213,-0.634891,-0.361172,-0.761230,0.452642
1026,18.940000,-0.104614,1.827794,-2.057072,0.275092,1.464186,-1.765289,1.158488,1.107363,-1.733724,-0.083535,1.852063,-0.851836,-0.661418,-0.366099,-0.794478,0.439703
1027,18.960000,-0.120415,1.841367,-2.064843,0.275917,1.469981,-1.776859,1.168851,1.125682,-1.774724,-0.029362,1.884229,-0.866532,-0.583174,-0.305656,-0.715348,0.498009
1028,18.980000,-0.152589,1.845558,-2.069190,0.278005,1.480679,-1.803645,1.166781,1.140296,-1.767807,-0.007711,1.904349,-0.877427,-0.502233,-0.214056,-0.620231,0.597535
1029,19.000000,-0.180922,1.856847,-2.090785,0.294001,1.489436,-1.811686,1.196902,1.161303,-1.716256,-0.017812,1.939100,-0.885152,-0.479760,-0.130320,-0.607931,0.715314
1030,19.020000,-0.204116,1.862478,-2.124167,0.302864,1.492846,-1.815804,1.216011,1.169311,-1.670728,-0.017977,1.966721,-0.872137,-0.492084,-0.062418,-0.644245,0.806237
1031,19.040000,-0.216793,1.878254,-2.151991,0.314991,1.508625,-1.802755,1.247069,1.176851,-1.655744,-0.026442,2.003797,-0.868547,-0.470852,0.011558,-0.639923,0.897985
1032,19.060000,-0.231086,1.883596,-2.160720,0.304843,1.513960,-1.823933,1.273148,1.197640,-1.635641,-0.036048,2.040291,-0.848457,-0.434435,0.096238,-0.607763,0.988991
1033,19.080000,-0.234616,1.888610,-2.176246,0.316736,1.495912,-1.815419,1.324466,1.187954,-1.568194,-0.091557,2.021977,-0.790411,-0.502379,0.094249,-0.680904,0.943193
1034,19.100000,-0.201449,1.891851,-2.169643,0.297978,1.487195,-1.743092,1.374735,1.176496,-1.564244,-0.109529,2.028182,-0.759901,-0.576531,0.070505,-0.749067,0.870278
1035,19.120000,-0.171710,1.888080,-2.174299,0.283235,1.466941,-1.672185,1.406478,1.151368,-1.596597,-0.113204,2.018642,-0.750155,-0.653053,0.044617,-0.798053,0.811200
1036,19.140000,-0.146705,1.874186,-2.182537,0.270202,1.475205,-1.575712,1.393243,1.143216,-1.646800,-0.074620,2.028647,-0.775126,-0.664756,0.079418,-0.815646,0.859890
1037,19.160000,-0.166930,1.850005,-2.226261,0.293632,1.451422,-1.504391,1.384713,1.119680,-1.693677,-0.034623,2.021444,-0.805993,-0.717917,0.092988,-0.865537,0.900372
1038,19.180000,-0.169387,1.826475,-2.274610,0.309848,1.424926,-1.423427,1.379581,1.083782,-1.755625,0.006231,1.996095,-0.819852,-0.812352,0.064406,-0.951616,0.860404
1039,19.200000,-0.180741,1.823163,-2.286426,0.305587,1.402907,-1.397657,1.371830,1.076853,-1.804921,0.062142,1.985334,-0.820234,-0.834957,0.044081,-0.946699,0.840767
1040,19.220000,-0.198378,1.807258,-2.293629,0.310408,1.371328,-1.384572,1.386698,1.057120,-1.840155,0.082855,1.939111,-0.812659,-0.882947,0.002025,-0.974218,0.753450
1041,19.240000,-0.206541,1.802014,-2.303931,0.316860,1.347089,-1.359234,1.396849,1.053857,-1.858614,0.132219,1.922495,-0.816451,-0.918565,-0.034984,-1.006987,0.661573
1042,19.260000,-0.219499,1.819134,-2.298692,0.327891,1.351467,-1.339700,1.406040,1.061286,-1.871483,0.144310,1.934305,-0.824327,-0.881648,-0.015322,-0.968225,0.678714
1043,19.280000,-0.242262,1.822867,-2.304734,0.334412,1.336759,-1.375760,1.420345,1.071698,-1.877753,0.175308,1.929083,-0.837975,-0.837370,-0.004256,-0.908784,0.683814
1044,19.300000,-0.274874,1.831440,-2.307189,0.357339,1.338044,-1.414983,1.441250,1.083503,-1.871982,0.196294,1.923272,-0.840289,-0.769024,0.003607,-0.849507,0.666562
1045,19.320000,-0.277834,1.848603,-2.290493,0.372830,1.327916,-1.412285,1.494704,1.077308,-1.803722,0.145109,1.906690,-0.815989,-0.821923,-0.026207,-0.908066,0.583697
1046,19.340000,-0.258341,1.859225,-2.279894,0.364421,1.331394,-1.385081,1.534150,1.080346,-1.776172,0.134014,1.919603,-0.817891,-0.815354,-0.017373,-0.942195,0.562534
1047,19.360000,-0.226853,1.843113,-2.276718,0.360989,1.285449,-1.351894,1.554522,1.044965,-1.738707,0.089646,1.871850,-0.806777,-0.945937,-0.096419,-1.081998,0.451471
1048,19.380000,-0.189975,1.837681,-2.263064,0.364338,1.265779,-1.248277,1.576116,1.019489,-1.766633,0.086585,1.858126,-0.829423,-0.999430,-0.154685,-1.147935,0.361783
1049,19.400000,-0.156061,1.818478,-2.240546,0.337837,1.231832,-1.211673,1.556570,1.007137,-1.807664,0.112641,1.818427,-0.838139,-0.990038,-0.187536,-1.165792,0.321690
1050,19.420000,-0.144998,1.806419,-2.247587,0.355422,1.204479,-1.122388,1.538500,0.980518,-1.855536,0.166404,1.781145,-0.871473,-1.028388,-0.225543,-1.224823,0.277786
1051,19.440000,-0.135294,1.793846,-2.240088,0.359437,1.180517,-1.053271,1.511978,0.957105,-1.898257,0.217169,1.749475,-0.900126,-1.039109,-0.252226,-1.258029,0.266863
1052,19.460000,-0.118655,1.806982,-2.202478,0.341896,1.166907,-1.021600,1.487580,0.963466,-1.944069,0.269453,1.747413,-0.939338,-0.979801,-0.257433,-1.184211,0.300730
1053,19.480000,-0.147539,1.802446,-2.209909,0.348928,1.146783,-1.018032,1.479934,0.956789,-1.936958,0.293534,1.734280,-0.938343,-0.964513,-0.261310,-1.172300,0.315731
1054,19.500000,-0.165940,1.807746,-2.221585,0.360662,1.127276,-1.032022,1.517339,0.961170,-1.916260,0.297869,1.735016,-0.921258,-0.943441,-0.259267,-1.146794,0.293378
1055,19.520000,-0.172849,1.803481,-2.222091,0.354818,1.107546,-1.033673,1.547433,0.957828,-1.906377,0.287113,1.720083,-0.909687,-0.940871,-0.279550,-1.147156,0.252197
1056,19.540000,-0.174062,1.824669,-2.209456,0.353463,1.100127,-1.016606,1.600229,0.959576,-1.863362,0.252548,1.735803,-0.891239,-0.975075,-0.260094,-1.157390,0.231593
1057,19.560000,-0.166432,1.812920,-2.217804,0.366268,1.075582,-0.963606,1.636184,0.941628,-1.835407,0.224929,1.703066,-0.880744,-1.055679,-0.300021,-1.244011,0.169879
1058,19.580000,-0.156031,1.813256,-2.199576,0.365325,1.053487,-0.903849,1.678177,0.934197,-1.832708,0.214759,1.690290,-0.872530,-1.078793,-0.347966,-1.278739,0.120520
1059,19.600000,-0.140056,1.808288,-2.195193,0.364970,1.050897,-0.854954,1.681249,0.922073,-1.864456,0.237463,1.674200,-0.879894,-1.091630,-0.373472,-1.285855,0.080514
1060,19.620000,-0.132729,1.804003,-2.192876,0.380628,1.036104,-0.782244,1.682526,0.923385,-1.870243,0.256077,1.658542,-0.899186,-1.086319,-0.379818,-1.280361,0.105712
1061,19.640000,-0.144340,1.796085,-2.206719,0.398244,1.010781,-0.734817,1.696593,0.929019,-1.908799,0.299159,1.649060,-0.914838,-1.011300,-0.360654,-1.220696,0.154193
1062,19.660000,-0.165914,1.803322,-2.203988,0.430108,1.000807,-0.715691,1.709161,0.919212,-1.862071,0.288248,1.619241,-0.895810,-1.036463,-0.407454,-1.255922,0.117234
1063,19.680000,-0.160486,1.819075,-2.181750,0.408520,0.997086,-0.683203,1.759893,0.956203,-1.863532,0.313204,1.656711,-0.881873,-0.938799,-0.356866,-1.172763,0.176195
1064,19.700000,-0.193336,1.818013,-2.192149,0.413692,0.992467,-0.731327,1.764779,0.954851,-1.858096,0.322051,1.652662,-0.884544,-0.902551,-0.322765,-1.144004,0.204591
1065,19.720000,-0.211586,1.850228,-2.197771,0.435813,1.023024,-0.720775,1.829712,0.990841,-1.806334,0.297716,1.706424,-0.854304,-0.798784,-0.212243,-1.060027,0.320262
1066,19.740000,-0.262410,1.863990,-2.205759,0.432208,1.044045,-0.772077,1.889020,1.024389,-1.755282,0.273624,1.752735,-0.790085,-0.682875,-0.090823,-0.970814,0.430823
1067,19.760000,-0.311280,1.888835,-2.246911,0.469482,1.061234,-0.756594,1.968516,1.043479,-1.678150,0.252393,1.793393,-0.748777,-0.653800,-0.006058,-0.954789,0.464887
1068,19.780000,-0.331624,1.905789,-2.285161,0.489403,1.086739,-0.718436,2.041751,1.058073,-1.595705,0.199445,1.856375,-0.691921,-0.649900,0.088947,-0.980675,0.535796
1069,19.800000,-0.339510,1.908070,-2.297590,0.492393,1.095093,-0.698435,2.105178,1.055199,-1.531728,0.137117,1.882159,-0.614280,-0.679288,0.121788,-1.021337,0.533844
1070,19.820000,-0.314349,1.918443,-2.302879,0.493843,1.111178,-0.594893,2.139552,1.067213,-1.517470,0.115024,1.930439,-0.598858,-0.693908,0.169542,-1.031728,0.584962
1071,19.840000,-0.314500,1.909250,-2.316474,0.494969,1.109706,-0.537452,2.166186,1.079057,-1.527166,0.114927,1.964618,-0.571838,-0.671361,0.219574,-1.013587,0.674117
1072,19.860000,-0.344240,1.894117,-2.360112,0.522507,1.102351,-0.489628,2.192757,1.055503,-1.536567,0.120521,1.952563,-0.533464,-0.709894,0.219445,-1.067045,0.650905
1073,19.880000,-0.342241,1.901628,-2.377471,0.529838,1.109980,-0.415794,2.204915,1.059941,-1.588855,0.152079,1.987092,-0.537635,-0.685412,0.262126,-1.039167,0.691530
1074,19.900000,-0.372891,1.894055,-2.398426,0.543988,1.093884,-0.338154,2.219694,1.051459,-1.643916,0.179504,2.009657,-0.543131,-0.698037,0.292819,-1.022098,0.764922
1075,19.920000,-0.386924,1.880627,-2.412547,0.559908,1.075230,-0.294418,2.217872,1.031000,-1.667240,0.216718,1.992619,-0.537391,-0.746712,0.277970,-1.054950,0.751734
1076,19.940000,-0.389702,1.869189,-2.416130,0.561444,1.062317,-0.261949,2.218693,1.018007,-1.709513,0.252256,1.985423,-0.553091,-0.784439,0.252787,-1.080302,0.726935
1077,19.960000,-0.386171,1.852960,-2.426499,0.568907,1.032853,-0.197194,2.219405,0.995457,-1.733671,0.253495,1.957180,-0.570275,-0.870414,0.203450,-1.153908,0.677190
1078,19.980000,-0.394593,1.856266,-2.441805,0.596414,1.001922,-0.148553,2.230925,0.981526,-1.773045,0.284885,1.950826,-0.596244,-0.929943,0.148833,-1.195223,0.619495
1079,20.000000,-0.393610,1.858417,-2.417079,0.560644,1.004881,-0.222131,2.235324,1.009768,-1.838327,0.345053,1.965633,-0.598802,-0.827688,0.188828,-1.061249,0.655359
1080,20.020000,-0.369746,1.849252,-2.402526,0.555772,0.963356,-0.215345,2.259137,1.001465,-1.812446,0.316929,1.925124,-0.606721,-0.853755,0.162326,-1.069097,0.604730
1081,20.040000,-0.367877,1.845323,-2.401906,0.539753,0.973340,-0.216860,2.277608,1.020733,-1.832072,0.351241,1.954900,-0.639723,-0.824633,0.204944,-1.040267,0.619591
1082,20.060000,-0.373922,1.861802,-2.420135,0.551313,0.961490,-0.202067,2.297537,0.998518,-1.820325,0.325264,1.965476,-0.662750,-0.840877,0.233515,-1.041965,0.645144
1083,20.080000,-0.372924,1.864989,-2.422392,0.557277,0.958785,-0.156534,2.335484,0.995663,-1.792631,0.304966,1.971798,-0.645688,-0.848489,0.250301,-1.090768,0.664684
1084,20.100000,-0.357800,1.860616,-2.426195,0.558942,0.925520,-0.111761,2.363555,0.974416,-1.792806,0.285783,1.968625,-0.648102,-0.906515,0.203189,-1.176676,0.602658
1085,20.120000,-0.328962,1.852684,-2.417905,0.547930,0.902224,-0.055161,2.393188,0.958374,-1.817960,0.279354,1.954136,-0.636362,-0.956802,0.148088,-1.231785,0.525038
1086,20.140000,-0.322626,1.856699,-2.405752,0.544958,0.854734,-0.021011,2.444082,0.955278,-1.857661,0.282723,1.924320,-0.622322,-0.984239,0.053678,-1.189701,0.384290
1087,20.160000,-0.314830,1.848833,-2.394199,0.516751,0.798191,0.012380,2.502436,0.991173,-1.900621,0.267785,1.887175,-0.598889,-0.981624,-0.080519,-1.079390,0.202079
1088,20.180000,-0.334894,1.846168,-2.391358,0.485317,0.732198,0.020543,2.576227,1.039743,-1.950636,0.278138,1.866881,-0.594678,-0.904811,-0.164732,-0.869802,0.063272
1089,20.200000,-0.371084,1.849169,-2.382688,0.477286,0.700133,0.042144,2.615510,1.064035,-1.948766,0.248863,1.837579,-0.626480,-0.858383,-0.221909,-0.714713,-0.008412
1090,20.220000,-0.421835,1.852533,-2.409472,0.483450,0.647252,0.104468,2.695045,1.070549,-1.944926,0.226696,1.808753,-0.686261,-0.866939,-0.328628,-0.665580,-0.116623
1091,20.240000,-0.468088,1.843190,-2.412925,0.467663,0.615264,0.141019,2.768747,1.095836,-1.919609,0.193636,1.773235,-0.715260,-0.819588,-0.401542,-0.630636,-0.176005
1092,20.260000,-0.512420,1.848838,-2.371063,0.424396,0.546595,0.089699,2.883051,1.163527,-1.896555,0.113221,1.728979,-0.731848,-0.706509,-0.520285,-0.470844,-0.267963
1093,20.280000,-0.560461,1.852508,-2.317512,0.359333,0.473203,0.015230,3.015559,1.221197,-1.852760,0.016960,1.675448,-0.749590,-0.562079,-0.641223,-0.263487,-0.384906
1094,20.300000,-0.586287,1.852082,-2.273999,0.296540,0.449726,-0.028904,3.109693,1.258388,-1.790493,-0.056779,1.634936,-0.813742,-0.428197,-0.672720,-0.110645,-0.428250
1095,20.320000,-0.578345,1.859842,-2.256382,0.269589,0.429111,0.020505,3.182196,1.232087,-1.703575,-0.181350,1.604354,-0.938571,-0.442370,-0.716525,-0.135919,-0.438506
1096,20.340000,-0.601524,1.839289,-2.229623,0.243585,0.413304,0.026812,3.240905,1.203477,-1.609971,-0.276672,1.530140,-1.026691,-0.531043,-0.837802,-0.265130,-0.513897
1097,20.360000,-0.526403,1.835352,-2.157560,0.198761,0.401952,0.052998,3.263672,1.210133,-1.594648,-0.324622,1.516882,-1.099990,-0.506380,-0.873040,-0.286872,-0.452976
1098,20.380000,-0.560268,1.807807,-2.160519,0.207293,0.354885,0.084134,3.201006,1.189536,-1.650030,-0.300651,1.391642,-1.313216,-0.497240,-0.945864,-0.313408,-0.395882
1099,20.400000,-0.553285,1.820874,-2.134308,0.218341,0.352861,0.124257,3.275189,1.171021,-1.574413,-0.385336,1.384724,-1.280126,-0.545505,-1.034846,-0.407984,-0.411557
1100,20.420000,-0.541008,1.824676,-2.113698,0.195888,0.324057,0.089861,3.339884,1.191084,-1.559772,-0.422679,1.400170,-1.225551,-0.504797,-1.091276,-0.409883,-0.416339
1101,20.440000,-0.600896,1.791714,-2.143215,0.193661,0.285568,0.106275,3.324463,1.184364,-1.615551,-0.381480,1.301279,-1.358137,-0.530485,-1.176512,-0.423486,-0.454848
1102,20.460000,-0.588187,1.814024,-2.147882,0.230475,0.324406,0.143200,3.343061,1.198544,-1.562840,-0.422027,1.356834,-1.242983,-0.539305,-1.149901,-0.455988,-0.435966
1103,20.480000,-0.564767,1.816843,-2.110258,0.198895,0.304131,0.112267,3.452769,1.207363,-1.476107,-0.499137,1.355740,-1.195464,-0.548121,-1.175517,-0.480627,-0.480147
1104,20.500000,-0.588476,1.782642,-2.143184,0.176572,0.302058,0.098946,3.412820,1.229999,-1.554770,-0.430624,1.324849,-1.304446,-0.486361,-1.149623,-0.406430,-0.398083
1105,20.520000,-0.608206,1.805135,-2.148315,0.225640,0.338428,0.123649,3.491369,1.228012,-1.417500,-0.522066,1.354309,-1.184019,-0.508042,-1.132308,-0.468592,-0.399176
1106,20.540000,-0.588267,1.840381,-2.115077,0.232041,0.371717,0.062605,3.546703,1.272614,-1.374472,-0.544391,1.402903,-1.126382,-0.424126,-1.073662,-0.399609,-0.350267
1107,20.560000,-0.613587,1.804445,-2.126919,0.217800,0.363094,0.058092,3.575993,1.259558,-1.320306,-0.581729,1.341137,-1.130257,-0.479761,-1.114587,-0.478752,-0.390853
1108,20.580000,-0.573755,1.831324,-2.082768,0.233199,0.387870,0.017101,3.622046,1.283223,-1.205541,-0.618942,1.380079,-1.045847,-0.527402,-1.131487,-0.547964,-0.443816
1109,20.600000,-0.532793,1.845030,-2.048566,0.246951,0.415011,-0.027204,3.607451,1.323150,-1.179941,-0.640586,1.407907,-1.032458,-0.448292,-1.097840,-0.468124,-0.380973
1110,20.620000,-0.514818,1.842762,-2.041406,0.259691,0.428038,-0.085096,3.579605,1.354410,-1.117921,-0.640886,1.416979,-1.013841,-0.387517,-1.043968,-0.422991,-0.294954
1111,20.640000,-0.550688,1.820094,-2.079005,0.290880,0.435411,-0.138796,3.532972,1.369731,-1.084963,-0.590103,1.389565,-1.041469,-0.392385,-1.022730,-0.451461,-0.264509
1112,20.660000,-0.515552,1.861036,-2.051456,0.333218,0.502359,-0.173834,3.463487,1.414669,-1.069860,-0.577240,1.487629,-0.970240,-0.223037,-0.890088,-0.291384,-0.091810
1113,20.680000,-0.535059,1.888060,-2.023280,0.351853,0.502261,-0.293153,3.468601,1.439381,-0.951838,-0.604754,1.496604,-0.904229,-0.181016,-0.874259,-0.248223,-0.082758
1114,20.700000,-0.490001,1.914476,-1.968274,0.338419,0.528392,-0.393455,3.440158,1.479906,-0.872543,-0.626703,1.530261,-0.831649,-0.103707,-0.833538,-0.166015,-0.085974
1115,20.720000,-0.480841,1.924919,-1.947960,0.361405,0.521342,-0.448873,3.389814,1.483431,-0.808919,-0.633949,1.519917,-0.831302,-0.144113,-0.886346,-0.181049,-0.165251
1116,20.740000,-0.445999,1.937983,-1.914658,0.403360,0.538431,-0.472628,3.257564,1.480502,-0.819399,-0.611729,1.519666,-0.747020,-0.145413,-0.867661,-0.158197,-0.198241
1117,20.760000,-0.365712,1.928501,-1.817128,0.371078,0.521085,-0.522787,3.204567,1.481691,-0.765686,-0.604133,1.460588,-0.772837,-0.202988,-0.996950,-0.218068,-0.355956
1118,20.780000,-0.233271,1.906439,-1.734740,0.327154,0.496972,-0.518873,3.100587,1.445693,-0.788392,-0.579502,1.407166,-0.845481,-0.277653,-1.131479,-0.327282,-0.461244
1119,20.800000,-0.074472,1.886495,-1.680576,0.300141,0.507570,-0.470331,2.927287,1.446110,-0.904489,-0.519388,1.431875,-0.914169,-0.188252,-1.084319,-0.243259,-0.305175
1120,20.820000,-0.016356,1.853166,-1.677759,0.313558,0.483625,-0.479825,2.773364,1.392079,-0.968415,-0.489455,1.367830,-0.966921,-0.203369,-1.114888,-0.279532,-0.275527
1121,20.840000,0.056619,1.840816,-1.668763,0.277978,0.497790,-0.525017,2.647783,1.393549,-1.033451,-0.435527,1.379600,-0.969823,-0.145610,-1.081798,-0.267322,-0.208921
1122,20.860000,0.044850,1.841511,-1.677094,0.262750,0.485089,-0.625746,2.577434,1.391324,-1.103266,-0.397050,1.377072,-0.984710,-0.089158,-1.066350,-0.203647,-0.184710
1123,20.880000,0.033423,1.825013,-1.694963,0.243981,0.463103,-0.701327,2.507143,1.366749,-1.114619,-0.376756,1.347118,-0.979242,-0.169270,-1.119355,-0.282070,-0.269004
1124,20.900000,0.091973,1.832472,-1.641125,0.192809,0.472951,-0.772129,2.433081,1.360655,-1.153686,-0.368138,1.372186,-0.990081,-0.189752,-1.114036,-0.271760,-0.316469
1125,20.920000,0.155291,1.812686,-1.598780,0.148843,0.462698,-0.820490,2.350599,1.355194,-1.201355,-0.381278,1.371401,-1.008957,-0.193936,-1.108045,-0.226521,-0.302852
1126,20.940000,0.221447,1.803465,-1.560248,0.122883,0.475344,-0.851673,2.252583,1.350928,-1.213770,-0.388502,1.366288,-1.024148,-0.193530,-1.092260,-0.213085,-0.279728
1127,20.960000,0.266750,1.792801,-1.529145,0.091544,0.479959,-0.916187,2.148993,1.342516,-1.215620,-0.384267,1.351859,-1.037089,-0.179878,-1.089584,-0.215626,-0.281161
1128,20.980000,0.317990,1.799336,-1.520540,0.079020,0.490958,-0.920820,2.076680,1.345246,-1.223829,-0.393759,1.382133,-1.055127,-0.167586,-1.062886,-0.189203,-0.227653
1129,21.000000,0.336349,1.793482,-1.504082,0.050819,0.488632,-0.965824,1.987322,1.332708,-1.219804,-0.400446,1.367957,-1.042328,-0.191891,-1.087580,-0.233159,-0.239666
1130,21.020000,0.391615,1.797322,-1.498655,0.028688,0.483660,-0.950623,1.917277,1.315602,-1.191764,-0.420465,1.356968,-1.047542,-0.276986,-1.151453,-0.325681,-0.300395
1131,21.040000,0.437609,1.777174,-1.491575,-0.002287,0.466235,-0.975647,1.825950,1.307956,-1.233943,-0.388853,1.350792,-1.059951,-0.311808,-1.196057,-0.365256,-0.320428
1132,21.060000,0.522551,1.779918,-1.441736,-0.046581,0.482932,-0.994192,1.734804,1.316273,-1.272842,-0.379597,1.378489,-1.036921,-0.260657,-1.141942,-0.316536,-0.237210
1133,21.080000,0.549711,1.789428,-1.413350,-0.066864,0.494844,-1.075129,1.649345,1.347820,-1.273403,-0.363084,1.391566,-1.021281,-0.127175,-1.057463,-0.188234,-0.147954
1134,21.100000,0.538024,1.797632,-1.447998,-0.073707,0.522998,-1.138697,1.598301,1.377001,-1.258735,-0.356694,1.433209,-0.998488,-0.039791,-0.973747,-0.097456,-0.044849
1135,21.120000,0.486731,1.825619,-1.479208,-0.072891,0.556829,-1.210420,1.592359,1.400409,-1.205613,-0.367949,1.467651,-0.950493,0.041868,-0.901278,-0.031819,0.013697
1136,21.140000,0.444092,1.862607,-1.474262,-0.087543,0.607648,-1.306154,1.583225,1.448241,-1.148215,-0.373901,1.523494,-0.912587,0.205640,-0.776090,0.121836,0.122337
1137,21.160000,0.301205,1.888186,-1.519393,-0.045443,0.637166,-1.394562,1.634454,1.471308,-1.067933,-0.408705,1.547006,-0.862482,0.253812,-0.767054,0.173018,0.100720
1138,21.180000,0.215321,1.900200,-1.519135,-0.042048,0.669442,-1.468302,1.666151,1.494711,-0.948564,-0.436406,1.544125,-0.794947,0.263605,-0.797112,0.131217,-0.002529
1139,21.200000,0.181597,1.924850,-1.504883,-0.049659,0.691502,-1.492999,1.676181,1.515635,-0.887084,-0.462207,1.574199,-0.775375,0.290973,-0.789660,0.122959,-0.030141
1140,21.220000,0.147511,1.934266,-1.468089,-0.031245,0.718719,-1.495484,1.641147,1.508873,-0.879769,-0.467797,1.559146,-0.781895,0.312357,-0.840294,0.118525,-0.085299
1141,21.240000,0.170316,1.928642,-1.447657,-0.020124,0.736342,-1.450925,1.564577,1.495456,-0.883929,-0.459179,1.558270,-0.799223,0.296253,-0.865222,0.075903,-0.073340
1142,21.260000,0.204718,1.915331,-1.459152,-0.011179,0.743474,-1.395079,1.467351,1.466827,-0.919288,-0.437014,1.558213,-0.818487,0.260141,-0.861735,0.031373,-0.020153
1143,21.280000,0.217629,1.893252,-1.479749,-0.004007,0.755053,-1.356995,1.367491,1.443195,-0.972099,-0.396913,1.548855,-0.828762,0.220120,-0.861960,-0.013653,0.022078
1144,21.300000,0.214063,1.870278,-1.506050,0.007621,0.738769,-1.331878,1.273358,1.402147,-1.029962,-0.350300,1.503955,-0.836798,0.099081,-0.945877,-0.141939,-0.022296
1145,21.320000,0.216244,1.877401,-1.488296,-0.003476,0.743176,-1.364521,1.225166,1.407239,-1.087497,-0.283879,1.513677,-0.832377,0.085338,-0.974504,-0.143892,-0.057900
1146,21.340000,0.227037,1.863481,-1.472461,-0.021607,0.729220,-1.450242,1.156164,1.404985,-1.182913,-0.220879,1.492317,-0.832794,0.134521,-0.984172,-0.053192,-0.056700
1147,21.360000,0.222748,1.860589,-1.455752,-0.009959,0.728084,-1.511451,1.100723,1.392370,-1.218488,-0.205050,1.463309,-0.858708,0.091154,-1.034535,-0.070494,-0.126026
1148,21.380000,0.284328,1.850346,-1.414114,-0.053811,0.725294,-1.590400,1.043216,1.392287,-1.243486,-0.185422,1.461592,-0.873309,0.092154,-1.016867,-0.044513,-0.136510
1149,21.400000,0.313516,1.858338,-1.377829,-0.068016,0.737253,-1.686566,0.990006,1.394960,-1.298639,-0.167631,1.477230,-0.922397,0.162013,-0.974174,0.098070,-0.088197
1150,21.420000,0.335079,1.854270,-1.333918,-0.084108,0.765933,-1.775039,0.936240,1.412815,-1.290326,-0.175228,1.474541,-0.948813,0.233847,-0.924549,0.186096,-0.026400
1151,21.440000,0.346655,1.863974,-1.307064,-0.091010,0.800746,-1.854018,0.907288,1.431637,-1.239623,-0.196130,1.494759,-0.966229,0.306812,-0.875592,0.246616,0.035841
1152,21.460000,0.339257,1.878289,-1.291598,-0.091750,0.827764,-1.907510,0.906537,1.454494,-1.145759,-0.243666,1.516181,-0.962780,0.335643,-0.853253,0.280764,0.098438
1153,21.480000,0.338270,1.881381,-1.295755,-0.112423,0.863643,-1.962519,0.885747,1.463729,-1.087925,-0.248618,1.525918,-0.954082,0.376989,-0.851714,0.273798,0.110089
1154,21.500000,0.303740,1.901731,-1.298903,-0.086162,0.884036,-1.981584,0.891149,1.489159,-0.993394,-0.286715,1.534889,-0.941192,0.360255,-0.873689,0.230383,0.120409
1155,21.520000,0.317354,1.922535,-1.278341,-0.111400,0.899498,-1.981466,0.897901,1.494450,-0.970336,-0.298625,1.565292,-0.897506,0.412211,-0.851859,0.241665,0.137706
1156,21.540000,0.294176,1.927823,-1.276051,-0.101231,0.907864,-1.996091,0.871889,1.495766,-1.004499,-0.280680,1.552716,-0.868763,0.463061,-0.874404,0.274547,0.097034
1157,21.560000,0.261027,1.938534,-1.269762,-0.083247,0.941509,-2.000436,0.852028,1.510181,-0.999803,-0.269291,1.570346,-0.829174,0.530035,-0.854758,0.313197,0.082957
1158,21.580000,0.249294,1.925764,-1.318625,-0.068762,0.949626,-1.976416,0.817128,1.492499,-1.005261,-0.261151,1.557431,-0.804345,0.488823,-0.882317,0.268773,0.048041
1159,21.600000,0.263481,1.917870,-1.355930,-0.066423,0.970007,-1.908216,0.783550,1.475404,-1.059635,-0.227088,1.571889,-0.802421,0.419495,-0.877433,0.220692,0.058638
1160,21.620000,0.281901,1.900636,-1.380431,-0.072402,0.970755,-1.889223,0.724487,1.453718,-1.122217,-0.195522,1.562284,-0.803659,0.367594,-0.872023,0.189966,0.071201
1161,21.640000,0.265069,1.872197,-1.401678,-0.056204,0.963443,-1.868516,0.657357,1.416612,-1.132861,-0.177408,1.524976,-0.805432,0.213111,-0.932048,0.088720,-0.003862
1162,21.660000,0.280734,1.857707,-1.362829,-0.067095,0.951219,-1.884659,0.599052,1.405834,-1.215803,-0.098871,1.507480,-0.819992,0.181242,-0.975432,0.079424,-0.033527
1163,21.680000,0.331097,1.842574,-1.328821,-0.092540,0.930001,-1.896604,0.533321,1.372838,-1.266478,-0.068695,1.463282,-0.847528,0.100896,-1.020230,0.034012,-0.100059
1164,21.700000,0.361772,1.819357,-1.294938,-0.085511,0.908949,-1.936869,0.456889,1.354997,-1.332639,-0.016245,1.413319,-0.873289,0.064889,-1.092656,0.046750,-0.166026
1165,21.720000,0.396562,1.824821,-1.207297,-0.116145,0.914865,-2.022954,0.398468,1.346407,-1.383686,0.015014,1.405741,-0.918844,0.087427,-1.098881,0.094999,-0.194665
1166,21.740000,0.460632,1.822668,-1.141884,-0.143211,0.932538,-2.118684,0.332174,1.359516,-1.411999,0.040853,1.418365,-0.982939,0.195700,-1.016462,0.234576,-0.093266
1167,21.760000,0.469173,1.811088,-1.157964,-0.133270,0.944701,-2.200247,0.276120,1.367184,-1.392810,0.025103,1.413485,-1.004729,0.235304,-0.983035,0.292480,-0.022704
1168,21.780000,0.456096,1.830466,-1.174939,-0.124097,0.975356,-2.276577,0.292058,1.386501,-1.324493,-0.004273,1.432657,-0.985621,0.269924,-0.973306,0.313096,-0.026339
1169,21.800000,0.425041,1.847036,-1.170723,-0.127499,0.989393,-2.340531,0.317863,1.394341,-1.263364,-0.030426,1.427223,-0.962223,0.278830,-1.013491,0.307134,-0.102714
1170,21.820000,0.424756,1.862416,-1.144568,-0.128643,0.997908,-2.396024,0.321836,1.410322,-1.236611,-0.052719,1.414382,-0.959246,0.331909,-1.056593,0.327425,-0.162481
1171,21.840000,0.477131,1.877545,-1.075910,-0.150352,1.025732,-2.418311,0.291192,1.431480,-1.189387,-0.090290,1.442944,-0.979369,0.404990,-1.018512,0.354433,-0.100863
1172,21.860000,0.489758,1.896816,-1.065443,-0.149662,1.056766,-2.415849,0.273833,1.452947,-1.183562,-0.103781,1.468199,-0.974383,0.514580,-0.950229,0.423811,0.010608
1173,21.880000,0.475235,1.883747,-1.146317,-0.124083,1.067821,-2.399213,0.253959,1.446204,-1.110905,-0.137528,1.440204,-0.932092,0.456126,-0.984229,0.347425,-0.017018
1174,21.900000,0.461423,1.894158,-1.149442,-0.126328,1.098938,-2.411095,0.253671,1.474187,-1.108522,-0.118610,1.476462,-0.898968,0.546793,-0.963140,0.377595,0.015197
1175,21.920000,0.443060,1.899703,-1.171322,-0.123277,1.105536,-2.426817,0.226717,1.475886,-1.104865,-0.118957,1.445431,-0.867611,0.553552,-0.987911,0.355410,-0.005819
1176,21.940000,0.429778,1.905005,-1.176513,-0.105821,1.124142,-2.413555,0.218078,1.478505,-1.088460,-0.118521,1.440154,-0.830133,0.548142,-1.022001,0.311396,-0.059698
1177,21.960000,0.429522,1.901141,-1.167235,-0.104594,1.117360,-2.387861,0.187382,1.459164,-1.094750,-0.107417,1.427320,-0.809597,0.458144,-1.086351,0.242290,-0.136230
1178,21.980000,0.463209,1.890587,-1.154778,-0.114631,1.106177,-2.365015,0.150979,1.432449,-1.156338,-0.071126,1.406350,-0.803288,0.459528,-1.115851,0.252321,-0.184330
1179,22.000000,0.509089,1.878554,-1.141179,-0.121974,1.098149,-2.365192,0.094395,1.425335,-1.177476,-0.046919,1.388260,-0.815308,0.423197,-1.128593,0.248066,-0.201246
1180,22.020000,0.519629,1.851818,-1.149761,-0.110526,1.077371,-2.360412,0.031821,1.386499,-1.219439,-0.024901,1.325047,-0.830438,0.311940,-1.223400,0.161964,-0.293417
1181,22.040000,0.584766,1.847742,-1.100607,-0.129392,1.067664,-2.330104,0.000959,1.370744,-1.239302,0.009415,1.319756,-0.854096,0.242361,-1.248237,0.147763,-0.335371
1182,22.060000,0.637564,1.842091,-1.024039,-0.178037,1.066193,-2.379117,-0.047908,1.365707,-1.320309,0.042086,1.305779,-0.883859,0.320015,-1.192070,0.226738,-0.290280
1183,22.080000,0.613334,1.831390,-1.015918,-0.161780,1.059626,-2.443470,-0.093027,1.354154,-1.322210,0.060413,1.264515,-0.915092,0.289447,-1.225500,0.234828,-0.338245
1184,22.100000,0.617319,1.817051,-1.016596,-0.150880,1.051797,-2.455492,-0.122077,1.334950,-1.316674,0.062568,1.243602,-0.912025,0.221338,-1.269629,0.200793,-0.400678
1185,22.120000,0.630209,1.814800,-0.982633,-0.158723,1.044733,-2.479410,-0.144315,1.321444,-1.319136,0.076561,1.222661,-0.937788,0.174166,-1.318482,0.183104,-0.451866
1186,22.140000,0.685827,1.829451,-0.917072,-0.184468,1.044904,-2.496792,-0.151340,1.323620,-1.333865,0.071626,1.230974,-0.989666,0.204345,-1.298470,0.217469,-0.408372
1187,22.160000,0.725197,1.808994,-0.947941,-0.181877,1.037921,-2.498673,-0.194106,1.310297,-1.330105,0.062976,1.193024,-1.002946,0.167745,-1.339453,0.173426,-0.438268
1188,22.180000,0.788800,1.816237,-0.918774,-0.199532,1.049324,-2.512761,-0.199285,1.331741,-1.368568,0.060053,1.225540,-1.011251,0.264742,-1.299036,0.250437,-0.370545
1189,22.200000,0.778841,1.817791,-0.932030,-0.213189,1.051053,-2.600116,-0.205923,1.344522,-1.354443,0.041075,1.206039,-1.017488,0.312579,-1.314851,0.268513,-0.395725
1190,22.220000,0.748216,1.826311,-0.938439,-0.200291,1.063041,-2.629054,-0.163640,1.363836,-1.308110,-0.000688,1.221118,-0.999915,0.378351,-1.310906,0.317223,-0.412926
1191,22.240000,0.727638,1.820942,-0.968745,-0.180290,1.069477,-2.663319,-0.196754,1.366453,-1.241386,-0.032606,1.194266,-0.992416,0.345599,-1.362314,0.283019,-0.436753
1192,22.260000,0.760263,1.846549,-0.912204,-0.187103,1.082025,-2.628632,-0.180100,1.377345,-1.181798,-0.058957,1.197313,-0.983393,0.381343,-1.353927,0.261312,-0.415487
1193,22.280000,0.763049,1.867993,-0.862900,-0.188375,1.071296,-2.639596,-0.174837,1.382584,-1.158246,-0.058706,1.179572,-0.954109,0.435772,-1.370792,0.259937,-0.438103
1194,22.300000,0.751207,1.881632,-0.845097,-0.172241,1.062356,-2.625527,-0.189075,1.375373,-1.112366,-0.062630,1.149271,-0.924123,0.408048,-1.412973,0.205271,-0.486511
1195,22.320000,0.802902,1.893476,-0.820764,-0.190042,1.054884,-2.621387,-0.195818,1.380911,-1.131684,-0.038065,1.153900,-0.924882,0.471256,-1.387509,0.210425,-0.487747
1196,22.340000,0.806113,1.885507,-0.840209,-0.178347,1.056695,-2.625333,-0.222122,1.366405,-1.140077,-0.054949,1.119507,-0.917073,0.467607,-1.416940,0.166202,-0.525380
1197,22.360000,0.829926,1.890089,-0.822652,-0.175801,1.067256,-2.642395,-0.235621,1.379658,-1.142122,-0.041183,1.129550,-0.895393,0.527792,-1.394985,0.214247,-0.535014
1198,22.380000,0.875009,1.885862,-0.846644,-0.190381,1.061904,-2.673280,-0.266751,1.389044,-1.192393,-0.034044,1.137900,-0.903939,0.596215,-1.355961,0.294047,-0.510330
1199,22.400000,0.879540,1.881001,-0.857648,-0.180218,1.072538,-2.693204,-0.278114,1.393954,-1.171639,-0.052743,1.114221,-0.907633,0.589111,-1.386007,0.300020,-0.537296
1200,22.420000,0.892549,1.890112,-0.838389,-0.180148,1.088872,-2.741912,-0.281039,1.414354,-1.161877,-0.062325,1.123624,-0.896499,0.677766,-1.379923,0.366634,-0.549325
1201,22.440000,0.908672,1.900447,-0.844458,-0.183107,1.095014,-2.785323,-0.290110,1.429988,-1.143091,-0.090699,1.126065,-0.893399,0.758454,-1.363096,0.423371,-0.534449
1202,22.460000,0.927050,1.905776,-0.847975,-0.178128,1.118769,-2.813659,-0.300204,1.457868,-1.102062,-0.112229,1.126335,-0.898142,0.836241,-1.365545,0.456069,-0.509891
1203,22.480000,0.936227,1.921289,-0.858010,-0.164049,1.132651,-2.845045,-0.306689,1.469289,-1.027303,-0.168734,1.112556,-0.908818,0.830767,-1.405792,0.404299,-0.527846
1204,22.500000,0.981161,1.934134,-0.817953,-0.183880,1.156083,-2.871422,-0.300247,1.506766,-1.003723,-0.196178,1.143204,-0.895259,0.937776,-1.366568,0.452728,-0.457898
1205,22.520000,0.952188,1.956880,-0.807019,-0.174353,1.154035,-2.919856,-0.300326,1.519784,-0.918287,-0.254405,1.118561,-0.910732,0.940527,-1.396313,0.407553,-0.451154
1206,22.540000,0.995905,1.963698,-0.796812,-0.186220,1.175594,-2.905457,-0.305366,1.525247,-0.867740,-0.270322,1.122143,-0.926765,0.919211,-1.419703,0.332130,-0.446801
1207,22.560000,1.017931,1.982853,-0.746566,-0.215401,1.170567,-2.933394,-0.306893,1.527308,-0.860845,-0.296498,1.142387,-0.933199,0.963659,-1.381392,0.357063,-0.401173
1208,22.580000,0.993664,1.991318,-0.711669,-0.200452,1.165411,-2.931809,-0.312426,1.517232,-0.873803,-0.279163,1.118086,-0.939095,0.966581,-1.390191,0.373855,-0.414458
1209,22.600000,0.986567,2.006775,-0.670676,-0.199819,1.171483,-2.935170,-0.308341,1.521214,-0.880679,-0.258590,1.118707,-0.929827,1.004177,-1.377562,0.425461,-0.430274
1210,22.620000,0.975404,2.009429,-0.665174,-0.196099,1.170044,-2.943940,-0.317400,1.516188,-0.905682,-0.234861,1.103951,-0.928640,1.032461,-1.370005,0.470495,-0.450425
1211,22.640000,0.998767,2.011199,-0.657779,-0.203632,1.178896,-2.962862,-0.333389,1.518229,-0.922171,-0.225903,1.101423,-0.934010,1.059692,-1.354874,0.491835,-0.454774
1212,22.660000,0.976529,2.007097,-0.674396,-0.177320,1.188302,-2.945131,-0.344664,1.509764,-0.921998,-0.221089,1.098038,-0.925161,1.009676,-1.361220,0.496872,-0.469109
1213,22.680000,0.995065,2.008730,-0.674211,-0.166930,1.199764,-2.931789,-0.359788,1.516957,-0.936275,-0.183941,1.096739,-0.918528,1.002377,-1.353736,0.539793,-0.444428
1214,22.700000,1.037423,2.008995,-0.688625,-0.173326,1.200575,-2.940594,-0.382084,1.517796,-0.970746,-0.153743,1.098365,-0.946319,1.013604,-1.326073,0.565903,-0.389699
1215,22.720000,1.023807,1.992233,-0.718495,-0.153625,1.212266,-2.965609,-0.412831,1.518413,-0.965702,-0.146424,1.075348,-0.940152,1.009636,-1.330460,0.559624,-0.386749
1216,22.740000,1.041557,2.000659,-0.698930,-0.149790,1.214377,-3.007971,-0.420330,1.541594,-1.012676,-0.119390,1.076950,-0.952847,1.087299,-1.331574,0.606184,-0.393982
1217,22.760000,1.002518,1.998330,-0.708869,-0.115676,1.217727,-3.021555,-0.436169,1.531617,-0.977714,-0.113043,1.060469,-0.963932,1.010873,-1.398482,0.586926,-0.451556
1218,22.780000,1.046232,1.998214,-0.677233,-0.121104,1.217443,-2.987896,-0.449433,1.523692,-0.962159,-0.093076,1.061838,-0.978024,0.968708,-1.399859,0.577476,-0.419251
1219,22.800000,1.122367,1.999507,-0.654635,-0.145636,1.203896,-2.963495,-0.460195,1.520353,-0.995235,-0.075395,1.060690,-1.002434,0.977009,-1.351141,0.580649,-0.347079
1220,22.820000,1.179056,1.995812,-0.627810,-0.179392,1.186357,-2.968599,-0.474068,1.516874,-1.030177,-0.057253,1.053573,-1.008641,1.029986,-1.314458,0.630853,-0.329858
1221,22.840000,1.192167,2.009217,-0.581758,-0.186756,1.171541,-2.989172,-0.445722,1.532138,-1.067266,-0.029101,1.059085,-1.019120,1.086263,-1.293360,0.731492,-0.343513
1222,22.860000,1.189305,2.016485,-0.558461,-0.193525,1.176776,-3.036578,-0.424058,1.554950,-1.083211,-0.027047,1.056404,-1.004272,1.226798,-1.264311,0.869098,-0.362977
1223,22.880000,1.164939,2.026992,-0.561394,-0.171230,1.187482,-3.085477,-0.415401,1.582992,-1.032311,-0.073602,1.049845,-1.028376,1.264242,-1.293507,0.888439,-0.413480
1224,22.900000,1.185985,2.021738,-0.600334,-0.153939,1.200637,-3.103432,-0.421495,1.591059,-0.988817,-0.125548,1.053149,-1.035745,1.264757,-1.314074,0.840634,-0.416232
1225,22.920000,1.199249,2.030877,-0.597239,-0.152602,1.218463,-3.117665,-0.430766,1.601145,-0.920036,-0.184007,1.049569,-1.068919,1.214929,-1.332187,0.741277,-0.391735
1226,22.940000,1.218453,2.037681,-0.563372,-0.163006,1.219687,-3.103607,-0.426852,1.600005,-0.878506,-0.202516,1.049153,-1.093565,1.196784,-1.324291,0.681823,-0.349077
1227,22.960000,1.195634,2.054857,-0.553145,-0.162079,1.217548,-3.103075,-0.418417,1.598844,-0.868748,-0.198365,1.040105,-1.065720,1.228025,-1.330888,0.687819,-0.356865
1228,22.980000,1.197473,2.073514,-0.516370,-0.155174,1.197789,-3.114175,-0.417657,1.611902,-0.928194,-0.168843,1.027638,-1.063863,1.334474,-1.335850,0.754653,-0.396727
1229,23.000000,1.139394,2.017505,-0.507703,-0.105359,1.218537,-3.142498,-0.474101,1.597161,-0.987992,-0.074477,1.018516,-1.169363,1.355339,-1.334881,0.779657,-0.398562
1230,23.020000,1.181681,2.056137,-0.528271,-0.112048,1.207753,-3.156259,-0.482843,1.600326,-1.018950,-0.127131,1.003451,-1.118292,1.356825,-1.367700,0.805330,-0.436187
1231,23.040000,1.239592,2.062809,-0.525714,-0.136192,1.209848,-3.139774,-0.465735,1.609682,-1.050315,-0.174772,1.041176,-1.084391,1.383317,-1.318184,0.878067,-0.440641
1232,23.060000,1.236625,2.036746,-0.550808,-0.132357,1.225025,-3.163236,-0.499147,1.613818,-1.030419,-0.167198,1.048065,-1.138432,1.373002,-1.267623,0.907320,-0.360161
1233,23.080000,1.273657,2.047406,-0.607912,-0.132814,1.232713,-3.174826,-0.490638,1.639277,-1.043873,-0.224264,1.057343,-1.093132,1.426667,-1.233482,0.951529,-0.317793
1234,23.100000,1.263500,2.067677,-0.650066,-0.126754,1.246292,-3.214173,-0.469294,1.661535,-0.992357,-0.280722,1.056762,-1.050198,1.417594,-1.268972,0.920667,-0.385754
1235,23.120000,1.269815,2.072113,-0.642727,-0.132244,1.242724,-3.230336,-0.465353,1.673920,-0.977770,-0.298809,1.056008,-1.035025,1.460121,-1.296982,0.946303,-0.429685
1236,23.140000,1.296571,2.076138,-0.652783,-0.143371,1.248806,-3.248498,-0.488594,1.679216,-1.014235,-0.325775,1.066877,-1.025522,1.523363,-1.277926,0.987402,-0.427738
1237,23.160000,1.308782,2.068431,-0.683284,-0.132156,1.254951,-3.265761,-0.514069,1.680099,-1.017789,-0.355998,1.069314,-1.030188,1.537658,-1.267030,0.990577,-0.423912
1238,23.180000,1.258044,2.019305,-0.688059,-0.079841,1.289700,-3.310677,-0.569668,1.693141,-1.006120,-0.311863,1.084167,-1.124964,1.535875,-1.240217,0.989837,-0.339028
1239,23.200000,1.308914,2.080923,-0.733220,-0.096827,1.291744,-3.282558,-0.559112,1.690952,-0.987229,-0.348164,1.085808,-1.058345,1.488761,-1.239261,0.988584,-0.328673
1240,23.220000,1.332205,2.075675,-0.736355,-0.094073,1.284679,-3.272698,-0.561495,1.690559,-0.996730,-0.325347,1.102533,-1.058532,1.446101,-1.220640,1.005399,-0.309063
1241,23.240000,1.431100,2.131066,-0.751083,-0.140082,1.251071,-3.253631,-0.533358,1.715662,-1.013914,-0.331038,1.118631,-0.947784,1.520575,-1.195540,1.125528,-0.319534
1242,23.260000,1.444563,2.138707,-0.771513,-0.139747,1.223188,-3.221905,-0.516531,1.714124,-1.038438,-0.296543,1.125832,-0.839410,1.580170,-1.147116,1.274447,-0.382502
1243,23.280000,1.503909,2.161486,-0.818256,-0.138123,1.209991,-3.195906,-0.512509,1.739577,-1.021592,-0.288167,1.135592,-0.730056,1.636109,-1.067936,1.392283,-0.390908
1244,23.300000,1.594992,2.179958,-0.859164,-0.137450,1.209491,-3.152410,-0.503804,1.761215,-0.997966,-0.270992,1.143014,-0.666859,1.656711,-0.996484,1.453352,-0.365445
1245,23.320000,1.641006,2.159098,-0.886631,-0.104923,1.193068,-3.173851,-0.518121,1.757998,-0.990460,-0.238935,1.106586,-0.680818,1.624844,-1.005508,1.407689,-0.365984
1246,23.340000,1.742640,2.088606,-0.919497,-0.079736,1.229276,-3.209832,-0.545033,1.741883,-1.092839,-0.197193,1.155823,-0.758860,1.606450,-0.896356,1.444277,-0.209258
1247,23.360000,1.780067,2.190380,-0.965138,-0.064557,1.192332,-3.209580,-0.482223,1.783736,-0.960646,-0.274864,1.140228,-0.650519,1.574666,-0.912615,1.509024,-0.182959
1248,23.380000,1.851641,2.203685,-0.993162,-0.043108,1.181309,-3.207160,-0.404078,1.828720,-0.876761,-0.333446,1.169191,-0.600320,1.649664,-0.849687,1.546402,-0.163553
1249,23.400000,1.878121,2.189375,-1.021442,0.015289,1.207238,-3.293777,-0.367009,1.905895,-0.818944,-0.341118,1.191618,-0.721224,1.767524,-0.768389,1.592599,0.016234
1250,23.420000,1.925989,2.268674,-1.062578,0.030971,1.201098,-3.297649,-0.259621,1.954202,-0.713929,-0.470606,1.211964,-0.651796,1.797431,-0.745277,1.573608,0.057085
1251,23.440000,1.953469,2.316180,-1.035491,0.045029,1.200972,-3.306518,-0.150849,2.015891,-0.586465,-0.570374,1.251547,-0.632785,1.865413,-0.684661,1.569495,0.106743
1252,23.460000,1.919162,2.336162,-1.052151,0.099906,1.209610,-3.346742,-0.059465,2.066975,-0.523521,-0.648130,1.270760,-0.674464,1.953101,-0.658152,1.563299,0.174783
1253,23.480000,1.865632,2.367726,-1.048180,0.138744,1.216686,-3.366747,0.031341,2.105089,-0.432654,-0.713399,1.268317,-0.713930,1.976133,-0.675675,1.502670,0.192601
1254,23.500000,1.815740,2.386458,-1.027165,0.198261,1.229719,-3.317736,0.068097,2.103171,-0.366204,-0.699360,1.275488,-0.750188,1.876820,-0.689159,1.414837,0.230279
1255,23.520000,1.832113,2.417559,-0.963289,0.205968,1.204306,-3.255572,0.088092,2.104611,-0.384489,-0.646662,1.288636,-0.787352,1.887262,-0.634296,1.413668,0.332070
1256,23.540000,1.783869,2.396961,-0.928979,0.251334,1.196957,-3.220715,0.070111,2.103272,-0.460181,-0.541243,1.266843,-0.846256,1.910479,-0.600471,1.480486,0.396874
1257,23.560000,1.833480,2.471533,-0.926467,0.244413,1.176001,-3.131239,0.082559,2.090953,-0.472062,-0.539422,1.266419,-0.728066,1.921641,-0.557000,1.529876,0.411094
1258,23.580000,1.931260,2.475862,-0.936089,0.206891,1.146430,-3.074551,0.089808,2.091601,-0.555356,-0.524436,1.296040,-0.680373,1.956975,-0.480377,1.592080,0.450427
1259,23.600000,1.921928,2.426986,-0.968755,0.193829,1.139511,-3.082147,0.089557,2.088225,-0.632692,-0.503978,1.263972,-0.709973,1.984946,-0.477653,1.638036,0.441694
1260,23.620000,1.906866,2.360501,-1.020978,0.209384,1.147744,-3.093491,0.097294,2.080580,-0.687688,-0.477694,1.252455,-0.797869,1.913215,-0.488686,1.621648,0.466991
1261,23.640000,1.879222,2.415890,-1.081077,0.243774,1.252102,-3.025153,0.146964,2.072094,-0.721067,-0.573495,1.242560,-0.661790,1.867400,-0.473730,1.665996,0.438660
1262,23.660000,1.957000,2.410558,-1.078232,0.148303,1.152289,-3.015203,0.225730,2.107477,-0.744505,-0.622595,1.294374,-0.677375,1.918627,-0.416700,1.741457,0.473578
1263,23.680000,1.991799,2.369177,-1.077800,0.104280,1.147571,-3.041880,0.230730,2.110378,-0.744303,-0.675502,1.293393,-0.731025,1.936706,-0.409042,1.759315,0.521720
1264,23.700000,1.958140,2.327445,-1.091436,0.108603,1.138488,-3.010376,0.296640,2.077975,-0.747690,-0.737423,1.304385,-0.761715,1.867133,-0.401410,1.739772,0.578950
1265,23.720000,1.916531,2.319003,-1.061196,0.095254,1.154358,-3.040785,0.352462,2.145182,-0.670370,-0.739926,1.334679,-0.906587,1.899702,-0.328448,1.756822,0.706783
1266,23.740000,1.810755,2.356512,-1.143620,0.058246,1.119912,-3.014591,0.343625,2.136392,-0.757583,-0.674267,1.303088,-0.848987,1.926616,-0.318104,1.815819,0.650900
1267,23.760000,1.910999,2.283507,-1.091993,0.030989,1.167900,-2.994264,0.324315,1.972905,-0.978605,-0.736985,1.304169,-0.855478,1.816689,-0.346573,1.769511,0.576846
1268,23.780000,1.908953,2.324778,-0.985944,-0.013871,1.122500,-3.018677,0.387245,2.079393,-0.761126,-0.800609,1.324602,-0.948050,1.852806,-0.358733,1.766354,0.601355
1269,23.800000,1.842441,2.331366,-1.071565,-0.072908,1.064457,-2.978455,0.362523,2.087785,-0.801785,-0.743038,1.301311,-0.943954,1.877906,-0.363932,1.785269,0.564936
1270,23.820000,1.948382,2.227154,-1.056862,-0.114694,1.064753,-2.985019,0.338618,1.934350,-1.016536,-0.781964,1.277924,-0.995782,1.756228,-0.439548,1.725699,0.517303
1271,23.840000,1.917291,2.239971,-0.967176,-0.106336,1.075434,-3.011004,0.371044,2.033226,-0.810888,-0.801616,1.280807,-1.121677,1.747820,-0.467165,1.701631,0.570386
1272,23.860000,1.864735,2.266225,-1.087775,-0.142991,1.024187,-2.967540,0.317568,2.049625,-0.896543,-0.736268,1.260061,-1.087633,1.765574,-0.497500,1.719816,0.541773
1273,23.880000,1.896896,2.247258,-1.073400,-0.113111,1.082348,-2.970308,0.383899,2.057622,-0.786568,-0.849243,1.271011,-1.129917,1.664397,-0.546907,1.625523,0.541568
1274,23.900000,1.908611,2.292869,-1.021476,-0.145305,1.022726,-2.982898,0.415952,2.061096,-0.763241,-0.919718,1.274322,-1.114458,1.662660,-0.596895,1.562988,0.491948
1275,23.920000,1.906556,2.281584,-1.033918,-0.161286,1.015853,-2.929383,0.359828,2.057160,-0.820158,-0.817073,1.288412,-1.141953,1.636132,-0.560197,1.587862,0.527426
1276,23.940000,1.955950,2.305861,-1.007908,-0.166882,1.020787,-2.933415,0.350352,2.055997,-0.795334,-0.875518,1.306487,-1.114541,1.646547,-0.505496,1.605366,0.577269
1277,23.960000,1.936700,2.249826,-0.995050,-0.157285,1.004345,-2.955014,0.310838,1.971655,-0.954206,-0.796998,1.281150,-1.133056,1.644611,-0.472965,1.603104,0.549652
1278,23.980000,1.982200,2.296298,-0.997228,-0.171882,1.020422,-2.909015,0.314448,2.010631,-0.896290,-0.831438,1.291424,-1.081549,1.659080,-0.437415,1.626736,0.566112
1279,24.000000,1.898013,2.241811,-1.009050,-0.124053,1.052161,-2.929063,0.296353,2.007264,-0.865107,-0.763408,1.277461,-1.164068,1.623830,-0.417028,1.612940,0.582926
1280,24.020000,2.005908,2.194394,-1.099866,-0.180582,0.990399,-2.914043,0.181774,1.847241,-1.197660,-0.642289,1.265168,-1.103191,1.466184,-0.451283,1.563573,0.528235
1281,24.040000,1.989132,2.174438,-1.032849,-0.161500,1.022946,-2.933960,0.184152,1.879911,-1.046935,-0.653289,1.219802,-1.172241,1.378195,-0.513280,1.481464,0.487418
1282,24.060000,1.980002,2.249954,-1.011040,-0.161784,0.999448,-2.912733,0.241826,1.933324,-0.961644,-0.706310,1.235471,-1.096595,1.402595,-0.570840,1.527824,0.410348
1283,24.080000,2.066608,2.242317,-1.077097,-0.179911,0.988831,-2.893071,0.219543,1.937791,-0.989075,-0.708103,1.245347,-1.044080,1.431477,-0.560013,1.577059,0.438291
1284,24.100000,1.989188,2.233870,-1.041876,-0.162911,0.991850,-2.937441,0.210977,1.941406,-0.928495,-0.668965,1.197016,-1.102216,1.399308,-0.606156,1.492572,0.391670
1285,24.120000,2.003554,2.276824,-1.017099,-0.171846,0.976651,-2.914900,0.219566,1.954171,-0.897057,-0.681855,1.187438,-1.065627,1.388218,-0.632570,1.419668,0.354996
1286,24.140000,2.022873,2.271777,-1.068820,-0.171905,0.962181,-2.890773,0.141843,1.935971,-0.956908,-0.586958,1.185618,-1.016485,1.390161,-0.606466,1.417689,0.351683
1287,24.160000,2.104541,2.257586,-1.023485,-0.178866,0.990530,-2.928358,0.093535,1.950097,-0.935798,-0.585814,1.200721,-1.070058,1.393701,-0.575124,1.419080,0.416758
1288,24.180000,2.125077,2.262005,-1.026770,-0.182868,0.994094,-2.974519,0.067759,1.954414,-0.938261,-0.582327,1.179112,-1.083393,1.404530,-0.595050,1.395004,0.419017
1289,24.200000,2.085206,2.202502,-1.024632,-0.143856,1.023838,-3.024331,0.023440,1.955642,-0.933852,-0.499604,1.176885,-1.211311,1.378208,-0.604292,1.362267,0.481894
1290,24.220000,2.084866,2.245608,-1.050902,-0.155717,1.026918,-2.998916,-0.026120,1.944459,-0.930655,-0.479355,1.182194,-1.127613,1.327267,-0.620601,1.366285,0.482100
1291,24.240000,2.158887,2.246857,-1.037053,-0.171130,1.023848,-2.985620,-0.034147,1.929054,-0.898330,-0.524394,1.191346,-1.103821,1.245428,-0.651957,1.272421,0.451344
1292,24.260000,2.167876,2.234428,-1.000502,-0.159961,1.023686,-3.006903,-0.070650,1.943163,-0.910740,-0.473110,1.196057,-1.154821,1.275076,-0.649595,1.274199,0.481246
1293,24.280000,2.163854,2.249367,-1.020416,-0.187431,1.004513,-2.996692,-0.130066,1.930776,-0.976645,-0.405855,1.176508,-1.098877,1.279259,-0.657062,1.292656,0.432123
1294,24.300000,2.205965,2.250538,-0.999642,-0.189892,1.020532,-2.992022,-0.141689,1.919984,-0.933589,-0.446984,1.173911,-1.079025,1.221730,-0.687178,1.239840,0.399733
1295,24.320000,2.291470,2.243016,-0.963418,-0.228153,1.031430,-3.046534,-0.216098,1.966878,-1.009815,-0.395936,1.197559,-1.124257,1.390839,-0.600607,1.343552,0.481174
1296,24.340000,2.208710,2.226279,-1.011653,-0.207080,1.042304,-3.093772,-0.223854,1.941675,-0.971399,-0.426803,1.178551,-1.147297,1.297878,-0.640729,1.306108,0.448167
1297,24.360000,2.105731,2.240763,-0.983122,-0.145019,1.102037,-3.096511,-0.219196,1.999521,-0.833519,-0.474537,1.198582,-1.151090,1.341171,-0.557271,1.306362,0.553749
1298,24.380000,1.771611,2.301474,-0.812489,0.111480,1.261811,-3.039783,-0.159602,2.200880,-0.442094,-0.678939,1.206921,-1.238330,1.806510,-0.048865,1.533690,1.158212
1299,24.400000,1.218436,2.385056,-0.513272,0.629714,1.517887,-3.004513,-0.006335,2.575059,0.295143,-1.171805,1.277258,-1.392076,2.567177,0.655553,1.596541,2.245494
1300,24.420000,0.788211,2.672877,-0.287667,1.071529,1.756931,-2.938037,0.258394,2.896133,0.936122,-1.657425,1.520273,-1.302915,3.122400,0.988799,1.332310,3.052873
1301,24.440000,0.431571,2.875539,-0.124193,1.379557,1.933131,-2.890756,0.442016,3.086948,1.312704,-1.972462,1.753590,-1.032884,3.573734,0.941123,1.085991,3.292638
1302,24.460000,0.196063,2.951944,0.126115,1.618639,2.127387,-2.868929,0.511542,3.157922,1.530016,-2.241741,1.888382,-0.724801,3.895825,0.756095,0.992653,3.115701
1303,24.480000,0.069894,3.003817,0.296483,1.594799,2.179740,-2.757184,0.429032,3.028851,1.423565,-2.200471,1.844865,-0.490335,3.944959,0.627712,0.980685,2.710580
1304,24.500000,0.165936,2.866923,0.438074,1.572769,2.140470,-2.668920,0.426211,2.814966,1.286611,-2.350685,1.788341,-0.387063,3.788573,0.447179,0.922320,2.310640
1305,24.520000,0.340789,2.652099,0.310733,1.484521,1.943898,-2.544308,0.307341,2.537219,0.756612,-2.307261,1.567335,-0.514302,3.396628,0.123979,0.820800,1.763367
1306,24.540000,0.451037,2.418566,0.133557,1.289408,1.788569,-2.386433,0.065687,2.190687,-0.016548,-2.071133,1.410126,-0.720223,3.056750,0.014047,0.942536,1.490231
1307,24.560000,0.565628,2.164548,-0.140445,1.115601,1.697793,-2.254699,-0.075642,1.899263,-0.597206,-1.924253,1.374514,-0.920389,2.683718,0.151131,0.982670,1.576111
1308,24.580000,0.608234,1.934422,-0.496238,0.932116,1.602945,-2.183256,-0.170151,1.652241,-1.218646,-1.739365,1.304012,-1.047135,2.175385,0.300546,0.863740,1.620416
1309,24.600000,0.597618,1.750512,-0.673857,0.740595,1.561313,-2.086165,-0.170654,1.452209,-1.746654,-1.611239,1.329252,-1.076872,1.735910,0.509125,0.888453,1.672629
1310,24.620000,0.594421,1.597574,-0.818610,0.583548,1.377129,-2.032517,-0.166342,1.338131,-2.042439,-1.530929,1.308950,-1.104872,1.379295,0.606498,0.908760,1.607272
1311,24.640000,0.540711,1.458484,-0.947936,0.420378,1.248481,-1.993563,-0.272190,1.252645,-2.200209,-1.280930,1.230480,-1.206170,1.006220,0.522708,0.865234,1.430155
1312,24.660000,0.689857,1.348022,-0.956303,0.251356,1.115590,-1.973913,-0.310421,1.205739,-2.251826,-1.233881,1.174071,-1.201259,0.688230,0.265985,0.718525,1.145337
1313,24.680000,0.846321,1.255479,-0.916817,0.009957,0.927949,-1.960158,-0.315329,1.217184,-2.285640,-1.129061,1.109383,-1.196326,0.540847,-0.002781,0.675964,0.784516
1314,24.700000,1.063571,1.167031,-0.746620,-0.236056,0.795875,-1.982057,-0.336450,1.236054,-2.288947,-1.076155,1.045874,-1.232075,0.554311,-0.169906,0.771946,0.579145
1315,24.720000,1.146996,1.125662,-0.675731,-0.410739,0.671701,-2.106060,-0.420550,1.242581,-2.247977,-0.900308,0.931132,-1.357499,0.540583,-0.287575,0.783086,0.349938
1316,24.740000,1.298406,1.096670,-0.492363,-0.501465,0.681137,-2.194915,-0.413994,1.263106,-2.149319,-0.842454,0.915455,-1.436560,0.593904,-0.348318,0.769382,0.280597
1317,24.760000,1.349700,1.126853,-0.371207,-0.519028,0.697514,-2.338818,-0.395594,1.255054,-2.002178,-0.813881,0.892935,-1.513295,0.591787,-0.408714,0.637846,0.190947
1318,24.780000,1.332638,1.173532,-0.276476,-0.487319,0.761066,-2.440264,-0.376507,1.251726,-1.875421,-0.767661,0.873507,-1.588004,0.587225,-0.489444,0.509048,0.121327
1319,24.800000,1.296765,1.239995,-0.206201,-0.404211,0.851344,-2.536176,-0.358472,1.272537,-1.787731,-0.745578,0.888860,-1.623769,0.671686,-0.509473,0.465650,0.150399
1320,24.820000,1.135174,1.356249,-0.121881,-0.272301,0.961137,-2.592748,-0.299253,1.286767,-1.653039,-0.752284,0.897688,-1.640956,0.759785,-0.509377,0.473925,0.211428
1321,24.840000,0.976676,1.475910,-0.058851,-0.117507,1.061126,-2.647086,-0.248629,1.311373,-1.503337,-0.792064,0.929681,-1.627787,0.880531,-0.479227,0.486514,0.313148
1322,24.860000,0.837034,1.600726,-0.046380,0.041046,1.136808,-2.701715,-0.179172,1.341554,-1.294874,-0.930612,0.930941,-1.565053,0.990425,-0.523141,0.407946,0.341697
1323,24.880000,0.618560,1.738575,0.041282,0.227478,1.251951,-2.715217,-0.127033,1.396450,-1.051222,-1.057592,0.962234,-1.507740,1.147332,-0.543291,0.421294,0.425851
1324,24.900000,0.425357,1.885894,0.130197,0.403057,1.337624,-2.719131,-0.099857,1.451437,-0.858413,-1.165841,1.001911,-1.438474,1.387275,-0.511377,0.485694,0.557433
1325,24.920000,0.230784,2.039503,0.200095,0.586052,1.421571,-2.714715,-0.074021,1.506660,-0.630090,-1.314761,1.036379,-1.308736,1.649169,-0.473281,0.524854,0.680915
1326,24.940000,0.065597,2.183997,0.282994,0.755239,1.515353,-2.687587,-0.051116,1.555920,-0.407111,-1.475353,1.086652,-1.149219,1.903529,-0.426675,0.550842,0.776824
1327,24.960000,-0.034594,2.292639,0.322638,0.901599,1.566472,-2.691772,-0.059208,1.592816,-0.282101,-1.627632,1.128667,-1.000875,2.132361,-0.390023,0.566038,0.818939
1328,24.980000,-0.114668,2.366017,0.342890,1.034313,1.639511,-2.685432,-0.085861,1.615926,-0.161183,-1.783365,1.179690,-0.846587,2.284389,-0.356043,0.580961,0.829405
1329,25.000000,-0.162182,2.407033,0.318392,1.147044,1.668661,-2.699098,-0.123745,1.621679,-0.111784,-1.918213,1.213902,-0.720988,2.368563,-0.329271,0.569658,0.818128
1330,25.020000,-0.186249,2.416080,0.295076,1.251578,1.671928,-2.704713,-0.152981,1.622202,-0.129677,-2.025027,1.242021,-0.624158,2.416535,-0.288651,0.593995,0.771361
1331,25.040000,-0.205381,2.400644,0.288717,1.320468,1.713789,-2.673172,-0.183224,1.599430,-0.110134,-2.116929,1.275172,-0.543625,2.416456,-0.221494,0.613969,0.798741
1332,25.060000,-0.152713,2.295653,0.216617,1.312425,1.728057,-2.585078,-0.227876,1.582280,-0.172009,-2.036613,1.304719,-0.565403,2.446127,-0.083597,0.673413,0.930887
1333,25.080000,-0.107240,2.161084,0.121577,1.281687,1.718202,-2.523439,-0.266325,1.548196,-0.266883,-1.894538,1.273110,-0.605642,2.405650,0.036461,0.701953,1.067173
1334,25.100000,-0.085466,2.232633,0.108443,1.283765,1.690777,-2.533158,-0.194980,1.520953,-0.342208,-2.044725,1.256580,-0.433768,2.255627,0.026750,0.599707,0.923995
1335,25.120000,-0.057024,2.066619,0.035610,1.274254,1.659105,-2.539290,-0.226199,1.471241,-0.553972,-1.978853,1.227495,-0.465022,2.125118,-0.028331,0.634033,0.716987
1336,25.140000,-0.073528,2.048018,0.019872,1.286245,1.654986,-2.556550,-0.237546,1.441478,-0.616859,-2.020609,1.205333,-0.453231,2.015460,-0.071956,0.654965,0.595672
1337,25.160000,-0.042305,2.077315,0.043944,1.273229,1.663430,-2.512041,-0.186732,1.417555,-0.634832,-2.128638,1.245592,-0.414865,1.963852,0.022229,0.674856,0.666986
1338,25.180000,-0.024843,2.029009,-0.018198,1.277328,1.603412,-2.570528,-0.194322,1.400778,-0.705284,-2.171497,1.205716,-0.454241,1.924224,-0.012389,0.616371,0.594471
1339,25.200000,-0.091832,1.940317,0.039282,1.271969,1.619741,-2.554023,-0.210533,1.381521,-0.709648,-2.092488,1.165917,-0.545105,1.953493,-0.032451,0.664164,0.598936
1340,25.220000,-0.084588,2.040794,0.098746,1.264457,1.590312,-2.581663,-0.177860,1.372520,-0.691368,-2.187504,1.118611,-0.516967,1.933248,-0.106258,0.612019,0.480194
1341,25.240000,-0.084825,2.084784,0.219226,1.230769,1.624411,-2.528782,-0.138062,1.371581,-0.585929,-2.215235,1.183889,-0.541212,1.965395,-0.059512,0.642869,0.580681
1342,25.260000,-0.076744,2.118659,0.320429,1.165734,1.596644,-2.507503,-0.132281,1.375605,-0.507775,-2.185856,1.202723,-0.573737,2.092942,0.041746,0.680041,0.765472
1343,25.280000,-0.103224,2.148406,0.399057,1.130310,1.597460,-2.492821,-0.115588,1.387992,-0.427030,-2.129724,1.202546,-0.603346,2.201766,0.105771,0.705035,0.865649
1344,25.300000,-0.131337,2.162205,0.472360,1.129490,1.607732,-2.494388,-0.109769,1.410068,-0.372358,-2.077093,1.212604,-0.625581,2.320401,0.146552,0.797484,0.928731
1345,25.320000,-0.141024,2.130363,0.477798,1.144207,1.570594,-2.522266,-0.127022,1.418362,-0.356886,-2.022367,1.197182,-0.658213,2.354514,0.129557,0.848405,0.912503
1346,25.340000,-0.148092,2.219233,0.568410,1.153037,1.590080,-2.511365,-0.088904,1.419918,-0.261510,-2.072479,1.211528,-0.614431,2.317337,0.103613,0.792365,0.885484
1347,25.360000,-0.119982,2.234107,0.631559,1.141411,1.661491,-2.491049,-0.072518,1.407474,-0.253649,-2.087887,1.211244,-0.576544,2.287626,0.083791,0.754315,0.873471
1348,25.380000,-0.115038,2.234284,0.650064,1.109988,1.597825,-2.431489,-0.058240,1.400091,-0.214214,-2.032892,1.274738,-0.603522,2.344407,0.162208,0.800784,0.968458
1349,25.400000,-0.091666,2.206324,0.637659,1.109342,1.564363,-2.421827,-0.070567,1.384595,-0.279658,-2.045916,1.263241,-0.589954,2.402231,0.198793,0.845191,0.988075
1350,25.420000,-0.059551,2.200068,0.640773,1.087308,1.642205,-2.398073,-0.061462,1.379624,-0.293141,-2.037161,1.281277,-0.551672,2.355567,0.235750,0.833223,1.022316
1351,25.440000,-0.035878,2.139952,0.617227,1.045680,1.546951,-2.349512,-0.057030,1.371062,-0.373372,-1.991283,1.283565,-0.558201,2.383658,0.280557,0.915512,1.007249
1352,25.460000,-0.029669,2.030902,0.535293,1.042356,1.504490,-2.362799,-0.092931,1.334246,-0.504501,-1.951347,1.235384,-0.596953,2.331061,0.231592,0.943657,0.916755
1353,25.480000,-0.009139,2.052584,0.516566,1.026614,1.515532,-2.328744,-0.075906,1.306963,-0.558861,-1.991051,1.209023,-0.555993,2.180279,0.155458,0.870454,0.792837
1354,25.500000,0.042453,1.890038,0.358802,1.040620,1.460531,-2.333703,-0.136072,1.230602,-0.826120,-1.947324,1.210915,-0.659662,1.989589,0.119518,0.816408,0.741278
1355,25.520000,0.009487,1.984891,0.478593,0.969933,1.561532,-2.281412,-0.069686,1.235624,-0.763838,-1.967621,1.220469,-0.586173,1.963233,0.192265,0.893263,0.841176
1356,25.540000,0.020896,1.961758,0.495006,0.922689,1.453422,-2.234551,-0.048899,1.258824,-0.758228,-1.942582,1.233338,-0.624165,2.051314,0.273277,0.957419,0.897988
1357,25.560000,0.011631,1.982803,0.557462,0.896786,1.464187,-2.219434,0.018576,1.271355,-0.675899,-1.999368,1.267577,-0.574637,2.158650,0.326934,1.019596,0.998110
1358,25.580000,0.017949,1.975478,0.578199,0.892332,1.521515,-2.238239,0.013739,1.279576,-0.647715,-2.003033,1.246409,-0.571547,2.189710,0.332268,1.015422,1.031838
1359,25.600000,0.007478,2.030669,0.672436,0.852242,1.454313,-2.205027,0.060513,1.302754,-0.512402,-2.026667,1.256433,-0.542375,2.253449,0.331422,1.003042,1.016977
1360,25.620000,-0.003174,1.959259,0.676225,0.844941,1.427109,-2.219806,0.034858,1.301700,-0.510951,-1.947428,1.219809,-0.621680,2.319927,0.269512,1.023511,0.945778
1361,25.640000,0.009037,1.982807,0.644300,0.899789,1.456003,-2.216910,0.016624,1.254580,-0.540879,-1.961845,1.248606,-0.636920,2.236117,0.257261,0.953957,0.996764
1362,25.660000,0.007390,2.052423,0.769609,0.843227,1.438257,-2.167157,0.050906,1.274528,-0.442307,-1.952950,1.258641,-0.609128,2.283312,0.296363,0.992716,1.022595
1363,25.680000,-0.018719,2.064618,0.823294,0.840312,1.400121,-2.171560,0.040643,1.302298,-0.419410,-1.923172,1.273106,-0.612857,2.419958,0.309100,1.083507,1.004699
1364,25.700000,-0.006129,2.069885,0.815914,0.864871,1.470502,-2.194365,0.034272,1.301054,-0.389768,-1.960111,1.252408,-0.573596,2.405424,0.307823,1.026284,0.997571
1365,25.720000,-0.008259,2.071195,0.845278,0.871370,1.436126,-2.150171,0.056105,1.301214,-0.355806,-1.979617,1.287158,-0.552911,2.454502,0.336273,1.081340,1.017870
1366,25.740000,-0.009348,1.996431,0.854512,0.850574,1.376762,-2.155731,0.024765,1.301246,-0.397166,-1.902401,1.252625,-0.623030,2.502526,0.311750,1.179698,0.979665
1367,25.760000,-0.000903,1.990476,0.869310,0.854078,1.413757,-2.129161,0.030426,1.294515,-0.393809,-1.876187,1.238640,-0.637350,2.482889,0.301450,1.223197,0.982930
1368,25.780000,0.035153,1.989513,0.837325,0.852241,1.388752,-2.088864,0.052992,1.272383,-0.391862,-1.892353,1.249817,-0.627696,2.400451,0.304438,1.155940,0.982517
1369,25.800000,0.045237,1.992430,0.847744,0.789038,1.357588,-2.076282,0.062512,1.258080,-0.439315,-1.851869,1.237874,-0.603694,2.357707,0.267052,1.115497,0.891836
1370,25.820000,0.056102,1.991222,0.861432,0.758412,1.372592,-2.023936,0.066130,1.249335,-0.428279,-1.836132,1.263051,-0.597351,2.359586,0.286457,1.104207,0.891187
1371,25.840000,0.061414,1.898286,0.778681,0.768726,1.313056,-2.070683,0.021423,1.235168,-0.539209,-1.797967,1.203367,-0.628364,2.304576,0.208382,1.037733,0.767391
1372,25.860000,0.052639,1.956104,0.858074,0.754327,1.376396,-2.032421,0.040192,1.220992,-0.542528,-1.834847,1.220162,-0.571082,2.288046,0.244190,1.059257,0.772921
1373,25.880000,0.064117,1.879412,0.770249,0.778175,1.332219,-2.049244,-0.011254,1.185410,-0.634674,-1.822125,1.193954,-0.627050,2.214803,0.215748,1.007615,0.721159
1374,25.900000,0.030040,1.854713,0.789884,0.752242,1.315168,-2.070656,-0.025790,1.189024,-0.686626,-1.766367,1.168005,-0.644950,2.245311,0.182988,1.078498,0.673123
1375,25.920000,0.022022,1.883656,0.819734,0.747336,1.315128,-2.059590,-0.042053,1.180762,-0.713294,-1.798607,1.158612,-0.645380,2.221539,0.154095,1.092032,0.610266
1376,25.940000,0.023189,1.867966,0.777610,0.689803,1.335975,-2.061816,-0.057520,1.144271,-0.767252,-1.695668,1.118761,-0.665395,2.096190,0.037579,0.995125,0.462357
1377,25.960000,0.016909,1.858738,0.745917,0.622371,1.301274,-2.029150,-0.083961,1.128000,-0.812418,-1.578675,1.094181,-0.701989,2.032356,-0.065426,0.941434,0.349779
1378,25.980000,0.025796,1.800811,0.713876,0.577284,1.278930,-2.027068,-0.126624,1.090309,-0.928995,-1.462791,1.072650,-0.775147,1.948579,-0.126152,0.935143,0.295219
1379,26.000000,0.004103,1.798445,0.710565,0.517641,1.258117,-2.027788,-0.172774,1.083021,-0.990655,-1.342095,1.024827,-0.829482,1.896949,-0.188513,0.935020,0.226690
1380,26.020000,-0.013684,1.822244,0.737836,0.483945,1.266007,-2.037471,-0.175268,1.085340,-0.984216,-1.303006,1.019723,-0.852129,1.858341,-0.216306,0.924651,0.208990
1381,26.040000,-0.023145,1.821402,0.739191,0.456555,1.222659,-2.079485,-0.188062,1.079548,-0.995381,-1.275504,0.987264,-0.868703,1.814552,-0.275106,0.901593,0.143723
1382,26.060000,-0.032766,1.805693,0.726854,0.438357,1.228142,-2.104823,-0.214033,1.090681,-0.993717,-1.221696,0.978076,-0.930327,1.811902,-0.311992,0.880679,0.145407
1383,26.080000,-0.035293,1.798195,0.655295,0.467027,1.266277,-2.138633,-0.256463,1.070014,-1.022373,-1.224014,0.987306,-0.972211,1.706985,-0.349419,0.795028,0.178688
1384,26.100000,-0.047678,1.845156,0.709020,0.422190,1.262864,-2.152390,-0.233912,1.100431,-0.954973,-1.202628,0.977367,-0.964458,1.729178,-0.376921,0.789357,0.171620
1385,26.120000,-0.072577,1.898914,0.756997,0.401112,1.256647,-2.177973,-0.224911,1.136931,-0.890792,-1.199620,0.975744,-0.973435,1.802413,-0.410534,0.798452,0.143086
1386,26.140000,-0.054825,1.909796,0.767075,0.398615,1.266088,-2.208572,-0.212844,1.161058,-0.832946,-1.229319,0.975635,-0.971834,1.842396,-0.455175,0.780701,0.130318
1387,26.160000,-0.056479,1.954229,0.768918,0.401889,1.269043,-2.236931,-0.204433,1.186733,-0.776430,-1.261520,0.989345,-0.967651,1.909935,-0.455217,0.790203,0.136026
1388,26.180000,-0.079068,1.991675,0.764225,0.427068,1.294080,-2.277358,-0.209704,1.218566,-0.688875,-1.283616,1.009156,-0.985608,1.990929,-0.408157,0.796555,0.199850
1389,26.200000,-0.094469,1.963650,0.730212,0.457616,1.297235,-2.333887,-0.236347,1.248448,-0.667536,-1.233762,0.984951,-1.025274,2.048027,-0.432133,0.804450,0.193223
1390,26.220000,-0.120407,2.062834,0.755657,0.506085,1.334514,-2.352463,-0.208883,1.278796,-0.572423,-1.310526,1.014376,-0.968321,2.112315,-0.394475,0.815220,0.237345
1391,26.240000,-0.131578,2.097872,0.734805,0.561027,1.360936,-2.388449,-0.225088,1.307742,-0.509283,-1.353127,1.027364,-0.942546,2.158525,-0.379068,0.774561,0.259398
1392,26.260000,-0.147311,2.109539,0.756752,0.604805,1.363562,-2.416834,-0.227034,1.334494,-0.481357,-1.358241,1.019258,-0.917570,2.241789,-0.406578,0.801238,0.237410
1393,26.280000,-0.151587,2.086765,0.730818,0.645323,1.371177,-2.434897,-0.256678,1.349507,-0.496950,-1.334632,1.005503,-0.934921,2.281544,-0.418306,0.837416,0.222656
1394,26.300000,-0.148097,2.098417,0.692459,0.662513,1.397751,-2.421381,-0.270186,1.341942,-0.475148,-1.315606,1.019839,-0.941851,2.266300,-0.370084,0.836419,0.289418
1395,26.320000,-0.128919,2.098891,0.667467,0.681511,1.414070,-2.415635,-0.277616,1.355032,-0.475761,-1.298378,1.019028,-0.924500,2.230175,-0.352405,0.814445,0.338542
1396,26.340000,-0.119219,2.093141,0.632096,0.698976,1.443930,-2.394540,-0.281787,1.358330,-0.475970,-1.284904,1.033195,-0.914225,2.231503,-0.338140,0.819553,0.402139
1397,26.360000,-0.111589,2.132659,0.633479,0.722116,1.451817,-2.397196,-0.273030,1.368647,-0.453702,-1.326756,1.042011,-0.848990,2.235901,-0.330577,0.800865,0.418162
1398,26.380000,-0.100511,2.149821,0.657578,0.737448,1.438788,-2.412478,-0.251285,1.379510,-0.445375,-1.374513,1.062252,-0.789317,2.270032,-0.306002,0.804991,0.415907
1399,26.400000,-0.091216,2.178398,0.651485,0.753299,1.443456,-2.414884,-0.236384,1.380892,-0.400265,-1.448502,1.079871,-0.720119,2.286530,-0.267661,0.766940,0.426689
1400,26.420000,-0.074582,2.145052,0.667871,0.755444,1.420715,-2.420139,-0.235976,1.396041,-0.409421,-1.433789,1.068170,-0.706309,2.322443,-0.264973,0.782397,0.387502
1401,26.440000,-0.075654,2.023038,0.614514,0.759517,1.405845,-2.424626,-0.287730,1.387135,-0.483466,-1.311043,1.024267,-0.802204,2.330535,-0.289718,0.837343,0.356720
1402,26.460000,-0.081591,2.137668,0.642109,0.779277,1.452932,-2.409252,-0.261387,1.375857,-0.427885,-1.420952,1.025154,-0.718562,2.295453,-0.289752,0.796278,0.341723
1403,26.480000,-0.066742,2.146970,0.649187,0.779999,1.423937,-2.409922,-0.260810,1.366524,-0.462320,-1.423790,1.028352,-0.709355,2.284376,-0.285577,0.789117,0.299483
1404,26.500000,-0.069361,2.015704,0.588127,0.787411,1.416668,-2.412286,-0.329509,1.360970,-0.518474,-1.305862,0.998371,-0.826683,2.296723,-0.316068,0.832921,0.338252
1405,26.520000,-0.055747,2.136025,0.619685,0.794937,1.453009,-2.383091,-0.294909,1.357145,-0.463490,-1.407661,1.015154,-0.754730,2.258680,-0.293031,0.775305,0.381020
1406,26.540000,-0.042847,2.131073,0.633609,0.804802,1.426908,-2.397573,-0.283598,1.359092,-0.487337,-1.421419,1.011046,-0.738450,2.277504,-0.296507,0.767763,0.348817
1407,26.560000,-0.069917,2.011896,0.562116,0.811639,1.414510,-2.433388,-0.352172,1.351363,-0.526357,-1.308150,0.978643,-0.849661,2.297412,-0.319569,0.801593,0.360798
1408,26.580000,-0.080586,2.134679,0.610198,0.832088,1.433225,-2.429632,-0.312164,1.353904,-0.478192,-1.423156,0.987960,-0.764752,2.290586,-0.306487,0.785437,0.358171
1409,26.600000,-0.058129,2.122002,0.621696,0.828049,1.428300,-2.423257,-0.301908,1.352280,-0.492168,-1.426375,0.996707,-0.768295,2.290041,-0.301261,0.787577,0.340892
1410,26.620000,-0.071570,2.131913,0.619219,0.847748,1.426125,-2.448406,-0.308409,1.366077,-0.463228,-1.453964,0.998258,-0.759939,2.328601,-0.310843,0.807115,0.347704
1411,26.640000,-0.092421,2.061349,0.607804,0.849931,1.410531,-2.455154,-0.339370,1.360333,-0.511519,-1.380048,0.966492,-0.832961,2.343337,-0.329390,0.858649,0.326901
1412,26.660000,-0.095038,2.067220,0.603519,0.878111,1.404028,-2.476149,-0.358638,1.366277,-0.524858,-1.382360,0.947065,-0.822806,2.314984,-0.373430,0.848291,0.275956
1413,26.680000,-0.070753,2.113267,0.602592,0.884112,1.425464,-2.450720,-0.338357,1.350921,-0.482325,-1.452653,0.964533,-0.789131,2.276944,-0.360274,0.792839,0.297791
1414,26.700000,-0.078248,2.013765,0.539268,0.877034,1.398247,-2.470124,-0.397567,1.346509,-0.536995,-1.322964,0.937796,-0.889800,2.253575,-0.382657,0.797822,0.316972
1415,26.720000,-0.089857,2.150995,0.611442,0.897561,1.435154,-2.468178,-0.342810,1.354976,-0.456726,-1.458860,0.962508,-0.799717,2.260986,-0.367690,0.765968,0.340971
1416,26.740000,-0.083444,2.120314,0.615612,0.911612,1.412367,-2.482059,-0.345502,1.359399,-0.469837,-1.453879,0.952805,-0.806197,2.284349,-0.376436,0.771235,0.310116
1417,26.760000,-0.111658,2.115320,0.646939,0.931088,1.407076,-2.502668,-0.353335,1.371634,-0.466486,-1.464365,0.943285,-0.813558,2.353290,-0.401852,0.839698,0.287916
1418,26.780000,-0.110340,2.146903,0.657233,0.958396,1.421414,-2.506621,-0.348249,1.378112,-0.442713,-1.521138,0.940999,-0.797174,2.362622,-0.411611,0.844664,0.261017
1419,26.800000,-0.101425,2.183403,0.670483,0.969904,1.427197,-2.512671,-0.337178,1.383986,-0.396404,-1.592998,0.952648,-0.765121,2.377804,-0.415008,0.815612,0.251644
1420,26.820000,-0.105406,2.109096,0.654184,0.966209,1.411667,-2.513212,-0.368566,1.382987,-0.423093,-1.531860,0.935273,-0.845611,2.397482,-0.422694,0.840591,0.259590
1421,26.840000,-0.112440,2.114816,0.648209,0.985904,1.409599,-2.534352,-0.375938,1.385050,-0.408207,-1.541464,0.925628,-0.856286,2.375152,-0.415825,0.819128,0.279829
1422,26.860000,-0.103344,2.156967,0.647612,1.008424,1.420432,-2.523561,-0.365655,1.379552,-0.393464,-1.594812,0.930933,-0.836481,2.344177,-0.415106,0.776246,0.283560
1423,26.880000,-0.111554,2.061028,0.611689,1.011990,1.402335,-2.538709,-0.410587,1.372596,-0.442963,-1.502309,0.906314,-0.914229,2.334629,-0.441780,0.793039,0.280662
1424,26.900000,-0.122177,2.178767,0.654308,1.055411,1.426617,-2.553890,-0.375722,1.381265,-0.380490,-1.651139,0.924645,-0.814328,2.333208,-0.446726,0.766707,0.265786
1425,26.920000,-0.116498,2.142131,0.654812,1.065629,1.404970,-2.564663,-0.389344,1.374980,-0.418061,-1.655535,0.913688,-0.823930,2.358581,-0.455523,0.781048,0.223677
1426,26.940000,-0.141862,2.126946,0.660298,1.096074,1.394767,-2.591211,-0.412584,1.379265,-0.421379,-1.671230,0.901571,-0.833730,2.394571,-0.482777,0.827247,0.196484
1427,26.960000,-0.134195,2.174390,0.670609,1.137058,1.423316,-2.584306,-0.397637,1.389324,-0.379561,-1.781225,0.906940,-0.792354,2.403013,-0.489672,0.815517,0.185048
1428,26.980000,-0.142037,2.103678,0.642185,1.140442,1.401052,-2.594392,-0.432668,1.384912,-0.426911,-1.722569,0.890999,-0.856674,2.422747,-0.506372,0.872060,0.182421
1429,27.000000,-0.156990,2.118056,0.663902,1.162077,1.410310,-2.605501,-0.430224,1.391955,-0.413528,-1.756120,0.881023,-0.861013,2.439292,-0.515902,0.905256,0.190288
1430,27.020000,-0.148093,2.168335,0.656981,1.186501,1.415261,-2.619686,-0.409036,1.395488,-0.363383,-1.832442,0.901618,-0.836475,2.421579,-0.481380,0.863061,0.213775
1431,27.040000,-0.153385,2.209002,0.694071,1.209247,1.399325,-2.642211,-0.396942,1.415205,-0.335382,-1.919787,0.906378,-0.781956,2.468457,-0.480147,0.858108,0.190474
1432,27.060000,-0.158433,2.142675,0.669539,1.239874,1.389676,-2.659425,-0.423966,1.425209,-0.348397,-1.905271,0.897568,-0.833876,2.529358,-0.488480,0.921236,0.172437
1433,27.080000,-0.157998,2.184322,0.670498,1.271438,1.413349,-2.671662,-0.423220,1.441983,-0.298614,-1.987384,0.901303,-0.808825,2.535679,-0.483363,0.890437,0.173920
1434,27.100000,-0.151683,2.120787,0.659162,1.283109,1.411690,-2.655379,-0.439316,1.430800,-0.323868,-1.949122,0.885340,-0.861754,2.524827,-0.467653,0.906425,0.209841
1435,27.120000,-0.162155,2.138374,0.639121,1.312645,1.423063,-2.671947,-0.447157,1.435741,-0.296389,-1.977451,0.880143,-0.863795,2.503298,-0.470518,0.876223,0.240222
1436,27.140000,-0.161329,2.220379,0.687462,1.335598,1.446075,-2.673397,-0.418550,1.445400,-0.253028,-2.084072,0.893253,-0.795349,2.534368,-0.468839,0.861756,0.224768
1437,27.160000,-0.155625,2.174963,0.677035,1.345763,1.439701,-2.673476,-0.442344,1.448597,-0.263894,-2.092131,0.897831,-0.811408,2.602098,-0.467162,0.920255,0.242755
1438,27.180000,-0.167254,2.157460,0.649386,1.372556,1.439008,-2.695454,-0.460954,1.459980,-0.238691,-2.098387,0.884315,-0.826532,2.597941,-0.488694,0.904620,0.231234
1439,27.200000,-0.157573,2.223043,0.704796,1.373035,1.447763,-2.686829,-0.433706,1.458720,-0.212627,-2.176931,0.894280,-0.775431,2.615913,-0.463845,0.912276,0.232619
1440,27.220000,-0.154989,2.201234,0.712961,1.375417,1.433802,-2.690498,-0.446581,1.461627,-0.223966,-2.186037,0.899707,-0.797078,2.654531,-0.423449,0.952591,0.253940
1441,27.240000,-0.168792,2.228198,0.717564,1.413120,1.430731,-2.713286,-0.452255,1.472136,-0.218455,-2.242118,0.892438,-0.779453,2.675944,-0.419534,0.959150,0.235691
1442,27.260000,-0.166109,2.214477,0.730060,1.427370,1.429428,-2.716938,-0.463015,1.469543,-0.221757,-2.286608,0.881838,-0.765048,2.706720,-0.417696,0.976545,0.194106
1443,27.280000,-0.160792,2.062546,0.652830,1.431818,1.402256,-2.719333,-0.522171,1.454312,-0.301930,-2.183269,0.837799,-0.860304,2.685627,-0.460501,1.013416,0.169404
1444,27.300000,-0.184273,2.090239,0.655725,1.436841,1.402102,-2.734743,-0.517590,1.439286,-0.301933,-2.183066,0.805109,-0.868553,2.609226,-0.523916,0.987935,0.122779
1445,27.320000,-0.157907,2.169748,0.682862,1.424670,1.424272,-2.705259,-0.486905,1.414572,-0.280015,-2.279385,0.817396,-0.827898,2.560647,-0.540999,0.931327,0.121728
1446,27.340000,-0.148836,2.108102,0.642854,1.424107,1.380429,-2.715864,-0.524502,1.401119,-0.326610,-2.248969,0.792505,-0.859883,2.543488,-0.599295,0.916687,0.108127
1447,27.360000,-0.155523,2.090544,0.654953,1.417145,1.380059,-2.705969,-0.528855,1.387172,-0.347038,-2.239926,0.787357,-0.886199,2.561506,-0.579296,0.954050,0.163905
1448,27.380000,-0.148783,2.135314,0.644278,1.442389,1.365828,-2.734814,-0.541254,1.382523,-0.364003,-2.300923,0.783574,-0.852752,2.539552,-0.570134,0.926276,0.147236
1449,27.400000,-0.152011,2.058413,0.639158,1.446160,1.349869,-2.730065,-0.557916,1.368017,-0.420395,-2.266810,0.763628,-0.892174,2.528491,-0.589850,0.964958,0.133480
1450,27.420000,-0.176323,2.104786,0.659846,1.462675,1.359744,-2.751378,-0.552463,1.371094,-0.401262,-2.313260,0.765509,-0.889158,2.542538,-0.587630,0.999193,0.130304
1451,27.440000,-0.173713,2.137380,0.675360,1.473583,1.357541,-2.766752,-0.540729,1.370886,-0.385865,-2.376950,0.767278,-0.861275,2.547223,-0.585082,1.009053,0.115181
1452,27.460000,-0.180764,2.063445,0.660932,1.487154,1.333997,-2.783089,-0.565694,1.382346,-0.410703,-2.344105,0.747967,-0.905174,2.581713,-0.601434,1.059727,0.110855
1453,27.480000,-0.182463,2.078013,0.648843,1.527733,1.327982,-2.824307,-0.588995,1.380850,-0.412474,-2.410218,0.720954,-0.895894,2.559245,-0.652668,1.020075,0.039608
1454,27.500000,-0.173302,2.094775,0.670595,1.528299,1.352206,-2.805218,-0.566580,1.375507,-0.388663,-2.478592,0.731889,-0.895002,2.559216,-0.668028,1.033239,0.034992
1455,27.520000,-0.180377,2.146831,0.675522,1.543641,1.346474,-2.837729,-0.565029,1.388705,-0.361773,-2.537207,0.744733,-0.889407,2.563797,-0.673275,1.037952,0.045203
1456,27.540000,-0.198397,2.064280,0.668237,1.551682,1.333876,-2.847180,-0.582352,1.391308,-0.364482,-2.501294,0.719479,-0.945612,2.596486,-0.694346,1.079101,0.050705
1457,27.560000,-0.213549,2.095604,0.690008,1.547405,1.352034,-2.855011,-0.574533,1.398493,-0.309679,-2.523856,0.700772,-0.950643,2.583602,-0.734356,1.022996,0.019444
1458,27.580000,-0.216696,1.974814,0.658702,1.514029,1.311391,-2.837958,-0.603309,1.374843,-0.347565,-2.398827,0.661229,-1.035054,2.558749,-0.754781,1.024680,0.009295
1459,27.600000,-0.220248,2.115346,0.709331,1.516797,1.305737,-2.863794,-0.574493,1.375560,-0.301168,-2.506747,0.667631,-0.985053,2.532399,-0.780200,0.977661,-0.026332
1460,27.620000,-0.177327,2.009018,0.657789,1.484225,1.299046,-2.839314,-0.598226,1.347598,-0.333744,-2.438899,0.655181,-1.037932,2.485613,-0.803422,0.937765,-0.019819
1461,27.640000,-0.185161,2.129684,0.709751,1.476555,1.310395,-2.842803,-0.562286,1.363393,-0.272838,-2.541976,0.688335,-1.003360,2.528951,-0.772738,0.959356,0.029937
1462,27.660000,-0.154738,2.119131,0.711172,1.439139,1.323724,-2.834270,-0.556387,1.359855,-0.259654,-2.548643,0.679865,-0.998451,2.520542,-0.765796,0.933209,0.037675
1463,27.680000,-0.165779,2.059264,0.668536,1.434486,1.285492,-2.845287,-0.582939,1.371237,-0.269355,-2.510446,0.669766,-1.027644,2.568939,-0.766259,0.961687,0.052159
1464,27.700000,-0.151962,2.134286,0.726979,1.403238,1.359244,-2.829513,-0.544054,1.377183,-0.221358,-2.563576,0.671628,-0.985105,2.573896,-0.747752,0.937250,0.061334
1465,27.720000,-0.119242,2.107388,0.685549,1.411397,1.296515,-2.828115,-0.570801,1.367299,-0.246212,-2.601431,0.673790,-0.971435,2.573258,-0.727323,0.926372,0.054474
1466,27.740000,-0.146604,2.022720,0.670116,1.429174,1.274174,-2.847166,-0.609684,1.361562,-0.307683,-2.541982,0.646792,-1.011378,2.603217,-0.726199,0.990154,0.046047
1467,27.760000,-0.148875,2.055446,0.670818,1.461525,1.289422,-2.859951,-0.619999,1.356003,-0.321212,-2.583701,0.645147,-0.991663,2.575516,-0.729029,1.005106,0.039087
1468,27.780000,-0.096658,2.096570,0.684416,1.412773,1.409507,-2.850713,-0.564802,1.356585,-0.257909,-2.633852,0.636950,-0.945081,2.509407,-0.728400,0.911210,0.044291
1469,27.800000,-0.098256,1.976904,0.637617,1.404967,1.272000,-2.845349,-0.613854,1.338981,-0.352253,-2.544022,0.614104,-1.006498,2.531918,-0.721617,0.963735,0.039698
1470,27.820000,-0.098218,1.992965,0.628655,1.450100,1.262027,-2.879649,-0.623487,1.328876,-0.386481,-2.613999,0.601146,-0.993120,2.545414,-0.749731,1.022221,0.005737
1471,27.840000,-0.071399,2.039587,0.653671,1.460835,1.258716,-2.888804,-0.616848,1.322927,-0.414970,-2.681912,0.606159,-0.944143,2.533105,-0.764878,1.059190,-0.041877
1472,27.860000,-0.089282,1.971505,0.640269,1.505690,1.228694,-2.923928,-0.631159,1.334926,-0.435820,-2.705841,0.595645,-0.978423,2.571923,-0.784496,1.123721,-0.067387
1473,27.880000,-0.105875,1.954193,0.636292,1.518200,1.226970,-2.943454,-0.628998,1.339016,-0.425651,-2.735961,0.578210,-0.996252,2.576817,-0.830267,1.150432,-0.105587
1474,27.900000,-0.076183,1.984416,0.638331,1.500082,1.226915,-2.948745,-0.608646,1.338489,-0.389013,-2.797744,0.583207,-0.980848,2.563040,-0.839327,1.127509,-0.132408
1475,27.920000,-0.037543,2.033011,0.639478,1.466013,1.269580,-2.970096,-0.582365,1.358506,-0.305854,-2.874694,0.573216,-0.960003,2.556331,-0.899694,1.027789,-0.184927
1476,27.940000,-0.045443,1.960871,0.626424,1.472350,1.206733,-2.968667,-0.610349,1.357484,-0.318721,-2.859208,0.555017,-1.011000,2.607351,-0.940706,1.037706,-0.234845
1477,27.960000,-0.066578,1.932717,0.620310,1.485321,1.215928,-2.983486,-0.617853,1.360800,-0.290646,-2.872005,0.524905,-1.049272,2.574125,-1.026592,1.012365,-0.310330
1478,27.980000,-0.050541,1.973654,0.631975,1.483144,1.185855,-2.984126,-0.626798,1.356568,-0.303896,-2.900354,0.520610,-1.041330,2.559969,-1.056822,1.007775,-0.360504
1479,28.000000,-0.022187,2.001128,0.647456,1.465965,1.189816,-2.979960,-0.617705,1.343488,-0.282732,-2.952706,0.524222,-1.039453,2.550728,-1.092424,1.001016,-0.382034
1480,28.020000,0.025524,2.036553,0.670581,1.395546,1.298205,-2.949061,-0.581796,1.354478,-0.213675,-2.968493,0.504017,-1.029845,2.537376,-1.106749,0.930235,-0.364422
1481,28.040000,0.046246,2.023388,0.663674,1.358610,1.178761,-2.939080,-0.607566,1.338219,-0.275297,-2.950480,0.509060,-1.043509,2.620181,-1.051625,1.015914,-0.328135
1482,28.060000,0.013484,1.890808,0.597498,1.419071,1.143857,-2.982253,-0.674347,1.313384,-0.358899,-2.896924,0.464601,-1.097582,2.589967,-1.088795,1.066958,-0.356273
1483,28.080000,0.012508,1.931020,0.610348,1.444874,1.143248,-2.995573,-0.691353,1.300365,-0.404828,-2.915041,0.460694,-1.062789,2.564794,-1.109413,1.102805,-0.373674
1484,28.100000,0.004925,1.786717,0.559767,1.477922,1.124476,-3.014814,-0.719698,1.272081,-0.492464,-2.838278,0.442652,-1.121305,2.475533,-1.117561,1.133115,-0.371496
1485,28.120000,0.067820,1.924704,0.555375,1.472608,1.127348,-3.040184,-0.679774,1.278031,-0.487827,-2.979865,0.457163,-1.038137,2.444279,-1.121554,1.137388,-0.350656
1486,28.140000,0.137648,1.906876,0.532627,1.472523,1.104723,-3.059480,-0.678146,1.259824,-0.519299,-3.067377,0.448250,-0.996596,2.424572,-1.138392,1.119653,-0.400743
1487,28.160000,0.154487,1.924588,0.534700,1.500620,1.100588,-3.087166,-0.648913,1.286633,-0.477117,-3.173533,0.458216,-1.000518,2.464266,-1.145047,1.158625,-0.406799
1488,28.180000,0.154382,1.858085,0.495528,1.522597,1.082886,-3.120636,-0.668763,1.294816,-0.483049,-3.191277,0.442209,-1.024636,2.489358,-1.154636,1.177698,-0.409539
1489,28.200000,0.167949,1.844168,0.514193,1.496033,1.235215,-3.099071,-0.602367,1.312336,-0.360658,-3.211556,0.422437,-1.058632,2.406887,-1.196988,1.050825,-0.414551
1490,28.220000,0.195826,1.880781,0.484793,1.463837,1.102838,-3.114069,-0.621277,1.307630,-0.379180,-3.189953,0.408471,-1.073174,2.415010,-1.208930,1.008065,-0.457089
1491,28.240000,0.218252,1.844546,0.490833,1.480460,1.085705,-3.134277,-0.636707,1.286827,-0.376654,-3.223866,0.405037,-1.090882,2.414066,-1.251042,1.018459,-0.503062
1492,28.260000,0.249467,1.875009,0.499141,1.458436,1.064281,-3.126476,-0.648862,1.277338,-0.365994,-3.213075,0.394798,-1.084437,2.393438,-1.302619,0.960648,-0.546902
1493,28.280000,0.309073,1.859574,0.483139,1.436685,1.026338,-3.137208,-0.659690,1.257279,-0.390808,-3.230108,0.378709,-1.103592,2.352071,-1.332919,0.908431,-0.591074
1494,28.300000,0.349336,1.820571,0.339866,1.338037,0.988674,-3.105619,-0.759860,1.214650,-0.571790,-3.020632,0.351935,-1.032567,2.337595,-1.343086,0.958017,-0.610466
1495,28.320000,0.422795,1.808896,0.412640,1.269577,1.118112,-3.104998,-0.661304,1.211845,-0.454262,-3.097468,0.327943,-1.073588,2.203641,-1.385281,0.853278,-0.634918
1496,28.340000,0.481892,1.770754,0.378313,1.219365,0.945116,-3.132066,-0.664811,1.195693,-0.522475,-3.042183,0.291811,-1.109152,2.161746,-1.416993,0.839107,-0.709062
1497,28.360000,0.547754,1.736187,0.361304,1.188477,0.885637,-3.159711,-0.702050,1.151141,-0.651742,-3.024866,0.268397,-1.095888,2.140805,-1.464037,0.917093,-0.788987
1498,28.380000,0.586199,1.696518,0.396074,1.168688,0.848795,-3.184950,-0.710214,1.137689,-0.692330,-3.007450,0.241149,-1.135135,2.090619,-1.526239,0.919147,-0.855536
1499,28.400000,0.607284,1.583906,0.300472,1.161542,0.767158,-3.222209,-0.789908,1.090083,-0.867023,-2.883941,0.188702,-1.140509,2.006145,-1.592195,0.905044,-0.935002
1500,28.420000,0.772950,1.592882,0.257691,1.113499,0.751592,-3.248655,-0.767085,1.050379,-0.898272,-2.998908,0.170826,-1.109492,1.825002,-1.673134,0.791248,-0.994401
1501,28.440000,0.899448,1.536577,0.229112,1.034242,0.699852,-3.246648,-0.750716,1.018682,-0.960405,-3.005674,0.136275,-1.094838,1.682967,-1.759680,0.701423,-1.101061
1502,28.460000,1.001967,1.512192,0.143753,0.920900,0.615016,-3.266352,-0.796115,1.002378,-1.133133,-2.867818,0.106325,-1.031002,1.643696,-1.768502,0.810116,-1.156733
1503,28.480000,1.111636,1.454234,0.186523,0.851552,0.752116,-3.243342,-0.688496,0.998969,-0.976086,-2.941357,0.052753,-1.080232,1.505565,-1.827211,0.643306,-1.192253
1504,28.500000,1.261767,1.432505,0.173094,0.703231,0.556651,-3.273971,-0.665900,0.981429,-1.015540,-2.868922,0.020229,-1.095353,1.462957,-1.835806,0.564331,-1.261136
1505,28.520000,1.246772,1.310355,0.145281,0.630242,0.464803,-3.327990,-0.750449,0.938939,-1.166817,-2.580191,-0.048188,-1.132275,1.437832,-1.888196,0.618997,-1.366352
1506,28.540000,1.401020,1.345196,0.215470,0.562779,0.526363,-3.318800,-0.695741,0.939557,-1.086617,-2.643709,-0.105155,-1.131256,1.357338,-1.980835,0.499727,-1.444344
1507,28.560000,1.575371,1.354996,0.246460,0.440705,0.377341,-3.336615,-0.656839,0.921319,-1.105520,-2.580891,-0.130089,-1.126792,1.291892,-2.000493,0.425080,-1.578516
1508,28.580000,1.707337,1.313873,0.231724,0.335065,0.310931,-3.359565,-0.666328,0.896713,-1.145560,-2.504311,-0.185538,-1.132668,1.253070,-2.040165,0.385211,-1.643271
1509,28.600000,1.783780,1.312563,0.124713,0.170098,0.250365,-3.315932,-0.710861,0.882764,-1.207323,-2.197135,-0.218526,-1.068728,1.204838,-2.042369,0.368994,-1.683182
1510,28.620000,1.903451,1.265868,0.059117,0.027048,0.173372,-3.331249,-0.727582,0.854687,-1.236603,-1.991367,-0.271259,-1.049214,1.131122,-2.034412,0.303885,-1.724255
1511,28.640000,2.034831,1.232188,0.044099,-0.038290,0.196584,-3.294183,-0.708049,0.843744,-1.210066,-1.897201,-0.359347,-1.061438,1.028450,-2.134020,0.185448,-1.833545
1512,28.660000,2.204409,1.216480,0.043752,-0.158931,0.129119,-3.297895,-0.724643,0.827560,-1.219806,-1.748490,-0.405413,-1.075458,0.930555,-2.213335,0.086185,-1.936728
1513,28.680000,2.346494,1.177053,0.050458,-0.231359,0.158903,-3.230464,-0.701597,0.821582,-1.181908,-1.641619,-0.518144,-1.081114,0.749942,-2.396493,-0.131601,-2.107748
1514,28.700000,2.512333,1.141955,0.005540,-0.427967,-0.031263,-3.257520,-0.729210,0.797612,-1.248597,-1.334561,-0.562516,-1.074947,0.631774,-2.511192,-0.238048,-2.269354
1515,28.720000,2.695879,1.098096,-0.041172,-0.556973,-0.045494,-3.204531,-0.778179,0.774821,-1.291854,-1.094107,-0.650613,-1.082410,0.511253,-2.614493,-0.327808,-2.389580
1516,28.740000,2.958767,1.033016,-0.013392,-0.740192,-0.193490,-3.225600,-0.748059,0.751983,-1.303582,-0.927608,-0.695615,-1.156762,0.300946,-2.727111,-0.451924,-2.528205
1517,28.760000,3.169878,1.006077,-0.034578,-0.873952,-0.247142,-3.217480,-0.776203,0.734176,-1.359960,-0.719420,-0.755857,-1.148135,0.171324,-2.835491,-0.518650,-2.692729
1518,28.780000,3.225874,0.990800,-0.172679,-1.086246,-0.447496,-3.249537,-0.845627,0.708288,-1.452695,-0.233652,-0.673162,-1.023456,0.214368,-2.795573,-0.400708,-2.692589
1519,28.800000,3.521865,0.958593,-0.211048,-1.187449,-0.452261,-3.169941,-0.831778,0.699931,-1.438080,-0.193407,-0.748054,-0.998083,0.109405,-2.852397,-0.467913,-2.764320
1520,28.820000,3.783503,0.966199,-0.217781,-1.277250,-0.534465,-3.201670,-0.812998,0.702411,-1.440139,-0.105760,-0.795604,-0.972364,0.005705,-2.960813,-0.535667,-3.009579
1521,28.840000,3.969923,0.881279,-0.214373,-1.289806,-0.530434,-3.179119,-0.812077,0.668903,-1.527340,-0.031854,-0.852610,-0.923245,-0.134654,-3.109309,-0.597522,-3.179502
1522,28.860000,4.105083,0.914603,-0.282045,-1.211355,-0.375543,-3.015234,-0.941461,0.702558,-1.489704,0.066757,-0.967154,-0.833547,-0.159620,-3.311826,-0.700034,-3.360533
1523,28.880000,4.346060,0.824365,-0.234836,-1.351799,-0.557240,-3.081629,-0.857554,0.671303,-1.558620,0.117266,-0.962425,-0.874406,-0.338613,-3.450140,-0.765675,-3.471785
1524,28.900000,4.478086,0.877269,-0.300525,-1.459730,-0.720592,-3.021842,-0.911985,0.641259,-1.572829,0.365286,-0.938805,-0.695128,-0.299330,-3.429888,-0.733912,-3.553574
1525,28.920000,4.543285,0.842471,-0.328019,-1.292093,-0.497996,-2.880715,-0.973760,0.657999,-1.517318,0.337993,-1.026498,-0.597842,-0.235327,-3.550409,-0.735733,-3.571127
1526,28.940000,4.669281,0.725846,-0.224380,-1.300309,-0.637785,-2.996503,-0.828125,0.656308,-1.519041,0.271128,-1.044698,-0.638461,-0.438351,-3.737498,-0.846863,-3.687378
1527,28.960000,4.634327,0.614077,-0.102186,-1.228331,-0.647852,-3.020092,-0.732949,0.639344,-1.548965,0.233126,-1.058165,-0.635995,-0.632514,-3.889397,-0.939418,-3.743502
1528,28.980000,4.714008,0.823701,-0.132198,-1.250246,-0.750317,-2.887448,-0.875137,0.642569,-1.506804,0.432073,-1.069215,-0.470886,-0.395672,-3.971950,-0.896675,-3.817921
1529,29.000000,4.862992,0.749678,-0.034311,-1.098142,-0.695025,-2.863859,-0.942972,0.659701,-1.488725,0.327652,-1.102826,-0.367970,-0.243801,-4.019191,-0.835191,-3.814907
1530,29.020000,4.822752,0.663208,0.034339,-0.918098,-0.634852,-2.869919,-0.914451,0.704601,-1.394472,0.231348,-1.151161,-0.367798,-0.440307,-4.261955,-1.002017,-3.937286
1531,29.040000,4.976550,0.763373,-0.055625,-0.719623,-0.483144,-2.537455,-1.181293,0.719515,-1.404104,0.296771,-1.308247,-0.148110,-0.468248,-4.474756,-1.248093,-4.173340
1532,29.060000,5.120014,0.733691,0.049029,-0.701108,-0.593485,-2.541759,-1.208160,0.722790,-1.439918,0.269812,-1.355864,-0.100385,-0.497944,-4.637022,-1.399644,-4.343387
1533,29.080000,5.177361,0.662952,0.126037,-0.845175,-0.773135,-2.583960,-1.072309,0.713100,-1.445559,0.261939,-1.341381,-0.124877,-0.536694,-4.763262,-1.449824,-4.387055
1534,29.100000,4.993666,0.574536,0.112063,-0.657443,-0.631803,-2.420574,-1.103793,0.719348,-1.337814,0.216417,-1.357424,-0.086558,-0.534396,-4.875733,-1.679815,-4.305223
1535,29.120000,5.229783,0.602594,0.115304,-0.871736,-0.930700,-2.353060,-0.743251,0.639970,-1.459179,0.071767,-1.385460,0.015781,-0.636556,-5.088372,-1.786399,-4.399979
1536,29.140000,5.415855,0.580984,0.304787,-0.885306,-0.887563,-2.203518,-0.623933,0.634401,-1.350812,-0.154043,-1.438140,0.046260,-0.660185,-5.101795,-2.006219,-4.499497
1537,29.160000,5.507195,0.542544,0.546431,-0.979142,-1.022649,-2.220825,-0.232893,0.710925,-1.214311,-0.501752,-1.381883,-0.032741,-0.725927,-5.207892,-2.144812,-4.455148
1538,29.180000,5.457885,0.471919,0.409245,-0.991521,-0.992224,-2.154810,0.077915,0.672789,-1.226571,-0.694256,-1.414090,-0.017881,-0.859932,-5.442891,-2.442956,-4.389751
1539,29.200000,5.112189,0.408725,0.356209,-0.600450,-0.703824,-1.908328,0.026850,0.701384,-1.004643,-0.961630,-1.355620,-0.149873,-0.856140,-5.475036,-3.010531,-4.022823
1540,29.220000,5.257870,0.465882,0.488195,-0.665269,-1.013220,-1.914059,0.300171,0.639787,-1.102027,-1.245606,-1.246200,-0.177456,-1.063636,-5.576589,-3.382216,-3.872946
1541,29.240000,5.336445,0.456163,0.690452,-0.565366,-1.042834,-1.870462,0.392597,0.490936,-1.227320,-1.433168,-1.152101,-0.046963,-1.312766,-5.381191,-3.619792,-3.826235
1542,29.260000,5.193159,0.508790,1.096798,-0.572118,-1.160882,-1.859599,0.576395,0.559042,-1.070896,-1.651958,-0.995090,-0.140013,-1.368792,-5.193853,-3.755446,-3.669016
1543,29.280000,5.065824,0.487112,0.988137,-0.528910,-1.113232,-1.745012,0.544143,0.410966,-1.195402,-1.561334,-0.926495,-0.025916,-1.487252,-4.988767,-3.955498,-3.464976
1544,29.300000,4.876861,0.540549,0.879520,-0.318024,-0.925560,-1.599605,0.452728,0.284945,-1.294638,-1.441808,-0.910239,0.190060,-1.623657,-4.690271,-4.042911,-3.285456
1545,29.320000,4.755319,0.583772,1.302608,-0.132978,-0.932691,-1.633232,0.539817,0.268767,-1.182946,-1.796420,-0.824255,0.134805,-1.676272,-4.562816,-4.242248,-3.253572
1546,29.340000,4.613324,0.587413,1.461807,0.021510,-0.833320,-1.476276,0.459466,0.228146,-1.068282,-1.990729,-0.710205,0.051972,-1.560460,-4.563434,-4.561058,-3.138189
1547,29.360000,4.368667,0.699347,1.472469,0.070572,-0.705282,-1.334413,0.459675,0.231838,-1.029368,-1.967095,-0.690030,0.070311,-1.546978,-4.517226,-4.633179,-2.919089
1548,29.380000,4.002090,0.746952,1.395133,0.399067,-0.388410,-1.027988,0.171024,0.086096,-1.043892,-1.954189,-0.655326,0.153565,-1.642218,-4.225996,-4.914414,-2.589025
1549,29.400000,3.658570,0.765180,1.621297,0.386069,-0.531957,-1.162222,0.597874,0.140000,-0.987613,-2.141305,-0.516823,0.285564,-1.766900,-4.156260,-4.732634,-2.533263
1550,29.420000,3.347413,0.750324,1.766074,0.380095,-0.598154,-1.036828,0.732902,0.002573,-0.890097,-2.281226,-0.385255,0.068045,-1.777533,-4.068865,-4.856378,-2.370540
1551,29.440000,2.866726,0.839774,1.844414,0.248511,-0.613563,-0.780731,0.884668,-0.010723,-0.617674,-2.227315,-0.194519,-0.202669,-1.643604,-3.839007,-4.882463,-1.933651
1552,29.460000,2.322253,0.846781,2.026496,0.204806,-0.678770,-0.750113,1.326697,0.036668,-0.350295,-2.439700,0.056545,-0.237434,-1.595791,-3.608233,-4.641563,-1.528546
1553,29.480000,1.742178,0.912911,1.961706,0.340621,-0.574737,-0.628198,1.643873,0.102062,-0.063326,-2.506554,0.274001,-0.035604,-1.608144,-3.247665,-4.320665,-1.383852
1554,29.500000,1.171119,0.992349,1.781584,0.506624,-0.489292,-0.505557,1.699692,0.155535,0.115539,-2.354435,0.444655,0.122746,-1.706700,-2.846918,-4.025438,-1.437200
1555,29.520000,0.767141,0.904483,1.551387,0.392465,-0.444610,-0.399200,1.849768,0.286140,0.337114,-2.090560,0.593614,0.187032,-1.787793,-2.760980,-3.670303,-1.683718
1556,29.540000,0.518869,1.004352,1.254176,0.116136,-0.469108,-0.288957,2.072896,0.440874,0.678879,-1.876395,0.698615,0.234941,-1.805007,-2.695529,-3.353427,-1.879703
1557,29.560000,0.462059,1.035610,0.909687,-0.247903,-0.393597,-0.161565,2.286360,0.581284,0.902718,-1.597748,0.769962,0.366563,-1.828076,-2.695023,-2.947893,-2.089234
1558,29.580000,0.447994,1.072932,0.839430,-0.567468,-0.261237,-0.134992,2.371057,0.698187,1.030451,-1.228188,0.805675,0.750570,-1.830803,-2.649019,-2.479533,-2.498806
1559,29.600000,0.313190,0.891212,1.091183,-0.912191,-0.310556,-0.186275,2.337291,0.867038,1.440477,-1.051199,0.764883,0.596824,-1.684496,-2.783671,-2.257938,-2.743737
1560,29.620000,0.246119,0.473979,1.175886,-1.183016,-0.220876,-0.165823,2.111174,0.933996,1.337432,-0.873182,0.637803,0.497657,-1.674968,-3.315944,-2.094028,-3.026096
1561,29.640000,-0.064565,0.809460,1.780057,-1.052494,-0.157049,-0.224431,1.924946,0.899305,1.082469,-0.695401,0.365585,0.624860,-1.685792,-3.612327,-1.839556,-3.317761
1562,29.660000,-0.448341,0.638635,2.294260,-0.799522,-0.233865,-0.359190,1.616026,0.960529,0.753265,-0.692912,-0.049937,0.345868,-1.560858,-4.247103,-1.700066,-3.729814
1563,29.680000,-0.885552,0.925805,2.841402,-0.228597,-0.206563,-0.550477,1.332529,1.078075,0.519192,-0.844191,-0.391424,0.562954,-1.351727,-4.789590,-1.375886,-4.241393
1564,29.700000,-1.224881,0.652621,2.928117,1.014542,0.073585,-0.674951,0.742308,1.097221,-0.023758,-1.315371,-0.681495,0.821650,-1.353545,-5.373414,-0.745975,-4.969144
1565,29.720000,-1.228315,0.346112,3.089718,2.561928,0.165336,-0.760536,0.046936,1.033150,-0.232932,-2.263122,-0.745479,0.840661,-1.580048,-5.660896,-0.623960,-5.404495
1566,29.740000,-0.951211,-0.016078,2.661720,3.658139,0.328135,-0.703265,-0.357593,0.874486,-0.374654,-3.279003,-0.606853,0.730125,-2.156044,-5.629585,-0.721050,-5.456915
1567,29.760000,-0.145989,-0.300463,2.100951,3.260500,0.245877,-0.469726,-0.159113,0.864108,-0.227855,-3.905437,-0.323138,0.704917,-2.819280,-5.421126,-1.082363,-4.911518
1568,29.780000,1.235694,-0.428133,1.314010,1.131113,0.069580,0.157569,0.604312,0.942212,0.152872,-3.814317,-0.151200,0.697675,-3.352260,-4.980016,-1.515849,-4.423224
1569,29.800000,3.279225,0.025441,-0.262730,-2.412705,-0.340996,1.795022,1.731616,0.889604,0.839668,-2.290293,-0.197623,0.519909,-3.082603,-4.112788,-2.056140,-3.867944
1570,29.820000,4.101734,0.132833,-0.496280,-4.658526,-0.431107,1.808307,1.824180,0.726637,1.450985,-0.898517,-0.251449,0.542739,-2.263457,-2.969768,-2.070512,-3.231817
1571,29.840000,2.904384,0.526868,-0.632371,-5.060266,-0.390431,0.877822,2.052875,1.118135,2.576092,0.506632,-0.203896,0.320370,-1.044732,-2.543417,-1.192371,-2.206089
1572,29.860000,1.734057,0.171563,-0.767990,-4.629013,-0.357773,0.430327,2.025356,1.231873,2.277169,1.412423,0.202518,0.421088,0.115225,-2.519825,0.308667,-1.580940
1573,29.880000,-0.022704,0.168965,-0.781211,-3.598853,-0.161475,-0.118055,2.311902,1.486549,2.127228,1.619892,0.583179,0.613244,0.884828,-2.616008,1.679585,-1.327834
1574,29.900000,-1.591034,0.152952,-0.372009,-1.711298,0.270859,-0.440563,2.237839,1.670246,2.306396,1.082271,0.664695,0.922745,1.337306,-2.763012,1.857839,-1.992289
1575,29.920000,-2.278217,0.166735,0.813386,1.906499,0.763134,-0.953377,1.423723,1.624605,1.764912,-1.347390,0.383125,1.908548,1.543090,-2.528291,2.018555,-3.761325
1576,29.940000,-2.229247,0.209832,1.729638,5.804706,0.508048,-1.485715,-0.079974,1.583479,0.769279,-4.078869,-0.158562,1.672149,1.213884,-3.359655,1.949380,-5.892220
1577,29.960000,-1.042523,0.520241,1.262805,6.168549,-0.024972,-0.961713,-0.506860,1.310023,0.472690,-4.919269,-0.320946,0.906479,0.368398,-4.439368,0.287406,-6.061888
1578,29.980000,0.477011,-0.091069,1.365711,4.744968,0.292082,-0.750884,-0.672719,1.078717,0.244383,-5.182189,-0.059813,0.528617,-1.206304,-5.061691,-1.660829,-4.790689
1579,30.000000,2.149729,-0.637109,1.789792,2.434144,0.418185,0.303094,-0.205061,0.955277,0.632711,-4.677546,-0.305052,0.414508,-2.983039,-5.014047,-3.192822,-3.425750
1580,30.020000,3.883236,-0.714354,0.729103,-0.705170,0.210912,2.157798,0.528458,0.495965,0.782892,-2.597115,-0.841514,0.279135,-3.776364,-4.433237,-3.862132,-2.574439
1581,30.040000,5.213342,-0.654987,-0.602018,-2.937387,-0.254001,2.632416,0.900053,0.075375,0.671112,-1.463861,-0.783928,-0.265702,-4.075073,-3.730311,-3.649867,-1.946998
1582,30.060000,5.191368,-0.354384,-0.875414,-3.847660,-0.585865,1.556209,1.300981,0.055802,0.770261,-0.691886,-0.387303,-0.257605,-3.827053,-3.405267,-3.232976,-1.051160
1583,30.080000,4.336761,-0.272295,-0.914309,-4.651746,-1.242518,0.581307,2.135123,0.296048,0.763213,0.149824,-0.152131,-0.096755,-3.421888,-4.552996,-2.884765,-1.281174
1584,30.100000,3.443100,-0.458295,-0.824763,-4.722071,-1.308752,0.253200,2.395669,0.409102,0.268325,0.285371,0.209728,0.296897,-3.070621,-5.316042,-2.368382,-2.031526
1585,30.120000,2.659087,-0.278951,-0.141208,-4.508337,-1.442934,0.055025,2.722324,0.275123,-0.020041,0.094762,0.298564,0.156414,-2.237076,-5.312819,-1.459795,-2.388453
1586,30.140000,1.803324,0.192178,0.470700,-3.489640,-0.856378,0.429303,2.868539,0.148730,-0.126524,-0.197221,0.757223,1.231330,0.035622,-3.243729,0.677409,-1.481932
1587,30.160000,0.501222,0.474486,0.463935,-2.162219,-0.180078,0.511986,2.735429,0.472578,0.307723,-0.099847,1.020912,2.149550,2.087697,-0.875281,2.748541,-0.560358
1588,30.180000,-0.153977,0.990922,0.027383,-0.919247,0.356831,0.131762,2.393874,0.913308,1.121294,-0.236383,1.072207,2.919101,2.837909,0.468035,3.910146,-0.568528
1589,30.200000,-0.515247,0.655368,-0.650863,-0.064934,0.513873,-0.082169,1.838123,1.360373,2.286387,-0.392123,1.488397,3.483742,2.666614,0.562140,4.200315,-1.438265
1590,30.220000,-0.677956,0.408506,-0.711321,0.735844,0.646928,-0.241268,1.261643,1.700124,3.021646,-0.672883,1.327407,3.420890,2.327377,0.196798,3.753118,-2.639072
1591,30.240000,-0.534717,0.204081,-0.537889,1.765858,0.861242,-0.262560,0.513568,1.588378,2.807875,-0.977583,1.270404,3.564771,1.967369,-0.339094,3.050529,-3.394506
1592,30.260000,-0.447475,0.312778,-0.113483,2.937534,0.805437,-0.703202,-0.286633,1.907237,2.603529,-1.696208,0.926365,3.268388,1.906162,-0.720587,2.300752,-3.492663
1593,30.280000,0.239528,0.598565,0.430842,4.026161,0.667440,-0.853176,-1.456840,1.675197,1.729590,-2.198238,0.974197,3.460140,1.942288,-1.116595,1.679091,-3.160910
1594,30.300000,0.951517,0.725554,0.752270,4.246778,0.307980,-0.983623,-2.400606,1.565640,1.185648,-2.174254,0.715984,2.893993,2.025924,-1.319388,1.079759,-2.500740
1595,30.320000,1.958199,0.697690,0.982983,3.549761,0.347051,-0.690249,-2.597890,1.154086,0.611571,-1.757579,0.920635,3.106208,2.065563,-1.297833,0.529834,-1.414722
1596,30.340000,2.756845,0.624619,1.112913,1.753902,0.253331,-0.234980,-1.530122,0.912049,0.890630,-1.540954,1.019588,3.036245,1.967027,-0.740587,0.252641,-0.253378
1597,30.360000,3.303985,0.306601,0.819186,0.315819,0.299641,0.239245,-0.186326,0.802119,1.435388,-1.408375,1.022841,3.217728,1.536117,-0.313302,0.263424,0.241341
1598,30.380000,3.811420,0.181862,0.151310,-1.164433,0.007852,-0.095737,0.950657,0.832888,1.942726,-1.247937,0.981378,2.646521,1.064669,-0.241858,0.413715,0.419327
1599,30.400000,3.791950,0.337584,-0.218679,-2.514241,-0.350414,-0.343920,1.824332,0.956984,2.237953,-0.990825,0.955479,2.214288,1.023372,-0.295742,0.678989,0.419924
1600,30.420000,3.514235,0.599663,-0.395143,-3.553752,-0.343182,-0.289451,2.692856,1.181844,2.484063,-0.642153,0.826728,2.024263,1.422915,-0.588531,1.459956,-0.053831
1601,30.440000,2.904296,0.631307,-0.539581,-3.910987,-0.384930,-0.467469,3.328561,1.365293,2.495864,-0.191986,0.714382,1.689980,1.627206,-1.310383,2.052510,-0.819036
1602,30.460000,2.742316,0.668206,-0.447653,-4.113407,-0.330472,-0.458817,3.559013,1.295037,2.163657,0.130534,0.536092,1.640994,1.565326,-1.879925,2.406046,-1.509712
1603,30.480000,2.203444,0.486875,-0.339129,-3.670598,-0.409554,-0.577101,3.590783,1.203590,2.014101,0.258597,0.459993,1.122324,1.311159,-2.367617,2.319957,-1.737383
1604,30.500000,2.146777,0.361978,0.014861,-3.193770,-0.445360,-0.523421,3.400892,0.887493,1.628244,0.031638,0.335260,0.859394,1.048957,-2.620200,1.957546,-1.652183
1605,30.520000,1.874944,0.234493,0.711180,-2.439843,-0.445057,-0.415823,2.927835,0.709378,1.237872,-0.398980,0.287071,1.029291,0.999515,-2.465234,1.626478,-1.532477
1606,30.540000,1.625783,0.100663,1.276096,-1.067078,-0.373204,-0.358914,1.908815,0.447157,0.543440,-0.621902,0.086685,1.337544,1.013308,-2.027345,1.276429,-1.600824
1607,30.560000,1.250247,0.137391,1.864881,0.616646,-0.328791,-0.649068,0.872616,0.557832,0.348296,-1.074068,-0.101083,1.770961,1.181678,-1.420842,1.034645,-1.766790
1608,30.580000,1.310932,0.171598,1.713747,2.015849,-0.285119,-0.904425,-0.257881,0.514949,0.019737,-1.251769,-0.237612,1.828729,1.345432,-1.241238,1.017047,-1.930125
1609,30.600000,1.701300,0.199904,1.610245,2.834577,-0.157552,-0.969782,-1.352430,0.346795,-0.272568,-1.411873,-0.246636,2.054165,1.540503,-1.047416,1.103846,-1.917792
1610,30.620000,2.218058,0.240459,1.712304,3.068982,-0.061421,-0.943382,-2.019704,0.231234,-0.557239,-1.427065,-0.162781,2.317232,1.737874,-0.860868,1.121403,-1.972876
1611,30.640000,2.573062,0.240928,1.872471,2.669173,-0.066521,-0.824063,-2.012669,0.134912,-0.707121,-1.324032,-0.294266,2.198504,1.876257,-0.705630,1.144119,-1.980956
1612,30.660000,2.953797,0.185645,1.692110,1.822491,0.191114,-0.530353,-1.308549,0.144022,-0.582302,-1.219352,-0.345137,2.209069,1.829183,-0.653825,1.146689,-1.722564
1613,30.680000,2.967626,0.095853,1.581238,0.881053,0.173013,-0.279183,-0.127946,0.217063,-0.170128,-1.428746,-0.463358,1.905258,1.725470,-0.723832,1.274245,-1.449775
1614,30.700000,2.981864,-0.019374,0.932534,-0.486923,-0.059897,-0.130031,1.589616,0.399691,0.434725,-1.653110,-0.773274,1.098491,1.574901,-1.318341,1.180831,-1.078187
1615,30.720000,3.023060,0.048835,0.518713,-2.295946,-0.581725,-0.156100,3.409155,0.686291,1.261820,-2.326740,-0.922902,-0.103935,1.385816,-2.002234,0.966725,-0.285731
1616,30.740000,3.282271,0.185935,-0.260987,-4.069919,-1.195457,-0.045310,4.674568,0.954826,1.998144,-2.496141,-0.784926,-1.096948,1.399094,-2.742126,0.847109,1.028686
1617,30.760000,3.056981,0.591295,-0.585574,-4.631083,-1.370451,-0.028179,4.689515,1.041238,2.134425,-1.787820,-0.030821,-0.521030,1.916249,-2.459374,1.111964,1.698593
1618,30.780000,1.731261,0.656866,-0.390768,-4.169953,-0.957473,-0.266199,4.428558,0.970245,1.863204,-0.905820,0.552892,0.079886,1.907702,-2.053546,1.726447,1.030084
1619,30.800000,0.487218,0.625905,-0.066883,-3.853358,-0.613853,-0.443529,3.841443,1.005180,1.390310,0.268769,0.657504,0.519698,1.783747,-1.832065,2.385358,0.035552
1620,30.820000,0.044872,0.577869,0.665976,-2.818523,-0.173942,-0.714597,2.984195,1.114832,1.266374,0.480278,0.646589,1.249332,1.829596,-1.310422,2.584569,-1.040140
1621,30.840000,-0.085777,0.649486,2.191456,-0.642367,0.189029,-1.075162,1.142857,1.128061,0.865270,0.154562,0.374460,2.110536,1.978243,-0.986867,2.470115,-2.260987
1622,30.860000,0.276582,0.844027,3.295463,3.290351,0.081880,-1.677378,-2.385998,1.041096,-0.019484,-0.415675,-0.159225,2.252898,2.237244,-1.305607,2.408282,-3.455150
1623,30.880000,1.105890,0.815893,2.361646,5.575596,-0.262353,-1.407859,-4.983173,0.761524,-0.848218,-0.714088,-0.766688,1.351641,2.137045,-1.671360,1.961820,-3.451490
1624,30.900000,2.721553,0.606066,1.450129,4.583213,-0.073922,-1.104424,-4.535104,0.334551,-0.969500,-1.365071,-0.112750,1.672484,1.606988,-1.449746,1.380557,-2.105553
1625,30.920000,3.556811,0.132346,1.259514,2.132790,0.273222,-0.194979,-2.338349,-0.208974,-0.828871,-2.001794,0.180206,2.117106,1.063715,-0.546326,1.111919,-1.055432
1626,30.940000,3.730739,-0.081142,1.191782,0.647186,0.709030,0.740132,-0.212486,0.018357,0.048924,-2.206157,-0.143247,2.241430,0.550234,-0.164896,0.859508,-0.835825
1627,30.960000,4.377161,-0.198086,0.138129,-1.119450,0.428191,0.884948,1.685334,-0.173832,0.339453,-2.207601,-0.466672,1.599808,0.205059,-0.374533,1.043606,-0.294888
1628,30.980000,4.528903,-0.097219,-0.268732,-3.301529,-0.310806,0.528422,3.270377,0.501825,1.591701,-2.313631,-0.584550,0.271534,0.381961,-1.108049,1.018750,0.766217
1629,31.000000,4.554193,0.175913,-0.767292,-5.333537,-1.062812,-0.063773,4.776200,1.160537,2.323781,-2.180794,-0.496204,-0.735517,1.141837,-2.458314,1.286011,1.725707
1630,31.020000,4.177149,0.314483,-1.070715,-6.038168,-1.273217,-0.176577,5.168752,1.274260,2.236845,-1.499712,-0.166998,-0.566704,1.851105,-3.364066,1.641151,1.929197
1631,31.040000,2.815180,0.422264,-0.921279,-5.568841,-1.001232,-0.311637,5.017591,1.064339,1.982818,-0.762590,0.323508,-0.238248,1.986199,-3.569711,2.010248,1.214919
1632,31.060000,1.964352,0.424927,-0.382268,-5.424574,-0.933840,-0.438041,4.560656,0.822157,1.483849,-0.027031,0.579520,0.070944,1.857609,-3.541282,2.354131,0.399417
1633,31.080000,1.475238,0.325367,0.120557,-4.389544,-0.708251,-0.606803,3.992127,0.483480,1.270461,0.065694,0.721956,0.280119,1.503283,-3.070547,2.098915,-0.293206
1634,31.100000,1.260373,0.440185,1.056612,-3.483266,-0.533850,-0.358419,2.995142,0.433844,0.883106,0.115662,0.448623,0.726846,1.383740,-2.619087,2.011719,-0.781569
1635,31.120000,0.973942,0.300404,1.935211,-1.612014,-0.251054,-0.407498,1.734898,0.422944,0.667822,-0.445850,0.470246,1.528275,1.296897,-1.688143,1.601983,-1.207342
1636,31.140000,1.031996,0.228063,1.741454,0.547012,-0.172079,-0.529374,0.466436,0.460352,0.715550,-1.305736,0.453648,1.753948,0.889699,-0.996389,0.816325,-1.360148
1637,31.160000,1.366386,0.060279,0.893948,1.738967,-0.227590,-0.464648,-0.431832,0.359603,0.589916,-2.024697,0.365149,1.380131,0.544808,-0.647887,0.269962,-1.110193
1638,31.180000,2.055667,0.088044,0.255042,1.956323,-0.021394,0.104932,-0.695238,0.330852,0.783787,-2.401814,0.511445,1.330329,0.327994,-0.041962,-0.610178,-0.503731
1639,31.200000,2.700686,0.120533,0.117638,1.419691,0.165411,0.598608,-0.541600,0.442049,1.019488,-2.388220,0.437447,1.118415,0.275723,0.870493,-1.547872,0.438485
1640,31.220000,2.696456,0.237374,0.244459,0.758485,0.204127,0.749234,-0.182746,0.578435,1.075123,-1.819219,0.042802,0.796075,0.282826,1.713853,-1.914795,1.350936
1641,31.240000,2.251168,0.391478,0.574308,0.036932,0.268388,0.138623,0.436148,0.750406,1.070721,-1.200093,0.075639,1.180154,0.602395,1.901657,-1.591754,1.903529
1642,31.260000,1.726852,0.506596,0.668560,-0.529593,0.339923,-0.327054,0.850378,0.791999,0.921736,-0.493904,0.183141,1.552422,0.979216,1.593998,-0.977052,1.937643
1643,31.280000,1.431780,0.617061,0.770937,-0.865487,0.373741,-0.361396,1.010473,0.712487,0.658092,0.050885,0.150819,1.766538,1.209068,1.048548,-0.118778,1.405010
1644,31.300000,1.474867,0.686036,0.885924,-1.061885,0.486504,-0.275978,0.999601,0.703691,0.726669,0.257709,0.394180,2.090260,1.308041,0.675269,0.508994,0.892019
1645,31.320000,1.599666,0.627982,0.806375,-1.135465,0.485994,-0.199336,0.804529,0.692684,0.824104,0.377627,0.440009,1.958583,1.303027,0.436420,0.916202,0.572640
1646,31.340000,1.722978,0.605272,0.893811,-1.141843,0.464040,0.023382,0.704183,0.649841,0.966950,0.285509,0.382516,1.752280,1.256393,0.458318,1.142703,0.600659
1647,31.360000,1.741803,0.594799,0.818252,-1.191348,0.322017,0.222766,0.715551,0.569665,1.048476,0.209442,0.334958,1.497888,1.053754,0.560648,1.049312,0.670600
1648,31.380000,1.641299,0.582603,0.735246,-1.191120,0.211581,0.285938,0.790738,0.570036,1.151365,0.159649,0.249344,1.195238,0.846950,0.560417,0.838825,0.705909
1649,31.400000,1.560091,0.605089,0.723804,-1.219007,0.077292,0.435111,0.927316,0.498726,1.101460,0.034757,0.177362,1.018049,0.636485,0.630107,0.588024,0.754934
1650,31.420000,1.368810,0.655292,0.831982,-1.169860,0.126812,0.410622,1.012480,0.526511,1.154191,-0.060193,0.223831,1.036766,0.804757,0.971274,0.705403,1.075332
1651,31.440000,1.141596,0.741557,0.832987,-1.212939,0.194615,0.201173,1.073212,0.615851,1.357778,-0.037081,0.342467,1.233549,1.378606,1.519341,1.096175,1.660145
1652,31.460000,0.947155,0.896029,0.733648,-1.333427,0.310490,0.015767,1.153778,0.731882,1.591969,0.034716,0.521127,1.575323,2.005283,1.959717,1.545483,2.078133
1653,31.480000,0.772151,1.013958,0.595776,-1.408874,0.500190,-0.129465,1.095748,0.954848,1.962626,0.222145,0.664127,1.921134,2.659636,2.245601,2.160480,2.335168
1654,31.500000,0.686441,1.028445,0.412387,-1.444905,0.676960,-0.131809,0.936411,1.159428,2.333075,0.398834,0.858126,2.302898,3.025364,2.343395,2.503363,2.306971
1655,31.520000,0.596087,1.017313,0.305579,-1.408330,0.739148,-0.139316,0.668124,1.327291,2.581898,0.536720,0.899827,2.392829,3.202697,2.406487,2.754833,2.234370
1656,31.540000,0.594352,0.774920,0.135061,-1.374798,0.788630,-0.105102,0.427980,1.339472,2.573892,0.700231,0.940190,2.476452,3.202273,2.312427,2.942866,2.123259
1657,31.560000,0.369738,0.952929,0.196427,-1.294946,0.763439,-0.170215,0.303474,1.563326,2.885994,0.552830,0.937072,2.354768,3.394165,2.601002,3.102940,2.394034
1658,31.580000,0.389844,0.619885,0.002100,-1.051939,0.730573,-0.133007,0.196574,1.338412,2.475896,0.531819,0.902211,2.407488,3.403407,2.551767,3.260091,2.383353
1659,31.600000,0.161460,0.889252,0.118612,-0.858704,0.755324,-0.196370,0.234305,1.617298,2.940511,0.221242,0.986343,2.473400,3.591230,2.876919,3.259810,2.683728
1660,31.620000,0.086414,0.837006,0.057572,-0.618583,0.724058,-0.177914,0.263305,1.486545,2.765528,0.003940,1.015113,2.598136,3.633181,2.911666,3.251386,2.646229
1661,31.640000,0.020740,0.939943,0.126949,-0.422078,0.710278,-0.188057,0.339298,1.561946,2.892801,-0.377864,1.071723,2.763079,3.694773,3.052182,3.168429,2.758354
1662,31.660000,-0.025891,0.785124,0.099681,-0.164709,0.556087,-0.275786,0.379566,1.492400,2.549284,-0.687996,0.815775,2.454460,3.671516,2.911300,3.049271,2.734701
1663,31.680000,0.055800,0.686068,0.099822,0.103634,0.561260,-0.265845,0.518428,1.532836,2.459024,-1.033511,0.931838,2.622451,3.598043,2.691959,2.906212,2.843147
1664,31.700000,0.143272,0.788582,0.143726,0.161122,0.539555,-0.228644,0.825603,1.386860,2.220182,-1.353796,0.934817,2.677194,3.680240,2.665018,2.825992,3.073250
1665,31.720000,0.255202,0.694089,0.166079,0.302915,0.481934,-0.137996,1.023694,1.037619,1.726141,-1.496200,0.678731,2.403214,3.694279,2.697535,2.874361,3.302946
1666,31.740000,0.370994,0.647589,0.166366,0.116361,0.409496,-0.137642,1.314601,1.162302,1.828190,-1.500642,0.851030,2.459360,3.583270,2.701471,2.706326,3.510001
1667,31.760000,0.376345,0.757042,0.157343,-0.152204,0.432728,-0.025584,1.585806,1.107590,1.939694,-1.293107,0.832522,2.367096,3.601270,2.777766,2.736114,3.705270
1668,31.780000,0.464128,0.615947,0.100945,-0.293091,0.472394,0.050083,1.642588,0.878241,1.737749,-1.021621,0.639634,2.045856,3.418684,2.810865,2.768644,3.675111
1669,31.800000,0.414529,0.783554,0.241667,-0.554963,0.470677,0.113458,1.837841,0.953983,1.994270,-0.886494,0.689981,2.073983,3.340048,2.959711,2.777448,3.665732
1670,31.820000,0.369549,0.724330,0.195112,-0.736171,0.398460,0.109165,1.879695,0.843494,1.826609,-0.700946,0.610706,1.873773,3.252169,3.006773,2.875005,3.570427
1671,31.840000,0.437831,0.627342,0.233201,-0.667845,0.388444,0.187265,1.863546,0.657504,1.569832,-0.642135,0.517800,1.720154,3.145335,2.945727,3.008203,3.409822
1672,31.860000,0.349225,0.647826,0.308899,-0.770301,0.262002,0.161292,2.044298,0.740714,1.542858,-0.640553,0.432508,1.538219,3.073520,2.896729,3.043590,3.327249
1673,31.880000,0.364035,0.517643,0.196906,-0.590895,0.276241,0.383905,1.967046,0.663082,1.411952,-0.750108,0.400766,1.350630,3.000380,2.830240,3.059539,3.353231
1674,31.900000,0.450629,0.436829,-0.004118,-0.330136,0.094947,0.730825,1.823857,0.444780,1.293193,-0.935776,0.281470,0.966526,2.705570,2.970073,2.606815,3.469771
1675,31.920000,0.528787,0.444322,-0.064839,0.017146,0.056102,1.302753,1.576815,0.093633,1.201830,-1.141926,0.406610,0.796643,2.344489,3.353151,1.864081,3.602666
1676,31.940000,0.218118,0.575087,-0.165708,0.335390,0.007314,1.818970,1.380038,-0.182242,1.196032,-0.738165,0.516266,0.534383,2.022141,3.709066,1.158792,3.683485
1677,31.960000,-0.667636,0.719057,-0.187439,0.519466,0.036587,2.297699,1.299193,-0.200253,1.291368,0.003874,0.381634,0.268667,1.900982,4.022354,0.863552,3.688171
1678,31.980000,-2.019384,0.990219,-0.451791,0.642419,-0.110689,2.793048,1.731848,-0.353724,1.355078,1.079309,0.110121,-0.236319,1.937560,4.072255,0.721029,3.463173
1679,32.000000,-2.816624,1.195534,-0.582674,0.634060,-0.061706,3.065181,2.027166,-0.450701,1.430547,1.886933,0.126653,-0.279450,2.076415,4.046076,0.781198,3.138537
1680,32.020000,-3.195348,1.141649,-0.652002,0.592318,-0.169600,3.087332,2.244053,-0.374630,1.319633,2.203517,0.072766,-0.264777,2.312242,3.814358,1.147198,2.875712
1681,32.040000,-3.033470,0.828215,-0.597570,0.351141,-0.379752,2.757683,2.688302,-0.096530,1.027346,1.686288,-0.088772,-0.120397,2.685617,3.438355,1.748998,2.926925
1682,32.060000,-2.151520,0.386567,-0.461240,0.095438,-0.406085,2.628042,2.973119,0.184720,0.629149,0.798240,-0.026085,0.393717,3.271688,3.175108,2.442779,3.337686
1683,32.080000,-0.215635,-0.103163,-0.294463,-0.788786,-0.628301,2.103292,3.074079,0.299836,0.286611,-0.313141,-0.166154,0.830200,3.909196,3.370406,3.093673,4.241166
1684,32.100000,2.287959,-0.572857,0.014506,-1.837934,-0.458285,1.270953,2.642903,0.324839,0.038549,-1.411739,0.049806,1.287466,4.240467,3.803532,3.732271,5.450593
1685,32.120000,4.380968,-0.719770,0.222770,-2.967657,-0.083867,-0.366989,2.166281,0.284076,-0.127811,-2.127564,0.644380,1.987509,4.090509,4.207453,4.147766,6.819793
1686,32.140000,5.763026,-0.900683,0.526276,-2.992981,0.210708,-1.088784,1.497067,0.158732,-0.446279,-2.880073,1.178743,2.791719,3.145883,4.011223,4.266073,7.154597
1687,32.160000,5.649619,-0.857637,0.449009,-2.044751,0.058628,-1.263219,0.801646,0.352895,-0.483956,-3.402092,1.211700,3.078900,2.352154,3.639018,3.744710,6.510177
1688,32.180000,4.982285,-0.691346,0.484252,-1.269423,-0.013693,-1.285606,0.212041,0.416071,-0.502047,-3.349749,1.158505,2.851107,1.987203,3.276469,3.301059,5.682027
1689,32.200000,3.857081,-0.492006,0.290038,-0.396950,0.089911,-1.056488,0.320423,0.491337,-0.372065,-3.611704,1.273634,2.720613,1.799457,3.189148,2.842435,4.988526
1690,32.220000,2.660806,-0.249265,0.311073,0.030397,-0.059439,-0.554413,0.644007,0.534038,-0.267288,-3.237087,0.760727,2.129971,1.881453,3.141434,2.326936,4.462173
1691,32.240000,1.758092,-0.141624,0.292738,0.197911,-0.082360,0.362050,0.939041,0.428264,-0.130080,-2.484703,0.432827,1.548997,1.756350,3.126408,1.901075,3.987431
1692,32.260000,0.284911,0.413883,-0.085545,-0.241750,-0.109253,1.488045,1.280888,0.450132,0.858141,-0.402945,0.224251,0.634805,1.531000,3.025533,1.075460,3.664023
1693,32.280000,-1.796745,0.803154,-0.495698,-0.370673,0.080053,2.595163,1.333493,0.161435,1.739671,1.750974,0.157453,-0.273694,1.356344,3.047230,0.522761,3.145799
1694,32.300000,-3.279262,1.196989,-0.845478,-0.163988,0.043131,2.963135,1.467766,-0.274474,1.901055,3.189728,0.216287,-0.670819,1.576929,3.277718,0.607460,2.695773
1695,32.320000,-3.771562,1.429578,-0.836234,-0.149843,-0.205518,2.491940,2.040528,-0.268670,1.835508,3.222487,0.098704,-0.617196,2.132294,3.389735,1.408477,2.482236
1696,32.340000,-3.648355,1.226502,-0.799877,-0.091623,-0.435571,2.545895,2.897018,0.096300,1.599977,2.483001,-0.074564,-0.392492,2.817624,3.097953,2.243028,2.374896
1697,32.360000,-2.787596,0.798238,-0.641577,-0.336091,-0.705863,2.065181,3.526642,0.347503,1.048914,1.137876,-0.222221,0.058870,3.388339,2.864557,2.804231,2.533184
1698,32.380000,-0.672105,0.182389,-0.400908,-0.905217,-0.756564,1.754438,3.485106,0.654973,0.438146,-0.145447,-0.353073,1.021263,3.964159,2.870092,3.454992,3.173349
1699,32.400000,1.666904,-0.393346,-0.170221,-1.706273,-0.588343,1.009937,2.974006,0.631991,0.034765,-1.217639,-0.121212,1.858137,4.587067,3.320678,3.899163,4.493442
1700,32.420000,3.659072,-0.696463,-0.034303,-2.662863,-0.026477,-0.515101,2.200370,0.574883,-0.206336,-1.963549,0.533937,2.654894,4.768495,3.705247,4.327763,5.998718
1701,32.440000,4.982515,-0.781025,-0.022058,-3.024431,0.065152,-1.078540,1.644547,0.617280,-0.110085,-1.992161,0.916639,2.803964,4.094689,3.051183,4.537746,6.494761
1702,32.460000,5.152971,-0.741462,0.110915,-2.175628,0.176570,-1.170171,1.030059,0.703860,-0.201922,-2.417215,1.156202,3.162641,3.022706,2.499128,4.212152,5.654666
1703,32.480000,4.701048,-0.562405,0.369059,-1.525508,0.121355,-1.221876,0.092073,0.629445,-0.373527,-2.366389,0.791101,2.581007,2.720191,2.160933,3.796129,4.827543
1704,32.500000,3.664591,-0.225930,0.469303,-0.857250,0.170341,-1.022108,0.167499,0.609317,-0.273932,-2.626354,0.941094,2.654717,2.537708,2.335443,3.325671,4.221223
1705,32.520000,2.444342,0.147472,0.708808,-0.479904,0.047403,-0.722130,0.536840,0.656958,0.002471,-2.462627,0.743225,2.398903,2.574993,2.550144,2.767480,3.869834
1706,32.540000,1.379191,0.353441,0.799778,-0.376515,-0.071450,0.113546,1.097027,0.666900,0.481667,-1.661902,0.519901,1.999945,2.653199,2.705005,2.330711,3.586264
1707,32.560000,0.616770,0.449748,0.668238,-0.593869,0.013289,0.691975,1.382959,0.700413,1.097392,-0.534107,0.322378,1.622058,2.519327,2.780046,1.968578,3.262213
1708,32.580000,-0.086138,0.509506,0.614830,-0.882932,0.207311,0.637132,1.842288,0.700562,1.324808,0.244078,0.063471,1.268912,2.608046,2.778111,2.310894,3.019455
1709,32.600000,-0.537822,0.629353,0.748491,-1.267416,0.279024,-0.210943,2.546827,0.725595,0.963740,0.490637,0.005171,1.277222,2.923945,2.549280,3.230666,2.828197
1710,32.620000,-0.563794,0.820295,0.400547,-1.363127,0.221568,-0.192515,2.719476,0.763051,1.098901,0.587761,0.118693,1.302736,3.124035,2.400801,3.731290,2.838738
1711,32.640000,-0.385073,0.696244,0.122729,-1.274103,0.237105,-0.197918,2.379171,0.784063,1.288539,0.504140,0.255234,1.238688,3.235784,2.250264,3.972487,2.654097
1712,32.660000,-0.081154,0.577682,0.009440,-1.024956,0.296143,-0.131360,1.703075,0.722211,1.363372,0.335591,0.471336,1.245714,3.101189,2.172977,3.833796,2.429017
1713,32.680000,0.139447,0.695967,0.204048,-0.763710,0.250493,-0.092563,1.141315,0.691004,1.584373,0.072111,0.538813,1.224016,3.030706,2.383417,3.541433,2.415762
1714,32.700000,0.302633,0.634037,0.390932,-0.381580,0.226382,0.030120,0.659453,0.684736,1.622857,-0.161281,0.554608,1.192090,3.003255,2.662170,3.263716,2.592844
1715,32.720000,0.434728,0.607259,0.512144,-0.157497,0.136072,0.170373,0.541871,0.526533,1.408972,-0.385843,0.453176,1.156183,3.017398,2.952768,2.898650,2.825580
1716,32.740000,0.470064,0.574499,0.612013,-0.022040,0.132287,0.309026,0.611176,0.415113,1.086198,-0.606562,0.404507,1.117752,2.982263,3.195985,2.671779,3.096351
1717,32.760000,0.376891,0.517183,0.651744,-0.057419,0.078106,0.208209,0.811753,0.372867,0.777050,-0.679359,0.202356,0.943981,2.999691,3.276265,2.604984,3.242878
1718,32.780000,0.427690,0.441912,0.556740,-0.190910,0.040111,0.249667,1.236935,0.255053,0.600658,-0.780589,0.119917,0.923540,2.987586,3.271342,2.510355,3.333412
1719,32.800000,0.342051,0.468874,0.714111,-0.331471,0.135392,0.356500,1.444787,0.328118,0.632535,-0.844493,0.184452,0.962970,2.991008,3.180944,2.661187,3.338902
1720,32.820000,0.345143,0.393457,0.595410,-0.356665,0.221335,0.292012,1.411803,0.267452,0.506485,-0.877890,0.240810,1.037211,2.915485,3.065044,2.777758,3.284041
1721,32.840000,0.316871,0.431297,0.637816,-0.356262,0.176531,0.424839,1.522206,0.342879,0.640257,-0.864970,0.200088,1.117077,2.980815,2.968301,2.932549,3.290133
1722,32.860000,0.335996,0.361845,0.533310,-0.420556,0.127345,0.357340,1.476656,0.292528,0.610136,-0.782355,0.151915,0.996034,2.955114,2.871822,2.977756,3.179793
1723,32.880000,0.489616,0.332797,0.434647,-0.402119,0.174544,0.359085,1.314484,0.253849,0.499995,-0.781031,0.178297,0.967031,2.857002,2.795691,2.873390,3.133014
1724,32.900000,0.465582,0.390706,0.626274,-0.392622,0.164367,0.457384,1.296221,0.376609,0.618030,-0.841230,0.290642,1.050925,2.835531,2.817192,2.881755,3.199165
1725,32.920000,0.487415,0.326364,0.514260,-0.415969,0.070837,0.467116,1.289882,0.292604,0.573164,-0.742410,0.191313,0.940850,2.928593,2.792529,2.954389,3.190654
1726,32.940000,0.449145,0.305863,0.600666,-0.493497,0.043197,0.536035,1.290136,0.357158,0.562744,-0.766440,0.131191,0.919612,2.737309,2.678259,2.716666,3.000739
1727,32.960000,0.749033,0.014796,0.618424,-0.408952,-0.260554,1.025283,1.138625,0.032076,0.028407,-0.705089,-0.289796,0.364918,1.143762,1.027011,1.274707,1.215112
1728,32.980000,1.150270,-0.567551,0.745833,-0.329589,-0.917040,1.256436,0.916337,-0.165782,-0.541734,-0.780621,-0.775872,-0.425563,-1.176772,-1.440112,-0.553070,-0.851219
1729,33.000000,1.625000,-1.306046,0.818754,-0.139280,-1.422569,1.016122,0.395101,-0.168975,-0.952745,-0.837156,-0.797743,-0.828737,-2.162769,-2.023796,-1.069536,-0.738405
1730,33.020000,1.397708,-2.041685,0.678333,-0.288783,-1.948988,0.263371,-0.125821,-0.053954,-1.146796,-0.425127,-0.573435,-0.885118,-1.902165,-1.383799,-0.981422,0.100570
1731,33.040000,1.606260,-2.431445,0.488445,-0.457874,-1.731396,-0.278127,-0.724860,0.181374,-1.020599,-0.063578,-0.416693,-0.721976,-0.880214,-0.038430,-0.376313,1.243886
1732,33.060000,1.579267,-2.109954,0.296451,-0.887494,-1.367687,-0.765699,-0.854154,0.336061,-0.620304,0.259080,-0.234256,-0.450121,0.455796,0.855627,0.188429,1.960335
1733,33.080000,1.504336,-1.547197,0.183823,-1.445216,-1.145636,-0.779885,-0.599152,0.434313,-0.197979,0.499314,-0.232612,-0.251472,1.607498,0.949638,0.449367,2.070673
1734,33.100000,1.799299,-1.255267,0.077475,-1.665789,-0.921792,-0.470262,-0.266775,0.350608,0.005451,0.305365,-0.092075,-0.088134,1.937536,0.665578,0.408665,1.614033
1735,33.120000,2.145957,-0.906833,0.018556,-1.620214,-0.751909,-0.239141,-0.038047,0.238608,0.096864,-0.029435,-0.011088,0.026247,1.562813,0.424829,0.246527,1.041953
1736,33.140000,2.215602,-0.933962,0.374494,-1.559422,-0.989306,0.298442,0.103530,0.014391,-0.139992,-0.299409,-0.111053,-0.103308,1.004956,0.410870,0.227764,0.685526
1737,33.160000,2.012099,-0.984438,0.582151,-1.369738,-1.156503,0.629546,0.110420,-0.057341,-0.335549,-0.416488,-0.197185,-0.266718,0.411867,0.494380,0.017122,0.511234
1738,33.180000,1.671731,-1.128286,0.634771,-1.119187,-1.319848,0.605456,0.100135,-0.148019,-0.497951,-0.478038,-0.208550,-0.283242,0.106266,0.731079,-0.301975,0.626486
1739,33.200000,1.259995,-1.164541,0.681815,-0.834536,-1.284463,0.495615,0.099321,-0.177318,-0.539069,-0.523480,-0.275354,-0.353840,-0.018150,0.895137,-0.500700,0.681727
1740,33.220000,0.949753,-1.111234,0.630948,-0.714077,-1.184079,0.331998,0.139227,-0.167771,-0.521004,-0.493961,-0.319683,-0.393523,-0.021666,0.820663,-0.618254,0.571612
1741,33.240000,0.824526,-1.016711,0.490903,-0.725940,-1.077946,0.281803,0.236624,-0.146271,-0.466699,-0.478700,-0.333191,-0.374540,0.072692,0.609712,-0.588553,0.452025
1742,33.260000,0.808597,-0.869134,0.415718,-0.777014,-0.956866,0.304589,0.352023,-0.098838,-0.370170,-0.491184,-0.324037,-0.315203,0.120789,0.389911,-0.560448,0.341558
1743,33.280000,0.799197,-0.725261,0.374762,-0.827643,-0.868750,0.319951,0.456232,-0.056836,-0.320980,-0.504002,-0.297582,-0.275492,0.087715,0.146458,-0.464450,0.183056
1744,33.300000,0.785774,-0.612026,0.339859,-0.846487,-0.789223,0.419673,0.551947,0.018724,-0.233311,-0.514986,-0.242365,-0.226217,0.060082,-0.032496,-0.348178,0.095445
1745,33.320000,0.777269,-0.559293,0.322874,-0.893118,-0.767397,0.482771,0.563183,-0.002446,-0.143783,-0.485263,-0.194571,-0.216743,-0.081984,-0.115003,-0.433675,0.029093
1746,33.340000,0.720807,-0.672149,0.631122,-1.280852,-0.721388,0.306045,0.215744,-0.162849,0.124498,-0.327742,-0.304632,-0.468861,-1.069437,-0.711825,-1.252233,-0.458537
1747,33.360000,0.756915,-0.754973,0.694905,-1.816332,-0.770737,0.303065,0.069641,-0.230033,0.261735,-0.020459,-0.322836,-0.617040,-1.822064,-1.290123,-1.783051,-0.749317
1748,33.380000,0.958984,-0.954379,0.409145,-2.371669,-0.908978,0.397298,-0.038374,-0.278547,0.220654,0.458193,-0.406768,-0.809163,-2.359851,-1.875596,-2.054053,-0.987916
1749,33.400000,1.315670,-1.375171,-0.048696,-2.755902,-1.209038,0.435732,-0.073242,-0.300840,-0.057271,0.893165,-0.519452,-0.992926,-3.008906,-2.661019,-2.403631,-1.412210
1750,33.420000,1.191481,-1.283705,0.159929,-2.969227,-1.447026,0.219797,-0.028857,-0.257706,-0.128474,1.226254,-0.462607,-0.951669,-3.082128,-2.830042,-2.292586,-1.337031
1751,33.440000,1.000613,-1.681184,0.337282,-2.855097,-1.582892,-0.087164,-0.086666,-0.179623,-0.374908,1.213955,-0.353050,-0.844591,-2.842235,-2.720876,-2.043661,-1.242043
1752,33.460000,0.687448,-1.800968,0.793457,-2.566600,-1.479027,-0.301882,0.003858,-0.145230,-0.429825,0.690258,-0.288731,-0.597583,-2.554118,-2.642671,-1.927317,-1.187255
1753,33.480000,0.393754,-1.837129,1.274404,-2.001967,-1.485032,-0.541024,0.245249,-0.120576,-0.521137,-0.198703,-0.356941,-0.432431,-2.408661,-2.727674,-1.840168,-1.463797
1754,33.500000,0.195545,-1.680620,1.520420,-1.013389,-1.274996,-0.420986,0.501871,-0.077452,-0.602184,-1.451991,-0.430511,-0.183227,-2.801816,-2.913208,-1.877669,-1.941148
1755,33.520000,0.059908,-1.772876,1.662451,0.236695,-1.200038,-0.344787,0.576596,-0.005582,-0.725421,-2.686127,-0.408007,-0.092512,-3.519703,-3.132495,-2.030948,-2.457100
1756,33.540000,-0.053966,-1.913208,1.630231,1.338794,-1.142974,-0.464588,0.494582,0.160684,-0.720167,-3.784846,-0.327039,0.017592,-4.021808,-3.180739,-2.031421,-2.740556
1757,33.560000,-0.109522,-2.074649,1.360611,1.967621,-1.010340,-0.505288,0.430862,0.408634,-0.691686,-4.469090,-0.310221,0.072271,-3.958586,-3.029930,-2.032736,-2.751355
1758,33.580000,0.106463,-2.072351,1.089910,2.083707,-0.617494,-0.418886,0.470863,0.687789,-0.660732,-4.782680,-0.313224,0.145892,-3.674639,-2.927591,-2.067854,-2.613640
1759,33.600000,0.346840,-1.681960,0.763372,1.609917,-0.758604,-0.265886,0.631274,0.909662,-0.505324,-4.182921,-0.446503,0.138119,-3.139707,-2.857432,-2.156760,-2.424750
1760,33.620000,0.962741,-1.384423,0.243076,0.101437,-0.773879,0.076376,0.811040,0.933988,-0.355671,-2.945321,-0.517478,0.048324,-2.691905,-2.985871,-2.334552,-2.172872
1761,33.640000,1.550387,-0.634674,-0.442193,-2.374579,-0.877602,0.601755,1.102879,0.792634,0.267560,-0.919101,-0.505153,-0.187644,-2.257223,-3.209187,-2.879622,-1.828719
1762,33.660000,1.627541,-0.150130,-0.515891,-4.431216,-0.849062,0.852727,0.538461,0.373541,0.995373,1.262652,-0.448438,-0.465949,-1.885814,-3.299743,-3.205846,-1.830174
1763,33.680000,1.278616,0.155317,-0.468526,-5.338507,-0.778329,0.720129,0.206753,0.119683,1.309690,3.104558,-0.163191,-0.646905,-1.724414,-3.008545,-2.556436,-1.396730
1764,33.700000,1.122490,0.050102,-0.468729,-5.532194,-0.817221,0.589249,0.183029,0.110438,1.300832,3.637473,0.092157,-0.612565,-1.509410,-2.604378,-1.646978,-1.291534
1765,33.720000,0.685026,0.189982,0.097433,-5.007450,-0.695739,0.319290,0.367699,0.134417,1.416588,3.233666,-0.007607,-0.742481,-1.274165,-2.410895,-1.129108,-1.676887
1766,33.740000,0.344649,-0.188479,1.775693,-4.048879,-0.436912,0.317901,0.183203,-0.046756,1.050021,1.865052,-0.115499,-0.604281,-1.173998,-2.542629,-1.225904,-2.243336
1767,33.760000,-0.247615,-0.295467,2.820669,-2.100947,-0.372912,-0.349122,0.254313,-0.150284,0.438944,-0.420412,-0.132982,-0.176231,-1.451055,-2.613372,-1.887734,-2.721961
1768,33.780000,-1.253235,-0.205595,3.621162,1.707196,-0.646485,-1.043614,0.261557,0.155631,-0.040286,-3.710298,-0.501223,0.166008,-2.420121,-2.714539,-2.167719,-3.243963
1769,33.800000,-1.841920,-0.298122,2.538291,3.406005,-0.726361,-1.060758,0.523827,0.444695,0.139409,-5.540048,-0.432779,0.541879,-2.670688,-2.651855,-1.121851,-2.902028
1770,33.820000,-0.814168,0.117620,0.323931,2.556892,-0.062011,-0.502091,1.407745,0.657415,0.334059,-4.896854,0.853127,1.613779,-0.627789,-0.925320,0.289140,-0.935818
1771,33.840000,-0.158742,0.276727,0.189027,2.326545,0.810771,-0.526685,1.394053,1.161323,0.589097,-4.554813,1.528843,2.652263,0.962803,0.347881,1.144085,-0.014429
1772,33.860000,0.082733,0.390641,0.034802,1.237890,0.935633,-0.179405,1.367631,1.585697,1.941813,-2.923628,1.489218,3.153897,1.681664,0.610768,0.357441,0.015447
1773,33.880000,-0.008583,0.521774,-0.229305,-0.218371,1.171347,0.159443,0.742929,2.080222,3.693184,-0.674250,1.904384,3.602009,2.043132,1.045555,-0.972768,0.315078
1774,33.900000,-0.420237,0.445788,-0.384357,-1.209544,1.170104,0.290250,-0.081665,2.059508,4.209342,0.791876,2.281143,3.009735,1.525048,0.958144,-1.655898,0.381711
1775,33.920000,-0.948965,0.377257,-0.568171,-1.622214,0.946411,0.349970,-0.235148,2.009849,4.304212,1.493566,2.495069,2.586452,0.733661,0.730642,-1.469900,0.271055
1776,33.940000,-1.319292,0.389131,-0.650451,-1.889327,0.843831,0.289228,-0.294156,1.846740,4.192207,1.955337,2.393810,2.399551,0.548702,0.620603,-0.763859,-0.328065
1777,33.960000,-1.325355,0.552593,-0.422375,-1.950203,0.939306,0.375492,-0.237051,1.487603,3.774845,1.822925,1.647424,2.136521,0.899518,0.977384,0.283798,-1.177131
1778,33.980000,-1.271386,0.353035,-0.376456,-1.271138,1.107923,0.330604,-0.188053,1.228255,2.921185,1.384353,1.680308,3.025070,1.263004,1.137465,0.811369,-1.927498
1779,34.000000,-0.959898,0.082733,-0.411720,0.089435,1.101082,0.383275,0.087615,0.722212,0.881490,0.861036,1.817662,4.441113,1.519788,0.659383,1.051395,-2.522250
1780,34.020000,0.466995,0.199499,-0.151828,0.855418,0.818572,0.824805,-0.704697,-0.015505,-0.168244,0.976122,1.358613,5.202473,1.581589,-0.211979,1.321191,-3.164885
1781,34.040000,2.054520,0.081100,0.029531,1.143248,1.008566,0.841716,-2.331696,0.028128,-0.348731,1.368603,0.903671,5.258248,1.839480,-0.579191,1.573313,-3.053664
1782,34.060000,3.542817,0.301569,0.321871,0.706478,1.023476,0.290966,-4.059818,-0.005071,-0.541963,2.095788,0.690662,5.058448,2.042044,-0.470896,2.011240,-2.242080
1783,34.080000,4.361633,0.330625,0.456400,-0.029082,0.926868,-0.386452,-4.695293,-0.072457,-0.444649,2.427223,0.676372,4.828455,2.085827,-0.285419,2.451573,-1.602086
1784,34.100000,4.698538,0.512701,0.527729,-0.704559,0.832476,-0.596981,-4.548591,-0.279219,-0.378497,2.321826,0.842850,4.594250,2.310303,-0.132685,2.753666,-1.143389
1785,34.120000,4.582489,0.743213,0.548473,-1.307989,0.794066,-0.545737,-3.657864,-0.626748,-0.333870,1.831213,0.924194,4.071684,2.536072,-0.103627,2.919013,-0.998882
1786,34.140000,4.034836,0.870635,0.437243,-1.453322,0.492726,-0.216362,-2.306093,-0.869323,-0.243273,1.010651,0.936916,3.320678,2.112061,-0.289663,2.687297,-1.082879
1787,34.160000,3.065973,0.883320,0.211436,-1.163239,0.238578,0.873487,-0.285618,-1.052474,-0.048087,-0.062225,0.765935,2.384321,1.145463,-0.565341,2.202307,-1.210496
1788,34.180000,-0.312315,0.969641,-0.468979,-0.072158,-0.364875,2.693278,3.445698,-1.254817,0.293402,-1.090091,0.490463,0.064192,-0.563803,-1.349309,0.822506,-1.435238
1789,34.200000,-4.010314,1.312229,-0.950187,1.869826,-1.040417,4.353253,6.326952,-1.520982,0.532503,-1.319410,0.373140,-1.325438,-2.615674,-1.984143,-1.063076,-1.825770
1790,34.220000,-4.825090,1.103099,-0.476068,2.490194,-1.982639,3.050189,5.575766,-1.862172,0.578433,-1.351491,0.802867,-1.233153,-4.029039,-2.503392,-2.826043,-3.114848
1791,34.240000,-5.587729,1.024409,-0.695139,1.387420,-2.349791,2.924968,6.242550,-0.896942,0.689432,-1.490230,0.573752,-1.650839,-3.261588,-3.619710,-2.068427,-3.604688
1792,34.260000,-5.316589,0.434910,-0.669405,0.478862,-2.028079,3.263613,5.863398,-0.191671,0.434389,-1.311473,0.376924,-1.420557,-2.056506,-4.119568,-0.984021,-3.109694
1793,34.280000,-3.981063,-0.075775,-0.345109,-0.371740,-1.854100,2.562653,4.515687,-0.012383,0.041954,-0.964830,0.187451,-0.887707,-1.438753,-3.975137,-0.606734,-2.393818
1794,34.300000,-1.232606,-0.508317,0.133266,-1.537174,-1.445974,1.593084,2.330725,-0.001594,-0.300289,-0.289738,-0.003611,0.264632,-0.772709,-3.158645,-0.403167,-1.348228
1795,34.320000,2.498003,-0.586154,0.685239,-2.982327,-0.725756,0.037185,0.624514,0.171299,-0.419277,0.279478,-0.006096,1.440050,-0.203164,-1.985196,-0.315295,-0.938866
1796,34.340000,6.328053,-0.683750,0.778706,-3.231638,-0.107738,-0.737799,-2.216600,0.477298,-0.906599,1.618950,0.018897,2.940624,0.494499,-1.536258,0.641967,-1.576867
1797,34.360000,8.375352,-0.493268,0.856344,-2.680308,0.040390,-1.067793,-4.936323,0.914451,-0.753813,2.642644,-0.034807,3.559704,1.290835,-1.761982,1.958694,-1.814571
1798,34.380000,7.610423,-0.323651,0.828031,-2.266074,-0.007112,-0.880898,-5.829924,1.231753,-0.139844,2.910224,-0.244310,2.763654,1.840623,-2.042031,2.529894,-1.285511
1799,34.400000,6.619029,0.311455,1.379147,-2.262719,-0.048415,-0.852037,-5.596873,0.510159,-0.214583,1.841204,0.117499,2.982741,2.352072,-1.270295,3.262067,-1.259819
1800,34.420000,4.906476,0.618504,1.646041,-2.841382,-0.166240,-0.846445,-3.232864,-0.103139,0.116667,0.533056,0.078018,2.386769,2.345646,-0.965468,3.123897,-1.449356
1801,34.440000,3.343956,0.482107,1.239386,-2.945328,-0.077483,-0.688061,0.594531,-0.757117,-0.015717,-1.512093,0.014361,1.522429,1.511659,-1.409728,2.233317,-2.004635
1802,34.460000,1.856244,0.314363,0.333640,-2.112653,-0.818050,0.446544,3.906536,-1.017485,0.094354,-3.601601,-0.448841,-0.429629,-0.173802,-2.193248,1.191059,-1.958675
1803,34.480000,-0.312738,0.683186,0.165183,-0.342863,-1.262955,1.925624,5.379246,-1.459894,0.181196,-3.202025,0.084619,-0.696461,-1.704604,-1.490505,0.304168,-1.510920
1804,34.500000,-3.690903,0.773471,-0.404482,1.916299,-1.294604,3.435052,5.888992,-1.877667,0.312092,-1.836164,0.816399,-0.789452,-2.801832,-0.906940,-0.791297,-1.644209
1805,34.520000,-5.407703,0.851838,-0.702501,1.827365,-1.207236,3.697579,5.917500,-1.344943,0.957106,-1.243135,0.780830,-1.156438,-2.229128,-1.246485,-0.912643,-1.911590
1806,34.540000,-6.027934,1.112935,-0.961602,0.910290,-1.055065,3.753860,6.164784,-0.622406,1.045927,-1.014712,0.753945,-1.143169,-1.057214,-1.810202,0.070559,-1.766166
1807,34.560000,-5.625893,0.768142,-0.934032,0.423216,-0.602571,3.628619,5.837100,-0.183638,1.017810,-1.141154,0.647985,-0.890726,-0.581621,-2.188447,0.391832,-1.241331
1808,34.580000,-4.277233,0.443989,-0.648139,-0.502873,-0.694413,2.957464,4.829163,0.058650,0.686220,-0.781561,0.465735,-0.659109,-0.357353,-2.429214,0.524888,-0.690199
1809,34.600000,-1.596095,-0.010594,-0.126430,-1.712149,-0.721480,2.037132,2.877140,0.184930,0.341114,-0.094447,0.247615,0.233793,0.002094,-2.050065,0.826356,-0.070581
1810,34.620000,2.841502,-0.393622,0.580651,-3.100467,-0.162849,-0.152265,0.521354,0.173244,0.216520,0.315633,0.868905,2.095790,0.188425,-1.132940,0.534234,0.369648
1811,34.640000,6.878395,-0.531580,0.826716,-3.075450,0.043695,-0.795387,-2.719706,0.797648,-0.074880,1.650553,0.739316,3.881362,0.659441,-1.328661,1.297023,-0.603296
1812,34.660000,8.246840,-0.911065,0.603135,-1.618260,-0.178243,-0.802254,-5.505639,1.436852,-0.814939,2.746405,-0.157679,3.867504,0.749995,-2.476698,2.201503,-1.699085
1813,34.680000,8.046763,-0.664482,0.806606,-1.056450,-0.280811,-0.755271,-6.563395,1.263642,-0.730738,2.075071,0.037388,4.000907,0.676528,-2.376676,2.853144,-1.290178
1814,34.700000,7.215255,-0.000607,1.169044,-2.213803,-0.130071,-0.920021,-5.389306,0.525667,-0.250329,1.141496,0.113603,3.658779,1.432792,-1.438773,3.466736,-0.843934
1815,34.720000,4.991094,0.522392,1.232702,-2.448748,-0.188616,-0.956523,-2.648254,-0.212857,-0.094068,-0.260290,0.083616,2.894444,1.835075,-1.236395,3.257698,-1.368305
1816,34.740000,2.219896,0.660405,0.254784,-1.689974,-0.160982,-0.554814,1.491331,-0.514330,0.258454,-2.914501,-0.046872,1.497258,1.753309,-1.892882,2.201042,-1.895167
1817,34.760000,0.802434,0.806908,0.219039,-1.068403,-1.011129,-0.215806,4.931786,-0.944785,0.229793,-4.731200,-0.365492,-0.282706,0.393058,-2.302303,0.876769,-1.194787
1818,34.780000,-1.254132,1.112812,0.235942,0.192418,-1.339287,1.198992,6.115102,-1.293734,0.321508,-3.167953,0.195263,-0.508708,-1.668643,-1.386677,0.097413,-1.157639
1819,34.800000,-4.502932,1.182445,-0.437583,1.574790,-0.921916,3.179888,6.566057,-1.273233,1.005284,-1.421409,0.816219,-0.859340,-2.458423,-0.495375,-0.229192,-1.488398
1820,34.820000,-5.411301,1.065998,-0.921258,1.201348,-0.506100,3.526572,6.700262,-0.648295,1.692611,-1.289476,0.930599,-0.998602,-1.268648,-0.814512,0.068281,-1.554906
1821,34.840000,-6.000404,1.199772,-1.104556,0.881013,-0.197799,3.431447,6.560846,-0.328974,1.781419,-1.288731,1.118753,-0.824020,-0.482200,-1.113558,0.415450,-1.188899
1822,34.860000,-5.817229,0.708819,-1.163121,0.492218,0.158671,3.689254,5.821248,0.028306,1.557059,-1.011599,0.905550,-0.578136,-0.308710,-1.278190,0.572234,-0.674882
1823,34.880000,-4.247558,0.219591,-0.782226,-0.517882,-0.073908,3.043311,4.019449,0.052061,0.841516,-0.498430,0.413013,-0.481137,-0.030080,-1.206701,0.906313,-0.258662
1824,34.900000,-0.936231,0.030741,0.101769,-1.571618,0.104842,1.752739,1.874802,0.072821,0.888729,-0.177857,0.773536,1.219002,-0.014395,-0.559665,0.729094,0.376644
1825,34.920000,3.636569,-0.180160,0.657464,-3.056661,0.127068,-0.100260,-0.533270,0.395647,0.690696,0.902800,0.987476,2.829736,0.509960,-0.011866,1.102412,1.020958
1826,34.940000,7.092012,-0.590664,0.835433,-2.530350,-0.058121,-0.728708,-3.781329,1.120903,-0.228742,2.154307,0.711813,4.288955,1.499063,-0.462702,2.559778,0.222832
1827,34.960000,7.804419,-0.973393,0.503592,-1.175270,-0.490065,-0.820347,-6.096562,1.696965,-0.627156,3.015451,0.159985,4.311131,1.335493,-1.629851,3.018289,-0.514161
1828,34.980000,7.224139,-0.454060,0.866337,-1.086494,-0.580318,-0.843069,-6.534396,1.368417,-0.437768,2.285775,0.461634,4.300455,1.576470,-1.625528,3.369884,-0.291338
1829,35.000000,5.818811,0.162201,1.508891,-2.234430,-0.233454,-0.838976,-4.591703,0.416495,0.008122,0.879001,0.451546,3.714408,2.465046,-0.865206,3.914691,-0.169262
1830,35.020000,3.332909,0.726273,1.408574,-2.329831,-0.130573,-0.738514,-0.970464,-0.562283,0.159013,-1.377571,0.473356,2.827291,3.087792,-0.551640,3.729083,-0.563193
1831,35.040000,0.815760,0.779427,0.539764,-1.272566,-0.258959,-0.431885,2.710956,-0.942410,0.240825,-4.303381,-0.013640,0.920468,2.590588,-1.037115,2.515930,-0.855820
1832,35.060000,0.496491,0.706738,1.172070,0.039018,-0.559975,-0.571885,4.030055,-1.506704,-0.192821,-5.529603,-0.355736,0.317666,0.263932,-0.482040,1.338082,-0.568567
1833,35.080000,0.403765,0.173036,1.071329,1.468251,-0.504948,-0.766628,3.713875,-1.817936,-0.472565,-5.924005,0.181306,0.633414,-1.573992,0.696634,1.077937,-0.706127
1834,35.100000,-0.598048,0.390873,1.444092,1.503968,-0.247575,-0.319994,3.502892,-0.351517,0.727140,-4.757731,0.088717,0.254102,-1.496194,1.505559,1.251479,-0.010729
1835,35.120000,-1.521230,0.709996,0.619543,0.354640,0.385976,0.338790,4.026438,0.192514,2.404000,-2.904184,0.189433,-0.154138,-0.275369,1.445976,1.164514,0.832730
1836,35.140000,-2.815111,1.246687,-0.602898,-0.663945,1.148960,1.290271,3.832920,0.674666,4.156703,-0.383573,0.328395,-0.394235,0.923725,1.362437,0.313341,1.544256
1837,35.160000,-2.845454,1.551808,-0.555198,-1.038924,1.678150,1.391205,2.560779,0.797028,4.861422,0.958609,0.465882,-0.145564,1.801885,1.751495,0.313227,1.936170
1838,35.180000,-2.301026,1.407763,-0.618010,-1.553519,1.355504,1.268604,1.104635,0.796685,4.503093,2.111384,0.333517,-0.374574,1.866647,1.490074,0.682377,1.858083
1839,35.200000,-1.081743,1.300800,-0.074423,-1.545699,0.807603,0.838251,-0.295353,0.586055,3.894248,2.224408,0.238286,-0.099396,1.264303,1.059075,0.315724,1.161288
1840,35.220000,-0.471604,1.273157,0.327899,-1.330564,0.450285,0.472546,-0.600517,0.497623,3.082494,1.948336,0.247862,0.046363,0.708954,0.544049,-0.002815,0.423547
1841,35.240000,-0.310535,1.276404,0.714022,-1.124437,0.220795,0.292016,-0.270665,0.345709,2.118752,1.623288,0.038881,-0.155128,0.506652,0.029964,-0.120948,0.045684
1842,35.260000,-0.212564,1.367159,0.763490,-0.869817,0.246980,0.240326,0.301409,0.204154,1.842613,1.160221,-0.020129,-0.067030,0.367848,-0.178889,-0.202613,0.222961
1843,35.280000,-0.308816,1.258494,0.580630,-0.702573,0.236574,0.337322,0.797116,0.150710,1.772523,0.840033,0.056831,-0.051510,0.403331,-0.161923,-0.158993,0.605393
1844,35.300000,-0.780831,1.163820,0.302927,-0.559421,0.181240,0.557842,1.432165,0.114670,1.719509,0.731591,0.161381,-0.051488,0.574011,-0.055528,0.092891,0.915222
1845,35.320000,-1.310844,1.218854,-0.087714,-0.606829,0.260704,0.879270,2.192301,0.141210,1.979181,0.782814,0.275170,-0.091919,0.800997,0.121655,0.308302,1.147757
1846,35.340000,-1.722902,1.295506,-0.363546,-0.707258,0.321960,1.155424,2.843700,0.223728,2.257253,0.822104,0.357274,-0.137765,1.032516,0.261041,0.562927,1.207053
1847,35.360000,-1.797114,1.218397,-0.520009,-0.803388,0.299493,1.255221,3.118883,0.347510,2.366646,0.834361,0.405939,-0.094943,1.040488,0.208481,0.749265,1.002792
1848,35.380000,-1.608328,1.139132,-0.467415,-0.841716,0.268486,1.262257,2.887445,0.413006,2.385167,0.874215,0.484844,0.150017,0.917571,0.108298,0.700835,0.670999
1849,35.400000,-1.390782,1.117405,-0.288311,-0.796519,0.252271,1.189989,2.348011,0.382150,2.280795,0.955413,0.508412,0.474250,0.811446,0.126043,0.521295,0.390434
1850,35.420000,-0.797447,0.729361,-0.172169,-0.795319,0.208046,1.219216,1.534658,0.477351,1.895511,0.973962,0.395144,0.682975,0.601243,-0.059630,0.393006,0.157508
1851,35.440000,-0.588667,0.680564,0.073101,-0.667955,0.243925,1.168127,0.956236,0.419787,1.666814,0.905888,0.355795,0.783167,0.499088,-0.004349,0.253771,0.201184
1852,35.460000,-0.556231,0.706629,0.136908,-0.493605,0.300383,1.137271,0.757307,0.252975,1.477040,0.764434,0.311224,0.733283,0.504149,0.220307,0.077867,0.540716
1853,35.480000,-0.583550,0.707055,0.075109,-0.403686,0.267495,1.263070,0.814030,0.143914,1.318332,0.618411,0.319887,0.639958,0.561999,0.362068,0.005549,0.809443
1854,35.500000,-0.645603,0.655158,0.014203,-0.370953,0.228130,1.313374,0.950800,0.089334,1.128384,0.515103,0.293143,0.556565,0.603336,0.446163,0.017817,0.913558
1855,35.520000,-0.723000,0.627450,-0.011482,-0.402741,0.205115,1.256325,1.118344,0.089501,1.046489,0.435929,0.286564,0.537996,0.607292,0.477421,0.065714,0.902693
1856,35.540000,-0.749168,0.597191,-0.004682,-0.446947,0.196259,1.241318,1.218933,0.085958,1.004899,0.366602,0.277990,0.536880,0.578924,0.459147,0.082023,0.832235
1857,35.560000,-0.740577,0.560071,0.057974,-0.468105,0.251229,1.241058,1.176200,0.131408,1.058118,0.357139,0.286696,0.552629,0.543546,0.371597,0.104908,0.719371
1858,35.580000,-0.743368,0.517735,0.071183,-0.516997,0.153406,1.219168,1.192082,0.093657,1.014355,0.349149,0.257725,0.497478,0.490861,0.362505,0.076868,0.652091
1859,35.600000,-0.696034,0.535492,0.102308,-0.537952,0.153393,1.243444,1.154270,0.070062,1.027179,0.278703,0.282945,0.464999,0.424342,0.347582,0.005378,0.602723
1860,35.620000,-0.685967,0.539586,0.137539,-0.559836,0.127174,1.215787,1.106928,0.062450,1.021476,0.268111,0.279487,0.404469,0.386245,0.361337,-0.023954,0.586697
1861,35.640000,-0.676684,0.541162,0.153564,-0.593074,0.093102,1.205420,1.119114,0.042553,1.005590,0.252877,0.260897,0.342574,0.360663,0.383003,-0.034712,0.594015
1862,35.660000,-0.660855,0.553222,0.198220,-0.608110,0.120966,1.183987,1.077269,0.058491,1.049186,0.257649,0.282646,0.335819,0.374309,0.398475,-0.010544,0.601751
1863,35.680000,-0.673777,0.522464,0.200277,-0.598358,0.138944,1.175796,1.046129,0.054953,1.041833,0.285801,0.256974,0.303845,0.419777,0.413265,0.019533,0.610019
1864,35.700000,-0.695085,0.546319,0.180704,-0.616383,0.100126,1.181839,1.109683,0.017483,1.026357,0.276093,0.268193,0.303077,0.450193,0.456850,0.040397,0.645317
1865,35.720000,-0.703652,0.586032,0.163817,-0.656690,0.086932,1.125502,1.167353,0.019503,1.051893,0.257474,0.294037,0.306314,0.474987,0.489356,0.053337,0.628529
1866,35.740000,-0.688984,0.609099,0.172760,-0.688239,0.102414,1.104567,1.159926,0.041739,1.108113,0.279386,0.310566,0.322191,0.499095,0.497138,0.079656,0.596518
1867,35.760000,-0.690150,0.618610,0.198381,-0.706373,0.149495,1.099676,1.135369,0.057912,1.169434,0.330843,0.309902,0.329183,0.539383,0.519415,0.144144,0.590576
1868,35.780000,-0.678418,0.637880,0.175813,-0.742339,0.122615,1.097956,1.161038,0.029830,1.156481,0.353275,0.312113,0.324634,0.549458,0.557583,0.181327,0.589756
1869,35.800000,-0.669853,0.675102,0.165840,-0.775064,0.129768,1.119273,1.185480,0.005758,1.160057,0.355275,0.322070,0.335074,0.549437,0.578402,0.209351,0.578578
1870,35.820000,-0.683314,0.682922,0.178990,-0.784365,0.144788,1.126704,1.194851,0.014542,1.161672,0.370023,0.321179,0.337027,0.560582,0.567423,0.273864,0.553932
1871,35.840000,-0.679350,0.677395,0.182168,-0.791575,0.148948,1.138996,1.191297,0.043230,1.180339,0.381099,0.323528,0.347944,0.575376,0.562261,0.305921,0.548589
1872,35.860000,-0.695201,0.682199,0.177138,-0.793270,0.147058,1.176400,1.199678,0.026825,1.174685,0.400441,0.315460,0.346559,0.599151,0.578239,0.356335,0.586558
1873,35.880000,-0.722065,0.707576,0.177600,-0.783441,0.180266,1.146831,1.177721,0.051542,1.239454,0.431564,0.336368,0.384078,0.630585,0.585692,0.373193,0.583623
1874,35.900000,-0.744820,0.716238,0.159841,-0.803817,0.177384,1.146348,1.171536,0.041456,1.267202,0.475471,0.327253,0.389470,0.649321,0.581608,0.401182,0.581232
1875,35.920000,-0.745872,0.739897,0.126965,-0.814947,0.146754,1.150565,1.192701,0.020307,1.286088,0.478320,0.334410,0.372486,0.610435,0.566785,0.361801,0.534030
1876,35.940000,-0.720920,0.743034,0.132991,-0.824043,0.160787,1.180471,1.157116,0.016411,1.308135,0.485618,0.349317,0.365172,0.567425,0.547988,0.340043,0.484078
1877,35.960000,-0.722629,0.734904,0.129588,-0.794335,0.160528,1.234586,1.108474,-0.007217,1.303124,0.496063,0.333395,0.323149,0.531242,0.549578,0.306821,0.479521
1878,35.980000,-0.742325,0.732845,0.148541,-0.783643,0.159901,1.234417,1.083096,-0.001136,1.278343,0.511401,0.317801,0.305531,0.520585,0.542765,0.316585,0.493116
1879,36.000000,-0.758370,0.714719,0.148721,-0.770377,0.152321,1.249638,1.096161,-0.014660,1.221122,0.511966,0.299863,0.293773,0.526880,0.523858,0.341157,0.518741
1880,36.020000,-0.769448,0.722453,0.155482,-0.790030,0.122178,1.230723,1.150995,-0.019802,1.174269,0.490973,0.300000,0.293007,0.527877,0.519284,0.365160,0.526173
1881,36.040000,-0.775335,0.716196,0.155739,-0.814631,0.115359,1.210863,1.198738,-0.021254,1.156474,0.468930,0.308294,0.302155,0.541569,0.510065,0.398429,0.524410
1882,36.060000,-0.760997,0.716302,0.127724,-0.825619,0.097354,1.245162,1.212707,-0.054165,1.135574,0.415577,0.321594,0.293817,0.525917,0.531323,0.376039,0.535975
1883,36.080000,-0.752862,0.728631,0.136985,-0.813562,0.149697,1.275183,1.166373,-0.054722,1.183187,0.383578,0.338736,0.305262,0.512246,0.545864,0.383997,0.529399
1884,36.100000,-0.780705,0.701279,0.104072,-0.804487,0.133900,1.275364,1.162827,-0.052619,1.171909,0.377995,0.330216,0.289960,0.499416,0.529148,0.342693,0.527073
1885,36.120000,-0.788153,0.727883,0.103407,-0.811010,0.135215,1.268006,1.162065,-0.046405,1.196610,0.356260,0.336796,0.305986,0.494003,0.515179,0.308506,0.530474
1886,36.140000,-0.787973,0.714885,0.122480,-0.836636,0.132602,1.263350,1.139868,-0.032328,1.235616,0.411235,0.317211,0.288725,0.486956,0.494343,0.301234,0.497401
1887,36.160000,-0.788548,0.724423,0.163110,-0.864733,0.151643,1.240519,1.106692,-0.010049,1.261149,0.473624,0.309106,0.280604,0.506416,0.489176,0.333122,0.512680
1888,36.180000,-0.772082,0.716698,0.117342,-0.864481,0.110292,1.289066,1.157726,-0.062496,1.183586,0.466830,0.310991,0.261353,0.502605,0.519397,0.338798,0.539496
1889,36.200000,-0.769770,0.740918,0.124693,-0.872231,0.126687,1.270731,1.171404,-0.058018,1.200333,0.428956,0.324282,0.274713,0.506979,0.529429,0.344788,0.548180
1890,36.220000,-0.786058,0.739210,0.169041,-0.861763,0.206334,1.223164,1.099008,-0.002008,1.282127,0.482788,0.324649,0.298758,0.553536,0.482054,0.398980,0.535640
1891,36.240000,-0.794614,0.705790,0.107243,-0.861878,0.114892,1.239419,1.156582,-0.035845,1.234468,0.498991,0.311082,0.269981,0.546382,0.506757,0.382133,0.548547
1892,36.260000,-0.792590,0.743058,0.108944,-0.846296,0.160911,1.254979,1.149348,-0.036606,1.326371,0.491491,0.347292,0.309009,0.556900,0.512146,0.358156,0.527367
1893,36.280000,-0.767012,0.730492,0.060296,-0.868397,0.092912,1.283487,1.174009,-0.092336,1.265370,0.466470,0.344225,0.256416,0.503343,0.502845,0.269155,0.488272
1894,36.300000,-0.767966,0.766387,0.084776,-0.828066,0.147147,1.325073,1.138573,-0.066129,1.304132,0.440437,0.363062,0.263171,0.471512,0.509359,0.248157,0.494095
1895,36.320000,-0.763456,0.735174,0.086352,-0.857405,0.106982,1.334642,1.164870,-0.088877,1.224503,0.454095,0.326943,0.238572,0.442368,0.506797,0.287380,0.487050
1896,36.340000,-0.789612,0.749824,0.121480,-0.868552,0.130679,1.312180,1.187412,-0.074890,1.203377,0.454511,0.317305,0.251071,0.460766,0.499115,0.340057,0.497244
1897,36.360000,-0.793423,0.733906,0.094554,-0.898939,0.099849,1.297443,1.230399,-0.078310,1.170879,0.444125,0.311088,0.244181,0.474778,0.504185,0.356893,0.513468
1898,36.380000,-0.798320,0.749341,0.104328,-0.898122,0.112996,1.294364,1.239709,-0.072092,1.179375,0.425154,0.334544,0.272681,0.504206,0.505389,0.389230,0.524593
1899,36.400000,-0.784137,0.728340,0.093745,-0.891694,0.142251,1.307416,1.201777,-0.070907,1.208801,0.416930,0.354239,0.293614,0.528155,0.509981,0.402289,0.529110
1900,36.420000,-0.798137,0.748907,0.055261,-0.908208,0.133757,1.307270,1.217258,-0.093125,1.245314,0.377595,0.382470,0.303205,0.596271,0.628132,0.437904,0.625760
1901,36.440000,-0.836654,0.814642,0.043770,-0.941262,0.224623,1.242762,1.200708,-0.025930,1.422771,0.386558,0.459669,0.409989,0.828845,0.891583,0.639715,0.854443
1902,36.460000,-0.882708,0.888935,0.008372,-1.039094,0.325352,1.071831,1.164719,0.099903,1.727840,0.479820,0.559449,0.583760,1.271661,1.323839,1.009073,1.244846
1903,36.480000,-0.915632,0.982940,-0.060584,-1.306706,0.490482,0.799596,1.161730,0.301906,2.152925,0.617950,0.765062,0.923604,2.009764,1.988823,1.769664,1.896258
1904,36.500000,-0.899807,1.024566,-0.082105,-1.525736,0.729995,0.643857,0.992809,0.547988,2.642989,0.796963,1.019794,1.421933,2.625830,2.414939,2.450360,2.272626
1905,36.520000,-0.884470,1.004905,-0.140309,-1.771465,0.854570,0.585363,0.837289,0.749070,2.977741,0.942806,1.218136,1.882313,2.949301,2.637426,2.987757,2.339963
1906,36.540000,-0.732623,0.726891,-0.249629,-1.722255,0.860517,0.535493,0.600446,0.644571,2.667974,0.971509,1.147561,1.968464,3.027536,2.659032,3.406269,2.134214
1907,36.560000,-0.747390,0.808544,-0.280385,-1.845517,1.005443,0.519026,0.656224,1.024805,3.154909,0.681001,1.471486,2.559195,3.287668,2.969764,3.969081,2.281704
1908,36.580000,-0.653151,0.423280,-0.396862,-1.407422,0.785764,0.376155,0.547591,0.915060,2.637897,0.257357,1.298066,2.479937,3.347927,2.892951,4.282598,2.112660
1909,36.600000,-0.605351,0.469175,-0.366626,-0.859552,0.880881,0.337881,0.802733,1.159981,2.878721,-0.599151,1.536043,3.159792,3.363984,2.948357,4.322134,2.005787
1910,36.620000,-0.477744,0.404779,-0.321412,-0.087473,0.760699,0.247774,1.290523,1.129876,2.591478,-1.814465,1.657279,3.589280,3.419112,2.841756,4.343262,1.855550
1911,36.640000,-0.274007,0.108756,-0.400230,0.806092,0.581569,0.168699,1.881206,1.135904,2.044639,-3.082767,1.633209,3.747412,3.328220,2.528612,4.410383,1.932093
1912,36.660000,0.102082,0.068375,-0.355421,1.368191,0.353693,0.111668,2.584716,1.039876,1.418826,-4.244785,1.689457,3.828351,3.192127,2.316238,4.423557,2.297529
1913,36.680000,0.495293,0.037493,-0.401515,1.527929,0.213014,0.107140,3.049111,0.944844,1.074497,-4.592379,1.685538,3.697056,3.053625,2.228331,4.355219,2.898395
1914,36.700000,0.820520,0.140265,-0.444609,1.321267,0.221477,0.085319,3.034243,1.099013,1.387489,-4.188982,1.660455,3.531352,2.937346,2.178603,3.703305,3.469959
1915,36.720000,0.755196,0.337154,-0.594610,0.659948,0.487673,0.216258,2.778027,1.389478,2.383453,-2.911907,1.434939,3.260355,2.877252,2.278717,2.395118,3.830276
1916,36.740000,0.430733,0.647657,-0.583167,-0.311225,0.948098,0.435600,1.970044,1.481643,3.511835,-1.163016,1.449632,2.971701,2.703922,2.412661,1.102595,3.794104
1917,36.760000,-0.112993,0.799914,-0.512715,-1.040872,0.965473,0.346281,1.263139,1.452900,3.841171,0.226073,1.201499,2.017302,2.522792,2.487733,1.066617,3.507310
1918,36.780000,-0.251061,0.882499,-0.328265,-1.515667,0.809052,0.297403,0.792285,1.347257,3.703484,0.873320,1.234982,1.916317,2.518888,2.516760,1.665114,3.185695
1919,36.800000,-0.316084,0.888453,-0.099421,-1.506925,0.625054,0.154271,0.443246,1.106266,3.097167,1.065334,1.173480,1.869020,2.775019,2.833759,2.457719,2.965472
1920,36.820000,-0.227818,0.747574,0.097793,-1.160398,0.482304,0.147460,0.436297,0.604182,2.248501,0.935121,0.955680,1.748430,3.024368,3.042321,3.134916,2.757128
1921,36.840000,-0.305306,0.750137,0.196088,-1.070234,0.296167,0.029896,0.854342,0.631885,1.820800,0.503948,0.627158,1.517001,3.343177,3.193519,3.415306,2.747436
1922,36.860000,-0.149557,0.612730,0.120875,-0.905111,0.238656,0.056175,1.329075,0.494983,1.259873,-0.046809,0.503227,1.508196,3.522627,3.076958,3.634700,2.804377
1923,36.880000,0.074438,0.484579,0.066992,-0.561963,0.268795,0.132345,1.681327,0.388700,1.051093,-0.742796,0.461523,1.502653,3.483115,2.943908,3.495304,2.960163
1924,36.900000,0.263986,0.429591,0.095748,-0.270941,0.249002,0.319948,1.923100,0.378514,1.015182,-1.294629,0.584603,1.556934,3.342118,2.861089,3.317908,3.147619
1925,36.920000,0.286308,0.442877,0.130462,-0.206905,0.194043,0.567833,2.155148,0.477644,1.291639,-1.425611,0.605434,1.476016,3.228603,2.814064,3.133929,3.361421
1926,36.940000,0.228288,0.420427,-0.046188,-0.476295,0.136576,0.652108,2.406101,0.464526,1.420882,-1.160218,0.341326,1.049200,2.899413,2.831820,2.618720,3.424869
1927,36.960000,0.238429,0.433311,-0.058331,-0.662899,0.205760,0.814371,2.513789,0.381758,1.528189,-0.911870,0.346574,0.792812,2.492905,2.802905,2.199392,3.322614
1928,36.980000,-0.010635,0.524573,0.015651,-0.874419,0.136326,0.838210,2.649092,0.451566,1.607911,-0.621977,0.249690,0.537804,2.304011,2.778412,2.178341,3.217360
1929,37.000000,-0.348979,0.452390,0.020244,-1.024163,0.027692,0.784156,2.801109,0.391065,1.354448,-0.375558,0.084134,0.351247,2.305303,2.680645,2.372791,3.133871
1930,37.020000,-0.387797,0.417539,0.012001,-0.935612,0.016832,0.799247,2.734803,0.259576,1.133619,-0.289687,0.159576,0.347010,2.370834,2.619910,2.468697,3.026865
1931,37.040000,-0.278442,0.344765,0.143985,-0.807504,0.000774,0.767412,2.558250,0.144874,0.870308,-0.318051,0.224836,0.422679,2.457785,2.627670,2.558859,2.908832
1932,37.060000,-0.289673,0.350148,0.377564,-0.779549,-0.021957,0.684878,2.478138,0.226922,0.755553,-0.455030,0.200419,0.505933,2.592961,2.726259,2.756758,2.971975
1933,37.080000,-0.218656,0.326793,0.337749,-0.799394,-0.098891,0.740258,2.543882,0.217200,0.752106,-0.542985,0.132358,0.489541,2.807543,2.744460,2.921952,3.086982
1934,37.100000,-0.060638,0.283225,0.113775,-0.866813,-0.137532,0.552919,2.359519,0.289889,0.682638,-0.608027,0.099082,0.373030,2.797287,2.666120,2.918801,3.147760
1935,37.120000,0.079568,0.266211,0.217304,-0.790584,-0.064060,0.583606,2.126336,0.226479,0.682958,-0.804311,0.221949,0.546573,2.741411,2.692253,2.835337,3.069505
1936,37.140000,0.190337,0.329537,0.257671,-0.696877,-0.002419,0.609158,1.963064,0.266680,0.803544,-0.883436,0.356517,0.627322,2.759142,2.757542,2.791650,3.099487
1937,37.160000,0.234075,0.327544,0.341577,-0.683721,-0.024384,0.637922,1.828910,0.250551,0.799598,-0.850027,0.348059,0.686769,2.772120,2.857594,2.757842,3.103648
1938,37.180000,0.267217,0.324685,0.380399,-0.711653,-0.022403,0.721762,1.797337,0.267158,0.778180,-0.815748,0.285915,0.725296,2.802631,2.927033,2.762954,3.118975
1939,37.200000,0.347397,0.276238,0.256889,-0.734710,-0.037747,0.584327,1.693177,0.183548,0.620236,-0.657753,0.165334,0.603647,2.859579,2.878903,2.812680,3.090780
1940,37.220000,0.433865,0.350013,0.409442,-0.773876,0.026591,0.733014,1.730394,0.235233,0.720571,-0.726138,0.276611,0.772439,2.854722,2.972114,2.749132,3.156149
1941,37.240000,0.414541,0.382972,0.431279,-0.856975,0.010675,0.735109,1.761265,0.241964,0.772518,-0.687510,0.300405,0.796914,2.945525,2.979468,2.872789,3.182831
1942,37.260000,0.336213,0.374275,0.282134,-1.041100,-0.055697,0.574534,1.886817,0.305798,0.753179,-0.545945,0.106182,0.631681,2.971322,2.868987,2.999732,3.195458
1943,37.280000,0.469779,0.425766,0.278261,-1.061835,0.027991,0.703187,1.928275,0.287231,0.858442,-0.613634,0.299101,0.785196,2.930485,2.814092,2.970351,3.145586
1944,37.300000,0.466307,0.435431,0.257584,-1.066489,0.066589,0.678761,1.878418,0.325625,0.933215,-0.593524,0.309100,0.830652,2.983144,2.798443,3.073557,3.120497
1945,37.320000,0.510316,0.341531,0.347306,-1.022113,-0.036071,0.824353,1.805741,0.218026,0.718121,-0.529931,0.144975,0.735858,2.497055,2.320812,2.636317,2.500057
1946,37.340000,1.085429,-0.314598,0.405904,-0.632476,-0.620544,1.379158,1.303957,-0.242102,-0.251321,-0.574173,-0.578371,-0.255258,-0.303301,-0.774657,0.032942,-0.434681
1947,37.360000,1.367228,-0.842978,0.814269,-0.629685,-1.308427,1.118248,0.967544,-0.289663,-0.692199,-0.758731,-0.610816,-0.601814,-1.767041,-2.222641,-0.955537,-1.152930
1948,37.380000,1.476672,-1.799133,0.712334,-0.469827,-1.877637,0.646886,0.310528,-0.279666,-1.140050,-0.541500,-0.571551,-0.896413,-1.946037,-1.973482,-1.074582,-0.431998
1949,37.400000,1.676339,-2.376356,0.529792,-0.584141,-1.891197,0.013648,-0.437459,-0.024743,-1.094001,-0.209059,-0.423581,-0.797305,-1.416552,-0.735755,-0.682289,0.635374
1950,37.420000,1.827804,-2.323270,0.308672,-0.941135,-1.453982,-0.567975,-0.853849,0.192418,-0.758519,0.157724,-0.282522,-0.573676,-0.148415,0.520433,0.020565,1.681601
1951,37.440000,1.822693,-1.868445,0.183427,-1.451178,-1.056197,-0.801381,-0.867217,0.358036,-0.296550,0.461342,-0.239568,-0.387773,1.143734,1.017038,0.427256,2.182900
1952,37.460000,1.957921,-1.422637,0.046591,-1.773093,-0.864446,-0.589615,-0.570514,0.336032,-0.019119,0.430680,-0.159935,-0.208676,1.788448,0.790193,0.462917,1.913583
1953,37.480000,2.257346,-1.192459,0.002312,-1.931369,-0.840558,-0.396153,-0.220974,0.203776,0.106689,0.140621,-0.034809,-0.073255,1.778563,0.490609,0.301614,1.463753
1954,37.500000,2.370617,-0.931036,0.308551,-2.020582,-0.889561,0.089552,0.027097,-0.041405,-0.003697,-0.088170,-0.009587,-0.082802,1.299422,0.371239,0.292948,1.026168
1955,37.520000,2.195748,-0.997080,0.465710,-1.930280,-1.106123,0.525477,0.150605,-0.138705,-0.226485,-0.239303,-0.083345,-0.204214,0.793292,0.389665,0.204064,0.719910
1956,37.540000,1.857435,-0.959097,0.502719,-1.583557,-1.190439,0.721073,0.205187,-0.201227,-0.328834,-0.308305,-0.145007,-0.263658,0.349885,0.575827,-0.103278,0.648696
1957,37.560000,1.440709,-1.045132,0.497505,-1.205251,-1.265801,0.669132,0.195155,-0.263428,-0.446068,-0.350942,-0.173649,-0.309029,0.005432,0.750561,-0.397093,0.551957
1958,37.580000,1.047704,-1.039894,0.431941,-1.008760,-1.285652,0.523936,0.250798,-0.255000,-0.455548,-0.349447,-0.251290,-0.404289,-0.046760,0.737730,-0.572760,0.473399
1959,37.600000,0.890620,-0.926964,0.412360,-0.902541,-1.126488,0.503691,0.298471,-0.250130,-0.389913,-0.364552,-0.251548,-0.349011,-0.092449,0.643599,-0.681680,0.357789
1960,37.620000,0.800600,-0.795199,0.385613,-0.877281,-0.984327,0.481861,0.353768,-0.203539,-0.301123,-0.389495,-0.261821,-0.315612,-0.131951,0.496709,-0.728586,0.246915
1961,37.640000,0.747406,-0.713288,0.316791,-0.913245,-0.875541,0.525401,0.425633,-0.144016,-0.240737,-0.435243,-0.251469,-0.297654,-0.126242,0.261195,-0.654874,0.142571
1962,37.660000,0.737715,-0.629199,0.225437,-0.950854,-0.813460,0.568163,0.504495,-0.097067,-0.161414,-0.455074,-0.205146,-0.273371,-0.104937,0.103379,-0.552535,0.054264
1963,37.680000,0.738454,-0.513274,0.168436,-1.008064,-0.736636,0.660860,0.567374,-0.089107,-0.062286,-0.450231,-0.117719,-0.199649,-0.042058,0.095634,-0.485896,0.129092
1964,37.700000,0.633749,-0.365026,0.133612,-1.028183,-0.621520,0.695203,0.608618,-0.072187,0.056345,-0.410930,0.003421,-0.113428,0.069909,0.157615,-0.394914,0.196758
1965,37.720000,0.486672,-0.211548,0.121322,-1.089092,-0.505197,0.756878,0.646679,-0.061408,0.239458,-0.310407,0.085772,-0.022276,0.210386,0.258458,-0.368044,0.247129
1966,37.740000,0.316676,-0.036068,0.105322,-1.158262,-0.364839,0.797366,0.656618,-0.045869,0.440673,-0.144878,0.185030,0.053687,0.367897,0.392365,-0.305276,0.242051
1967,37.760000,0.130610,0.175917,0.105615,-1.276739,-0.191413,0.818149,0.684227,-0.007380,0.673708,0.074166,0.290933,0.209505,0.603460,0.575942,-0.201294,0.310067
1968,37.780000,-0.075898,0.372187,0.117190,-1.339140,0.004836,0.788654,0.663404,0.083952,0.894928,0.344457,0.377284,0.337601,0.827964,0.783001,0.018479,0.345349
1969,37.800000,-0.249456,0.568128,0.133982,-1.476691,0.176778,0.751609,0.652494,0.157362,1.158312,0.621093,0.478845,0.545855,1.083048,0.954771,0.275182,0.389755
1970,37.820000,-0.270049,0.647620,0.166104,-1.789044,0.299169,0.767376,0.384276,0.186833,1.501181,0.949607,0.396388,0.374403,0.777746,0.542921,0.068989,-0.063499
1971,37.840000,-0.084777,0.678569,0.174056,-2.244570,0.228908,0.876262,0.127368,0.098515,1.656175,1.265078,0.271699,0.046928,0.181432,-0.140836,-0.333090,-0.617622
1972,37.860000,0.288769,0.562265,0.191841,-2.674940,-0.013711,1.202714,-0.099040,-0.164858,1.432600,1.535696,-0.021419,-0.489075,-0.826757,-1.173980,-0.997220,-1.326162
1973,37.880000,0.708695,0.210770,0.297989,-2.860014,-0.420397,1.435820,-0.278943,-0.407618,0.917808,1.697460,-0.384527,-0.950959,-2.246567,-2.458597,-1.996891,-2.131670
1974,37.900000,1.077891,-0.478359,0.779486,-2.884375,-0.969709,1.255931,-0.354144,-0.591653,0.290694,1.586481,-0.674646,-1.213891,-3.654754,-3.825294,-3.207210,-2.872245
1975,37.920000,0.995514,-1.100991,1.218890,-2.546062,-1.519979,0.400425,-0.259750,-0.558320,-0.319283,1.069946,-0.471712,-1.077603,-4.012065,-4.169068,-3.541652,-2.910813
1976,37.940000,0.578626,-1.793687,1.429822,-1.797698,-1.654585,-0.323794,-0.110747,-0.424047,-0.827215,0.208217,-0.316268,-0.755190,-3.925076,-3.914962,-3.266285,-2.795120
1977,37.960000,0.147706,-1.970007,1.378280,-0.971323,-1.472319,-0.678806,0.079968,-0.207016,-0.899031,-0.769200,-0.332960,-0.456941,-3.978270,-3.527324,-2.788981,-2.792789
1978,37.980000,0.200525,-1.905058,1.293808,-0.063327,-1.175472,-0.527101,0.161277,0.020106,-0.837332,-1.700349,-0.466243,-0.316582,-4.079410,-3.277510,-2.363182,-2.707819
1979,38.000000,0.509610,-2.057860,1.002054,0.657604,-1.093587,-0.362668,0.112991,0.232499,-0.724218,-2.613132,-0.508861,-0.300502,-4.129837,-3.262674,-2.146723,-2.612763
1980,38.020000,0.770056,-2.009823,0.643851,0.681055,-1.057358,0.047240,0.333597,0.440304,-0.560621,-2.937996,-0.520488,-0.309756,-3.947718,-3.269181,-2.224597,-2.261217
1981,38.040000,1.041272,-1.938189,0.199073,0.079363,-1.171481,0.225465,0.448575,0.573892,-0.444470,-2.505145,-0.486148,-0.374876,-3.620018,-3.053066,-2.399236,-1.762432
1982,38.060000,1.489298,-1.657679,-0.303172,-1.055772,-1.152096,0.301595,0.489937,0.573581,-0.158004,-1.542950,-0.416422,-0.463180,-3.155573,-2.837935,-2.708864,-1.235251
1983,38.080000,1.895787,-1.395664,-0.650907,-2.276740,-1.042725,0.318163,0.241316,0.393071,0.148076,-0.320084,-0.305055,-0.529347,-2.612447,-2.640580,-2.987093,-1.075221
1984,38.100000,1.783580,-0.854903,-0.662505,-3.775483,-1.283317,0.570556,0.552390,0.238527,0.580227,1.036021,-0.256169,-0.606735,-2.203537,-2.721414,-2.813113,-0.987969
1985,38.120000,1.678026,-0.654236,-0.616562,-4.529822,-1.219024,0.535370,0.519041,0.082959,0.650446,2.029092,-0.070991,-0.532087,-1.761262,-2.643302,-2.282744,-1.019180
1986,38.140000,1.506719,-0.336622,-0.259414,-4.802262,-1.189937,0.544508,0.620729,0.125407,0.822543,2.321891,-0.131417,-0.608799,-1.566415,-2.644946,-1.863135,-1.381274
1987,38.160000,1.227441,-0.415204,0.515219,-4.560533,-1.051234,0.419950,0.526094,0.021829,0.579234,1.992363,-0.132256,-0.571644,-1.395489,-2.729519,-1.659789,-1.973432
1988,38.180000,0.814410,-0.613771,1.786159,-3.792661,-1.077479,-0.043392,0.498775,-0.135993,0.302564,1.027845,-0.332370,-0.634137,-1.495276,-3.050448,-2.035967,-2.627977
1989,38.200000,0.404707,-0.699281,2.385917,-2.403123,-0.941524,-0.274196,0.491983,-0.232708,-0.080163,-0.498347,-0.190565,-0.237913,-1.967219,-3.089639,-2.570469,-3.001327
1990,38.220000,-0.141037,-0.690086,2.736032,-0.445989,-0.983730,-0.294209,0.457816,-0.196908,-0.380279,-2.093846,-0.230646,-0.028532,-2.941339,-3.010857,-2.835662,-3.243538
1991,38.240000,-0.711320,-1.027101,2.233599,1.965318,-0.923669,-0.538699,0.363575,-0.099285,-0.598320,-3.996627,-0.191446,0.255078,-4.218006,-3.160947,-2.518340,-3.520143
1992,38.260000,-0.770731,-1.322069,1.347725,2.971943,-0.708607,-0.654612,0.409973,0.197784,-0.558164,-5.230367,-0.083514,0.419647,-4.607121,-3.232186,-2.090463,-3.479391
1993,38.280000,-0.431915,-1.160492,1.019378,3.015602,-0.434728,-0.546765,0.868414,0.559698,-0.558354,-5.737836,0.037840,0.533038,-4.268451,-3.055521,-1.957334,-3.209603
1994,38.300000,0.053685,-1.214629,0.878969,2.726158,0.005017,-0.214551,1.143457,0.879349,-0.680876,-5.699047,0.040781,0.682628,-4.010444,-3.199473,-1.993334,-3.109284
1995,38.320000,0.461162,-0.983824,0.773164,1.988169,-0.050691,0.023227,1.238212,1.216855,-0.555497,-4.809965,-0.096478,0.743015,-3.366020,-3.391189,-2.104862,-2.782274
1996,38.340000,0.946781,-0.831787,0.361926,0.042505,-0.089954,0.448825,1.352338,1.173939,-0.312585,-3.153142,-0.193622,0.699820,-2.717171,-3.501580,-2.231330,-2.544238
1997,38.360000,1.263222,-0.180249,-0.277190,-2.669496,-0.133107,1.139477,1.285850,0.947852,0.644886,-0.639035,-0.325332,0.301638,-2.016855,-3.636232,-2.935534,-2.217771
1998,38.380000,1.112960,0.371092,-0.277308,-4.614900,-0.144703,1.229463,0.570406,0.513939,1.521143,1.768046,-0.342398,-0.263235,-1.663162,-3.671975,-3.102365,-2.131166
1999,38.400000,1.007301,0.456460,-0.447234,-5.506052,-0.307054,1.010216,0.613688,0.478016,1.927051,3.018102,-0.065848,-0.552157,-1.518093,-3.465256,-2.166130,-1.673921
2000,38.420000,0.703099,0.456933,-0.458316,-5.596429,-0.332178,0.724577,0.418740,0.424834,2.342869,3.711209,0.288027,-0.633838,-1.445848,-3.102531,-1.477041,-1.585017
2001,38.440000,0.718713,0.356647,-0.065636,-5.235251,-0.321307,0.609189,0.281372,0.286238,2.490065,3.416759,0.319925,-0.662814,-1.383889,-2.933803,-1.195779,-1.806653
2002,38.460000,0.268052,0.282055,1.262526,-4.017464,-0.220683,0.245930,0.200839,0.144458,2.211937,2.033926,0.142218,-0.600141,-1.397676,-2.815816,-1.590670,-2.237518
2003,38.480000,-0.285888,0.381908,2.291467,-2.371815,-0.252374,-0.042804,0.284037,0.026362,1.543514,0.210107,-0.096717,-0.438005,-1.566472,-2.893525,-2.418272,-2.646442
2004,38.500000,-0.953515,0.437224,2.636835,0.422799,-0.367654,-0.516763,0.495923,0.205375,0.776776,-2.406782,-0.254236,0.066488,-2.085216,-2.724593,-2.801864,-2.955077
2005,38.520000,-1.345584,0.116288,2.127281,2.505795,-0.568076,-0.702635,0.744500,0.354098,0.292939,-4.374986,-0.633839,0.258827,-2.999046,-2.968523,-2.136969,-3.086863
2006,38.540000,-1.055200,-0.392896,1.424772,3.348910,-0.302163,-0.564466,1.070660,0.374704,-0.072212,-5.589404,-0.031059,0.765034,-3.854724,-3.371404,-1.817466,-3.151426
2007,38.560000,-0.605347,-0.715988,1.170035,3.470697,0.061697,-0.531844,1.326535,0.676848,-0.376274,-6.254951,0.228428,0.888531,-3.972457,-3.484384,-1.548261,-2.916418
2008,38.580000,-0.104660,-0.922336,0.992231,3.197525,0.115363,-0.239049,1.612551,0.985543,-0.545580,-6.297249,0.220212,0.965810,-3.889769,-3.599101,-1.562494,-2.563501
2009,38.600000,0.333622,-0.816363,0.961270,2.232968,0.107550,-0.007326,1.805773,1.201937,-0.454238,-5.494765,0.155891,0.916003,-3.647982,-3.657074,-1.741801,-2.285469
2010,38.620000,1.132279,-0.767913,0.678954,0.396524,0.241638,0.691987,1.884839,1.216135,0.053342,-4.024724,0.260776,0.993825,-3.302021,-3.655618,-2.469894,-1.952516
2011,38.640000,2.005776,-0.278347,-0.153219,-1.996180,0.340999,1.543774,1.351910,0.900350,0.987346,-1.719697,0.146131,0.777847,-2.536906,-3.391230,-3.370008,-1.881421
2012,38.660000,1.652503,0.532266,-0.403430,-4.078580,0.167012,1.673371,0.880023,0.874099,2.679482,0.544354,-0.192114,0.190936,-1.825930,-3.251004,-3.769369,-1.861343
2013,38.680000,1.300792,0.581951,-0.525569,-5.106717,0.124694,1.419314,0.551733,0.747169,2.966413,2.261392,0.104561,-0.107308,-1.814364,-3.307678,-3.364482,-1.639699
2014,38.700000,0.805857,0.703837,-0.572058,-5.727240,-0.137440,0.954386,0.520172,0.727940,3.398332,3.459988,0.411595,-0.413243,-2.012286,-3.301726,-2.707967,-1.463728
2015,38.720000,0.485034,0.495590,-0.516835,-5.305816,-0.401384,0.663389,0.509829,0.455229,3.039040,3.689857,0.392049,-0.718687,-2.223838,-3.371792,-2.175540,-1.755630
2016,38.740000,0.395939,0.455907,0.103565,-4.608197,-0.418459,0.648564,0.649257,0.307200,2.621786,2.682904,0.436224,-0.494002,-1.999454,-3.164340,-2.016948,-2.072413
2017,38.760000,-0.096663,0.198578,1.256798,-3.426995,-0.538220,0.233869,0.648730,-0.017796,1.917887,1.360158,0.084244,-0.549857,-1.938321,-3.227861,-2.420836,-2.594427
2018,38.780000,-0.300223,0.271044,1.760903,-1.669349,-0.597457,0.139061,1.066990,-0.063120,1.057204,-0.831407,-0.128394,-0.181957,-2.104750,-3.130848,-2.883093,-2.777790
2019,38.800000,-0.667112,-0.014586,1.023607,1.073709,-0.625578,0.044140,1.357828,0.115922,0.249996,-3.344726,-0.217730,0.446231,-2.829776,-2.914500,-2.376971,-2.918688
2020,38.820000,-0.759237,-0.456222,0.684593,2.468880,-0.546259,-0.147012,1.521151,0.132408,-0.103504,-5.237901,0.177654,1.075744,-3.592814,-2.784148,-1.594846,-3.091577
2021,38.840000,-0.588013,-1.018327,0.764540,3.308195,-0.314164,-0.330846,1.679244,0.288426,-0.470364,-6.702419,0.588311,1.385347,-3.832952,-2.705751,-1.421877,-3.154721
2022,38.860000,-0.448623,-1.081857,1.124644,3.573727,0.011722,-0.474061,1.845691,0.745703,-0.717615,-7.201979,0.597252,1.382542,-3.557383,-2.860346,-1.179995,-2.883657
2023,38.880000,-0.303144,-1.043658,1.540454,3.475353,0.143476,-0.448357,1.736023,1.046955,-0.891266,-6.586847,0.357296,1.169431,-2.971634,-3.459357,-1.020432,-2.526626
2024,38.900000,-0.018411,-0.895545,1.526241,2.200871,0.113857,-0.148720,1.800394,1.400881,-0.580864,-5.006234,0.095795,0.907115,-2.570690,-4.055853,-1.258019,-2.195361
2025,38.920000,1.027747,-0.641019,0.884625,-0.255158,0.332553,0.595747,1.515028,1.106461,0.109858,-2.508594,0.120565,0.663134,-2.263002,-4.408338,-2.316701,-1.605324
2026,38.940000,1.933680,0.377654,-0.251532,-3.193705,0.258844,1.650670,1.098356,0.914842,1.935218,0.084913,-0.065465,0.402640,-1.784514,-4.242699,-3.129021,-1.701949
2027,38.960000,1.559839,0.508186,-0.548368,-4.320902,0.163193,1.589094,0.644652,0.552187,2.338320,1.663193,-0.041353,-0.127691,-1.826228,-3.767550,-3.194816,-1.617989
2028,38.980000,1.073777,0.730158,-0.590887,-5.103417,-0.169017,1.283511,0.466149,0.424427,2.803456,3.179166,0.292252,-0.464028,-2.514547,-3.369406,-3.005322,-1.524144
2029,39.000000,0.610439,0.564513,-0.604443,-5.258059,-0.426495,1.100477,0.258819,0.266998,2.842271,4.160618,0.648101,-0.714159,-2.935042,-3.064026,-2.694539,-1.613674
2030,39.020000,0.365069,0.407965,-0.334717,-4.517582,-0.509303,0.857868,0.553091,0.302756,2.630978,3.686398,0.519973,-0.752935,-2.841451,-2.759086,-2.242798,-1.722888
2031,39.040000,0.242864,0.311087,0.821211,-3.476464,-0.510264,0.701692,0.869954,0.103642,2.072456,2.137141,0.126170,-0.650468,-2.327656,-2.600564,-2.158405,-2.081657
2032,39.060000,-0.347166,0.421407,1.108918,-2.123288,-0.303256,0.466664,1.285976,0.201049,1.468345,0.587717,0.248373,-0.129227,-1.294197,-2.034560,-1.889877,-1.788345
2033,39.080000,-0.483869,1.238675,-0.074939,-0.575285,0.215310,0.409968,2.255571,0.691673,1.339490,-1.252213,0.669003,1.372383,1.792431,1.107726,0.811872,0.899686
2034,39.100000,-0.482096,0.559120,-0.368205,0.430222,0.495610,0.079291,2.569550,0.841389,1.049020,-2.244736,0.137670,1.779334,2.443885,2.215212,2.166326,1.481898
2035,39.120000,-0.431026,-0.180459,-0.484554,1.325054,0.627594,-0.302428,2.801347,1.127623,1.183280,-3.365280,1.430907,3.976563,1.962698,1.695069,2.433738,-0.161862
2036,39.140000,-0.385693,-0.398827,-0.698862,1.878809,0.436562,-0.371877,3.200767,1.553765,1.254252,-4.086016,1.898434,4.643458,1.865594,0.589269,2.689645,-1.222756
2037,39.160000,-0.409373,-0.336141,-0.663421,2.348176,0.491970,-0.302195,3.305396,1.833353,1.570642,-4.483043,1.921762,4.681756,1.859669,-0.422023,2.861272,-1.694210
2038,39.180000,-0.298035,0.089568,-0.603073,2.557222,0.471430,-0.119164,3.130265,2.025057,2.019744,-4.432932,2.029855,4.651670,1.848499,-0.917270,1.976221,-1.801463
2039,39.200000,-0.275231,0.264251,-0.719050,2.479096,0.494527,-0.076350,2.581851,2.188272,2.691188,-3.699533,2.230006,4.410804,1.674390,-1.040946,0.439488,-1.220482
2040,39.220000,-0.326669,0.581929,-0.706721,1.958504,0.616089,0.044302,1.534527,2.293348,3.653782,-2.383280,2.553545,3.922691,1.270184,-0.873780,-1.860754,-0.464743
2041,39.240000,-1.087082,0.830643,-0.776141,1.096061,0.849652,0.281338,0.768850,2.332759,4.334861,-0.454372,2.743845,3.257106,0.806709,-0.726540,-3.290165,0.347702
2042,39.260000,-1.611249,0.949763,-0.646592,0.303268,0.768601,0.276628,0.590266,2.191663,4.456910,0.699479,2.756749,2.648481,0.170515,-0.626915,-3.300580,0.495391
2043,39.280000,-1.420056,0.957192,-0.444200,-0.664821,0.661044,0.144572,0.480481,1.810709,4.413747,1.206958,2.463097,2.461869,-0.104930,-0.376733,-2.435518,0.034405
2044,39.300000,-1.141772,0.806587,-0.279514,-1.537705,0.684617,0.108400,0.417639,1.605846,4.234397,1.399926,1.950248,2.350476,0.335676,0.152499,-0.814749,-0.426636
2045,39.320000,-0.987198,0.740353,-0.088474,-1.912332,0.641511,0.213010,0.259933,1.202358,3.573793,1.349868,1.565317,2.239628,0.831836,0.592110,0.364541,-1.002234
2046,39.340000,-0.773581,0.422712,-0.135651,-1.891724,0.596499,0.215966,0.180253,1.073978,2.915563,0.928471,1.320101,2.150147,1.258582,0.796085,1.050132,-1.252599
2047,39.360000,-0.587512,0.210613,-0.109462,-1.162404,0.544372,0.105352,0.379002,0.989370,2.216714,-0.149056,1.288289,2.292068,1.735855,1.018724,1.504059,-1.083131
2048,39.380000,-0.282454,-0.142373,-0.157104,0.067933,0.456828,-0.045742,1.113214,0.878718,1.346104,-1.940054,1.317235,2.740399,2.121933,1.233988,2.107879,-0.669927
2049,39.400000,0.013811,-0.167283,-0.140877,1.073523,0.197789,-0.091782,2.178677,0.553453,0.659880,-3.817027,1.347809,2.969402,2.298841,1.392408,2.846933,-0.109742
2050,39.420000,0.289382,0.023870,-0.098683,1.379730,0.081549,0.005239,2.862435,0.469722,0.423342,-4.647317,1.475141,3.127821,2.514955,1.599354,3.249521,0.576635
2051,39.440000,0.237953,0.238096,-0.209568,1.342760,0.190906,0.092985,3.196841,0.906568,0.606057,-4.292490,1.554871,3.513430,2.671661,1.716279,3.401287,1.017670
2052,39.460000,0.128624,0.481058,-0.257840,1.082717,0.547452,0.212506,2.912555,1.206153,1.466050,-3.182504,1.595501,3.708871,2.797704,1.679636,3.153690,1.694210
2053,39.480000,0.118518,0.681254,-0.371570,0.418833,0.981281,0.390523,2.121026,1.445955,2.677520,-1.535973,1.744554,3.890672,2.761814,1.871041,1.898200,2.245493
2054,39.500000,-0.340821,0.754921,-0.613529,-0.158844,1.279144,0.402570,1.215297,1.807165,3.810208,0.269401,2.050404,3.854219,2.572869,2.353203,1.093072,2.843563
2055,39.520000,-0.933031,0.848452,-0.563774,-0.330683,1.204860,0.299928,0.639965,1.956014,4.212822,1.060374,2.354217,3.533095,2.338536,2.657928,1.135114,3.066498
2056,39.540000,-1.014463,0.702561,-0.487497,-0.611572,0.971417,0.223777,0.475397,1.797151,4.041329,1.356185,1.937643,3.017053,2.292797,2.745813,1.780784,2.847046
2057,39.560000,-0.632295,0.490233,-0.442826,-0.777688,0.820987,0.086670,0.234244,1.759996,3.591928,1.475936,1.932101,3.372193,2.510964,2.711559,2.337730,2.346745
2058,39.580000,-0.293472,0.529671,-0.308986,-0.638046,0.572690,-0.119218,0.112573,1.650092,2.885272,1.178101,1.475872,3.034405,2.879906,2.783304,2.801317,2.172376
2059,39.600000,0.185333,0.386307,-0.213010,-0.453614,0.561311,-0.107530,0.133120,1.194554,2.115789,0.899265,1.463038,3.516795,3.144981,2.706323,3.154244,1.970616
2060,39.620000,0.322393,0.547046,-0.207167,-0.487412,0.443120,-0.199399,0.331522,1.354237,2.111660,0.502453,1.181835,3.046382,3.418655,2.812813,3.218365,2.269641
2061,39.640000,0.538290,0.485045,-0.247415,-0.335415,0.555523,-0.160581,0.491056,1.202133,1.969817,0.160116,1.348812,3.250014,3.380732,2.748427,3.097682,2.491260
2062,39.660000,0.655951,0.472437,-0.333686,-0.457615,0.533176,-0.096018,0.868747,1.187517,2.173881,0.048586,1.103629,2.748466,3.387021,2.743782,2.817570,2.960385
2063,39.680000,0.608994,0.542479,-0.310784,-0.407993,0.597170,-0.126988,1.130945,1.245185,2.315435,-0.115977,1.309388,2.800950,3.157541,2.786580,2.490019,3.221583
2064,39.700000,0.429000,0.624006,-0.317052,-0.572433,0.551227,-0.043941,1.666908,1.191005,2.585127,-0.125829,1.189549,2.551166,3.130581,2.896414,2.367279,3.510385
2065,39.720000,0.291191,0.606593,-0.286820,-0.561171,0.521918,0.016569,2.169166,0.911239,2.224080,-0.136510,0.900575,2.103151,3.038014,2.959087,2.376605,3.511045
2066,39.740000,0.016021,0.787778,-0.194467,-0.786884,0.543881,0.095452,2.765302,0.984879,2.513647,-0.217052,1.087786,2.233031,2.989069,3.081736,2.497487,3.524822
2067,39.760000,-0.258089,0.716497,-0.265933,-0.797106,0.438838,0.140717,3.167440,0.769232,2.030677,-0.118212,0.783386,1.682369,2.925944,2.978768,2.679257,3.366427
2068,39.780000,-0.630858,0.800150,-0.223734,-0.821016,0.478028,0.232419,3.620261,0.903251,2.214895,-0.193310,0.708725,1.565122,2.873488,2.978064,2.883587,3.298989
2069,39.800000,-0.860706,0.714502,-0.400226,-0.763348,0.349848,0.555032,4.077130,0.719145,1.938739,-0.071490,0.660498,1.223609,2.812387,2.699265,2.914392,3.088843
2070,39.820000,-1.462196,0.833215,-0.382760,-0.546413,0.345802,0.884614,4.574964,0.785801,2.117859,-0.136418,0.646640,1.097153,2.811565,2.647389,3.006989,2.995589
2071,39.840000,-2.075429,0.816422,-0.570153,-0.446631,0.156003,1.191041,5.137253,0.696299,1.887569,-0.100213,0.413995,0.522955,2.730930,2.332608,2.941362,2.799854
2072,39.860000,-2.384546,0.763932,-0.640295,-0.369213,0.054179,1.417490,5.510234,0.735460,1.780508,-0.296712,0.360637,0.271566,2.647887,2.053517,2.892660,2.617337
2073,39.880000,-2.292286,0.632724,-0.607154,-0.527580,-0.140453,1.268053,5.403286,0.691338,1.467298,-0.404468,0.300976,0.119889,2.461595,1.823835,2.755409,2.449511
2074,39.900000,-2.055216,0.518203,-0.473725,-0.501258,-0.403575,1.292315,5.042388,0.522198,1.044730,-0.230964,0.147546,0.003014,2.454545,1.675324,2.663294,2.404845
2075,39.920000,-1.487205,0.514322,-0.171381,-0.713583,-0.418183,1.174637,4.649898,0.629168,1.015354,-0.203900,0.133698,0.329459,2.691158,1.843608,2.682496,2.584096
2076,39.940000,-0.679060,0.416583,0.087106,-0.950384,-0.422596,0.961809,4.125848,0.592098,0.855292,-0.158575,0.127149,0.529542,2.925915,2.053325,2.693965,2.833826
2077,39.960000,0.452802,0.307392,0.371351,-1.015082,-0.253087,0.547526,3.336226,0.410214,0.707155,-0.227523,0.210800,0.928766,2.989985,2.493828,2.688459,3.053111
2078,39.980000,1.280624,0.426552,0.678230,-1.097440,-0.115925,0.046845,2.491405,0.457626,0.690249,-0.186272,0.378724,1.351672,3.089209,2.943075,2.783334,3.345368
2079,40.000000,2.093238,0.425008,0.824775,-0.982552,0.065746,-0.426783,1.326353,0.421497,0.465123,-0.117241,0.602728,1.858526,3.108791,3.228323,2.974876,3.472426
2080,40.020000,3.093103,0.415082,0.936466,-0.856270,0.106531,-0.719164,0.258777,0.492041,0.482820,-0.029655,0.871414,2.439214,3.128797,3.273828,3.210010,3.572769
2081,40.040000,3.795492,0.328504,0.909906,-0.507485,0.127086,-0.970928,-0.926976,0.546227,0.152238,0.203917,0.874176,2.750506,3.244977,3.254220,3.642866,3.523288
2082,40.060000,4.353277,0.219833,0.997259,-0.018031,0.145853,-1.067057,-1.942099,0.490521,-0.302554,0.182888,0.794968,3.149625,3.434145,3.372781,4.192538,3.455016
2083,40.080000,4.532620,0.182461,1.075336,0.090379,0.026356,-1.126798,-2.252568,0.436489,-0.410650,-0.011071,0.682179,3.210666,3.701747,3.508070,4.355031,3.504316
2084,40.100000,4.324153,0.134013,1.046819,-0.109781,-0.018924,-1.088475,-1.494794,0.148265,-0.428620,-0.546366,0.526459,3.009925,4.090937,3.549140,4.278113,3.692164
2085,40.120000,3.640738,0.169705,0.893403,-0.253457,0.144702,-0.914985,-0.268507,0.090177,-0.124725,-1.237967,0.415329,2.688177,4.316692,3.390658,4.029503,3.614880
2086,40.140000,2.533012,0.231130,0.669054,-0.404990,0.058637,-0.673032,1.380954,0.193270,0.380140,-1.904810,0.132897,1.733703,4.218023,2.874253,3.662622,3.503461
2087,40.160000,1.280835,0.196338,0.304819,-0.785396,0.012298,-0.149772,3.481624,0.535712,1.309299,-2.524131,-0.053182,0.437701,3.537470,2.249848,2.971041,3.584311
2088,40.180000,0.186015,0.206106,0.081203,-0.843744,-0.116925,0.379920,4.751203,0.492168,1.698048,-2.295753,-0.159387,-0.230815,2.468943,1.641690,2.357224,3.438208
2089,40.200000,-1.774395,0.559812,-0.305941,-0.541125,-0.319283,1.279227,5.549242,0.493884,1.588353,-1.249023,0.097204,-0.505145,1.699453,1.190390,2.084049,3.053900
2090,40.220000,-2.799036,0.728876,-0.537631,-0.175381,-0.321989,1.865727,5.751541,0.353486,1.413103,-0.816981,0.351164,-0.568482,1.668797,1.086296,2.224736,2.620377
2091,40.240000,-3.167386,0.584391,-0.666915,0.028828,-0.408358,1.829729,5.345755,0.133712,1.006067,-0.447105,0.457486,-0.452122,1.804587,1.318972,2.469653,2.223546
2092,40.260000,-2.941845,0.550912,-0.639146,-0.310397,-0.480344,1.745064,4.633233,0.382741,0.789145,0.084643,0.367273,0.016638,2.354912,1.547810,3.057958,2.331643
2093,40.280000,-2.046728,0.509142,-0.340373,-0.525140,-0.454772,1.333330,3.892960,0.358227,0.776356,0.148443,0.339844,0.475967,2.666780,2.107020,3.045834,2.558080
2094,40.300000,-0.293386,0.316598,0.039924,-0.913568,-0.272917,0.828455,2.849912,0.495874,0.772212,0.085809,0.333889,1.126449,2.879146,2.582985,2.957633,2.934205
2095,40.320000,1.279525,0.352906,0.626210,-1.107639,-0.024179,0.065058,1.382683,0.501001,0.518470,0.210843,0.557248,1.864825,3.261974,3.082616,3.133797,3.298526
2096,40.340000,2.810098,0.383392,0.970751,-1.080266,0.171467,-0.576965,-0.133360,0.472894,0.405834,0.469422,0.823013,2.562742,3.419867,3.372816,3.455913,3.737655
2097,40.360000,3.970744,0.239049,1.015420,-0.718470,0.165404,-0.905615,-1.579446,0.570493,0.181961,0.497751,0.975104,2.897479,3.325260,3.402615,3.928237,3.823568
2098,40.380000,4.453776,0.081470,0.766190,-0.075366,0.042888,-1.051791,-2.668836,0.558472,-0.262843,0.409913,0.892128,2.975303,3.228032,3.358481,4.407273,3.648325
2099,40.400000,4.633062,-0.019529,0.833055,-0.010734,-0.075016,-1.107817,-2.650855,0.315350,-0.396722,-0.221624,0.792420,2.979887,3.461313,3.465418,4.538843,3.715199
2100,40.420000,4.092065,0.056834,0.882052,-0.187349,-0.061123,-1.035132,-1.797769,0.170624,-0.258936,-0.886315,0.558785,2.732054,3.867520,3.555239,4.260015,3.603681
2101,40.440000,3.458768,0.145235,0.845859,-0.472356,0.000988,-0.913260,-0.259151,-0.081232,-0.119400,-1.597710,0.426960,2.512497,4.187682,3.390301,3.922668,3.467916
2102,40.460000,2.839580,0.206950,0.699342,-0.563907,0.152565,-0.599134,1.276607,-0.047623,0.266613,-2.284366,0.522901,2.163258,3.887509,3.056473,3.487285,3.315652
2103,40.480000,1.699754,0.108124,0.317148,-0.598967,0.136193,0.059266,3.030516,0.169493,0.810284,-2.639131,0.191052,1.016022,3.340666,2.449835,2.899543,3.305007
2104,40.500000,-0.018343,0.180328,-0.047448,-0.855135,-0.246339,1.050485,5.185770,0.529818,1.485204,-2.345553,-0.137210,-0.227735,2.159350,1.526503,2.206852,3.082180
2105,40.520000,-2.690157,0.565731,-0.546141,-0.117825,-0.616607,2.090454,6.668181,0.389714,1.475076,-1.534873,0.161573,-0.885990,1.053795,0.417536,1.502837,2.478998
2106,40.540000,-4.575670,0.901833,-0.796566,0.440655,-1.344270,2.832757,7.419735,0.209888,1.076127,-0.970897,0.378128,-1.236866,0.662990,-0.529489,1.315236,1.562949
2107,40.560000,-5.109063,0.870514,-0.772498,0.443916,-1.904311,2.714636,7.126032,0.033306,0.695342,-0.779534,0.664678,-1.230043,0.721061,-1.020346,1.357101,0.594695
2108,40.580000,-4.970663,0.565622,-0.813294,0.149951,-2.002737,2.396335,6.433911,0.219431,0.435124,-0.627690,0.772347,-0.987848,1.070273,-1.003661,1.468919,0.176785
2109,40.600000,-3.992175,0.215848,-0.495232,-0.300044,-2.025958,1.934509,4.949912,0.109941,-0.011810,-0.179666,0.687837,-0.521120,1.563106,-0.546172,1.291040,0.201251
2110,40.620000,-1.204450,-0.085420,0.167783,-0.982875,-1.584449,1.433506,2.966326,-0.077847,-0.468223,0.227913,0.379097,0.506278,1.691380,0.094064,1.041903,0.496671
2111,40.640000,3.153017,-0.192498,1.123498,-1.803049,-0.932948,-0.173380,-0.183570,-0.062989,-1.184186,1.059556,0.158025,1.895383,1.356747,0.914356,1.285747,0.476927
2112,40.660000,7.439954,-0.284194,1.606825,-2.171520,-0.351659,-1.564434,-3.962362,0.271278,-1.518393,2.310529,0.153721,3.072159,1.543261,1.546137,2.132511,0.333965
2113,40.680000,8.491525,-0.360243,0.702343,-2.102415,-0.249731,-1.465216,-5.704031,0.967841,-0.677984,3.102072,-0.098281,2.886030,2.436295,1.037817,3.075296,0.985633
2114,40.700000,8.864623,-0.445364,0.973506,-2.021636,-0.114080,-1.393152,-6.652426,0.546268,-1.002432,2.416937,0.201098,3.585797,2.722196,1.425352,4.115752,0.903033
2115,40.720000,7.101677,-0.004503,0.881567,-2.540987,-0.003466,-1.001004,-5.459683,0.186213,-0.332057,1.443565,0.175375,3.103257,3.253957,2.131636,4.361395,1.048176
2116,40.740000,5.603270,0.026762,0.701930,-3.975824,-0.074679,-1.073299,-2.301576,-0.276137,0.115371,0.200367,-0.028933,2.038807,3.807638,1.691539,3.837898,1.298221
2117,40.760000,4.022668,-0.212263,-0.472730,-4.118860,-0.297221,-0.543700,1.624418,-0.720111,0.322863,-2.266112,0.097997,0.746487,3.186148,0.305140,3.270550,1.183196
2118,40.780000,2.450269,0.178030,-0.553673,-2.927821,-1.128120,0.835070,3.982402,-0.843337,0.477764,-3.821035,0.022447,-0.278381,2.014510,-0.272037,2.466442,1.443471
2119,40.800000,-1.146713,0.714386,-0.592414,-0.344287,-1.727294,2.924819,5.126432,-1.299446,0.295684,-2.716041,0.661909,-0.612309,0.823198,0.354028,1.393981,1.579342
2120,40.820000,-4.673327,-0.040211,-1.156968,2.230213,-1.805647,4.827358,5.010246,-1.609203,0.157946,-1.186621,0.927377,-1.049446,0.072607,0.741484,0.472679,1.164660
2121,40.840000,-5.101798,-0.076145,-1.162133,2.501149,-1.427917,3.936910,3.769796,-1.615903,0.380771,-0.766972,0.975705,-0.882693,0.253856,1.339359,-0.040857,0.648502
2122,40.860000,-4.207326,-0.014549,-0.666123,1.522859,-0.533286,1.767138,2.395651,-1.450043,0.887925,-1.129466,0.757390,-0.677092,0.919028,2.343427,-0.378378,0.605985
2123,40.880000,-2.767465,0.399850,-0.274301,-0.307671,-0.324405,2.650373,2.285074,-0.572611,0.715099,-0.779654,-0.277416,-0.669982,1.556972,2.271896,1.106345,1.716548
2124,40.900000,-0.806051,0.157405,0.151685,-1.971156,-0.292118,2.110373,1.176803,-0.231852,0.273941,-0.164195,-0.475882,-0.305775,2.678790,2.091856,2.349563,2.987223
2125,40.920000,2.219399,0.105954,0.964476,-2.673316,0.252918,0.098843,0.101908,-0.463264,0.348684,-0.480204,0.324781,0.701185,2.812860,2.705019,2.444982,4.253389
2126,40.940000,3.665530,0.040057,1.421773,-2.275974,0.328328,-0.417720,-0.397212,-0.389604,0.789244,-0.838889,0.746227,0.826672,2.084449,2.757843,2.300117,4.326941
2127,40.960000,3.123756,0.046966,0.951158,-1.121969,-0.077832,-0.342136,-0.774478,-0.054060,0.499983,-0.675277,0.109000,0.109916,1.334892,1.809633,1.947211,3.270752
2128,40.980000,2.096489,-0.240601,1.345281,-0.575066,-0.325571,-0.301150,-0.661572,-0.084072,0.078675,-0.939008,-0.194887,-0.306254,-0.404757,-0.130897,0.133118,0.864073
2129,41.000000,0.881821,-0.293871,1.401526,0.013622,-0.341992,-0.180722,-0.559587,-0.054152,-0.294305,-0.829093,-0.400815,-0.408121,-1.114369,-1.039246,-0.836865,-0.325450
2130,41.020000,-0.232110,-0.428215,1.747452,0.236219,-0.469682,-0.220452,-0.208178,-0.162888,-0.507699,-0.388487,-0.582942,-0.559301,-0.875924,-1.325070,-0.918718,-0.638252
2131,41.040000,-0.777369,-0.501818,1.703549,0.037252,-0.426140,-0.246770,0.175922,-0.403846,-0.577964,0.287050,-0.386416,-0.595776,-0.674256,-1.409875,-0.629601,-0.612301
2132,41.060000,-1.422136,-0.316972,1.117489,0.153073,-0.043503,-0.106064,0.465461,-0.404467,-0.569129,0.808418,-0.251370,-0.543141,-0.055570,-1.498477,0.050755,-0.521478
2133,41.080000,-2.079453,-0.197199,0.677571,0.477595,0.209238,0.052037,0.806858,-0.241072,-0.477786,1.007088,-0.219520,-0.440783,0.576068,-1.516886,0.736035,-0.347277
2134,41.100000,-2.413129,0.091011,0.577606,0.015852,-0.348398,-0.060266,1.555889,-0.117052,-0.135571,1.377319,0.070377,-0.440257,0.820400,-1.705212,1.134618,-0.363143
2135,41.120000,-2.718213,0.230861,0.175909,-0.226036,-0.245122,0.102998,2.182339,0.091093,0.312421,1.391759,0.264677,-0.361854,1.065483,-1.548189,1.343511,-0.398686
2136,41.140000,-2.818914,0.505798,0.031935,-0.304973,-0.292971,0.350297,2.584727,0.178784,0.901893,1.492554,0.407112,-0.372481,1.004193,-1.294488,1.163195,-0.489749
2137,41.160000,-2.620087,0.672947,-0.056546,-0.333720,-0.242909,0.518521,2.534244,0.172942,1.236475,1.515886,0.448237,-0.378409,0.859097,-0.888755,0.972667,-0.621796
2138,41.180000,-2.274264,0.846299,0.000639,-0.143396,-0.145730,0.693281,2.191767,0.202233,1.404104,1.454649,0.471908,-0.365736,0.732975,-0.326857,0.823407,-0.568775
2139,41.200000,-1.790278,0.896390,0.289536,0.069751,-0.027861,0.705234,1.632534,0.224667,1.380469,1.374914,0.343588,-0.341330,0.754692,0.354174,0.751421,-0.323459
2140,41.220000,-1.312325,0.915540,0.493469,0.194139,0.110163,0.672802,1.266536,0.244056,1.184675,1.257549,0.143011,-0.405679,0.936570,0.999342,0.675835,0.101413
2141,41.240000,-0.935430,0.984633,0.599819,0.202489,0.260865,0.648620,1.089650,0.209452,1.041701,1.116062,0.036741,-0.345041,1.239001,1.468647,0.632779,0.625017
2142,41.260000,-0.902317,1.053720,0.556087,0.190216,0.377693,0.715810,1.204492,0.207844,0.962692,1.007667,-0.090326,-0.440070,1.518791,1.734302,0.631044,1.098187
2143,41.280000,-1.234849,1.148878,0.283757,0.170774,0.437891,0.909844,1.643110,0.194929,1.054248,0.969224,0.030153,-0.335835,1.736310,1.738702,0.738975,1.467793
2144,41.300000,-1.618324,1.212139,-0.115150,0.126679,0.447248,1.243158,2.193785,0.255072,1.216895,1.031620,0.181078,-0.188639,1.813535,1.436040,0.942592,1.491442
2145,41.320000,-2.025961,1.293721,-0.297807,-0.033202,0.410933,1.258373,2.745610,0.271709,1.432947,1.012466,0.214180,-0.121560,1.827692,1.199684,1.193258,1.391189
2146,41.340000,-1.915009,1.244746,-0.374548,-0.117457,0.506794,1.413715,2.707800,0.356793,1.658934,1.046536,0.336277,0.179354,1.566375,0.916034,1.170108,1.038149
2147,41.360000,-1.466782,1.071395,-0.191622,-0.270593,0.422295,1.274015,2.133382,0.426557,1.597617,1.123290,0.322150,0.443203,1.165655,0.554587,0.993524,0.485913
2148,41.380000,-0.828542,0.808981,0.239277,-0.301524,0.362039,1.155694,1.110638,0.439402,1.295107,1.289212,0.161855,0.571441,0.464278,0.001166,0.415780,-0.249788
2149,41.400000,-0.394846,0.490830,0.608425,-0.229730,0.147003,1.142447,0.291352,0.280836,0.585098,1.382382,-0.197540,-0.058085,-0.638685,-1.060826,-0.819502,-1.190247
2150,41.420000,-0.099730,0.212772,1.009180,0.000148,-0.093870,1.138135,-0.184921,-0.047514,-0.171423,1.140752,-0.551382,-0.722441,-1.904496,-2.320724,-2.165080,-2.012740
2151,41.440000,0.303680,-0.358089,1.149940,0.259799,-0.460977,1.203845,-0.524129,-0.218145,-0.822107,0.793628,-0.836476,-1.142104,-3.241678,-3.466598,-3.117724,-2.645483
2152,41.460000,0.418415,-0.976846,1.237836,0.404111,-0.847352,0.642516,-0.763773,-0.216086,-1.168807,0.527325,-0.869393,-1.146267,-4.098557,-3.850577,-3.554657,-2.815776
2153,41.480000,0.268982,-1.532590,1.157519,0.096215,-1.163691,-0.217518,-0.842784,-0.088039,-1.200164,0.533641,-0.683692,-1.009373,-4.226396,-3.836369,-3.539570,-2.671715
2154,41.500000,0.452875,-2.015422,0.506290,-0.206461,-1.180553,-0.486187,-0.822246,0.095165,-1.024955,0.375624,-0.422105,-0.729925,-3.791539,-3.267177,-3.081384,-2.033519
2155,41.520000,0.606388,-1.775207,-0.094181,-0.561899,-1.125973,-0.409035,-0.507746,0.217800,-0.539857,0.127718,-0.217947,-0.497535,-3.193916,-2.862537,-2.693567,-1.722775
2156,41.540000,0.930371,-1.605676,-0.146029,-0.754241,-1.091992,0.064090,-0.344275,0.249166,-0.422685,0.013219,-0.286878,-0.479799,-3.153769,-2.702320,-2.532105,-1.719730
2157,41.560000,1.101778,-1.513025,-0.278429,-0.973691,-1.318691,0.316139,-0.011428,0.301427,-0.204361,-0.110328,-0.315384,-0.450821,-3.155687,-2.667499,-2.655265,-1.638674
2158,41.580000,1.095000,-1.705709,-0.197863,-1.069566,-1.410625,0.569926,0.001943,0.199717,-0.309393,-0.240144,-0.366575,-0.532746,-3.108155,-2.444151,-2.672060,-1.519216
2159,41.600000,0.894734,-1.757424,0.082478,-1.100335,-1.502142,0.536932,0.025975,0.214298,-0.353872,-0.296306,-0.387088,-0.563507,-3.047474,-2.278162,-2.669361,-1.440175
2160,41.620000,0.525865,-1.805217,0.497243,-0.865976,-1.293690,0.118186,-0.021992,0.128689,-0.496887,-0.650147,-0.365766,-0.427503,-2.944896,-2.117406,-2.672633,-1.469958
2161,41.640000,0.079765,-1.566666,0.965312,-0.501419,-1.278095,0.131107,0.236808,0.165257,-0.487507,-1.010375,-0.497253,-0.420386,-2.784288,-2.371636,-2.619572,-1.618756
2162,41.660000,-0.126185,-1.673529,1.123053,0.068302,-1.184937,-0.162151,0.280742,0.209050,-0.618095,-1.600476,-0.494799,-0.291218,-2.694050,-2.703012,-2.608095,-1.936983
2163,41.680000,-0.267768,-1.363240,1.212349,0.543434,-1.051735,-0.173317,0.462504,0.236030,-0.597963,-2.129297,-0.548796,-0.215275,-2.744924,-3.017451,-2.651627,-2.280911
2164,41.700000,-0.355727,-1.490067,1.212513,1.178934,-0.822191,-0.349734,0.288787,0.339111,-0.708284,-2.703503,-0.467100,-0.069143,-2.914555,-3.265582,-2.535294,-2.695196
2165,41.720000,-0.364415,-1.296863,1.266771,1.624564,-0.698744,-0.382337,0.289770,0.478824,-0.649968,-3.063749,-0.450374,0.014058,-2.937116,-3.424290,-2.442078,-2.871621
2166,41.740000,-0.271511,-1.398779,1.225794,1.907746,-0.712424,-0.423932,0.147733,0.522411,-0.720453,-3.262833,-0.420130,0.028532,-2.906236,-3.533827,-2.334465,-3.057507
2167,41.760000,-0.166594,-1.158817,0.963145,1.539478,-0.778163,-0.285051,0.323910,0.642408,-0.556151,-3.018258,-0.427777,0.037678,-2.726028,-3.438145,-2.358186,-2.906618
2168,41.780000,0.169179,-0.929697,0.507410,0.732152,-0.672431,0.004347,0.424841,0.583932,-0.485908,-2.310496,-0.350725,-0.048064,-2.644383,-3.296535,-2.530148,-2.632688
2169,41.800000,0.621986,-0.567137,-0.168554,-0.760272,-0.716316,0.567101,0.641932,0.454208,-0.118618,-1.051323,-0.307778,-0.241389,-2.675481,-3.231708,-2.991087,-2.295005
2170,41.820000,0.639772,-0.271380,-0.353153,-2.086938,-0.702672,0.991148,0.463370,0.179718,0.277738,0.404766,-0.239696,-0.471457,-2.729094,-3.137581,-3.309415,-2.143358
2171,41.840000,0.362392,-0.135063,-0.331568,-3.033394,-0.672922,1.042684,0.303830,0.093688,0.476359,1.521582,-0.083630,-0.519525,-2.600886,-2.938856,-3.085820,-1.923494
2172,41.860000,0.131965,-0.060785,-0.211438,-3.254382,-0.812677,0.890386,0.493271,0.036645,0.474407,2.079507,0.027138,-0.527014,-2.212631,-2.982686,-2.616145,-1.848744
2173,41.880000,-0.082075,-0.007171,0.181409,-3.223580,-0.691559,0.737820,0.508855,0.081114,0.426180,2.107841,0.137356,-0.386632,-1.758550,-3.067511,-2.151116,-2.129765
2174,41.900000,-0.282941,0.031525,1.064646,-2.685234,-0.727900,0.186930,0.582874,0.102363,0.246628,1.334134,-0.052330,-0.419974,-1.292917,-2.994905,-1.873695,-2.655558
2175,41.920000,-0.613666,0.140664,1.727262,-1.858869,-0.425141,-0.072439,0.525885,0.146848,0.282008,0.417275,0.127582,0.110794,-0.972510,-2.528344,-1.751945,-2.725279
2176,41.940000,-0.995602,0.387412,1.602951,-0.786542,-0.067208,-0.248433,0.269017,0.263913,0.426650,-0.468705,0.360195,0.562209,-0.793282,-1.790188,-1.577701,-2.407995
2177,41.960000,-1.320150,0.750684,1.153753,-0.087831,0.220750,-0.235765,0.221896,0.562053,1.044795,-1.104208,0.711936,1.007543,-0.181054,-0.861486,-0.871941,-1.556845
2178,41.980000,-1.216798,1.040165,0.483438,-0.054747,0.577493,-0.159950,-0.020541,0.856115,1.881453,-1.044903,1.115920,1.492891,0.732557,-0.048514,-0.196877,-0.947978
2179,42.000000,-1.148139,1.039928,0.063224,-0.384406,1.029639,-0.003450,-0.445089,1.367985,3.056150,-0.205161,1.562460,2.228989,1.649097,0.845843,0.416140,-0.546776
2180,42.020000,-1.282373,0.920517,-0.147247,-0.870160,1.266944,0.100935,-0.800120,1.878813,4.002937,0.748247,1.744429,2.595302,2.146184,1.634726,0.983630,-0.353780
2181,42.040000,-1.255415,0.452100,-0.431743,-1.208926,1.272652,0.175091,-1.170151,2.106451,4.297981,1.402551,1.722426,2.624120,1.929213,1.450783,0.962045,-0.917657
2182,42.060000,-1.228514,0.189274,-0.519684,-1.078628,1.213439,0.069952,-1.484964,2.260310,4.290275,1.488172,1.593415,2.608587,1.607036,0.987588,0.669116,-1.586219
2183,42.080000,-1.209905,0.032038,-0.479709,-0.584013,1.156828,-0.094502,-1.731121,2.313563,3.932612,1.115533,1.415468,2.620865,1.441425,0.472002,0.562427,-2.127930
2184,42.100000,-1.190773,0.125612,-0.132838,0.497645,0.945097,-0.372653,-1.925592,2.211779,3.252742,0.097682,1.281852,2.698531,1.394595,0.117067,0.388422,-2.588094
2185,42.120000,-0.918295,-0.017635,0.019290,1.697723,0.637553,-0.629583,-1.789947,2.086759,2.276301,-1.246162,1.214335,2.876721,1.427587,-0.389215,0.404034,-2.762536
2186,42.140000,-0.386983,0.149846,0.241230,2.588753,0.172510,-0.796319,-1.236979,1.888682,1.400215,-2.954780,1.217812,2.680734,1.579069,-0.661282,0.463500,-2.095128
2187,42.160000,0.264119,0.251895,0.188546,2.488842,0.175900,-0.579499,-0.465772,1.770596,1.209004,-3.744927,1.447138,2.836031,1.821986,-0.772934,0.467150,-0.909273
2188,42.180000,0.853026,0.285903,0.101256,1.641055,0.190850,-0.248652,0.008501,1.338939,1.071148,-3.469853,1.486434,2.676247,1.842573,-0.459307,0.341839,0.328573
2189,42.200000,1.180955,0.376563,0.006341,0.334576,0.497956,0.256550,0.134612,1.278029,1.954076,-2.383816,1.451846,2.500376,1.413009,0.167952,-0.734419,1.068835
2190,42.220000,0.658553,0.607709,-0.165621,-0.756800,0.805188,0.422506,-0.106820,1.399677,3.208383,-0.598350,1.415390,2.144402,1.035412,0.816740,-1.821020,1.035685
2191,42.240000,0.043490,0.822312,-0.201360,-1.590223,0.795458,0.590572,-0.123491,1.256627,3.449476,0.616281,1.392009,1.633704,0.646084,1.050349,-1.748555,0.834115
2192,42.260000,-0.393670,0.957333,-0.230053,-2.150126,0.915039,0.769013,-0.088623,1.081285,3.486612,1.446694,1.384622,1.480163,0.474962,1.253824,-1.017046,0.619194
2193,42.280000,-0.576728,0.923509,-0.178458,-2.455715,0.870985,0.698920,-0.296968,0.952196,3.389420,1.919604,1.285552,1.300307,0.520195,1.353598,-0.277455,0.249505
2194,42.300000,-0.682016,0.731313,-0.153942,-2.563851,0.722734,0.674685,-0.421172,0.754606,2.975477,2.079791,1.137620,1.114107,0.543749,1.207000,0.233888,-0.156562
2195,42.320000,-0.640494,0.566026,-0.174344,-2.600034,0.645702,0.721963,-0.429893,0.627848,2.625227,2.030196,0.937373,0.934189,0.591076,0.862605,0.530985,-0.476289
2196,42.340000,-0.598777,0.620746,-0.104868,-2.470250,0.556710,0.877464,-0.373972,0.382190,2.181560,1.788182,0.742675,0.731685,0.597640,0.672615,0.584540,-0.646179
2197,42.360000,-0.584384,0.570942,-0.074971,-2.146717,0.452766,1.185640,-0.288469,0.201544,1.775904,1.509268,0.551349,0.553891,0.544304,0.531369,0.525961,-0.649729
2198,42.380000,-0.637340,0.517303,-0.084719,-1.751949,0.281911,1.403188,-0.129596,0.062570,1.399072,1.184642,0.392695,0.410163,0.474531,0.436753,0.295777,-0.474230
2199,42.400000,-0.760882,0.483664,-0.093685,-1.307924,0.158405,1.545923,0.022465,-0.022956,1.167589,0.827137,0.311894,0.328248,0.375248,0.372415,-0.027554,-0.214906
2200,42.420000,-0.877878,0.446775,-0.098885,-1.043025,0.079569,1.576051,0.176763,-0.031959,1.065566,0.554088,0.277285,0.295543,0.249307,0.339074,-0.315910,-0.008882
2201,42.440000,-0.938604,0.410496,-0.092694,-0.959328,0.052299,1.498767,0.299686,0.005533,1.014524,0.388193,0.268033,0.301106,0.196240,0.312797,-0.499315,0.167116
2202,42.460000,-0.917465,0.368925,-0.064662,-0.954086,0.113647,1.430775,0.331011,0.041291,1.024729,0.342081,0.259994,0.291876,0.146037,0.326557,-0.594680,0.288891
2203,42.480000,-0.788001,0.341295,-0.006917,-1.050786,0.166614,1.349620,0.301089,0.066641,1.108571,0.401635,0.275705,0.278692,0.115170,0.314859,-0.645922,0.345653
2204,42.500000,-0.667564,0.331315,0.025416,-1.171030,0.188879,1.301585,0.264730,0.071352,1.153406,0.517580,0.253179,0.198998,0.166836,0.323936,-0.641281,0.465370
2205,42.520000,-0.550800,0.352944,0.038477,-1.292868,0.188553,1.256675,0.236579,0.049409,1.193009,0.611794,0.265899,0.161214,0.225535,0.374159,-0.596734,0.539854
2206,42.540000,-0.479470,0.369627,0.050426,-1.370593,0.162256,1.199904,0.206731,0.037017,1.197527,0.677748,0.281355,0.133511,0.276595,0.412174,-0.540338,0.556739
2207,42.560000,-0.429341,0.374578,0.082542,-1.413096,0.164431,1.148862,0.177279,0.048689,1.218324,0.732354,0.293720,0.124890,0.339264,0.424101,-0.459161,0.545433
2208,42.580000,-0.391864,0.374357,0.089995,-1.458817,0.113240,1.122692,0.223646,0.023379,1.176327,0.756423,0.290580,0.112925,0.368935,0.432622,-0.375314,0.522285
2209,42.600000,-0.370809,0.406629,0.129001,-1.444762,0.115407,1.139934,0.249533,0.021823,1.162688,0.767149,0.284924,0.119004,0.386884,0.424950,-0.315959,0.487013
2210,42.620000,-0.349063,0.425324,0.121721,-1.434042,0.066261,1.134383,0.322526,-0.014051,1.089332,0.740407,0.276729,0.105589,0.363642,0.429877,-0.269035,0.460464
2211,42.640000,-0.359019,0.439160,0.127566,-1.377056,0.063709,1.177485,0.381136,-0.038621,1.046671,0.692078,0.276234,0.119073,0.343036,0.426178,-0.250119,0.446015
2212,42.660000,-0.386754,0.445543,0.143100,-1.330657,0.054677,1.209094,0.423363,-0.029775,1.043175,0.672590,0.264665,0.119343,0.340694,0.401220,-0.263169,0.459805
2213,42.680000,-0.400617,0.447700,0.133050,-1.288387,0.051922,1.230965,0.439025,-0.043285,1.038967,0.675220,0.288999,0.109173,0.342839,0.407798,-0.252539,0.463749
2214,42.700000,-0.411032,0.455200,0.118265,-1.257925,0.045710,1.275254,0.464494,-0.059772,1.064302,0.684463,0.289996,0.096196,0.354722,0.442924,-0.274735,0.503979
2215,42.720000,-0.421467,0.469231,0.118994,-1.223016,0.073012,1.287313,0.445549,-0.059104,1.077652,0.714382,0.300279,0.080986,0.354159,0.470322,-0.269638,0.508356
2216,42.740000,-0.447575,0.496748,0.099778,-1.219453,0.051842,1.312887,0.497802,-0.071604,1.087642,0.717835,0.309706,0.101498,0.378835,0.510873,-0.274943,0.556497
2217,42.760000,-0.494740,0.534706,0.081877,-1.192198,0.085434,1.299274,0.487361,-0.067004,1.092579,0.738208,0.335078,0.116783,0.398561,0.534699,-0.251873,0.551627
2218,42.780000,-0.538953,0.544438,0.059725,-1.191155,0.083195,1.291774,0.529866,-0.059719,1.110111,0.757493,0.346236,0.145596,0.428834,0.541511,-0.207223,0.543191
2219,42.800000,-0.571094,0.573703,0.066934,-1.220439,0.096624,1.300271,0.564904,-0.065688,1.129525,0.789161,0.342543,0.150270,0.432267,0.540555,-0.160435,0.504549
2220,42.820000,-0.570599,0.587496,0.057141,-1.236631,0.104111,1.298341,0.548789,-0.059352,1.155774,0.819932,0.358228,0.150221,0.437520,0.534710,-0.128380,0.469735
2221,42.840000,-0.568486,0.601089,0.063141,-1.236351,0.121620,1.331914,0.537077,-0.067164,1.173357,0.843578,0.357228,0.144241,0.437631,0.551982,-0.097000,0.464189
2222,42.860000,-0.581500,0.593977,0.065587,-1.257092,0.124586,1.336674,0.533777,-0.071147,1.187982,0.867476,0.343713,0.143780,0.465874,0.560151,-0.055742,0.494285
2223,42.880000,-0.606221,0.627028,0.065867,-1.265979,0.139007,1.325546,0.540996,-0.078935,1.184798,0.887404,0.356299,0.150273,0.487655,0.567016,-0.005490,0.508212
2224,42.900000,-0.623301,0.634438,0.061972,-1.290923,0.146830,1.314550,0.563481,-0.068074,1.194512,0.899851,0.362121,0.160411,0.503256,0.543189,0.062109,0.491367
2225,42.920000,-0.634215,0.638812,0.058444,-1.304273,0.153836,1.326668,0.567979,-0.063990,1.207935,0.951193,0.360765,0.160410,0.512557,0.536754,0.128765,0.473275
2226,42.940000,-0.654907,0.657309,0.045921,-1.334602,0.126339,1.324024,0.622513,-0.080686,1.206663,0.965491,0.354920,0.166262,0.554375,0.560656,0.167618,0.508237
2227,42.960000,-0.683842,0.719175,0.051453,-1.375886,0.171401,1.256291,0.617235,-0.058358,1.271111,0.985975,0.406259,0.194006,0.661057,0.693511,0.332200,0.596846
2228,42.980000,-0.695642,0.736895,0.032973,-1.434129,0.195844,1.203665,0.629294,-0.022128,1.367048,1.018613,0.433274,0.245681,0.785419,0.792072,0.473791,0.669488
2229,43.000000,-0.684328,0.756068,0.044430,-1.483727,0.268347,1.173225,0.605004,0.012719,1.480692,1.080670,0.446911,0.308058,0.859173,0.847545,0.579658,0.672428
2230,43.020000,-0.675963,0.780522,0.025258,-1.530408,0.283586,1.142299,0.599674,0.033322,1.546501,1.119133,0.471348,0.365679,0.923402,0.862993,0.646403,0.673940
2231,43.040000,-0.654961,0.790239,-0.020649,-1.577639,0.291667,1.162407,0.573020,0.056895,1.605791,1.169584,0.483138,0.367349,0.932254,0.847890,0.702663,0.669665
2232,43.060000,-0.651066,0.827801,0.007518,-1.606696,0.311712,1.176880,0.547060,0.037788,1.639712,1.177587,0.488246,0.390151,0.918775,0.868528,0.750463,0.640378
2233,43.080000,-0.648297,0.833803,0.007219,-1.631469,0.325730,1.227913,0.529121,0.030676,1.633641,1.171127,0.484883,0.396543,0.900305,0.884579,0.768964,0.642457
2234,43.100000,-0.644973,0.825702,-0.011894,-1.627969,0.310655,1.317727,0.503649,0.018116,1.614142,1.170342,0.475190,0.355949,0.852196,0.847883,0.751725,0.624323
2235,43.120000,-0.667739,0.820537,-0.027407,-1.596350,0.289149,1.381361,0.489459,-0.013060,1.575296,1.141364,0.466008,0.333029,0.809713,0.839337,0.712088,0.629368
2236,43.140000,-0.701424,0.801550,-0.019340,-1.546879,0.284521,1.440810,0.498326,-0.057408,1.504124,1.099629,0.419752,0.313622,0.766677,0.822762,0.674166,0.623172
2237,43.160000,-0.748672,0.784736,-0.032415,-1.482242,0.237203,1.444648,0.519472,-0.061233,1.438836,1.057170,0.419724,0.286175,0.722250,0.777506,0.626848,0.599503
2238,43.180000,-0.775103,0.760479,-0.029534,-1.403088,0.219348,1.490644,0.549368,-0.076315,1.374542,1.008552,0.402263,0.259724,0.676851,0.745691,0.567359,0.607263
2239,43.200000,-0.779788,0.729171,-0.033687,-1.424663,0.186783,1.488975,0.606211,-0.070037,1.320575,0.987613,0.362422,0.217167,0.655316,0.671686,0.549796,0.637394
2240,43.220000,-0.789150,0.716586,-0.016811,-1.377719,0.180275,1.455051,0.657239,-0.070033,1.283643,0.934395,0.363371,0.227549,0.655273,0.654958,0.519913,0.642879
2241,43.240000,-0.775815,0.696581,-0.017718,-1.370951,0.183381,1.415470,0.674775,-0.061128,1.310184,0.915275,0.372115,0.227241,0.655881,0.646602,0.484218,0.668449
2242,43.260000,-0.736290,0.672639,-0.018948,-1.450115,0.147845,1.387865,0.724289,-0.039054,1.260593,0.928652,0.347480,0.191702,0.660997,0.583220,0.515183,0.688313
2243,43.280000,-0.686782,0.662090,0.019539,-1.461420,0.157381,1.327806,0.712305,-0.044841,1.236762,0.891996,0.357168,0.218513,0.660067,0.573272,0.537521,0.688022
2244,43.300000,-0.660280,0.648681,0.037882,-1.442250,0.184256,1.282077,0.687522,-0.019550,1.323274,0.894922,0.382728,0.253303,0.695739,0.595390,0.529127,0.692062
2245,43.320000,-0.604107,0.639617,0.017320,-1.451715,0.145675,1.302086,0.679855,-0.061202,1.312298,0.885552,0.375405,0.228442,0.690290,0.629357,0.465510,0.712863
2246,43.340000,-0.564528,0.667714,0.004410,-1.498422,0.135005,1.317871,0.707681,-0.065072,1.271579,0.890319,0.369471,0.179295,0.651589,0.594186,0.473231,0.697489
2247,43.360000,-0.549191,0.639681,0.051996,-1.476789,0.120001,1.280176,0.722237,-0.067268,1.237748,0.854040,0.358197,0.212508,0.645043,0.622701,0.495219,0.673368
2248,43.380000,-0.517130,0.640359,0.062765,-1.431000,0.142262,1.320172,0.731340,-0.069652,1.271069,0.815324,0.370477,0.207343,0.649989,0.673361,0.467253,0.719700
2249,43.400000,-0.492756,0.656806,0.057544,-1.389600,0.156654,1.366724,0.708556,-0.084392,1.292423,0.808908,0.386955,0.212335,0.670468,0.715943,0.427806,0.767452
2250,43.420000,-0.515380,0.663876,0.041173,-1.397568,0.126986,1.295487,0.766661,-0.077011,1.260336,0.791764,0.374681,0.220148,0.691181,0.718684,0.417543,0.784176
2251,43.440000,-0.519061,0.671826,0.064355,-1.399786,0.121253,1.293338,0.800606,-0.084030,1.245583,0.790467,0.370192,0.243865,0.689924,0.731738,0.465522,0.769937
2252,43.460000,-0.509523,0.672517,0.050319,-1.419319,0.129340,1.274702,0.817215,-0.072504,1.263604,0.788955,0.386852,0.263296,0.700065,0.758003,0.483379,0.767587
2253,43.480000,-0.511467,0.657555,0.010517,-1.457693,0.134161,1.263598,0.832871,-0.047153,1.258401,0.841528,0.377300,0.237725,0.712134,0.692878,0.533288,0.742445
2254,43.500000,-0.457668,0.626121,0.042362,-1.416196,0.122231,1.283433,0.830529,-0.072287,1.239414,0.788352,0.343549,0.239502,0.660957,0.657482,0.470869,0.688282
2255,43.520000,-0.410316,0.617113,0.079396,-1.397954,0.124136,1.371805,0.812413,-0.107457,1.220784,0.755841,0.335505,0.203196,0.522777,0.543139,0.316982,0.581586
2256,43.540000,-0.365372,0.591415,0.111204,-1.411427,0.041901,1.416994,0.783344,-0.167614,1.102652,0.759384,0.268445,0.088385,0.286620,0.317050,0.108061,0.393176
2257,43.560000,-0.334090,0.564957,0.122443,-1.374108,-0.036521,1.438038,0.796416,-0.212400,0.960264,0.713091,0.241713,-0.005041,0.116150,0.181079,0.013932,0.342178
2258,43.580000,-0.301404,0.484154,0.132063,-1.283297,-0.116475,1.504110,0.785212,-0.254033,0.855937,0.642831,0.195010,-0.094189,0.028330,0.122967,-0.093371,0.356439
2259,43.600000,-0.300213,0.467622,0.130483,-1.209785,-0.167686,1.480548,0.779793,-0.271393,0.796206,0.567487,0.218001,-0.119238,-0.003280,0.147584,-0.169338,0.411385
2260,43.620000,-0.323461,0.448218,0.130146,-1.161246,-0.184733,1.451621,0.785889,-0.284590,0.765215,0.517365,0.247942,-0.111054,0.029286,0.185652,-0.190401,0.468153
2261,43.640000,-0.347424,0.445107,0.126690,-1.144079,-0.178650,1.412842,0.800225,-0.267264,0.797823,0.485857,0.268110,-0.084919,0.078892,0.252707,-0.219907,0.507046
2262,43.660000,-0.343122,0.455865,0.108893,-1.194621,-0.161615,1.348396,0.827454,-0.253321,0.841999,0.470284,0.287085,-0.052095,0.132552,0.305144,-0.231951,0.510886
2263,43.680000,-0.307470,0.457382,0.111946,-1.227465,-0.104491,1.316641,0.805376,-0.222970,0.905242,0.477863,0.298276,-0.025011,0.168530,0.351811,-0.215677,0.501215
2264,43.700000,-0.280648,0.479240,0.098450,-1.263048,-0.075512,1.328050,0.819995,-0.222231,0.956814,0.492742,0.319548,0.014830,0.213305,0.410511,-0.191534,0.521149
2265,43.720000,-0.280575,0.507754,0.074910,-1.284805,-0.022113,1.333732,0.806392,-0.209538,1.021087,0.522392,0.341299,0.047512,0.273856,0.463837,-0.170043,0.535549
2266,43.740000,-0.321436,0.538543,0.049272,-1.290152,0.016212,1.336240,0.808938,-0.197953,1.078658,0.580831,0.367105,0.076421,0.337622,0.491831,-0.109220,0.535937
2267,43.760000,-0.363544,0.563371,0.015060,-1.306744,0.036114,1.339745,0.814927,-0.180644,1.131199,0.643524,0.373015,0.096071,0.383378,0.503388,-0.075171,0.534980
2268,43.780000,-0.389357,0.595053,0.008249,-1.333112,0.041468,1.352848,0.829066,-0.186980,1.188587,0.697425,0.391924,0.110223,0.418867,0.526138,-0.032747,0.515295
2269,43.800000,-0.404293,0.639089,0.006458,-1.380230,0.052329,1.352530,0.835594,-0.188021,1.259767,0.738727,0.403066,0.123717,0.436542,0.553646,-0.026267,0.501322
2270,43.820000,-0.435164,0.664612,-0.000173,-1.371254,0.083920,1.357667,0.804465,-0.177409,1.301588,0.790923,0.421483,0.128598,0.464685,0.589141,0.041639,0.495560
2271,43.840000,-0.458405,0.682943,0.006423,-1.374896,0.105440,1.374907,0.784143,-0.169300,1.367045,0.862914,0.413368,0.147083,0.481347,0.618402,0.093817,0.499988
2272,43.860000,-0.492839,0.703280,-0.008846,-1.394722,0.104399,1.377988,0.814538,-0.181039,1.346938,0.902386,0.408545,0.144279,0.498963,0.609045,0.134446,0.494404
2273,43.880000,-0.525591,0.724445,-0.011375,-1.420102,0.107294,1.370897,0.831617,-0.170407,1.332859,0.909787,0.413354,0.167443,0.502300,0.586539,0.184137,0.486487
2274,43.900000,-0.539162,0.736686,-0.008256,-1.443001,0.113143,1.375011,0.828277,-0.183620,1.307998,0.913327,0.407771,0.167338,0.488126,0.561082,0.235748,0.460276
2275,43.920000,-0.544871,0.729108,-0.002001,-1.449192,0.106965,1.412821,0.827859,-0.208749,1.293948,0.894502,0.412630,0.170460,0.473231,0.549069,0.269599,0.431512
2276,43.940000,-0.544155,0.715954,-0.000944,-1.473697,0.117789,1.424155,0.817216,-0.218514,1.302338,0.893337,0.402039,0.149765,0.460916,0.536833,0.287508,0.411626
2277,43.960000,-0.570935,0.720470,-0.006789,-1.482466,0.117070,1.426042,0.812636,-0.213745,1.302485,0.911890,0.412492,0.144436,0.473490,0.535413,0.327105,0.424660
2278,43.980000,-0.591729,0.725135,-0.016848,-1.486316,0.114254,1.432922,0.825959,-0.212214,1.299634,0.923048,0.402052,0.137205,0.483989,0.520554,0.353141,0.434138
2279,44.000000,-0.619917,0.733424,-0.019720,-1.485089,0.112311,1.461873,0.849498,-0.223952,1.294044,0.930418,0.398716,0.132435,0.479243,0.490912,0.370055,0.431549
2280,44.020000,-0.632563,0.736180,-0.026110,-1.471857,0.120403,1.476003,0.849586,-0.208511,1.292128,0.927806,0.396573,0.123462,0.468721,0.465112,0.352135,0.425348
2281,44.040000,-0.648070,0.745474,-0.028123,-1.459206,0.093650,1.487995,0.848266,-0.218756,1.308462,0.928694,0.405423,0.113612,0.446723,0.454037,0.318186,0.426175
2282,44.060000,-0.645966,0.757150,-0.031787,-1.464300,0.079636,1.505461,0.837877,-0.231660,1.332691,0.919002,0.419041,0.100832,0.418635,0.458161,0.259215,0.426254
2283,44.080000,-0.648430,0.755272,-0.035725,-1.458524,0.092884,1.511009,0.797177,-0.224326,1.358457,0.933491,0.425841,0.082986,0.409113,0.481698,0.250772,0.425316
2284,44.100000,-0.644715,0.751123,-0.031767,-1.451384,0.077933,1.520297,0.792234,-0.229765,1.366408,0.944211,0.423440,0.075466,0.392464,0.491704,0.229222,0.430763
2285,44.120000,-0.642536,0.759705,-0.034687,-1.465742,0.079224,1.513322,0.802471,-0.234337,1.364959,0.930048,0.413132,0.069152,0.387188,0.469556,0.184037,0.438715
2286,44.140000,-0.655884,0.752103,-0.032249,-1.447669,0.078109,1.506890,0.799955,-0.232665,1.340862,0.927925,0.415881,0.080554,0.378770,0.465183,0.181576,0.425170
2287,44.160000,-0.669099,0.731359,-0.043661,-1.457115,0.070507,1.502337,0.818094,-0.225810,1.319345,0.928657,0.406454,0.080322,0.366727,0.429527,0.186531,0.406494
2288,44.180000,-0.662270,0.722694,-0.033750,-1.476355,0.081009,1.491824,0.820710,-0.222917,1.298827,0.929442,0.398680,0.080155,0.368571,0.383550,0.217648,0.383567
2289,44.200000,-0.650924,0.713938,-0.033861,-1.472769,0.057339,1.536142,0.845357,-0.252231,1.243988,0.903539,0.392322,0.063900,0.372794,0.399951,0.223959,0.402057
2290,44.220000,-0.650276,0.719705,-0.025821,-1.453414,0.095427,1.545393,0.808858,-0.245034,1.286091,0.897202,0.410746,0.062637,0.391246,0.444071,0.231523,0.432199
2291,44.240000,-0.654029,0.719460,-0.038886,-1.470010,0.067424,1.523309,0.828807,-0.252876,1.277327,0.892087,0.420503,0.073189,0.421671,0.487132,0.237438,0.480004
2292,44.260000,-0.659975,0.739555,-0.043856,-1.473740,0.081836,1.513922,0.824954,-0.249296,1.309837,0.886656,0.449417,0.098558,0.452712,0.523191,0.259378,0.510655
2293,44.280000,-0.658109,0.729949,-0.038927,-1.508545,0.090229,1.490319,0.852703,-0.245507,1.333544,0.887427,0.416107,0.104751,0.462347,0.536374,0.271624,0.492172
2294,44.300000,-0.655512,0.755505,-0.047264,-1.549110,0.107111,1.465527,0.851323,-0.234620,1.361554,0.886597,0.438295,0.127938,0.475738,0.518092,0.270588,0.486833
2295,44.320000,-0.650941,0.758058,-0.043963,-1.556946,0.130483,1.461927,0.832953,-0.230559,1.376171,0.901286,0.431003,0.132621,0.464188,0.492704,0.278709,0.452179
2296,44.340000,-0.638484,0.747017,-0.048054,-1.582738,0.118481,1.475763,0.823063,-0.237049,1.387545,0.922570,0.428067,0.127528,0.427925,0.466556,0.277422,0.416186
2297,44.360000,-0.643360,0.746041,-0.050916,-1.574326,0.124550,1.488635,0.806975,-0.241053,1.370871,0.940712,0.411857,0.100294,0.398681,0.427030,0.259760,0.393421
2298,44.380000,-0.644413,0.738045,-0.054819,-1.561975,0.093156,1.524184,0.809650,-0.258535,1.366130,0.950116,0.418586,0.084652,0.365567,0.419560,0.238860,0.379599
2299,44.400000,-0.644588,0.745202,-0.057573,-1.534508,0.072145,1.551277,0.799310,-0.281215,1.344751,0.938786,0.413945,0.048869,0.335199,0.424839,0.178157,0.390698
2300,44.420000,-0.666427,0.754226,-0.058018,-1.500318,0.062401,1.578345,0.797369,-0.293183,1.317934,0.915462,0.425129,0.038100,0.330037,0.438431,0.163496,0.415461
2301,44.440000,-0.686282,0.734726,-0.058602,-1.461724,0.072769,1.593930,0.789908,-0.280694,1.330589,0.913670,0.417802,0.033687,0.329983,0.438620,0.158520,0.405038
2302,44.460000,-0.709670,0.724485,-0.077491,-1.458989,0.040316,1.571963,0.827105,-0.280720,1.315573,0.896793,0.421416,0.035381,0.343602,0.436896,0.120340,0.433115
2303,44.480000,-0.720034,0.737147,-0.066933,-1.456655,0.073041,1.577253,0.831430,-0.279126,1.322994,0.882230,0.423830,0.048481,0.352632,0.439621,0.123961,0.419495
2304,44.500000,-0.709920,0.706127,-0.069298,-1.475185,0.065012,1.563302,0.835565,-0.269579,1.331696,0.878671,0.400911,0.045040,0.359754,0.424247,0.115037,0.428059
2305,44.520000,-0.709259,0.723062,-0.053507,-1.487150,0.092940,1.542763,0.838285,-0.263887,1.308450,0.878186,0.422457,0.069110,0.375289,0.424940,0.162581,0.421637
2306,44.540000,-0.701764,0.705408,-0.051386,-1.504156,0.093934,1.533542,0.848134,-0.269178,1.293589,0.886157,0.410406,0.079320,0.389595,0.422074,0.205406,0.428568
2307,44.560000,-0.701286,0.713327,-0.060782,-1.519441,0.082653,1.543426,0.868631,-0.275027,1.286440,0.880899,0.418323,0.082370,0.404017,0.426798,0.226353,0.448402
2308,44.580000,-0.684089,0.725645,-0.067462,-1.544566,0.086555,1.527172,0.857128,-0.273818,1.320730,0.869789,0.440842,0.098689,0.424525,0.449593,0.218994,0.466177
2309,44.600000,-0.683198,0.727895,-0.062768,-1.562365,0.095855,1.533220,0.851792,-0.275626,1.346821,0.890305,0.428637,0.080356,0.431364,0.476840,0.246675,0.456176
2310,44.620000,-0.672400,0.739400,-0.067272,-1.565174,0.104342,1.520374,0.846879,-0.274979,1.378509,0.900888,0.449372,0.091895,0.439287,0.502010,0.252337,0.461511
2311,44.640000,-0.667666,0.742745,-0.072786,-1.573986,0.106323,1.522743,0.827295,-0.279119,1.395254,0.930562,0.450676,0.089484,0.446680,0.529537,0.255696,0.462004
2312,44.660000,-0.660444,0.759187,-0.072383,-1.584832,0.119780,1.526566,0.829477,-0.286201,1.422205,0.928768,0.450843,0.101123,0.445264,0.537934,0.237293,0.462785
2313,44.680000,-0.657181,0.771886,-0.069973,-1.592617,0.117279,1.524564,0.815038,-0.299789,1.417718,0.931979,0.442993,0.086298,0.424613,0.516870,0.231200,0.442531
2314,44.700000,-0.650740,0.767410,-0.070100,-1.623491,0.113667,1.526696,0.811962,-0.284492,1.428370,0.931503,0.431965,0.091135,0.399289,0.490642,0.206285,0.446021
2315,44.720000,-0.668431,0.769026,-0.074952,-1.604181,0.129848,1.538416,0.803487,-0.289690,1.404111,0.943961,0.431884,0.069432,0.381511,0.476998,0.228937,0.424952
2316,44.740000,-0.140688,0.510447,-0.531757,1.000874,-0.886356,-0.813361,0.651187,0.548048,-0.143971,0.127450,0.687346,-0.174484,2.101841,0.998469,1.463226,0.961179
2317,44.760000,-0.672841,0.870981,-0.726301,0.828542,-0.005285,-0.802626,0.446161,0.839658,0.127538,0.210809,1.230790,0.443385,3.399979,2.187099,2.731908,2.655250
2318,44.780000,-0.711843,0.766641,-0.870362,1.053914,0.188876,-0.778121,0.471768,0.700407,0.392387,-0.384556,1.820886,1.102158,3.626494,2.647426,2.700596,2.668756
2319,44.800000,-0.657870,0.906088,-0.881922,0.869089,0.373057,-0.796575,0.642563,1.115218,0.914070,-0.770176,2.111696,1.486812,3.266361,2.584735,2.494236,2.439482
2320,44.820000,-0.557333,1.012836,-0.890710,0.786586,0.634266,-0.619236,0.611098,1.250516,1.113004,-0.975957,2.289554,1.693823,3.000196,2.430229,2.543689,2.351059
2321,44.840000,-0.502960,1.140218,-0.836912,0.683155,0.767756,-0.582718,0.656427,1.386992,1.312435,-1.066609,2.300306,1.733837,2.801665,2.140078,2.336475,2.415239
2322,44.860000,-0.490810,1.354241,-0.798995,0.568752,0.955599,-0.572745,0.758268,1.478498,1.476773,-1.074947,2.285644,1.781119,2.827229,1.904093,2.068194,2.509438
2323,44.880000,-0.452561,1.526521,-0.782097,0.455854,1.052062,-0.566045,0.815616,1.533381,1.379578,-0.998700,2.256291,1.711061,2.945254,1.690357,1.915164,2.640483
2324,44.900000,-0.360564,1.532265,-0.828662,0.372237,1.052085,-0.593722,0.754852,1.429316,0.971531,-0.884048,2.159357,1.482793,2.861969,1.466256,1.706500,2.557299
2325,44.920000,-0.260872,1.560412,-0.796984,0.234502,1.001500,-0.593606,0.759616,1.346822,0.713682,-0.809550,1.960131,1.279240,2.599566,1.170971,1.525558,2.188437
2326,44.940000,-0.150388,1.549724,-0.736484,0.127147,0.911633,-0.562285,0.706276,1.171861,0.321494,-0.743722,1.667164,0.804845,2.182342,0.859082,1.192840,1.646111
2327,44.960000,-0.008476,1.514119,-0.726245,0.066225,0.885417,-0.317223,0.652174,0.997217,-0.127758,-0.667846,1.547444,0.529015,1.756508,0.697129,0.908907,1.386569
2328,44.980000,0.082566,1.471350,-0.700091,-0.001160,0.826473,-0.258242,0.558680,0.845971,-0.686369,-0.546496,1.462679,0.160685,1.429669,0.641567,0.743133,1.247603
2329,45.000000,0.125637,1.354602,-0.744281,-0.066040,0.720763,-0.239556,0.477677,0.734052,-1.065133,-0.433769,1.304955,-0.219599,1.097026,0.526286,0.589199,1.084781
2330,45.020000,0.104147,1.291139,-0.741994,-0.100756,0.677993,-0.386750,0.450520,0.696486,-1.294800,-0.406472,1.230649,-0.538359,0.861802,0.471919,0.518214,1.026001
2331,45.040000,0.086263,1.221635,-0.765968,-0.160671,0.638396,-0.540310,0.423818,0.696782,-1.487933,-0.354242,1.238394,-0.798507,0.748263,0.492079,0.558612,1.091799
2332,45.060000,0.030088,1.214503,-0.693398,-0.205813,0.634697,-0.723128,0.435556,0.735201,-1.567115,-0.363844,1.272080,-0.962349,0.777221,0.569688,0.645906,1.211032
2333,45.080000,-0.022884,1.204351,-0.672946,-0.229926,0.642570,-1.004492,0.431193,0.758501,-1.619829,-0.420816,1.274668,-1.030456,0.814016,0.676042,0.735741,1.250592
2334,45.100000,-0.056634,1.220905,-0.621825,-0.256681,0.624728,-1.112749,0.501735,0.799416,-1.574433,-0.491385,1.306920,-1.057745,0.949529,0.684909,0.786417,1.158944
2335,45.120000,-0.120605,1.239024,-0.537423,-0.255079,0.644239,-1.249047,0.502741,0.830752,-1.539922,-0.579850,1.280773,-1.162242,1.030694,0.662022,0.817152,1.011871
2336,45.140000,-0.088109,1.304886,-0.446452,-0.255417,0.705770,-1.157733,0.548079,0.842284,-1.479204,-0.700245,1.313135,-1.045767,1.074349,0.686538,0.811911,0.976807
2337,45.160000,-0.093674,1.343072,-0.498191,-0.202161,0.777792,-1.176751,0.532061,0.875224,-1.457146,-0.730169,1.399233,-1.034849,1.151510,0.746253,0.801031,1.059860
2338,45.180000,-0.106147,1.415263,-0.466738,-0.219749,0.796305,-1.150646,0.569597,0.894693,-1.415238,-0.814724,1.388962,-0.913755,1.264090,0.732141,0.898834,1.069093
2339,45.200000,-0.128268,1.467810,-0.564734,-0.181796,0.853552,-1.104378,0.551001,0.935662,-1.418255,-0.815103,1.439931,-0.807886,1.389454,0.778299,0.964070,1.141470
2340,45.220000,-0.143059,1.491946,-0.795985,-0.118175,0.910210,-1.062694,0.585082,0.948870,-1.243059,-0.926842,1.435828,-0.655268,1.323846,0.784084,0.876895,1.199371
2341,45.240000,-0.150833,1.522886,-0.802560,-0.150538,0.939461,-1.044844,0.595914,0.998396,-1.211352,-0.919097,1.476975,-0.497704,1.397023,0.788359,0.932405,1.230958
2342,45.260000,-0.184400,1.486781,-1.010722,-0.079433,0.974122,-1.047249,0.494771,0.983025,-1.266238,-0.876132,1.484461,-0.456495,1.353114,0.792977,0.861121,1.299009
2343,45.280000,-0.205561,1.546755,-0.958814,-0.095717,0.977142,-1.032894,0.541034,1.041818,-1.185933,-0.868278,1.464830,-0.320202,1.424699,0.749949,0.914149,1.271269
2344,45.300000,-0.229058,1.592684,-0.929342,-0.101305,0.981912,-1.036478,0.538096,1.064435,-1.170486,-0.824824,1.470676,-0.235492,1.518600,0.721090,0.979658,1.210432
2345,45.320000,-0.231628,1.498744,-1.126806,-0.024445,0.991521,-1.098890,0.434188,1.037853,-1.229832,-0.714691,1.423450,-0.336619,1.427271,0.652685,0.876469,1.175337
2346,45.340000,-0.250194,1.576382,-0.987579,-0.029663,0.998184,-1.099463,0.463944,1.056295,-1.103169,-0.754053,1.392305,-0.230454,1.418759,0.611414,0.863813,1.131929
2347,45.360000,-0.231146,1.568546,-0.954147,-0.072178,0.977025,-1.125051,0.419983,1.065984,-1.197316,-0.618077,1.386679,-0.359704,1.474438,0.585562,0.897309,1.111700
2348,45.380000,-0.264832,1.618418,-0.881088,-0.026700,1.011118,-1.191984,0.437717,1.081113,-1.058759,-0.659253,1.368713,-0.345722,1.487751,0.592121,0.862768,1.202917
2349,45.400000,-0.266517,1.636481,-0.917772,0.011757,1.037105,-1.240668,0.427763,1.061578,-1.019070,-0.663715,1.372378,-0.359631,1.437641,0.612749,0.782726,1.249968
2350,45.420000,-0.267225,1.654516,-0.832839,-0.017151,0.992828,-1.301993,0.434564,1.070261,-0.979010,-0.653000,1.351720,-0.389540,1.460714,0.570129,0.784272,1.218164
2351,45.440000,-0.266962,1.662312,-0.769538,-0.002645,0.977168,-1.333339,0.427395,1.047980,-0.935442,-0.678821,1.300927,-0.394679,1.420120,0.503850,0.744524,1.092989
2352,45.460000,-0.238522,1.607686,-0.832999,-0.010770,0.963329,-1.353587,0.371814,1.032864,-1.017580,-0.583155,1.261686,-0.516955,1.363455,0.454255,0.705935,1.010122
2353,45.480000,-0.251287,1.664264,-0.757128,0.015024,0.994131,-1.361839,0.356795,1.030731,-1.020482,-0.588528,1.266601,-0.547789,1.348310,0.498156,0.726562,1.078762
2354,45.500000,-0.258400,1.663831,-0.783364,0.027222,1.006928,-1.385338,0.343315,1.029329,-1.037240,-0.585829,1.276842,-0.551652,1.358135,0.567999,0.740905,1.160359
2355,45.520000,-0.264442,1.651844,-0.755582,0.002651,0.983772,-1.412485,0.338772,1.020528,-1.047566,-0.590064,1.257324,-0.532194,1.350309,0.566535,0.753325,1.131292
2356,45.540000,-0.303072,1.683095,-0.764002,0.047780,1.011743,-1.423955,0.370068,1.044538,-0.987260,-0.655725,1.293296,-0.452778,1.476642,0.669842,0.915471,1.210025
2357,45.560000,-0.391034,1.757711,-0.837197,0.163738,1.062780,-1.461279,0.402317,1.128518,-0.865040,-0.778288,1.399380,-0.240809,1.868135,0.983994,1.377731,1.551149
2358,45.580000,-0.554960,1.845354,-1.039704,0.332887,1.133207,-1.530883,0.536589,1.323097,-0.422857,-1.010564,1.654085,0.161793,2.585919,1.446986,2.121984,2.199544
2359,45.600000,-0.816148,1.867569,-1.256985,0.487794,1.115853,-1.697433,0.692578,1.677560,0.167445,-1.252868,1.845221,0.468345,3.581731,1.967901,3.287680,2.922487
2360,45.620000,-1.066799,1.772072,-1.571832,0.776734,1.185957,-1.835778,0.816987,2.075473,0.759501,-1.495622,2.499795,1.231670,4.578575,2.640272,4.515328,3.967341
2361,45.640000,-1.273804,1.679608,-1.659676,0.977247,1.081028,-2.012107,1.041669,2.606104,1.532739,-1.760542,2.669553,1.578173,4.817231,2.861352,5.074892,4.186486
2362,45.660000,-1.346195,1.540779,-1.711802,1.192758,1.052519,-2.088991,1.094781,2.976059,2.013061,-1.868218,3.010686,2.139313,4.684068,2.767584,5.029167,3.721352
2363,45.680000,-1.348709,1.593378,-1.662405,1.515720,1.119236,-2.167488,1.045291,3.280132,2.226874,-2.033070,3.159482,2.307449,4.583119,2.610523,4.712273,3.256485
2364,45.700000,-1.215275,1.448023,-1.666021,1.688102,1.159230,-2.084055,0.973757,3.408552,2.092857,-2.003278,3.214757,2.243486,4.414284,2.379611,4.418480,2.958177
2365,45.720000,-1.068233,1.579263,-1.586260,1.745161,1.235570,-1.972981,0.970949,3.249187,1.856271,-2.040487,3.163945,2.071133,4.298469,2.368391,3.798245,3.035866
2366,45.740000,-0.932184,1.621904,-1.519889,1.622025,1.296906,-1.841479,0.989691,3.086817,1.859213,-2.003923,2.994456,1.934164,4.233543,2.464484,3.215586,3.303911
2367,45.760000,-0.812320,1.612509,-1.506111,1.335131,1.284274,-1.674641,1.071980,2.827505,1.536974,-1.727327,2.790057,1.530445,4.355822,2.654237,2.979922,3.720065
2368,45.780000,-0.635458,1.596214,-1.420250,1.110003,1.233089,-1.540342,1.034312,2.216550,0.837237,-1.628273,2.617888,1.245161,4.304229,2.843410,2.772114,3.969276
2369,45.800000,-0.556219,1.645611,-1.239771,0.772922,1.192527,-1.410128,1.072771,1.974277,0.555763,-1.427944,2.362994,1.047162,4.255759,3.051796,2.831254,3.987466
2370,45.820000,-0.501326,1.595453,-1.141211,0.553355,1.058475,-1.316642,1.044620,1.701803,0.054681,-1.258259,2.028587,0.562240,4.100334,3.084489,2.976379,3.602432
2371,45.840000,-0.309100,1.501783,-1.067478,0.367834,1.001378,-1.183847,0.940836,1.351538,-0.623335,-1.214316,1.785166,0.092123,3.732975,3.047022,2.940911,3.261902
2372,45.860000,-0.182338,1.426692,-0.953614,0.171498,0.873188,-1.153777,0.752126,1.172983,-1.127436,-1.101233,1.505572,-0.412880,3.295993,2.873947,2.920084,2.832469
2373,45.880000,-0.139541,1.296979,-0.915637,0.042680,0.734440,-1.171438,0.476858,1.054332,-1.433114,-1.004225,1.266580,-0.763359,2.859112,2.583065,2.800763,2.458131
2374,45.900000,-0.058331,1.243414,-0.799099,-0.147472,0.653305,-1.156320,0.403865,1.040473,-1.506402,-0.959449,1.201982,-1.004589,2.644480,2.283031,2.762093,2.320913
2375,45.920000,0.000729,1.163759,-0.751687,-0.373323,0.555711,-1.090633,0.253595,1.033966,-1.596760,-0.817840,1.120763,-1.264361,2.450179,2.075674,2.594400,2.306891
2376,45.940000,-0.029423,1.130712,-0.891459,-0.352245,0.716698,-1.148142,0.134456,1.002655,-1.729897,-0.809900,1.075298,-1.513764,2.043725,1.712566,2.409031,2.333558
2377,45.960000,-0.160488,1.259266,-1.022810,-0.342177,0.868114,-1.273146,0.094759,0.989816,-1.853017,-0.633889,1.028134,-1.697261,1.657632,1.156919,2.354391,2.239009
2378,45.980000,-0.083572,1.313195,-0.919323,-0.428337,1.000378,-1.228631,0.047381,1.047210,-1.896882,-0.539749,1.095405,-1.816882,1.578576,0.983550,2.406570,2.427914
2379,46.000000,-0.101110,1.385891,-1.013493,-0.452173,1.138778,-1.254360,0.085722,1.090033,-1.868285,-0.435027,1.179017,-1.994231,1.601320,0.972636,2.486647,2.681098
2380,46.020000,-0.193141,1.560237,-1.118089,-0.448753,1.313392,-1.232980,0.137982,1.152623,-1.860616,-0.331200,1.218067,-2.101074,1.713139,0.982047,2.713861,2.896275
2381,46.040000,-0.223066,1.764717,-1.175879,-0.400196,1.545984,-1.183316,0.241814,1.240979,-1.768322,-0.385894,1.364522,-2.002667,1.971582,1.202785,3.022156,3.283369
2382,46.060000,-0.179651,1.929699,-1.267809,-0.334310,1.723237,-1.235459,0.386304,1.314734,-1.669277,-0.445088,1.596097,-1.853171,2.307904,1.566901,3.181646,3.745593
2383,46.080000,-0.160749,2.048248,-1.324304,-0.364836,1.780829,-1.321610,0.529856,1.424817,-1.637793,-0.499765,1.736895,-1.688923,2.651552,1.766416,3.349070,3.893917
2384,46.100000,-0.221101,2.278084,-1.393966,-0.263703,2.010616,-1.369061,0.626990,1.512292,-1.569146,-0.633778,1.809391,-1.561641,2.811471,1.830131,3.533213,3.947231
2385,46.120000,-0.168943,2.507093,-1.383709,-0.130511,2.246443,-1.379581,0.766155,1.588587,-1.414160,-0.885544,1.987109,-1.185010,2.937856,1.905903,3.671598,4.087330
2386,46.140000,-0.087573,2.626478,-1.332811,-0.211743,2.261095,-1.457903,0.999248,1.701741,-1.159736,-1.100331,2.211113,-0.942201,3.196610,2.039029,3.772872,4.242617
2387,46.160000,0.016002,2.765918,-1.221504,-0.264368,2.367548,-1.367447,1.126505,1.785983,-0.951247,-1.329788,2.331949,-0.779506,3.293666,2.116381,3.797972,4.461152
2388,46.180000,0.221914,2.901904,-1.011461,-0.342699,2.407158,-1.185969,1.302783,1.880729,-0.772452,-1.541291,2.549122,-0.516134,3.441255,2.362407,3.891200,4.932074
2389,46.200000,0.324746,3.140882,-0.595488,-0.402323,2.482030,-0.975765,1.574430,2.065203,-0.480983,-1.822572,2.717897,0.030906,3.846773,2.637149,4.447086,5.431710
2390,46.220000,0.537229,3.272432,-0.131170,-0.436450,2.480813,-0.721613,1.859682,2.255672,-0.143153,-2.088216,2.937891,0.391607,4.230863,2.886524,4.975135,5.990549
2391,46.240000,0.697330,3.369157,0.235829,-0.331753,2.578632,-0.423887,2.065999,2.397484,0.239891,-2.326737,3.058385,0.766620,4.363419,2.978555,5.291342,6.396586
2392,46.260000,0.824850,3.253211,0.382302,-0.189416,2.536411,-0.115004,2.190895,2.525280,0.389795,-2.345901,3.170658,0.900080,4.296916,2.983560,5.541016,6.576044
2393,46.280000,0.788758,3.147820,0.410942,0.025202,2.479259,0.052458,2.275688,2.612215,0.527729,-2.319094,3.230819,1.030215,4.144683,2.951133,5.705385,6.519671
2394,46.300000,0.775463,2.937917,0.282321,0.219733,2.304105,0.237061,2.280089,2.456780,0.282346,-2.221989,3.328240,0.995831,3.821194,3.046784,5.631621,6.314825
2395,46.320000,0.613809,2.657060,0.155440,0.317482,2.099360,0.160939,2.278352,2.490747,0.232647,-2.035454,3.366202,1.031869,3.768912,3.270431,5.618977,6.003604
2396,46.340000,0.394984,2.429026,0.172764,0.360909,1.875943,0.201005,2.314869,2.706436,0.414844,-1.959733,3.472085,1.128237,3.977158,3.755093,5.882163,5.858756
2397,46.360000,0.069235,1.957892,0.061832,0.549304,1.515870,0.180344,2.321593,2.969602,0.784114,-1.932858,3.860730,1.409790,4.234391,4.521632,6.075374,5.846647
2398,46.380000,-0.692953,1.295461,-0.436525,1.146409,0.955567,-0.200943,2.216192,3.451041,1.207433,-1.598686,4.511961,1.585726,4.395195,5.347565,6.167585,5.577430
2399,46.400000,-2.003295,0.450389,-1.287116,2.096029,-0.000172,-0.963225,1.901750,4.039002,1.619746,-0.927669,5.399885,1.612983,4.098278,6.584680,5.679716,4.203869
2400,46.420000,-3.062480,0.182628,-2.198627,2.879968,-0.499654,-2.197036,1.228784,4.421553,1.448028,-0.326624,6.166630,1.492533,3.343286,8.091415,5.294771,2.083789
2401,46.440000,-2.506548,0.268859,-2.692077,3.215338,-0.689472,-2.836509,0.487662,5.009751,1.251267,-0.337882,6.322288,1.864025,2.367842,8.935625,5.128623,0.133054
2402,46.460000,-1.229125,-0.067838,-2.410325,2.812233,-0.919991,-2.686653,0.283481,4.930004,0.980399,-0.810103,6.104435,2.366004,2.076205,9.014587,4.350475,-1.081436
2403,46.480000,-0.521401,-0.318694,-1.946326,2.490650,-0.785765,-2.087904,0.570985,5.308578,1.134278,-1.396997,5.545203,2.851265,2.390871,9.029031,3.584330,-1.111620
2404,46.500000,-0.465304,-0.285511,-1.578655,2.386468,-0.310255,-1.716801,0.877279,5.418050,1.279021,-1.832796,4.906661,3.198246,2.969035,9.110013,3.309404,-0.034587
2405,46.520000,-0.666821,-0.095833,-1.396973,2.364718,0.114105,-1.544840,1.144259,5.264361,1.243310,-1.969137,4.365512,3.289673,3.532495,8.901166,3.307205,1.453688
2406,46.540000,-1.171565,0.201244,-1.524137,2.289057,0.359200,-1.517147,1.493761,5.320785,1.342145,-1.748774,3.745464,2.989567,4.129887,8.274580,3.669146,2.914198
2407,46.560000,-1.575925,0.369763,-1.495449,1.923064,0.444932,-1.550417,1.912853,4.696677,1.243491,-1.713077,3.343418,2.512135,4.810621,7.188378,4.351226,4.183072
2408,46.580000,-1.997887,0.625648,-1.313421,1.378319,0.561587,-1.539836,2.431352,4.051613,1.140342,-1.534905,2.527396,1.887304,5.376254,5.746509,5.048125,5.546230
2409,46.600000,-1.890683,1.112411,-1.035944,0.675285,0.776972,-1.391574,2.618098,3.850635,1.480700,-1.516251,1.842492,2.059844,5.947015,4.934854,6.225823,7.061936
2410,46.620000,-0.789668,1.497909,-0.239206,0.029074,0.895647,-1.084613,2.255452,3.024380,1.449289,-1.872305,1.417376,2.223683,5.853865,4.037031,6.617609,7.751821
2411,46.640000,0.410422,1.583569,0.562974,-0.899896,0.478573,-0.431075,1.842980,2.178969,1.099243,-1.723199,0.552483,1.721078,5.166123,2.162087,6.231451,7.133460
2412,46.660000,2.009881,0.795898,1.395344,-1.000698,0.181384,-0.417902,0.854127,1.267790,-0.113443,-1.474628,0.584735,1.033712,4.123232,0.734833,5.560740,6.882774
2413,46.680000,3.607974,0.400742,2.496413,-0.766203,-0.249936,-1.107709,0.092897,0.243730,-1.090395,-1.844080,0.809616,1.098017,1.641046,1.350064,5.616342,7.633715
2414,46.700000,3.986974,-0.223240,2.295222,-0.895125,-0.346199,-1.180586,-0.476881,0.460950,-1.131834,-1.630504,0.932832,1.350955,0.480737,2.726055,5.715542,8.507736
2415,46.720000,4.118939,-0.488815,1.934670,-1.623798,-0.076370,-0.396898,-0.928570,0.267826,-1.595189,-0.150096,-0.545744,0.765409,0.356504,2.160283,6.957216,8.899045
2416,46.740000,3.284422,-1.431943,1.603306,-2.393395,-0.612787,-0.485030,-0.916700,-0.189281,-2.686892,0.988165,-0.788469,0.047566,0.985159,1.833124,8.211190,10.253045
2417,46.760000,1.939075,-1.914098,0.369922,-2.674147,-0.791821,-0.859890,-0.694693,0.719825,-3.087956,1.570899,-0.472340,-0.224875,3.241268,1.925539,8.861762,11.453744
2418,46.780000,1.492925,-2.143183,-0.846281,-2.621625,-0.594293,0.016472,-0.408557,1.994989,-1.124211,0.895412,0.522692,-0.605582,4.329204,2.788754,7.908042,10.248663
2419,46.800000,1.766901,-1.174269,-0.553736,-2.189830,-0.352971,0.671767,-0.258642,2.474974,-0.497158,-0.056128,1.480008,-0.220959,4.203959,3.648305,6.988789,8.451874
2420,46.820000,1.832356,-0.169458,-0.318161,-1.784377,0.088900,0.713426,-0.260724,2.548674,-0.312245,-0.761364,1.571919,-0.044438,3.533061,3.786841,6.453956,6.878026
2421,46.840000,1.874509,0.331574,-0.467544,-1.408133,0.266778,1.095127,-0.140331,2.530367,-0.406449,-0.983680,1.492251,-0.525278,2.106225,3.369129,5.782986,5.890002
2422,46.860000,1.797580,0.261087,-0.784862,-1.079838,0.141917,1.169007,-0.068064,2.334725,-0.601191,-0.963793,1.455484,-0.902685,0.637535,2.678762,5.123599,5.480752
2423,46.880000,1.790738,0.007340,-1.048542,-0.695648,-0.036865,1.061258,-0.082583,2.175557,-0.735145,-0.868873,1.602360,-1.076584,-0.346016,2.173149,4.647953,5.459849
2424,46.900000,1.772312,-0.302806,-1.189009,-0.496686,-0.279492,0.636900,-0.159726,2.119662,-0.802851,-0.614395,1.708366,-1.106954,-0.901839,1.809783,4.303514,5.494377
2425,46.920000,1.712836,-0.586097,-1.205885,-0.298639,-0.513977,0.026524,-0.275282,2.090689,-0.785464,-0.347251,1.760883,-1.057528,-1.227184,1.548505,3.956104,5.475313
2426,46.940000,1.585315,-0.741178,-1.184240,-0.105713,-0.700559,-0.529871,-0.220879,2.034843,-0.723229,-0.146990,1.774520,-0.966167,-1.190896,1.125389,3.718443,5.266476
2427,46.960000,1.317612,-0.760208,-1.234450,0.171895,-0.852157,-1.158668,-0.173613,1.950438,-0.663416,-0.109420,1.807851,-0.725572,-0.794837,0.855268,3.611783,5.100200
2428,46.980000,0.901571,-0.661868,-1.298114,0.414849,-0.969453,-1.617293,0.116624,1.909487,-0.522190,-0.142391,1.904058,-0.450447,-0.069011,0.564006,3.686197,4.911503
2429,47.000000,0.147571,-0.460233,-1.600642,0.926576,-1.005043,-1.665784,0.621368,1.856771,-0.261765,-0.325063,1.779614,-0.080356,0.881788,0.422104,3.704340,4.405395
2430,47.020000,-0.142531,0.146192,-1.355139,0.649442,-0.717258,-1.258471,1.127647,1.994349,-0.046976,-0.384317,1.715742,0.320047,1.830749,0.928595,4.452325,3.938694
2431,47.040000,0.541522,0.758745,-0.742572,0.338150,-0.124078,-0.875621,1.038005,1.978902,0.065151,-0.690520,2.158675,0.584395,2.500085,2.061060,5.217830,4.419747
2432,47.060000,0.882466,0.994390,-0.696949,0.478908,0.208281,-0.882767,1.075472,1.927505,0.264505,-1.161541,2.300444,0.836532,2.945563,2.961585,5.399166,5.267162
2433,47.080000,0.653683,1.264073,-0.827023,0.512815,0.404346,-0.849948,1.307825,2.185593,0.951269,-1.350060,2.385896,1.316100,3.664575,3.539261,5.726535,6.001359
2434,47.100000,0.459742,1.329803,-1.048940,0.531592,0.484392,-0.813634,1.445740,2.182682,1.106247,-1.336266,2.322378,1.175794,4.011934,3.699084,5.634402,6.075044
2435,47.120000,0.476954,1.347771,-1.113327,0.558537,0.582282,-0.601925,1.484974,2.091951,1.001710,-1.332125,2.359625,1.248031,3.970362,3.682411,5.225954,5.958054
2436,47.140000,0.426312,1.399469,-1.024398,0.501893,0.584162,-0.437910,1.440205,2.059610,0.906340,-1.248682,2.372687,1.229238,3.685091,3.576593,4.832693,5.626035
2437,47.160000,0.270057,1.423514,-0.996027,0.377235,0.577601,-0.354938,1.546005,2.013090,0.792048,-1.119561,2.092593,0.830959,3.413391,3.383998,4.634179,5.141768
2438,47.180000,0.234214,1.377074,-1.056915,0.339048,0.633007,-0.224250,1.625468,1.902468,0.689746,-1.083324,2.034856,0.711846,3.205609,3.279423,4.445609,4.843050
2439,47.200000,0.200401,1.272741,-1.075876,0.269941,0.568913,-0.222920,1.641547,1.837886,0.515445,-1.056187,1.935495,0.504234,3.040588,3.167056,4.390175,4.563282
2440,47.220000,0.251267,1.161173,-1.043567,0.250896,0.427253,-0.198381,1.539253,1.639352,0.154336,-1.078551,1.838072,0.228001,2.722155,3.045198,4.161733,4.258194
2441,47.240000,0.241494,1.142757,-0.968222,0.188222,0.423775,-0.111643,1.491422,1.554066,-0.149170,-1.011655,1.758090,0.060455,2.564608,3.073597,4.114968,4.116127
2442,47.260000,0.196974,1.120757,-0.992500,0.105510,0.368350,-0.151222,1.504315,1.522952,-0.402862,-0.934144,1.695214,-0.226399,2.593282,3.109162,4.136799,4.007651
2443,47.280000,0.185014,1.018373,-1.001867,0.029058,0.268182,-0.189496,1.458852,1.467489,-0.558487,-0.992830,1.600581,-0.394443,2.485805,3.144525,4.080875,3.856878
2444,47.300000,0.122966,0.947019,-1.028490,-0.005569,0.214396,-0.216485,1.424407,1.474107,-0.581835,-1.031237,1.537024,-0.444435,2.433980,3.162085,4.023307,3.661898
2445,47.320000,0.065784,0.795718,-1.115827,-0.069121,0.086767,-0.382254,1.403932,1.431064,-0.711152,-1.035345,1.415995,-0.824270,2.353918,3.053737,3.789723,3.286821
2446,47.340000,0.188194,0.755932,-1.034751,-0.079500,0.168792,-0.125090,1.276195,1.330872,-0.755204,-1.142882,1.421581,-0.767392,2.186167,3.060675,3.459885,3.125959
2447,47.360000,0.128931,0.853003,-0.934412,-0.165603,0.189385,-0.090052,1.251173,1.397290,-0.791579,-1.084715,1.461752,-0.835599,2.323580,3.119355,3.488159,3.160950
2448,47.380000,0.064761,0.862789,-0.957515,-0.190019,0.212010,-0.148023,1.255376,1.409162,-0.784412,-1.122902,1.446099,-0.863240,2.528163,3.099369,3.546531,3.250785
2449,47.400000,0.093573,0.778640,-0.959137,-0.145245,0.254151,-0.151906,1.119173,1.326602,-0.869263,-1.159925,1.463033,-0.857712,2.586061,3.174683,3.450459,3.323102
2450,47.420000,0.100997,0.835002,-0.904685,-0.136175,0.372184,-0.053775,1.029646,1.271578,-0.883061,-1.144687,1.526318,-0.843209,2.691079,3.352271,3.361804,3.489335
2451,47.440000,0.052465,0.854061,-0.885722,-0.171703,0.418655,-0.035746,1.019922,1.217065,-0.858872,-1.168214,1.539751,-0.853864,2.749653,3.493244,3.230724,3.533501
2452,47.460000,-0.086732,0.838460,-0.952267,-0.191505,0.331277,-0.094780,0.979638,1.225033,-0.945742,-1.108909,1.497416,-0.931336,2.775423,3.490549,3.165858,3.452272
2453,47.480000,-0.082550,0.919849,-0.875752,-0.125782,0.477924,0.127537,0.966406,1.211782,-0.858817,-1.154449,1.562498,-0.747690,2.768646,3.554093,3.142983,3.558639
2454,47.500000,-0.120903,1.008516,-0.854105,-0.152311,0.509260,0.144541,1.061545,1.265399,-0.746056,-1.186620,1.609136,-0.632701,2.838978,3.590738,3.239240,3.652277
2455,47.520000,-0.117163,0.958714,-0.968852,-0.118239,0.512174,0.178439,1.074383,1.235761,-0.742652,-1.217407,1.597301,-0.618078,2.890828,3.504616,3.189965,3.672899
2456,47.540000,-0.168882,1.071171,-0.965542,-0.117158,0.533131,0.212944,1.183026,1.375590,-0.628181,-1.169703,1.624488,-0.486496,3.041865,3.427006,3.422163,3.813509
2457,47.560000,-0.190271,1.063118,-1.011681,-0.093064,0.513670,0.232045,1.195204,1.432445,-0.655620,-1.158858,1.670909,-0.390873,3.136251,3.368849,3.545124,3.906723
2458,47.580000,-0.236341,1.064692,-1.072980,-0.122156,0.470483,0.075756,1.276163,1.522506,-0.602907,-1.193828,1.641710,-0.407822,3.203920,3.316895,3.597317,3.916487
2459,47.600000,-0.159173,1.078598,-1.056366,-0.080917,0.562170,0.212191,1.203261,1.431412,-0.634520,-1.158211,1.788167,-0.365011,3.156079,3.367178,3.356916,4.014539
2460,47.620000,-0.172878,1.107475,-1.074274,-0.079078,0.549515,0.265605,1.287331,1.455391,-0.445498,-1.225029,1.795297,-0.328734,3.018748,3.365494,3.102123,4.002153
2461,47.640000,-0.144083,0.989123,-1.132426,-0.071295,0.471661,0.256595,1.225542,1.309826,-0.626280,-1.207330,1.707064,-0.574738,2.791340,3.264875,2.650638,3.707690
2462,47.660000,-0.128853,1.006930,-1.101945,-0.049820,0.465822,0.314065,1.188368,1.224357,-0.753431,-1.098690,1.691664,-0.651233,2.633235,3.248382,2.424085,3.552957
2463,47.680000,-0.168160,1.049427,-1.028309,-0.075418,0.412267,0.291684,1.246865,1.246137,-0.740963,-1.081387,1.675816,-0.652306,2.604211,3.241148,2.467706,3.444813
2464,47.700000,-0.181774,0.996095,-1.031925,-0.135413,0.309083,0.079525,1.202410,1.292349,-1.046193,-0.973407,1.604201,-0.880956,2.742304,3.218362,2.728730,3.425912
2465,47.720000,-0.082283,1.090803,-0.910418,-0.137116,0.371020,0.108919,1.170104,1.360742,-1.084113,-0.988497,1.690049,-0.640690,2.933749,3.238579,3.171973,3.647831
2466,47.740000,-0.067564,1.165927,-0.863073,-0.251614,0.291311,-0.232775,1.236981,1.505491,-1.053630,-1.025127,1.717795,-0.598180,3.211735,3.116411,3.656531,3.641458
2467,47.760000,-0.069180,1.218247,-0.911529,-0.366314,0.228758,-0.437824,1.352849,1.691630,-0.906460,-1.107862,1.724519,-0.491510,3.389019,2.857589,4.066236,3.510816
2468,47.780000,0.027988,1.227826,-0.984719,-0.384297,0.289866,-0.323520,1.364298,1.737552,-0.765335,-1.233924,1.832249,-0.436995,3.314814,2.805900,4.078364,3.545568
2469,47.800000,0.232068,1.143048,-1.056700,-0.408167,0.306436,-0.270758,1.235330,1.615030,-0.851215,-1.342131,1.846411,-0.643048,2.992175,2.698402,3.628339,3.505116
2470,47.820000,0.265438,1.250237,-1.009443,-0.517730,0.342426,-0.198379,1.311771,1.704028,-0.639426,-1.380524,1.855300,-0.706293,2.826077,2.684625,3.395509,3.547607
2471,47.840000,0.300104,1.217767,-1.050238,-0.500944,0.405943,-0.162605,1.187340,1.652643,-0.775508,-1.370264,1.912644,-0.811267,2.801216,2.764912,3.150009,3.687167
2472,47.860000,0.306638,1.299135,-1.037412,-0.519911,0.437039,-0.080731,1.283771,1.689894,-0.648573,-1.438953,1.935791,-0.684799,2.791671,2.865654,3.091171,3.881454
2473,47.880000,0.261476,1.289180,-1.056320,-0.563175,0.455323,-0.174701,1.281369,1.696804,-0.762483,-1.388934,1.921862,-0.720695,2.911201,2.931214,3.082704,3.884230
2474,47.900000,0.202406,1.363728,-1.021256,-0.614743,0.476881,-0.314113,1.331798,1.755718,-0.805337,-1.363021,1.937438,-0.674027,3.098912,2.931146,3.332306,3.868675
2475,47.920000,0.174266,1.359356,-1.005798,-0.648578,0.444210,-0.392664,1.384974,1.778862,-0.699432,-1.442969,1.917992,-0.582163,3.111248,2.859114,3.408945,3.693785
2476,47.940000,0.191547,1.386382,-0.984641,-0.684667,0.482199,-0.425286,1.398846,1.813137,-0.702695,-1.438179,1.923901,-0.550906,3.141076,2.793501,3.472364,3.566141
2477,47.960000,0.227593,1.393996,-0.965812,-0.725180,0.473822,-0.468698,1.370659,1.805771,-0.725294,-1.463266,1.910144,-0.591117,3.157064,2.695105,3.505588,3.440459
2478,47.980000,0.272753,1.390802,-0.918572,-0.765828,0.458549,-0.430563,1.350577,1.787373,-0.677420,-1.508360,1.852931,-0.651521,3.039956,2.618137,3.414315,3.318276
2479,48.000000,0.269590,1.309724,-0.989989,-0.729886,0.416685,-0.471883,1.232859,1.731485,-0.874314,-1.420222,1.790076,-0.873148,2.957673,2.583671,3.256309,3.213794
2480,48.020000,0.210921,1.283452,-1.002801,-0.725957,0.343120,-0.501259,1.173085,1.674829,-0.985911,-1.452371,1.650841,-0.965397,2.795798,2.537983,3.173910,2.986039
2481,48.040000,0.307318,1.279354,-0.930989,-0.709723,0.416181,-0.346243,1.099573,1.594134,-1.044683,-1.488428,1.662844,-0.913061,2.665721,2.624056,3.040848,2.977475
2482,48.060000,0.324613,1.295070,-0.908494,-0.743381,0.419653,-0.375855,1.052814,1.601455,-1.155433,-1.407979,1.701921,-0.999040,2.787170,2.692316,3.057296,3.115898
2483,48.080000,0.206767,1.225682,-1.027213,-0.761177,0.319522,-0.496827,1.025674,1.574706,-1.216885,-1.383216,1.577150,-1.161135,2.806398,2.626158,3.068852,3.022661
2484,48.100000,0.242506,1.269136,-0.983990,-0.733261,0.429703,-0.407218,1.017062,1.570215,-1.127114,-1.406042,1.668841,-1.021490,2.869230,2.691283,3.106963,3.178128
2485,48.120000,0.219106,1.302642,-0.985579,-0.738206,0.417724,-0.465905,1.048755,1.585780,-1.079370,-1.434918,1.691760,-0.965846,2.950205,2.726487,3.182320,3.218103
2486,48.140000,0.060970,1.298536,-1.037222,-0.736199,0.373796,-0.636635,0.997972,1.635666,-1.188219,-1.370419,1.611504,-1.012893,3.133142,2.719565,3.388476,3.172915
2487,48.160000,0.123155,1.332010,-0.988430,-0.703301,0.465593,-0.581397,1.015013,1.606226,-1.008635,-1.456435,1.690025,-0.882718,3.130937,2.732637,3.375419,3.275252
2488,48.180000,0.090703,1.394193,-0.960060,-0.733801,0.474633,-0.648801,1.094465,1.696754,-0.832813,-1.514053,1.730440,-0.727597,3.240599,2.730457,3.447242,3.292426
2489,48.200000,0.102552,1.320573,-1.105446,-0.622144,0.504621,-0.624581,0.939136,1.602716,-1.063009,-1.527569,1.734197,-0.763688,3.228210,2.723692,3.341439,3.345828
2490,48.220000,0.088110,1.473269,-0.966847,-0.696269,0.569256,-0.671430,1.054236,1.754734,-0.837079,-1.513055,1.819075,-0.571465,3.455275,2.754307,3.565402,3.529862
2491,48.240000,0.071769,1.439911,-1.013831,-0.704430,0.559343,-0.752904,0.989953,1.740804,-0.920092,-1.465010,1.839531,-0.649434,3.581774,2.784859,3.585321,3.592766
2492,48.260000,0.096853,1.396818,-1.103871,-0.663764,0.552541,-0.727884,1.024611,1.699015,-0.884742,-1.524908,1.814618,-0.628586,3.437144,2.718380,3.390347,3.589862
2493,48.280000,0.115631,1.433297,-1.111912,-0.684523,0.557273,-0.731345,1.023394,1.678674,-0.970867,-1.477200,1.818517,-0.677213,3.317003,2.651595,3.235447,3.471238
2494,48.300000,0.137312,1.452576,-1.045200,-0.731273,0.553194,-0.705388,1.047979,1.679874,-0.935033,-1.520635,1.793695,-0.643363,3.224193,2.575917,3.206168,3.365832
2495,48.320000,0.161156,1.407501,-1.022053,-0.754275,0.525918,-0.714644,1.033932,1.667440,-1.011951,-1.422989,1.769835,-0.795819,3.187910,2.507997,3.131459,3.296669
2496,48.340000,0.189041,1.390289,-1.047390,-0.710018,0.523705,-0.718128,0.952629,1.606346,-1.154553,-1.412531,1.709837,-0.866742,3.076674,2.490232,3.037217,3.274828
2497,48.360000,0.203599,1.403552,-1.030561,-0.676256,0.514986,-0.706943,0.935981,1.571219,-1.203001,-1.402463,1.680277,-0.869463,3.012099,2.503222,2.991240,3.248551
2498,48.380000,0.107981,1.452538,-0.964636,-0.741875,0.480543,-0.817397,0.991461,1.678814,-1.156863,-1.353924,1.637143,-0.877551,3.168173,2.464498,3.170318,3.135953
2499,48.400000,0.101131,1.487376,-0.970683,-0.750240,0.516175,-0.838164,1.024491,1.757434,-1.116743,-1.356036,1.673822,-0.850992,3.377177,2.451123,3.397357,3.162526
2500,48.420000,0.151778,1.511078,-0.981624,-0.740398,0.565736,-0.852048,1.044852,1.793856,-0.926311,-1.469531,1.713683,-0.758469,3.424226,2.454438,3.408226,3.306739
2501,48.440000,0.170117,1.558004,-0.983458,-0.757850,0.601706,-0.849078,1.063210,1.821598,-0.764965,-1.522592,1.754173,-0.743871,3.446666,2.471337,3.350780,3.420577
2502,48.460000,0.137846,1.563187,-1.006222,-0.740201,0.620097,-0.921134,1.079144,1.827902,-0.633963,-1.578893,1.780637,-0.701905,3.475054,2.452261,3.297112,3.501312
2503,48.480000,0.077492,1.530079,-1.039448,-0.706451,0.629638,-0.977010,1.046810,1.832153,-0.656456,-1.467831,1.783679,-0.777284,3.505237,2.436256,3.220744,3.531221
2504,48.500000,0.035950,1.520225,-1.054523,-0.616950,0.635821,-1.018359,0.947660,1.763695,-0.810062,-1.464116,1.733375,-0.752599,3.457597,2.450534,3.132815,3.508845
2505,48.520000,0.024388,1.580244,-0.989750,-0.608577,0.681302,-1.048514,0.981955,1.762352,-0.868508,-1.425261,1.780818,-0.689659,3.490974,2.422769,3.173205,3.469113
2506,48.540000,0.077733,1.567422,-1.049689,-0.581650,0.689307,-1.024693,0.885669,1.654173,-1.154513,-1.382119,1.766960,-0.772029,3.402178,2.382508,3.041113,3.414268
2507,48.560000,0.041548,1.644920,-0.997576,-0.575481,0.746771,-0.995044,0.874405,1.695366,-1.151926,-1.389639,1.784002,-0.672905,3.390956,2.358453,3.124012,3.483657
2508,48.580000,0.033644,1.634945,-0.992144,-0.607667,0.743757,-1.015773,0.872100,1.735148,-1.224334,-1.260939,1.819064,-0.799438,3.452192,2.370239,3.241646,3.574535
2509,48.600000,0.020016,1.564393,-1.146829,-0.523326,0.780992,-1.065591,0.813367,1.638041,-1.353190,-1.230875,1.771420,-0.910788,3.283777,2.280101,3.119448,3.579950
2510,48.620000,-0.011584,1.648915,-1.080954,-0.600268,0.786951,-1.078891,0.850576,1.722975,-1.372426,-1.179456,1.785662,-0.966202,3.281334,2.208621,3.231251,3.535240
2511,48.640000,-0.081532,1.601691,-1.228913,-0.531468,0.773836,-1.165754,0.850185,1.650749,-1.391993,-1.222159,1.689581,-1.107043,3.018815,2.031027,3.046280,3.316473
2512,48.660000,0.036616,1.562707,-1.242388,-0.544226,0.837084,-1.040957,0.741403,1.630255,-1.501503,-1.139238,1.785209,-1.161100,2.741312,2.019676,2.693958,3.378604
2513,48.680000,-0.149689,1.697389,-1.358255,-0.399842,1.094562,-1.252419,0.670067,1.542764,-1.661749,-1.038202,1.657200,-1.495800,2.302081,1.624542,2.493120,3.246737
2514,48.700000,-0.195444,1.756613,-1.324507,-0.370338,1.218378,-1.333260,0.574764,1.533056,-1.771267,-0.806287,1.682895,-1.628448,2.125534,1.352392,2.475353,3.300377
2515,48.720000,-0.208175,1.862458,-1.318933,-0.296492,1.368964,-1.374913,0.505046,1.561594,-1.895154,-0.696279,1.643603,-1.653561,2.160292,1.208604,2.667321,3.403913
2516,48.740000,-0.144468,1.921329,-1.300899,-0.310770,1.465145,-1.416985,0.539417,1.593901,-1.913248,-0.641601,1.707083,-1.707864,2.268984,1.211727,2.869892,3.541998
2517,48.760000,-0.080728,2.018058,-1.331841,-0.315926,1.558184,-1.427600,0.564309,1.614595,-1.923618,-0.603548,1.737180,-1.758787,2.299972,1.219687,3.019192,3.626856
2518,48.780000,-0.050557,2.190763,-1.336930,-0.319006,1.729254,-1.371144,0.659436,1.661517,-1.821123,-0.717112,1.806780,-1.724556,2.322058,1.309061,3.183941,3.799966
2519,48.800000,0.029880,2.291277,-1.350854,-0.364041,1.793853,-1.370927,0.773011,1.702974,-1.785507,-0.784937,1.945176,-1.591451,2.433514,1.481643,3.316566,3.982173
2520,48.820000,0.102653,2.400299,-1.332506,-0.412992,1.892576,-1.360239,0.837114,1.752866,-1.748962,-0.914252,2.075587,-1.443938,2.517497,1.658196,3.455812,4.176841
2521,48.840000,0.201639,2.593650,-1.225159,-0.476236,2.022153,-1.284402,1.040095,1.823281,-1.522285,-1.106095,2.227523,-1.257566,2.689787,1.827260,3.667933,4.472500
2522,48.860000,0.250060,2.794800,-1.040582,-0.569356,2.134199,-1.181813,1.263390,1.935724,-1.212963,-1.318500,2.354478,-1.021234,2.880711,1.966728,3.992318,4.771369
2523,48.880000,0.415281,2.910761,-0.792085,-0.668489,2.157481,-0.989497,1.459138,2.046861,-1.016541,-1.522159,2.528181,-0.719127,3.184651,2.274247,4.418302,5.284615
2524,48.900000,0.616774,3.050668,-0.445928,-0.696676,2.197973,-0.765141,1.718977,2.177878,-0.716368,-1.764951,2.713473,-0.353020,3.449336,2.517615,4.875621,5.821942
2525,48.920000,0.761303,3.087763,-0.161497,-0.599056,2.245731,-0.483491,1.884105,2.223150,-0.583320,-1.929432,2.838368,-0.057903,3.519473,2.607857,5.154678,6.115292
2526,48.940000,0.804867,3.060528,0.049282,-0.456125,2.181166,-0.281841,2.052234,2.284529,-0.494850,-2.007056,2.930470,0.226342,3.529351,2.607584,5.413778,6.134811
2527,48.960000,0.847327,3.041917,0.138107,-0.218201,2.177410,-0.018281,2.164744,2.354918,-0.332726,-2.117239,3.056810,0.542950,3.535944,2.714939,5.536047,6.179831
2528,48.980000,0.777278,2.883268,0.065260,-0.018448,2.077469,-0.042501,2.254631,2.550470,-0.075990,-2.116515,3.293452,0.797354,3.744868,2.959872,5.714285,6.258248
2529,49.000000,0.698985,2.705747,-0.055240,0.220224,1.960378,0.002462,2.199013,2.639345,-0.128089,-2.137637,3.047940,0.603910,3.642739,3.235421,5.551176,6.113990
2530,49.020000,0.586291,2.474886,-0.132434,0.357371,1.836192,0.135591,2.269291,2.675634,0.096932,-1.988797,3.422781,0.822254,3.687829,3.617641,5.416339,6.147406
2531,49.040000,0.281412,2.230091,-0.155358,0.490300,1.689201,0.039521,2.318282,2.970509,0.383628,-1.890383,3.646450,0.936230,3.879423,4.110550,5.413075,6.232060
2532,49.060000,-0.162363,1.748435,-0.260974,0.693134,1.327684,-0.042046,2.346527,3.250708,0.780387,-1.805161,3.884470,1.052306,4.064607,4.723975,5.649970,6.027142
2533,49.080000,-0.977040,1.105914,-0.899460,1.415327,0.691329,-0.557679,2.082258,3.797244,1.145460,-1.411866,4.802896,1.572397,4.199424,5.704057,5.659705,5.304717
2534,49.100000,-2.025424,0.369752,-1.623223,2.345886,-0.294180,-1.482210,1.364457,4.301075,1.478594,-0.859326,5.966113,1.731661,3.731350,6.744751,5.459002,3.348300
2535,49.120000,-2.690367,0.213630,-2.270072,3.129282,-0.706229,-2.539737,0.532514,4.941440,1.391522,-0.475236,6.752395,1.895980,2.964059,7.987724,5.531435,1.331430
2536,49.140000,-2.103549,0.247218,-2.560873,3.307235,-0.830703,-2.939352,-0.036407,5.175289,1.106951,-0.531161,6.891165,2.344019,2.209869,8.846061,5.157300,-0.248094
2537,49.160000,-0.984515,-0.024606,-2.325511,2.869663,-0.835039,-2.661857,0.006195,5.380898,1.001283,-0.958300,6.279243,2.680997,2.055979,9.061618,4.476332,-1.236708
2538,49.180000,-0.412809,-0.207313,-1.924016,2.492884,-0.566531,-2.000905,0.454651,5.649808,1.201606,-1.490846,5.142712,2.880662,2.473033,9.173434,3.772447,-1.052844
2539,49.200000,-0.551539,-0.157350,-1.623639,2.450604,-0.033675,-1.697953,0.736006,5.727938,1.397407,-1.868982,4.663703,3.253119,3.190727,9.212029,3.545244,0.387809
2540,49.220000,-0.948986,-0.005211,-1.565299,2.445373,0.288631,-1.648806,0.995851,5.621534,1.283981,-1.927534,4.302085,3.269535,3.897229,8.744515,3.646459,2.065673
2541,49.240000,-1.406890,0.226872,-1.589131,2.163097,0.371388,-1.709529,1.475043,5.220662,1.297076,-1.841187,3.905522,2.876159,4.525411,7.876170,3.976566,3.396979
2542,49.260000,-1.988834,0.526742,-1.639238,1.667197,0.519524,-1.608395,2.054448,4.861434,1.365879,-1.524419,2.968086,2.148217,5.203970,6.639448,4.747165,4.461336
2543,49.280000,-2.160379,0.848678,-1.321285,1.202818,0.774236,-1.651431,2.470052,4.267148,1.485403,-1.582784,2.505441,2.009966,5.846242,5.571814,5.775126,6.148023
2544,49.300000,-1.744753,1.309491,-0.903446,0.555949,0.868220,-1.513116,2.539845,3.661525,1.656417,-1.696014,1.821654,2.054461,6.021743,4.574606,6.432362,7.173696
2545,49.320000,-0.562024,1.636657,-0.008681,-0.324159,0.733443,-1.020502,2.276932,2.813020,1.504797,-1.861787,1.228077,1.929114,5.679214,3.221322,6.511631,7.235267
2546,49.340000,0.998113,1.479924,1.273243,-1.270910,0.379918,-0.396688,1.709708,1.954777,0.797644,-1.671232,0.824301,1.418573,5.340409,1.734232,6.031271,6.967007
2547,49.360000,1.862878,0.561237,1.049760,-1.586510,-0.097441,0.019872,0.894546,1.709668,-0.004436,-1.022950,0.546641,0.801419,4.185342,0.579487,5.445681,6.644357
2548,49.380000,2.865685,0.032683,1.472631,-1.072974,-0.421941,-0.430545,0.086967,1.126966,-0.723307,-1.379418,0.891318,0.992496,2.168000,1.509171,5.261600,7.351398
2549,49.400000,3.652174,-0.641021,1.384794,-1.166946,-0.511027,-0.369488,-0.341534,0.927130,-0.805668,-1.200123,0.925405,1.048826,1.080780,2.383337,5.545720,7.745136
2550,49.420000,3.911099,-1.262874,0.992634,-1.711088,-0.642678,-0.268914,-0.932763,0.767345,-1.296221,-0.142023,-0.028583,0.437996,0.989296,1.976322,6.480984,8.122294
2551,49.440000,3.573657,-1.903366,-0.169266,-2.018839,-0.749728,-0.327614,-1.311145,0.794870,-1.623662,0.336524,-0.696389,-0.208506,0.970632,1.381146,6.990602,8.707782
2552,49.460000,2.070889,-2.901053,-0.874348,-2.582984,-1.660687,-1.093229,-0.823973,1.776719,-1.563065,0.939836,0.185908,-0.263493,2.991831,1.548465,7.080770,9.502247
2553,49.480000,2.046431,-2.661656,-1.362756,-2.255027,-1.119594,-0.655629,-0.772111,2.369385,-0.630444,0.330852,1.480583,-0.085967,3.836313,2.935801,7.051642,9.160058
2554,49.500000,2.457373,-1.861351,-1.027075,-1.872549,-0.955726,-0.277818,-1.074919,2.625298,-0.541147,-0.184412,1.824272,0.078573,3.138345,3.625156,6.165689,7.636245
2555,49.520000,2.580007,-1.628631,-1.013148,-1.890161,-0.986736,-0.446822,-1.318025,2.756732,-0.555228,-0.382852,1.443845,-0.187496,1.702642,2.604315,5.104980,5.917569
2556,49.540000,2.632429,-1.673529,-1.038363,-2.036609,-1.289614,-0.381780,-1.231201,2.733472,-0.701063,-0.360343,1.312100,-0.673713,-0.099977,1.240498,3.859831,4.762666
2557,49.560000,2.511796,-1.829048,-1.074188,-2.100276,-1.605569,-0.519065,-1.101445,2.680576,-0.815178,-0.270662,1.353688,-0.866784,-1.356766,0.396396,3.049952,4.352099
2558,49.580000,2.307262,-1.995512,-1.224120,-2.135437,-1.850215,-0.668027,-0.962571,2.714559,-0.836136,-0.128924,1.463339,-0.897661,-1.924171,0.149935,2.758823,4.314897
2559,49.600000,2.191642,-2.021345,-1.305570,-2.094748,-1.973067,-0.906399,-0.882332,2.753138,-0.808489,0.020185,1.601661,-0.829139,-1.948543,0.321060,2.739305,4.323096
2560,49.620000,2.055919,-1.976571,-1.402988,-2.059642,-1.922974,-1.239364,-0.864037,2.766673,-0.807683,0.193163,1.658334,-0.701448,-1.633748,0.619355,2.795360,4.290791
2561,49.640000,1.948988,-1.785695,-1.456729,-2.005124,-1.815229,-1.528040,-0.847675,2.676008,-0.844534,0.353739,1.640748,-0.621806,-1.161031,0.880656,2.831919,4.196799
2562,49.660000,1.795795,-1.532784,-1.478726,-1.911099,-1.670187,-1.771447,-0.832446,2.483096,-0.917627,0.452850,1.564859,-0.557826,-0.770579,1.026785,2.730489,3.971523
2563,49.680000,1.573377,-1.269385,-1.531253,-1.759485,-1.558968,-1.760713,-0.850487,2.259020,-1.007442,0.623894,1.419098,-0.541528,-0.509990,1.034685,2.522413,3.608539
2564,49.700000,1.413653,-1.113880,-1.567135,-1.686549,-1.534909,-1.790619,-0.863546,2.042509,-1.096703,0.770666,1.257392,-0.557803,-0.206340,1.022547,2.352424,3.319910
2565,49.720000,1.435806,-1.118433,-1.588580,-1.740729,-1.583656,-1.845718,-0.820420,1.835298,-1.186235,0.819468,1.098303,-0.604964,-0.101656,0.958517,2.183910,3.060120
2566,49.740000,1.456933,-1.170647,-1.663337,-1.790687,-1.579319,-1.758854,-0.825128,1.661597,-1.244301,0.889513,0.899571,-0.696374,-0.222870,0.736044,1.948065,2.771047
2567,49.760000,1.450363,-1.220244,-1.724721,-1.773027,-1.567338,-1.606988,-0.779668,1.538092,-1.276026,0.909289,0.723505,-0.763153,-0.466567,0.388726,1.734707,2.437239
2568,49.780000,1.396348,-1.229565,-1.864868,-1.744395,-1.632493,-1.484087,-0.760740,1.440081,-1.344768,1.044187,0.535088,-0.885184,-0.878972,-0.090970,1.363018,1.937766
2569,49.800000,1.530460,-1.306545,-1.977156,-1.833562,-1.867434,-1.421775,-0.607723,1.360746,-1.452134,1.086639,0.419744,-0.988784,-1.246521,-0.756099,0.984875,1.420010
2570,49.820000,1.674885,-1.366466,-2.097767,-1.844856,-1.970371,-1.379823,-0.512309,1.346295,-1.431882,1.063462,0.360896,-1.018284,-1.264935,-1.023852,0.862742,1.208559
2571,49.840000,1.812483,-1.322137,-2.145613,-1.809390,-1.988414,-1.451958,-0.450632,1.328608,-1.370393,0.975948,0.307005,-0.992430,-1.173094,-1.105839,0.837498,1.047472
2572,49.860000,2.008791,-1.217713,-2.176117,-1.719871,-1.940409,-1.522318,-0.371001,1.238257,-1.351694,0.809116,0.288493,-0.947114,-1.049281,-1.192453,0.711079,0.814888
2573,49.880000,2.178404,-1.073986,-2.221705,-1.571206,-1.847703,-1.575211,-0.325632,1.118670,-1.364378,0.677524,0.265839,-0.904757,-1.017557,-1.443763,0.410055,0.445275
2574,49.900000,2.344527,-0.903891,-2.268589,-1.382223,-1.678242,-1.658705,-0.266190,0.947442,-1.395215,0.512148,0.292237,-0.858437,-1.078167,-1.699386,0.007647,0.048739
2575,49.920000,2.464374,-0.724598,-2.286161,-1.200991,-1.569296,-1.684870,-0.183824,0.773131,-1.414158,0.366536,0.282162,-0.822367,-1.210585,-1.997365,-0.379381,-0.418508
2576,49.940000,2.614069,-0.590178,-2.049412,-1.153642,-1.679681,-0.956827,-0.044456,0.757183,-1.450644,0.265062,0.152729,-0.718055,-1.349394,-2.438284,-0.422855,-0.915362
2577,49.960000,3.197732,-0.533296,-1.646009,-1.147732,-1.502390,-0.249091,-0.255096,0.837748,-1.697063,0.218315,0.097286,-0.703236,-1.353640,-2.625367,-0.253413,-1.097075
2578,49.980000,3.617290,-0.328498,-1.447023,-0.986937,-1.287164,-0.079285,-0.376319,0.852199,-1.922588,0.090105,0.082277,-0.720656,-1.515795,-2.614297,-0.275079,-1.227425
2579,50.000000,3.911400,-0.085231,-1.439760,-0.835899,-1.098828,0.012161,-0.383964,0.892404,-2.006394,-0.069666,0.099296,-0.707854,-1.614330,-2.469968,-0.301656,-1.182519
2580,50.020000,4.038199,0.233412,-1.423187,-0.736604,-0.977188,-0.129115,-0.241191,0.899253,-2.002006,-0.195199,0.146488,-0.647354,-1.657595,-2.335738,-0.383281,-1.153106
2581,50.040000,4.104930,0.475380,-1.369567,-0.620502,-0.793896,-0.270600,-0.012731,0.880746,-1.905486,-0.350915,0.186758,-0.553227,-1.689746,-2.156918,-0.534034,-1.065302
2582,50.060000,3.919186,0.815831,-1.190675,-0.542074,-0.549372,-0.864200,0.295602,0.921430,-1.711522,-0.409862,0.332741,-0.544079,-1.359306,-1.760811,-0.484855,-0.624660
2583,50.080000,3.627071,0.983109,-1.223272,-0.321271,-0.377805,-1.011738,0.737658,0.955734,-1.449611,-0.659395,0.449790,-0.366743,-1.404484,-1.611347,-0.740120,-0.497587
2584,50.100000,3.167401,1.175517,-1.277331,-0.068489,-0.124114,-1.133216,1.182524,1.042604,-1.070284,-0.772776,0.604193,-0.265759,-1.315453,-1.472503,-0.902723,-0.380686
2585,50.120000,2.684649,1.332116,-1.392537,0.211143,0.066803,-1.253376,1.546290,1.097464,-0.749633,-0.789729,0.794076,-0.287608,-1.070574,-1.230250,-0.987114,0.020729
2586,50.140000,2.107286,1.479183,-1.365803,0.432069,0.174612,-1.241347,2.055784,1.255541,-0.128078,-0.791039,0.960413,-0.340497,-0.749062,-1.118469,-1.102015,0.405989
2587,50.160000,1.321014,1.684889,-1.338828,0.716148,0.331543,-1.286906,2.490791,1.462154,0.296896,-0.671126,1.209368,-0.256147,-0.116236,-0.990632,-0.935630,0.695537
2588,50.180000,0.327739,1.833065,-1.562450,1.126360,0.456032,-1.391736,2.840298,1.664104,0.581775,-0.465201,1.452897,-0.204124,0.540087,-0.806309,-0.738467,0.998080
2589,50.200000,-0.291800,1.942374,-1.612746,1.333112,0.529895,-1.544184,3.121513,1.819820,1.043945,-0.376893,1.689811,-0.064436,0.969661,-0.692605,-0.810020,1.174847
2590,50.220000,-0.450958,1.934543,-1.598568,1.330675,0.568510,-1.633372,3.249748,1.887987,1.231659,-0.350295,1.801721,-0.075696,1.065361,-0.757972,-0.958681,1.081040
2591,50.240000,-0.472192,1.894575,-1.553539,1.419322,0.572465,-1.624015,3.018978,1.926394,1.203492,-0.333993,1.910936,0.248924,0.991001,-0.945253,-1.022229,0.797585
2592,50.260000,-0.315838,1.986834,-1.378247,1.413314,0.657126,-1.689761,2.724495,1.930153,1.111508,-0.265299,1.989533,0.443341,1.038901,-1.047130,-1.000395,0.607030
2593,50.280000,-0.067981,2.037078,-1.251587,1.335357,0.644358,-1.655033,2.436280,1.884026,0.941027,-0.202742,2.035384,0.500932,0.935424,-1.173927,-1.119557,0.462547
2594,50.300000,0.148004,2.031669,-1.215327,1.265898,0.623244,-1.446165,2.261614,1.747970,0.676693,-0.168254,1.987548,0.516160,0.699344,-1.282835,-1.328934,0.289152
2595,50.320000,0.358666,2.003589,-1.184886,1.204340,0.598039,-1.117169,2.056569,1.520011,0.180939,-0.113259,1.869950,0.412453,0.380201,-1.326485,-1.447263,0.067001
2596,50.340000,0.546950,1.937858,-1.155148,1.112015,0.501998,-0.785408,1.931924,1.280053,-0.342830,-0.069801,1.665643,0.269873,-0.027020,-1.374418,-1.532709,-0.273934
2597,50.360000,0.707409,1.821631,-1.179514,1.062973,0.389275,-0.445137,1.807859,1.036695,-0.938247,0.024389,1.408660,0.055105,-0.525761,-1.471557,-1.634228,-0.691099
2598,50.380000,0.791441,1.680580,-1.219085,1.043821,0.348040,-0.292088,1.669762,0.941760,-1.258670,0.076552,1.209660,-0.167328,-0.727602,-1.385751,-1.504570,-0.752447
2599,50.400000,0.673158,1.641866,-1.239153,1.045833,0.505176,-0.545468,1.521787,1.049584,-1.308931,0.101133,1.173000,-0.373715,-0.312992,-0.786908,-0.935828,-0.171977
2600,50.420000,0.289032,1.727314,-1.369770,1.094525,0.684811,-0.950381,1.593653,1.273654,-0.992299,0.011495,1.338520,-0.292848,0.550229,0.033911,-0.057639,0.769007
2601,50.440000,-0.102562,1.828383,-1.557373,1.087550,0.792154,-1.376546,1.729798,1.525818,-0.496612,-0.108790,1.666418,-0.086454,1.324443,0.685543,0.604853,1.583900
2602,50.460000,-0.422554,1.948631,-1.609271,1.049134,0.887192,-1.709957,1.868154,1.795580,0.089002,-0.324939,2.090500,0.224304,2.029204,1.180863,1.304672,2.169752
2603,50.480000,-0.473206,1.884864,-1.639499,0.926944,0.877735,-1.890039,1.876088,2.138068,0.447636,-0.470283,2.360237,0.480451,2.564029,1.338041,2.072808,2.326864
2604,50.500000,-0.494758,1.894070,-1.538695,0.849059,0.895393,-2.010326,1.816225,2.442762,0.734301,-0.643860,2.458116,0.571974,2.956342,1.287301,2.660645,2.221477
2605,50.520000,-0.457343,1.923970,-1.471370,0.829492,0.960011,-2.013180,1.803898,2.670236,1.034337,-0.877289,2.624458,0.832191,3.086037,1.159169,2.885359,2.099029
2606,50.540000,-0.400803,1.894436,-1.435126,0.790537,0.983036,-2.054728,1.730975,2.878910,1.137018,-1.010660,2.686090,0.876195,3.128037,0.949842,2.869567,1.975539
2607,50.560000,-0.309099,1.878345,-1.421517,0.747630,1.056507,-2.003441,1.591272,2.882195,1.027284,-1.075472,2.656349,0.838781,3.071081,0.812263,2.700089,1.997093
2608,50.580000,-0.216731,1.924803,-1.350575,0.668445,1.034109,-1.939896,1.501280,2.746379,0.867938,-1.127354,2.266980,0.362263,2.569987,0.499302,2.011004,1.709058
2609,50.600000,0.153933,1.873646,-1.378187,0.364718,0.984914,-1.686533,1.432065,2.263205,-0.114174,-0.777368,2.169803,0.235662,1.736252,-0.002180,1.162021,1.087555
2610,50.620000,0.394783,1.929538,-1.334930,0.303442,0.717002,-1.044169,1.405755,1.605169,-1.004182,-0.646149,1.976301,0.160364,0.627119,-0.615111,0.230560,0.199579
2611,50.640000,0.699998,1.775687,-1.307371,0.223631,0.515456,-0.396632,1.117404,1.240039,-1.725952,-0.339563,1.739976,-0.271028,0.124802,-0.826313,-0.071877,-0.105359
2612,50.660000,0.921275,1.570622,-1.344909,0.166715,0.218302,0.001850,0.839938,1.076499,-2.279384,-0.057832,1.569802,-0.697110,-0.136758,-1.019956,0.040872,-0.109499
2613,50.680000,1.067111,1.402609,-1.396184,0.132628,0.037553,0.129354,0.599574,1.035666,-2.567004,0.121032,1.406422,-0.998808,-0.255122,-1.127243,0.189223,0.053622
2614,50.700000,1.193189,1.329669,-1.379614,0.025659,-0.025440,-0.097570,0.430945,1.090924,-2.656386,0.220787,1.376546,-1.219736,-0.107602,-0.991167,0.497085,0.370082
2615,50.720000,1.344870,1.325827,-1.345418,-0.064121,-0.034859,-0.459170,0.422115,1.166558,-2.594693,0.095519,1.371632,-1.291539,0.120798,-0.761756,0.812506,0.705027
2616,50.740000,1.519350,1.351343,-1.209143,-0.217499,0.057747,-0.898141,0.499008,1.276161,-2.433519,-0.073252,1.473067,-1.255660,0.522534,-0.342104,1.194564,1.119687
2617,50.760000,1.520139,1.433888,-1.126297,-0.256853,0.166168,-1.313101,0.788972,1.335050,-2.168159,-0.386629,1.541111,-1.175671,0.847668,0.026067,1.513859,1.364797
2618,50.780000,1.280991,1.568270,-0.982760,-0.269943,0.459247,-1.711120,1.096401,1.514770,-1.653617,-0.632988,1.747016,-1.048534,1.462281,0.724959,1.958418,1.871783
2619,50.800000,0.589467,1.805551,-0.818891,0.000110,0.873738,-2.090413,1.146250,1.961724,-0.506475,-0.828397,1.912327,-1.097016,2.412860,1.583442,2.426337,2.780879
2620,50.820000,-0.121857,2.124212,-0.728336,0.440133,1.187811,-2.120575,1.323318,2.424577,0.553240,-1.055039,2.118903,-1.070370,3.136400,1.904459,2.792211,3.506989
2621,50.840000,-0.619964,2.356276,-0.736036,0.878355,1.459308,-2.076312,1.339644,2.559192,0.988756,-1.305979,2.350930,-0.586490,3.572994,2.004612,2.879133,3.745611
2622,50.860000,-1.017993,2.740065,-0.262517,1.294271,1.759121,-2.059877,1.185158,3.059625,1.923704,-1.608424,2.732847,0.348149,4.464907,2.260566,3.385649,4.058389
2623,50.880000,-1.188755,2.707075,-0.087105,1.456437,1.724806,-2.137574,1.092637,3.544353,2.407317,-1.756166,2.959429,0.816282,4.958803,2.168950,3.733406,3.875399
2624,50.900000,-1.177265,2.645810,-0.253843,1.641720,1.749543,-2.146035,1.035219,3.654993,2.477613,-1.938651,3.204290,1.005537,4.897493,2.000127,3.250096,3.613006
2625,50.920000,-0.885983,2.596513,-0.290940,1.669471,1.795580,-2.108635,1.025768,4.036595,2.758640,-2.031924,3.670762,1.318272,4.926672,1.928968,2.911835,3.642797
2626,50.940000,-0.744556,2.540809,-0.491929,1.710876,1.703107,-2.062544,1.042976,4.178585,2.787416,-2.109447,3.756897,1.167544,4.639241,1.660860,2.374595,3.460587
2627,50.960000,-0.494082,2.373705,-0.655916,1.585358,1.693971,-1.903466,1.112619,3.997042,2.658162,-2.108171,3.788977,1.234485,4.243779,1.451404,1.966563,3.344737
2628,50.980000,-0.175698,2.235072,-0.737911,1.285684,1.525517,-1.771727,1.158055,3.780771,2.172311,-1.977237,3.221437,0.823634,3.619648,1.106528,1.720092,2.598179
2629,51.000000,0.060444,2.093727,-0.698199,0.954615,1.452054,-1.667368,1.114245,3.268530,1.493208,-1.809719,2.803228,0.450477,3.022940,0.850214,1.463900,1.903139
2630,51.020000,0.262593,1.962261,-0.571113,0.545603,1.296974,-1.452906,0.981232,2.726876,0.258390,-1.380801,2.411243,-0.285626,2.564614,0.780912,1.431658,1.462414
2631,51.040000,0.466977,1.917961,-0.323193,0.217561,1.182466,-1.223141,0.726585,2.208004,-0.984160,-1.026693,2.146315,-0.784417,2.460052,0.886055,1.445173,1.310882
2632,51.060000,0.548254,1.731505,-0.442750,0.045245,0.990190,-1.062228,0.429033,1.701047,-2.192627,-0.643355,1.908804,-1.418339,2.208258,0.935560,1.497471,1.169428
2633,51.080000,0.632271,1.637323,-0.524425,-0.104367,0.878203,-0.891477,0.231605,1.488476,-2.686941,-0.405807,1.837413,-1.696465,2.155077,1.054966,1.553257,1.341591
2634,51.100000,0.588497,1.498539,-0.562267,-0.254070,0.748694,-0.945213,0.018439,1.370598,-2.879013,-0.199271,1.733389,-1.887886,1.984010,1.147170,1.581625,1.443761
2635,51.120000,0.510455,1.367427,-0.554886,-0.330358,0.595221,-0.990680,-0.005485,1.313140,-2.846453,-0.210742,1.581482,-1.968132,1.759316,0.968065,1.520583,1.264274
2636,51.140000,0.502575,1.251739,-0.445138,-0.415728,0.548403,-1.113400,-0.076357,1.292440,-2.794516,-0.164203,1.564188,-2.024947,1.544870,0.762355,1.453152,1.097876
2637,51.160000,0.510297,1.157521,-0.340838,-0.475281,0.478350,-1.204695,-0.075089,1.286342,-2.708184,-0.181019,1.490591,-2.103811,1.323052,0.538029,1.433789,0.943376
2638,51.180000,0.556045,1.074129,-0.225189,-0.502944,0.507652,-1.158303,-0.039302,1.267826,-2.617982,-0.259032,1.489451,-2.110149,1.121986,0.391836,1.356367,0.898376
2639,51.200000,0.564093,1.068999,-0.246751,-0.467218,0.654282,-1.277706,-0.041439,1.258782,-2.563260,-0.315540,1.486995,-2.110444,0.951292,0.404440,1.270176,0.965813
2640,51.220000,0.571869,1.051928,-0.169394,-0.480802,0.631855,-1.360873,0.052298,1.264722,-2.457999,-0.418858,1.489190,-2.089282,0.961323,0.333439,1.208555,0.929107
2641,51.240000,0.582482,1.098131,-0.083493,-0.488754,0.715277,-1.491226,0.098510,1.293100,-2.410927,-0.435173,1.549402,-2.060934,1.194749,0.353082,1.265692,0.944619
2642,51.260000,0.509364,1.197322,-0.089349,-0.378913,0.889070,-1.598571,0.123628,1.322309,-2.347984,-0.536898,1.557323,-1.998702,1.403498,0.408818,1.351275,1.051055
2643,51.280000,0.459536,1.318964,-0.088392,-0.282649,0.997252,-1.690135,0.244751,1.354558,-2.181530,-0.724841,1.637518,-1.869836,1.664812,0.496064,1.383587,1.168201
2644,51.300000,0.371104,1.470507,-0.283687,-0.161159,1.117375,-1.799429,0.274388,1.389946,-2.091485,-0.763620,1.705307,-1.829330,1.913896,0.584601,1.419888,1.329712
2645,51.320000,0.254024,1.646832,-0.225154,-0.031887,1.322410,-1.888102,0.332393,1.487153,-1.846104,-1.045708,1.765470,-1.551816,2.144002,0.708335,1.534358,1.525508
2646,51.340000,0.197706,1.774796,-0.377077,0.045358,1.361227,-1.922491,0.469572,1.604679,-1.539257,-1.225272,1.878202,-1.359483,2.403409,0.820904,1.548620,1.695485
2647,51.360000,0.085353,1.926391,-0.384456,0.183514,1.463945,-2.055341,0.543541,1.744489,-1.105403,-1.581383,1.946323,-1.007478,2.655754,0.815982,1.539474,1.789523
2648,51.380000,0.048795,1.991788,-0.425177,0.173957,1.499216,-2.089319,0.548447,1.782534,-0.898966,-1.698709,1.983598,-0.871297,2.622721,0.647537,1.353803,1.694416
2649,51.400000,0.095827,2.016771,-0.421575,0.101335,1.533146,-2.114611,0.434857,1.725336,-0.991306,-1.579293,1.986173,-0.800324,2.358697,0.391666,0.962813,1.501577
2650,51.420000,0.219520,1.994188,-0.606860,-0.083791,1.398476,-2.024853,0.385130,1.464181,-1.492230,-1.234694,1.983000,-0.787984,1.566744,-0.201652,0.389914,0.912094
2651,51.440000,0.292327,1.888613,-0.642363,-0.217781,1.252745,-1.865561,0.248746,1.329744,-1.863793,-0.853945,1.925751,-0.790479,1.052734,-0.603399,0.276234,0.563877
2652,51.460000,0.347855,1.714296,-0.766566,-0.224653,1.060283,-1.686112,0.021478,1.234915,-2.166388,-0.469378,1.759806,-1.056130,0.586084,-0.865393,0.244306,0.439705
2653,51.480000,0.394946,1.581708,-0.884971,-0.272271,0.974698,-1.600480,-0.062962,1.181715,-2.296076,-0.234427,1.718349,-1.132105,0.286575,-1.023870,0.312747,0.413033
2654,51.500000,0.414186,1.498763,-0.958071,-0.317654,0.886781,-1.573823,-0.132937,1.186126,-2.364607,-0.031562,1.671725,-1.193692,0.165270,-1.060054,0.493323,0.486528
2655,51.520000,0.429391,1.439895,-1.028550,-0.346706,0.882382,-1.709465,-0.200122,1.226423,-2.352830,0.100743,1.657103,-1.260593,0.278470,-0.965744,0.749313,0.663563
2656,51.540000,0.397397,1.454554,-1.072734,-0.319681,0.951547,-1.898837,-0.216248,1.286564,-2.250189,0.114447,1.642134,-1.262456,0.421334,-0.830888,0.924888,0.815013
2657,51.560000,0.343169,1.479251,-1.150133,-0.252949,1.053248,-2.085938,-0.232391,1.283634,-2.135603,0.108117,1.633406,-1.272868,0.415606,-0.741326,0.824524,0.874402
2658,51.580000,0.331247,1.590893,-1.069297,-0.214522,1.128521,-2.262020,-0.141772,1.322430,-1.937410,0.019870,1.645241,-1.204533,0.471781,-0.739963,0.738030,0.835704
2659,51.600000,0.405295,1.671292,-0.916705,-0.230979,1.222969,-2.321540,-0.057178,1.362089,-1.759001,-0.072429,1.718339,-1.148390,0.646422,-0.632053,0.791148,0.937543
2660,51.620000,0.443340,1.754539,-0.803623,-0.201794,1.314286,-2.409744,-0.010296,1.434241,-1.587546,-0.139787,1.733782,-1.101162,0.859345,-0.489190,0.890931,1.082444
2661,51.640000,0.418969,1.868359,-0.741764,-0.136554,1.353217,-2.473174,0.077547,1.490291,-1.328358,-0.249767,1.731192,-1.027672,0.924354,-0.450196,0.792792,1.066961
2662,51.660000,0.406377,1.965994,-0.720920,-0.080576,1.403462,-2.492698,0.197160,1.539229,-1.091331,-0.324412,1.806773,-0.932123,1.035830,-0.384267,0.721305,1.095091
2663,51.680000,0.416979,2.037307,-0.743452,-0.039990,1.426251,-2.543829,0.232007,1.582931,-0.914498,-0.381537,1.838851,-0.847108,1.174362,-0.315636,0.641914,1.131970
2664,51.700000,0.340039,2.114788,-0.761723,0.066426,1.478897,-2.533080,0.280974,1.623159,-0.732210,-0.437960,1.877207,-0.759975,1.236623,-0.259439,0.594838,1.162070
2665,51.720000,0.254037,2.185527,-0.799010,0.152684,1.497352,-2.516871,0.292810,1.638406,-0.668652,-0.411662,1.904132,-0.660297,1.292323,-0.189828,0.521065,1.186771
2666,51.740000,0.206735,2.265283,-0.803005,0.227044,1.498149,-2.444637,0.321749,1.625851,-0.655028,-0.361310,1.911057,-0.582852,1.250374,-0.170384,0.393535,1.126904
2667,51.760000,0.206179,2.298546,-0.836348,0.258796,1.483884,-2.364378,0.344176,1.582086,-0.753837,-0.290541,1.937057,-0.485195,1.259974,-0.147603,0.362144,1.059656
2668,51.780000,0.216768,2.298598,-0.867958,0.281954,1.436701,-2.291140,0.333478,1.542105,-0.912560,-0.214122,1.908202,-0.402143,1.241310,-0.153159,0.394501,0.947195
2669,51.800000,0.225291,2.285514,-0.902994,0.304993,1.399965,-2.205048,0.328410,1.486234,-1.062761,-0.154202,1.854835,-0.360720,1.126513,-0.193417,0.403547,0.789869
2670,51.820000,0.309515,2.217761,-0.992688,0.281956,1.328061,-2.116581,0.300515,1.413367,-1.252556,-0.069083,1.815372,-0.391593,0.955528,-0.240078,0.325702,0.662261
2671,51.840000,0.392722,2.151855,-1.070406,0.257850,1.300265,-2.033747,0.285184,1.358952,-1.411952,-0.023374,1.799732,-0.399644,0.834372,-0.235734,0.315968,0.622793
2672,51.860000,0.434651,2.101680,-1.130323,0.252532,1.241503,-2.036583,0.248089,1.328860,-1.532841,0.023551,1.744921,-0.480172,0.725559,-0.235385,0.320484,0.617283
2673,51.880000,0.453769,2.057477,-1.185613,0.272410,1.199970,-2.053316,0.238198,1.292043,-1.588281,0.047675,1.693744,-0.532783,0.584221,-0.304319,0.256795,0.524531
2674,51.900000,0.532234,2.031251,-1.161934,0.226127,1.183246,-2.099957,0.251054,1.298327,-1.629453,0.067855,1.697604,-0.581449,0.633069,-0.267892,0.348563,0.575085
2675,51.920000,0.608211,2.027814,-1.095943,0.197639,1.150961,-2.144968,0.252282,1.306194,-1.648444,0.058535,1.664177,-0.654605,0.661669,-0.275873,0.439415,0.583107
2676,51.940000,0.672984,2.017529,-1.057818,0.186003,1.161469,-2.165176,0.285144,1.316301,-1.588728,-0.003845,1.639132,-0.662664,0.704412,-0.261240,0.467849,0.615836
2677,51.960000,0.769387,2.038087,-0.999271,0.131300,1.176002,-2.213763,0.364106,1.360705,-1.502678,-0.078598,1.691870,-0.674699,0.809002,-0.170411,0.604704,0.721758
2678,51.980000,0.771690,2.053113,-1.013071,0.158263,1.138549,-2.250122,0.439119,1.394503,-1.385319,-0.170645,1.650535,-0.662000,0.820747,-0.222879,0.603581,0.663434
2679,52.000000,0.826217,2.064557,-1.032594,0.154749,1.150570,-2.273168,0.521225,1.437274,-1.238553,-0.254197,1.672989,-0.640724,0.865421,-0.238746,0.574848,0.659025
2680,52.020000,0.876444,2.091933,-1.016454,0.138703,1.155036,-2.279757,0.576924,1.474035,-1.123512,-0.312105,1.706118,-0.624623,0.962310,-0.179084,0.612507,0.737057
2681,52.040000,0.889005,2.122608,-1.002976,0.157956,1.166981,-2.286950,0.622398,1.519952,-1.010503,-0.356614,1.716054,-0.603245,1.063950,-0.112513,0.665895,0.834002
2682,52.060000,0.849719,2.192371,-0.977832,0.200060,1.182475,-2.296634,0.682026,1.581537,-0.866803,-0.382783,1.750201,-0.569894,1.126222,-0.054456,0.700036,0.919924
2683,52.080000,0.792457,2.223824,-1.008015,0.241288,1.207179,-2.276849,0.760766,1.622877,-0.760564,-0.403972,1.793564,-0.482417,1.214605,-0.006413,0.715699,0.967224
2684,52.100000,0.768934,2.249450,-1.010421,0.280051,1.244395,-2.220389,0.796772,1.664423,-0.656214,-0.407562,1.846596,-0.421969,1.320200,0.081952,0.798270,1.114288
2685,52.120000,0.722085,2.290253,-1.055485,0.344552,1.249236,-2.189067,0.820703,1.708369,-0.615318,-0.386145,1.893560,-0.385805,1.439822,0.198616,0.870270,1.252702
2686,52.140000,0.625757,2.324018,-1.065462,0.401964,1.253446,-2.150456,0.880273,1.716048,-0.537402,-0.399860,1.910459,-0.317373,1.420419,0.221688,0.833076,1.261814
2687,52.160000,0.601943,2.309854,-1.096590,0.409506,1.226885,-2.128711,0.904228,1.711853,-0.591333,-0.328774,1.898931,-0.326805,1.337151,0.166451,0.739335,1.158942
2688,52.180000,0.628072,2.310341,-1.113161,0.428532,1.236712,-2.003780,0.912155,1.673233,-0.646567,-0.332665,1.923901,-0.306318,1.252793,0.161094,0.663974,1.156299
2689,52.200000,0.639995,2.307866,-1.046031,0.411411,1.160204,-1.920385,0.917953,1.620158,-0.732374,-0.321936,1.867752,-0.353872,1.075950,0.067672,0.533742,1.029682
2690,52.220000,0.729717,2.203705,-1.079632,0.347179,1.074641,-1.907805,0.830754,1.549686,-1.026935,-0.150650,1.798691,-0.524374,0.969343,-0.030845,0.464138,0.880477
2691,52.240000,0.791486,2.207939,-1.034361,0.347663,1.013078,-1.816997,0.818058,1.457722,-1.201224,-0.163711,1.733465,-0.575405,0.756979,-0.129091,0.383420,0.760852
2692,52.260000,0.897676,2.119530,-1.059850,0.294401,0.935142,-1.783309,0.768093,1.376914,-1.390024,-0.136483,1.668590,-0.638277,0.602097,-0.210811,0.282842,0.608666
2693,52.280000,1.073229,2.075376,-1.000525,0.169104,0.868803,-1.805062,0.725577,1.348411,-1.548803,-0.104586,1.670351,-0.720347,0.644708,-0.134859,0.449110,0.645122
2694,52.300000,1.154701,2.022751,-0.997298,0.141187,0.826922,-1.798803,0.677929,1.326956,-1.626779,-0.143674,1.592198,-0.816510,0.575617,-0.140789,0.485505,0.659071
2695,52.320000,1.288982,1.987293,-1.023383,0.092551,0.811923,-1.756428,0.706773,1.323952,-1.609468,-0.191811,1.607627,-0.827729,0.521800,-0.096504,0.507040,0.722994
2696,52.340000,1.370252,1.964980,-1.067610,0.031360,0.784372,-1.835369,0.731111,1.337786,-1.618694,-0.229878,1.612444,-0.863169,0.532494,-0.050055,0.543539,0.759061
2697,52.360000,1.396264,1.946228,-1.088246,-0.000158,0.779818,-1.867345,0.788099,1.366494,-1.569024,-0.293056,1.620209,-0.855966,0.602845,0.005904,0.618744,0.793035
2698,52.380000,1.346563,1.975043,-1.104087,0.038929,0.786830,-1.887872,0.867950,1.405981,-1.490623,-0.354787,1.610862,-0.824758,0.608325,-0.029770,0.591467,0.743590
2699,52.400000,1.332996,2.001375,-1.095331,0.040695,0.802532,-1.885974,0.955098,1.427986,-1.377403,-0.408376,1.646408,-0.791751,0.642802,-0.018938,0.565765,0.754612
2700,52.420000,1.379699,2.024350,-1.111607,0.020224,0.824785,-1.910414,1.012408,1.492988,-1.287948,-0.435067,1.704061,-0.769082,0.836946,0.107830,0.671554,0.881369
2701,52.440000,1.303683,2.075903,-1.108993,0.074999,0.851683,-1.929741,1.097056,1.561019,-1.124241,-0.508274,1.708931,-0.706374,0.946764,0.137214,0.699763,0.933829
2702,52.460000,1.216832,2.119083,-1.141964,0.142298,0.895967,-1.910718,1.184735,1.604301,-0.982732,-0.544968,1.743898,-0.638170,1.050807,0.182827,0.716961,0.990868
2703,52.480000,1.129802,2.166680,-1.159328,0.212683,0.926591,-1.905365,1.243334,1.645603,-0.829913,-0.579094,1.758856,-0.578155,1.116898,0.189601,0.683346,1.031676
2704,52.500000,1.022299,2.227484,-1.143818,0.293415,0.959309,-1.863476,1.307587,1.677667,-0.689572,-0.591828,1.795377,-0.538575,1.090410,0.173324,0.601798,1.057286
2705,52.520000,0.891505,2.270644,-1.106908,0.379875,0.981549,-1.781058,1.345651,1.686067,-0.564357,-0.573578,1.832182,-0.465281,1.076079,0.146474,0.540357,1.114713
2706,52.540000,0.773429,2.324474,-1.009929,0.452767,0.994096,-1.662244,1.372969,1.693117,-0.489270,-0.531061,1.872162,-0.389201,1.142779,0.174524,0.580844,1.225537
2707,52.560000,0.706900,2.378154,-0.931852,0.490531,0.961082,-1.589455,1.411357,1.711696,-0.499884,-0.470191,1.916828,-0.366969,1.240087,0.247037,0.633369,1.322008
2708,52.580000,0.617776,2.373198,-0.950516,0.531822,0.933596,-1.574481,1.428915,1.671338,-0.542902,-0.421065,1.881637,-0.337988,1.206270,0.189351,0.570881,1.197007
2709,52.600000,0.561698,2.370152,-0.948329,0.571750,0.925368,-1.512420,1.433611,1.645204,-0.606882,-0.384490,1.877467,-0.302746,1.165668,0.182130,0.569527,1.127671
2710,52.620000,0.566777,2.347851,-1.011860,0.563110,0.870668,-1.501324,1.450380,1.590521,-0.741333,-0.354540,1.841997,-0.366818,1.054875,0.139304,0.479006,0.980047
2711,52.640000,0.604169,2.287576,-1.029387,0.533495,0.823728,-1.496859,1.415062,1.497755,-0.924040,-0.321740,1.758860,-0.463574,0.833716,0.011709,0.320810,0.738369
2712,52.660000,0.675021,2.220418,-1.009291,0.521992,0.800194,-1.429761,1.344449,1.390097,-1.140528,-0.296588,1.675479,-0.562980,0.648312,-0.071201,0.209248,0.585244
2713,52.680000,0.780243,2.161241,-0.969236,0.468630,0.708965,-1.370272,1.313972,1.318918,-1.276554,-0.301411,1.615368,-0.691939,0.493323,-0.157364,0.123483,0.478976
2714,52.700000,0.869682,2.091703,-0.928575,0.430084,0.666260,-1.363676,1.263767,1.282284,-1.400319,-0.303618,1.562174,-0.798649,0.503734,-0.128998,0.174049,0.499823
2715,52.720000,0.822257,2.034754,-0.810311,0.413768,0.767985,-1.530176,1.125019,1.346116,-1.295949,-0.332917,1.511337,-0.943673,0.772996,0.118207,0.307333,0.748909
2716,52.740000,0.638049,2.067997,-0.636673,0.443320,0.943645,-1.816747,1.040958,1.511710,-0.897132,-0.456577,1.517504,-1.046748,1.373776,0.572020,0.608083,1.271932
2717,52.760000,0.245377,2.214198,-0.457835,0.584844,1.134300,-2.019875,1.061036,1.763931,-0.134163,-0.725800,1.611885,-1.018390,2.086040,1.009401,0.951614,1.914009
2718,52.780000,-0.173644,2.448197,-0.368989,0.774383,1.287231,-2.077184,1.079861,2.004524,0.498966,-0.920791,1.758249,-0.821971,2.675688,1.257888,1.400702,2.396230
2719,52.800000,-0.320862,2.572221,-0.280774,0.876538,1.353620,-2.140349,1.146097,2.238797,1.008947,-1.231610,2.047625,-0.343433,3.084545,1.254169,1.680593,2.615013
2720,52.820000,-0.380077,2.665159,-0.292069,0.915294,1.314657,-2.200021,1.149357,2.371854,1.214947,-1.451377,2.160418,-0.016992,3.262974,1.086734,1.591733,2.354299
2721,52.840000,-0.329027,2.579953,-0.331761,0.912057,1.315235,-2.168853,1.055398,2.378208,1.159194,-1.599673,2.185811,0.201433,3.167567,0.820316,1.415209,1.948227
2722,52.860000,-0.142031,2.349931,-0.506178,0.807659,1.303022,-2.047220,0.858916,2.274000,0.696216,-1.558769,2.085665,0.217001,2.973386,0.644909,1.392077,1.651945
2723,52.880000,-0.069971,2.308232,-0.627760,0.759939,1.354460,-1.932887,0.681136,2.100135,0.318732,-1.528695,2.024114,0.199389,2.787009,0.646402,1.321860,1.577930
2724,52.900000,-0.054962,2.277727,-0.782882,0.672902,1.352042,-1.745666,0.522934,1.867686,-0.113528,-1.393520,1.871880,-0.078804,2.529982,0.743317,1.145468,1.538533
2725,52.920000,0.067983,2.158493,-0.847777,0.528031,1.369147,-1.541136,0.443017,1.628290,-0.492864,-1.359731,1.871067,0.007110,2.353651,0.894028,1.006917,1.664223
2726,52.940000,0.149556,2.046035,-0.863210,0.358085,1.309445,-1.426924,0.383077,1.421636,-0.923168,-1.264493,1.837555,-0.026793,2.175133,1.018919,0.927067,1.656453
2727,52.960000,0.165265,1.882209,-0.873202,0.195185,1.175077,-1.429815,0.274655,1.246724,-1.396123,-1.084610,1.623244,-0.281422,2.023349,0.928758,0.942296,1.293643
2728,52.980000,0.200488,1.729536,-0.919425,0.137047,1.204967,-1.401493,0.121692,1.077366,-1.779548,-0.934563,1.569463,-0.449571,1.877147,0.870668,0.906725,1.149066
2729,53.000000,0.231894,1.728256,-0.825784,0.046829,1.126040,-1.360375,0.123096,1.017494,-1.843369,-0.990740,1.455999,-0.505120,1.708481,0.719879,0.845534,0.980170
2730,53.020000,0.243041,1.647474,-0.757042,-0.043064,1.074392,-1.379678,0.040603,0.961740,-1.955567,-0.921443,1.395126,-0.690340,1.657011,0.589578,0.801929,0.855338
2731,53.040000,0.240756,1.601868,-0.601159,-0.092834,1.101860,-1.465537,-0.028987,0.949999,-1.999459,-0.906436,1.338824,-0.797951,1.576982,0.520552,0.786626,0.898553
2732,53.060000,0.187962,1.580834,-0.431753,-0.159090,1.094019,-1.571144,-0.037024,1.043116,-2.020615,-0.757126,1.403822,-1.020514,1.859159,0.628151,1.047316,1.156162
2733,53.080000,0.093383,1.615251,-0.283738,-0.179415,1.078747,-1.746377,0.027940,1.071431,-1.870178,-0.904273,1.343008,-1.071692,1.960603,0.522377,1.131927,1.087112
2734,53.100000,0.075156,1.631876,-0.206773,-0.155368,1.189075,-1.818828,0.057905,1.109695,-1.725023,-1.001804,1.415817,-1.083529,2.021351,0.541229,1.160855,1.169716
2735,53.120000,0.046126,1.729875,-0.038069,-0.156356,1.187153,-1.933370,0.191395,1.200508,-1.453391,-1.231988,1.505724,-1.066758,2.153683,0.581815,1.204210,1.272928
2736,53.140000,-0.030619,1.788806,-0.025169,-0.104426,1.267117,-2.055527,0.196978,1.288441,-1.313811,-1.331734,1.546871,-1.089203,2.348499,0.660411,1.346224,1.394699
2737,53.160000,-0.074535,1.878445,-0.023490,-0.027907,1.292592,-2.099038,0.307178,1.389134,-0.940774,-1.635556,1.617871,-0.958623,2.493151,0.663078,1.318158,1.500190
2738,53.180000,-0.163000,1.947117,-0.126108,0.023155,1.348286,-2.187555,0.229459,1.468193,-0.942640,-1.635769,1.647127,-0.987678,2.663572,0.709953,1.395482,1.522964
2739,53.200000,-0.163893,1.919989,-0.248457,0.086148,1.360805,-2.200695,0.233776,1.532081,-0.797883,-1.755575,1.695163,-0.887016,2.772157,0.671169,1.392808,1.603476
2740,53.220000,-0.220035,2.046514,-0.244283,0.192109,1.446941,-2.244714,0.273035,1.587628,-0.638531,-1.963573,1.791639,-0.663996,2.851451,0.726052,1.338902,1.687711
2741,53.240000,-0.240722,2.070691,-0.317553,0.192839,1.429340,-2.219987,0.263851,1.599534,-0.636376,-2.026725,1.804927,-0.561065,2.847925,0.724208,1.294905,1.698025
2742,53.260000,-0.250075,2.052028,-0.420610,0.250651,1.491004,-2.209655,0.215330,1.558128,-0.746624,-2.065423,1.881358,-0.443130,2.850034,0.781075,1.231063,1.785900
2743,53.280000,-0.267549,2.012101,-0.398619,0.214008,1.513427,-2.149929,0.166266,1.580181,-0.824031,-1.962131,1.862540,-0.400906,2.863379,0.791360,1.340602,1.833686
2744,53.300000,-0.269063,1.997393,-0.378681,0.169673,1.514941,-2.109635,0.145344,1.568095,-0.918276,-1.862349,1.854805,-0.390097,2.848021,0.807408,1.440293,1.852688
2745,53.320000,-0.224406,1.937538,-0.473151,0.114069,1.530337,-2.107471,0.155961,1.553892,-1.089867,-1.761464,1.907291,-0.388670,2.850552,0.900009,1.561338,1.931200
2746,53.340000,-0.260729,1.948202,-0.503572,0.070299,1.505252,-2.138871,0.146940,1.556667,-1.134557,-1.728540,1.831874,-0.450316,2.733232,0.865131,1.620576,1.838589
2747,53.360000,-0.223319,1.913222,-0.535604,0.113870,1.560724,-2.175102,0.121693,1.495761,-1.222272,-1.779880,1.854830,-0.405535,2.557407,0.850136,1.591162,1.813672
2748,53.380000,-0.224042,1.924342,-0.478758,0.065092,1.516513,-2.204321,0.199955,1.543400,-1.135337,-1.813719,1.897161,-0.396246,2.563214,0.862658,1.600373,1.815715
2749,53.400000,-0.223418,1.889066,-0.471669,0.078398,1.526887,-2.237147,0.153360,1.490220,-1.162892,-1.851086,1.859850,-0.486932,2.475266,0.781879,1.495680,1.766179
2750,53.420000,-0.204552,1.909718,-0.313321,0.006179,1.498212,-2.241732,0.206676,1.510227,-1.091924,-1.855923,1.867903,-0.545518,2.503594,0.773770,1.492123,1.766823
2751,53.440000,-0.258346,1.875736,-0.302108,0.027161,1.447738,-2.306153,0.116477,1.470711,-1.152015,-1.832286,1.742084,-0.733050,2.449730,0.616895,1.433443,1.611072
2752,53.460000,-0.223062,1.895455,-0.116089,-0.018487,1.499745,-2.270197,0.123011,1.461231,-1.153585,-1.833770,1.777509,-0.778960,2.508598,0.641598,1.453871,1.677698
2753,53.480000,-0.274123,1.839294,-0.177913,-0.056763,1.406885,-2.317291,0.004357,1.419079,-1.328816,-1.662898,1.674115,-1.062789,2.418751,0.571830,1.466652,1.582233
2754,53.500000,-0.235148,1.769222,-0.195832,-0.176482,1.448687,-2.264441,-0.012715,1.308838,-1.438176,-1.465242,1.615726,-1.087361,1.907364,0.196638,1.208233,1.234267
2755,53.520000,-0.015651,1.703309,-0.385793,-0.493054,1.234485,-2.209201,-0.012823,1.107795,-1.859213,-0.993949,1.624661,-1.172082,0.796288,-0.488395,0.640510,0.537483
2756,53.540000,0.153308,1.521264,-0.578343,-0.693243,1.018403,-1.988564,-0.129390,1.010121,-2.182358,-0.519159,1.534588,-1.310745,-0.106728,-1.054792,0.417372,0.115572
2757,53.560000,0.286372,1.277959,-0.744505,-0.809493,0.807911,-1.859033,-0.265586,1.006072,-2.390711,-0.180888,1.504017,-1.570690,-0.478993,-1.262890,0.493924,0.108350
2758,53.580000,0.382036,1.123408,-0.889627,-0.946652,0.630484,-1.845348,-0.381855,1.049189,-2.520963,0.143008,1.471949,-1.764726,-0.539570,-1.285398,0.645138,0.206257
2759,53.600000,0.441915,1.073537,-0.994153,-0.998611,0.564976,-1.942537,-0.480906,1.111948,-2.532701,0.312937,1.454236,-1.877936,-0.474817,-1.191829,0.734089,0.322052
2760,53.620000,0.516873,1.080194,-1.055333,-0.995757,0.506629,-2.076816,-0.472908,1.133602,-2.450481,0.312297,1.395694,-1.854792,-0.415171,-1.187004,0.741298,0.245394
2761,53.640000,0.600006,1.112564,-1.051299,-0.977712,0.553802,-2.194994,-0.480576,1.160299,-2.354376,0.279399,1.389294,-1.816743,-0.340411,-1.171110,0.748642,0.211074
2762,53.660000,0.706691,1.194512,-0.957616,-0.997187,0.614786,-2.275491,-0.437357,1.187217,-2.239965,0.224206,1.390035,-1.771960,-0.217187,-1.097529,0.819659,0.256401
2763,53.680000,0.811568,1.266523,-0.883525,-0.983278,0.702743,-2.318360,-0.391121,1.204998,-2.138704,0.161116,1.394813,-1.708560,-0.075836,-0.987342,0.879407,0.346250
2764,53.700000,0.900577,1.362862,-0.831839,-0.940984,0.802685,-2.286319,-0.294085,1.251461,-2.006455,0.047937,1.422233,-1.594596,0.124371,-0.862899,0.977771,0.470686
2765,53.720000,0.959531,1.470259,-0.837145,-0.892935,0.887975,-2.333961,-0.190174,1.290925,-1.895384,-0.059087,1.474596,-1.459498,0.425802,-0.665925,1.051566,0.578941
2766,53.740000,0.942050,1.582579,-0.900113,-0.781588,0.982834,-2.366588,-0.074054,1.337204,-1.738021,-0.199887,1.482186,-1.303188,0.603305,-0.573112,0.999796,0.580258
2767,53.760000,0.933583,1.702236,-0.925028,-0.689726,1.068662,-2.399478,0.055508,1.390278,-1.543300,-0.331595,1.552986,-1.096594,0.888577,-0.433879,0.993100,0.587636
2768,53.780000,0.843722,1.833197,-0.971596,-0.527738,1.165009,-2.420096,0.164914,1.458233,-1.291475,-0.477854,1.590928,-0.902012,1.068634,-0.337864,0.910925,0.599850
2769,53.800000,0.768736,1.956742,-0.964193,-0.387272,1.275874,-2.395965,0.235153,1.521136,-1.004042,-0.563488,1.645577,-0.752438,1.222469,-0.202893,0.836208,0.741752
2770,53.820000,0.690899,2.088902,-0.939913,-0.241919,1.340425,-2.393010,0.297419,1.573539,-0.740030,-0.628018,1.665507,-0.620420,1.326382,-0.142063,0.656282,0.818893
2771,53.840000,0.622667,2.191985,-0.943504,-0.092808,1.410335,-2.353992,0.350784,1.612840,-0.554270,-0.636572,1.718664,-0.511520,1.450088,-0.082751,0.517482,0.929633
2772,53.860000,0.543178,2.285255,-0.894101,0.033023,1.443972,-2.335577,0.353934,1.631310,-0.440371,-0.609617,1.725251,-0.422950,1.520411,-0.085876,0.403627,0.977978
2773,53.880000,0.492368,2.338763,-0.873917,0.133000,1.456261,-2.306802,0.353026,1.620733,-0.425273,-0.548805,1.736648,-0.341149,1.582833,-0.103371,0.299049,0.963416
2774,53.900000,0.469090,2.339803,-0.886438,0.202684,1.429980,-2.300045,0.339426,1.575416,-0.510503,-0.475257,1.697387,-0.332603,1.526527,-0.193999,0.156753,0.825811
2775,53.920000,0.460492,2.353413,-0.854913,0.252359,1.407957,-2.239648,0.313238,1.523934,-0.610825,-0.397497,1.679754,-0.336574,1.448148,-0.237475,0.145481,0.746642
2776,53.940000,0.485343,2.253418,-0.874947,0.247218,1.347029,-2.260657,0.239957,1.471990,-0.818975,-0.228072,1.604810,-0.466359,1.336888,-0.321531,0.141309,0.658187
2777,53.960000,0.559579,2.249118,-0.887270,0.254912,1.287723,-2.167120,0.230384,1.392604,-0.968076,-0.210728,1.555818,-0.483474,1.112584,-0.397585,0.071709,0.535758
2778,53.980000,0.652944,2.184213,-0.900602,0.211977,1.225934,-2.091094,0.211382,1.311426,-1.125419,-0.176435,1.508324,-0.541880,0.901914,-0.419356,0.024849,0.462474
2779,54.000000,0.765603,2.115531,-0.917271,0.149328,1.152930,-2.098795,0.165976,1.274366,-1.276563,-0.128144,1.451615,-0.626183,0.778454,-0.471552,0.050586,0.374228
2780,54.020000,0.880720,2.052842,-0.918583,0.098955,1.101256,-2.037989,0.137396,1.249004,-1.382068,-0.099145,1.422777,-0.694233,0.670846,-0.488070,0.092227,0.359324
2781,54.040000,0.983799,1.995976,-0.934578,0.044688,1.044295,-2.028566,0.125917,1.234557,-1.467623,-0.083523,1.385201,-0.735268,0.587999,-0.507465,0.142743,0.329805
2782,54.060000,1.067383,1.953441,-0.952634,-0.007259,0.993334,-2.044918,0.123681,1.234054,-1.544045,-0.081931,1.351245,-0.768703,0.513329,-0.542481,0.164201,0.274764
2783,54.080000,1.159830,1.921683,-0.961917,-0.065940,0.961980,-2.112465,0.127413,1.241165,-1.599979,-0.064880,1.336703,-0.804784,0.515669,-0.564127,0.216860,0.205337
2784,54.100000,1.229633,1.897027,-0.981063,-0.105288,0.939642,-2.146727,0.136870,1.254742,-1.608631,-0.106797,1.314919,-0.809674,0.491135,-0.607587,0.241871,0.142800
2785,54.120000,1.300038,1.894761,-0.981277,-0.142979,0.915038,-2.168673,0.178040,1.266478,-1.578082,-0.162751,1.314292,-0.801435,0.437409,-0.648906,0.196177,0.078375
2786,54.140000,1.381719,1.893916,-0.992447,-0.170738,0.867817,-2.165244,0.209410,1.260110,-1.578829,-0.187916,1.301554,-0.802730,0.348015,-0.701561,0.140463,-0.009446
2787,54.160000,1.457799,1.876397,-1.014706,-0.189565,0.860327,-2.148445,0.222490,1.262751,-1.557912,-0.236965,1.290248,-0.785751,0.277357,-0.770840,0.063443,-0.093412
2788,54.180000,1.568567,1.877594,-1.009217,-0.214622,0.825206,-2.096821,0.258941,1.268965,-1.543976,-0.269574,1.298380,-0.789987,0.211476,-0.801336,0.021753,-0.134923
2789,54.200000,1.679953,1.856442,-1.029480,-0.247471,0.801609,-2.066732,0.248381,1.262406,-1.562208,-0.269272,1.287316,-0.797625,0.170569,-0.793211,-0.003182,-0.102820
2790,54.220000,1.771520,1.839667,-1.057209,-0.256515,0.777998,-2.037836,0.241826,1.261114,-1.563915,-0.273623,1.257780,-0.812696,0.028097,-0.836474,-0.115819,-0.137283
2791,54.240000,1.886444,1.805163,-1.093631,-0.285359,0.753501,-2.029808,0.226852,1.262692,-1.585310,-0.260715,1.255842,-0.825258,-0.065743,-0.851661,-0.192235,-0.132964
2792,54.260000,2.014896,1.790093,-1.102242,-0.331005,0.737900,-2.061095,0.209681,1.281996,-1.624513,-0.240062,1.259756,-0.844128,-0.090354,-0.806874,-0.170603,-0.056270
2793,54.280000,2.089175,1.780231,-1.132035,-0.338103,0.719158,-2.055402,0.220560,1.285115,-1.618719,-0.255849,1.251562,-0.852264,-0.206574,-0.812498,-0.232156,-0.041129
2794,54.300000,2.187596,1.760159,-1.168691,-0.352893,0.689932,-2.038438,0.224357,1.284481,-1.629820,-0.257933,1.248029,-0.840107,-0.321273,-0.830897,-0.305834,-0.047171
2795,54.320000,2.281772,1.749212,-1.174987,-0.379196,0.660012,-2.046939,0.227976,1.288191,-1.658718,-0.251599,1.250714,-0.848410,-0.405937,-0.830775,-0.341792,-0.042006
2796,54.340000,2.334605,1.732194,-1.183940,-0.394505,0.638401,-2.075828,0.246087,1.290440,-1.692831,-0.242345,1.231974,-0.848001,-0.431130,-0.865143,-0.338436,-0.078283
2797,54.360000,2.409187,1.726385,-1.173676,-0.407036,0.612797,-2.085510,0.260496,1.305645,-1.707479,-0.234930,1.227935,-0.853394,-0.450533,-0.882244,-0.316336,-0.098905
2798,54.380000,2.461608,1.721116,-1.163192,-0.416325,0.593589,-2.103822,0.284396,1.311439,-1.715669,-0.235181,1.212929,-0.848673,-0.456146,-0.913078,-0.299039,-0.140936
2799,54.400000,2.524363,1.712696,-1.173396,-0.425916,0.582142,-2.121375,0.313794,1.318849,-1.697139,-0.250949,1.205840,-0.843930,-0.450329,-0.917316,-0.296021,-0.162962
2800,54.420000,2.584583,1.706071,-1.195201,-0.422335,0.579737,-2.119086,0.325811,1.326343,-1.675769,-0.278066,1.203370,-0.854443,-0.497600,-0.926144,-0.345305,-0.165492
2801,54.440000,2.650368,1.707133,-1.199837,-0.412852,0.561952,-2.067889,0.346270,1.331033,-1.643361,-0.315447,1.190680,-0.863591,-0.622697,-0.950313,-0.459836,-0.171400
2802,54.460000,2.741307,1.706519,-1.168931,-0.457750,0.555134,-2.068116,0.353055,1.342678,-1.642724,-0.297656,1.206161,-0.865590,-0.626272,-0.903675,-0.468023,-0.125988
2803,54.480000,2.758878,1.705574,-1.156792,-0.472464,0.564187,-2.112248,0.374158,1.357509,-1.653508,-0.282068,1.198055,-0.868250,-0.532621,-0.872374,-0.390203,-0.091834
2804,54.500000,2.747374,1.713720,-1.181097,-0.423211,0.570075,-2.075859,0.407363,1.369977,-1.635254,-0.299973,1.180827,-0.851196,-0.538670,-0.909735,-0.395703,-0.107242
2805,54.520000,2.714775,1.733485,-1.207389,-0.372122,0.559258,-2.035647,0.456797,1.362963,-1.597270,-0.314879,1.175308,-0.822665,-0.611528,-1.003529,-0.489495,-0.217482
2806,54.540000,2.717690,1.736894,-1.214817,-0.356470,0.539917,-2.001189,0.485426,1.362586,-1.596683,-0.305303,1.166627,-0.815227,-0.641477,-1.072089,-0.537062,-0.293487
2807,54.560000,2.766490,1.737338,-1.192961,-0.364167,0.527856,-1.960784,0.494916,1.360768,-1.601579,-0.295586,1.163189,-0.814762,-0.643503,-1.081331,-0.551465,-0.306304
2808,54.580000,2.790922,1.730854,-1.212668,-0.328687,0.514951,-1.893136,0.497876,1.344043,-1.602345,-0.301557,1.146990,-0.809316,-0.701586,-1.100561,-0.594313,-0.310760
2809,54.600000,2.841981,1.738923,-1.194041,-0.333770,0.521243,-1.889202,0.499228,1.359773,-1.634306,-0.276297,1.149663,-0.785280,-0.603801,-1.037641,-0.518835,-0.249702
2810,54.620000,2.842677,1.748005,-1.230567,-0.297707,0.510146,-1.863941,0.519637,1.363091,-1.602031,-0.281707,1.136736,-0.786905,-0.655385,-1.037463,-0.561078,-0.256820
2811,54.640000,2.835335,1.740547,-1.259813,-0.259317,0.513265,-1.816721,0.539476,1.343575,-1.560961,-0.292090,1.118821,-0.781969,-0.759449,-1.079314,-0.685652,-0.291887
2812,54.660000,2.857026,1.745076,-1.256538,-0.265560,0.498336,-1.813357,0.565421,1.335024,-1.566476,-0.288080,1.124750,-0.763519,-0.771068,-1.069734,-0.719578,-0.302880
2813,54.680000,2.874560,1.760785,-1.213060,-0.260835,0.492425,-1.809566,0.592269,1.361442,-1.578322,-0.260719,1.122441,-0.742414,-0.685423,-1.047248,-0.648299,-0.297603
2814,54.700000,2.846201,1.762647,-1.238096,-0.214312,0.506392,-1.811837,0.629820,1.366053,-1.544471,-0.281070,1.113730,-0.726792,-0.660750,-1.062339,-0.636261,-0.323066
2815,54.720000,2.835283,1.768865,-1.245445,-0.179106,0.499171,-1.790966,0.656605,1.351176,-1.519330,-0.285232,1.096710,-0.720612,-0.698818,-1.094299,-0.682797,-0.364634
2816,54.740000,2.836743,1.793869,-1.209954,-0.198677,0.521406,-1.823886,0.700639,1.359509,-1.452191,-0.312349,1.104949,-0.716150,-0.644975,-1.073990,-0.689423,-0.347497
2817,54.760000,2.825753,1.794433,-1.224264,-0.167054,0.513622,-1.772382,0.732322,1.358774,-1.410139,-0.332206,1.114826,-0.721458,-0.691529,-1.052659,-0.735157,-0.305389
2818,54.780000,2.784544,1.798991,-1.195429,-0.129194,0.517850,-1.753173,0.765948,1.362508,-1.385922,-0.327525,1.092621,-0.716355,-0.706177,-1.105073,-0.780358,-0.355240
2819,54.800000,2.776963,1.816138,-1.187181,-0.119674,0.508529,-1.735645,0.798756,1.357367,-1.374492,-0.330067,1.106200,-0.714536,-0.700179,-1.116090,-0.790349,-0.370811
2820,54.820000,2.757449,1.807924,-1.186362,-0.103930,0.499164,-1.692052,0.806301,1.340673,-1.368940,-0.332164,1.082586,-0.718426,-0.729609,-1.136916,-0.854001,-0.399027
2821,54.840000,2.756787,1.807642,-1.170698,-0.090790,0.479163,-1.658346,0.825279,1.330877,-1.395599,-0.327272,1.085456,-0.718933,-0.717990,-1.129158,-0.841013,-0.410413
2822,54.860000,2.746216,1.807059,-1.166469,-0.072633,0.476925,-1.587793,0.836537,1.327818,-1.395358,-0.317942,1.072852,-0.690375,-0.723565,-1.134164,-0.851577,-0.422584
2823,54.880000,2.724206,1.802759,-1.171200,-0.060982,0.458875,-1.563861,0.869436,1.321145,-1.412163,-0.310989,1.074898,-0.674442,-0.713913,-1.135107,-0.830347,-0.454356
2824,54.900000,2.711862,1.788361,-1.184458,-0.050251,0.447140,-1.517626,0.872123,1.307317,-1.434272,-0.296250,1.055557,-0.663018,-0.738258,-1.133281,-0.838183,-0.471310
2825,54.920000,2.704281,1.794229,-1.201485,-0.031550,0.452293,-1.464118,0.913086,1.306618,-1.404633,-0.304254,1.067327,-0.641098,-0.722328,-1.080483,-0.823366,-0.447410
2826,54.940000,2.710718,1.827597,-1.188748,-0.054928,0.486647,-1.505493,0.962603,1.351851,-1.415323,-0.289289,1.124875,-0.605745,-0.517445,-0.919660,-0.621033,-0.294133
2827,54.960000,2.603034,1.822544,-1.270413,0.035923,0.482096,-1.437952,1.026625,1.346856,-1.331043,-0.331051,1.106654,-0.586741,-0.580414,-0.920873,-0.664961,-0.282360
2828,54.980000,2.532619,1.821834,-1.329173,0.106718,0.490148,-1.369646,1.120570,1.340630,-1.245997,-0.350475,1.105445,-0.568264,-0.689733,-0.953531,-0.790861,-0.351260
2829,55.000000,2.520237,1.859315,-1.306700,0.091352,0.493086,-1.335486,1.227527,1.364101,-1.212192,-0.363938,1.150366,-0.538028,-0.637285,-0.891663,-0.758256,-0.299010
2830,55.020000,2.433200,1.876016,-1.316548,0.139639,0.506164,-1.318064,1.316442,1.404081,-1.201078,-0.344615,1.179101,-0.494364,-0.473090,-0.791597,-0.612937,-0.191225
2831,55.040000,2.326416,1.908809,-1.329688,0.213095,0.522812,-1.304471,1.453728,1.446259,-1.129833,-0.360310,1.209752,-0.438519,-0.319982,-0.702800,-0.478906,-0.092835
2832,55.060000,2.149800,1.911968,-1.418315,0.319594,0.520346,-1.260781,1.620625,1.434469,-1.021828,-0.397123,1.199410,-0.418354,-0.382193,-0.727340,-0.592039,-0.165842
2833,55.080000,2.037824,1.924383,-1.447830,0.382167,0.531882,-1.185891,1.812562,1.433450,-0.943191,-0.418024,1.221939,-0.403832,-0.385344,-0.694657,-0.632715,-0.175490
2834,55.100000,1.905675,1.944415,-1.417721,0.425587,0.514609,-1.120741,2.005014,1.427788,-0.899136,-0.448123,1.230487,-0.418558,-0.372308,-0.671565,-0.634290,-0.159809
2835,55.120000,1.749492,1.946668,-1.424038,0.501981,0.517792,-1.044220,2.243384,1.432445,-0.850364,-0.466231,1.217776,-0.402956,-0.307038,-0.652577,-0.590633,-0.167290
2836,55.140000,1.573909,1.941127,-1.464101,0.601027,0.518751,-0.951797,2.484896,1.428631,-0.801862,-0.488824,1.218326,-0.438281,-0.271202,-0.611364,-0.546338,-0.121801
2837,55.160000,1.346740,1.916337,-1.507827,0.692154,0.529276,-0.856584,2.756099,1.414187,-0.732335,-0.524176,1.208746,-0.476222,-0.229143,-0.544232,-0.485753,-0.051693
2838,55.180000,1.093995,1.901291,-1.552201,0.781985,0.552379,-0.778082,3.082047,1.420729,-0.653745,-0.564578,1.197002,-0.545659,-0.213222,-0.487842,-0.455300,0.032384
2839,55.200000,0.811385,1.886431,-1.609117,0.874079,0.585668,-0.738597,3.420226,1.438852,-0.527693,-0.634390,1.207283,-0.657253,-0.206956,-0.390346,-0.449363,0.164293
2840,55.220000,0.493796,1.866637,-1.679116,0.972181,0.609825,-0.692947,3.783921,1.449923,-0.409636,-0.713781,1.230351,-0.703734,-0.187082,-0.296034,-0.423692,0.316363
2841,55.240000,0.171191,1.848148,-1.743502,1.058220,0.653301,-0.714317,4.116001,1.491501,-0.296976,-0.785958,1.269108,-0.786449,-0.127489,-0.197574,-0.332621,0.438629
2842,55.260000,-0.100205,1.832590,-1.795122,1.137937,0.691707,-0.704717,4.415579,1.548995,-0.170518,-0.859834,1.312020,-0.834733,-0.022951,-0.044386,-0.220885,0.632332
2843,55.280000,-0.350211,1.818607,-1.852167,1.206406,0.740206,-0.720595,4.664386,1.600982,-0.012811,-0.930083,1.374466,-0.870566,0.103905,0.119404,-0.109968,0.815530
2844,55.300000,-0.586065,1.819212,-1.895335,1.298591,0.796883,-0.722193,4.830906,1.665163,0.178803,-0.979471,1.475541,-0.809520,0.287578,0.300934,0.021212,1.033294
2845,55.320000,-0.734326,1.880676,-1.925903,1.348997,0.889649,-0.766121,4.933014,1.800949,0.324377,-0.991227,1.676467,-0.704323,0.688236,0.640536,0.380694,1.412327
2846,55.340000,-0.886130,1.920134,-1.964238,1.379880,0.962485,-0.888326,4.899424,1.921277,0.445147,-0.974068,1.795386,-0.483985,1.084272,0.915381,0.764367,1.670257
2847,55.360000,-0.983083,1.974861,-1.967666,1.421416,1.027057,-1.064064,4.802243,2.059946,0.698088,-0.951795,1.985540,-0.055086,1.466627,1.120391,1.138102,1.725149
2848,55.380000,-1.003338,2.029165,-1.954406,1.447299,1.072158,-1.162151,4.595131,2.209991,0.767330,-0.864731,2.133253,0.278935,1.760746,1.251045,1.504903,1.724964
2849,55.400000,-0.872844,2.072603,-1.937690,1.437393,1.104436,-1.229303,4.336109,2.359957,0.836047,-0.812408,2.350798,0.647768,1.993984,1.350835,1.749504,1.785627
2850,55.420000,-0.803937,2.118068,-1.901923,1.466220,1.119441,-1.304849,4.057707,2.451783,0.898153,-0.762542,2.519601,0.971292,2.073970,1.383165,1.721011,1.824782
2851,55.440000,-0.629650,2.130381,-1.854964,1.398587,1.118420,-1.233367,3.868487,2.489147,0.826800,-0.714458,2.578224,1.105754,2.049673,1.332485,1.674002,1.852740
2852,55.460000,-0.465681,2.126777,-1.763916,1.316871,1.097605,-1.138289,3.667130,2.439525,0.635472,-0.651525,2.444178,1.007258,1.912185,1.191154,1.601494,1.813646
2853,55.480000,-0.270272,2.082186,-1.685615,1.226498,1.072595,-0.961160,3.497427,2.370724,0.455431,-0.592615,2.385575,1.010291,1.833077,1.090278,1.637214,1.864885
2854,55.500000,-0.207278,2.141799,-1.594136,1.182595,1.037936,-0.950545,3.410806,2.288695,0.344063,-0.617233,2.370272,0.940890,1.826887,1.085067,1.620143,1.940364
2855,55.520000,-0.119952,2.071407,-1.592647,1.079279,0.953240,-0.922763,3.407374,2.166674,0.096225,-0.620640,2.113617,0.615287,1.651384,0.996297,1.587713,1.819620
2856,55.540000,-0.052193,2.054901,-1.499065,0.993969,0.905335,-0.904101,3.379533,2.052847,-0.019990,-0.702517,2.040218,0.510517,1.573628,0.975986,1.600596,1.702089
2857,55.560000,0.000430,2.032517,-1.446421,0.931908,0.864817,-0.918493,3.299028,1.967928,-0.202923,-0.757208,1.950780,0.264363,1.554735,1.001321,1.692374,1.669138
2858,55.580000,0.075838,1.981233,-1.356910,0.812848,0.791749,-0.893354,3.300192,1.867866,-0.395316,-0.809732,1.792722,-0.053201,1.571697,0.975917,1.810045,1.624650
2859,55.600000,0.133625,1.967382,-1.248556,0.678801,0.759434,-0.977885,3.294420,1.903803,-0.514686,-0.849110,1.709254,-0.299584,1.807693,1.009277,2.124570,1.658409
2860,55.620000,0.059577,1.930667,-1.247101,0.667136,0.716102,-0.998294,3.266262,1.835162,-0.503712,-0.967003,1.566130,-0.454033,1.679898,0.940431,2.106348,1.578251
2861,55.640000,0.137783,1.927642,-1.177305,0.534590,0.696480,-1.053203,3.327351,1.868630,-0.528139,-1.042912,1.590236,-0.650742,1.820214,1.011503,2.276022,1.634163
2862,55.660000,0.096713,1.911402,-1.141903,0.446816,0.649849,-1.117085,3.338605,1.870003,-0.505285,-1.144302,1.542608,-0.779431,1.837621,0.976073,2.325261,1.586426
2863,55.680000,0.050583,1.857909,-1.177712,0.407663,0.631923,-1.046696,3.273484,1.818012,-0.539365,-1.152637,1.456850,-0.938757,1.706174,0.904323,2.221890,1.482816
2864,55.700000,0.197566,1.795907,-1.162366,0.352300,0.628031,-1.084996,3.092952,1.676653,-0.808775,-1.167134,1.481633,-1.173683,1.699224,0.935452,2.142753,1.493304
2865,55.720000,0.144767,1.849191,-1.063411,0.340991,0.642649,-1.065474,2.989326,1.730412,-0.708587,-1.244055,1.456043,-1.016460,1.764420,0.922889,2.179361,1.486104
2866,55.740000,0.218823,1.786612,-1.084271,0.285205,0.607152,-1.057476,2.858174,1.621207,-0.884577,-1.233826,1.457375,-1.180677,1.794362,0.918578,2.074242,1.441703
2867,55.760000,0.267731,1.847383,-1.027790,0.208086,0.587123,-0.981347,2.788172,1.700755,-0.855214,-1.230101,1.491120,-1.084586,1.918829,0.930852,2.177473,1.519114
2868,55.780000,0.383952,1.812076,-1.075868,0.165597,0.568054,-0.955960,2.646578,1.640861,-1.000950,-1.198797,1.510100,-1.224570,2.031545,0.983702,2.159585,1.600626
2869,55.800000,0.378807,1.907792,-1.066489,0.144742,0.603580,-0.899421,2.655414,1.741999,-0.848515,-1.272441,1.560492,-1.019610,2.150697,1.044240,2.265242,1.725460
2870,55.820000,0.360077,1.907827,-1.224753,0.191429,0.637858,-0.898439,2.473355,1.652899,-1.029477,-1.239482,1.584086,-0.994657,2.134236,1.107718,2.157345,1.738002
2871,55.840000,0.375950,1.981646,-1.142827,0.121112,0.642314,-0.934678,2.539086,1.793172,-0.827677,-1.284282,1.670793,-0.836750,2.279158,1.161683,2.298589,1.870670
2872,55.860000,0.328893,1.956147,-1.205613,0.127073,0.677356,-1.036884,2.504749,1.801057,-0.819053,-1.282411,1.685370,-0.886086,2.329036,1.179079,2.254077,1.906639
2873,55.880000,0.299633,2.044779,-1.184374,0.142895,0.747909,-1.028712,2.465646,1.890524,-0.683197,-1.322633,1.745581,-0.700368,2.389890,1.234915,2.324356,2.036873
2874,55.900000,0.357482,2.055669,-1.163731,0.089368,0.754322,-1.128139,2.461197,1.904384,-0.647221,-1.346471,1.811873,-0.732651,2.466912,1.256329,2.296388,2.073987
2875,55.920000,0.363913,2.101148,-1.072816,0.052759,0.761822,-1.205135,2.432586,1.981893,-0.478690,-1.359745,1.807352,-0.687264,2.450922,1.160880,2.254087,2.053960
2876,55.940000,0.469609,1.964932,-1.153042,0.041738,0.741445,-1.213313,2.242888,1.807715,-0.923977,-1.205312,1.739670,-0.983626,2.331759,1.050419,2.049718,1.926066
2877,55.960000,0.562450,2.018644,-0.956906,-0.023658,0.712974,-1.273062,2.218368,1.880074,-0.813458,-1.196563,1.700381,-1.013563,2.273021,0.891389,2.043521,1.817819
2878,55.980000,0.658087,1.981153,-0.936973,-0.037518,0.654372,-1.223879,2.098442,1.722593,-1.073650,-1.167062,1.633346,-1.095967,2.100188,0.756300,1.864334,1.575314
2879,56.000000,0.829645,2.013247,-0.780764,-0.131247,0.620617,-1.180781,2.012305,1.782949,-1.112057,-1.163191,1.650815,-1.065686,2.165366,0.741032,2.014763,1.576279
2880,56.020000,0.935716,1.907964,-0.869694,-0.185896,0.495380,-1.207933,1.818301,1.668421,-1.410887,-1.022575,1.555745,-1.308719,2.069249,0.653626,1.917298,1.432054
2881,56.040000,1.086843,1.940030,-0.829150,-0.231935,0.514771,-1.123341,1.814122,1.712260,-1.278934,-1.131459,1.575181,-1.212260,2.002235,0.686685,1.934801,1.485858
2882,56.060000,1.152704,1.929739,-0.923315,-0.236442,0.481793,-1.090740,1.733695,1.674023,-1.351690,-1.149731,1.591859,-1.231190,1.868419,0.722169,1.829680,1.466621
2883,56.080000,1.194352,1.877685,-0.960834,-0.306785,0.421142,-1.133993,1.680439,1.704681,-1.435445,-1.034534,1.572438,-1.333798,1.887587,0.725022,1.869635,1.545814
2884,56.100000,1.230255,1.908014,-0.971443,-0.291279,0.489080,-1.128970,1.643953,1.688165,-1.443171,-1.101819,1.607881,-1.241933,1.884360,0.758096,1.853511,1.564359
2885,56.120000,1.247990,1.946822,-0.966113,-0.333964,0.454996,-1.138527,1.686416,1.745051,-1.346648,-1.119517,1.645100,-1.195771,1.876270,0.775136,1.861710,1.575965
2886,56.140000,1.300515,1.939102,-0.979018,-0.358204,0.477635,-1.132350,1.670830,1.705530,-1.363521,-1.158995,1.655508,-1.161834,1.836906,0.750264,1.803406,1.563142
2887,56.160000,1.324481,1.953994,-0.958582,-0.378940,0.485602,-1.145949,1.691622,1.759043,-1.259254,-1.184425,1.686185,-1.118259,1.842389,0.739870,1.811741,1.592282
2888,56.180000,1.301245,1.902010,-1.032575,-0.363346,0.464412,-1.166991,1.602210,1.737121,-1.380001,-1.048391,1.668867,-1.268207,1.828102,0.732639,1.785512,1.655236
2889,56.200000,1.308299,1.991691,-0.991473,-0.301547,0.567099,-1.131716,1.596842,1.781678,-1.259756,-1.140806,1.706809,-1.081611,1.854265,0.782273,1.859538,1.761315
2890,56.220000,1.317597,2.024175,-0.967770,-0.291911,0.558138,-1.113577,1.649499,1.848261,-1.108426,-1.150057,1.781255,-1.043113,1.879957,0.853365,1.884374,1.883774
2891,56.240000,1.259308,2.041556,-1.029414,-0.299666,0.556838,-1.141754,1.623048,1.855849,-1.133891,-1.101233,1.765469,-0.992346,1.929914,0.840830,1.919237,1.880282
2892,56.260000,1.274964,2.097320,-0.980535,-0.302261,0.610524,-1.090852,1.706690,1.922301,-0.914738,-1.183402,1.863015,-0.870125,1.974969,0.902759,1.959077,2.014199
2893,56.280000,1.156183,2.121224,-0.942123,-0.233992,0.619622,-1.073247,1.678793,1.899196,-0.841395,-1.177802,1.875573,-0.812179,1.890872,0.888386,1.900971,2.025904
2894,56.300000,1.006926,2.177039,-0.863148,-0.176993,0.657562,-1.008945,1.640968,1.974311,-0.769752,-1.107762,1.913925,-0.771854,1.997222,0.942092,2.063076,2.156050
2895,56.320000,0.962423,2.138253,-0.822244,-0.112807,0.708487,-0.957325,1.590708,1.886045,-0.930744,-1.017438,1.992768,-0.803682,2.018837,1.044057,2.092737,2.309397
2896,56.340000,0.771892,2.322421,-0.572741,0.024555,0.825689,-0.867772,1.632997,2.052787,-0.488337,-1.094526,2.089226,-0.545253,2.205161,1.157588,2.312265,2.588801
2897,56.360000,0.636525,2.349759,-0.507622,0.082407,0.882750,-0.832070,1.624256,2.202749,-0.420672,-1.041229,2.195778,-0.582747,2.544187,1.405222,2.663583,2.945155
2898,56.380000,0.515988,2.444640,-0.477552,0.223221,1.003300,-0.716379,1.738181,2.300673,-0.075461,-1.169483,2.366507,-0.232076,2.783237,1.582351,2.828186,3.338820
2899,56.400000,0.378660,2.514344,-0.456048,0.325318,1.135357,-0.650773,1.798771,2.504830,0.283529,-1.245685,2.627464,0.076655,3.268673,1.959213,3.049875,3.811448
2900,56.420000,0.152536,2.445694,-0.672476,0.481862,1.149949,-0.798673,1.822654,2.535871,0.242146,-1.237898,2.689360,0.238083,3.275986,1.992382,3.100795,3.788801
2901,56.440000,0.027972,2.402168,-0.642662,0.600461,1.236681,-0.802736,1.822908,2.739934,0.454647,-1.201460,2.769841,0.372627,3.403232,2.103086,3.265253,3.856161
2902,56.460000,-0.027231,2.386697,-0.710751,0.659221,1.187868,-0.844917,1.838250,2.690536,0.302807,-1.157843,2.782369,0.324774,3.120928,1.998557,3.116209,3.525540
2903,56.480000,-0.034444,2.353189,-0.629314,0.692539,1.208254,-0.729463,1.854278,2.765716,0.350369,-1.124978,2.775651,0.277120,2.995169,1.941746,2.981757,3.384732
2904,56.500000,0.007375,2.330347,-0.633882,0.672148,1.077311,-0.639592,1.780721,2.575041,-0.060410,-1.047261,2.632077,0.027554,2.477054,1.770168,2.671118,2.955650
2905,56.520000,0.173883,2.195388,-0.760959,0.561123,0.912035,-0.554504,1.718129,2.429075,-0.468528,-0.931467,2.446684,-0.275024,1.974955,1.496566,2.191233,2.429729
2906,56.540000,0.430427,2.099001,-0.872601,0.327847,0.716565,-0.550811,1.612570,2.109733,-1.002366,-0.824441,2.265073,-0.633556,1.486743,1.108937,1.587302,1.743983
2907,56.560000,0.586071,1.951168,-0.805560,0.181079,0.539758,-0.538987,1.366676,1.839522,-1.457782,-0.697396,2.006183,-0.979240,1.154482,0.689310,1.280138,1.285864
2908,56.580000,0.727344,1.801762,-0.662939,0.029610,0.357223,-0.501512,1.067253,1.652356,-1.839449,-0.543566,1.823745,-1.302132,1.106648,0.490474,1.234526,1.152626
2909,56.600000,1.032892,1.663419,-0.435590,-0.209270,0.191957,-0.365742,0.842145,1.526637,-2.147269,-0.422503,1.713352,-1.579892,1.279151,0.510975,1.315157,1.297954
2910,56.620000,1.332270,1.521130,-0.403775,-0.423500,0.073507,-0.297875,0.606262,1.446965,-2.404296,-0.329641,1.664277,-1.737859,1.476303,0.700367,1.458719,1.520049
2911,56.640000,1.582394,1.423553,-0.367622,-0.638528,-0.053414,-0.347157,0.483388,1.452897,-2.494543,-0.302505,1.633912,-1.844603,1.630933,0.873356,1.652753,1.711300
2912,56.660000,1.875461,1.324017,-0.416387,-0.868615,-0.111953,-0.428194,0.381166,1.440480,-2.537629,-0.287402,1.658919,-1.892524,1.818991,1.124001,1.878078,1.976026
2913,56.680000,2.106276,1.309869,-0.490012,-1.055391,-0.090343,-0.464554,0.407316,1.465319,-2.461538,-0.416970,1.700653,-1.780671,1.863287,1.308339,2.020121,2.137323
2914,56.700000,2.350586,1.321154,-0.595596,-1.255262,-0.039215,-0.553192,0.473055,1.486582,-2.356710,-0.524210,1.776491,-1.669565,1.989138,1.523552,2.134758,2.356405
2915,56.720000,2.390422,1.361054,-0.740987,-1.382027,0.038386,-0.678982,0.528219,1.513696,-2.293405,-0.610696,1.818174,-1.576303,2.092135,1.640378,2.195238,2.480649
2916,56.740000,2.279586,1.488498,-0.686515,-1.435011,0.173248,-0.785902,0.763333,1.611322,-1.928092,-0.814692,1.903678,-1.415017,2.274172,1.730852,2.238310,2.611788
2917,56.760000,2.116690,1.624299,-0.725808,-1.453296,0.280575,-0.836674,0.976773,1.710907,-1.518586,-0.991358,2.010055,-1.277446,2.526521,1.825672,2.195471,2.742120
2918,56.780000,1.803769,1.774804,-0.692461,-1.363012,0.436328,-0.865542,1.108825,1.804109,-1.128462,-1.107226,2.068175,-1.209802,2.709387,1.861746,2.156218,2.854107
2919,56.800000,1.516747,1.938582,-0.575510,-1.259405,0.597661,-0.896147,1.211977,1.953289,-0.721200,-1.204326,2.172463,-1.090290,2.994486,1.968933,2.186560,3.055424
2920,56.820000,1.111341,2.105057,-0.466312,-1.031433,0.789885,-0.903924,1.280050,2.056644,-0.361318,-1.303480,2.224538,-0.923768,3.118869,1.987883,2.088815,3.100564
2921,56.840000,0.556200,2.355570,-0.315361,-0.561258,1.072824,-0.888745,1.323779,2.200448,0.102872,-1.410153,2.316797,-0.468267,3.132855,1.921739,2.004774,3.134826
2922,56.860000,0.243326,2.399894,-0.264589,-0.333964,1.177854,-0.899222,1.321203,2.217336,0.220463,-1.396829,2.453704,-0.220974,3.175172,1.824832,1.915218,3.081126
2923,56.880000,-0.071836,2.502795,-0.216490,-0.035071,1.223480,-0.874716,1.278442,2.298965,0.294369,-1.326204,2.418673,-0.075088,2.905599,1.583148,1.803537,2.849562
2924,56.900000,-0.179883,2.486120,-0.589784,0.210768,1.005773,-1.093228,1.170980,2.197205,-0.074116,-1.060993,2.211345,-0.462077,1.791696,0.872256,1.090791,1.793470
2925,56.920000,0.114098,2.253321,-0.631129,0.209626,1.025451,-0.563205,1.108137,1.820516,-0.456743,-0.891646,2.154256,-0.486710,1.045681,0.334422,0.384880,1.280884
2926,56.940000,0.214972,2.250356,-0.470664,0.272824,0.827439,-0.293285,0.949108,1.617008,-0.974693,-0.674786,1.996783,-0.764716,0.466607,0.083459,0.037665,1.081230
2927,56.960000,0.367760,2.039628,-0.445359,0.214320,0.670324,-0.070484,0.797322,1.395579,-1.457925,-0.415381,1.883487,-1.008270,0.259271,-0.050340,-0.112895,1.138795
2928,56.980000,0.435722,1.835788,-0.691668,0.155027,0.426637,-0.040806,0.558654,1.234188,-1.906317,-0.041154,1.672514,-1.417461,0.102285,-0.218553,-0.304517,1.081506
2929,57.000000,0.482057,1.665957,-0.842173,0.072851,0.299797,-0.115170,0.402586,1.098669,-2.237973,0.193562,1.573719,-1.645360,0.051317,-0.239065,-0.392969,1.122352
2930,57.020000,0.420277,1.523466,-0.930454,-0.081734,0.111883,-0.445345,0.237040,1.022255,-2.480518,0.428575,1.476802,-1.871996,0.047961,-0.230219,-0.418022,1.046860
2931,57.040000,0.430204,1.405597,-0.919625,-0.213546,0.033607,-0.696868,0.115990,0.964654,-2.606429,0.525151,1.430503,-1.944420,-0.009339,-0.197243,-0.453060,0.949629
2932,57.060000,0.494094,1.318068,-0.867731,-0.350277,-0.001382,-0.984489,0.055812,0.928339,-2.627646,0.519986,1.452146,-1.959796,-0.084933,-0.117410,-0.482162,0.888019
2933,57.080000,0.578643,1.232147,-0.721824,-0.545451,-0.065403,-1.206243,-0.029843,0.907044,-2.637267,0.494659,1.412004,-2.005329,-0.160772,-0.102029,-0.514292,0.721711
2934,57.100000,0.712397,1.180199,-0.537231,-0.700552,-0.024201,-1.311615,0.008363,0.891033,-2.576854,0.348356,1.450415,-1.980750,-0.179199,-0.131226,-0.538917,0.623102
2935,57.120000,0.764097,1.148661,-0.498349,-0.820119,0.011076,-1.386481,0.033620,0.870574,-2.502400,0.252448,1.450140,-1.993478,-0.267481,-0.186486,-0.632136,0.524745
2936,57.140000,0.833256,1.155216,-0.447702,-0.913996,0.076615,-1.367815,0.124660,0.870766,-2.400130,0.107264,1.487572,-1.956386,-0.335651,-0.226262,-0.730956,0.462085
2937,57.160000,0.840310,1.209501,-0.433874,-0.985408,0.121682,-1.369546,0.234049,0.859063,-2.337070,-0.008478,1.538040,-1.915810,-0.385155,-0.250326,-0.833658,0.421242
2938,57.180000,0.763697,1.251654,-0.541032,-0.972233,0.138721,-1.250951,0.312962,0.818628,-2.262548,-0.080786,1.522566,-1.837865,-0.479429,-0.282042,-1.002076,0.355882
2939,57.200000,0.699025,1.298841,-0.719211,-0.934028,0.190764,-1.103202,0.364077,0.813584,-2.212032,-0.101326,1.540755,-1.777740,-0.602079,-0.334706,-1.216171,0.319451
2940,57.220000,0.656242,1.356309,-0.898529,-0.926748,0.209911,-1.007853,0.417572,0.833314,-2.201209,-0.090657,1.599999,-1.678694,-0.614690,-0.363186,-1.276841,0.326628
2941,57.240000,0.512613,1.392188,-1.112124,-0.842614,0.250482,-0.950564,0.430134,0.832358,-2.173318,-0.098207,1.568715,-1.575181,-0.636392,-0.476750,-1.352487,0.246466
2942,57.260000,0.385382,1.453933,-1.261945,-0.751338,0.284298,-0.954410,0.425224,0.854614,-2.138182,-0.083928,1.567570,-1.461728,-0.628735,-0.575663,-1.386475,0.176633
2943,57.280000,0.230643,1.527029,-1.337069,-0.654888,0.363434,-0.992666,0.443888,0.889021,-2.108226,-0.083413,1.602915,-1.324592,-0.509335,-0.625110,-1.343806,0.171755
2944,57.300000,0.118342,1.594809,-1.363998,-0.548405,0.419570,-1.047503,0.450946,0.906391,-2.038914,-0.102321,1.606639,-1.185879,-0.382602,-0.681257,-1.260693,0.112309
2945,57.320000,0.035960,1.681535,-1.384558,-0.404671,0.450603,-1.064625,0.504429,0.920286,-1.952776,-0.157292,1.614560,-1.000925,-0.312082,-0.786172,-1.159907,-0.032947
2946,57.340000,-0.008817,1.803942,-1.359412,-0.267197,0.488673,-0.963245,0.677384,0.970356,-1.869195,-0.235728,1.695299,-0.695135,-0.002815,-0.676962,-0.772771,-0.019185
2947,57.360000,-0.111507,1.935539,-1.378910,-0.011201,0.532407,-0.884686,0.928043,1.004187,-1.697028,-0.405712,1.706505,-0.335232,0.272461,-0.521309,-0.356858,-0.119529
2948,57.380000,-0.215405,2.070856,-1.442289,0.223849,0.654626,-0.689394,1.349836,1.142360,-1.407682,-0.597810,1.894890,0.094265,0.835012,0.127934,0.319538,0.235255
2949,57.400000,-0.595608,2.244840,-1.581565,0.590537,0.855169,-0.647457,1.861525,1.391842,-0.883672,-0.828566,2.190490,0.682110,1.618203,1.100247,1.273389,0.992903
2950,57.420000,-1.236563,2.390513,-1.876696,0.942329,1.163695,-0.940637,2.375447,1.866006,-0.045808,-0.918711,2.712006,1.346066,2.734808,2.338226,2.429178,2.262615
2951,57.440000,-1.769148,2.277532,-2.314523,1.253945,1.376451,-1.491554,2.658975,2.550286,0.868986,-0.830051,3.376981,1.864298,3.553424,3.199734,3.282556,3.413192
2952,57.460000,-2.136288,1.912957,-2.726413,1.722644,1.246480,-1.969425,2.580338,3.302598,1.582051,-0.665403,4.216581,2.224883,3.616799,3.452424,3.511164,3.673729
2953,57.480000,-2.207083,1.513276,-2.897382,2.025231,1.052693,-2.086494,2.462795,3.805477,1.760712,-0.498937,4.606522,2.258310,3.379444,3.252074,3.662132,3.226950
2954,57.500000,-2.205156,1.361448,-2.861367,2.339426,0.934982,-2.153270,2.319453,4.561054,2.088467,-0.566122,4.558403,2.094661,3.362147,2.920110,3.968596,2.639926
2955,57.520000,-2.281941,1.307086,-2.872350,2.777058,0.876424,-2.375224,2.071897,5.236737,2.540890,-0.725164,4.789608,2.199638,3.427595,2.726508,3.864331,1.997869
2956,57.540000,-2.190829,1.296102,-2.781503,2.980214,0.863148,-2.439714,1.915737,5.642913,2.760269,-0.962532,4.561771,1.997976,3.450398,2.533344,3.583517,1.624463
2957,57.560000,-2.039016,1.423530,-2.597395,3.008465,1.003495,-2.480611,1.708362,5.875305,3.094814,-1.186680,4.478487,2.030493,3.745919,2.497463,3.405177,1.718913
2958,57.580000,-1.929627,1.680778,-2.343547,2.923258,1.273704,-2.521193,1.622880,5.918805,3.436135,-1.357868,4.226042,1.748637,4.206153,2.426110,3.508488,2.232736
2959,57.600000,-1.645379,2.012222,-1.861071,2.484831,1.568979,-2.425574,1.694600,5.413956,3.677112,-1.471556,3.804181,1.238892,4.857875,2.270197,3.792768,3.094617
2960,57.620000,-1.417895,2.385872,-1.296028,2.164480,1.751310,-2.441766,1.760726,5.179752,4.057592,-1.586901,3.418478,0.636508,5.554069,2.064296,3.910803,3.888665
2961,57.640000,-1.258325,2.724425,-0.607975,1.956228,1.828575,-2.495332,1.700698,4.823885,4.216797,-1.727700,3.202880,0.171941,6.053603,1.754487,3.937820,4.345753
2962,57.660000,-1.064557,2.937124,0.247694,1.788168,1.778875,-2.452239,1.623454,4.278399,3.871284,-1.831131,2.891773,-0.402981,5.915806,1.245876,3.579593,4.296311
2963,57.680000,-1.050330,3.143242,1.198794,1.610300,1.798979,-2.370257,1.432518,4.000791,3.521359,-1.833812,2.523658,-0.761956,5.420427,0.848110,3.384881,3.980479
2964,57.700000,-0.999635,3.267555,1.911321,1.441550,1.819937,-2.183449,1.246875,3.600587,2.783489,-1.832564,2.339600,-0.983019,4.687886,0.725402,3.459889,3.863457
2965,57.720000,-0.679249,3.144743,1.994712,1.218411,1.781462,-1.856553,1.102737,3.131715,1.616802,-1.973677,2.340832,-1.025218,4.003735,0.816681,3.656455,3.973015
2966,57.740000,-0.397109,3.084942,1.826616,0.786874,1.879431,-1.303277,0.833154,2.883846,0.164811,-1.729980,2.298417,-0.942685,3.817780,1.411623,4.361722,4.418552
2967,57.760000,0.068364,2.854473,1.592369,0.011460,1.604364,-0.863712,0.981751,2.661243,-0.917934,-1.448629,2.378170,-1.145588,3.690118,1.931017,4.830071,4.498694
2968,57.780000,0.442337,2.239170,0.567403,-0.580484,1.374775,-0.454708,1.033370,2.419213,-2.034460,-1.019217,2.239461,-1.438218,3.327014,1.985713,4.899818,4.129228
2969,57.800000,0.527865,1.919363,-0.383028,-0.737411,1.255189,-0.225902,0.829314,2.243013,-2.482111,-0.680578,2.132081,-1.584172,2.921425,1.899893,4.828312,3.950372
2970,57.820000,0.402518,1.754953,-0.772476,-0.721557,1.012574,-0.309433,0.783895,2.202140,-2.447509,-0.460397,2.023991,-1.716889,2.762912,1.777760,4.785757,3.676798
2971,57.840000,0.209835,1.659846,-0.819044,-0.720634,0.902491,-0.559978,0.699124,2.190331,-2.384356,-0.375879,1.991957,-1.694500,2.871960,1.816054,4.767070,3.531005
2972,57.860000,0.225016,1.614041,-0.546219,-0.589517,0.975202,-0.659862,0.686765,2.156729,-2.263993,-0.613711,1.983420,-1.671014,2.967158,1.987068,4.922717,3.685938
2973,57.880000,0.128344,1.608642,-0.267720,-0.499637,0.961608,-0.786574,0.707649,2.170083,-2.107966,-0.664421,2.017663,-1.809700,3.114016,2.293114,5.038562,3.876532
2974,57.900000,0.291677,1.667691,-0.034492,-0.532964,0.987193,-0.596707,0.784681,2.204769,-1.996724,-0.900784,2.054356,-1.740816,3.334365,2.517430,5.267832,4.061782
2975,57.920000,0.405217,1.720333,0.206327,-0.635793,1.045791,-0.398559,0.856594,2.243367,-1.907403,-1.070093,2.074029,-1.639936,3.476449,2.729376,5.568029,4.202817
2976,57.940000,0.416095,1.781675,0.547609,-0.721201,1.109904,-0.200550,1.101755,2.452238,-1.489967,-1.259640,2.129507,-1.566093,3.678171,2.946215,6.085280,4.470397
2977,57.960000,0.505225,1.795070,0.677028,-0.663760,1.217832,0.010246,1.283151,2.654735,-0.974604,-1.600749,2.261938,-1.356988,3.829152,3.077432,6.421114,4.814196
2978,57.980000,0.490022,1.692642,0.646597,-0.601530,1.226300,0.167582,1.393261,2.809555,-0.557162,-1.756083,2.293039,-1.321423,3.780277,3.076409,6.489092,4.993632
2979,58.000000,0.406125,1.642075,0.688198,-0.363542,1.306839,0.172691,1.493130,3.069190,0.116468,-2.028133,2.571233,-0.940615,3.941347,3.322807,6.503188,5.348763
2980,58.020000,0.107697,1.555580,0.549744,0.032991,1.300181,-0.106803,1.727150,3.626392,1.122924,-2.355645,3.059347,-0.354412,4.491786,3.762114,6.626417,5.675080
2981,58.040000,-0.478530,1.163572,0.058012,0.600631,1.018340,-0.431735,1.784752,4.029210,1.568210,-2.179578,3.560863,-0.043638,4.939815,4.283103,6.693345,5.659279
2982,58.060000,-1.298092,0.809191,-0.837611,1.567837,0.425227,-1.038732,1.801201,5.026739,2.609773,-1.836640,4.477267,0.346762,5.029755,4.901762,6.447829,4.855929
2983,58.080000,-2.368085,0.653861,-1.898654,2.841487,-0.186999,-1.927735,1.387327,5.847901,3.214055,-1.266199,6.024903,0.481053,4.420979,5.685790,5.542649,3.047713
2984,58.100000,-2.980404,1.039326,-2.875126,3.829880,-0.200837,-2.718933,0.864318,6.355415,3.281378,-0.807442,7.133913,0.686397,3.400667,6.783600,4.492704,1.618075
2985,58.120000,-2.194993,1.091524,-3.246190,3.659918,-0.022990,-3.121545,0.432617,6.643706,3.162284,-0.813879,6.866316,1.069438,2.503230,8.067762,3.564386,0.606914
2986,58.140000,-1.188971,0.597645,-3.019394,2.943442,-0.009781,-2.887558,0.700071,6.604106,3.224158,-1.235542,6.285718,1.627219,2.752341,8.712967,2.812377,0.147292
2987,58.160000,-0.661712,0.206588,-2.484598,2.358625,-0.044705,-2.396113,1.248884,6.456238,3.218263,-1.709968,5.716935,2.060842,3.848804,8.839622,2.620190,0.745512
2988,58.180000,-0.571005,-0.128015,-2.711742,1.757188,0.270423,-2.295881,1.545341,6.435225,2.760858,-1.835482,5.384601,2.609873,5.423925,8.976165,4.028879,2.286151
2989,58.200000,-0.784727,0.261515,-2.646574,1.302075,0.555957,-2.259752,1.705152,6.397621,2.219020,-1.794930,5.017211,2.637931,6.369553,8.752142,5.532428,3.709871
2990,58.220000,-0.973233,0.765861,-2.426629,0.582500,0.860613,-2.095536,1.914369,6.081667,1.990597,-1.590064,4.129183,2.146851,7.203902,8.250216,6.352572,4.631142
2991,58.240000,-0.746804,1.002304,-1.842551,-0.624762,1.183696,-1.965464,1.978196,4.937769,1.225280,-1.244627,3.491882,1.791472,8.149336,7.392132,6.982999,5.826184
2992,58.260000,-0.464832,1.540781,-0.982949,-1.735420,1.266846,-1.307549,2.031197,4.542693,1.364109,-1.192236,2.752654,1.911104,8.537294,6.479650,7.526932,7.004874
2993,58.280000,-0.048062,1.758851,-0.321906,-2.567113,1.032373,-0.420592,1.702238,3.816504,1.070977,-1.130163,1.753431,1.593275,8.069619,4.776033,7.140996,6.811625
2994,58.300000,0.404196,1.535994,-0.104278,-3.285018,0.278075,0.359878,1.243923,2.954592,0.054892,-0.732152,0.688185,0.571564,6.391928,2.237386,5.848823,5.481009
2995,58.320000,0.943115,1.109943,0.197589,-2.693730,0.300562,1.037086,0.832367,1.910466,-0.952787,-0.501705,0.264557,-0.475043,4.150008,-0.143143,4.747388,3.961623
2996,58.340000,1.700425,0.570259,0.447656,-1.535941,0.292857,0.531855,0.093409,1.216501,-1.838055,-0.251596,0.356792,-0.656518,2.290263,-1.677186,4.753348,3.969662
2997,58.360000,2.967410,-0.175720,0.671539,-1.408461,-0.032977,-0.176977,-0.519498,0.817235,-2.389641,-0.242605,0.270576,-0.479827,1.022099,-1.990312,6.022591,5.843529
2998,58.380000,3.405436,-0.619371,0.543109,-1.577733,-0.212091,-1.093960,-0.759547,0.786916,-2.506845,-0.206868,0.262567,-0.240512,0.443914,-1.100070,7.145152,7.902416
2999,58.400000,2.919331,-0.927014,-0.138264,-1.723330,-0.258686,-1.858424,-0.695692,0.972983,-2.147511,0.005199,0.212563,-0.248747,0.054302,-0.179839,7.238489,8.927277
3000,58.420000,1.516622,-1.325741,0.405522,-2.143231,-0.862417,-2.950094,-0.215930,1.326314,-2.639612,0.720097,1.041583,-0.016712,2.186161,0.791291,7.645514,9.915603
3001,58.440000,1.252835,-1.303890,0.013184,-1.994500,-0.603406,-2.647289,-0.354844,1.820860,-1.791321,0.658040,1.442608,-0.388065,3.741628,2.767623,7.324148,9.574697
3002,58.460000,1.464734,-0.498452,0.251161,-1.403828,0.454379,-1.874649,-0.582978,1.982156,-1.401459,0.010991,1.910833,-0.109043,3.864600,4.799537,6.815367,8.396211
3003,58.480000,1.166089,0.161039,0.419479,-1.423223,0.579075,-1.606691,-0.527919,2.126688,-1.205569,-0.147699,1.718618,-0.184528,3.443699,5.009243,6.220613,6.957984
3004,58.500000,0.678540,0.389498,-0.030863,-1.655853,0.543134,-1.149308,-0.545182,2.191187,-1.197802,0.203372,1.394201,-0.828409,2.587846,4.212005,5.405176,5.732603
3005,58.520000,0.197842,0.392158,-0.823457,-1.842855,0.384102,-0.629193,-0.233397,2.216035,-1.068886,0.405713,1.283900,-1.234063,1.557267,3.231878,4.765600,5.025306
3006,58.540000,-0.186111,0.305844,-1.236631,-1.718245,0.231236,-0.290762,-0.077523,2.137356,-0.979913,0.460996,1.341047,-1.379957,1.047434,2.687518,4.525874,4.789056
3007,58.560000,-0.407968,0.248682,-1.431968,-1.521046,0.195260,-0.075605,-0.092317,2.016460,-1.048699,0.451381,1.457288,-1.338931,0.966948,2.528961,4.538910,4.827130
3008,58.580000,-0.581750,0.202906,-1.482845,-1.137834,0.197275,-0.021682,-0.080182,1.886764,-1.066296,0.356110,1.541398,-1.200088,1.117753,2.561568,4.587441,5.000723
3009,58.600000,-0.708863,0.127528,-1.485488,-0.848980,0.209357,-0.386009,-0.112081,1.804909,-1.115883,0.291269,1.678687,-0.972789,1.387112,2.595169,4.639750,5.239898
3010,58.620000,-0.857273,0.073074,-1.488793,-0.530725,0.169052,-0.819581,-0.081955,1.723936,-1.081516,0.202710,1.723819,-0.680897,1.660422,2.470073,4.740899,5.379856
3011,58.640000,-0.962998,0.061410,-1.487527,-0.280877,0.150679,-1.263489,0.049076,1.690825,-1.007109,0.096224,1.837515,-0.358657,2.097661,2.203075,4.941024,5.434508
3012,58.660000,-1.074384,0.043749,-1.546721,-0.054905,-0.000378,-1.571417,0.359629,1.606341,-0.852202,-0.096269,1.774303,-0.167603,2.252290,1.759651,4.987261,5.140831
3013,58.680000,-1.126673,0.029371,-1.584399,0.010124,-0.095466,-1.697809,0.817190,1.414187,-0.614822,-0.359281,1.533177,-0.105090,2.101918,1.128220,4.774104,4.632602
3014,58.700000,-0.513180,0.799010,-0.800809,-0.563233,0.181275,-1.025139,0.875710,1.583962,-0.440515,-0.525290,1.733363,0.009016,2.274299,1.157131,5.210273,4.210720
3015,58.720000,0.024842,1.273758,0.000224,-0.713192,0.421415,-0.513827,0.793766,1.810957,-0.394673,-0.794878,1.954657,-0.037682,2.837869,1.304605,5.381402,4.039871
3016,58.740000,0.495316,1.300310,-0.104369,-0.516091,0.546551,-0.482306,0.798795,1.781011,-0.707736,-1.056088,2.020368,-0.104517,3.083339,1.362851,5.006913,4.175819
3017,58.760000,0.469074,1.500118,-0.316752,-0.565418,0.531052,-0.638583,0.896904,1.900496,-0.815908,-1.019753,1.999040,-0.243435,3.222671,1.453120,4.817432,4.099929
3018,58.780000,0.316149,1.679313,-0.445388,-0.628491,0.482483,-0.643114,1.170955,2.045615,-0.769460,-0.898731,1.996143,-0.443668,3.338737,1.472859,4.786099,3.819671
3019,58.800000,0.233267,1.752148,-0.639006,-0.577008,0.479224,-0.811427,1.416881,2.147376,-0.719972,-0.939439,2.010339,-0.547679,3.313327,1.459174,4.766694,3.648983
3020,58.820000,0.256005,1.759408,-0.821343,-0.509678,0.507713,-0.897157,1.622793,2.143467,-0.727482,-1.033484,2.042112,-0.690479,3.120723,1.415769,4.576625,3.538298
3021,58.840000,0.282782,1.815884,-0.878113,-0.457634,0.538732,-0.975690,1.790526,2.166220,-0.633348,-1.176325,2.052555,-0.652547,2.923303,1.406741,4.383646,3.400660
3022,58.860000,0.321553,1.790905,-0.988883,-0.432908,0.543605,-1.001175,1.858554,2.155963,-0.687743,-1.216915,2.062041,-0.803524,2.771334,1.383830,4.069679,3.295462
3023,58.880000,0.343940,1.868455,-0.922803,-0.450861,0.586115,-1.037613,1.954884,2.231161,-0.638585,-1.237803,2.136984,-0.876108,2.836438,1.425792,3.997771,3.355823
3024,58.900000,0.244445,1.864678,-1.000095,-0.451786,0.569002,-1.137653,1.981229,2.267998,-0.695195,-1.166047,2.109218,-1.014935,2.899210,1.471244,3.918808,3.349741
3025,58.920000,0.369970,1.815562,-0.999593,-0.383473,0.631463,-1.163682,2.016032,2.242403,-0.687168,-1.237126,2.142794,-1.099432,2.931388,1.525439,3.713073,3.447807
3026,58.940000,0.432141,1.869070,-0.983803,-0.382205,0.641143,-1.186021,2.008044,2.186077,-0.860522,-1.217877,2.179824,-1.151711,2.967547,1.571492,3.530992,3.414170
3027,58.960000,0.501646,1.899494,-0.933598,-0.397723,0.640794,-1.226775,2.006922,2.124800,-1.026424,-1.229948,2.163776,-1.151542,3.014876,1.534203,3.497336,3.266038
3028,58.980000,0.487853,2.010120,-0.773469,-0.482174,0.630246,-1.278108,1.970311,2.242517,-0.999457,-1.146420,2.176456,-1.148280,3.183679,1.555825,3.694148,3.175521
3029,59.000000,0.494778,2.054713,-0.788951,-0.462644,0.653148,-1.228397,1.982649,2.277560,-0.954827,-1.190657,2.182940,-1.082025,3.203651,1.608595,3.785234,3.167425
3030,59.020000,0.469518,2.144922,-0.699193,-0.335952,0.763798,-1.090635,2.003446,2.356525,-0.758467,-1.215434,2.335145,-0.968835,3.182910,1.703654,3.985871,3.431545
3031,59.040000,0.455993,2.226496,-0.601017,-0.236784,0.859921,-0.951474,1.943486,2.404905,-0.612813,-1.246304,2.458042,-0.867895,3.161657,1.771472,4.171095,3.734770
3032,59.060000,0.440687,2.258748,-0.587317,-0.102891,0.949106,-0.813750,1.898771,2.463095,-0.494526,-1.277940,2.528447,-0.745651,3.132457,1.829103,4.256130,4.040453
3033,59.080000,0.536973,2.168141,-0.905654,-0.163254,0.767919,-0.813579,1.925280,2.356693,-0.890418,-1.137395,2.423766,-0.979066,3.015620,1.735319,3.839428,3.755363
3034,59.100000,0.519761,2.082996,-1.051635,-0.110447,0.767458,-0.819312,1.886912,2.215385,-1.111137,-1.094542,2.314915,-1.009822,2.766918,1.618784,3.497125,3.409727
3035,59.120000,0.540748,2.153856,-0.971186,-0.197642,0.684677,-0.907913,1.983398,2.333128,-1.027348,-1.115932,2.360330,-1.009773,2.856004,1.691125,3.533006,3.303598
3036,59.140000,0.502021,2.190166,-0.897087,-0.205393,0.742463,-0.989081,2.015714,2.407102,-0.951511,-1.169078,2.429251,-0.963472,3.066647,1.791602,3.723547,3.406089
3037,59.160000,0.500764,2.195848,-0.797322,-0.179509,0.800705,-0.994062,1.983515,2.460903,-0.781463,-1.244543,2.452220,-0.831338,3.247110,1.887134,3.928652,3.612981
3038,59.180000,0.485806,2.197276,-0.603076,-0.123692,0.887173,-0.982323,1.900159,2.531171,-0.641313,-1.250992,2.538481,-0.831974,3.409360,2.043644,4.135638,3.895389
3039,59.200000,0.474182,2.222456,-0.358301,-0.058782,0.979796,-0.850477,1.804069,2.523081,-0.625630,-1.250112,2.610316,-0.775852,3.505750,2.196453,4.407263,4.199779
3040,59.220000,0.387437,2.309200,-0.156907,0.025825,1.104546,-0.625700,1.709139,2.571080,-0.644932,-1.240599,2.633310,-0.693658,3.645764,2.418255,4.715870,4.486588
3041,59.240000,0.283141,2.468419,0.205240,0.109479,1.276265,-0.459357,1.732031,2.869105,-0.151573,-1.350021,2.765075,-0.436614,3.989268,2.776124,5.264936,5.019526
3042,59.260000,0.293506,2.517894,0.264099,0.246047,1.399566,-0.307578,1.820583,3.100768,0.379669,-1.568643,2.974236,-0.102502,4.413217,3.074610,5.638087,5.613269
3043,59.280000,0.176688,2.438933,0.268607,0.392407,1.485274,-0.214939,1.809170,3.353706,0.619100,-1.585255,2.969736,-0.057562,4.668624,3.193782,6.018788,5.994692
3044,59.300000,0.007111,2.510108,0.271058,0.646905,1.580842,-0.147252,1.803763,3.577363,1.026225,-1.716295,3.166018,0.358280,5.055668,3.519399,6.260107,6.359994
3045,59.320000,-0.155608,2.430024,0.003807,0.858367,1.575580,-0.315706,1.860128,3.778711,1.324894,-1.753139,3.285444,0.648479,5.122221,3.574212,6.232100,6.158127
3046,59.340000,-0.314262,2.204809,-0.102866,0.922920,1.487650,-0.374336,1.870956,4.016723,1.423888,-1.697706,3.174370,0.386266,5.003358,3.507907,6.242881,5.753352
3047,59.360000,-0.420384,2.149447,-0.086899,1.054967,1.491407,-0.148582,1.757828,4.079039,1.471475,-1.689509,3.297714,0.519070,5.077783,3.674948,6.351389,5.639065
3048,59.380000,-0.522695,2.160204,-0.087930,1.141546,1.469962,-0.089568,1.696554,4.159488,1.471021,-1.725207,3.312900,0.510838,5.157838,3.937886,6.343064,5.593892
3049,59.400000,-0.616087,2.078041,0.050777,1.082547,1.423432,-0.011166,1.603092,4.247192,1.475792,-1.658506,3.221862,0.317573,5.292134,4.155008,6.599974,5.579019
3050,59.420000,-0.745615,2.041046,0.054581,1.053818,1.344638,0.085567,1.441283,4.260683,1.390434,-1.649159,3.062638,0.161608,5.346168,4.419616,6.721801,5.453492
3051,59.440000,-0.766160,1.947848,0.158982,1.024057,1.406894,0.197402,1.390772,4.120720,1.382281,-1.660016,3.100216,0.061777,5.390944,4.557556,6.902240,5.498713
3052,59.460000,-0.890894,1.939023,0.246034,0.982348,1.345703,0.237699,1.248886,4.115255,1.393690,-1.610664,2.996811,-0.129861,5.530291,4.703100,7.008132,5.508222
3053,59.480000,-0.950287,1.939924,0.226954,0.892841,1.328513,0.400412,1.127966,4.083200,1.280072,-1.514241,2.793911,-0.313862,5.675934,4.897489,7.100855,5.570302
3054,59.500000,-0.980432,1.994498,0.316949,0.873580,1.370772,0.459615,1.056806,4.080667,1.368744,-1.549641,2.755367,-0.354231,5.866410,5.104566,7.174474,5.731665
3055,59.520000,-0.978973,2.020355,0.225040,0.811149,1.359033,0.442095,0.981496,4.084179,1.278556,-1.530951,2.708433,-0.393460,5.958629,5.214605,7.180225,5.784801
3056,59.540000,-1.000056,1.962716,0.287159,0.701050,1.355853,0.516094,0.927040,4.107193,1.311038,-1.423193,2.569937,-0.563936,6.020951,5.200124,7.303907,5.785995
3057,59.560000,-0.917137,1.816433,0.386026,0.551622,1.308680,0.534373,0.851279,3.712545,0.936417,-1.302305,2.496991,-0.732989,5.940409,4.923060,7.181072,5.403331
3058,59.580000,-0.719056,1.864433,0.556935,0.488026,1.313385,0.596799,0.835841,3.594306,0.894706,-1.414571,2.567449,-0.638105,5.948567,4.834153,7.084779,5.505663
3059,59.600000,-0.572010,1.868833,0.729763,0.398431,1.298576,0.646321,0.836222,3.559569,0.930731,-1.490599,2.575520,-0.679195,6.059472,4.807686,7.158729,5.640012
3060,59.620000,-0.449229,1.772653,0.864423,0.226323,1.216959,0.711317,0.811025,3.494794,0.835384,-1.438585,2.476903,-0.819198,6.032703,4.631452,7.172042,5.609967
3061,59.640000,-0.189050,1.583429,0.766596,-0.028925,1.070068,0.796112,0.633154,3.088200,0.102638,-1.251238,2.333566,-0.993248,5.738343,4.402431,6.732729,5.272923
3062,59.660000,-0.004369,1.476365,0.830575,-0.325615,0.820818,0.836426,0.671204,2.968518,-0.094091,-1.007554,2.143125,-1.380830,5.519268,4.143452,6.634009,4.861872
3063,59.680000,0.283171,1.348168,0.897848,-0.667118,0.785322,1.004381,0.600409,2.792377,-0.316906,-0.932551,2.232783,-1.565955,5.138211,4.252902,6.263184,4.639184
3064,59.700000,0.560555,1.122192,0.858592,-1.072066,0.619994,1.150370,0.535050,2.449742,-0.808758,-0.636393,2.134678,-1.906977,4.604150,4.217552,5.676872,4.247248
3065,59.720000,0.692017,0.931914,1.178412,-1.457302,0.520089,1.131864,0.486092,2.324799,-1.071629,-0.423675,2.095563,-2.081831,4.262081,4.257432,5.464820,4.097179
3066,59.740000,0.941911,0.533538,1.297106,-1.747618,0.383896,1.128212,0.424955,2.198530,-1.330883,-0.271331,2.063934,-2.297732,4.066718,4.036397,5.364568,3.850895
3067,59.760000,0.936971,0.279201,1.300415,-1.974494,0.264652,0.976937,0.247193,2.071856,-1.659930,-0.036301,2.038742,-2.428097,3.842422,3.956648,5.192008,3.681885
3068,59.780000,0.928240,-0.022435,1.249653,-2.153622,0.219527,0.778613,0.029288,2.017666,-1.879285,0.230593,2.048415,-2.550116,3.771417,3.985742,5.049400,3.594350
3069,59.800000,0.893143,-0.240326,1.324011,-2.260634,0.130294,0.669883,-0.048121,2.031330,-1.901021,0.377261,2.062366,-2.621356,3.835910,3.949459,4.961522,3.473963
3070,59.820000,0.863831,-0.402869,1.188876,-2.415298,0.111869,0.632746,-0.113836,2.036442,-1.939240,0.530934,2.107364,-2.638834,4.000918,3.875026,4.897613,3.438596
3071,59.840000,0.754420,-0.350262,1.087283,-2.381851,0.156434,0.678940,-0.126430,2.029170,-1.931378,0.624821,2.175503,-2.614588,4.194342,4.008455,4.826751,3.567172
3072,59.860000,0.497495,-0.382701,1.054852,-2.406024,0.270430,0.662573,-0.257042,2.051481,-1.972172,0.751626,2.239688,-2.546092,4.205801,4.195546,4.771944,3.622693
3073,59.880000,0.560481,-0.366558,1.127023,-2.482975,0.228925,0.722640,-0.152071,2.063214,-1.909248,0.714460,2.221423,-2.589576,4.199310,4.111701,4.762688,3.531217
3074,59.900000,0.549995,-0.400419,1.211873,-2.472115,0.239029,0.699035,-0.189441,2.014789,-1.931057,0.696260,2.201334,-2.663919,4.185244,4.050698,4.696440,3.425523
3075,59.920000,0.647028,-0.488372,1.070825,-2.655700,0.225019,0.757465,-0.226003,1.995149,-1.994569,0.776057,2.191389,-2.759514,4.075591,3.894534,4.666545,3.348118
3076,59.940000,0.757684,-0.466573,1.385479,-2.827420,0.188090,0.879020,-0.079855,2.074432,-1.833456,0.694714,2.175711,-2.811740,4.086861,3.805892,4.825570,3.395259
3077,59.960000,0.682423,-0.567621,1.127959,-2.885910,0.284052,0.951359,-0.289870,1.953743,-2.114650,0.895704,2.235414,-2.776219,3.911844,3.762268,4.730806,3.458750
3078,59.980000,0.322036,-0.212755,1.070322,-2.873032,0.556144,1.415328,-0.334667,2.068052,-2.115444,0.975297,2.357171,-2.487232,3.735714,4.060958,4.849303,3.885507
3079,60.000000,-0.295333,0.217483,0.946108,-2.316561,0.955579,1.716838,-0.452270,2.351567,-2.042640,0.951962,2.565340,-1.957570,3.979839,4.784261,5.056189,4.460751
3080,60.020000,-0.937917,0.522112,0.955209,-1.549631,1.391919,1.892619,-0.747055,2.577158,-1.985567,0.876695,2.683958,-1.261525,4.222116,5.854070,5.173103,4.960591
3081,60.040000,-1.378161,0.773172,0.663767,-0.741297,1.776030,1.833459,-1.104636,2.912295,-1.940910,0.724519,2.734150,-0.528434,4.561088,6.698866,5.437395,5.346330
3082,60.060000,-1.615787,1.123431,0.272580,0.209343,2.035826,1.707675,-1.437075,3.209666,-1.856521,0.360400,2.947491,0.422387,4.906701,7.374450,5.875845,6.043536
3083,60.080000,-1.740073,1.397795,0.078431,1.085355,2.263772,0.944470,-1.598525,3.372329,-1.880112,-0.331106,2.956043,1.066911,4.882323,7.739939,6.043139,6.492960
3084,60.100000,-1.768108,1.364843,-0.069296,1.563713,2.670455,-0.040112,-1.540334,3.358189,-1.780261,-0.904321,2.956390,1.365764,4.514409,7.835430,5.753087,6.382225
3085,60.120000,-1.443670,1.115016,-0.128953,1.599762,2.829625,-0.629611,-1.255544,3.192960,-1.743978,-1.377849,2.999112,1.476610,3.564948,7.534133,5.177275,5.632099
3086,60.140000,-0.768507,0.963191,-0.102269,0.864931,2.527318,-0.728618,-1.138400,3.129043,-1.653796,-1.225322,2.743368,0.975443,2.514094,6.853442,4.778066,4.867079
3087,60.160000,-0.080528,0.591985,-0.474856,-0.705177,2.389105,-0.465506,-0.798827,3.034364,-1.714012,-0.513520,2.543186,0.445867,1.898533,6.317201,4.220077,4.778238
3088,60.180000,0.205735,0.040256,-1.141143,-2.262987,2.358555,-0.513050,-0.567730,2.949364,-1.809922,0.415696,2.280361,0.060171,1.548060,6.474655,4.045610,5.409058
3089,60.200000,-0.196091,-0.114683,-1.904932,-3.076552,2.804772,-1.286237,-0.492394,3.398140,-1.299799,1.172037,2.159295,0.093977,2.536586,7.674630,4.884764,6.362644
3090,60.220000,-0.649165,0.060334,-2.778997,-3.205297,3.762961,-2.685751,-0.475749,3.857097,-0.859074,1.665620,1.870740,0.187792,3.932001,9.193795,5.491201,6.990376
3091,60.240000,-1.152122,0.561652,-2.876899,-2.649141,4.592241,-4.215637,-0.470176,4.097608,-0.315636,1.699635,1.402867,0.283344,4.892799,10.365892,5.670117,7.025350
3092,60.260000,-1.457492,1.210961,-2.496356,-1.536597,4.794782,-5.299799,-0.775740,4.157796,-0.057024,1.454055,1.002854,0.152922,5.548272,11.097942,5.950731,6.723364
3093,60.280000,-1.963735,1.892736,-2.164660,-0.195659,4.789502,-6.095148,-1.184840,4.232406,0.065155,1.440435,0.497760,0.115032,6.121562,11.821716,6.619052,6.686757
3094,60.300000,-2.402186,2.174666,-2.044753,0.439386,4.751508,-6.801521,-1.183235,4.359144,0.209688,1.986572,0.118235,-0.088725,6.428362,12.234296,7.319120,6.886706
3095,60.320000,-2.452448,1.583712,-2.109463,0.085007,4.209465,-7.257039,-0.923500,4.237626,0.136961,2.644484,0.212463,-0.690958,6.655840,11.668852,7.583249,6.988603
3096,60.340000,-2.120835,0.690878,-2.205961,-0.934497,3.392614,-6.844612,-0.741430,3.783564,-0.106420,2.753081,0.782611,-1.031094,7.429214,10.728818,7.821927,6.923000
3097,60.360000,-1.755546,-0.112597,-2.081764,-1.953723,2.612072,-6.726664,-0.432995,3.226566,-0.316933,2.644705,1.204411,-0.955634,8.665222,9.792309,8.415636,7.102402
3098,60.380000,-2.001976,-0.234613,-1.591698,-1.870559,0.814546,-7.992600,0.578793,2.263072,-0.182645,2.462883,1.390084,-1.294295,8.651035,9.560862,9.057035,7.453829
3099,60.400000,-1.151140,0.480434,0.363424,-2.587830,0.872938,-6.011440,0.974214,1.670432,0.357492,1.588869,1.702082,-1.751874,7.620735,8.055402,8.681772,5.365089
3100,60.420000,-1.136053,0.904990,1.077585,-1.533903,1.172800,-4.513375,1.143155,1.166221,0.165790,0.672722,1.811856,-0.645050,7.091418,6.594841,8.883792,4.081231
3101,60.440000,-0.883452,-0.026823,-0.312585,-0.924935,1.178266,-4.097510,1.128437,1.024423,-0.808509,0.531778,1.409348,-0.349772,5.638443,3.388245,8.694046,2.836812
3102,60.460000,-0.929809,-0.134264,-1.098833,-1.021484,1.307442,-3.462403,1.551342,1.294212,-0.944910,0.607526,0.986182,-0.319567,3.807849,1.148293,8.472262,1.859742
3103,60.480000,-0.902312,-0.408027,-0.614337,-3.702837,0.200813,-2.515480,2.678096,1.911505,0.123882,1.405005,0.806214,-0.526500,3.229877,0.244561,7.991388,1.699426
3104,60.500000,-0.574804,-0.460339,-1.078980,-4.887572,-0.511779,-2.002846,2.437557,2.510578,0.244854,1.840340,0.874331,-0.844792,3.533271,-0.465961,7.249800,1.536491
3105,60.520000,-0.480930,-0.365182,-2.027410,-4.522659,-0.606770,-1.927330,1.604597,2.535278,-0.186432,1.998066,1.298704,-1.029642,3.277873,-0.825639,6.337943,1.871791
3106,60.540000,-0.416352,-0.568165,-2.212278,-3.872787,-0.573983,-2.398645,0.657545,2.056656,-0.659497,2.128795,1.452193,-1.324569,2.431399,-0.087169,5.167638,2.380076
3107,60.560000,-0.513111,-0.959862,-1.938850,-2.821346,-0.123557,-2.835937,0.050957,1.698001,-0.834382,1.886268,1.237907,-1.639931,1.262813,0.750341,4.204405,2.826453
3108,60.580000,-0.435660,-1.094904,-1.491234,-1.842047,0.490730,-3.085727,-0.347158,1.461756,-0.810976,1.361804,0.946948,-1.699949,0.402599,1.303176,3.711975,3.257265
3109,60.600000,-0.358650,-1.078765,-0.978142,-0.962911,0.922378,-3.307122,-0.596980,1.312927,-0.812572,0.767375,0.617740,-1.619372,0.040158,1.429445,3.650887,3.427434
3110,60.620000,-0.232111,-1.127452,-0.761767,-0.485942,1.020198,-3.393716,-0.628597,1.281090,-0.856842,0.281983,0.268953,-1.368665,0.119062,0.793429,3.791766,3.044537
3111,60.640000,-0.220424,-1.169710,-0.583010,0.051636,0.917961,-3.431544,-0.524846,1.274602,-0.801433,-0.343732,-0.032358,-1.012308,0.313209,-0.341847,3.888217,2.201123
3112,60.660000,-0.294426,-1.097206,-0.517702,0.756120,0.784595,-3.618046,-0.393016,1.330114,-0.709774,-1.231294,-0.289114,-0.506483,0.493261,-1.692677,3.962147,1.025705
3113,60.680000,-0.620419,-0.349626,0.561018,0.184182,0.206368,-3.156775,-0.096148,1.237258,-0.388361,-1.278523,-0.567201,-0.025683,0.385460,-2.931696,3.729917,-0.486540
3114,60.700000,-0.216417,0.206050,1.144769,-0.746975,-0.003942,-2.256492,-0.172350,1.108749,-0.519576,-0.787292,-0.332260,0.041210,0.499812,-3.347759,2.761715,-0.417237
3115,60.720000,0.081135,0.533074,0.668321,-0.982890,0.284265,-1.961626,-0.121213,1.188204,-0.699025,-0.817992,0.184283,0.044446,1.115247,-2.799754,2.667267,0.741429
3116,60.740000,-0.054331,0.722929,-0.003114,-0.502933,0.692759,-2.218636,-0.333506,1.263031,-0.937760,-1.019668,0.511768,0.159758,1.973430,-1.893218,2.996394,1.563866
3117,60.760000,-0.257229,1.054022,-0.260473,0.495389,1.088335,-2.690084,-0.693799,1.340315,-1.056937,-1.491840,0.720108,0.511743,2.843132,-0.930150,3.539565,1.999835
3118,60.780000,-0.401566,1.320809,-0.229877,1.636357,1.346478,-3.148238,-0.826043,1.447698,-1.008589,-2.398529,0.895451,1.000843,3.512521,-0.356099,4.108056,2.117109
3119,60.800000,-0.443466,1.437942,-0.231081,2.660306,1.497013,-3.460514,-0.804160,1.565851,-0.859111,-3.330867,0.941802,1.277632,3.832527,-0.333852,4.296791,1.858620
3120,60.820000,-0.363909,1.444571,-0.088148,2.687519,1.617709,-3.563496,-0.489899,1.801848,-0.070086,-3.484848,1.010323,0.982772,3.665526,-0.729317,3.781541,1.528094
3121,60.840000,-0.203323,1.456830,-0.097158,2.015970,1.502835,-3.370688,0.028291,1.880129,0.588413,-3.044405,0.900051,0.163236,3.082310,-1.347712,2.739332,0.976221
3122,60.860000,0.125919,1.499410,0.257286,1.071019,1.562949,-3.079037,0.515758,1.797591,1.092880,-2.584857,0.979349,-0.556919,2.471317,-1.694633,1.630250,1.006914
3123,60.880000,0.142172,1.565669,0.820211,0.454001,1.473796,-2.695580,0.733516,1.749192,1.454913,-2.127498,0.928762,-0.973244,1.950955,-1.722589,0.868602,1.035696
3124,60.900000,-0.000859,1.645305,1.311747,0.348975,1.443015,-2.456251,0.678180,1.633725,1.290411,-1.913911,0.891548,-1.021020,2.050155,-1.458408,0.777140,1.071279
3125,60.920000,-0.025314,1.610398,1.430632,0.392946,1.199837,-2.297012,0.461178,1.402402,0.815667,-1.952219,0.882227,-0.964519,2.207753,-1.062951,0.749085,1.052089
3126,60.940000,0.027551,1.573250,1.460834,0.301230,0.919541,-2.239023,0.343030,1.212606,0.249688,-2.006832,0.977673,-0.919176,2.471156,-0.603125,0.958700,0.945687
3127,60.960000,0.056234,1.576347,1.249076,0.250727,0.863110,-2.132700,0.218069,1.006634,-0.197384,-2.190804,1.041776,-0.843861,2.511603,-0.180110,1.160056,0.899118
3128,60.980000,0.115305,1.503977,0.829289,0.167335,0.849081,-2.029570,0.138105,0.900162,-0.643113,-2.315279,1.076761,-0.756725,2.505259,0.182417,1.359935,0.960456
3129,61.000000,0.149588,1.418135,0.492473,0.100409,0.851867,-1.978873,0.072471,0.841305,-1.022869,-2.388722,1.096668,-0.637656,2.482776,0.404559,1.563421,0.957883
3130,61.020000,0.064227,1.163308,0.146554,0.061147,0.871872,-1.995279,-0.010258,0.822271,-1.340119,-2.297295,1.068097,-0.711409,2.348516,0.502268,1.594503,0.961010
3131,61.040000,0.109290,1.207912,-0.037509,-0.037616,0.913387,-1.907844,-0.019139,0.838424,-1.423885,-2.385775,1.027273,-0.523258,2.172655,0.454305,1.504457,0.955739
3132,61.060000,0.143908,1.098422,-0.171283,-0.087223,0.948630,-1.894796,-0.106542,0.782103,-1.504825,-2.447736,0.953692,-0.380951,1.873091,0.330564,1.200944,0.820577
3133,61.080000,0.112103,0.938550,-0.214591,-0.110197,0.840617,-1.893561,-0.177549,0.748843,-1.479244,-2.418892,0.888004,-0.468749,1.686617,0.103404,0.788819,0.693614
3134,61.100000,0.102426,0.941388,-0.104739,-0.227425,0.774370,-1.885116,-0.254750,0.725185,-1.561839,-2.331445,0.798207,-0.532016,1.606424,-0.174999,0.537866,0.434166
3135,61.120000,0.100471,0.981030,0.031890,-0.335621,0.724692,-1.894184,-0.306593,0.710180,-1.587770,-2.268351,0.765962,-0.588035,1.656260,-0.355747,0.492654,0.292166
3136,61.140000,0.056176,0.969337,0.184170,-0.398176,0.665238,-1.932102,-0.364517,0.702780,-1.624095,-2.133932,0.729018,-0.715742,1.693401,-0.423101,0.523860,0.216829
3137,61.160000,0.021795,1.041771,0.369481,-0.408044,0.690425,-1.995692,-0.370803,0.743929,-1.613837,-2.085751,0.766119,-0.789770,1.913999,-0.348552,0.783035,0.306669
3138,61.180000,-0.046638,1.131324,0.448184,-0.318537,0.813983,-2.112124,-0.396781,0.776326,-1.615172,-2.020875,0.832898,-0.840955,2.160786,-0.240189,1.115971,0.445469
3139,61.200000,-0.117825,1.283151,0.525998,-0.241915,0.918923,-2.175565,-0.335945,0.875977,-1.416350,-2.093924,0.914763,-0.807744,2.405310,-0.120775,1.404723,0.636029
3140,61.220000,-0.185482,1.359677,0.537652,-0.080994,0.983642,-2.244244,-0.300320,0.949811,-1.103361,-2.264073,0.951753,-0.770480,2.504456,-0.114369,1.476053,0.726270
3141,61.240000,-0.257611,1.397824,0.493661,0.130740,1.104458,-2.280766,-0.304697,1.051939,-0.703928,-2.397130,1.000624,-0.840461,2.520577,-0.147878,1.347917,0.948945
3142,61.260000,-0.286934,1.587016,0.473382,0.282369,1.172238,-2.313245,-0.266407,1.153063,-0.338974,-2.564414,1.069073,-0.782906,2.568362,-0.203637,1.198879,1.131587
3143,61.280000,-0.367366,1.708401,0.518474,0.455078,1.202122,-2.391967,-0.267778,1.279877,-0.059083,-2.684109,1.140874,-0.746542,2.758974,-0.197822,1.138525,1.281709
3144,61.300000,-0.449138,1.763583,0.543467,0.648946,1.170991,-2.477545,-0.306952,1.370146,0.182965,-2.845024,1.106461,-0.691118,2.884086,-0.255139,0.982080,1.243756
3145,61.320000,-0.517685,1.807342,0.573677,0.723531,1.102733,-2.500723,-0.403068,1.403093,0.049658,-2.760712,1.031928,-0.668337,2.992269,-0.299623,0.970652,0.966957
3146,61.340000,-0.498371,1.833906,0.678635,0.819335,1.169653,-2.462233,-0.446193,1.371421,0.083034,-2.856903,1.042390,-0.632489,3.007332,-0.272558,0.913979,0.855570
3147,61.360000,-0.488378,1.686519,0.680130,0.816940,1.154440,-2.424628,-0.496144,1.353765,-0.069049,-2.762538,1.021083,-0.708480,2.981786,-0.262049,0.914642,0.769571
3148,61.380000,-0.452654,1.715508,0.645678,0.773286,1.143711,-2.376903,-0.525732,1.266129,-0.250946,-2.737931,0.975883,-0.733505,2.866860,-0.258736,0.909737,0.689322
3149,61.400000,-0.402024,1.774067,0.620779,0.745066,1.168059,-2.363927,-0.519636,1.194312,-0.394318,-2.808827,0.966470,-0.678163,2.816310,-0.131405,0.983265,0.658430
3150,61.420000,-0.356027,1.618889,0.516169,0.758042,1.111612,-2.382493,-0.579312,1.164114,-0.674839,-2.764460,0.990075,-0.699260,2.871639,0.001561,1.151412,0.648234
3151,61.440000,-0.307645,1.652848,0.451752,0.771705,1.143231,-2.341011,-0.578596,1.109103,-0.707135,-2.932340,0.967606,-0.604765,2.797371,0.049838,1.196910,0.645252
3152,61.460000,-0.215180,1.496577,0.237508,0.763678,1.161979,-2.303985,-0.576128,0.961777,-0.884174,-3.002641,0.965473,-0.621886,2.551206,0.085084,0.996037,0.652919
3153,61.480000,-0.255769,1.439588,0.353377,0.660933,1.099343,-2.303858,-0.562224,0.962034,-0.942563,-2.916237,0.916543,-0.669356,2.446465,0.046362,0.945588,0.583794
3154,61.500000,-0.270213,1.508878,0.462818,0.619017,1.096626,-2.311853,-0.550367,0.959630,-1.028561,-2.906130,0.901373,-0.665929,2.494923,0.051553,1.044623,0.504683
3155,61.520000,-0.238391,1.367025,0.307741,0.647610,1.062633,-2.344932,-0.566525,0.891502,-1.151733,-2.928875,0.873361,-0.715855,2.457808,-0.002289,0.955077,0.468077
3156,61.540000,-0.232187,1.470448,0.406270,0.555505,1.036281,-2.314117,-0.530340,0.899639,-1.090822,-2.956975,0.853826,-0.676014,2.422330,-0.068945,0.922394,0.372603
3157,61.560000,-0.249754,1.459062,0.479055,0.531022,1.003687,-2.327483,-0.554640,0.902636,-1.097098,-2.919548,0.820956,-0.737704,2.413902,-0.124856,0.957019,0.250801
3158,61.580000,-0.273508,1.397630,0.477983,0.523789,1.023039,-2.311157,-0.569921,0.888093,-1.035582,-2.882350,0.807969,-0.809252,2.370939,-0.165221,0.905654,0.331920
3159,61.600000,-0.275975,1.520052,0.540453,0.488616,1.020159,-2.295798,-0.544241,0.878453,-0.936495,-2.887234,0.819911,-0.842530,2.316018,-0.144255,0.858567,0.411625
3160,61.620000,-0.273416,1.541909,0.557943,0.455687,1.025816,-2.290922,-0.532924,0.882710,-0.867936,-2.869720,0.845942,-0.880892,2.312715,-0.107511,0.813272,0.518385
3161,61.640000,-0.305331,1.551929,0.563198,0.454467,1.042815,-2.295097,-0.511840,0.901042,-0.755726,-2.850689,0.850441,-0.928475,2.310430,-0.089189,0.734746,0.626866
3162,61.660000,-0.332961,1.487992,0.535185,0.430516,1.042253,-2.300170,-0.516336,0.917439,-0.752140,-2.722495,0.845645,-0.995445,2.285238,-0.078694,0.664299,0.674283
3163,61.680000,-0.353982,1.612747,0.591609,0.399675,1.061911,-2.261569,-0.469765,0.918152,-0.662900,-2.683040,0.846955,-0.973000,2.199151,-0.075815,0.644286,0.704379
3164,61.700000,-0.356984,1.638804,0.613444,0.371389,1.060102,-2.264729,-0.447251,0.911966,-0.647411,-2.658215,0.839126,-0.938682,2.158630,-0.090065,0.644745,0.689812
3165,61.720000,-0.335253,1.634221,0.599331,0.354542,1.070367,-2.273246,-0.447457,0.946130,-0.710473,-2.562984,0.872593,-0.935425,2.243068,-0.042405,0.705117,0.738356
3166,61.740000,-0.331315,1.597740,0.539570,0.360848,1.081966,-2.270701,-0.458266,0.942135,-0.714400,-2.540587,0.867920,-0.942924,2.236143,-0.019228,0.735422,0.765678
3167,61.760000,-0.315387,1.584804,0.481805,0.334824,1.089781,-2.250004,-0.444328,0.936713,-0.743332,-2.497369,0.877439,-0.926850,2.202310,-0.008453,0.725620,0.757570
3168,61.780000,-0.290093,1.509191,0.413238,0.306311,1.092917,-2.247268,-0.448299,0.929383,-0.810007,-2.414849,0.886124,-0.952681,2.103145,0.012933,0.674954,0.771184
3169,61.800000,-0.269960,1.527781,0.376878,0.258736,1.095150,-2.208363,-0.425755,0.891507,-0.803519,-2.425876,0.857081,-0.908423,1.940848,-0.010799,0.569929,0.742087
3170,61.820000,-0.270539,1.481642,0.356722,0.219961,1.086066,-2.215706,-0.427198,0.881882,-0.898035,-2.326936,0.876452,-0.929619,1.882766,0.018413,0.547246,0.719578
3171,61.840000,-0.280636,1.462113,0.367388,0.216811,1.073135,-2.214321,-0.425243,0.861409,-0.957833,-2.302785,0.853998,-0.922739,1.842061,-0.001082,0.561397,0.694145
3172,61.860000,-0.277130,1.573074,0.420453,0.205827,1.107130,-2.205385,-0.403989,0.861096,-0.937576,-2.346933,0.860504,-0.829161,1.881955,0.015353,0.634235,0.671304
3173,61.880000,-0.269280,1.588007,0.421510,0.208077,1.105122,-2.214310,-0.394429,0.872258,-0.945300,-2.358205,0.895298,-0.797587,2.001770,0.106081,0.731281,0.711433
3174,61.900000,-0.286103,1.585216,0.389809,0.246793,1.110878,-2.221229,-0.402605,0.891036,-0.855426,-2.423656,0.897755,-0.772558,2.109811,0.162111,0.753516,0.784514
3175,61.920000,-0.315544,1.549610,0.367600,0.273945,1.126991,-2.250968,-0.420449,0.923481,-0.857967,-2.379998,0.904447,-0.783073,2.200209,0.183221,0.801926,0.785836
3176,61.940000,-0.316004,1.528768,0.320531,0.327069,1.133167,-2.252010,-0.439405,0.928343,-0.813123,-2.424428,0.893212,-0.787540,2.192724,0.152944,0.776999,0.792174
3177,61.960000,-0.334015,1.537097,0.344302,0.337080,1.145077,-2.260731,-0.435052,0.942979,-0.763034,-2.424396,0.882941,-0.797479,2.148441,0.121133,0.694838,0.764644
3178,61.980000,-0.340810,1.535787,0.327265,0.340489,1.141500,-2.285907,-0.431426,0.951276,-0.777001,-2.411805,0.884498,-0.807611,2.133321,0.089073,0.657568,0.725093
3179,62.000000,-0.362658,1.563409,0.397674,0.369910,1.151047,-2.295477,-0.439897,0.970375,-0.809272,-2.394681,0.869585,-0.827129,2.171429,0.060843,0.729492,0.698400
3180,62.020000,-0.373333,1.693420,0.426286,0.413286,1.178802,-2.329993,-0.427431,0.996903,-0.726946,-2.478703,0.908822,-0.739066,2.305560,0.090895,0.849535,0.713137
3181,62.040000,-0.371673,1.725513,0.365094,0.483574,1.205036,-2.358671,-0.426470,1.034111,-0.647266,-2.578886,0.955228,-0.686886,2.463223,0.163565,0.922230,0.797595
3182,62.060000,-0.359282,1.743064,0.359101,0.515599,1.214103,-2.371939,-0.428669,1.071949,-0.586043,-2.661341,0.979542,-0.651288,2.602460,0.206807,0.965912,0.881030
3183,62.080000,-0.380773,1.697227,0.302484,0.574931,1.217896,-2.400454,-0.459976,1.099473,-0.528428,-2.708233,0.972586,-0.660960,2.633804,0.196432,0.926221,0.876698
3184,62.100000,-0.391079,1.734373,0.298462,0.587270,1.320805,-2.401871,-0.471722,1.118441,-0.486961,-2.714194,0.976676,-0.629133,2.609255,0.225938,0.892467,0.922350
3185,62.120000,-0.404456,1.635903,0.290026,0.586392,1.252596,-2.398946,-0.491280,1.142672,-0.537750,-2.647495,0.968078,-0.727495,2.626748,0.211725,0.906681,0.930436
3186,62.140000,-0.422394,1.651069,0.310627,0.582551,1.236980,-2.408257,-0.495530,1.124083,-0.559530,-2.612504,0.934442,-0.735084,2.591028,0.120348,0.899315,0.838273
3187,62.160000,-0.373179,1.765623,0.345352,0.547969,1.304153,-2.341741,-0.470440,1.079077,-0.507612,-2.669386,0.947120,-0.672854,2.472961,0.112242,0.827492,0.851082
3188,62.180000,-0.373279,1.584920,0.331421,0.485900,1.196781,-2.342069,-0.505587,1.069547,-0.657352,-2.507459,0.918664,-0.799992,2.468637,0.094685,0.824366,0.805088
3189,62.200000,-0.372805,1.737958,0.361403,0.470955,1.232903,-2.324924,-0.486144,1.025140,-0.643943,-2.562093,0.927383,-0.761033,2.427312,0.094781,0.803546,0.824518
