inference_index,sim_time,policy_id,cmd_x,cmd_y,cmd_yaw
305,4.520000,3,-0.000000,-0.000000,-0.000000
306,4.540000,3,-0.000000,-0.000000,-0.000000
307,4.560000,3,-0.000000,-0.000000,-0.000000
308,4.580000,3,-0.000000,-0.000000,-0.000000
309,4.600000,3,-0.000000,-0.000000,-0.000000
310,4.620000,3,-0.000000,-0.000000,-0.000000
311,4.640000,3,-0.000000,-0.000000,-0.000000
312,4.660000,3,-0.000000,-0.000000,-0.000000
313,4.680000,3,-0.000000,-0.000000,-0.000000
314,4.700000,3,-0.000000,-0.000000,-0.000000
315,4.720000,3,-0.000000,-0.000000,-0.000000
316,4.740000,3,-0.000000,-0.000000,-0.000000
317,4.760000,3,-0.000000,-0.000000,-0.000000
318,4.780000,3,-0.000000,-0.000000,-0.000000
319,4.800000,3,-0.000000,-0.000000,-0.000000
320,4.820000,3,-0.000000,-0.000000,-0.000000
321,4.840000,3,-0.000000,-0.000000,-0.000000
322,4.860000,3,-0.000000,-0.000000,-0.000000
323,4.880000,3,-0.000000,-0.000000,-0.000000
324,4.900000,3,-0.000000,-0.000000,-0.000000
325,4.920000,3,-0.000000,-0.000000,-0.000000
326,4.940000,3,-0.000000,-0.000000,-0.000000
327,4.960000,3,-0.000000,-0.000000,-0.000000
328,4.980000,3,0.005127,-0.000000,-0.000000
329,5.000000,3,0.041841,-0.000000,-0.000000
330,5.020000,3,0.077364,-0.000000,-0.000000
331,5.040000,3,0.138524,-0.000000,-0.000000
332,5.060000,3,0.178503,-0.000000,-0.000000
333,5.080000,3,0.275643,0.000671,-0.000000
334,5.100000,3,0.390332,0.001251,-0.000000
335,5.120000,3,0.474776,0.013520,-0.000000
336,5.140000,3,0.525925,0.032838,-0.000000
337,5.160000,3,0.538896,0.042604,-0.000000
338,5.180000,3,0.542283,0.044252,-0.000000
339,5.200000,3,0.548418,0.044588,-0.000000
340,5.220000,3,0.555040,0.045320,-0.000000
341,5.240000,3,0.558153,0.045595,-0.000000
342,5.260000,3,0.560686,0.045503,-0.000000
343,5.280000,3,0.567034,0.045351,-0.000000
344,5.300000,3,0.597491,0.045534,-0.000000
345,5.320000,3,0.651082,0.046327,-0.000000
346,5.340000,3,0.736290,0.046846,-0.000000
347,5.360000,3,0.800043,0.047914,-0.000000
348,5.380000,3,0.821528,0.048158,-0.000000
349,5.400000,3,0.824702,0.048158,-0.000000
350,5.420000,3,0.824915,0.048311,-0.000000
351,5.440000,3,0.824915,0.048311,-0.000000
352,5.460000,3,0.827998,0.048372,-0.000000
353,5.480000,3,0.831477,0.048372,-0.000000
354,5.500000,3,0.850703,0.048555,-0.000000
355,5.520000,3,0.878506,0.048799,-0.000000
356,5.540000,3,0.898648,0.048982,-0.000000
357,5.560000,3,0.922666,0.049165,-0.000000
358,5.580000,3,0.950041,0.049348,-0.000000
359,5.600000,3,0.978912,0.049593,-0.000000
360,5.620000,3,1.000000,0.049776,-0.000000
361,5.640000,3,1.000000,0.049837,-0.000000
362,5.660000,3,1.000000,0.049837,-0.000000
363,5.680000,3,1.000000,0.049837,-0.000000
364,5.700000,3,1.000000,0.049837,-0.000000
365,5.720000,3,0.993042,0.049837,-0.000000
366,5.740000,3,0.967864,0.049837,-0.000000
367,5.760000,3,0.937773,0.045961,-0.000000
368,5.780000,3,0.901914,0.012635,-0.000000
369,5.800000,3,0.868709,-0.000000,-0.000000
370,5.820000,3,0.847377,-0.003693,-0.000000
371,5.840000,3,0.821741,-0.010987,-0.000000
372,5.860000,3,0.775933,-0.019715,-0.000000
373,5.880000,3,0.738060,-0.040681,-0.000000
374,5.900000,3,0.714896,-0.077059,-0.000000
375,5.920000,3,0.672292,-0.145756,-0.000000
376,5.940000,3,0.638386,-0.171789,-0.000000
377,5.960000,3,0.623432,-0.177465,-0.000000
378,5.980000,3,0.596942,-0.177282,-0.000000
379,6.000000,3,0.525956,-0.173132,-0.000000
380,6.020000,3,0.450301,-0.167028,-0.000000
381,6.040000,3,0.407056,-0.163915,-0.000000
382,6.060000,3,0.362865,-0.159825,-0.000000
383,6.080000,3,0.322550,-0.155644,-0.000000
384,6.100000,3,0.317820,-0.154088,-0.000000
385,6.120000,3,0.315531,-0.153508,-0.000000
386,6.140000,3,0.314371,-0.153508,-0.000000
387,6.160000,3,0.314066,-0.153508,-0.000000
388,6.180000,3,0.313791,-0.159764,-0.000000
389,6.200000,3,0.315989,-0.171056,-0.000000
390,6.220000,3,0.317087,-0.177343,-0.000000
391,6.240000,3,0.324717,-0.180883,-0.000000
392,6.260000,3,0.340007,-0.183752,-0.000000
393,6.280000,3,0.345164,-0.199683,-0.000000
394,6.300000,3,0.350810,-0.235054,-0.000000
395,6.320000,3,0.356975,-0.276162,-0.000000
396,6.340000,3,0.361858,-0.306040,-0.000000
397,6.360000,3,0.364574,-0.333903,-0.000000
398,6.380000,3,0.367870,-0.349528,-0.000000
399,6.400000,3,0.371502,-0.360881,-0.000000
400,6.420000,3,0.377880,-0.373028,-0.000000
401,6.440000,3,0.383618,-0.381756,-0.000000
402,6.460000,3,0.386639,-0.384198,-0.000000
403,6.480000,3,0.387219,-0.385113,-0.000000
404,6.500000,3,0.387280,-0.385907,-0.000000
405,6.520000,3,0.387188,-0.386334,-0.025956
406,6.540000,3,0.387310,-0.386914,-0.183798
407,6.560000,3,0.387310,-0.385540,-0.431913
408,6.580000,3,0.387371,-0.383007,-0.565996
409,6.600000,3,0.391247,-0.374401,-0.716285
410,6.620000,3,0.392010,-0.361217,-0.836406
411,6.640000,3,0.390790,-0.350719,-0.898251
412,6.660000,3,0.389111,-0.340678,-0.918439
413,6.680000,3,0.386731,-0.328440,-0.922239
414,6.700000,3,0.383953,-0.305948,-0.923246
415,6.720000,3,0.379955,-0.278512,-0.842586
416,6.740000,3,0.377361,-0.249855,-0.609989
417,6.760000,3,0.377544,-0.213965,-0.251320
418,6.780000,3,0.406049,-0.158696,-0.000000
419,6.800000,3,0.441847,-0.103153,-0.000000
420,6.820000,3,0.484237,-0.065188,-0.000000
421,6.840000,3,0.530869,-0.043611,-0.000000
422,6.860000,3,0.557848,-0.036012,-0.000000
423,6.880000,3,0.580462,-0.035066,-0.000000
424,6.900000,3,0.605731,-0.035066,-0.000000
425,6.920000,3,0.629963,-0.035340,-0.000000
426,6.940000,3,0.654256,-0.035585,-0.000000
427,6.960000,3,0.685110,-0.035951,-0.000000
428,6.980000,3,0.728141,-0.036317,-0.000000
429,7.000000,3,0.769707,-0.037233,-0.000000
430,7.020000,3,0.801477,-0.037629,-0.000000
431,7.040000,3,0.828516,-0.037873,-0.000000
432,7.060000,3,0.857448,-0.037812,-0.000000
433,7.080000,3,0.894742,-0.037812,-0.000000
434,7.100000,3,0.926542,-0.039247,-0.000000
435,7.120000,3,0.968871,-0.043123,-0.000000
436,7.140000,3,1.000000,-0.044984,-0.000000
437,7.160000,3,1.000000,-0.045412,-0.000000
438,7.180000,3,1.000000,-0.045717,-0.000000
439,7.200000,3,1.000000,-0.046571,-0.000000
440,7.220000,3,1.000000,-0.046724,-0.000000
441,7.240000,3,1.000000,-0.046419,-0.000000
442,7.260000,3,1.000000,-0.046419,-0.000000
443,7.280000,3,1.000000,-0.046419,-0.000000
444,7.300000,3,1.000000,-0.046419,-0.000000
445,7.320000,3,1.000000,-0.046571,-0.000000
446,7.340000,3,1.000000,-0.047304,-0.000000
447,7.360000,3,1.000000,-0.051363,-0.000000
448,7.380000,3,1.000000,-0.062288,-0.000000
449,7.400000,3,1.000000,-0.069582,-0.000000
450,7.420000,3,1.000000,-0.076113,-0.000000
451,7.440000,3,1.000000,-0.112522,-0.052004
452,7.460000,3,1.000000,-0.147679,-0.155828
453,7.480000,3,1.000000,-0.163457,-0.291101
454,7.500000,3,1.000000,-0.168371,-0.386547
455,7.520000,3,1.000000,-0.170110,-0.437361
456,7.540000,3,1.000000,-0.170415,-0.468810
457,7.560000,3,1.000000,-0.170415,-0.495178
458,7.580000,3,1.000000,-0.170415,-0.506256
459,7.600000,3,1.000000,-0.170415,-0.509323
460,7.620000,3,1.000000,-0.170934,-0.512757
461,7.640000,3,1.000000,-0.170995,-0.512940
462,7.660000,3,1.000000,-0.171117,-0.513443
463,7.680000,3,1.000000,-0.171117,-0.514084
464,7.700000,3,1.000000,-0.171026,-0.514084
465,7.720000,3,1.000000,-0.171026,-0.514771
466,7.740000,3,1.000000,-0.171026,-0.516511
467,7.760000,3,1.000000,-0.171026,-0.518204
468,7.780000,3,1.000000,-0.171026,-0.517655
469,7.800000,3,1.000000,-0.171026,-0.517655
470,7.820000,3,1.000000,-0.171026,-0.518937
471,7.840000,3,1.000000,-0.171026,-0.519166
472,7.860000,3,1.000000,-0.171026,-0.519166
473,7.880000,3,1.000000,-0.171026,-0.520310
474,7.900000,3,1.000000,-0.171026,-0.520539
475,7.920000,3,1.000000,-0.171026,-0.520539
476,7.940000,3,1.000000,-0.171026,-0.520539
477,7.960000,3,1.000000,-0.171026,-0.520539
478,7.980000,3,1.000000,-0.171026,-0.520539
479,8.000000,3,1.000000,-0.171026,-0.520539
480,8.020000,3,1.000000,-0.171026,-0.520539
481,8.040000,3,1.000000,-0.171026,-0.520539
482,8.060000,3,1.000000,-0.171026,-0.493988
483,8.080000,3,1.000000,-0.171026,-0.465789
484,8.100000,3,1.000000,-0.171026,-0.445189
485,8.120000,3,1.000000,-0.171026,-0.434980
486,8.140000,3,1.000000,-0.171026,-0.430769
487,8.160000,3,1.000000,-0.171026,-0.430357
488,8.180000,3,1.000000,-0.171026,-0.430677
489,8.200000,3,1.000000,-0.171026,-0.431135
490,8.220000,3,1.000000,-0.171026,-0.432005
491,8.240000,3,1.000000,-0.171026,-0.428846
492,8.260000,3,1.000000,-0.171026,-0.348186
493,8.280000,3,1.000000,-0.171026,-0.228935
494,8.300000,3,1.000000,-0.171026,-0.000000
495,8.320000,3,1.000000,-0.171026,-0.000000
496,8.340000,3,1.000000,-0.171026,-0.000000
497,8.360000,3,1.000000,-0.171026,-0.000000
498,8.380000,3,1.000000,-0.171026,-0.000000
499,8.400000,3,1.000000,-0.171026,-0.000000
500,8.420000,3,1.000000,-0.171026,-0.000000
501,8.440000,3,1.000000,-0.171026,-0.000000
502,8.460000,3,1.000000,-0.171026,-0.000000
503,8.480000,3,1.000000,-0.171026,-0.000000
504,8.500000,3,1.000000,-0.171026,-0.000000
505,8.520000,3,1.000000,-0.171026,-0.000000
506,8.540000,3,1.000000,-0.171484,-0.000000
507,8.560000,3,1.000000,-0.171484,-0.000000
508,8.580000,3,1.000000,-0.171484,-0.000000
509,8.600000,3,1.000000,-0.171484,-0.000000
510,8.620000,3,1.000000,-0.171056,-0.000000
511,8.640000,3,1.000000,-0.171056,-0.000000
512,8.660000,3,1.000000,-0.171178,-0.000000
513,8.680000,3,1.000000,-0.171178,-0.000000
514,8.700000,3,1.000000,-0.171575,-0.000000
515,8.720000,3,1.000000,-0.171575,-0.000000
516,8.740000,3,1.000000,-0.171575,-0.000000
517,8.760000,3,1.000000,-0.171575,-0.000000
518,8.780000,3,1.000000,-0.169988,-0.000000
519,8.800000,3,1.000000,-0.167638,-0.000000
520,8.820000,3,1.000000,-0.165410,-0.000000
521,8.840000,3,1.000000,-0.162877,-0.000000
522,8.860000,3,1.000000,-0.161779,-0.000000
523,8.880000,3,1.000000,-0.161107,-0.000000
524,8.900000,3,1.000000,-0.160924,-0.000000
525,8.920000,3,1.000000,-0.160924,-0.000000
526,8.940000,3,1.000000,-0.160924,-0.000000
527,8.960000,3,1.000000,-0.160924,-0.000000
528,8.980000,3,1.000000,-0.160924,-0.000000
529,9.000000,3,1.000000,-0.160924,-0.000000
530,9.020000,3,1.000000,-0.160924,-0.000000
531,9.040000,3,1.000000,-0.160924,-0.000000
532,9.060000,3,1.000000,-0.160924,-0.000000
533,9.080000,3,1.000000,-0.160924,-0.000000
534,9.100000,3,1.000000,-0.160924,-0.000000
535,9.120000,3,1.000000,-0.160924,-0.000000
536,9.140000,3,1.000000,-0.160924,-0.000000
537,9.160000,3,1.000000,-0.160924,-0.000000
538,9.180000,3,1.000000,-0.160924,-0.000000
539,9.200000,3,1.000000,-0.160924,-0.000000
540,9.220000,3,1.000000,-0.160924,-0.000000
541,9.240000,3,1.000000,-0.160924,-0.000000
542,9.260000,3,1.000000,-0.160924,-0.000000
543,9.280000,3,1.000000,-0.160924,-0.000000
544,9.300000,3,1.000000,-0.160924,-0.000000
545,9.320000,3,1.000000,-0.160924,-0.000000
546,9.340000,3,1.000000,-0.160924,-0.000000
547,9.360000,3,1.000000,-0.160924,-0.000000
548,9.380000,3,1.000000,-0.160924,-0.000000
549,9.400000,3,1.000000,-0.160924,-0.000000
550,9.420000,3,1.000000,-0.160924,-0.000000
551,9.440000,3,1.000000,-0.160924,-0.000000
552,9.460000,3,1.000000,-0.160924,-0.000000
553,9.480000,3,1.000000,-0.160924,-0.000000
554,9.500000,3,1.000000,-0.160527,-0.000000
555,9.520000,3,1.000000,-0.160100,-0.000000
556,9.540000,3,1.000000,-0.160436,-0.000000
557,9.560000,3,1.000000,-0.160436,-0.000000
558,9.580000,3,1.000000,-0.160436,-0.000000
559,9.600000,3,1.000000,-0.160436,-0.000000
560,9.620000,3,1.000000,-0.160436,-0.000000
561,9.640000,3,1.000000,-0.160436,-0.000000
562,9.660000,3,1.000000,-0.160863,-0.000000
563,9.680000,3,1.000000,-0.160772,-0.000000
564,9.700000,3,1.000000,-0.160772,-0.000000
565,9.720000,3,1.000000,-0.160772,-0.000000
566,9.740000,3,1.000000,-0.161229,-0.000000
567,9.760000,3,1.000000,-0.161229,-0.000000
568,9.780000,3,1.000000,-0.161229,-0.000000
569,9.800000,3,1.000000,-0.160924,-0.000000
570,9.820000,3,1.000000,-0.160924,-0.000000
571,9.840000,3,1.000000,-0.160924,-0.000000
572,9.860000,3,1.000000,-0.160924,-0.000000
573,9.880000,3,1.000000,-0.160924,-0.000000
574,9.900000,3,1.000000,-0.160924,-0.000000
575,9.920000,3,1.000000,-0.160924,-0.000000
576,9.940000,3,1.000000,-0.160924,-0.000000
577,9.960000,3,1.000000,-0.160924,-0.000000
578,9.980000,3,1.000000,-0.166997,-0.000000
579,10.000000,3,1.000000,-0.187170,-0.000000
580,10.020000,3,1.000000,-0.205176,-0.000000
581,10.040000,3,1.000000,-0.222907,-0.000000
582,10.060000,3,1.000000,-0.230964,-0.000000
583,10.080000,3,1.000000,-0.233528,-0.000000
584,10.100000,3,1.000000,-0.234809,-0.000000
585,10.120000,3,1.000000,-0.235572,-0.000000
586,10.140000,3,1.000000,-0.235786,-0.000000
587,10.160000,3,1.000000,-0.235786,-0.000000
588,10.180000,3,1.000000,-0.235786,-0.000000
589,10.200000,3,1.000000,-0.235786,-0.000000
590,10.220000,3,1.000000,-0.235786,-0.000000
591,10.240000,3,1.000000,-0.235786,-0.000000
592,10.260000,3,1.000000,-0.235786,-0.000000
593,10.280000,3,1.000000,-0.235847,-0.000000
594,10.300000,3,1.000000,-0.235847,-0.000000
595,10.320000,3,1.000000,-0.235847,-0.000000
596,10.340000,3,1.000000,-0.235847,-0.000000
597,10.360000,3,1.000000,-0.235847,-0.000000
598,10.380000,3,1.000000,-0.235847,-0.000000
599,10.400000,3,1.000000,-0.235847,-0.010025
600,10.420000,3,1.000000,-0.235847,-0.055345
601,10.440000,3,1.000000,-0.235847,-0.094485
602,10.460000,3,1.000000,-0.235847,-0.144704
603,10.480000,3,1.000000,-0.235847,-0.201697
604,10.500000,3,1.000000,-0.235847,-0.242256
605,10.520000,3,1.000000,-0.237495,-0.283776
606,10.540000,3,1.000000,-0.239570,-0.320673
607,10.560000,3,1.000000,-0.240211,-0.347682
608,10.580000,3,1.000000,-0.241188,-0.361415
609,10.600000,3,1.000000,-0.242286,-0.364711
610,10.620000,3,1.000000,-0.242927,-0.366863
611,10.640000,3,1.000000,-0.243141,-0.367183
612,10.660000,3,1.000000,-0.243660,-0.367275
613,10.680000,3,1.000000,-0.244209,-0.368465
614,10.700000,3,1.000000,-0.244209,-0.370113
615,10.720000,3,1.000000,-0.243934,-0.370296
616,10.740000,3,1.000000,-0.244453,-0.376843
617,10.760000,3,1.000000,-0.244575,-0.406781
618,10.780000,3,1.000000,-0.244484,-0.472564
619,10.800000,3,1.000000,-0.244484,-0.574694
620,10.820000,3,1.000000,-0.243751,-0.685339
621,10.840000,3,1.000000,-0.243751,-0.785684
622,10.860000,3,1.000000,-0.243751,-0.865749
623,10.880000,3,1.000000,-0.243751,-0.903882
624,10.900000,3,1.000000,-0.243751,-0.919126
625,10.920000,3,1.000000,-0.243751,-0.923429
626,10.940000,3,1.000000,-0.243751,-0.928739
627,10.960000,3,1.000000,-0.243751,-0.931440
628,10.980000,3,1.000000,-0.243751,-0.932447
629,11.000000,3,1.000000,-0.243751,-0.936064
630,11.020000,3,1.000000,-0.243751,-0.956069
631,11.040000,3,1.000000,-0.243751,-0.983581
632,11.060000,3,1.000000,-0.243751,-1.000153
633,11.080000,3,1.000000,-0.243751,-1.007797
634,11.100000,3,1.000000,-0.243751,-1.011322
635,11.120000,3,1.000000,-0.243751,-1.012009
636,11.140000,3,1.000000,-0.243751,-0.989944
637,11.160000,3,1.000000,-0.243751,-0.832011
638,11.180000,3,1.000000,-0.243751,-0.534913
639,11.200000,3,1.000000,-0.243751,-0.219138
640,11.220000,3,1.000000,-0.243751,-0.043580
641,11.240000,3,1.000000,-0.243751,-0.000000
642,11.260000,3,1.000000,-0.243751,-0.000000
643,11.280000,3,1.000000,-0.243751,-0.000000
644,11.300000,3,1.000000,-0.243751,-0.000000
645,11.320000,3,1.000000,-0.243751,-0.000000
646,11.340000,3,1.000000,-0.243751,-0.003113
647,11.360000,3,1.000000,-0.243751,-0.001740
648,11.380000,3,1.000000,-0.243751,-0.002289
649,11.400000,3,1.000000,-0.243751,-0.004486
650,11.420000,3,1.000000,-0.243751,-0.004578
651,11.440000,3,1.000000,-0.243751,-0.005264
652,11.460000,3,1.000000,-0.243751,-0.006638
653,11.480000,3,1.000000,-0.243751,-0.002655
654,11.500000,3,1.000000,-0.249947,-0.000000
655,11.520000,3,1.000000,-0.259255,-0.000000
656,11.540000,3,1.000000,-0.273904,-0.000000
657,11.560000,3,1.000000,-0.279611,-0.000000
658,11.580000,3,1.000000,-0.284097,-0.000000
659,11.600000,3,1.000000,-0.285867,-0.000000
660,11.620000,3,1.000000,-0.287667,-0.000000
661,11.640000,3,1.000000,-0.288461,-0.000000
662,11.660000,3,1.000000,-0.289499,-0.000000
663,11.680000,3,1.000000,-0.290994,-0.000000
664,11.700000,3,1.000000,-0.292398,-0.000000
665,11.720000,3,1.000000,-0.294198,-0.000000
666,11.740000,3,1.000000,-0.295114,-0.000000
667,11.760000,3,1.000000,-0.297098,-0.000000
668,11.780000,3,1.000000,-0.297983,-0.000000
669,11.800000,3,1.000000,-0.298715,-0.000000
670,11.820000,3,1.000000,-0.299539,-0.000000
671,11.840000,3,1.000000,-0.300180,-0.000000
672,11.860000,3,1.000000,-0.300974,-0.000000
673,11.880000,3,1.000000,-0.301157,-0.000000
674,11.900000,3,1.000000,-0.301157,-0.000000
675,11.920000,3,1.000000,-0.301157,-0.000000
676,11.940000,3,1.000000,-0.301157,-0.000000
677,11.960000,3,1.000000,-0.301157,-0.008927
678,11.980000,3,1.000000,-0.301157,-0.095172
679,12.000000,3,1.000000,-0.301157,-0.165716
680,12.020000,3,1.000000,-0.301157,-0.220054
681,12.040000,3,1.000000,-0.301157,-0.258873
682,12.060000,3,1.000000,-0.301157,-0.300760
683,12.080000,3,1.000000,-0.301157,-0.346583
684,12.100000,3,1.000000,-0.301157,-0.436949
685,12.120000,3,1.000000,-0.301157,-0.495499
686,12.140000,3,1.000000,-0.301157,-0.539766
687,12.160000,3,1.000000,-0.301157,-0.567003
688,12.180000,3,1.000000,-0.301157,-0.605960
689,12.200000,3,1.000000,-0.301157,-0.668493
690,12.220000,3,1.000000,-0.301157,-0.736839
691,12.240000,3,1.000000,-0.301157,-0.823542
692,12.260000,3,1.000000,-0.301157,-0.894360
693,12.280000,3,1.000000,-0.301157,-0.978866
694,12.300000,3,1.000000,-0.301157,-1.077334
695,12.320000,3,1.000000,-0.301157,-1.143483
696,12.340000,3,1.000000,-0.301157,-1.188665
697,12.360000,3,1.000000,-0.301157,-1.201941
698,12.380000,3,1.000000,-0.301157,-1.207709
699,12.400000,3,1.000000,-0.301157,-1.208350
700,12.420000,3,1.000000,-0.301157,-1.207022
701,12.440000,3,1.000000,-0.301157,-1.205100
702,12.460000,3,1.000000,-0.301157,-1.215857
703,12.480000,3,1.000000,-0.301157,-1.292215
704,12.500000,3,1.000000,-0.301157,-1.374752
705,12.520000,3,1.000000,-0.301157,-1.394803
706,12.540000,3,1.000000,-0.301157,-1.396359
707,12.560000,3,1.000000,-0.301157,-1.395627
708,12.580000,3,1.000000,-0.301157,-1.390957
709,12.600000,3,1.000000,-0.301157,-1.390408
710,12.620000,3,1.000000,-0.301157,-1.390408
711,12.640000,3,1.000000,-0.301157,-1.390408
712,12.660000,3,1.000000,-0.301157,-1.390408
713,12.680000,3,1.000000,-0.301157,-1.390408
714,12.700000,3,1.000000,-0.301157,-1.390637
715,12.720000,3,1.000000,-0.301157,-1.391140
716,12.740000,3,1.000000,-0.301157,-1.391140
717,12.760000,3,1.000000,-0.301157,-1.391140
718,12.780000,3,1.000000,-0.301157,-1.391140
719,12.800000,3,1.000000,-0.301157,-1.391140
720,12.820000,3,1.000000,-0.301157,-1.391140
721,12.840000,3,1.000000,-0.301157,-1.391140
722,12.860000,3,1.000000,-0.301157,-1.391140
723,12.880000,3,1.000000,-0.301157,-1.391140
724,12.900000,3,1.000000,-0.301157,-1.316202
725,12.920000,3,1.000000,-0.301157,-1.234489
726,12.940000,3,1.000000,-0.301157,-1.116291
727,12.960000,3,1.000000,-0.301157,-0.979965
728,12.980000,3,1.000000,-0.301157,-0.807794
729,13.000000,3,1.000000,-0.301157,-0.633015
730,13.020000,3,1.000000,-0.301157,-0.444777
731,13.040000,3,1.000000,-0.301157,-0.256630
732,13.060000,3,1.000000,-0.301157,-0.089450
733,13.080000,3,1.000000,-0.301157,-0.000000
734,13.100000,3,1.000000,-0.301157,-0.000000
735,13.120000,3,1.000000,-0.301157,-0.000000
736,13.140000,3,1.000000,-0.301157,-0.000000
737,13.160000,3,1.000000,-0.301157,-0.000000
738,13.180000,3,1.000000,-0.301157,-0.000000
739,13.200000,3,1.000000,-0.301157,-0.000000
740,13.220000,3,1.000000,-0.301157,-0.000000
741,13.240000,3,1.000000,-0.301157,-0.000000
742,13.260000,3,1.000000,-0.301157,-0.000000
743,13.280000,3,1.000000,-0.301157,-0.000000
744,13.300000,3,1.000000,-0.301157,-0.000000
745,13.320000,3,1.000000,-0.301157,-0.000000
746,13.340000,3,1.000000,-0.301157,-0.000000
747,13.360000,3,1.000000,-0.301157,-0.000000
748,13.380000,3,1.000000,-0.301157,-0.000000
749,13.400000,3,1.000000,-0.301157,-0.000000
750,13.420000,3,1.000000,-0.301157,-0.000000
751,13.440000,3,1.000000,-0.301157,-0.000000
752,13.460000,3,1.000000,-0.301157,-0.000000
753,13.480000,3,1.000000,-0.301157,-0.000000
754,13.500000,3,1.000000,-0.301157,-0.000000
755,13.520000,3,1.000000,-0.301157,-0.000000
756,13.540000,3,1.000000,-0.301157,-0.000000
757,13.560000,3,1.000000,-0.301157,-0.000000
758,13.580000,3,1.000000,-0.301157,-0.000000
759,13.600000,3,1.000000,-0.301157,-0.105976
760,13.620000,3,1.000000,-0.301157,-0.226325
761,13.640000,3,1.000000,-0.301157,-0.303919
762,13.660000,3,1.000000,-0.301157,-0.338206
763,13.680000,3,1.000000,-0.301157,-0.349788
764,13.700000,3,1.000000,-0.301157,-0.353542
765,13.720000,3,1.000000,-0.301157,-0.355098
766,13.740000,3,1.000000,-0.301157,-0.355876
767,13.760000,3,1.000000,-0.301157,-0.357662
768,13.780000,3,1.000000,-0.301157,-0.357387
769,13.800000,3,1.000000,-0.301157,-0.357387
770,13.820000,3,1.000000,-0.301157,-0.358119
771,13.840000,3,1.000000,-0.301157,-0.356975
772,13.860000,3,1.000000,-0.301157,-0.356975
773,13.880000,3,1.000000,-0.301157,-0.356975
774,13.900000,3,1.000000,-0.301157,-0.356975
775,13.920000,3,1.000000,-0.301157,-0.356975
776,13.940000,3,1.000000,-0.301157,-0.356975
777,13.960000,3,1.000000,-0.301157,-0.318659
778,13.980000,3,1.000000,-0.301157,-0.240837
779,14.000000,3,1.000000,-0.301157,-0.145619
780,14.020000,3,1.000000,-0.301157,-0.051820
781,14.040000,3,1.000000,-0.301157,-0.000000
782,14.060000,3,1.000000,-0.301157,-0.000000
783,14.080000,3,1.000000,-0.301157,-0.000000
784,14.100000,3,1.000000,-0.301157,-0.000000
785,14.120000,3,1.000000,-0.301157,-0.000000
786,14.140000,3,1.000000,-0.301157,-0.000000
787,14.160000,3,1.000000,-0.301157,-0.000000
788,14.180000,3,1.000000,-0.301157,-0.000000
789,14.200000,3,1.000000,-0.301157,-0.000000
790,14.220000,3,1.000000,-0.301157,-0.000000
791,14.240000,3,1.000000,-0.301157,-0.000000
792,14.260000,3,1.000000,-0.301157,-0.000000
793,14.280000,3,1.000000,-0.301157,-0.000000
794,14.300000,3,1.000000,-0.301157,-0.000000
795,14.320000,3,1.000000,-0.301157,-0.000000
796,14.340000,3,1.000000,-0.302499,-0.000000
797,14.360000,3,1.000000,-0.308908,-0.000000
798,14.380000,3,1.000000,-0.317209,-0.000000
799,14.400000,3,1.000000,-0.320688,-0.000000
800,14.420000,3,1.000000,-0.322916,-0.000000
801,14.440000,3,1.000000,-0.323679,-0.000000
802,14.460000,3,1.000000,-0.325175,-0.000000
803,14.480000,3,1.000000,-0.325602,-0.000000
804,14.500000,3,1.000000,-0.325938,-0.000000
805,14.520000,3,1.000000,-0.326701,-0.000000
806,14.540000,3,1.000000,-0.329264,-0.000000
807,14.560000,3,0.999939,-0.331523,-0.000000
808,14.580000,3,0.999237,-0.334056,-0.000000
809,14.600000,3,0.998474,-0.335826,-0.000000
810,14.620000,3,0.997955,-0.337260,-0.000000
811,14.640000,3,0.997803,-0.337870,-0.000000
812,14.660000,3,0.997559,-0.338450,-0.000000
813,14.680000,3,0.997559,-0.338633,-0.000000
814,14.700000,3,0.997375,-0.339152,-0.000000
815,14.720000,3,0.997192,-0.339671,-0.000000
816,14.740000,3,0.997009,-0.340220,-0.000000
817,14.760000,3,0.996765,-0.340800,-0.000000
818,14.780000,3,0.996765,-0.340953,-0.000000
819,14.800000,3,0.996551,-0.341502,-0.000000
820,14.820000,3,0.996307,-0.342082,-0.000000
821,14.840000,3,0.993439,-0.350047,-0.000000
822,14.860000,3,0.987732,-0.365673,-0.000000
823,14.880000,3,0.981445,-0.382153,-0.000000
824,14.900000,3,0.969695,-0.410871,-0.000000
825,14.920000,3,0.949705,-0.454970,-0.000000
826,14.940000,3,0.933958,-0.486373,-0.000000
827,14.960000,3,0.858699,-0.504990,-0.000000
828,14.980000,3,0.755394,-0.500046,-0.000000
829,15.000000,3,0.650136,-0.457137,-0.000000
830,15.020000,3,0.505203,-0.297281,-0.000000
831,15.040000,3,-0.000000,-0.000000,-0.000000
832,15.060000,3,-0.000000,-0.000000,-0.000000
833,15.080000,3,-0.000000,-0.000000,-0.000000
834,15.100000,3,-0.000000,-0.000000,-0.000000
835,15.120000,3,-0.000000,-0.000000,-0.000000
836,15.140000,3,-0.000000,-0.000000,-0.000000
837,15.160000,3,-0.000000,-0.000000,-0.000000
838,15.180000,3,-0.000000,-0.000000,-0.000000
839,15.200000,3,-0.000000,-0.000000,-0.000000
840,15.220000,3,-0.000000,-0.000000,-0.000000
841,15.240000,3,-0.000000,-0.000000,-0.000000
842,15.260000,3,-0.000000,-0.000000,-0.000000
843,15.280000,3,-0.000000,-0.000000,-0.000000
844,15.300000,3,-0.000000,-0.000000,-0.000000
845,15.320000,3,-0.000000,-0.000000,-0.000000
846,15.340000,3,-0.000000,-0.000000,-0.000000
847,15.360000,3,-0.000000,-0.000000,-0.000000
848,15.380000,3,-0.000000,-0.000000,-0.000000
849,15.400000,3,-0.000000,-0.000000,-0.000000
850,15.420000,3,-0.000000,-0.000000,-0.000000
851,15.440000,3,-0.005371,-0.000000,-0.000000
852,15.460000,3,-0.053041,0.010681,-0.000000
853,15.480000,3,-0.124668,0.030061,-0.000000
854,15.500000,3,-0.193732,0.052004,-0.000000
855,15.520000,3,-0.265603,0.072146,-0.000000
856,15.540000,3,-0.316111,0.081606,-0.000000
857,15.560000,3,-0.343455,0.084628,-0.000000
858,15.580000,3,-0.354472,0.085604,-0.000000
859,15.600000,3,-0.381603,0.087558,-0.000000
860,15.620000,3,-0.457869,0.091494,-0.000000
861,15.640000,3,-0.554338,0.097476,-0.000000
862,15.660000,3,-0.637043,0.102115,-0.000000
863,15.680000,3,-0.730369,0.103854,-0.000000
864,15.700000,3,-0.789727,0.104740,-0.000000
865,15.720000,3,-0.841060,0.105991,-0.000000
866,15.740000,3,-0.916990,0.107334,-0.000000
867,15.760000,3,-0.990936,0.104526,-0.000000
868,15.780000,3,-1.000000,0.055849,-0.000000
869,15.800000,3,-1.000000,0.005585,-0.000000
870,15.820000,3,-1.000000,-0.057741,-0.000000
871,15.840000,3,-1.000000,-0.122501,-0.000000
872,15.860000,3,-1.000000,-0.201361,-0.000000
873,15.880000,3,-1.000000,-0.276498,-0.000000
874,15.900000,3,-1.000000,-0.325846,-0.000000
875,15.920000,3,-0.992126,-0.353404,-0.000000
876,15.940000,3,-0.982208,-0.379925,-0.000000
877,15.960000,3,-0.972381,-0.404279,-0.000000
878,15.980000,3,-0.944395,-0.465621,-0.000000
879,16.000000,3,-0.919370,-0.513138,-0.000000
880,16.020000,3,-0.886441,-0.567949,-0.000000
881,16.040000,3,-0.836879,-0.638630,-0.000000
882,16.060000,3,-0.808985,-0.673574,-0.000000
883,16.080000,3,-0.805261,-0.677938,-0.000000
884,16.100000,3,-0.807184,-0.675680,-0.000000
885,16.120000,3,-0.809015,-0.673482,-0.000000
886,16.140000,3,-0.810297,-0.671896,-0.000000
887,16.160000,3,-0.812738,-0.669057,-0.000000
888,16.180000,3,-0.815363,-0.665792,-0.000000
889,16.200000,3,-0.816095,-0.664907,-0.000000
890,16.220000,3,-0.817530,-0.663137,-0.000000
891,16.240000,3,-0.818018,-0.662496,-0.000000
892,16.260000,3,-0.818751,-0.661580,-0.000000
893,16.280000,3,-0.820887,-0.658986,-0.000000
894,16.300000,3,-0.827693,-0.650441,-0.000000
895,16.320000,3,-0.841823,-0.632099,-0.000000
896,16.340000,3,-0.850337,-0.620594,-0.000000
897,16.360000,3,-0.851894,-0.618427,-0.000000
898,16.380000,3,-0.852077,-0.618122,-0.000000
899,16.400000,3,-0.852077,-0.618122,-0.000000
900,16.420000,3,-0.852199,-0.617969,-0.000000
901,16.440000,3,-0.852260,-0.617908,-0.000000
902,16.460000,3,-0.852443,-0.617634,-0.000000
903,16.480000,3,-0.852504,-0.617542,-0.000000
904,16.500000,3,-0.852718,-0.617267,-0.000000
905,16.520000,3,-0.853481,-0.616230,-0.000000
906,16.540000,3,-0.855586,-0.613422,-0.000000
907,16.560000,3,-0.863063,-0.602802,-0.000000
908,16.580000,3,-0.876278,-0.583514,-0.000000
909,16.600000,3,-0.885250,-0.569781,-0.000000
910,16.620000,3,-0.890347,-0.561357,-0.000000
911,16.640000,3,-0.891842,-0.559343,-0.000000
912,16.660000,3,-0.892117,-0.558916,-0.000000
913,16.680000,3,-0.895505,-0.553636,-0.000000
914,16.700000,3,-0.905087,-0.537858,-0.000000
915,16.720000,3,-0.917417,-0.516587,-0.000000
916,16.740000,3,-0.930509,-0.492752,-0.000000
917,16.760000,3,-0.945616,-0.463210,-0.000000
918,16.780000,3,-0.958678,-0.435652,-0.000000
919,16.800000,3,-0.968627,-0.413160,-0.000000
920,16.820000,3,-0.983093,-0.377667,-0.000000
921,16.840000,3,-0.996796,-0.340220,-0.000000
922,16.860000,3,-1.000000,-0.303751,-0.000000
923,16.880000,3,-1.000000,-0.269662,-0.000000
924,16.900000,3,-1.000000,-0.204627,-0.000000
925,16.920000,3,-1.000000,-0.142552,-0.000000
926,16.940000,3,-1.000000,-0.087893,-0.000000
927,16.960000,3,-1.000000,-0.035798,-0.000000
928,16.980000,3,-1.000000,0.008637,-0.000000
929,17.000000,3,-1.000000,0.077761,-0.000000
930,17.020000,3,-1.000000,0.113041,-0.000000
931,17.040000,3,-1.000000,0.143345,-0.000000
932,17.060000,3,-1.000000,0.170476,-0.000000
933,17.080000,3,-1.000000,0.195318,-0.000000
934,17.100000,3,-1.000000,0.217353,-0.000000
935,17.120000,3,-1.000000,0.240669,-0.000000
936,17.140000,3,-1.000000,0.263100,-0.000000
937,17.160000,3,-1.000000,0.279305,-0.000000
938,17.180000,3,-1.000000,0.298685,-0.000000
939,17.200000,3,-1.000000,0.322214,-0.000000
940,17.220000,3,-0.995666,0.343364,-0.000000
941,17.240000,3,-0.991516,0.355144,-0.000000
942,17.260000,3,-0.987701,0.365520,-0.000000
943,17.280000,3,-0.983367,0.376995,-0.000000
944,17.300000,3,-0.982330,0.379955,-0.000000
945,17.320000,3,-0.981597,0.381817,-0.000000
946,17.340000,3,-0.981536,0.381970,-0.000000
947,17.360000,3,-0.981353,0.382458,-0.000000
948,17.380000,3,-0.981292,0.382641,-0.000000
949,17.400000,3,-0.981292,0.382641,-0.000000
950,17.420000,3,-0.981292,0.382641,-0.000000
951,17.440000,3,-0.981292,0.382397,-0.000000
952,17.460000,3,-0.981292,0.382244,-0.000000
953,17.480000,3,-0.981292,0.382183,-0.000000
954,17.500000,3,-0.981292,0.382183,-0.000000
955,17.520000,3,-0.981292,0.382183,-0.000000
956,17.540000,3,-0.981292,0.382183,-0.000000
957,17.560000,3,-0.981292,0.381970,-0.000000
958,17.580000,3,-0.981292,0.381970,-0.000000
959,17.600000,3,-0.981414,0.381664,-0.000000
960,17.620000,3,-0.981414,0.381664,-0.000000
961,17.640000,3,-0.981414,0.381664,-0.000000
962,17.660000,3,-0.981414,0.381726,-0.000000
963,17.680000,3,-0.981414,0.381787,-0.000000
964,17.700000,3,-0.981597,0.381176,-0.000000
965,17.720000,3,-0.982574,0.378735,-0.000000
966,17.740000,3,-0.983093,0.377422,-0.000000
967,17.760000,3,-0.983276,0.376904,-0.000000
968,17.780000,3,-0.983276,0.376843,-0.000000
969,17.800000,3,-0.983459,0.376476,-0.000000
970,17.820000,3,-0.984466,0.373791,-0.000000
971,17.840000,3,-0.985473,0.371197,-0.000000
972,17.860000,3,-0.986236,0.369243,-0.000000
973,17.880000,3,-0.987762,0.364574,-0.000000
974,17.900000,3,-0.989349,0.360637,-0.000000
975,17.920000,3,-0.991058,0.355998,-0.000000
976,17.940000,3,-0.991943,0.353435,-0.000000
977,17.960000,3,-0.993133,0.349895,-0.000000
978,17.980000,3,-0.994507,0.346080,-0.000000
979,18.000000,3,-0.997131,0.339183,-0.000000
980,18.020000,3,-1.000000,0.327799,-0.000000
981,18.040000,3,-1.000000,0.308390,-0.000000
982,18.060000,3,-1.000000,0.290414,-0.000000
983,18.080000,3,-1.000000,0.276467,-0.000000
984,18.100000,3,-1.000000,0.266732,-0.000000
985,18.120000,3,-1.000000,0.260537,-0.000000
986,18.140000,3,-1.000000,0.256722,-0.000000
987,18.160000,3,-1.000000,0.253761,-0.000000
988,18.180000,3,-1.000000,0.247353,-0.000000
989,18.200000,3,-1.000000,0.231574,-0.000000
990,18.220000,3,-1.000000,0.211737,-0.000000
991,18.240000,3,-1.000000,0.202551,-0.000000
992,18.260000,3,-1.000000,0.200262,-0.000000
993,18.280000,3,-1.000000,0.197882,-0.000000
994,18.300000,3,-1.000000,0.196295,-0.000000
995,18.320000,3,-1.000000,0.195685,-0.000000
996,18.340000,3,-1.000000,0.195227,-0.000000
997,18.360000,3,-1.000000,0.195227,-0.000000
998,18.380000,3,-1.000000,0.195410,-0.000000
999,18.400000,3,-1.000000,0.195563,-0.000000
1000,18.420000,3,-1.000000,0.195563,-0.000000
1001,18.440000,3,-1.000000,0.196142,-0.000000
1002,18.460000,3,-1.000000,0.195990,-0.000000
1003,18.480000,3,-1.000000,0.195410,-0.000000
1004,18.500000,3,-1.000000,0.195227,-0.000000
1005,18.520000,3,-1.000000,0.195227,-0.000000
1006,18.540000,3,-1.000000,0.195227,-0.000000
1007,18.560000,3,-1.000000,0.195227,-0.000000
1008,18.580000,3,-1.000000,0.195227,-0.000000
1009,18.600000,3,-1.000000,0.195227,-0.000000
1010,18.620000,3,-1.000000,0.194006,-0.000000
1011,18.640000,3,-1.000000,0.193396,-0.000000
1012,18.660000,3,-1.000000,0.192877,-0.000000
1013,18.680000,3,-1.000000,0.192877,-0.000000
1014,18.700000,3,-1.000000,0.192267,-0.000000
1015,18.720000,3,-1.000000,0.190466,-0.000000
1016,18.740000,3,-1.000000,0.187872,-0.000000
1017,18.760000,3,-1.000000,0.186071,-0.000000
1018,18.780000,3,-1.000000,0.185095,-0.000000
1019,18.800000,3,-1.000000,0.185095,-0.000000
1020,18.820000,3,-1.000000,0.185095,-0.000000
1021,18.840000,3,-1.000000,0.184393,-0.000000
1022,18.860000,3,-1.000000,0.184240,-0.000000
1023,18.880000,3,-1.000000,0.184240,-0.000000
1024,18.900000,3,-1.000000,0.184301,-0.000000
1025,18.920000,3,-1.000000,0.184515,-0.000000
1026,18.940000,3,-1.000000,0.184942,-0.000000
1027,18.960000,3,-1.000000,0.187964,-0.000000
1028,18.980000,3,-1.000000,0.192389,-0.000000
1029,19.000000,3,-1.000000,0.197729,-0.000000
1030,19.020000,3,-1.000000,0.201483,-0.000000
1031,19.040000,3,-1.000000,0.206458,-0.000000
1032,19.060000,3,-1.000000,0.212867,-0.000000
1033,19.080000,3,-1.000000,0.215430,-0.000000
1034,19.100000,3,-1.000000,0.219367,-0.000000
1035,19.120000,3,-1.000000,0.220832,-0.000000
1036,19.140000,3,-1.000000,0.223060,-0.000000
1037,19.160000,3,-1.000000,0.224036,-0.000000
1038,19.180000,3,-1.000000,0.224219,-0.000000
1039,19.200000,3,-1.000000,0.224708,-0.000000
1040,19.220000,3,-1.000000,0.225013,-0.000000
1041,19.240000,3,-1.000000,0.225013,-0.000000
1042,19.260000,3,-1.000000,0.225013,-0.000000
1043,19.280000,3,-1.000000,0.224830,-0.000000
1044,19.300000,3,-1.000000,0.224738,-0.000000
1045,19.320000,3,-1.000000,0.224738,-0.000000
1046,19.340000,3,-1.000000,0.225349,-0.000000
1047,19.360000,3,-1.000000,0.226325,-0.000000
1048,19.380000,3,-1.000000,0.227241,-0.000000
1049,19.400000,3,-1.000000,0.227821,-0.000000
1050,19.420000,3,-1.000000,0.229957,-0.000000
1051,19.440000,3,-1.000000,0.231513,-0.000000
1052,19.460000,3,-1.000000,0.235633,-0.000000
1053,19.480000,3,-1.000000,0.240394,-0.000000
1054,19.500000,3,-1.000000,0.245643,-0.000000
1055,19.520000,3,-1.000000,0.247475,-0.000000
1056,19.540000,3,-1.000000,0.247902,-0.000000
1057,19.560000,3,-1.000000,0.243873,-0.000000
1058,19.580000,3,-1.000000,0.232124,-0.000000
1059,19.600000,3,-1.000000,0.222419,-0.000000
1060,19.620000,3,-1.000000,0.221076,-0.000000
1061,19.640000,3,-1.000000,0.222053,-0.000000
1062,19.660000,3,-1.000000,0.225318,-0.000000
1063,19.680000,3,-1.000000,0.237892,-0.000000
1064,19.700000,3,-1.000000,0.251076,-0.000000
1065,19.720000,3,-1.000000,0.257332,-0.000000
1066,19.740000,3,-1.000000,0.259713,-0.000000
1067,19.760000,3,-1.000000,0.259987,-0.000000
1068,19.780000,3,-1.000000,0.266182,-0.000000
1069,19.800000,3,-1.000000,0.273568,-0.000000
1070,19.820000,3,-1.000000,0.277841,-0.000000
1071,19.840000,3,-1.000000,0.279519,-0.000000
1072,19.860000,3,-1.000000,0.280099,-0.000000
1073,19.880000,3,-1.000000,0.281228,-0.000000
1074,19.900000,3,-1.000000,0.281472,-0.000000
1075,19.920000,3,-1.000000,0.285989,-0.000000
1076,19.940000,3,-1.000000,0.293802,-0.000000
1077,19.960000,3,-1.000000,0.301035,-0.000000
1078,19.980000,3,-1.000000,0.310373,-0.000000
1079,20.000000,3,-1.000000,0.315439,-0.000000
1080,20.020000,3,-1.000000,0.316355,-0.000000
1081,20.040000,3,-1.000000,0.316507,-0.000000
1082,20.060000,3,-1.000000,0.316507,-0.000000
1083,20.080000,3,-1.000000,0.317057,-0.000000
1084,20.100000,3,-1.000000,0.313852,-0.000000
1085,20.120000,3,-1.000000,0.306070,-0.000000
1086,20.140000,3,-1.000000,0.294748,0.068163
1087,20.160000,3,-1.000000,0.280557,0.254799
1088,20.180000,3,-1.000000,0.269997,0.442442
1089,20.200000,3,-1.000000,0.262612,0.557756
1090,20.220000,3,-1.000000,0.254158,0.674490
1091,20.240000,3,-1.000000,0.250374,0.862178
1092,20.260000,3,-1.000000,0.249062,1.101230
1093,20.280000,3,-1.000000,0.247780,1.381710
1094,20.300000,3,-1.000000,0.247261,1.500000
1095,20.320000,3,-1.000000,0.244728,1.500000
1096,20.340000,3,-1.000000,0.235939,1.500000
1097,20.360000,3,-1.000000,0.218726,1.500000
1098,20.380000,3,-1.000000,0.207831,1.500000
1099,20.400000,3,-1.000000,0.197119,1.500000
1100,20.420000,3,-1.000000,0.192633,1.500000
1101,20.440000,3,-1.000000,0.191412,1.500000
1102,20.460000,3,-1.000000,0.190680,1.500000
1103,20.480000,3,-1.000000,0.189917,1.500000
1104,20.500000,3,-1.000000,0.189917,1.500000
1105,20.520000,3,-1.000000,0.190039,1.500000
1106,20.540000,3,-1.000000,0.190039,1.500000
1107,20.560000,3,-1.000000,0.190039,1.500000
1108,20.580000,3,-1.000000,0.190039,1.500000
1109,20.600000,3,-1.000000,0.190039,1.500000
1110,20.620000,3,-1.000000,0.189886,1.500000
1111,20.640000,3,-1.000000,0.189734,1.500000
1112,20.660000,3,-1.000000,0.189886,1.500000
1113,20.680000,3,-1.000000,0.190039,1.500000
1114,20.700000,3,-1.000000,0.190039,1.500000
1115,20.720000,3,-1.000000,0.190039,1.500000
1116,20.740000,3,-1.000000,0.190039,1.500000
1117,20.760000,3,-1.000000,0.191473,1.500000
1118,20.780000,3,-1.000000,0.191778,1.500000
1119,20.800000,3,-1.000000,0.192297,1.500000
1120,20.820000,3,-1.000000,0.192419,1.500000
1121,20.840000,3,-1.000000,0.192419,1.500000
1122,20.860000,3,-1.000000,0.192083,1.500000
1123,20.880000,3,-1.000000,0.192236,1.500000
1124,20.900000,3,-1.000000,0.192389,1.500000
1125,20.920000,3,-1.000000,0.192389,1.500000
1126,20.940000,3,-1.000000,0.192389,1.500000
1127,20.960000,3,-1.000000,0.192389,1.500000
1128,20.980000,3,-1.000000,0.192389,1.500000
1129,21.000000,3,-1.000000,0.192389,1.500000
1130,21.020000,3,-1.000000,0.192389,1.500000
1131,21.040000,3,-1.000000,0.192389,1.500000
1132,21.060000,3,-1.000000,0.192389,1.500000
1133,21.080000,3,-1.000000,0.192389,1.500000
1134,21.100000,3,-1.000000,0.192389,1.500000
1135,21.120000,3,-1.000000,0.192389,1.500000
1136,21.140000,3,-1.000000,0.192389,1.500000
1137,21.160000,3,-1.000000,0.192389,1.500000
1138,21.180000,3,-1.000000,0.192389,1.500000
1139,21.200000,3,-1.000000,0.192389,1.500000
1140,21.220000,3,-1.000000,0.192389,1.500000
1141,21.240000,3,-1.000000,0.192389,1.500000
1142,21.260000,3,-1.000000,0.192389,1.500000
1143,21.280000,3,-1.000000,0.192389,1.500000
1144,21.300000,3,-1.000000,0.192389,1.500000
1145,21.320000,3,-1.000000,0.192389,1.500000
1146,21.340000,3,-1.000000,0.192389,1.500000
1147,21.360000,3,-1.000000,0.192389,1.500000
1148,21.380000,3,-1.000000,0.192389,1.500000
1149,21.400000,3,-1.000000,0.195502,1.500000
1150,21.420000,3,-1.000000,0.199561,1.500000
1151,21.440000,3,-1.000000,0.206885,1.500000
1152,21.460000,3,-1.000000,0.211798,1.500000
1153,21.480000,3,-1.000000,0.216285,1.500000
1154,21.500000,3,-1.000000,0.218390,1.500000
1155,21.520000,3,-1.000000,0.219428,1.500000
1156,21.540000,3,-1.000000,0.219642,1.500000
1157,21.560000,3,-1.000000,0.219031,1.500000
1158,21.580000,3,-1.000000,0.218604,1.500000
1159,21.600000,3,-1.000000,0.218726,1.500000
1160,21.620000,3,-1.000000,0.219642,1.500000
1161,21.640000,3,-1.000000,0.219489,1.500000
1162,21.660000,3,-1.000000,0.219337,1.500000
1163,21.680000,3,-1.000000,0.218696,1.500000
1164,21.700000,3,-1.000000,0.218604,1.500000
1165,21.720000,3,-1.000000,0.218604,1.500000
1166,21.740000,3,-1.000000,0.217109,1.500000
1167,21.760000,3,-1.000000,0.215583,1.500000
1168,21.780000,3,-1.000000,0.209510,1.500000
1169,21.800000,3,-1.000000,0.202460,1.500000
1170,21.820000,3,-1.000000,0.196783,1.500000
1171,21.840000,3,-1.000000,0.192419,1.500000
1172,21.860000,3,-1.000000,0.186712,1.500000
1173,21.880000,3,-1.000000,0.185064,1.500000
1174,21.900000,3,-1.000000,0.183905,1.500000
1175,21.920000,3,-1.000000,0.181555,1.500000
1176,21.940000,3,-1.000000,0.176916,1.500000
1177,21.960000,3,-1.000000,0.176183,1.500000
1178,21.980000,3,-1.000000,0.174291,1.500000
1179,22.000000,3,-1.000000,0.171667,1.500000
1180,22.020000,3,-1.000000,0.167791,1.500000
1181,22.040000,3,-1.000000,0.159856,1.500000
1182,22.060000,3,-1.000000,0.156865,1.500000
1183,22.080000,3,-1.000000,0.155858,1.500000
1184,22.100000,3,-1.000000,0.154332,1.500000
1185,22.120000,3,-1.000000,0.153813,1.500000
1186,22.140000,3,-1.000000,0.149022,1.500000
1187,22.160000,3,-1.000000,0.143315,1.500000
1188,22.180000,3,-1.000000,0.137883,1.500000
1189,22.200000,3,-1.000000,0.132786,1.500000
1190,22.220000,3,-1.000000,0.130589,1.500000
1191,22.240000,3,-1.000000,0.130070,1.500000
1192,22.260000,3,-1.000000,0.124973,1.500000
1193,22.280000,3,-1.000000,0.107608,1.500000
1194,22.300000,3,-1.000000,0.097201,1.500000
1195,22.320000,3,-1.000000,0.093905,1.500000
1196,22.340000,3,-1.000000,0.091922,1.500000
1197,22.360000,3,-1.000000,0.087893,1.500000
1198,22.380000,3,-1.000000,0.083621,1.500000
1199,22.400000,3,-1.000000,0.078249,1.500000
1200,22.420000,3,-1.000000,0.065310,1.500000
1201,22.440000,3,-1.000000,0.051271,1.500000
1202,22.460000,3,-1.000000,0.041231,1.500000
1203,22.480000,3,-1.000000,0.039460,1.500000
1204,22.500000,3,-1.000000,0.037080,1.500000
1205,22.520000,3,-1.000000,0.036866,1.500000
1206,22.540000,3,-1.000000,0.036714,1.500000
1207,22.560000,3,-1.000000,0.036714,1.500000
1208,22.580000,3,-1.000000,0.036317,1.500000
1209,22.600000,3,-1.000000,0.033631,1.500000
1210,22.620000,3,-1.000000,0.028840,1.500000
1211,22.640000,3,-1.000000,0.024537,1.500000
1212,22.660000,3,-1.000000,0.021180,1.500000
1213,22.680000,3,-1.000000,0.018281,1.500000
1214,22.700000,3,-1.000000,0.017151,1.500000
1215,22.720000,3,-1.000000,0.015473,1.500000
1216,22.740000,3,-1.000000,0.014649,1.500000
1217,22.760000,3,-1.000000,0.012879,1.500000
1218,22.780000,3,-1.000000,0.002564,1.500000
1219,22.800000,3,-1.000000,-0.000000,1.500000
1220,22.820000,3,-1.000000,-0.007111,1.500000
1221,22.840000,3,-1.000000,-0.015320,1.500000
1222,22.860000,3,-1.000000,-0.024110,1.500000
1223,22.880000,3,-1.000000,-0.029328,1.500000
1224,22.900000,3,-1.000000,-0.030580,1.500000
1225,22.920000,3,-1.000000,-0.031648,1.500000
1226,22.940000,3,-1.000000,-0.035279,1.500000
1227,22.960000,3,-1.000000,-0.042055,1.500000
1228,22.980000,3,-1.000000,-0.052126,1.500000
1229,23.000000,3,-1.000000,-0.054537,1.500000
1230,23.020000,3,-1.000000,-0.054933,1.500000
1231,23.040000,3,-1.000000,-0.055483,1.500000
1232,23.060000,3,-1.000000,-0.058412,1.500000
1233,23.080000,3,-1.000000,-0.067263,1.500000
1234,23.100000,3,-1.000000,-0.095370,1.500000
1235,23.120000,3,-1.000000,-0.113559,1.500000
1236,23.140000,3,-1.000000,-0.144108,1.500000
1237,23.160000,3,-1.000000,-0.161596,1.500000
1238,23.180000,3,-1.000000,-0.183538,1.500000
1239,23.200000,3,-1.000000,-0.209479,1.500000
1240,23.220000,3,-1.000000,-0.254585,1.500000
1241,23.240000,3,-0.996551,-0.340861,1.500000
1242,23.260000,3,-0.964538,-0.422559,1.500000
1243,23.280000,3,-0.931059,-0.491684,1.500000
1244,23.300000,3,-0.903134,-0.541154,1.500000
1245,23.320000,3,-0.882839,-0.573504,1.500000
1246,23.340000,3,-0.850551,-0.620289,1.500000
1247,23.360000,3,-0.824976,-0.653920,1.500000
1248,23.380000,3,-0.787561,-0.698477,1.500000
1249,23.400000,3,-0.764641,-0.723502,1.500000
1250,23.420000,3,-0.753990,-0.734611,1.500000
1251,23.440000,3,-0.746178,-0.742546,1.500000
1252,23.460000,3,-0.735282,-0.753288,1.500000
1253,23.480000,3,-0.728324,-0.760063,1.500000
1254,23.500000,3,-0.720298,-0.767663,1.500000
1255,23.520000,3,-0.711936,-0.775414,1.500000
1256,23.540000,3,-0.704093,-0.782556,1.500000
1257,23.560000,3,-0.702048,-0.784356,1.500000
1258,23.580000,3,-0.701254,-0.785028,1.500000
1259,23.600000,3,-0.701193,-0.785089,1.500000
1260,23.620000,3,-0.701193,-0.785089,1.500000
1261,23.640000,3,-0.700888,-0.785394,1.500000
1262,23.660000,3,-0.700766,-0.785516,1.500000
1263,23.680000,3,-0.700919,-0.785424,1.500000
1264,23.700000,3,-0.700919,-0.785424,1.500000
1265,23.720000,3,-0.711295,-0.776025,1.500000
1266,23.740000,3,-0.719108,-0.768761,1.500000
1267,23.760000,3,-0.724357,-0.763817,1.500000
1268,23.780000,3,-0.731254,-0.757195,1.500000
1269,23.800000,3,-0.740013,-0.748650,1.500000
1270,23.820000,3,-0.745262,-0.743431,1.500000
1271,23.840000,3,-0.748375,-0.740318,1.500000
1272,23.860000,3,-0.751915,-0.736656,1.500000
1273,23.880000,3,-0.753929,-0.734581,1.500000
1274,23.900000,3,-0.755364,-0.733146,1.500000
1275,23.920000,3,-0.756035,-0.732505,1.500000
1276,23.940000,3,-0.756340,-0.732078,1.500000
1277,23.960000,3,-0.756523,-0.731925,1.500000
1278,23.980000,3,-0.757500,-0.730888,1.500000
1279,24.000000,3,-0.762322,-0.725944,1.500000
1280,24.020000,3,-0.771813,-0.715842,1.500000
1281,24.040000,3,-0.777581,-0.709555,1.500000
1282,24.060000,3,-0.785272,-0.701071,1.500000
1283,24.080000,3,-0.790338,-0.695334,1.500000
1284,24.100000,3,-0.803339,-0.680288,1.500000
1285,24.120000,3,-0.812738,-0.669057,1.500000
1286,24.140000,3,-0.827387,-0.650838,1.500000
1287,24.160000,3,-0.844447,-0.628590,1.500000
1288,24.180000,3,-0.856471,-0.612140,1.500000
1289,24.200000,3,-0.873257,-0.588000,1.500000
1290,24.220000,3,-0.883572,-0.572436,1.500000
1291,24.240000,3,-0.890164,-0.562120,1.500000
1292,24.260000,3,-0.899899,-0.546464,1.500000
1293,24.280000,3,-0.918363,-0.514939,1.500000
1294,24.300000,3,-0.926878,-0.499466,1.500000
1295,24.320000,3,-0.938810,-0.476791,1.500000
1296,24.340000,3,-0.958037,-0.437056,1.500000
1297,24.360000,3,-0.882717,-0.336192,1.500000
1298,24.380000,3,-0.497299,0.021973,1.500000
1299,24.400000,3,-0.118229,0.710624,1.500000
1300,24.420000,3,-0.000000,1.000000,1.500000
1301,24.440000,3,-0.016388,1.000000,1.500000
1302,24.460000,3,-0.106540,1.000000,1.500000
1303,24.480000,3,-0.208655,1.000000,1.500000
1304,24.500000,3,-0.274178,1.000000,1.500000
1305,24.520000,3,-0.328166,1.000000,1.500000
1306,24.540000,3,-0.359722,0.989898,1.500000
1307,24.560000,3,-0.389935,0.978301,1.500000
1308,24.580000,3,-0.433058,0.959899,1.500000
1309,24.600000,3,-0.470504,0.942045,1.500000
1310,24.620000,3,-0.499496,0.926908,1.500000
1311,24.640000,3,-0.553484,0.895627,1.500000
1312,24.660000,3,-0.585376,0.875027,1.500000
1313,24.680000,3,-0.596179,0.867733,1.500000
1314,24.700000,3,-0.598590,0.866054,1.500000
1315,24.720000,3,-0.600421,0.864834,1.500000
1316,24.740000,3,-0.603961,0.862331,1.500000
1317,24.760000,3,-0.610950,0.857356,1.500000
1318,24.780000,3,-0.622486,0.848994,1.500000
1319,24.800000,3,-0.628101,0.844844,1.500000
1320,24.820000,3,-0.633900,0.840968,1.500000
1321,24.840000,3,-0.639241,0.836451,1.500000
1322,24.860000,3,-0.643666,0.833064,1.500000
1323,24.880000,3,-0.650166,0.827937,1.500000
1324,24.900000,3,-0.657491,0.822169,1.500000
1325,24.920000,3,-0.665212,0.815912,1.500000
1326,24.940000,3,-0.673421,0.809168,1.500000
1327,24.960000,3,-0.685476,0.798944,1.500000
1328,24.980000,3,-0.701132,0.785272,1.500000
1329,25.000000,3,-0.716575,0.771172,1.500000
1330,25.020000,3,-0.729484,0.758965,1.500000
1331,25.040000,3,-0.737388,0.751274,1.500000
1332,25.060000,3,-0.744102,0.744621,1.500000
1333,25.080000,3,-0.745445,0.743278,1.500000
1334,25.100000,3,-0.747002,0.741691,1.500000
1335,25.120000,3,-0.748009,0.740654,1.500000
1336,25.140000,3,-0.748253,0.740410,1.500000
1337,25.160000,3,-0.748253,0.740410,1.500000
1338,25.180000,3,-0.747520,0.741172,1.500000
1339,25.200000,3,-0.743095,0.745628,1.500000
1340,25.220000,3,-0.740562,0.748100,1.500000
1341,25.240000,3,-0.738853,0.749809,1.500000
1342,25.260000,3,-0.738853,0.749809,1.500000
1343,25.280000,3,-0.738762,0.749931,1.500000
1344,25.300000,3,-0.738975,0.749626,1.500000
1345,25.320000,3,-0.737968,0.750694,1.500000
1346,25.340000,3,-0.736595,0.752007,1.500000
1347,25.360000,3,-0.734458,0.754112,1.500000
1348,25.380000,3,-0.733207,0.755333,1.500000
1349,25.400000,3,-0.733207,0.755333,1.500000
1350,25.420000,3,-0.733207,0.755333,1.500000
1351,25.440000,3,-0.733207,0.755333,1.500000
1352,25.460000,3,-0.733207,0.755333,1.500000
1353,25.480000,3,-0.733207,0.755333,1.500000
1354,25.500000,3,-0.733207,0.755333,1.500000
1355,25.520000,3,-0.733207,0.755333,1.500000
1356,25.540000,3,-0.729789,0.758660,1.500000
1357,25.560000,3,-0.726829,0.761498,1.500000
1358,25.580000,3,-0.723960,0.764122,1.500000
1359,25.600000,3,-0.723075,0.765007,1.500000
1360,25.620000,3,-0.723075,0.765007,1.500000
1361,25.640000,3,-0.722861,0.765282,1.500000
1362,25.660000,3,-0.722861,0.765282,1.500000
1363,25.680000,3,-0.722861,0.765282,1.500000
1364,25.700000,3,-0.723045,0.765099,1.500000
1365,25.720000,3,-0.723258,0.764916,1.500000
1366,25.740000,3,-0.724448,0.763726,1.500000
1367,25.760000,3,-0.728324,0.760063,1.500000
1368,25.780000,3,-0.740776,0.747917,1.500000
1369,25.800000,3,-0.769066,0.718772,1.500000
1370,25.820000,3,-0.783319,0.703269,1.500000
1371,25.840000,3,-0.788263,0.697714,1.500000
1372,25.860000,3,-0.790674,0.694998,1.500000
1373,25.880000,3,-0.797754,0.686850,1.500000
1374,25.900000,3,-0.811731,0.670278,1.500000
1375,25.920000,3,-0.833522,0.643025,1.500000
1376,25.940000,3,-0.884182,0.571551,1.500000
1377,25.960000,3,-0.925138,0.502701,1.500000
1378,25.980000,3,-0.941893,0.470717,1.500000
1379,26.000000,3,-0.950682,0.452742,1.500000
1380,26.020000,3,-0.954802,0.444075,1.500000
1381,26.040000,3,-0.960143,0.432447,1.500000
1382,26.060000,3,-0.966308,0.418592,1.500000
1383,26.080000,3,-0.975402,0.397046,1.500000
1384,26.100000,3,-0.983612,0.376354,1.500000
1385,26.120000,3,-0.988220,0.364147,1.500000
1386,26.140000,3,-0.992309,0.352947,1.500000
1387,26.160000,3,-0.993225,0.349803,1.500000
1388,26.180000,3,-0.993683,0.348735,1.500000
1389,26.200000,3,-0.993805,0.348460,1.500000
1390,26.220000,3,-0.993988,0.347911,1.500000
1391,26.240000,3,-0.993988,0.347911,1.500000
1392,26.260000,3,-0.993988,0.347850,1.500000
1393,26.280000,3,-0.993988,0.347850,1.500000
1394,26.300000,3,-0.994171,0.347362,1.500000
1395,26.320000,3,-0.994171,0.347301,1.500000
1396,26.340000,3,-0.994171,0.347301,1.500000
1397,26.360000,3,-0.994171,0.347301,1.500000
1398,26.380000,3,-0.994232,0.347209,1.500000
1399,26.400000,3,-0.994232,0.347209,1.500000
1400,26.420000,3,-0.994232,0.347209,1.500000
1401,26.440000,3,-0.994232,0.347209,1.500000
1402,26.460000,3,-0.994232,0.347209,1.500000
1403,26.480000,3,-0.994232,0.347209,1.500000
1404,26.500000,3,-0.994232,0.347209,1.500000
1405,26.520000,3,-0.994232,0.347209,1.500000
1406,26.540000,3,-0.994232,0.347209,1.500000
1407,26.560000,3,-0.994232,0.347209,1.500000
1408,26.580000,3,-0.994232,0.347209,1.500000
1409,26.600000,3,-0.994232,0.347209,1.500000
1410,26.620000,3,-0.994232,0.347209,1.500000
1411,26.640000,3,-0.994232,0.347209,1.500000
1412,26.660000,3,-0.994232,0.347209,1.500000
1413,26.680000,3,-0.994232,0.347209,1.500000
1414,26.700000,3,-0.994232,0.347209,1.500000
1415,26.720000,3,-0.994232,0.347209,1.500000
1416,26.740000,3,-0.994232,0.347209,1.500000
1417,26.760000,3,-0.994232,0.347209,1.500000
1418,26.780000,3,-0.994232,0.347209,1.500000
1419,26.800000,3,-0.994232,0.347209,1.500000
1420,26.820000,3,-0.994232,0.347484,1.500000
1421,26.840000,3,-0.994232,0.347545,1.500000
1422,26.860000,3,-0.994232,0.347545,1.500000
1423,26.880000,3,-0.994232,0.347545,1.500000
1424,26.900000,3,-0.994232,0.347545,1.500000
1425,26.920000,3,-0.994232,0.347545,1.500000
1426,26.940000,3,-0.994232,0.347545,1.500000
1427,26.960000,3,-0.994232,0.347545,1.500000
1428,26.980000,3,-0.994232,0.347545,1.500000
1429,27.000000,3,-0.994232,0.347545,1.500000
1430,27.020000,3,-0.994232,0.347545,1.500000
1431,27.040000,3,-0.994232,0.347545,1.500000
1432,27.060000,3,-0.994232,0.347545,1.500000
1433,27.080000,3,-0.994232,0.347545,1.500000
1434,27.100000,3,-0.994232,0.347545,1.500000
1435,27.120000,3,-0.994232,0.347545,1.500000
1436,27.140000,3,-0.994232,0.347545,1.500000
1437,27.160000,3,-0.994232,0.347545,1.500000
1438,27.180000,3,-0.994232,0.347545,1.500000
1439,27.200000,3,-0.994232,0.347545,1.500000
1440,27.220000,3,-0.994232,0.347545,1.500000
1441,27.240000,3,-0.994232,0.347545,1.500000
1442,27.260000,3,-0.994232,0.347545,1.500000
1443,27.280000,3,-0.994232,0.347545,1.500000
1444,27.300000,3,-0.994232,0.347545,1.500000
1445,27.320000,3,-0.994232,0.347545,1.500000
1446,27.340000,3,-0.994232,0.347545,1.500000
1447,27.360000,3,-0.994232,0.347545,1.500000
1448,27.380000,3,-0.994232,0.347545,1.500000
1449,27.400000,3,-0.994232,0.347545,1.500000
1450,27.420000,3,-0.994232,0.347545,1.500000
1451,27.440000,3,-0.994232,0.347545,1.500000
1452,27.460000,3,-0.994232,0.347545,1.500000
1453,27.480000,3,-0.994232,0.347545,1.500000
1454,27.500000,3,-0.994232,0.347545,1.500000
1455,27.520000,3,-0.994232,0.347545,1.500000
1456,27.540000,3,-0.994232,0.347545,1.500000
1457,27.560000,3,-0.994232,0.347545,1.500000
1458,27.580000,3,-0.994232,0.347545,1.500000
1459,27.600000,3,-0.994232,0.347545,1.500000
1460,27.620000,3,-0.994232,0.347545,1.500000
1461,27.640000,3,-0.994812,0.345378,1.500000
1462,27.660000,3,-0.994995,0.344890,1.500000
1463,27.680000,3,-0.995209,0.344432,1.500000
1464,27.700000,3,-0.995880,0.342387,1.500000
1465,27.720000,3,-0.996216,0.341594,1.500000
1466,27.740000,3,-0.996277,0.341411,1.500000
1467,27.760000,3,-0.996643,0.340037,1.500000
1468,27.780000,3,-0.996887,0.339427,1.500000
1469,27.800000,3,-0.997253,0.338389,1.500000
1470,27.820000,3,-0.997803,0.336741,1.500000
1471,27.840000,3,-0.998138,0.335704,1.500000
1472,27.860000,3,-0.998749,0.333995,1.500000
1473,27.880000,3,-0.999207,0.332682,1.500000
1474,27.900000,3,-0.999268,0.332408,1.500000
1475,27.920000,3,-0.999329,0.332316,1.500000
1476,27.940000,3,-0.999634,0.331126,1.500000
1477,27.960000,3,-0.999756,0.330943,1.500000
1478,27.980000,3,-1.000000,0.329783,1.500000
1479,28.000000,3,-1.000000,0.328837,1.500000
1480,28.020000,3,-1.000000,0.325724,1.500000
1481,28.040000,3,-1.000000,0.325022,1.500000
1482,28.060000,3,-1.000000,0.323313,1.500000
1483,28.080000,3,-1.000000,0.323222,1.500000
1484,28.100000,3,-1.000000,0.322367,1.500000
1485,28.120000,3,-1.000000,0.321757,1.500000
1486,28.140000,3,-1.000000,0.319865,1.500000
1487,28.160000,3,-1.000000,0.318888,1.500000
1488,28.180000,3,-1.000000,0.316996,1.500000
1489,28.200000,3,-1.000000,0.313761,1.500000
1490,28.220000,3,-1.000000,0.307993,1.500000
1491,28.240000,3,-1.000000,0.303110,1.500000
1492,28.260000,3,-1.000000,0.298624,1.500000
1493,28.280000,3,-1.000000,0.295450,1.500000
1494,28.300000,3,-1.000000,0.291482,1.500000
1495,28.320000,3,-1.000000,0.287576,1.500000
1496,28.340000,3,-1.000000,0.284402,1.500000
1497,28.360000,3,-1.000000,0.282968,1.500000
1498,28.380000,3,-1.000000,0.279061,1.500000
1499,28.400000,3,-1.000000,0.274667,1.500000
1500,28.420000,3,-1.000000,0.272622,1.500000
1501,28.440000,3,-1.000000,0.271859,1.500000
1502,28.460000,3,-1.000000,0.269082,1.500000
1503,28.480000,3,-1.000000,0.266610,1.500000
1504,28.500000,3,-1.000000,0.261238,1.500000
1505,28.520000,3,-1.000000,0.257424,1.500000
1506,28.540000,3,-1.000000,0.252632,1.500000
1507,28.560000,3,-1.000000,0.247902,1.500000
1508,28.580000,3,-1.000000,0.245369,1.500000
1509,28.600000,3,-1.000000,0.243049,1.500000
1510,28.620000,3,-1.000000,0.237800,1.500000
1511,28.640000,3,-1.000000,0.226112,1.500000
1512,28.660000,3,-1.000000,0.208686,1.500000
1513,28.680000,3,-1.000000,0.195563,1.500000
1514,28.700000,3,-1.000000,0.170171,1.500000
1515,28.720000,3,-1.000000,0.154790,1.500000
1516,28.740000,3,-1.000000,0.144169,1.500000
1517,28.760000,3,-1.000000,0.135228,1.500000
1518,28.780000,3,-1.000000,0.132542,1.500000
1519,28.800000,3,-1.000000,0.125309,1.500000
1520,28.820000,3,-1.000000,0.118931,1.500000
1521,28.840000,3,-1.000000,0.103519,1.500000
1522,28.860000,3,-1.000000,0.097598,1.500000
1523,28.880000,3,-1.000000,0.095950,1.500000
1524,28.900000,3,-1.000000,0.095309,1.500000
1525,28.920000,3,-1.000000,0.095065,1.500000
1526,28.940000,3,-1.000000,0.095065,1.500000
1527,28.960000,3,-1.000000,0.094516,1.500000
1528,28.980000,3,-1.000000,0.094241,1.500000
1529,29.000000,3,-1.000000,0.094241,1.500000
1530,29.020000,3,-1.000000,0.094241,1.500000
1531,29.040000,3,-1.000000,0.094241,1.500000
1532,29.060000,3,-1.000000,0.094241,1.500000
1533,29.080000,3,-1.000000,0.094241,1.500000
1534,29.100000,3,-1.000000,0.094241,1.500000
1535,29.120000,3,-1.000000,0.094241,1.500000
1536,29.140000,3,-1.000000,0.096469,1.500000
1537,29.160000,3,-1.000000,0.102756,1.500000
1538,29.180000,3,-1.000000,0.105350,1.500000
1539,29.200000,3,-1.000000,0.107547,1.500000
1540,29.220000,3,-1.000000,0.108310,1.500000
1541,29.240000,3,-1.000000,0.110965,1.500000
1542,29.260000,3,-1.000000,0.115238,1.500000
1543,29.280000,3,-1.000000,0.132633,1.500000
1544,29.300000,3,-1.000000,0.142155,1.500000
1545,29.320000,3,-1.000000,0.147038,1.500000
1546,29.340000,3,-1.000000,0.156041,1.500000
1547,29.360000,3,-1.000000,0.169439,1.500000
1548,29.380000,3,-1.000000,0.213172,1.500000
1549,29.400000,3,-1.000000,0.241462,1.500000
1550,29.420000,3,-1.000000,0.271981,1.500000
1551,29.440000,3,-1.000000,0.316294,1.500000
1552,29.460000,3,-0.979492,0.386853,1.500000
1553,29.480000,3,-0.968017,0.414594,1.500000
1554,29.500000,3,-0.960631,0.431318,1.500000
1555,29.520000,3,-0.957610,0.438063,1.500000
1556,29.540000,3,-0.955565,0.443098,1.500000
1557,29.560000,3,-0.954955,0.443922,1.500000
1558,29.580000,3,-0.954650,0.444594,1.500000
1559,29.600000,3,-0.954497,0.444838,1.500000
1560,29.620000,3,-0.954497,0.444563,1.500000
1561,29.640000,3,-0.954497,0.444563,1.500000
1562,29.660000,3,-0.953459,0.447371,1.500000
1563,29.680000,3,-0.950194,0.453841,1.500000
1564,29.700000,3,-0.943663,0.467147,1.500000
1565,29.720000,3,-0.933988,0.486190,1.500000
1566,29.740000,3,-0.926237,0.500717,1.500000
1567,29.760000,3,-0.910672,0.528428,1.500000
1568,29.780000,3,-0.885006,0.570238,1.500000
1569,29.800000,3,-0.855434,0.572344,1.500000
1570,29.820000,3,-0.755120,0.561876,1.500000
1571,29.840000,3,-0.596210,0.501297,1.500000
1572,29.860000,3,-0.456679,0.397870,1.500000
1573,29.880000,3,-0.436872,0.358287,1.500000
1574,29.900000,3,-0.491012,0.361309,1.500000
1575,29.920000,3,-0.540483,0.365947,1.500000
1576,29.940000,3,-0.579882,0.369182,1.500000
1577,29.960000,3,-0.667348,0.376110,1.500000
1578,29.980000,3,-0.814631,0.410047,1.500000
1579,30.000000,3,-0.935392,0.458937,1.500000
1580,30.020000,3,-0.947905,0.458144,1.500000
1581,30.040000,3,-0.947966,0.458144,1.500000
1582,30.060000,3,-0.947966,0.458144,1.500000
1583,30.080000,3,-0.947417,0.460189,1.500000
1584,30.100000,3,-0.910031,0.454268,1.500000
1585,30.120000,3,-0.698386,0.368938,1.500000
1586,30.140000,3,-0.194800,0.085910,1.500000
1587,30.160000,3,-0.000000,-0.000000,1.500000
1588,30.180000,3,-0.000000,-0.000000,1.500000
1589,30.200000,3,-0.000000,-0.000000,1.500000
1590,30.220000,3,-0.000000,-0.000000,1.500000
1591,30.240000,3,-0.000000,-0.000000,1.500000
1592,30.260000,3,-0.000000,-0.000000,1.500000
1593,30.280000,3,-0.000000,-0.000000,1.500000
1594,30.300000,3,-0.000000,-0.000000,1.500000
1595,30.320000,3,-0.000000,-0.000000,1.500000
1596,30.340000,3,-0.000000,-0.000000,1.500000
1597,30.360000,3,-0.000000,-0.000000,1.500000
1598,30.380000,3,-0.000000,-0.000000,1.500000
1599,30.400000,3,-0.000000,-0.000000,1.500000
1600,30.420000,3,-0.000000,-0.000000,1.500000
1601,30.440000,3,-0.000000,-0.000000,1.500000
1602,30.460000,3,-0.000000,-0.000000,1.500000
1603,30.480000,3,-0.000000,-0.000000,1.500000
1604,30.500000,3,-0.000000,-0.000000,1.500000
1605,30.520000,3,-0.000000,-0.000000,1.500000
1606,30.540000,3,-0.000000,-0.000000,1.500000
1607,30.560000,3,-0.000000,-0.000000,1.500000
1608,30.580000,3,-0.000000,-0.000000,1.500000
1609,30.600000,3,-0.000000,-0.000000,1.500000
1610,30.620000,3,-0.000000,-0.000000,1.500000
1611,30.640000,3,-0.000000,-0.000000,1.500000
1612,30.660000,3,-0.000000,-0.000000,1.500000
1613,30.680000,3,-0.000000,-0.000000,1.500000
1614,30.700000,3,-0.000000,-0.000000,1.500000
1615,30.720000,3,-0.000000,-0.000000,1.500000
1616,30.740000,3,-0.000000,-0.000000,1.500000
1617,30.760000,3,-0.000000,-0.000000,1.500000
1618,30.780000,3,-0.000000,-0.000000,1.500000
1619,30.800000,3,-0.000000,-0.000000,1.500000
1620,30.820000,3,-0.000000,-0.000000,1.500000
1621,30.840000,3,-0.000000,-0.000000,1.500000
1622,30.860000,3,-0.000000,-0.000000,1.500000
1623,30.880000,3,-0.000000,-0.000000,1.500000
1624,30.900000,3,-0.000000,-0.000000,1.500000
1625,30.920000,3,-0.000000,-0.000000,1.500000
1626,30.940000,3,-0.000000,-0.000000,1.500000
1627,30.960000,3,-0.000000,-0.000000,1.500000
1628,30.980000,3,-0.000000,-0.000000,1.500000
1629,31.000000,3,-0.000000,-0.000000,1.500000
1630,31.020000,3,-0.000000,-0.000000,1.500000
1631,31.040000,3,-0.000000,-0.000000,1.500000
1632,31.060000,3,-0.000000,-0.000000,1.500000
1633,31.080000,3,-0.000000,-0.000000,1.500000
1634,31.100000,3,-0.000000,-0.000000,1.500000
1635,31.120000,3,-0.000000,-0.000000,1.463286
1636,31.140000,3,-0.000000,-0.000000,1.303156
1637,31.160000,3,-0.000000,-0.000000,1.094363
1638,31.180000,3,-0.000000,-0.000000,0.793786
1639,31.200000,3,-0.000000,-0.000000,0.351802
1640,31.220000,3,-0.000000,-0.000000,-0.000000
1641,31.240000,3,-0.000000,-0.000000,-0.000000
1642,31.260000,3,-0.000000,-0.000000,-0.000000
1643,31.280000,3,-0.000000,-0.000000,-0.000000
1644,31.300000,3,-0.000000,-0.000000,-0.000000
1645,31.320000,3,-0.000000,-0.000000,-0.000000
1646,31.340000,3,-0.000000,-0.000000,-0.000000
1647,31.360000,3,-0.000000,-0.000000,-0.000000
1648,31.380000,3,-0.000000,-0.000000,-0.000000
1649,31.400000,3,0.019807,-0.000000,-0.000000
1650,31.420000,3,0.120029,-0.000000,-0.000000
1651,31.440000,3,0.218513,-0.000000,-0.000000
1652,31.460000,3,0.291787,-0.000000,-0.000000
1653,31.480000,3,0.384930,-0.000000,-0.000000
1654,31.500000,3,0.446272,-0.000000,-0.000000
1655,31.520000,3,0.537278,-0.000000,-0.000000
1656,31.540000,3,0.624958,0.004242,-0.000000
1657,31.560000,3,0.737968,0.025178,-0.000000
1658,31.580000,3,0.830287,0.042116,-0.000000
1659,31.600000,3,0.907285,0.046327,-0.000000
1660,31.620000,3,0.955596,0.046754,-0.000000
1661,31.640000,3,1.000000,0.047212,-0.000000
1662,31.660000,3,1.000000,0.046785,-0.000000
1663,31.680000,3,1.000000,0.046632,-0.000000
1664,31.700000,3,1.000000,0.046632,-0.000000
1665,31.720000,3,1.000000,0.046632,-0.000000
1666,31.740000,3,1.000000,0.044679,-0.000000
1667,31.760000,3,1.000000,0.041841,-0.000000
1668,31.780000,3,1.000000,0.037599,-0.000000
1669,31.800000,3,1.000000,0.026185,-0.000000
1670,31.820000,3,1.000000,0.018067,-0.000000
1671,31.840000,3,1.000000,0.013947,-0.000000
1672,31.860000,3,1.000000,0.012635,-0.015610
1673,31.880000,3,1.000000,0.012024,-0.129643
1674,31.900000,3,1.000000,0.011353,-0.347911
1675,31.920000,3,1.000000,0.011170,-0.623814
1676,31.940000,3,1.000000,0.010743,-0.883831
1677,31.960000,3,1.000000,0.010743,-1.109653
1678,31.980000,3,1.000000,0.010743,-1.276193
1679,32.000000,3,1.000000,0.010743,-1.411969
1680,32.020000,3,1.000000,0.010743,-1.500000
1681,32.040000,3,1.000000,0.011078,-1.500000
1682,32.060000,3,1.000000,0.011353,-1.500000
1683,32.080000,3,1.000000,0.011322,-1.500000
1684,32.100000,3,1.000000,0.011322,-1.500000
1685,32.120000,3,1.000000,0.011536,-1.500000
1686,32.140000,3,1.000000,0.011536,-1.500000
1687,32.160000,3,1.000000,0.011536,-1.500000
1688,32.180000,3,1.000000,0.011536,-1.500000
1689,32.200000,3,1.000000,0.011536,-1.500000
1690,32.220000,3,1.000000,0.011536,-1.500000
1691,32.240000,3,1.000000,0.011536,-1.500000
1692,32.260000,3,1.000000,0.011536,-1.500000
1693,32.280000,3,1.000000,0.011536,-1.500000
1694,32.300000,3,1.000000,0.011536,-1.500000
1695,32.320000,3,1.000000,0.011536,-1.500000
1696,32.340000,3,1.000000,0.011536,-1.500000
1697,32.360000,3,1.000000,0.011536,-1.500000
1698,32.380000,3,1.000000,0.011994,-1.500000
1699,32.400000,3,1.000000,0.011994,-1.499863
1700,32.420000,3,1.000000,0.011170,-1.476516
1701,32.440000,3,1.000000,0.011170,-1.469695
1702,32.460000,3,1.000000,0.011170,-1.417783
1703,32.480000,3,1.000000,0.011170,-1.364818
1704,32.500000,3,1.000000,0.011170,-1.282281
1705,32.520000,3,1.000000,0.011170,-1.183630
1706,32.540000,3,1.000000,0.011322,-1.044420
1707,32.560000,3,1.000000,0.011536,-0.843089
1708,32.580000,3,1.000000,0.011536,-0.535920
1709,32.600000,3,1.000000,0.011536,-0.030534
1710,32.620000,3,1.000000,0.011536,-0.000000
1711,32.640000,3,1.000000,0.011536,-0.000000
1712,32.660000,3,1.000000,0.013398,-0.000000
1713,32.680000,3,1.000000,0.016816,-0.000000
1714,32.700000,3,1.000000,0.017335,-0.000000
1715,32.720000,3,1.000000,0.017335,-0.000000
1716,32.740000,3,1.000000,0.017335,-0.000000
1717,32.760000,3,1.000000,0.017335,-0.000000
1718,32.780000,3,1.000000,0.017335,-0.000000
1719,32.800000,3,1.000000,0.017335,-0.000000
1720,32.820000,3,1.000000,0.017945,-0.000000
1721,32.840000,3,1.000000,0.018097,-0.000000
1722,32.860000,3,1.000000,0.018097,-0.000000
1723,32.880000,3,1.000000,0.018097,-0.000000
1724,32.900000,3,1.000000,0.018097,-0.000000
1725,32.920000,3,1.000000,0.018281,-0.000000
1726,32.940000,3,0.949461,0.013550,-0.000000
1727,32.960000,3,0.486892,0.004975,-0.000000
1728,32.980000,3,-0.000000,-0.000000,-0.000000
1729,33.000000,3,-0.000000,-0.000000,-0.000000
1730,33.020000,3,-0.000000,-0.000000,-0.000000
1731,33.040000,3,-0.000000,-0.000000,-0.000000
1732,33.060000,3,-0.000000,-0.000000,-0.000000
1733,33.080000,3,-0.000000,-0.000000,-0.000000
1734,33.100000,3,-0.000000,-0.000000,-0.000000
1735,33.120000,3,-0.000000,-0.000000,-0.000000
1736,33.140000,3,-0.000000,-0.000000,-0.000000
1737,33.160000,3,-0.000000,-0.000000,-0.000000
1738,33.180000,3,-0.000000,-0.000000,-0.000000
1739,33.200000,3,-0.000000,-0.000000,-0.000000
1740,33.220000,3,-0.000000,-0.000000,-0.000000
1741,33.240000,3,-0.000000,-0.000000,-0.000000
1742,33.260000,3,-0.000000,-0.000000,-0.000000
1743,33.280000,3,-0.000000,-0.000000,-0.000000
1744,33.300000,3,-0.000000,-0.000000,-0.000000
1745,33.320000,3,-0.035127,0.027528,-0.000000
1746,33.340000,3,-0.259896,0.250954,-0.000000
1747,33.360000,3,-0.393353,0.352214,-0.000000
1748,33.380000,3,-0.624592,0.445662,-0.000000
1749,33.400000,3,-0.890347,0.491317,-0.000000
1750,33.420000,3,-0.934385,0.485397,-0.000000
1751,33.440000,3,-0.938658,0.476577,-0.000000
1752,33.460000,3,-0.939451,0.475295,-0.000000
1753,33.480000,3,-0.939512,0.475204,-0.000000
1754,33.500000,3,-0.939787,0.474624,-0.000000
1755,33.520000,3,-0.939787,0.474624,-0.000000
1756,33.540000,3,-0.939787,0.474624,-0.000000
1757,33.560000,3,-0.939787,0.474624,-0.000000
1758,33.580000,3,-0.939787,0.474685,-0.000000
1759,33.600000,3,-0.939787,0.474960,-0.000000
1760,33.620000,3,-0.939787,0.474960,-0.000000
1761,33.640000,3,-0.939787,0.474960,-0.000000
1762,33.660000,3,-0.939787,0.474960,-0.000000
1763,33.680000,3,-0.939787,0.474960,-0.000000
1764,33.700000,3,-0.939787,0.474960,-0.000000
1765,33.720000,3,-0.939787,0.474960,-0.000000
1766,33.740000,3,-0.939177,0.476455,-0.000000
1767,33.760000,3,-0.937132,0.480392,-0.000000
1768,33.780000,3,-0.928068,0.497299,-0.000000
1769,33.800000,3,-0.643910,0.444380,-0.000000
1770,33.820000,3,-0.029389,0.018616,-0.000000
1771,33.840000,3,-0.000000,-0.000000,-0.000000
1772,33.860000,3,-0.000000,-0.000000,-0.000000
1773,33.880000,3,-0.000000,-0.000000,-0.000000
1774,33.900000,3,-0.000000,-0.000000,-0.000000
1775,33.920000,3,-0.000000,-0.000000,-0.000000
1776,33.940000,3,-0.000000,-0.000000,-0.000000
1777,33.960000,3,-0.000000,-0.000000,-0.000000
1778,33.980000,3,0.000824,-0.130345,-0.000000
1779,34.000000,3,-0.108188,-0.512772,-0.000000
1780,34.020000,3,-0.330424,-0.897549,-0.000000
1781,34.040000,3,-0.393048,-0.977050,-0.000000
1782,34.060000,3,-0.395123,-0.976257,-0.000000
1783,34.080000,3,-0.395489,-0.976165,-0.000000
1784,34.100000,3,-0.394208,-0.976379,-0.000000
1785,34.120000,3,-0.392804,-0.976989,-0.000000
1786,34.140000,3,-0.390149,-0.977966,-0.000000
1787,34.160000,3,-0.389294,-0.978393,-0.000000
1788,34.180000,3,-0.388897,-0.978576,-0.000000
1789,34.200000,3,-0.387494,-0.979125,-0.000000
1790,34.220000,3,-0.385968,-0.979736,-0.000000
1791,34.240000,3,-0.385266,-0.980041,-0.000000
1792,34.260000,3,-0.385174,-0.980041,-0.000000
1793,34.280000,3,-0.384777,-0.980163,-0.000000
1794,34.300000,3,-0.384716,-0.980224,-0.000000
1795,34.320000,3,-0.384716,-0.980224,-0.000000
1796,34.340000,3,-0.382519,-0.980956,-0.000000
1797,34.360000,3,-0.377789,-0.982788,-0.000000
1798,34.380000,3,-0.374187,-0.984313,-0.000000
1799,34.400000,3,-0.372723,-0.984924,-0.000000
1800,34.420000,3,-0.372478,-0.984985,-0.000000
1801,34.440000,3,-0.372234,-0.985107,-0.000000
1802,34.460000,3,-0.371868,-0.985229,-0.000000
1803,34.480000,3,-0.371502,-0.985351,-0.000000
1804,34.500000,3,-0.370769,-0.985626,-0.000000
1805,34.520000,3,-0.370617,-0.985687,-0.000000
1806,34.540000,3,-0.370098,-0.985900,-0.000000
1807,34.560000,3,-0.369732,-0.986023,-0.000000
1808,34.580000,3,-0.369182,-0.986206,-0.000000
1809,34.600000,3,-0.368206,-0.986602,-0.000000
1810,34.620000,3,-0.368358,-0.986602,-0.000000
1811,34.640000,3,-0.368358,-0.986602,-0.000000
1812,34.660000,3,-0.368084,-0.986663,-0.000000
1813,34.680000,3,-0.368084,-0.986663,-0.000000
1814,34.700000,3,-0.368328,-0.986663,-0.000000
1815,34.720000,3,-0.368450,-0.986663,-0.000000
1816,34.740000,3,-0.368450,-0.986663,-0.000000
1817,34.760000,3,-0.368450,-0.986663,-0.000000
1818,34.780000,3,-0.368450,-0.986663,-0.000000
1819,34.800000,3,-0.368267,-0.986663,-0.000000
1820,34.820000,3,-0.350993,-0.993011,-0.000000
1821,34.840000,3,-0.335276,-0.998474,-0.000000
1822,34.860000,3,-0.300180,-1.000000,-0.000000
1823,34.880000,3,-0.286874,-1.000000,-0.000000
1824,34.900000,3,-0.262764,-1.000000,-0.000000
1825,34.920000,3,-0.229102,-1.000000,-0.000000
1826,34.940000,3,-0.194159,-1.000000,-0.000000
1827,34.960000,3,-0.160527,-1.000000,-0.000000
1828,34.980000,3,-0.117161,-0.999390,-0.000000
1829,35.000000,3,-0.081729,-0.917783,-0.000000
1830,35.020000,3,-0.044313,-0.854488,-0.000000
1831,35.040000,3,-0.000000,-0.489822,-0.000000
1832,35.060000,3,-0.000000,-0.000000,-0.000000
1833,35.080000,3,-0.000000,-0.000000,-0.000000
1834,35.100000,3,-0.000000,-0.000000,-0.000000
1835,35.120000,3,-0.000000,-0.000000,-0.000000
1836,35.140000,3,-0.000000,-0.000000,-0.000000
1837,35.160000,3,-0.000000,-0.000000,-0.000000
1838,35.180000,3,-0.000000,-0.000000,-0.000000
1839,35.200000,3,-0.000000,-0.000000,-0.000000
1840,35.220000,3,-0.000000,-0.000000,-0.000000
1841,35.240000,3,-0.000000,-0.000000,-0.000000
1842,35.260000,3,-0.000000,-0.000000,-0.000000
1843,35.280000,3,-0.000000,-0.000000,-0.000000
1844,35.300000,3,-0.000000,-0.000000,-0.000000
1845,35.320000,3,-0.000000,-0.000000,-0.000000
1846,35.340000,3,-0.000000,-0.000000,-0.000000
1847,35.360000,3,-0.000000,-0.000000,-0.000000
1848,35.380000,3,-0.000000,-0.000000,-0.000000
1849,35.400000,3,-0.000000,-0.000000,-0.000000
1850,35.420000,3,-0.000000,-0.000000,-0.000000
1851,35.440000,3,-0.000000,-0.000000,-0.000000
1852,35.460000,3,-0.000000,-0.000000,-0.000000
1853,35.480000,3,-0.000000,-0.000000,-0.000000
1854,35.500000,3,-0.000000,-0.000000,-0.000000
1855,35.520000,3,-0.000000,-0.000000,-0.000000
1856,35.540000,3,-0.000000,-0.000000,-0.000000
1857,35.560000,3,-0.000000,-0.000000,-0.000000
1858,35.580000,3,-0.000000,-0.000000,-0.000000
1859,35.600000,3,-0.000000,-0.000000,-0.000000
1860,35.620000,3,-0.000000,-0.000000,-0.000000
1861,35.640000,3,-0.000000,-0.000000,-0.000000
1862,35.660000,3,-0.000000,-0.000000,-0.000000
1863,35.680000,3,-0.000000,-0.000000,-0.000000
1864,35.700000,3,-0.000000,-0.000000,-0.000000
1865,35.720000,3,-0.000000,-0.000000,-0.000000
1866,35.740000,3,-0.000000,-0.000000,-0.000000
1867,35.760000,3,-0.000000,-0.000000,-0.000000
1868,35.780000,3,-0.000000,-0.000000,-0.000000
1869,35.800000,3,-0.000000,-0.000000,-0.000000
1870,35.820000,3,-0.000000,-0.000000,-0.000000
1871,35.840000,3,-0.000000,-0.000000,-0.000000
1872,35.860000,3,-0.000000,-0.000000,-0.000000
1873,35.880000,3,-0.000000,-0.000000,-0.000000
1874,35.900000,3,-0.000000,-0.000000,-0.000000
1875,35.920000,3,-0.000000,-0.000000,-0.000000
1876,35.940000,3,-0.000000,-0.000000,-0.000000
1877,35.960000,3,-0.000000,-0.000000,-0.000000
1878,35.980000,3,-0.000000,-0.000000,-0.000000
1879,36.000000,3,-0.000000,-0.000000,-0.000000
1880,36.020000,3,-0.000000,-0.000000,-0.000000
1881,36.040000,3,-0.000000,-0.000000,-0.000000
1882,36.060000,3,-0.000000,-0.000000,-0.000000
1883,36.080000,3,-0.000000,-0.000000,-0.000000
1884,36.100000,3,-0.000000,-0.000000,-0.000000
1885,36.120000,3,-0.000000,-0.000000,-0.000000
1886,36.140000,3,-0.000000,-0.000000,-0.000000
1887,36.160000,3,-0.000000,-0.000000,-0.000000
1888,36.180000,3,-0.000000,-0.000000,-0.000000
1889,36.200000,3,-0.000000,-0.000000,-0.000000
1890,36.220000,3,-0.000000,-0.000000,-0.000000
1891,36.240000,3,-0.000000,-0.000000,-0.000000
1892,36.260000,3,-0.000000,-0.000000,-0.000000
1893,36.280000,3,-0.000000,-0.000000,-0.000000
1894,36.300000,3,-0.000000,-0.000000,-0.000000
1895,36.320000,3,-0.000000,-0.000000,-0.000000
1896,36.340000,3,-0.000000,-0.000000,-0.000000
1897,36.360000,3,-0.000000,-0.000000,-0.000000
1898,36.380000,3,-0.000000,-0.000000,-0.000000
1899,36.400000,3,-0.000000,-0.000000,-0.000000
1900,36.420000,3,0.026246,-0.000000,-0.000000
1901,36.440000,3,0.079928,-0.000000,-0.000000
1902,36.460000,3,0.166509,-0.001679,-0.000000
1903,36.480000,3,0.324473,-0.003357,-0.000000
1904,36.500000,3,0.415021,-0.003967,-0.000000
1905,36.520000,3,0.526902,-0.004425,-0.000000
1906,36.540000,3,0.665517,-0.004791,-0.000000
1907,36.560000,3,0.855800,-0.005188,-0.000000
1908,36.580000,3,0.938536,-0.005310,-0.000000
1909,36.600000,3,1.000000,-0.005432,-0.000000
1910,36.620000,3,1.000000,-0.005432,-0.000000
1911,36.640000,3,1.000000,-0.005432,-0.000000
1912,36.660000,3,1.000000,-0.005432,-0.000000
1913,36.680000,3,1.000000,-0.005432,-0.000000
1914,36.700000,3,1.000000,-0.010834,-0.000000
1915,36.720000,3,1.000000,-0.018311,-0.000000
1916,36.740000,3,1.000000,-0.023804,-0.000000
1917,36.760000,3,1.000000,-0.024506,-0.000000
1918,36.780000,3,1.000000,-0.024506,-0.000000
1919,36.800000,3,1.000000,-0.024964,-0.000000
1920,36.820000,3,1.000000,-0.025269,-0.000000
1921,36.840000,3,1.000000,-0.025086,-0.000000
1922,36.860000,3,1.000000,-0.025147,-0.000000
1923,36.880000,3,1.000000,-0.025117,-0.000000
1924,36.900000,3,1.000000,-0.023194,-0.000000
1925,36.920000,3,1.000000,-0.022645,-0.000000
1926,36.940000,3,1.000000,-0.022645,-0.000000
1927,36.960000,3,1.000000,-0.022645,-0.000000
1928,36.980000,3,1.000000,-0.022645,-0.000000
1929,37.000000,3,1.000000,-0.022187,-0.000000
1930,37.020000,3,1.000000,-0.021760,-0.000000
1931,37.040000,3,1.000000,-0.021760,-0.000000
1932,37.060000,3,1.000000,-0.021760,-0.000000
1933,37.080000,3,1.000000,-0.021760,-0.000000
1934,37.100000,3,1.000000,-0.021760,-0.000000
1935,37.120000,3,1.000000,-0.021760,-0.000000
1936,37.140000,3,1.000000,-0.021760,-0.000000
1937,37.160000,3,1.000000,-0.021760,-0.000000
1938,37.180000,3,1.000000,-0.021760,-0.000000
1939,37.200000,3,1.000000,-0.021760,-0.000000
1940,37.220000,3,1.000000,-0.021760,-0.000000
1941,37.240000,3,1.000000,-0.021760,-0.000000
1942,37.260000,3,1.000000,-0.021760,-0.000000
1943,37.280000,3,1.000000,-0.021760,-0.000000
1944,37.300000,3,1.000000,-0.021760,-0.000000
1945,37.320000,3,0.642933,-0.019959,-0.000000
1946,37.340000,3,0.056215,-0.004028,-0.000000
1947,37.360000,3,-0.000000,-0.000000,-0.000000
1948,37.380000,3,-0.000000,-0.000000,-0.000000
1949,37.400000,3,-0.000000,-0.000000,-0.000000
1950,37.420000,3,-0.000000,-0.000000,-0.000000
1951,37.440000,3,-0.000000,-0.000000,-0.000000
1952,37.460000,3,-0.000000,-0.000000,-0.000000
1953,37.480000,3,-0.000000,-0.000000,-0.000000
1954,37.500000,3,-0.000000,-0.000000,-0.000000
1955,37.520000,3,-0.000000,-0.000000,-0.000000
1956,37.540000,3,-0.000000,-0.000000,-0.000000
1957,37.560000,3,-0.000000,-0.000000,-0.000000
1958,37.580000,3,-0.000000,-0.000000,-0.000000
1959,37.600000,3,-0.000000,-0.000000,-0.000000
1960,37.620000,3,-0.000000,-0.000000,-0.000000
1961,37.640000,3,-0.000000,-0.000000,-0.000000
1962,37.660000,3,-0.000000,-0.000000,-0.000000
1963,37.680000,3,-0.000000,-0.000000,-0.000000
1964,37.700000,3,-0.000000,-0.000000,-0.000000
1965,37.720000,3,-0.000000,-0.000000,-0.000000
1966,37.740000,3,-0.000000,-0.000000,-0.000000
1967,37.760000,3,-0.000000,-0.000000,-0.000000
1968,37.780000,3,-0.000000,-0.000000,-0.000000
1969,37.800000,3,-0.000000,-0.000000,-0.000000
1970,37.820000,3,-0.141331,0.068300,-0.000000
1971,37.840000,3,-0.263527,0.115757,-0.000000
1972,37.860000,3,-0.443678,0.171331,-0.000000
1973,37.880000,3,-0.686941,0.244453,-0.000000
1974,37.900000,3,-0.976806,0.333323,-0.000000
1975,37.920000,3,-0.992615,0.352153,-0.000000
1976,37.940000,3,-0.991058,0.357189,-0.000000
1977,37.960000,3,-0.988647,0.363842,-0.000000
1978,37.980000,3,-0.987732,0.365703,-0.000000
1979,38.000000,3,-0.987671,0.366008,-0.000000
1980,38.020000,3,-0.987671,0.366008,-0.000000
1981,38.040000,3,-0.987671,0.366008,-0.000000
1982,38.060000,3,-0.987671,0.366008,-0.000000
1983,38.080000,3,-0.987518,0.366344,-0.000000
1984,38.100000,3,-0.987457,0.366466,-0.000000
1985,38.120000,3,-0.987457,0.366466,-0.000000
1986,38.140000,3,-0.987243,0.367016,-0.000000
1987,38.160000,3,-0.987243,0.367016,-0.000000
1988,38.180000,3,-0.987243,0.366924,-0.000000
1989,38.200000,3,-0.987243,0.366924,-0.000000
1990,38.220000,3,-0.987243,0.366710,-0.000000
1991,38.240000,3,-0.987243,0.366710,-0.000000
1992,38.260000,3,-0.987243,0.366375,-0.000000
1993,38.280000,3,-0.987304,0.366344,-0.000000
1994,38.300000,3,-0.987304,0.366344,-0.000000
1995,38.320000,3,-0.987304,0.366466,-0.000000
1996,38.340000,3,-0.987304,0.366466,-0.000000
1997,38.360000,3,-0.987304,0.366466,-0.000000
1998,38.380000,3,-0.987304,0.366466,-0.000000
1999,38.400000,3,-0.987304,0.366466,-0.000000
2000,38.420000,3,-0.987304,0.366466,-0.000000
2001,38.440000,3,-0.987304,0.366466,-0.000000
2002,38.460000,3,-0.987304,0.366466,-0.000000
2003,38.480000,3,-0.987304,0.366466,-0.000000
2004,38.500000,3,-0.987304,0.366588,-0.000000
2005,38.520000,3,-0.987304,0.366649,-0.000000
2006,38.540000,3,-0.987304,0.366771,-0.000000
2007,38.560000,3,-0.987304,0.366771,-0.000000
2008,38.580000,3,-0.987304,0.366771,-0.000000
2009,38.600000,3,-0.987304,0.366771,-0.000000
2010,38.620000,3,-0.987304,0.366771,-0.000000
2011,38.640000,3,-0.987304,0.366771,-0.000000
2012,38.660000,3,-0.987304,0.366771,-0.000000
2013,38.680000,3,-0.987304,0.366771,-0.000000
2014,38.700000,3,-0.987304,0.366436,-0.000000
2015,38.720000,3,-0.987304,0.366222,-0.000000
2016,38.740000,3,-0.987304,0.366436,-0.000000
2017,38.760000,3,-0.987304,0.366497,-0.000000
2018,38.780000,3,-0.987304,0.366558,-0.000000
2019,38.800000,3,-0.987304,0.366558,-0.000000
2020,38.820000,3,-0.987304,0.366558,-0.000000
2021,38.840000,3,-0.987304,0.366558,-0.000000
2022,38.860000,3,-0.987304,0.366405,-0.000000
2023,38.880000,3,-0.987304,0.367016,-0.000000
2024,38.900000,3,-0.987304,0.367016,-0.000000
2025,38.920000,3,-0.987304,0.367016,-0.000000
2026,38.940000,3,-0.987304,0.366497,-0.000000
2027,38.960000,3,-0.987304,0.366497,-0.000000
2028,38.980000,3,-0.987304,0.366466,-0.000000
2029,39.000000,3,-0.987304,0.366466,-0.000000
2030,39.020000,3,-0.985656,0.371044,-0.000000
2031,39.040000,3,-0.924955,0.377453,-0.000000
2032,39.060000,3,-0.684225,0.289621,-0.000000
2033,39.080000,3,-0.015015,0.003418,-0.000000
2034,39.100000,3,-0.000000,-0.000000,-0.000000
2035,39.120000,3,-0.000000,-0.000000,-0.000000
2036,39.140000,3,-0.000000,-0.000000,-0.000000
2037,39.160000,3,-0.000000,-0.000000,-0.000000
2038,39.180000,3,-0.000000,-0.000000,-0.000000
2039,39.200000,3,-0.000000,-0.000000,-0.000000
2040,39.220000,3,-0.000000,-0.000000,-0.000000
2041,39.240000,3,-0.000000,-0.000000,-0.000000
2042,39.260000,3,-0.000000,-0.000000,-0.000000
2043,39.280000,3,-0.000000,-0.000000,-0.000000
2044,39.300000,3,-0.000000,-0.000000,-0.000000
2045,39.320000,3,-0.000000,-0.000000,-0.000000
2046,39.340000,3,0.004791,-0.000000,-0.000000
2047,39.360000,3,0.046937,-0.008911,-0.000000
2048,39.380000,3,0.116459,-0.034211,-0.000000
2049,39.400000,3,0.198737,-0.067171,-0.000000
2050,39.420000,3,0.320566,-0.101505,-0.000000
2051,39.440000,3,0.431043,-0.129978,-0.000000
2052,39.460000,3,0.570605,-0.173925,-0.000000
2053,39.480000,3,0.678610,-0.201880,-0.000000
2054,39.500000,3,0.884213,-0.227027,-0.000000
2055,39.520000,3,0.996551,-0.235725,-0.000000
2056,39.540000,3,1.000000,-0.248421,-0.000000
2057,39.560000,3,1.000000,-0.266274,-0.000000
2058,39.580000,3,1.000000,-0.274209,-0.000000
2059,39.600000,3,1.000000,-0.276345,-0.000000
2060,39.620000,3,1.000000,-0.277322,-0.000000
2061,39.640000,3,1.000000,-0.279000,-0.000000
2062,39.660000,3,1.000000,-0.279275,-0.000000
2063,39.680000,3,1.000000,-0.279275,-0.000000
2064,39.700000,3,1.000000,-0.280068,-0.000000
2065,39.720000,3,1.000000,-0.280282,-0.000000
2066,39.740000,3,1.000000,-0.280007,-0.000000
2067,39.760000,3,1.000000,-0.279946,-0.000000
2068,39.780000,3,1.000000,-0.280221,-0.000000
2069,39.800000,3,1.000000,-0.286264,-0.000000
2070,39.820000,3,1.000000,-0.303781,-0.000000
2071,39.840000,3,1.000000,-0.310923,-0.000000
2072,39.860000,3,1.000000,-0.312998,-0.000000
2073,39.880000,3,1.000000,-0.313181,-0.000000
2074,39.900000,3,1.000000,-0.313944,-0.000000
2075,39.920000,3,1.000000,-0.313944,-0.000000
2076,39.940000,3,1.000000,-0.313944,-0.000000
2077,39.960000,3,1.000000,-0.313944,-0.000000
2078,39.980000,3,1.000000,-0.313944,-0.000000
2079,40.000000,3,1.000000,-0.314310,-0.000000
2080,40.020000,3,1.000000,-0.314646,-0.000000
2081,40.040000,3,1.000000,-0.314646,-0.000000
2082,40.060000,3,1.000000,-0.314554,-0.000000
2083,40.080000,3,1.000000,-0.314463,-0.000000
2084,40.100000,3,1.000000,-0.314463,-0.000000
2085,40.120000,3,1.000000,-0.314463,-0.000000
2086,40.140000,3,1.000000,-0.314463,-0.000000
2087,40.160000,3,1.000000,-0.314463,-0.000000
2088,40.180000,3,1.000000,-0.314463,-0.000000
2089,40.200000,3,1.000000,-0.314463,-0.000000
2090,40.220000,3,1.000000,-0.314463,-0.000000
2091,40.240000,3,1.000000,-0.314463,-0.000000
2092,40.260000,3,1.000000,-0.314463,-0.000000
2093,40.280000,3,1.000000,-0.314463,-0.000000
2094,40.300000,3,1.000000,-0.314463,-0.000000
2095,40.320000,3,1.000000,-0.314463,-0.000000
2096,40.340000,3,1.000000,-0.314463,-0.000000
2097,40.360000,3,1.000000,-0.314463,-0.000000
2098,40.380000,3,1.000000,-0.314463,-0.000000
2099,40.400000,3,1.000000,-0.315592,-0.000000
2100,40.420000,3,1.000000,-0.320505,-0.000000
2101,40.440000,3,0.992096,-0.353740,-0.000000
2102,40.460000,3,0.977844,-0.391278,-0.000000
2103,40.480000,3,0.940550,-0.473525,-0.000000
2104,40.500000,3,0.882992,-0.573443,-0.000000
2105,40.520000,3,0.829615,-0.648122,-0.000000
2106,40.540000,3,0.749138,-0.739616,-0.000000
2107,40.560000,3,0.668203,-0.813532,-0.000000
2108,40.580000,3,0.597369,-0.866909,-0.000000
2109,40.600000,3,0.519791,-0.915677,-0.000000
2110,40.620000,3,0.467910,-0.943327,-0.000000
2111,40.640000,3,0.369671,-0.986206,-0.000000
2112,40.660000,3,0.303385,-1.000000,-0.000000
2113,40.680000,3,0.254921,-1.000000,-0.000000
2114,40.700000,3,0.222999,-1.000000,-0.000000
2115,40.720000,3,0.216193,-1.000000,-0.000000
2116,40.740000,3,0.215613,-1.000000,-0.000000
2117,40.760000,3,0.215613,-1.000000,-0.000000
2118,40.780000,3,0.215613,-1.000000,-0.000000
2119,40.800000,3,0.220435,-1.000000,-0.000000
2120,40.820000,3,0.241829,-0.969481,-0.000000
2121,40.840000,3,0.307260,-0.813654,-0.000000
2122,40.860000,3,0.362499,-0.711386,-0.000000
2123,40.880000,3,0.403638,-0.630970,-0.000000
2124,40.900000,3,0.425520,-0.564318,-0.000000
2125,40.920000,3,0.451033,-0.443587,-0.000000
2126,40.940000,3,0.462600,-0.276681,-0.000000
2127,40.960000,3,0.397717,-0.095706,-0.000000
2128,40.980000,3,0.019379,-0.001282,-0.000000
2129,41.000000,3,-0.000000,-0.000000,-0.000000
2130,41.020000,3,-0.000000,-0.000000,-0.000000
2131,41.040000,3,-0.000000,-0.000000,-0.000000
2132,41.060000,3,-0.000000,-0.000000,-0.000000
2133,41.080000,3,-0.000000,-0.000000,-0.000000
2134,41.100000,3,-0.000000,-0.000000,-0.000000
2135,41.120000,3,-0.000000,-0.000000,-0.000000
2136,41.140000,3,-0.000000,-0.000000,-0.000000
2137,41.160000,3,-0.000000,-0.000000,-0.000000
2138,41.180000,3,-0.000000,-0.000000,-0.000000
2139,41.200000,3,-0.000000,-0.000000,-0.000000
2140,41.220000,3,-0.000000,-0.000000,-0.000000
2141,41.240000,3,-0.000000,-0.000000,-0.000000
2142,41.260000,3,-0.000000,-0.000000,-0.000000
2143,41.280000,3,-0.000000,-0.000000,-0.000000
2144,41.300000,3,-0.000000,-0.000000,-0.000000
2145,41.320000,3,-0.000000,-0.000000,-0.000000
2146,41.340000,3,-0.000000,-0.000000,-0.000000
2147,41.360000,3,-0.037324,0.006409,-0.000000
2148,41.380000,3,-0.182501,0.050417,-0.000000
2149,41.400000,3,-0.334452,0.087497,-0.000000
2150,41.420000,3,-0.556688,0.127750,-0.000000
2151,41.440000,3,-0.757469,0.165044,-0.000000
2152,41.460000,3,-0.869198,0.210578,-0.000000
2153,41.480000,3,-1.000000,0.275704,-0.000000
2154,41.500000,3,-1.000000,0.281747,-0.000000
2155,41.520000,3,-1.000000,0.285897,-0.000000
2156,41.540000,3,-1.000000,0.286813,-0.000000
2157,41.560000,3,-1.000000,0.286874,-0.000000
2158,41.580000,3,-1.000000,0.287606,-0.000000
2159,41.600000,3,-1.000000,0.287881,-0.000000
2160,41.620000,3,-1.000000,0.288675,-0.000000
2161,41.640000,3,-1.000000,0.288675,-0.000000
2162,41.660000,3,-1.000000,0.288827,-0.000000
2163,41.680000,3,-1.000000,0.288705,-0.000000
2164,41.700000,3,-1.000000,0.288461,-0.000000
2165,41.720000,3,-1.000000,0.288583,-0.000000
2166,41.740000,3,-1.000000,0.288400,-0.000000
2167,41.760000,3,-1.000000,0.288369,-0.000000
2168,41.780000,3,-1.000000,0.281228,-0.000000
2169,41.800000,3,-1.000000,0.248360,-0.000000
2170,41.820000,3,-1.000000,0.213080,-0.000000
2171,41.840000,3,-1.000000,0.183233,-0.000000
2172,41.860000,3,-1.000000,0.149663,-0.000000
2173,41.880000,3,-1.000000,0.131352,-0.000000
2174,41.900000,3,-0.947722,0.112918,-0.000000
2175,41.920000,3,-0.830836,0.108066,-0.000000
2176,41.940000,3,-0.722312,0.104923,-0.000000
2177,41.960000,3,-0.523087,0.089663,-0.000000
2178,41.980000,3,-0.416669,0.069399,-0.000000
2179,42.000000,3,-0.175207,0.028809,-0.000000
2180,42.020000,3,-0.000000,-0.000000,-0.000000
2181,42.040000,3,-0.000000,-0.000000,-0.000000
2182,42.060000,3,-0.000000,-0.000000,-0.000000
2183,42.080000,3,-0.000000,-0.000000,-0.000000
2184,42.100000,3,-0.000000,-0.000000,-0.000000
2185,42.120000,3,-0.000000,-0.000000,-0.000000
2186,42.140000,3,-0.000000,-0.000000,-0.000000
2187,42.160000,3,-0.000000,-0.000000,-0.000000
2188,42.180000,3,-0.000000,-0.000000,-0.000000
2189,42.200000,3,-0.000000,-0.000000,-0.000000
2190,42.220000,3,-0.000000,-0.000000,-0.000000
2191,42.240000,3,-0.000000,-0.000000,-0.000000
2192,42.260000,3,-0.000000,-0.000000,-0.000000
2193,42.280000,3,-0.000000,-0.000000,-0.000000
2194,42.300000,3,-0.000000,-0.000000,-0.000000
2195,42.320000,3,-0.000000,-0.000000,-0.000000
2196,42.340000,3,-0.000000,-0.000000,-0.000000
2197,42.360000,3,-0.000000,-0.000000,-0.000000
2198,42.380000,3,-0.000000,-0.000000,-0.000000
2199,42.400000,3,-0.000000,-0.000000,-0.000000
2200,42.420000,3,-0.000000,-0.000000,-0.000000
2201,42.440000,3,-0.000000,-0.000000,-0.000000
2202,42.460000,3,-0.000000,-0.000000,-0.000000
2203,42.480000,3,-0.000000,-0.000000,-0.000000
2204,42.500000,3,-0.000000,-0.000000,-0.000000
2205,42.520000,3,-0.000000,-0.000000,-0.000000
2206,42.540000,3,-0.000000,-0.000000,-0.000000
2207,42.560000,3,-0.000000,-0.000000,-0.000000
2208,42.580000,3,-0.000000,-0.000000,-0.000000
2209,42.600000,3,-0.000000,-0.000000,-0.000000
2210,42.620000,3,-0.000000,-0.000000,-0.000000
2211,42.640000,3,-0.000000,-0.000000,-0.000000
2212,42.660000,3,-0.000000,-0.000000,-0.000000
2213,42.680000,3,-0.000000,-0.000000,-0.000000
2214,42.700000,3,-0.000000,-0.000000,-0.000000
2215,42.720000,3,-0.000000,-0.000000,-0.000000
2216,42.740000,3,-0.000000,-0.000000,-0.000000
2217,42.760000,3,-0.000000,-0.000000,-0.000000
2218,42.780000,3,-0.000000,-0.000000,-0.000000
2219,42.800000,3,-0.000000,-0.000000,-0.000000
2220,42.820000,3,-0.000000,-0.000000,-0.000000
2221,42.840000,3,-0.000000,-0.000000,-0.000000
2222,42.860000,3,-0.000000,-0.000000,-0.000000
2223,42.880000,3,-0.000000,-0.000000,-0.000000
2224,42.900000,3,-0.000000,-0.000000,-0.000000
2225,42.920000,3,-0.000000,-0.000000,-0.000000
2226,42.940000,3,0.003082,-0.000000,-0.000000
2227,42.960000,3,0.038575,-0.000000,-0.000000
2228,42.980000,3,0.053468,-0.000000,-0.000000
2229,43.000000,3,0.054903,-0.000000,-0.000000
2230,43.020000,3,0.060610,-0.000732,-0.000000
2231,43.040000,3,0.077120,-0.002197,-0.000000
2232,43.060000,3,0.083285,-0.002625,-0.000000
2233,43.080000,3,0.086856,-0.003143,-0.000000
2234,43.100000,3,0.087771,-0.003815,-0.000000
2235,43.120000,3,0.088137,-0.006104,-0.000000
2236,43.140000,3,0.088748,-0.009583,-0.000000
2237,43.160000,3,0.089480,-0.013001,-0.000000
2238,43.180000,3,0.090548,-0.014039,-0.000000
2239,43.200000,3,0.091281,-0.014496,-0.000000
2240,43.220000,3,0.091342,-0.014710,-0.000000
2241,43.240000,3,0.091342,-0.014832,-0.000000
2242,43.260000,3,0.091342,-0.014832,-0.000000
2243,43.280000,3,0.091342,-0.014832,-0.000000
2244,43.300000,3,0.091342,-0.014832,-0.000000
2245,43.320000,3,0.091342,-0.014832,-0.000000
2246,43.340000,3,0.091342,-0.014832,-0.000000
2247,43.360000,3,0.091189,-0.014191,-0.000000
2248,43.380000,3,0.091189,-0.014100,-0.000000
2249,43.400000,3,0.091189,-0.014100,-0.000000
2250,43.420000,3,0.091189,-0.014100,-0.000000
2251,43.440000,3,0.091586,-0.014100,-0.000000
2252,43.460000,3,0.094974,-0.014161,-0.000000
2253,43.480000,3,0.095920,-0.014283,-0.000000
2254,43.500000,3,0.085665,-0.013306,-0.000000
2255,43.520000,3,0.049257,-0.008271,-0.000000
2256,43.540000,3,0.002197,-0.000000,-0.000000
2257,43.560000,3,-0.000000,-0.000000,-0.000000
2258,43.580000,3,-0.000000,-0.000000,-0.000000
2259,43.600000,3,-0.000000,-0.000000,-0.000000
2260,43.620000,3,-0.000000,-0.000000,-0.000000
2261,43.640000,3,-0.000000,-0.000000,-0.000000
2262,43.660000,3,-0.000000,-0.000000,-0.000000
2263,43.680000,3,-0.000000,-0.000000,-0.000000
2264,43.700000,3,-0.000000,-0.000000,-0.000000
2265,43.720000,3,-0.000000,-0.000000,-0.000000
2266,43.740000,3,-0.000000,-0.000000,-0.000000
2267,43.760000,3,-0.000000,-0.000000,-0.000000
2268,43.780000,3,-0.000000,-0.000000,-0.000000
2269,43.800000,3,-0.000000,-0.000000,-0.000000
2270,43.820000,3,-0.000000,-0.000000,-0.000000
2271,43.840000,3,-0.000000,-0.000000,-0.000000
2272,43.860000,3,-0.000000,-0.000000,-0.000000
2273,43.880000,3,-0.000000,-0.000000,-0.000000
2274,43.900000,3,-0.000000,-0.000000,-0.000000
2275,43.920000,3,-0.000000,-0.000000,-0.000000
2276,43.940000,3,-0.000000,-0.000000,-0.000000
2277,43.960000,3,-0.000000,-0.000000,-0.000000
2278,43.980000,3,-0.000000,-0.000000,-0.000000
2279,44.000000,3,-0.000000,-0.000000,-0.000000
2280,44.020000,3,-0.000000,-0.000000,-0.000000
2281,44.040000,3,-0.000000,-0.000000,-0.000000
2282,44.060000,3,-0.000000,-0.000000,-0.000000
2283,44.080000,3,-0.000000,-0.000000,-0.000000
2284,44.100000,3,-0.000000,-0.000000,-0.000000
2285,44.120000,3,-0.000000,-0.000000,-0.000000
2286,44.140000,3,-0.000000,-0.000000,-0.000000
2287,44.160000,3,-0.000000,-0.000000,-0.000000
2288,44.180000,3,-0.000000,-0.000000,-0.000000
2289,44.200000,3,-0.000000,-0.000000,-0.000000
2290,44.220000,3,-0.000000,-0.000000,-0.000000
2291,44.240000,3,-0.000000,-0.000000,-0.000000
2292,44.260000,3,-0.000000,-0.000000,-0.000000
2293,44.280000,3,-0.000000,-0.000000,-0.000000
2294,44.300000,3,-0.000000,-0.000000,-0.000000
2295,44.320000,3,-0.000000,-0.000000,-0.000000
2296,44.340000,3,-0.000000,-0.000000,-0.000000
2297,44.360000,3,-0.000000,-0.000000,-0.000000
2298,44.380000,3,-0.000000,-0.000000,-0.000000
2299,44.400000,3,-0.000000,-0.000000,-0.000000
2300,44.420000,3,-0.000000,-0.000000,-0.000000
2301,44.440000,3,-0.000000,-0.000000,-0.000000
2302,44.460000,3,-0.000000,-0.000000,-0.000000
2303,44.480000,3,-0.000000,-0.000000,-0.000000
2304,44.500000,3,-0.000000,-0.000000,-0.000000
2305,44.520000,3,-0.000000,-0.000000,-0.000000
2306,44.540000,3,-0.000000,-0.000000,-0.000000
2307,44.560000,3,-0.000000,-0.000000,-0.000000
2308,44.580000,3,-0.000000,-0.000000,-0.000000
2309,44.600000,3,-0.000000,-0.000000,-0.000000
2310,44.620000,3,-0.000000,-0.000000,-0.000000
2311,44.640000,3,-0.000000,-0.000000,-0.000000
2312,44.660000,3,-0.000000,-0.000000,-0.000000
2313,44.680000,3,-0.000000,-0.000000,-0.000000
2314,44.700000,3,-0.000000,-0.000000,-0.000000
2315,44.720000,3,-0.000000,-0.000000,-0.000000
2316,44.740000,3,-0.000000,-0.000000,-0.000000
2317,44.760000,3,-0.000000,-0.000000,-0.000000
2318,44.780000,3,-0.000000,-0.000000,-0.000000
2319,44.800000,3,-0.000000,-0.000000,-0.000000
2320,44.820000,3,-0.000000,-0.000000,-0.000000
2321,44.840000,3,-0.000000,-0.000000,-0.000000
2322,44.860000,3,-0.000000,-0.000000,-0.000000
2323,44.880000,3,-0.000000,-0.000000,-0.000000
2324,44.900000,3,-0.000000,-0.000000,-0.000000
2325,44.920000,3,-0.000000,-0.000000,-0.000000
2326,44.940000,3,-0.000000,-0.000000,-0.000000
2327,44.960000,3,-0.000000,-0.000000,-0.000000
2328,44.980000,3,-0.000000,-0.000000,-0.000000
2329,45.000000,3,-0.000000,-0.000000,-0.000000
2330,45.020000,3,-0.000000,-0.000000,-0.000000
2331,45.040000,3,-0.000000,-0.000000,-0.000000
2332,45.060000,3,-0.000000,-0.000000,-0.000000
2333,45.080000,3,-0.000000,-0.000000,-0.000000
2334,45.100000,3,-0.000000,-0.000000,-0.000000
2335,45.120000,3,-0.000000,-0.000000,-0.000000
2336,45.140000,3,-0.000000,-0.000000,-0.000000
2337,45.160000,3,-0.000000,-0.000000,-0.000000
2338,45.180000,3,-0.000000,-0.000000,-0.000000
2339,45.200000,3,-0.000000,-0.000000,-0.000000
2340,45.220000,3,-0.000000,-0.000000,-0.000000
2341,45.240000,3,-0.000000,-0.000000,-0.000000
2342,45.260000,3,-0.000000,-0.000000,-0.000000
2343,45.280000,3,-0.000000,-0.000000,-0.000000
2344,45.300000,3,-0.000000,-0.000000,-0.000000
2345,45.320000,3,-0.000000,-0.000000,-0.000000
2346,45.340000,3,-0.000000,-0.000000,-0.000000
2347,45.360000,3,-0.000000,-0.000000,-0.000000
2348,45.380000,3,-0.000000,-0.000000,-0.000000
2349,45.400000,3,-0.000000,-0.000000,-0.000000
2350,45.420000,3,-0.000000,-0.000000,-0.000000
2351,45.440000,3,-0.000000,-0.000000,-0.000000
2352,45.460000,3,-0.000000,-0.000000,-0.000000
2353,45.480000,3,-0.000000,-0.000000,-0.000000
2354,45.500000,3,-0.000000,-0.000000,-0.000000
2355,45.520000,3,-0.000000,-0.000000,-0.000000
2356,45.540000,3,0.065798,-0.002716,-0.000000
2357,45.560000,3,0.198431,-0.012299,-0.000000
2358,45.580000,3,0.377697,-0.034120,-0.000000
2359,45.600000,3,0.613056,-0.049013,-0.000000
2360,45.620000,3,0.894711,-0.053835,-0.000000
2361,45.640000,3,1.000000,-0.055544,-0.000000
2362,45.660000,3,1.000000,-0.056429,-0.000000
2363,45.680000,3,1.000000,-0.056429,-0.000000
2364,45.700000,3,1.000000,-0.059267,-0.000000
2365,45.720000,3,1.000000,-0.072756,-0.000000
2366,45.740000,3,1.000000,-0.087161,-0.000000
2367,45.760000,3,1.000000,-0.098910,-0.000000
2368,45.780000,3,1.000000,-0.155950,-0.000000
2369,45.800000,3,1.000000,-0.200140,-0.000000
2370,45.820000,3,1.000000,-0.210791,-0.000000
2371,45.840000,3,1.000000,-0.214484,-0.000000
2372,45.860000,3,1.000000,-0.215552,-0.000000
2373,45.880000,3,1.000000,-0.217109,-0.000000
2374,45.900000,3,1.000000,-0.217261,-0.000000
2375,45.920000,3,1.000000,-0.217994,-0.000000
2376,45.940000,3,1.000000,-0.217994,-0.000000
2377,45.960000,3,1.000000,-0.217994,-0.000000
2378,45.980000,3,1.000000,-0.217994,-0.000000
2379,46.000000,3,1.000000,-0.217994,-0.000000
2380,46.020000,3,1.000000,-0.217902,-0.000000
2381,46.040000,3,1.000000,-0.217902,-0.000000
2382,46.060000,3,1.000000,-0.218513,-0.000000
2383,46.080000,3,1.000000,-0.218635,-0.000000
2384,46.100000,3,1.000000,-0.216987,-0.000000
2385,46.120000,3,1.000000,-0.215644,-0.000000
2386,46.140000,3,1.000000,-0.215644,-0.000000
2387,46.160000,3,1.000000,-0.215644,-0.000000
2388,46.180000,3,1.000000,-0.215461,-0.000000
2389,46.200000,3,1.000000,-0.215461,-0.000000
2390,46.220000,3,1.000000,-0.215461,-0.000000
2391,46.240000,3,1.000000,-0.215461,-0.000000
2392,46.260000,3,1.000000,-0.216254,-0.000000
2393,46.280000,3,1.000000,-0.216407,-0.000000
2394,46.300000,3,1.000000,-0.216559,-0.000000
2395,46.320000,3,1.000000,-0.216559,-0.000000
2396,46.340000,3,1.000000,-0.216559,-0.000000
2397,46.360000,3,1.000000,-0.216559,-0.000000
2398,46.380000,3,1.000000,-0.216559,-0.000000
2399,46.400000,3,1.000000,-0.216559,-0.000000
2400,46.420000,3,1.000000,-0.217109,-0.000000
2401,46.440000,3,1.000000,-0.218513,-0.000000
2402,46.460000,3,1.000000,-0.218665,-0.000000
2403,46.480000,3,1.000000,-0.218665,-0.000000
2404,46.500000,3,1.000000,-0.219489,-0.000000
2405,46.520000,3,1.000000,-0.219489,-0.000000
2406,46.540000,3,1.000000,-0.219489,-0.000000
2407,46.560000,3,1.000000,-0.219489,-0.000000
2408,46.580000,3,1.000000,-0.219489,-0.000000
2409,46.600000,3,1.000000,-0.219489,-0.000000
2410,46.620000,3,1.000000,-0.220038,-0.000000
2411,46.640000,3,1.000000,-0.219245,-0.000000
2412,46.660000,3,1.000000,-0.219245,-0.000000
2413,46.680000,3,1.000000,-0.219245,-0.000000
2414,46.700000,3,1.000000,-0.219489,-0.000000
2415,46.720000,3,1.000000,-0.219489,-0.000000
2416,46.740000,3,1.000000,-0.219489,-0.000000
2417,46.760000,3,1.000000,-0.219398,-0.000000
2418,46.780000,3,1.000000,-0.219398,-0.000000
2419,46.800000,3,1.000000,-0.219398,-0.000000
2420,46.820000,3,1.000000,-0.219398,-0.000000
2421,46.840000,3,1.000000,-0.219398,-0.000000
2422,46.860000,3,1.000000,-0.219398,-0.000000
2423,46.880000,3,1.000000,-0.219398,-0.000000
2424,46.900000,3,1.000000,-0.219398,-0.000000
2425,46.920000,3,1.000000,-0.219398,-0.000000
2426,46.940000,3,1.000000,-0.219398,-0.000000
2427,46.960000,3,1.000000,-0.219398,-0.000000
2428,46.980000,3,1.000000,-0.219398,-0.000000
2429,47.000000,3,1.000000,-0.219398,-0.000000
2430,47.020000,3,1.000000,-0.219398,-0.000000
2431,47.040000,3,1.000000,-0.219398,-0.000000
2432,47.060000,3,1.000000,-0.219398,-0.000000
2433,47.080000,3,1.000000,-0.219398,-0.000000
2434,47.100000,3,1.000000,-0.219398,-0.052232
2435,47.120000,3,1.000000,-0.219398,-0.200415
2436,47.140000,3,1.000000,-0.219398,-0.340312
2437,47.160000,3,1.000000,-0.219398,-0.462996
2438,47.180000,3,1.000000,-0.219398,-0.537934
2439,47.200000,3,1.000000,-0.219398,-0.565172
2440,47.220000,3,1.000000,-0.219398,-0.576159
2441,47.240000,3,1.000000,-0.219398,-0.581561
2442,47.260000,3,1.000000,-0.219398,-0.582293
2443,47.280000,3,1.000000,-0.219398,-0.583254
2444,47.300000,3,1.000000,-0.219398,-0.585269
2445,47.320000,3,1.000000,-0.219398,-0.585269
2446,47.340000,3,1.000000,-0.219398,-0.586093
2447,47.360000,3,1.000000,-0.219398,-0.586138
2448,47.380000,3,1.000000,-0.219398,-0.585498
2449,47.400000,3,1.000000,-0.219398,-0.652379
2450,47.420000,3,1.000000,-0.219398,-0.845195
2451,47.440000,3,1.000000,-0.219398,-1.011551
2452,47.460000,3,1.000000,-0.218482,-1.091113
2453,47.480000,3,1.000000,-0.218482,-1.111438
2454,47.500000,3,1.000000,-0.218482,-1.117161
2455,47.520000,3,1.000000,-0.218482,-1.094684
2456,47.540000,3,1.000000,-0.218604,-0.968749
2457,47.560000,3,1.000000,-0.218726,-0.903745
2458,47.580000,3,1.000000,-0.219275,-0.918393
2459,47.600000,3,1.000000,-0.219733,-1.005371
2460,47.620000,3,1.000000,-0.219733,-1.066668
2461,47.640000,3,1.000000,-0.219733,-1.081545
2462,47.660000,3,1.000000,-0.219367,-1.081042
2463,47.680000,3,1.000000,-0.219520,-1.008713
2464,47.700000,3,1.000000,-0.219275,-0.796167
2465,47.720000,3,1.000000,-0.219214,-0.637135
2466,47.740000,3,1.000000,-0.219214,-0.373913
2467,47.760000,3,1.000000,-0.219214,-0.000000
2468,47.780000,3,1.000000,-0.219214,-0.000000
2469,47.800000,3,1.000000,-0.219214,-0.000000
2470,47.820000,3,1.000000,-0.219214,-0.000000
2471,47.840000,3,1.000000,-0.219214,-0.000000
2472,47.860000,3,1.000000,-0.219214,-0.000000
2473,47.880000,3,1.000000,-0.219214,-0.000000
2474,47.900000,3,1.000000,-0.219214,-0.000000
2475,47.920000,3,1.000000,-0.219214,-0.000000
2476,47.940000,3,1.000000,-0.219214,-0.000000
2477,47.960000,3,1.000000,-0.219214,-0.000000
2478,47.980000,3,1.000000,-0.219214,-0.000000
2479,48.000000,3,1.000000,-0.219214,-0.000000
2480,48.020000,3,1.000000,-0.219214,-0.000000
2481,48.040000,3,1.000000,-0.219214,-0.000000
2482,48.060000,3,1.000000,-0.219214,-0.000000
2483,48.080000,3,1.000000,-0.219214,-0.000000
2484,48.100000,3,1.000000,-0.219214,-0.000000
2485,48.120000,3,1.000000,-0.219214,-0.000000
2486,48.140000,3,1.000000,-0.219214,-0.000000
2487,48.160000,3,1.000000,-0.219214,-0.000000
2488,48.180000,3,1.000000,-0.219214,-0.000000
2489,48.200000,3,1.000000,-0.219214,-0.000000
2490,48.220000,3,1.000000,-0.219214,-0.000000
2491,48.240000,3,1.000000,-0.219214,-0.000000
2492,48.260000,3,1.000000,-0.219214,-0.000000
2493,48.280000,3,1.000000,-0.219214,-0.000000
2494,48.300000,3,1.000000,-0.219214,-0.000000
2495,48.320000,3,1.000000,-0.219214,-0.000000
2496,48.340000,3,1.000000,-0.219214,-0.000000
2497,48.360000,3,1.000000,-0.219214,-0.000000
2498,48.380000,3,1.000000,-0.219214,-0.000000
2499,48.400000,3,1.000000,-0.219214,-0.000000
2500,48.420000,3,1.000000,-0.219214,-0.000000
2501,48.440000,3,1.000000,-0.219214,-0.000000
2502,48.460000,3,1.000000,-0.219214,-0.000000
2503,48.480000,3,1.000000,-0.219214,-0.000000
2504,48.500000,3,1.000000,-0.219214,-0.000000
2505,48.520000,3,1.000000,-0.219214,-0.000000
2506,48.540000,3,1.000000,-0.219214,-0.000000
2507,48.560000,3,1.000000,-0.219214,-0.000000
2508,48.580000,3,1.000000,-0.219214,-0.000000
2509,48.600000,3,1.000000,-0.219214,-0.000000
2510,48.620000,3,1.000000,-0.219214,-0.000000
2511,48.640000,3,1.000000,-0.219214,-0.000000
2512,48.660000,3,1.000000,-0.219214,-0.000000
2513,48.680000,3,1.000000,-0.219214,-0.000000
2514,48.700000,3,1.000000,-0.219214,-0.000000
2515,48.720000,3,1.000000,-0.219214,-0.000000
2516,48.740000,3,1.000000,-0.219214,-0.000000
2517,48.760000,3,1.000000,-0.219214,-0.000000
2518,48.780000,3,1.000000,-0.219214,-0.000000
2519,48.800000,3,1.000000,-0.219214,-0.000000
2520,48.820000,3,1.000000,-0.219214,-0.000000
2521,48.840000,3,1.000000,-0.219214,-0.000000
2522,48.860000,3,1.000000,-0.219214,-0.000000
2523,48.880000,3,1.000000,-0.219214,-0.000000
2524,48.900000,3,1.000000,-0.219214,-0.000000
2525,48.920000,3,1.000000,-0.219214,-0.000000
2526,48.940000,3,1.000000,-0.219214,-0.000000
2527,48.960000,3,1.000000,-0.219214,-0.000000
2528,48.980000,3,1.000000,-0.219214,-0.000000
2529,49.000000,3,1.000000,-0.219214,-0.000000
2530,49.020000,3,1.000000,-0.219214,-0.000000
2531,49.040000,3,1.000000,-0.219214,-0.000000
2532,49.060000,3,1.000000,-0.219214,-0.000000
2533,49.080000,3,1.000000,-0.219214,-0.000000
2534,49.100000,3,1.000000,-0.219214,-0.000000
2535,49.120000,3,1.000000,-0.219214,-0.000000
2536,49.140000,3,1.000000,-0.219214,-0.000000
2537,49.160000,3,1.000000,-0.219214,-0.000000
2538,49.180000,3,1.000000,-0.219214,-0.000000
2539,49.200000,3,1.000000,-0.219214,-0.000000
2540,49.220000,3,1.000000,-0.219214,-0.000000
2541,49.240000,3,1.000000,-0.219214,-0.000000
2542,49.260000,3,1.000000,-0.219214,-0.000000
2543,49.280000,3,1.000000,-0.219214,-0.000000
2544,49.300000,3,1.000000,-0.219214,-0.000000
2545,49.320000,3,1.000000,-0.219214,-0.000000
2546,49.340000,3,1.000000,-0.219214,-0.000000
2547,49.360000,3,1.000000,-0.219214,-0.000000
2548,49.380000,3,1.000000,-0.219214,-0.000000
2549,49.400000,3,1.000000,-0.219214,-0.000000
2550,49.420000,3,1.000000,-0.223457,-0.000000
2551,49.440000,3,1.000000,-0.214057,-0.000000
2552,49.460000,3,1.000000,-0.211158,-0.000000
2553,49.480000,3,0.997681,-0.210150,-0.000000
2554,49.500000,3,0.383557,-0.112033,-0.000000
2555,49.520000,3,-0.000000,-0.000000,-0.000000
2556,49.540000,3,-0.000000,-0.000000,-0.000000
2557,49.560000,3,-0.000000,-0.000000,-0.000000
2558,49.580000,3,-0.000000,-0.000000,-0.000000
2559,49.600000,3,-0.000000,-0.000000,-0.000000
2560,49.620000,3,-0.000000,-0.000000,-0.000000
2561,49.640000,3,-0.000000,-0.000000,-0.000000
2562,49.660000,3,-0.000000,-0.000000,-0.000000
2563,49.680000,3,-0.000000,-0.000000,-0.000000
2564,49.700000,3,-0.000000,-0.000000,-0.000000
2565,49.720000,3,-0.078433,0.028230,-0.000000
2566,49.740000,3,-0.207495,0.056825,-0.000000
2567,49.760000,3,-0.392773,0.070589,-0.000000
2568,49.780000,3,-0.700156,-0.006867,-0.000000
2569,49.800000,3,-1.000000,-0.195898,-0.000000
2570,49.820000,3,-1.000000,-0.238258,-0.000000
2571,49.840000,3,-1.000000,-0.262734,-0.000000
2572,49.860000,3,-1.000000,-0.305460,-0.000000
2573,49.880000,3,-0.988922,-0.362224,-0.000000
2574,49.900000,3,-0.973754,-0.401044,-0.000000
2575,49.920000,3,-0.954466,-0.444777,-0.000000
2576,49.940000,3,-0.939451,-0.475509,-0.000000
2577,49.960000,3,-0.934049,-0.486007,-0.000000
2578,49.980000,3,-0.932890,-0.488357,-0.000000
2579,50.000000,3,-0.932035,-0.489914,-0.000000
2580,50.020000,3,-0.931730,-0.490555,-0.000000
2581,50.040000,3,-0.931333,-0.491165,-0.000000
2582,50.060000,3,-0.931059,-0.491806,-0.000000
2583,50.080000,3,-0.930815,-0.492325,-0.000000
2584,50.100000,3,-0.930723,-0.492477,-0.000000
2585,50.120000,3,-0.930509,-0.492965,-0.000000
2586,50.140000,3,-0.930265,-0.493301,-0.000000
2587,50.160000,3,-0.930265,-0.493301,-0.000000
2588,50.180000,3,-0.930265,-0.493118,-0.000000
2589,50.200000,3,-0.930265,-0.493057,-0.000000
2590,50.220000,3,-0.930265,-0.493057,-0.000000
2591,50.240000,3,-0.930265,-0.493057,-0.000000
2592,50.260000,3,-0.930265,-0.493240,-0.000000
2593,50.280000,3,-0.929319,-0.495010,-0.000000
2594,50.300000,3,-0.929258,-0.495285,-0.000000
2595,50.320000,3,-0.929167,-0.495407,-0.000000
2596,50.340000,3,-0.928922,-0.495773,-0.000000
2597,50.360000,3,-0.924192,-0.504410,-0.000000
2598,50.380000,3,-0.728996,-0.386975,-0.000000
2599,50.400000,3,-0.383221,-0.131352,-0.000000
2600,50.420000,3,-0.063662,-0.005799,-0.000000
2601,50.440000,3,-0.000000,-0.000000,-0.000000
2602,50.460000,3,-0.000000,-0.000000,-0.000000
2603,50.480000,3,-0.000000,-0.000000,-0.000000
2604,50.500000,3,-0.000000,-0.000000,-0.000000
2605,50.520000,3,-0.000000,-0.000000,-0.000000
2606,50.540000,3,-0.000000,-0.000000,-0.000000
2607,50.560000,3,-0.000000,-0.000000,-0.000000
2608,50.580000,3,-0.080905,-0.050172,-0.000000
2609,50.600000,3,-0.431532,-0.423780,-0.000000
2610,50.620000,3,-0.703055,-0.761406,-0.000000
2611,50.640000,3,-0.697531,-0.788385,-0.000000
2612,50.660000,3,-0.668233,-0.813410,-0.000000
2613,50.680000,3,-0.658101,-0.821650,-0.000000
2614,50.700000,3,-0.644520,-0.832331,-0.000000
2615,50.720000,3,-0.637074,-0.838069,-0.000000
2616,50.740000,3,-0.624348,-0.847591,-0.000000
2617,50.760000,3,-0.597613,-0.866695,-0.000000
2618,50.780000,3,-0.437819,-0.676168,-0.000000
2619,50.800000,3,-0.099429,-0.176702,-0.000000
2620,50.820000,3,-0.000000,-0.000000,-0.000000
2621,50.840000,3,-0.000000,-0.000000,-0.000000
2622,50.860000,3,-0.000000,-0.000000,-0.000000
2623,50.880000,3,-0.000000,-0.000000,-0.000000
2624,50.900000,3,-0.000000,-0.000000,-0.000000
2625,50.920000,3,-0.000000,-0.000000,-0.000000
2626,50.940000,3,-0.000000,-0.000000,-0.000000
2627,50.960000,3,-0.000000,-0.000000,-0.000000
2628,50.980000,3,-0.000000,-0.000000,-0.000000
2629,51.000000,3,-0.000000,-0.000000,-0.000000
2630,51.020000,3,-0.000000,-0.000000,-0.000000
2631,51.040000,3,-0.000000,-0.000000,-0.000000
2632,51.060000,3,-0.000000,-0.000000,-0.000000
2633,51.080000,3,-0.000000,-0.000000,-0.000000
2634,51.100000,3,-0.000000,-0.000000,-0.000000
2635,51.120000,3,-0.000000,-0.000000,-0.000000
2636,51.140000,3,-0.000000,-0.000000,-0.000000
2637,51.160000,3,-0.000000,-0.000000,-0.000000
2638,51.180000,3,-0.000000,-0.000000,-0.000000
2639,51.200000,3,-0.000000,-0.000000,-0.000000
2640,51.220000,3,-0.000000,-0.000000,-0.000000
2641,51.240000,3,-0.000000,-0.000000,-0.000000
2642,51.260000,3,-0.000000,-0.000000,-0.000000
2643,51.280000,3,-0.000000,-0.000000,-0.000000
2644,51.300000,3,-0.000000,-0.000000,-0.000000
2645,51.320000,3,-0.000000,-0.000000,-0.000000
2646,51.340000,3,-0.000000,-0.000000,-0.000000
2647,51.360000,3,-0.000000,-0.000000,-0.000000
2648,51.380000,3,-0.162664,-0.021790,-0.000000
2649,51.400000,3,-0.459120,-0.159368,-0.000000
2650,51.420000,3,-0.862606,-0.437605,-0.000000
2651,51.440000,3,-0.928587,-0.497147,-0.000000
2652,51.460000,3,-0.926939,-0.499466,-0.000000
2653,51.480000,3,-0.925871,-0.502091,-0.000000
2654,51.500000,3,-0.918302,-0.515061,-0.000000
2655,51.520000,3,-0.909330,-0.530656,-0.000000
2656,51.540000,3,-0.905820,-0.537187,-0.000000
2657,51.560000,3,-0.902371,-0.543168,-0.000000
2658,51.580000,3,-0.900235,-0.546098,-0.000000
2659,51.600000,3,-0.899411,-0.547258,-0.000000
2660,51.620000,3,-0.898282,-0.549211,-0.000000
2661,51.640000,3,-0.894925,-0.554582,-0.000000
2662,51.660000,3,-0.890957,-0.561571,-0.000000
2663,51.680000,3,-0.888638,-0.564531,-0.000000
2664,51.700000,3,-0.888089,-0.565539,-0.000000
2665,51.720000,3,-0.883084,-0.573168,-0.000000
2666,51.740000,3,-0.875027,-0.585345,-0.000000
2667,51.760000,3,-0.863613,-0.602069,-0.000000
2668,51.780000,3,-0.853450,-0.616321,-0.000000
2669,51.800000,3,-0.843440,-0.629963,-0.000000
2670,51.820000,3,-0.836634,-0.638966,-0.000000
2671,51.840000,3,-0.830378,-0.647023,-0.000000
2672,51.860000,3,-0.824122,-0.654958,-0.000000
2673,51.880000,3,-0.816309,-0.664663,-0.000000
2674,51.900000,3,-0.810816,-0.671377,-0.000000
2675,51.920000,3,-0.800501,-0.683584,-0.000000
2676,51.940000,3,-0.786248,-0.700003,-0.000000
2677,51.960000,3,-0.769463,-0.718345,-0.000000
2678,51.980000,3,-0.756035,-0.732475,-0.000000
2679,52.000000,3,-0.748161,-0.740501,-0.000000
2680,52.020000,3,-0.744926,-0.743736,-0.000000
2681,52.040000,3,-0.742698,-0.745964,-0.000000
2682,52.060000,3,-0.742332,-0.746361,-0.000000
2683,52.080000,3,-0.739677,-0.748955,-0.000000
2684,52.100000,3,-0.733634,-0.754906,-0.000000
2685,52.120000,3,-0.727531,-0.760796,-0.000000
2686,52.140000,3,-0.725364,-0.762810,-0.000000
2687,52.160000,3,-0.724570,-0.763512,-0.000000
2688,52.180000,3,-0.723899,-0.764275,-0.000000
2689,52.200000,3,-0.723899,-0.764214,-0.000000
2690,52.220000,3,-0.724052,-0.764061,-0.000000
2691,52.240000,3,-0.724204,-0.763970,-0.000000
2692,52.260000,3,-0.724570,-0.763604,-0.000000
2693,52.280000,3,-0.724479,-0.763726,-0.000000
2694,52.300000,3,-0.723899,-0.764214,-0.000000
2695,52.320000,3,-0.724235,-0.763909,-0.000000
2696,52.340000,3,-0.724509,-0.763695,-0.000000
2697,52.360000,3,-0.724326,-0.763848,-0.000000
2698,52.380000,3,-0.724326,-0.763848,-0.000000
2699,52.400000,3,-0.724448,-0.763756,-0.000000
2700,52.420000,3,-0.724509,-0.763665,-0.000000
2701,52.440000,3,-0.723045,-0.764824,-0.000000
2702,52.460000,3,-0.720786,-0.767174,-0.000000
2703,52.480000,3,-0.716880,-0.770806,-0.000000
2704,52.500000,3,-0.715201,-0.772332,-0.000000
2705,52.520000,3,-0.714927,-0.772607,-0.000000
2706,52.540000,3,-0.711356,-0.775903,-0.000000
2707,52.560000,3,-0.706168,-0.780663,-0.000000
2708,52.580000,3,-0.700980,-0.785363,-0.000000
2709,52.600000,3,-0.696402,-0.789422,-0.000000
2710,52.620000,3,-0.693350,-0.792047,-0.000000
2711,52.640000,3,-0.689474,-0.795160,-0.000000
2712,52.660000,3,-0.685598,-0.798547,-0.000000
2713,52.680000,3,-0.674306,-0.808374,-0.000000
2714,52.700000,3,-0.622120,-0.792901,-0.000000
2715,52.720000,3,-0.459243,-0.583941,-0.000000
2716,52.740000,3,-0.254830,-0.324625,-0.000000
2717,52.760000,3,-0.066439,-0.080142,-0.000000
2718,52.780000,3,-0.000000,-0.000000,-0.000000
2719,52.800000,3,-0.000000,-0.000000,-0.000000
2720,52.820000,3,-0.000000,-0.000000,-0.000000
2721,52.840000,3,-0.000000,-0.000000,-0.000000
2722,52.860000,3,-0.000000,-0.000000,-0.000000
2723,52.880000,3,-0.000000,-0.000000,-0.000000
2724,52.900000,3,-0.000000,-0.000000,-0.000000
2725,52.920000,3,-0.000000,-0.000000,-0.000000
2726,52.940000,3,-0.000000,-0.000000,-0.000000
2727,52.960000,3,-0.000000,-0.000000,-0.000000
2728,52.980000,3,-0.000000,-0.000000,-0.000000
2729,53.000000,3,-0.000000,-0.000000,-0.000000
2730,53.020000,3,-0.000000,-0.000000,-0.000000
2731,53.040000,3,-0.000000,-0.000000,-0.000000
2732,53.060000,3,-0.000000,-0.000000,-0.000000
2733,53.080000,3,-0.000000,-0.000000,-0.000000
2734,53.100000,3,-0.000000,-0.000000,-0.000000
2735,53.120000,3,-0.000000,-0.000000,-0.000000
2736,53.140000,3,-0.000000,-0.000000,-0.000000
2737,53.160000,3,-0.000000,-0.000000,-0.000000
2738,53.180000,3,-0.000000,-0.000000,-0.000000
2739,53.200000,3,-0.000000,-0.000000,-0.000000
2740,53.220000,3,-0.000000,-0.000000,-0.000000
2741,53.240000,3,-0.000000,-0.000000,-0.000000
2742,53.260000,3,-0.000000,-0.000000,-0.000000
2743,53.280000,3,-0.000000,-0.000000,-0.000000
2744,53.300000,3,-0.000000,-0.000000,-0.000000
2745,53.320000,3,-0.000000,-0.000000,-0.000000
2746,53.340000,3,-0.000000,-0.000000,-0.000000
2747,53.360000,3,-0.000000,-0.000000,-0.000000
2748,53.380000,3,-0.000000,-0.000000,-0.000000
2749,53.400000,3,-0.000000,-0.000000,-0.000000
2750,53.420000,3,-0.000000,-0.000000,-0.000000
2751,53.440000,3,-0.000000,-0.000000,-0.000000
2752,53.460000,3,-0.000000,-0.000000,-0.000000
2753,53.480000,3,-0.000000,-0.000000,-0.000000
2754,53.500000,3,-0.197943,-0.125706,-0.000000
2755,53.520000,3,-0.628376,-0.454299,-0.000000
2756,53.540000,3,-0.842097,-0.631733,-0.000000
2757,53.560000,3,-0.842097,-0.631733,-0.000000
2758,53.580000,3,-0.842586,-0.630909,-0.000000
2759,53.600000,3,-0.842860,-0.630665,-0.000000
2760,53.620000,3,-0.843013,-0.630421,-0.000000
2761,53.640000,3,-0.841853,-0.632038,-0.000000
2762,53.660000,3,-0.830683,-0.646626,-0.000000
2763,53.680000,3,-0.817896,-0.662709,-0.000000
2764,53.700000,3,-0.807398,-0.675466,-0.000000
2765,53.720000,3,-0.790948,-0.694632,-0.000000
2766,53.740000,3,-0.780023,-0.706870,-0.000000
2767,53.760000,3,-0.764702,-0.723441,-0.000000
2768,53.780000,3,-0.754204,-0.734367,-0.000000
2769,53.800000,3,-0.751701,-0.736900,-0.000000
2770,53.820000,3,-0.751488,-0.737114,-0.000000
2771,53.840000,3,-0.751427,-0.737175,-0.000000
2772,53.860000,3,-0.751427,-0.737175,-0.000000
2773,53.880000,3,-0.751427,-0.737236,-0.000000
2774,53.900000,3,-0.751335,-0.737297,-0.000000
2775,53.920000,3,-0.751335,-0.737297,-0.000000
2776,53.940000,3,-0.751335,-0.737297,-0.000000
2777,53.960000,3,-0.754479,-0.734062,-0.000000
2778,53.980000,3,-0.760582,-0.727775,-0.000000
2779,54.000000,3,-0.766717,-0.721274,-0.000000
2780,54.020000,3,-0.774438,-0.713004,-0.000000
2781,54.040000,3,-0.779565,-0.707389,-0.000000
2782,54.060000,3,-0.792749,-0.692587,-0.000000
2783,54.080000,3,-0.810724,-0.671468,-0.000000
2784,54.100000,3,-0.820399,-0.659658,-0.000000
2785,54.120000,3,-0.824061,-0.654866,-0.000000
2786,54.140000,3,-0.826380,-0.652028,-0.000000
2787,54.160000,3,-0.829249,-0.647877,-0.000000
2788,54.180000,3,-0.835170,-0.640858,-0.000000
2789,54.200000,3,-0.842402,-0.631306,-0.000000
2790,54.220000,3,-0.853664,-0.616016,-0.000000
2791,54.240000,3,-0.866085,-0.598498,-0.000000
2792,54.260000,3,-0.871548,-0.590258,-0.000000
2793,54.280000,3,-0.872524,-0.588946,-0.000000
2794,54.300000,3,-0.875088,-0.585315,-0.000000
2795,54.320000,3,-0.878842,-0.579608,-0.000000
2796,54.340000,3,-0.880947,-0.576098,-0.000000
2797,54.360000,3,-0.882687,-0.573565,-0.000000
2798,54.380000,3,-0.883480,-0.572436,-0.000000
2799,54.400000,3,-0.886074,-0.568529,-0.000000
2800,54.420000,3,-0.891385,-0.560228,-0.000000
2801,54.440000,3,-0.897397,-0.550523,-0.000000
2802,54.460000,3,-0.900479,-0.544877,-0.000000
2803,54.480000,3,-0.903958,-0.539171,-0.000000
2804,54.500000,3,-0.907102,-0.533799,-0.000000
2805,54.520000,3,-0.908567,-0.531846,-0.000000
2806,54.540000,3,-0.909360,-0.530503,-0.000000
2807,54.560000,3,-0.909787,-0.529679,-0.000000
2808,54.580000,3,-0.909848,-0.529557,-0.000000
2809,54.600000,3,-0.910398,-0.528703,-0.000000
2810,54.620000,3,-0.912442,-0.524705,-0.000000
2811,54.640000,3,-0.913877,-0.522416,-0.000000
2812,54.660000,3,-0.914823,-0.521012,-0.000000
2813,54.680000,3,-0.914945,-0.520768,-0.000000
2814,54.700000,3,-0.915128,-0.520432,-0.000000
2815,54.720000,3,-0.915128,-0.520432,-0.000000
2816,54.740000,3,-0.915250,-0.520218,-0.000000
2817,54.760000,3,-0.915311,-0.520218,-0.000000
2818,54.780000,3,-0.915372,-0.520127,-0.000000
2819,54.800000,3,-0.915372,-0.520066,-0.000000
2820,54.820000,3,-0.915494,-0.519883,-0.000000
2821,54.840000,3,-0.915677,-0.519486,-0.000000
2822,54.860000,3,-0.915738,-0.519364,-0.000000
2823,54.880000,3,-0.915738,-0.519761,-0.000000
2824,54.900000,3,-0.915738,-0.519761,-0.000000
2825,54.920000,3,-0.914396,-0.521897,-0.000000
2826,54.940000,3,-0.909604,-0.530168,-0.000000
2827,54.960000,3,-0.901089,-0.544511,-0.000000
2828,54.980000,3,-0.893429,-0.556902,-0.000000
2829,55.000000,3,-0.886471,-0.567888,-0.000000
2830,55.020000,3,-0.872494,-0.589129,-0.000000
2831,55.040000,3,-0.845943,-0.626606,-0.000000
2832,55.060000,3,-0.819330,-0.660939,-0.000000
2833,55.080000,3,-0.795129,-0.689871,-0.000000
2834,55.100000,3,-0.766320,-0.721702,-0.000000
2835,55.120000,3,-0.725639,-0.762596,-0.000000
2836,55.140000,3,-0.677816,-0.805444,-0.000000
2837,55.160000,3,-0.636677,-0.838374,-0.000000
2838,55.180000,3,-0.605884,-0.860927,-0.000000
2839,55.200000,3,-0.570788,-0.884640,-0.000000
2840,55.220000,3,-0.526780,-0.911588,-0.000000
2841,55.240000,3,-0.495407,-0.929075,-0.000000
2842,55.260000,3,-0.459548,-0.947417,-0.000000
2843,55.280000,3,-0.409070,-0.970397,-0.000000
2844,55.300000,3,-0.361126,-0.989349,-0.000000
2845,55.320000,3,-0.317087,-1.000000,-0.000000
2846,55.340000,3,-0.280221,-1.000000,-0.000000
2847,55.360000,3,-0.239051,-1.000000,-0.000000
2848,55.380000,3,-0.211127,-1.000000,-0.000000
2849,55.400000,3,-0.176153,-1.000000,-0.000000
2850,55.420000,3,-0.128178,-1.000000,-0.000000
2851,55.440000,3,-0.091800,-1.000000,-0.000000
2852,55.460000,3,-0.031465,-1.000000,-0.000000
2853,55.480000,3,0.000946,-1.000000,-0.000000
2854,55.500000,3,0.039338,-1.000000,-0.000000
2855,55.520000,3,0.070986,-1.000000,-0.000000
2856,55.540000,3,0.097201,-1.000000,-0.000000
2857,55.560000,3,0.120304,-1.000000,-0.000000
2858,55.580000,3,0.136967,-1.000000,-0.000000
2859,55.600000,3,0.155828,-1.000000,-0.000000
2860,55.620000,3,0.165044,-1.000000,-0.000000
2861,55.640000,3,0.170721,-1.000000,-0.000000
2862,55.660000,3,0.171880,-1.000000,-0.000000
2863,55.680000,3,0.172277,-1.000000,-0.000000
2864,55.700000,3,0.172399,-1.000000,-0.000000
2865,55.720000,3,0.172124,-1.000000,-0.000000
2866,55.740000,3,0.172124,-1.000000,-0.000000
2867,55.760000,3,0.172124,-1.000000,-0.000000
2868,55.780000,3,0.172124,-1.000000,-0.000000
2869,55.800000,3,0.172399,-1.000000,-0.000000
2870,55.820000,3,0.172246,-1.000000,-0.000000
2871,55.840000,3,0.172094,-1.000000,-0.000000
2872,55.860000,3,0.166143,-1.000000,-0.000000
2873,55.880000,3,0.157323,-1.000000,-0.000000
2874,55.900000,3,0.146886,-1.000000,-0.000000
2875,55.920000,3,0.120487,-1.000000,-0.000000
2876,55.940000,3,0.086795,-1.000000,-0.000000
2877,55.960000,3,0.059358,-1.000000,-0.000000
2878,55.980000,3,0.041017,-1.000000,-0.000000
2879,56.000000,3,0.023438,-1.000000,-0.000000
2880,56.020000,3,0.002350,-1.000000,-0.000000
2881,56.040000,3,-0.006012,-1.000000,-0.000000
2882,56.060000,3,-0.042329,-1.000000,-0.000000
2883,56.080000,3,-0.065035,-1.000000,-0.000000
2884,56.100000,3,-0.101627,-1.000000,-0.000000
2885,56.120000,3,-0.138585,-1.000000,-0.000000
2886,56.140000,3,-0.178808,-1.000000,-0.000000
2887,56.160000,3,-0.205329,-1.000000,-0.000000
2888,56.180000,3,-0.230964,-1.000000,-0.000000
2889,56.200000,3,-0.252052,-1.000000,-0.000000
2890,56.220000,3,-0.273812,-1.000000,-0.000000
2891,56.240000,3,-0.293771,-1.000000,-0.000000
2892,56.260000,3,-0.312937,-1.000000,-0.000000
2893,56.280000,3,-0.328745,-1.000000,-0.000000
2894,56.300000,3,-0.344554,-0.995270,-0.000000
2895,56.320000,3,-0.356182,-0.991150,-0.000000
2896,56.340000,3,-0.364025,-0.988586,-0.000000
2897,56.360000,3,-0.365581,-0.987762,-0.000000
2898,56.380000,3,-0.367290,-0.987182,-0.000000
2899,56.400000,3,-0.374737,-0.984222,-0.000000
2900,56.420000,3,-0.386914,-0.979492,-0.000000
2901,56.440000,3,-0.398602,-0.974761,-0.000000
2902,56.460000,3,-0.416822,-0.967071,-0.000000
2903,56.480000,3,-0.439436,-0.956938,-0.000000
2904,56.500000,3,-0.462111,-0.946165,-0.000000
2905,56.520000,3,-0.482650,-0.935820,-0.000000
2906,56.540000,3,-0.495254,-0.929136,-0.000000
2907,56.560000,3,-0.502670,-0.925138,-0.000000
2908,56.580000,3,-0.521867,-0.914457,-0.000000
2909,56.600000,3,-0.550035,-0.897702,-0.000000
2910,56.620000,3,-0.586047,-0.874569,-0.000000
2911,56.640000,3,-0.618427,-0.851955,-0.000000
2912,56.660000,3,-0.641163,-0.834925,-0.000000
2913,56.680000,3,-0.677419,-0.805780,-0.000000
2914,56.700000,3,-0.714499,-0.773034,-0.000000
2915,56.720000,3,-0.737785,-0.750877,-0.000000
2916,56.740000,3,-0.758354,-0.730094,-0.000000
2917,56.760000,3,-0.774194,-0.713279,-0.000000
2918,56.780000,3,-0.789392,-0.696432,-0.000000
2919,56.800000,3,-0.813257,-0.668447,-0.000000
2920,56.820000,3,-0.835749,-0.640065,-0.000000
2921,56.840000,3,-0.849666,-0.621540,-0.000000
2922,56.860000,3,-0.864376,-0.600940,-0.000000
2923,56.880000,3,-0.875454,-0.584765,-0.000000
2924,56.900000,3,-0.891934,-0.559343,-0.000000
2925,56.920000,3,-0.917234,-0.516953,-0.000000
2926,56.940000,3,-0.926420,-0.500351,-0.000000
2927,56.960000,3,-0.937712,-0.478927,-0.000000
2928,56.980000,3,-0.951720,-0.450545,-0.000000
2929,57.000000,3,-0.965880,-0.419538,-0.000000
2930,57.020000,3,-0.976989,-0.393109,-0.000000
2931,57.040000,3,-0.988464,-0.363475,-0.000000
2932,57.060000,3,-0.994964,-0.345439,-0.000000
2933,57.080000,3,-1.000000,-0.325755,-0.000000
2934,57.100000,3,-1.000000,-0.296762,-0.000000
2935,57.120000,3,-1.000000,-0.279763,-0.000000
2936,57.140000,3,-1.000000,-0.270058,-0.000000
2937,57.160000,3,-1.000000,-0.260567,-0.000000
2938,57.180000,3,-1.000000,-0.252449,-0.000000
2939,57.200000,3,-1.000000,-0.235267,-0.000000
2940,57.220000,3,-1.000000,-0.220985,-0.000000
2941,57.240000,3,-1.000000,-0.215430,-0.000000
2942,57.260000,3,-1.000000,-0.212592,-0.000000
2943,57.280000,3,-1.000000,-0.216651,-0.000000
2944,57.300000,3,-1.000000,-0.256417,-0.000000
2945,57.320000,3,-0.987396,-0.366283,-0.000000
2946,57.340000,3,-0.903073,-0.541215,-0.000000
2947,57.360000,3,-0.751854,-0.736747,-0.000000
2948,57.380000,3,-0.544939,-0.900845,-0.000000
2949,57.400000,3,-0.245033,-1.000000,-0.000000
2950,57.420000,3,0.036317,-1.000000,-0.000000
2951,57.440000,3,0.218177,-1.000000,-0.000000
2952,57.460000,3,0.405194,-0.972045,-0.000000
2953,57.480000,3,0.524949,-0.912717,-0.000000
2954,57.500000,3,0.652058,-0.826533,-0.000000
2955,57.520000,3,0.785699,-0.700674,-0.000000
2956,57.540000,3,0.855770,-0.613269,-0.000000
2957,57.560000,3,0.911985,-0.526231,-0.000000
2958,57.580000,3,0.939451,-0.475661,-0.000000
2959,57.600000,3,0.950468,-0.453444,-0.000000
2960,57.620000,3,0.963683,-0.424726,-0.000000
2961,57.640000,3,0.982055,-0.380596,-0.000000
2962,57.660000,3,0.986450,-0.368511,-0.000000
2963,57.680000,3,0.987610,-0.365642,-0.000000
2964,57.700000,3,0.987671,-0.365490,-0.000000
2965,57.720000,3,0.987915,-0.364818,-0.000000
2966,57.740000,3,0.988433,-0.363414,-0.000000
2967,57.760000,3,0.988678,-0.362896,-0.000000
2968,57.780000,3,0.988861,-0.362407,-0.000000
2969,57.800000,3,0.989044,-0.361858,-0.000000
2970,57.820000,3,0.989105,-0.361766,-0.000000
2971,57.840000,3,0.989288,-0.361187,-0.000000
2972,57.860000,3,0.991882,-0.354289,-0.000000
2973,57.880000,3,0.997986,-0.336955,-0.000000
2974,57.900000,3,1.000000,-0.322703,-0.000000
2975,57.920000,3,1.000000,-0.313242,-0.000000
2976,57.940000,3,1.000000,-0.305277,-0.000000
2977,57.960000,3,1.000000,-0.297067,-0.000000
2978,57.980000,3,1.000000,-0.293222,-0.000000
2979,58.000000,3,1.000000,-0.288339,-0.000000
2980,58.020000,3,1.000000,-0.284127,-0.000000
2981,58.040000,3,1.000000,-0.282907,-0.000000
2982,58.060000,3,1.000000,-0.281564,-0.000000
2983,58.080000,3,1.000000,-0.281411,-0.000000
2984,58.100000,3,1.000000,-0.281320,-0.000000
2985,58.120000,3,1.000000,-0.281320,-0.000000
2986,58.140000,3,1.000000,-0.281228,-0.000000
2987,58.160000,3,1.000000,-0.281228,-0.000000
2988,58.180000,3,1.000000,-0.281228,-0.000000
2989,58.200000,3,1.000000,-0.281075,-0.000000
2990,58.220000,3,1.000000,-0.280984,-0.000000
2991,58.240000,3,1.000000,-0.281106,-0.000000
2992,58.260000,3,1.000000,-0.281106,-0.000000
2993,58.280000,3,1.000000,-0.281106,-0.000000
2994,58.300000,3,1.000000,-0.281106,-0.000000
2995,58.320000,3,1.000000,-0.281228,-0.000000
2996,58.340000,3,1.000000,-0.281228,-0.000000
2997,58.360000,3,1.000000,-0.281228,-0.000000
2998,58.380000,3,1.000000,-0.281228,-0.000000
2999,58.400000,3,1.000000,-0.281228,-0.000000
3000,58.420000,3,1.000000,-0.281228,-0.000000
3001,58.440000,3,1.000000,-0.281228,-0.000000
3002,58.460000,3,1.000000,-0.282571,-0.000000
3003,58.480000,3,1.000000,-0.282266,-0.000000
3004,58.500000,3,1.000000,-0.282327,-0.000000
3005,58.520000,3,1.000000,-0.282327,-0.000000
3006,58.540000,3,1.000000,-0.281838,-0.000000
3007,58.560000,3,1.000000,-0.288797,-0.000000
3008,58.580000,3,1.000000,-0.325388,-0.000000
3009,58.600000,3,0.982299,-0.380016,-0.000000
3010,58.620000,3,0.942015,-0.470626,-0.000000
3011,58.640000,3,0.881527,-0.575671,-0.000000
3012,58.660000,3,0.816248,-0.664846,-0.000000
3013,58.680000,3,0.736137,-0.752556,-0.000000
3014,58.700000,3,0.665700,-0.815546,-0.000000
3015,58.720000,3,0.632801,-0.841365,-0.000000
3016,58.740000,3,0.615741,-0.853938,-0.000000
3017,58.760000,3,0.589221,-0.872494,-0.000000
3018,58.780000,3,0.554460,-0.895047,-0.000000
3019,58.800000,3,0.523453,-0.913541,-0.000000
3020,58.820000,3,0.490799,-0.931608,-0.000000
3021,58.840000,3,0.472030,-0.941252,-0.000000
3022,58.860000,3,0.450453,-0.951842,-0.000000
3023,58.880000,3,0.439711,-0.956694,-0.000000
3024,58.900000,3,0.439192,-0.956999,-0.000000
3025,58.920000,3,0.438826,-0.957152,-0.000000
3026,58.940000,3,0.438765,-0.957213,-0.000000
3027,58.960000,3,0.436659,-0.957976,-0.000000
3028,58.980000,3,0.434034,-0.959380,-0.000000
3029,59.000000,3,0.431562,-0.960509,-0.000000
3030,59.020000,3,0.428297,-0.961913,-0.000000
3031,59.040000,3,0.427900,-0.962096,-0.000000
3032,59.060000,3,0.427534,-0.962279,-0.000000
3033,59.080000,3,0.427473,-0.962340,-0.000000
3034,59.100000,3,0.426832,-0.962584,-0.000000
3035,59.120000,3,0.428755,-0.962127,-0.000000
3036,59.140000,3,0.439467,-0.956969,-0.000000
3037,59.160000,3,0.457106,-0.948637,-0.000000
3038,59.180000,3,0.480575,-0.936918,-0.000000
3039,59.200000,3,0.501389,-0.925932,-0.000000
3040,59.220000,3,0.509964,-0.921171,-0.000000
3041,59.240000,3,0.516892,-0.917325,-0.000000
3042,59.260000,3,0.529252,-0.910245,-0.000000
3043,59.280000,3,0.550707,-0.897366,-0.000000
3044,59.300000,3,0.584704,-0.875546,-0.000000
3045,59.320000,3,0.605274,-0.861415,-0.000000
3046,59.340000,3,0.621754,-0.849574,-0.000000
3047,59.360000,3,0.630177,-0.843349,-0.000000
3048,59.380000,3,0.638752,-0.836848,-0.000000
3049,59.400000,3,0.639668,-0.836207,-0.000000
3050,59.420000,3,0.640004,-0.835902,-0.000000
3051,59.440000,3,0.640004,-0.835902,-0.000000
3052,59.460000,3,0.640004,-0.835902,-0.000000
3053,59.480000,3,0.640309,-0.835688,-0.000000
3054,59.500000,3,0.640553,-0.835475,-0.000000
3055,59.520000,3,0.640156,-0.835688,-0.000000
3056,59.540000,3,0.639424,-0.836329,-0.000000
3057,59.560000,3,0.639241,-0.836451,-0.000000
3058,59.580000,3,0.638844,-0.836726,-0.000000
3059,59.600000,3,0.638752,-0.836787,-0.000000
3060,59.620000,3,0.638752,-0.836787,-0.000000
3061,59.640000,3,0.632099,-0.841914,-0.000000
3062,59.660000,3,0.601886,-0.863826,-0.000000
3063,59.680000,3,0.577013,-0.880642,-0.810175
3064,59.700000,3,0.574816,-0.882015,-1.464705
3065,59.720000,3,0.574755,-0.882077,-1.500000
3066,59.740000,3,0.574694,-0.882077,-1.500000
3067,59.760000,3,0.574541,-0.882199,-1.500000
3068,59.780000,3,0.574725,-0.882138,-1.500000
3069,59.800000,3,0.579852,-0.878750,-1.500000
3070,59.820000,3,0.591510,-0.870937,-1.500000
3071,59.840000,3,0.604785,-0.861751,-1.500000
3072,59.860000,3,0.618397,-0.852046,-1.500000
3073,59.880000,3,0.626820,-0.821345,-1.500000
3074,59.900000,3,0.620563,-0.777551,-1.500000
3075,59.920000,3,0.614490,-0.726402,-1.500000
3076,59.940000,3,0.609027,-0.673788,-1.500000
3077,59.960000,3,0.603076,-0.620075,-1.500000
3078,59.980000,3,0.598498,-0.572497,-1.500000
3079,60.000000,3,0.591968,-0.528947,-1.500000
3080,60.020000,3,0.584124,-0.487899,-1.500000
3081,60.040000,3,0.561144,-0.427869,-1.368206
3082,60.060000,3,0.287973,-0.216254,-0.856319
3083,60.080000,3,-0.000000,-0.000000,-0.297922
3084,60.100000,3,-0.000000,-0.000000,-0.000000
3085,60.120000,3,-0.000000,-0.000000,0.008469
3086,60.140000,3,-0.000000,-0.000000,-0.000000
3087,60.160000,3,-0.000000,-0.000000,-0.000000
3088,60.180000,3,-0.000000,-0.000000,-0.000000
3089,60.200000,3,-0.000000,-0.000000,-0.000000
3090,60.220000,3,-0.000000,-0.000000,-0.000000
3091,60.240000,3,-0.000000,-0.000000,-0.000000
3092,60.260000,3,-0.000000,-0.000000,-0.000000
3093,60.280000,3,-0.000000,-0.000000,-0.000000
3094,60.300000,3,-0.000000,-0.000000,-0.000000
3095,60.320000,3,-0.000000,-0.000000,-0.000000
3096,60.340000,3,-0.000000,-0.000000,-0.000000
3097,60.360000,3,-0.000000,-0.000000,-0.000000
3098,60.380000,3,-0.000000,-0.000000,-0.000000
3099,60.400000,3,-0.000000,-0.000000,-0.000000
3100,60.420000,3,-0.000000,-0.000000,-0.000000
3101,60.440000,3,-0.000000,-0.000000,-0.000000
3102,60.460000,3,-0.000000,-0.000000,-0.000000
3103,60.480000,3,-0.000000,-0.000000,-0.000000
3104,60.500000,3,-0.000000,-0.000000,-0.000000
3105,60.520000,3,-0.000000,-0.000000,-0.000000
3106,60.540000,3,-0.000000,-0.000000,-0.000000
3107,60.560000,3,-0.000000,-0.000000,-0.000000
3108,60.580000,3,-0.000000,-0.000000,-0.000000
3109,60.600000,3,-0.000000,-0.000000,-0.000000
3110,60.620000,3,-0.000000,-0.000000,-0.000000
3111,60.640000,3,-0.000000,-0.000000,-0.000000
3112,60.660000,3,-0.000000,-0.000000,-0.000000
3113,60.680000,3,-0.000000,-0.000000,-0.000000
3114,60.700000,3,-0.000000,-0.000000,-0.000000
3115,60.720000,3,-0.000000,-0.000000,-0.000000
3116,60.740000,3,-0.000000,-0.000000,-0.000000
3117,60.760000,3,-0.000000,-0.000000,-0.000000
3118,60.780000,3,-0.000000,-0.000000,-0.000000
3119,60.800000,3,-0.000000,-0.000000,-0.000000
3120,60.820000,3,-0.000000,-0.000000,-0.000000
3121,60.840000,3,-0.000000,-0.000000,-0.000000
3122,60.860000,3,-0.000000,-0.000000,-0.000000
3123,60.880000,3,-0.000000,-0.000000,-0.000000
3124,60.900000,3,-0.000000,-0.000000,-0.000000
3125,60.920000,3,-0.000000,-0.000000,-0.000000
3126,60.940000,3,-0.000000,-0.000000,-0.000000
3127,60.960000,3,-0.000000,-0.000000,-0.000000
3128,60.980000,3,-0.000000,-0.000000,-0.000000
3129,61.000000,3,-0.000000,-0.000000,-0.000000
3130,61.020000,3,-0.000000,-0.000000,-0.000000
3131,61.040000,3,-0.000000,-0.000000,-0.000000
3132,61.060000,3,-0.000000,-0.000000,-0.000000
3133,61.080000,3,-0.000000,-0.000000,-0.000000
3134,61.100000,3,-0.000000,-0.000000,-0.000000
3135,61.120000,3,-0.000000,-0.000000,-0.000000
3136,61.140000,3,-0.000000,-0.000000,-0.000000
3137,61.160000,3,-0.000000,-0.000000,-0.000000
3138,61.180000,3,-0.000000,-0.000000,-0.000000
3139,61.200000,3,-0.000000,-0.000000,-0.000000
3140,61.220000,3,-0.000000,-0.000000,-0.000000
3141,61.240000,3,-0.000000,-0.000000,-0.000000
3142,61.260000,3,-0.000000,-0.000000,-0.000000
3143,61.280000,3,-0.000000,-0.000000,-0.000000
3144,61.300000,3,-0.000000,-0.000000,-0.000000
3145,61.320000,3,-0.000000,-0.000000,-0.000000
3146,61.340000,3,-0.000000,-0.000000,-0.000000
3147,61.360000,3,-0.000000,-0.000000,-0.000000
3148,61.380000,3,-0.000000,-0.000000,-0.000000
3149,61.400000,3,-0.000000,-0.000000,-0.000000
3150,61.420000,3,-0.000000,-0.000000,-0.000000
3151,61.440000,3,-0.000000,-0.000000,-0.000000
3152,61.460000,3,-0.000000,-0.000000,-0.000000
3153,61.480000,3,-0.000000,-0.000000,-0.000000
3154,61.500000,3,-0.000000,-0.000000,-0.000000
3155,61.520000,3,-0.000000,-0.000000,-0.000000
3156,61.540000,3,-0.000000,-0.000000,-0.000000
3157,61.560000,3,-0.000000,-0.000000,-0.000000
3158,61.580000,3,-0.000000,-0.000000,-0.000000
3159,61.600000,3,-0.000000,-0.000000,-0.000000
3160,61.620000,3,-0.000000,-0.000000,-0.000000
3161,61.640000,3,-0.000000,-0.000000,-0.000000
3162,61.660000,3,-0.000000,-0.000000,-0.000000
3163,61.680000,3,-0.000000,-0.000000,-0.000000
3164,61.700000,3,-0.000000,-0.000000,-0.000000
3165,61.720000,3,-0.000000,-0.000000,-0.000000
3166,61.740000,3,-0.000000,-0.000000,-0.000000
3167,61.760000,3,-0.000000,-0.000000,-0.000000
3168,61.780000,3,-0.000000,-0.000000,-0.000000
3169,61.800000,3,-0.000000,-0.000000,-0.000000
3170,61.820000,3,-0.000000,-0.000000,-0.000000
3171,61.840000,3,-0.000000,-0.000000,-0.000000
3172,61.860000,3,-0.000000,-0.000000,-0.000000
3173,61.880000,3,-0.000000,-0.000000,-0.000000
3174,61.900000,3,-0.000000,-0.000000,-0.000000
3175,61.920000,3,-0.000000,-0.000000,-0.000000
3176,61.940000,3,-0.000000,-0.000000,-0.000000
3177,61.960000,3,-0.000000,-0.000000,-0.000000
3178,61.980000,3,-0.000000,-0.000000,-0.000000
3179,62.000000,3,-0.000000,-0.000000,-0.000000
3180,62.020000,3,-0.000000,-0.000000,-0.000000
3181,62.040000,3,-0.000000,-0.000000,-0.000000
3182,62.060000,3,-0.000000,-0.000000,-0.000000
3183,62.080000,3,-0.000000,-0.000000,-0.000000
3184,62.100000,3,-0.000000,-0.000000,-0.000000
3185,62.120000,3,-0.000000,-0.000000,-0.000000
3186,62.140000,3,-0.000000,-0.000000,-0.000000
3187,62.160000,3,-0.000000,-0.000000,-0.000000
3188,62.180000,3,-0.000000,-0.000000,-0.000000
3189,62.200000,3,-0.000000,-0.000000,-0.000000
