inference_index,sim_time,v0000,v0001,v0002,v0003,v0004,v0005,v0006,v0007,v0008,v0009,v0010,v0011,v0012,v0013,v0014,v0015
1,10.440000,0.037933,1.777078,-0.643392,-0.624928,1.163919,-1.568700,1.123356,1.676878,-1.246884,-0.949770,2.161319,-0.929879,2.150742,1.315817,2.180237,2.236592
2,10.460000,0.051472,1.780245,-0.871372,-0.532580,1.277359,-1.527646,1.098761,1.662869,-1.157127,-1.080816,2.243980,-0.915977,2.067131,1.337125,1.860082,2.401694
3,10.480000,0.028303,1.825783,-0.975791,-0.554287,1.273121,-1.459049,1.052985,1.689030,-1.289629,-1.081860,2.214817,-0.977761,2.055200,1.366488,1.732840,2.464131
4,10.500000,0.002553,1.882681,-0.945311,-0.548966,1.303322,-1.501966,1.081638,1.724827,-1.260855,-1.121345,2.301062,-0.781371,2.227500,1.374830,1.794793,2.479017
5,10.520000,-0.030667,1.834182,-1.061624,-0.512092,1.315678,-1.605552,0.982611,1.704534,-1.403219,-1.041597,2.294734,-0.877034,2.255355,1.349841,1.780192,2.470229
6,10.540000,-0.055505,1.924006,-0.978221,-0.523850,1.370678,-1.554011,1.098417,1.764036,-1.317444,-1.167828,2.392409,-0.590014,2.346185,1.411365,1.877652,2.514566
7,10.560000,-0.066670,1.945878,-1.006012,-0.504593,1.382863,-1.594059,1.101461,1.770822,-1.314027,-1.231941,2.404724,-0.557264,2.381038,1.399066,1.886543,2.448004
8,10.580000,-0.056088,1.986348,-0.942749,-0.526571,1.385957,-1.605768,1.148098,1.805289,-1.271267,-1.284250,2.425139,-0.461253,2.435257,1.369547,1.948364,2.400076
9,10.600000,-0.050828,1.994046,-0.942542,-0.531485,1.406718,-1.592491,1.141750,1.813704,-1.268579,-1.307233,2.440056,-0.489593,2.464555,1.402722,1.938633,2.421686
10,10.620000,-0.040574,2.003518,-0.962748,-0.524849,1.421282,-1.588014,1.167257,1.827078,-1.201234,-1.331261,2.432616,-0.496007,2.443930,1.394758,1.874713,2.456003
11,10.640000,-0.009352,1.970247,-1.003485,-0.539164,1.409646,-1.563661,1.093781,1.805701,-1.265479,-1.246669,2.396374,-0.642814,2.389335,1.378619,1.781268,2.484873
12,10.660000,-0.018813,1.916759,-1.020249,-0.516360,1.404854,-1.636465,1.013244,1.756606,-1.413801,-1.157434,2.376863,-0.719654,2.317024,1.339723,1.733713,2.462054
13,10.680000,-0.021765,1.953775,-0.927498,-0.539813,1.386411,-1.647840,1.024254,1.769154,-1.410444,-1.116292,2.330338,-0.770369,2.330885,1.289242,1.782196,2.391768
14,10.700000,-0.047029,1.870606,-0.940222,-0.587190,1.311929,-1.690256,0.891490,1.726478,-1.590570,-0.935676,2.195912,-1.158413,2.250885,1.210862,1.818646,2.261689
15,10.720000,0.008422,1.885065,-0.892611,-0.575147,1.340396,-1.637927,0.924473,1.729093,-1.578411,-0.950129,2.236782,-1.061889,2.211408,1.199109,1.844384,2.275726
16,10.740000,-0.008147,1.931435,-0.836192,-0.557745,1.342873,-1.651044,0.954324,1.730283,-1.565161,-1.025116,2.258384,-1.058546,2.165372,1.256387,1.817410,2.285084
17,10.760000,-0.005293,1.902817,-0.855205,-0.550499,1.356068,-1.690273,0.973163,1.707942,-1.533841,-1.069653,2.302069,-1.035866,2.133229,1.275475,1.753788,2.318530
18,10.780000,-0.006534,1.942648,-0.772992,-0.573316,1.356094,-1.688640,1.027351,1.749563,-1.463117,-1.151479,2.325474,-0.966471,2.207970,1.312821,1.778287,2.333665
19,10.800000,0.006355,1.926074,-0.766525,-0.559164,1.374828,-1.698085,1.009147,1.760685,-1.493164,-1.173114,2.363848,-0.940190,2.298851,1.343749,1.826109,2.378732
20,10.820000,-0.010033,1.916789,-0.796060,-0.562287,1.361362,-1.757232,1.014539,1.790527,-1.451805,-1.172704,2.347282,-0.949163,2.391324,1.329825,1.903385,2.378859
21,10.840000,-0.046870,1.930694,-0.836173,-0.560908,1.352443,-1.736734,0.968887,1.774920,-1.464318,-1.175158,2.267398,-1.120492,2.337198,1.294561,1.836242,2.301986
22,10.860000,0.001081,1.914329,-0.908331,-0.521121,1.413985,-1.682968,0.975633,1.747909,-1.473196,-1.252920,2.373228,-1.003124,2.287912,1.336848,1.707252,2.418223
23,10.880000,-0.012908,1.964620,-0.856730,-0.520821,1.407211,-1.704040,0.978455,1.783274,-1.480330,-1.293376,2.400481,-0.914680,2.383358,1.379288,1.756731,2.481541
24,10.900000,-0.032409,1.951533,-0.806084,-0.543745,1.390612,-1.734998,1.004752,1.801123,-1.491481,-1.262272,2.427591,-0.873564,2.497592,1.381849,1.868611,2.461701
25,10.920000,-0.041512,1.907605,-0.879923,-0.490125,1.422237,-1.775514,0.940039,1.770944,-1.571919,-1.234604,2.431827,-0.913179,2.479978,1.362562,1.853364,2.463239
26,10.940000,-0.048234,1.907109,-0.890843,-0.548119,1.365731,-1.723282,0.903072,1.791727,-1.652598,-1.139565,2.312227,-1.097503,2.433640,1.316008,1.919171,2.357482
27,10.960000,-0.022482,1.890772,-0.912650,-0.502167,1.409724,-1.711038,0.901000,1.782156,-1.623659,-1.169923,2.378905,-1.022038,2.400139,1.311086,1.893605,2.372531
28,10.980000,-0.025980,1.973053,-0.826686,-0.489296,1.433951,-1.718980,0.997392,1.826776,-1.535297,-1.314991,2.421635,-0.856151,2.370463,1.372630,1.881083,2.415281
29,11.000000,-0.003173,1.939629,-0.752165,-0.550235,1.383343,-1.738792,1.042173,1.858946,-1.501277,-1.276777,2.422786,-0.862554,2.493053,1.354790,1.985678,2.376091
30,11.020000,-0.008990,1.963822,-0.743899,-0.503352,1.430699,-1.777184,1.043386,1.848695,-1.398741,-1.389760,2.428329,-0.876897,2.486627,1.323694,1.903306,2.378889
31,11.040000,0.023210,1.996618,-0.723852,-0.515911,1.452644,-1.727856,1.091307,1.871070,-1.301150,-1.493890,2.473458,-0.798891,2.515864,1.367909,1.840946,2.484785
32,11.060000,0.009330,2.011715,-0.713720,-0.496612,1.459127,-1.756428,1.038251,1.869362,-1.374009,-1.493789,2.493015,-0.807806,2.583362,1.422664,1.835646,2.560650
33,11.080000,-0.005112,2.016091,-0.664627,-0.521425,1.437796,-1.760226,1.015260,1.878068,-1.371153,-1.465465,2.435197,-0.885765,2.614522,1.409983,1.863570,2.559952
34,11.100000,0.005780,2.016022,-0.671945,-0.519021,1.445902,-1.768142,1.045467,1.877947,-1.355500,-1.475132,2.475691,-0.849455,2.632009,1.417443,1.853283,2.545719
35,11.120000,-0.000363,1.927259,-0.799825,-0.482128,1.447111,-1.806789,0.902103,1.812702,-1.567239,-1.363210,2.460344,-1.000932,2.547995,1.374004,1.817386,2.550759
36,11.140000,-0.004757,1.971746,-0.711070,-0.513895,1.423099,-1.789955,0.943554,1.839429,-1.552204,-1.369652,2.448922,-0.920392,2.589002,1.370736,1.942935,2.508177
37,11.160000,0.006050,1.965147,-0.695771,-0.522684,1.430289,-1.759217,0.947335,1.841048,-1.562509,-1.374276,2.482981,-0.923685,2.612423,1.424735,1.992585,2.527631
38,11.180000,-0.004036,1.926673,-0.753376,-0.568976,1.377795,-1.725670,0.895151,1.834353,-1.658941,-1.277598,2.371365,-1.122440,2.513894,1.383801,2.010420,2.460635
39,11.200000,0.019620,1.907360,-0.779389,-0.546800,1.422908,-1.710861,0.906247,1.837024,-1.638580,-1.297528,2.424620,-1.036620,2.469297,1.412548,2.008266,2.503303
40,11.220000,0.014429,1.939407,-0.753561,-0.552687,1.409757,-1.719631,0.951328,1.846612,-1.552366,-1.345853,2.442523,-1.064126,2.437448,1.421940,1.962910,2.532965
41,11.240000,0.047285,1.964589,-0.648406,-0.595181,1.422164,-1.687616,1.038018,1.878290,-1.457154,-1.445462,2.500683,-0.935146,2.520904,1.434590,1.991810,2.587383
42,11.260000,0.050403,1.988647,-0.586100,-0.605752,1.422205,-1.683649,1.084812,1.915038,-1.376522,-1.517580,2.545069,-0.868642,2.630684,1.480318,2.033993,2.659651
43,11.280000,0.026039,1.968977,-0.605954,-0.582002,1.423913,-1.733862,0.984504,1.903048,-1.486528,-1.470282,2.491405,-0.950347,2.652022,1.491386,2.070222,2.649109
44,11.300000,0.023200,2.017761,-0.550024,-0.556012,1.444093,-1.727103,1.029308,1.948995,-1.401107,-1.553039,2.531223,-0.809516,2.742546,1.547614,2.173255,2.667326
45,11.320000,0.029178,2.043547,-0.520241,-0.539627,1.465452,-1.704229,1.043203,1.982306,-1.341948,-1.590102,2.583975,-0.768984,2.818592,1.619885,2.251262,2.745250
46,11.340000,0.025513,1.980855,-0.539488,-0.608571,1.404273,-1.662611,0.974297,1.958032,-1.405137,-1.449936,2.478925,-1.064816,2.740667,1.556110,2.283667,2.715124
47,11.360000,0.061896,2.032379,-0.447407,-0.603023,1.470013,-1.554894,1.078325,2.011451,-1.184212,-1.586713,2.579656,-0.860697,2.774040,1.584257,2.362414,2.854479
48,11.380000,0.082563,2.060072,-0.378947,-0.612802,1.478336,-1.435329,1.132088,2.074788,-1.017316,-1.651315,2.679146,-0.815019,2.860757,1.689885,2.491405,3.136683
49,11.400000,0.079668,2.037926,-0.301746,-0.638919,1.456704,-1.297534,1.100982,2.103962,-1.020472,-1.606399,2.647559,-0.891487,2.945435,1.785277,2.767524,3.375484
50,11.420000,0.077258,2.183612,-0.071863,-0.533085,1.548047,-1.109587,1.297496,2.305037,-0.532392,-1.891845,2.923245,-0.310335,3.404485,2.115393,3.372088,3.917581
51,11.440000,0.029245,2.323071,0.186587,-0.415157,1.642007,-0.944541,1.445151,2.593909,-0.041378,-2.108137,3.193154,0.185807,4.113258,2.559558,4.281405,4.617356
52,11.460000,-0.027605,2.446914,0.513504,-0.253547,1.778679,-0.620868,1.514319,2.828098,0.216971,-2.289053,3.274932,0.493751,4.615098,2.957811,5.220595,5.262829
53,11.480000,-0.121318,2.545202,0.788348,0.032927,1.974980,-0.230543,1.698473,3.172681,0.859138,-2.390166,3.690804,1.210967,5.261494,3.305670,6.204745,5.820521
54,11.500000,-0.246077,2.391197,0.841854,0.224579,1.941265,-0.078953,1.765173,3.442600,1.127791,-2.332730,3.994573,1.472850,5.572731,3.449824,7.051638,5.927423
55,11.520000,-0.357541,2.163907,0.845492,0.487854,1.820156,0.315207,1.834921,3.685075,1.504142,-2.260113,4.166586,1.454224,5.613304,3.607064,7.603223,6.028840
56,11.540000,-0.637216,1.793047,0.714542,0.788675,1.580026,0.456257,1.794883,4.247156,2.089690,-2.149450,4.238086,1.403897,5.706775,3.983835,7.990258,5.878427
57,11.560000,-1.044966,1.558598,0.177353,1.361035,1.333993,0.369194,1.665005,4.532386,2.365303,-2.122699,4.089579,1.179729,5.600532,4.350493,7.415112,5.275733
58,11.580000,-1.443007,1.343242,-0.535241,2.013140,1.209015,0.214194,1.370998,4.815579,2.581990,-1.951675,4.378325,1.357916,5.678573,4.927490,6.850989,4.762115
59,11.600000,-1.930999,1.372824,-1.060216,2.503355,1.176929,0.008923,1.117771,4.970241,2.549778,-1.790556,4.568890,1.283024,5.859176,5.572609,6.531692,4.463912
60,11.620000,-2.205003,1.641522,-1.398180,2.773653,1.397414,-0.000168,1.009439,5.064013,2.589421,-1.740348,4.761031,1.266532,6.216660,6.366113,6.300960,4.978247
61,11.640000,-2.512227,1.810508,-1.869151,2.781782,1.531799,-0.182129,1.053364,4.745900,2.291348,-1.603484,4.748613,1.040824,6.609650,6.944422,6.058629,5.217958
62,11.660000,-2.571502,1.998140,-2.215440,2.462800,1.780229,-0.422663,1.272774,4.740324,2.296723,-1.543686,4.646192,0.947716,6.876612,7.581789,5.773334,5.592740
63,11.680000,-2.485565,2.121480,-2.469040,2.038428,1.940966,-0.680826,1.463505,4.545689,2.215900,-1.575864,4.569696,0.857418,7.099481,7.914971,5.518466,5.711606
64,11.700000,-2.217482,2.176998,-2.594723,1.597901,2.083092,-0.933756,1.623150,4.311468,1.961040,-1.721346,4.492220,0.904638,7.197362,7.970968,5.363319,5.857830
65,11.720000,-1.864882,2.237722,-2.706080,1.237496,2.195632,-1.210640,1.633528,4.135253,1.714847,-1.953337,4.331042,0.986227,7.218979,7.793048,5.303868,5.758470
66,11.740000,-1.487885,2.312278,-2.746207,0.996613,2.360802,-1.426541,1.547056,4.003938,1.435796,-2.286073,4.111578,1.099314,7.127577,7.478684,5.224006,5.557992
67,11.760000,-1.152550,2.367227,-2.721775,0.831347,2.609392,-1.640759,1.395321,3.832178,1.202635,-2.641134,3.861891,1.123865,7.032922,7.138325,5.129292,5.336163
68,11.780000,-0.850859,2.454803,-2.616634,0.707148,2.877548,-1.694360,1.232817,3.655192,0.834116,-2.907197,3.493968,1.071145,6.795224,6.830166,4.903360,5.355313
69,11.800000,-0.529496,2.461437,-2.294811,0.612816,3.080477,-1.836295,1.080500,3.219081,0.613010,-3.047155,3.364116,1.015789,6.537087,6.399182,4.658781,5.420882
70,11.820000,-0.096356,2.147891,-2.897448,0.390952,3.266906,-2.340959,0.790224,4.085332,0.609407,-3.296772,2.739542,1.972532,7.345531,6.116597,6.142498,3.978591
71,11.840000,0.141584,1.941341,-4.278559,0.062457,3.648932,-2.752519,0.515174,5.288652,1.553009,-3.443261,2.421697,3.131172,8.716837,6.321510,7.945436,1.760164
72,11.860000,0.125008,1.856070,-6.162030,0.207298,4.047861,-3.718757,0.857019,5.895945,3.428797,-3.886459,3.045331,3.681822,10.417868,7.738566,7.812119,-0.530045
73,11.880000,-0.628265,1.863119,-7.454367,1.212772,4.818594,-4.732792,1.025323,6.383976,3.755402,-4.586003,4.159513,3.966048,10.840104,9.334731,5.273162,-3.341027
74,11.900000,-1.060524,2.525355,-6.335253,2.676817,5.645717,-5.118675,0.660485,5.994372,2.393148,-5.512257,5.224140,3.655611,9.472754,9.600182,2.255874,-4.238922
75,11.920000,-1.061454,3.568341,-4.606697,3.827928,5.966444,-5.737304,0.081499,5.139670,1.578846,-5.368862,6.095902,3.135262,7.000111,8.813973,-1.826379,-2.676360
76,11.940000,-0.808838,4.327942,-3.141564,3.662301,5.760257,-6.181177,0.553686,3.513327,1.470390,-4.251813,6.264238,2.370927,4.468158,8.017379,-4.816104,1.050811
77,11.960000,0.022953,4.969505,-1.760427,2.919873,5.356151,-5.993498,1.622518,1.443200,2.035607,-2.974254,5.661261,2.198149,3.089745,7.591074,-4.901060,5.062171
78,11.980000,1.094436,6.075025,-0.981147,2.144207,5.800230,-5.680724,1.533618,0.266349,2.047884,-2.566237,4.708572,3.386032,2.332364,7.870048,-2.615662,5.740845
79,12.000000,0.947415,6.896511,-0.321369,2.060007,6.114099,-4.858021,1.498484,0.084463,2.145760,-2.625698,3.907844,4.318699,2.571968,7.583578,0.339462,5.310956
80,12.020000,0.573979,7.294062,0.347167,1.866432,6.301163,-3.812347,1.412350,-0.384358,1.624678,-2.205752,2.729988,4.840221,3.021551,6.563636,3.286847,4.982852
81,12.040000,0.367445,7.664775,1.004483,1.673510,6.403358,-2.210334,0.905578,-1.397147,0.679238,-1.613122,1.538859,5.115752,3.288930,5.162048,4.973150,5.072273
82,12.060000,0.486259,7.486270,1.333394,1.578716,5.814665,-0.769760,0.100842,-2.179362,-0.163635,-0.720755,0.238004,4.550611,3.645493,4.347701,5.337620,5.410317
83,12.080000,0.829491,6.231856,0.675647,1.053203,4.759501,-0.425255,-0.640379,-2.273519,-0.585847,0.184306,-0.874017,3.365050,4.391661,4.154368,5.800024,5.830090
84,12.100000,0.715614,5.574521,0.313477,0.578855,5.905443,0.253951,-1.045951,-1.616545,-0.080265,1.357835,-2.610230,2.404283,5.840029,2.767195,5.832131,4.795670
85,12.120000,0.556539,5.518755,0.159261,0.265723,6.421352,0.256971,-0.810962,-0.600591,1.055443,1.719279,-2.898871,2.352278,7.577779,2.062479,5.493458,3.516289
86,12.140000,0.851025,5.648446,0.017949,0.498348,5.981096,-0.483956,-0.912079,0.111490,1.542958,1.379490,-1.976360,3.098286,8.470437,2.120389,5.232601,3.092451
87,12.160000,1.401353,4.067781,-0.074173,-0.955151,4.169817,-0.896063,-0.781410,1.029027,0.943959,2.297614,-1.703174,2.191406,10.805757,2.817657,6.645619,3.828162
88,12.180000,1.718792,3.912453,0.653807,-1.701444,2.983216,-0.888867,-1.143437,0.569739,-0.408613,2.653016,-1.625571,1.081940,10.613510,4.026323,7.634273,5.055513
89,12.200000,1.217760,3.022884,0.355441,-1.192470,1.813373,-1.306787,-1.448669,0.024111,-1.979600,2.491535,-0.847795,-0.071208,8.827421,5.772876,7.885652,6.558784
90,12.220000,0.985107,2.949580,0.257715,-0.793708,1.978440,-1.525981,-1.583047,0.362267,-2.319424,2.149607,0.077302,-0.376068,7.073749,6.699960,7.917202,7.331340
91,12.240000,0.970138,3.025850,0.297819,-0.774814,2.392806,-1.102706,-1.573267,0.960764,-2.323979,1.699919,0.770399,-0.746578,5.892823,6.870672,8.194336,7.083057
92,12.260000,1.109733,3.046849,0.396658,-0.856923,2.740261,-0.326568,-1.350257,1.434152,-2.316945,1.330623,0.951889,-1.194908,5.048089,6.250508,8.243720,6.708655
93,12.280000,0.731379,2.388589,0.283958,-1.368221,1.845647,-0.661619,-1.049504,2.217709,-2.633169,1.406120,1.249674,-1.887408,5.065857,5.970412,7.846426,6.637604
94,12.300000,0.355734,2.106965,-0.059682,-1.692167,1.298772,-0.795190,-0.732088,2.594574,-2.905018,1.362459,1.628665,-2.426991,5.156713,5.504320,7.369692,6.378368
95,12.320000,0.277120,1.763359,-1.152429,-1.540860,1.196320,-0.450898,-0.898637,2.755514,-3.016311,1.166961,1.949270,-2.898971,4.332047,5.063965,6.355032,5.921682
96,12.340000,0.256093,1.433542,-1.423742,-1.505815,0.915166,-0.407184,-0.929610,2.903044,-3.007770,1.049653,2.396966,-3.173589,3.520567,4.770045,5.592962,5.358661
97,12.360000,0.281573,1.275627,-1.546607,-1.508246,0.930557,-0.209689,-1.025225,2.938486,-3.017033,1.003144,2.485906,-3.404200,2.720730,4.200225,4.920871,4.644433
98,12.380000,0.446486,1.199817,-1.610002,-1.415599,0.953825,0.156922,-0.939052,2.852685,-2.891287,0.916207,2.438505,-3.573790,1.833182,3.366337,4.306475,3.998762
99,12.400000,0.934435,1.042542,-1.374189,-1.364738,0.885609,-0.023638,-0.852691,2.775019,-2.778318,0.836944,2.447124,-3.446535,0.957230,2.451077,3.805744,3.511591
100,12.420000,1.422670,0.884319,-1.200199,-1.280158,0.768941,-0.378121,-0.732641,2.652104,-2.782608,0.794614,2.315074,-3.278165,0.382187,1.481536,3.399728,3.170681
101,12.440000,1.914375,0.719920,-0.985909,-1.139181,0.699872,-0.876696,-0.606962,2.515281,-2.719393,0.719249,2.175262,-2.886619,-0.088249,0.573889,2.924730,2.918931
102,12.460000,2.195729,0.718035,-0.947675,-0.872514,0.675230,-1.574552,-0.517520,2.377089,-2.600957,0.592656,2.029935,-2.403080,-0.179619,-0.011404,2.561691,2.772188
103,12.480000,2.364163,0.732033,-1.061234,-0.753298,0.554583,-2.188317,-0.412645,2.230097,-2.394612,0.530202,1.925698,-1.997525,-0.049081,-0.449431,2.156241,2.510571
104,12.500000,1.913715,0.976942,-1.245477,-0.769492,0.339597,-2.278468,0.020609,2.042651,-2.449715,0.524403,1.767076,-1.516606,0.398866,-0.735517,2.053357,1.786040
105,12.520000,1.550623,1.167346,-1.420898,-0.937805,0.085903,-2.386150,0.259855,1.869677,-2.478203,0.630501,1.645825,-1.387835,0.830618,-0.809356,2.011572,1.117617
106,12.540000,1.286373,1.247672,-1.712798,-1.003193,-0.082303,-2.424146,0.323202,1.651234,-2.432212,0.651407,1.454893,-1.395033,0.743338,-0.706706,1.712645,0.554704
107,12.560000,1.851545,1.197133,-1.507266,-1.119395,0.096352,-1.871955,0.206260,1.520194,-2.263073,0.396226,1.380446,-1.409888,0.489395,-0.106282,1.388675,0.902125
108,12.580000,2.691609,1.108628,-1.164350,-1.283193,0.254412,-1.415625,-0.043423,1.457264,-2.191577,0.144645,1.351380,-1.447714,0.126405,0.609324,1.203638,1.507997
109,12.600000,3.023631,1.110252,-0.975861,-1.315725,0.382854,-1.055467,-0.076239,1.415481,-2.164444,0.001498,1.243695,-1.418659,-0.042088,0.943961,1.190613,1.773550
110,12.620000,3.026388,1.162801,-1.001185,-1.284810,0.494927,-0.897908,0.054792,1.377023,-2.056752,-0.013356,1.224914,-1.356948,-0.007286,1.119627,1.100041,1.902688
111,12.640000,2.768496,1.277582,-1.208693,-1.165485,0.573003,-0.844973,0.216622,1.325867,-1.939026,0.078812,1.189595,-1.351734,0.087851,1.218702,0.970972,1.934868
112,12.660000,2.448476,1.401530,-1.367672,-0.931228,0.734739,-0.878755,0.462556,1.311741,-1.779584,0.073520,1.262083,-1.144413,0.386535,1.291452,0.908448,1.984459
113,12.680000,1.963880,1.586853,-1.452295,-0.669119,0.848170,-1.003188,0.737683,1.327288,-1.544140,0.056217,1.304856,-0.950034,0.721090,1.341863,0.822498,1.958913
114,12.700000,1.555779,1.745493,-1.466090,-0.411025,0.991121,-1.165100,0.976020,1.412335,-1.227691,0.014860,1.377797,-0.696307,1.125368,1.341943,0.803661,1.953627
115,12.720000,1.119700,1.937607,-1.500406,-0.118271,1.153997,-1.385934,1.158180,1.501354,-0.808789,-0.085601,1.452851,-0.433924,1.480134,1.313891,0.809013,2.021586
116,12.740000,0.723570,2.083372,-1.499865,0.113116,1.218202,-1.531771,1.224109,1.537632,-0.516681,-0.139012,1.455856,-0.398033,1.708394,1.184047,0.708507,1.945188
117,12.760000,0.488193,2.179867,-1.385176,0.339183,1.362690,-1.552489,1.212109,1.625166,-0.346923,-0.126640,1.652293,-0.204976,2.090573,1.293352,0.835113,2.237948
118,12.780000,0.354873,2.280210,-1.284974,0.411322,1.365160,-1.657148,1.219334,1.652827,-0.162242,-0.216491,1.654772,-0.250366,2.258156,1.252992,0.816007,2.290662
119,12.800000,0.310690,2.246794,-1.254969,0.477410,1.372539,-1.604041,1.210104,1.572877,-0.038930,-0.256215,1.688208,-0.107745,2.174347,1.127564,0.682693,2.232137
120,12.820000,0.284733,2.279405,-1.124630,0.466574,1.315590,-1.577430,1.133479,1.483902,-0.125495,-0.271274,1.614532,-0.251089,2.027066,1.011205,0.567613,2.002512
121,12.840000,0.365818,2.222564,-1.031159,0.412914,1.311090,-1.442816,1.103429,1.341303,-0.236367,-0.290930,1.622114,-0.142287,1.816087,0.941343,0.448464,1.871860
122,12.860000,0.394197,2.183207,-0.961813,0.388317,1.259444,-1.330729,1.049904,1.230378,-0.417499,-0.273345,1.621084,-0.135476,1.637406,0.934585,0.372788,1.775651
123,12.880000,0.445958,2.088109,-0.876769,0.284307,1.201808,-1.166912,0.979998,1.072933,-0.784953,-0.173066,1.518990,-0.216085,1.440468,0.884903,0.388446,1.573855
124,12.900000,0.454787,2.014400,-0.868646,0.254011,1.154505,-1.010271,0.906375,0.963413,-1.125339,-0.079701,1.475554,-0.273496,1.232983,0.906883,0.454125,1.456073
125,12.920000,0.440981,1.886061,-1.007615,0.221279,1.074993,-0.904714,0.855738,0.871825,-1.424271,0.034204,1.348285,-0.457950,0.973389,0.835185,0.466447,1.226162
126,12.940000,0.455140,1.808395,-1.111651,0.215924,1.048584,-0.717632,0.827763,0.828584,-1.553475,0.087139,1.317309,-0.480660,0.752744,0.803154,0.477711,1.170766
127,12.960000,0.437196,1.739234,-1.190766,0.183883,1.005930,-0.674639,0.778540,0.832136,-1.659319,0.154872,1.296484,-0.569163,0.629380,0.820900,0.511458,1.198822
128,12.980000,0.368687,1.669405,-1.273563,0.171503,0.918092,-0.782285,0.726078,0.839601,-1.729090,0.227138,1.178175,-0.823387,0.525229,0.727640,0.503851,1.088348
129,13.000000,0.341576,1.624083,-1.296364,0.223891,0.988752,-0.825227,0.691002,0.832396,-1.650249,0.211388,1.187389,-0.766613,0.465575,0.735447,0.424469,1.153729
130,13.020000,0.316131,1.635756,-1.180227,0.182922,0.971715,-0.926040,0.703127,0.859452,-1.608566,0.189998,1.231691,-0.735935,0.548281,0.803710,0.428847,1.189455
131,13.040000,0.288226,1.659328,-1.016349,0.083858,0.944991,-1.084433,0.712243,0.922867,-1.653600,0.212017,1.229528,-0.928847,0.835118,0.878987,0.610952,1.196302
132,13.060000,0.265963,1.707670,-0.982970,0.146380,1.045045,-1.135217,0.748163,0.956899,-1.501328,0.087067,1.292124,-0.771684,0.995350,0.945975,0.667056,1.286986
133,13.080000,0.204053,1.787128,-0.949552,0.179316,1.104525,-1.204635,0.758527,1.015072,-1.383683,-0.013268,1.386830,-0.638301,1.215538,1.076737,0.807887,1.413587
134,13.100000,0.161747,1.874006,-0.860238,0.111179,1.120775,-1.340016,0.879082,1.122339,-1.292829,-0.083581,1.526477,-0.526245,1.564153,1.179848,1.119526,1.527127
135,13.120000,0.114812,1.930653,-0.894274,0.085188,1.153800,-1.427505,0.974565,1.220714,-1.051975,-0.243901,1.609897,-0.398222,1.800376,1.212247,1.300321,1.613520
136,13.140000,0.127241,1.938775,-0.960557,0.038189,1.171517,-1.405347,1.034104,1.297205,-0.798792,-0.397627,1.676007,-0.309808,1.855884,1.173957,1.329848,1.657890
137,13.160000,0.068386,1.935636,-1.113912,0.105476,1.170683,-1.380417,0.953573,1.258666,-0.739069,-0.489597,1.587605,-0.347921,1.650530,1.010388,1.098311,1.496422
138,13.180000,0.173258,1.909803,-1.057550,0.029486,1.166181,-1.288381,0.963382,1.232859,-0.708043,-0.510266,1.632641,-0.326387,1.543490,0.925436,0.898934,1.464687
139,13.200000,0.157234,1.913751,-1.007548,0.021950,1.170345,-1.250271,0.827694,1.181346,-0.860090,-0.486180,1.596285,-0.320699,1.477611,0.886892,0.729530,1.440267
140,13.220000,0.149810,1.862276,-0.941988,-0.059444,1.114178,-1.237089,0.750045,1.128663,-1.062358,-0.368779,1.488084,-0.536935,1.446950,0.805018,0.666236,1.328672
141,13.240000,0.180673,1.848920,-0.882646,-0.076104,1.130771,-1.163653,0.712841,1.062675,-1.145175,-0.384678,1.504106,-0.515350,1.365418,0.783180,0.558146,1.321601
142,13.260000,0.160871,1.832185,-0.885690,-0.106024,1.130281,-1.131443,0.643768,1.051550,-1.380963,-0.274377,1.548638,-0.567636,1.413971,0.891219,0.701439,1.433869
143,13.280000,0.113512,1.823235,-0.898831,-0.128548,1.131477,-1.159977,0.647709,1.053785,-1.427522,-0.281244,1.557384,-0.561148,1.451096,0.922382,0.824727,1.475904
144,13.300000,0.060057,1.807217,-0.996327,-0.122606,1.151762,-1.168445,0.653771,1.034203,-1.365983,-0.326496,1.515607,-0.524527,1.309259,0.865027,0.754100,1.405070
145,13.320000,0.053208,1.767846,-1.045585,-0.147471,1.122645,-1.148356,0.664685,1.024129,-1.366772,-0.341851,1.534710,-0.544145,1.193407,0.802321,0.701059,1.322606
146,13.340000,0.031768,1.777726,-1.019598,-0.172484,1.110389,-1.152771,0.666932,1.038270,-1.395004,-0.333279,1.523347,-0.542975,1.160778,0.758041,0.736952,1.276439
147,13.360000,0.017225,1.723293,-1.035797,-0.188937,1.089666,-1.217928,0.602047,1.054249,-1.484795,-0.231771,1.468907,-0.688791,1.236526,0.733022,0.801312,1.254793
148,13.380000,-0.014595,1.747241,-1.086215,-0.111461,1.181987,-1.240003,0.540224,1.085621,-1.520344,-0.219181,1.555620,-0.698529,1.344551,0.894967,0.897922,1.492041
149,13.400000,-0.060748,1.826418,-0.984202,-0.172200,1.191257,-1.326263,0.656105,1.187527,-1.419262,-0.319965,1.653792,-0.550730,1.649405,1.063443,1.173240,1.723012
150,13.420000,-0.168290,1.858274,-1.023455,-0.136042,1.230155,-1.466050,0.627252,1.289935,-1.398221,-0.340516,1.745261,-0.499110,1.966658,1.244069,1.460620,1.914698
151,13.440000,-0.220022,1.909697,-1.094310,-0.107045,1.297900,-1.582277,0.764843,1.387483,-1.074838,-0.524010,1.878220,-0.350050,2.104716,1.338280,1.574310,2.104890
152,13.460000,-0.292540,1.913591,-1.184407,-0.132775,1.262753,-1.658750,0.770975,1.458118,-1.023631,-0.554139,1.829185,-0.505833,2.125374,1.303739,1.570766,2.003500
153,13.480000,-0.264741,1.847516,-1.270181,-0.108879,1.323869,-1.694101,0.799253,1.462379,-0.922252,-0.617459,1.941826,-0.481673,2.017741,1.241612,1.418171,2.057106
154,13.500000,-0.232651,1.944654,-1.117153,-0.143290,1.319134,-1.696691,0.888201,1.514537,-0.734586,-0.808650,1.958150,-0.279108,1.957818,1.111687,1.270207,1.933696
155,13.520000,-0.164832,1.927355,-0.955629,-0.261095,1.283306,-1.671431,0.900812,1.485000,-0.738561,-0.840010,1.908963,-0.319151,1.904703,0.933860,1.112846,1.728173
156,13.540000,-0.082518,1.877867,-0.869883,-0.316429,1.248366,-1.604498,0.841071,1.403720,-0.844626,-0.779455,1.820560,-0.440496,1.760926,0.765266,0.900374,1.554699
157,13.560000,-0.068651,1.904398,-0.766924,-0.294931,1.261147,-1.512398,0.701354,1.305547,-1.094293,-0.761177,1.733395,-0.504690,1.649918,0.681997,0.824785,1.422826
158,13.580000,0.009367,1.844532,-0.717627,-0.354162,1.238588,-1.439453,0.629374,1.217324,-1.299181,-0.657296,1.711932,-0.619169,1.542553,0.669258,0.732858,1.399121
159,13.600000,-0.001172,1.768721,-0.814710,-0.318670,1.271087,-1.478911,0.462018,1.113567,-1.518498,-0.536161,1.680775,-0.770712,1.318451,0.643634,0.598232,1.418323
160,13.620000,-0.019552,1.752029,-0.764072,-0.393298,1.226024,-1.420381,0.446387,1.081868,-1.642467,-0.467135,1.622918,-0.845137,1.221138,0.607934,0.660090,1.369396
161,13.640000,-0.027208,1.735513,-0.756816,-0.418036,1.200830,-1.383386,0.443957,1.086767,-1.761832,-0.413024,1.654858,-0.845210,1.249557,0.646425,0.766769,1.357042
162,13.660000,-0.113362,1.662459,-0.981813,-0.368672,1.192854,-1.515498,0.282431,1.075957,-1.868620,-0.239959,1.550588,-1.180561,1.121547,0.617450,0.818212,1.339334
163,13.680000,-0.107356,1.692531,-0.924188,-0.372796,1.229711,-1.472195,0.370765,1.127388,-1.790210,-0.338637,1.596791,-0.957106,1.172029,0.637812,0.906616,1.363965
164,13.700000,-0.169721,1.733084,-0.984757,-0.287150,1.275805,-1.520733,0.351365,1.130733,-1.759711,-0.387300,1.597994,-0.833387,1.143337,0.642622,0.881164,1.310046
165,13.720000,-0.180551,1.729148,-0.963404,-0.312143,1.225551,-1.593903,0.405495,1.156851,-1.693658,-0.385592,1.578312,-0.899298,1.214662,0.574702,0.919152,1.197475
166,13.740000,-0.163555,1.745232,-0.941662,-0.301091,1.289040,-1.586622,0.431608,1.167473,-1.570568,-0.485865,1.599004,-0.798747,1.260862,0.567359,0.837871,1.187363
167,13.760000,-0.171279,1.713537,-1.037050,-0.229201,1.329998,-1.605567,0.359701,1.176454,-1.562444,-0.419962,1.613256,-0.889906,1.298282,0.640943,0.797871,1.321907
168,13.780000,-0.191772,1.778213,-0.930027,-0.235390,1.332862,-1.638787,0.427350,1.206321,-1.446648,-0.501433,1.606284,-0.788742,1.405454,0.642262,0.806451,1.333183
169,13.800000,-0.185558,1.806744,-0.920417,-0.210333,1.374311,-1.632368,0.436495,1.199198,-1.379734,-0.539181,1.607882,-0.751427,1.438735,0.656100,0.737577,1.340368
170,13.820000,-0.184202,1.829454,-0.885051,-0.186907,1.375989,-1.648584,0.421667,1.191086,-1.311654,-0.540511,1.593217,-0.766145,1.440586,0.638410,0.681899,1.343206
171,13.840000,-0.194195,1.829668,-0.915812,-0.141452,1.404824,-1.694878,0.395695,1.187772,-1.339394,-0.548164,1.601551,-0.751331,1.480062,0.631116,0.682534,1.345628
172,13.860000,-0.187187,1.836481,-0.795635,-0.176543,1.374136,-1.701346,0.380056,1.178838,-1.346002,-0.495614,1.536835,-0.780315,1.510245,0.577515,0.713706,1.267641
173,13.880000,-0.139982,1.883535,-0.708076,-0.166618,1.404400,-1.650015,0.393348,1.182079,-1.347078,-0.503199,1.575611,-0.750329,1.559396,0.633135,0.772769,1.301454
174,13.900000,-0.163617,1.901147,-0.757203,-0.141365,1.436217,-1.682808,0.425451,1.220307,-1.341404,-0.516135,1.630838,-0.713996,1.681197,0.768592,0.919294,1.476589
175,13.920000,-0.220385,1.888220,-0.840181,-0.150403,1.412628,-1.740597,0.368036,1.264395,-1.450633,-0.438121,1.595200,-0.876801,1.846287,0.848745,1.168374,1.525185
176,13.940000,-0.222388,1.902382,-0.959839,-0.084861,1.500759,-1.749816,0.422033,1.318981,-1.328314,-0.537533,1.726653,-0.707417,1.968036,0.982748,1.287911,1.743531
177,13.960000,-0.279493,1.957536,-0.998020,-0.046455,1.523008,-1.855039,0.489360,1.429400,-1.231539,-0.645732,1.838840,-0.511404,2.127572,1.117010,1.485841,1.873449
178,13.980000,-0.342683,1.885286,-1.090415,-0.097785,1.468623,-1.946842,0.470055,1.474779,-1.205119,-0.569872,1.755404,-0.778424,2.113129,1.054669,1.528614,1.810436
179,14.000000,-0.360601,1.903864,-1.182570,0.038363,1.561505,-1.973749,0.476870,1.458662,-0.942957,-0.828458,1.745578,-0.495056,1.841379,0.885427,1.175565,1.682546
180,14.020000,-0.292552,1.940004,-1.009395,-0.053315,1.516740,-1.951726,0.590302,1.465554,-0.844658,-0.894280,1.812513,-0.456757,1.731212,0.789075,0.995704,1.571778
181,14.040000,-0.247370,1.875329,-0.864319,-0.171315,1.439330,-1.972964,0.474510,1.375657,-1.022775,-0.762302,1.687838,-0.724809,1.658398,0.630894,0.844730,1.425315
182,14.060000,-0.181899,1.905480,-0.619773,-0.212797,1.464967,-1.872759,0.456365,1.327643,-1.057600,-0.817212,1.653669,-0.682565,1.655884,0.563603,0.772883,1.379697
183,14.080000,-0.131413,1.894220,-0.485510,-0.259813,1.427294,-1.852564,0.396396,1.267584,-1.225747,-0.739761,1.653859,-0.778724,1.687578,0.593784,0.778648,1.383621
184,14.100000,-0.189220,1.854653,-0.572499,-0.238408,1.430407,-1.855836,0.260631,1.167554,-1.419564,-0.663028,1.565255,-0.886277,1.598505,0.560540,0.791258,1.312159
185,14.120000,-0.161051,1.844171,-0.581108,-0.259735,1.449358,-1.768825,0.270461,1.132491,-1.437429,-0.647019,1.598737,-0.867744,1.507167,0.587301,0.785391,1.339943
186,14.140000,-0.150730,1.853171,-0.587785,-0.306302,1.445490,-1.777965,0.289682,1.148651,-1.584219,-0.589091,1.688309,-0.876624,1.609930,0.760243,0.999503,1.488855
187,14.160000,-0.259450,1.783846,-0.824886,-0.255648,1.463333,-1.865278,0.145357,1.182302,-1.780130,-0.485402,1.605225,-1.025627,1.680076,0.853779,1.276982,1.573146
188,14.180000,-0.276786,1.825541,-0.851655,-0.216019,1.507008,-1.890959,0.279218,1.254921,-1.576970,-0.653985,1.693318,-0.812951,1.746828,0.912893,1.367955,1.634467
189,14.200000,-0.289915,1.761902,-1.054192,-0.131117,1.534080,-2.024068,0.267686,1.259039,-1.488465,-0.724488,1.715092,-0.759782,1.627044,0.802231,1.198456,1.504496
190,14.220000,-0.354485,1.737425,-1.105929,-0.162279,1.506768,-2.016212,0.263690,1.296810,-1.428043,-0.679205,1.656129,-0.848971,1.561151,0.669847,1.098706,1.394274
191,14.240000,-0.314169,1.794884,-0.988771,-0.168270,1.541731,-1.982864,0.305853,1.292355,-1.307799,-0.796807,1.656487,-0.759618,1.486537,0.558226,0.915137,1.308049
192,14.260000,-0.275237,1.813377,-0.862153,-0.141297,1.559226,-1.980219,0.258067,1.277275,-1.357033,-0.826688,1.641763,-0.734754,1.497054,0.566604,0.844798,1.340178
193,14.280000,-0.280135,1.832857,-0.659066,-0.213246,1.488934,-2.012818,0.224540,1.255419,-1.396213,-0.775528,1.554240,-0.836961,1.594494,0.483916,0.863147,1.223781
194,14.300000,-0.216949,1.814385,-0.604589,-0.212073,1.517515,-1.983058,0.199069,1.201435,-1.407588,-0.772497,1.575856,-0.874200,1.647520,0.495266,0.792379,1.234487
195,14.320000,-0.228667,1.851062,-0.588104,-0.161684,1.552759,-1.954554,0.146895,1.192702,-1.454903,-0.800514,1.564085,-0.817525,1.674397,0.542191,0.844593,1.298456
196,14.340000,-0.234029,1.861929,-0.546360,-0.197769,1.522918,-1.963890,0.172238,1.172212,-1.427365,-0.786111,1.560263,-0.827052,1.683412,0.534707,0.861211,1.252678
197,14.360000,-0.209543,1.851372,-0.620721,-0.177716,1.548721,-1.951525,0.161734,1.157351,-1.409361,-0.776941,1.567444,-0.852269,1.642972,0.568292,0.809255,1.315454
198,14.380000,-0.222184,1.834753,-0.663957,-0.202322,1.533659,-1.936019,0.165615,1.153371,-1.380236,-0.765786,1.539941,-0.856927,1.576820,0.563891,0.776863,1.309843
199,14.400000,-0.248107,1.863183,-0.681605,-0.147799,1.587655,-1.963254,0.136744,1.169305,-1.482271,-0.753345,1.575383,-0.827342,1.633688,0.691669,0.934937,1.431061
200,14.420000,-0.250700,1.809770,-0.795074,-0.126102,1.543079,-2.025786,0.138892,1.187154,-1.466583,-0.746206,1.555624,-0.858385,1.662455,0.703683,0.980325,1.426614
201,14.440000,-0.249816,1.845297,-0.719461,-0.143709,1.557343,-2.046617,0.206202,1.228837,-1.383691,-0.809168,1.580051,-0.740996,1.764170,0.696770,1.052745,1.354665
202,14.460000,-0.258937,1.828616,-0.754206,-0.118715,1.563522,-2.062703,0.200821,1.241330,-1.320319,-0.852414,1.562321,-0.748151,1.767820,0.656923,1.054891,1.298799
203,14.480000,-0.292068,1.828587,-0.821417,-0.080418,1.563566,-2.134398,0.157551,1.235332,-1.312792,-0.838235,1.507824,-0.838291,1.725418,0.573208,0.988070,1.220752
204,14.500000,-0.237656,1.835879,-0.713216,-0.104146,1.564541,-2.076323,0.166599,1.219502,-1.247925,-0.894067,1.495041,-0.782177,1.689483,0.511457,0.887266,1.156167
205,14.520000,-0.219321,1.804623,-0.630631,-0.135011,1.549060,-2.095174,0.125270,1.216974,-1.302229,-0.809315,1.497151,-0.892658,1.734828,0.520547,0.871795,1.204453
206,14.540000,-0.242808,1.792252,-0.710655,-0.048241,1.579684,-2.148468,0.042283,1.161131,-1.334297,-0.839443,1.453848,-0.926275,1.660221,0.465087,0.769685,1.220907
207,14.560000,-0.228102,1.820179,-0.569267,-0.125228,1.555763,-2.103510,0.066104,1.157694,-1.377667,-0.791893,1.448014,-0.927354,1.700448,0.468868,0.812142,1.200704
208,14.580000,-0.202252,1.841456,-0.479373,-0.147676,1.535349,-2.095089,0.065274,1.135127,-1.363807,-0.847759,1.443267,-0.897649,1.726422,0.453592,0.823479,1.149106
209,14.600000,-0.200743,1.806197,-0.593716,-0.089304,1.577698,-2.119488,0.028110,1.133504,-1.482726,-0.778896,1.504303,-0.959439,1.816141,0.562598,0.953607,1.282696
210,14.620000,-0.224835,1.850942,-0.551244,-0.109464,1.576467,-2.144080,0.077892,1.187308,-1.440078,-0.875618,1.512527,-0.827128,1.970963,0.623856,1.128327,1.311837
211,14.640000,-0.239230,1.862625,-0.548215,-0.123175,1.586282,-2.147168,0.121541,1.241409,-1.409046,-0.899570,1.576337,-0.801330,2.141531,0.742843,1.316700,1.389194
212,14.660000,-0.254912,1.887673,-0.617571,-0.065005,1.621410,-2.193378,0.171128,1.287770,-1.265553,-1.053559,1.598502,-0.688290,2.175000,0.754243,1.355893,1.422886
213,14.680000,-0.254105,1.878902,-0.692986,-0.035123,1.625064,-2.223613,0.207860,1.328466,-1.144336,-1.141537,1.607488,-0.639637,2.169967,0.714980,1.298138,1.395535
214,14.700000,-0.306784,1.763157,-0.908299,0.070365,1.645253,-2.287669,0.009164,1.263100,-1.230068,-1.039378,1.503255,-0.849059,1.905848,0.555245,1.061412,1.286071
215,14.720000,-0.268370,1.857791,-0.732415,0.009932,1.662743,-2.197159,0.090629,1.265071,-1.081402,-1.132842,1.515416,-0.750124,1.799951,0.472148,0.881597,1.262628
216,14.740000,-0.238230,1.871637,-0.561090,-0.056319,1.612820,-2.196808,0.084592,1.245153,-1.115920,-1.121069,1.513317,-0.802372,1.805572,0.470520,0.768839,1.271214
217,14.760000,-0.256344,1.830602,-0.598301,0.025700,1.626377,-2.267692,-0.017669,1.190898,-1.318618,-1.072510,1.481695,-0.845844,1.818852,0.433177,0.804071,1.264570
218,14.780000,-0.220124,1.870323,-0.362495,-0.071662,1.583206,-2.225335,0.029581,1.195077,-1.313356,-1.098072,1.463247,-0.770991,1.959804,0.419376,0.938839,1.170555
219,14.800000,-0.204765,1.880725,-0.311758,-0.109440,1.576504,-2.212650,0.026863,1.169699,-1.332272,-1.100159,1.473358,-0.796716,2.024484,0.461856,0.993113,1.111754
220,14.820000,-0.248955,1.875944,-0.420011,-0.024357,1.661210,-2.190593,-0.045386,1.151577,-1.330850,-1.130832,1.427170,-0.794406,1.920498,0.488472,1.026400,1.156240
221,14.840000,-0.242853,1.818644,-0.465580,-0.105766,1.568736,-2.192179,-0.051851,1.148915,-1.400253,-0.988931,1.406605,-0.960268,1.905425,0.479712,1.103590,1.155055
222,14.860000,-0.226908,1.858985,-0.399960,-0.106902,1.635835,-2.210536,0.005733,1.202600,-1.365308,-1.083647,1.510259,-0.889710,2.039896,0.591245,1.256205,1.339151
223,14.880000,-0.259857,1.812241,-0.535848,-0.035782,1.658760,-2.285825,-0.025809,1.249122,-1.339001,-1.102103,1.535935,-0.905498,2.130547,0.675095,1.350406,1.489450
224,14.900000,-0.299559,1.858439,-0.491017,-0.012256,1.645231,-2.363281,0.024197,1.306286,-1.207532,-1.235427,1.528968,-0.789675,2.238646,0.634049,1.395209,1.415379
225,14.920000,-0.291781,1.848297,-0.568112,0.033584,1.657219,-2.386697,0.032772,1.303466,-1.140901,-1.325419,1.544419,-0.781109,2.214158,0.576642,1.294470,1.330011
226,14.940000,-0.296980,1.852863,-0.562387,0.091886,1.694402,-2.391183,0.000152,1.326145,-1.118322,-1.379088,1.530582,-0.749411,2.190968,0.548944,1.226898,1.325486
227,14.960000,-0.321710,1.771111,-0.656650,0.148333,1.667284,-2.439725,-0.102332,1.262797,-1.187620,-1.317791,1.496665,-0.924936,2.063946,0.466532,1.031337,1.288878
228,14.980000,-0.301674,1.871117,-0.443939,0.081675,1.671866,-2.365810,-0.066168,1.241158,-1.095052,-1.381913,1.440348,-0.862059,1.944621,0.340075,0.876584,1.186015
229,15.000000,-0.226245,1.884413,-0.261563,-0.045547,1.600280,-2.292850,-0.036431,1.209386,-1.200080,-1.336342,1.475957,-0.908532,1.980787,0.341694,0.865612,1.151409
230,15.020000,-0.238092,1.771019,-0.336576,-0.024965,1.596931,-2.339675,-0.147021,1.145560,-1.319324,-1.233312,1.405071,-1.047432,1.923328,0.294213,0.811968,1.151043
231,15.040000,-0.243103,1.821903,-0.271743,-0.105006,1.576103,-2.267374,-0.139289,1.110104,-1.371239,-1.203988,1.363929,-1.017987,1.832359,0.248944,0.851958,1.019665
232,15.060000,-0.199161,1.784627,-0.252060,-0.148062,1.589310,-2.239922,-0.142814,1.078192,-1.455562,-1.151930,1.394917,-1.058465,1.768710,0.313546,0.857620,1.052751
233,15.080000,-0.201666,1.778072,-0.346124,-0.098424,1.609671,-2.242035,-0.153665,1.049815,-1.452857,-1.215387,1.409910,-1.067521,1.676605,0.380339,0.804195,1.149132
234,15.100000,-0.214078,1.767629,-0.376306,-0.141533,1.600715,-2.230022,-0.109042,1.063520,-1.449210,-1.209341,1.405511,-1.012072,1.670592,0.387803,0.806929,1.131159
235,15.120000,-0.232835,1.731651,-0.558878,-0.056027,1.659709,-2.261764,-0.168312,1.039964,-1.499241,-1.185733,1.415190,-1.050092,1.577122,0.403225,0.745780,1.192756
236,15.140000,-0.236596,1.760442,-0.471576,-0.101901,1.622948,-2.248580,-0.104999,1.064800,-1.439177,-1.210583,1.396514,-0.983231,1.560737,0.397504,0.766760,1.178614
237,15.160000,-0.254529,1.784019,-0.417213,-0.101191,1.619533,-2.270755,-0.093881,1.087468,-1.461525,-1.190929,1.384130,-0.911218,1.657215,0.377408,0.854604,1.091758
238,15.180000,-0.301051,1.741452,-0.587406,-0.069917,1.588534,-2.298333,-0.171043,1.077138,-1.518772,-1.070045,1.294096,-1.056802,1.621608,0.336490,0.905336,0.985237
239,15.200000,-0.258803,1.789357,-0.522370,-0.065595,1.654654,-2.252524,-0.095071,1.099938,-1.363036,-1.190505,1.335865,-0.940651,1.604928,0.320375,0.820960,1.013698
240,15.220000,-0.237770,1.798875,-0.471731,-0.062717,1.640849,-2.267816,-0.083261,1.117340,-1.302675,-1.221892,1.359936,-0.951031,1.611457,0.374040,0.727567,1.092640
241,15.240000,-0.250326,1.817846,-0.474343,-0.032048,1.648880,-2.293213,-0.061394,1.127679,-1.243237,-1.239264,1.354092,-0.920469,1.687345,0.406373,0.737657,1.149446
242,15.260000,-0.276966,1.796745,-0.529421,0.027074,1.669117,-2.324343,-0.096107,1.123279,-1.208747,-1.239406,1.336872,-0.921441,1.724077,0.399638,0.689172,1.141994
243,15.280000,-0.282799,1.848505,-0.448767,0.030915,1.660636,-2.326726,-0.078066,1.129597,-1.177107,-1.240848,1.321567,-0.866744,1.766095,0.390918,0.706251,1.094563
244,15.300000,-0.317984,1.830934,-0.508693,0.000692,1.613485,-2.327476,-0.158576,1.099445,-1.301695,-1.081981,1.252962,-1.014913,1.717830,0.361987,0.745541,0.976098
245,15.320000,-0.250234,1.847886,-0.466307,0.012701,1.663998,-2.266514,-0.111203,1.089547,-1.218230,-1.160253,1.281330,-0.949865,1.652046,0.396706,0.690294,1.064564
246,15.340000,-0.238088,1.791648,-0.597541,0.090786,1.686811,-2.301274,-0.156996,1.052571,-1.254637,-1.141666,1.304874,-1.008213,1.523020,0.424109,0.570692,1.150242
247,15.360000,-0.257401,1.830824,-0.480980,0.025577,1.659170,-2.295535,-0.126947,1.062548,-1.243054,-1.104632,1.263496,-0.950118,1.529453,0.389137,0.632722,1.107812
248,15.380000,-0.266570,1.841044,-0.415443,0.007159,1.634349,-2.306950,-0.113521,1.075757,-1.256165,-1.054010,1.240826,-0.927101,1.596645,0.372332,0.697847,1.010284
249,15.400000,-0.235957,1.857677,-0.414014,0.033244,1.654456,-2.290330,-0.099629,1.068756,-1.229991,-1.058324,1.218664,-0.881109,1.578433,0.328324,0.717157,0.967359
250,15.420000,-0.223880,1.833757,-0.434704,0.047566,1.656495,-2.279759,-0.113399,1.053331,-1.185289,-1.009381,1.203508,-0.915076,1.553177,0.313125,0.709648,0.949262
251,15.440000,-0.210263,1.860463,-0.455482,0.064820,1.672989,-2.265581,-0.115622,1.046795,-1.153981,-1.006732,1.190312,-0.892058,1.539207,0.288715,0.708122,0.947692
252,15.460000,-0.214735,1.865811,-0.504737,0.096478,1.668381,-2.291206,-0.107922,1.051914,-1.158788,-0.992579,1.197873,-0.882356,1.577195,0.278966,0.734601,0.950471
253,15.480000,-0.214033,1.863318,-0.507536,0.127429,1.686013,-2.311457,-0.148886,1.049915,-1.169731,-0.971141,1.181219,-0.883282,1.602806,0.274237,0.710010,0.966232
254,15.500000,-0.194571,1.882139,-0.453986,0.113102,1.671061,-2.296271,-0.136462,1.042385,-1.158206,-0.968049,1.166354,-0.865112,1.604976,0.269943,0.695585,0.943583
255,15.520000,-0.208338,1.880100,-0.441335,0.135472,1.662812,-2.319095,-0.138862,1.034509,-1.166762,-0.960781,1.167790,-0.868299,1.639547,0.276468,0.706068,0.912769
256,15.540000,-0.193545,1.876394,-0.518429,0.178523,1.673790,-2.311153,-0.153178,1.019151,-1.155678,-0.952254,1.143509,-0.855913,1.603006,0.252767,0.661345,0.869336
257,15.560000,-0.165192,1.870811,-0.499478,0.171134,1.676452,-2.303743,-0.165118,1.010962,-1.172951,-0.951226,1.142119,-0.877971,1.578278,0.243341,0.643825,0.863663
258,15.580000,-0.132558,1.893128,-0.444849,0.158347,1.662340,-2.284118,-0.129149,1.009322,-1.176736,-0.957157,1.137225,-0.855258,1.579233,0.279010,0.685918,0.897448
259,15.600000,-0.130684,1.858381,-0.507345,0.176697,1.658152,-2.294261,-0.151125,0.991325,-1.162549,-0.943309,1.111348,-0.875568,1.550259,0.265615,0.637227,0.876412
260,15.620000,-0.131623,1.875265,-0.494442,0.175488,1.665413,-2.286068,-0.140867,0.989040,-1.158909,-0.945915,1.105336,-0.854618,1.536362,0.254138,0.643874,0.846521
261,15.640000,-0.108935,1.851299,-0.486566,0.150904,1.640724,-2.278628,-0.122482,0.988572,-1.160576,-0.900824,1.110037,-0.914467,1.508159,0.284590,0.617026,0.887361
262,15.660000,-0.113028,1.857268,-0.496000,0.159781,1.642007,-2.283417,-0.122175,0.980247,-1.155469,-0.928707,1.089229,-0.877102,1.476742,0.278574,0.589080,0.871135
263,15.680000,-0.126138,1.812338,-0.498290,0.145219,1.628110,-2.282204,-0.144352,0.971051,-1.196154,-0.814883,1.079000,-0.965960,1.442630,0.299844,0.592124,0.879740
264,15.700000,-0.130010,1.840366,-0.525250,0.169451,1.637388,-2.282508,-0.129557,0.965818,-1.153208,-0.872395,1.071488,-0.907746,1.382731,0.289486,0.544495,0.880021
265,15.720000,-0.115992,1.874372,-0.493512,0.161026,1.637630,-2.264849,-0.081163,0.969806,-1.159539,-0.889114,1.088349,-0.868663,1.376845,0.310147,0.582269,0.880070
266,15.740000,-0.124133,1.838010,-0.501792,0.163476,1.624528,-2.289902,-0.100204,0.976511,-1.179002,-0.859390,1.084279,-0.876852,1.433347,0.319634,0.614964,0.869523
267,15.760000,-0.114407,1.868305,-0.525238,0.183775,1.640684,-2.268197,-0.065069,0.986864,-1.138368,-0.904961,1.089963,-0.812038,1.443875,0.337008,0.621210,0.871971
268,15.780000,-0.104009,1.882089,-0.553376,0.187990,1.646848,-2.250716,-0.038541,0.987518,-1.117502,-0.933782,1.099748,-0.772606,1.453700,0.370414,0.618451,0.882934
269,15.800000,-0.093300,1.877072,-0.576044,0.185737,1.659844,-2.237123,-0.041863,0.998604,-1.090414,-0.939881,1.105258,-0.787680,1.465824,0.417259,0.610710,0.958195
270,15.820000,-0.073638,1.882811,-0.599454,0.181963,1.639153,-2.214146,-0.017971,0.987662,-1.069078,-0.950494,1.098521,-0.748570,1.435269,0.418642,0.567987,0.948794
271,15.840000,-0.073589,1.862605,-0.577234,0.169072,1.648028,-2.221616,-0.011489,1.015317,-1.079808,-0.905678,1.121592,-0.785211,1.489594,0.485619,0.603437,1.034379
272,15.860000,-0.110605,1.859973,-0.630703,0.197070,1.649350,-2.245834,-0.041943,0.993595,-1.040918,-0.926216,1.075140,-0.757251,1.428654,0.445994,0.526116,0.991009
273,15.880000,-0.128347,1.900680,-0.606780,0.188248,1.652010,-2.247440,-0.005789,1.005795,-1.028991,-0.916192,1.095603,-0.745362,1.444339,0.436221,0.551211,0.957792
274,15.900000,-0.122611,1.896926,-0.560553,0.167350,1.627260,-2.238376,-0.019233,0.993285,-1.034893,-0.901136,1.085876,-0.764280,1.428025,0.447678,0.559450,0.972220
275,15.920000,-0.096908,1.919540,-0.531761,0.162225,1.620315,-2.229977,0.035666,1.037044,-1.060339,-0.910417,1.121860,-0.708866,1.553899,0.494148,0.678624,1.011679
276,15.940000,-0.114194,1.847164,-0.581401,0.156818,1.603384,-2.249097,0.000284,1.046654,-1.124023,-0.796283,1.109529,-0.763687,1.617718,0.512954,0.746875,0.999883
277,15.960000,-0.133337,1.870325,-0.675499,0.193755,1.633580,-2.231229,0.008404,1.020073,-1.037905,-0.864398,1.080961,-0.707181,1.480059,0.453975,0.649937,0.930895
278,15.980000,-0.089166,1.904578,-0.641629,0.154924,1.630281,-2.201215,0.061766,1.040820,-1.031827,-0.890243,1.135742,-0.698018,1.434034,0.494964,0.647246,0.989068
279,16.000000,-0.094343,1.882275,-0.647805,0.137555,1.619789,-2.192438,0.039405,1.031432,-1.037136,-0.876876,1.114944,-0.696662,1.397899,0.507447,0.617734,1.025634
280,16.020000,-0.084633,1.874330,-0.714370,0.146580,1.609997,-2.165806,0.065409,1.021895,-1.025134,-0.889692,1.108893,-0.673798,1.356988,0.488719,0.567674,0.999197
281,16.040000,-0.091254,1.862977,-0.676710,0.118159,1.604433,-2.159286,0.056600,1.021626,-1.053162,-0.854222,1.111171,-0.706269,1.351203,0.506106,0.559270,1.031403
282,16.060000,-0.090550,1.863925,-0.696265,0.111538,1.588110,-2.139820,0.062708,1.011478,-1.080915,-0.834641,1.104234,-0.684343,1.331751,0.505804,0.558363,1.022797
283,16.080000,-0.113859,1.871424,-0.724690,0.113127,1.604728,-2.135605,0.061832,1.010058,-1.068435,-0.826976,1.105428,-0.691961,1.321699,0.534439,0.550544,1.054878
284,16.100000,-0.119471,1.853818,-0.718510,0.093910,1.594077,-2.106974,0.051284,1.003625,-1.094885,-0.772007,1.103039,-0.717957,1.273126,0.558021,0.541417,1.080097
285,16.120000,-0.134636,1.853371,-0.739964,0.085572,1.581374,-2.109104,0.070759,0.999248,-1.090155,-0.774986,1.106219,-0.704017,1.232564,0.567537,0.532497,1.080888
286,16.140000,-0.113001,1.864189,-0.719052,0.077283,1.572618,-2.087999,0.102874,1.021457,-1.140928,-0.754900,1.126170,-0.643103,1.315407,0.573817,0.639652,1.060701
287,16.160000,-0.140652,1.830868,-0.765958,0.071900,1.567639,-2.104438,0.072379,1.016102,-1.108435,-0.731814,1.101173,-0.692858,1.270056,0.573849,0.604474,1.045801
288,16.180000,-0.118517,1.859608,-0.753900,0.066746,1.583422,-2.062316,0.130212,1.038858,-1.087287,-0.745738,1.132884,-0.636796,1.287372,0.606772,0.630413,1.085554
289,16.200000,-0.120182,1.846074,-0.797951,0.058583,1.548099,-2.071584,0.131805,1.029550,-1.096011,-0.744461,1.111219,-0.622587,1.263228,0.582826,0.613821,1.025296
290,16.220000,-0.125522,1.847516,-0.766993,0.046573,1.550559,-2.063195,0.157865,1.045979,-1.049647,-0.739448,1.123621,-0.641608,1.283674,0.605581,0.638513,1.056472
291,16.240000,-0.128443,1.841278,-0.847823,0.056378,1.553334,-2.040866,0.156402,1.039248,-1.013542,-0.744525,1.109343,-0.633901,1.231110,0.602236,0.551274,1.060551
292,16.260000,-0.148961,1.852130,-0.848463,0.059485,1.559318,-2.018329,0.157118,1.038266,-1.010598,-0.713980,1.112102,-0.642348,1.216841,0.620622,0.530048,1.106683
293,16.280000,-0.159369,1.819718,-0.856642,0.056350,1.541687,-2.021267,0.124565,1.022313,-1.053238,-0.634331,1.092438,-0.699059,1.178360,0.617946,0.501129,1.121212
294,16.300000,-0.168124,1.833877,-0.844460,0.059617,1.538561,-2.021374,0.136284,1.019099,-1.044664,-0.641383,1.095061,-0.662354,1.181296,0.595426,0.501963,1.080742
295,16.320000,-0.160973,1.841581,-0.798647,0.054017,1.531103,-1.998201,0.127381,1.014714,-1.082023,-0.614554,1.073743,-0.652084,1.171895,0.598090,0.526043,1.063153
296,16.340000,-0.217608,1.784036,-0.852738,0.005340,1.436974,-2.044209,0.059626,0.998460,-1.185720,-0.400553,0.988131,-0.891071,1.126281,0.508927,0.589019,0.917758
297,16.360000,-0.169165,1.800162,-0.831720,0.034621,1.518861,-1.947793,0.072800,0.985016,-1.111104,-0.490276,1.019834,-0.785454,1.047521,0.494558,0.542875,0.962136
298,16.380000,-0.121611,1.831331,-0.781650,0.012814,1.510207,-1.913598,0.137196,0.994868,-1.079594,-0.530377,1.084954,-0.733655,1.038846,0.565459,0.533483,1.056824
299,16.400000,-0.134678,1.824500,-0.824892,0.024579,1.510564,-1.930210,0.124655,1.009487,-1.072148,-0.518683,1.088073,-0.740121,1.116473,0.619614,0.554779,1.154552
300,16.420000,-0.162742,1.844844,-0.882030,0.035280,1.513660,-1.920254,0.174940,1.030604,-1.031974,-0.525597,1.109174,-0.675771,1.186610,0.670465,0.595011,1.193416
301,16.440000,-0.179034,1.861892,-0.935136,0.052763,1.518670,-1.920090,0.217035,1.046409,-1.005424,-0.541705,1.131920,-0.616892,1.235178,0.718417,0.615744,1.214183
302,16.460000,-0.191266,1.843614,-0.990821,0.088083,1.513480,-1.937811,0.245826,1.049886,-0.986166,-0.577653,1.123898,-0.554089,1.250510,0.690173,0.606042,1.145638
303,16.480000,-0.167800,1.876612,-0.952292,0.076209,1.531204,-1.882670,0.280286,1.069870,-0.970720,-0.590016,1.146934,-0.518016,1.275588,0.711231,0.625791,1.164783
304,16.500000,-0.159288,1.866736,-0.939446,0.080945,1.502093,-1.895917,0.287775,1.054346,-0.942015,-0.604879,1.116229,-0.522156,1.252030,0.680092,0.581198,1.108044
305,16.520000,-0.288846,1.896197,-1.015054,0.240603,1.548397,-2.061402,0.220064,1.119164,-1.023636,-0.489418,1.163975,-0.511999,1.755958,0.707952,0.960486,1.186958
306,16.540000,-0.348511,1.946633,-1.020366,0.352289,1.590352,-2.162310,0.192567,1.177722,-1.014762,-0.528987,1.152323,-0.457127,2.091661,0.728544,1.200606,1.255912
307,16.560000,-0.406791,1.955827,-1.121478,0.504254,1.648835,-2.235561,0.140195,1.202196,-0.994324,-0.527648,1.168469,-0.456932,2.225893,0.783861,1.267442,1.313419
308,16.580000,-0.430605,2.015112,-1.128854,0.575283,1.665631,-2.272286,0.196689,1.234530,-0.863710,-0.607524,1.199451,-0.456504,2.247597,0.768785,1.260963,1.340411
309,16.600000,-0.404574,2.017014,-1.128047,0.589216,1.674486,-2.277451,0.203482,1.212543,-0.811302,-0.643980,1.190828,-0.547725,2.181441,0.723632,1.137790,1.351643
310,16.620000,-0.372918,2.020321,-1.034716,0.583275,1.675059,-2.270770,0.173744,1.223532,-0.783776,-0.639787,1.183639,-0.600598,2.163297,0.663589,1.068253,1.385454
311,16.640000,-0.358455,2.006650,-0.968857,0.575785,1.654941,-2.301269,0.111809,1.205364,-0.813154,-0.562217,1.160330,-0.734376,2.170535,0.613333,1.019162,1.408415
312,16.660000,-0.406939,1.962365,-1.152595,0.697736,1.713640,-2.368342,-0.115769,1.102837,-1.116901,-0.442544,1.121479,-0.903225,2.024653,0.612187,0.945336,1.460629
313,16.680000,-0.363478,1.997738,-0.982862,0.612036,1.692024,-2.340821,-0.056771,1.118028,-1.071638,-0.456920,1.152753,-0.842941,2.022933,0.589982,0.989923,1.445343
314,16.700000,-0.364938,1.976416,-0.905598,0.558740,1.668381,-2.391338,-0.102794,1.117937,-1.174609,-0.341858,1.160624,-0.919918,2.068224,0.566760,1.058509,1.364921
315,16.720000,-0.433073,1.934031,-1.181849,0.695006,1.772157,-2.436886,-0.259516,1.079583,-1.383176,-0.278497,1.160607,-0.994663,1.936191,0.595528,1.129086,1.445819
316,16.740000,-0.409439,1.959505,-1.117295,0.618799,1.761736,-2.431891,-0.165705,1.127273,-1.313110,-0.304765,1.199189,-0.917745,1.898824,0.583548,1.185900,1.417011
317,16.760000,-0.429721,1.891323,-1.204114,0.582360,1.742935,-2.496693,-0.206890,1.153321,-1.382800,-0.150755,1.208522,-1.033798,1.870610,0.556385,1.196573,1.352892
318,16.780000,-0.496795,1.896247,-1.385305,0.674789,1.838111,-2.526831,-0.260062,1.171092,-1.432371,-0.156974,1.214645,-1.040858,1.737834,0.540540,1.212071,1.379329
319,16.800000,-0.468974,1.892408,-1.375822,0.634717,1.843810,-2.534122,-0.199404,1.214974,-1.378336,-0.138790,1.257085,-1.024226,1.689744,0.547675,1.183669,1.403450
320,16.820000,-0.499449,1.894805,-1.461440,0.676278,1.894443,-2.621088,-0.255473,1.230228,-1.417295,-0.095645,1.295300,-1.063085,1.671183,0.559595,1.159122,1.438732
321,16.840000,-0.531348,1.886488,-1.508806,0.687862,1.922104,-2.647480,-0.253477,1.279816,-1.401843,-0.042750,1.305211,-1.099737,1.685942,0.555859,1.187713,1.473283
322,16.860000,-0.557039,1.886288,-1.598424,0.766999,1.991672,-2.747416,-0.334342,1.283510,-1.484297,0.011138,1.355470,-1.146505,1.674913,0.583910,1.183493,1.547316
323,16.880000,-0.645272,1.911325,-1.603558,0.745277,1.977074,-2.814283,-0.388623,1.330025,-1.525904,0.146728,1.286608,-1.284945,1.679476,0.535720,1.304953,1.424770
324,16.900000,-0.645304,1.946308,-1.606202,0.806702,2.060344,-2.844194,-0.366073,1.392010,-1.451656,0.092268,1.360659,-1.197390,1.731197,0.546054,1.361802,1.434051
325,16.920000,-0.639383,1.967481,-1.650216,0.856805,2.089874,-2.909964,-0.325478,1.452033,-1.326955,0.065536,1.413620,-1.197761,1.748145,0.564420,1.359660,1.497690
326,16.940000,-0.721948,1.982586,-1.744607,0.954577,2.166480,-2.971381,-0.456425,1.485206,-1.415321,0.115643,1.391413,-1.228640,1.789178,0.572156,1.448418,1.501217
327,16.960000,-0.707746,1.983955,-1.806906,1.011601,2.204545,-3.039015,-0.439889,1.508501,-1.323909,0.079410,1.466609,-1.242964,1.782694,0.610890,1.408775,1.608363
328,16.980000,-0.736555,1.978882,-1.839309,1.044583,2.222771,-3.106182,-0.460940,1.563546,-1.266468,0.188548,1.484667,-1.309082,1.802898,0.611369,1.362322,1.671615
329,17.000000,-0.789543,1.976577,-1.963015,1.119364,2.271100,-3.167788,-0.567420,1.525844,-1.427329,0.248458,1.512591,-1.379813,1.757902,0.620132,1.374218,1.724947
330,17.020000,-0.800012,1.993291,-1.928113,1.133080,2.282176,-3.206684,-0.514153,1.595038,-1.326956,0.288972,1.518714,-1.354100,1.755248,0.596790,1.411273,1.705676
331,17.040000,-0.859435,2.033372,-1.974574,1.142749,2.282109,-3.238301,-0.616991,1.622347,-1.403652,0.394803,1.472818,-1.473534,1.755003,0.581657,1.508475,1.589275
332,17.060000,-0.851067,2.019600,-2.052359,1.203207,2.342288,-3.263857,-0.562011,1.646157,-1.371875,0.389729,1.542460,-1.387025,1.717776,0.601532,1.555584,1.618948
333,17.080000,-0.939224,2.085488,-2.165663,1.251913,2.378776,-3.294958,-0.468131,1.692632,-1.522018,0.529373,1.661772,-1.119986,1.810935,0.627155,1.942286,1.519877
334,17.100000,-1.029991,2.058835,-2.342465,1.280823,2.355732,-3.284070,-0.324459,1.677284,-1.671701,0.688167,1.705851,-1.009157,1.860109,0.726208,2.337669,1.453472
335,17.120000,-1.123974,2.093441,-2.531247,1.409495,2.410382,-3.157142,-0.014941,1.729707,-1.661113,0.688825,1.811508,-0.651527,1.845756,0.908437,2.706535,1.501962
336,17.140000,-1.212603,2.048019,-2.708859,1.504279,2.382593,-3.081778,0.172161,1.742027,-1.600861,0.752271,1.734718,-0.864981,1.694259,1.123508,2.692540,1.557230
337,17.160000,-1.250599,1.967162,-2.849426,1.635241,2.458230,-3.040414,0.371411,1.768427,-1.479823,0.827204,1.795446,-0.871567,1.462601,1.287529,2.446896,1.802152
338,17.180000,-1.249758,1.997185,-2.894029,1.739006,2.502505,-3.039148,0.551206,1.875596,-1.318015,0.775089,1.848135,-0.775038,1.392486,1.380229,2.310634,2.000716
339,17.200000,-1.175514,1.997353,-2.866180,1.703591,2.448689,-3.123457,0.719054,1.917815,-1.191701,0.846129,1.800022,-0.958711,1.394971,1.308696,2.194895,2.045938
340,17.220000,-1.008833,2.041973,-2.799005,1.662550,2.421663,-3.205187,0.837680,1.985485,-1.049549,0.841272,1.777672,-1.010353,1.450097,1.148628,2.126117,2.010945
341,17.240000,-0.832521,2.080245,-2.726324,1.610624,2.370840,-3.281519,0.818657,2.004360,-1.064298,0.894814,1.701749,-1.166387,1.534337,0.952795,2.161359,1.890100
342,17.260000,-0.757020,2.102729,-2.730829,1.697273,2.366926,-3.354134,0.659141,2.030638,-1.191157,1.055490,1.631199,-1.290115,1.685663,0.816368,2.316193,1.816949
343,17.280000,-0.573012,2.152391,-2.706205,1.626524,2.318493,-3.410681,0.621519,2.016703,-1.197515,1.089143,1.617614,-1.379444,1.729754,0.728933,2.368310,1.771297
344,17.300000,-0.439476,2.154589,-2.761624,1.621544,2.310039,-3.395711,0.533818,2.000191,-1.271617,1.159575,1.617470,-1.431897,1.724167,0.723777,2.357682,1.786625
345,17.320000,-0.319376,2.154310,-2.814416,1.570165,2.275666,-3.406459,0.488754,1.978814,-1.300487,1.187658,1.626696,-1.472946,1.692682,0.737669,2.367472,1.845922
346,17.340000,-0.291869,2.066057,-2.962144,1.532023,2.209397,-3.408726,0.201345,1.792192,-1.731390,1.469733,1.569973,-1.660192,1.456472,0.746715,2.230331,1.845747
347,17.360000,-0.326973,2.074377,-3.020352,1.613627,2.262507,-3.347631,0.202446,1.841044,-1.644593,1.420616,1.606783,-1.525316,1.323847,0.783794,2.161320,1.880818
348,17.380000,-0.346304,2.038837,-3.137053,1.618635,2.224943,-3.386733,0.110198,1.772547,-1.831307,1.530814,1.647777,-1.528790,1.255147,0.844235,2.097823,1.925219
349,17.400000,-0.344213,2.049349,-3.136221,1.591865,2.232629,-3.334444,0.224778,1.837445,-1.720402,1.461918,1.668135,-1.410287,1.268701,0.864119,2.133047,1.915035
350,17.420000,-0.437946,2.063617,-3.200318,1.665933,2.257018,-3.317693,0.223943,1.861859,-1.746308,1.456735,1.688618,-1.320771,1.352950,0.930428,2.197190,1.892296
351,17.440000,-0.478506,2.078553,-3.227776,1.673815,2.246476,-3.286411,0.327904,1.913300,-1.654903,1.432626,1.682322,-1.301131,1.398708,0.981176,2.239543,1.900880
352,17.460000,-0.540841,2.102293,-3.245122,1.732280,2.276778,-3.278615,0.439386,1.927808,-1.547230,1.431257,1.739710,-1.300183,1.408335,1.120926,2.153676,2.038950
353,17.480000,-0.588599,2.124165,-3.278849,1.791962,2.303768,-3.205942,0.504833,1.981613,-1.502639,1.363401,1.760385,-1.186732,1.482320,1.180385,2.192350,2.090105
354,17.500000,-0.635283,2.120477,-3.293380,1.795058,2.260175,-3.211761,0.509483,1.952542,-1.568710,1.464980,1.716631,-1.310043,1.506611,1.228645,2.191214,2.110027
355,17.520000,-0.594458,2.156498,-3.269047,1.809768,2.296138,-3.176804,0.654035,2.001869,-1.437178,1.347410,1.773021,-1.172126,1.541349,1.258779,2.170905,2.137619
356,17.540000,-0.589149,2.170073,-3.267771,1.828366,2.289082,-3.153323,0.698207,2.004388,-1.460779,1.334773,1.787230,-1.148146,1.597479,1.269339,2.199642,2.133666
357,17.560000,-0.668720,2.138128,-3.323129,1.888823,2.268175,-3.112166,0.602942,1.992987,-1.560395,1.496512,1.723579,-1.296485,1.587691,1.289738,2.217593,2.205790
358,17.580000,-0.687536,2.154495,-3.345326,1.969442,2.308903,-3.107862,0.617096,1.990127,-1.569506,1.437236,1.768675,-1.146037,1.567237,1.301655,2.209089,2.199762
359,17.600000,-0.609417,2.167247,-3.329758,1.892961,2.284827,-3.107430,0.725139,1.974760,-1.495128,1.402999,1.827164,-1.145748,1.460778,1.353993,2.029478,2.239094
360,17.620000,-0.559487,2.118459,-3.342948,1.808265,2.252503,-3.076269,0.596284,1.884150,-1.649902,1.574859,1.786660,-1.374868,1.292989,1.413649,1.839260,2.343340
361,17.640000,-0.470631,2.130200,-3.287004,1.764869,2.291371,-3.051686,0.641744,1.881056,-1.631516,1.501642,1.841937,-1.283239,1.203108,1.419802,1.752908,2.388592
362,17.660000,-0.470442,2.124309,-3.304922,1.781540,2.324553,-3.079546,0.480587,1.820631,-1.800153,1.594167,1.872322,-1.297318,1.163678,1.485376,1.662540,2.435988
363,17.680000,-0.466083,2.120784,-3.285127,1.686249,2.325403,-3.132273,0.437721,1.773913,-1.840945,1.745829,1.881750,-1.478759,1.124828,1.605680,1.568539,2.565618
364,17.700000,-0.474167,2.091917,-3.314713,1.603212,2.337383,-3.143922,0.305730,1.673316,-2.007544,1.893807,1.886135,-1.577094,1.028564,1.736544,1.423132,2.599944
365,17.720000,-0.461478,2.127343,-3.247080,1.615881,2.370786,-3.139062,0.415654,1.713365,-1.991264,1.788747,1.908988,-1.448546,1.112995,1.678686,1.533407,2.478759
366,17.740000,-0.483884,2.162326,-3.262390,1.644731,2.369234,-3.137666,0.447971,1.749896,-2.017835,1.736572,1.944531,-1.325151,1.291888,1.631523,1.697231,2.367278
367,17.760000,-0.508959,2.173743,-3.299870,1.670707,2.379625,-3.106917,0.501368,1.755119,-2.031710,1.716236,1.944621,-1.279659,1.372240,1.619386,1.775725,2.309260
368,17.780000,-0.564622,2.179626,-3.363220,1.754201,2.407181,-3.030972,0.518383,1.774771,-2.037834,1.654467,1.969766,-1.154734,1.410499,1.651340,1.797071,2.297514
369,17.800000,-0.553927,2.181356,-3.366401,1.703197,2.391166,-3.003546,0.628860,1.763057,-1.993436,1.624340,1.991006,-1.177360,1.379156,1.710996,1.719422,2.342609
370,17.820000,-0.537641,2.186088,-3.346932,1.669755,2.405587,-2.959027,0.749699,1.765261,-1.936612,1.583153,2.044950,-1.154144,1.353458,1.798452,1.628077,2.456021
371,17.840000,-0.548175,2.192357,-3.334209,1.664082,2.415251,-2.932709,0.808013,1.774456,-1.930547,1.529224,2.065178,-1.108663,1.372141,1.829917,1.634757,2.505894
372,17.860000,-0.554487,2.194240,-3.331925,1.677239,2.423288,-2.904577,0.813604,1.781357,-1.963971,1.532111,2.060082,-1.109323,1.411074,1.845632,1.667852,2.553110
373,17.880000,-0.614505,2.186085,-3.366348,1.746906,2.417994,-2.954521,0.692621,1.772855,-2.042778,1.626160,2.024811,-1.188533,1.450358,1.853500,1.719038,2.595833
374,17.900000,-0.636823,2.209766,-3.346380,1.702757,2.392849,-2.942534,0.774395,1.783596,-1.997350,1.639697,2.003130,-1.257422,1.503465,1.897959,1.765817,2.599221
375,17.920000,-0.533186,2.232998,-3.199341,1.694320,2.502608,-3.002448,0.583098,1.835942,-1.655993,1.431331,1.888603,-1.464081,1.578313,2.171662,1.492226,2.736594
376,17.940000,-0.481083,2.250185,-3.085909,1.758982,2.517698,-3.149310,0.302620,1.968204,-1.331938,1.375951,1.839484,-1.711032,1.620365,2.129738,1.313517,2.972220
377,17.960000,-0.507363,2.247878,-3.018845,1.771923,2.499098,-3.282295,0.087389,1.934112,-1.444118,1.443826,1.862895,-1.765792,1.725528,1.974187,1.314724,3.054295
378,17.980000,-0.522049,2.284694,-2.949882,1.728828,2.473698,-3.297510,0.002538,1.933077,-1.487749,1.400709,1.854552,-1.673554,1.879546,1.832596,1.467490,2.910222
379,18.000000,-0.579209,2.230098,-3.023893,1.764600,2.424797,-3.385922,-0.281576,1.837503,-1.854709,1.618184,1.830441,-1.765995,1.958921,1.717967,1.665972,2.735261
380,18.020000,-0.568707,2.258405,-3.018711,1.722632,2.452940,-3.310316,-0.200185,1.844980,-1.839220,1.433137,1.876447,-1.589777,1.916207,1.658360,1.726435,2.557482
381,18.040000,-0.564787,2.154277,-3.121571,1.634927,2.428536,-3.319684,-0.431196,1.730737,-2.127492,1.565912,1.859120,-1.680812,1.602456,1.531973,1.500296,2.394017
382,18.060000,-0.466708,2.113501,-3.112415,1.570120,2.472183,-3.247185,-0.379494,1.741223,-2.020756,1.308470,1.892766,-1.598061,1.236061,1.439834,1.140048,2.402687
383,18.080000,-0.361857,2.096131,-3.050003,1.529541,2.489603,-3.222909,-0.380913,1.756535,-1.936803,0.987802,1.913854,-1.646051,0.976572,1.467552,0.734534,2.621076
384,18.100000,-0.238563,2.114131,-2.879872,1.464474,2.478740,-3.191648,-0.246376,1.804116,-1.866990,0.512507,1.903404,-1.681177,0.995324,1.586030,0.562317,2.947560
385,18.120000,-0.352006,2.096065,-2.792510,1.456705,2.454394,-3.332819,-0.401937,1.817179,-1.983003,0.733360,1.868331,-1.882964,1.156245,1.635322,0.679729,3.197520
386,18.140000,-0.371958,2.189933,-2.646073,1.469450,2.466744,-3.407110,-0.147754,1.904022,-1.907766,0.326611,1.946082,-1.621852,1.517521,1.455581,0.956711,3.025250
387,18.160000,-0.487141,2.252819,-2.670164,1.614887,2.457688,-3.479923,-0.058263,2.001610,-1.934797,0.122187,1.972055,-1.482549,1.908861,1.299570,1.374456,2.777678
388,18.180000,-0.499706,2.293108,-2.647522,1.731941,2.449398,-3.549408,-0.072954,2.047821,-1.935657,-0.102212,1.975988,-1.402211,2.113132,1.130476,1.618652,2.558366
389,18.200000,-0.568652,2.272568,-2.817271,1.780313,2.440414,-3.502645,-0.179917,2.048431,-2.023897,-0.130216,1.931712,-1.436341,2.087486,1.079476,1.640158,2.436944
390,18.220000,-0.656845,2.246473,-2.830563,1.991753,2.466755,-3.554937,-0.218651,2.107853,-1.882111,-0.290322,1.951616,-1.412468,2.079015,1.000125,1.661228,2.475492
391,18.240000,-0.743392,2.251022,-2.878019,2.083836,2.445302,-3.577630,-0.343711,2.129596,-1.904543,-0.354140,1.925338,-1.395016,2.048337,0.895179,1.698732,2.447062
392,18.260000,-0.747589,2.239305,-2.830050,2.157812,2.459723,-3.605157,-0.387818,2.114104,-1.880792,-0.522077,1.949554,-1.356738,2.009757,0.886418,1.660037,2.509041
393,18.280000,-0.781313,2.180440,-2.790159,2.181849,2.405944,-3.671858,-0.645478,2.063328,-1.918736,-0.305221,1.877624,-1.593161,1.933420,0.827003,1.571502,2.608921
394,18.300000,-0.765208,2.183755,-2.691524,2.100772,2.400176,-3.675856,-0.582271,2.057788,-1.798970,-0.367726,1.885429,-1.587304,1.881977,0.766793,1.480970,2.632930
395,18.320000,-0.791539,2.185165,-2.644013,2.014532,2.377533,-3.683815,-0.620448,2.033702,-1.803145,-0.327944,1.867808,-1.624146,1.832591,0.723741,1.453828,2.591624
396,18.340000,-0.794720,2.122347,-2.651092,1.810319,2.330604,-3.649279,-0.778610,1.965104,-1.997163,-0.026391,1.768590,-1.756599,1.678742,0.708985,1.466268,2.495147
397,18.360000,-0.794559,2.119205,-2.578087,1.793687,2.357215,-3.699650,-0.743201,1.950476,-1.963712,-0.043510,1.778919,-1.728228,1.579555,0.678265,1.459963,2.430066
398,18.380000,-0.861494,2.074790,-2.659000,1.870136,2.363019,-3.759994,-0.988235,1.913823,-2.206688,0.164657,1.724621,-1.793566,1.476602,0.640220,1.574646,2.350487
399,18.400000,-0.776924,2.056588,-2.617903,1.688413,2.351599,-3.761286,-0.882549,1.897005,-2.150476,0.164700,1.765077,-1.730984,1.357806,0.569453,1.495154,2.271125
400,18.420000,-0.760260,2.036721,-2.638471,1.551213,2.343401,-3.760957,-0.864920,1.886060,-2.135519,0.312846,1.766969,-1.771481,1.211822,0.532377,1.375166,2.222296
401,18.440000,-0.776366,1.926777,-2.784554,1.406213,2.314102,-3.753776,-1.133389,1.818579,-2.358160,0.723136,1.656412,-1.949892,0.951006,0.477553,1.369743,2.169512
402,18.460000,-0.777182,1.940132,-2.832748,1.394619,2.376934,-3.740342,-1.028926,1.830698,-2.395612,0.638770,1.702497,-1.768544,0.835232,0.439965,1.358138,2.057727
403,18.480000,-0.801504,1.926124,-2.875116,1.310350,2.335879,-3.775229,-1.033849,1.825377,-2.352042,0.871054,1.705058,-1.860782,0.722742,0.460352,1.257770,2.070467
404,18.500000,-0.730220,1.881434,-2.937078,1.296041,2.362149,-3.809328,-1.105511,1.824102,-2.416374,0.937335,1.716652,-1.822941,0.663515,0.442502,1.251754,2.063379
405,18.520000,-0.762029,1.914516,-2.950883,1.249947,2.359655,-3.808219,-0.986737,1.835980,-2.322667,0.982803,1.741925,-1.813209,0.634806,0.455969,1.174693,2.072553
406,18.540000,-0.703007,1.923872,-2.944730,1.218359,2.365739,-3.834351,-0.962607,1.868163,-2.326437,0.972676,1.759736,-1.737881,0.711580,0.438959,1.209907,2.009210
407,18.560000,-0.653544,1.971142,-2.927041,1.172840,2.370136,-3.835823,-0.839572,1.890905,-2.249491,0.882545,1.778798,-1.663739,0.796396,0.429542,1.232212,1.926329
408,18.580000,-0.641062,2.010520,-2.913361,1.209506,2.397073,-3.846990,-0.787629,1.925083,-2.183970,0.809192,1.796747,-1.616700,0.898048,0.438755,1.249454,1.887110
409,18.600000,-0.637893,2.049024,-2.927534,1.235534,2.413101,-3.863753,-0.727867,1.941800,-2.093477,0.718092,1.808286,-1.580843,0.961467,0.455865,1.233171,1.877407
410,18.620000,-0.700643,2.088716,-2.934927,1.355123,2.446461,-3.887143,-0.711278,1.963653,-2.009064,0.674539,1.820766,-1.571404,1.041867,0.507259,1.225009,1.927300
411,18.640000,-0.703959,2.120939,-2.927245,1.395788,2.460440,-3.901375,-0.657766,1.990730,-1.916924,0.546678,1.838926,-1.501181,1.125054,0.527878,1.233751,1.952783
412,18.660000,-0.801769,2.135643,-2.965404,1.581392,2.487799,-3.943044,-0.714174,1.998380,-1.879438,0.583009,1.840842,-1.549694,1.185129,0.582440,1.243958,2.051238
413,18.680000,-0.801973,2.165553,-2.940356,1.586507,2.482821,-3.944873,-0.669260,2.023137,-1.824899,0.473729,1.847103,-1.466138,1.254446,0.565482,1.292912,2.025027
414,18.700000,-0.815022,2.160185,-2.968427,1.719290,2.492699,-3.990737,-0.768320,2.010855,-1.868058,0.446754,1.854495,-1.466500,1.308578,0.553569,1.336330,2.011993
415,18.720000,-0.819094,2.180568,-2.954900,1.684061,2.469239,-3.954149,-0.732820,2.023164,-1.826009,0.416423,1.824803,-1.460842,1.304545,0.526444,1.346914,1.958686
416,18.740000,-0.818313,2.206754,-2.929675,1.687525,2.491426,-3.926157,-0.644495,2.042278,-1.743598,0.286846,1.871299,-1.353924,1.338667,0.543650,1.337538,1.944868
417,18.760000,-0.842377,2.167779,-2.977283,1.640512,2.443845,-3.908895,-0.777555,1.988412,-1.850618,0.442165,1.762943,-1.521744,1.229481,0.536445,1.324595,1.897519
418,18.780000,-0.830483,2.179883,-2.950094,1.654185,2.477647,-3.905141,-0.685981,2.001057,-1.765990,0.302651,1.816641,-1.397305,1.197224,0.527453,1.282205,1.897215
419,18.800000,-0.826477,2.183346,-2.927000,1.684362,2.467689,-3.956454,-0.692873,2.012757,-1.745739,0.290213,1.839311,-1.388970,1.232785,0.514102,1.295107,1.929361
420,18.820000,-0.838948,2.178374,-2.948541,1.686894,2.478908,-3.917941,-0.721631,2.004918,-1.822412,0.264871,1.820322,-1.356828,1.282647,0.509614,1.360646,1.926111
421,18.840000,-0.836554,2.158104,-2.953852,1.738884,2.473341,-3.979223,-0.814609,1.981005,-1.816396,0.342365,1.826472,-1.428813,1.262332,0.510237,1.347861,2.016219
422,18.860000,-0.891974,2.136511,-3.023792,1.694366,2.446226,-3.912780,-0.921949,1.949315,-1.965895,0.480526,1.729232,-1.503337,1.157253,0.508134,1.348370,1.925997
423,18.880000,-0.889846,2.147018,-2.993438,1.662168,2.460326,-3.910874,-0.785181,1.967338,-1.803605,0.408326,1.801457,-1.425385,1.097041,0.526371,1.275871,1.951391
424,18.900000,-0.899271,2.166618,-3.006847,1.712537,2.465713,-3.930564,-0.756565,1.998866,-1.822611,0.357791,1.827201,-1.347114,1.113488,0.527318,1.311546,1.929390
425,18.920000,-0.926805,2.139305,-3.016625,1.690307,2.452023,-3.925400,-0.761303,1.986411,-1.805387,0.473861,1.801569,-1.438502,1.109578,0.545935,1.313234,2.019574
426,18.940000,-0.892226,2.155332,-3.004928,1.688250,2.464850,-3.940494,-0.729253,1.993440,-1.781053,0.406019,1.828167,-1.356838,1.101358,0.540075,1.290464,2.006574
427,18.960000,-0.887627,2.144639,-3.035463,1.638839,2.441094,-3.916861,-0.750172,1.976534,-1.825137,0.467416,1.790550,-1.407237,1.067837,0.529194,1.283807,1.961572
428,18.980000,-0.858134,2.136697,-3.016655,1.654194,2.446556,-3.944456,-0.759279,1.976819,-1.813407,0.468223,1.808524,-1.394098,1.075549,0.517663,1.293629,1.971894
429,19.000000,-0.950212,2.123940,-3.115712,1.720354,2.443869,-3.880167,-0.910268,1.954116,-2.015549,0.575459,1.714727,-1.457204,1.049945,0.539852,1.381790,1.881393
430,19.020000,-0.919669,2.101924,-3.091896,1.755482,2.444892,-3.948475,-0.931124,1.943566,-1.933226,0.608940,1.770231,-1.464980,1.006589,0.539982,1.338535,1.963475
431,19.040000,-0.924448,2.145514,-3.085004,1.762091,2.447527,-3.943640,-0.816894,1.992083,-1.887918,0.505924,1.811090,-1.335023,1.043386,0.529819,1.334263,1.902115
432,19.060000,-0.976127,2.098775,-3.133070,1.810270,2.429350,-3.968291,-0.937218,1.959596,-1.905538,0.703884,1.777846,-1.517503,1.029558,0.542215,1.332614,2.036169
433,19.080000,-0.918139,2.140071,-3.088023,1.756761,2.444891,-3.940614,-0.774624,1.999953,-1.794306,0.534290,1.819887,-1.350212,1.018787,0.527791,1.298384,1.993408
434,19.100000,-0.946608,2.137833,-3.105303,1.717937,2.423929,-3.909846,-0.761982,1.995654,-1.787971,0.644965,1.784011,-1.452543,1.007472,0.563036,1.268127,2.009808
435,19.120000,-0.883810,2.160431,-3.057990,1.679748,2.435509,-3.918273,-0.661051,2.016911,-1.727094,0.525398,1.813264,-1.337327,1.030666,0.536589,1.292065,1.957205
436,19.140000,-0.869808,2.142231,-3.102846,1.614918,2.404124,-3.875161,-0.739763,1.975453,-1.832483,0.627912,1.729014,-1.455431,0.966824,0.542005,1.272536,1.886669
437,19.160000,-0.839178,2.148139,-3.073247,1.623213,2.431662,-3.883664,-0.673509,1.984414,-1.762875,0.553771,1.783191,-1.381722,0.966716,0.549426,1.244762,1.912186
438,19.180000,-0.840110,2.176028,-3.077197,1.638060,2.435998,-3.902762,-0.597209,2.017226,-1.728765,0.470986,1.831283,-1.282519,1.035052,0.563833,1.261336,1.916824
439,19.200000,-0.861192,2.127615,-3.139223,1.718917,2.435821,-3.928905,-0.790439,1.967425,-1.864518,0.639774,1.793707,-1.429968,1.055586,0.582779,1.305549,2.037286
440,19.220000,-0.865721,2.166872,-3.110356,1.708998,2.445426,-3.926338,-0.661648,2.007648,-1.780061,0.502810,1.833403,-1.276319,1.100920,0.580233,1.317719,1.999437
441,19.240000,-0.937638,2.154337,-3.172072,1.742248,2.435942,-3.880697,-0.692391,1.996011,-1.806255,0.629856,1.803981,-1.393370,1.075775,0.644428,1.284860,2.051807
442,19.260000,-0.899737,2.168114,-3.142095,1.724543,2.449915,-3.885008,-0.609455,2.008570,-1.760306,0.519342,1.841563,-1.275837,1.061617,0.643014,1.295702,2.035052
443,19.280000,-0.900694,2.144415,-3.173852,1.675498,2.416258,-3.834313,-0.699153,1.970705,-1.889492,0.620615,1.753180,-1.387309,0.992913,0.638546,1.290049,1.949247
444,19.300000,-0.867665,2.136261,-3.153860,1.706139,2.434219,-3.864717,-0.685612,1.976370,-1.841298,0.579180,1.802030,-1.339613,0.975422,0.630935,1.275954,1.984933
445,19.320000,-0.879581,2.173798,-3.126992,1.710072,2.429403,-3.880050,-0.591203,2.018368,-1.798890,0.499726,1.836858,-1.242348,1.052768,0.610746,1.315319,1.938940
446,19.340000,-0.868718,2.168114,-3.128668,1.688860,2.433697,-3.859128,-0.574033,2.013845,-1.786537,0.495655,1.837167,-1.263598,1.110453,0.624409,1.339677,1.980621
447,19.360000,-0.855053,2.182367,-3.120418,1.700142,2.441160,-3.863432,-0.538074,2.024115,-1.749464,0.430779,1.851155,-1.220032,1.126378,0.634152,1.331605,1.991523
448,19.380000,-0.866872,2.176258,-3.127904,1.700447,2.437460,-3.845826,-0.557723,2.014084,-1.763418,0.476165,1.828858,-1.276482,1.128157,0.652737,1.325045,2.042331
449,19.400000,-0.852654,2.179121,-3.114900,1.713689,2.444367,-3.860012,-0.565046,2.008433,-1.756853,0.438889,1.845347,-1.245828,1.132882,0.653331,1.324925,2.061666
450,19.420000,-0.967088,2.156041,-3.197587,1.847235,2.446479,-3.837802,-0.713356,1.996467,-1.924078,0.565404,1.777002,-1.336349,1.137788,0.683436,1.411018,2.056798
451,19.440000,-0.917008,2.139462,-3.165406,1.879433,2.435303,-3.910786,-0.790908,1.975826,-1.889179,0.581783,1.799874,-1.357956,1.095898,0.639343,1.402162,2.095234
452,19.460000,-0.960117,2.113785,-3.221782,1.840968,2.401752,-3.835547,-0.867306,1.947291,-2.004085,0.762141,1.712839,-1.479529,0.976879,0.654218,1.344490,2.040024
453,19.480000,-0.923354,2.098207,-3.193965,1.837559,2.407408,-3.873783,-0.872566,1.954043,-1.929898,0.746184,1.764495,-1.443646,0.927219,0.611085,1.333511,2.068372
454,19.500000,-0.905534,2.104377,-3.200529,1.743295,2.369408,-3.825497,-0.857299,1.947546,-1.987531,0.792842,1.704071,-1.471129,0.847948,0.577662,1.315779,1.936807
455,19.520000,-0.849781,2.122890,-3.147886,1.664607,2.390177,-3.805751,-0.700046,1.982721,-1.859805,0.682516,1.775187,-1.361365,0.881522,0.578905,1.299888,1.941219
456,19.540000,-0.849665,2.113415,-3.188106,1.613179,2.357767,-3.792600,-0.743298,1.964582,-1.918367,0.762500,1.709018,-1.458623,0.829675,0.584491,1.277062,1.890487
457,19.560000,-0.884046,2.131968,-3.198583,1.714862,2.425211,-3.776117,-0.688490,1.998172,-1.921343,0.625473,1.765036,-1.303385,0.928168,0.616211,1.359231,1.889150
458,19.580000,-0.861785,2.176679,-3.159132,1.716918,2.416956,-3.840380,-0.575135,2.034961,-1.773930,0.533577,1.824440,-1.234785,1.029248,0.631112,1.352763,1.928879
459,19.600000,-0.900873,2.183417,-3.213371,1.809454,2.453109,-3.805964,-0.592164,2.047631,-1.827253,0.496252,1.834489,-1.204329,1.131778,0.687511,1.399510,1.984244
460,19.620000,-0.882426,2.175057,-3.200356,1.854333,2.438139,-3.880436,-0.665508,2.034480,-1.778581,0.514881,1.842438,-1.262311,1.168577,0.671982,1.409517,2.080046
461,19.640000,-0.923632,2.194549,-3.233400,1.892012,2.439342,-3.829690,-0.673963,2.039120,-1.837885,0.474853,1.805677,-1.228045,1.187056,0.679860,1.420894,2.007243
462,19.660000,-0.886692,2.211289,-3.184027,1.831991,2.436951,-3.819884,-0.542268,2.061873,-1.675940,0.392640,1.859066,-1.189188,1.183326,0.699257,1.362404,2.058114
463,19.680000,-0.919533,2.185535,-3.244262,1.841664,2.411941,-3.777456,-0.704267,2.011691,-1.878793,0.528114,1.751273,-1.314422,1.100912,0.717162,1.379794,2.002165
464,19.700000,-0.861945,2.196740,-3.150226,1.759418,2.416304,-3.792478,-0.553963,2.030004,-1.716739,0.428276,1.806656,-1.233244,1.082874,0.684966,1.348404,2.012019
465,19.720000,-0.885795,2.218579,-3.164513,1.849430,2.429264,-3.818014,-0.586078,2.052858,-1.776936,0.395842,1.823847,-1.179410,1.157569,0.683357,1.416033,1.985139
466,19.740000,-0.844843,2.201324,-3.151638,1.753782,2.406974,-3.799926,-0.558699,2.037060,-1.736091,0.441275,1.810557,-1.244941,1.166915,0.671464,1.419240,2.048929
467,19.760000,-0.828748,2.177799,-3.175443,1.829255,2.414721,-3.850983,-0.719724,2.001504,-1.836344,0.515108,1.804184,-1.298530,1.135309,0.665425,1.405682,2.104151
468,19.780000,-0.837997,2.176454,-3.172858,1.741806,2.382560,-3.817617,-0.677290,2.003101,-1.802036,0.573107,1.768199,-1.337274,1.088091,0.640718,1.382735,2.079239
469,19.800000,-0.824326,2.156454,-3.195828,1.777031,2.387304,-3.848221,-0.759587,1.979388,-1.839704,0.635130,1.796025,-1.359859,1.048547,0.649126,1.348311,2.131313
470,19.820000,-0.835693,2.160036,-3.196423,1.712210,2.364360,-3.823851,-0.703460,1.987347,-1.846158,0.664868,1.761688,-1.361443,0.999329,0.630567,1.357179,2.063910
471,19.840000,-0.810315,2.174843,-3.181035,1.672607,2.380560,-3.797467,-0.590949,2.006485,-1.778340,0.581684,1.816836,-1.262904,1.009448,0.661138,1.333188,2.051988
472,19.860000,-0.887620,2.164829,-3.259680,1.781861,2.398864,-3.766265,-0.687885,2.002790,-1.934338,0.642805,1.771491,-1.291886,1.022774,0.707742,1.430630,2.025093
473,19.880000,-0.840769,2.173037,-3.221765,1.741391,2.404934,-3.784089,-0.567208,2.015896,-1.825699,0.546954,1.827743,-1.200801,1.026198,0.721575,1.398901,2.049389
474,19.900000,-0.898394,2.165349,-3.275801,1.815284,2.409744,-3.762533,-0.649101,2.006905,-1.954528,0.607231,1.787365,-1.243409,1.041554,0.763708,1.422505,2.020128
475,19.920000,-0.859983,2.171840,-3.236247,1.769072,2.412536,-3.765236,-0.544937,2.024708,-1.831287,0.526917,1.830576,-1.186840,1.050886,0.756301,1.407753,2.056325
476,19.940000,-0.946442,2.131043,-3.340917,1.850281,2.391407,-3.737314,-0.751777,1.974552,-2.033466,0.750446,1.729194,-1.375578,0.965083,0.805825,1.386442,2.070451
477,19.960000,-0.879257,2.149253,-3.252668,1.767405,2.401299,-3.743627,-0.587532,1.999789,-1.858308,0.623721,1.801073,-1.256068,0.930711,0.768788,1.333838,2.082118
478,19.980000,-0.848563,2.176715,-3.221021,1.770181,2.403023,-3.764177,-0.547917,2.023532,-1.860278,0.577301,1.834096,-1.189056,0.992935,0.753008,1.352921,2.045586
479,20.000000,-0.796382,2.180622,-3.173751,1.685565,2.388738,-3.757931,-0.486617,2.038861,-1.798258,0.556336,1.822270,-1.214227,1.066316,0.708159,1.411537,2.054324
480,20.020000,-0.782212,2.188967,-3.177125,1.709695,2.386877,-3.794046,-0.525361,2.027972,-1.795135,0.567418,1.816760,-1.243383,1.095312,0.694869,1.410671,2.060584
481,20.040000,-0.770992,2.198748,-3.164312,1.661892,2.379970,-3.775134,-0.485447,2.032801,-1.765864,0.553956,1.800085,-1.247101,1.108305,0.675911,1.409749,2.039612
482,20.060000,-0.751084,2.195412,-3.165302,1.679435,2.385070,-3.792346,-0.516239,2.017095,-1.761570,0.559156,1.814411,-1.258313,1.112409,0.688571,1.390584,2.080085
483,20.080000,-0.816768,2.195535,-3.229367,1.786698,2.409167,-3.758194,-0.579038,2.026058,-1.862621,0.543890,1.796495,-1.228114,1.144848,0.715979,1.469027,2.066010
484,20.100000,-0.786013,2.175211,-3.215516,1.813004,2.392259,-3.826730,-0.670692,2.000478,-1.859794,0.608095,1.809439,-1.286253,1.133970,0.706476,1.459847,2.139615
485,20.120000,-0.792549,2.186936,-3.226672,1.794660,2.395689,-3.779665,-0.611901,2.013551,-1.852212,0.573368,1.812571,-1.236028,1.112744,0.721646,1.421860,2.111869
486,20.140000,-0.797540,2.160912,-3.246118,1.816682,2.384034,-3.815735,-0.699041,1.996801,-1.866727,0.651502,1.819529,-1.304007,1.094132,0.713948,1.419701,2.173397
487,20.160000,-0.792434,2.177361,-3.229449,1.769168,2.376219,-3.788221,-0.607568,2.010486,-1.844084,0.610963,1.809408,-1.253549,1.069165,0.700783,1.411162,2.113230
488,20.180000,-0.779103,2.165466,-3.211737,1.770297,2.360362,-3.830296,-0.665299,1.998613,-1.860854,0.663218,1.804562,-1.305152,1.077804,0.672539,1.424252,2.105153
489,20.200000,-0.778237,2.178392,-3.205170,1.731764,2.357729,-3.793468,-0.587170,2.008113,-1.833426,0.656067,1.783599,-1.299332,1.062090,0.659904,1.421090,2.060874
490,20.220000,-0.819754,2.161561,-3.256044,1.870165,2.386527,-3.806947,-0.732904,2.001338,-1.949969,0.665440,1.788273,-1.286950,1.094354,0.677282,1.497516,2.060350
491,20.240000,-0.812735,2.172935,-3.241062,1.819528,2.367784,-3.798493,-0.623154,2.009361,-1.860309,0.685999,1.781762,-1.309499,1.058895,0.684649,1.445867,2.076501
492,20.260000,-0.776334,2.189632,-3.223089,1.770795,2.393645,-3.748242,-0.540105,2.026090,-1.824725,0.585970,1.830280,-1.202320,1.059045,0.728975,1.396525,2.071642
493,20.280000,-0.778365,2.180374,-3.228911,1.736646,2.381095,-3.741450,-0.501078,2.013855,-1.787946,0.647127,1.802220,-1.284193,1.021393,0.747223,1.372254,2.121608
494,20.300000,-0.730344,2.193260,-3.195115,1.690827,2.391629,-3.736172,-0.439916,2.030710,-1.767886,0.566173,1.829182,-1.199768,1.036448,0.745811,1.369647,2.109937
495,20.320000,-0.749863,2.178883,-3.224218,1.701217,2.382702,-3.748803,-0.479965,2.007047,-1.805168,0.671701,1.798665,-1.297460,1.027772,0.765944,1.359571,2.158079
496,20.340000,-0.717066,2.196567,-3.188915,1.661960,2.388760,-3.744183,-0.414786,2.024760,-1.779239,0.598023,1.827843,-1.210113,1.054150,0.756260,1.373951,2.127110
497,20.360000,-0.778995,2.185630,-3.256803,1.798932,2.407105,-3.752196,-0.570599,2.006495,-1.955520,0.616030,1.798106,-1.214102,1.113941,0.764064,1.491653,2.063315
498,20.380000,-0.737777,2.203642,-3.209487,1.753387,2.395428,-3.763491,-0.460967,2.027621,-1.839132,0.548706,1.826469,-1.179218,1.128245,0.750708,1.478497,2.058658
499,20.400000,-0.740354,2.173993,-3.253794,1.810870,2.387841,-3.780410,-0.647041,1.988303,-1.948424,0.658959,1.798835,-1.288162,1.102871,0.753024,1.460394,2.102091
500,20.420000,-0.736457,2.193390,-3.201888,1.748741,2.381757,-3.768470,-0.505452,2.021726,-1.824236,0.579990,1.810404,-1.218686,1.113498,0.715532,1.464995,2.069310
501,20.440000,-0.737946,2.169674,-3.243713,1.793446,2.371057,-3.792531,-0.655109,1.991396,-1.890738,0.686101,1.786623,-1.325860,1.082459,0.710478,1.440319,2.121316
502,20.460000,-0.715949,2.188042,-3.211337,1.731760,2.370036,-3.770149,-0.518253,2.015803,-1.793517,0.602087,1.804507,-1.247293,1.059747,0.694824,1.413813,2.094165
503,20.480000,-0.718325,2.196746,-3.215993,1.698269,2.374459,-3.729180,-0.494319,2.020047,-1.806766,0.587868,1.811202,-1.224223,1.070143,0.728612,1.398428,2.094289
504,20.500000,-0.703825,2.205257,-3.186607,1.670941,2.370819,-3.746642,-0.432937,2.022032,-1.773097,0.576942,1.810145,-1.220397,1.078704,0.729772,1.425245,2.088410
505,20.520000,-0.693454,2.204176,-3.203128,1.646748,2.371723,-3.724649,-0.418404,2.018172,-1.773896,0.564056,1.811833,-1.214088,1.070702,0.748137,1.397849,2.094881
506,20.540000,-0.765285,2.192862,-3.252838,1.780067,2.401495,-3.726905,-0.509771,2.018403,-1.889564,0.584501,1.803013,-1.204967,1.117552,0.781363,1.482473,2.099217
507,20.560000,-0.734755,2.200155,-3.224299,1.720345,2.382072,-3.734101,-0.465047,2.014270,-1.843960,0.570707,1.810581,-1.200105,1.107656,0.774048,1.460889,2.101510
508,20.580000,-0.756742,2.188578,-3.250138,1.765434,2.390906,-3.728663,-0.496808,2.002478,-1.877100,0.640070,1.811925,-1.237105,1.089752,0.807244,1.426247,2.146685
509,20.600000,-0.746058,2.189126,-3.236371,1.714591,2.380528,-3.717487,-0.466988,2.008008,-1.846019,0.625962,1.806871,-1.227648,1.057004,0.780767,1.428443,2.137707
510,20.620000,-0.719860,2.173677,-3.241118,1.736826,2.385264,-3.731537,-0.523858,1.985101,-1.878541,0.690184,1.806166,-1.276107,1.019766,0.777181,1.402216,2.176957
511,20.640000,-0.745247,2.181364,-3.253131,1.773458,2.394722,-3.690085,-0.581023,1.996243,-1.975516,0.684578,1.787492,-1.244634,1.046715,0.771278,1.485450,2.147821
512,20.660000,-0.672802,2.171484,-3.197834,1.718047,2.381183,-3.707141,-0.618984,1.966680,-1.986300,0.763676,1.786856,-1.312998,1.022667,0.751956,1.473356,2.201015
513,20.680000,-0.624039,2.153024,-3.176840,1.633499,2.365012,-3.656387,-0.640216,1.947943,-2.048474,0.890824,1.756231,-1.401322,0.942626,0.749453,1.421793,2.258371
514,20.700000,-0.537395,2.122930,-3.143682,1.559258,2.365919,-3.615371,-0.730315,1.915646,-2.148196,0.976404,1.750416,-1.444086,0.882680,0.732333,1.444132,2.318446
515,20.720000,-0.466226,2.123550,-3.089460,1.470273,2.365680,-3.532474,-0.737189,1.902698,-2.277457,1.086380,1.747724,-1.436717,0.982483,0.788109,1.646368,2.385045
516,20.740000,-0.710578,2.152594,-3.191699,1.670747,2.369319,-3.327729,-0.980943,1.920136,-2.638791,1.586129,1.703316,-1.441036,1.790465,1.220026,2.776768,2.615965
517,20.760000,-0.810442,2.099494,-3.243565,1.887182,2.318436,-3.269525,-1.193268,1.890562,-2.733703,1.713362,1.612890,-1.383259,2.132480,1.397821,3.151658,2.493447
518,20.780000,-0.761533,2.042669,-3.225230,2.034461,2.264777,-3.273714,-1.380540,1.905576,-2.777607,1.889925,1.542832,-1.521689,1.995580,1.316937,3.050174,2.316085
519,20.800000,-0.710080,1.921089,-3.172056,2.145304,2.176349,-3.201904,-1.671875,1.896352,-2.879390,2.149825,1.406151,-1.832059,1.723326,1.243944,2.828433,2.357566
520,20.820000,-0.705054,1.846105,-3.044697,2.255146,2.083437,-3.121258,-1.929191,1.880638,-2.955162,2.379422,1.280623,-2.142458,1.414321,1.271341,2.643234,2.461883
521,20.840000,-0.565955,1.838467,-2.779799,2.247873,1.996894,-3.010939,-2.084306,1.862492,-3.013307,2.548923,1.233381,-2.336869,1.261499,1.430063,2.564408,2.603389
522,20.860000,-0.231223,1.873043,-2.262267,2.130514,1.929940,-2.858285,-2.030581,1.847556,-3.032792,2.519485,1.280635,-2.349440,1.342370,1.648197,2.594675,2.676147
523,20.880000,0.382622,1.704449,-1.790825,1.570750,1.819810,-2.490802,-1.926181,1.841996,-3.144067,2.429826,1.306749,-2.281023,1.451516,1.831776,2.537160,2.621482
524,20.900000,1.653408,1.211107,-1.367878,0.256308,1.379211,-2.131303,-1.901699,1.821671,-3.302933,2.600350,1.317086,-2.347055,1.407661,1.889419,2.371847,2.538950
525,20.920000,2.922074,0.864886,-0.989340,-0.865654,0.913156,-1.736971,-1.859804,1.753337,-3.385305,2.520875,1.348310,-2.361950,0.833160,2.020265,2.043929,2.619717
526,20.940000,3.627584,0.747991,-1.052809,-1.447412,0.627011,-1.762171,-1.781430,1.782466,-3.467264,2.478156,1.321889,-2.309378,0.585550,2.014288,1.843532,2.584563
527,20.960000,3.919423,0.812199,-1.251536,-1.744521,0.439855,-1.947241,-1.705302,1.834242,-3.460976,2.469805,1.286925,-2.165755,0.886364,2.081500,1.860136,2.473495
528,20.980000,3.934154,1.056848,-1.401866,-1.570051,0.675853,-1.787462,-1.724795,1.850112,-3.390420,2.482480,1.257297,-2.010185,1.626245,2.377475,2.155294,2.385900
529,21.000000,3.939636,1.188983,-1.456178,-1.302631,0.878136,-1.777106,-1.642769,1.897791,-3.281887,2.335266,1.352043,-1.776521,2.256261,2.587402,2.502770,2.395635
530,21.020000,3.900459,1.310091,-1.510815,-0.968465,1.052728,-1.704864,-1.734328,1.949793,-3.174089,2.266227,1.378215,-1.620929,2.702992,2.800583,2.843248,2.534645
531,21.040000,3.921243,1.239464,-1.533812,-0.743462,1.086959,-1.788450,-2.029402,1.872892,-3.241716,2.406096,1.272429,-1.755073,2.749864,2.748366,2.879642,2.549019
532,21.060000,3.958682,1.195224,-1.513954,-0.645727,1.060450,-1.876757,-2.265592,1.737775,-3.344326,2.537726,1.143401,-1.918775,2.506772,2.643784,2.645311,2.518283
533,21.080000,4.002509,1.137839,-1.442089,-0.641933,1.040961,-1.916768,-2.242149,1.661781,-3.337785,2.494767,1.128723,-1.934480,2.279040,2.566610,2.478055,2.505861
534,21.100000,4.004994,1.091867,-1.332104,-0.690286,0.951989,-2.012006,-2.370347,1.472068,-3.475370,2.637486,0.994086,-2.040370,2.136944,2.547602,2.287774,2.408305
535,21.120000,4.074741,1.127116,-1.270408,-0.808570,0.958810,-1.860916,-2.301980,1.537087,-3.247476,2.568391,0.808173,-2.103176,2.065722,2.573927,2.329500,2.378772
536,21.140000,4.003278,1.076421,-1.290685,-0.877574,0.864686,-1.991617,-2.435433,1.348197,-3.425152,2.813667,0.768812,-2.134010,2.119473,2.693718,2.306274,2.343154
537,21.160000,4.049182,1.121076,-1.099863,-0.945277,0.863359,-1.980004,-2.182611,1.410329,-3.203250,2.563570,0.815325,-1.963995,2.256361,2.593123,2.466812,2.281831
538,21.180000,4.006520,1.197677,-0.941515,-0.942960,0.852611,-2.073193,-1.963780,1.414485,-3.088465,2.345273,0.940647,-1.790208,2.573234,2.582332,2.635404,2.272911
539,21.200000,3.992662,1.187371,-1.061705,-1.001468,0.811112,-1.965353,-2.030223,1.479854,-3.028615,2.464961,0.761359,-1.885354,2.690490,2.492849,2.775000,2.230965
540,21.220000,3.898031,1.292060,-1.028962,-0.976960,0.825124,-1.944643,-1.835414,1.531717,-2.889443,2.294879,0.860271,-1.710976,2.939950,2.490749,2.975828,2.226539
541,21.240000,3.726355,1.420466,-0.896282,-0.890593,0.818828,-2.092940,-1.736506,1.426261,-3.000730,2.211109,1.027076,-1.468890,3.427451,2.554544,3.134117,2.198942
542,21.260000,3.625261,1.353539,-1.060538,-0.918966,0.713768,-2.060338,-1.821461,1.403420,-3.091102,2.384087,0.921065,-1.556745,3.571023,2.343257,3.057694,1.961432
543,21.280000,3.423039,1.485120,-0.884798,-0.831178,0.748375,-2.122042,-1.670714,1.410308,-2.983514,2.169765,1.035676,-1.394027,3.761724,2.344678,3.103420,1.835001
544,21.300000,3.355485,1.397244,-0.964236,-0.862311,0.668139,-2.046267,-1.622003,1.455319,-2.973786,2.157619,0.954407,-1.402718,3.655462,2.149784,3.008456,1.631900
545,21.320000,3.174362,1.535123,-0.756143,-0.812588,0.700648,-2.008924,-1.510257,1.482872,-2.840259,1.979532,1.014117,-1.277889,3.766708,2.196057,3.043729,1.555298
546,21.340000,3.069676,1.457295,-0.826743,-0.854680,0.643104,-1.914666,-1.416801,1.555717,-2.808698,1.959154,0.982245,-1.264484,3.680736,2.066016,3.002986,1.417331
547,21.360000,2.844743,1.536316,-0.647834,-0.793273,0.608013,-2.070520,-1.738940,1.349749,-3.034732,2.194983,0.946591,-1.364715,3.889206,2.161312,2.936642,1.349702
548,21.380000,2.767033,1.433652,-0.697963,-0.845787,0.550468,-1.996741,-1.616495,1.431959,-2.976307,2.122185,0.932576,-1.330721,3.762147,1.936083,2.814662,1.150109
549,21.400000,2.524701,1.666387,-0.457009,-0.756758,0.628849,-1.965183,-1.435670,1.508595,-2.751387,1.861233,1.031159,-1.189193,3.983842,2.125773,2.906865,1.197813
550,21.420000,2.375141,1.762595,-0.325523,-0.737159,0.662717,-1.900353,-1.390749,1.537162,-2.715433,1.803094,1.018841,-1.164187,4.239645,2.327685,3.071383,1.282588
551,21.440000,2.168742,1.734755,-0.187300,-0.690014,0.615760,-2.043509,-1.549814,1.405579,-2.888176,1.957970,1.036487,-1.175480,4.495199,2.367695,3.057877,1.139423
552,21.460000,1.974395,1.719781,-0.062907,-0.628811,0.581423,-2.136518,-1.649658,1.350705,-2.962087,2.021096,1.022031,-1.218033,4.561860,2.254454,2.986285,0.960091
553,21.480000,1.836532,1.715472,0.017277,-0.636901,0.561309,-2.013253,-1.460677,1.500913,-2.773013,1.832334,1.029830,-1.164364,4.404543,2.071852,2.909983,0.805127
554,21.500000,1.625298,1.820405,0.274302,-0.552701,0.565746,-2.065164,-1.526842,1.441279,-2.798340,1.808377,1.043224,-1.134857,4.519704,2.140571,2.952497,0.707453
555,21.520000,1.468610,1.841142,0.429240,-0.513847,0.555467,-2.109753,-1.596879,1.396688,-2.860686,1.847470,1.031705,-1.127889,4.697988,2.144686,2.999125,0.587443
556,21.540000,1.344985,1.702271,0.461817,-0.558192,0.464475,-2.110248,-1.651764,1.380519,-2.894645,1.925860,1.008744,-1.170372,4.655532,1.938455,2.877724,0.345730
557,21.560000,1.240593,1.710425,0.660437,-0.533240,0.448563,-2.060965,-1.648838,1.402713,-2.831958,1.835792,0.969946,-1.192143,4.491603,1.811735,2.806818,0.212060
558,21.580000,1.104164,1.721069,0.839356,-0.461625,0.418527,-2.163637,-1.849934,1.249724,-2.992668,1.957427,0.934662,-1.252739,4.570228,1.867051,2.786361,0.118241
559,21.600000,0.882244,1.952595,1.034238,-0.316747,0.534600,-2.223856,-1.835466,1.274973,-2.918048,1.883422,1.005352,-1.202151,5.033523,2.171746,3.014168,0.282793
560,21.620000,0.831842,1.758321,0.917571,-0.415657,0.423906,-2.166141,-2.003686,1.255913,-2.976847,2.120312,0.857171,-1.422861,5.027726,2.035357,2.938401,0.181865
561,21.640000,0.788167,1.721365,1.124537,-0.425762,0.397857,-2.094577,-1.907043,1.310663,-2.860360,1.955559,0.877079,-1.358020,4.786789,1.852003,2.892024,0.059029
562,21.660000,0.712924,1.670053,1.276717,-0.424423,0.318982,-2.136289,-1.988736,1.211975,-2.981769,1.987325,0.874267,-1.352883,4.635334,1.763471,2.801981,-0.065262
563,21.680000,0.638753,1.705839,1.420013,-0.479511,0.307421,-2.136105,-2.021316,1.198696,-2.975344,2.017601,0.881146,-1.358036,4.696450,1.718791,2.794312,-0.114833
564,21.700000,0.645762,1.626700,1.296113,-0.694080,0.272712,-2.364301,-2.078017,1.143755,-2.969148,2.041259,0.777341,-1.514084,4.726658,1.725404,2.752903,0.078619
565,21.720000,0.612078,1.507179,1.152866,-0.845781,0.253607,-2.594636,-2.160965,1.039915,-3.022312,2.128621,0.740032,-1.562994,4.754086,1.774946,2.733956,0.243385
566,21.740000,0.560549,1.658943,1.261244,-0.785466,0.350371,-2.625185,-2.082752,1.054474,-2.894862,1.954630,0.760896,-1.448820,4.866756,1.835049,2.827888,0.368951
567,21.760000,0.479887,1.863851,1.384719,-0.702462,0.480556,-2.646639,-1.935171,1.117790,-2.744236,1.721262,0.817180,-1.339758,5.150173,1.959470,3.001866,0.514801
568,21.780000,0.556078,1.742739,1.303273,-0.907200,0.455088,-2.589319,-1.841381,1.208004,-2.683395,1.710819,0.818036,-1.293065,5.214212,1.796878,3.142984,0.496537
569,21.800000,0.533379,1.673040,1.340102,-1.059449,0.419309,-2.605729,-1.871475,1.138234,-2.710910,1.821800,0.805466,-1.314100,5.098184,1.594787,3.161761,0.396272
570,21.820000,0.568782,1.668003,1.404494,-1.203247,0.433791,-2.553438,-1.792165,1.154559,-2.669110,1.797778,0.804892,-1.330938,4.881763,1.393021,3.121760,0.389492
571,21.840000,0.517165,1.691026,1.457153,-1.302382,0.419583,-2.608882,-1.832842,1.074827,-2.720473,1.908943,0.826564,-1.346253,4.971312,1.365265,3.089416,0.372217
572,21.860000,0.487429,1.791420,1.549971,-1.352356,0.470665,-2.586148,-1.770878,1.116279,-2.633119,1.852331,0.839133,-1.334798,5.129521,1.378047,3.185877,0.458559
573,21.880000,0.455355,1.885540,1.640012,-1.377390,0.521557,-2.564874,-1.658959,1.190495,-2.520569,1.719263,0.891869,-1.296989,5.303937,1.464478,3.312417,0.584397
574,21.900000,0.312793,1.854540,1.698758,-1.353046,0.472334,-2.745994,-1.896871,0.953064,-2.779040,2.005018,0.885090,-1.314006,5.560259,1.582584,3.332230,0.509510
575,21.920000,0.456767,1.749506,1.651422,-1.635696,0.419946,-2.630542,-1.760506,1.067492,-2.647374,1.946650,0.863276,-1.303543,5.465813,1.343449,3.342047,0.444639
576,21.940000,0.331086,1.676478,1.647798,-1.668029,0.345447,-2.765191,-1.930110,0.892516,-2.807509,2.167257,0.890996,-1.345805,5.491582,1.374027,3.278909,0.333812
577,21.960000,0.549330,1.422712,1.510606,-2.067875,0.248724,-2.579093,-1.829214,1.052814,-2.682583,2.181834,0.796628,-1.398248,5.076296,1.019975,3.246082,0.302815
578,21.980000,0.460669,1.290751,1.440025,-2.179522,0.143223,-2.687702,-1.988295,0.909353,-2.827652,2.420397,0.800402,-1.450484,4.905974,1.012732,3.061174,0.193988
579,22.000000,0.503536,1.318478,1.473456,-2.257349,0.160588,-2.588986,-1.960176,0.960613,-2.748418,2.362939,0.727632,-1.465444,4.639978,0.882980,2.973370,0.197990
580,22.020000,0.506495,1.476359,1.531751,-2.288221,0.215406,-2.524155,-1.826691,1.063052,-2.577424,2.140572,0.789249,-1.396884,4.784219,1.000708,3.049098,0.310340
581,22.040000,0.550353,1.287677,1.429059,-2.537362,0.116071,-2.487491,-1.879214,1.054726,-2.632510,2.303051,0.748403,-1.417216,4.806726,0.982304,3.070011,0.334218
582,22.060000,0.529725,1.173951,1.400523,-2.714051,0.037922,-2.476903,-1.912605,0.999587,-2.666612,2.413025,0.727365,-1.434321,4.645684,0.894352,2.965086,0.276660
583,22.080000,0.486454,1.057877,1.309242,-2.830051,-0.044905,-2.490310,-1.943829,0.949437,-2.725057,2.518812,0.729244,-1.440375,4.483493,0.837406,2.772721,0.215372
584,22.100000,0.403908,1.356596,1.458278,-2.690890,0.070862,-2.450366,-1.895204,0.974389,-2.598369,2.327590,0.754508,-1.354274,4.652776,1.019063,2.847057,0.272919
585,22.120000,0.314043,1.237121,1.362797,-2.616903,0.007687,-2.597416,-2.095352,0.834507,-2.812168,2.535845,0.740717,-1.327984,4.934741,1.233044,2.758746,0.190189
586,22.140000,0.299984,1.302127,1.401183,-2.595631,0.031470,-2.515910,-2.073846,0.874236,-2.686223,2.441522,0.700498,-1.286654,5.022540,1.215352,2.779027,0.157796
587,22.160000,0.308809,1.052025,1.223600,-2.739602,-0.071944,-2.475566,-2.053884,0.936978,-2.673685,2.482752,0.715608,-1.311907,4.841405,1.124143,2.712719,0.132943
588,22.180000,0.253756,0.957363,1.217126,-2.758108,-0.122297,-2.416109,-2.102331,0.936076,-2.649289,2.519810,0.659091,-1.325070,4.494187,0.984666,2.583004,0.086335
589,22.200000,0.196162,0.961801,1.224381,-2.701147,-0.123701,-2.388924,-2.098583,0.930671,-2.627957,2.466309,0.650792,-1.316271,4.276783,0.958015,2.462810,0.073111
590,22.220000,0.108631,1.104902,1.286187,-2.547899,-0.064835,-2.415586,-2.128385,0.872708,-2.626838,2.423121,0.657392,-1.259037,4.458181,1.112241,2.438936,0.092987
591,22.240000,0.103549,1.048738,1.244186,-2.610666,-0.089798,-2.333094,-2.070637,0.948467,-2.529247,2.364754,0.651093,-1.252132,4.516761,1.110797,2.481517,0.134035
592,22.260000,-0.018315,1.026134,1.267826,-2.459440,-0.080611,-2.416991,-2.160773,0.846071,-2.612474,2.415742,0.652730,-1.240660,4.569542,1.226016,2.418326,0.125007
593,22.280000,-0.007068,0.807274,1.136865,-2.616106,-0.176599,-2.312398,-2.089550,0.946647,-2.520851,2.422108,0.625699,-1.261826,4.289135,1.044962,2.341223,0.119271
594,22.300000,-0.079551,0.786474,1.160804,-2.618832,-0.198020,-2.258106,-2.041550,0.995878,-2.414927,2.340690,0.648401,-1.254409,4.101617,0.976281,2.317913,0.131606
595,22.320000,-0.139094,0.782542,1.185097,-2.512913,-0.185384,-2.250409,-2.064709,0.971815,-2.432051,2.312925,0.615810,-1.231376,3.927430,0.979506,2.251281,0.142201
596,22.340000,-0.171655,0.933526,1.276171,-2.477887,-0.143101,-2.170565,-1.952845,1.022343,-2.291603,2.142367,0.638862,-1.153925,4.038528,1.032657,2.333448,0.206190
597,22.360000,-0.277614,1.001296,1.338182,-2.266543,-0.083735,-2.291991,-2.043303,0.905424,-2.412843,2.174741,0.654449,-1.094651,4.347221,1.260981,2.345096,0.212617
598,22.380000,-0.274702,0.797559,1.239919,-2.446168,-0.183998,-2.214936,-1.968503,0.994349,-2.320982,2.193719,0.646190,-1.086030,4.272623,1.125537,2.339005,0.174145
599,22.400000,-0.344107,0.736765,1.254265,-2.468661,-0.213733,-2.174728,-1.921198,1.036957,-2.236583,2.142969,0.673811,-1.086450,4.124952,1.049395,2.333289,0.170795
600,22.420000,-0.389947,0.692632,1.265858,-2.421210,-0.212530,-2.146945,-1.915200,1.050142,-2.219777,2.108446,0.649347,-1.068735,3.902931,1.000381,2.299725,0.189073
601,22.440000,-0.462383,0.911549,1.403870,-2.215635,-0.117169,-2.165180,-1.902705,0.993383,-2.197129,1.991257,0.657735,-0.980189,4.084543,1.137428,2.329092,0.211115
602,22.460000,-0.491687,0.929629,1.427567,-2.237741,-0.119068,-2.129545,-1.839229,1.053799,-2.118227,1.922278,0.682690,-0.935674,4.292830,1.199630,2.441260,0.257228
603,22.480000,-0.568826,0.748825,1.384226,-2.214945,-0.167006,-2.219749,-1.949673,0.971246,-2.238567,2.077411,0.668093,-0.950840,4.314412,1.190616,2.346978,0.174000
604,22.500000,-0.626625,0.969929,1.538796,-2.066361,-0.063769,-2.144570,-1.837316,0.984897,-2.097121,1.866393,0.666554,-0.883918,4.310658,1.217489,2.421131,0.223666
605,22.520000,-0.692496,0.830642,1.500046,-1.965965,-0.079640,-2.265580,-1.939734,0.922811,-2.231669,1.962458,0.681496,-0.870534,4.446223,1.308923,2.361187,0.173972
606,22.540000,-0.740019,0.882513,1.564516,-1.953823,-0.074709,-2.189974,-1.905532,0.952600,-2.105192,1.905732,0.645079,-0.842884,4.479115,1.236292,2.408349,0.150658
607,22.560000,-0.791126,0.885517,1.616262,-1.937683,-0.060426,-2.157195,-1.829010,0.997332,-2.031363,1.793954,0.680367,-0.831808,4.465690,1.238761,2.481467,0.188927
608,22.580000,-0.843345,0.875306,1.652101,-1.889038,-0.047398,-2.160228,-1.855905,0.954694,-2.054527,1.802229,0.653997,-0.812710,4.448527,1.230368,2.462949,0.191561
609,22.600000,-0.868868,0.632289,1.562822,-2.096253,-0.158769,-2.142546,-1.839527,0.978356,-2.049169,1.925877,0.647660,-0.864436,4.259254,1.065312,2.358150,0.128943
610,22.620000,-0.898040,0.580813,1.560150,-2.293900,-0.223320,-2.018986,-1.725033,1.048811,-1.897911,1.905248,0.646889,-0.904545,3.997788,0.854075,2.307623,0.130724
611,22.640000,-0.939591,0.421643,1.468817,-2.328798,-0.253947,-2.066052,-1.783229,1.002617,-1.992312,2.031709,0.622807,-0.928617,3.793482,0.774637,2.155031,0.089588
612,22.660000,-0.939656,0.421971,1.426539,-2.480218,-0.314249,-1.950431,-1.688818,1.066033,-1.846854,2.006619,0.599368,-0.910200,3.670122,0.614367,2.100007,0.064293
613,22.680000,-0.962293,0.551031,1.463646,-2.411021,-0.273215,-1.920229,-1.654970,1.052611,-1.799940,1.918940,0.612609,-0.866585,3.785684,0.674238,2.125605,0.073039
614,22.700000,-0.971762,0.555101,1.445057,-2.379847,-0.260796,-1.914229,-1.659518,1.048028,-1.792517,1.903173,0.592779,-0.817035,3.873580,0.743005,2.142564,0.086833
615,22.720000,-1.023772,0.719067,1.524146,-2.136509,-0.165374,-1.964729,-1.707353,0.956910,-1.823797,1.844160,0.585669,-0.752789,4.138899,0.936157,2.150661,0.101455
616,22.740000,-1.064357,0.573197,1.469359,-2.118073,-0.178108,-2.007283,-1.722428,0.983823,-1.830727,1.882279,0.585625,-0.743442,4.196611,0.990709,2.122481,0.078246
617,22.760000,-1.137253,0.523301,1.474950,-2.045281,-0.172723,-2.002486,-1.729810,0.978961,-1.788066,1.883253,0.569066,-0.735384,4.157374,0.975549,2.076988,0.043746
618,22.780000,-1.186973,0.461951,1.464685,-1.982088,-0.157369,-1.983867,-1.695705,0.993684,-1.753684,1.841521,0.543345,-0.723179,3.970224,0.930198,2.034639,0.017233
619,22.800000,-1.234282,0.468978,1.476998,-1.910748,-0.140588,-1.969306,-1.683119,0.987682,-1.713588,1.807260,0.524270,-0.702428,3.888006,0.900108,1.995242,-0.001539
620,22.820000,-1.256114,0.508222,1.497462,-1.936498,-0.154345,-1.886309,-1.605143,1.029533,-1.605810,1.727845,0.515749,-0.694996,3.822135,0.846697,2.037837,0.018735
621,22.840000,-1.310307,0.426923,1.475099,-1.849794,-0.118837,-1.951263,-1.666911,0.963866,-1.688397,1.781702,0.501932,-0.691520,3.820134,0.870272,1.956681,-0.006567
622,22.860000,-1.323078,0.630851,1.560027,-1.788520,-0.082329,-1.858081,-1.557859,0.971699,-1.541198,1.615867,0.506367,-0.626756,3.909201,0.910846,2.060860,0.060317
623,22.880000,-1.356176,0.573441,1.569401,-1.831972,-0.085326,-1.859697,-1.526346,1.011065,-1.509189,1.587389,0.544204,-0.613661,4.044225,0.976259,2.147815,0.099784
624,22.900000,-1.381233,0.418073,1.540934,-1.951488,-0.137437,-1.835944,-1.519576,1.018036,-1.494990,1.652540,0.520034,-0.633349,3.906809,0.888070,2.122828,0.085814
625,22.920000,-1.407106,0.566049,1.628803,-1.855114,-0.081029,-1.804185,-1.452981,0.969825,-1.438286,1.526904,0.532646,-0.598427,3.895296,0.939294,2.147154,0.157342
626,22.940000,-1.415537,0.535265,1.641790,-1.984465,-0.125290,-1.762951,-1.371259,1.045732,-1.346163,1.488276,0.563756,-0.576445,3.937036,0.936953,2.228492,0.212160
627,22.960000,-1.468163,0.333226,1.603039,-2.012159,-0.150700,-1.836683,-1.462984,0.987965,-1.451170,1.642967,0.534865,-0.598898,3.883929,0.877029,2.107815,0.125952
628,22.980000,-1.486814,0.445867,1.636367,-1.916245,-0.109985,-1.815847,-1.421056,0.931378,-1.400777,1.574131,0.512107,-0.559504,3.864671,0.884182,2.071846,0.127090
629,23.000000,-1.518427,0.498839,1.655343,-1.808298,-0.066966,-1.854187,-1.428642,0.913129,-1.393036,1.537343,0.517584,-0.505365,4.048019,0.966945,2.064379,0.092454
630,23.020000,-1.523159,0.343163,1.600231,-2.011104,-0.164956,-1.786082,-1.391668,1.011608,-1.295732,1.598908,0.493183,-0.525657,3.956487,0.831867,2.083436,0.027259
631,23.040000,-1.563322,0.382256,1.629720,-1.849444,-0.098284,-1.798483,-1.423083,0.905465,-1.336182,1.562150,0.469522,-0.519445,3.883838,0.859669,2.028088,0.022319
632,23.060000,-1.542248,0.471263,1.626110,-1.862706,-0.081838,-1.697963,-1.330272,0.915727,-1.235990,1.453482,0.459942,-0.475292,3.843725,0.858902,2.037133,0.030081
633,23.080000,-1.593332,0.457518,1.629602,-1.711833,-0.016708,-1.796781,-1.437637,0.826216,-1.329500,1.502110,0.464271,-0.456697,4.031934,0.959526,1.981797,0.004398
634,23.100000,-1.599039,0.547297,1.645998,-1.780451,-0.042568,-1.673593,-1.316091,0.890615,-1.151895,1.380755,0.460535,-0.451127,4.017616,0.951882,2.073257,0.076360
635,23.120000,-1.650028,0.304719,1.575249,-1.822366,-0.044232,-1.748198,-1.362325,0.910999,-1.233534,1.480406,0.469426,-0.502464,3.912773,0.946175,1.998706,0.072371
636,23.140000,-1.639053,0.217980,1.534560,-2.051425,-0.132920,-1.586854,-1.265366,0.956821,-1.086415,1.492249,0.421811,-0.543399,3.553459,0.761676,1.978712,0.065793
637,23.160000,-1.647493,0.393866,1.587371,-2.015893,-0.092979,-1.532303,-1.178761,0.926177,-1.000349,1.355594,0.457643,-0.519351,3.542300,0.797342,2.047625,0.164414
638,23.180000,-1.623532,0.433960,1.546324,-2.041467,-0.074643,-1.487749,-1.168858,0.889174,-0.994577,1.327699,0.456871,-0.454455,3.642066,0.841150,2.071812,0.181542
639,23.200000,-1.642426,0.459405,1.545192,-2.004392,-0.055382,-1.526308,-1.201231,0.846887,-1.016526,1.342208,0.468404,-0.437791,3.800681,0.897906,2.046915,0.206137
640,23.220000,-1.640908,0.171156,1.421846,-2.222210,-0.112602,-1.495551,-1.204225,0.907936,-1.023858,1.482118,0.440043,-0.496203,3.634476,0.785828,1.927199,0.123881
641,23.240000,-1.651579,0.274566,1.443335,-2.262467,-0.130980,-1.402846,-1.116037,0.912969,-0.892737,1.395911,0.443749,-0.514323,3.445237,0.722080,1.936872,0.181021
642,23.260000,-1.625531,0.370453,1.421435,-2.256453,-0.086853,-1.324948,-1.059264,0.897721,-0.843518,1.287156,0.459495,-0.459763,3.413554,0.774274,1.992065,0.229761
643,23.280000,-1.631714,0.175910,1.366696,-2.465993,-0.180792,-1.340440,-1.051789,0.996998,-0.827128,1.388290,0.464390,-0.482404,3.266662,0.677967,1.973361,0.233887
