inference_index,sim_time,v0000,v0001,v0002,v0003,v0004,v0005,v0006,v0007,v0008,v0009,v0010,v0011,v0012,v0013,v0014,v0015,v0016,v0017,v0018,v0019,v0020,v0021,v0022,v0023,v0024,v0025,v0026,v0027,v0028,v0029,v0030,v0031,v0032,v0033,v0034,v0035,v0036,v0037,v0038,v0039,v0040,v0041,v0042,v0043,v0044,v0045,v0046,v0047,v0048,v0049,v0050,v0051,v0052,v0053,v0054,v0055,v0056,v0057,v0058,v0059,v0060,v0061,v0062,v0063,v0064,v0065,v0066,v0067,v0068,v0069,v0070,v0071,v0072,v0073,v0074,v0075,v0076,v0077,v0078,v0079,v0080,v0081,v0082,v0083,v0084,v0085,v0086,v0087,v0088,v0089,v0090,v0091,v0092,v0093,v0094,v0095,v0096,v0097,v0098,v0099,v0100,v0101,v0102,v0103,v0104,v0105,v0106,v0107,v0108,v0109,v0110,v0111,v0112,v0113,v0114,v0115,v0116,v0117,v0118,v0119,v0120,v0121,v0122,v0123,v0124,v0125,v0126,v0127
1,10.440000,0.017003,-0.009275,-0.280022,0.042047,0.017740,0.012500,-0.283462,-0.426824,0.437201,-0.146228,-0.013121,-0.022968,0.001195,0.177768,0.065312,0.000525,-0.029391,-0.375057,0.302238,0.059992,0.114870,0.000324,-0.288070,-0.041447,-0.144431,0.108727,0.278442,-0.001554,0.225296,-0.185863,0.042782,-0.091035,-0.277060,-0.024762,0.226039,-0.003200,-0.029225,0.301750,-0.067452,-0.078828,-0.593221,-0.367138,0.286469,0.015401,0.325002,-0.296932,0.190903,-0.189743,-0.240273,-0.425863,-0.357432,-0.105836,0.150024,0.003694,0.353760,0.335111,-0.302579,-0.019130,0.310062,-0.076361,-0.391676,0.304831,0.180815,0.003033,0.319008,-0.003239,0.080788,0.017173,0.022495,0.180741,0.304579,0.318605,0.021722,-0.190686,-0.014568,0.188114,0.008851,0.328686,0.296732,-0.045574,0.271605,0.295576,0.259203,-0.105523,0.418712,-0.194975,-0.062276,-0.256176,0.117858,-0.007947,-0.046291,-0.016109,-0.066832,0.018173,0.023252,0.241089,-0.101458,-0.243317,0.023520,0.206979,-0.359047,0.302295,-0.263305,0.122437,0.210752,-0.095456,0.177644,-0.011844,0.035835,0.005794,0.202164,-0.337832,-0.115729,0.000833,0.138141,-0.000223,-0.343809,0.264487,0.000417,-0.064185,0.019899,-0.263267,-0.069795,0.069216,0.005701,0.046186,0.141417,-0.003293
2,10.460000,0.017566,-0.010524,-0.265987,0.048622,0.018426,0.012890,-0.288130,-0.430187,0.434058,-0.151805,-0.013794,-0.022033,0.002107,0.183344,0.063078,0.000095,-0.034609,-0.370380,0.303353,0.058786,0.112784,0.000275,-0.288064,-0.040157,-0.139308,0.111904,0.273386,-0.001745,0.234202,-0.188037,0.042448,-0.093743,-0.276928,-0.026133,0.232522,-0.002840,-0.028160,0.302370,-0.062008,-0.080882,-0.596836,-0.381773,0.279105,0.018247,0.323013,-0.294862,0.196668,-0.189098,-0.241308,-0.430048,-0.362533,-0.109299,0.154230,0.003788,0.354282,0.324657,-0.313309,-0.019733,0.308893,-0.075064,-0.394830,0.326897,0.182232,0.002109,0.332836,-0.003969,0.088769,0.017874,0.021987,0.182843,0.302124,0.324261,0.020827,-0.190562,-0.013068,0.187963,0.006530,0.323512,0.292830,-0.046664,0.292117,0.297992,0.264723,-0.109353,0.427364,-0.194878,-0.066527,-0.262647,0.117016,-0.008845,-0.046019,-0.016341,-0.072071,0.032359,0.023864,0.244681,-0.106186,-0.251890,0.034308,0.214731,-0.356701,0.307195,-0.266517,0.120363,0.212377,-0.107304,0.183675,-0.012469,0.034335,0.005894,0.194528,-0.342439,-0.110303,0.002194,0.136697,0.000134,-0.343737,0.258037,0.000993,-0.065691,0.019047,-0.266727,-0.058054,0.067134,0.005750,0.046426,0.139838,-0.004264
3,10.480000,0.017330,-0.008802,-0.258697,0.055611,0.016795,0.013283,-0.288953,-0.445628,0.427755,-0.154656,-0.014062,-0.022515,-0.011454,0.176364,0.055786,-0.000481,-0.033847,-0.379420,0.312717,0.056770,0.108565,0.000246,-0.284640,-0.040924,-0.140991,0.105999,0.270439,-0.001691,0.235500,-0.185034,0.043516,-0.091715,-0.275847,-0.025780,0.221701,-0.000058,-0.026320,0.296766,-0.063232,-0.076175,-0.603102,-0.374333,0.281656,0.018779,0.326321,-0.291861,0.186490,-0.183909,-0.236879,-0.441815,-0.358920,-0.113910,0.161224,0.003838,0.348945,0.334923,-0.313948,-0.016910,0.303350,-0.072476,-0.389708,0.321558,0.183461,0.000605,0.350021,-0.004274,0.081567,0.018379,0.020954,0.184496,0.294331,0.321147,0.019873,-0.192684,-0.017552,0.177606,0.007910,0.318296,0.290481,-0.046521,0.287678,0.288988,0.262807,-0.109167,0.427694,-0.184929,-0.071010,-0.266825,0.115823,-0.008156,-0.046480,-0.014897,-0.077277,0.029251,0.021066,0.246907,-0.109284,-0.253573,0.031137,0.214496,-0.351728,0.310497,-0.256197,0.118140,0.210629,-0.100817,0.184854,-0.011621,0.031806,0.006374,0.184240,-0.344238,-0.104160,0.002621,0.133773,0.000959,-0.339632,0.262545,0.000803,-0.069024,0.027476,-0.271429,-0.056585,0.070792,0.006701,0.033602,0.142330,-0.005256
4,10.500000,0.018069,-0.008722,-0.259577,0.057620,0.020622,0.013577,-0.284504,-0.441544,0.419710,-0.155782,-0.013838,-0.023476,-0.007855,0.196712,0.054065,-0.001308,-0.039216,-0.377890,0.318208,0.056253,0.102897,0.000247,-0.269599,-0.041879,-0.148740,0.103228,0.272192,-0.002168,0.227511,-0.184991,0.042681,-0.089686,-0.275596,-0.025905,0.231575,-0.000254,-0.026728,0.296934,-0.065412,-0.078971,-0.607012,-0.366483,0.283219,0.020838,0.330968,-0.291047,0.185884,-0.181608,-0.235016,-0.443084,-0.359108,-0.111260,0.162289,0.004546,0.349684,0.333372,-0.315913,-0.019208,0.298617,-0.073495,-0.391330,0.359434,0.186046,0.000358,0.345181,-0.004264,0.089647,0.021596,0.021352,0.188562,0.300579,0.319390,0.019142,-0.193631,-0.020098,0.184490,0.007432,0.317781,0.299196,-0.043969,0.294026,0.292487,0.261801,-0.105462,0.430167,-0.190175,-0.070711,-0.264468,0.116604,-0.006715,-0.048136,-0.014606,-0.075292,0.030393,0.021234,0.245274,-0.106316,-0.252068,0.032977,0.214223,-0.352941,0.304576,-0.252628,0.110598,0.205265,-0.102387,0.186808,-0.010162,0.031702,0.007226,0.198322,-0.355226,-0.099389,0.003687,0.138635,0.003111,-0.331432,0.273200,0.000594,-0.071719,0.027520,-0.276671,-0.057168,0.074416,0.007501,0.037538,0.143780,-0.005968
5,10.520000,0.018163,-0.010217,-0.257149,0.061732,0.019673,0.014661,-0.285286,-0.436178,0.423225,-0.153187,-0.012250,-0.022791,-0.006503,0.187491,0.047841,-0.001286,-0.034293,-0.376074,0.323664,0.056410,0.106260,0.000255,-0.276103,-0.041248,-0.146054,0.094285,0.269962,-0.002201,0.225206,-0.192826,0.046155,-0.091380,-0.277173,-0.025871,0.225638,0.001985,-0.024788,0.299511,-0.060511,-0.078329,-0.608818,-0.363473,0.284484,0.022374,0.337909,-0.289103,0.197787,-0.184241,-0.241712,-0.454758,-0.369100,-0.109660,0.159835,0.004754,0.346079,0.328278,-0.320657,-0.019113,0.293146,-0.073259,-0.390802,0.369139,0.184205,0.008311,0.350499,-0.004327,0.085779,0.020488,0.019316,0.192920,0.303928,0.320774,0.018225,-0.200403,-0.017534,0.190015,0.005151,0.311359,0.299870,-0.043771,0.287205,0.291886,0.265884,-0.105979,0.435616,-0.192164,-0.069036,-0.262638,0.120572,-0.006287,-0.048029,-0.015760,-0.072058,0.034283,0.020956,0.241167,-0.108939,-0.254143,0.023947,0.215251,-0.351101,0.305323,-0.246905,0.111728,0.200173,-0.102262,0.188232,-0.010253,0.027315,0.008692,0.195803,-0.360868,-0.091961,0.004077,0.139284,0.003475,-0.332864,0.268546,0.000674,-0.072814,0.026711,-0.283320,-0.054482,0.076140,0.007660,0.044215,0.146519,-0.007291
6,10.540000,0.016413,-0.009845,-0.256699,0.062689,0.016082,0.014800,-0.287047,-0.440126,0.430537,-0.156563,-0.011829,-0.021392,-0.007144,0.170817,0.051908,-0.001584,-0.041635,-0.386743,0.331170,0.054278,0.108357,0.000250,-0.277517,-0.040908,-0.146777,0.092196,0.278913,-0.001711,0.220784,-0.184559,0.049570,-0.087647,-0.275053,-0.026018,0.220887,0.002643,-0.022500,0.301051,-0.059224,-0.073708,-0.615934,-0.366346,0.282257,0.022185,0.340734,-0.265874,0.192797,-0.179396,-0.235061,-0.444437,-0.358804,-0.108007,0.153336,0.004209,0.347633,0.326344,-0.315745,-0.017588,0.290182,-0.070965,-0.398277,0.333546,0.186155,0.008404,0.350381,-0.005060,0.102430,0.018257,0.016659,0.195104,0.301298,0.319354,0.017615,-0.201939,-0.017681,0.197105,0.004868,0.308126,0.299195,-0.040681,0.289844,0.289461,0.266064,-0.107900,0.434524,-0.187907,-0.077459,-0.260412,0.119746,-0.005512,-0.048493,-0.014801,-0.075486,0.031722,0.020762,0.237061,-0.108926,-0.240338,0.022341,0.214152,-0.348070,0.309080,-0.248372,0.105136,0.197727,-0.106873,0.183427,-0.010676,0.029764,0.008410,0.187990,-0.351669,-0.083451,0.004552,0.139211,0.006043,-0.325552,0.266561,0.000431,-0.074467,0.023887,-0.285139,-0.060420,0.073885,0.009276,0.039163,0.144968,-0.007865
7,10.560000,0.016922,-0.011236,-0.252387,0.070039,0.018054,0.014382,-0.286570,-0.438714,0.427598,-0.159292,-0.012207,-0.021236,-0.005543,0.186913,0.045358,-0.001642,-0.044903,-0.386019,0.330782,0.055465,0.108686,0.000264,-0.274701,-0.041431,-0.149894,0.083160,0.281880,-0.001944,0.218423,-0.190097,0.051016,-0.093099,-0.269959,-0.026975,0.222145,0.003881,-0.020231,0.298882,-0.058341,-0.073031,-0.618059,-0.360187,0.281424,0.023342,0.339145,-0.270088,0.197638,-0.174961,-0.232966,-0.443227,-0.366785,-0.108271,0.154371,0.004556,0.353491,0.321833,-0.318693,-0.018966,0.287081,-0.072065,-0.394404,0.342092,0.180259,0.003870,0.356727,-0.005317,0.110968,0.018804,0.016570,0.196987,0.300683,0.321057,0.016548,-0.202806,-0.011638,0.196296,0.002488,0.307015,0.297553,-0.040434,0.291649,0.289237,0.274654,-0.107589,0.434671,-0.189262,-0.074978,-0.257409,0.119913,-0.006953,-0.047738,-0.014549,-0.069211,0.039253,0.020328,0.233760,-0.109817,-0.245189,0.023999,0.210266,-0.348907,0.309679,-0.249392,0.104110,0.196893,-0.111244,0.184840,-0.010070,0.029409,0.008775,0.196787,-0.353871,-0.071933,0.005432,0.139165,0.006844,-0.331380,0.268530,0.001011,-0.074410,0.026232,-0.288711,-0.063490,0.073492,0.010393,0.041026,0.145260,-0.008039
8,10.580000,0.016555,-0.011119,-0.253069,0.072281,0.016429,0.015031,-0.286461,-0.442031,0.426747,-0.158398,-0.011884,-0.020190,-0.006680,0.184319,0.043237,-0.002086,-0.049056,-0.392472,0.333261,0.053890,0.109040,0.000266,-0.278296,-0.040570,-0.155026,0.085066,0.284203,-0.001872,0.215684,-0.186364,0.054368,-0.092845,-0.265520,-0.026488,0.217480,0.003302,-0.023478,0.299951,-0.058595,-0.072240,-0.622700,-0.357737,0.282335,0.024100,0.344772,-0.265702,0.196217,-0.176932,-0.243420,-0.446735,-0.364602,-0.110534,0.154558,0.004460,0.354216,0.323085,-0.317727,-0.020524,0.288869,-0.073272,-0.397090,0.333785,0.180264,-0.000052,0.356085,-0.005718,0.115191,0.018812,0.014982,0.198824,0.299727,0.321284,0.015698,-0.202751,-0.014233,0.205059,0.001040,0.310683,0.292504,-0.039909,0.291880,0.288551,0.278051,-0.110375,0.433099,-0.186053,-0.076481,-0.261216,0.121288,-0.006581,-0.048162,-0.014242,-0.069920,0.040590,0.018532,0.232616,-0.113483,-0.235587,0.018845,0.213829,-0.350656,0.317244,-0.252191,0.105378,0.193515,-0.117163,0.182647,-0.010126,0.030978,0.008609,0.193748,-0.350852,-0.062772,0.006090,0.145493,0.006082,-0.327688,0.269717,0.001171,-0.076726,0.029148,-0.289963,-0.069321,0.071574,0.012475,0.037535,0.144796,-0.008634
9,10.600000,0.015441,-0.011200,-0.247935,0.074664,0.013392,0.014305,-0.287201,-0.446034,0.429439,-0.158363,-0.012597,-0.019527,-0.007173,0.169570,0.040422,-0.002135,-0.045694,-0.394373,0.332292,0.053140,0.108936,0.000254,-0.280000,-0.040506,-0.154223,0.078633,0.285575,-0.001565,0.217820,-0.183426,0.054748,-0.092973,-0.264222,-0.025852,0.215463,0.003702,-0.022089,0.297985,-0.056816,-0.067751,-0.626022,-0.357619,0.279660,0.023874,0.341791,-0.261921,0.189190,-0.176587,-0.234108,-0.446138,-0.366317,-0.114622,0.155009,0.004144,0.356649,0.321137,-0.317331,-0.018482,0.285858,-0.071525,-0.401611,0.310389,0.174294,0.000293,0.359157,-0.005756,0.114919,0.017468,0.013412,0.198745,0.293643,0.322731,0.014650,-0.203616,-0.012458,0.207059,-0.000867,0.307560,0.289870,-0.038714,0.292539,0.284427,0.279596,-0.112336,0.435790,-0.181836,-0.077082,-0.257764,0.120583,-0.007167,-0.047530,-0.013775,-0.065752,0.043280,0.020336,0.227216,-0.113676,-0.232093,0.019550,0.211164,-0.349891,0.325451,-0.251370,0.102313,0.190680,-0.121062,0.182777,-0.010381,0.037814,0.008059,0.187190,-0.352126,-0.055414,0.006553,0.145453,0.005796,-0.327208,0.267968,0.001856,-0.075975,0.038881,-0.291757,-0.071563,0.070747,0.012403,0.034946,0.145206,-0.009288
10,10.620000,0.015111,-0.011118,-0.243361,0.074058,0.013673,0.014353,-0.284558,-0.445525,0.429411,-0.159965,-0.013606,-0.019280,-0.008423,0.171921,0.040131,-0.002142,-0.045712,-0.394766,0.333020,0.052369,0.107885,0.000242,-0.278115,-0.040595,-0.152845,0.078904,0.284569,-0.001536,0.220146,-0.181216,0.053966,-0.092879,-0.265295,-0.026309,0.215345,0.003721,-0.022064,0.297454,-0.056056,-0.066968,-0.629593,-0.357674,0.279397,0.024233,0.340049,-0.261538,0.189799,-0.173619,-0.232927,-0.443000,-0.367715,-0.116217,0.156904,0.004141,0.361520,0.320076,-0.319798,-0.018638,0.284148,-0.071928,-0.401932,0.306952,0.175393,-0.000670,0.364993,-0.005849,0.114783,0.017442,0.012409,0.200695,0.294923,0.324307,0.013510,-0.203048,-0.011836,0.208111,-0.001829,0.306427,0.286420,-0.038611,0.294863,0.286052,0.278421,-0.113495,0.436300,-0.181338,-0.075339,-0.259343,0.118468,-0.007792,-0.047505,-0.013910,-0.068787,0.044674,0.020889,0.226440,-0.114553,-0.234727,0.020791,0.212046,-0.352932,0.329197,-0.251471,0.102037,0.188376,-0.126050,0.182405,-0.010350,0.040018,0.007919,0.184876,-0.351993,-0.049763,0.006825,0.147354,0.004901,-0.329849,0.267659,0.002224,-0.076769,0.042153,-0.292877,-0.070131,0.071193,0.012661,0.032678,0.143489,-0.009299
11,10.640000,0.014755,-0.010373,-0.236244,0.075631,0.013746,0.015048,-0.281258,-0.444197,0.419854,-0.163254,-0.013816,-0.019369,-0.011211,0.182777,0.034868,-0.002101,-0.042115,-0.389959,0.326658,0.052838,0.101394,0.000225,-0.277266,-0.041082,-0.154189,0.075017,0.286758,-0.001649,0.223556,-0.186811,0.055057,-0.096498,-0.266015,-0.026459,0.215573,0.003826,-0.020826,0.296265,-0.055046,-0.069572,-0.631503,-0.364342,0.276801,0.024901,0.334027,-0.266066,0.187046,-0.173585,-0.241516,-0.449426,-0.372007,-0.120247,0.161722,0.004284,0.359856,0.324906,-0.321696,-0.020306,0.283810,-0.072076,-0.397378,0.318623,0.176660,-0.000812,0.380317,-0.006346,0.109009,0.016437,0.011920,0.201346,0.296677,0.324004,0.012225,-0.205517,-0.010540,0.206498,-0.001252,0.313941,0.282504,-0.039255,0.290949,0.285256,0.276888,-0.110007,0.431659,-0.183501,-0.072547,-0.256664,0.117323,-0.008654,-0.046921,-0.014201,-0.067823,0.045391,0.020498,0.226602,-0.112747,-0.237737,0.027587,0.209512,-0.351757,0.328814,-0.250038,0.103771,0.184606,-0.122666,0.182133,-0.010070,0.042546,0.007927,0.185144,-0.355432,-0.045498,0.007519,0.149829,0.004189,-0.330543,0.267118,0.002858,-0.076703,0.047573,-0.294836,-0.068574,0.075529,0.011213,0.029650,0.144325,-0.009189
12,10.660000,0.014216,-0.010799,-0.236486,0.073352,0.011678,0.014417,-0.280444,-0.438000,0.428908,-0.157044,-0.013848,-0.018990,-0.009067,0.167137,0.036718,-0.002107,-0.041683,-0.387580,0.330432,0.052919,0.103570,0.000215,-0.280697,-0.040211,-0.152192,0.067333,0.283601,-0.001519,0.223099,-0.182483,0.056295,-0.091522,-0.266143,-0.026142,0.212654,0.004382,-0.015679,0.304225,-0.052155,-0.067600,-0.633935,-0.352715,0.272404,0.024930,0.337574,-0.268197,0.187496,-0.175141,-0.236280,-0.458624,-0.374116,-0.123265,0.160474,0.004201,0.351829,0.321395,-0.325666,-0.017576,0.283936,-0.072026,-0.400190,0.304309,0.178752,0.005927,0.379227,-0.006264,0.104699,0.016774,0.010156,0.200608,0.295824,0.326573,0.010904,-0.204223,-0.012806,0.206409,-0.000665,0.311594,0.285736,-0.038402,0.290375,0.276451,0.266769,-0.110298,0.432847,-0.180986,-0.073619,-0.252620,0.117551,-0.009195,-0.047602,-0.014502,-0.063378,0.046191,0.020980,0.224185,-0.106100,-0.242899,0.017357,0.208646,-0.349639,0.331018,-0.250468,0.098522,0.183598,-0.118654,0.183759,-0.010158,0.044943,0.007391,0.184532,-0.357854,-0.046738,0.006508,0.147583,0.003486,-0.328113,0.264590,0.002412,-0.074404,0.044472,-0.296509,-0.063829,0.077003,0.009632,0.031570,0.144700,-0.008735
13,10.680000,0.014440,-0.009496,-0.240416,0.072700,0.014504,0.016001,-0.279391,-0.439240,0.421379,-0.158824,-0.014062,-0.019119,-0.009455,0.183366,0.040982,-0.001798,-0.042887,-0.381609,0.328271,0.053560,0.102907,0.000200,-0.278313,-0.041646,-0.153204,0.072537,0.283981,-0.001892,0.223305,-0.185563,0.058137,-0.094287,-0.270098,-0.026671,0.219901,0.003831,-0.015077,0.304439,-0.053961,-0.071748,-0.635915,-0.357247,0.279125,0.026269,0.334379,-0.270696,0.187370,-0.171883,-0.232488,-0.454088,-0.371646,-0.119636,0.161509,0.004482,0.359349,0.332142,-0.327436,-0.020826,0.280345,-0.071949,-0.394657,0.331954,0.184342,0.011825,0.379638,-0.006546,0.097583,0.017260,0.009722,0.202076,0.304972,0.326677,0.009806,-0.204270,-0.017634,0.206278,0.000269,0.316302,0.289586,-0.039063,0.295988,0.283423,0.258027,-0.110908,0.433986,-0.188964,-0.071135,-0.256822,0.117635,-0.009307,-0.047518,-0.014503,-0.062315,0.042774,0.020078,0.225530,-0.107505,-0.245597,0.020470,0.211740,-0.353099,0.320203,-0.246984,0.106735,0.183367,-0.112123,0.186560,-0.009828,0.043000,0.008058,0.189861,-0.357201,-0.050977,0.006644,0.150854,0.003883,-0.331579,0.268849,0.002551,-0.074572,0.048414,-0.295150,-0.067588,0.076924,0.010333,0.031597,0.144308,-0.008243
14,10.700000,0.014407,-0.009170,-0.241208,0.074802,0.013271,0.016467,-0.281089,-0.436730,0.428004,-0.157307,-0.013216,-0.019530,-0.016793,0.179095,0.036784,-0.001745,-0.034244,-0.375865,0.331057,0.055157,0.114293,0.000194,-0.292446,-0.040885,-0.152091,0.064081,0.274121,-0.002109,0.223368,-0.190053,0.057373,-0.094058,-0.273439,-0.026023,0.210152,0.004408,-0.014139,0.303745,-0.054080,-0.072257,-0.637167,-0.356265,0.283266,0.028922,0.328736,-0.277266,0.188674,-0.174061,-0.236113,-0.460285,-0.371056,-0.119331,0.165104,0.004382,0.351051,0.339148,-0.326100,-0.018717,0.282333,-0.071630,-0.387223,0.342760,0.183402,0.013403,0.381420,-0.006752,0.071681,0.017247,0.008448,0.203156,0.310828,0.325378,0.008896,-0.203900,-0.017115,0.197430,0.000768,0.322231,0.301487,-0.041086,0.281711,0.280425,0.255374,-0.107303,0.425071,-0.192919,-0.068373,-0.256553,0.120590,-0.008320,-0.047159,-0.015584,-0.052716,0.040126,0.021799,0.220386,-0.103649,-0.250698,0.026854,0.214633,-0.360098,0.320627,-0.243133,0.112375,0.186271,-0.095601,0.189354,-0.009718,0.044114,0.008727,0.191832,-0.352308,-0.055257,0.006590,0.146967,0.002681,-0.333460,0.266740,0.001834,-0.069027,0.055724,-0.293495,-0.069885,0.077096,0.009332,0.033650,0.148118,-0.007802
15,10.720000,0.014154,-0.008672,-0.238725,0.062519,0.012932,0.017037,-0.280226,-0.426122,0.430891,-0.153875,-0.012417,-0.018367,-0.007921,0.183008,0.043562,-0.001273,-0.036210,-0.368333,0.333875,0.054433,0.110247,0.000194,-0.287344,-0.039569,-0.153507,0.063820,0.283730,-0.002503,0.217952,-0.186196,0.059510,-0.087835,-0.272306,-0.026421,0.211030,0.000959,-0.012242,0.305752,-0.054004,-0.074037,-0.639137,-0.359453,0.282497,0.029180,0.318908,-0.274426,0.189962,-0.170009,-0.241043,-0.459085,-0.365973,-0.114200,0.161798,0.004331,0.349115,0.338345,-0.320885,-0.019247,0.286052,-0.070702,-0.392900,0.342299,0.192966,0.020502,0.371360,-0.007014,0.073030,0.017592,0.007090,0.204940,0.311405,0.325483,0.007840,-0.202824,-0.018259,0.201145,0.002969,0.328741,0.305344,-0.038825,0.285036,0.282919,0.246209,-0.108323,0.429894,-0.199177,-0.068942,-0.254733,0.121448,-0.009487,-0.046630,-0.016854,-0.055648,0.036903,0.022304,0.219961,-0.103928,-0.247906,0.023411,0.209149,-0.357071,0.307800,-0.244223,0.107231,0.184597,-0.090397,0.183982,-0.009343,0.043834,0.007944,0.190379,-0.354309,-0.069295,0.005336,0.147983,0.001936,-0.329294,0.265897,0.001422,-0.065814,0.046422,-0.296455,-0.067655,0.078159,0.008150,0.030825,0.147369,-0.006782
16,10.740000,0.013842,-0.010425,-0.241132,0.062345,0.012835,0.017771,-0.287489,-0.431381,0.439972,-0.152137,-0.012612,-0.017838,-0.006910,0.189660,0.047447,-0.001191,-0.043406,-0.372404,0.336569,0.055419,0.115626,0.000220,-0.284720,-0.039193,-0.153508,0.064948,0.288477,-0.002912,0.220723,-0.187786,0.058210,-0.090106,-0.269328,-0.025977,0.211715,-0.000585,-0.011309,0.310434,-0.051738,-0.074192,-0.638827,-0.358372,0.278460,0.030267,0.320495,-0.273065,0.195249,-0.169143,-0.234014,-0.460241,-0.363742,-0.111904,0.158910,0.004058,0.356052,0.341879,-0.323451,-0.018931,0.283909,-0.070127,-0.389704,0.342485,0.192542,0.020532,0.362921,-0.007360,0.074963,0.016644,0.006027,0.209273,0.309063,0.329882,0.007179,-0.203467,-0.009806,0.195508,0.003626,0.321763,0.306741,-0.039159,0.287546,0.288044,0.245801,-0.108799,0.426641,-0.200602,-0.074292,-0.244584,0.121778,-0.010992,-0.046264,-0.016090,-0.054983,0.036914,0.022688,0.220830,-0.101654,-0.251199,0.025787,0.209278,-0.357708,0.307907,-0.244170,0.107018,0.187456,-0.086600,0.184553,-0.009644,0.039141,0.007188,0.188308,-0.349130,-0.080335,0.003336,0.140566,0.000853,-0.329886,0.264570,0.000949,-0.062801,0.040210,-0.293178,-0.066781,0.074325,0.006745,0.028630,0.147890,-0.006108
17,10.760000,0.013793,-0.011687,-0.241216,0.060368,0.012162,0.018362,-0.284914,-0.427513,0.446630,-0.152104,-0.012061,-0.018824,-0.002905,0.197842,0.051526,-0.001679,-0.048551,-0.370752,0.340197,0.055735,0.118754,0.000214,-0.291453,-0.038544,-0.152598,0.069359,0.286645,-0.003301,0.215831,-0.187240,0.055272,-0.089286,-0.266628,-0.026528,0.213057,-0.002133,-0.011448,0.316832,-0.051309,-0.077480,-0.637629,-0.357101,0.277522,0.030533,0.326859,-0.275416,0.206160,-0.171880,-0.235024,-0.460043,-0.366615,-0.114971,0.158326,0.004059,0.351958,0.335992,-0.326487,-0.019651,0.284573,-0.071058,-0.391777,0.346893,0.192674,0.016559,0.363907,-0.007563,0.079434,0.016969,0.004929,0.211515,0.311812,0.330719,0.006518,-0.203361,-0.006577,0.194417,0.004419,0.315831,0.310570,-0.038909,0.289720,0.288686,0.246558,-0.105997,0.416501,-0.200702,-0.071555,-0.244412,0.121067,-0.010659,-0.046721,-0.015732,-0.052953,0.039083,0.023226,0.219506,-0.098525,-0.251508,0.026215,0.214302,-0.357998,0.312052,-0.246237,0.105261,0.188575,-0.090758,0.178547,-0.009498,0.036349,0.007183,0.185634,-0.346393,-0.089405,0.002834,0.136814,-0.000992,-0.326401,0.263686,0.000728,-0.061066,0.029340,-0.291676,-0.062929,0.068938,0.006067,0.031010,0.148254,-0.005262
18,10.780000,0.013532,-0.011961,-0.242957,0.062067,0.011164,0.018771,-0.284737,-0.432912,0.444426,-0.152915,-0.011955,-0.018879,-0.006534,0.198109,0.054410,-0.001985,-0.050875,-0.378142,0.341236,0.055301,0.118600,0.000214,-0.290254,-0.039192,-0.155089,0.069504,0.290972,-0.003426,0.214392,-0.187578,0.055174,-0.087721,-0.265745,-0.026492,0.214365,-0.003203,-0.011390,0.314355,-0.051282,-0.078128,-0.638021,-0.356501,0.280072,0.030491,0.329173,-0.269526,0.201637,-0.170080,-0.236370,-0.461093,-0.362830,-0.114987,0.157858,0.004134,0.352448,0.338833,-0.325299,-0.019934,0.284940,-0.071026,-0.392609,0.345434,0.193010,0.011239,0.361194,-0.007883,0.082678,0.017215,0.003978,0.213742,0.306439,0.329158,0.005788,-0.204303,-0.005530,0.190999,0.005432,0.311694,0.311371,-0.038581,0.290008,0.289994,0.245798,-0.105770,0.420131,-0.200699,-0.073152,-0.249464,0.120782,-0.010380,-0.046985,-0.015120,-0.051651,0.038429,0.022624,0.219857,-0.100189,-0.247854,0.027025,0.209833,-0.356528,0.312223,-0.244701,0.104508,0.189059,-0.091920,0.177620,-0.009286,0.035326,0.007170,0.186041,-0.347914,-0.093850,0.002306,0.138972,-0.000504,-0.321553,0.267905,0.000709,-0.060816,0.034933,-0.294488,-0.065921,0.066024,0.005739,0.026867,0.149740,-0.005561
19,10.800000,0.013114,-0.012146,-0.237444,0.062766,0.009913,0.018966,-0.282556,-0.428098,0.446023,-0.157050,-0.012210,-0.018325,-0.005181,0.192009,0.054906,-0.002111,-0.049780,-0.374768,0.341234,0.056043,0.118001,0.000212,-0.288716,-0.038917,-0.156708,0.062439,0.291110,-0.003684,0.211530,-0.191741,0.056056,-0.088225,-0.263408,-0.026221,0.209832,-0.003551,-0.010128,0.308095,-0.051052,-0.078254,-0.639060,-0.360222,0.272924,0.031251,0.327798,-0.270769,0.196538,-0.169778,-0.238239,-0.465257,-0.366892,-0.116558,0.158282,0.004184,0.351279,0.332138,-0.323838,-0.020568,0.285443,-0.069303,-0.392828,0.356670,0.190500,0.009800,0.370474,-0.007770,0.086500,0.017653,0.003108,0.213129,0.300137,0.330886,0.004842,-0.210072,-0.005668,0.195101,0.005021,0.311411,0.308130,-0.038198,0.290449,0.286466,0.246858,-0.104421,0.424088,-0.202639,-0.073414,-0.247700,0.119211,-0.011448,-0.046436,-0.015716,-0.047196,0.040772,0.024535,0.217832,-0.100078,-0.242039,0.031802,0.205342,-0.354151,0.313555,-0.246833,0.102810,0.187758,-0.095300,0.174787,-0.009507,0.039314,0.005888,0.191026,-0.349844,-0.096150,0.002457,0.143456,0.000140,-0.321747,0.269437,0.001001,-0.060001,0.035105,-0.300751,-0.067607,0.063028,0.004619,0.025505,0.147746,-0.005761
20,10.820000,0.013487,-0.012024,-0.238733,0.064436,0.011064,0.019401,-0.275729,-0.429261,0.445156,-0.150052,-0.011224,-0.018469,-0.008301,0.199904,0.052953,-0.002009,-0.047265,-0.374458,0.344661,0.054753,0.116038,0.000202,-0.286609,-0.039176,-0.158140,0.063213,0.285074,-0.004309,0.207892,-0.188786,0.055254,-0.085594,-0.266831,-0.026401,0.211126,-0.003401,-0.011178,0.305134,-0.052919,-0.078468,-0.639036,-0.355560,0.279227,0.031847,0.333470,-0.273533,0.196279,-0.173734,-0.231470,-0.468224,-0.368165,-0.113571,0.160015,0.004755,0.353952,0.334981,-0.324592,-0.020905,0.283035,-0.070847,-0.392621,0.374177,0.189714,0.009623,0.364347,-0.007958,0.082783,0.020409,0.002017,0.212871,0.301749,0.333475,0.003992,-0.211348,-0.006338,0.196111,0.004866,0.316391,0.319147,-0.037925,0.289814,0.290520,0.245530,-0.106262,0.427349,-0.202189,-0.069531,-0.248596,0.118184,-0.011306,-0.046599,-0.017747,-0.047901,0.038350,0.024422,0.217380,-0.102139,-0.243043,0.030727,0.210483,-0.358697,0.313277,-0.243442,0.104245,0.186858,-0.097876,0.176502,-0.009095,0.038848,0.005429,0.196793,-0.352773,-0.096703,0.003168,0.149641,-0.001388,-0.324994,0.270817,0.000776,-0.061344,0.041613,-0.300435,-0.064635,0.061171,0.005295,0.026476,0.150869,-0.006575
21,10.840000,0.013267,-0.011450,-0.232385,0.068991,0.011501,0.021914,-0.280225,-0.430919,0.438704,-0.150779,-0.011980,-0.018002,-0.013904,0.202815,0.048198,-0.002002,-0.051808,-0.369537,0.341744,0.054613,0.114830,0.000222,-0.283443,-0.039272,-0.156248,0.061824,0.277154,-0.005174,0.212335,-0.194685,0.057548,-0.087980,-0.271291,-0.026915,0.209201,-0.003298,-0.012131,0.303820,-0.050801,-0.080293,-0.637774,-0.367148,0.280504,0.033521,0.325541,-0.266302,0.195099,-0.170179,-0.233104,-0.472619,-0.358289,-0.113332,0.165505,0.004412,0.355057,0.337862,-0.325544,-0.023250,0.278767,-0.070338,-0.383972,0.396244,0.187779,0.004627,0.375986,-0.007886,0.074690,0.018578,0.000996,0.213079,0.303324,0.334294,0.003561,-0.211877,-0.001303,0.189664,0.004616,0.320926,0.318552,-0.040649,0.290906,0.289003,0.243176,-0.104482,0.424837,-0.205803,-0.068019,-0.249487,0.118697,-0.010950,-0.046143,-0.017102,-0.042577,0.040544,0.021510,0.218589,-0.102415,-0.250238,0.041227,0.215410,-0.362078,0.311032,-0.240494,0.109318,0.190970,-0.088781,0.180725,-0.008861,0.038645,0.005296,0.197025,-0.343000,-0.095232,0.003812,0.146594,-0.002875,-0.322802,0.271580,0.001505,-0.062483,0.050685,-0.298483,-0.065543,0.064480,0.005562,0.026972,0.154729,-0.007339
22,10.860000,0.012995,-0.013083,-0.228553,0.064654,0.009709,0.023175,-0.282410,-0.427032,0.442304,-0.151167,-0.011339,-0.017338,-0.005519,0.200809,0.051682,-0.001882,-0.053599,-0.364849,0.338562,0.054074,0.110982,0.000200,-0.277964,-0.038243,-0.156041,0.063237,0.279816,-0.006027,0.209661,-0.197538,0.060817,-0.086171,-0.268145,-0.027342,0.216609,-0.003714,-0.011415,0.307587,-0.050336,-0.081995,-0.640606,-0.372811,0.273095,0.034628,0.325366,-0.268075,0.193981,-0.168226,-0.229232,-0.475498,-0.359894,-0.114137,0.164539,0.004385,0.351382,0.332908,-0.325206,-0.024072,0.282299,-0.069178,-0.392988,0.407732,0.193969,0.007809,0.379427,-0.007528,0.083238,0.018136,0.000036,0.211914,0.301311,0.336587,0.003220,-0.210128,-0.000886,0.191259,0.004909,0.322859,0.309831,-0.038928,0.299348,0.288299,0.237529,-0.104088,0.426862,-0.208940,-0.071010,-0.243190,0.117663,-0.009827,-0.046346,-0.017547,-0.046509,0.045354,0.022859,0.220544,-0.103906,-0.250554,0.046520,0.215691,-0.356299,0.305011,-0.241023,0.103761,0.192274,-0.093418,0.179672,-0.008728,0.038323,0.004647,0.193906,-0.348283,-0.099858,0.003319,0.147749,-0.001488,-0.316949,0.269656,0.001493,-0.062048,0.038770,-0.298174,-0.058233,0.065137,0.004301,0.027384,0.153127,-0.007533
23,10.880000,0.012831,-0.013725,-0.230223,0.067462,0.010392,0.025585,-0.282377,-0.430833,0.437139,-0.148352,-0.010715,-0.017586,-0.009055,0.216962,0.049745,-0.001959,-0.057702,-0.371598,0.337796,0.053124,0.107353,0.000212,-0.267017,-0.039328,-0.161438,0.066534,0.283820,-0.007302,0.204005,-0.200399,0.062073,-0.087532,-0.266777,-0.027503,0.216655,-0.003887,-0.013990,0.308208,-0.053224,-0.084133,-0.641795,-0.371011,0.273844,0.035632,0.331789,-0.268353,0.194196,-0.168228,-0.227408,-0.483627,-0.359298,-0.111187,0.161848,0.004589,0.351335,0.341774,-0.325339,-0.026425,0.279391,-0.069654,-0.387515,0.436180,0.195997,0.008195,0.376702,-0.007527,0.084726,0.019703,-0.000559,0.213752,0.298654,0.337275,0.002971,-0.213691,0.002574,0.191076,0.005753,0.326183,0.313884,-0.038658,0.301671,0.290559,0.236768,-0.102322,0.429007,-0.211105,-0.072758,-0.241079,0.117301,-0.009447,-0.046796,-0.018225,-0.049588,0.043183,0.019747,0.224123,-0.106994,-0.251645,0.052286,0.216118,-0.355225,0.301821,-0.236857,0.105484,0.189662,-0.091126,0.177801,-0.008119,0.032978,0.004053,0.201036,-0.350813,-0.102186,0.002282,0.148925,-0.001146,-0.316200,0.277577,0.001087,-0.063970,0.036179,-0.302727,-0.058812,0.061537,0.004317,0.024410,0.154746,-0.008103
24,10.900000,0.011781,-0.013189,-0.231554,0.068670,0.007698,0.027040,-0.275796,-0.425445,0.446228,-0.148543,-0.009966,-0.017867,-0.010108,0.205368,0.049949,-0.002431,-0.056332,-0.370073,0.341092,0.053918,0.106221,0.000232,-0.265556,-0.038631,-0.162624,0.059453,0.285670,-0.007500,0.202376,-0.199966,0.063541,-0.086147,-0.268124,-0.026827,0.212076,-0.003246,-0.014532,0.307695,-0.053807,-0.082908,-0.642212,-0.371530,0.271229,0.035880,0.336706,-0.261433,0.194643,-0.169863,-0.227636,-0.488657,-0.357233,-0.111356,0.160481,0.004365,0.351506,0.334440,-0.321748,-0.024977,0.276516,-0.069253,-0.389580,0.427709,0.191428,0.006559,0.383639,-0.007168,0.088115,0.019355,-0.001100,0.213894,0.301673,0.333625,0.002635,-0.217796,0.002658,0.199821,0.005241,0.327254,0.315777,-0.037077,0.296655,0.289259,0.238439,-0.099596,0.426610,-0.210962,-0.069971,-0.238570,0.118241,-0.009159,-0.047006,-0.019124,-0.042821,0.041331,0.021727,0.219520,-0.104842,-0.243173,0.054661,0.212475,-0.356309,0.302326,-0.237219,0.103257,0.188058,-0.091743,0.172504,-0.008068,0.035553,0.003245,0.205447,-0.348682,-0.101391,0.003211,0.150783,-0.001576,-0.313356,0.277112,0.000927,-0.064398,0.037258,-0.306968,-0.063543,0.061836,0.004028,0.024655,0.155311,-0.008361
25,10.920000,0.010980,-0.014086,-0.227957,0.071182,0.006462,0.026351,-0.274619,-0.418667,0.447422,-0.148078,-0.010206,-0.017367,-0.007449,0.199857,0.046891,-0.002511,-0.055892,-0.366610,0.341718,0.053752,0.107267,0.000219,-0.267630,-0.037990,-0.154953,0.056569,0.280187,-0.008104,0.203616,-0.201964,0.064408,-0.087081,-0.268105,-0.027211,0.211773,-0.001629,-0.012714,0.311366,-0.049269,-0.080875,-0.643077,-0.365555,0.269169,0.035972,0.336871,-0.258198,0.198482,-0.168637,-0.220282,-0.488765,-0.362539,-0.110283,0.158459,0.004113,0.351958,0.324920,-0.324871,-0.024556,0.275893,-0.068901,-0.393919,0.423599,0.189620,0.010321,0.388814,-0.006982,0.090749,0.018396,-0.001971,0.213280,0.300595,0.333715,0.002354,-0.219032,0.007631,0.199311,0.004574,0.323283,0.318289,-0.037743,0.298858,0.283966,0.235326,-0.101122,0.424452,-0.209122,-0.065655,-0.237967,0.116671,-0.009740,-0.046810,-0.020321,-0.037212,0.046229,0.022813,0.215966,-0.104910,-0.247525,0.055839,0.214168,-0.353981,0.303618,-0.239576,0.101127,0.186203,-0.092993,0.172961,-0.008442,0.037742,0.002386,0.205976,-0.350492,-0.099763,0.003609,0.149577,-0.002222,-0.314819,0.272674,0.001256,-0.062006,0.037557,-0.302650,-0.060600,0.061307,0.004039,0.029476,0.156695,-0.008797
26,10.940000,0.010195,-0.011858,-0.227763,0.074661,0.005377,0.026590,-0.274073,-0.425465,0.441898,-0.147125,-0.010641,-0.017184,-0.018647,0.199779,0.041060,-0.002484,-0.051858,-0.367434,0.344001,0.053612,0.108428,0.000208,-0.268861,-0.037944,-0.153878,0.052512,0.275791,-0.008832,0.205512,-0.203021,0.068193,-0.088361,-0.272732,-0.027388,0.204093,-0.001168,-0.012620,0.305346,-0.053206,-0.079915,-0.645089,-0.364192,0.278023,0.036018,0.332670,-0.257237,0.192872,-0.164547,-0.217101,-0.490605,-0.356651,-0.110027,0.163235,0.003872,0.354065,0.337037,-0.323326,-0.024428,0.277957,-0.069070,-0.388775,0.422078,0.189493,0.010047,0.395966,-0.007222,0.076543,0.018510,-0.002780,0.213689,0.302961,0.331033,0.002048,-0.219550,0.004600,0.190801,0.005134,0.328402,0.318869,-0.039319,0.290349,0.281982,0.228915,-0.101264,0.422365,-0.209084,-0.064083,-0.243587,0.116547,-0.009307,-0.046583,-0.021470,-0.038427,0.040292,0.020994,0.214842,-0.104827,-0.251960,0.056655,0.218073,-0.358521,0.302127,-0.237683,0.108279,0.186494,-0.082836,0.175936,-0.008175,0.039389,0.001728,0.204922,-0.344745,-0.098967,0.004108,0.149348,-0.002958,-0.317945,0.274703,0.000989,-0.061329,0.049191,-0.302070,-0.064149,0.062847,0.005796,0.022814,0.159388,-0.009056
27,10.960000,0.009797,-0.012714,-0.225962,0.068735,0.005229,0.027646,-0.275721,-0.415030,0.435747,-0.142544,-0.010511,-0.017254,-0.008908,0.217472,0.042511,-0.002196,-0.053502,-0.357713,0.341866,0.052989,0.104429,0.000219,-0.263851,-0.036862,-0.156635,0.054292,0.279237,-0.010628,0.202949,-0.203394,0.071969,-0.085675,-0.270662,-0.028253,0.211450,-0.003475,-0.013279,0.308046,-0.054171,-0.084518,-0.645705,-0.365544,0.272576,0.038077,0.324347,-0.262373,0.194564,-0.166024,-0.216599,-0.495061,-0.360772,-0.107433,0.160843,0.004156,0.350520,0.336259,-0.320826,-0.026436,0.281288,-0.069450,-0.395175,0.447457,0.195633,0.010929,0.388368,-0.007376,0.084649,0.020828,-0.003533,0.213375,0.304315,0.332782,0.001819,-0.218199,0.004409,0.192632,0.006071,0.332913,0.322364,-0.038040,0.295613,0.287182,0.225757,-0.100381,0.423295,-0.216515,-0.062527,-0.235613,0.118028,-0.009976,-0.046354,-0.023123,-0.038629,0.043494,0.022264,0.216058,-0.104683,-0.253446,0.059723,0.215651,-0.358690,0.293806,-0.239857,0.103995,0.185882,-0.083919,0.178035,-0.007614,0.038776,0.001078,0.209790,-0.351624,-0.103221,0.004165,0.148921,-0.001489,-0.316350,0.277890,0.000773,-0.061179,0.043913,-0.300433,-0.057987,0.064469,0.005094,0.027133,0.160864,-0.008530
28,10.980000,0.008523,-0.013829,-0.225448,0.067152,0.003215,0.027290,-0.283105,-0.420586,0.446347,-0.137768,-0.011270,-0.016142,-0.010632,0.203667,0.047070,-0.002477,-0.061139,-0.372627,0.345927,0.052298,0.108259,0.000234,-0.262875,-0.036521,-0.162613,0.054170,0.287952,-0.009510,0.201728,-0.198753,0.074419,-0.084845,-0.264113,-0.026737,0.206018,-0.003979,-0.011560,0.312220,-0.051104,-0.080883,-0.648195,-0.363353,0.269111,0.037206,0.331796,-0.250949,0.198538,-0.163386,-0.212303,-0.497739,-0.357335,-0.106209,0.154242,0.003368,0.353721,0.338746,-0.318975,-0.024864,0.279303,-0.068421,-0.395487,0.421823,0.197166,0.010347,0.375046,-0.007519,0.093659,0.018621,-0.003746,0.216610,0.294574,0.336479,0.001661,-0.219366,0.010128,0.195432,0.006333,0.326053,0.316287,-0.035660,0.293890,0.290798,0.230320,-0.102817,0.424774,-0.213073,-0.070361,-0.229153,0.119644,-0.010426,-0.046845,-0.023546,-0.046956,0.041312,0.020523,0.217101,-0.105216,-0.249234,0.049072,0.212274,-0.354594,0.295754,-0.237929,0.098891,0.186313,-0.086281,0.175177,-0.008048,0.036603,0.000338,0.204606,-0.343257,-0.106393,0.002665,0.146741,-0.000853,-0.311664,0.275714,0.000407,-0.059570,0.037469,-0.300793,-0.058121,0.060685,0.004268,0.017627,0.159982,-0.008358
29,11.000000,0.007650,-0.013503,-0.227015,0.068854,0.001972,0.027872,-0.269883,-0.415800,0.445411,-0.141454,-0.010226,-0.017025,-0.013401,0.204333,0.046370,-0.003058,-0.058107,-0.371468,0.345926,0.053210,0.107386,0.000259,-0.262492,-0.036151,-0.165936,0.047397,0.286735,-0.009839,0.195451,-0.200967,0.073793,-0.086180,-0.265741,-0.026848,0.206571,-0.004666,-0.013095,0.306629,-0.054033,-0.079734,-0.647289,-0.359740,0.270201,0.037640,0.330965,-0.256093,0.198766,-0.166260,-0.205277,-0.493032,-0.360435,-0.110214,0.155041,0.003133,0.354020,0.334432,-0.320783,-0.026504,0.279474,-0.069000,-0.394952,0.422475,0.191247,0.004174,0.384271,-0.007436,0.093033,0.019010,-0.004388,0.218512,0.299367,0.332242,0.001424,-0.221272,0.008579,0.199392,0.005555,0.325170,0.314883,-0.035632,0.289481,0.290154,0.235255,-0.099331,0.420308,-0.213724,-0.063963,-0.230131,0.118573,-0.010014,-0.046182,-0.024332,-0.042432,0.039420,0.023106,0.211452,-0.104642,-0.243577,0.051390,0.212032,-0.358857,0.302140,-0.237672,0.098328,0.183091,-0.090171,0.168539,-0.007642,0.038587,-0.000173,0.214390,-0.342189,-0.108397,0.003332,0.148764,-0.001727,-0.311765,0.281451,0.000676,-0.059509,0.040252,-0.301023,-0.066005,0.057942,0.004131,0.017239,0.157738,-0.007640
30,11.020000,0.006988,-0.014538,-0.220381,0.071005,0.000863,0.028269,-0.273472,-0.413636,0.445897,-0.143595,-0.011276,-0.016645,-0.011262,0.206051,0.046191,-0.003152,-0.067167,-0.370961,0.343473,0.053332,0.106771,0.000241,-0.263606,-0.035587,-0.162600,0.043026,0.283331,-0.010650,0.198811,-0.200714,0.072790,-0.086522,-0.264287,-0.026822,0.205786,-0.004018,-0.011431,0.309882,-0.047486,-0.080832,-0.646699,-0.363808,0.268139,0.037485,0.329318,-0.252903,0.199988,-0.164955,-0.203192,-0.494090,-0.360468,-0.111510,0.156235,0.002912,0.356369,0.329396,-0.325427,-0.026792,0.277729,-0.069438,-0.396298,0.434478,0.191545,-0.002375,0.381882,-0.007648,0.096569,0.019023,-0.005042,0.220312,0.295594,0.335084,0.001167,-0.219946,0.012050,0.196583,0.004415,0.321959,0.315785,-0.036785,0.295172,0.293875,0.234587,-0.101219,0.421410,-0.214408,-0.062384,-0.231648,0.117799,-0.010527,-0.047167,-0.025058,-0.035255,0.047569,0.022902,0.212422,-0.108645,-0.245399,0.054105,0.210097,-0.357925,0.302210,-0.240626,0.097087,0.183773,-0.094615,0.169256,-0.008140,0.041281,-0.000559,0.214861,-0.340568,-0.104148,0.003486,0.150971,-0.002310,-0.309709,0.281284,0.001567,-0.059814,0.045722,-0.299520,-0.064237,0.057738,0.003351,0.019868,0.158177,-0.008136
31,11.040000,0.006390,-0.015484,-0.221419,0.071305,-0.000074,0.029031,-0.273013,-0.422288,0.445285,-0.139737,-0.011081,-0.016883,-0.013250,0.214555,0.047621,-0.003266,-0.069253,-0.372961,0.339859,0.051946,0.104169,0.000239,-0.262837,-0.035765,-0.162930,0.050714,0.283744,-0.011315,0.199950,-0.200577,0.074031,-0.087475,-0.265407,-0.026781,0.210601,-0.003701,-0.012228,0.306491,-0.047091,-0.080854,-0.646941,-0.368459,0.268917,0.036575,0.337009,-0.252387,0.195707,-0.166324,-0.195262,-0.493236,-0.359032,-0.112791,0.158648,0.002854,0.361144,0.334548,-0.324729,-0.027612,0.276420,-0.071099,-0.400993,0.447849,0.193012,-0.004115,0.383128,-0.007673,0.100845,0.018747,-0.005746,0.221287,0.292730,0.335777,0.000987,-0.219743,0.012207,0.196589,0.004180,0.320202,0.307734,-0.036281,0.300819,0.296938,0.239221,-0.101380,0.427731,-0.214185,-0.062917,-0.231173,0.116417,-0.011027,-0.046655,-0.024244,-0.039305,0.048913,0.023108,0.218910,-0.112942,-0.247339,0.057398,0.211904,-0.355677,0.301584,-0.237605,0.096084,0.184710,-0.103701,0.168354,-0.007963,0.040175,-0.000988,0.213116,-0.344834,-0.101908,0.003657,0.153595,-0.002585,-0.311049,0.281778,0.001869,-0.062680,0.047403,-0.300486,-0.062422,0.058467,0.003452,0.015605,0.158890,-0.008662
32,11.060000,0.005369,-0.015693,-0.218676,0.071608,-0.001091,0.031346,-0.276608,-0.426578,0.443514,-0.140683,-0.011432,-0.016762,-0.015144,0.208334,0.046093,-0.003378,-0.069485,-0.376205,0.338125,0.051487,0.103790,0.000240,-0.260540,-0.036077,-0.163672,0.051994,0.283117,-0.011323,0.201282,-0.203375,0.072027,-0.087071,-0.261783,-0.026013,0.207591,-0.002607,-0.013932,0.307240,-0.047540,-0.080660,-0.649074,-0.368460,0.264578,0.036051,0.339433,-0.254024,0.191034,-0.168808,-0.192986,-0.498929,-0.361713,-0.113290,0.158825,0.002674,0.357128,0.335371,-0.325808,-0.027737,0.276048,-0.069573,-0.397305,0.450778,0.190065,-0.004976,0.393380,-0.007492,0.099097,0.019134,-0.006209,0.220812,0.286428,0.337103,0.000848,-0.222248,0.012914,0.196470,0.003668,0.320725,0.303310,-0.035516,0.304644,0.290598,0.243619,-0.100369,0.431385,-0.211459,-0.065712,-0.230704,0.115165,-0.011614,-0.046992,-0.025377,-0.035653,0.050113,0.024409,0.220984,-0.115291,-0.245625,0.057568,0.210752,-0.352421,0.307792,-0.235428,0.096829,0.183766,-0.102930,0.168849,-0.007975,0.041178,-0.001218,0.216144,-0.347865,-0.099189,0.003597,0.155208,-0.002806,-0.309826,0.284261,0.002016,-0.064511,0.046395,-0.306640,-0.061184,0.056309,0.002695,0.012655,0.161347,-0.009622
33,11.080000,0.004426,-0.013958,-0.215471,0.074618,-0.002154,0.031833,-0.273130,-0.425459,0.440901,-0.141667,-0.011367,-0.016719,-0.020649,0.215024,0.045107,-0.003217,-0.070271,-0.373985,0.339473,0.051649,0.102312,0.000224,-0.256156,-0.035981,-0.161781,0.047826,0.280142,-0.012277,0.201131,-0.204462,0.070808,-0.086817,-0.265589,-0.025992,0.210073,-0.002141,-0.012838,0.305327,-0.047211,-0.080031,-0.649662,-0.367167,0.266417,0.036782,0.341329,-0.250876,0.187668,-0.166125,-0.188953,-0.501063,-0.357871,-0.113920,0.163395,0.002525,0.358242,0.339873,-0.327179,-0.028293,0.271531,-0.069447,-0.393615,0.462066,0.188674,-0.007823,0.400082,-0.007581,0.094087,0.019048,-0.006907,0.221504,0.290919,0.334707,0.000687,-0.225648,0.012717,0.193530,0.003260,0.323610,0.307540,-0.036505,0.299812,0.291643,0.240917,-0.100483,0.431234,-0.212447,-0.062817,-0.232953,0.113708,-0.011334,-0.046999,-0.025878,-0.032420,0.049022,0.023906,0.220408,-0.114923,-0.249012,0.060615,0.207225,-0.355611,0.303488,-0.234032,0.098215,0.180161,-0.098972,0.168428,-0.008018,0.044652,-0.001389,0.219514,-0.344989,-0.094924,0.004188,0.157804,-0.003518,-0.309442,0.284483,0.002508,-0.064249,0.054213,-0.310051,-0.062164,0.060016,0.003015,0.009134,0.161332,-0.010239
34,11.100000,0.003524,-0.014103,-0.217938,0.074026,-0.003277,0.033041,-0.271535,-0.424969,0.441639,-0.140591,-0.011456,-0.016278,-0.018165,0.218455,0.048139,-0.002904,-0.067948,-0.367734,0.337717,0.051184,0.100657,0.000251,-0.253919,-0.036482,-0.159501,0.052553,0.281377,-0.012557,0.202601,-0.208291,0.072769,-0.086504,-0.266312,-0.026383,0.213031,-0.003690,-0.012002,0.305159,-0.046230,-0.082249,-0.649148,-0.371326,0.264684,0.036200,0.338556,-0.245417,0.187004,-0.166625,-0.188052,-0.499873,-0.355047,-0.112000,0.164403,0.002380,0.361903,0.336472,-0.327011,-0.028926,0.269914,-0.069200,-0.395763,0.466579,0.191878,-0.008401,0.404953,-0.007590,0.097512,0.018035,-0.006928,0.221211,0.291867,0.336530,0.000581,-0.227192,0.012149,0.194658,0.003209,0.321950,0.305802,-0.036237,0.304887,0.295332,0.240648,-0.100474,0.435930,-0.216342,-0.060726,-0.234090,0.113525,-0.012173,-0.046949,-0.026597,-0.028184,0.048417,0.025980,0.219115,-0.116412,-0.247355,0.063845,0.207212,-0.354097,0.297880,-0.233119,0.099053,0.180466,-0.098822,0.167083,-0.008069,0.044606,-0.001571,0.216668,-0.350142,-0.091581,0.004764,0.156984,-0.002973,-0.309146,0.282208,0.002532,-0.064922,0.055184,-0.308635,-0.061921,0.061253,0.003199,0.011039,0.163029,-0.010551
35,11.120000,0.002718,-0.014889,-0.216280,0.074947,-0.004402,0.034066,-0.271392,-0.417243,0.440480,-0.140864,-0.010834,-0.016040,-0.014324,0.216103,0.043144,-0.002592,-0.063597,-0.356818,0.337746,0.051659,0.105309,0.000238,-0.257045,-0.036375,-0.150796,0.050738,0.274944,-0.013033,0.205245,-0.216206,0.075099,-0.087778,-0.267947,-0.026930,0.212334,-0.003099,-0.010166,0.310217,-0.045775,-0.083579,-0.649628,-0.366799,0.258565,0.036197,0.338122,-0.252340,0.193357,-0.167724,-0.184354,-0.503678,-0.363744,-0.111290,0.164251,0.002286,0.355121,0.332097,-0.329833,-0.029017,0.272075,-0.069509,-0.396995,0.471170,0.191917,-0.002822,0.412861,-0.007690,0.092110,0.018433,-0.007176,0.219750,0.295375,0.337739,0.000508,-0.227580,0.015863,0.193203,0.003123,0.323122,0.308045,-0.036784,0.303585,0.287625,0.236024,-0.099808,0.434346,-0.216572,-0.058224,-0.231899,0.113302,-0.013570,-0.046545,-0.028517,-0.024438,0.052392,0.026567,0.219230,-0.114035,-0.254426,0.066154,0.211469,-0.350686,0.297636,-0.233833,0.098015,0.180273,-0.094168,0.169055,-0.008108,0.044229,-0.001838,0.217487,-0.353102,-0.089618,0.004570,0.155025,-0.004029,-0.314357,0.278982,0.002268,-0.062650,0.048219,-0.309097,-0.056823,0.060846,0.002552,0.016420,0.163524,-0.010576
36,11.140000,0.001861,-0.013396,-0.217967,0.073344,-0.005584,0.034447,-0.269507,-0.418152,0.437023,-0.138165,-0.010167,-0.016056,-0.015430,0.217835,0.045601,-0.002434,-0.065518,-0.359529,0.340066,0.051083,0.101791,0.000234,-0.251034,-0.036754,-0.152274,0.049044,0.276049,-0.013571,0.201984,-0.209744,0.078953,-0.084931,-0.268358,-0.027630,0.210900,-0.004066,-0.009577,0.310651,-0.049555,-0.084485,-0.651282,-0.368423,0.262949,0.036499,0.337477,-0.247582,0.187493,-0.166285,-0.175371,-0.506779,-0.353723,-0.109961,0.162945,0.002174,0.355961,0.342075,-0.326451,-0.029331,0.272103,-0.070095,-0.396740,0.481102,0.196606,-0.000178,0.408377,-0.007957,0.092290,0.019200,-0.007322,0.218946,0.297209,0.338342,0.000429,-0.228283,0.012387,0.192739,0.004617,0.326828,0.312584,-0.035970,0.302437,0.288884,0.227737,-0.098993,0.436817,-0.218850,-0.059112,-0.232810,0.112989,-0.012475,-0.047286,-0.028999,-0.027267,0.044896,0.025565,0.220111,-0.112934,-0.252503,0.066841,0.213501,-0.352823,0.291239,-0.232270,0.098755,0.178633,-0.090626,0.171150,-0.007566,0.042664,-0.002139,0.222405,-0.349707,-0.090786,0.004216,0.156994,-0.004247,-0.310749,0.287751,0.001546,-0.061890,0.050733,-0.310424,-0.059481,0.058129,0.003188,0.013728,0.163723,-0.010391
37,11.160000,0.001022,-0.014038,-0.218480,0.072472,-0.006503,0.036155,-0.271524,-0.415602,0.439786,-0.138441,-0.010404,-0.016064,-0.012985,0.215826,0.044816,-0.002181,-0.062394,-0.358197,0.336993,0.052318,0.103058,0.000252,-0.252339,-0.036568,-0.155315,0.043626,0.280160,-0.013839,0.199821,-0.211809,0.080841,-0.086084,-0.265613,-0.027301,0.208548,-0.004460,-0.009283,0.308793,-0.049515,-0.084676,-0.651109,-0.371918,0.260987,0.036669,0.332758,-0.250110,0.188819,-0.166703,-0.168457,-0.504714,-0.355783,-0.108548,0.160092,0.001920,0.356912,0.343295,-0.322009,-0.029966,0.272785,-0.069928,-0.397844,0.486479,0.193898,0.001586,0.405985,-0.007813,0.092672,0.019307,-0.007219,0.219310,0.296176,0.336521,0.000444,-0.230867,0.013950,0.193910,0.005089,0.324312,0.314810,-0.035652,0.299912,0.291940,0.231542,-0.097832,0.437757,-0.222904,-0.059366,-0.226246,0.113808,-0.012532,-0.046905,-0.030206,-0.027775,0.046828,0.027422,0.217036,-0.116031,-0.250043,0.068842,0.210262,-0.352830,0.286373,-0.231006,0.098822,0.179550,-0.088962,0.171371,-0.007536,0.042392,-0.002119,0.222955,-0.351196,-0.092953,0.003986,0.156359,-0.002679,-0.310062,0.289309,0.001373,-0.059828,0.048215,-0.309451,-0.061111,0.057470,0.002570,0.014331,0.164532,-0.010313
38,11.180000,0.000326,-0.013077,-0.214218,0.074827,-0.007478,0.036761,-0.268244,-0.414849,0.441109,-0.140728,-0.010097,-0.015766,-0.021146,0.213711,0.037628,-0.002174,-0.060068,-0.360392,0.341151,0.052706,0.106705,0.000259,-0.257855,-0.035038,-0.155255,0.040892,0.272037,-0.014541,0.198925,-0.214597,0.080383,-0.086235,-0.267993,-0.027095,0.198450,-0.003636,-0.008987,0.305965,-0.050369,-0.082860,-0.651727,-0.368704,0.264150,0.037072,0.327999,-0.251176,0.191601,-0.163438,-0.162999,-0.503854,-0.353859,-0.109128,0.163056,0.001452,0.353610,0.346252,-0.322732,-0.029569,0.274307,-0.070646,-0.389582,0.487309,0.191585,-0.000922,0.409769,-0.008069,0.077184,0.019484,-0.007131,0.221761,0.298468,0.335157,0.000449,-0.230219,0.013653,0.186801,0.005193,0.327199,0.317189,-0.038404,0.289858,0.289639,0.230053,-0.099048,0.431264,-0.222889,-0.057785,-0.232709,0.114205,-0.011674,-0.046675,-0.031509,-0.032303,0.045065,0.026299,0.214352,-0.117395,-0.254784,0.068974,0.213158,-0.358168,0.287600,-0.230688,0.102366,0.179726,-0.077166,0.172314,-0.007590,0.042185,-0.001804,0.223473,-0.340048,-0.094083,0.003464,0.153427,-0.004104,-0.312941,0.287518,0.001186,-0.056875,0.049501,-0.309410,-0.061609,0.058629,0.003139,0.008594,0.164799,-0.010137
39,11.200000,-0.000316,-0.013184,-0.212908,0.068923,-0.009010,0.036829,-0.268146,-0.410307,0.442196,-0.137292,-0.010486,-0.015699,-0.015695,0.216327,0.041924,-0.002396,-0.058758,-0.352327,0.342668,0.052051,0.101484,0.000263,-0.255539,-0.034469,-0.155014,0.044752,0.275446,-0.014874,0.199749,-0.210626,0.083060,-0.082916,-0.268124,-0.027176,0.200948,-0.005626,-0.008786,0.307046,-0.050910,-0.084120,-0.652691,-0.371175,0.259932,0.036460,0.321686,-0.249913,0.191914,-0.164008,-0.152261,-0.503825,-0.356727,-0.106480,0.160759,0.001092,0.350722,0.344190,-0.320242,-0.028971,0.276555,-0.070879,-0.395923,0.488538,0.196107,0.002070,0.407526,-0.008078,0.082072,0.019210,-0.006989,0.221831,0.295795,0.338361,0.000476,-0.229450,0.013114,0.186203,0.006180,0.327343,0.317932,-0.036388,0.297617,0.290020,0.226866,-0.098786,0.437560,-0.225308,-0.058075,-0.230419,0.114094,-0.011956,-0.046077,-0.033622,-0.036418,0.042005,0.028227,0.214952,-0.117339,-0.254535,0.066922,0.212619,-0.356885,0.284988,-0.232228,0.099642,0.177336,-0.077034,0.171871,-0.007119,0.041161,-0.001561,0.220526,-0.344371,-0.099012,0.003017,0.151697,-0.005146,-0.310603,0.288368,0.001070,-0.055685,0.047983,-0.309266,-0.056286,0.059132,0.002508,0.009803,0.164683,-0.009687
40,11.220000,-0.000827,-0.014752,-0.216405,0.068379,-0.009774,0.037374,-0.269714,-0.411380,0.445241,-0.138234,-0.011282,-0.015607,-0.014615,0.214947,0.043406,-0.002189,-0.065035,-0.355392,0.342479,0.052776,0.107240,0.000266,-0.255024,-0.034838,-0.153195,0.043147,0.279454,-0.014625,0.202175,-0.213714,0.084824,-0.082346,-0.268919,-0.026871,0.206838,-0.005598,-0.007357,0.312382,-0.049910,-0.085259,-0.653020,-0.368280,0.260138,0.036351,0.321081,-0.249414,0.199666,-0.162085,-0.140921,-0.502005,-0.353358,-0.105614,0.157551,0.000631,0.355677,0.345482,-0.325002,-0.028676,0.276646,-0.070253,-0.397557,0.486774,0.195675,-0.000259,0.404476,-0.008318,0.081221,0.018701,-0.006890,0.225085,0.300172,0.338811,0.000616,-0.227579,0.017473,0.182879,0.006435,0.317629,0.316400,-0.036482,0.296238,0.296174,0.225098,-0.098574,0.437428,-0.226516,-0.059545,-0.228047,0.114801,-0.011619,-0.046939,-0.033949,-0.040116,0.045623,0.027771,0.215227,-0.115238,-0.257410,0.062543,0.211643,-0.354973,0.283748,-0.229917,0.099097,0.180492,-0.077567,0.173474,-0.007326,0.039899,-0.001079,0.218845,-0.341229,-0.104010,0.002539,0.148717,-0.004619,-0.312976,0.290574,0.000817,-0.053797,0.048020,-0.307503,-0.054694,0.059149,0.002336,0.010411,0.162277,-0.009413
41,11.240000,-0.001265,-0.015132,-0.214483,0.065237,-0.011162,0.038356,-0.264879,-0.410356,0.447534,-0.139945,-0.011263,-0.016284,-0.015706,0.218746,0.046766,-0.002946,-0.068277,-0.360029,0.341484,0.052530,0.104861,0.000290,-0.256353,-0.035335,-0.156395,0.043960,0.283589,-0.014882,0.196543,-0.211966,0.085167,-0.082389,-0.267104,-0.027263,0.206932,-0.007086,-0.008348,0.312012,-0.049974,-0.086205,-0.652425,-0.370931,0.259251,0.035763,0.324092,-0.248477,0.199014,-0.162402,-0.135584,-0.495003,-0.351803,-0.108324,0.155640,0.000279,0.355648,0.345522,-0.323557,-0.029869,0.274798,-0.071226,-0.398432,0.492793,0.197778,-0.006738,0.402439,-0.008331,0.087193,0.018617,-0.006833,0.226780,0.298798,0.337397,0.000745,-0.227993,0.017344,0.183839,0.007257,0.314940,0.315194,-0.035844,0.298445,0.298270,0.226932,-0.095944,0.433253,-0.227980,-0.058533,-0.228091,0.113897,-0.010194,-0.047368,-0.033381,-0.042214,0.045420,0.027540,0.214498,-0.118075,-0.249184,0.064590,0.209387,-0.354481,0.284550,-0.230633,0.095197,0.179957,-0.082571,0.167332,-0.007200,0.037033,-0.000528,0.220956,-0.339497,-0.106364,0.002169,0.150164,-0.003189,-0.306273,0.296706,0.000850,-0.055074,0.042351,-0.304281,-0.059409,0.056541,0.001378,0.007965,0.161838,-0.009050
42,11.260000,-0.001515,-0.016159,-0.214134,0.067439,-0.011677,0.040551,-0.262849,-0.411944,0.446360,-0.142961,-0.011471,-0.016250,-0.019126,0.215649,0.046762,-0.003234,-0.070865,-0.364108,0.339600,0.052642,0.106881,0.000292,-0.254649,-0.035113,-0.158132,0.045970,0.285904,-0.014706,0.197112,-0.215854,0.084504,-0.081741,-0.266765,-0.026936,0.206368,-0.006540,-0.008059,0.309119,-0.048231,-0.086186,-0.651553,-0.371123,0.256966,0.035053,0.327660,-0.247216,0.196321,-0.163563,-0.131349,-0.489134,-0.353206,-0.108874,0.154399,-0.000023,0.357267,0.343932,-0.322622,-0.030788,0.273760,-0.072080,-0.399628,0.493173,0.193005,-0.011712,0.406285,-0.008386,0.091630,0.018734,-0.006510,0.228028,0.293715,0.335055,0.000877,-0.229475,0.019036,0.186228,0.006813,0.307390,0.312309,-0.035747,0.297644,0.300745,0.232228,-0.096033,0.439231,-0.228231,-0.059132,-0.228277,0.114705,-0.010713,-0.047499,-0.033360,-0.042433,0.047946,0.029122,0.215925,-0.123265,-0.244214,0.063569,0.204511,-0.352925,0.285820,-0.230055,0.091932,0.181084,-0.087372,0.163799,-0.007322,0.038459,0.000408,0.223885,-0.342680,-0.106850,0.002185,0.153348,-0.002693,-0.306810,0.297865,0.001194,-0.056792,0.046367,-0.307697,-0.061501,0.055043,0.001149,0.006944,0.162925,-0.009681
43,11.280000,-0.001741,-0.015265,-0.209770,0.070194,-0.012714,0.040786,-0.263941,-0.414716,0.451043,-0.144225,-0.011982,-0.015940,-0.021290,0.213080,0.042661,-0.003234,-0.070365,-0.362220,0.340345,0.052386,0.108939,0.000273,-0.254914,-0.034996,-0.150528,0.045196,0.278472,-0.015228,0.199766,-0.218663,0.083342,-0.081899,-0.266781,-0.026793,0.200824,-0.005226,-0.007014,0.307719,-0.047542,-0.084729,-0.652212,-0.369262,0.252576,0.034432,0.332695,-0.249817,0.193197,-0.164795,-0.124509,-0.487876,-0.360536,-0.110602,0.156945,-0.000355,0.354738,0.343718,-0.326458,-0.031228,0.271470,-0.072671,-0.395014,0.497190,0.187877,-0.012156,0.417268,-0.008416,0.088329,0.018653,-0.006307,0.227171,0.290600,0.338060,0.000934,-0.233764,0.020223,0.182362,0.006230,0.307581,0.309782,-0.036567,0.298456,0.293503,0.234568,-0.096784,0.440609,-0.226252,-0.057992,-0.230466,0.113950,-0.012329,-0.047201,-0.034637,-0.039180,0.047291,0.029875,0.218536,-0.125207,-0.247498,0.063946,0.207076,-0.352366,0.290721,-0.230378,0.094204,0.177268,-0.085435,0.165529,-0.007674,0.040620,0.001420,0.227591,-0.341771,-0.104942,0.002299,0.155081,-0.004131,-0.311115,0.295276,0.002009,-0.057685,0.050690,-0.311457,-0.060772,0.053143,0.001034,0.006190,0.164327,-0.010673
44,11.300000,-0.001850,-0.014387,-0.207011,0.068703,-0.014038,0.040528,-0.264613,-0.417130,0.448101,-0.144462,-0.012023,-0.015199,-0.019011,0.215025,0.046289,-0.002814,-0.074255,-0.360466,0.340123,0.051477,0.107080,0.000289,-0.247767,-0.034501,-0.146884,0.046235,0.280561,-0.015352,0.199549,-0.219240,0.086073,-0.077918,-0.265049,-0.027358,0.204000,-0.005838,-0.005230,0.303801,-0.048416,-0.086352,-0.653285,-0.373239,0.249414,0.034033,0.330852,-0.244455,0.186042,-0.163353,-0.117432,-0.478449,-0.355670,-0.109730,0.156996,-0.000799,0.356960,0.343991,-0.325853,-0.030951,0.271052,-0.072145,-0.397708,0.504730,0.189430,-0.011964,0.420476,-0.008504,0.095819,0.019217,-0.006053,0.225921,0.287487,0.339673,0.000952,-0.236080,0.018108,0.180848,0.006098,0.305035,0.307616,-0.035372,0.304042,0.294938,0.233385,-0.099003,0.451044,-0.229792,-0.059791,-0.234859,0.113535,-0.013199,-0.046803,-0.035666,-0.039601,0.044154,0.031862,0.220546,-0.129790,-0.243740,0.061577,0.205259,-0.352592,0.285201,-0.230017,0.092802,0.174573,-0.087431,0.168651,-0.007614,0.040248,0.003388,0.230110,-0.342223,-0.103929,0.002806,0.157901,-0.004713,-0.310676,0.297430,0.002374,-0.059217,0.056576,-0.315842,-0.060234,0.049214,0.001590,0.004705,0.164008,-0.011529
45,11.320000,-0.001890,-0.015192,-0.205082,0.068644,-0.015282,0.043347,-0.264895,-0.418808,0.450921,-0.143881,-0.011745,-0.014725,-0.018548,0.218297,0.044140,-0.002434,-0.072285,-0.357827,0.336159,0.051812,0.106037,0.000301,-0.242004,-0.034301,-0.145771,0.044954,0.284960,-0.015787,0.197086,-0.225827,0.089677,-0.079165,-0.261193,-0.027224,0.205464,-0.006051,-0.004743,0.300889,-0.050027,-0.086998,-0.653836,-0.379075,0.246283,0.033785,0.325740,-0.243000,0.185734,-0.165318,-0.113313,-0.452105,-0.357658,-0.108167,0.155039,-0.001026,0.358726,0.344233,-0.325961,-0.032053,0.270943,-0.070900,-0.397252,0.517956,0.187589,-0.013768,0.427247,-0.008421,0.098411,0.019094,-0.005784,0.226483,0.285483,0.340563,0.001046,-0.240663,0.020141,0.181619,0.005628,0.307047,0.303774,-0.034899,0.305158,0.296885,0.240119,-0.098853,0.454731,-0.232055,-0.057602,-0.231947,0.113717,-0.014700,-0.046055,-0.037008,-0.039717,0.044797,0.033932,0.220182,-0.133271,-0.243038,0.064014,0.203464,-0.350781,0.283940,-0.228328,0.093217,0.172370,-0.088869,0.168949,-0.007621,0.040659,0.005929,0.231854,-0.345214,-0.101758,0.003440,0.160500,-0.005043,-0.312927,0.298997,0.002531,-0.060180,0.058232,-0.320182,-0.060148,0.045942,0.001718,0.005166,0.165942,-0.012447
46,11.340000,-0.001777,-0.014748,-0.203275,0.073814,-0.015398,0.045188,-0.257237,-0.414229,0.455449,-0.146532,-0.010750,-0.014733,-0.027285,0.217197,0.035096,-0.002182,-0.066768,-0.351682,0.336071,0.053921,0.110465,0.000282,-0.242858,-0.032805,-0.137415,0.038331,0.275875,-0.015825,0.199177,-0.233467,0.092728,-0.081339,-0.266766,-0.027073,0.201140,-0.004647,-0.003935,0.299196,-0.051696,-0.085494,-0.654241,-0.378533,0.247811,0.033479,0.318448,-0.243729,0.189791,-0.166058,-0.106511,-0.419720,-0.356684,-0.111286,0.160711,-0.001315,0.355646,0.343594,-0.328616,-0.029441,0.274094,-0.069889,-0.390708,0.526140,0.183526,-0.019007,0.441184,-0.008618,0.079073,0.018569,-0.005402,0.227327,0.295545,0.338239,0.001128,-0.239934,0.020597,0.174074,0.004735,0.313285,0.305990,-0.038235,0.294302,0.295087,0.240609,-0.098752,0.449461,-0.231224,-0.051628,-0.240401,0.114271,-0.013845,-0.046155,-0.038441,-0.035679,0.046509,0.034141,0.217031,-0.134316,-0.250651,0.062107,0.203339,-0.354770,0.288086,-0.227298,0.097439,0.173449,-0.078548,0.169747,-0.007751,0.044173,0.009709,0.229716,-0.340206,-0.097621,0.004675,0.158969,-0.006472,-0.317266,0.296589,0.002591,-0.058813,0.065371,-0.322316,-0.061048,0.048477,0.002504,0.004582,0.166012,-0.012641
47,11.360000,-0.001722,-0.014953,-0.200063,0.065445,-0.015874,0.046847,-0.254826,-0.411436,0.453045,-0.145196,-0.010724,-0.014568,-0.025880,0.223712,0.039148,-0.002205,-0.072540,-0.345851,0.335473,0.053926,0.103622,0.000261,-0.230309,-0.030529,-0.137504,0.033985,0.284066,-0.016116,0.196252,-0.232649,0.098718,-0.076780,-0.266490,-0.027941,0.210969,-0.005957,-0.004700,0.298447,-0.052288,-0.086625,-0.657027,-0.381734,0.248714,0.033050,0.313003,-0.240485,0.184180,-0.166642,-0.089797,-0.368290,-0.354409,-0.111608,0.158734,-0.001632,0.358740,0.342060,-0.324401,-0.026438,0.277653,-0.069775,-0.400254,0.541568,0.189667,-0.019712,0.432681,-0.008678,0.085104,0.019730,-0.005130,0.228224,0.294049,0.341456,0.001259,-0.236662,0.016956,0.172109,0.004372,0.317800,0.300400,-0.036796,0.304926,0.300720,0.238620,-0.100699,0.457471,-0.235031,-0.052634,-0.239455,0.115297,-0.013158,-0.046397,-0.038334,-0.041681,0.044281,0.035208,0.221983,-0.138759,-0.251978,0.060029,0.200014,-0.354652,0.281260,-0.229844,0.091128,0.175528,-0.083206,0.172387,-0.007193,0.044865,0.016402,0.229939,-0.347695,-0.097238,0.004358,0.162040,-0.005159,-0.311626,0.301908,0.002213,-0.059492,0.067638,-0.322349,-0.057463,0.048579,0.002376,0.002619,0.165449,-0.012629
48,11.380000,-0.001370,-0.016622,-0.200314,0.063187,-0.015326,0.050622,-0.251046,-0.411997,0.457841,-0.145437,-0.010315,-0.014976,-0.030475,0.230087,0.036111,-0.002198,-0.070133,-0.346517,0.332414,0.056138,0.105615,0.000268,-0.219771,-0.029241,-0.136487,0.036999,0.292780,-0.015692,0.195612,-0.244995,0.100822,-0.079149,-0.265805,-0.027240,0.212475,-0.004804,-0.006811,0.294405,-0.053927,-0.086975,-0.657811,-0.388900,0.246961,0.032588,0.309014,-0.247374,0.188076,-0.172774,-0.076988,-0.286863,-0.358947,-0.113325,0.155617,-0.001614,0.361598,0.339454,-0.323436,-0.025167,0.280000,-0.068094,-0.399903,0.556879,0.184427,-0.019877,0.435572,-0.008590,0.079473,0.020167,-0.004713,0.230933,0.293389,0.343127,0.001591,-0.239640,0.019866,0.172348,0.003204,0.314214,0.293077,-0.037121,0.302322,0.308687,0.247751,-0.098606,0.465757,-0.236789,-0.053177,-0.234145,0.117249,-0.013827,-0.046310,-0.038629,-0.051142,0.044637,0.037267,0.225224,-0.147864,-0.252874,0.060510,0.195922,-0.351412,0.281251,-0.225866,0.089021,0.177182,-0.085181,0.172537,-0.006960,0.042827,0.026563,0.230157,-0.355661,-0.095893,0.003933,0.162820,-0.004683,-0.317157,0.305583,0.001854,-0.061324,0.067188,-0.328251,-0.055285,0.046926,0.002031,0.002384,0.164153,-0.013418
49,11.400000,-0.000720,-0.016425,-0.196186,0.064620,-0.014432,0.054428,-0.245092,-0.408037,0.468134,-0.154219,-0.009446,-0.015457,-0.040619,0.237762,0.026763,-0.002545,-0.070268,-0.346755,0.333601,0.060498,0.106095,0.000266,-0.210278,-0.026649,-0.120840,0.033523,0.291234,-0.016279,0.194855,-0.260481,0.096720,-0.079997,-0.270030,-0.026781,0.209779,-0.002209,-0.009562,0.291054,-0.056601,-0.084449,-0.659161,-0.386678,0.246495,0.032351,0.305863,-0.253469,0.187670,-0.180530,-0.056764,-0.187535,-0.365885,-0.117214,0.155760,-0.001620,0.358088,0.337726,-0.327085,-0.023594,0.284365,-0.067821,-0.386995,0.567376,0.174279,-0.026773,0.459328,-0.008544,0.065342,0.022078,-0.004251,0.229300,0.298644,0.344358,0.001773,-0.244036,0.022328,0.160955,0.001067,0.323327,0.280948,-0.040457,0.293758,0.302944,0.251418,-0.095402,0.466672,-0.242248,-0.051607,-0.240700,0.117337,-0.013042,-0.047122,-0.040374,-0.058920,0.042076,0.037829,0.227210,-0.152464,-0.257129,0.061967,0.194095,-0.353724,0.290078,-0.227045,0.090488,0.175971,-0.075117,0.173442,-0.007228,0.041930,0.043481,0.235626,-0.350045,-0.089620,0.004458,0.168321,-0.006242,-0.321562,0.302705,0.002670,-0.061739,0.065490,-0.336397,-0.052629,0.045180,0.001872,0.001466,0.162348,-0.015167
50,11.420000,0.000233,-0.017713,-0.195729,0.057090,-0.013457,0.055432,-0.243599,-0.407562,0.476074,-0.153504,-0.008567,-0.014980,-0.039711,0.257660,0.030900,-0.003095,-0.083017,-0.352566,0.332047,0.062959,0.097980,0.000282,-0.177675,-0.024033,-0.104064,0.036682,0.314646,-0.016599,0.185340,-0.268885,0.093240,-0.075405,-0.271065,-0.026660,0.229463,-0.002625,-0.011138,0.285309,-0.059023,-0.083123,-0.658551,-0.392439,0.249748,0.031854,0.300566,-0.248968,0.178489,-0.188837,-0.023412,-0.058720,-0.363217,-0.116346,0.144355,-0.001504,0.370402,0.325756,-0.324777,-0.020980,0.286361,-0.067113,-0.394735,0.583627,0.167484,-0.036652,0.462377,-0.008431,0.083338,0.027319,-0.003745,0.222913,0.291402,0.350743,0.001821,-0.250996,0.024342,0.156677,-0.001282,0.324425,0.258324,-0.037463,0.300201,0.316186,0.249491,-0.095720,0.487636,-0.258165,-0.057198,-0.237769,0.116425,-0.013947,-0.048222,-0.042737,-0.071281,0.033453,0.039447,0.230420,-0.160494,-0.249290,0.064180,0.185807,-0.353961,0.285985,-0.229201,0.081706,0.174035,-0.080231,0.175397,-0.007051,0.037331,0.069289,0.243799,-0.354172,-0.080966,0.005152,0.181093,-0.006966,-0.319191,0.300646,0.003880,-0.064562,0.069460,-0.344935,-0.045159,0.033727,0.002338,0.002253,0.160806,-0.018599
51,11.440000,0.001417,-0.019697,-0.195016,0.057235,-0.010956,0.057995,-0.237586,-0.409849,0.489770,-0.151982,-0.007343,-0.015229,-0.049151,0.276796,0.021378,-0.004357,-0.085676,-0.371873,0.325418,0.067370,0.099930,0.000297,-0.138234,-0.022467,-0.082282,0.036663,0.341482,-0.016285,0.172287,-0.292237,0.085069,-0.076223,-0.270289,-0.024200,0.239126,0.000042,-0.017304,0.274002,-0.063463,-0.077777,-0.654477,-0.394230,0.253944,0.030839,0.302551,-0.250899,0.184333,-0.208733,0.013339,0.093514,-0.373440,-0.116791,0.129312,-0.001171,0.388171,0.310773,-0.320929,-0.019253,0.289248,-0.065628,-0.395646,0.594092,0.145270,-0.054506,0.477371,-0.007744,0.097592,0.033275,-0.003159,0.213592,0.283293,0.354313,0.001634,-0.267656,0.039540,0.150746,-0.006319,0.322499,0.232732,-0.034455,0.291148,0.328613,0.263166,-0.092007,0.500137,-0.268099,-0.059700,-0.229264,0.113778,-0.016331,-0.048955,-0.047376,-0.082832,0.023769,0.040736,0.231688,-0.168343,-0.235364,0.066103,0.175962,-0.355609,0.296687,-0.227025,0.073733,0.171656,-0.088883,0.175184,-0.007304,0.033424,0.096756,0.259971,-0.356748,-0.062310,0.007756,0.197409,-0.009373,-0.328011,0.296404,0.006298,-0.068484,0.077751,-0.357970,-0.038098,0.011868,0.002649,0.006128,0.164858,-0.025382
52,11.460000,0.003095,-0.018519,-0.185448,0.067563,-0.009384,0.069458,-0.238198,-0.414884,0.508556,-0.151199,-0.006663,-0.014313,-0.062015,0.310034,-0.000265,-0.004261,-0.090454,-0.391312,0.319632,0.073275,0.108328,0.000269,-0.104437,-0.018220,-0.048194,0.029644,0.339527,-0.017452,0.166435,-0.313326,0.076480,-0.075177,-0.263303,-0.022058,0.237794,0.007088,-0.029130,0.265621,-0.072874,-0.071389,-0.650401,-0.397140,0.249588,0.030247,0.310935,-0.262259,0.192586,-0.236138,0.050212,0.289137,-0.391724,-0.124547,0.123573,-0.001113,0.396533,0.301422,-0.324432,-0.016639,0.300623,-0.062259,-0.383421,0.618474,0.121332,-0.071568,0.505160,-0.006921,0.099781,0.046194,-0.002815,0.196986,0.281671,0.367105,0.000353,-0.279177,0.047312,0.126739,-0.014739,0.327129,0.200645,-0.036084,0.287616,0.324458,0.280479,-0.097143,0.515922,-0.270264,-0.060760,-0.242538,0.104580,-0.018343,-0.049624,-0.050930,-0.096994,0.016455,0.041143,0.239554,-0.200614,-0.231632,0.065520,0.181104,-0.361415,0.322382,-0.236240,0.071845,0.170388,-0.085021,0.189836,-0.007899,0.031681,0.144855,0.279569,-0.346975,-0.027839,0.012931,0.217791,-0.012931,-0.348267,0.287363,0.010425,-0.073218,0.090170,-0.385418,-0.021004,-0.019525,0.003157,0.006451,0.170919,-0.037617
53,11.480000,0.005700,-0.016364,-0.177516,0.068250,-0.004230,0.072817,-0.213764,-0.400005,0.515146,-0.140886,-0.005517,-0.013227,-0.059011,0.337035,-0.008298,-0.004577,-0.106892,-0.400573,0.311181,0.079139,0.100868,0.000224,-0.030872,-0.014000,-0.005625,0.019932,0.367194,-0.016413,0.144860,-0.339295,0.078316,-0.066852,-0.258718,-0.019171,0.286037,0.009054,-0.036348,0.253739,-0.078815,-0.065655,-0.647725,-0.404754,0.253122,0.028883,0.300737,-0.247916,0.188931,-0.267568,0.110630,0.470393,-0.397286,-0.130627,0.107027,-0.000956,0.418466,0.261702,-0.323252,-0.010654,0.306354,-0.054614,-0.414096,0.643853,0.102285,-0.089687,0.507374,-0.004564,0.139012,0.052263,-0.002082,0.180338,0.280358,0.373281,-0.003531,-0.284574,0.056573,0.119682,-0.025366,0.330872,0.166597,-0.030924,0.311292,0.344891,0.282202,-0.102199,0.543507,-0.277999,-0.055610,-0.229132,0.098948,-0.021988,-0.050409,-0.053580,-0.104376,0.002622,0.042565,0.243653,-0.220984,-0.228594,0.060168,0.169693,-0.356051,0.333582,-0.245779,0.055530,0.166610,-0.104516,0.198502,-0.007643,0.034123,0.187043,0.290162,-0.361283,0.014341,0.018533,0.237368,-0.018474,-0.346056,0.280510,0.014632,-0.069386,0.118137,-0.401564,0.003125,-0.041142,0.005456,0.019425,0.180466,-0.053125
54,11.500000,0.007714,-0.012244,-0.167217,0.071859,-0.000965,0.078943,-0.191677,-0.386892,0.514064,-0.127548,-0.003039,-0.013675,-0.055102,0.369859,-0.028569,-0.004278,-0.098398,-0.397615,0.297330,0.087940,0.085663,-0.000190,0.050680,-0.011414,0.051837,0.003606,0.379560,-0.016623,0.121058,-0.392072,0.083910,-0.065347,-0.251715,-0.016440,0.308211,0.016333,-0.041193,0.247672,-0.091446,-0.063025,-0.644910,-0.401906,0.243000,0.027187,0.300428,-0.255372,0.206524,-0.312822,0.165772,0.601217,-0.430047,-0.138645,0.086126,-0.000964,0.433905,0.236657,-0.327608,-0.008072,0.323686,-0.054017,-0.434246,0.666535,0.084253,-0.098234,0.526413,0.000964,0.157983,0.050154,-0.001586,0.165174,0.281834,0.382481,-0.007131,-0.293346,0.078875,0.100263,-0.035177,0.340615,0.129496,-0.026492,0.322232,0.347410,0.295166,-0.102481,0.557008,-0.286621,-0.039284,-0.208949,0.090515,-0.028038,-0.051743,-0.050873,-0.113449,-0.013021,0.041435,0.249391,-0.229708,-0.234021,0.056787,0.166097,-0.348479,0.350815,-0.252843,0.042691,0.164221,-0.120033,0.215230,-0.006994,0.030950,0.227308,0.324754,-0.392156,0.065592,0.024797,0.259217,-0.020484,-0.374050,0.275466,0.019087,-0.059908,0.136598,-0.418580,0.026775,-0.074787,0.005602,0.038550,0.198001,-0.071521
55,11.520000,0.009193,-0.009506,-0.160686,0.074303,0.001319,0.093642,-0.175595,-0.363930,0.514747,-0.121677,-0.001921,-0.012740,-0.060160,0.445641,-0.040016,-0.004717,-0.066301,-0.382183,0.284883,0.097474,0.074271,-0.000726,0.109462,-0.010260,0.086670,0.019902,0.383949,-0.017036,0.103096,-0.429756,0.087176,-0.065544,-0.261132,-0.015580,0.324855,0.017838,-0.050188,0.228402,-0.115568,-0.058963,-0.630123,-0.420990,0.222346,0.027193,0.264709,-0.268308,0.208320,-0.343542,0.212845,0.660690,-0.443441,-0.150275,0.063315,-0.001202,0.436071,0.229209,-0.327479,-0.009167,0.352110,-0.050083,-0.454504,0.676440,0.074561,-0.110053,0.553828,0.014112,0.158854,0.018930,-0.001191,0.147246,0.284627,0.380426,-0.009060,-0.296442,0.092215,0.070752,-0.040438,0.341942,0.105534,-0.024119,0.311899,0.366237,0.287764,-0.095416,0.581431,-0.314447,-0.021022,-0.202410,0.078475,-0.031695,-0.052870,-0.048675,-0.142404,-0.031650,0.044874,0.248451,-0.244622,-0.242268,0.072129,0.166461,-0.341882,0.347214,-0.254308,0.034104,0.166866,-0.120046,0.236895,-0.005412,0.027388,0.271450,0.335135,-0.387022,0.120384,0.035930,0.297365,-0.017609,-0.401217,0.267827,0.019872,-0.057906,0.165905,-0.438236,0.048091,-0.118874,0.006912,0.063417,0.202377,-0.086437
56,11.540000,0.010426,-0.006026,-0.149786,0.060741,0.002098,0.089148,-0.163002,-0.367309,0.508135,-0.098956,-0.001001,-0.011776,-0.083701,0.473718,-0.047221,-0.006389,-0.005049,-0.391128,0.274025,0.097252,0.067970,-0.002159,0.154783,-0.010966,0.089402,0.028565,0.405429,-0.013499,0.071323,-0.439916,0.085095,-0.057925,-0.269684,-0.015140,0.343234,0.019133,-0.053299,0.210932,-0.142377,-0.047134,-0.606962,-0.423264,0.217112,0.024890,0.223722,-0.268277,0.202795,-0.381699,0.242875,0.697682,-0.467194,-0.159052,0.025792,-0.001253,0.431256,0.232827,-0.316313,-0.006613,0.385835,-0.046690,-0.471850,0.667466,0.069997,-0.121257,0.555810,0.031616,0.143191,-0.085191,-0.000886,0.128664,0.262485,0.375102,-0.009812,-0.296614,0.105997,0.018957,-0.041231,0.342878,0.086027,-0.017939,0.292873,0.388496,0.267728,-0.096933,0.595525,-0.336379,-0.009296,-0.192051,0.064073,-0.034001,-0.053885,-0.049569,-0.177600,-0.068389,0.048129,0.234886,-0.250167,-0.252293,0.082977,0.167956,-0.348947,0.353905,-0.245101,0.026848,0.170874,-0.102423,0.268731,0.000339,0.018850,0.314928,0.334238,-0.390923,0.183292,0.040825,0.324609,-0.007085,-0.425161,0.250105,0.018062,-0.053545,0.220013,-0.449096,0.070009,-0.170806,0.008711,0.072918,0.221981,-0.110314
57,11.560000,0.009252,-0.001264,-0.139526,0.065347,0.004153,0.090764,-0.150647,-0.361857,0.460030,-0.088394,0.000099,-0.011443,-0.083303,0.496059,-0.069229,-0.005614,0.011994,-0.393577,0.253793,0.104349,0.069911,-0.005666,0.181290,-0.011593,0.072326,0.029154,0.393991,-0.018022,0.057967,-0.465368,0.085841,-0.053147,-0.263183,-0.019341,0.375254,0.024705,-0.064927,0.204036,-0.161541,-0.029375,-0.584287,-0.430649,0.199486,0.024740,0.181501,-0.296876,0.235474,-0.406490,0.277299,0.709317,-0.483606,-0.163394,0.008087,-0.003120,0.421594,0.252901,-0.324485,-0.009396,0.406648,-0.045495,-0.479166,0.705774,0.072173,-0.121845,0.537259,0.055125,0.113709,-0.027758,-0.000771,0.112457,0.269259,0.369871,-0.005765,-0.278651,0.112191,-0.049648,-0.033309,0.358768,0.074518,-0.016591,0.310067,0.403534,0.248246,-0.092076,0.596454,-0.363939,0.002564,-0.191410,0.053920,-0.028394,-0.056609,-0.046863,-0.199820,-0.074624,0.044410,0.260780,-0.279785,-0.303796,0.101594,0.199164,-0.363204,0.348734,-0.238558,0.022598,0.187952,-0.076090,0.319809,0.006700,0.003798,0.399029,0.335530,-0.389045,0.242561,0.044391,0.359983,0.013359,-0.458372,0.257339,0.019595,-0.054161,0.258010,-0.460836,0.092791,-0.225026,0.011658,0.099590,0.237784,-0.126628
58,11.580000,-0.006018,0.004280,-0.150429,0.058573,0.005175,0.078420,-0.138264,-0.374643,0.420692,-0.067909,0.002365,-0.012477,-0.072353,0.465845,-0.064890,-0.005909,0.049611,-0.396720,0.227432,0.101357,0.068963,-0.010123,0.198198,-0.012023,0.026530,0.034771,0.403389,-0.019805,0.035711,-0.436561,0.084914,-0.046326,-0.251637,-0.023447,0.414848,0.030546,-0.085045,0.202508,-0.180047,-0.001362,-0.585609,-0.446578,0.182948,0.023419,0.164688,-0.290338,0.253277,-0.458179,0.330594,0.714929,-0.494699,-0.165540,-0.017017,-0.006196,0.396692,0.267286,-0.323973,-0.011364,0.422612,-0.045562,-0.527383,0.714891,0.091317,-0.114965,0.490859,0.075310,0.104289,0.103299,-0.000659,0.100675,0.271570,0.347680,-0.001382,-0.261980,0.130304,-0.096475,-0.019219,0.381481,0.066076,-0.011210,0.368767,0.405095,0.228463,-0.094749,0.595181,-0.368424,0.019504,-0.192973,0.048894,-0.014931,-0.057245,-0.043761,-0.220069,-0.093166,0.025903,0.292102,-0.306324,-0.326033,0.122250,0.232430,-0.367152,0.353014,-0.208811,0.015499,0.193891,-0.062399,0.361485,0.018924,-0.004930,0.478847,0.319934,-0.408310,0.287250,0.049315,0.383106,0.039854,-0.451173,0.280559,0.018681,-0.057335,0.273439,-0.462082,0.121184,-0.279750,0.012039,0.141283,0.244992,-0.148729
59,11.600000,-0.021468,0.006741,-0.155565,0.060920,0.007597,0.023613,-0.148574,-0.374262,0.370333,-0.063778,0.007880,-0.010664,-0.076901,0.397495,-0.064553,-0.003239,0.060355,-0.391097,0.194692,0.097475,0.060166,-0.018039,0.213373,-0.013337,-0.024664,0.032951,0.423115,-0.025745,0.021134,-0.423536,0.076817,-0.044450,-0.238214,-0.027191,0.428232,0.052201,-0.108405,0.208006,-0.205288,0.027418,-0.601387,-0.459816,0.161547,0.023748,0.140925,-0.245946,0.282514,-0.487539,0.388948,0.716574,-0.494802,-0.164354,-0.038474,-0.010338,0.359102,0.297187,-0.320060,-0.018626,0.443824,-0.043993,-0.563942,0.716907,0.110060,-0.105005,0.466118,0.088262,0.076486,0.161351,-0.000594,0.095927,0.271765,0.302388,0.003600,-0.260128,0.146043,-0.144096,-0.003119,0.428434,0.066669,-0.009279,0.387361,0.379408,0.231633,-0.092904,0.590678,-0.367178,0.024741,-0.204814,0.035162,-0.004810,-0.060108,-0.035040,-0.255290,-0.087575,-0.009225,0.319158,-0.319439,-0.354584,0.145109,0.237442,-0.369695,0.355105,-0.175311,0.014961,0.192880,-0.036233,0.396213,0.033744,-0.005653,0.531025,0.333254,-0.422247,0.308907,0.058640,0.432400,0.066747,-0.447661,0.322290,0.017708,-0.062514,0.282891,-0.470132,0.123881,-0.325285,0.009315,0.169663,0.243885,-0.175311
60,11.620000,-0.038302,0.006973,-0.157888,0.064303,0.010381,-0.051297,-0.158671,-0.375028,0.326955,-0.065499,0.011466,-0.007164,-0.093799,0.344345,-0.059525,0.001991,0.051269,-0.415038,0.164660,0.100245,0.051011,-0.020144,0.188198,-0.012969,-0.089432,0.031800,0.448115,-0.028709,0.014700,-0.389599,0.070246,-0.047265,-0.232940,-0.032694,0.412108,0.093083,-0.133131,0.207602,-0.229818,0.045514,-0.620710,-0.470183,0.151083,0.021647,0.121987,-0.201427,0.302145,-0.495738,0.441797,0.705234,-0.472640,-0.160375,-0.050541,-0.014471,0.327575,0.320922,-0.309652,-0.024096,0.461678,-0.038787,-0.596828,0.717728,0.125914,-0.103481,0.461604,0.082663,0.046890,0.172833,-0.000465,0.094485,0.270672,0.262854,0.007678,-0.268654,0.154286,-0.171898,0.016807,0.462297,0.071513,-0.009928,0.403761,0.373441,0.242982,-0.104005,0.591382,-0.376459,0.022354,-0.212059,0.015472,0.001943,-0.062578,-0.031042,-0.281464,-0.068955,-0.041672,0.340249,-0.365920,-0.370594,0.152381,0.234895,-0.381581,0.347054,-0.157935,0.018508,0.185372,-0.020970,0.409792,0.042625,0.002076,0.564087,0.325123,-0.410933,0.324285,0.074991,0.475751,0.099988,-0.425605,0.351341,0.015376,-0.082635,0.279061,-0.473755,0.105235,-0.352157,0.006399,0.174780,0.227748,-0.188127
61,11.640000,-0.053817,0.007002,-0.173758,0.090375,0.010740,-0.180603,-0.156824,-0.349048,0.265706,-0.070024,0.016745,-0.004752,-0.099838,0.256136,-0.055579,0.003611,0.028725,-0.447552,0.138235,0.104973,0.046547,-0.027533,0.154791,-0.011868,-0.121417,0.040528,0.421807,-0.029655,0.023541,-0.376017,0.067708,-0.051491,-0.242319,-0.041679,0.406552,0.145173,-0.156797,0.223793,-0.232281,0.057166,-0.641453,-0.460099,0.154500,0.017008,0.116293,-0.174501,0.336984,-0.481925,0.483500,0.683282,-0.453737,-0.146183,-0.042117,-0.019503,0.286997,0.313538,-0.312867,-0.033554,0.454343,-0.027545,-0.616619,0.725982,0.128551,-0.106341,0.434342,0.071802,0.018533,0.178154,-0.000395,0.093180,0.291987,0.226349,0.012578,-0.274988,0.156615,-0.196443,0.031206,0.466297,0.084518,-0.013400,0.429885,0.362396,0.230607,-0.110099,0.596060,-0.376961,0.039367,-0.203392,-0.003171,0.004972,-0.064182,-0.023937,-0.277787,-0.027566,-0.076273,0.347871,-0.411651,-0.390170,0.121840,0.258743,-0.375340,0.326139,-0.145116,0.022353,0.184006,0.008349,0.409217,0.044471,0.018247,0.591466,0.316228,-0.421117,0.321641,0.086794,0.511037,0.123753,-0.400008,0.359301,0.013679,-0.098822,0.259328,-0.477698,0.078567,-0.362358,0.003511,0.185732,0.210409,-0.194018
62,11.660000,-0.066764,0.005791,-0.189488,0.092984,0.017023,-0.269866,-0.158484,-0.346073,0.209352,-0.083888,0.018222,-0.002152,-0.127812,0.206280,-0.050651,0.002884,-0.011610,-0.471296,0.120853,0.103393,0.052589,-0.020984,0.093354,-0.009760,-0.165498,0.072903,0.409277,-0.032064,0.028863,-0.384700,0.069747,-0.055605,-0.275397,-0.043537,0.371016,0.182955,-0.172684,0.223860,-0.239926,0.060971,-0.661468,-0.467825,0.190422,0.010527,0.120064,-0.159135,0.361804,-0.447518,0.518003,0.640224,-0.420938,-0.134875,-0.031388,-0.021612,0.270145,0.318118,-0.316324,-0.037569,0.451489,-0.019902,-0.632103,0.728255,0.134606,-0.130614,0.394802,0.070490,0.001087,0.189210,-0.000395,0.092601,0.331414,0.216685,0.017968,-0.278549,0.152283,-0.219394,0.040759,0.489825,0.105435,-0.015833,0.463488,0.392115,0.220683,-0.133192,0.604139,-0.414345,0.022563,-0.213019,-0.021625,0.008831,-0.068286,-0.023413,-0.265571,-0.008280,-0.094452,0.343178,-0.429683,-0.401394,0.128572,0.260990,-0.404216,0.303919,-0.140634,0.030131,0.171442,0.022893,0.405796,0.038849,0.041812,0.592793,0.307069,-0.417084,0.314473,0.096074,0.514354,0.139427,-0.380826,0.358096,0.011947,-0.125513,0.242733,-0.467895,0.054187,-0.360091,0.001569,0.172352,0.209777,-0.191513
63,11.680000,-0.084359,0.003845,-0.207566,0.092187,0.022540,-0.357231,-0.157865,-0.342141,0.158077,-0.094500,0.019360,-0.000898,-0.129790,0.168026,-0.052018,0.001574,-0.044222,-0.477256,0.110893,0.099290,0.066740,-0.016161,0.052696,-0.008382,-0.192947,0.102011,0.387593,-0.038407,0.042282,-0.374525,0.073459,-0.056511,-0.301005,-0.045295,0.336130,0.204423,-0.174882,0.225957,-0.230193,0.062496,-0.669382,-0.480061,0.232467,0.006629,0.125718,-0.169922,0.382106,-0.401209,0.544924,0.595972,-0.397097,-0.121197,-0.015741,-0.020477,0.256062,0.316262,-0.321564,-0.042191,0.440328,-0.009782,-0.642154,0.731311,0.131606,-0.160989,0.337675,0.069604,-0.012120,0.186685,-0.000495,0.092025,0.360522,0.212744,0.022987,-0.281684,0.151470,-0.220548,0.041025,0.499216,0.119375,-0.019127,0.482208,0.411251,0.203700,-0.148586,0.611076,-0.439098,0.017363,-0.230387,-0.034122,0.014007,-0.070257,-0.020912,-0.249874,0.013910,-0.110892,0.324814,-0.445134,-0.409634,0.120301,0.265162,-0.420134,0.274147,-0.139457,0.034834,0.165727,0.049496,0.387105,0.030355,0.064493,0.573207,0.311625,-0.440986,0.303597,0.099174,0.514477,0.144531,-0.354151,0.358602,0.011651,-0.145559,0.225930,-0.451667,0.036839,-0.336483,-0.000217,0.173335,0.197146,-0.181967
64,11.700000,-0.101107,0.002227,-0.209979,0.087099,0.027873,-0.418478,-0.153215,-0.334817,0.124983,-0.113998,0.019480,-0.001090,-0.123217,0.151802,-0.057769,0.000616,-0.072312,-0.475661,0.108763,0.097629,0.079588,-0.009736,0.000173,-0.007275,-0.209067,0.116946,0.356552,-0.047485,0.058271,-0.368299,0.084606,-0.059077,-0.315785,-0.044034,0.291352,0.202977,-0.171978,0.228758,-0.224886,0.059839,-0.675871,-0.491353,0.274688,0.004290,0.142861,-0.198240,0.394434,-0.352871,0.564834,0.538793,-0.383166,-0.107987,0.000562,-0.020318,0.252967,0.321702,-0.331308,-0.046459,0.428020,-0.000235,-0.647558,0.732305,0.132703,-0.182858,0.271035,0.069808,-0.015169,0.182233,-0.000642,0.091943,0.393014,0.223290,0.029531,-0.274497,0.146541,-0.196155,0.035265,0.517757,0.121651,-0.021785,0.494135,0.417637,0.195309,-0.164580,0.609977,-0.463949,0.019214,-0.234732,-0.050183,0.015581,-0.072625,-0.021313,-0.237434,0.036124,-0.121735,0.299600,-0.450254,-0.398727,0.129465,0.253460,-0.426342,0.246305,-0.142254,0.036531,0.155786,0.062154,0.356791,0.016936,0.084794,0.543883,0.315570,-0.458698,0.295041,0.099025,0.515311,0.143728,-0.346389,0.353340,0.012684,-0.155880,0.191390,-0.434901,0.021398,-0.297091,-0.001204,0.164997,0.195560,-0.176842
65,11.720000,-0.113507,0.001864,-0.212154,0.081783,0.026981,-0.470136,-0.157231,-0.327452,0.099508,-0.132288,0.020087,-0.000743,-0.104126,0.145068,-0.061377,0.000091,-0.096341,-0.466312,0.111696,0.093091,0.084264,-0.004575,-0.045784,-0.007055,-0.204773,0.123487,0.317043,-0.054397,0.075515,-0.347545,0.099834,-0.057963,-0.319139,-0.044601,0.248344,0.186916,-0.156276,0.232228,-0.214625,0.058984,-0.676892,-0.493658,0.310520,0.002951,0.162620,-0.240901,0.392134,-0.304156,0.577925,0.489430,-0.367022,-0.093929,0.013348,-0.020806,0.248137,0.325514,-0.341641,-0.052482,0.408818,0.010953,-0.646544,0.732719,0.133868,-0.194816,0.201722,0.074193,-0.006937,0.175051,-0.000863,0.093083,0.416301,0.251704,0.037223,-0.272726,0.131969,-0.161332,0.026991,0.525569,0.113883,-0.024291,0.496307,0.427382,0.186397,-0.179433,0.611677,-0.472253,0.021186,-0.222793,-0.056712,0.015112,-0.073775,-0.021942,-0.226657,0.060900,-0.123661,0.264135,-0.448434,-0.378617,0.132548,0.253335,-0.408917,0.226533,-0.143257,0.036876,0.146264,0.065049,0.324402,0.006681,0.104676,0.507089,0.314639,-0.474550,0.293863,0.101206,0.526888,0.136164,-0.335310,0.343907,0.013841,-0.160060,0.171012,-0.425986,0.006941,-0.253385,-0.001574,0.147778,0.191678,-0.182566
66,11.740000,-0.128093,0.000907,-0.195550,0.074844,0.027178,-0.505117,-0.170910,-0.327506,0.082376,-0.148464,0.020223,-0.000514,-0.084298,0.143131,-0.068613,0.000265,-0.116677,-0.459500,0.119692,0.089554,0.090849,-0.001935,-0.080973,-0.007005,-0.188876,0.111421,0.282426,-0.065317,0.095261,-0.334753,0.114384,-0.058878,-0.315675,-0.042667,0.209326,0.156689,-0.131047,0.233717,-0.209928,0.057712,-0.676508,-0.498976,0.341726,0.002745,0.187059,-0.279377,0.385226,-0.267447,0.586399,0.443370,-0.353509,-0.081686,0.025760,-0.017291,0.245347,0.338599,-0.350497,-0.060949,0.391495,0.020559,-0.641716,0.731737,0.134743,-0.204605,0.136030,0.076668,0.006881,0.169341,-0.001207,0.094349,0.439257,0.279699,0.045098,-0.270661,0.117519,-0.120360,0.017075,0.537717,0.106982,-0.025383,0.493615,0.433939,0.184503,-0.194176,0.609252,-0.481213,0.024862,-0.213689,-0.060565,0.011733,-0.075994,-0.022015,-0.227801,0.081681,-0.123281,0.232346,-0.442373,-0.359074,0.142229,0.263357,-0.397573,0.209925,-0.147568,0.037186,0.130917,0.062473,0.306151,-0.001219,0.120850,0.461326,0.315268,-0.477464,0.291770,0.102445,0.528041,0.128910,-0.333512,0.337165,0.015793,-0.157279,0.149190,-0.409867,-0.001084,-0.217224,-0.001600,0.127526,0.193396,-0.187788
67,11.760000,-0.141164,-0.000017,-0.178460,0.074167,0.023532,-0.536075,-0.187790,-0.327913,0.072393,-0.157354,0.020254,-0.000427,-0.059012,0.145953,-0.067072,0.000715,-0.131195,-0.453504,0.126520,0.088282,0.097559,-0.000758,-0.113510,-0.007289,-0.160783,0.091202,0.253155,-0.078105,0.115974,-0.317969,0.125221,-0.059425,-0.308710,-0.039359,0.176827,0.130154,-0.096791,0.239534,-0.194220,0.058594,-0.675801,-0.503671,0.348335,0.003103,0.204019,-0.318370,0.375318,-0.241089,0.590781,0.405753,-0.349386,-0.071002,0.035750,-0.013423,0.235915,0.354827,-0.355024,-0.067454,0.371192,0.029168,-0.631377,0.730233,0.136491,-0.206977,0.074113,0.080701,0.015060,0.169098,-0.001615,0.096131,0.451731,0.311023,0.051384,-0.270643,0.102007,-0.077520,0.007445,0.543717,0.100393,-0.027225,0.487778,0.435031,0.187562,-0.202598,0.606274,-0.477390,0.031241,-0.207855,-0.059604,0.007943,-0.075906,-0.021766,-0.225504,0.103588,-0.115669,0.203576,-0.430319,-0.344469,0.140432,0.268751,-0.384387,0.200237,-0.151675,0.039789,0.111781,0.061322,0.296180,-0.005258,0.135183,0.405203,0.311264,-0.477097,0.287525,0.102296,0.524813,0.114017,-0.337377,0.324663,0.018535,-0.150150,0.136078,-0.398123,-0.004504,-0.185600,-0.001545,0.110983,0.194767,-0.189374
68,11.780000,-0.154368,-0.001412,-0.160320,0.077046,0.021298,-0.559552,-0.211323,-0.334133,0.068579,-0.159181,0.019934,-0.001665,-0.052111,0.150082,-0.070909,0.001074,-0.137113,-0.456387,0.134685,0.088453,0.102460,-0.000303,-0.132183,-0.007186,-0.131201,0.064129,0.226194,-0.095445,0.139905,-0.306945,0.136737,-0.064106,-0.312678,-0.035182,0.147073,0.110037,-0.058582,0.239081,-0.184390,0.057544,-0.677395,-0.508837,0.354309,0.004465,0.212817,-0.348404,0.361143,-0.219670,0.586741,0.376461,-0.355296,-0.061834,0.052817,-0.008123,0.225433,0.379923,-0.353648,-0.071788,0.360185,0.035614,-0.609699,0.728631,0.134224,-0.206730,0.007723,0.084592,0.005144,0.163440,-0.002169,0.098634,0.468876,0.329038,0.054500,-0.274081,0.082617,-0.047437,-0.002587,0.549759,0.095993,-0.031415,0.477063,0.427601,0.193033,-0.213069,0.599223,-0.469901,0.031518,-0.211832,-0.060826,0.006204,-0.074538,-0.020418,-0.236341,0.125699,-0.096239,0.183477,-0.424975,-0.348401,0.138404,0.279774,-0.377533,0.197530,-0.151576,0.048145,0.092206,0.071435,0.302190,-0.006949,0.152866,0.339291,0.304857,-0.469641,0.280131,0.097069,0.511561,0.100453,-0.345784,0.303987,0.021621,-0.137471,0.124300,-0.389042,0.000226,-0.150483,-0.001352,0.087002,0.200329,-0.188117
69,11.800000,-0.162561,-0.002241,-0.145528,0.076535,0.019763,-0.576632,-0.232982,-0.317975,0.076781,-0.149415,0.020364,-0.003361,-0.022288,0.161431,-0.035539,0.001606,-0.148683,-0.457882,0.136786,0.089536,0.100489,-0.000055,-0.131715,-0.007070,-0.086068,0.038624,0.217783,-0.112681,0.165331,-0.297163,0.143604,-0.065130,-0.307578,-0.033034,0.135380,0.087498,-0.020086,0.259671,-0.168977,0.057905,-0.679018,-0.512084,0.325744,0.009087,0.225347,-0.374990,0.353065,-0.209657,0.576066,0.347577,-0.377363,-0.052497,0.061934,-0.003425,0.211694,0.387511,-0.352310,-0.075818,0.343135,0.041754,-0.595386,0.726090,0.135166,-0.195812,-0.036060,0.083111,0.006325,0.157510,-0.002780,0.100658,0.477757,0.344256,0.055749,-0.276313,0.063592,0.008336,-0.011116,0.551502,0.094423,-0.030161,0.476015,0.429603,0.202928,-0.212214,0.599350,-0.458433,0.044043,-0.196879,-0.051938,0.003492,-0.072040,-0.018350,-0.224420,0.146422,-0.067167,0.170789,-0.418440,-0.350175,0.135668,0.273093,-0.368615,0.194382,-0.155491,0.050524,0.067926,0.065875,0.310699,-0.006454,0.171139,0.264650,0.300962,-0.472631,0.279850,0.093998,0.491909,0.083996,-0.354526,0.282095,0.025215,-0.115688,0.102981,-0.379444,0.002641,-0.130442,-0.001360,0.083332,0.195129,-0.171937
70,11.820000,-0.175706,-0.008805,-0.119914,0.100881,0.018301,-0.584841,-0.247800,-0.257734,0.070222,-0.191346,0.018612,-0.006871,-0.069748,0.169822,-0.037280,0.001013,-0.114649,-0.445658,0.155400,0.087899,0.103977,0.000088,-0.198987,-0.007844,-0.049521,0.063802,0.203105,-0.116989,0.107777,-0.351319,0.166227,-0.064298,-0.326694,-0.037982,0.167711,0.114102,0.039131,0.240338,-0.144119,0.067227,-0.665603,-0.501811,0.322582,0.018588,0.338228,-0.427172,0.343910,-0.224793,0.562852,0.306695,-0.429484,-0.037233,0.034143,-0.001529,0.126163,0.400959,-0.344470,-0.075363,0.380769,0.039257,-0.588061,0.724330,0.131177,-0.197290,-0.138528,0.068034,0.089361,0.169186,-0.004011,0.103002,0.465083,0.378655,0.050125,-0.287843,0.085796,-0.064701,-0.021531,0.490866,0.127951,-0.045524,0.535467,0.388150,0.192896,-0.178654,0.590884,-0.475204,0.018540,-0.174173,-0.071837,0.006618,-0.052298,-0.023450,-0.230191,0.116832,-0.043942,0.132840,-0.449734,-0.298123,0.137871,0.263787,-0.436063,0.131374,-0.183410,0.073306,0.061418,0.082002,0.231429,-0.007979,0.149004,0.185666,0.342464,-0.512567,0.263201,0.075904,0.468518,0.057844,-0.297723,0.229534,0.026831,-0.077341,0.080885,-0.354959,-0.082409,-0.097734,-0.000745,0.060541,0.190618,-0.173207
71,11.840000,-0.190907,-0.010780,-0.089769,0.128980,0.013674,-0.592392,-0.293112,-0.215404,0.006992,-0.283197,0.017367,-0.009480,-0.097379,0.181403,-0.101338,-0.000241,-0.072572,-0.405637,0.186091,0.082693,0.120898,0.000257,-0.308162,-0.007103,-0.017743,0.004953,0.182194,-0.122027,0.061513,-0.353089,0.188004,-0.066122,-0.324015,-0.038862,0.149073,0.174754,0.097840,0.173855,-0.116459,0.064802,-0.645810,-0.493457,0.368342,0.034761,0.410475,-0.492786,0.372324,-0.248525,0.527853,0.290918,-0.441231,-0.023224,-0.013110,-0.001036,0.091625,0.394921,-0.316865,-0.092062,0.423070,0.037589,-0.597010,0.721517,0.121952,-0.207088,-0.247429,0.062295,0.195916,0.173855,-0.005159,0.101735,0.441129,0.423078,0.043088,-0.301297,0.106947,-0.135947,-0.035236,0.452800,0.127914,-0.056473,0.553556,0.396633,0.205879,-0.135169,0.559167,-0.468104,-0.002465,-0.174890,-0.120980,0.010569,-0.035825,-0.030024,-0.241925,0.072128,-0.038121,0.109478,-0.463647,-0.234924,0.121207,0.310019,-0.465203,0.098661,-0.222916,0.094267,0.072064,0.084763,0.143894,-0.008073,0.112939,0.115721,0.344946,-0.529643,0.278271,0.090587,0.478684,0.025258,-0.258545,0.180302,0.033083,-0.049168,0.112534,-0.357968,-0.174697,-0.101099,0.000789,0.061112,0.216215,-0.189356
72,11.860000,-0.199827,-0.015125,-0.081236,0.131940,0.006483,-0.592486,-0.285804,-0.219432,-0.053349,-0.359304,0.016248,-0.009730,0.029918,0.188767,-0.198545,-0.000428,-0.028710,-0.344351,0.162135,0.108646,0.108663,0.000233,-0.386525,-0.005608,-0.049778,-0.112147,0.128286,-0.123026,0.041982,-0.354283,0.194975,-0.060945,-0.288002,-0.032940,0.145065,0.241071,0.164518,0.157770,-0.112198,0.063023,-0.613759,-0.520693,0.420774,0.075485,0.425352,-0.520313,0.461332,-0.316885,0.516511,0.286284,-0.364705,-0.015945,-0.072437,-0.000467,0.084426,0.329467,-0.342151,-0.120900,0.467627,0.041773,-0.622590,0.715535,0.109792,-0.270235,-0.341911,0.071094,0.279462,0.191321,-0.005480,0.092324,0.477351,0.493194,0.040989,-0.257082,0.140998,-0.185866,-0.064487,0.392059,0.120741,-0.060581,0.534494,0.456625,0.208327,-0.091473,0.484082,-0.455863,-0.028030,-0.207927,-0.212174,0.007668,-0.032959,-0.028835,-0.287426,0.122085,-0.072312,0.088788,-0.455347,-0.211268,0.131165,0.332993,-0.507211,0.105771,-0.197587,0.085072,0.121321,0.041574,0.056461,-0.007483,0.117520,0.046282,0.336319,-0.572824,0.244965,0.191317,0.534348,0.028227,-0.274202,0.130288,0.033328,-0.057062,0.219190,-0.342627,-0.205601,-0.115896,0.005210,0.089938,0.217678,-0.189535
73,11.880000,-0.156860,-0.018588,-0.042295,0.146539,-0.006383,-0.594410,-0.317786,-0.259239,-0.081639,-0.394489,0.015791,-0.007380,0.137538,0.190275,-0.292170,-0.000192,-0.000509,-0.330462,0.120719,0.109069,0.071436,0.000106,-0.439404,-0.004505,-0.116036,-0.251436,0.079529,-0.153941,0.042497,-0.345296,0.159063,-0.064211,-0.267804,-0.024693,0.129809,0.257517,0.224515,0.136915,-0.141261,0.048779,-0.596415,-0.539829,0.450660,0.122023,0.422949,-0.507244,0.554233,-0.291041,0.497564,0.311182,-0.323052,-0.013246,-0.124231,-0.000451,0.093330,0.278887,-0.396491,-0.150828,0.505297,0.052480,-0.640856,0.702320,0.119227,-0.326323,-0.394457,0.085256,0.360849,0.189103,-0.006139,0.072967,0.519678,0.533827,0.034941,-0.219735,0.160613,-0.226355,-0.082748,0.385492,0.082060,-0.061440,0.564829,0.492693,0.223775,-0.075013,0.410283,-0.428853,-0.056286,-0.240350,-0.283953,0.007184,-0.040487,-0.021340,-0.352399,0.174845,-0.205016,0.078256,-0.457869,-0.233518,0.115354,0.400848,-0.500096,0.156609,-0.120876,0.050515,0.169998,-0.000657,0.050437,-0.005154,0.155293,-0.014268,0.301044,-0.601490,0.174154,0.298278,0.593831,0.047231,-0.309829,0.095916,0.028159,-0.103543,0.278973,-0.346682,-0.152669,-0.120877,0.011048,0.105747,0.236725,-0.209582
74,11.900000,-0.072512,-0.010480,-0.026434,0.162090,-0.022767,-0.611118,-0.447864,-0.355619,-0.107883,-0.328403,0.016324,-0.002621,0.218683,0.200526,-0.289142,0.002870,-0.051150,-0.397504,0.079554,0.088769,0.023503,-0.000004,-0.354908,-0.002925,-0.141269,-0.387957,0.063030,-0.205622,0.084703,-0.225991,0.100098,-0.081142,-0.232328,-0.013138,0.089954,0.171476,0.263834,0.161281,-0.182171,0.037924,-0.586403,-0.531335,0.345855,0.176991,0.370585,-0.417825,0.607891,-0.168553,0.398333,0.314630,-0.308703,-0.012953,-0.148058,0.003004,0.166201,0.313185,-0.451684,-0.161588,0.452779,0.075791,-0.629482,0.694217,0.162745,-0.337699,-0.413487,0.114495,0.393318,0.167614,-0.005819,0.057809,0.571106,0.486458,0.034365,-0.207158,0.128588,-0.138492,-0.070207,0.429074,0.044334,-0.054976,0.609046,0.505020,0.273384,-0.102145,0.421376,-0.366035,-0.066889,-0.253772,-0.303187,-0.000102,-0.074308,-0.011181,-0.334364,0.265406,-0.315582,0.099957,-0.433231,-0.331641,0.084756,0.404865,-0.402561,0.316597,-0.061191,0.022152,0.136188,0.000204,0.131352,-0.003441,0.284837,-0.051009,0.241007,-0.556319,0.117765,0.367348,0.632049,0.077364,-0.348627,0.088540,0.028923,-0.149082,0.285791,-0.414661,-0.037400,-0.135646,0.013236,0.154155,0.258136,-0.222124
75,11.920000,-0.031305,0.001915,-0.039150,0.179139,-0.041791,-0.588914,-0.510330,-0.457132,-0.124492,-0.212890,0.015526,-0.000731,0.285098,0.204774,-0.178206,0.004584,-0.097382,-0.452586,0.047632,0.093650,-0.061555,-0.000218,-0.202147,-0.001473,-0.199910,-0.449269,0.054908,-0.241572,0.159049,-0.168212,0.078847,-0.088832,-0.185688,-0.008732,0.078816,0.061498,0.310909,0.260169,-0.224056,0.027109,-0.550919,-0.526603,0.301865,0.271091,0.305848,-0.204329,0.631903,-0.097027,0.293730,0.322410,-0.251177,-0.012666,-0.148887,0.011254,0.249980,0.395031,-0.515521,-0.124909,0.342214,0.140958,-0.604142,0.664649,0.201619,-0.348389,-0.423649,0.126245,0.344176,0.145570,-0.005859,0.058002,0.595648,0.469767,0.034201,-0.187742,0.063065,-0.013368,-0.028718,0.471020,0.037742,-0.054642,0.593861,0.538029,0.317420,-0.216901,0.447161,-0.347987,-0.075025,-0.177133,-0.293262,-0.008776,-0.129354,-0.006580,-0.312256,0.392506,-0.334236,0.081457,-0.413915,-0.437158,0.073801,0.351074,-0.329447,0.466479,-0.031367,0.014336,0.085531,-0.036946,0.180344,-0.002789,0.442109,-0.082262,0.204802,-0.506371,0.086329,0.404951,0.655266,0.082136,-0.384003,0.069883,0.033828,-0.169475,0.307080,-0.431851,0.123188,-0.191579,0.015901,0.156348,0.250236,-0.200701
76,11.940000,-0.022890,0.013453,-0.110685,0.197932,-0.055840,-0.525312,-0.491303,-0.490082,-0.086657,-0.138449,0.013596,0.001008,0.275776,0.206313,0.016972,0.003715,-0.125148,-0.418264,0.033004,0.117962,-0.105385,-0.000384,-0.131239,0.000048,-0.256943,-0.509184,0.054764,-0.276123,0.229310,-0.218803,0.068850,-0.070330,-0.222954,-0.007456,0.103221,0.014577,0.349377,0.401933,-0.180624,0.022736,-0.522248,-0.500219,0.321824,0.348403,0.231850,-0.111980,0.634236,-0.065845,0.183114,0.291138,-0.274974,-0.010430,-0.127633,0.017039,0.272718,0.434144,-0.544084,-0.079355,0.281502,0.222155,-0.567775,0.616880,0.264631,-0.332011,-0.431604,0.135414,0.202630,0.141363,-0.007686,0.068965,0.615223,0.456926,0.029684,-0.186101,0.015501,0.101983,0.002914,0.507186,0.054180,-0.062961,0.524327,0.509930,0.322826,-0.349048,0.423262,-0.350388,-0.035331,-0.173352,-0.258870,-0.016692,-0.157126,-0.003728,-0.284720,0.461924,-0.189387,0.052139,-0.431899,-0.527777,0.078023,0.268644,-0.336895,0.549921,-0.018999,0.014464,0.070604,-0.097363,0.250867,-0.002100,0.489803,-0.112346,0.193598,-0.484983,0.072576,0.406182,0.649281,0.052983,-0.418243,0.036941,0.034459,-0.165458,0.276730,-0.432414,0.276772,-0.235012,0.020795,0.122007,0.222944,-0.130565
77,11.960000,-0.023077,0.015001,-0.225764,0.187221,-0.063900,-0.413680,-0.397923,-0.445555,0.039487,-0.119734,0.009736,-0.001483,0.171110,0.215692,0.204072,0.002905,-0.183603,-0.378269,0.042616,0.157334,-0.116649,-0.000197,-0.128030,0.000867,-0.283008,-0.539314,0.094405,-0.318706,0.307562,-0.287909,0.012338,-0.054406,-0.332823,-0.005608,0.153677,-0.006636,0.372628,0.494280,-0.083524,0.027058,-0.485179,-0.469982,0.352234,0.407212,0.205891,-0.135589,0.587633,-0.044217,0.104479,0.219265,-0.386550,-0.009567,-0.092335,0.018435,0.287790,0.395271,-0.511282,-0.062689,0.267315,0.299518,-0.497376,0.604421,0.318049,-0.314032,-0.439425,0.109064,0.066764,0.166472,-0.013012,0.078666,0.608481,0.445102,0.031391,-0.245175,0.004860,0.203244,0.006840,0.505247,0.093034,-0.074300,0.498459,0.452908,0.285501,-0.377857,0.359127,-0.373477,0.067524,-0.251035,-0.202117,-0.004378,-0.123616,-0.003086,-0.231240,0.428529,-0.032984,0.037424,-0.497197,-0.553595,0.093809,0.162765,-0.393588,0.581362,-0.020462,0.021840,0.057697,-0.187197,0.315931,-0.001809,0.450276,-0.139860,0.220058,-0.499696,0.062812,0.332362,0.599415,0.040721,-0.342555,0.010477,0.035485,-0.151384,0.198070,-0.415302,0.320047,-0.125298,0.022005,0.103927,0.176238,-0.075719
78,11.980000,-0.006838,0.009657,-0.309509,0.155229,-0.058888,-0.298108,-0.362120,-0.387489,0.172693,-0.172721,0.010685,-0.003558,0.033253,0.231057,0.147471,0.001552,-0.266127,-0.367162,0.081587,0.168654,-0.085384,-0.000003,-0.229383,0.001561,-0.193083,-0.494621,0.138908,-0.379856,0.356246,-0.350189,-0.122110,-0.051233,-0.326021,-0.006106,0.188756,-0.038629,0.409773,0.496495,-0.027803,0.029525,-0.416182,-0.451037,0.469321,0.450939,0.296059,-0.170124,0.433201,-0.025162,0.054959,0.172208,-0.447053,-0.010465,-0.005615,0.026766,0.256187,0.349148,-0.490356,-0.062960,0.268712,0.322772,-0.380575,0.615008,0.303637,-0.302784,-0.462004,0.073636,0.002718,0.156697,-0.032912,0.074697,0.551568,0.492502,0.062391,-0.347040,0.004285,0.230781,-0.000651,0.434462,0.060802,-0.103374,0.450427,0.388017,0.235978,-0.389257,0.354298,-0.387948,0.116238,-0.314039,-0.132475,0.007819,-0.094681,-0.003611,-0.183927,0.359846,0.000772,0.029356,-0.572319,-0.520859,0.123785,0.132104,-0.383541,0.537961,-0.039383,0.034510,0.053513,-0.215970,0.273208,-0.001711,0.381988,-0.175663,0.238499,-0.548628,0.065443,0.217689,0.500527,0.064782,-0.218072,-0.000024,0.036944,-0.119800,0.105067,-0.407750,0.261323,0.092794,0.018303,0.060236,0.163286,-0.070510
79,12.000000,0.021624,0.003720,-0.331573,0.138744,-0.038598,-0.255188,-0.365982,-0.327761,0.248906,-0.296167,0.011441,-0.004061,-0.031798,0.239242,0.101786,0.000117,-0.357165,-0.367584,0.124818,0.153233,-0.047290,0.000008,-0.283698,0.001569,0.018000,-0.393740,0.162190,-0.428843,0.359199,-0.414914,-0.219249,-0.051052,-0.271501,-0.006760,0.206540,-0.085814,0.449171,0.430486,-0.010326,0.033992,-0.336984,-0.442742,0.490443,0.481982,0.440588,-0.185021,0.249713,-0.032546,0.033206,0.159610,-0.444529,-0.010555,0.043036,0.044147,0.238348,0.274727,-0.449844,-0.085949,0.282191,0.300590,-0.329529,0.611928,0.225288,-0.269908,-0.486600,0.063674,0.030261,0.175889,-0.071938,0.037595,0.481958,0.511049,0.098991,-0.433686,0.009824,0.238724,-0.013449,0.339652,-0.010639,-0.144497,0.431828,0.335365,0.213524,-0.406907,0.409899,-0.394264,0.096792,-0.344929,-0.067985,0.009705,-0.076188,-0.005102,-0.124315,0.271623,0.002050,0.025815,-0.601169,-0.437134,0.196676,0.161977,-0.420612,0.422281,-0.092961,0.054608,0.059576,-0.224136,0.203241,-0.001659,0.302020,-0.202824,0.270289,-0.557814,0.081130,0.181559,0.410465,0.074815,-0.137254,-0.000771,0.032518,-0.062398,0.075461,-0.381702,0.160062,0.223649,0.009357,0.066117,0.185556,-0.094430
80,12.020000,0.053066,0.000984,-0.272765,0.159131,-0.026169,-0.241435,-0.367745,-0.275464,0.244298,-0.421982,0.010602,-0.004625,-0.074369,0.248653,0.077012,-0.000672,-0.374072,-0.355796,0.148159,0.136630,-0.006201,0.000010,-0.243197,0.001507,0.239513,-0.341925,0.129174,-0.501896,0.332175,-0.477304,-0.233120,-0.056463,-0.236658,-0.006200,0.181959,-0.160128,0.479179,0.381810,-0.006063,0.036802,-0.259264,-0.451080,0.461395,0.483982,0.518958,-0.224719,0.130263,-0.059521,0.024175,0.179759,-0.446167,-0.008165,0.054986,0.073623,0.190938,0.261191,-0.420608,-0.106550,0.336427,0.279697,-0.273197,0.611890,0.146203,-0.207504,-0.513939,0.065931,0.050460,0.171388,-0.111304,-0.026270,0.468627,0.495018,0.095394,-0.493445,0.020531,0.224089,-0.034646,0.280427,-0.066008,-0.214843,0.429668,0.241320,0.254286,-0.415429,0.424809,-0.385844,0.042277,-0.387525,-0.014493,0.016839,-0.060579,-0.010273,-0.050431,0.185313,-0.001491,0.021054,-0.592689,-0.368689,0.263339,0.210667,-0.427800,0.372907,-0.173157,0.086478,0.064900,-0.196751,0.165514,-0.000694,0.270112,-0.232610,0.293766,-0.565311,0.120204,0.192576,0.378254,0.063346,-0.135799,-0.000396,0.036731,-0.008952,0.081963,-0.369911,0.085513,0.302012,0.002606,0.091924,0.222741,-0.133273
81,12.040000,0.107908,-0.001799,-0.163901,0.188726,-0.013642,-0.196549,-0.430315,-0.237408,0.263322,-0.507818,0.006406,-0.005865,-0.074727,0.258036,0.059366,0.000976,-0.374354,-0.346546,0.166639,0.139585,-0.024091,-0.000030,-0.134484,0.001564,0.408934,-0.308341,0.110345,-0.561564,0.350680,-0.466582,-0.177625,-0.053390,-0.198455,-0.003684,0.141911,-0.237558,0.502755,0.359751,-0.006243,0.039702,-0.185846,-0.476271,0.389141,0.459884,0.547304,-0.281744,0.019886,-0.095284,0.011830,0.217594,-0.401217,-0.004992,0.070780,0.102698,0.143209,0.270406,-0.383864,-0.106792,0.411523,0.214423,-0.259944,0.603641,0.090544,-0.139360,-0.537518,0.065130,0.069069,0.164283,-0.155729,-0.094709,0.476945,0.500432,0.067811,-0.514175,0.033988,0.199838,-0.052897,0.257643,-0.103522,-0.305770,0.431113,0.245438,0.301078,-0.433878,0.420285,-0.378184,-0.065083,-0.395124,0.027671,0.007991,-0.046528,-0.013916,-0.020968,0.147681,0.008583,0.019632,-0.590899,-0.333490,0.253944,0.246329,-0.375738,0.334866,-0.265440,0.130155,0.065113,-0.164602,0.137943,-0.000285,0.238833,-0.252079,0.279009,-0.586098,0.165934,0.187392,0.338369,0.025629,-0.177275,-0.000214,0.047596,0.043226,0.071197,-0.341910,0.039905,0.360422,0.001018,0.106727,0.231234,-0.142295
82,12.060000,0.204100,-0.005052,-0.100945,0.198025,-0.001814,-0.142785,-0.513425,-0.216236,0.287579,-0.526192,-0.001141,-0.010113,-0.048405,0.270465,0.024293,0.003328,-0.329803,-0.363643,0.178322,0.149790,-0.075672,-0.000090,-0.008862,0.001495,0.508128,-0.244973,0.093702,-0.600580,0.351673,-0.439497,-0.063222,-0.047547,-0.174720,-0.001596,0.114168,-0.287095,0.520299,0.382551,-0.008303,0.039562,-0.121720,-0.504437,0.326398,0.446876,0.559751,-0.305836,-0.122283,-0.140603,0.003470,0.292844,-0.374710,0.000950,0.095314,0.105478,0.086422,0.312230,-0.369798,-0.091284,0.458337,0.136633,-0.233144,0.599074,0.058465,-0.083110,-0.548708,0.066178,0.051032,0.144035,-0.203931,-0.132116,0.497526,0.502154,0.047554,-0.509201,0.028118,0.169679,-0.064925,0.252130,-0.125792,-0.388118,0.431482,0.303879,0.337397,-0.458733,0.383849,-0.343541,-0.180376,-0.373164,0.058959,-0.003378,-0.035894,-0.012662,0.025571,0.171686,0.022029,0.021230,-0.582345,-0.346595,0.276188,0.244428,-0.300873,0.325170,-0.337305,0.183557,0.073672,-0.107581,0.129280,-0.000053,0.250504,-0.293838,0.250208,-0.597323,0.241183,0.169238,0.262470,-0.038016,-0.235270,-0.000107,0.060806,0.108709,0.075097,-0.291846,-0.004530,0.394710,-0.003853,0.099141,0.206960,-0.117943
83,12.080000,0.289280,-0.010757,-0.071806,0.169882,0.013972,-0.098809,-0.576910,-0.227803,0.304088,-0.526233,-0.022977,-0.018658,-0.025654,0.285098,-0.004454,0.003826,-0.225285,-0.395069,0.171121,0.157098,-0.115191,-0.000178,0.083633,0.001515,0.540665,-0.118997,0.097199,-0.622495,0.262890,-0.381793,0.060962,-0.034799,-0.171775,0.000607,0.102921,-0.315194,0.494960,0.387503,-0.013129,0.037724,-0.071719,-0.513249,0.304660,0.422816,0.538243,-0.285253,-0.245753,-0.192309,0.000981,0.350494,-0.388365,0.025399,0.119143,0.113977,0.049601,0.397921,-0.370414,-0.051266,0.488785,0.080064,-0.211937,0.588894,0.045751,-0.023074,-0.537532,0.072361,0.014276,0.132474,-0.264589,-0.132373,0.502036,0.516802,0.043846,-0.487542,-0.020552,0.151032,-0.069340,0.305027,-0.150375,-0.429100,0.421550,0.377935,0.335437,-0.467697,0.298609,-0.303787,-0.255102,-0.378334,0.065225,-0.005328,-0.024848,-0.010222,0.048424,0.161165,0.036494,0.026007,-0.555889,-0.368711,0.264942,0.207311,-0.268108,0.354241,-0.375109,0.264830,0.074536,-0.037893,0.129465,0.000237,0.249683,-0.340551,0.196653,-0.586347,0.336999,0.161375,0.207711,-0.123864,-0.287466,0.000100,0.072388,0.202312,0.076767,-0.271263,-0.029843,0.413280,-0.016800,0.057633,0.161576,-0.093005
84,12.100000,0.341217,-0.015838,-0.097024,0.085639,0.038363,-0.045157,-0.577112,-0.236500,0.359278,-0.551012,-0.056647,-0.028046,-0.071789,0.307676,-0.010176,0.004415,-0.131370,-0.421470,0.141085,0.172340,-0.124975,-0.000178,0.094587,0.000676,0.557479,-0.034330,0.135848,-0.616610,0.096946,-0.361354,0.144628,-0.024770,-0.283193,0.000851,0.160296,-0.304673,0.408743,0.316600,-0.014176,0.051287,-0.023726,-0.503014,0.401126,0.338654,0.457352,-0.152515,-0.255662,-0.176805,-0.001469,0.311264,-0.395857,0.091864,0.135564,0.081745,0.066197,0.391802,-0.406420,-0.016500,0.485898,0.061052,-0.212686,0.552498,0.045453,-0.048501,-0.487575,0.105512,-0.018588,0.121727,-0.340930,-0.122307,0.540376,0.527541,0.043639,-0.427563,-0.087148,0.127640,-0.076162,0.367717,-0.225837,-0.415482,0.373218,0.519542,0.262198,-0.416340,0.155042,-0.350157,-0.195536,-0.432983,0.144017,-0.007882,-0.009172,-0.008768,0.044164,0.062372,0.038713,0.028284,-0.442113,-0.415596,0.250948,0.169578,-0.325236,0.350667,-0.345425,0.350477,0.061723,0.007337,0.150250,-0.000070,0.252972,-0.411916,0.138223,-0.456035,0.425820,0.161059,0.177594,-0.229175,-0.282192,-0.000180,0.077639,0.320869,0.138689,-0.297719,-0.062622,0.436368,-0.018246,0.084243,0.116889,-0.082283
85,12.120000,0.420280,-0.017686,-0.108066,-0.026616,0.080875,-0.015674,-0.569177,-0.253962,0.425451,-0.504487,-0.086105,-0.033684,-0.043474,0.339942,-0.057984,-0.000488,-0.107894,-0.497721,0.095385,0.178130,-0.101824,-0.000128,0.080038,-0.001960,0.514598,0.016192,0.185732,-0.608056,-0.058336,-0.333101,0.206649,-0.019214,-0.360589,0.000278,0.216125,-0.331289,0.332158,0.306875,-0.008942,0.081381,0.006853,-0.485617,0.435433,0.337069,0.411014,-0.086687,-0.235240,-0.171236,-0.004442,0.199652,-0.351904,0.203485,0.107591,0.061345,0.085868,0.380570,-0.431145,-0.007967,0.453526,0.042682,-0.186985,0.523288,0.057030,-0.076306,-0.413236,0.123770,-0.012204,0.119465,-0.413519,-0.107844,0.586049,0.543859,0.039836,-0.298899,-0.118364,0.120369,-0.088742,0.384710,-0.293747,-0.345331,0.351995,0.589158,0.231772,-0.361731,0.062835,-0.397346,-0.198995,-0.467593,0.174165,-0.020588,-0.013098,-0.007108,-0.007485,-0.006985,0.046655,0.040415,-0.301111,-0.436768,0.238784,0.160578,-0.354200,0.339002,-0.327184,0.348606,0.072089,0.025848,0.162150,-0.001554,0.267723,-0.499217,0.134296,-0.337894,0.475528,0.187143,0.134450,-0.288884,-0.306405,-0.001096,0.083653,0.413890,0.155723,-0.293309,-0.092042,0.434859,-0.029893,0.084844,0.132477,-0.068050
86,12.140000,0.486291,-0.022579,-0.066270,-0.090949,0.098876,0.002451,-0.548380,-0.261453,0.427264,-0.449813,-0.082468,-0.037608,0.021549,0.389986,-0.122215,-0.013151,-0.100205,-0.547557,0.064271,0.168512,-0.068631,-0.000057,0.059159,-0.004313,0.438390,0.038985,0.223653,-0.572706,-0.154370,-0.316529,0.216052,-0.017390,-0.361844,-0.001108,0.233166,-0.377320,0.358746,0.332272,-0.004650,0.111827,0.034268,-0.452821,0.408634,0.265462,0.430460,-0.079673,-0.180861,-0.207211,-0.006228,0.022584,-0.344023,0.244519,0.037541,0.044790,0.081417,0.380328,-0.465771,-0.005831,0.467509,0.039819,-0.197393,0.434770,0.064369,-0.096353,-0.341625,0.117083,0.013861,0.106108,-0.419756,-0.102038,0.591045,0.543060,0.022108,-0.223457,-0.099724,0.136465,-0.099969,0.361498,-0.303556,-0.255328,0.367754,0.588405,0.246219,-0.326514,0.056007,-0.415465,-0.270198,-0.449151,0.156701,-0.030428,-0.030053,-0.007410,-0.054544,-0.036600,0.055375,0.072180,-0.200969,-0.432538,0.210065,0.176493,-0.329725,0.358133,-0.290387,0.237023,0.088588,0.010142,0.135667,-0.002399,0.264227,-0.492129,0.141050,-0.320108,0.492881,0.208778,0.118464,-0.268423,-0.349738,-0.001628,0.079494,0.421710,0.100010,-0.312202,-0.085652,0.408097,-0.048873,0.055309,0.174372,-0.064406
87,12.160000,0.519527,-0.028522,-0.102439,-0.007712,0.114107,0.008987,-0.467171,-0.256385,0.376518,-0.426655,-0.071778,-0.036981,0.119095,0.457962,-0.136561,-0.022473,0.017426,-0.493991,0.046294,0.208029,-0.063339,-0.000133,0.035239,-0.008533,0.441886,0.036451,0.174265,-0.570527,-0.110698,-0.238437,0.176334,-0.020937,-0.365638,-0.001965,0.208199,-0.397540,0.361912,0.364237,-0.008821,0.137143,0.044359,-0.403452,0.334980,0.223270,0.444021,-0.081859,-0.267820,-0.274994,-0.007000,-0.128025,-0.324674,0.234071,0.045533,0.031700,0.101163,0.434099,-0.419669,-0.011108,0.419687,0.038045,-0.173922,0.399339,0.056652,-0.068746,-0.340934,0.125050,0.022122,0.099623,-0.410495,-0.129716,0.612966,0.498466,0.004861,-0.249100,-0.082478,0.258667,-0.118566,0.461982,-0.283824,-0.236348,0.362524,0.505724,0.225873,-0.278852,0.061710,-0.394057,-0.186455,-0.491109,0.111571,-0.032178,-0.032948,-0.007464,-0.019822,-0.128012,0.044934,0.101215,-0.153438,-0.351742,0.226389,0.197571,-0.345410,0.310224,-0.273017,0.247874,0.083119,0.093385,0.110444,-0.003806,0.346598,-0.447756,0.226109,-0.388400,0.444911,0.195988,0.183470,-0.253986,-0.358931,-0.002950,0.079842,0.347084,0.017700,-0.355662,-0.280139,0.389192,-0.072707,0.080399,0.237997,-0.049157
88,12.180000,0.517052,-0.014300,-0.123187,0.029724,0.135679,0.010317,-0.505632,-0.246031,0.402965,-0.434129,-0.062755,-0.031230,0.185281,0.543352,-0.153274,-0.019600,0.011833,-0.468161,0.010741,0.248431,-0.078355,-0.000027,-0.115056,-0.013523,0.465291,0.031669,0.157405,-0.566981,-0.011741,-0.153946,0.151199,-0.023643,-0.375235,-0.001612,0.179703,-0.395643,0.391796,0.387542,-0.011630,0.135709,-0.016692,-0.416562,0.318029,0.235533,0.395365,-0.083628,-0.327571,-0.211652,-0.009353,-0.171707,-0.288171,0.265225,0.057580,0.031045,0.160878,0.494128,-0.429785,-0.013165,0.334484,0.035121,-0.198086,0.363049,0.043335,-0.052474,-0.320163,0.114243,0.032605,0.076916,-0.359421,-0.178257,0.582005,0.506907,0.006380,-0.268837,-0.051279,0.264176,-0.140612,0.526868,-0.196839,-0.216341,0.405766,0.479116,0.180305,-0.276503,0.083682,-0.324845,-0.063138,-0.482055,0.092087,-0.045187,-0.041475,-0.007452,-0.032579,-0.126627,0.039498,0.140717,-0.173450,-0.357597,0.289411,0.174452,-0.321638,0.289493,-0.249735,0.263310,0.097563,0.115431,0.103561,-0.006569,0.399441,-0.377268,0.201746,-0.322181,0.418943,0.179188,0.225242,-0.206441,-0.341086,-0.002532,0.076471,0.328608,-0.012162,-0.451556,-0.358017,0.390671,-0.116700,0.059951,0.253740,-0.048143
89,12.200000,0.507504,0.010607,-0.114926,-0.009512,0.125819,0.015465,-0.472476,-0.247369,0.437085,-0.312206,-0.043524,-0.025286,0.227415,0.582104,-0.138001,-0.006875,0.029492,-0.400519,-0.042459,0.272511,-0.104461,0.000067,-0.250056,-0.016092,0.458115,0.091485,0.121112,-0.553864,0.127799,-0.127296,0.162983,-0.030313,-0.369542,-0.001634,0.185095,-0.344118,0.332152,0.392591,-0.022920,0.129257,-0.050641,-0.466037,0.293640,0.264396,0.281497,-0.105922,-0.326000,-0.134311,-0.012162,-0.224639,-0.320536,0.338670,0.116901,0.032341,0.204129,0.549613,-0.461459,-0.013399,0.320375,0.032003,-0.244287,0.370883,0.039783,0.010258,-0.280742,0.087298,0.020784,0.045590,-0.335157,-0.230037,0.552999,0.503905,0.009711,-0.269148,-0.031029,0.248066,-0.129930,0.583816,-0.050304,-0.208337,0.350171,0.460141,0.129867,-0.324592,0.149725,-0.191995,0.061407,-0.387805,0.098759,-0.033808,-0.036305,-0.006187,-0.112031,-0.049818,0.025307,0.181046,-0.204601,-0.453885,0.301110,0.127623,-0.335563,0.231656,-0.239866,0.303568,0.124994,0.136276,0.140801,-0.006008,0.378422,-0.383418,0.149216,-0.316661,0.382362,0.133725,0.192336,-0.149102,-0.354859,-0.002397,0.073483,0.338933,-0.056701,-0.457937,-0.291780,0.382607,-0.118103,-0.007659,0.233452,-0.037551
90,12.220000,0.476025,0.019412,-0.168279,-0.080488,0.102228,0.018362,-0.435361,-0.296360,0.431167,-0.195941,-0.024899,-0.029626,0.253759,0.610998,-0.088211,-0.001381,-0.060436,-0.376969,-0.077630,0.278225,-0.115226,0.000209,-0.318121,-0.012313,0.397475,0.150123,0.120260,-0.491531,0.225557,-0.124272,0.179635,-0.025836,-0.311324,-0.001543,0.230009,-0.215108,0.234544,0.412198,-0.069319,0.128541,-0.078313,-0.466201,0.323358,0.254608,0.234742,-0.124395,-0.234121,-0.088243,-0.013899,-0.247573,-0.344281,0.397706,0.166407,0.033794,0.188477,0.582214,-0.460324,-0.012936,0.336078,0.029836,-0.302218,0.299479,0.043721,0.036328,-0.206276,0.081120,0.011378,0.025573,-0.296020,-0.300465,0.564462,0.500725,0.028972,-0.235272,-0.015596,0.182551,-0.082570,0.630481,0.107302,-0.190271,0.360851,0.448078,0.089391,-0.282961,0.201613,-0.238649,0.131366,-0.329198,0.125200,0.027846,-0.039563,-0.006299,-0.148234,-0.006018,0.026417,0.185504,-0.171247,-0.484119,0.219257,0.116183,-0.315643,0.199737,-0.203785,0.320413,0.140346,0.189671,0.218562,-0.002906,0.308075,-0.356298,0.109753,-0.254976,0.307258,0.128773,0.134091,-0.098020,-0.354590,0.002954,0.067210,0.349088,-0.113103,-0.450780,-0.248346,0.355982,-0.100816,-0.055033,0.227970,-0.028672
91,12.240000,0.408826,0.024186,-0.209776,-0.119734,0.049203,0.021989,-0.382438,-0.340249,0.465040,-0.139350,-0.008580,-0.028487,0.232324,0.624992,-0.057439,-0.000145,-0.115146,-0.341533,-0.076458,0.268426,-0.141668,0.000285,-0.355121,-0.015077,0.331542,0.141934,0.140075,-0.452082,0.285260,-0.135527,0.211612,-0.020422,-0.261907,-0.002781,0.270472,-0.097336,0.148085,0.394533,-0.116258,0.136413,-0.094667,-0.474351,0.328712,0.262185,0.213407,-0.132600,-0.124245,-0.069842,-0.021360,-0.259904,-0.347186,0.435080,0.186189,0.033732,0.202531,0.581950,-0.432788,-0.019775,0.351226,0.027701,-0.347719,0.224784,0.050685,0.023901,-0.107640,0.076270,-0.000836,0.017041,-0.259150,-0.347293,0.566980,0.494345,0.077999,-0.195205,-0.005101,0.138684,-0.016569,0.642295,0.227605,-0.174481,0.329845,0.450392,0.075363,-0.231346,0.242751,-0.370589,0.151130,-0.278711,0.143797,0.068890,-0.038315,-0.004854,-0.149535,0.006477,0.028318,0.162645,-0.120120,-0.506519,0.224092,0.108498,-0.331892,0.170577,-0.217118,0.246537,0.156695,0.231823,0.279595,-0.000395,0.254343,-0.286345,0.121314,-0.189870,0.248903,0.107162,0.091359,-0.047435,-0.335041,0.015057,0.060409,0.361218,-0.128610,-0.421010,-0.233809,0.310115,-0.083092,-0.080882,0.229876,-0.022159
92,12.260000,0.343878,0.033319,-0.209590,-0.114334,0.044055,0.032505,-0.331975,-0.332339,0.463631,-0.122004,-0.002018,-0.026267,0.164583,0.650979,-0.053102,-0.000115,-0.140100,-0.317654,-0.041637,0.240237,-0.139495,0.000205,-0.368108,-0.013131,0.273161,0.125384,0.154943,-0.449206,0.303949,-0.142304,0.228871,-0.016169,-0.246502,-0.005875,0.301614,-0.038087,0.091330,0.366869,-0.121237,0.141409,-0.115857,-0.488137,0.330382,0.269305,0.180385,-0.136091,-0.040671,-0.068206,-0.035258,-0.293653,-0.352161,0.428844,0.169364,0.037133,0.184923,0.566754,-0.385189,-0.033320,0.356914,0.027999,-0.365080,0.221245,0.061123,0.013955,0.004852,0.070456,-0.028490,0.009275,-0.239135,-0.346369,0.534499,0.489778,0.123526,-0.163387,-0.012540,0.120611,0.033901,0.621423,0.297807,-0.181351,0.327285,0.460748,0.080247,-0.217765,0.268504,-0.408766,0.147582,-0.255476,0.152736,0.090065,-0.037578,-0.004491,-0.166288,0.017821,0.030013,0.137337,-0.136455,-0.508400,0.249547,0.101556,-0.359070,0.153636,-0.254789,0.184620,0.183391,0.248793,0.276960,-0.002130,0.205267,-0.276507,0.145978,-0.137069,0.220169,0.092119,0.072486,-0.003622,-0.309021,0.030448,0.044830,0.347861,-0.122059,-0.379131,-0.227750,0.271944,-0.063831,-0.103303,0.238638,-0.016574
93,12.280000,0.311450,0.076498,-0.261978,-0.067114,0.037172,0.035931,-0.300690,-0.323047,0.459170,-0.116661,-0.000024,-0.025136,0.141583,0.660052,-0.070281,0.000813,-0.131012,-0.266589,0.006827,0.240564,-0.132237,-0.000011,-0.361946,-0.013157,0.304499,0.112918,0.175783,-0.433919,0.373132,-0.127106,0.229121,-0.013864,-0.239013,-0.008372,0.316166,-0.020107,0.064130,0.370721,-0.136996,0.135977,-0.151477,-0.456123,0.279001,0.268552,0.183758,-0.132836,-0.066585,-0.066702,-0.042569,-0.321049,-0.358897,0.423863,0.185077,0.037053,0.207221,0.590296,-0.327078,-0.046719,0.313320,0.027139,-0.344737,0.227511,0.062784,0.064697,0.094131,0.075756,-0.076124,0.002595,-0.231024,-0.326025,0.529436,0.485822,0.150366,-0.165107,-0.032863,0.152598,0.078615,0.612800,0.373348,-0.201277,0.303729,0.436589,0.071532,-0.188016,0.285997,-0.352282,0.163810,-0.233822,0.169724,0.115438,-0.038782,-0.000251,-0.169122,-0.014512,0.034475,0.135705,-0.159302,-0.452599,0.252794,0.094750,-0.351076,0.131744,-0.305255,0.165400,0.163137,0.274364,0.243451,-0.002311,0.210558,-0.258598,0.180803,-0.162866,0.171900,0.065848,0.070592,0.009090,-0.282440,0.051683,0.037859,0.319849,-0.122656,-0.366124,-0.319152,0.281821,-0.049806,-0.121245,0.277587,-0.012741
94,12.300000,0.267841,0.121466,-0.292934,-0.024675,0.032834,0.040746,-0.264553,-0.344117,0.482471,-0.116215,0.000426,-0.024566,0.132629,0.649638,-0.061501,0.002081,-0.114777,-0.225338,0.069767,0.219460,-0.117817,-0.000310,-0.371865,-0.016341,0.330524,0.098923,0.178610,-0.358488,0.409466,-0.121570,0.237495,-0.011469,-0.261638,-0.008391,0.339137,-0.007379,0.060447,0.369082,-0.159822,0.127251,-0.200330,-0.417045,0.263866,0.249350,0.181930,-0.147887,-0.061401,-0.061981,-0.051829,-0.335500,-0.356419,0.412177,0.196234,0.037343,0.232161,0.592463,-0.312330,-0.051533,0.295179,0.027693,-0.361538,0.228430,0.072048,0.097761,0.165557,0.085565,-0.112124,0.005017,-0.217072,-0.306607,0.543186,0.457249,0.167512,-0.164947,-0.043653,0.163538,0.113262,0.580508,0.449389,-0.199849,0.311615,0.411707,0.054646,-0.159901,0.283589,-0.305471,0.177751,-0.224582,0.182284,0.126902,-0.041627,0.005780,-0.177625,-0.044046,0.033220,0.149274,-0.154553,-0.417439,0.224364,0.090911,-0.335032,0.128746,-0.301111,0.153960,0.159119,0.289700,0.245209,-0.001436,0.211789,-0.230407,0.180527,-0.213766,0.131361,0.052978,0.073805,0.017986,-0.286459,0.076237,0.031510,0.271854,-0.130061,-0.386569,-0.353435,0.282901,-0.044314,-0.131218,0.305575,-0.011798
95,12.320000,0.245103,0.166839,-0.221042,-0.028957,0.034322,0.044223,-0.273577,-0.376856,0.514090,-0.111431,-0.000311,-0.020948,0.103419,0.632948,-0.058181,0.002668,-0.099478,-0.201830,0.128299,0.191040,-0.122289,-0.000719,-0.400910,-0.018732,0.286795,0.084508,0.168515,-0.328955,0.438211,-0.128146,0.247513,-0.012693,-0.267687,-0.008637,0.300435,-0.002213,0.019830,0.349149,-0.182440,0.115349,-0.257733,-0.448243,0.237118,0.240145,0.174173,-0.181226,-0.016949,-0.050757,-0.073081,-0.359859,-0.378802,0.420170,0.203023,0.034285,0.225835,0.597762,-0.316447,-0.063897,0.300575,0.031485,-0.356967,0.225220,0.091271,0.165141,0.198251,0.072812,-0.153986,0.004671,-0.204751,-0.273232,0.512980,0.432378,0.186924,-0.162290,-0.038477,0.140979,0.148176,0.559911,0.498532,-0.193092,0.351198,0.386255,0.047713,-0.144653,0.277344,-0.249639,0.172293,-0.230354,0.195522,0.117953,-0.035970,0.008494,-0.217922,-0.025118,0.040491,0.179606,-0.158871,-0.441778,0.237946,0.096594,-0.341655,0.134854,-0.292252,0.145364,0.150165,0.278308,0.274590,-0.000754,0.180198,-0.226030,0.161607,-0.265754,0.071323,0.038728,0.061542,0.037108,-0.279176,0.115403,0.031532,0.222394,-0.145243,-0.371251,-0.301426,0.267271,-0.048232,-0.158726,0.327446,-0.012334
96,12.340000,0.205738,0.187293,-0.246804,-0.047954,0.034094,0.044913,-0.282087,-0.408930,0.484995,-0.097567,-0.000653,-0.021611,0.078851,0.607335,-0.055056,0.004105,-0.090120,-0.194084,0.166751,0.181265,-0.130459,-0.001192,-0.406267,-0.018381,0.243462,0.060812,0.179537,-0.320203,0.451703,-0.122909,0.239427,-0.014095,-0.278470,-0.008286,0.324029,-0.000281,-0.013197,0.349983,-0.233419,0.082057,-0.310660,-0.431005,0.227169,0.228502,0.156975,-0.224055,0.024689,-0.051634,-0.084217,-0.373280,-0.363931,0.389818,0.174504,0.034829,0.221719,0.597283,-0.326834,-0.090206,0.318900,0.035044,-0.363223,0.185970,0.103168,0.211314,0.249026,0.068449,-0.219980,0.007260,-0.194680,-0.239013,0.488645,0.402710,0.197243,-0.154763,-0.049291,0.135286,0.185918,0.554736,0.521743,-0.181212,0.318748,0.360060,0.044332,-0.111585,0.274311,-0.221964,0.154868,-0.217269,0.192547,0.119487,-0.038982,0.010840,-0.234544,0.001397,0.038339,0.168693,-0.146815,-0.423867,0.214609,0.097296,-0.353256,0.149572,-0.275576,0.146452,0.138997,0.286110,0.283947,-0.000115,0.157760,-0.191773,0.146138,-0.274775,-0.025285,0.032939,0.064602,0.055676,-0.287496,0.162137,0.024112,0.181036,-0.150893,-0.344462,-0.281393,0.260724,-0.048311,-0.186788,0.311449,-0.009799
97,12.360000,0.164930,0.190127,-0.252527,-0.068204,0.035767,0.047913,-0.307246,-0.441492,0.468145,-0.096283,-0.000248,-0.020045,0.031059,0.579688,-0.059728,0.005086,-0.092182,-0.198918,0.189431,0.152941,-0.127346,-0.001495,-0.400113,-0.022379,0.193602,0.043179,0.209300,-0.314209,0.431227,-0.126423,0.213056,-0.015857,-0.286970,-0.006161,0.359776,-0.001150,-0.035826,0.344773,-0.250742,0.038716,-0.354316,-0.401312,0.229177,0.222811,0.151843,-0.267255,0.078161,-0.051883,-0.091302,-0.392784,-0.378756,0.355383,0.122971,0.037225,0.208138,0.591813,-0.326764,-0.115330,0.338386,0.038273,-0.356877,0.153427,0.118365,0.240931,0.281791,0.059869,-0.256984,0.011169,-0.186166,-0.209349,0.446632,0.387936,0.205039,-0.155820,-0.059872,0.123929,0.216704,0.522382,0.529456,-0.169774,0.301605,0.345163,0.046509,-0.095111,0.268500,-0.217517,0.137155,-0.221302,0.187578,0.092229,-0.042162,0.015365,-0.262179,0.023344,0.034070,0.156009,-0.133657,-0.408306,0.187953,0.100774,-0.363508,0.163017,-0.265241,0.130153,0.127031,0.291492,0.295382,0.000033,0.129000,-0.151271,0.147434,-0.272604,-0.093871,0.028469,0.067541,0.084889,-0.285637,0.198621,0.016778,0.137540,-0.145097,-0.316614,-0.250187,0.231074,-0.045463,-0.180462,0.293791,-0.008495
98,12.380000,0.155370,0.168415,-0.247321,-0.087110,0.042157,0.045803,-0.309603,-0.456188,0.439551,-0.104737,-0.000626,-0.018202,-0.015172,0.570892,-0.059018,0.005381,-0.100815,-0.197819,0.210668,0.126160,-0.112517,-0.001017,-0.355708,-0.024564,0.134325,0.045098,0.229361,-0.336733,0.406339,-0.141360,0.184104,-0.017579,-0.302448,-0.003991,0.377970,-0.002815,-0.048592,0.338413,-0.244671,-0.029457,-0.379089,-0.392288,0.228673,0.221353,0.159321,-0.301809,0.127579,-0.059456,-0.096546,-0.416866,-0.379034,0.321570,0.065063,0.042670,0.211858,0.566166,-0.319848,-0.148998,0.350960,0.045418,-0.358216,0.119200,0.142195,0.266805,0.267619,0.054648,-0.263668,0.008737,-0.187980,-0.176702,0.414178,0.374842,0.212751,-0.160866,-0.075480,0.132299,0.209127,0.485076,0.529741,-0.153962,0.299385,0.367723,0.052719,-0.094676,0.255239,-0.230584,0.111637,-0.229284,0.188540,0.060661,-0.043989,0.021070,-0.282383,0.032686,0.030204,0.152373,-0.135831,-0.376779,0.226746,0.117346,-0.381304,0.174897,-0.267286,0.103302,0.119115,0.276201,0.289637,0.000035,0.089173,-0.127747,0.168964,-0.267632,-0.139037,0.023612,0.073471,0.096163,-0.287490,0.224340,0.010199,0.089373,-0.122477,-0.275961,-0.201490,0.191888,-0.036977,-0.157881,0.269331,-0.007558
99,12.400000,0.122629,0.142209,-0.249256,-0.105532,0.030623,0.035943,-0.327642,-0.451157,0.430879,-0.108193,-0.000495,-0.017429,-0.043449,0.518902,-0.042599,0.004021,-0.104027,-0.208168,0.227538,0.100617,-0.088092,-0.000538,-0.308057,-0.029339,0.086618,0.047931,0.255156,-0.291581,0.386125,-0.151262,0.152004,-0.016671,-0.298673,-0.002592,0.401550,-0.007118,-0.050653,0.351897,-0.219181,-0.083994,-0.404754,-0.375869,0.219842,0.204532,0.159546,-0.316477,0.154017,-0.074449,-0.093400,-0.441632,-0.364223,0.275296,0.009290,0.034886,0.205789,0.537051,-0.322231,-0.159740,0.364344,0.042316,-0.371621,0.075449,0.168555,0.289290,0.267431,0.046414,-0.258565,0.008326,-0.172873,-0.138862,0.368889,0.380027,0.207181,-0.156043,-0.087057,0.144613,0.206510,0.428541,0.524792,-0.130708,0.287984,0.379881,0.061128,-0.085734,0.246380,-0.221042,0.084626,-0.224763,0.196111,0.026663,-0.045403,0.029302,-0.296537,0.027446,0.032000,0.140227,-0.129253,-0.329835,0.169212,0.124730,-0.380898,0.200922,-0.279099,0.085574,0.116550,0.236298,0.268014,-0.000035,0.057178,-0.078602,0.164110,-0.281478,-0.184664,0.016864,0.074397,0.090380,-0.285965,0.240409,0.004535,0.060352,-0.093725,-0.236269,-0.168380,0.167052,-0.036919,-0.138073,0.238531,-0.005571
100,12.420000,0.114980,0.110330,-0.246417,-0.110175,0.038864,0.041458,-0.322891,-0.435227,0.424117,-0.127464,-0.002079,-0.016078,-0.054556,0.504472,-0.027330,0.001905,-0.113955,-0.200699,0.229934,0.086480,-0.053242,-0.000218,-0.261121,-0.033126,0.051146,0.064224,0.268084,-0.296310,0.353813,-0.187312,0.120612,-0.018422,-0.312676,-0.000406,0.429559,-0.006440,-0.046233,0.370085,-0.192446,-0.167417,-0.423974,-0.361705,0.220123,0.195963,0.184482,-0.361272,0.184260,-0.102142,-0.101262,-0.463491,-0.359004,0.232043,-0.030793,0.036960,0.210120,0.509591,-0.337963,-0.186832,0.377148,0.039295,-0.367339,0.046090,0.200008,0.301883,0.246646,0.044832,-0.220119,0.002370,-0.177886,-0.103686,0.341170,0.385816,0.192206,-0.157784,-0.090130,0.151561,0.165038,0.379768,0.511843,-0.123959,0.295763,0.394242,0.072472,-0.081754,0.246206,-0.240947,0.063985,-0.224725,0.200522,0.011836,-0.048183,0.036815,-0.286664,0.020760,0.038757,0.140864,-0.118408,-0.299475,0.202213,0.148612,-0.391898,0.211761,-0.292611,0.077938,0.114634,0.183277,0.232733,-0.000407,0.032086,-0.050004,0.204501,-0.285671,-0.216937,0.009186,0.079591,0.078174,-0.300424,0.259384,0.003510,0.037954,-0.062984,-0.197935,-0.133587,0.135476,-0.043798,-0.117738,0.208585,-0.003723
101,12.440000,0.115859,0.075955,-0.251741,-0.099743,0.036195,0.048428,-0.318811,-0.403563,0.437915,-0.141684,-0.004068,-0.012733,-0.050322,0.466782,-0.009429,-0.001895,-0.109452,-0.198494,0.225665,0.072918,0.001412,-0.000012,-0.240523,-0.037993,0.023721,0.074320,0.261199,-0.280109,0.320278,-0.212195,0.091716,-0.019397,-0.319896,-0.000153,0.438569,-0.006801,-0.036887,0.386263,-0.154968,-0.223998,-0.434422,-0.347486,0.221539,0.180311,0.210497,-0.402393,0.206038,-0.137509,-0.106030,-0.490771,-0.345398,0.178542,-0.064928,0.035702,0.211176,0.483806,-0.351723,-0.185818,0.397515,0.031853,-0.372724,0.001596,0.233893,0.311745,0.236502,0.041654,-0.160539,-0.006685,-0.174031,-0.069261,0.306192,0.390875,0.168947,-0.156455,-0.101443,0.162782,0.141155,0.339510,0.498367,-0.109115,0.304356,0.400060,0.080634,-0.079563,0.246384,-0.249357,0.047863,-0.228370,0.209780,0.004060,-0.049900,0.044160,-0.277998,0.014693,0.045946,0.143673,-0.114136,-0.262369,0.203021,0.171874,-0.388548,0.231152,-0.308002,0.072231,0.122701,0.122505,0.203523,-0.001331,0.017380,-0.026761,0.227089,-0.296061,-0.236915,0.003142,0.087723,0.055402,-0.306567,0.269152,0.006425,0.023921,-0.024559,-0.178576,-0.099767,0.099408,-0.047760,-0.095940,0.177845,-0.001926
102,12.460000,0.115243,0.047591,-0.257736,-0.075836,0.037049,0.047281,-0.318178,-0.374407,0.458185,-0.146659,-0.005923,-0.007692,-0.031396,0.437853,0.006753,-0.004396,-0.099512,-0.207644,0.222937,0.065048,0.065925,-0.000005,-0.228674,-0.040765,-0.001752,0.073835,0.253333,-0.249794,0.277610,-0.235765,0.064564,-0.023768,-0.313699,-0.002005,0.425912,-0.007083,-0.022962,0.399013,-0.123231,-0.247575,-0.444695,-0.327448,0.226250,0.163115,0.222001,-0.437450,0.218975,-0.176979,-0.114353,-0.511046,-0.339473,0.124850,-0.084474,0.035106,0.202240,0.449362,-0.368204,-0.179641,0.406179,0.022730,-0.364748,-0.031772,0.266701,0.313455,0.229400,0.037840,-0.090907,-0.012082,-0.166100,-0.037758,0.266557,0.396397,0.146321,-0.156763,-0.104733,0.166465,0.111243,0.297888,0.477356,-0.096334,0.300196,0.384476,0.090639,-0.076483,0.258355,-0.250587,0.032701,-0.222918,0.208553,0.001275,-0.050904,0.049120,-0.241369,0.011734,0.050031,0.151545,-0.113864,-0.240516,0.175701,0.188301,-0.369950,0.256510,-0.307780,0.066324,0.136102,0.066660,0.174120,-0.002549,0.008746,-0.012974,0.237740,-0.306601,-0.241458,0.000471,0.092095,0.016396,-0.314988,0.264169,0.008311,0.020136,0.018621,-0.182171,-0.069154,0.068149,-0.047265,-0.067796,0.156791,-0.000100
103,12.480000,0.121366,0.020065,-0.270115,-0.043916,0.033951,0.050422,-0.308525,-0.357465,0.469400,-0.172764,-0.006135,-0.002769,-0.002175,0.411439,0.015702,-0.002059,-0.079714,-0.216791,0.204289,0.063426,0.147123,0.000020,-0.222541,-0.043487,-0.019894,0.066812,0.235231,-0.240998,0.238210,-0.265732,0.044192,-0.030460,-0.312589,-0.005564,0.416979,-0.007454,-0.011099,0.409614,-0.097581,-0.256905,-0.453546,-0.321406,0.242273,0.155954,0.232900,-0.467558,0.232853,-0.214915,-0.128330,-0.524007,-0.320474,0.074297,-0.081526,0.032113,0.207050,0.426442,-0.389167,-0.184435,0.423420,0.012888,-0.358815,-0.045228,0.293239,0.299063,0.237518,0.038217,-0.030362,-0.013671,-0.156029,-0.007370,0.252352,0.400901,0.127813,-0.156017,-0.103797,0.171935,0.085803,0.272233,0.455831,-0.089292,0.295401,0.373663,0.097693,-0.074465,0.264225,-0.261623,0.009861,-0.234190,0.211544,-0.000037,-0.052699,0.048488,-0.204500,0.022682,0.052679,0.157587,-0.108495,-0.221351,0.166588,0.211070,-0.369273,0.274410,-0.298324,0.070291,0.163693,0.017668,0.159045,-0.004840,0.005648,-0.008641,0.252640,-0.329626,-0.238048,0.003528,0.102884,-0.011218,-0.325643,0.262449,0.012411,0.018563,0.054316,-0.186433,-0.047471,0.040751,-0.045000,-0.042655,0.139125,0.001337
104,12.500000,0.126790,0.020863,-0.299791,0.019723,0.024710,0.055370,-0.299694,-0.361418,0.467931,-0.192963,-0.005694,0.000700,0.027892,0.388428,0.028708,0.010810,-0.051593,-0.253483,0.202594,0.064613,0.208387,0.000060,-0.235824,-0.046768,-0.023363,0.059965,0.221675,-0.223436,0.210414,-0.264604,0.038522,-0.034886,-0.309629,-0.008825,0.387240,-0.005806,-0.000459,0.384264,-0.089864,-0.242046,-0.461883,-0.304868,0.268434,0.148952,0.231845,-0.476633,0.216307,-0.230947,-0.141077,-0.530434,-0.290428,0.041371,-0.046907,0.026789,0.232124,0.419241,-0.374363,-0.167733,0.409516,0.001139,-0.336550,-0.032146,0.305318,0.268446,0.249898,0.038868,0.033453,0.001236,-0.143516,0.018843,0.237640,0.398684,0.108816,-0.158461,-0.120287,0.176167,0.070148,0.276429,0.427975,-0.085202,0.284274,0.335434,0.108867,-0.075996,0.273444,-0.268150,-0.006954,-0.254833,0.221152,-0.000942,-0.055271,0.047140,-0.167156,0.008034,0.049499,0.172126,-0.113126,-0.200699,0.153870,0.218742,-0.365558,0.269568,-0.283076,0.078476,0.189276,0.009723,0.143086,-0.007257,0.008032,-0.004744,0.246612,-0.349993,-0.217458,0.006605,0.122709,-0.027204,-0.311949,0.270394,0.013203,0.024384,0.060563,-0.203699,-0.064297,0.035308,-0.038346,-0.030349,0.133220,0.001626
105,12.520000,0.135174,0.017223,-0.326912,0.062872,0.019936,0.057368,-0.306849,-0.367596,0.471465,-0.208843,-0.004504,-0.000225,0.055297,0.385965,0.021722,0.023730,-0.026800,-0.271212,0.203901,0.067470,0.244983,0.000144,-0.235751,-0.050860,-0.033826,0.052667,0.202347,-0.225237,0.188495,-0.257840,0.046979,-0.046517,-0.308003,-0.013347,0.330379,-0.001536,0.009309,0.372437,-0.090072,-0.217886,-0.473912,-0.295480,0.292442,0.145885,0.222367,-0.477814,0.207803,-0.233912,-0.161053,-0.537602,-0.266746,0.009015,-0.020737,0.023543,0.254557,0.413678,-0.364107,-0.159778,0.399271,-0.008904,-0.317862,-0.022387,0.303879,0.222969,0.252367,0.041297,0.050555,0.013082,-0.134206,0.046003,0.247328,0.393984,0.095694,-0.162516,-0.116115,0.176155,0.052172,0.276936,0.404550,-0.086304,0.267317,0.306981,0.123151,-0.079275,0.269857,-0.273251,-0.031858,-0.281270,0.223776,-0.001682,-0.052355,0.047248,-0.130268,0.002715,0.039205,0.170939,-0.119308,-0.187739,0.147831,0.221187,-0.373966,0.277066,-0.259707,0.104447,0.223145,0.019920,0.139030,-0.008524,0.015109,-0.000174,0.226605,-0.370852,-0.196208,0.011607,0.132945,-0.041979,-0.306381,0.274876,0.010004,0.026181,0.067868,-0.239773,-0.088276,0.042655,-0.035301,-0.016452,0.130528,0.000906
106,12.540000,0.145340,0.010735,-0.332867,0.081616,0.021314,0.059633,-0.319657,-0.377662,0.456844,-0.228977,-0.003902,0.000377,0.083419,0.415268,0.001912,0.034366,-0.010379,-0.280225,0.207793,0.065033,0.252153,0.000194,-0.238613,-0.052758,-0.046972,0.060046,0.174913,-0.243481,0.183031,-0.252699,0.048590,-0.056730,-0.309973,-0.014297,0.286791,0.005984,0.018830,0.358962,-0.086385,-0.195949,-0.475485,-0.286141,0.313606,0.145110,0.212305,-0.471635,0.212235,-0.228144,-0.184094,-0.549939,-0.259429,-0.013500,0.005114,0.024735,0.271450,0.400826,-0.368326,-0.142239,0.398423,-0.018022,-0.304166,-0.024845,0.308626,0.177639,0.241338,0.043279,0.052292,0.018475,-0.130748,0.069332,0.250505,0.394608,0.083186,-0.163026,-0.104500,0.157752,0.036760,0.275617,0.394847,-0.091205,0.250937,0.295479,0.134927,-0.093500,0.265394,-0.283608,-0.059673,-0.315719,0.225213,-0.001362,-0.051936,0.042955,-0.099893,0.007788,0.024901,0.170318,-0.112009,-0.199069,0.166882,0.235222,-0.387643,0.271295,-0.233237,0.132919,0.248328,0.037680,0.144019,-0.008546,0.022181,0.005569,0.214429,-0.368051,-0.172667,0.014527,0.146114,-0.057168,-0.310001,0.273718,0.006962,0.022702,0.076795,-0.255740,-0.088067,0.058907,-0.030613,0.003494,0.122566,0.000064
107,12.560000,0.144367,0.003782,-0.304261,0.052676,0.024500,0.056312,-0.351503,-0.372933,0.459921,-0.228454,-0.003064,-0.003455,0.100481,0.423696,-0.005178,0.039812,-0.007029,-0.288284,0.177115,0.065701,0.205326,0.000231,-0.274156,-0.050648,-0.072288,0.067569,0.200667,-0.240680,0.196556,-0.209355,0.045670,-0.062619,-0.302054,-0.011445,0.294504,0.008318,0.012628,0.344326,-0.088276,-0.173457,-0.486361,-0.300609,0.306664,0.143350,0.205317,-0.451352,0.182440,-0.199816,-0.174929,-0.544789,-0.266427,-0.017521,0.017319,0.023668,0.273525,0.426357,-0.360197,-0.139753,0.409140,-0.026100,-0.326880,-0.016134,0.315420,0.169071,0.232955,0.033533,0.050397,0.019836,-0.126115,0.082718,0.229652,0.379658,0.072965,-0.160349,-0.098061,0.159723,0.029674,0.300467,0.369291,-0.088970,0.266973,0.279272,0.154787,-0.102877,0.272564,-0.278262,-0.052751,-0.310397,0.219163,-0.000017,-0.049386,0.040410,-0.132958,0.050419,0.018600,0.172162,-0.118810,-0.216643,0.164030,0.205085,-0.401218,0.266373,-0.219504,0.141339,0.256228,0.020611,0.138534,-0.008601,0.034282,0.007187,0.184703,-0.348415,-0.164433,0.015128,0.152948,-0.047475,-0.317130,0.284228,0.006641,0.021246,0.047763,-0.262378,-0.077942,0.086207,-0.036433,-0.013451,0.112115,-0.000616
108,12.580000,0.141554,-0.000914,-0.287094,0.019610,0.032503,0.065441,-0.352196,-0.370786,0.453220,-0.223444,-0.002497,-0.007091,0.095132,0.448265,-0.012343,0.024946,-0.021531,-0.298269,0.149746,0.069484,0.157349,0.000291,-0.312687,-0.048161,-0.088443,0.085305,0.225975,-0.260152,0.210946,-0.195238,0.025050,-0.066709,-0.288990,-0.005090,0.312310,0.006141,-0.013321,0.338141,-0.083670,-0.159093,-0.493642,-0.308105,0.294935,0.140660,0.207679,-0.440391,0.168623,-0.189508,-0.169842,-0.544065,-0.284827,-0.009617,0.027030,0.023296,0.270702,0.457111,-0.372480,-0.145830,0.392715,-0.033415,-0.334406,-0.020157,0.305932,0.181098,0.225481,0.022702,0.036994,0.023647,-0.125124,0.095742,0.211680,0.380200,0.064203,-0.164140,-0.100755,0.172219,0.025700,0.325034,0.362569,-0.087951,0.270337,0.285574,0.182034,-0.104753,0.296721,-0.275938,-0.046544,-0.299000,0.205900,0.000231,-0.050037,0.043678,-0.156432,0.093369,0.015299,0.177628,-0.126781,-0.245724,0.162752,0.186360,-0.415829,0.275576,-0.224970,0.156668,0.248821,0.009480,0.123304,-0.009245,0.042790,0.008322,0.182282,-0.337289,-0.166082,0.013281,0.156198,-0.032783,-0.321187,0.290785,0.010589,0.017875,0.017654,-0.270051,-0.069164,0.116674,-0.039729,-0.038925,0.101103,-0.000505
109,12.600000,0.142713,0.005156,-0.279591,0.005071,0.033496,0.064462,-0.318911,-0.373927,0.444508,-0.225766,-0.000487,-0.009837,0.073746,0.476597,-0.021703,0.008200,-0.049046,-0.298637,0.134722,0.070271,0.123834,0.000322,-0.335796,-0.047348,-0.078723,0.106879,0.227604,-0.276751,0.215481,-0.195621,-0.007023,-0.068108,-0.296502,0.001990,0.321165,0.003734,-0.032677,0.324247,-0.064613,-0.157407,-0.487887,-0.310852,0.293370,0.138600,0.214461,-0.443449,0.146458,-0.180410,-0.165326,-0.546668,-0.303142,0.003473,0.047100,0.023157,0.276573,0.457034,-0.381883,-0.135734,0.358948,-0.041867,-0.324753,-0.027142,0.285885,0.193617,0.209859,0.014660,0.036840,0.027966,-0.127536,0.104505,0.215827,0.396525,0.056111,-0.168053,-0.113344,0.190207,0.022032,0.331277,0.376486,-0.087891,0.289136,0.302065,0.197147,-0.106658,0.307552,-0.287430,-0.032235,-0.293787,0.192692,-0.000883,-0.053327,0.050759,-0.170480,0.104192,0.018569,0.184445,-0.127270,-0.253098,0.181965,0.190454,-0.435737,0.272173,-0.234288,0.166010,0.232610,0.009056,0.110213,-0.009156,0.044512,0.009890,0.192911,-0.314542,-0.167873,0.012907,0.153878,-0.029269,-0.321175,0.284664,0.010631,0.012431,0.003207,-0.269000,-0.066868,0.139015,-0.036429,-0.064656,0.088729,0.000024
110,12.620000,0.140602,0.005767,-0.280935,-0.008282,0.031428,0.068848,-0.304412,-0.365074,0.446673,-0.230202,-0.002103,-0.014581,0.061613,0.486133,-0.014176,-0.000238,-0.064489,-0.292007,0.132014,0.070176,0.115778,0.000294,-0.339374,-0.045401,-0.060753,0.127583,0.225704,-0.270662,0.215483,-0.212769,-0.029409,-0.063136,-0.301155,0.006255,0.316778,0.003046,-0.036923,0.318892,-0.050747,-0.158064,-0.482587,-0.308160,0.300614,0.131160,0.222807,-0.444155,0.137534,-0.180416,-0.161748,-0.557891,-0.307990,0.006409,0.070383,0.021749,0.287906,0.443886,-0.391492,-0.124923,0.340150,-0.047629,-0.317997,-0.032792,0.271256,0.192569,0.207156,0.011092,0.051099,0.029199,-0.124701,0.118262,0.233323,0.408661,0.048634,-0.170151,-0.131574,0.185491,0.017566,0.301226,0.373861,-0.083148,0.313201,0.314082,0.199936,-0.100914,0.302840,-0.298466,-0.027737,-0.302976,0.182739,-0.004222,-0.053145,0.063470,-0.188839,0.094097,0.025023,0.182606,-0.121721,-0.253178,0.186313,0.197806,-0.444136,0.274249,-0.241346,0.162526,0.229437,0.000609,0.110006,-0.009286,0.041834,0.011170,0.197045,-0.310944,-0.167575,0.015598,0.143255,-0.024822,-0.303957,0.282592,0.011181,0.011412,0.007967,-0.273175,-0.053724,0.158046,-0.035680,-0.075027,0.087339,-0.000711
111,12.640000,0.137856,0.004490,-0.270927,-0.020406,0.019934,0.076081,-0.297295,-0.358639,0.448992,-0.239100,-0.004921,-0.019911,0.058623,0.499381,-0.011646,-0.002726,-0.073495,-0.282677,0.138546,0.072080,0.119565,0.000271,-0.325322,-0.036372,-0.054187,0.134379,0.228255,-0.276926,0.214796,-0.237852,-0.046703,-0.061087,-0.302659,0.007485,0.305723,0.005074,-0.035180,0.313548,-0.046083,-0.150722,-0.480809,-0.305897,0.308566,0.122474,0.225823,-0.432976,0.131311,-0.177938,-0.168865,-0.570420,-0.310295,-0.002306,0.098859,0.023063,0.299621,0.428843,-0.402311,-0.127298,0.329545,-0.051577,-0.303282,-0.038722,0.263999,0.179760,0.214731,0.009844,0.062298,0.029552,-0.120797,0.135326,0.248436,0.415303,0.040981,-0.171075,-0.137129,0.172955,0.011894,0.274545,0.358931,-0.079027,0.325489,0.314901,0.198319,-0.093809,0.289906,-0.311793,-0.034093,-0.317380,0.169745,-0.007591,-0.051229,0.075785,-0.204702,0.074138,0.032921,0.180708,-0.115282,-0.253622,0.193334,0.205922,-0.443697,0.275070,-0.238024,0.158872,0.230725,-0.004581,0.115594,-0.008834,0.035963,0.006369,0.214517,-0.309461,-0.162508,0.019420,0.137483,-0.022342,-0.292480,0.286672,0.012088,0.011717,0.016360,-0.283090,-0.040071,0.178138,-0.036457,-0.073477,0.089995,-0.002034
112,12.660000,0.130319,-0.000498,-0.270201,-0.026160,0.016287,0.073448,-0.302099,-0.353770,0.462771,-0.239995,-0.007933,-0.022632,0.064042,0.506803,-0.004235,-0.003905,-0.073482,-0.287946,0.145603,0.070391,0.125442,0.000246,-0.316207,-0.036668,-0.057136,0.134441,0.237102,-0.265788,0.210851,-0.238512,-0.057388,-0.061682,-0.306327,0.005461,0.306976,0.008111,-0.032558,0.313523,-0.046365,-0.144010,-0.483196,-0.295769,0.310117,0.109947,0.241184,-0.428296,0.137928,-0.176206,-0.163726,-0.580265,-0.315783,-0.013766,0.111668,0.019840,0.315780,0.404714,-0.408110,-0.126305,0.329030,-0.056221,-0.305907,-0.039401,0.267060,0.167909,0.214564,0.008233,0.073716,0.027739,-0.112775,0.145764,0.256813,0.417246,0.031521,-0.170481,-0.141990,0.168503,0.006813,0.257156,0.341395,-0.068404,0.348624,0.315588,0.194538,-0.093377,0.274592,-0.316211,-0.045343,-0.321226,0.164523,-0.008143,-0.051405,0.083200,-0.217318,0.055775,0.034114,0.180426,-0.106341,-0.245217,0.192212,0.213571,-0.441290,0.283521,-0.236102,0.149030,0.231386,-0.016757,0.129140,-0.008241,0.030269,0.006706,0.222367,-0.313065,-0.152816,0.023121,0.131458,-0.016809,-0.291813,0.288071,0.012501,0.002793,0.011523,-0.296046,-0.020713,0.189400,-0.040327,-0.060888,0.093665,-0.003488
113,12.680000,0.128010,-0.003879,-0.268426,-0.025880,0.012764,0.079597,-0.309308,-0.355442,0.451159,-0.249255,-0.009999,-0.023133,0.071175,0.516546,-0.003092,-0.004075,-0.075607,-0.305862,0.152890,0.068613,0.137703,0.000195,-0.299001,-0.036655,-0.071759,0.133956,0.244852,-0.271938,0.211559,-0.245948,-0.060779,-0.067241,-0.303104,0.002117,0.302842,0.011895,-0.035263,0.308503,-0.048702,-0.125725,-0.486350,-0.287509,0.314261,0.102111,0.250265,-0.413201,0.144442,-0.177031,-0.169078,-0.585963,-0.312095,-0.025168,0.123579,0.020084,0.327565,0.394164,-0.409640,-0.136745,0.321847,-0.059275,-0.294969,-0.042401,0.267208,0.151488,0.222979,0.006972,0.080503,0.028539,-0.105449,0.156263,0.261709,0.405245,0.021876,-0.174214,-0.139982,0.174756,0.002351,0.244064,0.328459,-0.061343,0.353602,0.316703,0.204171,-0.095740,0.268961,-0.320109,-0.054481,-0.335719,0.157444,-0.007234,-0.049950,0.088261,-0.217166,0.039452,0.029114,0.187330,-0.105796,-0.241836,0.178421,0.216439,-0.439794,0.288243,-0.229941,0.151599,0.228456,-0.026750,0.141784,-0.007556,0.026577,0.006828,0.238408,-0.317669,-0.136198,0.027181,0.132658,-0.010168,-0.294773,0.296394,0.011547,-0.012708,0.012765,-0.311861,-0.010735,0.192270,-0.041140,-0.045277,0.099158,-0.006370
114,12.700000,0.119163,-0.007724,-0.268490,-0.020510,0.008910,0.083415,-0.311950,-0.353067,0.450843,-0.253313,-0.007427,-0.022269,0.075878,0.519619,-0.000971,-0.004224,-0.081378,-0.322228,0.157231,0.066630,0.149547,0.000153,-0.281323,-0.037327,-0.092488,0.118984,0.250533,-0.268718,0.200789,-0.252501,-0.056159,-0.073432,-0.301956,-0.002930,0.303701,0.015291,-0.032198,0.300375,-0.051093,-0.103180,-0.485361,-0.280299,0.309507,0.095932,0.262473,-0.400238,0.145798,-0.174585,-0.176838,-0.588915,-0.312788,-0.041939,0.130940,0.019442,0.333982,0.373979,-0.411938,-0.145648,0.318311,-0.062543,-0.291121,-0.043932,0.265479,0.130107,0.231983,0.005085,0.087511,0.029876,-0.097136,0.162260,0.267325,0.388212,0.010011,-0.181700,-0.133322,0.187747,-0.002219,0.237576,0.314903,-0.056362,0.361873,0.314527,0.222902,-0.099562,0.262762,-0.327278,-0.060650,-0.343219,0.156593,-0.005317,-0.050200,0.084942,-0.203060,0.027564,0.024368,0.189478,-0.099203,-0.228549,0.188478,0.210296,-0.438882,0.295848,-0.225032,0.146471,0.224024,-0.037922,0.150944,-0.007178,0.027053,0.004022,0.253138,-0.314563,-0.109655,0.033223,0.137270,-0.001433,-0.300485,0.302070,0.008109,-0.033366,0.014745,-0.331216,-0.007481,0.186719,-0.040194,-0.028165,0.101181,-0.009128
115,12.720000,0.117102,-0.010380,-0.261708,-0.008430,0.002381,0.079929,-0.315820,-0.357358,0.442086,-0.247641,-0.006224,-0.019000,0.077368,0.530950,-0.005225,-0.004375,-0.088683,-0.341592,0.158508,0.062285,0.157005,0.000163,-0.262817,-0.040319,-0.111523,0.100942,0.256445,-0.280282,0.194361,-0.250622,-0.049478,-0.081220,-0.300774,-0.008562,0.302100,0.019186,-0.029999,0.295091,-0.048676,-0.085300,-0.481670,-0.271179,0.306794,0.085917,0.276793,-0.378427,0.152626,-0.173811,-0.178073,-0.590109,-0.311762,-0.056823,0.136364,0.019775,0.345364,0.359926,-0.409021,-0.155897,0.311636,-0.067377,-0.285777,-0.048448,0.262740,0.109814,0.233691,0.002707,0.095586,0.029735,-0.092632,0.163778,0.263073,0.372286,-0.002580,-0.186068,-0.117439,0.198946,-0.006581,0.238236,0.304906,-0.052408,0.361631,0.312948,0.249416,-0.110195,0.261069,-0.331918,-0.061876,-0.351808,0.159065,-0.003670,-0.050272,0.081185,-0.176994,0.018159,0.016995,0.200686,-0.098487,-0.229362,0.196813,0.205733,-0.435530,0.306062,-0.220861,0.145291,0.221946,-0.053023,0.154909,-0.006789,0.027297,0.007612,0.269663,-0.315818,-0.072092,0.037980,0.144344,0.003354,-0.310055,0.298220,0.003348,-0.055026,0.020307,-0.343149,0.000293,0.180505,-0.036571,-0.009961,0.105128,-0.012361
116,12.740000,0.116799,-0.010908,-0.261171,0.009381,0.001228,0.077387,-0.319026,-0.370476,0.426198,-0.239103,-0.004252,-0.016159,0.071763,0.544867,-0.012829,-0.003787,-0.094930,-0.361522,0.155359,0.058008,0.168280,0.000138,-0.253681,-0.045273,-0.127460,0.093941,0.249871,-0.285060,0.197082,-0.247162,-0.045598,-0.094492,-0.300527,-0.013789,0.298740,0.022826,-0.026787,0.288600,-0.046997,-0.071295,-0.481420,-0.264602,0.309073,0.077680,0.292195,-0.364488,0.156531,-0.179076,-0.177172,-0.589396,-0.308757,-0.071716,0.148619,0.019789,0.351382,0.349524,-0.402504,-0.159569,0.308798,-0.068743,-0.282780,-0.056027,0.258908,0.086277,0.241559,0.000762,0.087198,0.026714,-0.090397,0.162804,0.261578,0.350033,-0.014674,-0.192439,-0.100347,0.205690,-0.008776,0.241118,0.289630,-0.053075,0.360456,0.311331,0.277934,-0.119238,0.259846,-0.325170,-0.060881,-0.363650,0.158272,-0.000832,-0.051027,0.075625,-0.136381,0.013295,0.009688,0.213027,-0.096048,-0.231406,0.197506,0.209817,-0.429484,0.316925,-0.216207,0.146900,0.214995,-0.061071,0.163125,-0.006852,0.032109,0.020263,0.274502,-0.316942,-0.023519,0.042906,0.150462,0.007029,-0.318918,0.293318,0.000454,-0.076400,0.035127,-0.357907,0.002830,0.172990,-0.029962,0.005036,0.110309,-0.015113
117,12.760000,0.100996,-0.010980,-0.253624,0.009601,0.006231,0.080175,-0.329182,-0.373523,0.408269,-0.234237,-0.007699,-0.013442,0.069701,0.500566,-0.008088,-0.003524,-0.086872,-0.378568,0.154478,0.054691,0.172858,0.000147,-0.239307,-0.051878,-0.139471,0.080511,0.262961,-0.251743,0.196374,-0.241745,-0.036596,-0.103532,-0.297543,-0.016141,0.296184,0.024149,-0.026431,0.281912,-0.049747,-0.062527,-0.497211,-0.261188,0.297603,0.067258,0.286432,-0.347979,0.145337,-0.182423,-0.176073,-0.584685,-0.307795,-0.081703,0.151013,0.015334,0.355460,0.340411,-0.387348,-0.157159,0.311143,-0.064704,-0.293794,-0.041122,0.257776,0.080380,0.268546,-0.001311,0.094370,0.024664,-0.077329,0.157728,0.249170,0.324658,-0.027529,-0.203404,-0.093711,0.232693,-0.012028,0.242212,0.263945,-0.047735,0.364185,0.297161,0.307416,-0.127567,0.277418,-0.311827,-0.069336,-0.366737,0.159621,0.004232,-0.050832,0.065828,-0.102511,0.013358,0.012834,0.224024,-0.098419,-0.227461,0.176452,0.198210,-0.415377,0.331679,-0.215279,0.142315,0.205655,-0.078402,0.162466,-0.007864,0.048595,0.016852,0.258850,-0.327803,0.017869,0.046800,0.159975,0.015834,-0.324118,0.286181,0.001204,-0.091055,0.038145,-0.377032,0.007518,0.165609,-0.026680,0.012271,0.112210,-0.017975
118,12.780000,0.095414,-0.011881,-0.247716,0.020302,0.008234,0.080417,-0.329312,-0.382470,0.394227,-0.233637,-0.009884,-0.011383,0.061044,0.497069,-0.012089,-0.002071,-0.096486,-0.391519,0.152333,0.055656,0.175984,0.000147,-0.222438,-0.051160,-0.147687,0.068796,0.263390,-0.244935,0.197938,-0.244375,-0.036957,-0.115720,-0.294388,-0.019032,0.302951,0.027029,-0.025861,0.282981,-0.048131,-0.054701,-0.513577,-0.260177,0.300798,0.061069,0.299761,-0.325102,0.148112,-0.181191,-0.182461,-0.576933,-0.296794,-0.090201,0.160899,0.014091,0.363716,0.341844,-0.387960,-0.152783,0.297461,-0.064148,-0.288242,-0.029593,0.246786,0.067614,0.279326,-0.003069,0.091297,0.025491,-0.072046,0.157191,0.246465,0.315030,-0.036912,-0.210384,-0.076065,0.239819,-0.015526,0.246431,0.252718,-0.049755,0.360726,0.299021,0.331346,-0.136212,0.288635,-0.305359,-0.073242,-0.365056,0.156375,0.006368,-0.050243,0.053122,-0.070627,0.018289,0.011591,0.231923,-0.102256,-0.241734,0.169592,0.193577,-0.412499,0.330933,-0.214483,0.145553,0.201115,-0.087585,0.159271,-0.009186,0.062532,0.016356,0.267679,-0.326590,0.061123,0.049781,0.171743,0.023454,-0.331075,0.276624,0.004823,-0.101349,0.050942,-0.395296,0.007276,0.160851,-0.021027,0.014241,0.110941,-0.019987
119,12.800000,0.098360,-0.010901,-0.238572,0.019345,0.007225,0.077595,-0.316575,-0.379146,0.376386,-0.221541,-0.005305,-0.011158,0.062910,0.522838,-0.018060,-0.001499,-0.104261,-0.379180,0.150001,0.054731,0.166297,0.000112,-0.206010,-0.047165,-0.157957,0.068764,0.259909,-0.278256,0.194781,-0.250016,-0.031164,-0.120193,-0.291839,-0.022199,0.313085,0.027066,-0.026399,0.280218,-0.046341,-0.052712,-0.514810,-0.262396,0.298567,0.056407,0.303297,-0.311510,0.142588,-0.185658,-0.187737,-0.578596,-0.297798,-0.096039,0.172392,0.016675,0.358442,0.340126,-0.378372,-0.161282,0.290671,-0.066502,-0.291637,-0.037078,0.245536,0.059426,0.279775,-0.004303,0.101189,0.030288,-0.073346,0.157002,0.249029,0.302637,-0.043353,-0.215861,-0.066625,0.249116,-0.016856,0.265795,0.254589,-0.049149,0.373005,0.301624,0.352628,-0.138973,0.297370,-0.311533,-0.062035,-0.364709,0.153886,0.006148,-0.049111,0.039947,-0.046585,0.019909,0.013800,0.247305,-0.104804,-0.248799,0.175676,0.198463,-0.412921,0.317716,-0.215426,0.146450,0.193819,-0.100313,0.152686,-0.008798,0.068524,0.025009,0.281397,-0.340036,0.096548,0.049411,0.180419,0.029324,-0.329521,0.273502,0.009672,-0.108094,0.052048,-0.392855,0.009664,0.161458,-0.017343,0.019167,0.112918,-0.020484
120,12.820000,0.092024,-0.010003,-0.242217,0.024022,0.006953,0.078316,-0.319177,-0.385043,0.359761,-0.217584,-0.006536,-0.011040,0.056851,0.522853,-0.021891,-0.001217,-0.112372,-0.375573,0.151805,0.053607,0.166658,0.000133,-0.200418,-0.047358,-0.156564,0.059821,0.255505,-0.271518,0.202406,-0.251385,-0.025093,-0.120119,-0.286577,-0.023007,0.310968,0.027500,-0.023383,0.280794,-0.042550,-0.047578,-0.514332,-0.255217,0.293989,0.051430,0.303522,-0.300686,0.134630,-0.183870,-0.181015,-0.583939,-0.288363,-0.102068,0.183506,0.015940,0.357224,0.346994,-0.373641,-0.161031,0.286788,-0.065324,-0.289992,-0.038377,0.240662,0.051451,0.282193,-0.006055,0.096136,0.029922,-0.069044,0.162839,0.246919,0.299073,-0.047407,-0.215345,-0.064103,0.251923,-0.019060,0.263914,0.251607,-0.051007,0.370155,0.301102,0.367277,-0.143418,0.311438,-0.308332,-0.060911,-0.359863,0.158581,0.003284,-0.050564,0.036024,-0.023908,0.024059,0.012680,0.255312,-0.100659,-0.260292,0.170901,0.197249,-0.407243,0.311614,-0.215528,0.143587,0.193933,-0.094791,0.156863,-0.009189,0.078485,0.024371,0.279045,-0.338148,0.127089,0.045404,0.177229,0.034329,-0.330710,0.273313,0.010509,-0.109784,0.059704,-0.398141,0.004874,0.167509,-0.012613,0.017520,0.113668,-0.020548
121,12.840000,0.087654,-0.009507,-0.241726,0.019006,0.004347,0.076106,-0.313368,-0.383634,0.359449,-0.213125,-0.007887,-0.012558,0.064121,0.533690,-0.021303,-0.001437,-0.116421,-0.359658,0.151723,0.054254,0.147226,0.000120,-0.198691,-0.042571,-0.156878,0.069755,0.255061,-0.277065,0.203720,-0.243010,-0.019726,-0.124978,-0.282728,-0.022889,0.313884,0.027506,-0.022687,0.283417,-0.042094,-0.046997,-0.520274,-0.255264,0.292122,0.045536,0.309309,-0.296783,0.123167,-0.185549,-0.181432,-0.583298,-0.289608,-0.110391,0.193319,0.015815,0.354855,0.348112,-0.367528,-0.169111,0.283588,-0.066373,-0.293584,-0.043634,0.243528,0.052559,0.280720,-0.006945,0.103198,0.028736,-0.068276,0.169473,0.252487,0.301105,-0.050603,-0.215211,-0.064172,0.258483,-0.018303,0.274506,0.242109,-0.050083,0.384098,0.298117,0.375219,-0.145108,0.319347,-0.312336,-0.056698,-0.352450,0.156141,0.001356,-0.050166,0.031602,-0.017379,0.028372,0.013669,0.258128,-0.101525,-0.266221,0.173200,0.205472,-0.406814,0.298752,-0.222639,0.149204,0.190158,-0.099266,0.151731,-0.009264,0.085029,0.028710,0.282082,-0.345612,0.145678,0.042501,0.184656,0.040501,-0.325118,0.274039,0.013080,-0.106705,0.047110,-0.388231,0.001294,0.178128,-0.010956,0.014085,0.109939,-0.020469
122,12.860000,0.082970,-0.010134,-0.244085,0.017654,0.001432,0.076164,-0.307822,-0.378462,0.346959,-0.210245,-0.007054,-0.014462,0.067135,0.530295,-0.022519,-0.001777,-0.120921,-0.348644,0.157010,0.055033,0.131459,0.000142,-0.197130,-0.039672,-0.149792,0.080756,0.253713,-0.283242,0.203551,-0.246553,-0.016302,-0.121942,-0.277857,-0.023217,0.310864,0.026317,-0.021491,0.285395,-0.037810,-0.044155,-0.519335,-0.253282,0.289580,0.041110,0.306552,-0.290626,0.115500,-0.185500,-0.182651,-0.585781,-0.284340,-0.111429,0.200534,0.015191,0.347744,0.348777,-0.364729,-0.171773,0.279825,-0.067311,-0.294020,-0.048349,0.242857,0.054301,0.278887,-0.008037,0.108192,0.030536,-0.065651,0.177993,0.253390,0.297005,-0.052357,-0.216646,-0.062444,0.260302,-0.018498,0.274797,0.242493,-0.051014,0.381029,0.296876,0.377356,-0.146707,0.329702,-0.318221,-0.055740,-0.351503,0.156638,-0.001284,-0.050488,0.030595,-0.009335,0.034901,0.015278,0.258326,-0.102646,-0.273646,0.165412,0.207708,-0.406802,0.288887,-0.226133,0.147688,0.185048,-0.094359,0.149412,-0.009209,0.083536,0.027236,0.280598,-0.349237,0.157957,0.037304,0.182923,0.041934,-0.321721,0.279672,0.011630,-0.101669,0.038179,-0.383695,-0.002243,0.188986,-0.009944,0.011132,0.108407,-0.020596
123,12.880000,0.077816,-0.009115,-0.252316,0.018415,0.001607,0.075403,-0.304674,-0.379500,0.358993,-0.214968,-0.005387,-0.017430,0.068720,0.535735,-0.023700,-0.001895,-0.115739,-0.341278,0.163127,0.056763,0.112345,0.000159,-0.212571,-0.040121,-0.135688,0.091179,0.246225,-0.279375,0.207717,-0.236087,-0.016434,-0.125954,-0.279972,-0.023023,0.300701,0.026206,-0.023199,0.287084,-0.038791,-0.048149,-0.527718,-0.248446,0.288428,0.035397,0.311786,-0.296099,0.108235,-0.188013,-0.174281,-0.582280,-0.287841,-0.113308,0.208436,0.014137,0.348565,0.357155,-0.359215,-0.171218,0.279269,-0.069805,-0.293466,-0.052737,0.240793,0.059350,0.278432,-0.008684,0.106407,0.028005,-0.064252,0.183529,0.263949,0.301180,-0.054707,-0.217013,-0.068399,0.259243,-0.018545,0.281825,0.240416,-0.052817,0.380714,0.287194,0.373856,-0.144133,0.325399,-0.316795,-0.053640,-0.348729,0.155695,-0.004359,-0.050618,0.029068,-0.007930,0.036355,0.016991,0.252493,-0.099686,-0.274143,0.156889,0.216521,-0.412095,0.289521,-0.236361,0.159287,0.182244,-0.089113,0.150423,-0.009101,0.082447,0.030145,0.278779,-0.348996,0.161948,0.034351,0.183422,0.042774,-0.323698,0.282834,0.009645,-0.093620,0.022888,-0.378330,-0.007529,0.199766,-0.009140,0.007047,0.103561,-0.019877
124,12.900000,0.070578,-0.008139,-0.251876,0.017838,-0.001506,0.074204,-0.305391,-0.373975,0.358410,-0.216832,-0.009477,-0.019096,0.074179,0.528361,-0.021194,-0.002028,-0.114082,-0.334679,0.172852,0.058454,0.097637,0.000134,-0.224951,-0.038992,-0.120669,0.094152,0.245143,-0.269618,0.207007,-0.233445,-0.015495,-0.121312,-0.276173,-0.021976,0.288579,0.025488,-0.023189,0.289965,-0.037673,-0.049010,-0.533522,-0.246966,0.286457,0.031757,0.304268,-0.295935,0.101137,-0.186403,-0.178118,-0.583538,-0.284150,-0.112458,0.210997,0.013117,0.341749,0.360973,-0.352784,-0.167275,0.278611,-0.070929,-0.295665,-0.054295,0.237766,0.067864,0.274855,-0.009673,0.107410,0.028961,-0.060603,0.186940,0.269788,0.299470,-0.056596,-0.216990,-0.072105,0.257118,-0.018112,0.281727,0.241318,-0.052136,0.372943,0.278592,0.363004,-0.139894,0.327814,-0.318590,-0.057490,-0.347558,0.156974,-0.007343,-0.049615,0.028689,-0.006920,0.037487,0.018365,0.244801,-0.096438,-0.275690,0.148448,0.220134,-0.413908,0.285559,-0.246877,0.165112,0.179404,-0.077987,0.150807,-0.009184,0.080569,0.025842,0.269439,-0.347689,0.159929,0.029103,0.180372,0.039763,-0.322718,0.284126,0.006304,-0.078229,0.012026,-0.367727,-0.007810,0.210962,-0.009811,0.004289,0.101541,-0.019518
125,12.920000,0.065480,-0.008418,-0.260249,0.022756,-0.004307,0.073691,-0.304878,-0.371050,0.365204,-0.217501,-0.009228,-0.021521,0.076433,0.526166,-0.020820,-0.001650,-0.106988,-0.329820,0.183241,0.060422,0.085200,0.000174,-0.239573,-0.039682,-0.107094,0.106031,0.233708,-0.263012,0.212032,-0.233432,-0.017175,-0.120450,-0.281969,-0.021636,0.284114,0.025526,-0.022166,0.292695,-0.039220,-0.054510,-0.539177,-0.246190,0.292582,0.029618,0.302202,-0.307169,0.104847,-0.185753,-0.173784,-0.579424,-0.284166,-0.109875,0.212657,0.011719,0.341293,0.364993,-0.352763,-0.160428,0.278687,-0.073933,-0.296392,-0.056353,0.237010,0.072026,0.272342,-0.010581,0.098858,0.029970,-0.059292,0.188574,0.285001,0.304592,-0.057789,-0.212974,-0.076398,0.243176,-0.017237,0.279831,0.244528,-0.056090,0.373580,0.276280,0.345214,-0.139941,0.320769,-0.321635,-0.056399,-0.347167,0.157545,-0.008292,-0.048549,0.027684,-0.015515,0.036951,0.019498,0.232670,-0.093026,-0.282624,0.141201,0.233883,-0.422791,0.282038,-0.255403,0.184353,0.184062,-0.065005,0.155889,-0.008847,0.070338,0.025695,0.259948,-0.340397,0.151582,0.026852,0.170726,0.034521,-0.329242,0.284352,0.003481,-0.062120,0.002830,-0.357029,-0.005619,0.216844,-0.009217,0.006876,0.098016,-0.017978
126,12.940000,0.061237,-0.008663,-0.263180,0.017595,-0.007571,0.073286,-0.307487,-0.364173,0.369207,-0.217383,-0.009426,-0.023517,0.085581,0.529419,-0.020278,-0.001812,-0.101965,-0.325330,0.189926,0.061819,0.070225,0.000198,-0.251868,-0.039645,-0.099890,0.113146,0.234392,-0.259897,0.210326,-0.227935,-0.013584,-0.116448,-0.283342,-0.020360,0.279972,0.025240,-0.023261,0.296963,-0.041163,-0.058340,-0.545482,-0.248349,0.292523,0.027460,0.289688,-0.312386,0.110598,-0.182744,-0.175547,-0.577523,-0.284533,-0.104099,0.209734,0.011025,0.336489,0.369743,-0.346909,-0.155032,0.284966,-0.076795,-0.302361,-0.058717,0.244586,0.076802,0.261383,-0.011149,0.098011,0.031624,-0.058136,0.187645,0.297407,0.305763,-0.057929,-0.206427,-0.078438,0.233790,-0.014268,0.285007,0.246865,-0.054080,0.369551,0.271873,0.324328,-0.133129,0.310232,-0.325835,-0.056873,-0.346725,0.158695,-0.007402,-0.047843,0.029584,-0.027201,0.035557,0.019615,0.225473,-0.088147,-0.282611,0.138896,0.237811,-0.424851,0.281615,-0.262246,0.190036,0.184591,-0.057651,0.159173,-0.008481,0.058451,0.027101,0.249998,-0.336383,0.136485,0.023717,0.162484,0.030553,-0.330554,0.290757,0.001333,-0.045597,-0.013053,-0.343907,-0.000640,0.220558,-0.010758,0.010308,0.096599,-0.015701
127,12.960000,0.056280,-0.010336,-0.266402,0.015322,-0.006400,0.070319,-0.308109,-0.362649,0.378088,-0.221353,-0.010890,-0.024295,0.089483,0.521483,-0.021825,-0.002422,-0.091771,-0.327498,0.194412,0.063561,0.063173,0.000235,-0.259715,-0.044200,-0.096521,0.113664,0.235512,-0.246019,0.207269,-0.223498,-0.012828,-0.119005,-0.285796,-0.017859,0.272053,0.025537,-0.024717,0.300859,-0.041741,-0.066211,-0.549015,-0.246795,0.289757,0.025956,0.285014,-0.317084,0.121794,-0.182018,-0.180394,-0.578589,-0.288857,-0.098026,0.203511,0.009774,0.335266,0.369429,-0.340903,-0.146809,0.290429,-0.080597,-0.304950,-0.056382,0.245681,0.081238,0.249084,-0.011554,0.090049,0.032379,-0.055899,0.188077,0.301449,0.306399,-0.057512,-0.202178,-0.075620,0.228662,-0.011830,0.282356,0.252595,-0.051355,0.357858,0.268508,0.311115,-0.127782,0.299824,-0.325995,-0.061342,-0.343919,0.159322,-0.006525,-0.047669,0.033768,-0.039943,0.032435,0.016546,0.218623,-0.083139,-0.281767,0.137048,0.236804,-0.424505,0.288052,-0.268273,0.196969,0.185205,-0.051226,0.161655,-0.008539,0.049903,0.028429,0.245221,-0.333736,0.117800,0.020542,0.156184,0.025619,-0.336301,0.295444,0.000719,-0.032742,-0.024895,-0.332575,0.004264,0.221601,-0.013796,0.012548,0.094834,-0.013905
128,12.980000,0.050761,-0.009779,-0.271490,0.022767,-0.008540,0.073171,-0.306318,-0.360821,0.375054,-0.222945,-0.010306,-0.025281,0.087823,0.521268,-0.021442,-0.002520,-0.089248,-0.331244,0.200505,0.067231,0.063440,0.000206,-0.271483,-0.042493,-0.100183,0.107650,0.231438,-0.241271,0.203703,-0.230519,-0.012618,-0.117899,-0.292459,-0.016923,0.268332,0.025772,-0.025289,0.305772,-0.043789,-0.071116,-0.552202,-0.244485,0.296509,0.026450,0.277994,-0.323768,0.132292,-0.187842,-0.191279,-0.578972,-0.288009,-0.094562,0.196135,0.009493,0.326944,0.373210,-0.343833,-0.143660,0.289325,-0.081958,-0.300883,-0.052794,0.246674,0.080816,0.251470,-0.011514,0.071188,0.032283,-0.052715,0.185445,0.315071,0.308292,-0.056907,-0.198336,-0.079842,0.215680,-0.010754,0.284102,0.253773,-0.053706,0.348615,0.268086,0.295713,-0.123871,0.289031,-0.326159,-0.060558,-0.348748,0.158966,-0.003772,-0.046635,0.037080,-0.045631,0.027918,0.014180,0.212039,-0.081591,-0.292196,0.123991,0.242450,-0.431052,0.291658,-0.270307,0.213024,0.193942,-0.041296,0.162520,-0.008152,0.044557,0.025112,0.236875,-0.319927,0.100034,0.018471,0.153315,0.018799,-0.343023,0.295503,0.001363,-0.022847,-0.023023,-0.323384,0.005951,0.220818,-0.016107,0.016707,0.093769,-0.011427
129,13.000000,0.047594,-0.011628,-0.267068,0.014936,-0.015512,0.077680,-0.308737,-0.355737,0.381967,-0.216926,-0.005652,-0.025003,0.094332,0.531928,-0.018369,-0.002890,-0.090592,-0.325634,0.196642,0.066414,0.063449,0.000193,-0.269235,-0.041813,-0.107587,0.112198,0.231556,-0.255444,0.192818,-0.232801,-0.012310,-0.113532,-0.298438,-0.015103,0.282509,0.025527,-0.025766,0.310475,-0.042862,-0.071838,-0.549657,-0.245475,0.293302,0.026911,0.272876,-0.327179,0.138869,-0.186716,-0.189683,-0.578738,-0.295501,-0.087622,0.188231,0.009825,0.318227,0.374395,-0.342801,-0.148161,0.296136,-0.086543,-0.304866,-0.058710,0.255780,0.085151,0.234746,-0.011538,0.072200,0.036156,-0.053624,0.182079,0.318977,0.308519,-0.055095,-0.196127,-0.076591,0.210255,-0.008536,0.286988,0.264193,-0.051224,0.351583,0.269687,0.284267,-0.122533,0.281823,-0.340510,-0.058020,-0.345856,0.158633,-0.002016,-0.046253,0.038773,-0.053468,0.028582,0.012279,0.214126,-0.078653,-0.293479,0.127848,0.239308,-0.431633,0.287526,-0.268248,0.205921,0.192402,-0.041879,0.166006,-0.007990,0.038341,0.024825,0.245513,-0.321301,0.080635,0.016690,0.154008,0.018735,-0.342487,0.300925,0.001933,-0.020848,-0.026561,-0.317069,0.014344,0.214052,-0.019953,0.026234,0.094685,-0.010313
130,13.020000,0.042946,-0.012356,-0.271089,0.013594,-0.018543,0.076266,-0.310029,-0.359300,0.378653,-0.213464,-0.003830,-0.024065,0.092300,0.529836,-0.013182,-0.003635,-0.089276,-0.331667,0.192598,0.066182,0.068390,0.000163,-0.266106,-0.046190,-0.114223,0.117110,0.235470,-0.247371,0.191371,-0.230612,-0.008916,-0.108473,-0.296560,-0.013306,0.282790,0.025524,-0.024160,0.310832,-0.042543,-0.066890,-0.541824,-0.244843,0.288582,0.027111,0.277615,-0.324075,0.139570,-0.187003,-0.187986,-0.579997,-0.296816,-0.082188,0.177950,0.009460,0.315677,0.378981,-0.337285,-0.148069,0.296398,-0.088740,-0.300950,-0.060912,0.258922,0.087847,0.233986,-0.011325,0.071525,0.037292,-0.050474,0.179578,0.311766,0.306435,-0.053348,-0.199064,-0.073975,0.211693,-0.007025,0.281090,0.266975,-0.048549,0.342594,0.273137,0.282653,-0.122820,0.277845,-0.341502,-0.061575,-0.342315,0.161114,-0.001009,-0.045540,0.042107,-0.053033,0.026773,0.009613,0.217787,-0.075631,-0.287326,0.128926,0.233487,-0.427577,0.289891,-0.262504,0.204782,0.196755,-0.038812,0.165932,-0.008232,0.033435,0.026316,0.246045,-0.321121,0.065869,0.015206,0.152007,0.018219,-0.341511,0.303053,0.003125,-0.021580,-0.026061,-0.314402,0.010062,0.203009,-0.021351,0.028141,0.095047,-0.009564
131,13.040000,0.035890,-0.011450,-0.286230,0.017898,-0.016169,0.073885,-0.313795,-0.364936,0.396233,-0.216956,-0.006663,-0.022419,0.083320,0.502415,-0.004841,-0.003549,-0.083059,-0.344272,0.192766,0.067524,0.081597,0.000180,-0.288011,-0.048538,-0.113587,0.110493,0.235304,-0.213005,0.186991,-0.223798,-0.009053,-0.109730,-0.302490,-0.013696,0.278319,0.025076,-0.025083,0.311069,-0.044115,-0.068965,-0.545776,-0.240819,0.291534,0.027351,0.274139,-0.325875,0.142020,-0.187963,-0.188321,-0.569077,-0.293308,-0.083747,0.171003,0.007546,0.319515,0.376229,-0.336541,-0.141043,0.292073,-0.085286,-0.302393,-0.034929,0.256480,0.082379,0.242642,-0.011136,0.056831,0.031428,-0.045846,0.174595,0.314640,0.306961,-0.053206,-0.200809,-0.081040,0.211744,-0.007370,0.273954,0.260036,-0.050878,0.326811,0.272130,0.281745,-0.121844,0.271465,-0.332223,-0.061411,-0.343010,0.161504,-0.000034,-0.046234,0.047709,-0.042542,0.026729,0.011937,0.208927,-0.074727,-0.284680,0.105793,0.230581,-0.427482,0.303136,-0.259644,0.208973,0.202881,-0.037134,0.159991,-0.009107,0.039597,0.021143,0.225857,-0.312474,0.053846,0.015299,0.152828,0.015762,-0.342298,0.294188,0.003973,-0.022613,-0.022093,-0.321920,-0.001606,0.192079,-0.021567,0.028861,0.093960,-0.008234
132,13.060000,0.033365,-0.012484,-0.279121,0.013031,-0.021612,0.080835,-0.317407,-0.364694,0.398741,-0.210927,-0.005876,-0.020477,0.084966,0.508743,0.001640,-0.002763,-0.089114,-0.349283,0.189879,0.066408,0.083087,0.000161,-0.285972,-0.045858,-0.118126,0.109052,0.239889,-0.213965,0.175591,-0.227116,-0.012637,-0.110713,-0.301534,-0.014909,0.286534,0.022926,-0.027519,0.311367,-0.042769,-0.071142,-0.553877,-0.245818,0.299317,0.028831,0.272265,-0.324859,0.143068,-0.189775,-0.196704,-0.562696,-0.294100,-0.078471,0.167337,0.007580,0.319694,0.372045,-0.334327,-0.134102,0.291061,-0.085685,-0.310580,-0.033990,0.260032,0.079035,0.235076,-0.010955,0.065564,0.033644,-0.044310,0.167816,0.311090,0.306305,-0.050944,-0.203704,-0.074601,0.212815,-0.006667,0.284971,0.261392,-0.048632,0.335129,0.277060,0.275882,-0.123532,0.275973,-0.332889,-0.057459,-0.340411,0.158365,-0.000769,-0.045737,0.045941,-0.036384,0.029667,0.013418,0.213860,-0.078960,-0.286129,0.101013,0.226063,-0.425723,0.302186,-0.258240,0.205184,0.200176,-0.045003,0.155525,-0.009506,0.041436,0.025136,0.227857,-0.317885,0.044247,0.014769,0.160725,0.013160,-0.339739,0.290762,0.002222,-0.027420,-0.021456,-0.327703,-0.001657,0.182752,-0.021963,0.033893,0.097967,-0.008349
133,13.080000,0.028584,-0.013317,-0.276705,0.013459,-0.023205,0.078805,-0.324492,-0.368892,0.402930,-0.203993,-0.005197,-0.018931,0.082128,0.500181,0.003416,-0.002162,-0.092727,-0.354633,0.188667,0.064310,0.087209,0.000197,-0.279307,-0.051721,-0.116639,0.103430,0.246146,-0.201199,0.173711,-0.226126,-0.013382,-0.109511,-0.297549,-0.016131,0.278132,0.020690,-0.025880,0.306014,-0.039504,-0.072506,-0.548045,-0.248970,0.289866,0.027538,0.274908,-0.318020,0.144053,-0.188828,-0.195066,-0.565815,-0.293957,-0.076073,0.166951,0.007002,0.328303,0.367163,-0.330816,-0.127309,0.289531,-0.086901,-0.313421,-0.026052,0.254163,0.077143,0.227416,-0.009968,0.076316,0.033294,-0.041014,0.161237,0.298923,0.307952,-0.050505,-0.207652,-0.063462,0.214231,-0.006428,0.279437,0.262735,-0.046985,0.330006,0.279488,0.282800,-0.124501,0.282122,-0.329102,-0.059921,-0.334004,0.159221,-0.002602,-0.045834,0.045903,-0.023380,0.029024,0.016677,0.217343,-0.078642,-0.278514,0.107146,0.217565,-0.417653,0.304108,-0.253779,0.192799,0.199769,-0.053022,0.152331,-0.010156,0.038633,0.024538,0.225752,-0.317098,0.039879,0.014373,0.156980,0.006418,-0.339125,0.288093,0.001266,-0.032706,-0.020285,-0.328508,-0.001420,0.173207,-0.021568,0.035522,0.101226,-0.008317
134,13.100000,0.023826,-0.012262,-0.288904,0.020950,-0.017563,0.075225,-0.324923,-0.374882,0.415763,-0.203810,-0.008343,-0.017865,0.075033,0.477500,0.005395,-0.002025,-0.093395,-0.367470,0.188654,0.064319,0.097846,0.000218,-0.279918,-0.053328,-0.118595,0.094198,0.251619,-0.175647,0.171832,-0.220693,-0.013033,-0.109003,-0.289752,-0.018959,0.280227,0.019020,-0.027452,0.308595,-0.042529,-0.068938,-0.558613,-0.252046,0.296146,0.028013,0.286420,-0.314263,0.147378,-0.190260,-0.194558,-0.558277,-0.289301,-0.081133,0.159207,0.005663,0.335904,0.365554,-0.329292,-0.123606,0.288841,-0.082143,-0.322045,0.010653,0.248299,0.066674,0.246315,-0.009126,0.084518,0.028777,-0.035275,0.155441,0.299892,0.309949,-0.050131,-0.209408,-0.062409,0.214298,-0.009037,0.278062,0.250049,-0.046132,0.330380,0.282758,0.285425,-0.124543,0.287708,-0.311750,-0.060606,-0.333273,0.157800,-0.002779,-0.046001,0.043982,-0.017773,0.027072,0.016998,0.212263,-0.080513,-0.273595,0.077131,0.214002,-0.410679,0.318955,-0.256245,0.193038,0.203781,-0.067328,0.150999,-0.011171,0.045283,0.021723,0.204994,-0.316683,0.037647,0.015796,0.159256,0.000798,-0.338075,0.281462,-0.000005,-0.037080,-0.019850,-0.347432,-0.008810,0.164511,-0.020155,0.035613,0.100629,-0.008295
135,13.120000,0.020637,-0.011876,-0.282412,0.026510,-0.017516,0.078875,-0.324071,-0.378271,0.421254,-0.205704,-0.009299,-0.016338,0.070231,0.468954,0.003391,-0.001275,-0.096675,-0.375092,0.187552,0.063834,0.099586,0.000273,-0.277603,-0.055250,-0.120224,0.087659,0.252312,-0.160526,0.169453,-0.226025,-0.011936,-0.112147,-0.286983,-0.021693,0.282048,0.018119,-0.026788,0.305249,-0.042097,-0.067102,-0.566843,-0.259964,0.298719,0.028707,0.289013,-0.307859,0.153156,-0.190247,-0.204654,-0.553547,-0.287325,-0.085547,0.158919,0.005436,0.341570,0.359999,-0.325583,-0.113723,0.286065,-0.079285,-0.328645,0.042405,0.241414,0.052302,0.250881,-0.008428,0.097021,0.028149,-0.032514,0.148445,0.296756,0.311853,-0.049493,-0.210724,-0.050779,0.213839,-0.011129,0.281528,0.247871,-0.045724,0.328234,0.288174,0.289384,-0.125224,0.299265,-0.301958,-0.054163,-0.331312,0.156271,-0.003496,-0.046315,0.037455,-0.012550,0.027472,0.018497,0.214061,-0.083441,-0.269803,0.071562,0.205970,-0.407252,0.320105,-0.254008,0.184511,0.204708,-0.081155,0.149126,-0.011554,0.052074,0.021805,0.203311,-0.320259,0.044245,0.017589,0.163749,-0.002940,-0.336637,0.277481,-0.001439,-0.044905,-0.007990,-0.355419,-0.012195,0.159072,-0.018413,0.040580,0.104171,-0.009284
136,13.140000,0.018353,-0.012428,-0.273461,0.025519,-0.019759,0.081858,-0.317534,-0.381077,0.410604,-0.207965,-0.006336,-0.015591,0.064207,0.485286,-0.002975,-0.001121,-0.094259,-0.368836,0.184289,0.061353,0.100470,0.000291,-0.266291,-0.053028,-0.128341,0.087388,0.248179,-0.156895,0.168818,-0.228209,-0.003867,-0.114673,-0.285229,-0.022484,0.278144,0.017371,-0.024996,0.293266,-0.042908,-0.065683,-0.564141,-0.264109,0.292180,0.027904,0.292586,-0.305965,0.154815,-0.190340,-0.213861,-0.558434,-0.290565,-0.090628,0.162277,0.006121,0.346052,0.351514,-0.316616,-0.105097,0.287796,-0.079290,-0.331422,0.058978,0.236159,0.037895,0.250381,-0.007934,0.104604,0.032387,-0.031822,0.144908,0.288451,0.308931,-0.049349,-0.215327,-0.041340,0.217765,-0.011224,0.288872,0.251232,-0.045763,0.326693,0.292006,0.302798,-0.127433,0.304558,-0.296590,-0.048742,-0.329011,0.153797,-0.005950,-0.045676,0.030617,-0.012217,0.029896,0.020317,0.218812,-0.084026,-0.261773,0.088421,0.202882,-0.404180,0.316883,-0.252149,0.173051,0.203280,-0.091228,0.145941,-0.011022,0.057569,0.019164,0.217674,-0.323370,0.058083,0.020309,0.169610,-0.002445,-0.334483,0.280658,-0.000124,-0.058578,0.005064,-0.353553,-0.012497,0.158431,-0.015688,0.039041,0.108090,-0.010317
137,13.160000,0.016714,-0.011972,-0.258035,0.037932,-0.025765,0.087166,-0.322109,-0.389000,0.394152,-0.200605,-0.002222,-0.015392,0.057350,0.513627,-0.015309,-0.001382,-0.104134,-0.364755,0.183541,0.059788,0.100973,0.000290,-0.249097,-0.050192,-0.137102,0.094406,0.241031,-0.187409,0.174219,-0.238827,0.000758,-0.122078,-0.280454,-0.024273,0.282281,0.016674,-0.025745,0.290315,-0.041807,-0.064493,-0.555423,-0.272586,0.291398,0.029660,0.298887,-0.313780,0.153452,-0.196359,-0.214685,-0.570600,-0.292318,-0.095442,0.165492,0.006876,0.340246,0.358866,-0.320064,-0.121495,0.288515,-0.080796,-0.327128,0.057629,0.231953,0.029928,0.258381,-0.006840,0.108359,0.036862,-0.032115,0.144392,0.282400,0.314812,-0.047119,-0.215466,-0.037144,0.207106,-0.010936,0.301615,0.249994,-0.050768,0.343841,0.298233,0.317475,-0.127450,0.320360,-0.298677,-0.045269,-0.334069,0.151869,-0.005471,-0.045974,0.026537,-0.014180,0.032405,0.016420,0.230036,-0.091661,-0.278916,0.094702,0.211265,-0.401931,0.311698,-0.252253,0.181665,0.201047,-0.092940,0.152484,-0.010155,0.053682,0.024124,0.224049,-0.326777,0.072188,0.020634,0.171043,-0.005767,-0.335516,0.289745,0.002064,-0.068678,0.011693,-0.356785,-0.008142,0.161732,-0.014927,0.043111,0.113653,-0.012181
138,13.180000,0.012108,-0.010509,-0.252958,0.034770,-0.020581,0.083043,-0.316714,-0.382956,0.390352,-0.202736,-0.001293,-0.015240,0.053175,0.499326,-0.015125,-0.001279,-0.098695,-0.350211,0.180454,0.057715,0.091889,0.000302,-0.234351,-0.046354,-0.139508,0.084963,0.239475,-0.172330,0.173981,-0.231543,0.014727,-0.117785,-0.278511,-0.023249,0.291665,0.015914,-0.019424,0.285602,-0.042370,-0.059650,-0.550081,-0.274308,0.276035,0.028036,0.289174,-0.300793,0.141677,-0.186559,-0.211581,-0.580770,-0.290814,-0.105400,0.166515,0.006475,0.331422,0.351471,-0.319026,-0.115651,0.287119,-0.074719,-0.329836,0.056917,0.237300,0.028610,0.270592,-0.006172,0.109818,0.035537,-0.028996,0.144484,0.279335,0.314977,-0.046540,-0.212525,-0.044805,0.213992,-0.010934,0.296151,0.242196,-0.049555,0.340787,0.295714,0.325281,-0.126265,0.328093,-0.299068,-0.042997,-0.331029,0.153771,-0.004982,-0.046144,0.022326,-0.015353,0.037771,0.018392,0.227326,-0.087175,-0.272147,0.096247,0.200608,-0.394748,0.304694,-0.246851,0.161448,0.195659,-0.092247,0.149629,-0.010281,0.062489,0.015216,0.217500,-0.329844,0.082195,0.021792,0.169760,-0.001245,-0.325792,0.291095,0.003171,-0.074004,0.017761,-0.356027,-0.011318,0.170396,-0.013984,0.038749,0.107753,-0.012339
139,13.200000,0.008771,-0.010377,-0.248781,0.037100,-0.025632,0.080152,-0.319569,-0.395155,0.389201,-0.200238,-0.005246,-0.016258,0.049974,0.500853,-0.018584,-0.001897,-0.098577,-0.353321,0.182931,0.057201,0.082936,0.000282,-0.231781,-0.051621,-0.138056,0.092404,0.238165,-0.172312,0.178546,-0.226070,0.018515,-0.122404,-0.277483,-0.022674,0.285308,0.015857,-0.022325,0.288205,-0.041074,-0.061528,-0.554631,-0.274433,0.278289,0.026550,0.299280,-0.299897,0.135003,-0.190831,-0.197313,-0.576685,-0.296564,-0.107885,0.168512,0.006318,0.327569,0.365171,-0.321435,-0.121507,0.280760,-0.075716,-0.324923,0.054556,0.240481,0.035798,0.269088,-0.005105,0.109838,0.035587,-0.027060,0.147293,0.275436,0.316970,-0.044869,-0.213507,-0.049017,0.213877,-0.010427,0.295701,0.237758,-0.050474,0.349694,0.294714,0.327970,-0.126772,0.339155,-0.294058,-0.045318,-0.333845,0.149755,-0.004515,-0.047764,0.023141,-0.015784,0.040866,0.016541,0.232325,-0.091863,-0.282593,0.098690,0.209240,-0.390120,0.301895,-0.245711,0.167676,0.193660,-0.090202,0.149944,-0.010360,0.063723,0.015099,0.220209,-0.339659,0.087094,0.019146,0.173933,0.001402,-0.325772,0.297625,0.003671,-0.075526,0.015078,-0.348175,-0.014689,0.173139,-0.014233,0.035963,0.108336,-0.013776
140,13.220000,0.005940,-0.009227,-0.253666,0.040701,-0.024836,0.082978,-0.315261,-0.395085,0.388799,-0.202209,-0.004838,-0.017233,0.041632,0.496660,-0.018142,-0.001744,-0.092642,-0.351395,0.187390,0.057181,0.083464,0.000262,-0.243591,-0.052675,-0.128799,0.094548,0.227233,-0.165185,0.178867,-0.222540,0.016764,-0.122570,-0.288787,-0.022724,0.280798,0.016759,-0.022973,0.286910,-0.040591,-0.063615,-0.561256,-0.272945,0.280961,0.027532,0.304125,-0.302598,0.129537,-0.189007,-0.193957,-0.573958,-0.296150,-0.107767,0.172496,0.006002,0.328910,0.369993,-0.320586,-0.115319,0.275509,-0.075088,-0.321927,0.054067,0.241293,0.039904,0.280529,-0.004545,0.095204,0.035222,-0.025583,0.151942,0.287850,0.316556,-0.044023,-0.214542,-0.056491,0.216810,-0.010708,0.294995,0.236739,-0.053177,0.340471,0.294951,0.328493,-0.126700,0.333223,-0.296089,-0.043464,-0.338571,0.149474,-0.003594,-0.048065,0.021321,-0.010470,0.041957,0.016508,0.226156,-0.090192,-0.282907,0.106362,0.215280,-0.397251,0.304014,-0.245783,0.176815,0.191945,-0.081987,0.151161,-0.010675,0.068629,0.014221,0.221572,-0.338905,0.090459,0.018516,0.177776,0.003003,-0.327686,0.296555,0.002888,-0.073520,0.016079,-0.352012,-0.019287,0.176760,-0.012500,0.032329,0.105342,-0.013530
141,13.240000,0.003508,-0.009682,-0.251076,0.034993,-0.025205,0.077812,-0.316975,-0.389011,0.386787,-0.199870,-0.006111,-0.018123,0.047401,0.496483,-0.013902,-0.001784,-0.093376,-0.343652,0.191901,0.057786,0.077405,0.000273,-0.247849,-0.050293,-0.120723,0.095581,0.230472,-0.163616,0.182933,-0.221161,0.016721,-0.114485,-0.287138,-0.022218,0.284277,0.015915,-0.020694,0.291057,-0.037469,-0.066878,-0.561918,-0.275125,0.282078,0.027624,0.298755,-0.292721,0.126655,-0.186391,-0.196983,-0.570463,-0.292272,-0.106396,0.172491,0.005732,0.322793,0.370109,-0.321800,-0.108960,0.270637,-0.074985,-0.323549,0.052709,0.247459,0.046485,0.280404,-0.004165,0.098839,0.037558,-0.023591,0.154266,0.293520,0.315459,-0.043518,-0.211516,-0.056264,0.212483,-0.010307,0.290967,0.242492,-0.052379,0.343097,0.294930,0.323630,-0.124137,0.333128,-0.300841,-0.042712,-0.338580,0.148722,-0.004191,-0.047526,0.020323,-0.007706,0.048022,0.019263,0.225361,-0.089510,-0.286177,0.107212,0.211611,-0.396104,0.292036,-0.247354,0.169281,0.188817,-0.077051,0.146973,-0.010724,0.066104,0.012787,0.219618,-0.340931,0.090631,0.016594,0.175408,0.003702,-0.321670,0.297897,0.002079,-0.067467,0.008965,-0.344499,-0.020061,0.183780,-0.012564,0.032636,0.103808,-0.012688
142,13.260000,0.000739,-0.010483,-0.260513,0.032215,-0.024199,0.076529,-0.318874,-0.392923,0.392339,-0.200125,-0.009151,-0.018395,0.048799,0.475753,-0.011749,-0.002167,-0.087278,-0.343220,0.199942,0.058433,0.075826,0.000293,-0.259356,-0.052217,-0.116185,0.095162,0.237169,-0.150992,0.181960,-0.222115,0.016181,-0.113827,-0.287876,-0.021470,0.273702,0.015549,-0.021974,0.293993,-0.037722,-0.069738,-0.571811,-0.270538,0.283394,0.026481,0.302515,-0.297717,0.123808,-0.188684,-0.196204,-0.567501,-0.294457,-0.100761,0.170020,0.004968,0.327816,0.370464,-0.317314,-0.106078,0.270990,-0.074501,-0.326228,0.062345,0.245962,0.055362,0.282008,-0.003908,0.095474,0.033925,-0.020458,0.156845,0.296163,0.317079,-0.043175,-0.215004,-0.056193,0.217075,-0.010468,0.290976,0.237838,-0.051715,0.337905,0.286628,0.318998,-0.122204,0.327431,-0.295448,-0.047039,-0.332693,0.149031,-0.005902,-0.046660,0.020936,-0.007833,0.047910,0.021121,0.221071,-0.085745,-0.285334,0.103494,0.216670,-0.392357,0.297005,-0.250377,0.175810,0.186051,-0.075644,0.143066,-0.010720,0.063393,0.010668,0.209416,-0.343018,0.080996,0.014236,0.172849,0.000911,-0.324682,0.294871,0.000737,-0.057098,-0.003386,-0.342142,-0.020172,0.184593,-0.012390,0.027393,0.103625,-0.011859
143,13.280000,-0.001659,-0.010671,-0.261432,0.032476,-0.026246,0.080369,-0.318246,-0.387932,0.397713,-0.202919,-0.008504,-0.019178,0.053006,0.474440,-0.007967,-0.002238,-0.090151,-0.346206,0.208438,0.060126,0.074393,0.000288,-0.264182,-0.050497,-0.113190,0.093685,0.237197,-0.145120,0.181408,-0.222784,0.011581,-0.113421,-0.288841,-0.021848,0.270188,0.016066,-0.023359,0.299873,-0.038976,-0.071698,-0.578842,-0.271897,0.285949,0.027098,0.304088,-0.296837,0.132759,-0.189539,-0.200997,-0.561389,-0.290129,-0.096800,0.169061,0.004805,0.331368,0.367814,-0.317807,-0.102104,0.269453,-0.075657,-0.325845,0.073982,0.242714,0.055831,0.282982,-0.003834,0.095726,0.034627,-0.018331,0.157491,0.306684,0.320720,-0.042785,-0.213812,-0.052854,0.212951,-0.010347,0.291799,0.244571,-0.051263,0.338260,0.286105,0.310255,-0.118974,0.322633,-0.295346,-0.048716,-0.332677,0.146950,-0.006969,-0.046750,0.020949,-0.009835,0.047749,0.021317,0.216666,-0.084005,-0.285609,0.105197,0.218537,-0.396317,0.297723,-0.256531,0.180129,0.187149,-0.074458,0.142762,-0.010573,0.058256,0.010315,0.212424,-0.334923,0.075077,0.013492,0.170323,-0.002537,-0.323832,0.295496,0.000257,-0.050259,-0.011925,-0.346524,-0.019797,0.183488,-0.012818,0.028988,0.102791,-0.010792
144,13.300000,-0.004264,-0.011422,-0.261350,0.033975,-0.035869,0.082461,-0.318197,-0.387895,0.401501,-0.197327,-0.004451,-0.019729,0.057818,0.507047,-0.009495,-0.001955,-0.092420,-0.344435,0.211186,0.060551,0.069509,0.000318,-0.265428,-0.050701,-0.115507,0.099012,0.233125,-0.161410,0.179951,-0.228983,0.009471,-0.115227,-0.291991,-0.022935,0.269717,0.015465,-0.026658,0.300287,-0.038284,-0.072456,-0.575627,-0.276276,0.288778,0.028692,0.304371,-0.298122,0.141073,-0.187872,-0.203430,-0.563056,-0.292985,-0.093195,0.169993,0.005447,0.333507,0.372901,-0.316746,-0.106063,0.266824,-0.080868,-0.320926,0.071021,0.243389,0.053876,0.268514,-0.002706,0.099131,0.040292,-0.017195,0.156838,0.311719,0.326137,-0.042050,-0.212820,-0.047344,0.205161,-0.008840,0.293392,0.254896,-0.052686,0.341235,0.290839,0.305461,-0.117493,0.323028,-0.303251,-0.045584,-0.337496,0.146088,-0.007088,-0.046219,0.020527,-0.012354,0.046821,0.018749,0.217434,-0.086332,-0.290427,0.121777,0.220466,-0.401036,0.290263,-0.256664,0.186255,0.186316,-0.077218,0.148092,-0.009672,0.045983,0.018015,0.222418,-0.334959,0.072161,0.012736,0.167263,-0.004711,-0.325511,0.301245,0.000009,-0.048892,-0.013862,-0.346658,-0.015053,0.183540,-0.012794,0.035453,0.106204,-0.010687
145,13.320000,-0.007041,-0.011959,-0.261377,0.036274,-0.035621,0.088477,-0.315916,-0.384797,0.388301,-0.196088,-0.000841,-0.019421,0.057977,0.515779,-0.011745,-0.002507,-0.091354,-0.340521,0.208855,0.059406,0.073455,0.000320,-0.262600,-0.048631,-0.120794,0.092385,0.232520,-0.159416,0.178424,-0.230377,0.015413,-0.111885,-0.290586,-0.022179,0.276237,0.015959,-0.025310,0.302806,-0.038093,-0.070941,-0.567438,-0.276716,0.283553,0.029473,0.302041,-0.295954,0.144552,-0.188318,-0.206574,-0.573388,-0.293269,-0.095550,0.166544,0.005483,0.327699,0.366206,-0.311857,-0.108777,0.270828,-0.080185,-0.323682,0.065213,0.244359,0.051740,0.268301,-0.001980,0.097255,0.038490,-0.015651,0.158398,0.314179,0.326829,-0.041612,-0.211183,-0.046528,0.203147,-0.007818,0.290531,0.253404,-0.052517,0.340048,0.291231,0.306554,-0.116348,0.316782,-0.304694,-0.046069,-0.336287,0.147858,-0.005762,-0.045955,0.020632,-0.013794,0.047124,0.019127,0.214439,-0.082580,-0.286738,0.134884,0.222131,-0.398407,0.292630,-0.257082,0.178907,0.191343,-0.074160,0.149510,-0.009154,0.043015,0.015541,0.224481,-0.330120,0.072943,0.012184,0.161970,-0.005631,-0.322300,0.302601,0.000033,-0.045737,-0.015528,-0.338780,-0.015422,0.186481,-0.013050,0.037350,0.106262,-0.010022
146,13.340000,-0.009422,-0.011466,-0.261202,0.036370,-0.036085,0.083466,-0.314585,-0.386552,0.390282,-0.198337,-0.000270,-0.019244,0.057828,0.511960,-0.012602,-0.002607,-0.090375,-0.339833,0.210978,0.059529,0.070796,0.000348,-0.261179,-0.047999,-0.124905,0.091163,0.233728,-0.157570,0.177110,-0.227838,0.021441,-0.111288,-0.290245,-0.022690,0.271688,0.016093,-0.024604,0.302646,-0.039065,-0.067452,-0.567709,-0.273817,0.281452,0.028327,0.297225,-0.295714,0.144041,-0.184484,-0.203408,-0.573527,-0.294605,-0.096716,0.162632,0.005609,0.323815,0.366630,-0.308065,-0.110658,0.271804,-0.079320,-0.319802,0.060250,0.248776,0.049779,0.269806,-0.001767,0.093367,0.039008,-0.013907,0.159476,0.311836,0.329017,-0.040822,-0.210810,-0.050154,0.204084,-0.007346,0.292432,0.248887,-0.052433,0.338524,0.287339,0.301504,-0.116376,0.319604,-0.303650,-0.046121,-0.339401,0.147163,-0.004914,-0.046183,0.023102,-0.015563,0.045838,0.017385,0.212411,-0.082971,-0.286054,0.133461,0.217705,-0.395867,0.292063,-0.256464,0.180588,0.188776,-0.071552,0.148575,-0.008847,0.042074,0.011638,0.223330,-0.328080,0.073092,0.011480,0.162927,-0.005561,-0.321314,0.305468,0.000134,-0.046047,-0.014526,-0.342891,-0.021585,0.187645,-0.013583,0.035957,0.105758,-0.009962
147,13.360000,-0.011537,-0.010606,-0.261900,0.036346,-0.036292,0.081087,-0.314901,-0.385599,0.395233,-0.195976,-0.000740,-0.019775,0.054580,0.497319,-0.012013,-0.002604,-0.078502,-0.341212,0.212701,0.058581,0.069888,0.000308,-0.265442,-0.051131,-0.121452,0.088233,0.228021,-0.148176,0.178414,-0.221413,0.020273,-0.110208,-0.298504,-0.021028,0.264919,0.016775,-0.025160,0.300089,-0.040431,-0.074018,-0.568775,-0.270037,0.282110,0.029427,0.299541,-0.303349,0.143130,-0.186581,-0.192965,-0.571926,-0.301812,-0.098579,0.160411,0.005363,0.327072,0.368581,-0.305797,-0.107282,0.274445,-0.080427,-0.319524,0.058213,0.247992,0.054402,0.268844,-0.001526,0.082837,0.040950,-0.011925,0.158608,0.314500,0.328316,-0.040283,-0.210289,-0.055352,0.207318,-0.006955,0.291276,0.253155,-0.051821,0.327378,0.285021,0.298828,-0.117894,0.315119,-0.303414,-0.044503,-0.337909,0.149019,-0.003680,-0.046566,0.021745,-0.015343,0.042028,0.018294,0.207393,-0.080069,-0.283005,0.140430,0.222816,-0.399227,0.297309,-0.255636,0.182265,0.188034,-0.067794,0.151568,-0.008908,0.046333,0.012300,0.230564,-0.329609,0.069423,0.010748,0.166672,-0.005345,-0.325755,0.304578,0.000297,-0.045384,-0.009935,-0.338810,-0.022376,0.184625,-0.013896,0.036730,0.106668,-0.010076
148,13.380000,-0.012062,-0.012238,-0.263048,0.033414,-0.028997,0.080127,-0.324390,-0.382421,0.398282,-0.197991,-0.004961,-0.018628,0.057700,0.471433,-0.005863,-0.002414,-0.075989,-0.346307,0.214980,0.057929,0.079322,0.000296,-0.279422,-0.049885,-0.118060,0.088412,0.229029,-0.129240,0.180170,-0.213264,0.016392,-0.110838,-0.297681,-0.021719,0.266644,0.016742,-0.023679,0.307620,-0.038447,-0.072664,-0.577106,-0.272694,0.280050,0.030738,0.296701,-0.302015,0.150243,-0.185304,-0.197034,-0.559502,-0.300049,-0.095894,0.151866,0.004642,0.322886,0.359226,-0.308603,-0.097531,0.274503,-0.076789,-0.329381,0.087724,0.250154,0.061279,0.280172,-0.002104,0.084123,0.032460,-0.009819,0.156565,0.310995,0.328603,-0.039858,-0.211712,-0.053674,0.206617,-0.006522,0.282484,0.246039,-0.051484,0.333638,0.278538,0.288218,-0.117019,0.317348,-0.294715,-0.049301,-0.338068,0.146041,-0.003445,-0.046666,0.022435,-0.019688,0.048302,0.018206,0.203060,-0.080842,-0.283632,0.121329,0.225672,-0.391108,0.304640,-0.257553,0.179000,0.187147,-0.068682,0.150696,-0.009857,0.047119,0.009868,0.210502,-0.325842,0.065682,0.010025,0.163023,-0.006181,-0.327126,0.294807,0.000471,-0.042067,-0.015022,-0.346470,-0.015805,0.178624,-0.015096,0.039578,0.105061,-0.009881
149,13.400000,-0.012712,-0.013539,-0.265487,0.030773,-0.028433,0.083997,-0.322093,-0.389257,0.410162,-0.194337,-0.005614,-0.018199,0.057805,0.459200,0.001397,-0.002163,-0.078143,-0.365596,0.221121,0.059147,0.080624,0.000272,-0.280232,-0.051876,-0.122364,0.081178,0.237889,-0.112284,0.177083,-0.213396,0.013164,-0.108837,-0.296986,-0.021406,0.268361,0.016534,-0.025562,0.309103,-0.041198,-0.070277,-0.589629,-0.274987,0.287779,0.031139,0.299340,-0.294494,0.152421,-0.183921,-0.199573,-0.551684,-0.290660,-0.092954,0.147505,0.004597,0.329987,0.363005,-0.307640,-0.084447,0.270313,-0.075442,-0.329892,0.131307,0.247514,0.058057,0.277924,-0.001811,0.090228,0.032518,-0.008007,0.154982,0.311020,0.331210,-0.039484,-0.211300,-0.048112,0.206290,-0.006471,0.277789,0.249188,-0.048637,0.322059,0.279447,0.279344,-0.115480,0.317911,-0.284300,-0.052458,-0.330030,0.143251,-0.003714,-0.046761,0.024716,-0.024073,0.043297,0.017136,0.205235,-0.080853,-0.279903,0.103363,0.215734,-0.389950,0.301469,-0.254854,0.174142,0.190057,-0.073903,0.147708,-0.009719,0.048538,0.008086,0.207970,-0.324404,0.062678,0.009715,0.167418,-0.007125,-0.325159,0.292241,0.000793,-0.042916,-0.012793,-0.357876,-0.019537,0.171183,-0.013309,0.035505,0.108024,-0.009298
150,13.420000,-0.013078,-0.012821,-0.262261,0.034867,-0.026692,0.089807,-0.326267,-0.392379,0.419459,-0.192610,-0.004391,-0.017412,0.053972,0.442677,0.001091,-0.002138,-0.079043,-0.374388,0.224825,0.060748,0.093310,0.000335,-0.276426,-0.050558,-0.127985,0.068432,0.239252,-0.104248,0.168877,-0.225916,0.011173,-0.111930,-0.291745,-0.022483,0.258548,0.016484,-0.028781,0.307627,-0.043187,-0.068086,-0.594648,-0.281372,0.286888,0.031702,0.307292,-0.295294,0.159896,-0.189203,-0.208220,-0.549279,-0.296227,-0.091145,0.143430,0.004473,0.331519,0.361649,-0.302873,-0.084306,0.270819,-0.074505,-0.330674,0.174385,0.234869,0.053608,0.280443,-0.001632,0.095742,0.030023,-0.005966,0.151721,0.309898,0.327725,-0.039533,-0.218368,-0.037062,0.206163,-0.007997,0.279604,0.252483,-0.046382,0.324349,0.279538,0.287720,-0.114028,0.322564,-0.280729,-0.056567,-0.326250,0.141275,-0.002823,-0.046985,0.021885,-0.021456,0.040388,0.020273,0.205223,-0.085744,-0.272800,0.100343,0.213065,-0.387707,0.309578,-0.252321,0.171845,0.189775,-0.077578,0.145817,-0.009928,0.047651,0.005643,0.209688,-0.323300,0.064908,0.010044,0.166694,-0.008112,-0.326693,0.289691,0.000129,-0.045524,-0.011976,-0.364881,-0.020170,0.162220,-0.014225,0.036151,0.112789,-0.010064
151,13.440000,-0.014004,-0.013430,-0.259201,0.036692,-0.026408,0.095664,-0.322661,-0.388995,0.426531,-0.187862,-0.002301,-0.015315,0.055905,0.441163,0.005210,-0.001727,-0.086081,-0.378268,0.226191,0.059666,0.101361,0.000309,-0.268948,-0.047572,-0.134889,0.061912,0.239983,-0.097487,0.167407,-0.230077,0.012675,-0.111601,-0.289925,-0.024380,0.266428,0.016439,-0.027540,0.308300,-0.043504,-0.066509,-0.598087,-0.287726,0.286873,0.032196,0.312280,-0.283696,0.173898,-0.187027,-0.217291,-0.547361,-0.294421,-0.091951,0.139124,0.004559,0.338759,0.350149,-0.304156,-0.078531,0.269870,-0.072966,-0.339908,0.209812,0.229778,0.044434,0.280440,-0.001449,0.105613,0.028886,-0.004377,0.149636,0.309261,0.331624,-0.039342,-0.218255,-0.026225,0.208614,-0.010134,0.281004,0.254194,-0.044561,0.326057,0.290177,0.289472,-0.117067,0.330908,-0.275796,-0.053751,-0.324533,0.137706,-0.003217,-0.046980,0.018446,-0.025593,0.042708,0.020000,0.206609,-0.087974,-0.271234,0.097296,0.208943,-0.386529,0.310855,-0.250980,0.162753,0.191644,-0.090588,0.146225,-0.009883,0.049579,0.003858,0.209887,-0.320224,0.073829,0.012259,0.166749,-0.008733,-0.325652,0.284017,-0.000165,-0.052296,-0.005779,-0.373697,-0.012771,0.155859,-0.011414,0.041487,0.114011,-0.010630
152,13.460000,-0.014097,-0.012030,-0.253796,0.044897,-0.026089,0.101876,-0.320208,-0.404972,0.425471,-0.181483,-0.001498,-0.014224,0.043661,0.440635,-0.000603,-0.001401,-0.080613,-0.381457,0.224223,0.057852,0.114278,0.000341,-0.265194,-0.047940,-0.145280,0.058211,0.235477,-0.091228,0.174862,-0.236859,0.018304,-0.116820,-0.288837,-0.025379,0.265643,0.016016,-0.027129,0.299909,-0.047929,-0.066103,-0.597635,-0.293598,0.288113,0.033957,0.317511,-0.284878,0.177499,-0.186952,-0.224149,-0.550488,-0.297704,-0.098409,0.146230,0.004352,0.340730,0.350213,-0.301386,-0.074098,0.272335,-0.070654,-0.334374,0.244194,0.224110,0.030226,0.289065,-0.001074,0.100702,0.028052,-0.003229,0.149808,0.301976,0.331031,-0.039292,-0.218759,-0.022630,0.199378,-0.011104,0.287226,0.254653,-0.046454,0.326048,0.292090,0.301686,-0.118693,0.338175,-0.270011,-0.050429,-0.330967,0.135128,-0.002701,-0.046751,0.013200,-0.024553,0.036403,0.017550,0.209552,-0.090999,-0.271244,0.119970,0.212419,-0.384921,0.310796,-0.243637,0.165369,0.193957,-0.085774,0.152554,-0.009382,0.050492,0.003367,0.215235,-0.320869,0.090806,0.014120,0.163345,-0.007181,-0.332350,0.281413,0.000141,-0.062900,0.013674,-0.380262,-0.017271,0.152327,-0.010399,0.041770,0.121431,-0.011941
153,13.480000,-0.014907,-0.012181,-0.246789,0.041255,-0.025171,0.099247,-0.312655,-0.391373,0.416710,-0.174854,-0.002726,-0.013885,0.046322,0.435617,0.001075,-0.001504,-0.077051,-0.363121,0.225270,0.057194,0.118765,0.000304,-0.255807,-0.045877,-0.155553,0.051626,0.236636,-0.089692,0.178351,-0.236862,0.029318,-0.118092,-0.287049,-0.025114,0.278269,0.015649,-0.023012,0.304080,-0.048579,-0.066842,-0.598802,-0.295921,0.281007,0.035664,0.315702,-0.285261,0.187008,-0.187694,-0.231650,-0.552455,-0.308483,-0.104242,0.141016,0.004607,0.332598,0.340199,-0.298650,-0.067721,0.274656,-0.068435,-0.352084,0.262609,0.228088,0.026800,0.304194,-0.001440,0.107374,0.027535,-0.002236,0.147976,0.301405,0.327142,-0.038794,-0.214785,-0.019623,0.204161,-0.010349,0.299245,0.256298,-0.042919,0.337428,0.290194,0.303628,-0.117803,0.347751,-0.265416,-0.044172,-0.326600,0.132732,-0.002204,-0.046684,0.006497,-0.027754,0.042920,0.016737,0.212470,-0.092083,-0.275437,0.104582,0.208279,-0.379183,0.308738,-0.242312,0.153483,0.193506,-0.090507,0.147694,-0.008845,0.056253,0.005291,0.211131,-0.331964,0.100376,0.016099,0.165080,-0.005300,-0.330231,0.280939,0.001428,-0.069863,0.017784,-0.378522,-0.007594,0.157105,-0.008668,0.050681,0.122639,-0.012458
154,13.500000,-0.017172,-0.011453,-0.242493,0.042399,-0.032768,0.102938,-0.310930,-0.402989,0.407950,-0.170003,0.000398,-0.013881,0.040691,0.456056,0.001963,-0.001258,-0.088192,-0.371737,0.226858,0.055029,0.116130,0.000278,-0.233396,-0.046077,-0.170145,0.058756,0.241513,-0.097674,0.180307,-0.239454,0.039328,-0.121811,-0.280038,-0.026785,0.286055,0.014161,-0.020997,0.301806,-0.048949,-0.069168,-0.598079,-0.296499,0.284571,0.037894,0.325377,-0.275633,0.181545,-0.182418,-0.225903,-0.558905,-0.302177,-0.107431,0.142146,0.004879,0.336989,0.355945,-0.301019,-0.074462,0.269981,-0.070087,-0.347201,0.276632,0.237257,0.021802,0.293407,-0.001199,0.116946,0.031077,-0.001268,0.152976,0.293036,0.330232,-0.037125,-0.216107,-0.017458,0.204682,-0.008996,0.302289,0.253993,-0.043424,0.342764,0.302676,0.309358,-0.119134,0.364099,-0.271060,-0.043378,-0.323180,0.132093,-0.001782,-0.047711,0.005749,-0.031612,0.040155,0.012072,0.224744,-0.094154,-0.278439,0.118736,0.208175,-0.377345,0.297046,-0.235136,0.150168,0.191107,-0.093790,0.149796,-0.008028,0.052765,0.007700,0.224765,-0.337746,0.108064,0.015332,0.169902,-0.000429,-0.321618,0.295286,0.002422,-0.078733,0.027924,-0.374326,-0.016541,0.156942,-0.006745,0.049250,0.124401,-0.014021
155,13.520000,-0.019817,-0.010900,-0.243884,0.047212,-0.037893,0.108019,-0.303685,-0.402482,0.408878,-0.164763,0.004059,-0.014825,0.034442,0.479212,-0.004441,-0.001465,-0.094692,-0.363422,0.222516,0.054516,0.112792,0.000339,-0.235968,-0.047167,-0.176428,0.054696,0.241367,-0.104184,0.173478,-0.235674,0.043607,-0.125456,-0.282036,-0.027000,0.280402,0.014098,-0.021557,0.298867,-0.046289,-0.073778,-0.591501,-0.297469,0.279472,0.038449,0.334065,-0.279380,0.175450,-0.185434,-0.224028,-0.563486,-0.308786,-0.114259,0.145194,0.005575,0.336369,0.362137,-0.299012,-0.083079,0.265408,-0.072612,-0.343944,0.269272,0.236518,0.016224,0.292405,-0.000765,0.114179,0.033143,0.000029,0.158569,0.293946,0.331108,-0.036366,-0.216217,-0.019173,0.212214,-0.009025,0.307106,0.254676,-0.044703,0.343637,0.307050,0.327935,-0.116130,0.361941,-0.278353,-0.037477,-0.319945,0.134730,-0.001285,-0.047943,0.004695,-0.020276,0.045234,0.011372,0.223636,-0.098062,-0.271701,0.142620,0.209755,-0.381545,0.292269,-0.232928,0.149741,0.191700,-0.095546,0.143204,-0.007855,0.054262,0.011954,0.238954,-0.341067,0.115646,0.015256,0.173525,0.003688,-0.317652,0.300875,0.003974,-0.083420,0.030077,-0.371995,-0.029009,0.160213,-0.006221,0.045622,0.124284,-0.014324
156,13.540000,-0.022574,-0.010031,-0.237135,0.050456,-0.039195,0.109664,-0.295347,-0.401126,0.395179,-0.168037,0.006143,-0.014877,0.030110,0.486561,-0.008369,-0.001496,-0.090411,-0.350399,0.222623,0.052846,0.103815,0.000319,-0.238253,-0.044721,-0.172905,0.065127,0.233687,-0.110248,0.177041,-0.232678,0.046034,-0.122245,-0.284419,-0.026516,0.278264,0.014365,-0.019881,0.294255,-0.042158,-0.078735,-0.586260,-0.296362,0.278670,0.037933,0.326455,-0.276809,0.162432,-0.185915,-0.224940,-0.564016,-0.309582,-0.116735,0.151424,0.006113,0.332230,0.363892,-0.298845,-0.087101,0.264422,-0.073437,-0.339041,0.257288,0.240925,0.018112,0.302245,-0.001198,0.105978,0.034227,0.001118,0.165008,0.291938,0.329691,-0.035490,-0.216503,-0.026155,0.216625,-0.008532,0.312982,0.251642,-0.047408,0.343805,0.307580,0.337124,-0.118788,0.366633,-0.285117,-0.029273,-0.328794,0.136630,-0.001692,-0.047968,0.000849,-0.013471,0.049598,0.014911,0.225193,-0.103684,-0.274011,0.154874,0.210692,-0.384947,0.290205,-0.231890,0.151854,0.188290,-0.092661,0.138097,-0.007946,0.056123,0.014389,0.246619,-0.348120,0.119413,0.014465,0.179549,0.003840,-0.315448,0.302048,0.005044,-0.083425,0.035550,-0.367656,-0.035452,0.167741,-0.005250,0.042023,0.122421,-0.015283
157,13.560000,-0.024481,-0.009096,-0.228979,0.053378,-0.040571,0.102417,-0.305944,-0.406651,0.397086,-0.166889,0.004657,-0.015763,0.029274,0.486097,-0.009155,-0.001549,-0.095707,-0.342182,0.229286,0.052004,0.095040,0.000305,-0.241071,-0.041698,-0.158756,0.066284,0.233179,-0.110115,0.185018,-0.221663,0.044917,-0.117632,-0.281346,-0.025587,0.272476,0.013675,-0.017659,0.294433,-0.036778,-0.080315,-0.586526,-0.294137,0.274882,0.038207,0.329213,-0.277007,0.145336,-0.183650,-0.217389,-0.565356,-0.305263,-0.117839,0.157822,0.006351,0.326817,0.371729,-0.299156,-0.082353,0.259513,-0.072730,-0.334834,0.242368,0.243479,0.024580,0.299130,-0.001161,0.104793,0.036349,0.002126,0.170781,0.289777,0.330792,-0.034603,-0.217703,-0.030992,0.211747,-0.007590,0.308748,0.248029,-0.048976,0.349097,0.301372,0.338475,-0.117882,0.370714,-0.281572,-0.031959,-0.323062,0.138117,-0.004522,-0.047704,0.002545,-0.006284,0.053028,0.015862,0.228181,-0.104954,-0.282802,0.138534,0.214009,-0.380645,0.281857,-0.234333,0.149936,0.183864,-0.084944,0.140119,-0.008064,0.058760,0.016183,0.237605,-0.348150,0.118060,0.011206,0.181578,0.000097,-0.314600,0.300690,0.004574,-0.078746,0.033853,-0.369492,-0.041829,0.178126,-0.006365,0.032243,0.121927,-0.015654
158,13.580000,-0.024943,-0.009663,-0.232257,0.046888,-0.040168,0.092654,-0.305753,-0.405114,0.406100,-0.170582,0.002738,-0.017546,0.033208,0.477395,-0.003995,-0.001491,-0.090896,-0.332450,0.235112,0.052844,0.082174,0.000381,-0.251842,-0.043228,-0.142726,0.072903,0.230125,-0.105077,0.187106,-0.215632,0.041913,-0.117864,-0.282508,-0.025626,0.269957,0.012168,-0.016451,0.295646,-0.035923,-0.085184,-0.590194,-0.289287,0.276339,0.037039,0.328701,-0.276368,0.140712,-0.183967,-0.209137,-0.560133,-0.303851,-0.117938,0.164341,0.005646,0.330565,0.375998,-0.303349,-0.079487,0.256650,-0.073428,-0.334023,0.227981,0.246704,0.034525,0.302093,-0.001062,0.098442,0.034832,0.003238,0.174762,0.299518,0.331811,-0.034119,-0.217000,-0.032754,0.212772,-0.006857,0.301402,0.248280,-0.049829,0.349773,0.298736,0.332888,-0.114819,0.367662,-0.281640,-0.032468,-0.322162,0.139360,-0.007448,-0.047378,0.003460,-0.001103,0.059820,0.019108,0.220398,-0.101547,-0.282926,0.132433,0.218273,-0.385271,0.282870,-0.237694,0.153675,0.181685,-0.081432,0.137699,-0.008404,0.057775,0.016694,0.233045,-0.350856,0.108445,0.009988,0.175570,-0.002694,-0.314639,0.300163,0.002751,-0.071688,0.022640,-0.358781,-0.040660,0.184654,-0.005896,0.027269,0.118010,-0.014601
159,13.600000,-0.027132,-0.011614,-0.233671,0.043986,-0.047859,0.101032,-0.309384,-0.396823,0.402087,-0.174037,0.002741,-0.018655,0.040818,0.492770,-0.001292,-0.001556,-0.091959,-0.320219,0.239546,0.054742,0.077264,0.000358,-0.261916,-0.040330,-0.127680,0.075569,0.222246,-0.111712,0.186340,-0.225113,0.036447,-0.115723,-0.285633,-0.025703,0.270609,0.011460,-0.017605,0.307114,-0.033583,-0.089118,-0.592821,-0.286071,0.275244,0.039956,0.331464,-0.282627,0.151517,-0.184455,-0.208071,-0.558763,-0.308880,-0.112045,0.166730,0.005867,0.325236,0.376130,-0.310643,-0.084300,0.256002,-0.075854,-0.328905,0.221780,0.251792,0.042532,0.305011,-0.001290,0.094346,0.036734,0.004733,0.177728,0.310497,0.334867,-0.033348,-0.217722,-0.031868,0.205887,-0.006410,0.299451,0.254499,-0.051806,0.355615,0.292985,0.324621,-0.112808,0.361288,-0.289023,-0.035488,-0.327228,0.141099,-0.009198,-0.047508,0.003291,0.005674,0.067870,0.019745,0.216805,-0.097766,-0.293669,0.144131,0.228819,-0.386880,0.283992,-0.243924,0.158949,0.178962,-0.074469,0.138703,-0.008373,0.047906,0.019954,0.235883,-0.350388,0.099675,0.008343,0.171724,-0.006276,-0.315865,0.297823,0.000739,-0.060701,0.007005,-0.356064,-0.032787,0.189076,-0.007281,0.030497,0.116826,-0.013330
160,13.620000,-0.029118,-0.009753,-0.240176,0.044509,-0.047835,0.100959,-0.309143,-0.397709,0.402420,-0.173819,0.004973,-0.019268,0.040508,0.501534,0.002548,-0.001769,-0.087019,-0.316731,0.245909,0.055228,0.071853,0.000342,-0.269175,-0.041525,-0.120117,0.075885,0.225606,-0.112636,0.184570,-0.221991,0.034299,-0.111055,-0.291199,-0.025047,0.267460,0.010708,-0.018233,0.309119,-0.036044,-0.091358,-0.592310,-0.285117,0.279185,0.041595,0.330035,-0.280162,0.148671,-0.180247,-0.205103,-0.562110,-0.299846,-0.107566,0.166827,0.005884,0.324908,0.386072,-0.303605,-0.085283,0.257879,-0.077235,-0.325015,0.209634,0.254859,0.047839,0.300229,-0.001333,0.086328,0.038012,0.006090,0.178801,0.318591,0.336075,-0.032651,-0.218605,-0.036121,0.201737,-0.004870,0.301350,0.261800,-0.052831,0.347534,0.289930,0.311288,-0.110031,0.351998,-0.291161,-0.038069,-0.331236,0.142231,-0.008923,-0.047170,0.004208,0.006439,0.061495,0.019706,0.213873,-0.094126,-0.294517,0.144379,0.229350,-0.387966,0.279561,-0.244593,0.163929,0.178003,-0.066118,0.140463,-0.007791,0.041670,0.021010,0.235395,-0.344230,0.087972,0.006948,0.171194,-0.008093,-0.313577,0.303090,-0.000298,-0.049754,0.000591,-0.353113,-0.034004,0.193368,-0.007114,0.025038,0.115552,-0.011565
161,13.640000,-0.028658,-0.009889,-0.248226,0.041218,-0.041522,0.094898,-0.312895,-0.395384,0.412053,-0.173933,0.004710,-0.019056,0.044191,0.481054,0.008316,-0.002093,-0.083863,-0.321716,0.252455,0.057217,0.074855,0.000413,-0.281841,-0.042361,-0.117084,0.076347,0.230407,-0.101087,0.185317,-0.217327,0.033537,-0.106344,-0.290603,-0.024118,0.262033,0.009568,-0.017553,0.311779,-0.037532,-0.092896,-0.593360,-0.283751,0.279334,0.043804,0.327876,-0.284001,0.148932,-0.178733,-0.204660,-0.561436,-0.297957,-0.105126,0.160952,0.005263,0.323071,0.383915,-0.298742,-0.082236,0.259145,-0.076873,-0.326797,0.195291,0.254639,0.051938,0.296505,-0.001217,0.086332,0.036415,0.006982,0.178698,0.322482,0.336180,-0.032342,-0.217274,-0.038992,0.201033,-0.004046,0.292699,0.261323,-0.051952,0.345135,0.287576,0.303672,-0.107815,0.348344,-0.289594,-0.044542,-0.328655,0.146345,-0.008201,-0.046841,0.007757,0.005464,0.061723,0.021669,0.204176,-0.090932,-0.286660,0.139249,0.229842,-0.384648,0.280699,-0.249036,0.163099,0.184179,-0.060748,0.141352,-0.007679,0.040006,0.015755,0.228341,-0.342446,0.075818,0.005029,0.164627,-0.006666,-0.311164,0.300972,0.000288,-0.038940,-0.008416,-0.350350,-0.038202,0.194824,-0.008492,0.023389,0.114361,-0.010259
162,13.660000,-0.029264,-0.010546,-0.247544,0.042685,-0.044696,0.099640,-0.315794,-0.392319,0.407040,-0.179550,0.003731,-0.019281,0.043894,0.482704,0.006814,-0.002122,-0.074820,-0.317044,0.259873,0.058452,0.083856,0.000374,-0.294278,-0.039933,-0.113223,0.069678,0.221873,-0.099791,0.184996,-0.226673,0.028677,-0.110084,-0.295315,-0.024236,0.255452,0.009635,-0.018214,0.316903,-0.037820,-0.091357,-0.596537,-0.279223,0.284825,0.046545,0.323549,-0.293006,0.165948,-0.182101,-0.208322,-0.559315,-0.305403,-0.101666,0.159175,0.005315,0.319417,0.380501,-0.303749,-0.083533,0.260435,-0.077433,-0.319767,0.189083,0.252824,0.054021,0.300215,-0.001469,0.066974,0.035223,0.008091,0.178378,0.330936,0.339344,-0.031637,-0.217815,-0.039730,0.192730,-0.004039,0.290752,0.269140,-0.055350,0.333745,0.285062,0.291394,-0.106565,0.335341,-0.288361,-0.044380,-0.331336,0.145766,-0.008221,-0.045809,0.008417,0.002933,0.058917,0.020942,0.197942,-0.089326,-0.298345,0.133547,0.242051,-0.389348,0.285787,-0.250625,0.173160,0.181603,-0.050435,0.145282,-0.007602,0.038448,0.011513,0.222548,-0.333749,0.065248,0.004006,0.160275,-0.012905,-0.321860,0.291056,0.000766,-0.030605,-0.009299,-0.350573,-0.031302,0.191721,-0.008954,0.029730,0.116201,-0.008579
163,13.680000,-0.030491,-0.009979,-0.247113,0.035476,-0.044067,0.096546,-0.319771,-0.391313,0.412577,-0.179655,0.004378,-0.018278,0.050123,0.486903,0.013751,-0.002128,-0.077891,-0.318351,0.264399,0.057922,0.082015,0.000369,-0.290639,-0.039535,-0.118613,0.065403,0.230455,-0.100859,0.178443,-0.222134,0.029830,-0.103055,-0.296205,-0.023632,0.265029,0.007970,-0.017695,0.317078,-0.041224,-0.093380,-0.596751,-0.279153,0.284489,0.048134,0.319787,-0.287991,0.166813,-0.176272,-0.208620,-0.556853,-0.297334,-0.094864,0.152638,0.005328,0.319646,0.383183,-0.299305,-0.080888,0.266036,-0.078735,-0.325823,0.181431,0.260506,0.056932,0.290178,-0.001537,0.076044,0.037160,0.009137,0.175589,0.331054,0.341391,-0.030930,-0.216180,-0.035588,0.187842,-0.001897,0.297197,0.275892,-0.052510,0.337755,0.283521,0.278157,-0.105145,0.336071,-0.295297,-0.049147,-0.333526,0.145605,-0.006489,-0.046368,0.011191,-0.004471,0.051281,0.019935,0.199280,-0.086978,-0.288284,0.140509,0.233300,-0.389140,0.281006,-0.253164,0.167596,0.178775,-0.049512,0.144836,-0.007277,0.032907,0.010370,0.228045,-0.330007,0.053696,0.002960,0.161451,-0.011043,-0.316672,0.296645,0.001972,-0.028078,-0.014019,-0.350257,-0.030415,0.189752,-0.010212,0.029370,0.116163,-0.007701
164,13.700000,-0.034715,-0.010290,-0.242221,0.039968,-0.060533,0.096471,-0.325996,-0.395025,0.409102,-0.175231,0.007907,-0.017818,0.055356,0.526672,0.009273,-0.001921,-0.084034,-0.324594,0.260715,0.057415,0.080812,0.000431,-0.285903,-0.040556,-0.128103,0.063515,0.235506,-0.113351,0.173014,-0.227501,0.031327,-0.108665,-0.290448,-0.024390,0.259409,0.007735,-0.021009,0.315840,-0.040356,-0.093958,-0.588750,-0.278006,0.278674,0.048653,0.321325,-0.296165,0.178273,-0.178673,-0.212192,-0.555075,-0.306088,-0.090321,0.144955,0.006190,0.321929,0.385336,-0.296214,-0.095888,0.264841,-0.082147,-0.316434,0.176482,0.260035,0.061199,0.274442,-0.001759,0.080513,0.042106,0.011265,0.173671,0.324868,0.346110,-0.029406,-0.221593,-0.027438,0.186635,-0.000336,0.298743,0.278850,-0.052799,0.344048,0.289316,0.284073,-0.103518,0.334312,-0.304095,-0.049013,-0.328593,0.146809,-0.006575,-0.045155,0.014270,-0.005988,0.047809,0.019002,0.203490,-0.089483,-0.288731,0.149609,0.235557,-0.386477,0.277337,-0.248827,0.170668,0.176475,-0.049003,0.146205,-0.006854,0.022470,0.016456,0.241104,-0.333819,0.047354,0.001658,0.158077,-0.011671,-0.317710,0.300774,0.001705,-0.029312,-0.020277,-0.344931,-0.027520,0.182807,-0.011613,0.033607,0.120079,-0.007513
165,13.720000,-0.035443,-0.009961,-0.243945,0.046371,-0.048904,0.092459,-0.321302,-0.391682,0.408029,-0.174771,0.009505,-0.017527,0.050433,0.516943,0.008478,-0.002219,-0.084011,-0.329211,0.263414,0.057663,0.087892,0.000400,-0.286204,-0.041311,-0.134031,0.058072,0.230218,-0.105613,0.165891,-0.217488,0.035720,-0.104117,-0.291740,-0.024159,0.257081,0.008526,-0.020363,0.317287,-0.038884,-0.087994,-0.582500,-0.275793,0.280746,0.049293,0.318905,-0.288590,0.177814,-0.177686,-0.210806,-0.564754,-0.299989,-0.094146,0.141567,0.005874,0.314920,0.376886,-0.298351,-0.092851,0.264827,-0.079266,-0.315007,0.162370,0.256974,0.055067,0.276553,-0.002007,0.072862,0.040031,0.011811,0.172421,0.327229,0.346116,-0.029084,-0.221296,-0.031192,0.192703,-0.000157,0.290894,0.281556,-0.052994,0.333987,0.292606,0.284991,-0.106198,0.323139,-0.298306,-0.048025,-0.332256,0.152233,-0.005120,-0.045629,0.016948,-0.001539,0.048707,0.018185,0.195420,-0.084560,-0.282293,0.131994,0.238485,-0.390862,0.286775,-0.247929,0.163589,0.180390,-0.047981,0.145647,-0.007124,0.026407,0.013666,0.235193,-0.321192,0.043068,0.001985,0.156950,-0.014461,-0.312424,0.297826,0.002377,-0.029171,-0.012898,-0.345848,-0.030806,0.175460,-0.009501,0.032452,0.118130,-0.007012
166,13.740000,-0.037145,-0.010917,-0.238651,0.044732,-0.052138,0.084597,-0.325512,-0.396987,0.414234,-0.177344,0.008550,-0.017382,0.054251,0.518404,0.008956,-0.002027,-0.084529,-0.331266,0.258156,0.057643,0.083636,0.000406,-0.287719,-0.040996,-0.137315,0.048370,0.233992,-0.106340,0.164426,-0.215426,0.037755,-0.104982,-0.291167,-0.025214,0.262343,0.007653,-0.021300,0.314756,-0.037241,-0.089581,-0.582563,-0.276896,0.283334,0.049285,0.320639,-0.284353,0.177839,-0.177866,-0.210407,-0.557074,-0.302683,-0.095204,0.141245,0.006143,0.315705,0.378460,-0.299469,-0.096764,0.266077,-0.080365,-0.318002,0.152176,0.260832,0.050736,0.265370,-0.001929,0.078804,0.041654,0.013256,0.170142,0.325411,0.346206,-0.028865,-0.218549,-0.029372,0.191496,-0.000425,0.288471,0.281133,-0.052086,0.343604,0.295755,0.286812,-0.105766,0.328078,-0.300006,-0.047093,-0.336758,0.153120,-0.004532,-0.045596,0.018898,-0.000050,0.053394,0.017658,0.196759,-0.088789,-0.281359,0.134408,0.237183,-0.390870,0.285077,-0.246002,0.159919,0.177031,-0.056750,0.145577,-0.007102,0.026180,0.015427,0.233251,-0.328235,0.042053,0.002121,0.159827,-0.013072,-0.309112,0.298663,0.001427,-0.030834,-0.009044,-0.342195,-0.033293,0.174579,-0.010494,0.033454,0.117343,-0.007065
167,13.760000,-0.037965,-0.012564,-0.234659,0.043423,-0.049526,0.088649,-0.325093,-0.393869,0.403949,-0.177432,0.008067,-0.017005,0.051859,0.508825,0.007132,-0.002196,-0.076304,-0.331528,0.254248,0.056555,0.085082,0.000368,-0.288288,-0.041621,-0.138935,0.042991,0.231936,-0.100331,0.164642,-0.216479,0.037435,-0.106931,-0.295509,-0.024422,0.254621,0.008353,-0.021858,0.310070,-0.036380,-0.087875,-0.583093,-0.275624,0.276870,0.048611,0.318171,-0.289564,0.176427,-0.178257,-0.207797,-0.559621,-0.311393,-0.094734,0.137621,0.006039,0.313828,0.370725,-0.297846,-0.095219,0.268886,-0.078673,-0.320106,0.142124,0.258360,0.053693,0.276084,-0.002056,0.074681,0.039871,0.014296,0.167140,0.318302,0.343774,-0.028866,-0.223311,-0.030064,0.202629,-0.000987,0.286881,0.274446,-0.051411,0.338274,0.291485,0.290957,-0.107106,0.328963,-0.296687,-0.047112,-0.334409,0.154003,-0.004901,-0.044845,0.016543,0.006344,0.056736,0.020690,0.197329,-0.086249,-0.281913,0.141240,0.236690,-0.387235,0.296470,-0.242499,0.155242,0.174719,-0.061254,0.144078,-0.007292,0.030399,0.012540,0.234216,-0.331654,0.039646,0.002392,0.161800,-0.013431,-0.313568,0.293218,0.001395,-0.033150,-0.005982,-0.342560,-0.026943,0.170118,-0.010355,0.034106,0.116906,-0.006950
168,13.780000,-0.039808,-0.012460,-0.234897,0.045774,-0.051049,0.086608,-0.324936,-0.397513,0.402531,-0.179254,0.007452,-0.016924,0.049002,0.510163,0.009896,-0.002217,-0.082646,-0.341261,0.251914,0.056640,0.084945,0.000349,-0.282495,-0.042174,-0.140296,0.040383,0.234113,-0.099196,0.163969,-0.210959,0.035802,-0.106171,-0.296333,-0.024501,0.260864,0.008791,-0.022135,0.312638,-0.036336,-0.086311,-0.584252,-0.275485,0.279401,0.048432,0.324844,-0.282769,0.175633,-0.175856,-0.204610,-0.556795,-0.301361,-0.094589,0.136700,0.006135,0.318820,0.374481,-0.301291,-0.095670,0.264301,-0.078394,-0.317114,0.133618,0.259614,0.049213,0.278036,-0.002198,0.078692,0.040633,0.015497,0.164374,0.321082,0.345317,-0.028754,-0.222946,-0.028928,0.200837,-0.001261,0.288524,0.275325,-0.051469,0.343328,0.293278,0.289447,-0.106401,0.328766,-0.295959,-0.049920,-0.338247,0.152487,-0.004832,-0.046105,0.018554,0.009186,0.054068,0.019061,0.199078,-0.086114,-0.282219,0.146105,0.235512,-0.388777,0.296617,-0.241926,0.155615,0.174220,-0.064244,0.142889,-0.007393,0.032212,0.011937,0.236969,-0.326998,0.039759,0.003161,0.166995,-0.012601,-0.309640,0.294600,0.001053,-0.037241,-0.001908,-0.345902,-0.031354,0.169127,-0.010579,0.030734,0.114889,-0.006995
169,13.800000,-0.042750,-0.013622,-0.232883,0.047160,-0.055425,0.088562,-0.329220,-0.398958,0.404756,-0.178182,0.008737,-0.016671,0.046738,0.517570,0.008945,-0.001953,-0.086714,-0.343555,0.247799,0.056654,0.085203,0.000368,-0.284188,-0.042167,-0.140134,0.038701,0.233749,-0.101659,0.163252,-0.211931,0.034569,-0.107803,-0.294593,-0.024373,0.267135,0.009164,-0.022835,0.310436,-0.034922,-0.082849,-0.582288,-0.276609,0.280327,0.048725,0.329137,-0.285064,0.173689,-0.174163,-0.200320,-0.556356,-0.303773,-0.097335,0.137184,0.006332,0.320698,0.376154,-0.302979,-0.098138,0.260875,-0.077917,-0.315404,0.126177,0.259293,0.044815,0.281655,-0.002081,0.084530,0.041346,0.016975,0.163144,0.319512,0.346223,-0.028490,-0.225477,-0.027501,0.200413,-0.002344,0.284206,0.272054,-0.052665,0.346001,0.296776,0.296892,-0.106834,0.328188,-0.298120,-0.048688,-0.338667,0.152849,-0.004958,-0.045790,0.018965,0.010918,0.055962,0.018995,0.200733,-0.087727,-0.283925,0.150207,0.231305,-0.388204,0.295071,-0.240364,0.154996,0.172548,-0.069591,0.143566,-0.007519,0.033895,0.011491,0.237323,-0.332645,0.042104,0.003838,0.168569,-0.008959,-0.308100,0.292128,0.000511,-0.040493,-0.001123,-0.355319,-0.031998,0.169407,-0.011037,0.031719,0.116467,-0.007521
170,13.820000,-0.044877,-0.014388,-0.232997,0.047640,-0.058972,0.090376,-0.329204,-0.400088,0.396202,-0.181778,0.009843,-0.016414,0.045449,0.530638,0.007125,-0.001889,-0.090782,-0.342051,0.244678,0.055711,0.087414,0.000360,-0.281738,-0.041174,-0.139986,0.040227,0.231263,-0.103101,0.162005,-0.213541,0.034208,-0.107052,-0.294008,-0.024401,0.266596,0.009870,-0.024864,0.310618,-0.033607,-0.080939,-0.578992,-0.275985,0.279225,0.048311,0.332296,-0.284259,0.173634,-0.176386,-0.205766,-0.551397,-0.302694,-0.098573,0.137727,0.006434,0.318704,0.376218,-0.304796,-0.105490,0.260207,-0.077991,-0.312071,0.117904,0.257487,0.044008,0.281418,-0.002160,0.081107,0.043072,0.018329,0.162081,0.319102,0.343394,-0.028264,-0.228146,-0.028832,0.205385,-0.002584,0.283599,0.273678,-0.053816,0.349975,0.299054,0.301849,-0.107663,0.328486,-0.298493,-0.047236,-0.345231,0.153880,-0.005283,-0.046369,0.018092,0.014103,0.057100,0.020293,0.203213,-0.090727,-0.283530,0.152195,0.234187,-0.388055,0.297734,-0.237895,0.154617,0.170246,-0.070625,0.141094,-0.007511,0.034608,0.009923,0.239168,-0.332575,0.045409,0.004724,0.171748,-0.008406,-0.307944,0.293063,0.000033,-0.043765,0.001530,-0.353881,-0.031635,0.167782,-0.010099,0.031974,0.115178,-0.007796
171,13.840000,-0.045888,-0.015069,-0.230779,0.047693,-0.054802,0.087301,-0.331811,-0.397919,0.395702,-0.179826,0.008283,-0.016302,0.044675,0.517322,0.007832,-0.001988,-0.091144,-0.341424,0.245190,0.054867,0.085520,0.000416,-0.280435,-0.043224,-0.135332,0.029743,0.230076,-0.097863,0.164786,-0.210073,0.033842,-0.104482,-0.293505,-0.023950,0.268505,0.010391,-0.022263,0.311808,-0.031340,-0.081307,-0.578421,-0.272142,0.276503,0.047487,0.337008,-0.282125,0.170057,-0.175425,-0.201138,-0.557744,-0.303620,-0.099733,0.138485,0.006413,0.319222,0.370118,-0.307141,-0.095060,0.257729,-0.077624,-0.315170,0.108259,0.258445,0.042257,0.281995,-0.001638,0.085159,0.041347,0.019170,0.159455,0.316276,0.344961,-0.028455,-0.225533,-0.028278,0.202291,-0.003272,0.278933,0.266533,-0.053171,0.352957,0.292216,0.304338,-0.108927,0.331636,-0.293702,-0.047233,-0.344112,0.154829,-0.005781,-0.046755,0.018726,0.023523,0.058799,0.020517,0.202549,-0.087123,-0.287287,0.148374,0.230528,-0.384493,0.301287,-0.239027,0.148862,0.172238,-0.073558,0.141780,-0.007627,0.037368,0.009704,0.238840,-0.334659,0.050065,0.004688,0.169592,-0.009825,-0.305962,0.286948,-0.000251,-0.044416,0.002620,-0.357166,-0.029425,0.171991,-0.010031,0.031860,0.115515,-0.008019
172,13.860000,-0.048806,-0.013291,-0.230679,0.048951,-0.064411,0.089934,-0.330498,-0.397900,0.389188,-0.179545,0.008279,-0.016775,0.042287,0.529607,0.008203,-0.001999,-0.088048,-0.340102,0.240779,0.054258,0.084004,0.000388,-0.277433,-0.045126,-0.132834,0.032473,0.229158,-0.102744,0.163419,-0.211231,0.032686,-0.105474,-0.295059,-0.023797,0.270330,0.010008,-0.023612,0.309516,-0.033274,-0.082273,-0.579706,-0.269919,0.280946,0.047896,0.342065,-0.281627,0.167856,-0.176207,-0.197721,-0.550219,-0.299801,-0.098896,0.143717,0.006597,0.322029,0.381083,-0.305663,-0.104905,0.257405,-0.078181,-0.310309,0.101026,0.260426,0.041752,0.282925,-0.001649,0.082757,0.043914,0.020984,0.158033,0.319713,0.340734,-0.028345,-0.230905,-0.028588,0.204465,-0.002766,0.283207,0.271164,-0.054496,0.349210,0.295068,0.306808,-0.108162,0.328785,-0.297053,-0.043991,-0.349197,0.155246,-0.005937,-0.046721,0.016225,0.026367,0.054084,0.020641,0.204689,-0.087121,-0.284805,0.160136,0.232751,-0.386709,0.295590,-0.235987,0.155100,0.166354,-0.070248,0.140659,-0.007462,0.039439,0.013358,0.249488,-0.336488,0.053845,0.005673,0.176486,-0.008436,-0.308555,0.291136,-0.000439,-0.045671,0.008088,-0.358115,-0.035275,0.175580,-0.009968,0.030577,0.117280,-0.008359
173,13.880000,-0.047384,-0.013722,-0.236686,0.045691,-0.054152,0.088383,-0.339693,-0.398510,0.400694,-0.183257,0.006001,-0.015567,0.042722,0.513963,0.011377,-0.001853,-0.087556,-0.338098,0.240513,0.054186,0.085292,0.000409,-0.283745,-0.046205,-0.127494,0.039656,0.234461,-0.095124,0.167308,-0.206097,0.033711,-0.105072,-0.293729,-0.022835,0.265917,0.009113,-0.023973,0.309211,-0.033674,-0.075258,-0.581291,-0.269472,0.278640,0.047511,0.339206,-0.277317,0.164384,-0.174492,-0.195373,-0.549451,-0.296229,-0.099605,0.141393,0.005951,0.325955,0.382435,-0.304451,-0.105570,0.258724,-0.076730,-0.315817,0.095342,0.260246,0.043642,0.291013,-0.001333,0.085096,0.039752,0.021170,0.156141,0.317621,0.340385,-0.028615,-0.229001,-0.032841,0.209784,-0.003558,0.283694,0.260712,-0.052295,0.351447,0.294210,0.309789,-0.110312,0.333532,-0.295918,-0.048774,-0.349547,0.157458,-0.006728,-0.046754,0.017409,0.032574,0.057227,0.022371,0.202113,-0.088181,-0.282480,0.148469,0.227335,-0.381613,0.300996,-0.240272,0.155547,0.166416,-0.072750,0.138306,-0.008170,0.046353,0.011041,0.237864,-0.335173,0.054932,0.005451,0.176828,-0.006629,-0.307089,0.284059,-0.000868,-0.044708,0.005462,-0.361496,-0.035368,0.177062,-0.009187,0.028610,0.115343,-0.008571
174,13.900000,-0.046736,-0.015163,-0.235774,0.042653,-0.047574,0.085622,-0.340343,-0.400183,0.407165,-0.179229,0.003819,-0.015614,0.042880,0.493310,0.015008,-0.002501,-0.086362,-0.347431,0.245949,0.054689,0.089471,0.000371,-0.285191,-0.045844,-0.123528,0.030784,0.236925,-0.083770,0.165851,-0.198596,0.028686,-0.104422,-0.291390,-0.022328,0.268455,0.008222,-0.024820,0.312204,-0.032637,-0.070631,-0.587558,-0.270949,0.282866,0.047799,0.340845,-0.274483,0.162199,-0.174800,-0.189837,-0.550354,-0.294210,-0.100847,0.140174,0.005640,0.325525,0.377064,-0.305340,-0.090747,0.253536,-0.073481,-0.319310,0.104632,0.253388,0.042648,0.285486,-0.001012,0.089059,0.035239,0.021003,0.157069,0.312536,0.342395,-0.028577,-0.228861,-0.030364,0.210665,-0.004646,0.273396,0.259238,-0.050862,0.350304,0.290026,0.309942,-0.110389,0.331305,-0.280669,-0.051527,-0.343130,0.155921,-0.007950,-0.046365,0.018148,0.024962,0.056100,0.022415,0.198082,-0.086206,-0.282880,0.128014,0.228115,-0.380474,0.306380,-0.241624,0.150065,0.169171,-0.078665,0.137674,-0.008355,0.054068,0.008144,0.225355,-0.333956,0.056113,0.004577,0.176093,-0.009985,-0.307972,0.275182,-0.000704,-0.039364,0.004224,-0.369771,-0.032895,0.175424,-0.008726,0.024115,0.115730,-0.008480
175,13.920000,-0.042786,-0.013597,-0.235276,0.046335,-0.040170,0.088034,-0.338705,-0.399447,0.405510,-0.183624,0.001844,-0.015737,0.037676,0.474719,0.014824,-0.002068,-0.081817,-0.354823,0.250631,0.055795,0.093913,0.000437,-0.291854,-0.044881,-0.121190,0.018858,0.228905,-0.072193,0.169344,-0.200725,0.022820,-0.105364,-0.291767,-0.023123,0.258435,0.008842,-0.024973,0.307338,-0.034572,-0.069817,-0.595082,-0.268731,0.284000,0.049556,0.341230,-0.281240,0.165879,-0.174397,-0.192756,-0.541829,-0.292428,-0.104377,0.146555,0.005273,0.329091,0.371439,-0.306199,-0.081933,0.253257,-0.071355,-0.314773,0.149861,0.245798,0.037622,0.298509,-0.000984,0.080666,0.031961,0.021010,0.155718,0.314743,0.342867,-0.028941,-0.230620,-0.026818,0.203826,-0.005815,0.267717,0.257620,-0.053263,0.345585,0.284196,0.301863,-0.108198,0.331333,-0.269780,-0.050730,-0.343969,0.154030,-0.008155,-0.047172,0.015042,0.029136,0.052151,0.023253,0.193828,-0.086324,-0.277381,0.132289,0.233748,-0.381020,0.312444,-0.241446,0.153103,0.171853,-0.071095,0.139406,-0.008542,0.058662,0.002625,0.224334,-0.325301,0.063185,0.005061,0.172046,-0.012848,-0.309988,0.270623,-0.000643,-0.035806,0.011991,-0.377061,-0.034974,0.173438,-0.009008,0.019929,0.115917,-0.008267
176,13.940000,-0.043638,-0.014896,-0.232821,0.040761,-0.039327,0.090293,-0.340194,-0.391593,0.413814,-0.180727,0.001982,-0.015266,0.046961,0.468572,0.019235,-0.001741,-0.083796,-0.354716,0.251328,0.056302,0.092596,0.000426,-0.288856,-0.043157,-0.124600,0.014479,0.231507,-0.068548,0.171649,-0.204161,0.022099,-0.104337,-0.289962,-0.023381,0.265240,0.008605,-0.024494,0.310187,-0.036758,-0.071831,-0.602136,-0.275983,0.283473,0.050063,0.341173,-0.279462,0.175328,-0.175662,-0.199581,-0.538326,-0.291231,-0.104071,0.141655,0.005683,0.332826,0.366873,-0.305100,-0.076067,0.256486,-0.070173,-0.328535,0.190639,0.248086,0.038655,0.297543,-0.000746,0.091772,0.032293,0.020964,0.152472,0.318999,0.345228,-0.029155,-0.228777,-0.021368,0.205279,-0.006086,0.272115,0.259859,-0.049937,0.354546,0.288104,0.290342,-0.108506,0.339882,-0.268183,-0.051553,-0.338184,0.150971,-0.007555,-0.047854,0.012662,0.018849,0.053081,0.024962,0.196419,-0.087849,-0.275142,0.134740,0.233548,-0.377004,0.308783,-0.243325,0.147906,0.172868,-0.079665,0.140460,-0.008383,0.058824,-0.000627,0.221628,-0.329491,0.069262,0.005837,0.172528,-0.011490,-0.307460,0.268598,-0.000345,-0.037142,0.008401,-0.382970,-0.025191,0.171042,-0.009220,0.024581,0.118359,-0.008527
177,13.960000,-0.043023,-0.015471,-0.233116,0.043144,-0.037649,0.096974,-0.342467,-0.397188,0.413703,-0.175871,0.003382,-0.014786,0.046163,0.467433,0.020636,-0.001873,-0.079678,-0.367760,0.253307,0.054259,0.102775,0.000418,-0.281328,-0.043681,-0.134423,0.015396,0.236027,-0.063932,0.167888,-0.207333,0.027742,-0.103949,-0.282358,-0.024473,0.259432,0.008469,-0.025382,0.308642,-0.039835,-0.068441,-0.604666,-0.277289,0.280283,0.049970,0.348515,-0.272618,0.186425,-0.177032,-0.200270,-0.545048,-0.292560,-0.102156,0.134010,0.006326,0.333290,0.369250,-0.300089,-0.074556,0.258303,-0.068999,-0.329310,0.226326,0.245586,0.035247,0.295130,-0.000978,0.103123,0.031514,0.020705,0.152266,0.309694,0.346679,-0.029243,-0.233405,-0.015529,0.208838,-0.006542,0.270972,0.260784,-0.045699,0.351009,0.292110,0.295837,-0.109773,0.349998,-0.261744,-0.057057,-0.331308,0.148199,-0.007970,-0.047775,0.009856,0.010499,0.045134,0.022959,0.201540,-0.090434,-0.268934,0.124579,0.229007,-0.369443,0.310329,-0.238104,0.142183,0.171857,-0.083622,0.143354,-0.008148,0.054930,-0.002735,0.223008,-0.329507,0.079798,0.006028,0.170789,-0.010558,-0.308972,0.267647,-0.000323,-0.043111,0.009689,-0.390896,-0.021925,0.163432,-0.008517,0.025535,0.123565,-0.009511
178,13.980000,-0.043127,-0.013628,-0.230188,0.050856,-0.039073,0.101598,-0.333880,-0.397579,0.417907,-0.176703,0.002807,-0.014383,0.036217,0.460360,0.014222,-0.001769,-0.075700,-0.362334,0.255004,0.055893,0.110366,0.000432,-0.282259,-0.045032,-0.143462,-0.001220,0.229647,-0.063192,0.168480,-0.217658,0.031358,-0.111578,-0.286983,-0.023842,0.257079,0.008131,-0.027618,0.305234,-0.044185,-0.068177,-0.607541,-0.282640,0.287143,0.051482,0.348609,-0.277069,0.195583,-0.182166,-0.209289,-0.547076,-0.298420,-0.105089,0.135801,0.006527,0.332503,0.376064,-0.299619,-0.073026,0.259254,-0.066627,-0.327918,0.253334,0.235095,0.026239,0.307448,-0.000569,0.091560,0.031481,0.020921,0.152440,0.316933,0.343316,-0.029031,-0.232794,-0.012909,0.206551,-0.007233,0.282298,0.268288,-0.047303,0.341886,0.292030,0.301764,-0.106688,0.348043,-0.257051,-0.050383,-0.337690,0.144722,-0.006050,-0.047026,0.004310,0.007073,0.043483,0.020928,0.198292,-0.091979,-0.272143,0.117799,0.231349,-0.378077,0.316409,-0.236386,0.152778,0.173086,-0.080807,0.145702,-0.007788,0.059257,-0.003168,0.225787,-0.325757,0.088998,0.008292,0.172516,-0.012400,-0.317334,0.270006,-0.000072,-0.047546,0.023445,-0.393440,-0.020052,0.162122,-0.006550,0.030080,0.125461,-0.009912
179,14.000000,-0.053250,-0.012540,-0.202228,0.052954,-0.061906,0.100608,-0.331592,-0.396801,0.397377,-0.167355,0.007841,-0.013771,0.044827,0.515783,0.006567,-0.001354,-0.096246,-0.356822,0.249444,0.053278,0.103481,0.000388,-0.259601,-0.040632,-0.158622,-0.005016,0.227624,-0.082909,0.163600,-0.225297,0.040293,-0.112774,-0.279672,-0.026542,0.268337,0.008717,-0.025608,0.306800,-0.038776,-0.074145,-0.599208,-0.290618,0.281248,0.051969,0.347368,-0.266200,0.199660,-0.177744,-0.214903,-0.557828,-0.299286,-0.103114,0.137820,0.008133,0.323073,0.375541,-0.302354,-0.082822,0.259734,-0.070839,-0.326414,0.270484,0.245983,0.022009,0.284421,0.000232,0.110401,0.037213,0.024733,0.152994,0.309853,0.352381,-0.027978,-0.230667,-0.006505,0.200968,-0.004636,0.296274,0.281126,-0.048310,0.365163,0.302769,0.308002,-0.109657,0.357978,-0.276500,-0.043435,-0.334591,0.143487,-0.005605,-0.047551,0.001803,0.004417,0.042259,0.018166,0.214931,-0.095155,-0.283666,0.162087,0.233100,-0.380421,0.293222,-0.233142,0.145153,0.165572,-0.084002,0.150648,-0.006714,0.046913,0.008425,0.253124,-0.330890,0.097737,0.008564,0.172009,-0.008308,-0.308865,0.282510,0.001430,-0.057164,0.029117,-0.374445,-0.011828,0.162434,-0.006394,0.038003,0.130121,-0.010535
180,14.020000,-0.054945,-0.014811,-0.218995,0.058565,-0.055440,0.105124,-0.328749,-0.397731,0.390474,-0.155411,0.010948,-0.013569,0.040516,0.517566,0.006188,-0.001208,-0.098917,-0.350842,0.243196,0.051205,0.107827,0.000432,-0.252780,-0.042346,-0.167552,-0.008105,0.234805,-0.082998,0.163337,-0.222616,0.053943,-0.110671,-0.277578,-0.025934,0.276177,0.008410,-0.022519,0.307788,-0.036528,-0.072684,-0.589570,-0.289711,0.275860,0.050655,0.354799,-0.261892,0.195144,-0.174661,-0.213093,-0.555168,-0.297175,-0.106510,0.132698,0.008098,0.319248,0.381075,-0.300374,-0.089239,0.259086,-0.070176,-0.331623,0.255403,0.253649,0.018349,0.287760,0.000632,0.112471,0.035738,0.025260,0.158988,0.302656,0.349286,-0.027304,-0.229177,-0.006521,0.207866,-0.004646,0.288511,0.270869,-0.047638,0.362557,0.308499,0.324490,-0.111167,0.367170,-0.277398,-0.041725,-0.333698,0.147779,-0.004806,-0.047200,0.002541,0.012090,0.047983,0.014846,0.213527,-0.097821,-0.282282,0.155686,0.228453,-0.372961,0.290663,-0.225640,0.141017,0.170509,-0.087378,0.146922,-0.006670,0.044521,0.011729,0.242767,-0.338985,0.101608,0.008492,0.170125,-0.005981,-0.304658,0.286606,0.001020,-0.063044,0.032587,-0.377962,-0.019177,0.166161,-0.005139,0.034077,0.127420,-0.011207
181,14.040000,-0.054726,-0.013404,-0.212542,0.063254,-0.052702,0.103369,-0.320388,-0.399901,0.390371,-0.164627,0.011024,-0.014720,0.033180,0.512965,0.001390,-0.001466,-0.092629,-0.344688,0.241557,0.052199,0.104256,0.000425,-0.260817,-0.042061,-0.163179,-0.014415,0.226831,-0.081975,0.162719,-0.220825,0.056868,-0.117430,-0.277727,-0.026003,0.270233,0.009476,-0.024027,0.309099,-0.035546,-0.074152,-0.591316,-0.282708,0.276137,0.049572,0.352707,-0.258918,0.187767,-0.179807,-0.211561,-0.552727,-0.302160,-0.113942,0.138301,0.007797,0.308648,0.386656,-0.303542,-0.095363,0.259307,-0.069362,-0.319730,0.242993,0.254056,0.014371,0.302101,0.000211,0.096332,0.034404,0.026293,0.163982,0.305866,0.347415,-0.026562,-0.228902,-0.015718,0.210568,-0.004780,0.291452,0.267043,-0.051350,0.354522,0.300390,0.335120,-0.107095,0.359813,-0.273185,-0.036079,-0.334872,0.145359,-0.003618,-0.048307,0.001268,0.024322,0.053091,0.015267,0.210615,-0.098540,-0.285157,0.158913,0.232263,-0.375932,0.298079,-0.223000,0.144111,0.165998,-0.080771,0.141254,-0.007044,0.053502,0.011511,0.246724,-0.340421,0.107187,0.008104,0.178392,-0.004942,-0.301252,0.290080,0.000468,-0.065135,0.036372,-0.372620,-0.033630,0.170536,-0.005167,0.031722,0.124141,-0.011428
182,14.060000,-0.057372,-0.012168,-0.207575,0.060825,-0.056114,0.097909,-0.324267,-0.402216,0.393501,-0.165168,0.010210,-0.014658,0.030882,0.513425,0.007647,-0.001100,-0.096772,-0.339159,0.244367,0.051586,0.098786,0.000400,-0.266439,-0.041787,-0.153769,0.000273,0.227874,-0.082170,0.166663,-0.210539,0.055754,-0.113180,-0.281881,-0.025946,0.272126,0.009728,-0.022405,0.307667,-0.032269,-0.079474,-0.593228,-0.279757,0.275532,0.048351,0.358131,-0.257065,0.168449,-0.172306,-0.206909,-0.545632,-0.296693,-0.113507,0.141607,0.007727,0.311459,0.393380,-0.300792,-0.093747,0.255681,-0.070569,-0.324537,0.232657,0.261718,0.020932,0.297364,0.000002,0.096386,0.036492,0.028240,0.166747,0.303904,0.347931,-0.026003,-0.230364,-0.021750,0.214289,-0.004298,0.292872,0.263487,-0.051993,0.361155,0.303887,0.333798,-0.111951,0.368775,-0.280654,-0.036382,-0.339342,0.146924,-0.004751,-0.048682,0.002281,0.028078,0.059460,0.016829,0.215307,-0.102114,-0.285641,0.153621,0.227954,-0.377965,0.288164,-0.226598,0.146442,0.164639,-0.080042,0.138248,-0.007259,0.059546,0.014391,0.244776,-0.346999,0.103246,0.006400,0.187797,-0.001322,-0.301566,0.285409,0.000381,-0.064149,0.037821,-0.376363,-0.040769,0.176117,-0.004706,0.023377,0.120202,-0.011495
183,14.080000,-0.056737,-0.013768,-0.213780,0.056738,-0.054987,0.095208,-0.324510,-0.399115,0.397732,-0.166343,0.009584,-0.015267,0.031918,0.508774,0.013184,-0.001197,-0.095261,-0.332253,0.246442,0.052358,0.095413,0.000453,-0.272994,-0.040885,-0.138643,0.006100,0.231248,-0.078577,0.167556,-0.211664,0.051980,-0.112152,-0.280620,-0.025076,0.269030,0.008330,-0.020876,0.306388,-0.028880,-0.083222,-0.591125,-0.280115,0.274426,0.047066,0.357174,-0.259558,0.159555,-0.174323,-0.209529,-0.546922,-0.296234,-0.112569,0.145286,0.007259,0.314678,0.393017,-0.302347,-0.091348,0.249573,-0.070213,-0.321690,0.222764,0.259348,0.027741,0.300072,-0.000263,0.091754,0.036396,0.029382,0.170480,0.304872,0.345442,-0.025485,-0.233887,-0.021934,0.213837,-0.004659,0.285277,0.265150,-0.052835,0.358277,0.303193,0.338068,-0.108643,0.369630,-0.282811,-0.038534,-0.334058,0.147412,-0.008006,-0.047731,0.002278,0.038877,0.064183,0.021065,0.210991,-0.100445,-0.283579,0.154018,0.226454,-0.376417,0.285718,-0.227183,0.147975,0.160818,-0.076740,0.132507,-0.007638,0.062451,0.011400,0.241217,-0.352081,0.099028,0.004890,0.187303,-0.005661,-0.302082,0.282397,-0.000897,-0.057722,0.032871,-0.373652,-0.047760,0.180214,-0.005477,0.018012,0.118045,-0.011086
184,14.100000,-0.058569,-0.013343,-0.207851,0.057056,-0.060734,0.096840,-0.324324,-0.396612,0.397128,-0.168214,0.008937,-0.016092,0.034233,0.516688,0.012261,-0.001509,-0.098770,-0.327420,0.253748,0.053857,0.090011,0.000460,-0.279432,-0.037836,-0.127612,0.007480,0.222954,-0.082233,0.169566,-0.213760,0.043356,-0.109899,-0.281694,-0.025241,0.256896,0.007839,-0.019843,0.307768,-0.027232,-0.087711,-0.589459,-0.278477,0.274577,0.047108,0.358878,-0.265367,0.156386,-0.176460,-0.208620,-0.540088,-0.294191,-0.111181,0.155382,0.007290,0.312847,0.392233,-0.305535,-0.090243,0.245118,-0.072961,-0.311441,0.214673,0.255635,0.029612,0.301469,-0.000001,0.089188,0.038933,0.031581,0.171183,0.311761,0.352488,-0.025744,-0.235051,-0.019070,0.206122,-0.004573,0.287988,0.275885,-0.057014,0.361868,0.299148,0.332491,-0.107000,0.359706,-0.284809,-0.038783,-0.335029,0.148145,-0.011184,-0.047787,0.002907,0.050618,0.063999,0.022119,0.209779,-0.096915,-0.290430,0.174799,0.238281,-0.381131,0.281859,-0.232690,0.151110,0.159635,-0.067839,0.132727,-0.007520,0.056898,0.009839,0.248081,-0.342617,0.096123,0.003498,0.183456,-0.013968,-0.303483,0.281451,-0.001109,-0.049498,0.024462,-0.369726,-0.045378,0.181427,-0.006320,0.017607,0.118394,-0.009986
185,14.120000,-0.060673,-0.013252,-0.211435,0.051615,-0.062156,0.093591,-0.326355,-0.393059,0.399205,-0.165624,0.009181,-0.016675,0.040470,0.523349,0.017378,-0.001475,-0.095449,-0.317839,0.255400,0.054144,0.081158,0.000461,-0.279757,-0.037108,-0.122107,0.009479,0.225643,-0.082954,0.171341,-0.209246,0.043933,-0.105846,-0.282123,-0.024875,0.259112,0.006564,-0.019153,0.308117,-0.028397,-0.089522,-0.588052,-0.280026,0.275370,0.045982,0.355494,-0.263720,0.155308,-0.175435,-0.205562,-0.535473,-0.287484,-0.108188,0.158006,0.007296,0.315958,0.392618,-0.301622,-0.089552,0.247496,-0.073726,-0.316039,0.203822,0.258616,0.034715,0.298195,0.000668,0.089671,0.040119,0.032805,0.170835,0.318286,0.353225,-0.025926,-0.236248,-0.018626,0.204376,-0.003793,0.287234,0.277483,-0.056171,0.364122,0.300531,0.324761,-0.105051,0.357216,-0.288022,-0.040624,-0.336582,0.149009,-0.012793,-0.047025,0.002823,0.050034,0.064105,0.024452,0.206236,-0.094648,-0.290551,0.179699,0.238516,-0.380391,0.277945,-0.235424,0.152799,0.158454,-0.068337,0.135316,-0.007335,0.052560,0.009245,0.242863,-0.344237,0.088828,0.002995,0.179840,-0.015834,-0.300696,0.283032,-0.001616,-0.041315,0.018319,-0.370162,-0.041256,0.186653,-0.006897,0.015590,0.118094,-0.009160
186,14.140000,-0.054951,-0.015045,-0.225387,0.045390,-0.044005,0.091018,-0.334692,-0.395612,0.415810,-0.169137,0.006341,-0.016349,0.041642,0.488788,0.025511,-0.001689,-0.084473,-0.330803,0.262675,0.054133,0.084384,0.000494,-0.292538,-0.038814,-0.114823,0.005884,0.229420,-0.067272,0.170126,-0.198661,0.042854,-0.103811,-0.281032,-0.023579,0.251890,0.006225,-0.021445,0.311749,-0.030903,-0.085348,-0.596400,-0.273188,0.275449,0.044893,0.350621,-0.259915,0.159334,-0.175566,-0.191014,-0.538432,-0.288561,-0.110007,0.149912,0.006395,0.321338,0.387930,-0.297844,-0.078897,0.251757,-0.070030,-0.320818,0.199829,0.257430,0.037675,0.304033,0.000774,0.085464,0.033874,0.031430,0.171436,0.315474,0.357547,-0.025812,-0.234774,-0.023313,0.204218,-0.004407,0.275153,0.265114,-0.052793,0.352415,0.290041,0.318070,-0.104215,0.354640,-0.272906,-0.048672,-0.331947,0.146645,-0.013060,-0.048118,0.005832,0.045467,0.061935,0.025914,0.195484,-0.092166,-0.284719,0.146493,0.234910,-0.371494,0.296789,-0.237872,0.149924,0.160982,-0.068680,0.136425,-0.007935,0.054708,0.004913,0.225645,-0.342524,0.081589,0.000965,0.170738,-0.016510,-0.296406,0.277698,-0.001312,-0.031230,0.006266,-0.380623,-0.040004,0.182854,-0.007840,0.013261,0.117199,-0.008654
187,14.160000,-0.052367,-0.012835,-0.218399,0.048743,-0.041948,0.099001,-0.338149,-0.396055,0.414023,-0.170845,0.005125,-0.016190,0.038837,0.473766,0.025963,-0.001926,-0.072710,-0.339882,0.274894,0.055389,0.092224,0.000454,-0.303886,-0.037815,-0.108277,-0.002187,0.220886,-0.061609,0.170312,-0.202221,0.035836,-0.104406,-0.284583,-0.023756,0.240720,0.006317,-0.023632,0.312497,-0.034208,-0.082817,-0.604592,-0.268188,0.278676,0.047160,0.357482,-0.271409,0.169241,-0.176100,-0.190209,-0.535621,-0.296534,-0.107584,0.150134,0.006590,0.315054,0.387225,-0.298119,-0.073709,0.253570,-0.068377,-0.316419,0.222658,0.248766,0.037836,0.309977,0.000725,0.081217,0.032534,0.031289,0.169710,0.319188,0.361636,-0.025785,-0.238381,-0.022471,0.195620,-0.004375,0.271364,0.269234,-0.054545,0.345671,0.282500,0.304720,-0.104581,0.351679,-0.263706,-0.049455,-0.328812,0.143458,-0.012659,-0.047415,0.004839,0.034721,0.054176,0.024899,0.193580,-0.089989,-0.287684,0.141614,0.245370,-0.372950,0.298384,-0.241337,0.152315,0.161162,-0.057429,0.142570,-0.007858,0.055998,0.000112,0.225899,-0.330760,0.078964,-0.000401,0.169964,-0.019810,-0.305564,0.268692,-0.000747,-0.024334,0.003547,-0.386918,-0.034100,0.180399,-0.008024,0.013861,0.121378,-0.008108
188,14.180000,-0.054310,-0.012356,-0.215111,0.044997,-0.043794,0.090342,-0.338115,-0.391631,0.423174,-0.172144,0.005549,-0.015587,0.047414,0.482991,0.031671,-0.001554,-0.079036,-0.337736,0.277476,0.056013,0.094630,0.000463,-0.297188,-0.037040,-0.115733,-0.010901,0.226574,-0.063888,0.166552,-0.206316,0.037030,-0.102840,-0.281946,-0.024857,0.254600,0.004574,-0.023296,0.315289,-0.035651,-0.084162,-0.603959,-0.275262,0.281987,0.046436,0.351577,-0.260162,0.181488,-0.173010,-0.197139,-0.535260,-0.287958,-0.102178,0.142706,0.007117,0.319775,0.384956,-0.295708,-0.071763,0.255629,-0.068105,-0.327317,0.233412,0.251001,0.038343,0.297436,0.000949,0.090723,0.034929,0.031558,0.167586,0.326498,0.361028,-0.025197,-0.237485,-0.015091,0.192142,-0.003664,0.274870,0.281095,-0.051406,0.351103,0.292853,0.290087,-0.102685,0.358320,-0.269810,-0.049865,-0.329101,0.137652,-0.010723,-0.048029,0.004643,0.021750,0.051232,0.025834,0.192309,-0.092050,-0.281501,0.123339,0.238501,-0.374450,0.292554,-0.241793,0.150510,0.157517,-0.062714,0.144465,-0.007589,0.051610,-0.001420,0.223330,-0.329316,0.075742,0.000140,0.170026,-0.018048,-0.303636,0.274673,-0.000110,-0.023741,0.004431,-0.386913,-0.026680,0.177121,-0.007373,0.019453,0.121552,-0.008006
189,14.200000,-0.059270,-0.015846,-0.216331,0.047568,-0.058325,0.102070,-0.334010,-0.387250,0.413941,-0.167352,0.012411,-0.015558,0.053747,0.515692,0.027265,-0.001069,-0.078684,-0.337266,0.270967,0.056437,0.099042,0.000547,-0.292753,-0.036023,-0.125664,-0.011381,0.221563,-0.069812,0.162396,-0.223283,0.045324,-0.104940,-0.280926,-0.026648,0.261178,0.004859,-0.023049,0.316980,-0.036102,-0.087620,-0.596677,-0.273046,0.276458,0.048739,0.358012,-0.273122,0.204607,-0.174478,-0.196053,-0.545658,-0.303094,-0.101497,0.134524,0.007822,0.318508,0.377991,-0.300913,-0.082509,0.260525,-0.070925,-0.324227,0.232533,0.254409,0.033866,0.295246,0.001286,0.096396,0.038378,0.035183,0.166451,0.329610,0.368233,-0.024498,-0.233716,-0.008509,0.190743,-0.003995,0.275709,0.283928,-0.051411,0.360392,0.300594,0.294589,-0.104530,0.360973,-0.282257,-0.045653,-0.326972,0.140398,-0.009362,-0.047007,0.002281,0.021298,0.056118,0.023724,0.195743,-0.089165,-0.282564,0.144325,0.244818,-0.373633,0.289693,-0.238538,0.146140,0.163184,-0.066587,0.149015,-0.007150,0.037791,-0.000413,0.243081,-0.332772,0.078800,0.000594,0.161804,-0.016477,-0.306942,0.275520,0.000014,-0.028679,0.001669,-0.379369,-0.019098,0.169227,-0.006631,0.033111,0.123805,-0.007722
190,14.220000,-0.061850,-0.012833,-0.212060,0.055796,-0.058202,0.100280,-0.326843,-0.391444,0.397214,-0.163602,0.011257,-0.015090,0.043140,0.515937,0.017775,-0.001526,-0.077253,-0.332708,0.268070,0.054908,0.101037,0.000522,-0.287471,-0.039871,-0.137780,-0.020970,0.221011,-0.074609,0.158197,-0.218710,0.054874,-0.107020,-0.289351,-0.025715,0.253416,0.005495,-0.023017,0.314421,-0.037019,-0.090461,-0.590631,-0.280674,0.278594,0.046760,0.355773,-0.270439,0.202582,-0.174606,-0.202167,-0.554611,-0.303156,-0.100505,0.132007,0.008324,0.313578,0.384802,-0.294084,-0.086783,0.262799,-0.072217,-0.322833,0.222818,0.255439,0.029380,0.293879,0.001459,0.089165,0.039529,0.036044,0.164533,0.328010,0.362033,-0.024055,-0.233149,-0.009352,0.194996,-0.002532,0.290418,0.289091,-0.052619,0.355566,0.297122,0.299392,-0.103313,0.350695,-0.283312,-0.042497,-0.336643,0.141304,-0.006036,-0.047121,0.000068,0.023071,0.052063,0.020618,0.197547,-0.087557,-0.281135,0.160311,0.250034,-0.377615,0.294271,-0.232524,0.149492,0.161788,-0.063704,0.147093,-0.006581,0.033945,0.006931,0.248310,-0.327005,0.078289,0.002010,0.163896,-0.017360,-0.307338,0.284759,0.000242,-0.032540,0.012326,-0.369457,-0.019657,0.164726,-0.005106,0.034042,0.125592,-0.007749
191,14.240000,-0.066144,-0.013365,-0.208467,0.059819,-0.067177,0.101073,-0.332412,-0.392281,0.393458,-0.161387,0.012972,-0.015149,0.043918,0.529698,0.016306,-0.001158,-0.081032,-0.332801,0.262496,0.053780,0.098975,0.000453,-0.280928,-0.039704,-0.149155,-0.027032,0.225205,-0.079166,0.158379,-0.210458,0.062338,-0.106769,-0.283526,-0.025803,0.263820,0.005388,-0.022302,0.315062,-0.036600,-0.086279,-0.590962,-0.279554,0.278022,0.047800,0.358855,-0.268377,0.198976,-0.170664,-0.202159,-0.546964,-0.298757,-0.101643,0.127693,0.008723,0.308896,0.393793,-0.292427,-0.094645,0.261587,-0.072421,-0.322301,0.216339,0.262918,0.027017,0.291253,0.001342,0.093220,0.041735,0.038075,0.164862,0.323690,0.362437,-0.022626,-0.230562,-0.011762,0.194924,-0.001125,0.291498,0.284411,-0.052458,0.365602,0.302697,0.306168,-0.103418,0.357492,-0.286468,-0.042837,-0.335890,0.143933,-0.004764,-0.047147,0.001062,0.019813,0.055961,0.016660,0.201335,-0.091765,-0.285169,0.160068,0.246757,-0.373131,0.288880,-0.230194,0.148245,0.162990,-0.065802,0.148985,-0.006449,0.036223,0.011424,0.246915,-0.334726,0.078964,0.002233,0.171978,-0.011836,-0.301179,0.291722,0.000012,-0.038342,0.019118,-0.369462,-0.025286,0.169698,-0.005888,0.033137,0.123578,-0.008328
192,14.260000,-0.066275,-0.014393,-0.203324,0.060231,-0.065817,0.093712,-0.340681,-0.395879,0.396266,-0.159595,0.014033,-0.014337,0.041383,0.529069,0.016275,-0.000797,-0.078653,-0.337101,0.264560,0.052283,0.099383,0.000497,-0.283402,-0.040306,-0.149126,-0.021728,0.228161,-0.078414,0.153642,-0.206923,0.062066,-0.108189,-0.279589,-0.024381,0.260425,0.005267,-0.023259,0.313908,-0.033913,-0.081616,-0.591694,-0.273232,0.269935,0.047131,0.363663,-0.265843,0.191296,-0.168653,-0.200730,-0.541481,-0.305668,-0.101174,0.125976,0.008247,0.302221,0.395534,-0.293899,-0.095579,0.259374,-0.073167,-0.318139,0.203240,0.265779,0.030735,0.285458,0.000824,0.093569,0.041683,0.038701,0.165782,0.312296,0.362570,-0.021671,-0.232415,-0.012433,0.201596,-0.000899,0.287292,0.278765,-0.051256,0.358811,0.299774,0.318480,-0.105793,0.361253,-0.285683,-0.043941,-0.329941,0.147300,-0.005013,-0.047256,0.002469,0.022022,0.059945,0.016678,0.204714,-0.093602,-0.287556,0.150748,0.241485,-0.372043,0.288894,-0.227064,0.143469,0.156580,-0.066779,0.144623,-0.006694,0.037342,0.012685,0.248576,-0.339209,0.076535,0.000853,0.175074,-0.010356,-0.300728,0.286913,-0.000675,-0.040263,0.015761,-0.370264,-0.029035,0.170348,-0.006383,0.028211,0.122098,-0.008730
193,14.280000,-0.067020,-0.013514,-0.206239,0.065777,-0.066942,0.093671,-0.337467,-0.397555,0.398171,-0.164218,0.013644,-0.014609,0.036062,0.532131,0.017433,-0.001040,-0.084417,-0.339182,0.266163,0.052692,0.100454,0.000503,-0.286323,-0.040321,-0.143771,-0.021903,0.224049,-0.077707,0.153469,-0.206244,0.058462,-0.107793,-0.283288,-0.024451,0.259944,0.005332,-0.023730,0.314727,-0.031947,-0.081170,-0.590500,-0.268381,0.274721,0.047349,0.371559,-0.261980,0.184941,-0.170357,-0.202824,-0.536971,-0.297786,-0.101946,0.132081,0.007922,0.303299,0.400002,-0.299807,-0.097703,0.253222,-0.074440,-0.311563,0.193681,0.262525,0.028684,0.289450,0.000553,0.086070,0.041543,0.040087,0.167154,0.319529,0.358787,-0.021125,-0.233579,-0.015349,0.200727,-0.001650,0.286317,0.283200,-0.054247,0.356875,0.301470,0.321625,-0.106223,0.358267,-0.285412,-0.043705,-0.337475,0.148833,-0.005505,-0.047812,0.004684,0.035260,0.062948,0.016927,0.201324,-0.092754,-0.286933,0.144927,0.243194,-0.377422,0.290330,-0.228072,0.150036,0.154754,-0.061211,0.139812,-0.006929,0.044123,0.013423,0.251064,-0.334585,0.075581,0.001084,0.180347,-0.012365,-0.301306,0.285439,-0.001025,-0.040294,0.021887,-0.371273,-0.039812,0.171796,-0.005664,0.022397,0.119945,-0.008901
194,14.300000,-0.066323,-0.014780,-0.204122,0.061367,-0.063217,0.091406,-0.339585,-0.393740,0.402082,-0.164820,0.012502,-0.014903,0.039693,0.524268,0.022787,-0.000888,-0.083452,-0.331388,0.262108,0.053012,0.093366,0.000537,-0.295325,-0.041305,-0.132910,-0.013924,0.222301,-0.073457,0.156385,-0.202564,0.057385,-0.106093,-0.285750,-0.025088,0.263338,0.004817,-0.021404,0.314031,-0.028660,-0.084494,-0.590391,-0.272140,0.274022,0.046509,0.366591,-0.260107,0.175509,-0.171324,-0.198457,-0.538231,-0.298879,-0.103858,0.135641,0.007373,0.308701,0.394955,-0.301931,-0.095435,0.250962,-0.074280,-0.316115,0.183231,0.263954,0.031746,0.294706,0.000318,0.086624,0.037940,0.041110,0.164888,0.320850,0.361769,-0.021056,-0.236101,-0.018538,0.203817,-0.002208,0.280316,0.277542,-0.054856,0.366331,0.301748,0.320919,-0.106349,0.358124,-0.286815,-0.041912,-0.339838,0.148925,-0.007064,-0.047602,0.004062,0.048891,0.071378,0.021646,0.198141,-0.092207,-0.284424,0.148849,0.243101,-0.377085,0.292918,-0.228973,0.149376,0.156000,-0.066722,0.137350,-0.007485,0.047490,0.013023,0.245824,-0.340519,0.073470,0.000627,0.177174,-0.011650,-0.299256,0.279268,-0.001114,-0.037339,0.021731,-0.370683,-0.041122,0.168635,-0.005910,0.021841,0.118398,-0.008612
195,14.320000,-0.068654,-0.015058,-0.199773,0.058035,-0.068386,0.087361,-0.345031,-0.395058,0.397797,-0.165261,0.013021,-0.014923,0.040017,0.531943,0.024490,-0.001299,-0.088777,-0.334788,0.263457,0.052448,0.090174,0.000509,-0.295701,-0.038756,-0.126808,-0.005369,0.225584,-0.075186,0.156988,-0.203298,0.054194,-0.103556,-0.282978,-0.025195,0.252040,0.004532,-0.021736,0.311044,-0.027305,-0.084878,-0.592255,-0.270071,0.270335,0.046659,0.369545,-0.260365,0.170055,-0.169037,-0.200728,-0.537865,-0.297915,-0.100890,0.137126,0.007663,0.306019,0.395258,-0.300434,-0.096583,0.249368,-0.074765,-0.312278,0.175436,0.265693,0.035892,0.288735,0.000229,0.089623,0.041629,0.043037,0.162500,0.314292,0.363589,-0.021076,-0.240668,-0.018000,0.202723,-0.001792,0.280985,0.278429,-0.054084,0.367168,0.299965,0.318004,-0.105315,0.358352,-0.285620,-0.045596,-0.338483,0.150133,-0.010609,-0.046740,0.004333,0.055229,0.069933,0.022701,0.202655,-0.089801,-0.285163,0.161873,0.246470,-0.373663,0.289446,-0.230763,0.144566,0.151642,-0.067839,0.137156,-0.007350,0.046532,0.011057,0.250975,-0.337463,0.072437,-0.000343,0.181215,-0.014921,-0.299416,0.279070,-0.001335,-0.034515,0.016199,-0.370934,-0.041676,0.166873,-0.006173,0.015454,0.119009,-0.008144
196,14.340000,-0.071535,-0.015658,-0.207491,0.058678,-0.073331,0.089042,-0.343756,-0.394953,0.402015,-0.162873,0.013849,-0.015290,0.041679,0.542051,0.027638,-0.001164,-0.088645,-0.333747,0.264674,0.053188,0.087055,0.000564,-0.296731,-0.039471,-0.123626,-0.005554,0.225779,-0.076369,0.157037,-0.199120,0.051015,-0.105609,-0.283030,-0.025025,0.256998,0.003659,-0.022729,0.312785,-0.028797,-0.084166,-0.591331,-0.271342,0.273864,0.046218,0.373040,-0.261684,0.173045,-0.174050,-0.198267,-0.537989,-0.291769,-0.099199,0.141820,0.007616,0.312741,0.396752,-0.301070,-0.097894,0.245961,-0.073768,-0.311538,0.166077,0.264299,0.031704,0.292453,0.000372,0.090250,0.039717,0.044652,0.161074,0.324488,0.364898,-0.021132,-0.240095,-0.017196,0.201180,-0.001961,0.282708,0.280871,-0.054079,0.368310,0.303513,0.318633,-0.103596,0.354047,-0.282845,-0.045173,-0.341923,0.150276,-0.012792,-0.046493,0.005030,0.061302,0.069460,0.023075,0.199685,-0.090420,-0.285507,0.161456,0.249007,-0.376911,0.291209,-0.233736,0.152624,0.151813,-0.068266,0.136453,-0.007198,0.046326,0.011579,0.247595,-0.337089,0.070155,0.000355,0.179974,-0.019648,-0.301201,0.278445,-0.001947,-0.032535,0.014645,-0.379098,-0.042079,0.170111,-0.006288,0.013805,0.118557,-0.007806
197,14.360000,-0.070095,-0.016720,-0.203933,0.055145,-0.065090,0.090527,-0.345328,-0.390984,0.402683,-0.166015,0.012726,-0.015276,0.042531,0.533424,0.026756,-0.001298,-0.087706,-0.331168,0.264076,0.053240,0.083828,0.000563,-0.295456,-0.038733,-0.120619,-0.012639,0.223831,-0.073429,0.157221,-0.200994,0.050222,-0.103277,-0.282563,-0.024030,0.256025,0.003087,-0.022427,0.314283,-0.027441,-0.080013,-0.588453,-0.273097,0.273509,0.046353,0.367206,-0.257248,0.173390,-0.171857,-0.195749,-0.539450,-0.292109,-0.102005,0.143085,0.007338,0.312838,0.391243,-0.303588,-0.097740,0.246827,-0.072724,-0.311592,0.156863,0.262038,0.030116,0.294168,0.000407,0.091909,0.038856,0.045253,0.159851,0.324314,0.365394,-0.021332,-0.239623,-0.015106,0.200600,-0.002218,0.274893,0.281208,-0.054322,0.366593,0.299651,0.319494,-0.102386,0.349335,-0.285058,-0.044396,-0.340526,0.150738,-0.013237,-0.046938,0.004405,0.060830,0.070471,0.025110,0.196687,-0.086785,-0.286591,0.166476,0.245917,-0.375206,0.291929,-0.232857,0.145019,0.149173,-0.070814,0.135558,-0.007434,0.049310,0.008076,0.246104,-0.335903,0.069310,0.000363,0.175642,-0.019163,-0.295854,0.277610,-0.001357,-0.028580,0.014505,-0.375184,-0.037373,0.172353,-0.007634,0.013921,0.119520,-0.007461
198,14.380000,-0.073434,-0.015955,-0.203849,0.055133,-0.069723,0.085657,-0.341319,-0.394894,0.402071,-0.166393,0.013194,-0.015569,0.040840,0.543471,0.026269,-0.001619,-0.084280,-0.334284,0.261937,0.052721,0.083751,0.000559,-0.294399,-0.038643,-0.118509,-0.009268,0.220396,-0.074528,0.159250,-0.198076,0.049708,-0.103608,-0.288084,-0.024886,0.252523,0.003610,-0.022852,0.311721,-0.028257,-0.083628,-0.585131,-0.272684,0.272185,0.044651,0.372064,-0.256397,0.176167,-0.171940,-0.188255,-0.537587,-0.293703,-0.103723,0.145782,0.007648,0.316386,0.393313,-0.301118,-0.097661,0.249113,-0.076281,-0.309965,0.145116,0.263882,0.028187,0.286653,0.000524,0.089567,0.038803,0.048222,0.158689,0.325959,0.367433,-0.021372,-0.240196,-0.016598,0.199091,-0.001993,0.277159,0.281069,-0.054341,0.362949,0.302691,0.316186,-0.103876,0.350660,-0.286330,-0.045085,-0.345233,0.148771,-0.013076,-0.047544,0.003684,0.062057,0.066072,0.024649,0.198187,-0.087530,-0.287513,0.189348,0.248378,-0.376027,0.295915,-0.232394,0.145861,0.149849,-0.070710,0.138980,-0.007292,0.045846,0.011140,0.256383,-0.335743,0.071479,0.000164,0.174892,-0.017526,-0.299023,0.277085,-0.001509,-0.029277,0.013959,-0.375688,-0.036229,0.173476,-0.007880,0.013283,0.118701,-0.007232
199,14.400000,-0.069487,-0.015711,-0.206010,0.052822,-0.057410,0.088699,-0.351754,-0.394245,0.399090,-0.167515,0.010619,-0.015178,0.041488,0.521116,0.029640,-0.001902,-0.078460,-0.341124,0.264509,0.051325,0.087057,0.000558,-0.299327,-0.041088,-0.114116,-0.020922,0.224101,-0.068513,0.159649,-0.190230,0.049277,-0.101067,-0.283944,-0.024003,0.243851,0.002947,-0.023473,0.313316,-0.028142,-0.076180,-0.588371,-0.268095,0.268578,0.043458,0.369916,-0.257962,0.174527,-0.170188,-0.180137,-0.539169,-0.294476,-0.102826,0.139135,0.007797,0.311401,0.396119,-0.297392,-0.095784,0.248743,-0.072140,-0.312793,0.141506,0.264183,0.030466,0.299954,0.000542,0.091820,0.035406,0.046574,0.157358,0.316300,0.370133,-0.021557,-0.242200,-0.018432,0.200011,-0.001923,0.268677,0.271529,-0.051851,0.357302,0.291865,0.314366,-0.102894,0.353933,-0.278701,-0.048885,-0.340582,0.146856,-0.013300,-0.047154,0.004779,0.057895,0.060838,0.025309,0.197078,-0.086255,-0.287346,0.162390,0.244399,-0.367032,0.303415,-0.232884,0.142510,0.147275,-0.070995,0.139871,-0.007591,0.049540,0.005068,0.242782,-0.333482,0.070550,-0.001256,0.174650,-0.018238,-0.294529,0.274210,-0.002387,-0.027890,0.009439,-0.385626,-0.031631,0.174195,-0.008486,0.012941,0.119979,-0.007345
200,14.420000,-0.068386,-0.016488,-0.202140,0.053877,-0.055750,0.086765,-0.344775,-0.390618,0.399037,-0.173424,0.011842,-0.014890,0.043873,0.512505,0.029022,-0.001187,-0.078535,-0.338661,0.264241,0.052976,0.088468,0.000614,-0.298171,-0.038969,-0.110845,-0.023853,0.219367,-0.066162,0.158361,-0.199341,0.049223,-0.100316,-0.285491,-0.025088,0.253650,0.003715,-0.021680,0.314762,-0.029776,-0.077888,-0.589920,-0.267099,0.269248,0.043247,0.369652,-0.260189,0.183114,-0.172275,-0.186430,-0.537890,-0.292540,-0.102624,0.139584,0.007996,0.311501,0.388638,-0.303434,-0.094689,0.250638,-0.072822,-0.312743,0.144636,0.261169,0.028541,0.306511,0.000313,0.091359,0.038597,0.047042,0.157333,0.326089,0.370275,-0.021691,-0.241965,-0.017481,0.198665,-0.002492,0.264325,0.275770,-0.053770,0.357515,0.294710,0.309028,-0.103871,0.355900,-0.279378,-0.046657,-0.337998,0.144362,-0.012743,-0.047636,0.003221,0.048581,0.061408,0.025791,0.193895,-0.085160,-0.288937,0.155739,0.246859,-0.371489,0.297860,-0.233091,0.143839,0.148108,-0.069409,0.141413,-0.007759,0.052413,0.000263,0.248315,-0.330852,0.072684,-0.000705,0.175701,-0.017621,-0.299832,0.270288,-0.001239,-0.027720,0.012723,-0.383738,-0.028543,0.174392,-0.008515,0.015156,0.118513,-0.007409
201,14.440000,-0.068420,-0.016246,-0.204900,0.052435,-0.057213,0.086255,-0.345253,-0.391803,0.398568,-0.172067,0.011639,-0.014584,0.044398,0.513094,0.030476,-0.001206,-0.081054,-0.343033,0.262761,0.053163,0.089307,0.000606,-0.297872,-0.039395,-0.116131,-0.028449,0.220863,-0.064902,0.155462,-0.197725,0.052868,-0.098728,-0.284454,-0.025382,0.254897,0.003575,-0.020951,0.313953,-0.030515,-0.078488,-0.590164,-0.266879,0.271846,0.041954,0.370385,-0.255504,0.183330,-0.169832,-0.184615,-0.537492,-0.289171,-0.101740,0.136418,0.008209,0.313819,0.391398,-0.302104,-0.093994,0.249938,-0.073536,-0.315534,0.147314,0.264649,0.023764,0.299364,0.000269,0.096912,0.038971,0.047760,0.156080,0.325371,0.369831,-0.022083,-0.241414,-0.016033,0.198406,-0.002671,0.269624,0.278347,-0.052335,0.358541,0.296816,0.307288,-0.103913,0.354742,-0.281461,-0.047062,-0.340509,0.144281,-0.011100,-0.048406,0.004203,0.048736,0.058855,0.025249,0.194241,-0.084544,-0.280617,0.148237,0.245362,-0.372071,0.297024,-0.231313,0.142325,0.146646,-0.070087,0.140566,-0.007691,0.050731,-0.001580,0.248912,-0.329336,0.075052,-0.000439,0.176181,-0.015127,-0.295434,0.272831,-0.000611,-0.028969,0.016100,-0.383673,-0.032576,0.170202,-0.008029,0.016206,0.120047,-0.007354
202,14.460000,-0.072892,-0.017206,-0.204505,0.055035,-0.066014,0.094986,-0.345720,-0.389413,0.395227,-0.169934,0.016045,-0.014463,0.044269,0.531423,0.027657,-0.001240,-0.078690,-0.342820,0.259926,0.053652,0.094560,0.000600,-0.293599,-0.038907,-0.122885,-0.039896,0.218169,-0.067887,0.150071,-0.202323,0.054275,-0.102560,-0.284519,-0.025175,0.256360,0.003666,-0.022034,0.310275,-0.030893,-0.078345,-0.586770,-0.266882,0.271460,0.041567,0.372988,-0.263427,0.188025,-0.171322,-0.182878,-0.533702,-0.294275,-0.101950,0.133238,0.008992,0.312455,0.391666,-0.300683,-0.096739,0.251471,-0.074699,-0.316071,0.144889,0.260134,0.020813,0.292281,0.000280,0.096943,0.038397,0.050206,0.155931,0.324828,0.369859,-0.021585,-0.240936,-0.014773,0.198313,-0.003295,0.269823,0.279576,-0.052712,0.357386,0.299925,0.311888,-0.105041,0.357662,-0.284483,-0.044793,-0.337667,0.144038,-0.010391,-0.047697,0.002330,0.050186,0.060169,0.024255,0.196608,-0.087272,-0.281734,0.151544,0.244612,-0.373366,0.299035,-0.231267,0.140259,0.149380,-0.071947,0.141229,-0.007361,0.048705,-0.004641,0.254690,-0.329517,0.079700,0.000074,0.177889,-0.015591,-0.298795,0.274715,-0.000808,-0.030412,0.017230,-0.384558,-0.032757,0.166987,-0.007809,0.021225,0.120710,-0.007294
203,14.480000,-0.073005,-0.016738,-0.198193,0.059449,-0.059726,0.087034,-0.345716,-0.389043,0.397513,-0.166283,0.011364,-0.014205,0.041277,0.525798,0.023062,-0.001317,-0.079572,-0.337603,0.259028,0.052873,0.099822,0.000629,-0.290301,-0.040890,-0.121559,-0.044356,0.212054,-0.068163,0.152061,-0.200588,0.056031,-0.102805,-0.286066,-0.024580,0.252917,0.003902,-0.020885,0.313760,-0.028644,-0.077911,-0.583095,-0.267081,0.271936,0.041245,0.374761,-0.258935,0.190225,-0.169912,-0.185349,-0.545650,-0.295087,-0.103805,0.134283,0.008389,0.312461,0.390293,-0.302322,-0.095853,0.250455,-0.074737,-0.313115,0.139137,0.259227,0.018375,0.290684,0.000138,0.093525,0.038803,0.050037,0.154562,0.323427,0.370146,-0.021393,-0.239851,-0.010077,0.197296,-0.004036,0.272244,0.281456,-0.054014,0.361504,0.300402,0.315675,-0.105861,0.354335,-0.284847,-0.043854,-0.339670,0.144581,-0.009693,-0.048290,0.002204,0.056342,0.060786,0.022070,0.196708,-0.085787,-0.285022,0.147984,0.248581,-0.373648,0.302047,-0.228641,0.138955,0.148732,-0.067556,0.141764,-0.007631,0.049106,-0.000494,0.254521,-0.325480,0.082409,0.000235,0.176169,-0.017694,-0.299600,0.273548,-0.000999,-0.032013,0.022963,-0.376535,-0.028669,0.166719,-0.007587,0.022110,0.121578,-0.007481
204,14.500000,-0.075842,-0.016724,-0.195208,0.058778,-0.067213,0.087302,-0.348994,-0.391777,0.389122,-0.165917,0.012302,-0.014391,0.041741,0.536936,0.023857,-0.000897,-0.081493,-0.337582,0.253642,0.052317,0.098768,0.000592,-0.287622,-0.039131,-0.126689,-0.038985,0.215003,-0.069734,0.155115,-0.197005,0.060537,-0.104061,-0.283236,-0.024724,0.259579,0.003860,-0.019758,0.311327,-0.029770,-0.081077,-0.583294,-0.268511,0.271291,0.040161,0.378270,-0.257958,0.184550,-0.168804,-0.184931,-0.542093,-0.291091,-0.105691,0.135270,0.008569,0.308865,0.397328,-0.302254,-0.101740,0.254066,-0.075422,-0.314319,0.132519,0.265453,0.017933,0.294045,-0.000126,0.095561,0.040679,0.052223,0.153786,0.321751,0.368530,-0.021121,-0.240335,-0.012592,0.195377,-0.003853,0.274261,0.280243,-0.054554,0.366499,0.304187,0.319652,-0.105325,0.357544,-0.286982,-0.042537,-0.344442,0.144169,-0.009110,-0.047704,0.001777,0.054634,0.061654,0.022653,0.202148,-0.085963,-0.284588,0.146844,0.251240,-0.373898,0.294341,-0.228226,0.141228,0.145892,-0.069643,0.143930,-0.007497,0.050667,0.000941,0.254993,-0.328898,0.083260,0.000749,0.178593,-0.014785,-0.296754,0.278257,-0.000952,-0.034794,0.024794,-0.376490,-0.032802,0.165886,-0.007590,0.019214,0.120763,-0.007482
205,14.520000,-0.073192,-0.016762,-0.200079,0.054760,-0.062422,0.087309,-0.348816,-0.392080,0.394394,-0.163663,0.010007,-0.014009,0.038060,0.523779,0.028509,-0.000731,-0.069447,-0.335457,0.254107,0.052418,0.098883,0.000623,-0.293703,-0.044279,-0.125089,-0.039087,0.217599,-0.066042,0.153236,-0.193337,0.061400,-0.105531,-0.287919,-0.023718,0.255083,0.002766,-0.021296,0.309797,-0.029901,-0.081662,-0.586160,-0.264518,0.268935,0.038444,0.373534,-0.260894,0.180935,-0.171734,-0.180799,-0.542746,-0.296863,-0.104265,0.132876,0.008179,0.306377,0.400904,-0.300466,-0.099525,0.253203,-0.073419,-0.315137,0.128201,0.266378,0.021627,0.296630,-0.000052,0.088170,0.038920,0.051807,0.152629,0.318830,0.367023,-0.021096,-0.240191,-0.017594,0.203557,-0.004005,0.274808,0.274605,-0.053315,0.357702,0.301607,0.321527,-0.104523,0.360700,-0.284719,-0.042220,-0.342485,0.144906,-0.009922,-0.047154,-0.001774,0.061179,0.063908,0.023880,0.198809,-0.085121,-0.284980,0.133754,0.244627,-0.372497,0.301322,-0.225817,0.142928,0.144755,-0.069268,0.141441,-0.007793,0.056224,0.001650,0.249320,-0.335453,0.080130,0.000336,0.181222,-0.014856,-0.299575,0.275523,-0.000939,-0.033696,0.025785,-0.380194,-0.032654,0.165353,-0.007156,0.019408,0.119706,-0.007135
206,14.540000,-0.075615,-0.017295,-0.187834,0.056821,-0.068164,0.085201,-0.347696,-0.386446,0.395807,-0.165080,0.009717,-0.014174,0.040529,0.531208,0.028187,-0.000703,-0.079706,-0.331674,0.254853,0.053053,0.099083,0.000608,-0.295655,-0.040795,-0.117698,-0.040642,0.211381,-0.068007,0.154661,-0.196668,0.057887,-0.107315,-0.288831,-0.024694,0.259479,0.002771,-0.019773,0.316712,-0.026361,-0.083529,-0.583962,-0.265313,0.266558,0.038958,0.376288,-0.260068,0.185672,-0.169768,-0.184249,-0.543762,-0.296416,-0.105065,0.135004,0.008301,0.303751,0.393110,-0.307651,-0.098701,0.248163,-0.074690,-0.311448,0.124646,0.267766,0.023414,0.296752,-0.000237,0.089817,0.039990,0.054294,0.151161,0.324296,0.371485,-0.020751,-0.240702,-0.013602,0.198926,-0.004039,0.273983,0.280312,-0.055585,0.366814,0.300344,0.319193,-0.103828,0.360128,-0.287807,-0.041384,-0.339152,0.143509,-0.011157,-0.048086,-0.001629,0.068041,0.068793,0.022322,0.200617,-0.082732,-0.295258,0.142643,0.251273,-0.372745,0.298211,-0.228919,0.141092,0.143571,-0.068008,0.139990,-0.008079,0.054384,0.005414,0.253735,-0.332462,0.079813,-0.000233,0.180752,-0.017805,-0.301257,0.271132,-0.001103,-0.032526,0.020571,-0.376021,-0.028657,0.163823,-0.008547,0.021142,0.117345,-0.006566
207,14.560000,-0.075468,-0.016797,-0.195219,0.055613,-0.066565,0.088530,-0.349226,-0.391125,0.389511,-0.163907,0.009556,-0.014602,0.036971,0.526622,0.032419,-0.000495,-0.076706,-0.332959,0.254313,0.053231,0.095959,0.000606,-0.294130,-0.042881,-0.116801,-0.040203,0.213610,-0.067690,0.154032,-0.191097,0.059726,-0.104243,-0.290234,-0.024391,0.257376,0.002418,-0.020495,0.314868,-0.027199,-0.082729,-0.585432,-0.264660,0.270714,0.038389,0.377332,-0.256024,0.174529,-0.167427,-0.179150,-0.545070,-0.286860,-0.103022,0.136088,0.008499,0.307659,0.405122,-0.303134,-0.100868,0.247243,-0.073255,-0.309060,0.120307,0.270722,0.025420,0.304631,-0.000115,0.087698,0.038328,0.055034,0.149999,0.323732,0.368622,-0.020436,-0.243475,-0.015954,0.198972,-0.003883,0.273364,0.277434,-0.055743,0.363265,0.297061,0.315502,-0.103025,0.358531,-0.287212,-0.042510,-0.344571,0.143679,-0.010994,-0.047165,-0.001984,0.069566,0.064772,0.023261,0.202293,-0.081744,-0.290923,0.135881,0.250216,-0.371177,0.297660,-0.226288,0.146160,0.143674,-0.067110,0.139886,-0.008016,0.054375,0.004379,0.248217,-0.332730,0.074347,-0.000416,0.181935,-0.017313,-0.296810,0.273044,-0.000459,-0.029441,0.022949,-0.379019,-0.033349,0.162982,-0.007793,0.014985,0.118782,-0.006734
208,14.580000,-0.077944,-0.016981,-0.197288,0.052959,-0.074147,0.092818,-0.352434,-0.389322,0.391920,-0.165408,0.011757,-0.014796,0.039448,0.538851,0.033749,-0.000580,-0.081226,-0.333124,0.253742,0.053578,0.091506,0.000651,-0.295824,-0.041781,-0.116887,-0.040810,0.214376,-0.068698,0.151273,-0.193164,0.058257,-0.101796,-0.285742,-0.023862,0.257674,0.002280,-0.021690,0.314207,-0.027565,-0.082237,-0.584313,-0.260227,0.271084,0.038956,0.378916,-0.258787,0.173562,-0.170830,-0.178821,-0.543268,-0.285445,-0.103409,0.136526,0.009331,0.307626,0.408333,-0.302991,-0.104287,0.246743,-0.075074,-0.306341,0.113761,0.269921,0.023649,0.292202,0.000033,0.088371,0.041779,0.058082,0.149287,0.326579,0.369767,-0.019932,-0.242450,-0.016475,0.196686,-0.003225,0.272801,0.282730,-0.055301,0.362030,0.302262,0.315930,-0.102226,0.358331,-0.292065,-0.042859,-0.337709,0.144212,-0.012018,-0.048659,-0.000580,0.077384,0.066659,0.023744,0.201721,-0.082241,-0.289129,0.148430,0.248128,-0.369486,0.293440,-0.227234,0.142495,0.143921,-0.065336,0.137200,-0.007989,0.054253,0.003110,0.258644,-0.331863,0.074062,-0.001059,0.184346,-0.016803,-0.293648,0.277760,-0.000442,-0.028414,0.019379,-0.378177,-0.037056,0.164266,-0.008211,0.014445,0.119451,-0.006247
209,14.600000,-0.071764,-0.018070,-0.198812,0.051181,-0.053868,0.080424,-0.352955,-0.385539,0.403306,-0.162274,0.009211,-0.014070,0.040120,0.510730,0.037401,-0.000392,-0.073451,-0.331308,0.258138,0.052882,0.095057,0.000676,-0.307954,-0.042507,-0.105333,-0.036828,0.212317,-0.059478,0.155109,-0.186383,0.055701,-0.101544,-0.288904,-0.023835,0.250970,0.001938,-0.019634,0.316232,-0.026102,-0.081352,-0.585953,-0.259320,0.268496,0.036917,0.380681,-0.260300,0.177181,-0.170260,-0.174747,-0.543442,-0.292833,-0.105005,0.134954,0.008029,0.309991,0.390354,-0.303114,-0.094704,0.248653,-0.071974,-0.315337,0.125711,0.268173,0.028975,0.295159,-0.000399,0.084563,0.035234,0.055213,0.147425,0.325583,0.371506,-0.020353,-0.243405,-0.017605,0.204529,-0.003500,0.267193,0.273317,-0.053693,0.364194,0.298434,0.315687,-0.105087,0.357016,-0.284860,-0.043509,-0.336767,0.145031,-0.013393,-0.048936,-0.001655,0.081365,0.070744,0.026054,0.193373,-0.079981,-0.285491,0.135434,0.253943,-0.365751,0.302318,-0.229185,0.140321,0.142891,-0.066417,0.134453,-0.008638,0.057398,0.001881,0.243976,-0.331220,0.072230,-0.002189,0.177656,-0.018564,-0.296832,0.262206,-0.001225,-0.022440,0.011373,-0.378175,-0.030611,0.162456,-0.008140,0.012452,0.117024,-0.005676
210,14.620000,-0.072061,-0.017400,-0.198042,0.051565,-0.054143,0.081601,-0.353514,-0.390442,0.403750,-0.167018,0.007542,-0.014433,0.040266,0.504057,0.041236,-0.000645,-0.077844,-0.344580,0.261557,0.052979,0.094780,0.000647,-0.307058,-0.042004,-0.104523,-0.035846,0.214617,-0.056625,0.156893,-0.186754,0.052944,-0.100541,-0.287166,-0.024626,0.247188,0.001834,-0.020087,0.315938,-0.028078,-0.082720,-0.593329,-0.259570,0.274423,0.035805,0.386788,-0.255038,0.180442,-0.170027,-0.178635,-0.537021,-0.282600,-0.103844,0.135298,0.008252,0.316015,0.394960,-0.302965,-0.090976,0.248193,-0.071308,-0.315843,0.142678,0.267001,0.026127,0.296091,-0.000732,0.090859,0.037168,0.055565,0.145103,0.328113,0.373429,-0.020569,-0.242519,-0.011978,0.198227,-0.003192,0.269397,0.279680,-0.052304,0.366517,0.299838,0.306197,-0.103105,0.360925,-0.280163,-0.046444,-0.339094,0.142843,-0.014355,-0.049438,-0.000544,0.077240,0.064505,0.025574,0.196750,-0.079390,-0.280319,0.132769,0.257807,-0.368081,0.300452,-0.232074,0.140735,0.141110,-0.066936,0.136109,-0.008642,0.056810,0.001284,0.247057,-0.325201,0.073809,-0.002295,0.179683,-0.019500,-0.295724,0.265876,-0.000510,-0.021211,0.013343,-0.382157,-0.032841,0.158070,-0.007955,0.009127,0.117881,-0.005828
211,14.640000,-0.069836,-0.017879,-0.200673,0.050133,-0.047329,0.086214,-0.355598,-0.388773,0.412187,-0.164475,0.006824,-0.014366,0.039006,0.489593,0.041983,-0.000695,-0.072905,-0.348089,0.264468,0.053960,0.098152,0.000670,-0.308291,-0.041930,-0.110469,-0.050726,0.216869,-0.052850,0.155882,-0.184505,0.054654,-0.099365,-0.282861,-0.024057,0.243280,0.001331,-0.019977,0.310733,-0.029530,-0.080177,-0.595673,-0.263566,0.273379,0.034746,0.381652,-0.253668,0.177288,-0.170772,-0.180782,-0.540907,-0.284272,-0.105865,0.132650,0.008931,0.318214,0.394649,-0.298391,-0.081123,0.247081,-0.068522,-0.320140,0.170642,0.258652,0.021609,0.299853,-0.000824,0.096509,0.036254,0.053144,0.143282,0.325061,0.372798,-0.020811,-0.246805,-0.010975,0.198650,-0.003604,0.264329,0.277946,-0.051312,0.357628,0.299029,0.307922,-0.102099,0.360810,-0.272443,-0.046582,-0.332499,0.141376,-0.014727,-0.048595,-0.002835,0.075293,0.063962,0.028203,0.193020,-0.081509,-0.273654,0.113225,0.247853,-0.366991,0.304189,-0.232364,0.137398,0.142575,-0.071693,0.136710,-0.008641,0.059959,-0.001870,0.237758,-0.324925,0.074824,-0.001968,0.178940,-0.020125,-0.294283,0.265942,0.000049,-0.020524,0.017433,-0.392174,-0.033055,0.155038,-0.007602,0.009299,0.120068,-0.006227
212,14.660000,-0.071511,-0.019003,-0.193503,0.051352,-0.052254,0.090985,-0.353865,-0.389003,0.415980,-0.161852,0.008962,-0.013579,0.041778,0.503138,0.041641,-0.000720,-0.079556,-0.353525,0.265615,0.053898,0.101933,0.000689,-0.301761,-0.037889,-0.115544,-0.052914,0.215030,-0.053354,0.150427,-0.189840,0.054476,-0.102659,-0.278719,-0.024922,0.247644,0.000735,-0.020859,0.311591,-0.029695,-0.078834,-0.599095,-0.264806,0.273725,0.034731,0.387299,-0.251100,0.187280,-0.170282,-0.185193,-0.542128,-0.284712,-0.105543,0.132331,0.009379,0.320198,0.387766,-0.299886,-0.083849,0.247531,-0.067419,-0.322619,0.186798,0.255904,0.015692,0.291230,-0.000917,0.102706,0.038165,0.054237,0.143930,0.323672,0.376141,-0.020673,-0.245442,-0.004682,0.199861,-0.004260,0.266962,0.282400,-0.050735,0.365017,0.306250,0.307757,-0.102803,0.364893,-0.268616,-0.043907,-0.328366,0.139683,-0.015180,-0.049402,-0.003448,0.066300,0.065272,0.027253,0.195635,-0.084108,-0.272994,0.109196,0.250218,-0.366623,0.301238,-0.232829,0.132352,0.141127,-0.075823,0.138166,-0.008384,0.060777,-0.006987,0.243427,-0.321130,0.079425,-0.001687,0.181720,-0.022191,-0.294551,0.266569,-0.000301,-0.022694,0.018285,-0.391450,-0.029159,0.153191,-0.006490,0.010571,0.122208,-0.006368
213,14.680000,-0.073044,-0.019109,-0.188665,0.054628,-0.053416,0.094739,-0.351540,-0.388693,0.411091,-0.158547,0.010250,-0.013464,0.040130,0.506089,0.039375,-0.000788,-0.082396,-0.350456,0.263776,0.053231,0.098140,0.000703,-0.293176,-0.037295,-0.123475,-0.056550,0.212800,-0.055359,0.152812,-0.198520,0.060533,-0.102459,-0.277965,-0.024264,0.251881,0.000231,-0.020285,0.306740,-0.029996,-0.080774,-0.595994,-0.267732,0.270624,0.034280,0.391191,-0.249285,0.189532,-0.171408,-0.187366,-0.550614,-0.287106,-0.106065,0.132210,0.009698,0.321769,0.387142,-0.301775,-0.085086,0.249317,-0.068058,-0.324006,0.191730,0.253915,0.007496,0.294209,-0.000801,0.109452,0.037922,0.055267,0.143553,0.322963,0.378624,-0.020526,-0.244265,-0.002438,0.200054,-0.004437,0.270988,0.279410,-0.050471,0.367783,0.308909,0.313700,-0.104186,0.370811,-0.271328,-0.040348,-0.331027,0.141051,-0.014984,-0.048883,-0.004872,0.066337,0.065629,0.025865,0.198639,-0.083571,-0.271566,0.118314,0.250961,-0.366380,0.303109,-0.231759,0.131825,0.140167,-0.081381,0.139183,-0.008038,0.058252,-0.007167,0.248192,-0.320879,0.084306,-0.000551,0.180217,-0.023025,-0.296476,0.269704,-0.000628,-0.028374,0.025123,-0.391281,-0.025549,0.152949,-0.006013,0.010473,0.123584,-0.006951
214,14.700000,-0.078711,-0.018331,-0.177230,0.062928,-0.067056,0.095931,-0.346515,-0.383401,0.394291,-0.157274,0.013038,-0.013819,0.037939,0.531639,0.029490,-0.000731,-0.077011,-0.332154,0.257542,0.052390,0.100318,0.000660,-0.283830,-0.035225,-0.124418,-0.064029,0.200765,-0.062481,0.154759,-0.210117,0.064717,-0.106098,-0.281241,-0.025011,0.250746,0.001065,-0.019978,0.307348,-0.028903,-0.082186,-0.590058,-0.268512,0.261476,0.034762,0.392441,-0.258760,0.198650,-0.175178,-0.191311,-0.549958,-0.302584,-0.108469,0.136021,0.010382,0.307012,0.387018,-0.305048,-0.095063,0.253960,-0.070455,-0.316701,0.187573,0.256227,0.006903,0.302088,-0.000914,0.102764,0.043074,0.059238,0.142600,0.323940,0.377607,-0.020102,-0.245755,-0.001536,0.194599,-0.004288,0.280599,0.288196,-0.053025,0.372095,0.303626,0.318584,-0.103178,0.368417,-0.278159,-0.034427,-0.335606,0.142006,-0.014766,-0.047985,-0.010484,0.068789,0.069603,0.024304,0.205053,-0.081791,-0.287135,0.133432,0.261765,-0.368659,0.300432,-0.230047,0.134760,0.137822,-0.074695,0.145769,-0.007575,0.057086,-0.003704,0.266644,-0.324254,0.091421,0.000939,0.181073,-0.021909,-0.302691,0.272140,-0.000555,-0.033316,0.028863,-0.383558,-0.014486,0.154981,-0.006430,0.019670,0.125400,-0.007355
215,14.720000,-0.080020,-0.017624,-0.178728,0.062173,-0.070018,0.095477,-0.352477,-0.391266,0.392944,-0.150924,0.012574,-0.013252,0.035245,0.533254,0.030440,-0.000214,-0.081163,-0.334058,0.252876,0.050823,0.097521,0.000655,-0.274606,-0.039586,-0.129643,-0.062219,0.207450,-0.063894,0.157733,-0.196066,0.072462,-0.106860,-0.282560,-0.024371,0.261092,-0.000122,-0.019127,0.311125,-0.029971,-0.078632,-0.589209,-0.274247,0.264835,0.033596,0.394796,-0.245097,0.188189,-0.169400,-0.182284,-0.542389,-0.285416,-0.107994,0.134832,0.010168,0.308670,0.404356,-0.302390,-0.099311,0.251191,-0.071703,-0.320145,0.177275,0.267720,0.008292,0.298950,-0.000501,0.103405,0.040430,0.059396,0.143003,0.321322,0.378509,-0.019760,-0.240739,-0.006440,0.197843,-0.003422,0.283386,0.281647,-0.052080,0.380109,0.310228,0.317125,-0.104518,0.380086,-0.280596,-0.038177,-0.342607,0.141453,-0.011703,-0.049428,-0.008717,0.066243,0.068897,0.022245,0.208977,-0.083932,-0.290153,0.135199,0.259694,-0.363931,0.294273,-0.224228,0.135759,0.137613,-0.075675,0.147687,-0.007571,0.054894,0.000685,0.258022,-0.325071,0.090721,0.000923,0.181863,-0.017656,-0.295269,0.280234,-0.000703,-0.037263,0.034436,-0.381743,-0.017032,0.156081,-0.005234,0.015452,0.123674,-0.007413
216,14.740000,-0.080464,-0.018343,-0.178295,0.061240,-0.068696,0.093440,-0.352033,-0.394724,0.394864,-0.151181,0.011215,-0.013712,0.032232,0.533431,0.030194,-0.000434,-0.079239,-0.339283,0.250567,0.051516,0.096356,0.000711,-0.278260,-0.043056,-0.130981,-0.068009,0.212081,-0.063390,0.153305,-0.196014,0.073398,-0.108308,-0.279474,-0.023951,0.261066,0.000116,-0.019431,0.311560,-0.027797,-0.078048,-0.590590,-0.268139,0.262050,0.032685,0.394112,-0.244242,0.181911,-0.168212,-0.184828,-0.542538,-0.288885,-0.109664,0.132833,0.010120,0.304765,0.410330,-0.301219,-0.096776,0.245724,-0.071715,-0.314790,0.168729,0.269014,0.008047,0.297366,-0.000350,0.099203,0.039895,0.060449,0.145544,0.317286,0.375682,-0.018935,-0.242531,-0.006757,0.200101,-0.002841,0.274681,0.275544,-0.052391,0.368001,0.310638,0.329836,-0.101854,0.379217,-0.281697,-0.039063,-0.335187,0.142094,-0.011096,-0.049704,-0.007510,0.075187,0.070588,0.021728,0.207859,-0.083646,-0.289992,0.141605,0.248308,-0.362377,0.295087,-0.219991,0.134091,0.137700,-0.073972,0.141783,-0.007857,0.054125,0.003987,0.257534,-0.334906,0.091155,-0.000292,0.183493,-0.013186,-0.292505,0.281246,-0.001400,-0.038154,0.034966,-0.382133,-0.026893,0.158622,-0.006690,0.012647,0.121860,-0.007269
217,14.760000,-0.079017,-0.019456,-0.174876,0.065184,-0.062658,0.087461,-0.351359,-0.385026,0.394487,-0.154922,0.011821,-0.013509,0.032320,0.526454,0.032070,-0.000431,-0.083365,-0.335115,0.259920,0.051587,0.103311,0.000699,-0.290749,-0.039603,-0.121602,-0.064324,0.204917,-0.062183,0.153233,-0.197769,0.069360,-0.105446,-0.279101,-0.024427,0.252504,0.001008,-0.017308,0.317194,-0.024278,-0.080550,-0.591345,-0.260110,0.257142,0.032252,0.402965,-0.248987,0.183182,-0.167423,-0.191908,-0.542946,-0.294320,-0.110244,0.134753,0.009606,0.294312,0.395429,-0.306349,-0.094042,0.244035,-0.071340,-0.311854,0.162360,0.272027,0.013155,0.303058,-0.000753,0.097369,0.042929,0.060500,0.146349,0.317826,0.376598,-0.018991,-0.245304,-0.009262,0.202115,-0.003537,0.269857,0.277473,-0.054662,0.373281,0.304670,0.332463,-0.104709,0.376272,-0.278562,-0.039297,-0.336017,0.143148,-0.011801,-0.050554,-0.007312,0.082487,0.076212,0.022950,0.205843,-0.083314,-0.293338,0.127506,0.255893,-0.363410,0.294006,-0.225446,0.131050,0.133490,-0.069601,0.138261,-0.008033,0.057353,0.002425,0.256758,-0.331367,0.091369,-0.001877,0.186845,-0.015536,-0.294317,0.272549,-0.001864,-0.035557,0.023679,-0.382379,-0.025835,0.157526,-0.006931,0.010061,0.118477,-0.006851
218,14.780000,-0.079200,-0.017767,-0.179051,0.065119,-0.063708,0.084924,-0.351696,-0.388753,0.396465,-0.157296,0.012571,-0.013876,0.031981,0.525773,0.037598,-0.000224,-0.085171,-0.337158,0.261670,0.052064,0.097673,0.000696,-0.290154,-0.040280,-0.118422,-0.058668,0.210146,-0.060706,0.154047,-0.192851,0.069262,-0.103226,-0.278656,-0.024760,0.254764,0.000801,-0.015628,0.314285,-0.025101,-0.083278,-0.593324,-0.259627,0.263168,0.030837,0.408434,-0.240550,0.170742,-0.167309,-0.188652,-0.540072,-0.281052,-0.107858,0.138932,0.009383,0.302249,0.405270,-0.304724,-0.095076,0.241636,-0.071694,-0.312458,0.156360,0.271955,0.015004,0.298211,-0.000955,0.098895,0.043181,0.061914,0.146184,0.323055,0.373983,-0.019382,-0.248515,-0.009640,0.200708,-0.003723,0.271257,0.282544,-0.054476,0.373053,0.307818,0.325040,-0.103840,0.378555,-0.278688,-0.039909,-0.335994,0.143985,-0.013184,-0.049795,-0.006620,0.089680,0.073800,0.023794,0.206387,-0.081396,-0.284438,0.124554,0.255008,-0.366354,0.287139,-0.226197,0.135446,0.129051,-0.069206,0.137211,-0.008055,0.061136,0.001321,0.257201,-0.329751,0.090420,-0.001694,0.191466,-0.015870,-0.291066,0.275452,-0.001311,-0.032122,0.030853,-0.383735,-0.036822,0.157704,-0.006283,0.003408,0.117892,-0.006978
219,14.800000,-0.079468,-0.018565,-0.185020,0.061759,-0.065275,0.089878,-0.355579,-0.391618,0.403550,-0.155357,0.012467,-0.014355,0.034519,0.526144,0.038611,-0.000426,-0.087178,-0.338762,0.259039,0.052624,0.094342,0.000742,-0.299605,-0.040067,-0.116465,-0.057361,0.207867,-0.058148,0.155280,-0.189591,0.067157,-0.103800,-0.278385,-0.024651,0.249680,0.001152,-0.016887,0.312077,-0.024347,-0.084893,-0.593378,-0.259417,0.264812,0.030727,0.407007,-0.241746,0.168178,-0.171705,-0.181960,-0.540847,-0.282413,-0.109056,0.139156,0.009619,0.312527,0.406355,-0.302711,-0.096989,0.239906,-0.072218,-0.313677,0.151097,0.266164,0.014739,0.296972,-0.000696,0.098665,0.040450,0.064042,0.145466,0.324167,0.378009,-0.019529,-0.248567,-0.010654,0.202313,-0.004060,0.269360,0.277985,-0.053979,0.374536,0.309180,0.328238,-0.103236,0.375591,-0.280568,-0.040456,-0.332610,0.144962,-0.015035,-0.050036,-0.006005,0.100277,0.077449,0.026432,0.201883,-0.081340,-0.280027,0.135663,0.258803,-0.366974,0.293862,-0.227682,0.137836,0.134211,-0.071595,0.134930,-0.008306,0.062625,-0.000101,0.259514,-0.328702,0.090467,-0.002388,0.188661,-0.016988,-0.291028,0.273646,-0.001239,-0.027448,0.029436,-0.380945,-0.041166,0.153544,-0.006201,0.003161,0.119616,-0.006623
220,14.820000,-0.083192,-0.019542,-0.176755,0.059704,-0.073978,0.097251,-0.360660,-0.390294,0.394348,-0.152618,0.017058,-0.014097,0.034998,0.540953,0.036130,-0.000264,-0.088562,-0.335327,0.259480,0.050437,0.091852,0.000739,-0.301033,-0.034609,-0.108289,-0.055142,0.203586,-0.062640,0.153594,-0.192221,0.062671,-0.101137,-0.277685,-0.024864,0.244498,0.000897,-0.018561,0.309108,-0.023777,-0.083290,-0.591746,-0.261255,0.259998,0.030079,0.408104,-0.244678,0.170053,-0.170540,-0.181264,-0.524175,-0.290164,-0.107399,0.140423,0.010971,0.308685,0.404513,-0.301527,-0.100473,0.240428,-0.073374,-0.310970,0.142925,0.266950,0.015316,0.289826,-0.000500,0.099842,0.044317,0.067338,0.145681,0.320441,0.384690,-0.019578,-0.249379,-0.008545,0.199184,-0.004002,0.270825,0.280352,-0.054359,0.379145,0.309985,0.330763,-0.106092,0.374148,-0.281529,-0.037669,-0.334481,0.143490,-0.017884,-0.049145,-0.006992,0.095045,0.075406,0.027307,0.206470,-0.085020,-0.286474,0.148924,0.264874,-0.368320,0.292136,-0.230651,0.136997,0.130453,-0.072531,0.137975,-0.007934,0.059026,-0.003765,0.264553,-0.321147,0.092993,-0.003411,0.189402,-0.024136,-0.294888,0.270669,-0.002407,-0.024507,0.021248,-0.388047,-0.034651,0.152703,-0.006036,0.001430,0.121177,-0.006167
221,14.840000,-0.080617,-0.018433,-0.179947,0.059346,-0.061101,0.089091,-0.353220,-0.388472,0.396665,-0.152711,0.014220,-0.013846,0.033148,0.528710,0.037347,-0.000172,-0.073136,-0.329512,0.261655,0.051676,0.087468,0.000760,-0.294661,-0.036729,-0.105213,-0.058392,0.202060,-0.058965,0.155715,-0.189891,0.064211,-0.100419,-0.282479,-0.023301,0.244460,0.000373,-0.018828,0.306775,-0.026464,-0.081179,-0.592937,-0.257393,0.262231,0.029063,0.397030,-0.246991,0.169274,-0.172986,-0.177822,-0.534132,-0.284102,-0.107456,0.142645,0.010260,0.308493,0.402429,-0.297457,-0.093114,0.246677,-0.069144,-0.312171,0.141353,0.262961,0.015346,0.303674,-0.000027,0.088198,0.040767,0.064858,0.145214,0.326862,0.381669,-0.019504,-0.247332,-0.011725,0.198923,-0.004185,0.274966,0.276430,-0.054178,0.364964,0.302799,0.324312,-0.103163,0.372236,-0.275170,-0.037996,-0.336963,0.143641,-0.018936,-0.048149,-0.011043,0.097442,0.071483,0.028074,0.199596,-0.079379,-0.287346,0.129681,0.260498,-0.368243,0.300085,-0.228859,0.141810,0.129234,-0.067570,0.140365,-0.007931,0.063716,-0.007269,0.257013,-0.322022,0.089651,-0.002709,0.189895,-0.028203,-0.296714,0.271024,-0.001846,-0.019389,0.029562,-0.390173,-0.031525,0.159131,-0.005841,-0.000818,0.121048,-0.005830
222,14.860000,-0.073383,-0.018943,-0.177971,0.050409,-0.047582,0.084053,-0.360057,-0.388685,0.411918,-0.153522,0.005591,-0.013433,0.034342,0.498926,0.046821,-0.000632,-0.071274,-0.339177,0.266009,0.052358,0.090213,0.000765,-0.304241,-0.038143,-0.105962,-0.069303,0.209051,-0.048442,0.158802,-0.177623,0.066704,-0.098862,-0.278718,-0.022683,0.244327,-0.000720,-0.018327,0.314147,-0.025624,-0.077214,-0.599447,-0.256476,0.262145,0.027572,0.392852,-0.237393,0.173592,-0.168747,-0.173794,-0.533974,-0.280056,-0.110260,0.139477,0.009199,0.311669,0.398113,-0.296296,-0.079201,0.244962,-0.063998,-0.321220,0.176771,0.267223,0.011446,0.301347,-0.000069,0.093568,0.033516,0.060710,0.144358,0.323561,0.383707,-0.019741,-0.246713,-0.007267,0.195728,-0.003779,0.265600,0.272996,-0.051420,0.365440,0.300853,0.315719,-0.101039,0.371674,-0.263186,-0.042557,-0.328100,0.141064,-0.019339,-0.049319,-0.008961,0.091654,0.071455,0.028604,0.194895,-0.076659,-0.280648,0.098131,0.251430,-0.359174,0.301556,-0.230811,0.130893,0.129509,-0.068932,0.136782,-0.008708,0.069680,-0.009103,0.237686,-0.318460,0.088631,-0.003580,0.183722,-0.026187,-0.288211,0.266318,-0.001742,-0.016646,0.026938,-0.389604,-0.030247,0.159844,-0.007287,-0.003022,0.120662,-0.005194
223,14.880000,-0.073672,-0.020735,-0.177245,0.049164,-0.052971,0.088946,-0.356174,-0.389396,0.420815,-0.152179,0.006284,-0.013445,0.035393,0.496188,0.049761,-0.000318,-0.069405,-0.342117,0.268506,0.053975,0.094443,0.000780,-0.307829,-0.037566,-0.107419,-0.069724,0.206794,-0.047048,0.157859,-0.191166,0.064938,-0.105670,-0.283345,-0.024193,0.244686,-0.001509,-0.019383,0.314928,-0.027424,-0.080551,-0.604752,-0.259769,0.263490,0.026759,0.402161,-0.246137,0.187963,-0.173391,-0.179517,-0.529045,-0.289520,-0.109251,0.135710,0.009553,0.316566,0.395022,-0.299272,-0.078967,0.247071,-0.065326,-0.324291,0.206098,0.261387,0.012314,0.299614,0.000094,0.094163,0.034797,0.061119,0.143211,0.327753,0.386120,-0.019576,-0.249048,-0.001290,0.199840,-0.004248,0.264295,0.275265,-0.050892,0.367157,0.305966,0.311497,-0.100308,0.381082,-0.264199,-0.041137,-0.322555,0.137959,-0.019292,-0.049379,-0.010556,0.080483,0.072430,0.029525,0.198573,-0.078874,-0.284166,0.092724,0.258908,-0.360893,0.301653,-0.232004,0.134681,0.129268,-0.075228,0.136899,-0.008518,0.067564,-0.011499,0.241016,-0.321803,0.086726,-0.003869,0.184354,-0.026204,-0.298802,0.260497,-0.001668,-0.016943,0.023091,-0.391196,-0.022759,0.154688,-0.007369,0.001403,0.122127,-0.005057
224,14.900000,-0.075480,-0.019022,-0.173057,0.051601,-0.054183,0.098026,-0.354307,-0.390100,0.412809,-0.153707,0.008976,-0.013342,0.034017,0.506720,0.050740,-0.000208,-0.076320,-0.347026,0.266753,0.052825,0.100434,0.000756,-0.298700,-0.037677,-0.115130,-0.070988,0.204356,-0.049308,0.153810,-0.196958,0.064786,-0.101272,-0.280806,-0.024800,0.248044,-0.002216,-0.019563,0.314251,-0.027799,-0.082051,-0.601936,-0.263692,0.263335,0.026789,0.409244,-0.240803,0.192745,-0.173293,-0.183603,-0.534030,-0.283802,-0.107775,0.133873,0.010080,0.317688,0.399546,-0.299607,-0.082988,0.245619,-0.066016,-0.320313,0.216998,0.260165,0.006239,0.299071,0.000313,0.099568,0.037925,0.063050,0.140781,0.329750,0.386857,-0.019493,-0.246357,0.002905,0.196472,-0.004128,0.272797,0.286501,-0.049321,0.370267,0.310423,0.309200,-0.099772,0.381806,-0.271086,-0.041878,-0.327019,0.137117,-0.017842,-0.050463,-0.011012,0.082884,0.066732,0.028455,0.202959,-0.077846,-0.275090,0.106663,0.258906,-0.362427,0.301126,-0.229797,0.132441,0.128554,-0.072972,0.138920,-0.008414,0.062229,-0.011129,0.258296,-0.313659,0.088975,-0.003432,0.184794,-0.025542,-0.295588,0.267463,-0.001149,-0.022804,0.028207,-0.392310,-0.022045,0.145418,-0.006585,0.003854,0.124725,-0.005404
225,14.920000,-0.079745,-0.020368,-0.174117,0.058605,-0.059321,0.100717,-0.355869,-0.389281,0.413842,-0.148855,0.013143,-0.012861,0.035452,0.520262,0.046809,0.000601,-0.076336,-0.342053,0.261569,0.053007,0.103398,0.000761,-0.294041,-0.037774,-0.120028,-0.081963,0.202849,-0.051619,0.153430,-0.203117,0.070247,-0.103408,-0.278567,-0.024498,0.256003,-0.002345,-0.018566,0.312442,-0.027843,-0.082844,-0.597053,-0.269837,0.261419,0.026445,0.409760,-0.244266,0.195434,-0.175163,-0.184431,-0.541716,-0.286414,-0.110176,0.130945,0.010656,0.317376,0.400982,-0.301576,-0.088194,0.246940,-0.066233,-0.323448,0.218769,0.258995,0.002537,0.297300,0.000696,0.102126,0.038176,0.064632,0.139747,0.330235,0.391254,-0.018913,-0.245619,0.002211,0.193226,-0.004451,0.273779,0.284261,-0.050516,0.378115,0.315794,0.316267,-0.100642,0.388300,-0.276038,-0.039790,-0.328932,0.136256,-0.016437,-0.049723,-0.012890,0.083569,0.071364,0.028649,0.205406,-0.080539,-0.278943,0.111962,0.261176,-0.360886,0.298266,-0.226819,0.131685,0.130346,-0.079399,0.142578,-0.008412,0.059089,-0.011504,0.261391,-0.319379,0.092181,-0.002853,0.184175,-0.023393,-0.296503,0.269676,-0.000880,-0.026644,0.030397,-0.393621,-0.019651,0.141506,-0.006313,0.009314,0.127015,-0.006110
226,14.940000,-0.079859,-0.019775,-0.167362,0.058908,-0.058872,0.100932,-0.359048,-0.392120,0.407825,-0.145449,0.013867,-0.012275,0.030888,0.519583,0.044946,0.000963,-0.073774,-0.343750,0.260864,0.050465,0.104966,0.000747,-0.288166,-0.037306,-0.124878,-0.081878,0.201224,-0.051889,0.150726,-0.198581,0.074836,-0.102495,-0.276448,-0.024195,0.250349,-0.002384,-0.019391,0.309265,-0.027637,-0.080617,-0.597776,-0.268745,0.256478,0.025178,0.412446,-0.238551,0.192666,-0.173036,-0.183453,-0.544029,-0.291508,-0.110205,0.128107,0.010674,0.308816,0.403239,-0.299331,-0.090514,0.248442,-0.066058,-0.322337,0.214190,0.262623,0.002362,0.299495,0.000774,0.101673,0.039014,0.064872,0.139404,0.318694,0.390818,-0.018303,-0.247139,0.000867,0.197138,-0.004103,0.277406,0.280670,-0.048980,0.380300,0.313167,0.321947,-0.102653,0.392160,-0.273003,-0.038373,-0.329517,0.135032,-0.016090,-0.049166,-0.015673,0.082583,0.070138,0.027855,0.209769,-0.081806,-0.279403,0.112850,0.261304,-0.358685,0.300492,-0.222887,0.128315,0.126569,-0.079818,0.143807,-0.008312,0.059083,-0.010061,0.264126,-0.318477,0.094333,-0.003171,0.185560,-0.022680,-0.293488,0.271793,-0.001083,-0.030582,0.033247,-0.394687,-0.018336,0.134972,-0.005374,0.008053,0.128099,-0.006646
227,14.960000,-0.082880,-0.019995,-0.162324,0.065403,-0.067412,0.095704,-0.351843,-0.387981,0.399752,-0.144103,0.012890,-0.012801,0.032339,0.527125,0.042973,0.001497,-0.068460,-0.329909,0.258376,0.051633,0.105422,0.000752,-0.283072,-0.038852,-0.121151,-0.090435,0.195772,-0.055317,0.155426,-0.202405,0.077408,-0.107938,-0.280604,-0.024692,0.259258,-0.002414,-0.017881,0.313058,-0.026661,-0.084096,-0.595210,-0.267080,0.252471,0.025563,0.413118,-0.243493,0.198817,-0.178318,-0.187066,-0.545237,-0.296222,-0.109364,0.131849,0.010549,0.304125,0.400749,-0.302891,-0.091701,0.248107,-0.067769,-0.322664,0.209207,0.263184,0.002237,0.310082,0.000483,0.096086,0.039746,0.066321,0.138548,0.325201,0.386431,-0.017498,-0.247762,0.000505,0.197198,-0.003961,0.280888,0.286584,-0.050534,0.381908,0.310679,0.325389,-0.100690,0.394648,-0.275122,-0.034514,-0.330493,0.133906,-0.016507,-0.048784,-0.020233,0.089333,0.076647,0.027227,0.210727,-0.079940,-0.293071,0.120987,0.269010,-0.362435,0.298914,-0.221494,0.132790,0.125289,-0.076324,0.145899,-0.008188,0.059492,-0.003930,0.267636,-0.328038,0.094088,-0.001614,0.186727,-0.022645,-0.300907,0.271423,-0.001282,-0.032354,0.037019,-0.389616,-0.013776,0.137056,-0.005640,0.013612,0.126774,-0.006727
228,14.980000,-0.088158,-0.018959,-0.153737,0.066247,-0.075073,0.099624,-0.354495,-0.389916,0.391005,-0.143972,0.013877,-0.012952,0.029111,0.544414,0.040396,0.001585,-0.079952,-0.329345,0.256897,0.051165,0.098330,0.000711,-0.271602,-0.037026,-0.127208,-0.090870,0.199721,-0.062533,0.151780,-0.200626,0.081257,-0.105992,-0.275462,-0.024744,0.261776,-0.002818,-0.016674,0.315176,-0.025378,-0.081872,-0.591014,-0.269536,0.256989,0.026090,0.411606,-0.230320,0.186118,-0.168075,-0.191557,-0.520910,-0.281155,-0.110199,0.135655,0.010768,0.299926,0.413698,-0.303217,-0.100386,0.242138,-0.068303,-0.315322,0.206810,0.273692,0.001041,0.307289,0.000522,0.097642,0.042342,0.070280,0.140229,0.325288,0.385426,-0.015944,-0.248299,-0.000555,0.192953,-0.002883,0.285399,0.289127,-0.051981,0.383547,0.314869,0.325295,-0.100679,0.394895,-0.283574,-0.034158,-0.334873,0.133060,-0.015499,-0.049678,-0.020039,0.093305,0.075669,0.023782,0.215301,-0.080885,-0.295947,0.124553,0.264955,-0.361701,0.286734,-0.218581,0.133942,0.123480,-0.070089,0.144335,-0.007925,0.057258,-0.001139,0.270022,-0.325117,0.092330,-0.001836,0.192007,-0.020579,-0.292677,0.282180,-0.000796,-0.033292,0.040386,-0.384760,-0.021382,0.138105,-0.005784,0.007099,0.125754,-0.006857
229,15.000000,-0.085946,-0.020646,-0.164841,0.066158,-0.064105,0.094885,-0.356770,-0.395274,0.401157,-0.146031,0.013196,-0.013115,0.026354,0.538302,0.042814,0.001608,-0.075455,-0.331658,0.258797,0.052407,0.099114,0.000756,-0.280380,-0.041918,-0.125335,-0.080191,0.205423,-0.057723,0.152086,-0.195211,0.085765,-0.108125,-0.273443,-0.024134,0.256060,-0.002820,-0.016735,0.313364,-0.025055,-0.079580,-0.593311,-0.265987,0.256752,0.025206,0.410448,-0.232396,0.173151,-0.170926,-0.190477,-0.522358,-0.278699,-0.113226,0.135058,0.009973,0.298723,0.417839,-0.299612,-0.095482,0.241441,-0.066853,-0.316950,0.196430,0.274130,0.003918,0.305817,0.000815,0.090252,0.039090,0.068043,0.141477,0.322791,0.383855,-0.014828,-0.249847,-0.007424,0.198669,-0.002494,0.278641,0.278615,-0.053245,0.378704,0.316367,0.327996,-0.099970,0.394846,-0.279069,-0.038752,-0.332281,0.135409,-0.015888,-0.050169,-0.020024,0.105700,0.079522,0.024726,0.210521,-0.081142,-0.288768,0.114312,0.258618,-0.358369,0.288295,-0.219067,0.135443,0.125513,-0.068914,0.140963,-0.008413,0.061958,-0.001636,0.253671,-0.332065,0.087712,-0.003320,0.191374,-0.017851,-0.289198,0.280241,-0.001237,-0.031050,0.038698,-0.383496,-0.031671,0.137688,-0.005132,-0.000837,0.123603,-0.006658
230,15.020000,-0.088091,-0.020656,-0.155691,0.063307,-0.068828,0.096236,-0.350158,-0.384774,0.398029,-0.147622,0.013027,-0.013832,0.025672,0.536571,0.045655,0.001014,-0.070750,-0.322530,0.263993,0.052937,0.094943,0.000732,-0.286121,-0.038175,-0.116982,-0.077041,0.197397,-0.059858,0.150660,-0.198481,0.081395,-0.106130,-0.280619,-0.023780,0.250452,-0.002947,-0.016715,0.314674,-0.022609,-0.087114,-0.592152,-0.263339,0.254662,0.025892,0.409721,-0.235556,0.173938,-0.175717,-0.195806,-0.525857,-0.290207,-0.112680,0.139878,0.010169,0.295567,0.410954,-0.302211,-0.093592,0.239818,-0.068535,-0.311180,0.190408,0.273913,0.007977,0.302720,0.000742,0.083535,0.042345,0.071470,0.141688,0.326956,0.384673,-0.013905,-0.251392,-0.007561,0.197611,-0.001978,0.281062,0.287807,-0.054591,0.378409,0.313644,0.326534,-0.100631,0.391665,-0.282129,-0.034508,-0.332971,0.136597,-0.017648,-0.050206,-0.024140,0.111083,0.081907,0.025779,0.209054,-0.080189,-0.294497,0.129984,0.263963,-0.367156,0.288035,-0.222036,0.136206,0.124394,-0.064424,0.136469,-0.008287,0.063264,0.002555,0.262107,-0.332767,0.085728,-0.004473,0.192798,-0.021630,-0.292617,0.275191,-0.001490,-0.026105,0.033543,-0.378414,-0.029119,0.139977,-0.006340,0.000395,0.121800,-0.006018
231,15.040000,-0.090252,-0.019346,-0.162858,0.065668,-0.075727,0.091980,-0.352930,-0.387799,0.396511,-0.144984,0.015353,-0.014325,0.026244,0.550596,0.045446,0.001094,-0.078972,-0.322472,0.268350,0.052204,0.091911,0.000785,-0.285858,-0.035859,-0.110633,-0.068066,0.196439,-0.062145,0.157350,-0.192332,0.080428,-0.100428,-0.281489,-0.024207,0.248208,-0.003101,-0.015867,0.313024,-0.022790,-0.087709,-0.589858,-0.263955,0.258844,0.026229,0.413481,-0.233517,0.165377,-0.171307,-0.188271,-0.522329,-0.276410,-0.111073,0.144762,0.009834,0.300093,0.418403,-0.302541,-0.092484,0.238108,-0.068893,-0.307422,0.180407,0.278742,0.009064,0.296506,0.000932,0.085237,0.042923,0.074173,0.141904,0.332949,0.388396,-0.013310,-0.251999,-0.009045,0.187689,-0.001439,0.278873,0.289930,-0.057212,0.380370,0.316726,0.316719,-0.101116,0.392261,-0.285519,-0.038408,-0.340941,0.138149,-0.018974,-0.050496,-0.022230,0.114165,0.079760,0.025251,0.211426,-0.079451,-0.295054,0.138020,0.269893,-0.366176,0.278959,-0.223851,0.139356,0.123767,-0.056978,0.140110,-0.008085,0.060483,0.002049,0.261028,-0.326282,0.083823,-0.005313,0.191996,-0.023982,-0.291304,0.276077,-0.001099,-0.021752,0.035487,-0.383095,-0.034153,0.145653,-0.005995,-0.005504,0.120458,-0.005836
232,15.060000,-0.089262,-0.020420,-0.166118,0.059135,-0.075619,0.094925,-0.358368,-0.385701,0.405754,-0.144923,0.013891,-0.014357,0.030675,0.548077,0.049764,0.000748,-0.072402,-0.316950,0.267442,0.052425,0.086826,0.000807,-0.292318,-0.038740,-0.106349,-0.066665,0.201146,-0.061250,0.155346,-0.191254,0.079479,-0.099721,-0.279429,-0.022955,0.248286,-0.003931,-0.017252,0.315741,-0.023194,-0.086314,-0.588745,-0.264703,0.257758,0.025768,0.410838,-0.234938,0.163722,-0.174307,-0.184302,-0.522061,-0.278898,-0.110774,0.142290,0.009326,0.303622,0.422958,-0.299078,-0.098873,0.240397,-0.067587,-0.309882,0.170683,0.277967,0.013201,0.298455,0.001100,0.083888,0.040019,0.074975,0.141805,0.333567,0.389662,-0.012560,-0.251406,-0.008059,0.187938,-0.000539,0.276580,0.287969,-0.055416,0.377811,0.312925,0.316514,-0.097231,0.385327,-0.287414,-0.040000,-0.334846,0.140216,-0.019548,-0.049543,-0.023452,0.112208,0.078604,0.028320,0.206154,-0.076477,-0.292942,0.146626,0.269538,-0.366325,0.282320,-0.225853,0.140770,0.123354,-0.056322,0.139006,-0.008301,0.059602,0.001367,0.253405,-0.328346,0.078201,-0.006200,0.187510,-0.023970,-0.287898,0.276716,-0.001024,-0.015275,0.027530,-0.378839,-0.033857,0.149276,-0.007257,-0.004602,0.122444,-0.005393
233,15.080000,-0.089926,-0.022766,-0.161619,0.057207,-0.070452,0.091205,-0.360467,-0.386338,0.402262,-0.145863,0.013391,-0.014391,0.035116,0.548080,0.050295,0.000572,-0.075918,-0.322088,0.271079,0.053068,0.090282,0.000822,-0.298928,-0.037582,-0.103392,-0.066753,0.198126,-0.060804,0.156374,-0.188453,0.073689,-0.098655,-0.277620,-0.023146,0.248959,-0.004440,-0.017496,0.320446,-0.021798,-0.085920,-0.587263,-0.266089,0.257737,0.025970,0.408762,-0.238260,0.168023,-0.173149,-0.183485,-0.524137,-0.279614,-0.110393,0.140293,0.009458,0.301278,0.419595,-0.303590,-0.093901,0.241021,-0.068320,-0.311090,0.162772,0.276454,0.015261,0.293011,0.001258,0.084319,0.040967,0.075394,0.141662,0.331463,0.394048,-0.011653,-0.250686,-0.004978,0.186019,0.000253,0.267670,0.287945,-0.056273,0.378187,0.314246,0.310247,-0.098587,0.386229,-0.283617,-0.042191,-0.335755,0.138732,-0.018512,-0.051228,-0.020793,0.108030,0.083426,0.028344,0.204637,-0.078244,-0.297886,0.137547,0.271429,-0.366454,0.286533,-0.228342,0.137534,0.125130,-0.057743,0.140554,-0.008331,0.054735,0.001697,0.248842,-0.323133,0.074933,-0.008046,0.182385,-0.025372,-0.288613,0.275599,0.000050,-0.010447,0.019447,-0.379195,-0.026275,0.147975,-0.007342,-0.002783,0.119304,-0.004768
234,15.100000,-0.090309,-0.022717,-0.165671,0.058696,-0.077511,0.096172,-0.355448,-0.389628,0.401176,-0.152422,0.013560,-0.014877,0.034703,0.552541,0.052892,0.000285,-0.073530,-0.325074,0.269376,0.052946,0.086175,0.000879,-0.297575,-0.039123,-0.104107,-0.062287,0.197930,-0.062227,0.153518,-0.191564,0.074718,-0.099881,-0.282305,-0.023947,0.246696,-0.004979,-0.018929,0.318221,-0.023176,-0.084782,-0.586644,-0.267036,0.258826,0.025598,0.412153,-0.239130,0.169933,-0.173525,-0.181818,-0.526687,-0.276460,-0.107924,0.139684,0.009928,0.307878,0.422530,-0.301664,-0.099950,0.240416,-0.070322,-0.308106,0.155457,0.277679,0.012654,0.291754,0.001613,0.085253,0.039278,0.078752,0.141124,0.336378,0.394270,-0.011015,-0.250740,-0.004619,0.184845,0.000682,0.269009,0.288542,-0.056513,0.381178,0.312667,0.305166,-0.095256,0.382976,-0.289882,-0.045607,-0.335871,0.137716,-0.017369,-0.050536,-0.019589,0.104891,0.077529,0.028217,0.204644,-0.075801,-0.292290,0.158954,0.275932,-0.368685,0.285711,-0.226779,0.143534,0.123640,-0.059235,0.140859,-0.008146,0.048289,0.001537,0.250848,-0.319754,0.071398,-0.008370,0.181729,-0.025444,-0.287335,0.277840,0.000353,-0.009282,0.018558,-0.375877,-0.027403,0.148795,-0.007930,-0.004080,0.120024,-0.004679
235,15.120000,-0.091573,-0.024288,-0.165747,0.061234,-0.078309,0.096367,-0.359469,-0.381054,0.399395,-0.154343,0.013934,-0.014760,0.037665,0.554939,0.049431,0.000114,-0.072906,-0.321100,0.268658,0.052936,0.087622,0.000870,-0.301790,-0.039507,-0.102384,-0.070061,0.194741,-0.063499,0.155314,-0.194499,0.073966,-0.098412,-0.282850,-0.023866,0.248887,-0.004542,-0.018996,0.322244,-0.022406,-0.081918,-0.583456,-0.268708,0.254948,0.025791,0.411045,-0.246562,0.178579,-0.171875,-0.181635,-0.531968,-0.284035,-0.107191,0.135456,0.010225,0.302856,0.418582,-0.304526,-0.102598,0.242259,-0.071132,-0.309062,0.147692,0.277874,0.014100,0.297195,0.001680,0.087051,0.039241,0.080000,0.138705,0.337258,0.397099,-0.010188,-0.249133,-0.003623,0.181218,0.000882,0.265471,0.289604,-0.056988,0.383353,0.307053,0.302179,-0.093983,0.380690,-0.292609,-0.047305,-0.336703,0.138000,-0.016065,-0.050941,-0.018976,0.101814,0.081051,0.028895,0.202811,-0.074941,-0.296764,0.169459,0.277050,-0.365938,0.290553,-0.228474,0.141677,0.125151,-0.060406,0.143324,-0.008130,0.043310,0.001468,0.251236,-0.320078,0.069577,-0.008660,0.177948,-0.024093,-0.287669,0.276131,0.000902,-0.009305,0.013076,-0.377005,-0.018541,0.149611,-0.008816,0.004140,0.120025,-0.004978
236,15.140000,-0.092970,-0.022951,-0.167866,0.061545,-0.077890,0.092010,-0.358473,-0.386253,0.391031,-0.155309,0.017328,-0.014518,0.037513,0.562416,0.051149,0.000245,-0.071918,-0.326893,0.269749,0.052330,0.086105,0.000827,-0.296740,-0.040458,-0.105935,-0.070852,0.197637,-0.064245,0.152907,-0.190433,0.074342,-0.094560,-0.282382,-0.023298,0.250749,-0.004384,-0.020119,0.320575,-0.023697,-0.078645,-0.584403,-0.266574,0.256891,0.025328,0.411688,-0.241044,0.175920,-0.168036,-0.181691,-0.529899,-0.278487,-0.104415,0.133278,0.010276,0.299910,0.425499,-0.302038,-0.102950,0.242795,-0.071885,-0.306595,0.138545,0.281778,0.014171,0.293807,0.001829,0.085861,0.041103,0.080844,0.137487,0.335576,0.396049,-0.009113,-0.249125,-0.007053,0.181953,0.001934,0.266194,0.292217,-0.055655,0.373285,0.307787,0.295422,-0.095900,0.380809,-0.290607,-0.046757,-0.341668,0.138144,-0.014054,-0.051326,-0.016598,0.094168,0.075008,0.027156,0.205055,-0.075192,-0.294465,0.164561,0.270188,-0.367793,0.287164,-0.226996,0.142399,0.123553,-0.059275,0.144960,-0.007709,0.041663,0.000618,0.253645,-0.319367,0.067443,-0.008530,0.182363,-0.023000,-0.287627,0.279545,0.002411,-0.009992,0.017422,-0.377934,-0.021620,0.150130,-0.007939,0.001918,0.118578,-0.005104
237,15.160000,-0.092477,-0.022608,-0.168242,0.064737,-0.079100,0.092347,-0.359217,-0.385470,0.397505,-0.155060,0.016019,-0.014206,0.036344,0.562162,0.048799,-0.000036,-0.076342,-0.328504,0.268151,0.053006,0.088118,0.000880,-0.294777,-0.041632,-0.109371,-0.076441,0.201171,-0.064867,0.148612,-0.193175,0.075885,-0.095302,-0.281907,-0.022622,0.249498,-0.004095,-0.019487,0.319643,-0.023379,-0.077260,-0.580993,-0.264216,0.256872,0.024646,0.415306,-0.240284,0.172150,-0.166995,-0.186171,-0.528303,-0.279452,-0.103585,0.131027,0.009733,0.302211,0.422376,-0.300078,-0.108126,0.241870,-0.071840,-0.303469,0.131032,0.279533,0.011950,0.290591,0.001459,0.089554,0.040840,0.082217,0.136267,0.333946,0.394324,-0.008477,-0.252367,-0.005913,0.181716,0.002504,0.267591,0.291248,-0.056014,0.378446,0.307775,0.300904,-0.095136,0.378845,-0.296322,-0.047377,-0.338378,0.140577,-0.013347,-0.051733,-0.013325,0.099072,0.072052,0.027220,0.201010,-0.073454,-0.286099,0.172595,0.267843,-0.368237,0.285942,-0.226344,0.142728,0.121008,-0.054694,0.141318,-0.007795,0.040598,0.001034,0.257091,-0.318862,0.066459,-0.008184,0.181995,-0.021504,-0.285569,0.280478,0.002297,-0.010998,0.020001,-0.374040,-0.028425,0.152083,-0.008629,0.001992,0.119902,-0.005219
238,15.180000,-0.094545,-0.022211,-0.168562,0.071140,-0.075225,0.096134,-0.358315,-0.380076,0.391546,-0.160056,0.015098,-0.014016,0.034883,0.559044,0.043807,0.000370,-0.067361,-0.328489,0.270516,0.052192,0.094770,0.000833,-0.297628,-0.040044,-0.108474,-0.080006,0.190167,-0.064223,0.146664,-0.193768,0.075583,-0.097826,-0.285677,-0.022638,0.241677,-0.002968,-0.017657,0.316552,-0.022735,-0.075937,-0.577558,-0.260875,0.259146,0.025284,0.411089,-0.244743,0.176526,-0.167006,-0.184996,-0.531799,-0.282600,-0.104928,0.134938,0.010378,0.301146,0.415241,-0.301949,-0.104648,0.243529,-0.071803,-0.297589,0.123605,0.277175,0.010433,0.289687,0.001046,0.083065,0.040457,0.083277,0.134994,0.338326,0.392534,-0.008442,-0.252161,-0.008883,0.177905,0.002276,0.261668,0.293547,-0.059956,0.368084,0.306161,0.299108,-0.098397,0.371923,-0.295868,-0.046813,-0.343464,0.140681,-0.013116,-0.051655,-0.013255,0.105260,0.070968,0.025922,0.198503,-0.073883,-0.287755,0.178725,0.274795,-0.370468,0.288131,-0.225794,0.147253,0.123409,-0.046599,0.143688,-0.007879,0.043957,-0.001129,0.256311,-0.311778,0.069215,-0.007977,0.182693,-0.024735,-0.289733,0.273277,0.000847,-0.010394,0.025121,-0.374224,-0.026796,0.150733,-0.007361,0.004570,0.119511,-0.005390
239,15.200000,-0.094956,-0.023356,-0.168431,0.066745,-0.082270,0.090489,-0.367968,-0.384436,0.396669,-0.155804,0.012967,-0.014086,0.040022,0.562081,0.046979,0.000541,-0.071194,-0.327840,0.268053,0.051616,0.088362,0.000819,-0.298445,-0.042926,-0.113926,-0.080827,0.195068,-0.067149,0.147329,-0.184343,0.076444,-0.096470,-0.285351,-0.023343,0.250459,-0.003745,-0.019875,0.319050,-0.023129,-0.076716,-0.581023,-0.266769,0.264624,0.025009,0.410341,-0.238805,0.174094,-0.167979,-0.181111,-0.531361,-0.274318,-0.101610,0.131337,0.010051,0.305551,0.427742,-0.301427,-0.112192,0.244417,-0.073743,-0.306198,0.115503,0.283605,0.012869,0.282164,0.001222,0.088257,0.039965,0.083395,0.131660,0.336404,0.395591,-0.007900,-0.248015,-0.006463,0.179286,0.002850,0.267768,0.288816,-0.057631,0.380027,0.310038,0.294617,-0.097374,0.375867,-0.294190,-0.048045,-0.346695,0.139881,-0.011529,-0.051423,-0.010060,0.095700,0.072337,0.024538,0.200925,-0.076208,-0.289844,0.162993,0.273463,-0.371856,0.289407,-0.226753,0.149538,0.124560,-0.057426,0.146447,-0.007782,0.042492,0.006463,0.242205,-0.313597,0.066864,-0.007912,0.183639,-0.023799,-0.287667,0.277379,0.000867,-0.010586,0.025506,-0.376258,-0.024320,0.149547,-0.007504,0.005681,0.120537,-0.005649
240,15.220000,-0.093124,-0.025151,-0.165984,0.065537,-0.081230,0.091841,-0.368679,-0.388072,0.399215,-0.154774,0.012510,-0.013656,0.039397,0.562068,0.045313,0.000287,-0.073999,-0.334201,0.262451,0.051324,0.092021,0.000850,-0.298749,-0.045987,-0.116172,-0.086036,0.198484,-0.065145,0.146386,-0.188100,0.072927,-0.098921,-0.283817,-0.021952,0.252975,-0.003871,-0.021411,0.318609,-0.022083,-0.075084,-0.581658,-0.268632,0.259264,0.024550,0.410864,-0.237805,0.175250,-0.167947,-0.183173,-0.536137,-0.278464,-0.102164,0.129743,0.009384,0.307759,0.430160,-0.303003,-0.114149,0.245215,-0.074196,-0.305643,0.109124,0.281589,0.011994,0.277141,0.001471,0.088497,0.041213,0.084711,0.131105,0.331724,0.393390,-0.007306,-0.245626,-0.001752,0.183736,0.002900,0.260047,0.286024,-0.055099,0.369989,0.310871,0.305249,-0.094995,0.373887,-0.294884,-0.051774,-0.340879,0.141505,-0.011515,-0.051392,-0.007720,0.098828,0.074833,0.025281,0.200871,-0.072073,-0.289878,0.176769,0.266115,-0.371812,0.295942,-0.225687,0.144757,0.123402,-0.062459,0.144490,-0.008044,0.042910,0.007831,0.248632,-0.319461,0.065075,-0.008319,0.182223,-0.023714,-0.287684,0.277520,0.000378,-0.011232,0.025318,-0.371994,-0.025370,0.149652,-0.008303,0.005024,0.119200,-0.005339
241,15.240000,-0.091068,-0.025116,-0.162555,0.065841,-0.071832,0.090582,-0.363426,-0.383257,0.393544,-0.158298,0.011189,-0.013702,0.036396,0.552462,0.046351,-0.000174,-0.078241,-0.336593,0.260666,0.051229,0.091219,0.000860,-0.298579,-0.043433,-0.116989,-0.088548,0.197116,-0.062964,0.145366,-0.183945,0.071151,-0.096624,-0.283707,-0.021759,0.246722,-0.003002,-0.019863,0.317260,-0.021378,-0.076433,-0.579426,-0.268462,0.254746,0.023476,0.413996,-0.235528,0.174460,-0.166659,-0.186557,-0.539804,-0.279902,-0.105022,0.130470,0.009708,0.304891,0.421328,-0.303399,-0.107383,0.240508,-0.074490,-0.301635,0.103044,0.280306,0.007729,0.284169,0.000940,0.089659,0.041760,0.084402,0.130222,0.329139,0.392565,-0.007790,-0.247860,-0.004176,0.188256,0.002309,0.259146,0.284765,-0.055200,0.373025,0.310039,0.311073,-0.096983,0.369570,-0.290366,-0.050383,-0.341755,0.140405,-0.011892,-0.051951,-0.005142,0.102362,0.073433,0.026155,0.200227,-0.072640,-0.286083,0.184158,0.266113,-0.369734,0.299548,-0.224041,0.140718,0.122109,-0.063570,0.137198,-0.008119,0.045174,0.005631,0.250835,-0.310753,0.066500,-0.008160,0.183289,-0.024554,-0.286503,0.274784,0.000089,-0.015421,0.025434,-0.370667,-0.026615,0.149213,-0.009014,0.000019,0.116176,-0.005064
242,15.260000,-0.094618,-0.025653,-0.159159,0.069367,-0.082218,0.095480,-0.360947,-0.384995,0.388826,-0.157760,0.013191,-0.014309,0.036158,0.558499,0.045625,-0.000215,-0.077904,-0.334429,0.255618,0.051555,0.091867,0.000811,-0.290422,-0.040766,-0.117465,-0.089795,0.192699,-0.066769,0.146237,-0.188719,0.068884,-0.098558,-0.285813,-0.022171,0.255635,-0.002259,-0.019315,0.316543,-0.020558,-0.078574,-0.576422,-0.269919,0.256689,0.023363,0.420420,-0.241238,0.174024,-0.168846,-0.180961,-0.537722,-0.280361,-0.105017,0.132574,0.009961,0.305405,0.418457,-0.306697,-0.115929,0.239608,-0.075371,-0.302560,0.097365,0.279161,0.007131,0.289615,0.000881,0.091991,0.041526,0.088179,0.128892,0.330473,0.392257,-0.008049,-0.250914,-0.002029,0.186709,0.001770,0.258980,0.286795,-0.056200,0.380708,0.311692,0.312004,-0.095678,0.370468,-0.295428,-0.047536,-0.341395,0.139997,-0.012232,-0.051534,-0.006111,0.101156,0.072090,0.026593,0.203895,-0.072517,-0.291517,0.195331,0.271132,-0.372106,0.295785,-0.222640,0.143339,0.120855,-0.065791,0.140757,-0.007934,0.046836,0.003330,0.259247,-0.316458,0.067278,-0.007315,0.188129,-0.023501,-0.288984,0.274337,-0.001039,-0.017976,0.030750,-0.373983,-0.025076,0.150613,-0.009742,0.003094,0.117970,-0.005387
243,15.280000,-0.095679,-0.024583,-0.161335,0.069099,-0.083326,0.094854,-0.364718,-0.385607,0.387124,-0.156930,0.013058,-0.014148,0.036007,0.562696,0.044892,-0.000017,-0.082213,-0.338163,0.252146,0.050860,0.093235,0.000827,-0.284937,-0.041784,-0.116811,-0.091289,0.193422,-0.067675,0.146553,-0.185888,0.068879,-0.097347,-0.284808,-0.021697,0.256478,-0.001433,-0.019265,0.316303,-0.020078,-0.076459,-0.573753,-0.270282,0.256651,0.022555,0.422174,-0.236329,0.170025,-0.167097,-0.178957,-0.539828,-0.275979,-0.104989,0.131916,0.009698,0.306465,0.422306,-0.305780,-0.117888,0.237161,-0.075707,-0.300558,0.089480,0.280263,0.006616,0.290180,0.001068,0.093925,0.040814,0.088706,0.127060,0.328354,0.391570,-0.008309,-0.251510,-0.002713,0.187658,0.001561,0.257354,0.283741,-0.055342,0.380039,0.309888,0.312377,-0.095373,0.371293,-0.296822,-0.048235,-0.344068,0.140300,-0.012217,-0.052214,-0.005464,0.105224,0.069222,0.026186,0.205634,-0.072121,-0.289453,0.195605,0.267845,-0.370288,0.295932,-0.219424,0.142206,0.120654,-0.065569,0.140946,-0.007998,0.048327,0.003067,0.261161,-0.315546,0.068504,-0.006682,0.189161,-0.022299,-0.286561,0.275866,-0.001409,-0.020820,0.034316,-0.375652,-0.028827,0.150698,-0.009786,0.002868,0.118534,-0.005931
244,15.300000,-0.094456,-0.023718,-0.167346,0.074393,-0.077051,0.093799,-0.366383,-0.391043,0.385351,-0.155790,0.012562,-0.014002,0.031630,0.561802,0.038677,0.000221,-0.078538,-0.340084,0.252236,0.050589,0.098288,0.000843,-0.290728,-0.043659,-0.111386,-0.090251,0.186978,-0.066469,0.149615,-0.185112,0.068626,-0.098774,-0.288131,-0.022279,0.250889,-0.000425,-0.020622,0.315112,-0.020716,-0.073206,-0.575249,-0.267693,0.261181,0.022835,0.419155,-0.238773,0.168871,-0.168829,-0.175442,-0.541963,-0.277198,-0.108476,0.134792,0.009101,0.304285,0.426072,-0.306665,-0.119073,0.238056,-0.074516,-0.296082,0.082547,0.279201,0.005907,0.295564,0.001220,0.085488,0.038181,0.088496,0.126167,0.332962,0.391713,-0.008338,-0.253114,-0.007566,0.185030,0.000979,0.253659,0.277766,-0.059225,0.374501,0.308537,0.312270,-0.097746,0.367247,-0.292481,-0.050126,-0.349400,0.141560,-0.011870,-0.051825,-0.006483,0.113085,0.067767,0.025071,0.203801,-0.072008,-0.293862,0.184178,0.273562,-0.369620,0.300219,-0.218833,0.149780,0.124031,-0.057862,0.144904,-0.008283,0.053541,0.002782,0.252328,-0.316145,0.071826,-0.006685,0.185743,-0.023995,-0.288305,0.267611,-0.002092,-0.019803,0.038226,-0.377053,-0.030403,0.151029,-0.008544,0.003422,0.119566,-0.006368
245,15.320000,-0.094778,-0.023993,-0.164553,0.065344,-0.077825,0.095088,-0.374270,-0.388455,0.386030,-0.155894,0.010859,-0.013350,0.036879,0.559466,0.043587,0.000778,-0.080548,-0.337250,0.251368,0.049906,0.092576,0.000816,-0.295840,-0.044306,-0.109644,-0.084041,0.191439,-0.065383,0.148746,-0.179198,0.067950,-0.097381,-0.286629,-0.022148,0.256945,-0.000695,-0.021116,0.319269,-0.021288,-0.071692,-0.580729,-0.267508,0.262099,0.022141,0.414875,-0.236674,0.166063,-0.167349,-0.175992,-0.542887,-0.274512,-0.106230,0.135562,0.009205,0.306458,0.428506,-0.304173,-0.120517,0.239771,-0.073582,-0.303200,0.076805,0.285134,0.009571,0.287575,0.001104,0.088585,0.038916,0.089359,0.124311,0.331025,0.391964,-0.008430,-0.250594,-0.008452,0.188541,0.001276,0.257600,0.275133,-0.056800,0.378268,0.308915,0.309583,-0.099437,0.367400,-0.291372,-0.049322,-0.346204,0.141189,-0.011895,-0.052313,-0.006445,0.107452,0.070259,0.025923,0.205131,-0.072973,-0.293874,0.182498,0.271267,-0.371102,0.297444,-0.221250,0.147514,0.123294,-0.064077,0.143453,-0.008372,0.057003,0.006368,0.245889,-0.316591,0.071555,-0.006735,0.189341,-0.021046,-0.285388,0.267294,-0.001365,-0.019598,0.033620,-0.376688,-0.026128,0.152570,-0.009011,0.001870,0.119049,-0.005924
246,15.340000,-0.094990,-0.027318,-0.161940,0.063661,-0.084418,0.092556,-0.369671,-0.382318,0.380585,-0.158053,0.012433,-0.013991,0.040885,0.564058,0.042955,0.000717,-0.080846,-0.328076,0.247183,0.050625,0.092556,0.000843,-0.295733,-0.044129,-0.105065,-0.080893,0.187208,-0.066290,0.153196,-0.186059,0.065424,-0.098282,-0.286354,-0.022568,0.262562,-0.000550,-0.020733,0.322968,-0.019566,-0.068641,-0.576081,-0.269497,0.254991,0.022698,0.413773,-0.242503,0.175194,-0.167009,-0.175071,-0.545497,-0.281464,-0.105101,0.135619,0.009472,0.302824,0.419245,-0.308099,-0.117604,0.239129,-0.073770,-0.303692,0.071524,0.285870,0.012672,0.286793,0.001008,0.087783,0.039909,0.091818,0.124286,0.330825,0.391206,-0.008291,-0.249013,-0.005358,0.188969,0.001192,0.251399,0.277387,-0.056422,0.383361,0.304515,0.310295,-0.097845,0.369866,-0.294481,-0.048082,-0.341133,0.141031,-0.013264,-0.051756,-0.007808,0.107014,0.075859,0.027271,0.203706,-0.069137,-0.301250,0.195275,0.273063,-0.370902,0.296988,-0.220726,0.142825,0.123897,-0.066172,0.144375,-0.008426,0.054017,0.004778,0.254438,-0.321197,0.074024,-0.007111,0.183386,-0.020284,-0.289781,0.264966,-0.002397,-0.018807,0.028273,-0.372980,-0.019068,0.154973,-0.009671,0.006326,0.116998,-0.005170
247,15.360000,-0.096285,-0.025403,-0.169885,0.064597,-0.089040,0.094138,-0.369431,-0.386671,0.377813,-0.159023,0.013610,-0.014040,0.037869,0.565141,0.043446,0.000566,-0.087295,-0.336708,0.247518,0.049562,0.090763,0.000852,-0.297262,-0.045105,-0.104726,-0.070818,0.189759,-0.068355,0.154190,-0.183723,0.064846,-0.096944,-0.287102,-0.023130,0.261564,-0.000663,-0.024178,0.324900,-0.021922,-0.067932,-0.579958,-0.267595,0.261125,0.022372,0.423364,-0.242295,0.175367,-0.166969,-0.176912,-0.540115,-0.274246,-0.101698,0.134286,0.009280,0.304880,0.432529,-0.307592,-0.134131,0.239053,-0.074806,-0.301042,0.065810,0.289182,0.012411,0.288064,0.001245,0.086443,0.040830,0.093604,0.124739,0.336589,0.392606,-0.008034,-0.246681,-0.010654,0.191882,0.001387,0.259510,0.277650,-0.056561,0.382378,0.305013,0.309124,-0.097488,0.368106,-0.293244,-0.048494,-0.351624,0.142272,-0.012130,-0.052471,-0.004469,0.100734,0.070130,0.026585,0.208018,-0.069838,-0.300067,0.190119,0.282217,-0.371569,0.298475,-0.221872,0.154488,0.121574,-0.068142,0.144132,-0.007937,0.050975,0.004798,0.254902,-0.316286,0.071132,-0.006896,0.188995,-0.021122,-0.287548,0.270743,-0.001210,-0.020374,0.024971,-0.370485,-0.023159,0.155185,-0.009149,0.002602,0.116195,-0.005345
248,15.380000,-0.096282,-0.023875,-0.171678,0.065278,-0.088078,0.091254,-0.368586,-0.386524,0.382930,-0.157598,0.014841,-0.013766,0.037674,0.567707,0.043613,0.000682,-0.086270,-0.337165,0.246886,0.049995,0.091014,0.000926,-0.297901,-0.047713,-0.104994,-0.070237,0.191948,-0.066748,0.148729,-0.182810,0.063683,-0.097982,-0.288005,-0.023131,0.258867,-0.000138,-0.022438,0.321369,-0.022249,-0.072123,-0.577497,-0.266383,0.261912,0.021507,0.419254,-0.244259,0.171939,-0.164998,-0.181827,-0.539820,-0.274779,-0.101692,0.134804,0.008784,0.306111,0.427461,-0.304462,-0.133256,0.236943,-0.074475,-0.298800,0.058832,0.284701,0.012044,0.286143,0.001054,0.085354,0.041085,0.095002,0.124031,0.333774,0.390347,-0.008140,-0.248363,-0.013276,0.191005,0.000963,0.258171,0.277558,-0.056151,0.380790,0.302926,0.316132,-0.096303,0.368209,-0.298581,-0.047441,-0.354277,0.145290,-0.012409,-0.052099,-0.003040,0.106884,0.065179,0.028010,0.205059,-0.069754,-0.294774,0.192973,0.272477,-0.372870,0.297702,-0.220528,0.154372,0.119524,-0.064292,0.142590,-0.007901,0.051716,0.005024,0.261087,-0.320571,0.070961,-0.006369,0.185467,-0.020872,-0.285058,0.268776,-0.001557,-0.019625,0.032204,-0.372409,-0.029144,0.157847,-0.009537,0.004631,0.116574,-0.005335
249,15.400000,-0.098895,-0.023888,-0.168146,0.065331,-0.091003,0.089968,-0.372148,-0.383718,0.383071,-0.158490,0.016352,-0.013537,0.039979,0.578535,0.042718,0.001128,-0.088807,-0.339354,0.247948,0.049024,0.090310,0.000861,-0.300253,-0.046183,-0.104145,-0.059544,0.192742,-0.067415,0.147234,-0.179178,0.062853,-0.097333,-0.285657,-0.023410,0.257271,0.000337,-0.022216,0.322113,-0.021469,-0.069519,-0.578371,-0.262712,0.264217,0.020751,0.417463,-0.244612,0.172331,-0.165470,-0.184335,-0.539077,-0.275661,-0.101042,0.136302,0.008809,0.307067,0.424685,-0.304147,-0.137044,0.239185,-0.074595,-0.298078,0.052503,0.288810,0.013307,0.276653,0.000241,0.086194,0.041460,0.095781,0.124183,0.330867,0.391930,-0.008280,-0.249861,-0.014617,0.192604,0.000406,0.260965,0.277589,-0.057090,0.384684,0.306294,0.318208,-0.099835,0.363725,-0.297589,-0.046560,-0.357099,0.148257,-0.013820,-0.051900,-0.002632,0.103442,0.065792,0.027168,0.205768,-0.070800,-0.293155,0.182469,0.276087,-0.374540,0.298023,-0.222332,0.153848,0.118637,-0.065616,0.141557,-0.008132,0.053532,0.005614,0.262720,-0.318121,0.071925,-0.006168,0.188081,-0.020741,-0.285355,0.265013,-0.001984,-0.018979,0.030424,-0.369747,-0.028080,0.159548,-0.009174,0.002672,0.116038,-0.005369
250,15.420000,-0.100424,-0.024793,-0.165854,0.065120,-0.093914,0.086295,-0.368306,-0.382314,0.381715,-0.155172,0.017356,-0.013857,0.041544,0.587556,0.040377,0.000733,-0.085971,-0.333862,0.244640,0.049513,0.087625,0.000898,-0.296774,-0.044658,-0.104308,-0.061340,0.192797,-0.067922,0.147411,-0.178334,0.061254,-0.101025,-0.286720,-0.023798,0.257842,0.000216,-0.022447,0.321033,-0.020299,-0.063982,-0.572739,-0.268413,0.263916,0.019192,0.414025,-0.244180,0.171832,-0.168905,-0.185190,-0.532894,-0.276764,-0.101643,0.138592,0.008489,0.305477,0.421274,-0.305400,-0.140444,0.241100,-0.074513,-0.297190,0.046411,0.286462,0.013631,0.273038,-0.000485,0.084341,0.039140,0.097471,0.123473,0.330394,0.390139,-0.008737,-0.252070,-0.013294,0.192918,0.000287,0.260812,0.278256,-0.056985,0.386297,0.307220,0.322329,-0.097026,0.364086,-0.299399,-0.042815,-0.358793,0.148808,-0.014693,-0.050794,-0.004693,0.106492,0.065797,0.028932,0.204792,-0.071130,-0.293214,0.173799,0.279768,-0.378367,0.297804,-0.220234,0.153509,0.114221,-0.067101,0.139946,-0.008110,0.053436,0.007084,0.261571,-0.318139,0.072461,-0.005322,0.182932,-0.023777,-0.287017,0.264520,-0.002466,-0.017255,0.031591,-0.368469,-0.026232,0.160931,-0.009142,0.003526,0.116836,-0.004743
251,15.440000,-0.100569,-0.025236,-0.164094,0.064396,-0.093543,0.086204,-0.371465,-0.381771,0.384975,-0.157075,0.017282,-0.013830,0.042511,0.590427,0.037848,0.000559,-0.089540,-0.335451,0.242826,0.049826,0.086437,0.000917,-0.295556,-0.043529,-0.102953,-0.061822,0.193148,-0.067872,0.147836,-0.176964,0.060483,-0.101217,-0.285907,-0.023753,0.257502,0.000102,-0.022333,0.321200,-0.019742,-0.059017,-0.572521,-0.267445,0.264690,0.017711,0.413598,-0.245996,0.171727,-0.168088,-0.185091,-0.527834,-0.274517,-0.102821,0.138805,0.008221,0.304819,0.421263,-0.305929,-0.140623,0.241762,-0.074038,-0.295120,0.040425,0.287786,0.012209,0.271847,-0.000955,0.085845,0.038835,0.097991,0.122308,0.329316,0.391293,-0.009246,-0.250818,-0.012565,0.191263,0.000252,0.260111,0.274789,-0.057207,0.389416,0.308324,0.324129,-0.096588,0.365135,-0.298802,-0.043606,-0.362362,0.150881,-0.015111,-0.051417,-0.003209,0.108312,0.065998,0.028578,0.205929,-0.069980,-0.294657,0.166859,0.280594,-0.376853,0.300509,-0.221335,0.150825,0.115143,-0.067552,0.140525,-0.008200,0.053274,0.007742,0.260030,-0.316750,0.073026,-0.005102,0.181525,-0.024541,-0.286002,0.264010,-0.002908,-0.017240,0.030119,-0.366732,-0.024545,0.163321,-0.009661,0.002476,0.116316,-0.004393
252,15.460000,-0.100590,-0.025950,-0.167529,0.065154,-0.095265,0.084304,-0.374689,-0.382342,0.384076,-0.157419,0.016924,-0.013772,0.044383,0.588909,0.037671,0.000788,-0.090185,-0.337711,0.245753,0.050658,0.087546,0.000909,-0.297641,-0.044570,-0.105728,-0.063029,0.193434,-0.067545,0.147392,-0.176774,0.060006,-0.099490,-0.285052,-0.023223,0.258849,0.000372,-0.023827,0.322134,-0.019318,-0.056372,-0.576210,-0.264204,0.266003,0.016778,0.414305,-0.253107,0.170418,-0.170185,-0.184821,-0.529494,-0.272316,-0.101699,0.135791,0.008341,0.304804,0.421250,-0.307458,-0.137043,0.241991,-0.073975,-0.294291,0.035087,0.285870,0.012685,0.267367,-0.001181,0.086108,0.038288,0.096798,0.119732,0.327859,0.392759,-0.010001,-0.248362,-0.013554,0.192174,-0.000573,0.255807,0.273307,-0.057232,0.389440,0.305170,0.325112,-0.096484,0.365068,-0.293620,-0.045679,-0.363760,0.155049,-0.014512,-0.050971,-0.001314,0.106104,0.066350,0.029070,0.206884,-0.069301,-0.299717,0.140919,0.284226,-0.377060,0.302314,-0.222364,0.152370,0.118602,-0.071769,0.143087,-0.008221,0.053920,0.006927,0.253328,-0.321117,0.070232,-0.004681,0.183891,-0.026558,-0.286302,0.263229,-0.001867,-0.015526,0.031318,-0.366456,-0.020543,0.163328,-0.009672,0.001900,0.116328,-0.004388
253,15.480000,-0.101057,-0.025888,-0.165448,0.064966,-0.098551,0.086637,-0.378336,-0.383833,0.383781,-0.159775,0.016692,-0.013472,0.045511,0.590261,0.037263,0.000802,-0.089799,-0.336374,0.244185,0.051190,0.089351,0.000921,-0.294537,-0.045154,-0.106662,-0.065451,0.191559,-0.068606,0.142669,-0.179594,0.058735,-0.103172,-0.286387,-0.023262,0.264298,0.000054,-0.025985,0.324245,-0.019137,-0.054428,-0.579293,-0.264063,0.268371,0.016288,0.419742,-0.252615,0.173934,-0.172442,-0.190149,-0.527014,-0.272262,-0.099279,0.135648,0.007581,0.305593,0.424325,-0.310550,-0.146247,0.242081,-0.074943,-0.292643,0.030597,0.283353,0.013052,0.266633,-0.001311,0.086520,0.033178,0.097840,0.117608,0.330736,0.389554,-0.010381,-0.249497,-0.009089,0.193396,-0.001226,0.258682,0.273650,-0.056932,0.394555,0.302951,0.327593,-0.095199,0.365558,-0.295689,-0.046152,-0.363456,0.156499,-0.013512,-0.050971,-0.000709,0.104058,0.066646,0.028580,0.208060,-0.069326,-0.301534,0.136104,0.284731,-0.378349,0.305983,-0.221833,0.154444,0.115505,-0.071167,0.143438,-0.008257,0.053352,0.010833,0.253448,-0.323579,0.067212,-0.004379,0.183499,-0.026397,-0.286563,0.264052,-0.001878,-0.015176,0.030482,-0.366363,-0.018510,0.164982,-0.010503,0.004723,0.117014,-0.004544
254,15.500000,-0.100833,-0.025024,-0.164325,0.065639,-0.097011,0.088152,-0.378997,-0.382420,0.383085,-0.160599,0.017038,-0.013405,0.045797,0.595814,0.036926,0.000826,-0.092178,-0.339052,0.241796,0.050773,0.089626,0.000895,-0.292303,-0.047304,-0.106004,-0.067843,0.191245,-0.069535,0.143006,-0.178479,0.058831,-0.100819,-0.286464,-0.023500,0.262298,-0.000136,-0.025904,0.321169,-0.019289,-0.052025,-0.576551,-0.263629,0.266717,0.015563,0.418226,-0.249391,0.169779,-0.170877,-0.189229,-0.528163,-0.270425,-0.099930,0.135694,0.007616,0.305221,0.429726,-0.311332,-0.146097,0.240866,-0.075935,-0.289121,0.025213,0.282921,0.014107,0.263137,-0.001426,0.087829,0.031091,0.098752,0.114915,0.327583,0.388339,-0.011454,-0.250624,-0.009772,0.193710,-0.001597,0.256821,0.273331,-0.057300,0.388022,0.304240,0.329453,-0.095140,0.364934,-0.297174,-0.046961,-0.362696,0.157035,-0.013389,-0.051138,-0.000517,0.109878,0.065601,0.028377,0.207719,-0.068209,-0.298321,0.145930,0.279640,-0.377495,0.306122,-0.221006,0.152005,0.115853,-0.069376,0.143349,-0.008352,0.054323,0.012735,0.258669,-0.323375,0.067170,-0.004091,0.183623,-0.025091,-0.283564,0.264549,-0.001728,-0.015820,0.032913,-0.366163,-0.019371,0.164698,-0.010186,0.005057,0.116310,-0.004592
255,15.520000,-0.101768,-0.026562,-0.166334,0.066630,-0.096728,0.087660,-0.377734,-0.383264,0.380288,-0.159715,0.017803,-0.013475,0.046459,0.596086,0.037304,0.000836,-0.091697,-0.339066,0.240660,0.051419,0.091599,0.000904,-0.291226,-0.047957,-0.105320,-0.071180,0.189656,-0.069949,0.141092,-0.176625,0.059405,-0.100868,-0.286010,-0.023260,0.263788,-0.000045,-0.025669,0.321418,-0.018745,-0.050012,-0.574854,-0.261228,0.267796,0.015063,0.418257,-0.252105,0.168862,-0.171565,-0.185086,-0.527136,-0.270040,-0.099020,0.134522,0.007779,0.302849,0.428568,-0.311386,-0.143650,0.239590,-0.075520,-0.290044,0.019817,0.281868,0.013953,0.263825,-0.001499,0.088516,0.026146,0.099527,0.113604,0.325448,0.387022,-0.012228,-0.250758,-0.011058,0.193829,-0.001968,0.253215,0.274729,-0.057568,0.390973,0.304503,0.332862,-0.096509,0.363503,-0.296675,-0.046219,-0.361979,0.157613,-0.013337,-0.051024,-0.000792,0.111850,0.065982,0.028622,0.206935,-0.068249,-0.300236,0.136670,0.280217,-0.377867,0.305394,-0.219794,0.153324,0.117184,-0.068171,0.142492,-0.008281,0.055447,0.010800,0.255684,-0.324689,0.066738,-0.003965,0.183300,-0.026372,-0.285983,0.262842,-0.002327,-0.014592,0.034335,-0.368440,-0.019740,0.163595,-0.009782,0.005706,0.115820,-0.004413
256,15.540000,-0.102794,-0.026596,-0.162274,0.066399,-0.100434,0.087590,-0.379988,-0.380641,0.381053,-0.159721,0.016669,-0.013467,0.049297,0.596863,0.035724,0.001235,-0.094153,-0.339776,0.238911,0.051232,0.087818,0.000965,-0.292211,-0.045713,-0.104865,-0.066896,0.189638,-0.069516,0.142880,-0.176312,0.060398,-0.103655,-0.285315,-0.023756,0.260592,0.000322,-0.026190,0.322272,-0.018201,-0.055124,-0.574969,-0.260697,0.268394,0.014114,0.416742,-0.252519,0.171111,-0.170212,-0.192188,-0.527092,-0.268624,-0.099090,0.135640,0.007314,0.303849,0.421394,-0.312822,-0.147749,0.239556,-0.075595,-0.288957,0.014527,0.283654,0.014295,0.263238,-0.001536,0.088626,0.022604,0.100505,0.112112,0.326640,0.387668,-0.012857,-0.251333,-0.011937,0.194490,-0.001803,0.251473,0.269495,-0.059142,0.397535,0.304791,0.333623,-0.094734,0.363844,-0.295808,-0.043759,-0.364296,0.157307,-0.014307,-0.050741,-0.000635,0.110477,0.067483,0.028186,0.207075,-0.068980,-0.301384,0.130254,0.287770,-0.377348,0.304087,-0.219007,0.155952,0.117182,-0.069407,0.142421,-0.008372,0.054895,0.011727,0.249928,-0.323193,0.065957,-0.003754,0.181421,-0.026574,-0.285884,0.261402,-0.001924,-0.014718,0.032812,-0.363809,-0.018023,0.162054,-0.009992,0.005283,0.115298,-0.004336
257,15.560000,-0.102402,-0.027501,-0.162057,0.066385,-0.094285,0.087519,-0.381472,-0.382320,0.379244,-0.160204,0.016858,-0.013426,0.049344,0.596280,0.034426,0.001169,-0.092260,-0.337642,0.237240,0.051443,0.089569,0.000914,-0.294933,-0.047200,-0.104015,-0.067776,0.190105,-0.069483,0.141540,-0.177827,0.060651,-0.102287,-0.285441,-0.023687,0.264259,0.000177,-0.026894,0.323659,-0.018382,-0.051015,-0.575596,-0.259986,0.268983,0.013439,0.415498,-0.252489,0.168745,-0.171487,-0.190037,-0.525705,-0.268262,-0.099846,0.136349,0.006902,0.301287,0.426794,-0.315214,-0.152352,0.241709,-0.075354,-0.290100,0.010011,0.285583,0.015146,0.262176,-0.001316,0.088693,0.021422,0.100392,0.109717,0.326331,0.387720,-0.013681,-0.250857,-0.012559,0.195258,-0.001701,0.253442,0.270369,-0.058813,0.395962,0.304663,0.331555,-0.094549,0.363425,-0.297252,-0.045414,-0.364815,0.159072,-0.014471,-0.050735,-0.000791,0.113068,0.068237,0.028041,0.207301,-0.067986,-0.303965,0.129779,0.288704,-0.378538,0.306784,-0.220763,0.154528,0.114308,-0.069209,0.145949,-0.008580,0.055270,0.011780,0.249104,-0.324216,0.064785,-0.003855,0.181592,-0.026507,-0.284753,0.261882,-0.001435,-0.013453,0.032340,-0.364434,-0.016716,0.161021,-0.010368,0.005605,0.115336,-0.004286
258,15.580000,-0.101083,-0.027110,-0.162002,0.065049,-0.088433,0.088465,-0.383025,-0.378871,0.384253,-0.163013,0.015495,-0.013051,0.049986,0.595429,0.036491,0.001203,-0.088599,-0.340125,0.236580,0.051729,0.089114,0.000915,-0.293679,-0.046770,-0.103977,-0.069976,0.193383,-0.066632,0.140651,-0.174607,0.059535,-0.103575,-0.283433,-0.023221,0.263643,0.000032,-0.025425,0.323974,-0.019315,-0.040389,-0.577000,-0.257338,0.267455,0.012829,0.413278,-0.251289,0.166519,-0.167897,-0.192134,-0.524606,-0.266596,-0.099616,0.136006,0.007100,0.298725,0.425192,-0.312329,-0.149326,0.240447,-0.072590,-0.288860,0.007403,0.285912,0.013424,0.267228,-0.001768,0.089786,0.020963,0.099188,0.107983,0.324547,0.385984,-0.014378,-0.250903,-0.013431,0.196115,-0.001636,0.253881,0.263624,-0.056895,0.388766,0.301636,0.330788,-0.093637,0.363535,-0.294254,-0.045875,-0.357220,0.159202,-0.015257,-0.050663,-0.000424,0.116258,0.067620,0.028939,0.205259,-0.066424,-0.301507,0.126279,0.278848,-0.375585,0.306024,-0.219103,0.151518,0.115299,-0.066540,0.141806,-0.008727,0.059659,0.009412,0.247141,-0.321047,0.063655,-0.003845,0.183713,-0.024876,-0.282837,0.258203,-0.001398,-0.012724,0.031745,-0.367428,-0.018509,0.163655,-0.010716,0.002160,0.113912,-0.003851
259,15.600000,-0.103756,-0.027716,-0.160320,0.065482,-0.095453,0.086762,-0.380204,-0.379356,0.381951,-0.163163,0.017685,-0.013517,0.050829,0.601203,0.035404,0.001114,-0.091071,-0.339134,0.234937,0.052565,0.085875,0.000928,-0.293971,-0.046110,-0.101747,-0.068231,0.189331,-0.069336,0.140348,-0.176588,0.058809,-0.105030,-0.286645,-0.023776,0.263053,-0.000031,-0.026765,0.322653,-0.018533,-0.045345,-0.573891,-0.257703,0.268631,0.012645,0.413491,-0.256275,0.168179,-0.170909,-0.190115,-0.526024,-0.269801,-0.099955,0.137183,0.007078,0.300599,0.425724,-0.315604,-0.152628,0.241097,-0.074665,-0.287688,0.002691,0.285288,0.014293,0.261125,-0.001828,0.089253,0.019293,0.102287,0.106148,0.326900,0.388402,-0.014871,-0.251972,-0.014312,0.197565,-0.001324,0.254920,0.268383,-0.059110,0.392874,0.304932,0.328172,-0.095713,0.363513,-0.297422,-0.043756,-0.359833,0.159129,-0.015329,-0.050993,-0.001139,0.114955,0.068243,0.028418,0.206253,-0.067795,-0.303724,0.137266,0.286181,-0.380605,0.306020,-0.220176,0.156652,0.115501,-0.067916,0.142649,-0.008515,0.057509,0.011994,0.252390,-0.322431,0.063401,-0.003812,0.182646,-0.024771,-0.285551,0.259833,-0.001598,-0.012615,0.032397,-0.360807,-0.016079,0.161266,-0.011233,0.003741,0.113233,-0.003941
260,15.620000,-0.104792,-0.027480,-0.161908,0.065821,-0.094645,0.087477,-0.381863,-0.378034,0.376201,-0.163270,0.017628,-0.013605,0.050990,0.602186,0.034678,0.001071,-0.093173,-0.339814,0.233548,0.051963,0.086528,0.000925,-0.294081,-0.046113,-0.100187,-0.068464,0.189101,-0.069798,0.140834,-0.175121,0.058588,-0.103275,-0.286774,-0.023413,0.261328,-0.000009,-0.027183,0.322970,-0.018163,-0.044003,-0.572197,-0.257017,0.268953,0.012054,0.414919,-0.255903,0.166622,-0.169198,-0.189740,-0.526379,-0.267082,-0.098927,0.137013,0.007049,0.300610,0.427591,-0.315278,-0.154286,0.240360,-0.074508,-0.287930,-0.001932,0.287825,0.013947,0.259594,-0.001748,0.090286,0.017080,0.103400,0.104930,0.326032,0.388743,-0.015508,-0.251293,-0.015051,0.196000,-0.000896,0.253078,0.266596,-0.058703,0.393818,0.304540,0.327628,-0.095305,0.362688,-0.299715,-0.044099,-0.363807,0.160226,-0.014902,-0.051136,-0.000185,0.115745,0.066966,0.027893,0.207115,-0.067351,-0.303057,0.140704,0.287437,-0.380168,0.306294,-0.220017,0.156749,0.115514,-0.067725,0.143556,-0.008443,0.056037,0.013915,0.251385,-0.320313,0.062672,-0.003750,0.182010,-0.025613,-0.283332,0.260958,-0.001189,-0.012236,0.031878,-0.361183,-0.016138,0.162032,-0.011499,0.003442,0.113280,-0.003913
261,15.640000,-0.101579,-0.027756,-0.161173,0.064537,-0.087028,0.084005,-0.379571,-0.375222,0.378005,-0.167155,0.012789,-0.013571,0.051059,0.595356,0.037038,0.001139,-0.084582,-0.333659,0.232087,0.053081,0.087453,0.000877,-0.295236,-0.050377,-0.100020,-0.066669,0.189978,-0.068902,0.143432,-0.175486,0.059536,-0.103856,-0.286706,-0.022517,0.261513,-0.000114,-0.027038,0.321475,-0.018654,-0.042163,-0.572644,-0.260570,0.267392,0.011686,0.407614,-0.253524,0.164184,-0.168681,-0.191921,-0.527384,-0.268019,-0.097478,0.136893,0.006870,0.298650,0.429685,-0.313597,-0.156077,0.241947,-0.072652,-0.286780,-0.003667,0.285905,0.014657,0.266512,-0.002337,0.087889,0.018185,0.101474,0.102870,0.325160,0.385582,-0.016020,-0.251408,-0.017660,0.199054,-0.000645,0.252205,0.264796,-0.057353,0.388788,0.302934,0.327361,-0.092926,0.363665,-0.297763,-0.045092,-0.362082,0.160148,-0.015122,-0.050286,-0.003165,0.118101,0.067081,0.030043,0.204220,-0.065789,-0.302047,0.141599,0.280825,-0.379957,0.307248,-0.218602,0.158455,0.116370,-0.068136,0.145440,-0.008893,0.059186,0.013812,0.244342,-0.322647,0.060638,-0.003279,0.184081,-0.026182,-0.285076,0.259695,-0.000888,-0.010798,0.033622,-0.361570,-0.015771,0.162636,-0.011904,0.002798,0.112158,-0.004050
262,15.660000,-0.103190,-0.028541,-0.160391,0.064073,-0.094812,0.083777,-0.380703,-0.377572,0.380932,-0.167311,0.014788,-0.013723,0.051305,0.600220,0.037048,0.001095,-0.091054,-0.338486,0.232801,0.053178,0.088828,0.000889,-0.293684,-0.048695,-0.101216,-0.062792,0.189390,-0.070514,0.142951,-0.175307,0.057837,-0.103291,-0.286419,-0.022694,0.263581,-0.000069,-0.027356,0.322958,-0.018428,-0.042830,-0.572023,-0.257033,0.268826,0.012255,0.412919,-0.256945,0.164984,-0.166928,-0.191686,-0.526538,-0.266145,-0.097470,0.137326,0.006824,0.298786,0.430054,-0.315979,-0.155352,0.240590,-0.073631,-0.285713,-0.007260,0.288014,0.013692,0.262905,-0.002433,0.089543,0.017153,0.104607,0.102033,0.325714,0.388663,-0.016259,-0.249506,-0.016420,0.195189,-0.000281,0.254519,0.266421,-0.058161,0.392145,0.302693,0.323833,-0.094063,0.362203,-0.299463,-0.045775,-0.363374,0.160645,-0.014788,-0.051287,-0.001245,0.113278,0.066050,0.028594,0.205131,-0.064753,-0.306441,0.150185,0.282497,-0.382025,0.304585,-0.220603,0.160086,0.118527,-0.066302,0.145500,-0.008634,0.058547,0.014280,0.247987,-0.321346,0.059457,-0.003626,0.185369,-0.025936,-0.284863,0.259473,-0.000401,-0.010749,0.032315,-0.360213,-0.016032,0.162708,-0.012172,0.003086,0.111152,-0.004005
263,15.680000,-0.101531,-0.028032,-0.163125,0.061923,-0.090172,0.085436,-0.377207,-0.375368,0.374106,-0.165953,0.015219,-0.013942,0.050267,0.594425,0.038325,0.001569,-0.083427,-0.333163,0.231407,0.052702,0.089354,0.000909,-0.294196,-0.050046,-0.096397,-0.068850,0.188941,-0.070208,0.143331,-0.175281,0.059043,-0.102745,-0.290583,-0.022675,0.260138,-0.000325,-0.028742,0.320840,-0.019131,-0.040310,-0.570828,-0.258506,0.267379,0.011333,0.404313,-0.257183,0.162494,-0.170223,-0.188200,-0.529128,-0.271885,-0.095803,0.136337,0.006967,0.298066,0.435047,-0.312691,-0.158871,0.241759,-0.072903,-0.286042,-0.009163,0.288167,0.015804,0.269831,-0.002548,0.084629,0.017588,0.103879,0.102108,0.326297,0.385507,-0.016444,-0.251816,-0.021936,0.199716,-0.000471,0.252957,0.266001,-0.057754,0.386053,0.300615,0.323619,-0.093624,0.362791,-0.299103,-0.043577,-0.366255,0.159339,-0.015014,-0.049881,-0.005136,0.110691,0.063583,0.030937,0.204901,-0.065946,-0.306233,0.145642,0.280603,-0.384746,0.307516,-0.218680,0.165173,0.116545,-0.066462,0.147329,-0.008752,0.061963,0.012069,0.244189,-0.326417,0.056209,-0.003615,0.185057,-0.026381,-0.287298,0.258265,0.000616,-0.010129,0.033673,-0.361826,-0.014198,0.164004,-0.012235,0.004882,0.111518,-0.004008
264,15.700000,-0.103115,-0.028475,-0.161443,0.061543,-0.094882,0.083789,-0.379473,-0.377633,0.377027,-0.165216,0.013155,-0.013742,0.052334,0.599788,0.037927,0.001405,-0.094280,-0.337334,0.232064,0.053188,0.089725,0.000936,-0.293698,-0.049282,-0.096616,-0.064922,0.187451,-0.072416,0.142921,-0.175227,0.057985,-0.103205,-0.289422,-0.023039,0.263494,-0.000229,-0.028968,0.323774,-0.018941,-0.038209,-0.570874,-0.258726,0.271506,0.011421,0.406446,-0.257250,0.163518,-0.168666,-0.186237,-0.528942,-0.267583,-0.094941,0.135983,0.006881,0.298339,0.435658,-0.316608,-0.158463,0.239891,-0.073851,-0.285843,-0.012724,0.290595,0.016338,0.264515,-0.002613,0.087856,0.016810,0.106950,0.101876,0.327477,0.389505,-0.015971,-0.249701,-0.018728,0.194711,-0.000152,0.253006,0.264864,-0.058900,0.394066,0.302066,0.319412,-0.094110,0.364217,-0.300917,-0.045345,-0.364777,0.158446,-0.014243,-0.051460,-0.002004,0.110846,0.063230,0.028796,0.205827,-0.066116,-0.309612,0.157702,0.282928,-0.384503,0.306405,-0.219243,0.166611,0.119077,-0.065461,0.147280,-0.008799,0.057476,0.017388,0.245733,-0.322440,0.054895,-0.004058,0.182931,-0.026531,-0.286847,0.259972,0.000630,-0.010461,0.032875,-0.356089,-0.012540,0.163203,-0.012722,0.006489,0.110426,-0.003953
265,15.720000,-0.102468,-0.028926,-0.163722,0.061994,-0.091219,0.086406,-0.380123,-0.376599,0.373024,-0.166966,0.013394,-0.013696,0.053724,0.600715,0.037971,0.001245,-0.094870,-0.336958,0.231508,0.053022,0.090241,0.000932,-0.295255,-0.048917,-0.098360,-0.068110,0.191120,-0.073272,0.141297,-0.176372,0.058811,-0.101795,-0.286938,-0.022951,0.263950,-0.000115,-0.028642,0.324178,-0.019049,-0.027697,-0.569717,-0.256446,0.270511,0.011139,0.405772,-0.257434,0.161322,-0.165099,-0.190538,-0.530531,-0.264171,-0.094786,0.135764,0.007211,0.300736,0.434270,-0.315274,-0.163637,0.239679,-0.073261,-0.286162,-0.015053,0.292527,0.015108,0.265519,-0.002669,0.090663,0.016200,0.106582,0.102395,0.324834,0.388749,-0.016072,-0.249496,-0.017947,0.195896,-0.000607,0.250036,0.260671,-0.058184,0.387907,0.298118,0.321820,-0.092984,0.361546,-0.303543,-0.047148,-0.362618,0.159802,-0.014204,-0.050698,0.001046,0.111421,0.061661,0.028775,0.206072,-0.064123,-0.308368,0.160620,0.278966,-0.382147,0.302908,-0.219271,0.163839,0.119528,-0.066400,0.146907,-0.008740,0.057423,0.011833,0.243994,-0.322357,0.052929,-0.004169,0.185209,-0.026623,-0.284860,0.258373,0.000324,-0.009880,0.031036,-0.359663,-0.014829,0.166254,-0.012917,0.004603,0.111241,-0.003958
266,15.740000,-0.102005,-0.029039,-0.165066,0.062131,-0.087785,0.083106,-0.379470,-0.375165,0.376142,-0.166061,0.012760,-0.013915,0.053271,0.596704,0.037975,0.000902,-0.090747,-0.338969,0.232576,0.053225,0.092696,0.000913,-0.296684,-0.050200,-0.098634,-0.072217,0.188573,-0.071960,0.142075,-0.173747,0.056153,-0.100770,-0.286506,-0.022171,0.262295,0.000167,-0.029432,0.323500,-0.019111,-0.034786,-0.568213,-0.258012,0.271080,0.010693,0.409158,-0.260393,0.162797,-0.169081,-0.188646,-0.531028,-0.268694,-0.096157,0.134678,0.006982,0.297077,0.433931,-0.313981,-0.160014,0.240748,-0.073471,-0.285901,-0.017001,0.289488,0.014846,0.262150,-0.002726,0.089446,0.017760,0.106365,0.102009,0.325087,0.385619,-0.016319,-0.249889,-0.017965,0.195990,-0.000490,0.247833,0.266048,-0.058277,0.387970,0.298864,0.322845,-0.093661,0.359481,-0.299329,-0.045423,-0.362272,0.160478,-0.013357,-0.051311,0.000189,0.109631,0.060646,0.029595,0.203884,-0.064748,-0.304394,0.154721,0.280023,-0.383699,0.305678,-0.219494,0.165294,0.119234,-0.065979,0.145305,-0.008725,0.058121,0.014166,0.243316,-0.322819,0.052461,-0.004318,0.183479,-0.027286,-0.284593,0.258639,0.000436,-0.009398,0.031025,-0.358777,-0.015458,0.165133,-0.012850,0.006268,0.110646,-0.004205
267,15.760000,-0.101919,-0.028739,-0.163932,0.063799,-0.089555,0.087538,-0.380844,-0.374413,0.373564,-0.167776,0.014067,-0.013810,0.054675,0.598460,0.037673,0.001131,-0.097527,-0.342369,0.231667,0.052891,0.091662,0.000916,-0.296117,-0.048488,-0.099128,-0.068650,0.189199,-0.072451,0.142408,-0.175756,0.055826,-0.101168,-0.286662,-0.022757,0.264140,0.000347,-0.029358,0.322353,-0.018857,-0.031136,-0.569935,-0.256859,0.272406,0.010022,0.409695,-0.258543,0.163019,-0.167807,-0.189850,-0.530941,-0.264818,-0.094903,0.135178,0.006755,0.301148,0.431635,-0.315068,-0.163890,0.240825,-0.073244,-0.286648,-0.019956,0.290893,0.013627,0.263710,-0.002989,0.093895,0.017168,0.108060,0.101761,0.325163,0.387402,-0.016661,-0.251455,-0.016885,0.196303,-0.000619,0.248348,0.260009,-0.059390,0.393774,0.300713,0.321351,-0.094687,0.361037,-0.301406,-0.046323,-0.362538,0.161354,-0.013387,-0.051431,0.001910,0.108337,0.061597,0.028302,0.203179,-0.064748,-0.302966,0.166516,0.282367,-0.383685,0.305817,-0.220747,0.166132,0.120461,-0.066961,0.144671,-0.008905,0.058466,0.011758,0.243990,-0.320828,0.053254,-0.004083,0.184884,-0.026437,-0.284472,0.257700,0.000556,-0.010279,0.032768,-0.358780,-0.015670,0.165280,-0.013122,0.005054,0.110235,-0.004452
268,15.780000,-0.102911,-0.029192,-0.164568,0.065541,-0.089100,0.087418,-0.381739,-0.375242,0.373275,-0.167321,0.014612,-0.013831,0.056056,0.600723,0.035425,0.000902,-0.098035,-0.342832,0.229917,0.052846,0.090768,0.000913,-0.296465,-0.049199,-0.099060,-0.067579,0.189746,-0.073778,0.143216,-0.175692,0.055654,-0.100951,-0.285530,-0.022773,0.265897,0.000587,-0.029698,0.321060,-0.019043,-0.026563,-0.568482,-0.258565,0.271241,0.009152,0.410065,-0.259702,0.162497,-0.167428,-0.189387,-0.532930,-0.264602,-0.095028,0.134647,0.006887,0.303323,0.430903,-0.315317,-0.165658,0.240136,-0.073270,-0.287474,-0.022762,0.289438,0.012846,0.263651,-0.003149,0.097352,0.017204,0.108977,0.100538,0.323386,0.388146,-0.017128,-0.250373,-0.015756,0.196434,-0.000718,0.248655,0.258125,-0.059166,0.393432,0.299502,0.322390,-0.094934,0.359441,-0.301300,-0.046275,-0.362109,0.161911,-0.013413,-0.051104,0.003375,0.106803,0.061625,0.028189,0.204183,-0.064515,-0.302809,0.172049,0.282324,-0.383665,0.306542,-0.220844,0.165691,0.121481,-0.069185,0.144459,-0.008878,0.057715,0.010694,0.244322,-0.320752,0.054568,-0.003766,0.185135,-0.026036,-0.284793,0.257532,0.000446,-0.011195,0.032491,-0.359740,-0.014941,0.164815,-0.013133,0.004883,0.110348,-0.004783
269,15.800000,-0.102304,-0.029337,-0.163548,0.064873,-0.083980,0.082833,-0.382841,-0.376365,0.376831,-0.169353,0.014344,-0.014013,0.055163,0.597741,0.033225,0.000610,-0.093880,-0.345763,0.228435,0.052793,0.091911,0.000913,-0.296147,-0.050379,-0.097506,-0.070639,0.188094,-0.073451,0.142110,-0.172297,0.054304,-0.103798,-0.285721,-0.022697,0.262925,0.000678,-0.031332,0.319358,-0.018966,-0.029342,-0.567547,-0.261556,0.270551,0.008364,0.407901,-0.257243,0.162309,-0.166043,-0.185887,-0.534998,-0.267832,-0.096519,0.134455,0.006921,0.301535,0.432988,-0.316166,-0.167433,0.241393,-0.073630,-0.288204,-0.023775,0.285716,0.012669,0.260955,-0.003040,0.094634,0.017731,0.109270,0.099586,0.321778,0.387639,-0.017321,-0.248740,-0.017141,0.199046,-0.001247,0.244045,0.258332,-0.057769,0.389828,0.297847,0.323574,-0.094623,0.360424,-0.297738,-0.047354,-0.361318,0.160993,-0.013378,-0.051258,0.002740,0.106111,0.063090,0.028706,0.203219,-0.065650,-0.301485,0.169720,0.277768,-0.384062,0.312440,-0.220846,0.163462,0.120525,-0.073668,0.147094,-0.009049,0.058105,0.008944,0.240952,-0.320664,0.055886,-0.004170,0.185373,-0.026618,-0.282833,0.258851,-0.000821,-0.012207,0.031033,-0.361898,-0.012769,0.163805,-0.012821,0.005008,0.109485,-0.005062
270,15.820000,-0.102688,-0.029338,-0.162874,0.066975,-0.086131,0.086540,-0.380010,-0.374656,0.369231,-0.174932,0.014470,-0.014146,0.055488,0.603594,0.031293,0.000478,-0.096463,-0.346958,0.225406,0.053009,0.088655,0.000905,-0.293704,-0.048453,-0.100461,-0.064340,0.188301,-0.074728,0.145376,-0.175833,0.055170,-0.104267,-0.283213,-0.023085,0.264533,0.001134,-0.031464,0.318586,-0.019087,-0.024493,-0.567903,-0.262282,0.270504,0.008246,0.410106,-0.258607,0.161849,-0.166598,-0.192472,-0.538075,-0.266443,-0.096578,0.135702,0.006958,0.300432,0.431379,-0.316618,-0.168454,0.240704,-0.072933,-0.286073,-0.026195,0.287626,0.010647,0.267040,-0.003418,0.096744,0.016615,0.110873,0.098933,0.322856,0.386892,-0.017724,-0.251310,-0.019695,0.198110,-0.001362,0.245852,0.254932,-0.059072,0.395288,0.300886,0.321816,-0.095189,0.361993,-0.298401,-0.047503,-0.361591,0.159992,-0.013433,-0.051294,0.002522,0.104180,0.063689,0.027478,0.204358,-0.066346,-0.300428,0.177878,0.278077,-0.383008,0.309002,-0.220713,0.165753,0.121758,-0.073192,0.146767,-0.008959,0.058466,0.007221,0.242365,-0.319849,0.058953,-0.003375,0.187494,-0.024869,-0.283002,0.259038,-0.000689,-0.015307,0.032582,-0.361163,-0.013593,0.166958,-0.013069,0.002557,0.108201,-0.005184
271,15.840000,-0.098535,-0.029027,-0.165713,0.064275,-0.074861,0.082189,-0.380519,-0.375065,0.375442,-0.171002,0.009580,-0.013932,0.052886,0.585845,0.033717,-0.000063,-0.090322,-0.346627,0.225750,0.052482,0.090335,0.000880,-0.297229,-0.052984,-0.099532,-0.072238,0.190882,-0.071705,0.143440,-0.171861,0.055461,-0.103531,-0.286268,-0.022431,0.263908,0.001100,-0.030663,0.319172,-0.018892,-0.030266,-0.568911,-0.262360,0.269527,0.007227,0.407266,-0.254895,0.157756,-0.166362,-0.187532,-0.541506,-0.269976,-0.096650,0.134610,0.006944,0.301006,0.431831,-0.315515,-0.165299,0.240203,-0.071528,-0.291783,-0.023967,0.284619,0.012355,0.266260,-0.003384,0.095437,0.019775,0.108804,0.097545,0.319349,0.384035,-0.018321,-0.250755,-0.020763,0.202866,-0.001531,0.244358,0.252837,-0.056966,0.385480,0.294291,0.322166,-0.094255,0.359131,-0.292894,-0.047563,-0.358710,0.159448,-0.013341,-0.051013,0.001139,0.103205,0.062736,0.029590,0.201845,-0.064728,-0.299512,0.167676,0.272342,-0.383089,0.316000,-0.220023,0.164498,0.121596,-0.076622,0.145686,-0.009017,0.062317,0.006982,0.235223,-0.322564,0.058805,-0.003160,0.187027,-0.025171,-0.281907,0.256007,-0.001245,-0.014410,0.033633,-0.360208,-0.011965,0.168625,-0.012873,0.003458,0.108884,-0.005262
272,15.860000,-0.103288,-0.029696,-0.163462,0.065933,-0.093654,0.086201,-0.380403,-0.377355,0.370622,-0.170850,0.013548,-0.014458,0.053890,0.599662,0.031876,0.000034,-0.100328,-0.350336,0.224758,0.052149,0.091243,0.000842,-0.293769,-0.051680,-0.099749,-0.068320,0.185683,-0.076410,0.145755,-0.178225,0.052554,-0.106029,-0.286482,-0.022295,0.267945,0.001152,-0.033013,0.319571,-0.018655,-0.030372,-0.568957,-0.264073,0.274259,0.007140,0.414455,-0.257656,0.163041,-0.168378,-0.185881,-0.539001,-0.269748,-0.094169,0.136814,0.006798,0.301914,0.436407,-0.320342,-0.170958,0.240010,-0.074558,-0.287265,-0.028695,0.286029,0.010482,0.261258,-0.003256,0.098327,0.019156,0.115313,0.098007,0.323017,0.387826,-0.017886,-0.250500,-0.020497,0.196785,-0.001203,0.245341,0.258880,-0.058926,0.393084,0.301099,0.320930,-0.095879,0.362052,-0.298887,-0.045277,-0.366329,0.158468,-0.012929,-0.052075,0.001769,0.097158,0.061847,0.026191,0.206716,-0.066291,-0.306456,0.185487,0.280597,-0.386485,0.311269,-0.221376,0.172128,0.120622,-0.076695,0.149047,-0.008778,0.059286,0.011658,0.247068,-0.324438,0.061197,-0.002747,0.187743,-0.025236,-0.285095,0.261364,-0.001020,-0.017775,0.033084,-0.356757,-0.010785,0.168809,-0.013094,0.007338,0.108792,-0.005565
273,15.880000,-0.101657,-0.029008,-0.167867,0.066444,-0.086460,0.084866,-0.379722,-0.376791,0.367037,-0.169000,0.012240,-0.014084,0.053074,0.596541,0.031204,0.000126,-0.100764,-0.346795,0.222938,0.051918,0.093765,0.000896,-0.292549,-0.053029,-0.099802,-0.074189,0.187511,-0.076010,0.143673,-0.175306,0.054268,-0.103263,-0.287607,-0.022291,0.267847,0.001547,-0.032298,0.320195,-0.018522,-0.029566,-0.567208,-0.264893,0.273803,0.006618,0.412859,-0.257638,0.161142,-0.164693,-0.187464,-0.544022,-0.265642,-0.093406,0.135121,0.006790,0.303890,0.432828,-0.316780,-0.170223,0.236822,-0.073596,-0.289551,-0.030141,0.286433,0.011417,0.263007,-0.002659,0.097163,0.018271,0.113766,0.099074,0.321291,0.386724,-0.018528,-0.248336,-0.020238,0.199670,-0.001587,0.245803,0.251230,-0.057817,0.392819,0.297298,0.326544,-0.094987,0.360367,-0.301795,-0.046758,-0.367637,0.160627,-0.011984,-0.051509,0.002821,0.100934,0.059936,0.026632,0.206008,-0.064123,-0.304369,0.187160,0.276727,-0.383256,0.311516,-0.218168,0.170017,0.122198,-0.075381,0.148303,-0.008689,0.058890,0.010972,0.243744,-0.323447,0.062011,-0.002493,0.188111,-0.026203,-0.283543,0.259855,-0.001096,-0.017424,0.035439,-0.363074,-0.011978,0.171295,-0.012745,0.007854,0.108679,-0.005688
274,15.900000,-0.100813,-0.029669,-0.166817,0.065885,-0.084601,0.085858,-0.380472,-0.377717,0.362206,-0.173744,0.014096,-0.014359,0.054296,0.597893,0.029974,0.000275,-0.099490,-0.346738,0.221766,0.051942,0.096987,0.000859,-0.292573,-0.053561,-0.098628,-0.073573,0.187774,-0.076366,0.143811,-0.176672,0.053629,-0.103389,-0.284435,-0.022888,0.267947,0.002105,-0.033069,0.320306,-0.018440,-0.023263,-0.566690,-0.267932,0.273238,0.005747,0.407893,-0.253739,0.159727,-0.165972,-0.187062,-0.540147,-0.265206,-0.094911,0.136713,0.007062,0.297385,0.436943,-0.316895,-0.175098,0.238635,-0.073294,-0.286520,-0.031054,0.285735,0.011426,0.268568,-0.002859,0.095052,0.018268,0.114083,0.100232,0.322057,0.385087,-0.018181,-0.248448,-0.022451,0.199413,-0.001793,0.240590,0.253247,-0.058458,0.389464,0.296129,0.328399,-0.094936,0.360738,-0.298842,-0.046209,-0.368172,0.158719,-0.011894,-0.051318,0.002544,0.098942,0.060002,0.028047,0.205906,-0.066266,-0.303797,0.183222,0.273893,-0.382931,0.309150,-0.217702,0.172777,0.122013,-0.076318,0.148444,-0.008913,0.060349,0.005630,0.242338,-0.323801,0.065177,-0.002338,0.188364,-0.026022,-0.282830,0.261577,-0.001132,-0.018601,0.035304,-0.363994,-0.015406,0.172178,-0.012797,0.008839,0.108251,-0.005982
275,15.920000,-0.094621,-0.028264,-0.167786,0.064454,-0.068111,0.079341,-0.380711,-0.374843,0.377752,-0.174248,0.008787,-0.013529,0.053069,0.578723,0.033221,0.000098,-0.096492,-0.351887,0.225538,0.052537,0.096402,0.000908,-0.293253,-0.055032,-0.098975,-0.075378,0.191056,-0.069471,0.144858,-0.173040,0.053997,-0.104322,-0.284271,-0.022038,0.262193,0.002614,-0.029921,0.319508,-0.018726,-0.032236,-0.571105,-0.265123,0.272773,0.003761,0.409858,-0.251146,0.156339,-0.162721,-0.189725,-0.541352,-0.264263,-0.096316,0.136171,0.006462,0.303985,0.427266,-0.315036,-0.158711,0.238815,-0.071290,-0.291712,-0.022448,0.284866,0.010425,0.269727,-0.003341,0.097665,0.021693,0.110232,0.099473,0.319195,0.382885,-0.018997,-0.248915,-0.022723,0.199849,-0.002536,0.239104,0.244159,-0.057101,0.384787,0.292837,0.329501,-0.096363,0.361415,-0.294660,-0.048046,-0.361749,0.158801,-0.012451,-0.051901,0.003877,0.102817,0.058726,0.029198,0.201446,-0.064429,-0.296624,0.174891,0.265846,-0.379382,0.312850,-0.218319,0.166362,0.121397,-0.075753,0.143025,-0.009270,0.064869,0.003247,0.235630,-0.320800,0.066770,-0.002444,0.186436,-0.025592,-0.282367,0.255210,-0.000840,-0.017049,0.035593,-0.366986,-0.018310,0.173041,-0.012630,0.004281,0.107226,-0.005644
276,15.940000,-0.093131,-0.027443,-0.168574,0.063435,-0.068320,0.080648,-0.373427,-0.371298,0.378897,-0.174031,0.007484,-0.014051,0.051815,0.571117,0.034315,0.000074,-0.087500,-0.349717,0.226223,0.053294,0.097141,0.000865,-0.293278,-0.053917,-0.099284,-0.075432,0.190670,-0.068166,0.146637,-0.175340,0.053900,-0.107574,-0.288282,-0.022548,0.256064,0.002876,-0.030254,0.315864,-0.019723,-0.044372,-0.574909,-0.266679,0.272875,0.001700,0.405906,-0.253771,0.159920,-0.167471,-0.190900,-0.541558,-0.270658,-0.095804,0.137414,0.006632,0.305873,0.424501,-0.312375,-0.154229,0.240911,-0.071316,-0.291910,-0.015379,0.280817,0.012428,0.277059,-0.003868,0.095708,0.026818,0.110546,0.098241,0.320678,0.378246,-0.020087,-0.252314,-0.022952,0.203251,-0.002993,0.245154,0.248862,-0.056581,0.382084,0.291392,0.327391,-0.095371,0.359432,-0.291265,-0.044208,-0.361300,0.157389,-0.013510,-0.050390,-0.003216,0.101217,0.055869,0.030750,0.200292,-0.064364,-0.293620,0.176432,0.268278,-0.383706,0.312866,-0.219690,0.173011,0.120018,-0.074390,0.142648,-0.009343,0.069383,0.003123,0.239401,-0.324543,0.068838,-0.001622,0.188043,-0.027414,-0.287004,0.251804,-0.000256,-0.016080,0.038045,-0.367315,-0.019048,0.171110,-0.013120,0.006276,0.108428,-0.005718
277,15.960000,-0.099131,-0.027614,-0.167430,0.065993,-0.086405,0.083724,-0.376723,-0.371673,0.371837,-0.170444,0.011004,-0.014335,0.055232,0.591816,0.029696,0.000609,-0.101178,-0.348184,0.225693,0.053243,0.095883,0.000860,-0.291039,-0.050868,-0.101532,-0.065982,0.186414,-0.075780,0.149326,-0.176883,0.052697,-0.109127,-0.286777,-0.023300,0.262324,0.003099,-0.031678,0.317842,-0.019127,-0.045244,-0.571871,-0.271597,0.275122,0.001647,0.407273,-0.255981,0.164476,-0.166499,-0.190510,-0.543360,-0.267358,-0.093906,0.138251,0.007101,0.309667,0.428741,-0.316285,-0.161136,0.239625,-0.074251,-0.289580,-0.018662,0.283421,0.012267,0.268181,-0.004159,0.100700,0.029626,0.116780,0.097194,0.325693,0.385149,-0.019848,-0.249856,-0.021297,0.197952,-0.002567,0.250683,0.253097,-0.059114,0.395686,0.298196,0.323483,-0.097353,0.360631,-0.296959,-0.042719,-0.365567,0.158030,-0.013315,-0.051168,-0.003142,0.097359,0.057830,0.028333,0.205144,-0.067157,-0.300723,0.193950,0.279481,-0.387374,0.308057,-0.222556,0.178241,0.123189,-0.076158,0.147385,-0.009083,0.062026,0.009905,0.244950,-0.321076,0.070737,-0.000905,0.188164,-0.029041,-0.288130,0.257555,-0.000147,-0.017841,0.037595,-0.362584,-0.014509,0.169923,-0.012963,0.009694,0.108090,-0.006074
278,15.980000,-0.095466,-0.028056,-0.171827,0.064321,-0.072916,0.081817,-0.379165,-0.371209,0.370415,-0.168582,0.009160,-0.014259,0.056121,0.583081,0.029115,0.000105,-0.096219,-0.345618,0.225405,0.052354,0.097486,0.000851,-0.291758,-0.054912,-0.103413,-0.072859,0.192382,-0.072379,0.148337,-0.173230,0.055517,-0.105609,-0.281151,-0.022166,0.263778,0.002664,-0.030521,0.319378,-0.019298,-0.032995,-0.572052,-0.273416,0.273896,0.001237,0.405449,-0.251590,0.161814,-0.163743,-0.189988,-0.550904,-0.262976,-0.094499,0.136479,0.006902,0.304198,0.431720,-0.313728,-0.156994,0.240065,-0.071849,-0.293296,-0.015684,0.284157,0.009584,0.266447,-0.004064,0.102993,0.029200,0.112369,0.098904,0.320334,0.382351,-0.019947,-0.246329,-0.020134,0.198766,-0.002187,0.244243,0.249494,-0.055739,0.385521,0.293677,0.328689,-0.096038,0.359217,-0.294665,-0.045437,-0.361473,0.161528,-0.013318,-0.050450,-0.000861,0.095657,0.058016,0.027087,0.203112,-0.063475,-0.301227,0.186598,0.270279,-0.379353,0.310078,-0.220328,0.168586,0.124605,-0.077363,0.147222,-0.009195,0.064161,0.007208,0.235943,-0.321233,0.071976,-0.000920,0.185789,-0.027930,-0.284063,0.257277,-0.000097,-0.016901,0.036265,-0.365568,-0.013944,0.176965,-0.012681,0.006409,0.109393,-0.005846
279,16.000000,-0.094676,-0.028699,-0.169895,0.064650,-0.079072,0.083783,-0.376901,-0.373709,0.371211,-0.171364,0.010146,-0.014397,0.055400,0.587357,0.026347,-0.000293,-0.097261,-0.349748,0.223441,0.052441,0.099799,0.000869,-0.292156,-0.053241,-0.105804,-0.073814,0.190662,-0.073586,0.145931,-0.174793,0.053815,-0.109927,-0.281274,-0.022793,0.263760,0.002700,-0.032591,0.321189,-0.020017,-0.031075,-0.572859,-0.273705,0.274301,0.000406,0.407123,-0.253531,0.164617,-0.166068,-0.190712,-0.547305,-0.265713,-0.096639,0.137480,0.007151,0.300379,0.432541,-0.313269,-0.166050,0.240685,-0.073765,-0.290146,-0.015163,0.282356,0.008074,0.268366,-0.004444,0.100494,0.029212,0.115154,0.102403,0.320534,0.381003,-0.019681,-0.246211,-0.018550,0.199878,-0.002672,0.245742,0.250375,-0.057188,0.389505,0.292266,0.331013,-0.095675,0.359904,-0.289656,-0.045291,-0.360170,0.158857,-0.012366,-0.050956,0.000079,0.089306,0.058902,0.026681,0.203745,-0.065371,-0.301580,0.190437,0.271702,-0.381141,0.309586,-0.220759,0.173137,0.124883,-0.077476,0.145495,-0.008945,0.064601,0.005756,0.238159,-0.321169,0.074053,-0.001268,0.186633,-0.027473,-0.283124,0.259942,-0.001021,-0.018413,0.034098,-0.362407,-0.015855,0.178301,-0.013238,0.005982,0.108549,-0.006081
280,16.020000,-0.094765,-0.027964,-0.170552,0.067933,-0.080145,0.087639,-0.374866,-0.371475,0.368489,-0.173247,0.013152,-0.014564,0.056038,0.593039,0.026402,-0.000028,-0.101963,-0.350566,0.224009,0.052224,0.095805,0.000842,-0.293714,-0.051743,-0.107152,-0.063663,0.187721,-0.074306,0.149891,-0.177561,0.053937,-0.110812,-0.284241,-0.022910,0.262537,0.003129,-0.031385,0.317647,-0.019975,-0.033657,-0.572514,-0.275441,0.273959,-0.000327,0.407879,-0.260693,0.162784,-0.165318,-0.193779,-0.552025,-0.267918,-0.097102,0.137005,0.007199,0.302905,0.426973,-0.315224,-0.163693,0.241714,-0.073138,-0.291182,-0.016311,0.285401,0.008870,0.268834,-0.004384,0.101076,0.030646,0.117819,0.103227,0.322548,0.384382,-0.020229,-0.246275,-0.023509,0.198720,-0.002743,0.245520,0.244491,-0.059454,0.390886,0.295772,0.328326,-0.097922,0.362263,-0.293813,-0.044226,-0.362585,0.159257,-0.011986,-0.051526,0.001124,0.089877,0.059975,0.025694,0.202774,-0.066190,-0.299910,0.203072,0.273059,-0.381958,0.308541,-0.222705,0.175258,0.126014,-0.077547,0.146492,-0.008794,0.063773,0.002845,0.240654,-0.322511,0.076206,-0.001361,0.188562,-0.024943,-0.284224,0.260308,-0.000850,-0.020524,0.035706,-0.363373,-0.013544,0.178905,-0.012785,0.006077,0.106849,-0.006115
281,16.040000,-0.094835,-0.027877,-0.170603,0.067578,-0.080325,0.088085,-0.373914,-0.372966,0.364092,-0.175361,0.011176,-0.014983,0.055239,0.590063,0.024991,-0.000429,-0.098269,-0.345227,0.221671,0.052098,0.097236,0.000790,-0.291176,-0.052935,-0.106057,-0.066828,0.188002,-0.076454,0.147356,-0.177955,0.053055,-0.109258,-0.284712,-0.022280,0.267371,0.003045,-0.031667,0.318558,-0.019243,-0.030395,-0.570021,-0.279534,0.274175,-0.000362,0.406201,-0.258558,0.159566,-0.166012,-0.192240,-0.553602,-0.267819,-0.095910,0.136790,0.007632,0.301161,0.433469,-0.312691,-0.169309,0.240073,-0.073006,-0.291691,-0.017375,0.284108,0.010524,0.270404,-0.004206,0.099460,0.031317,0.118990,0.104114,0.321339,0.379849,-0.020137,-0.246511,-0.021845,0.199591,-0.002059,0.246520,0.249243,-0.058437,0.387331,0.291562,0.327477,-0.095524,0.358464,-0.293850,-0.043794,-0.360680,0.159187,-0.011413,-0.050832,0.001305,0.085715,0.058498,0.025622,0.203012,-0.065765,-0.300480,0.199714,0.269301,-0.382432,0.309675,-0.221203,0.176679,0.126123,-0.077025,0.146557,-0.008717,0.063668,0.003564,0.241461,-0.326031,0.076193,-0.001294,0.191398,-0.025009,-0.284022,0.262896,-0.001536,-0.020342,0.036390,-0.362143,-0.014343,0.181917,-0.013308,0.007229,0.107873,-0.006461
282,16.060000,-0.094708,-0.027713,-0.171522,0.066841,-0.081295,0.086026,-0.373206,-0.373190,0.366149,-0.176740,0.011325,-0.015013,0.055909,0.588570,0.024186,-0.000399,-0.102292,-0.347470,0.222838,0.052403,0.094457,0.000800,-0.290338,-0.052836,-0.105733,-0.063481,0.187600,-0.076515,0.148345,-0.177387,0.052336,-0.109962,-0.284605,-0.022418,0.264676,0.003716,-0.031474,0.318296,-0.019379,-0.031880,-0.570072,-0.281021,0.275706,-0.000650,0.406612,-0.257595,0.157802,-0.164706,-0.191219,-0.555264,-0.266804,-0.095391,0.138146,0.007476,0.301202,0.430902,-0.314293,-0.166064,0.240559,-0.073312,-0.290060,-0.018503,0.284049,0.011876,0.271907,-0.003883,0.099209,0.031414,0.119824,0.104567,0.321619,0.380978,-0.020238,-0.245435,-0.024666,0.198191,-0.002012,0.244745,0.244870,-0.059226,0.387652,0.290308,0.326098,-0.095832,0.359707,-0.295373,-0.044014,-0.361209,0.159129,-0.011004,-0.051294,0.003253,0.085054,0.058526,0.026203,0.202761,-0.066228,-0.299919,0.206798,0.269425,-0.383011,0.307796,-0.221338,0.178346,0.127401,-0.076063,0.145927,-0.008648,0.061945,0.003287,0.244384,-0.324764,0.076879,-0.001201,0.188206,-0.025062,-0.283579,0.263938,-0.001100,-0.020811,0.034573,-0.359211,-0.015612,0.183842,-0.013156,0.007173,0.107112,-0.006541
283,16.080000,-0.094096,-0.027407,-0.173332,0.066404,-0.083542,0.085836,-0.375259,-0.375698,0.369912,-0.176851,0.009761,-0.015062,0.057530,0.586224,0.023338,-0.000378,-0.101851,-0.348076,0.222742,0.052062,0.093819,0.000799,-0.293545,-0.054739,-0.103123,-0.063453,0.186503,-0.078462,0.148182,-0.175948,0.050305,-0.109704,-0.287289,-0.022311,0.264531,0.004006,-0.033184,0.318987,-0.019232,-0.033882,-0.570974,-0.282315,0.277636,-0.000418,0.406522,-0.259111,0.159457,-0.165323,-0.186539,-0.551782,-0.267519,-0.093630,0.137865,0.007649,0.306059,0.435040,-0.313869,-0.170393,0.238899,-0.074698,-0.291244,-0.019793,0.283830,0.013771,0.265878,-0.003478,0.098108,0.031655,0.121811,0.104558,0.323543,0.382300,-0.020386,-0.243571,-0.025121,0.199322,-0.002263,0.243976,0.247479,-0.058645,0.386808,0.291476,0.326254,-0.096702,0.358543,-0.296688,-0.044276,-0.361745,0.159628,-0.010718,-0.051532,0.005685,0.081460,0.058523,0.025567,0.203218,-0.067687,-0.302105,0.207162,0.270810,-0.384200,0.308959,-0.221162,0.182563,0.127878,-0.078116,0.147517,-0.008654,0.059405,0.008119,0.241323,-0.326702,0.075176,-0.001526,0.189186,-0.025256,-0.286186,0.264313,-0.001373,-0.020547,0.032217,-0.360889,-0.012707,0.183412,-0.013211,0.009081,0.106809,-0.006826
284,16.100000,-0.092668,-0.027750,-0.174492,0.065501,-0.080733,0.089350,-0.372705,-0.375479,0.363164,-0.176467,0.011389,-0.015167,0.056476,0.589292,0.022460,-0.000660,-0.100692,-0.346444,0.221278,0.051987,0.097145,0.000764,-0.292722,-0.053287,-0.102318,-0.057986,0.186615,-0.078482,0.148415,-0.177333,0.049158,-0.110090,-0.287727,-0.022597,0.266897,0.004273,-0.034573,0.318865,-0.019713,-0.030492,-0.571314,-0.286243,0.277727,-0.000298,0.403902,-0.257492,0.158850,-0.164975,-0.192373,-0.552983,-0.269241,-0.092829,0.138885,0.007318,0.300976,0.433588,-0.311746,-0.172425,0.240248,-0.074229,-0.290580,-0.020849,0.282851,0.015182,0.271652,-0.003537,0.095560,0.030063,0.121399,0.105861,0.322628,0.378297,-0.020300,-0.245809,-0.024987,0.200039,-0.002452,0.243492,0.246560,-0.058764,0.386778,0.289161,0.328731,-0.095304,0.356936,-0.295089,-0.044397,-0.364356,0.158939,-0.010126,-0.050784,0.004762,0.078807,0.057093,0.026449,0.202295,-0.067831,-0.300851,0.213272,0.269882,-0.384601,0.310832,-0.221382,0.182461,0.128132,-0.076470,0.148942,-0.008642,0.059388,0.005680,0.241873,-0.326993,0.075479,-0.001140,0.188555,-0.025946,-0.284942,0.265095,-0.001188,-0.020011,0.031918,-0.360491,-0.014237,0.186618,-0.013575,0.009758,0.107144,-0.006971
285,16.120000,-0.092148,-0.028052,-0.175379,0.065666,-0.080336,0.088104,-0.371585,-0.375562,0.364872,-0.177579,0.011302,-0.015156,0.056704,0.589014,0.022738,-0.000716,-0.103322,-0.347102,0.222310,0.052266,0.096980,0.000753,-0.291952,-0.053793,-0.102188,-0.055737,0.186512,-0.079218,0.149060,-0.178905,0.048749,-0.110025,-0.288209,-0.022687,0.270549,0.004570,-0.034276,0.320264,-0.019713,-0.029199,-0.569771,-0.287423,0.278527,0.000024,0.402803,-0.257146,0.160741,-0.164547,-0.191326,-0.553797,-0.268461,-0.092723,0.138502,0.007336,0.301544,0.432112,-0.311618,-0.171274,0.239352,-0.074724,-0.290648,-0.021870,0.283180,0.015455,0.269656,-0.003557,0.096423,0.030028,0.122520,0.106748,0.323635,0.380214,-0.020086,-0.244188,-0.025795,0.198214,-0.002692,0.243007,0.247005,-0.059083,0.386338,0.289684,0.328205,-0.095648,0.355750,-0.295825,-0.045820,-0.364059,0.158777,-0.009771,-0.051124,0.006169,0.076819,0.055881,0.025772,0.201182,-0.067760,-0.302803,0.217139,0.269280,-0.385321,0.309924,-0.221655,0.183905,0.129648,-0.075118,0.148343,-0.008545,0.058082,0.005051,0.240408,-0.326971,0.076061,-0.001052,0.186875,-0.026392,-0.285169,0.264792,-0.000844,-0.020041,0.031385,-0.360115,-0.014319,0.189058,-0.013799,0.010986,0.106709,-0.006867
286,16.140000,-0.088284,-0.026735,-0.177907,0.064310,-0.071132,0.084023,-0.371422,-0.372381,0.369971,-0.180192,0.007597,-0.014815,0.057185,0.579213,0.023766,-0.000660,-0.100995,-0.350476,0.223708,0.052757,0.097527,0.000763,-0.293576,-0.053701,-0.103741,-0.057829,0.191350,-0.075461,0.150752,-0.176879,0.051138,-0.108434,-0.287042,-0.022232,0.264946,0.005072,-0.033133,0.319645,-0.020389,-0.034972,-0.572030,-0.285986,0.277419,-0.001191,0.402344,-0.260339,0.159082,-0.160772,-0.193947,-0.554428,-0.268218,-0.094454,0.136429,0.007090,0.302857,0.425341,-0.309144,-0.164287,0.240328,-0.072730,-0.292252,-0.018503,0.282223,0.016526,0.271786,-0.003754,0.097997,0.031107,0.120183,0.106034,0.322673,0.378363,-0.021388,-0.245713,-0.027461,0.199226,-0.002609,0.241094,0.241642,-0.058685,0.385411,0.285819,0.326507,-0.095362,0.354377,-0.295655,-0.045630,-0.361297,0.161140,-0.010176,-0.050770,0.008257,0.075247,0.054227,0.025558,0.199278,-0.065948,-0.295319,0.203019,0.265059,-0.381851,0.306318,-0.222222,0.180352,0.128780,-0.073084,0.145469,-0.008706,0.059346,0.004211,0.236616,-0.324959,0.075808,-0.000990,0.185630,-0.023491,-0.284661,0.262334,-0.000295,-0.019623,0.030343,-0.362709,-0.017778,0.189565,-0.014121,0.008934,0.105117,-0.006629
287,16.160000,-0.090600,-0.027235,-0.177095,0.063851,-0.083521,0.086512,-0.369021,-0.371401,0.369188,-0.181259,0.009694,-0.015610,0.058807,0.586242,0.020975,-0.000908,-0.100600,-0.346553,0.223697,0.052977,0.097448,0.000729,-0.290641,-0.054287,-0.103882,-0.061096,0.187716,-0.080062,0.148450,-0.181728,0.048530,-0.111671,-0.287073,-0.022673,0.265381,0.004790,-0.034331,0.317728,-0.019867,-0.037035,-0.569077,-0.290651,0.279501,-0.000639,0.402971,-0.260386,0.162577,-0.165593,-0.193959,-0.551911,-0.270357,-0.092641,0.140624,0.007341,0.302103,0.430721,-0.309980,-0.169570,0.239511,-0.076408,-0.288820,-0.020924,0.279187,0.014580,0.263440,-0.003784,0.097388,0.034661,0.125210,0.106172,0.325130,0.376501,-0.021520,-0.244733,-0.024850,0.198996,-0.002097,0.243490,0.254196,-0.058985,0.382542,0.291302,0.326779,-0.094575,0.353021,-0.296950,-0.043225,-0.360903,0.160316,-0.010015,-0.050904,0.007644,0.075936,0.054172,0.025435,0.199058,-0.067026,-0.296961,0.231183,0.268803,-0.388844,0.306789,-0.223547,0.184545,0.126742,-0.073140,0.148065,-0.008611,0.057751,0.007104,0.246149,-0.325982,0.077361,-0.000604,0.186838,-0.025672,-0.286658,0.267894,-0.001016,-0.020224,0.031229,-0.356671,-0.018380,0.189803,-0.014620,0.014155,0.107354,-0.007016
288,16.180000,-0.086406,-0.026628,-0.181932,0.064181,-0.071510,0.084353,-0.372456,-0.370950,0.373477,-0.178842,0.006850,-0.015035,0.058965,0.577785,0.021770,-0.000822,-0.099885,-0.350378,0.223114,0.051963,0.097639,0.000735,-0.295135,-0.056414,-0.105429,-0.055431,0.191445,-0.076543,0.149842,-0.174618,0.048424,-0.110640,-0.288241,-0.022185,0.261903,0.005185,-0.033844,0.317983,-0.020359,-0.037205,-0.572485,-0.290786,0.279234,-0.000905,0.398880,-0.258321,0.161631,-0.162029,-0.194537,-0.553345,-0.269411,-0.092533,0.137621,0.007285,0.304832,0.426255,-0.308122,-0.164825,0.241479,-0.074875,-0.295140,-0.017589,0.281015,0.016165,0.270073,-0.003363,0.099062,0.032528,0.121281,0.105642,0.321356,0.378080,-0.022532,-0.242802,-0.025375,0.199721,-0.002393,0.242047,0.243467,-0.058091,0.383611,0.286617,0.327825,-0.096076,0.351484,-0.294606,-0.045378,-0.363392,0.161504,-0.009684,-0.050805,0.009472,0.070777,0.055069,0.025122,0.196564,-0.066932,-0.295962,0.214208,0.261539,-0.384097,0.309519,-0.224919,0.185363,0.131360,-0.076551,0.145332,-0.008758,0.059227,0.007795,0.237360,-0.324409,0.076287,-0.000650,0.185095,-0.024878,-0.285917,0.262674,-0.001038,-0.019799,0.030093,-0.362015,-0.015708,0.191887,-0.013986,0.012103,0.105238,-0.007077
289,16.200000,-0.088586,-0.026757,-0.179878,0.065330,-0.076348,0.085830,-0.369013,-0.374054,0.367751,-0.179233,0.011027,-0.015415,0.059837,0.587226,0.019370,-0.000752,-0.102267,-0.353567,0.221127,0.052164,0.100543,0.000733,-0.294886,-0.053223,-0.105007,-0.050450,0.190585,-0.077736,0.150018,-0.178507,0.048386,-0.111736,-0.286181,-0.022874,0.265791,0.005616,-0.034521,0.317330,-0.021134,-0.040250,-0.571834,-0.291440,0.279169,-0.001014,0.401787,-0.264832,0.164762,-0.164708,-0.197050,-0.556007,-0.272686,-0.094566,0.139760,0.007327,0.304718,0.424955,-0.308874,-0.163870,0.242308,-0.075968,-0.290685,-0.019290,0.281258,0.014651,0.264536,-0.004091,0.099518,0.036582,0.125925,0.107005,0.323053,0.377691,-0.022948,-0.243046,-0.027249,0.196805,-0.002559,0.243309,0.246152,-0.058691,0.384777,0.290489,0.329128,-0.097306,0.350129,-0.292585,-0.043410,-0.363837,0.161174,-0.009945,-0.050731,0.009532,0.067593,0.053018,0.023292,0.198720,-0.068365,-0.294205,0.219830,0.267741,-0.386327,0.307817,-0.225356,0.185206,0.131193,-0.074299,0.147953,-0.008593,0.058424,0.008952,0.244799,-0.325751,0.080683,-0.000194,0.186102,-0.024063,-0.288398,0.265297,-0.000283,-0.022389,0.030734,-0.359384,-0.017790,0.192472,-0.014792,0.011942,0.105749,-0.007180
290,16.220000,-0.086310,-0.026834,-0.181950,0.063463,-0.071847,0.086147,-0.368747,-0.372467,0.366973,-0.181229,0.009102,-0.015597,0.059818,0.580326,0.019062,-0.000905,-0.101429,-0.349661,0.220233,0.052811,0.102406,0.000700,-0.293819,-0.054043,-0.106513,-0.054032,0.190923,-0.077729,0.150497,-0.176712,0.047981,-0.113672,-0.288123,-0.022302,0.267212,0.005623,-0.034326,0.318072,-0.019903,-0.039812,-0.569031,-0.298463,0.278934,-0.001006,0.397384,-0.259703,0.162463,-0.163630,-0.194980,-0.555468,-0.270739,-0.095255,0.137801,0.007524,0.302097,0.423464,-0.308466,-0.164956,0.241267,-0.074355,-0.293858,-0.018117,0.278870,0.013913,0.265866,-0.003448,0.098677,0.035221,0.124511,0.107486,0.323731,0.375688,-0.023710,-0.241577,-0.027010,0.199711,-0.002877,0.240028,0.246271,-0.058782,0.381740,0.287760,0.327925,-0.095288,0.349381,-0.293784,-0.042179,-0.362595,0.161287,-0.009316,-0.050616,0.010425,0.067857,0.053933,0.025223,0.196283,-0.067975,-0.293563,0.215604,0.262887,-0.388177,0.307394,-0.223786,0.184211,0.132025,-0.076435,0.146427,-0.008671,0.060803,0.004598,0.240508,-0.323779,0.080596,0.000161,0.185430,-0.025275,-0.287485,0.266571,-0.001360,-0.022480,0.032363,-0.362082,-0.018689,0.193040,-0.014315,0.012891,0.105811,-0.007081
291,16.240000,-0.087045,-0.026786,-0.181764,0.064276,-0.077671,0.086691,-0.368535,-0.376722,0.372289,-0.180942,0.009446,-0.015630,0.060572,0.587306,0.016371,-0.000773,-0.103383,-0.352127,0.217999,0.052194,0.099250,0.000685,-0.293879,-0.054676,-0.107244,-0.049012,0.190104,-0.079827,0.151416,-0.179875,0.045544,-0.116165,-0.289086,-0.022847,0.268487,0.005690,-0.035959,0.316371,-0.020587,-0.039664,-0.570578,-0.300167,0.282655,-0.000778,0.399190,-0.265731,0.165194,-0.165723,-0.195829,-0.555794,-0.273146,-0.094882,0.139107,0.007386,0.305208,0.425509,-0.309001,-0.168288,0.242141,-0.075363,-0.293268,-0.020197,0.280413,0.014135,0.264390,-0.002628,0.098314,0.036576,0.127769,0.108046,0.324748,0.377028,-0.023973,-0.240904,-0.025991,0.196705,-0.002761,0.243589,0.244524,-0.059395,0.387292,0.291680,0.328273,-0.095652,0.350113,-0.294543,-0.040657,-0.364802,0.160466,-0.009129,-0.050764,0.011530,0.064501,0.053468,0.023404,0.198360,-0.069706,-0.296709,0.231046,0.266433,-0.388432,0.307789,-0.224069,0.188652,0.133404,-0.078465,0.148224,-0.008580,0.058981,0.008229,0.244066,-0.327793,0.082150,0.000182,0.185640,-0.024254,-0.289376,0.267813,-0.001668,-0.024500,0.031998,-0.355792,-0.015907,0.193381,-0.014617,0.015074,0.105703,-0.007387
292,16.260000,-0.087158,-0.027093,-0.182640,0.063910,-0.079652,0.088733,-0.369755,-0.376406,0.367450,-0.178499,0.010736,-0.015848,0.058915,0.588676,0.014974,-0.001012,-0.104649,-0.352535,0.217685,0.051634,0.101526,0.000687,-0.291380,-0.053663,-0.108838,-0.045265,0.190258,-0.081487,0.149816,-0.177258,0.044732,-0.115454,-0.290759,-0.022686,0.269802,0.006106,-0.036193,0.317080,-0.020503,-0.037491,-0.568713,-0.300489,0.281413,-0.000843,0.398668,-0.264416,0.163740,-0.163431,-0.195047,-0.558997,-0.271221,-0.093500,0.139112,0.007638,0.302759,0.424033,-0.307340,-0.170294,0.241797,-0.074840,-0.292768,-0.022255,0.280310,0.013760,0.266803,-0.002515,0.096785,0.036282,0.129152,0.109062,0.322083,0.374499,-0.024163,-0.241071,-0.027038,0.197003,-0.002639,0.243500,0.243556,-0.058736,0.383146,0.287235,0.333025,-0.095205,0.347033,-0.295307,-0.040796,-0.369030,0.161657,-0.008516,-0.050395,0.013618,0.059568,0.052551,0.023134,0.199332,-0.068560,-0.298820,0.227099,0.264307,-0.388500,0.310605,-0.223003,0.186905,0.133630,-0.077788,0.148641,-0.008403,0.058059,0.009294,0.243711,-0.328912,0.081141,0.000383,0.185843,-0.024158,-0.288784,0.268131,-0.001423,-0.026270,0.030771,-0.361286,-0.014501,0.196241,-0.014830,0.015265,0.107067,-0.007698
293,16.280000,-0.085902,-0.026296,-0.183347,0.062457,-0.079574,0.088281,-0.367387,-0.375829,0.366795,-0.179263,0.010833,-0.015962,0.057597,0.588609,0.015066,-0.001030,-0.100206,-0.350661,0.216947,0.051834,0.100403,0.000677,-0.288285,-0.054167,-0.108821,-0.043522,0.189670,-0.081938,0.150025,-0.177786,0.044590,-0.117034,-0.293133,-0.022796,0.270661,0.006502,-0.036645,0.317265,-0.020905,-0.037044,-0.568143,-0.301344,0.281349,-0.000766,0.396554,-0.265943,0.163947,-0.165230,-0.194684,-0.560176,-0.275259,-0.093468,0.139643,0.007732,0.300453,0.424027,-0.306445,-0.172571,0.241820,-0.075232,-0.290222,-0.024257,0.279006,0.016095,0.269846,-0.002363,0.092043,0.035894,0.129388,0.109604,0.322437,0.371976,-0.024418,-0.242927,-0.029290,0.198375,-0.002677,0.242717,0.244252,-0.058798,0.381325,0.284411,0.333728,-0.094046,0.346620,-0.295238,-0.039626,-0.367899,0.161767,-0.008235,-0.049915,0.011555,0.057786,0.050445,0.023702,0.199054,-0.068058,-0.300736,0.225365,0.263127,-0.388759,0.311364,-0.221457,0.189268,0.133365,-0.075771,0.149965,-0.008421,0.058516,0.009536,0.245512,-0.332396,0.080387,0.000783,0.185591,-0.023751,-0.289241,0.268990,-0.001397,-0.027138,0.031727,-0.360682,-0.014041,0.198884,-0.015342,0.017353,0.106898,-0.007764
294,16.300000,-0.085156,-0.025467,-0.182876,0.061307,-0.077527,0.085431,-0.367577,-0.376012,0.362896,-0.180631,0.009949,-0.016147,0.058661,0.584450,0.015409,-0.000878,-0.103391,-0.352814,0.217041,0.051942,0.100265,0.000679,-0.287868,-0.056048,-0.106696,-0.043168,0.189560,-0.080631,0.151967,-0.174983,0.044856,-0.114212,-0.293199,-0.022916,0.270637,0.006957,-0.036674,0.318989,-0.020101,-0.039472,-0.566982,-0.302186,0.282877,-0.000954,0.396777,-0.263924,0.163528,-0.164964,-0.191834,-0.558124,-0.273110,-0.094936,0.139536,0.007726,0.301348,0.424419,-0.307151,-0.167625,0.240320,-0.076459,-0.289476,-0.025725,0.281894,0.017681,0.264009,-0.002252,0.092505,0.036134,0.129941,0.109685,0.323865,0.372967,-0.024836,-0.242319,-0.032808,0.197179,-0.002823,0.238483,0.246194,-0.059393,0.386024,0.286971,0.332239,-0.096421,0.346936,-0.296803,-0.040744,-0.371661,0.162991,-0.007837,-0.050619,0.012887,0.055781,0.049808,0.021976,0.199724,-0.068827,-0.299391,0.219482,0.265602,-0.388876,0.308558,-0.221349,0.189162,0.135019,-0.074470,0.150047,-0.008576,0.056972,0.012188,0.243050,-0.331162,0.081294,0.000814,0.182584,-0.021722,-0.287791,0.268982,-0.000917,-0.027946,0.031461,-0.358257,-0.015138,0.198703,-0.015667,0.017988,0.105340,-0.007716
295,16.320000,-0.084543,-0.025394,-0.183634,0.060324,-0.079208,0.089275,-0.369562,-0.376277,0.364915,-0.180906,0.010364,-0.015772,0.059402,0.585986,0.014282,-0.000823,-0.106918,-0.350636,0.215157,0.051665,0.101535,0.000669,-0.290214,-0.055149,-0.104938,-0.041685,0.191447,-0.082244,0.148320,-0.179292,0.044681,-0.115228,-0.292901,-0.023153,0.272305,0.007212,-0.036646,0.318186,-0.020301,-0.036224,-0.567441,-0.301446,0.283258,-0.001321,0.396274,-0.264499,0.161085,-0.163819,-0.196666,-0.556676,-0.274422,-0.093579,0.140130,0.008104,0.301163,0.425668,-0.306203,-0.174385,0.240497,-0.076339,-0.289344,-0.028293,0.282915,0.019179,0.263944,-0.002181,0.093713,0.036090,0.132793,0.111361,0.324085,0.369993,-0.024929,-0.243215,-0.030687,0.196888,-0.002882,0.240307,0.243743,-0.059825,0.381842,0.284891,0.335866,-0.095596,0.344757,-0.299308,-0.038126,-0.367321,0.162897,-0.007868,-0.050335,0.014923,0.056764,0.048086,0.022060,0.199432,-0.068941,-0.298788,0.225954,0.261865,-0.388690,0.306535,-0.222531,0.191595,0.132923,-0.072851,0.148918,-0.008605,0.056710,0.011182,0.245881,-0.332195,0.080725,0.000822,0.185051,-0.021245,-0.289147,0.270415,-0.000854,-0.027530,0.028173,-0.358353,-0.018147,0.199817,-0.016028,0.018873,0.106736,-0.007680
296,16.340000,-0.083444,-0.023841,-0.189154,0.063245,-0.073748,0.087409,-0.360780,-0.374105,0.363523,-0.180761,0.008226,-0.016043,0.054083,0.586363,0.011299,-0.000942,-0.097402,-0.344553,0.217867,0.053007,0.106759,0.000609,-0.289276,-0.054053,-0.105365,-0.047013,0.185743,-0.080882,0.149786,-0.181157,0.044071,-0.116406,-0.299738,-0.022473,0.262019,0.007874,-0.035414,0.315386,-0.021308,-0.042709,-0.565829,-0.300269,0.287046,-0.000573,0.387425,-0.270650,0.163093,-0.165849,-0.201714,-0.561662,-0.276279,-0.095307,0.143142,0.007904,0.297840,0.420270,-0.303802,-0.164798,0.242553,-0.075093,-0.282910,-0.029167,0.278775,0.019995,0.266826,-0.002042,0.078452,0.037636,0.131380,0.112603,0.329489,0.364280,-0.025597,-0.243971,-0.034480,0.193695,-0.003150,0.244993,0.248180,-0.062388,0.367924,0.282740,0.334361,-0.096017,0.335500,-0.300251,-0.036490,-0.372958,0.165383,-0.007800,-0.049748,0.010288,0.066467,0.043738,0.022248,0.194706,-0.066683,-0.301563,0.211715,0.262996,-0.391840,0.308359,-0.221008,0.197685,0.135719,-0.058527,0.149305,-0.008511,0.060667,0.010680,0.247370,-0.329212,0.081800,0.001493,0.183795,-0.025536,-0.294697,0.265385,-0.000923,-0.024441,0.036019,-0.358002,-0.019966,0.201563,-0.015264,0.020636,0.106904,-0.007163
297,16.360000,-0.085657,-0.024288,-0.183946,0.054544,-0.082275,0.082841,-0.369313,-0.372717,0.368326,-0.178481,0.008988,-0.015876,0.059559,0.589928,0.012446,-0.000389,-0.105499,-0.341440,0.215798,0.052751,0.102937,0.000626,-0.290008,-0.051402,-0.103494,-0.043091,0.190522,-0.083272,0.150359,-0.176234,0.045274,-0.115906,-0.299137,-0.023200,0.270677,0.007511,-0.035556,0.318660,-0.020551,-0.043624,-0.564953,-0.304752,0.287279,-0.001003,0.384841,-0.265567,0.161183,-0.162567,-0.193434,-0.559421,-0.272794,-0.094373,0.142609,0.007967,0.299705,0.424531,-0.302968,-0.169602,0.245600,-0.076534,-0.289303,-0.032588,0.286505,0.024608,0.255290,-0.001307,0.083164,0.038032,0.134496,0.112223,0.330328,0.368566,-0.025651,-0.240407,-0.032942,0.192379,-0.002848,0.247002,0.248554,-0.061448,0.382270,0.285431,0.329572,-0.096767,0.337512,-0.305481,-0.037892,-0.370894,0.165491,-0.007333,-0.049531,0.014185,0.058890,0.047028,0.023521,0.197325,-0.067851,-0.301966,0.221739,0.265370,-0.392757,0.300676,-0.224892,0.194679,0.136292,-0.064262,0.151099,-0.008565,0.058614,0.011865,0.245112,-0.329000,0.079559,0.000791,0.181514,-0.022702,-0.289553,0.268137,-0.000545,-0.023413,0.028709,-0.351515,-0.018005,0.202779,-0.016384,0.021502,0.106102,-0.006574
298,16.380000,-0.084034,-0.025851,-0.191241,0.051539,-0.078927,0.085477,-0.370798,-0.374091,0.365461,-0.178105,0.007443,-0.016195,0.061146,0.592155,0.015105,-0.000592,-0.103786,-0.347658,0.214274,0.052792,0.102650,0.000611,-0.295710,-0.055700,-0.104628,-0.031623,0.195161,-0.081335,0.152382,-0.173857,0.043809,-0.115084,-0.296022,-0.022732,0.271263,0.007638,-0.036964,0.320308,-0.020897,-0.033908,-0.565454,-0.303581,0.286653,-0.001185,0.384603,-0.268243,0.163456,-0.164435,-0.187915,-0.558936,-0.272150,-0.091992,0.137363,0.008269,0.303025,0.427547,-0.301474,-0.169298,0.244719,-0.075491,-0.290645,-0.033810,0.286583,0.026003,0.254723,-0.001025,0.085647,0.034152,0.133109,0.113834,0.325075,0.369901,-0.025786,-0.239070,-0.031477,0.195987,-0.003137,0.239470,0.242473,-0.059570,0.377195,0.288035,0.332751,-0.096502,0.338125,-0.304120,-0.040731,-0.364502,0.167281,-0.007911,-0.048778,0.018718,0.056770,0.047705,0.022833,0.196666,-0.067390,-0.301480,0.219839,0.261847,-0.387457,0.303327,-0.224141,0.190773,0.140292,-0.069108,0.148116,-0.008792,0.055739,0.012870,0.240708,-0.331214,0.075870,-0.000113,0.177492,-0.021549,-0.289696,0.266102,0.000022,-0.022092,0.023238,-0.354223,-0.016970,0.203174,-0.015939,0.019088,0.105672,-0.006132
299,16.400000,-0.081394,-0.025447,-0.188871,0.050197,-0.073090,0.084972,-0.368727,-0.372521,0.372610,-0.183673,0.006531,-0.016502,0.060050,0.581500,0.013826,-0.001251,-0.105557,-0.348766,0.215648,0.053361,0.102461,0.000637,-0.296256,-0.055126,-0.104630,-0.032765,0.193488,-0.081107,0.149359,-0.176019,0.038256,-0.115919,-0.295627,-0.022693,0.267030,0.007147,-0.038311,0.320194,-0.021118,-0.035367,-0.565192,-0.305173,0.287016,-0.001584,0.385513,-0.271710,0.166253,-0.166734,-0.193468,-0.555718,-0.274530,-0.092494,0.139207,0.008421,0.299616,0.423646,-0.303466,-0.170788,0.243376,-0.075528,-0.287315,-0.034116,0.280913,0.023637,0.257691,-0.001418,0.085635,0.036578,0.133463,0.114094,0.326289,0.366198,-0.026329,-0.239529,-0.030414,0.196487,-0.003662,0.238419,0.246992,-0.058800,0.377212,0.286081,0.337374,-0.094505,0.335069,-0.300608,-0.039483,-0.365142,0.165709,-0.007672,-0.049719,0.021327,0.054571,0.048549,0.023311,0.194728,-0.067991,-0.298517,0.215413,0.262067,-0.388463,0.309942,-0.225862,0.190999,0.138646,-0.071482,0.142895,-0.008822,0.054459,0.013801,0.241754,-0.327366,0.073800,-0.000320,0.177101,-0.023077,-0.290286,0.268213,-0.000502,-0.022875,0.017704,-0.353421,-0.015320,0.201432,-0.016823,0.018622,0.104599,-0.006178
300,16.420000,-0.081215,-0.024492,-0.190347,0.052880,-0.069607,0.088126,-0.365402,-0.376768,0.371378,-0.186556,0.007879,-0.016556,0.060411,0.581423,0.013952,-0.001390,-0.107997,-0.354952,0.214308,0.053356,0.102576,0.000578,-0.295053,-0.053727,-0.102970,-0.030224,0.194563,-0.079407,0.151124,-0.178766,0.035276,-0.116377,-0.298780,-0.023591,0.269141,0.007447,-0.038480,0.317483,-0.021240,-0.037106,-0.568029,-0.306773,0.288937,-0.002241,0.387743,-0.271935,0.165088,-0.167277,-0.196917,-0.555722,-0.272558,-0.093479,0.140623,0.008290,0.305858,0.418287,-0.304305,-0.171451,0.243498,-0.075905,-0.288964,-0.033928,0.278266,0.023078,0.259993,-0.000903,0.088055,0.035672,0.133287,0.113684,0.328048,0.368598,-0.027293,-0.241433,-0.031521,0.197801,-0.004724,0.238217,0.241527,-0.059574,0.380436,0.287641,0.334239,-0.094982,0.336027,-0.301469,-0.040689,-0.370739,0.165018,-0.007469,-0.049736,0.022960,0.052019,0.045229,0.024246,0.194991,-0.068581,-0.295650,0.227813,0.263615,-0.389024,0.313080,-0.226929,0.192665,0.139055,-0.076096,0.145931,-0.008796,0.054851,0.010773,0.244769,-0.330180,0.073809,0.000055,0.178396,-0.021728,-0.290062,0.266101,-0.000249,-0.024231,0.021012,-0.354878,-0.014170,0.201297,-0.017319,0.018506,0.104717,-0.006810
301,16.440000,-0.081969,-0.024469,-0.192141,0.054104,-0.067723,0.088095,-0.365311,-0.377113,0.369948,-0.187054,0.008395,-0.016520,0.061673,0.581143,0.011812,-0.001491,-0.108047,-0.357810,0.212635,0.053282,0.103586,0.000558,-0.293458,-0.054732,-0.103788,-0.030917,0.195763,-0.079965,0.151445,-0.180510,0.034972,-0.116159,-0.297938,-0.023487,0.270809,0.008022,-0.038389,0.315702,-0.021612,-0.035664,-0.567174,-0.308803,0.288978,-0.002910,0.386757,-0.272318,0.166535,-0.167010,-0.198115,-0.558044,-0.272662,-0.094159,0.139436,0.008732,0.308137,0.415745,-0.303479,-0.170587,0.242494,-0.075585,-0.289925,-0.033802,0.276262,0.022325,0.263109,-0.000331,0.091690,0.037053,0.133799,0.112048,0.326597,0.368188,-0.028315,-0.241219,-0.030431,0.197751,-0.005387,0.239039,0.241031,-0.058320,0.379786,0.285859,0.334163,-0.094356,0.335800,-0.301075,-0.041067,-0.371067,0.164229,-0.007471,-0.049468,0.023117,0.048811,0.042370,0.024493,0.195619,-0.068747,-0.294229,0.233482,0.261245,-0.388591,0.313889,-0.225896,0.191212,0.139883,-0.078682,0.147677,-0.008750,0.054025,0.009463,0.246193,-0.332629,0.075795,0.000703,0.178743,-0.020705,-0.290150,0.266653,-0.000438,-0.026994,0.022410,-0.358489,-0.013155,0.201364,-0.017347,0.021319,0.105806,-0.007480
302,16.460000,-0.083841,-0.024937,-0.189619,0.057181,-0.073426,0.088682,-0.365127,-0.373900,0.365054,-0.187873,0.010834,-0.016544,0.062471,0.586360,0.007903,-0.001443,-0.108861,-0.357262,0.212964,0.053374,0.103775,0.000568,-0.285852,-0.052957,-0.109632,-0.030313,0.193205,-0.084174,0.148003,-0.182139,0.036266,-0.116548,-0.295667,-0.023052,0.273408,0.009058,-0.038398,0.313800,-0.021678,-0.034714,-0.562966,-0.306028,0.288173,-0.002937,0.388075,-0.275161,0.169387,-0.167117,-0.197201,-0.560859,-0.274632,-0.094712,0.138554,0.009636,0.307430,0.411842,-0.304244,-0.172865,0.243542,-0.076843,-0.289060,-0.036685,0.275787,0.019808,0.264339,-0.000267,0.095524,0.039220,0.136411,0.110497,0.325907,0.367236,-0.029166,-0.240942,-0.030303,0.195869,-0.006188,0.238828,0.244267,-0.058079,0.381405,0.284660,0.337071,-0.095746,0.336248,-0.301751,-0.039475,-0.369862,0.165260,-0.006847,-0.049457,0.020522,0.044763,0.042266,0.023162,0.196466,-0.069926,-0.295530,0.224649,0.258968,-0.391847,0.311461,-0.226709,0.191250,0.141279,-0.078991,0.148567,-0.008550,0.051899,0.009424,0.251390,-0.332751,0.077993,0.001741,0.180532,-0.021284,-0.289802,0.270662,-0.001070,-0.029222,0.023266,-0.358943,-0.011665,0.202737,-0.016626,0.025062,0.105750,-0.008253
303,16.480000,-0.081083,-0.024064,-0.190075,0.056921,-0.068136,0.084053,-0.366223,-0.375423,0.369450,-0.187441,0.008770,-0.016091,0.061889,0.580993,0.005528,-0.001626,-0.108360,-0.357938,0.210787,0.053151,0.102000,0.000602,-0.283404,-0.056647,-0.111043,-0.031966,0.195418,-0.081244,0.148159,-0.175170,0.040184,-0.120065,-0.295027,-0.023286,0.273531,0.008812,-0.038760,0.312891,-0.021803,-0.029152,-0.563627,-0.308850,0.288178,-0.003480,0.387289,-0.266648,0.167391,-0.164959,-0.193027,-0.560501,-0.273640,-0.094344,0.138720,0.009226,0.306734,0.414064,-0.303417,-0.174577,0.241852,-0.075790,-0.291422,-0.035386,0.274318,0.018055,0.261818,-0.000181,0.097371,0.034416,0.133716,0.109980,0.322813,0.363774,-0.029963,-0.240990,-0.030335,0.200838,-0.006764,0.238681,0.238730,-0.056683,0.381422,0.282081,0.337244,-0.095577,0.337399,-0.298716,-0.038829,-0.366190,0.166258,-0.006326,-0.049383,0.020824,0.044001,0.044010,0.020441,0.193692,-0.069608,-0.292064,0.218221,0.254483,-0.387456,0.314419,-0.224831,0.187332,0.143032,-0.080121,0.147530,-0.008838,0.055466,0.009208,0.244119,-0.331233,0.080262,0.002369,0.180258,-0.019255,-0.287183,0.268844,-0.001267,-0.031121,0.024152,-0.361568,-0.013605,0.205951,-0.015725,0.024071,0.106396,-0.008935
304,16.500000,-0.083320,-0.024222,-0.188722,0.058089,-0.073596,0.089306,-0.364596,-0.372894,0.361822,-0.189546,0.008234,-0.016651,0.062180,0.587014,0.002946,-0.001772,-0.110152,-0.358107,0.209209,0.052629,0.101933,0.000571,-0.278988,-0.054693,-0.113942,-0.033325,0.195026,-0.083643,0.149279,-0.181346,0.041756,-0.118492,-0.290856,-0.023044,0.272472,0.009076,-0.039899,0.311173,-0.021614,-0.025438,-0.564283,-0.304482,0.285483,-0.002948,0.391154,-0.268818,0.167167,-0.166216,-0.200375,-0.563292,-0.276334,-0.094635,0.140373,0.010146,0.306532,0.415129,-0.304243,-0.174326,0.242564,-0.078613,-0.289002,-0.038944,0.273357,0.014776,0.259458,-0.000496,0.098813,0.038992,0.137247,0.110656,0.322041,0.361156,-0.030388,-0.241141,-0.030599,0.200619,-0.007063,0.239874,0.241028,-0.056990,0.376852,0.285170,0.342252,-0.096954,0.336501,-0.299859,-0.035513,-0.364673,0.167238,-0.006720,-0.049587,0.019887,0.044911,0.044734,0.020082,0.198168,-0.070144,-0.294705,0.222214,0.255716,-0.390468,0.311983,-0.227486,0.187479,0.143200,-0.081339,0.148167,-0.008661,0.056407,0.010197,0.252667,-0.332801,0.084842,0.003271,0.184647,-0.018588,-0.289784,0.273123,-0.001197,-0.034552,0.025554,-0.355414,-0.014720,0.207502,-0.016073,0.024714,0.106150,-0.009251
305,16.520000,-0.087723,-0.024166,-0.207358,0.062589,-0.070627,0.074841,-0.361996,-0.368975,0.354450,-0.194682,0.007066,-0.016362,0.055585,0.505713,0.001714,-0.000434,-0.095041,-0.358452,0.209914,0.057664,0.094877,0.000569,-0.261758,-0.058195,-0.107272,-0.024568,0.187056,-0.075083,0.140171,-0.173738,0.032966,-0.112008,-0.291683,-0.016696,0.289170,0.009163,-0.048948,0.306965,-0.020676,-0.020287,-0.581023,-0.298650,0.299891,0.019800,0.404968,-0.303733,0.160055,-0.168868,-0.155837,-0.550202,-0.287811,-0.098443,0.133345,0.012293,0.307522,0.412275,-0.302725,-0.171681,0.241685,-0.080600,-0.289481,-0.036019,0.259837,0.024649,0.236953,0.003200,0.088348,0.038517,0.126046,0.098151,0.334452,0.365085,-0.029163,-0.226165,-0.036512,0.221383,-0.011049,0.239724,0.238218,-0.048389,0.398200,0.274118,0.334250,-0.105894,0.352175,-0.298680,-0.043420,-0.354088,0.173307,-0.004706,-0.049956,0.022221,0.041392,0.050907,0.021825,0.204976,-0.079030,-0.299431,0.164840,0.273148,-0.386100,0.318061,-0.211651,0.183545,0.149654,-0.099859,0.165328,-0.008416,0.048644,-0.000693,0.253245,-0.330999,0.082894,0.002939,0.202053,-0.017248,-0.299000,0.282590,-0.004213,-0.024962,0.027689,-0.390362,-0.020506,0.199918,-0.012368,0.024200,0.097362,-0.009897
306,16.540000,-0.085912,-0.023095,-0.200494,0.060528,-0.078866,0.077650,-0.371520,-0.365550,0.356177,-0.208136,0.005373,-0.015934,0.059139,0.478929,0.004073,0.000311,-0.095544,-0.373470,0.203819,0.055956,0.101201,0.000608,-0.249733,-0.057740,-0.105483,-0.027459,0.187795,-0.074759,0.138066,-0.175356,0.022732,-0.109842,-0.288774,-0.015457,0.287803,0.011300,-0.056378,0.304169,-0.021235,-0.014304,-0.598981,-0.299425,0.304636,0.038918,0.414227,-0.304073,0.172458,-0.169806,-0.162480,-0.534804,-0.278787,-0.093280,0.129318,0.010897,0.316916,0.413075,-0.303458,-0.165461,0.242352,-0.082201,-0.290585,-0.032884,0.254412,0.028306,0.243427,0.005946,0.087001,0.032651,0.119832,0.091621,0.338504,0.362820,-0.027260,-0.225593,-0.028587,0.221077,-0.014634,0.244033,0.245637,-0.045899,0.401398,0.274917,0.329047,-0.098833,0.355624,-0.292710,-0.043406,-0.345889,0.169357,-0.003815,-0.048452,0.020883,0.044489,0.045843,0.021533,0.210769,-0.081496,-0.288316,0.159621,0.270329,-0.388146,0.313481,-0.208473,0.174875,0.139466,-0.102623,0.174969,-0.008754,0.051339,-0.007494,0.265099,-0.328119,0.084695,0.005348,0.210919,-0.015006,-0.307093,0.286537,-0.002724,-0.025963,0.026352,-0.396940,-0.024218,0.193912,-0.011651,0.030738,0.099144,-0.010502
307,16.560000,-0.086078,-0.023167,-0.195510,0.062000,-0.082527,0.074893,-0.378047,-0.365369,0.359758,-0.207080,0.006714,-0.014688,0.060641,0.456696,0.002092,0.001409,-0.094971,-0.379293,0.199713,0.055874,0.106682,0.000596,-0.240896,-0.056787,-0.110942,-0.032937,0.183216,-0.075356,0.137111,-0.176710,0.023125,-0.111460,-0.285262,-0.015418,0.285240,0.012822,-0.057187,0.298833,-0.022560,-0.010648,-0.602491,-0.297409,0.302638,0.056199,0.413241,-0.304220,0.178362,-0.169856,-0.159462,-0.538063,-0.279955,-0.092008,0.124970,0.009720,0.318067,0.411295,-0.302823,-0.161263,0.243890,-0.083447,-0.290773,-0.030026,0.250083,0.031874,0.247359,0.007904,0.090105,0.028232,0.115872,0.084670,0.331045,0.360790,-0.025811,-0.228106,-0.023340,0.227973,-0.017654,0.251796,0.251109,-0.044591,0.404628,0.275776,0.332098,-0.100362,0.357171,-0.288759,-0.044124,-0.338880,0.164356,-0.004473,-0.047370,0.017930,0.052375,0.044587,0.022860,0.215415,-0.084841,-0.287676,0.159229,0.270905,-0.389867,0.318542,-0.208915,0.170248,0.135731,-0.106158,0.177374,-0.008682,0.051658,-0.010212,0.266834,-0.328201,0.088213,0.007359,0.213043,-0.015737,-0.312509,0.283102,-0.002021,-0.029244,0.026709,-0.404416,-0.019079,0.182503,-0.009986,0.035588,0.099705,-0.011123
308,16.580000,-0.086160,-0.023144,-0.193404,0.063985,-0.086146,0.072988,-0.379897,-0.363349,0.349225,-0.204962,0.005827,-0.013842,0.060640,0.436908,0.000095,0.002147,-0.102304,-0.387257,0.194307,0.054812,0.112685,0.000597,-0.230493,-0.055234,-0.118517,-0.041296,0.185981,-0.075903,0.138308,-0.175814,0.028558,-0.111325,-0.280279,-0.016238,0.291197,0.013922,-0.056801,0.301615,-0.024267,-0.007217,-0.605264,-0.296075,0.303254,0.071312,0.410593,-0.297659,0.187624,-0.165592,-0.153918,-0.538292,-0.271077,-0.092485,0.123965,0.008782,0.319177,0.410823,-0.304751,-0.158969,0.244255,-0.084119,-0.293588,-0.027542,0.249514,0.025661,0.247414,0.009571,0.092487,0.024312,0.112812,0.084905,0.329630,0.358061,-0.024132,-0.225322,-0.019898,0.232684,-0.019209,0.257500,0.256631,-0.043705,0.407572,0.282761,0.336161,-0.103826,0.358198,-0.284958,-0.043288,-0.334394,0.160495,-0.004343,-0.047788,0.016452,0.058605,0.047589,0.020625,0.217948,-0.087061,-0.290999,0.156365,0.269153,-0.386840,0.316737,-0.207491,0.164072,0.136322,-0.109409,0.177308,-0.008402,0.054482,-0.011663,0.266363,-0.322612,0.093307,0.009942,0.210870,-0.015503,-0.314405,0.282263,-0.001036,-0.033575,0.028174,-0.409835,-0.017522,0.175991,-0.007587,0.033628,0.099010,-0.010558
309,16.600000,-0.085415,-0.023324,-0.188733,0.064851,-0.089327,0.071483,-0.379015,-0.362729,0.341643,-0.204334,0.005052,-0.014149,0.059022,0.414407,-0.002125,0.002513,-0.102304,-0.387536,0.188125,0.055001,0.111616,0.000597,-0.226551,-0.054297,-0.124212,-0.048069,0.186232,-0.076773,0.141970,-0.175391,0.034008,-0.113508,-0.276479,-0.016546,0.294923,0.014666,-0.055891,0.302459,-0.025132,-0.006235,-0.607641,-0.294730,0.303528,0.084263,0.406952,-0.298842,0.191088,-0.163160,-0.147979,-0.535951,-0.270508,-0.095085,0.127414,0.008052,0.315855,0.413445,-0.305886,-0.158223,0.245848,-0.084267,-0.295290,-0.025073,0.249952,0.017528,0.250721,0.010531,0.091218,0.019774,0.111130,0.088926,0.327197,0.357571,-0.022380,-0.221919,-0.019234,0.236078,-0.019950,0.260700,0.259080,-0.044268,0.409576,0.285901,0.343253,-0.104204,0.359483,-0.282474,-0.038599,-0.330468,0.156875,-0.004194,-0.047660,0.014409,0.062793,0.051213,0.019485,0.221451,-0.089597,-0.298299,0.156557,0.267140,-0.384173,0.313647,-0.205271,0.159853,0.137392,-0.113199,0.176963,-0.008122,0.058366,-0.017568,0.265558,-0.325245,0.098825,0.011230,0.210094,-0.012019,-0.313954,0.283765,-0.000027,-0.036989,0.029433,-0.411839,-0.018464,0.175660,-0.007163,0.030597,0.097666,-0.009984
310,16.620000,-0.084244,-0.022704,-0.185331,0.061956,-0.095163,0.069753,-0.377131,-0.362214,0.334292,-0.204887,0.004158,-0.014137,0.053785,0.391728,-0.000964,0.002505,-0.105811,-0.388059,0.185355,0.054110,0.112517,0.000580,-0.220909,-0.053261,-0.129035,-0.048671,0.186955,-0.077073,0.144326,-0.173501,0.037150,-0.113853,-0.275507,-0.016795,0.294427,0.015223,-0.055571,0.302304,-0.025551,-0.008802,-0.610834,-0.292867,0.302487,0.094028,0.407373,-0.297651,0.189140,-0.161025,-0.143907,-0.530451,-0.270212,-0.096602,0.128799,0.007389,0.309384,0.419130,-0.305762,-0.158252,0.245901,-0.085692,-0.298119,-0.022798,0.252304,0.015768,0.252283,0.011188,0.087144,0.016049,0.110169,0.095161,0.321180,0.354383,-0.020515,-0.220151,-0.022564,0.242194,-0.019524,0.265070,0.261307,-0.044185,0.410479,0.288088,0.346753,-0.105002,0.365217,-0.280515,-0.036610,-0.328844,0.153271,-0.003905,-0.048036,0.012780,0.064938,0.051747,0.019024,0.225603,-0.093951,-0.300608,0.155204,0.262209,-0.382906,0.311101,-0.204605,0.157351,0.136347,-0.114242,0.173550,-0.007867,0.063439,-0.018025,0.266441,-0.327559,0.101731,0.010915,0.212217,-0.008336,-0.313650,0.285843,0.000488,-0.040331,0.030701,-0.414112,-0.023205,0.176368,-0.006921,0.024911,0.095680,-0.009593
311,16.640000,-0.082300,-0.022220,-0.183699,0.059122,-0.102180,0.068498,-0.372500,-0.360615,0.332699,-0.205001,0.004044,-0.014671,0.050770,0.369643,0.001592,0.002446,-0.107921,-0.382771,0.184357,0.054418,0.110793,0.000564,-0.218365,-0.052094,-0.127198,-0.050348,0.187319,-0.077373,0.148444,-0.173274,0.036778,-0.113764,-0.277367,-0.016936,0.296343,0.015248,-0.053376,0.301855,-0.025270,-0.012932,-0.613394,-0.290666,0.303479,0.102578,0.406305,-0.300218,0.186525,-0.162193,-0.140250,-0.525135,-0.269969,-0.097629,0.131455,0.006708,0.307149,0.423289,-0.308030,-0.154649,0.243172,-0.085984,-0.297714,-0.020799,0.252759,0.017522,0.259282,0.011456,0.080220,0.012333,0.109097,0.103008,0.319548,0.353753,-0.018756,-0.220570,-0.026997,0.245705,-0.019139,0.265359,0.264064,-0.044833,0.410110,0.291684,0.349093,-0.103776,0.371079,-0.281079,-0.033649,-0.327292,0.149964,-0.004284,-0.048117,0.011076,0.070027,0.052294,0.019921,0.227011,-0.096308,-0.304381,0.154600,0.260702,-0.382679,0.307820,-0.203440,0.159267,0.136515,-0.113363,0.169968,-0.007810,0.068808,-0.019196,0.266830,-0.333382,0.102863,0.010736,0.215069,-0.007107,-0.317198,0.284855,0.000758,-0.041602,0.033700,-0.416288,-0.027589,0.179155,-0.007410,0.021726,0.093331,-0.009104
312,16.660000,-0.081051,-0.021794,-0.175531,0.060867,-0.110032,0.067452,-0.376547,-0.357532,0.334231,-0.207522,0.002654,-0.014757,0.053591,0.349892,0.000345,0.002648,-0.112272,-0.373162,0.189616,0.054609,0.114683,0.000545,-0.225229,-0.048620,-0.115314,-0.056040,0.178292,-0.079432,0.154461,-0.177629,0.030645,-0.113470,-0.276273,-0.017538,0.292634,0.015809,-0.050141,0.307520,-0.023412,-0.016409,-0.616814,-0.286155,0.300685,0.112288,0.408369,-0.308960,0.191188,-0.160228,-0.135948,-0.521991,-0.274497,-0.097420,0.137158,0.006146,0.299710,0.420190,-0.315573,-0.148849,0.240134,-0.086737,-0.294293,-0.018648,0.255833,0.026349,0.271016,0.011527,0.076802,0.008938,0.108629,0.108767,0.319775,0.358731,-0.017269,-0.219923,-0.028346,0.240290,-0.018982,0.263182,0.267983,-0.047260,0.418521,0.281263,0.345279,-0.103349,0.372597,-0.281901,-0.035363,-0.324448,0.146559,-0.005742,-0.048385,0.010337,0.073535,0.054924,0.020201,0.230702,-0.096896,-0.319132,0.155073,0.270218,-0.378362,0.304655,-0.205546,0.159688,0.134830,-0.105093,0.172041,-0.007953,0.067888,-0.019296,0.265758,-0.335847,0.103542,0.008830,0.211624,-0.006833,-0.322975,0.278131,0.000886,-0.039914,0.022690,-0.417963,-0.019626,0.181505,-0.008327,0.023346,0.093165,-0.008786
313,16.680000,-0.080391,-0.020468,-0.180203,0.055532,-0.116048,0.064990,-0.374703,-0.357515,0.331505,-0.207271,0.003861,-0.014917,0.056297,0.333799,0.008949,0.002607,-0.116412,-0.373586,0.191317,0.055065,0.108125,0.000505,-0.220566,-0.047559,-0.116294,-0.057025,0.185088,-0.079737,0.153376,-0.171380,0.031372,-0.109065,-0.273613,-0.017753,0.298271,0.016809,-0.048404,0.310557,-0.025631,-0.019082,-0.621558,-0.285431,0.307999,0.118917,0.407908,-0.300025,0.185729,-0.156188,-0.131805,-0.515352,-0.256358,-0.096118,0.138593,0.005724,0.301201,0.432304,-0.312197,-0.147391,0.238742,-0.087695,-0.296841,-0.016890,0.263028,0.031205,0.268387,0.012420,0.075890,0.006009,0.107146,0.115069,0.324948,0.356947,-0.015687,-0.218801,-0.029641,0.241318,-0.017485,0.264450,0.275468,-0.045937,0.417221,0.288217,0.336518,-0.101287,0.376655,-0.282241,-0.037325,-0.322025,0.142842,-0.005499,-0.048557,0.010008,0.073185,0.051456,0.020209,0.231324,-0.097022,-0.312895,0.151924,0.268004,-0.379590,0.294464,-0.203804,0.160163,0.134523,-0.103476,0.169497,-0.007539,0.067371,-0.019388,0.263464,-0.334458,0.100359,0.009067,0.213362,-0.003647,-0.317194,0.283783,0.000420,-0.035910,0.023128,-0.420697,-0.025843,0.182967,-0.007556,0.017011,0.091377,-0.007866
314,16.700000,-0.078919,-0.021053,-0.185670,0.050652,-0.124137,0.065665,-0.371153,-0.356601,0.335455,-0.206091,0.003633,-0.015380,0.056612,0.314771,0.009692,0.002477,-0.115540,-0.370563,0.192782,0.056718,0.109306,0.000533,-0.227027,-0.047339,-0.118648,-0.065857,0.187452,-0.080217,0.150902,-0.172728,0.031393,-0.109343,-0.271348,-0.017418,0.292002,0.017715,-0.048306,0.310044,-0.026374,-0.023446,-0.622996,-0.281209,0.311418,0.125378,0.402651,-0.302232,0.187670,-0.157613,-0.129210,-0.511754,-0.260659,-0.096068,0.137508,0.005260,0.301000,0.435398,-0.308823,-0.145773,0.237845,-0.087529,-0.293645,-0.015536,0.262176,0.032950,0.269256,0.012311,0.072500,0.002910,0.106715,0.122779,0.325801,0.355732,-0.014150,-0.220865,-0.031085,0.243138,-0.016500,0.264356,0.281316,-0.045540,0.413617,0.292033,0.341991,-0.097924,0.374572,-0.285314,-0.036760,-0.316020,0.141347,-0.005449,-0.048855,0.008974,0.084432,0.051140,0.021971,0.223982,-0.098939,-0.307072,0.151729,0.264538,-0.381146,0.293268,-0.203401,0.161066,0.135837,-0.098981,0.164978,-0.007323,0.065954,-0.018984,0.266781,-0.339145,0.097355,0.008205,0.209583,-0.001886,-0.315860,0.285626,-0.000268,-0.031236,0.020718,-0.420021,-0.035749,0.184028,-0.007995,0.016499,0.092014,-0.006826
315,16.720000,-0.078495,-0.020805,-0.176149,0.052486,-0.131978,0.065879,-0.376091,-0.349988,0.338634,-0.208314,0.004118,-0.014781,0.061484,0.298108,0.007877,0.002909,-0.120653,-0.364121,0.203057,0.056053,0.113369,0.000496,-0.240343,-0.042101,-0.108344,-0.070826,0.181369,-0.082638,0.152099,-0.174055,0.024837,-0.108932,-0.271150,-0.018424,0.281449,0.018946,-0.047406,0.313398,-0.025060,-0.027341,-0.626733,-0.277472,0.308027,0.131628,0.404056,-0.309830,0.198815,-0.154941,-0.126820,-0.504988,-0.268131,-0.094536,0.137757,0.004894,0.295207,0.425883,-0.310919,-0.143107,0.238906,-0.088994,-0.294161,-0.014170,0.264264,0.040620,0.270099,0.012084,0.073953,-0.000013,0.105729,0.129325,0.324920,0.364896,-0.012800,-0.220356,-0.031894,0.243738,-0.015792,0.262273,0.284260,-0.047282,0.420522,0.287633,0.338204,-0.100619,0.374047,-0.284467,-0.037607,-0.313367,0.138824,-0.006769,-0.048861,0.008685,0.079614,0.053926,0.021558,0.223390,-0.101936,-0.315252,0.151371,0.276629,-0.379961,0.294676,-0.210122,0.158289,0.136014,-0.096885,0.164984,-0.007232,0.062192,-0.016814,0.264797,-0.332584,0.094702,0.006295,0.205132,-0.004497,-0.323310,0.275543,-0.000608,-0.026891,0.003736,-0.420354,-0.025271,0.184397,-0.008070,0.017910,0.091631,-0.006128
316,16.740000,-0.077825,-0.019965,-0.178779,0.051752,-0.136956,0.064128,-0.372271,-0.353424,0.336057,-0.207001,0.005042,-0.014767,0.064615,0.283962,0.012236,0.002443,-0.122172,-0.365413,0.204641,0.055925,0.108612,0.000468,-0.235667,-0.040946,-0.111966,-0.074806,0.186762,-0.083679,0.152726,-0.168614,0.026816,-0.105445,-0.267923,-0.018881,0.287441,0.019610,-0.046875,0.314816,-0.027849,-0.029201,-0.630281,-0.277499,0.315902,0.135791,0.402091,-0.302513,0.199210,-0.151217,-0.123859,-0.500802,-0.252551,-0.092982,0.137374,0.004546,0.299654,0.434491,-0.308659,-0.140659,0.241327,-0.089042,-0.296690,-0.013039,0.267798,0.042190,0.268372,0.012666,0.076714,-0.002735,0.103801,0.135386,0.328915,0.364938,-0.011402,-0.217972,-0.028059,0.241667,-0.014417,0.263399,0.290370,-0.046019,0.420709,0.292697,0.331204,-0.097688,0.378322,-0.283262,-0.039522,-0.312021,0.135658,-0.006512,-0.048502,0.008590,0.073914,0.048738,0.020910,0.221526,-0.101235,-0.308992,0.148445,0.276379,-0.381085,0.291553,-0.209609,0.158944,0.135034,-0.097892,0.165650,-0.006667,0.059888,-0.016016,0.263413,-0.330320,0.090500,0.007035,0.205700,-0.002478,-0.320598,0.280577,-0.000675,-0.023649,0.008780,-0.423352,-0.028593,0.188043,-0.007199,0.013078,0.091020,-0.005814
317,16.760000,-0.076258,-0.020100,-0.181295,0.049859,-0.146023,0.064596,-0.364660,-0.351381,0.337748,-0.205171,0.004911,-0.015017,0.064568,0.267278,0.009580,0.002315,-0.116002,-0.360513,0.205360,0.057290,0.109410,0.000487,-0.240340,-0.040274,-0.119693,-0.088562,0.185512,-0.084777,0.149813,-0.171747,0.029802,-0.108162,-0.268863,-0.018554,0.281507,0.020533,-0.047100,0.312491,-0.029847,-0.033013,-0.631854,-0.274298,0.318292,0.140189,0.392896,-0.310778,0.207955,-0.153603,-0.121852,-0.498946,-0.261821,-0.094253,0.134093,0.004223,0.296494,0.434707,-0.305092,-0.139521,0.244658,-0.088878,-0.293639,-0.012274,0.266815,0.041010,0.275523,0.012164,0.072131,-0.005628,0.102919,0.141557,0.330716,0.362758,-0.010097,-0.218255,-0.029343,0.242474,-0.013342,0.265278,0.295507,-0.045365,0.414985,0.293292,0.335432,-0.093400,0.374892,-0.284939,-0.039113,-0.309036,0.134126,-0.005437,-0.048566,0.006560,0.077383,0.048172,0.021804,0.211648,-0.102159,-0.304766,0.148100,0.275092,-0.384370,0.295682,-0.207563,0.160300,0.136903,-0.093824,0.163042,-0.006314,0.058280,-0.012784,0.267394,-0.335788,0.087031,0.007237,0.201246,-0.000830,-0.321189,0.281139,-0.000790,-0.021237,0.011217,-0.421617,-0.032594,0.190784,-0.007830,0.016618,0.091912,-0.005158
318,16.780000,-0.076090,-0.019669,-0.172611,0.053614,-0.152484,0.064630,-0.369100,-0.348983,0.336406,-0.206173,0.005102,-0.014021,0.065712,0.252159,0.007121,0.002373,-0.121611,-0.361835,0.213091,0.055758,0.114168,0.000447,-0.247214,-0.037084,-0.119986,-0.097652,0.184222,-0.087160,0.148206,-0.168444,0.028274,-0.107805,-0.269709,-0.019535,0.275227,0.022074,-0.046062,0.315885,-0.029199,-0.035370,-0.635723,-0.270883,0.318303,0.144222,0.392736,-0.313327,0.217031,-0.146856,-0.120263,-0.492001,-0.263755,-0.093981,0.130840,0.003961,0.293600,0.430945,-0.306203,-0.137102,0.245310,-0.089895,-0.294290,-0.011594,0.272645,0.042964,0.271182,0.012008,0.074574,-0.008100,0.101266,0.148151,0.328354,0.370190,-0.008836,-0.216067,-0.028969,0.242117,-0.012378,0.264045,0.296171,-0.046407,0.420747,0.294631,0.331220,-0.096114,0.373804,-0.283850,-0.042206,-0.307171,0.132271,-0.004708,-0.049302,0.006895,0.066684,0.048648,0.019743,0.212116,-0.105394,-0.309321,0.147345,0.281527,-0.382255,0.297159,-0.209920,0.155319,0.138245,-0.092324,0.163900,-0.006045,0.056166,-0.010398,0.265687,-0.328322,0.084696,0.005886,0.199933,-0.000732,-0.324080,0.275336,-0.000624,-0.020922,0.006180,-0.421445,-0.025457,0.193330,-0.007492,0.016756,0.091231,-0.004808
319,16.800000,-0.075066,-0.019398,-0.173116,0.053191,-0.159618,0.062853,-0.365096,-0.351400,0.336423,-0.203613,0.005852,-0.014077,0.068512,0.237150,0.009672,0.002066,-0.120617,-0.362521,0.212547,0.055882,0.110733,0.000421,-0.246271,-0.036260,-0.127742,-0.104291,0.188496,-0.088974,0.148695,-0.164479,0.030739,-0.107599,-0.267390,-0.019724,0.280377,0.022552,-0.045135,0.315521,-0.031443,-0.037067,-0.638375,-0.270462,0.322192,0.146602,0.389422,-0.314024,0.219654,-0.145243,-0.117723,-0.487148,-0.258693,-0.093881,0.127616,0.003663,0.295139,0.437680,-0.304964,-0.136016,0.247733,-0.089960,-0.295354,-0.011106,0.275877,0.044824,0.273502,0.011843,0.074712,-0.010624,0.099144,0.154274,0.328929,0.368339,-0.007547,-0.214796,-0.027092,0.243146,-0.011212,0.263406,0.297630,-0.045389,0.420254,0.296972,0.330335,-0.092590,0.376682,-0.283216,-0.042741,-0.303870,0.129736,-0.003731,-0.048633,0.006756,0.058733,0.046248,0.018802,0.209343,-0.106234,-0.304816,0.145454,0.279504,-0.382747,0.298099,-0.206552,0.155541,0.138366,-0.094744,0.162898,-0.005619,0.055191,-0.009175,0.263635,-0.331524,0.080483,0.006415,0.200543,0.003319,-0.323016,0.277173,-0.000696,-0.021661,0.011466,-0.422231,-0.027416,0.197514,-0.007557,0.015145,0.090988,-0.004597
320,16.820000,-0.073829,-0.020090,-0.172142,0.054704,-0.168855,0.063393,-0.365882,-0.350353,0.337391,-0.204378,0.006204,-0.013789,0.070876,0.221311,0.006681,0.001616,-0.125754,-0.364587,0.214422,0.056458,0.114330,0.000425,-0.252504,-0.034406,-0.133979,-0.119021,0.187202,-0.090939,0.145656,-0.165563,0.028052,-0.109057,-0.264426,-0.019684,0.278942,0.023690,-0.044772,0.319761,-0.031245,-0.038609,-0.641228,-0.266224,0.322311,0.150292,0.388601,-0.318828,0.229044,-0.143744,-0.117027,-0.482119,-0.264214,-0.095115,0.123599,0.003377,0.291284,0.436466,-0.309415,-0.134761,0.247034,-0.090082,-0.292340,-0.010716,0.278105,0.044308,0.277442,0.011138,0.074935,-0.013063,0.097682,0.160002,0.327819,0.370019,-0.006316,-0.213553,-0.024408,0.242922,-0.010741,0.261089,0.299664,-0.045384,0.423609,0.297108,0.334355,-0.091244,0.374730,-0.283193,-0.045669,-0.300323,0.128437,-0.002528,-0.050191,0.007722,0.059445,0.050413,0.017862,0.205233,-0.108601,-0.304307,0.144194,0.280053,-0.380808,0.305222,-0.205441,0.151893,0.139323,-0.093515,0.159813,-0.005434,0.052737,-0.009959,0.266025,-0.332156,0.078605,0.005904,0.197496,0.006062,-0.320666,0.275917,-0.000899,-0.023400,0.009961,-0.423538,-0.026824,0.198592,-0.007880,0.018826,0.090698,-0.004377
321,16.840000,-0.073166,-0.018880,-0.168767,0.057286,-0.175280,0.063176,-0.361416,-0.350438,0.333534,-0.203912,0.007826,-0.013333,0.068638,0.205550,0.007057,0.001540,-0.123159,-0.366230,0.217328,0.055468,0.115287,0.000366,-0.254595,-0.033455,-0.138571,-0.126766,0.187869,-0.092981,0.142022,-0.163582,0.026404,-0.109625,-0.267146,-0.020531,0.276807,0.024629,-0.043798,0.317410,-0.032090,-0.040506,-0.644320,-0.264123,0.325716,0.152549,0.388038,-0.319719,0.231930,-0.141037,-0.115442,-0.476124,-0.264453,-0.094630,0.121073,0.003144,0.290321,0.438354,-0.307314,-0.134502,0.246987,-0.090806,-0.291545,-0.010492,0.280718,0.046470,0.280289,0.010779,0.071665,-0.015490,0.095765,0.165561,0.326884,0.368356,-0.005218,-0.215746,-0.026464,0.248429,-0.010025,0.261732,0.302670,-0.045262,0.421245,0.300165,0.334204,-0.091562,0.373975,-0.281822,-0.046120,-0.300047,0.126121,-0.001475,-0.049704,0.007093,0.053845,0.048190,0.016570,0.203556,-0.111442,-0.300759,0.143374,0.279699,-0.382514,0.307190,-0.203023,0.150763,0.140086,-0.093932,0.157957,-0.005019,0.054046,-0.007251,0.266878,-0.332264,0.076359,0.006312,0.201788,0.007729,-0.322531,0.272369,-0.000739,-0.025284,0.014281,-0.425485,-0.027186,0.200262,-0.007349,0.017024,0.090873,-0.004287
322,16.860000,-0.072082,-0.019467,-0.167026,0.058600,-0.186043,0.062974,-0.363921,-0.345752,0.337202,-0.204725,0.007455,-0.012945,0.073206,0.190477,0.006936,0.001275,-0.128870,-0.362225,0.218340,0.055847,0.119444,0.000358,-0.260646,-0.031894,-0.137656,-0.143256,0.186070,-0.095545,0.143572,-0.165325,0.024528,-0.109512,-0.264474,-0.021099,0.279550,0.025523,-0.041560,0.323263,-0.031111,-0.042272,-0.646377,-0.260695,0.323658,0.155524,0.388262,-0.323724,0.241412,-0.139229,-0.114075,-0.472257,-0.268341,-0.094157,0.117556,0.002857,0.287590,0.435550,-0.313430,-0.131491,0.246179,-0.090623,-0.292307,-0.010363,0.283752,0.051132,0.287831,0.010150,0.073178,-0.017671,0.094104,0.169497,0.326916,0.369713,-0.004217,-0.215318,-0.023141,0.247652,-0.009875,0.257621,0.305120,-0.045111,0.429559,0.296190,0.334833,-0.089366,0.375683,-0.282967,-0.048770,-0.296192,0.124489,-0.001265,-0.050203,0.007686,0.057080,0.052414,0.016114,0.199727,-0.112472,-0.303546,0.142810,0.280350,-0.378788,0.312300,-0.202518,0.147175,0.140291,-0.093348,0.157358,-0.004886,0.052408,-0.006104,0.267217,-0.336547,0.075544,0.006587,0.198973,0.010211,-0.322470,0.268503,-0.001062,-0.028123,0.012878,-0.428683,-0.024531,0.202767,-0.007895,0.022361,0.090963,-0.004220
323,16.880000,-0.071105,-0.017496,-0.168630,0.063724,-0.194872,0.062389,-0.362672,-0.352020,0.332716,-0.204524,0.008266,-0.012287,0.066328,0.175746,0.003821,0.001488,-0.129277,-0.366907,0.222712,0.055312,0.125937,0.000319,-0.259627,-0.031147,-0.140781,-0.154511,0.184060,-0.098396,0.139084,-0.165021,0.022310,-0.110104,-0.266492,-0.021413,0.272203,0.027206,-0.040256,0.321334,-0.032182,-0.042698,-0.649422,-0.256166,0.332764,0.158557,0.387463,-0.319787,0.243903,-0.133796,-0.112580,-0.468329,-0.263152,-0.094289,0.118603,0.002600,0.288460,0.444348,-0.313282,-0.129329,0.244578,-0.089625,-0.282347,-0.010333,0.285104,0.050552,0.291729,0.009995,0.062891,-0.019614,0.092209,0.174431,0.328553,0.368036,-0.003314,-0.217488,-0.024388,0.243595,-0.009511,0.257177,0.311714,-0.046755,0.421006,0.298148,0.334157,-0.090539,0.370781,-0.281431,-0.051326,-0.299931,0.123274,-0.000128,-0.050209,0.007970,0.061604,0.044516,0.014465,0.196929,-0.113048,-0.302532,0.139857,0.281450,-0.381547,0.313196,-0.197451,0.152056,0.140508,-0.081547,0.156947,-0.004502,0.052385,-0.007697,0.268572,-0.330875,0.075773,0.007239,0.199789,0.010211,-0.322795,0.264854,-0.001408,-0.028858,0.024404,-0.432862,-0.031308,0.203878,-0.006192,0.019999,0.092143,-0.004174
324,16.900000,-0.070540,-0.017210,-0.164731,0.058389,-0.205887,0.061747,-0.369532,-0.348916,0.336302,-0.201199,0.008466,-0.011752,0.070857,0.160974,0.006756,0.001588,-0.134636,-0.364381,0.223862,0.054341,0.128701,0.000298,-0.261607,-0.030125,-0.147588,-0.169347,0.189364,-0.100327,0.133861,-0.161231,0.022576,-0.108515,-0.261479,-0.021891,0.274097,0.028055,-0.038085,0.321574,-0.032653,-0.044104,-0.651558,-0.254795,0.332901,0.160699,0.383866,-0.317448,0.244738,-0.131103,-0.110382,-0.463212,-0.262812,-0.093693,0.113872,0.002373,0.288428,0.444904,-0.310150,-0.129105,0.244581,-0.089064,-0.287443,-0.010556,0.290445,0.053676,0.288841,0.009254,0.069099,-0.021914,0.090023,0.178422,0.325277,0.368441,-0.002414,-0.217599,-0.023861,0.245880,-0.008791,0.256069,0.314334,-0.044369,0.431766,0.303603,0.337593,-0.090596,0.371119,-0.283870,-0.053798,-0.293109,0.122114,0.000497,-0.050318,0.008490,0.062154,0.043618,0.014938,0.193031,-0.116363,-0.296024,0.139845,0.278217,-0.379230,0.311625,-0.197424,0.145141,0.141443,-0.085451,0.155672,-0.004221,0.053296,-0.005991,0.266600,-0.331836,0.075927,0.007474,0.199440,0.013950,-0.318517,0.263802,-0.001184,-0.031499,0.025399,-0.434360,-0.032368,0.202915,-0.006339,0.021465,0.093996,-0.003819
325,16.920000,-0.070030,-0.017940,-0.161329,0.057184,-0.215604,0.061879,-0.367271,-0.348413,0.334358,-0.197734,0.009197,-0.011081,0.073026,0.145648,0.007955,0.001699,-0.135669,-0.366593,0.224404,0.053993,0.132520,0.000273,-0.262477,-0.028214,-0.154087,-0.176793,0.192264,-0.102386,0.131801,-0.160840,0.021385,-0.108600,-0.258203,-0.022149,0.274720,0.028573,-0.037291,0.321943,-0.032774,-0.044593,-0.653350,-0.253172,0.333640,0.162535,0.381006,-0.316348,0.252954,-0.130278,-0.109486,-0.458264,-0.263819,-0.093292,0.109815,0.002065,0.291674,0.442958,-0.311979,-0.128595,0.244400,-0.087710,-0.287916,-0.010873,0.292632,0.054260,0.285705,0.008556,0.070110,-0.023799,0.087750,0.184796,0.321949,0.371120,-0.001515,-0.217989,-0.018726,0.252335,-0.008526,0.251847,0.313292,-0.042952,0.430193,0.312853,0.345305,-0.091452,0.373260,-0.282456,-0.052505,-0.287526,0.120670,0.000284,-0.049976,0.008394,0.058799,0.044287,0.014847,0.190030,-0.119299,-0.295392,0.137496,0.277618,-0.379244,0.316472,-0.194382,0.139957,0.142985,-0.092712,0.151368,-0.003996,0.053040,-0.006167,0.268285,-0.333066,0.076383,0.007563,0.199515,0.014569,-0.321567,0.259158,-0.001200,-0.033391,0.026966,-0.435926,-0.031154,0.201091,-0.006093,0.021454,0.093410,-0.003539
326,16.940000,-0.068866,-0.016628,-0.153596,0.060209,-0.226870,0.062265,-0.373739,-0.353057,0.335984,-0.199164,0.008433,-0.010770,0.069039,0.130464,0.001757,0.001752,-0.140452,-0.370930,0.228703,0.052874,0.137669,0.000252,-0.267647,-0.026280,-0.156455,-0.185936,0.188919,-0.106223,0.130519,-0.159608,0.017807,-0.110483,-0.255598,-0.022771,0.263714,0.028921,-0.037561,0.318652,-0.033061,-0.044315,-0.656027,-0.249229,0.332335,0.164369,0.385384,-0.319166,0.258332,-0.128265,-0.106182,-0.456138,-0.270557,-0.094058,0.111037,0.001783,0.286929,0.445616,-0.313769,-0.128767,0.243493,-0.086329,-0.280859,-0.011224,0.292398,0.053873,0.294705,0.007785,0.070444,-0.026136,0.086529,0.189753,0.316466,0.372866,-0.000922,-0.221826,-0.017749,0.250935,-0.008525,0.254012,0.315386,-0.043195,0.437185,0.308218,0.353229,-0.091266,0.370894,-0.278434,-0.054605,-0.286864,0.118388,0.000614,-0.049643,0.008968,0.061067,0.039249,0.014023,0.191004,-0.121834,-0.295757,0.136831,0.283166,-0.376373,0.325122,-0.194395,0.140088,0.138546,-0.090818,0.150933,-0.003796,0.052272,-0.004614,0.271659,-0.327282,0.078308,0.007396,0.198976,0.014092,-0.320037,0.256884,-0.000902,-0.038097,0.027744,-0.441282,-0.031023,0.199189,-0.006152,0.019666,0.095535,-0.003650
327,16.960000,-0.068802,-0.016183,-0.150127,0.062567,-0.236781,0.061300,-0.371668,-0.345996,0.333200,-0.198801,0.009791,-0.010230,0.075042,0.116681,0.004186,0.001606,-0.141575,-0.364577,0.226953,0.053100,0.136296,0.000218,-0.267155,-0.024825,-0.157227,-0.202653,0.188140,-0.108732,0.129603,-0.158688,0.017329,-0.110743,-0.252867,-0.023812,0.273966,0.029161,-0.034415,0.322565,-0.033238,-0.044652,-0.657626,-0.249858,0.330896,0.166244,0.382829,-0.318861,0.266281,-0.127441,-0.104895,-0.450767,-0.265469,-0.095324,0.109337,0.001525,0.285734,0.442738,-0.317690,-0.127843,0.242475,-0.085370,-0.285788,-0.011588,0.294086,0.055291,0.303573,0.007291,0.072525,-0.027659,0.083849,0.194176,0.320030,0.373440,-0.000424,-0.221686,-0.015761,0.254053,-0.008601,0.248437,0.317369,-0.042152,0.442882,0.312825,0.356646,-0.090939,0.376491,-0.277633,-0.053565,-0.283074,0.115639,0.000453,-0.049436,0.008420,0.060513,0.045082,0.013940,0.186658,-0.123648,-0.296735,0.136610,0.282745,-0.374842,0.327271,-0.193449,0.134933,0.140692,-0.097312,0.149000,-0.003579,0.056504,-0.007730,0.269950,-0.332504,0.080292,0.009226,0.200660,0.016604,-0.320884,0.251988,-0.000234,-0.040740,0.032585,-0.446436,-0.026046,0.201508,-0.006183,0.021921,0.094532,-0.003709
328,16.980000,-0.067603,-0.015793,-0.148826,0.059500,-0.250759,0.060945,-0.363630,-0.348022,0.328379,-0.194132,0.009433,-0.009999,0.071524,0.102022,0.005212,0.001493,-0.137800,-0.363842,0.225037,0.052694,0.137550,0.000193,-0.263273,-0.024515,-0.164534,-0.211122,0.187744,-0.111307,0.127548,-0.160308,0.019795,-0.111733,-0.255042,-0.024084,0.272217,0.029629,-0.033644,0.321158,-0.034107,-0.044929,-0.660125,-0.247633,0.334744,0.167683,0.376180,-0.315873,0.270560,-0.126300,-0.102725,-0.450328,-0.272284,-0.094252,0.106861,0.001203,0.283960,0.445065,-0.317604,-0.125826,0.242234,-0.084379,-0.282319,-0.012148,0.298039,0.056673,0.312606,0.006677,0.067894,-0.029988,0.081993,0.198874,0.317174,0.369078,-0.000110,-0.225508,-0.016752,0.258387,-0.008274,0.251004,0.320633,-0.040519,0.440633,0.313931,0.362268,-0.089954,0.375922,-0.277492,-0.051332,-0.282271,0.113070,0.001535,-0.049209,0.006022,0.062738,0.042126,0.014312,0.183628,-0.124512,-0.297027,0.134656,0.279490,-0.374523,0.332114,-0.186323,0.134696,0.138996,-0.097698,0.147354,-0.003277,0.057867,-0.001214,0.273292,-0.339350,0.082094,0.010359,0.202793,0.019340,-0.320805,0.251066,0.000007,-0.044022,0.041725,-0.448237,-0.026495,0.200755,-0.005845,0.023499,0.095185,-0.003688
329,17.000000,-0.067596,-0.015158,-0.145324,0.065651,-0.263961,0.061831,-0.364829,-0.341085,0.326754,-0.196010,0.009715,-0.009585,0.073748,0.088456,0.000470,0.001531,-0.142399,-0.359000,0.227635,0.053312,0.144065,0.000187,-0.270723,-0.023288,-0.159633,-0.229528,0.184764,-0.115183,0.127131,-0.161696,0.018071,-0.113590,-0.254000,-0.025336,0.271739,0.031054,-0.030944,0.327794,-0.033175,-0.045335,-0.661589,-0.243780,0.332262,0.170147,0.377573,-0.322401,0.279943,-0.122719,-0.100901,-0.444344,-0.272745,-0.095491,0.108236,0.000914,0.280988,0.440614,-0.321283,-0.124240,0.238808,-0.083317,-0.281844,-0.012778,0.301236,0.058374,0.322362,0.006156,0.066605,-0.031352,0.081583,0.203171,0.321631,0.371726,0.000194,-0.225706,-0.016174,0.258405,-0.008389,0.248738,0.323368,-0.041380,0.447100,0.309337,0.364494,-0.089645,0.374377,-0.277247,-0.053131,-0.278639,0.110886,0.001496,-0.050271,0.005768,0.067287,0.046778,0.013233,0.181460,-0.126228,-0.303636,0.135158,0.283797,-0.368130,0.333572,-0.187471,0.129831,0.141355,-0.093096,0.146117,-0.003145,0.059117,0.001257,0.272641,-0.341204,0.084919,0.010413,0.202557,0.021087,-0.323082,0.246512,0.000529,-0.045802,0.034986,-0.452454,-0.022638,0.204143,-0.006077,0.026005,0.095111,-0.003529
330,17.020000,-0.066361,-0.013918,-0.144123,0.062351,-0.274954,0.060524,-0.360084,-0.340615,0.323681,-0.192049,0.010129,-0.009210,0.070979,0.074719,0.006173,0.001522,-0.141159,-0.361356,0.229364,0.052261,0.143000,0.000146,-0.263929,-0.022899,-0.165241,-0.231652,0.187796,-0.117860,0.123901,-0.158165,0.021287,-0.112823,-0.254155,-0.025972,0.268652,0.031836,-0.029574,0.326811,-0.034623,-0.045224,-0.664222,-0.242736,0.338083,0.171539,0.373826,-0.313794,0.277756,-0.119354,-0.098737,-0.441941,-0.270139,-0.094664,0.104536,0.000653,0.281053,0.447229,-0.317372,-0.123948,0.237698,-0.082294,-0.279430,-0.013477,0.307334,0.061033,0.323528,0.005788,0.065607,-0.033532,0.078474,0.207751,0.320100,0.369839,0.000356,-0.228355,-0.018644,0.260981,-0.007945,0.248181,0.326831,-0.039611,0.446189,0.314242,0.365414,-0.089821,0.376978,-0.277699,-0.051326,-0.275343,0.108327,0.002531,-0.049471,0.004141,0.064610,0.037847,0.012868,0.178958,-0.127392,-0.299503,0.132842,0.280711,-0.370550,0.332037,-0.181230,0.129896,0.140360,-0.092823,0.145191,-0.002814,0.060178,0.005358,0.273658,-0.342375,0.086701,0.010953,0.203876,0.023983,-0.320489,0.246051,0.000741,-0.047945,0.045137,-0.454717,-0.024844,0.203759,-0.005245,0.025220,0.095616,-0.003443
331,17.040000,-0.066028,-0.013109,-0.144601,0.065318,-0.290425,0.061222,-0.366657,-0.345503,0.323552,-0.192869,0.008941,-0.008797,0.066535,0.061219,-0.004689,0.001448,-0.147428,-0.363727,0.232927,0.052699,0.154509,0.000166,-0.267428,-0.022078,-0.170173,-0.242324,0.186475,-0.121705,0.119870,-0.159099,0.019101,-0.114814,-0.250883,-0.026234,0.260101,0.033657,-0.028109,0.324951,-0.034500,-0.044617,-0.665118,-0.237617,0.345437,0.173749,0.370104,-0.315508,0.281347,-0.115591,-0.097765,-0.439178,-0.267785,-0.095342,0.107788,0.000382,0.280095,0.453327,-0.319054,-0.121608,0.235155,-0.080329,-0.271133,-0.014309,0.306804,0.058952,0.325964,0.005329,0.058736,-0.034696,0.077720,0.213915,0.320284,0.367316,0.000601,-0.230809,-0.017557,0.253075,-0.007968,0.245847,0.330409,-0.041173,0.443743,0.315814,0.372598,-0.090161,0.372464,-0.278505,-0.055127,-0.273349,0.107828,0.003977,-0.050833,0.005062,0.075468,0.035947,0.011833,0.174419,-0.129978,-0.300504,0.131984,0.281993,-0.368898,0.333701,-0.179657,0.131756,0.142093,-0.079759,0.144366,-0.002698,0.060290,0.005022,0.272632,-0.337877,0.090076,0.010688,0.200378,0.025244,-0.319339,0.243760,0.000513,-0.048838,0.053159,-0.458185,-0.030882,0.206598,-0.004479,0.023040,0.097649,-0.003514
332,17.060000,-0.065898,-0.013211,-0.141405,0.064696,-0.302802,0.060402,-0.364806,-0.337485,0.324770,-0.188465,0.010181,-0.008496,0.071569,0.048325,-0.005544,0.001454,-0.147460,-0.358435,0.234834,0.052083,0.155367,0.000127,-0.270040,-0.019411,-0.171596,-0.250251,0.188120,-0.125623,0.117866,-0.153605,0.017842,-0.113364,-0.247622,-0.027053,0.265733,0.034011,-0.026980,0.328341,-0.034524,-0.044442,-0.666620,-0.236441,0.344851,0.175566,0.365900,-0.314663,0.282730,-0.114415,-0.096162,-0.430239,-0.268379,-0.095748,0.103089,0.000116,0.280459,0.449895,-0.319677,-0.124697,0.235939,-0.079483,-0.278010,-0.015003,0.313091,0.059623,0.327692,0.004812,0.065555,-0.036471,0.075759,0.218965,0.321745,0.373235,0.000650,-0.230027,-0.016401,0.260889,-0.007743,0.241995,0.328786,-0.039590,0.452793,0.319083,0.373337,-0.090106,0.375224,-0.281297,-0.052365,-0.271664,0.104759,0.003738,-0.049805,0.004735,0.070939,0.034598,0.011718,0.170732,-0.133333,-0.295188,0.131551,0.284214,-0.369912,0.331180,-0.181393,0.125757,0.144128,-0.085531,0.141613,-0.002430,0.061255,0.002033,0.272420,-0.336003,0.092664,0.010921,0.201519,0.026794,-0.319163,0.238147,0.000557,-0.050337,0.045089,-0.455160,-0.022857,0.208696,-0.005111,0.024804,0.096697,-0.003205
333,17.080000,-0.066572,-0.012983,-0.161576,0.086693,-0.326138,0.063919,-0.360790,-0.346709,0.337128,-0.171098,0.008780,-0.008401,0.057997,0.035715,-0.044722,0.001264,-0.159154,-0.366165,0.227340,0.053410,0.179257,0.000122,-0.260757,-0.016032,-0.172681,-0.253212,0.194738,-0.130291,0.122072,-0.135328,0.019373,-0.113214,-0.237647,-0.026551,0.269908,0.031483,-0.027533,0.339198,-0.037364,-0.043898,-0.664477,-0.224662,0.360495,0.177286,0.366574,-0.323845,0.285899,-0.108751,-0.092069,-0.414319,-0.260329,-0.093616,0.093456,-0.000215,0.288300,0.461701,-0.325938,-0.137407,0.231951,-0.076068,-0.288509,-0.015492,0.313673,0.044389,0.347487,0.004408,0.084745,-0.039633,0.078615,0.223170,0.331814,0.377719,0.000232,-0.236368,-0.008924,0.289339,-0.008443,0.235811,0.323046,-0.038838,0.465683,0.318118,0.368595,-0.083034,0.398450,-0.289553,-0.059571,-0.272420,0.100299,0.001719,-0.048013,0.008744,0.104567,0.028626,0.009365,0.173924,-0.138254,-0.272363,0.129404,0.279559,-0.357225,0.323649,-0.180186,0.121116,0.141264,-0.074679,0.139190,-0.002624,0.057386,-0.002150,0.293012,-0.320618,0.093781,0.012642,0.199869,0.028828,-0.314933,0.239338,-0.000137,-0.063431,0.029508,-0.447613,-0.000390,0.214211,-0.009977,0.027098,0.094505,-0.002904
334,17.100000,-0.069100,-0.010895,-0.173419,0.111542,-0.342078,0.065623,-0.350256,-0.341646,0.358940,-0.168096,0.009979,-0.008220,0.047191,0.023859,-0.085151,0.000959,-0.156736,-0.362622,0.216877,0.056370,0.194502,0.000095,-0.257872,-0.013315,-0.165672,-0.267778,0.192374,-0.133210,0.119559,-0.123544,0.028232,-0.122132,-0.231849,-0.027232,0.261390,0.030283,-0.028710,0.344499,-0.041169,-0.042653,-0.663738,-0.220344,0.368348,0.179177,0.363560,-0.337405,0.284815,-0.108686,-0.088097,-0.407230,-0.258136,-0.096132,0.087015,-0.000687,0.288367,0.465270,-0.325289,-0.146676,0.231883,-0.074085,-0.294856,-0.015881,0.301694,0.021933,0.367494,0.004103,0.095973,-0.042101,0.077847,0.225568,0.350542,0.379516,-0.000669,-0.243143,-0.003436,0.309452,-0.009216,0.232045,0.321796,-0.038679,0.467779,0.309204,0.368871,-0.078150,0.398109,-0.294984,-0.060236,-0.265422,0.095290,-0.000549,-0.044925,0.012165,0.128758,0.024812,0.007165,0.168197,-0.144308,-0.254671,0.132270,0.281395,-0.356728,0.315102,-0.183027,0.117713,0.144104,-0.063793,0.137435,-0.002731,0.057632,-0.012910,0.305119,-0.301859,0.094159,0.017658,0.197705,0.031589,-0.310311,0.237331,0.000675,-0.074524,0.021575,-0.437207,0.020026,0.223950,-0.015794,0.033422,0.092880,-0.002685
335,17.120000,-0.071477,-0.009768,-0.185106,0.134457,-0.363823,0.068224,-0.347466,-0.344903,0.383996,-0.156902,0.009234,-0.006499,0.034191,0.011941,-0.132984,0.000192,-0.163239,-0.373471,0.205503,0.056911,0.209332,0.000071,-0.253536,-0.010253,-0.163930,-0.267197,0.196191,-0.138164,0.119937,-0.104941,0.041033,-0.127680,-0.221090,-0.027657,0.254173,0.028605,-0.030904,0.349869,-0.046038,-0.040385,-0.663268,-0.214667,0.383466,0.180994,0.356450,-0.346628,0.284671,-0.099720,-0.083720,-0.397504,-0.256018,-0.096760,0.076435,-0.001178,0.291449,0.470392,-0.326275,-0.155629,0.234023,-0.073265,-0.310326,-0.016090,0.297321,-0.004575,0.381093,0.003774,0.122350,-0.044147,0.078049,0.226056,0.353985,0.382754,-0.001977,-0.248904,0.004600,0.334083,-0.009974,0.227674,0.315319,-0.037847,0.483227,0.305459,0.368229,-0.076117,0.413009,-0.300620,-0.065872,-0.252937,0.089675,-0.002294,-0.042728,0.019727,0.146735,0.020941,0.003460,0.166628,-0.154921,-0.234798,0.134596,0.273734,-0.350738,0.308236,-0.188448,0.114836,0.145707,-0.057889,0.138943,-0.002525,0.052754,-0.021448,0.312894,-0.280305,0.094524,0.022918,0.191222,0.036726,-0.302153,0.235419,0.001360,-0.091612,0.011498,-0.421933,0.051982,0.234310,-0.021932,0.039466,0.090463,-0.002560
336,17.140000,-0.072151,-0.009164,-0.179084,0.147191,-0.381832,0.068042,-0.347138,-0.343446,0.386547,-0.165054,0.009931,-0.006589,0.026464,0.000550,-0.152341,-0.000060,-0.155519,-0.384408,0.196769,0.057338,0.211927,0.000056,-0.256421,-0.009680,-0.163071,-0.269640,0.190891,-0.141132,0.115098,-0.109961,0.051277,-0.143469,-0.221491,-0.028569,0.243674,0.029625,-0.033914,0.338130,-0.048690,-0.036623,-0.664309,-0.218162,0.386135,0.182874,0.343631,-0.357829,0.290431,-0.098493,-0.081860,-0.410696,-0.266438,-0.098155,0.074851,-0.001924,0.289200,0.465931,-0.327952,-0.147792,0.240970,-0.074903,-0.304578,-0.016271,0.280667,-0.028246,0.382346,0.003655,0.111123,-0.046218,0.074543,0.227728,0.347743,0.374585,-0.003533,-0.250449,0.012225,0.325356,-0.010553,0.225023,0.312728,-0.038457,0.473426,0.304847,0.384299,-0.079399,0.395382,-0.298496,-0.063166,-0.250363,0.086650,-0.002384,-0.041670,0.024037,0.139280,0.019908,-0.000636,0.155035,-0.161354,-0.242248,0.137872,0.272192,-0.361871,0.320769,-0.190430,0.121619,0.152740,-0.052154,0.141348,-0.001904,0.048765,-0.037215,0.298863,-0.265690,0.097709,0.027269,0.184076,0.036255,-0.306883,0.230339,0.002773,-0.097053,0.029658,-0.415871,0.062227,0.242197,-0.022595,0.043508,0.089030,-0.002862
337,17.160000,-0.070432,-0.009513,-0.172509,0.144597,-0.405659,0.068646,-0.337818,-0.333547,0.381653,-0.161276,0.010188,-0.006882,0.029354,-0.010067,-0.155718,-0.000058,-0.156476,-0.390681,0.187971,0.054611,0.204559,0.000031,-0.258228,-0.009299,-0.171885,-0.269651,0.190405,-0.146733,0.115085,-0.107675,0.059363,-0.147401,-0.223119,-0.029918,0.249730,0.029624,-0.036594,0.337595,-0.051625,-0.035184,-0.665847,-0.223999,0.377410,0.185113,0.328162,-0.364695,0.300445,-0.095103,-0.079852,-0.407570,-0.287218,-0.099164,0.068895,-0.002550,0.280249,0.460953,-0.333682,-0.147766,0.251069,-0.076819,-0.315955,-0.016491,0.287350,-0.037390,0.390313,0.003189,0.111480,-0.048173,0.072986,0.228671,0.339212,0.364368,-0.005148,-0.245478,0.010675,0.330602,-0.010235,0.231183,0.315115,-0.035391,0.484769,0.303336,0.391359,-0.079320,0.390493,-0.295948,-0.057594,-0.248951,0.082359,-0.001136,-0.041817,0.024285,0.119829,0.018577,-0.003115,0.151311,-0.164783,-0.245424,0.140823,0.257976,-0.365086,0.338288,-0.192187,0.126335,0.154788,-0.059659,0.143133,-0.001110,0.047510,-0.039063,0.288278,-0.269108,0.101703,0.030747,0.181197,0.037060,-0.312664,0.230845,0.004765,-0.103131,0.030981,-0.407735,0.079437,0.246237,-0.024419,0.055714,0.086091,-0.002848
338,17.180000,-0.068596,-0.009568,-0.166313,0.142771,-0.427864,0.069948,-0.333508,-0.337872,0.376358,-0.158273,0.010814,-0.006480,0.023457,-0.021301,-0.156539,-0.000028,-0.164077,-0.411083,0.182005,0.051969,0.205967,0.000014,-0.251180,-0.010353,-0.184281,-0.261673,0.198716,-0.149115,0.114437,-0.108809,0.063705,-0.149945,-0.222837,-0.030046,0.257694,0.029381,-0.037173,0.335784,-0.052930,-0.033009,-0.667281,-0.224337,0.378717,0.187016,0.329964,-0.365152,0.305194,-0.089056,-0.076420,-0.405172,-0.295662,-0.098729,0.061393,-0.003113,0.279368,0.466175,-0.341802,-0.145112,0.250723,-0.076068,-0.317037,-0.016833,0.295454,-0.042118,0.386857,0.002805,0.113269,-0.049245,0.071528,0.233526,0.321266,0.359450,-0.006658,-0.244420,0.011213,0.333051,-0.009498,0.223824,0.309620,-0.033037,0.494936,0.307417,0.396341,-0.081590,0.394032,-0.294575,-0.059523,-0.242918,0.079923,-0.000214,-0.042274,0.028178,0.098548,0.008000,-0.007968,0.153755,-0.170493,-0.250389,0.138229,0.241872,-0.360114,0.349571,-0.185936,0.127509,0.155270,-0.062131,0.142794,-0.000707,0.041506,-0.038811,0.284251,-0.271758,0.105936,0.030849,0.178284,0.037953,-0.317949,0.237140,0.005654,-0.112348,0.039556,-0.409537,0.090240,0.245774,-0.025533,0.055708,0.082985,-0.003115
339,17.200000,-0.067377,-0.007960,-0.163856,0.143671,-0.440465,0.073099,-0.316221,-0.333699,0.377806,-0.162005,0.011758,-0.006560,0.016462,-0.031919,-0.158390,0.000028,-0.165326,-0.415787,0.175966,0.052759,0.213180,-0.000005,-0.256314,-0.011628,-0.197671,-0.263664,0.195196,-0.151976,0.111727,-0.110518,0.067747,-0.155067,-0.224529,-0.030425,0.260508,0.029353,-0.038100,0.337278,-0.054285,-0.032175,-0.667522,-0.224452,0.379635,0.189654,0.327157,-0.367561,0.311269,-0.089433,-0.077252,-0.399481,-0.299288,-0.100985,0.064305,-0.003726,0.276538,0.472679,-0.351154,-0.148780,0.246999,-0.074439,-0.313199,-0.017253,0.299981,-0.048850,0.395607,0.002448,0.095922,-0.046804,0.069705,0.241163,0.322784,0.349020,-0.008052,-0.240943,0.004469,0.339372,-0.009464,0.223806,0.317119,-0.032823,0.494605,0.309725,0.406138,-0.079624,0.382290,-0.289258,-0.051245,-0.242882,0.077763,0.001343,-0.042513,0.028817,0.096857,0.001202,-0.009141,0.152872,-0.174175,-0.251012,0.139650,0.229861,-0.367918,0.358059,-0.180431,0.134648,0.160644,-0.059819,0.138305,-0.000558,0.044723,-0.040369,0.284700,-0.275179,0.110349,0.034551,0.179225,0.040778,-0.325390,0.244003,0.007716,-0.120027,0.054704,-0.410504,0.087183,0.248800,-0.027456,0.059185,0.082159,-0.003119
340,17.220000,-0.066958,-0.007025,-0.160889,0.141711,-0.452287,0.075007,-0.306907,-0.329794,0.375987,-0.165505,0.011158,-0.005632,0.014431,-0.041890,-0.159250,0.000034,-0.170164,-0.417633,0.170805,0.051636,0.228098,-0.000022,-0.261937,-0.012316,-0.209641,-0.264999,0.192153,-0.152970,0.110479,-0.112807,0.068440,-0.154710,-0.224607,-0.030723,0.267697,0.029394,-0.036753,0.339340,-0.052046,-0.032085,-0.668030,-0.222176,0.384551,0.191667,0.326074,-0.365395,0.310322,-0.088407,-0.078162,-0.389860,-0.297127,-0.101584,0.066462,-0.004017,0.274351,0.474208,-0.362098,-0.149144,0.244610,-0.074187,-0.313516,-0.017588,0.311457,-0.050162,0.391537,0.002137,0.088461,-0.043680,0.068403,0.250147,0.314431,0.342167,-0.009350,-0.235086,-0.000157,0.343240,-0.009221,0.220630,0.319667,-0.032371,0.500908,0.311391,0.412000,-0.081818,0.384269,-0.287609,-0.046322,-0.245499,0.076981,0.003071,-0.043759,0.029703,0.098555,-0.001301,-0.009286,0.153553,-0.181845,-0.247296,0.139605,0.217132,-0.371384,0.358420,-0.176079,0.135905,0.167920,-0.060245,0.132053,-0.000552,0.050029,-0.034091,0.283475,-0.283394,0.114241,0.036626,0.180699,0.044081,-0.327431,0.246593,0.010129,-0.125192,0.069474,-0.409998,0.080392,0.251135,-0.028688,0.059262,0.081757,-0.003339
341,17.240000,-0.066624,-0.006363,-0.160222,0.142518,-0.460776,0.079169,-0.303502,-0.325443,0.369154,-0.169341,0.011776,-0.004847,0.012424,-0.051343,-0.161989,-0.000065,-0.170146,-0.409961,0.165297,0.051493,0.244449,-0.000032,-0.265941,-0.012793,-0.211516,-0.266107,0.188455,-0.153888,0.112458,-0.115598,0.068086,-0.156908,-0.225891,-0.030503,0.270320,0.029232,-0.034697,0.337813,-0.050177,-0.032445,-0.668489,-0.218364,0.386575,0.193909,0.326082,-0.372463,0.306760,-0.088431,-0.079209,-0.385007,-0.294530,-0.102069,0.071568,-0.004271,0.275448,0.479439,-0.370713,-0.149654,0.241685,-0.072513,-0.309390,-0.018032,0.317483,-0.046651,0.388874,0.001866,0.075990,-0.040756,0.068279,0.260835,0.308164,0.339409,-0.010493,-0.233391,-0.005332,0.348560,-0.009314,0.217643,0.320032,-0.033225,0.503289,0.312431,0.418047,-0.084073,0.387603,-0.285283,-0.041957,-0.242520,0.076587,0.004144,-0.043555,0.029293,0.104007,-0.002335,-0.007877,0.156462,-0.187328,-0.246497,0.140486,0.211954,-0.373457,0.351014,-0.171553,0.139809,0.177949,-0.054428,0.127089,-0.000532,0.059399,-0.030470,0.283943,-0.291882,0.117662,0.037285,0.184431,0.044393,-0.334320,0.247793,0.012667,-0.127964,0.081802,-0.414440,0.069011,0.254964,-0.029653,0.054714,0.082298,-0.003657
342,17.260000,-0.065298,-0.005914,-0.153697,0.139246,-0.475080,0.080959,-0.308570,-0.317064,0.367716,-0.171548,0.010694,-0.003904,0.012580,-0.059498,-0.161706,-0.000038,-0.171799,-0.399119,0.163580,0.050549,0.258346,-0.000040,-0.268250,-0.012610,-0.207184,-0.266445,0.185789,-0.155927,0.113685,-0.115062,0.062010,-0.158443,-0.227363,-0.030413,0.262860,0.028214,-0.032950,0.331920,-0.049689,-0.033178,-0.668880,-0.215499,0.385234,0.196714,0.321370,-0.385267,0.300471,-0.091487,-0.077795,-0.387803,-0.296076,-0.100585,0.073922,-0.004371,0.271883,0.482171,-0.375504,-0.152062,0.241670,-0.071621,-0.303593,-0.018364,0.321755,-0.032352,0.391349,0.001532,0.067443,-0.041069,0.067224,0.269503,0.300697,0.334325,-0.011591,-0.237599,-0.013257,0.352654,-0.009096,0.221997,0.320310,-0.032398,0.509715,0.308273,0.422010,-0.085062,0.393059,-0.286652,-0.037920,-0.236109,0.075993,0.005139,-0.043243,0.028992,0.113743,-0.008755,-0.004797,0.158657,-0.189026,-0.243345,0.141088,0.212340,-0.371154,0.347927,-0.167344,0.144836,0.182756,-0.048112,0.125290,-0.000524,0.066702,-0.021174,0.284865,-0.293504,0.119196,0.037018,0.186889,0.039634,-0.343586,0.246893,0.014736,-0.128703,0.085975,-0.417953,0.063095,0.251566,-0.031220,0.052205,0.084711,-0.003778
343,17.280000,-0.066654,-0.005633,-0.154952,0.138911,-0.486324,0.082674,-0.311769,-0.310387,0.368787,-0.173971,0.010683,-0.003292,0.016835,-0.068279,-0.165408,-0.000243,-0.174841,-0.385840,0.157482,0.051442,0.267282,-0.000045,-0.264451,-0.011974,-0.201841,-0.272549,0.184431,-0.158283,0.113458,-0.112256,0.055827,-0.155978,-0.223497,-0.030295,0.269319,0.027743,-0.029739,0.337017,-0.048624,-0.034265,-0.668335,-0.215504,0.392778,0.200041,0.318442,-0.387240,0.297991,-0.089928,-0.076805,-0.387555,-0.277480,-0.100549,0.077232,-0.004407,0.275891,0.487906,-0.386163,-0.148731,0.238574,-0.069764,-0.300367,-0.018769,0.326959,-0.022699,0.393548,0.001295,0.062604,-0.040352,0.066643,0.278488,0.304961,0.338642,-0.012732,-0.235223,-0.012933,0.350151,-0.009140,0.219855,0.323740,-0.032481,0.509223,0.313982,0.423338,-0.086331,0.393861,-0.289052,-0.038262,-0.231436,0.075045,0.004087,-0.043136,0.030230,0.118020,-0.005207,-0.003500,0.155748,-0.187723,-0.241958,0.141291,0.213729,-0.370110,0.341066,-0.166339,0.144776,0.192388,-0.043898,0.123100,-0.000624,0.072770,-0.016494,0.279410,-0.295314,0.119845,0.038333,0.189304,0.036731,-0.347249,0.243930,0.016417,-0.129856,0.088044,-0.423480,0.059472,0.250674,-0.032125,0.044311,0.084101,-0.003793
344,17.300000,-0.066834,-0.005568,-0.151961,0.133775,-0.498359,0.084006,-0.313933,-0.306027,0.369886,-0.175836,0.009529,-0.002964,0.019559,-0.076464,-0.167995,-0.000105,-0.172384,-0.375806,0.154176,0.051841,0.273889,-0.000048,-0.269285,-0.011797,-0.198482,-0.271313,0.183422,-0.160971,0.112337,-0.112088,0.052062,-0.155562,-0.220502,-0.030259,0.265209,0.026969,-0.028481,0.335243,-0.048866,-0.034637,-0.667870,-0.215083,0.396163,0.203024,0.310423,-0.395883,0.294647,-0.090477,-0.074547,-0.391676,-0.274212,-0.099531,0.079954,-0.004307,0.274576,0.488764,-0.390801,-0.146909,0.240034,-0.068338,-0.298085,-0.019086,0.331637,-0.012106,0.392298,0.001048,0.061827,-0.039865,0.065823,0.285972,0.302398,0.338986,-0.013727,-0.236530,-0.015481,0.349446,-0.008863,0.220341,0.324858,-0.032096,0.511253,0.314496,0.426888,-0.086642,0.391433,-0.290427,-0.037091,-0.224888,0.073627,0.003443,-0.042794,0.030271,0.118795,-0.004022,-0.002040,0.154005,-0.187239,-0.243553,0.140865,0.218620,-0.366717,0.336897,-0.162726,0.143517,0.197894,-0.041728,0.120921,-0.000543,0.072557,-0.012419,0.272641,-0.296243,0.118801,0.037572,0.185506,0.034792,-0.347871,0.243364,0.016096,-0.128938,0.081513,-0.420639,0.061062,0.248265,-0.033612,0.036663,0.085038,-0.003606
345,17.320000,-0.067512,-0.005454,-0.153475,0.134734,-0.509459,0.087672,-0.313392,-0.299517,0.368575,-0.179971,0.009683,-0.002987,0.021761,-0.084574,-0.172577,-0.000127,-0.172670,-0.368675,0.151299,0.052344,0.281080,-0.000047,-0.272458,-0.011060,-0.195934,-0.274653,0.182159,-0.163260,0.110450,-0.111567,0.047447,-0.153397,-0.217881,-0.030472,0.261133,0.027056,-0.027776,0.339957,-0.049382,-0.035850,-0.668412,-0.215202,0.398816,0.205881,0.308661,-0.403598,0.297907,-0.089758,-0.074111,-0.391624,-0.264654,-0.098187,0.081997,-0.004282,0.272720,0.488352,-0.395728,-0.146396,0.241481,-0.068144,-0.297274,-0.019475,0.333627,-0.005516,0.391108,0.000856,0.059384,-0.040368,0.065244,0.293858,0.306798,0.343706,-0.014669,-0.233981,-0.017061,0.348450,-0.008833,0.219571,0.330516,-0.032260,0.511619,0.319085,0.427836,-0.087489,0.390877,-0.287648,-0.037140,-0.219059,0.072132,0.002347,-0.043551,0.031688,0.116840,0.000875,-0.001779,0.150770,-0.188578,-0.246223,0.139538,0.221607,-0.365076,0.335361,-0.161931,0.139327,0.206651,-0.038479,0.118044,-0.000440,0.074028,-0.009177,0.269813,-0.294797,0.116917,0.037458,0.183222,0.033419,-0.349148,0.244061,0.014997,-0.127803,0.075991,-0.421760,0.064658,0.249084,-0.034357,0.027745,0.083909,-0.003276
346,17.340000,-0.067149,-0.004820,-0.157156,0.143598,-0.520445,0.090874,-0.304514,-0.291258,0.369990,-0.185392,0.008878,-0.003356,0.029408,-0.091236,-0.183349,-0.000604,-0.166815,-0.351169,0.150870,0.055098,0.285815,-0.000045,-0.282232,-0.010272,-0.178249,-0.280427,0.166115,-0.168754,0.114995,-0.113984,0.048050,-0.156265,-0.217475,-0.031338,0.254179,0.027561,-0.026695,0.344721,-0.049737,-0.036824,-0.669017,-0.213774,0.396799,0.208813,0.302857,-0.421412,0.303976,-0.087457,-0.073130,-0.392440,-0.269882,-0.098751,0.092568,-0.004215,0.265417,0.486523,-0.403778,-0.142211,0.240250,-0.067509,-0.290685,-0.019909,0.332287,0.011004,0.408220,0.000666,0.048268,-0.037197,0.064934,0.302072,0.320919,0.345397,-0.015316,-0.232667,-0.019150,0.342378,-0.009307,0.221595,0.337339,-0.035630,0.511631,0.302170,0.423057,-0.085614,0.385996,-0.285990,-0.031798,-0.217535,0.070571,0.000902,-0.043423,0.031802,0.116239,0.006790,-0.001834,0.149363,-0.185690,-0.260893,0.138684,0.230707,-0.357091,0.331002,-0.160664,0.143932,0.210746,-0.019045,0.120231,-0.000415,0.076862,-0.011158,0.263317,-0.304112,0.112653,0.034695,0.175903,0.033435,-0.351930,0.244184,0.015383,-0.119930,0.062097,-0.419478,0.068070,0.259292,-0.036336,0.026447,0.084032,-0.003349
347,17.360000,-0.065552,-0.004607,-0.154850,0.137738,-0.529731,0.091186,-0.311970,-0.289987,0.369026,-0.186030,0.009307,-0.002578,0.027652,-0.098353,-0.174215,-0.000584,-0.168257,-0.352885,0.155877,0.052947,0.282772,-0.000051,-0.276144,-0.010209,-0.182968,-0.276850,0.174232,-0.168866,0.108442,-0.111067,0.052140,-0.149455,-0.217824,-0.031953,0.247576,0.028603,-0.026848,0.343952,-0.051699,-0.038429,-0.672054,-0.215112,0.402741,0.211226,0.299047,-0.418626,0.297767,-0.084309,-0.072349,-0.395659,-0.267066,-0.096725,0.089697,-0.004167,0.260922,0.486345,-0.398076,-0.139560,0.242352,-0.068295,-0.293843,-0.020174,0.345362,0.028008,0.398802,0.000502,0.053619,-0.037929,0.061942,0.308755,0.319374,0.349207,-0.016130,-0.233680,-0.029495,0.339344,-0.008305,0.219144,0.343303,-0.033452,0.519347,0.311423,0.414597,-0.088668,0.390742,-0.285325,-0.036508,-0.211641,0.069142,0.001416,-0.043595,0.033127,0.100164,0.000162,-0.001830,0.148467,-0.186938,-0.260445,0.134407,0.232087,-0.356442,0.326610,-0.156875,0.140990,0.210975,-0.019082,0.124814,-0.000216,0.071709,-0.007402,0.256195,-0.296877,0.108211,0.034078,0.168638,0.034951,-0.347221,0.250353,0.011525,-0.120390,0.062181,-0.417963,0.080318,0.255641,-0.036288,0.023428,0.083798,-0.002980
348,17.380000,-0.065090,-0.004810,-0.161735,0.141958,-0.542888,0.094371,-0.307727,-0.285605,0.374291,-0.187810,0.008745,-0.003563,0.037099,-0.105292,-0.176733,-0.000814,-0.164753,-0.348112,0.156427,0.055430,0.287209,-0.000050,-0.280367,-0.010165,-0.178975,-0.281552,0.173972,-0.172776,0.106921,-0.114941,0.053307,-0.151456,-0.213741,-0.033133,0.248997,0.029852,-0.026315,0.349859,-0.052255,-0.039907,-0.671421,-0.212152,0.399942,0.214195,0.293260,-0.427423,0.303842,-0.083528,-0.071394,-0.394533,-0.272714,-0.093114,0.089119,-0.004108,0.257882,0.477410,-0.401129,-0.138202,0.239793,-0.068202,-0.294067,-0.020627,0.346647,0.039259,0.406741,0.000344,0.053515,-0.038044,0.062099,0.316519,0.328507,0.353190,-0.016896,-0.233174,-0.028154,0.337205,-0.008104,0.215423,0.348026,-0.033563,0.518993,0.305441,0.417001,-0.084689,0.387769,-0.288314,-0.035126,-0.204085,0.068478,0.000866,-0.043617,0.035636,0.102640,0.003577,-0.003244,0.141193,-0.184676,-0.264722,0.132848,0.236343,-0.350645,0.323066,-0.155680,0.138601,0.213585,-0.010427,0.125244,-0.000146,0.066312,-0.004723,0.256763,-0.304065,0.102364,0.033754,0.165038,0.036204,-0.350300,0.251997,0.008973,-0.116772,0.049456,-0.411570,0.084236,0.257539,-0.038249,0.027410,0.082793,-0.002806
349,17.400000,-0.064414,-0.004716,-0.158862,0.139731,-0.548224,0.093154,-0.306624,-0.288142,0.375280,-0.193580,0.008934,-0.003360,0.032201,-0.112799,-0.175934,-0.000363,-0.163477,-0.361005,0.161286,0.054698,0.289089,-0.000059,-0.283142,-0.009994,-0.190816,-0.274080,0.181749,-0.174900,0.097684,-0.112509,0.052356,-0.148527,-0.212137,-0.033409,0.241908,0.031838,-0.028819,0.350275,-0.052977,-0.039948,-0.673660,-0.212606,0.408555,0.216566,0.292725,-0.415873,0.298745,-0.082621,-0.071675,-0.387210,-0.269672,-0.091960,0.085934,-0.004083,0.255211,0.477545,-0.398841,-0.142153,0.244608,-0.068701,-0.293195,-0.020912,0.355075,0.040952,0.396240,0.000183,0.056667,-0.038274,0.059915,0.322643,0.330547,0.357813,-0.017905,-0.230797,-0.032161,0.334994,-0.007501,0.214389,0.350881,-0.032203,0.512703,0.310109,0.415476,-0.084724,0.380253,-0.287174,-0.036134,-0.209202,0.066647,0.002330,-0.043706,0.037662,0.091058,-0.002559,-0.004549,0.136775,-0.188129,-0.253698,0.130060,0.235742,-0.357252,0.329653,-0.155925,0.136069,0.211868,-0.013009,0.123334,-0.000106,0.058463,-0.001496,0.254142,-0.292365,0.097873,0.035161,0.162795,0.038429,-0.346689,0.257156,0.005901,-0.117950,0.044855,-0.409734,0.085796,0.250677,-0.038428,0.025078,0.081633,-0.002664
350,17.420000,-0.064244,-0.004728,-0.159017,0.145156,-0.555399,0.096004,-0.310937,-0.289914,0.376380,-0.197617,0.008867,-0.003306,0.033817,-0.119869,-0.180900,-0.000274,-0.163767,-0.367027,0.162234,0.054697,0.293793,-0.000056,-0.285388,-0.010592,-0.194634,-0.272047,0.183642,-0.178179,0.094950,-0.114583,0.050659,-0.151045,-0.211924,-0.033829,0.238106,0.033144,-0.029270,0.344636,-0.052511,-0.040159,-0.673395,-0.209714,0.406020,0.218356,0.289294,-0.420547,0.301848,-0.081744,-0.072094,-0.384912,-0.276163,-0.088293,0.084476,-0.004086,0.256512,0.467790,-0.396077,-0.142329,0.242596,-0.068648,-0.294899,-0.021374,0.351290,0.042029,0.394695,0.000036,0.061617,-0.038725,0.059433,0.327500,0.327422,0.357582,-0.018738,-0.234517,-0.032506,0.335663,-0.007773,0.211371,0.352338,-0.031736,0.516953,0.310366,0.419906,-0.084738,0.384449,-0.288078,-0.035481,-0.205523,0.066355,0.002674,-0.043896,0.039914,0.093231,-0.003234,-0.005768,0.134643,-0.193706,-0.250897,0.129453,0.234990,-0.355580,0.329501,-0.156444,0.133698,0.211443,-0.011204,0.123539,-0.000040,0.056105,0.000586,0.255642,-0.293205,0.094292,0.035064,0.163933,0.039943,-0.348192,0.256340,0.005127,-0.118548,0.045875,-0.410358,0.084975,0.250162,-0.039331,0.027856,0.082297,-0.002830
351,17.440000,-0.064145,-0.004581,-0.156058,0.147473,-0.560560,0.095081,-0.312163,-0.292758,0.376686,-0.201492,0.008500,-0.003166,0.029283,-0.127112,-0.187109,-0.000171,-0.163803,-0.376614,0.163531,0.053763,0.298132,-0.000059,-0.283705,-0.010002,-0.203837,-0.265108,0.185388,-0.181598,0.092260,-0.113925,0.048398,-0.151626,-0.211360,-0.033829,0.234695,0.034666,-0.031042,0.341645,-0.052860,-0.039011,-0.674801,-0.209968,0.411568,0.220483,0.288022,-0.414876,0.302941,-0.080852,-0.072814,-0.381982,-0.274616,-0.088528,0.084341,-0.004074,0.257695,0.467056,-0.396955,-0.144423,0.245065,-0.068803,-0.291777,-0.021702,0.349362,0.036343,0.393458,-0.000097,0.058731,-0.038522,0.057590,0.332239,0.329863,0.357985,-0.019726,-0.233701,-0.032404,0.332882,-0.007917,0.209833,0.351129,-0.031685,0.512975,0.311616,0.422584,-0.086188,0.378316,-0.285924,-0.036700,-0.210817,0.065164,0.003758,-0.043376,0.042381,0.084661,-0.005360,-0.006975,0.131713,-0.198261,-0.245004,0.127503,0.233881,-0.361332,0.338203,-0.156269,0.135353,0.212401,-0.011870,0.123472,-0.000042,0.054299,0.001094,0.253840,-0.284727,0.092381,0.036613,0.163938,0.040192,-0.351667,0.255137,0.004916,-0.122783,0.049686,-0.413118,0.085728,0.247351,-0.038232,0.026178,0.082359,-0.003107
352,17.460000,-0.062955,-0.004509,-0.156905,0.145708,-0.568140,0.095104,-0.310600,-0.294760,0.374511,-0.200554,0.008071,-0.003273,0.032059,-0.133896,-0.184631,-0.000189,-0.165622,-0.379082,0.157999,0.054163,0.295337,-0.000062,-0.277575,-0.009951,-0.211083,-0.265156,0.189219,-0.184294,0.092912,-0.113662,0.047404,-0.152232,-0.213762,-0.033535,0.237555,0.035022,-0.031526,0.338300,-0.053474,-0.038643,-0.675201,-0.211069,0.407537,0.221995,0.276681,-0.414550,0.304933,-0.081455,-0.073041,-0.382007,-0.282035,-0.088110,0.085378,-0.004069,0.263862,0.459793,-0.396244,-0.143560,0.244304,-0.068498,-0.294244,-0.022084,0.345848,0.032450,0.394843,-0.000211,0.055627,-0.038519,0.055927,0.335129,0.329115,0.351925,-0.020618,-0.236293,-0.032311,0.337841,-0.008067,0.212488,0.349263,-0.029553,0.515401,0.311275,0.427467,-0.086154,0.376109,-0.286510,-0.034200,-0.210654,0.064344,0.004561,-0.043190,0.042740,0.082754,-0.004021,-0.006660,0.131511,-0.200826,-0.243333,0.126872,0.228600,-0.361827,0.346229,-0.153095,0.134437,0.209513,-0.016769,0.126209,0.000041,0.055086,0.003309,0.251766,-0.287556,0.090959,0.038831,0.166741,0.042562,-0.355637,0.255337,0.005418,-0.126571,0.055039,-0.415428,0.091366,0.246127,-0.038644,0.031271,0.082491,-0.003315
353,17.480000,-0.063029,-0.004486,-0.148567,0.147804,-0.574316,0.095369,-0.313234,-0.299035,0.372398,-0.202424,0.008205,-0.003108,0.027723,-0.141340,-0.191198,-0.000130,-0.168544,-0.393744,0.159057,0.052541,0.296734,-0.000061,-0.275206,-0.009951,-0.217416,-0.255621,0.194139,-0.187668,0.091600,-0.113887,0.043573,-0.152638,-0.211715,-0.033430,0.237607,0.035733,-0.032174,0.333587,-0.054400,-0.037358,-0.675856,-0.210219,0.410293,0.223870,0.279659,-0.415033,0.306069,-0.079080,-0.072076,-0.379814,-0.280704,-0.088648,0.087499,-0.004027,0.264805,0.458674,-0.396409,-0.144146,0.244329,-0.067920,-0.294534,-0.022494,0.344549,0.025567,0.393169,-0.000324,0.059156,-0.038627,0.055750,0.338228,0.323003,0.350681,-0.021557,-0.238569,-0.030056,0.336658,-0.008044,0.211020,0.345350,-0.029200,0.520803,0.310415,0.430373,-0.088321,0.378862,-0.284947,-0.037773,-0.209816,0.063841,0.005578,-0.043604,0.045090,0.074276,-0.008391,-0.008238,0.133626,-0.206200,-0.241381,0.124756,0.224833,-0.359277,0.348989,-0.153107,0.132773,0.207920,-0.017223,0.125914,0.000064,0.053649,0.005885,0.253151,-0.284919,0.090820,0.038203,0.168149,0.042895,-0.354177,0.255882,0.006420,-0.131344,0.055287,-0.418254,0.093286,0.245999,-0.038354,0.027823,0.082734,-0.003637
354,17.500000,-0.062511,-0.003997,-0.152300,0.151843,-0.580135,0.095417,-0.307928,-0.297916,0.369594,-0.205774,0.007878,-0.003262,0.024391,-0.147939,-0.198211,-0.000231,-0.168275,-0.394250,0.157147,0.053833,0.296039,-0.000061,-0.271441,-0.009959,-0.216690,-0.253389,0.188593,-0.191802,0.093693,-0.115341,0.042602,-0.157228,-0.214178,-0.033613,0.235440,0.035973,-0.032483,0.331820,-0.054689,-0.036499,-0.675114,-0.209726,0.410955,0.226018,0.275326,-0.414463,0.309599,-0.078735,-0.071814,-0.379484,-0.284011,-0.090527,0.092651,-0.004033,0.266731,0.459974,-0.399347,-0.143350,0.241625,-0.067228,-0.288254,-0.022935,0.337130,0.019049,0.403622,-0.000428,0.047240,-0.037726,0.055118,0.341370,0.331167,0.344032,-0.022329,-0.240692,-0.030003,0.334426,-0.008788,0.211765,0.346038,-0.030532,0.516487,0.304607,0.432966,-0.087743,0.372991,-0.284336,-0.034338,-0.212240,0.063384,0.006448,-0.043235,0.045440,0.078987,-0.010309,-0.008604,0.132261,-0.206567,-0.242761,0.124313,0.222464,-0.361312,0.353561,-0.150782,0.137875,0.206855,-0.008302,0.126693,0.000061,0.056702,0.002540,0.251067,-0.285296,0.091802,0.038797,0.167091,0.043216,-0.358007,0.255193,0.008303,-0.132436,0.060727,-0.423773,0.091383,0.250315,-0.038120,0.028964,0.083649,-0.004093
355,17.520000,-0.062206,-0.003900,-0.150373,0.147549,-0.585844,0.093879,-0.308933,-0.297513,0.369206,-0.206964,0.008144,-0.002625,0.027101,-0.155217,-0.195848,-0.000231,-0.173603,-0.397947,0.156373,0.052575,0.293093,-0.000063,-0.266209,-0.010057,-0.223403,-0.250658,0.192749,-0.193211,0.091632,-0.114219,0.044091,-0.153674,-0.212299,-0.034002,0.245086,0.036533,-0.032103,0.331725,-0.054570,-0.036089,-0.676397,-0.210495,0.414494,0.227557,0.275982,-0.407413,0.306384,-0.077485,-0.072438,-0.378599,-0.279870,-0.091427,0.092598,-0.003957,0.270181,0.457272,-0.401549,-0.143785,0.239395,-0.067875,-0.295623,-0.023202,0.339978,0.016329,0.399212,-0.000505,0.053779,-0.037793,0.053567,0.343232,0.325031,0.342274,-0.023349,-0.240204,-0.029463,0.334765,-0.008647,0.210301,0.344993,-0.028681,0.524177,0.308666,0.431452,-0.090504,0.378045,-0.286506,-0.033911,-0.209888,0.063029,0.007032,-0.044153,0.046641,0.072255,-0.012234,-0.009030,0.133326,-0.210766,-0.238836,0.122713,0.216778,-0.362165,0.351213,-0.152171,0.133217,0.206717,-0.016221,0.125457,0.000036,0.056814,0.002044,0.249779,-0.286216,0.093933,0.039839,0.169483,0.045712,-0.353914,0.257693,0.009469,-0.136868,0.063041,-0.423339,0.094034,0.248678,-0.037536,0.029502,0.083020,-0.004357
356,17.540000,-0.062111,-0.003942,-0.150831,0.149745,-0.590460,0.095388,-0.307013,-0.297162,0.363507,-0.207217,0.008415,-0.002726,0.027664,-0.162082,-0.198798,-0.000216,-0.172707,-0.401394,0.154042,0.052718,0.294630,-0.000062,-0.265931,-0.010576,-0.223380,-0.245822,0.193968,-0.195092,0.092991,-0.116620,0.044731,-0.156202,-0.210319,-0.033882,0.247392,0.036289,-0.032219,0.329579,-0.054490,-0.035605,-0.676015,-0.209797,0.411144,0.229581,0.274468,-0.410239,0.306622,-0.077606,-0.071806,-0.377741,-0.283031,-0.090722,0.093265,-0.003899,0.274679,0.454420,-0.402319,-0.144663,0.237139,-0.067339,-0.297930,-0.023578,0.336204,0.013212,0.397286,-0.000570,0.054568,-0.037425,0.053890,0.346036,0.323988,0.339877,-0.024135,-0.241798,-0.027301,0.340271,-0.008975,0.209507,0.341053,-0.028380,0.524785,0.308768,0.434596,-0.091079,0.380547,-0.286018,-0.031023,-0.203526,0.063218,0.006586,-0.044119,0.046232,0.073050,-0.012183,-0.009448,0.134310,-0.213266,-0.237831,0.122267,0.213450,-0.360593,0.349869,-0.151935,0.131943,0.207404,-0.017412,0.124566,0.000034,0.057190,0.000518,0.252124,-0.289261,0.096154,0.039392,0.171340,0.045487,-0.356913,0.260005,0.010448,-0.137162,0.061178,-0.423508,0.092317,0.249451,-0.037609,0.029898,0.083047,-0.004720
357,17.560000,-0.061136,-0.003586,-0.148199,0.150759,-0.597067,0.095212,-0.305000,-0.297094,0.362612,-0.210351,0.007475,-0.002717,0.020983,-0.167602,-0.205721,-0.000163,-0.172192,-0.400839,0.155536,0.052826,0.295918,-0.000063,-0.264945,-0.010053,-0.223759,-0.239529,0.187657,-0.199546,0.095332,-0.116234,0.043736,-0.161151,-0.215453,-0.033656,0.232823,0.037014,-0.033241,0.323670,-0.055921,-0.034740,-0.677499,-0.210075,0.411306,0.231719,0.269708,-0.415389,0.308006,-0.078667,-0.070931,-0.379266,-0.289405,-0.091390,0.097992,-0.003817,0.270461,0.457736,-0.400687,-0.145500,0.240636,-0.067177,-0.290400,-0.023937,0.330789,0.013944,0.406758,-0.000651,0.039499,-0.037587,0.052748,0.348805,0.327161,0.331604,-0.024882,-0.245211,-0.032018,0.339931,-0.009250,0.217207,0.342226,-0.029387,0.520345,0.301195,0.435878,-0.091892,0.374369,-0.283423,-0.028563,-0.208038,0.062988,0.008088,-0.043368,0.046333,0.072005,-0.015675,-0.008431,0.135263,-0.215065,-0.239338,0.121009,0.213346,-0.362364,0.357058,-0.151624,0.140145,0.205070,-0.008339,0.126732,0.000073,0.058641,0.001785,0.250773,-0.284985,0.098004,0.040136,0.168711,0.043781,-0.362160,0.260488,0.011180,-0.137271,0.062762,-0.426039,0.094093,0.250570,-0.037672,0.029837,0.084542,-0.004979
358,17.580000,-0.060996,-0.003550,-0.142612,0.152488,-0.602254,0.094890,-0.310795,-0.294079,0.363082,-0.210485,0.007927,-0.002426,0.028194,-0.174462,-0.202602,-0.000297,-0.176475,-0.402249,0.155895,0.051910,0.291394,-0.000063,-0.259087,-0.009969,-0.220743,-0.241907,0.191477,-0.202013,0.095490,-0.114999,0.044538,-0.156387,-0.210676,-0.034394,0.242211,0.037491,-0.031767,0.326018,-0.055738,-0.035225,-0.678813,-0.210538,0.407469,0.233909,0.270705,-0.414618,0.306405,-0.076952,-0.070570,-0.379296,-0.284272,-0.091642,0.099142,-0.003707,0.271108,0.453911,-0.401955,-0.143671,0.237672,-0.066900,-0.296264,-0.024328,0.334122,0.020471,0.405172,-0.000709,0.050111,-0.037053,0.051655,0.350356,0.322007,0.334514,-0.025796,-0.244803,-0.031662,0.338234,-0.009055,0.213280,0.342577,-0.028140,0.533896,0.300600,0.435138,-0.093233,0.383110,-0.283438,-0.028849,-0.201804,0.063007,0.007431,-0.043965,0.046813,0.069335,-0.019275,-0.008829,0.137039,-0.217228,-0.240157,0.119428,0.211789,-0.358648,0.351136,-0.154514,0.136281,0.204554,-0.011469,0.129229,0.000026,0.058423,0.003522,0.249217,-0.288217,0.100281,0.039699,0.169179,0.044445,-0.362743,0.260957,0.012408,-0.137956,0.060194,-0.426380,0.098635,0.250511,-0.038842,0.030704,0.084196,-0.005109
359,17.600000,-0.060237,-0.003496,-0.141969,0.143758,-0.605636,0.098008,-0.304159,-0.297662,0.364484,-0.209431,0.007754,-0.002670,0.036291,-0.181121,-0.196801,-0.000358,-0.173378,-0.401686,0.155687,0.054297,0.294636,-0.000069,-0.247870,-0.008285,-0.228702,-0.243940,0.190446,-0.203343,0.098467,-0.116398,0.048306,-0.158074,-0.208597,-0.033624,0.248722,0.040059,-0.033077,0.328112,-0.059327,-0.033561,-0.680452,-0.207341,0.412087,0.236518,0.268501,-0.404465,0.305998,-0.076607,-0.069365,-0.380145,-0.281180,-0.094889,0.102854,-0.003552,0.277460,0.450657,-0.407493,-0.148374,0.234646,-0.064831,-0.290789,-0.024564,0.331688,0.019741,0.403378,-0.000808,0.045506,-0.035832,0.050384,0.355526,0.325657,0.334187,-0.026857,-0.241268,-0.032297,0.346983,-0.008439,0.206642,0.339413,-0.028094,0.533050,0.303308,0.441651,-0.095077,0.373429,-0.286636,-0.032611,-0.204659,0.061372,0.006900,-0.042617,0.046952,0.056295,-0.012151,-0.009698,0.134725,-0.217806,-0.244706,0.114714,0.214880,-0.366595,0.342891,-0.154126,0.135065,0.206279,-0.011443,0.127850,0.000013,0.056500,0.005312,0.258503,-0.290881,0.102630,0.041987,0.165129,0.052599,-0.358032,0.264035,0.011773,-0.141033,0.060900,-0.430443,0.104795,0.250533,-0.038278,0.024406,0.082600,-0.005721
360,17.620000,-0.058690,-0.003054,-0.143990,0.135917,-0.609286,0.102653,-0.290498,-0.298812,0.363862,-0.211622,0.007295,-0.003204,0.040275,-0.186391,-0.196460,-0.000266,-0.170484,-0.393370,0.158457,0.057724,0.299098,-0.000073,-0.253525,-0.005744,-0.231231,-0.246551,0.182136,-0.207296,0.100805,-0.118127,0.048653,-0.159410,-0.214652,-0.033278,0.238861,0.043576,-0.036194,0.328682,-0.062506,-0.031978,-0.681773,-0.202940,0.414437,0.238568,0.263504,-0.405457,0.303100,-0.076040,-0.070179,-0.377912,-0.289727,-0.098697,0.115310,-0.003366,0.272549,0.448110,-0.412819,-0.155739,0.237761,-0.064007,-0.281634,-0.025006,0.327373,0.021567,0.407204,-0.000967,0.023531,-0.033692,0.049034,0.362604,0.331005,0.326938,-0.028060,-0.240714,-0.038206,0.350680,-0.008354,0.210189,0.341355,-0.030305,0.530244,0.290175,0.445242,-0.096191,0.360845,-0.289302,-0.031869,-0.215672,0.059862,0.008205,-0.042320,0.045862,0.051204,-0.001492,-0.009632,0.135173,-0.220235,-0.255527,0.112485,0.217003,-0.371098,0.339689,-0.153494,0.137859,0.205659,0.004757,0.126425,-0.000001,0.058800,0.008305,0.271601,-0.291728,0.104756,0.043476,0.162482,0.061375,-0.352755,0.267862,0.010776,-0.137307,0.058736,-0.432325,0.110176,0.258586,-0.037442,0.017561,0.081797,-0.006304
361,17.640000,-0.057164,-0.003072,-0.142188,0.125897,-0.613890,0.103167,-0.285207,-0.295964,0.365313,-0.209587,0.007961,-0.002920,0.047180,-0.192100,-0.181100,-0.000166,-0.173161,-0.391229,0.163414,0.057195,0.298572,-0.000074,-0.250876,-0.004055,-0.233094,-0.246462,0.188893,-0.208367,0.101179,-0.116626,0.046410,-0.151369,-0.217966,-0.033469,0.246233,0.045797,-0.037420,0.331199,-0.064090,-0.031464,-0.683576,-0.201004,0.415968,0.239720,0.267874,-0.400516,0.292089,-0.073486,-0.070370,-0.374801,-0.287384,-0.100323,0.121903,-0.003222,0.276576,0.443208,-0.413251,-0.160061,0.236657,-0.064520,-0.286026,-0.025324,0.334256,0.029367,0.395085,-0.001138,0.025270,-0.032900,0.047143,0.369788,0.326002,0.329984,-0.029302,-0.237945,-0.044754,0.354339,-0.007741,0.206751,0.342323,-0.029548,0.542422,0.292072,0.441239,-0.100460,0.366555,-0.295159,-0.036210,-0.215695,0.058409,0.008943,-0.042424,0.046483,0.040673,0.002334,-0.009751,0.136100,-0.225083,-0.254965,0.108562,0.215106,-0.376064,0.327267,-0.155325,0.133052,0.206978,0.004328,0.126174,-0.000083,0.058179,0.014085,0.280857,-0.295514,0.105472,0.042895,0.163405,0.069919,-0.345798,0.271676,0.009007,-0.136380,0.056391,-0.434773,0.116883,0.263970,-0.037162,0.008485,0.079623,-0.006443
362,17.660000,-0.054661,-0.003155,-0.137465,0.114877,-0.617910,0.108827,-0.284430,-0.295978,0.364062,-0.209385,0.008249,-0.003136,0.060399,-0.197251,-0.166701,-0.000129,-0.169724,-0.388289,0.170498,0.059953,0.303636,-0.000075,-0.244759,-0.001310,-0.230047,-0.248794,0.189150,-0.210366,0.106324,-0.118252,0.040425,-0.151331,-0.218179,-0.032539,0.243643,0.049684,-0.040729,0.328395,-0.068245,-0.029850,-0.684933,-0.193402,0.411699,0.241941,0.266889,-0.404560,0.286307,-0.073154,-0.068627,-0.375595,-0.297572,-0.101802,0.129807,-0.003029,0.280605,0.434789,-0.417544,-0.169776,0.231913,-0.061946,-0.276204,-0.025651,0.328056,0.043435,0.393096,-0.001366,0.021764,-0.031921,0.045826,0.378892,0.323521,0.330950,-0.030482,-0.242056,-0.050656,0.364216,-0.007377,0.199902,0.339350,-0.029989,0.548597,0.284880,0.444998,-0.101508,0.363837,-0.303195,-0.040169,-0.215518,0.056258,0.008156,-0.041056,0.047587,0.032671,0.008435,-0.009248,0.138063,-0.224700,-0.260982,0.103566,0.222225,-0.377810,0.311246,-0.156117,0.130513,0.202164,0.013137,0.126179,-0.000032,0.055851,0.021332,0.305205,-0.300775,0.106543,0.042593,0.159982,0.078177,-0.338793,0.272840,0.007516,-0.133160,0.049149,-0.440617,0.124104,0.269468,-0.037882,0.003146,0.078915,-0.007742
363,17.680000,-0.052707,-0.002733,-0.143303,0.098717,-0.621946,0.110675,-0.274548,-0.295564,0.371023,-0.209599,0.007578,-0.003357,0.069694,-0.201851,-0.148642,-0.000086,-0.168333,-0.377974,0.177606,0.064277,0.307120,-0.000078,-0.241164,0.001957,-0.231229,-0.253925,0.187704,-0.213975,0.107523,-0.118210,0.031929,-0.146427,-0.227750,-0.031727,0.238739,0.055078,-0.045134,0.330357,-0.072905,-0.028620,-0.686273,-0.187956,0.419398,0.243843,0.265220,-0.396412,0.277508,-0.072870,-0.069010,-0.374792,-0.299393,-0.105203,0.139695,-0.002874,0.285842,0.429230,-0.422693,-0.182201,0.230372,-0.061440,-0.265563,-0.025888,0.325063,0.052473,0.396127,-0.001744,0.000992,-0.031971,0.043234,0.388800,0.334627,0.329116,-0.032332,-0.242762,-0.059914,0.371002,-0.007100,0.200989,0.343304,-0.030555,0.545158,0.280021,0.442738,-0.102608,0.348645,-0.314125,-0.043136,-0.229924,0.053283,0.008939,-0.039527,0.049633,0.024030,0.016073,-0.007978,0.134433,-0.222131,-0.262289,0.098857,0.227320,-0.388961,0.306377,-0.155813,0.131336,0.199099,0.022211,0.126763,0.000037,0.055659,0.029822,0.326909,-0.296457,0.107115,0.046566,0.159676,0.086131,-0.334174,0.274746,0.005378,-0.130775,0.046495,-0.448103,0.134263,0.271503,-0.036448,-0.003391,0.077967,-0.008438
364,17.700000,-0.051585,-0.002528,-0.144543,0.085096,-0.627102,0.114526,-0.267271,-0.293915,0.375613,-0.208868,0.007584,-0.003525,0.084864,-0.206986,-0.135782,-0.000219,-0.164752,-0.366224,0.184865,0.069053,0.309537,-0.000077,-0.238252,0.004842,-0.223845,-0.261929,0.186313,-0.218861,0.110414,-0.121653,0.021851,-0.139487,-0.234013,-0.031390,0.241643,0.062169,-0.047203,0.332566,-0.075751,-0.027285,-0.686723,-0.179588,0.425160,0.245286,0.261493,-0.391486,0.269561,-0.068352,-0.069058,-0.372372,-0.302073,-0.108347,0.152257,-0.002671,0.289998,0.417625,-0.428935,-0.188933,0.229389,-0.059861,-0.256857,-0.026303,0.323627,0.061913,0.398168,-0.002179,-0.009478,-0.030290,0.041723,0.399080,0.338704,0.330853,-0.034204,-0.243181,-0.064155,0.368576,-0.007001,0.195876,0.346189,-0.032712,0.551242,0.270078,0.439497,-0.104879,0.340999,-0.330542,-0.047904,-0.242835,0.050610,0.008671,-0.038743,0.051381,0.017928,0.027202,-0.008084,0.133587,-0.218806,-0.272509,0.093212,0.234126,-0.394724,0.286983,-0.156806,0.127826,0.195988,0.040505,0.128728,0.000229,0.053882,0.034854,0.350808,-0.302809,0.108302,0.046667,0.157282,0.094135,-0.321655,0.271001,0.003981,-0.125229,0.038996,-0.454172,0.143943,0.282636,-0.035688,-0.010908,0.077295,-0.009692
365,17.720000,-0.051331,-0.002331,-0.148818,0.079030,-0.632506,0.110554,-0.264787,-0.290120,0.373319,-0.204231,0.007956,-0.002965,0.085063,-0.212512,-0.117988,-0.000138,-0.165794,-0.367345,0.192774,0.066741,0.309954,-0.000072,-0.249214,0.004717,-0.223535,-0.255015,0.200775,-0.220189,0.101523,-0.123126,0.020231,-0.129579,-0.235339,-0.031886,0.245028,0.063228,-0.049170,0.332262,-0.074755,-0.028043,-0.685544,-0.179295,0.428765,0.246150,0.265693,-0.390695,0.259088,-0.065772,-0.069987,-0.368990,-0.297972,-0.105808,0.155800,-0.002535,0.298038,0.411971,-0.422460,-0.194838,0.227970,-0.061612,-0.265212,-0.026538,0.335461,0.067663,0.376681,-0.002540,-0.000290,-0.030566,0.040087,0.407352,0.341016,0.332981,-0.035839,-0.242950,-0.066649,0.367230,-0.007035,0.195378,0.352205,-0.030862,0.555027,0.278945,0.429444,-0.105365,0.346623,-0.337728,-0.048907,-0.235344,0.049683,0.009154,-0.039094,0.052386,0.025026,0.018297,-0.008185,0.131474,-0.216846,-0.259996,0.088836,0.230930,-0.398389,0.278716,-0.154642,0.119672,0.198214,0.039862,0.129088,0.000132,0.048948,0.037475,0.354735,-0.298841,0.108988,0.044685,0.158178,0.097795,-0.321267,0.274947,0.002276,-0.122364,0.030478,-0.449241,0.142730,0.282358,-0.035194,-0.012612,0.078533,-0.008735
366,17.740000,-0.051228,-0.002422,-0.148816,0.080096,-0.637494,0.111702,-0.269714,-0.289398,0.373619,-0.207156,0.007872,-0.003194,0.086919,-0.217741,-0.117094,-0.000078,-0.166089,-0.369821,0.198048,0.066126,0.315439,-0.000070,-0.248667,0.004600,-0.226923,-0.253043,0.205712,-0.221285,0.099443,-0.122155,0.020125,-0.129500,-0.229883,-0.031780,0.240506,0.064512,-0.050878,0.327567,-0.075978,-0.028586,-0.684654,-0.176855,0.430256,0.246881,0.265975,-0.398104,0.263732,-0.066150,-0.069133,-0.364530,-0.295406,-0.103375,0.154765,-0.002425,0.304691,0.405600,-0.419738,-0.199083,0.225928,-0.061518,-0.266455,-0.026834,0.331611,0.069105,0.370052,-0.002874,0.007732,-0.031405,0.039740,0.415251,0.344223,0.334535,-0.037274,-0.243880,-0.066109,0.368537,-0.007443,0.193775,0.354702,-0.029937,0.552674,0.284903,0.430621,-0.103905,0.348135,-0.339773,-0.048127,-0.228072,0.049681,0.008027,-0.039017,0.055293,0.032035,0.014349,-0.008422,0.127507,-0.215962,-0.248465,0.084060,0.234998,-0.397711,0.275544,-0.158639,0.113739,0.199625,0.039645,0.126045,0.000196,0.044234,0.041278,0.362606,-0.297833,0.109945,0.044294,0.156503,0.097286,-0.319885,0.276834,0.001387,-0.120719,0.024154,-0.446727,0.138039,0.281632,-0.036301,-0.009267,0.079565,-0.008906
367,17.760000,-0.051709,-0.002287,-0.145691,0.083873,-0.636565,0.110733,-0.274117,-0.289242,0.376527,-0.212584,0.007725,-0.003310,0.088852,-0.222905,-0.118357,-0.000051,-0.163926,-0.369640,0.200831,0.066446,0.317881,-0.000070,-0.252367,0.004843,-0.229060,-0.252029,0.204653,-0.223506,0.098608,-0.119399,0.020766,-0.129585,-0.226929,-0.031640,0.234933,0.065922,-0.053848,0.322999,-0.076562,-0.028624,-0.685520,-0.176318,0.429502,0.248003,0.266653,-0.399485,0.265328,-0.066981,-0.069740,-0.361466,-0.295475,-0.104760,0.155577,-0.002378,0.308667,0.400557,-0.418817,-0.203566,0.227107,-0.061539,-0.266455,-0.027110,0.327044,0.067085,0.368425,-0.003260,0.009854,-0.031416,0.038941,0.421350,0.348694,0.336400,-0.038808,-0.244062,-0.065184,0.371846,-0.007918,0.196434,0.351680,-0.029696,0.549708,0.284266,0.430618,-0.103781,0.345327,-0.337346,-0.044145,-0.228071,0.049004,0.006824,-0.038309,0.055932,0.028424,0.012746,-0.008198,0.125207,-0.218213,-0.239855,0.080214,0.238563,-0.400010,0.281147,-0.163132,0.110882,0.199042,0.033926,0.125482,0.000278,0.042716,0.043020,0.364405,-0.292210,0.111227,0.045608,0.158780,0.096742,-0.322811,0.277928,0.000980,-0.119086,0.018004,-0.445877,0.138187,0.278472,-0.036609,-0.007897,0.080749,-0.009489
368,17.780000,-0.051966,-0.002235,-0.137664,0.089428,-0.638167,0.110372,-0.281872,-0.292155,0.378265,-0.215319,0.007120,-0.003391,0.090810,-0.228042,-0.122970,-0.000002,-0.166001,-0.374612,0.203750,0.065739,0.316305,-0.000070,-0.251552,0.005159,-0.230107,-0.249282,0.205438,-0.226723,0.099904,-0.117616,0.023272,-0.130482,-0.224021,-0.031556,0.232658,0.066851,-0.054182,0.316942,-0.078070,-0.028718,-0.686734,-0.175326,0.428240,0.248722,0.266958,-0.403224,0.268967,-0.066111,-0.068820,-0.364871,-0.293202,-0.105324,0.156505,-0.002314,0.308754,0.395530,-0.417947,-0.203886,0.228884,-0.061571,-0.268912,-0.027416,0.322660,0.064914,0.368701,-0.003550,0.018830,-0.031553,0.038435,0.425710,0.344986,0.335080,-0.040249,-0.245464,-0.063584,0.370396,-0.008260,0.196462,0.348063,-0.029771,0.556525,0.284024,0.432292,-0.105618,0.349645,-0.334640,-0.046785,-0.226683,0.048672,0.005970,-0.038181,0.058615,0.025064,0.013360,-0.009094,0.125564,-0.222687,-0.238380,0.075082,0.240956,-0.397261,0.282783,-0.166838,0.108982,0.198641,0.029832,0.128193,0.000345,0.040941,0.045435,0.362090,-0.290403,0.112639,0.044920,0.157648,0.096332,-0.323139,0.276961,0.001011,-0.118905,0.016834,-0.447022,0.141626,0.279316,-0.037146,-0.010018,0.081290,-0.010315
369,17.800000,-0.052026,-0.002299,-0.142530,0.092101,-0.639640,0.110007,-0.278974,-0.294463,0.376878,-0.215744,0.007107,-0.003967,0.090011,-0.233608,-0.127563,0.000118,-0.165743,-0.374030,0.200993,0.066724,0.312830,-0.000070,-0.249288,0.005394,-0.233003,-0.249019,0.204462,-0.228990,0.100548,-0.116243,0.027584,-0.131758,-0.222876,-0.031454,0.237431,0.067327,-0.055243,0.317937,-0.078974,-0.028443,-0.687641,-0.175664,0.429817,0.249715,0.266205,-0.397567,0.272725,-0.064721,-0.068585,-0.365463,-0.292312,-0.107634,0.157963,-0.002257,0.311673,0.394913,-0.421289,-0.203596,0.228709,-0.061876,-0.268277,-0.027766,0.318258,0.056506,0.373378,-0.003916,0.015742,-0.030778,0.037896,0.429922,0.350498,0.334913,-0.041728,-0.243634,-0.060278,0.369890,-0.008758,0.194677,0.345658,-0.030187,0.553805,0.285280,0.434484,-0.105659,0.343624,-0.330559,-0.045066,-0.228265,0.048137,0.005528,-0.037640,0.058841,0.021371,0.018935,-0.010109,0.122095,-0.224446,-0.238179,0.069977,0.239061,-0.400500,0.288885,-0.167528,0.108526,0.199658,0.026178,0.128790,0.000387,0.041386,0.042839,0.357431,-0.290065,0.114614,0.046055,0.157691,0.097127,-0.322278,0.278190,0.001404,-0.119034,0.019098,-0.449543,0.143685,0.282612,-0.035993,-0.012892,0.079448,-0.010669
370,17.820000,-0.050732,-0.002272,-0.144777,0.087901,-0.643096,0.108342,-0.273323,-0.298451,0.377333,-0.215393,0.007147,-0.004336,0.091294,-0.238591,-0.125870,0.000275,-0.167435,-0.376102,0.198900,0.067058,0.308368,-0.000071,-0.249463,0.005530,-0.238595,-0.246377,0.207101,-0.230277,0.101036,-0.115501,0.030947,-0.131779,-0.223880,-0.031345,0.241656,0.067198,-0.056558,0.316846,-0.080341,-0.028168,-0.689206,-0.175626,0.429397,0.250330,0.263143,-0.395363,0.273079,-0.064559,-0.068284,-0.363804,-0.297034,-0.108960,0.159215,-0.002205,0.314339,0.392172,-0.421464,-0.204088,0.229268,-0.062629,-0.272038,-0.028048,0.316109,0.049777,0.372249,-0.004099,0.014601,-0.030555,0.037230,0.433000,0.348603,0.330547,-0.043135,-0.244197,-0.059106,0.373488,-0.008894,0.196210,0.342403,-0.029036,0.553430,0.285117,0.435899,-0.105365,0.340902,-0.329034,-0.042866,-0.229213,0.047429,0.006061,-0.037982,0.059281,0.016797,0.022262,-0.010497,0.121533,-0.228689,-0.236673,0.065199,0.233392,-0.401222,0.295404,-0.167255,0.106843,0.198132,0.019968,0.128036,0.000169,0.040570,0.040846,0.354717,-0.293918,0.116464,0.046868,0.159436,0.099493,-0.319420,0.282175,0.001657,-0.120397,0.019503,-0.447987,0.146948,0.285048,-0.035536,-0.013309,0.077812,-0.010864
371,17.840000,-0.050119,-0.002345,-0.143379,0.089326,-0.644796,0.108897,-0.271191,-0.301010,0.375522,-0.215964,0.007875,-0.004501,0.089184,-0.243605,-0.125786,0.000437,-0.169405,-0.382355,0.199764,0.066336,0.307133,-0.000071,-0.250955,0.005659,-0.239138,-0.241529,0.209295,-0.232035,0.101715,-0.116464,0.029795,-0.132082,-0.224381,-0.031298,0.242475,0.067064,-0.057820,0.316368,-0.080244,-0.028062,-0.689831,-0.174512,0.426394,0.251207,0.265926,-0.396924,0.274514,-0.063826,-0.067674,-0.360150,-0.299996,-0.109447,0.159719,-0.002162,0.316710,0.390063,-0.421241,-0.204177,0.228228,-0.062919,-0.274694,-0.028453,0.312942,0.043221,0.371334,-0.004311,0.015875,-0.030674,0.037491,0.435876,0.346075,0.329878,-0.044484,-0.244974,-0.057726,0.376213,-0.009233,0.195436,0.339414,-0.028907,0.553778,0.285687,0.436346,-0.105859,0.343566,-0.327183,-0.042674,-0.225518,0.047007,0.005788,-0.038437,0.059919,0.013521,0.022781,-0.011099,0.122923,-0.232750,-0.236168,0.060849,0.227540,-0.401142,0.297390,-0.168651,0.105486,0.197447,0.018431,0.127754,0.000063,0.040177,0.039962,0.356238,-0.295667,0.118593,0.046009,0.162088,0.099712,-0.317991,0.284792,0.001912,-0.120983,0.019569,-0.448996,0.147297,0.289271,-0.035166,-0.014310,0.076508,-0.011211
372,17.860000,-0.049161,-0.002180,-0.140254,0.088834,-0.646067,0.107461,-0.271489,-0.302273,0.376061,-0.217632,0.007791,-0.004612,0.087692,-0.247910,-0.124854,0.000548,-0.171128,-0.385309,0.201162,0.065983,0.305476,-0.000070,-0.251665,0.005640,-0.238455,-0.235864,0.208754,-0.234451,0.103816,-0.116105,0.029034,-0.133777,-0.223614,-0.031380,0.241402,0.066109,-0.058823,0.313387,-0.081013,-0.027815,-0.690149,-0.173918,0.424986,0.252171,0.267950,-0.400318,0.273931,-0.063944,-0.066459,-0.359207,-0.304538,-0.110199,0.160720,-0.002133,0.317263,0.392510,-0.421110,-0.206047,0.226700,-0.062822,-0.274020,-0.028727,0.308744,0.040769,0.374945,-0.004466,0.015097,-0.030520,0.037337,0.438178,0.344258,0.326177,-0.045766,-0.247852,-0.058819,0.377022,-0.009584,0.196462,0.336931,-0.028865,0.553696,0.282492,0.436180,-0.104837,0.343472,-0.325874,-0.041018,-0.223202,0.046421,0.005989,-0.038191,0.060801,0.011755,0.020839,-0.010764,0.123740,-0.235283,-0.233378,0.057169,0.224493,-0.399977,0.299981,-0.169635,0.106961,0.194705,0.018056,0.128050,0.000118,0.039764,0.039344,0.355530,-0.295892,0.120762,0.045348,0.162162,0.099495,-0.318648,0.286582,0.002378,-0.121674,0.019690,-0.448792,0.147054,0.291900,-0.035615,-0.014340,0.076844,-0.011894
373,17.880000,-0.048375,-0.001993,-0.138071,0.090788,-0.648282,0.107524,-0.274515,-0.303097,0.372272,-0.218751,0.007523,-0.004340,0.088272,-0.251938,-0.126273,0.000665,-0.171900,-0.384639,0.202196,0.066066,0.305042,-0.000070,-0.249994,0.005711,-0.233497,-0.236045,0.204854,-0.238119,0.106021,-0.117778,0.026713,-0.134641,-0.224514,-0.031655,0.237144,0.066288,-0.058715,0.312061,-0.081138,-0.028125,-0.690838,-0.171856,0.421408,0.253788,0.265872,-0.405025,0.275943,-0.064553,-0.066002,-0.360317,-0.308195,-0.110134,0.162196,-0.002085,0.313548,0.392815,-0.422602,-0.207553,0.227217,-0.062643,-0.270741,-0.029045,0.303990,0.044665,0.381686,-0.004657,0.008999,-0.030318,0.037228,0.439648,0.343210,0.322071,-0.047000,-0.251213,-0.060566,0.375522,-0.009965,0.197493,0.338144,-0.029403,0.552987,0.278425,0.434599,-0.105470,0.345538,-0.324446,-0.038636,-0.223933,0.046088,0.006224,-0.038370,0.061492,0.018318,0.018914,-0.010282,0.124868,-0.234572,-0.235475,0.053132,0.222949,-0.397474,0.301330,-0.169950,0.109995,0.191878,0.024250,0.130796,0.000129,0.040607,0.039525,0.356896,-0.295865,0.123330,0.045258,0.161060,0.097592,-0.325502,0.284875,0.002818,-0.120485,0.022685,-0.448916,0.148479,0.293531,-0.035983,-0.011537,0.077672,-0.012607
374,17.900000,-0.048597,-0.001959,-0.146327,0.087575,-0.653107,0.104819,-0.275561,-0.305564,0.375048,-0.218141,0.006898,-0.004055,0.084459,-0.256796,-0.126562,0.000636,-0.173958,-0.382517,0.201696,0.067391,0.305419,-0.000070,-0.242847,0.005783,-0.230570,-0.236881,0.205143,-0.241615,0.106136,-0.119675,0.020773,-0.134040,-0.230788,-0.031940,0.246777,0.067277,-0.056704,0.312076,-0.079438,-0.027766,-0.690578,-0.169705,0.433263,0.255494,0.263639,-0.393884,0.271899,-0.062450,-0.065012,-0.359935,-0.302321,-0.109402,0.161334,-0.002006,0.318706,0.394073,-0.424313,-0.205217,0.226962,-0.063062,-0.267400,-0.029208,0.303200,0.038099,0.388151,-0.004973,0.001497,-0.031762,0.037240,0.440669,0.347955,0.320514,-0.048769,-0.251187,-0.059497,0.367794,-0.010219,0.197061,0.336647,-0.030103,0.546762,0.281993,0.429890,-0.105839,0.340776,-0.332845,-0.038390,-0.229706,0.045519,0.006810,-0.038300,0.064848,0.017817,0.017546,-0.010481,0.121365,-0.230363,-0.234682,0.049326,0.221088,-0.402252,0.298736,-0.169334,0.112356,0.191968,0.029467,0.132465,0.000355,0.039877,0.036962,0.352671,-0.290442,0.126033,0.045396,0.162887,0.096930,-0.325189,0.280779,0.003100,-0.121206,0.025385,-0.449708,0.148372,0.292728,-0.034050,-0.013596,0.076661,-0.012796
375,17.920000,-0.045931,-0.003197,-0.116334,0.028933,-0.654367,0.089119,-0.307157,-0.290799,0.344050,-0.254760,0.009586,-0.006428,0.114874,-0.258728,-0.049481,-0.000631,-0.161859,-0.386849,0.214675,0.064797,0.273561,-0.000110,-0.248699,0.006341,-0.226456,-0.230613,0.216817,-0.235568,0.089329,-0.159114,-0.005938,-0.136851,-0.245340,-0.034980,0.255629,0.076176,-0.054888,0.287339,-0.068499,-0.025136,-0.692375,-0.181681,0.413337,0.256132,0.257575,-0.364915,0.250485,-0.068815,-0.063663,-0.395502,-0.326431,-0.104465,0.171974,-0.002019,0.319733,0.354875,-0.413378,-0.177206,0.234070,-0.069732,-0.250267,-0.028451,0.295563,0.047776,0.349013,-0.005280,-0.007662,-0.042128,0.033091,0.434748,0.303189,0.309965,-0.051094,-0.256322,-0.051371,0.311581,-0.008756,0.199500,0.323256,-0.025083,0.522922,0.297795,0.445278,-0.119893,0.308766,-0.349269,-0.025616,-0.231408,0.045756,0.010789,-0.043259,0.052687,-0.055574,0.016752,-0.007644,0.112582,-0.212748,-0.260324,0.046149,0.222877,-0.416803,0.317409,-0.167330,0.107085,0.190596,-0.002264,0.130678,0.002165,0.032719,0.035308,0.322038,-0.305451,0.132960,0.038808,0.181099,0.091331,-0.321427,0.268262,0.005058,-0.099530,0.045147,-0.468952,0.105632,0.262476,-0.022560,-0.015560,0.078081,-0.017398
376,17.940000,-0.041876,-0.004511,-0.100264,-0.010312,-0.662116,0.086455,-0.313563,-0.291728,0.310754,-0.250300,0.009967,-0.005639,0.126796,-0.263031,-0.001019,-0.001840,-0.168765,-0.385505,0.228166,0.060229,0.263676,-0.000134,-0.261512,0.006459,-0.235851,-0.213593,0.212655,-0.246876,0.089701,-0.173542,-0.024593,-0.126598,-0.258242,-0.035035,0.258637,0.078695,-0.052486,0.280410,-0.067233,-0.024836,-0.690639,-0.188020,0.399349,0.258828,0.252832,-0.361970,0.267967,-0.068204,-0.064936,-0.395991,-0.329368,-0.101375,0.176475,-0.001817,0.323665,0.356768,-0.412962,-0.173771,0.233522,-0.069707,-0.245410,-0.028772,0.306679,0.067625,0.351112,-0.005280,-0.028290,-0.047840,0.032639,0.430739,0.291461,0.306876,-0.052922,-0.254812,-0.054788,0.298575,-0.008235,0.214058,0.329822,-0.024273,0.508332,0.323193,0.446853,-0.122635,0.310985,-0.347681,-0.019151,-0.231835,0.044757,0.018244,-0.046111,0.042433,-0.088021,0.018772,-0.004638,0.112862,-0.199546,-0.277312,0.039503,0.222831,-0.426575,0.343557,-0.168178,0.112353,0.188676,-0.015565,0.126917,0.002433,0.035590,0.038538,0.317895,-0.323458,0.141276,0.034411,0.189287,0.085627,-0.336995,0.264727,0.004955,-0.089683,0.055310,-0.486273,0.084715,0.241837,-0.015757,-0.017078,0.081742,-0.019848
377,17.960000,-0.041181,-0.004658,-0.099514,-0.013458,-0.666449,0.085206,-0.309353,-0.292864,0.294663,-0.242833,0.009196,-0.005478,0.127421,-0.268810,0.012082,-0.001381,-0.174359,-0.373313,0.228153,0.060817,0.270569,-0.000125,-0.260926,0.006596,-0.233334,-0.225613,0.204997,-0.248821,0.095256,-0.175974,-0.037112,-0.117525,-0.261501,-0.034201,0.279326,0.077209,-0.044886,0.287688,-0.065400,-0.025041,-0.688166,-0.185105,0.393848,0.260325,0.261541,-0.365262,0.277441,-0.069840,-0.064470,-0.379997,-0.324072,-0.099989,0.176098,-0.001655,0.324112,0.365652,-0.416999,-0.179025,0.225925,-0.064046,-0.243412,-0.029169,0.315694,0.084524,0.371739,-0.005317,-0.034188,-0.046756,0.033349,0.428692,0.304290,0.311262,-0.053832,-0.253550,-0.056213,0.297081,-0.008956,0.213198,0.333198,-0.025710,0.513098,0.320092,0.439634,-0.115883,0.320532,-0.349122,-0.013889,-0.237345,0.043318,0.021655,-0.045577,0.037230,-0.068963,0.017835,-0.002837,0.121739,-0.195704,-0.278927,0.033576,0.224236,-0.414568,0.341181,-0.165920,0.104025,0.184685,-0.013035,0.123070,0.002551,0.041950,0.038233,0.331186,-0.335185,0.147658,0.031796,0.192344,0.085533,-0.339399,0.266557,0.006055,-0.086052,0.048103,-0.493883,0.085828,0.235517,-0.014600,-0.017639,0.084130,-0.018840
378,17.980000,-0.042450,-0.003653,-0.097634,-0.015702,-0.667559,0.080683,-0.312788,-0.297217,0.294735,-0.241716,0.008675,-0.005202,0.119414,-0.273934,0.019768,-0.001054,-0.176568,-0.364402,0.234860,0.061238,0.273488,-0.000113,-0.248898,0.006281,-0.230809,-0.235640,0.201474,-0.245581,0.093519,-0.177772,-0.041150,-0.112488,-0.260040,-0.033253,0.281103,0.079646,-0.037793,0.284563,-0.063609,-0.025188,-0.688195,-0.182537,0.401276,0.260932,0.270512,-0.354196,0.271213,-0.069248,-0.063022,-0.375641,-0.312130,-0.099770,0.179457,-0.001569,0.327050,0.372616,-0.408719,-0.181253,0.220549,-0.060324,-0.236110,-0.029425,0.319673,0.092831,0.373026,-0.005528,-0.029193,-0.046880,0.033116,0.426954,0.314785,0.315402,-0.054135,-0.258986,-0.058402,0.291357,-0.008934,0.209605,0.330961,-0.025940,0.512094,0.322726,0.432666,-0.116406,0.329119,-0.352960,-0.013648,-0.233222,0.042484,0.022265,-0.045351,0.035974,-0.060125,0.006681,-0.000981,0.128323,-0.194817,-0.275089,0.027849,0.227642,-0.406817,0.322698,-0.160623,0.095353,0.182131,-0.009538,0.121857,0.002559,0.044765,0.037529,0.337800,-0.341676,0.151625,0.028957,0.196569,0.087563,-0.329444,0.265307,0.007129,-0.085033,0.048712,-0.501253,0.077622,0.228475,-0.012714,-0.022068,0.088825,-0.018913
379,18.000000,-0.042842,-0.003176,-0.106309,-0.015920,-0.672683,0.080470,-0.314522,-0.285245,0.295901,-0.237871,0.007941,-0.005082,0.126834,-0.278069,0.014151,-0.000679,-0.172216,-0.337899,0.241735,0.064191,0.277274,-0.000108,-0.249528,0.006291,-0.213861,-0.249467,0.186535,-0.248336,0.094265,-0.181923,-0.031998,-0.112862,-0.259139,-0.034169,0.271033,0.082333,-0.033861,0.288133,-0.063459,-0.025990,-0.687611,-0.178076,0.395614,0.261493,0.268660,-0.361096,0.274674,-0.071097,-0.062600,-0.380123,-0.318227,-0.099118,0.182669,-0.001496,0.321729,0.366521,-0.403293,-0.183790,0.217126,-0.059228,-0.234512,-0.030108,0.315774,0.103696,0.389698,-0.005674,-0.034554,-0.047682,0.032944,0.424841,0.330387,0.318130,-0.054550,-0.265579,-0.056266,0.294206,-0.009469,0.213530,0.335521,-0.026793,0.509256,0.316895,0.430003,-0.113813,0.332432,-0.356635,-0.007065,-0.223806,0.041907,0.018567,-0.044603,0.034111,-0.034104,0.010766,0.000698,0.126632,-0.190618,-0.278861,0.022008,0.241489,-0.398682,0.311663,-0.162260,0.093086,0.180448,0.001565,0.121682,0.002508,0.048333,0.037326,0.344604,-0.354360,0.155311,0.027611,0.194601,0.084253,-0.326086,0.259957,0.007652,-0.079294,0.043544,-0.503172,0.070193,0.226827,-0.011240,-0.014457,0.092124,-0.018690
380,18.020000,-0.043603,-0.002880,-0.103861,-0.014628,-0.674461,0.078350,-0.324668,-0.288076,0.297423,-0.234558,0.007708,-0.004849,0.128329,-0.284740,0.015344,-0.000563,-0.171872,-0.339965,0.252905,0.062706,0.274147,-0.000102,-0.243631,0.006837,-0.212112,-0.247506,0.189418,-0.248987,0.090416,-0.172833,-0.023329,-0.108479,-0.253600,-0.035040,0.270192,0.086199,-0.032303,0.287433,-0.063833,-0.026204,-0.690542,-0.177642,0.405139,0.262259,0.271313,-0.344373,0.267128,-0.068933,-0.062315,-0.380543,-0.300288,-0.099168,0.180948,-0.001450,0.328568,0.367691,-0.394294,-0.181260,0.217664,-0.058717,-0.236920,-0.030524,0.321165,0.107366,0.376746,-0.006092,-0.020103,-0.048528,0.031344,0.423485,0.335466,0.327194,-0.055986,-0.263006,-0.055655,0.290342,-0.009500,0.213152,0.335861,-0.026245,0.512298,0.324375,0.424668,-0.117783,0.334523,-0.356242,-0.012015,-0.213549,0.041454,0.016075,-0.044848,0.033780,-0.041914,0.009718,0.000619,0.124129,-0.191788,-0.274596,0.015767,0.251790,-0.402167,0.301072,-0.169039,0.086846,0.180844,-0.000524,0.124294,0.002693,0.044703,0.037872,0.338741,-0.344363,0.160693,0.026265,0.191895,0.085159,-0.317730,0.260896,0.006458,-0.076597,0.037261,-0.504144,0.069848,0.222099,-0.008577,-0.018185,0.092656,-0.018504
381,18.040000,-0.043827,-0.002338,-0.097670,-0.005477,-0.676249,0.082308,-0.315958,-0.288476,0.304785,-0.233063,0.006498,-0.004826,0.136994,-0.289651,0.000047,-0.000259,-0.164821,-0.323884,0.256585,0.062644,0.275420,-0.000097,-0.257539,0.006688,-0.211307,-0.254450,0.173576,-0.253396,0.091810,-0.175113,0.007472,-0.110167,-0.241747,-0.035888,0.252681,0.087059,-0.033339,0.289371,-0.065890,-0.028172,-0.693848,-0.178286,0.389996,0.261741,0.273355,-0.355158,0.282105,-0.066903,-0.063857,-0.380190,-0.305826,-0.102381,0.195052,-0.001449,0.319955,0.372201,-0.389475,-0.172628,0.216684,-0.056455,-0.237738,-0.032144,0.324068,0.124120,0.366603,-0.006383,-0.024410,-0.038168,0.030560,0.426966,0.350232,0.330105,-0.056054,-0.252558,-0.053961,0.290777,-0.009730,0.214057,0.352108,-0.028992,0.516003,0.317457,0.430110,-0.118067,0.320176,-0.332564,-0.008993,-0.201241,0.042694,0.013724,-0.043305,0.029075,-0.029469,0.022720,0.000759,0.122035,-0.195967,-0.288823,0.008958,0.264605,-0.399432,0.299473,-0.172880,0.089616,0.184600,0.008459,0.126217,0.002730,0.045697,0.040804,0.325677,-0.359005,0.164126,0.024037,0.172735,0.087048,-0.317007,0.269285,0.005564,-0.068835,0.037788,-0.501895,0.065406,0.240293,-0.007576,-0.016501,0.095378,-0.017464
382,18.060000,-0.041344,-0.001238,-0.078449,-0.012058,-0.673297,0.082190,-0.316046,-0.288290,0.298348,-0.241233,0.006780,-0.005043,0.146441,-0.293075,0.020981,-0.000527,-0.157142,-0.322918,0.271991,0.058841,0.260632,-0.000116,-0.267455,0.007621,-0.229476,-0.250903,0.172928,-0.247227,0.086945,-0.175524,0.027466,-0.106378,-0.234805,-0.036968,0.245052,0.090816,-0.036551,0.285808,-0.068368,-0.028962,-0.702020,-0.181207,0.381897,0.261011,0.281414,-0.342994,0.284588,-0.067612,-0.065646,-0.381422,-0.307106,-0.106624,0.204424,-0.001521,0.311611,0.368739,-0.377370,-0.165615,0.222310,-0.057849,-0.238795,-0.032717,0.337799,0.144954,0.338230,-0.006864,-0.022037,-0.031995,0.027809,0.433682,0.345154,0.337065,-0.056164,-0.238799,-0.062773,0.283845,-0.008481,0.213781,0.362918,-0.029074,0.527171,0.318604,0.435514,-0.126439,0.310309,-0.305783,-0.007117,-0.179090,0.044544,0.015693,-0.044654,0.022318,-0.066019,0.028119,0.001118,0.119030,-0.207939,-0.302344,0.001542,0.276668,-0.408870,0.308142,-0.177935,0.086033,0.184953,-0.008184,0.127921,0.002608,0.043161,0.050873,0.309961,-0.363421,0.166183,0.021690,0.164473,0.091403,-0.310675,0.284230,0.003975,-0.058741,0.041638,-0.503540,0.059956,0.246602,-0.004846,-0.021837,0.094056,-0.016383
383,18.080000,-0.037930,-0.001231,-0.058221,-0.028378,-0.670176,0.080841,-0.320384,-0.289262,0.283693,-0.255207,0.006227,-0.004435,0.162322,-0.293963,0.055531,-0.001014,-0.148891,-0.319989,0.286405,0.057230,0.241452,-0.000153,-0.282125,0.008353,-0.246591,-0.245758,0.173947,-0.244356,0.085014,-0.194445,0.033291,-0.106537,-0.234596,-0.037453,0.245209,0.092947,-0.037534,0.279762,-0.065972,-0.029644,-0.706823,-0.184053,0.364488,0.259998,0.283332,-0.340259,0.290683,-0.069209,-0.066450,-0.385222,-0.324035,-0.105739,0.217126,-0.001585,0.302360,0.359921,-0.370677,-0.149830,0.223001,-0.059007,-0.233941,-0.033636,0.343295,0.168951,0.315548,-0.007190,-0.027739,-0.027894,0.027069,0.441636,0.331114,0.340865,-0.055667,-0.230186,-0.065031,0.263750,-0.007492,0.211990,0.369020,-0.029704,0.526779,0.321284,0.445862,-0.129789,0.303272,-0.287249,-0.001048,-0.138310,0.047202,0.020088,-0.046522,0.015343,-0.105216,0.042053,0.001965,0.115173,-0.212492,-0.328605,-0.006011,0.282890,-0.411918,0.322763,-0.177380,0.087469,0.183480,-0.027167,0.127509,0.002502,0.040878,0.065587,0.294882,-0.387251,0.166551,0.017758,0.162333,0.094731,-0.310127,0.291272,0.003227,-0.044178,0.055534,-0.512002,0.039046,0.256645,-0.000951,-0.026027,0.092424,-0.017876
384,18.100000,-0.034331,-0.000792,-0.037732,-0.051695,-0.665352,0.074337,-0.328498,-0.289285,0.260256,-0.278754,0.007290,-0.003071,0.175047,-0.293697,0.104672,-0.002857,-0.142801,-0.329376,0.309657,0.054216,0.212277,-0.000205,-0.304615,0.009125,-0.261779,-0.224364,0.174232,-0.244724,0.079063,-0.218954,0.016659,-0.104773,-0.239397,-0.037886,0.241021,0.095905,-0.038290,0.268900,-0.059914,-0.029352,-0.710626,-0.188548,0.349306,0.260206,0.291223,-0.331705,0.293887,-0.072472,-0.068511,-0.385286,-0.336389,-0.103745,0.228083,-0.001621,0.293323,0.353607,-0.363048,-0.137058,0.224824,-0.062059,-0.218398,-0.034209,0.347333,0.186928,0.296392,-0.007450,-0.039009,-0.026787,0.026416,0.448478,0.311227,0.343221,-0.055031,-0.226714,-0.071425,0.227771,-0.006868,0.216537,0.371504,-0.029911,0.514210,0.322534,0.447761,-0.133588,0.293176,-0.271419,0.009500,-0.086089,0.049400,0.028782,-0.050099,0.009396,-0.157115,0.047281,0.003616,0.110458,-0.215330,-0.343395,-0.013882,0.288617,-0.420682,0.351488,-0.177583,0.089683,0.177321,-0.046916,0.122243,0.001987,0.038675,0.078263,0.278050,-0.403002,0.167602,0.013349,0.170380,0.092848,-0.310053,0.292518,0.002801,-0.028495,0.064279,-0.526541,0.002790,0.252548,0.004965,-0.033564,0.092951,-0.021773
385,18.120000,-0.031998,-0.001548,-0.052433,-0.056979,-0.668828,0.071077,-0.319812,-0.284877,0.248764,-0.277734,0.007084,-0.002087,0.175440,-0.295058,0.113351,-0.003066,-0.147554,-0.320075,0.317644,0.055354,0.202762,-0.000194,-0.313040,0.007090,-0.259926,-0.215613,0.169159,-0.253161,0.083708,-0.232991,-0.004737,-0.101208,-0.254983,-0.036712,0.242953,0.089800,-0.035725,0.273660,-0.053874,-0.031427,-0.709653,-0.187119,0.346419,0.260723,0.290141,-0.339390,0.312411,-0.071888,-0.071981,-0.371444,-0.350139,-0.096835,0.229141,-0.001584,0.294947,0.357394,-0.366415,-0.132264,0.223238,-0.061611,-0.212296,-0.035807,0.343263,0.193970,0.315605,-0.007369,-0.058754,-0.025859,0.028323,0.453425,0.323324,0.340707,-0.053943,-0.232831,-0.069519,0.218777,-0.008018,0.220651,0.380987,-0.031826,0.496954,0.325458,0.431425,-0.125840,0.301326,-0.268719,0.021035,-0.070390,0.051031,0.034411,-0.050935,0.006144,-0.142084,0.058649,0.005608,0.107191,-0.207924,-0.337442,-0.020166,0.277735,-0.414376,0.379685,-0.171000,0.101320,0.171705,-0.044333,0.121174,0.001693,0.042258,0.080512,0.273330,-0.420663,0.167291,0.011522,0.175005,0.084010,-0.321025,0.283424,0.002459,-0.020820,0.073094,-0.541311,-0.014268,0.256684,0.008993,-0.027000,0.091975,-0.024856
386,18.140000,-0.033166,-0.000878,-0.058210,-0.044765,-0.665006,0.065273,-0.322535,-0.285905,0.249606,-0.279969,0.009182,-0.001943,0.170679,-0.300267,0.125267,-0.002903,-0.158536,-0.328361,0.326918,0.052268,0.192794,-0.000155,-0.313612,0.003711,-0.257650,-0.210930,0.178569,-0.249803,0.078605,-0.237000,-0.012922,-0.090925,-0.250318,-0.037112,0.264264,0.083938,-0.028894,0.275121,-0.046908,-0.033973,-0.709314,-0.187694,0.355673,0.260251,0.307919,-0.326583,0.313645,-0.070418,-0.075208,-0.364194,-0.328734,-0.092459,0.221258,-0.001571,0.314596,0.356424,-0.356996,-0.126173,0.212768,-0.061061,-0.220398,-0.036776,0.350141,0.189774,0.308795,-0.007285,-0.034855,-0.025562,0.028777,0.455627,0.321808,0.352777,-0.052844,-0.236779,-0.067948,0.206873,-0.008713,0.213927,0.385525,-0.028898,0.502904,0.332689,0.412307,-0.122156,0.309109,-0.266320,0.020006,-0.063848,0.052844,0.034453,-0.053183,0.003859,-0.134300,0.042367,0.006841,0.107826,-0.208506,-0.310203,-0.025289,0.270308,-0.415066,0.375361,-0.175021,0.093260,0.171366,-0.061314,0.122485,0.001543,0.039799,0.080357,0.266150,-0.423603,0.169595,0.009763,0.186531,0.074753,-0.314792,0.282772,0.002548,-0.020759,0.075034,-0.544294,-0.031691,0.250624,0.009588,-0.022488,0.093639,-0.024860
387,18.160000,-0.034119,-0.000451,-0.059021,-0.029485,-0.661213,0.061844,-0.330200,-0.285295,0.246546,-0.280728,0.008349,-0.001146,0.166704,-0.302098,0.121271,-0.002861,-0.156435,-0.330998,0.330940,0.050710,0.194579,-0.000114,-0.315873,-0.001412,-0.254867,-0.208719,0.183748,-0.247580,0.077063,-0.244866,-0.007104,-0.092060,-0.243665,-0.037335,0.261754,0.076010,-0.023020,0.264632,-0.043845,-0.036961,-0.707639,-0.188647,0.353522,0.259409,0.304318,-0.334883,0.323418,-0.073611,-0.073983,-0.363709,-0.329667,-0.087646,0.213632,-0.001630,0.328252,0.352307,-0.340237,-0.121320,0.204970,-0.060061,-0.228768,-0.037916,0.342567,0.181010,0.301775,-0.007095,-0.017800,-0.025830,0.030327,0.454372,0.322950,0.352239,-0.050997,-0.241673,-0.063543,0.210393,-0.009304,0.212307,0.384736,-0.026750,0.495209,0.333644,0.410439,-0.115313,0.310908,-0.259782,0.024538,-0.048052,0.055710,0.032233,-0.051550,0.001394,-0.112994,0.029913,0.008724,0.105766,-0.205606,-0.287752,-0.030493,0.268188,-0.409191,0.377087,-0.172991,0.091552,0.175828,-0.076014,0.124033,0.001399,0.037786,0.083567,0.259979,-0.432499,0.171115,0.008356,0.188064,0.060739,-0.324187,0.278960,0.003127,-0.021142,0.079135,-0.545334,-0.050149,0.244500,0.010239,-0.010750,0.099490,-0.025587
388,18.180000,-0.036086,-0.000715,-0.058022,-0.015166,-0.653131,0.059994,-0.345743,-0.283823,0.250011,-0.285961,0.008070,-0.000634,0.170856,-0.305657,0.106532,-0.002653,-0.158405,-0.332530,0.329760,0.049416,0.193129,-0.000098,-0.311572,-0.002673,-0.254000,-0.208968,0.177352,-0.249069,0.077949,-0.234544,0.003722,-0.094277,-0.228393,-0.038441,0.254513,0.071842,-0.018446,0.268303,-0.042624,-0.038621,-0.708080,-0.189431,0.349320,0.259283,0.311737,-0.332737,0.341301,-0.075224,-0.075373,-0.362178,-0.315723,-0.089782,0.207867,-0.001689,0.328772,0.355640,-0.341524,-0.121007,0.205994,-0.059617,-0.233335,-0.039049,0.334394,0.165635,0.301800,-0.007316,-0.007608,-0.025356,0.031244,0.452593,0.326773,0.357269,-0.050344,-0.239680,-0.054017,0.208875,-0.010280,0.217110,0.384566,-0.026519,0.490426,0.332242,0.408418,-0.115786,0.308556,-0.246531,0.027308,-0.035084,0.057958,0.027705,-0.051489,-0.000672,-0.100663,0.034122,0.009319,0.104407,-0.206082,-0.275297,-0.034881,0.274381,-0.403563,0.389243,-0.182546,0.090001,0.176647,-0.087088,0.123405,0.001268,0.039249,0.085866,0.254500,-0.423254,0.175292,0.008539,0.189002,0.048608,-0.325088,0.277107,0.004529,-0.022248,0.080791,-0.549171,-0.064143,0.235760,0.011358,-0.004264,0.101398,-0.026788
389,18.200000,-0.037921,-0.000290,-0.055737,0.001979,-0.648645,0.056538,-0.353082,-0.291854,0.247367,-0.286019,0.007209,-0.000496,0.168427,-0.308456,0.081675,-0.001949,-0.151483,-0.329328,0.326400,0.048677,0.179964,-0.000065,-0.305899,-0.004832,-0.250646,-0.205101,0.169215,-0.253262,0.080862,-0.233247,0.014379,-0.098648,-0.224192,-0.039270,0.250901,0.066207,-0.013323,0.259852,-0.041678,-0.039562,-0.708673,-0.192007,0.352204,0.258803,0.307940,-0.336989,0.352103,-0.074702,-0.075078,-0.369478,-0.311632,-0.090612,0.210051,-0.001781,0.325227,0.364351,-0.335803,-0.113482,0.209428,-0.058627,-0.235095,-0.040265,0.327113,0.155125,0.309611,-0.007321,-0.003615,-0.023615,0.031963,0.449685,0.325810,0.352922,-0.048499,-0.239576,-0.049814,0.200003,-0.010984,0.220655,0.383174,-0.028768,0.484846,0.326560,0.406809,-0.119095,0.309598,-0.235798,0.027741,-0.030874,0.060362,0.025548,-0.050782,-0.002732,-0.092226,0.040832,0.009411,0.105053,-0.206574,-0.278677,-0.038476,0.279318,-0.394069,0.394282,-0.183019,0.095889,0.178853,-0.089060,0.129286,0.001189,0.041636,0.083771,0.235676,-0.423735,0.177246,0.007851,0.188568,0.038910,-0.332275,0.271133,0.006479,-0.021319,0.089971,-0.550664,-0.069421,0.235516,0.013334,-0.005717,0.103601,-0.028320
390,18.220000,-0.038608,-0.000456,-0.054648,0.014684,-0.648108,0.053839,-0.359969,-0.286206,0.238441,-0.281043,0.007201,-0.000802,0.166709,-0.311521,0.077968,-0.001695,-0.147629,-0.324474,0.318891,0.046217,0.160055,-0.000042,-0.303724,-0.008401,-0.250620,-0.207609,0.171371,-0.253197,0.078762,-0.231501,0.029546,-0.099539,-0.220806,-0.041328,0.255567,0.060168,-0.009835,0.264935,-0.040641,-0.042732,-0.710585,-0.196375,0.337422,0.258812,0.300810,-0.340554,0.362905,-0.078095,-0.076158,-0.379192,-0.311003,-0.088032,0.198663,-0.001886,0.313983,0.365265,-0.326387,-0.109851,0.213279,-0.060385,-0.250121,-0.041218,0.331063,0.151060,0.311703,-0.007051,0.005329,-0.023901,0.031896,0.444815,0.320632,0.352003,-0.046009,-0.237848,-0.045353,0.200388,-0.010981,0.228124,0.389566,-0.027181,0.489815,0.330216,0.405099,-0.117698,0.316264,-0.222754,0.034322,-0.028583,0.062942,0.023904,-0.051384,-0.004876,-0.078904,0.043449,0.011414,0.105931,-0.205607,-0.282288,-0.041594,0.277001,-0.388236,0.404059,-0.182536,0.094809,0.178826,-0.108278,0.135227,0.001106,0.044563,0.083018,0.220376,-0.423068,0.181488,0.007295,0.191937,0.027693,-0.340080,0.273597,0.007387,-0.021447,0.095937,-0.546403,-0.068544,0.227341,0.013256,0.001953,0.101983,-0.024216
391,18.240000,-0.039755,-0.000730,-0.049601,0.032455,-0.649497,0.052201,-0.369701,-0.295845,0.236178,-0.277600,0.006761,-0.000834,0.158583,-0.314386,0.060269,-0.001242,-0.146248,-0.336278,0.312999,0.044663,0.153959,-0.000016,-0.297032,-0.012060,-0.252702,-0.204122,0.171086,-0.256638,0.079237,-0.229545,0.036415,-0.105949,-0.211870,-0.041878,0.255665,0.055826,-0.006080,0.267901,-0.039404,-0.044432,-0.712015,-0.198205,0.334403,0.260080,0.301236,-0.344780,0.376197,-0.077472,-0.073884,-0.379786,-0.305794,-0.086076,0.190800,-0.002026,0.306150,0.376862,-0.319310,-0.105083,0.211600,-0.059910,-0.249646,-0.042466,0.331946,0.147989,0.315214,-0.006683,0.010586,-0.023347,0.033419,0.441238,0.319143,0.353089,-0.044055,-0.238308,-0.041098,0.195996,-0.010792,0.231154,0.390826,-0.027392,0.482307,0.329161,0.408637,-0.115393,0.319552,-0.210365,0.034397,-0.019180,0.064889,0.022202,-0.052375,-0.006507,-0.066019,0.042238,0.011031,0.107575,-0.203487,-0.289289,-0.043159,0.276305,-0.374695,0.411969,-0.181942,0.097487,0.174723,-0.113106,0.138707,0.000948,0.044097,0.084515,0.208562,-0.423425,0.182584,0.005903,0.194160,0.018227,-0.344939,0.273789,0.008362,-0.022234,0.099959,-0.545248,-0.074408,0.222942,0.013259,0.003637,0.100541,-0.022056
392,18.260000,-0.039940,-0.000612,-0.043330,0.036414,-0.646372,0.051834,-0.378205,-0.298684,0.238446,-0.278774,0.007563,-0.001268,0.162246,-0.318403,0.060490,-0.000895,-0.143804,-0.338623,0.308616,0.045100,0.146185,-0.000034,-0.292540,-0.012701,-0.253928,-0.214307,0.168514,-0.258906,0.079635,-0.225450,0.043853,-0.109163,-0.205242,-0.042702,0.258498,0.055097,-0.003972,0.273807,-0.039060,-0.044962,-0.713818,-0.197698,0.323549,0.262120,0.303945,-0.338416,0.381249,-0.079401,-0.073092,-0.376747,-0.305031,-0.088712,0.183889,-0.002186,0.294351,0.381088,-0.317401,-0.106034,0.207855,-0.057909,-0.251064,-0.043541,0.331151,0.149191,0.319217,-0.006395,0.012878,-0.022934,0.033716,0.436921,0.314239,0.358803,-0.042947,-0.238563,-0.040932,0.201213,-0.010211,0.228701,0.391975,-0.027275,0.483753,0.324021,0.413440,-0.114069,0.318488,-0.202829,0.036820,-0.015679,0.064007,0.020440,-0.051231,-0.007924,-0.067048,0.046502,0.011341,0.109527,-0.207663,-0.296326,-0.043835,0.279396,-0.372715,0.412741,-0.185318,0.096782,0.168173,-0.121600,0.137169,0.000832,0.045765,0.083395,0.205776,-0.420621,0.184841,0.005612,0.195299,0.019041,-0.340687,0.275758,0.009480,-0.023365,0.098010,-0.547170,-0.074096,0.214146,0.012744,0.005672,0.098534,-0.021125
393,18.280000,-0.040054,-0.001071,-0.046412,0.033397,-0.648890,0.051593,-0.373891,-0.296939,0.238761,-0.272298,0.007066,-0.001318,0.164125,-0.320568,0.051856,-0.000426,-0.140021,-0.329061,0.299720,0.046952,0.145133,-0.000025,-0.292598,-0.013333,-0.248715,-0.223516,0.159733,-0.262237,0.082321,-0.232240,0.049072,-0.113141,-0.208037,-0.043586,0.258636,0.054326,-0.002471,0.284551,-0.038327,-0.045905,-0.714799,-0.196272,0.316998,0.263836,0.301797,-0.338049,0.386619,-0.080462,-0.073349,-0.376354,-0.314811,-0.088033,0.182400,-0.002383,0.276123,0.385997,-0.320147,-0.106917,0.210614,-0.056824,-0.247913,-0.044856,0.328664,0.154688,0.329252,-0.006218,-0.003110,-0.022021,0.034356,0.433699,0.319310,0.352762,-0.041538,-0.240175,-0.038704,0.202678,-0.009889,0.230161,0.401193,-0.029358,0.475760,0.321736,0.413809,-0.115326,0.319328,-0.199932,0.041968,-0.014731,0.062519,0.019282,-0.050780,-0.009622,-0.045714,0.063333,0.011465,0.111516,-0.204371,-0.311390,-0.044407,0.275521,-0.365761,0.414685,-0.181190,0.103729,0.165900,-0.116451,0.137049,0.000777,0.050929,0.084747,0.207678,-0.426729,0.183860,0.005769,0.195861,0.018594,-0.344808,0.270765,0.010176,-0.021852,0.109373,-0.549604,-0.076171,0.212845,0.012633,0.008116,0.094959,-0.020020
394,18.300000,-0.039785,-0.000331,-0.046625,0.031025,-0.648754,0.051167,-0.368518,-0.299684,0.238102,-0.265102,0.007328,-0.001736,0.162750,-0.324446,0.061581,-0.000304,-0.140409,-0.327797,0.297990,0.046734,0.137631,-0.000046,-0.292315,-0.013268,-0.248080,-0.225774,0.162780,-0.262286,0.080954,-0.230379,0.051195,-0.108103,-0.211725,-0.044613,0.269192,0.053786,-0.001463,0.289618,-0.037212,-0.046255,-0.715895,-0.196848,0.322891,0.264728,0.302363,-0.327871,0.379526,-0.080814,-0.073855,-0.375789,-0.304573,-0.088868,0.180740,-0.002519,0.275762,0.387368,-0.314134,-0.103519,0.207728,-0.056216,-0.249983,-0.045799,0.337283,0.157534,0.327346,-0.006073,-0.005486,-0.021732,0.033766,0.430742,0.318028,0.357751,-0.040719,-0.238217,-0.046321,0.203142,-0.008950,0.230920,0.408392,-0.028800,0.478321,0.324593,0.411590,-0.115024,0.317621,-0.200014,0.040718,-0.020851,0.060507,0.019709,-0.051297,-0.010876,-0.045135,0.063652,0.011356,0.111535,-0.204669,-0.315009,-0.044427,0.275474,-0.370722,0.406993,-0.182342,0.102046,0.165529,-0.121550,0.136214,0.000719,0.052057,0.087448,0.205485,-0.429004,0.183740,0.005498,0.201356,0.020878,-0.342054,0.272160,0.009377,-0.021742,0.111176,-0.549149,-0.078239,0.209875,0.012273,0.004759,0.093134,-0.017770
395,18.320000,-0.040156,-0.000118,-0.046715,0.030602,-0.648565,0.051372,-0.367253,-0.304224,0.237716,-0.261530,0.006423,-0.001762,0.160563,-0.327350,0.061698,-0.000080,-0.140821,-0.327666,0.296676,0.047429,0.143506,-0.000021,-0.294930,-0.013646,-0.247010,-0.228973,0.165721,-0.263089,0.081516,-0.233744,0.051781,-0.107832,-0.211357,-0.044494,0.269660,0.053216,-0.000329,0.293071,-0.035829,-0.047060,-0.715321,-0.195615,0.324159,0.266096,0.299920,-0.330029,0.377817,-0.081051,-0.072633,-0.369880,-0.302674,-0.088110,0.181526,-0.002679,0.275145,0.388136,-0.308574,-0.102374,0.203558,-0.054420,-0.249025,-0.047169,0.338706,0.158769,0.317918,-0.005952,-0.006961,-0.021015,0.035087,0.428480,0.317081,0.361446,-0.039924,-0.235795,-0.047159,0.203064,-0.008538,0.225300,0.411671,-0.029796,0.476138,0.325126,0.413717,-0.112533,0.318188,-0.199659,0.037929,-0.026120,0.058899,0.019997,-0.051270,-0.011911,-0.035705,0.065056,0.011518,0.112863,-0.204483,-0.320754,-0.044799,0.273614,-0.369023,0.398198,-0.179129,0.101757,0.168545,-0.118249,0.134396,0.000704,0.053070,0.091381,0.206047,-0.435261,0.183627,0.004502,0.199610,0.022260,-0.341903,0.269517,0.008947,-0.020599,0.111559,-0.548334,-0.084067,0.217090,0.011784,0.002759,0.093163,-0.016319
396,18.340000,-0.040514,0.001159,-0.047569,0.027189,-0.647897,0.051401,-0.363171,-0.305854,0.241686,-0.263411,0.005828,-0.001759,0.157166,-0.329798,0.051577,0.000168,-0.138854,-0.321906,0.299140,0.047935,0.148383,-0.000013,-0.297049,-0.012617,-0.243854,-0.223199,0.158371,-0.266581,0.082984,-0.230456,0.050061,-0.108484,-0.212317,-0.044643,0.255265,0.054158,0.000345,0.295293,-0.035820,-0.046714,-0.715409,-0.194139,0.328627,0.267477,0.301213,-0.331581,0.377825,-0.080653,-0.072370,-0.363253,-0.300755,-0.091277,0.187597,-0.002822,0.267690,0.398879,-0.306001,-0.102989,0.206957,-0.053361,-0.239036,-0.048482,0.337585,0.160144,0.318348,-0.005961,-0.019496,-0.019983,0.035857,0.428117,0.323830,0.359455,-0.039365,-0.235304,-0.050673,0.196617,-0.008307,0.227090,0.416134,-0.033044,0.468059,0.314149,0.410957,-0.111925,0.311107,-0.196360,0.035041,-0.028533,0.056501,0.021339,-0.051194,-0.013177,-0.032000,0.064803,0.011358,0.113668,-0.204618,-0.325844,-0.044562,0.278112,-0.371491,0.395210,-0.178809,0.108024,0.167471,-0.098104,0.132637,0.000671,0.056157,0.092003,0.205052,-0.433282,0.182262,0.003670,0.194932,0.022784,-0.339092,0.267562,0.008527,-0.018057,0.110215,-0.549167,-0.093242,0.230044,0.011736,-0.001964,0.094648,-0.015620
397,18.360000,-0.039376,0.002551,-0.048740,0.021686,-0.646807,0.051187,-0.362954,-0.302311,0.244325,-0.262665,0.005656,-0.002203,0.164598,-0.332900,0.063015,0.000152,-0.140415,-0.310098,0.300458,0.047790,0.141921,-0.000014,-0.296769,-0.012238,-0.240339,-0.229466,0.161132,-0.264670,0.083132,-0.226925,0.052642,-0.103001,-0.212584,-0.045144,0.260121,0.053980,0.000870,0.301003,-0.035555,-0.048787,-0.715716,-0.193420,0.325447,0.268044,0.299855,-0.333042,0.372773,-0.082011,-0.073142,-0.363449,-0.299855,-0.093047,0.185274,-0.002947,0.270200,0.397009,-0.302016,-0.101670,0.204839,-0.053052,-0.245190,-0.049451,0.343906,0.170037,0.309887,-0.005809,-0.016354,-0.019453,0.035254,0.427287,0.318964,0.368300,-0.038384,-0.232694,-0.053533,0.199181,-0.007535,0.223862,0.423344,-0.032438,0.478627,0.317249,0.405698,-0.111529,0.315567,-0.196576,0.033262,-0.032699,0.054689,0.021594,-0.051614,-0.014295,-0.028775,0.060680,0.012856,0.114147,-0.203869,-0.327832,-0.044706,0.279530,-0.377709,0.385962,-0.180590,0.107314,0.166720,-0.100766,0.134991,0.000743,0.057713,0.094756,0.204557,-0.435878,0.182164,0.003112,0.193277,0.024107,-0.337237,0.268545,0.007727,-0.015699,0.113953,-0.546331,-0.094011,0.240527,0.010773,0.003358,0.094270,-0.013728
398,18.380000,-0.039048,0.002342,-0.046669,0.021140,-0.649740,0.052344,-0.371303,-0.300730,0.249198,-0.261143,0.004723,-0.002058,0.168313,-0.334610,0.054359,0.000439,-0.139996,-0.305491,0.301950,0.047037,0.152048,0.000000,-0.303276,-0.012276,-0.230274,-0.232013,0.158088,-0.267644,0.086112,-0.229733,0.052025,-0.105292,-0.210645,-0.045357,0.251869,0.053547,0.001548,0.305346,-0.034956,-0.050541,-0.715768,-0.190243,0.318020,0.269431,0.302611,-0.348458,0.377986,-0.081098,-0.071215,-0.360428,-0.309392,-0.092545,0.183573,-0.003075,0.261529,0.397788,-0.302959,-0.100806,0.207744,-0.052252,-0.242007,-0.050877,0.345836,0.184995,0.305171,-0.005463,-0.015883,-0.018540,0.036771,0.428122,0.320250,0.370614,-0.037673,-0.233421,-0.051403,0.199198,-0.006935,0.220117,0.427182,-0.034698,0.481939,0.310649,0.404242,-0.110547,0.314803,-0.194010,0.030629,-0.028280,0.053543,0.020189,-0.051141,-0.016108,-0.013588,0.061826,0.013045,0.115308,-0.198549,-0.335645,-0.044487,0.286243,-0.369015,0.382342,-0.181018,0.111404,0.163218,-0.090460,0.136618,0.000795,0.055957,0.101196,0.208184,-0.435047,0.179746,0.002176,0.184690,0.021244,-0.341001,0.262999,0.007055,-0.011850,0.111057,-0.544125,-0.094504,0.250559,0.009994,0.010543,0.094875,-0.012574
399,18.400000,-0.039671,0.003088,-0.048515,0.024738,-0.646286,0.052610,-0.362511,-0.299530,0.256162,-0.262532,0.005316,-0.002397,0.173438,-0.338971,0.060356,0.000533,-0.138749,-0.300505,0.301307,0.047362,0.147753,-0.000035,-0.304499,-0.011134,-0.231639,-0.235227,0.158521,-0.266578,0.082947,-0.220214,0.055901,-0.101298,-0.207160,-0.045790,0.256430,0.053582,0.001990,0.312799,-0.035933,-0.052877,-0.716316,-0.192162,0.325084,0.270339,0.307379,-0.345825,0.376982,-0.081662,-0.072551,-0.353565,-0.290640,-0.096083,0.181538,-0.003241,0.263848,0.403972,-0.300708,-0.098575,0.207977,-0.051634,-0.246597,-0.051791,0.353567,0.192283,0.298953,-0.005484,-0.012326,-0.017485,0.036240,0.430053,0.329099,0.378506,-0.037273,-0.224503,-0.054193,0.200860,-0.005981,0.219642,0.436089,-0.035030,0.480800,0.311473,0.399214,-0.107815,0.309009,-0.190811,0.027441,-0.030815,0.051591,0.018951,-0.050195,-0.016899,-0.021500,0.059947,0.012943,0.110831,-0.198329,-0.327438,-0.044485,0.291488,-0.377805,0.379308,-0.185840,0.110130,0.163948,-0.093684,0.133120,0.000806,0.055675,0.103512,0.205429,-0.431494,0.177114,0.002704,0.183630,0.024146,-0.336941,0.268742,0.005520,-0.008953,0.107141,-0.542634,-0.094039,0.255288,0.009302,0.011531,0.094195,-0.011202
400,18.420000,-0.039616,0.004000,-0.052151,0.027517,-0.643281,0.053617,-0.353426,-0.302574,0.257763,-0.261353,0.004575,-0.002690,0.173710,-0.341204,0.058805,0.000568,-0.132936,-0.296006,0.297724,0.048514,0.151883,-0.000030,-0.309838,-0.011525,-0.239062,-0.238868,0.159601,-0.264813,0.082585,-0.219739,0.062442,-0.100963,-0.207593,-0.045088,0.253437,0.052805,0.001741,0.314790,-0.036645,-0.053933,-0.716256,-0.191035,0.328719,0.270754,0.297687,-0.352247,0.378795,-0.081924,-0.072972,-0.348980,-0.293477,-0.096400,0.180486,-0.003357,0.264750,0.404628,-0.297348,-0.096924,0.208899,-0.051021,-0.247512,-0.052770,0.357000,0.197749,0.289735,-0.005239,-0.014269,-0.016129,0.036535,0.432339,0.328611,0.379232,-0.036339,-0.219189,-0.056120,0.205236,-0.005122,0.217904,0.441928,-0.036307,0.478765,0.310335,0.401249,-0.105819,0.306268,-0.188700,0.026613,-0.033936,0.050522,0.019127,-0.050292,-0.017317,-0.017274,0.062770,0.013278,0.108865,-0.201447,-0.330111,-0.044878,0.288848,-0.379414,0.377608,-0.181802,0.111599,0.167856,-0.092612,0.132160,0.000790,0.056344,0.109836,0.206465,-0.437805,0.173209,0.002399,0.179039,0.026910,-0.337234,0.270171,0.003927,-0.005658,0.110506,-0.538035,-0.095240,0.266662,0.008608,0.013093,0.094126,-0.010081
401,18.440000,-0.039974,0.004931,-0.051311,0.030374,-0.642914,0.055423,-0.352428,-0.297708,0.263167,-0.265294,0.004084,-0.002692,0.170457,-0.342251,0.040325,0.000741,-0.128129,-0.287729,0.298983,0.048589,0.161624,-0.000021,-0.322184,-0.010538,-0.235883,-0.238749,0.153573,-0.268555,0.084821,-0.217458,0.063624,-0.103520,-0.211192,-0.045354,0.234943,0.054038,0.001457,0.320857,-0.036794,-0.054506,-0.717058,-0.187624,0.325882,0.271339,0.300503,-0.367066,0.385781,-0.080062,-0.073208,-0.341587,-0.300542,-0.098362,0.182515,-0.003519,0.250714,0.409290,-0.297994,-0.096513,0.219242,-0.051239,-0.240749,-0.054529,0.359969,0.205828,0.290720,-0.005013,-0.026166,-0.014837,0.037610,0.436246,0.335570,0.381212,-0.035736,-0.216272,-0.057401,0.202223,-0.004486,0.219387,0.447098,-0.041705,0.476581,0.301470,0.396807,-0.106210,0.299588,-0.181936,0.023534,-0.043055,0.049033,0.019280,-0.050164,-0.018440,-0.011819,0.068357,0.012326,0.109769,-0.203491,-0.338955,-0.044396,0.293344,-0.375992,0.379313,-0.182009,0.118067,0.170144,-0.074090,0.132814,0.000819,0.057046,0.114807,0.205001,-0.433877,0.167166,0.001916,0.169909,0.025712,-0.339544,0.265918,0.002526,-0.001879,0.108240,-0.536714,-0.094732,0.283373,0.007579,0.012216,0.093475,-0.008603
402,18.460000,-0.039085,0.008511,-0.047988,0.035485,-0.639974,0.055769,-0.355604,-0.299409,0.266149,-0.266765,0.004377,-0.003270,0.172760,-0.345845,0.046246,0.000703,-0.129947,-0.288963,0.304565,0.046662,0.158798,-0.000028,-0.322906,-0.009941,-0.236380,-0.236929,0.160602,-0.266928,0.082108,-0.206818,0.065812,-0.098600,-0.209593,-0.045571,0.240468,0.054417,0.001057,0.319309,-0.037140,-0.056507,-0.718152,-0.186241,0.328535,0.271968,0.304310,-0.369485,0.379107,-0.077845,-0.073140,-0.338437,-0.296174,-0.098833,0.176225,-0.003624,0.253039,0.408143,-0.290770,-0.093684,0.218138,-0.051225,-0.244396,-0.055283,0.370923,0.220565,0.280079,-0.004648,-0.009177,-0.014043,0.036445,0.439926,0.326846,0.391367,-0.034874,-0.214093,-0.064371,0.203542,-0.003071,0.212998,0.452419,-0.041444,0.497176,0.299109,0.390349,-0.104680,0.306697,-0.179208,0.015560,-0.044512,0.048194,0.019531,-0.050197,-0.019219,-0.020640,0.053645,0.012569,0.111304,-0.206538,-0.336246,-0.043871,0.297408,-0.377023,0.366942,-0.184902,0.115199,0.168167,-0.076120,0.136474,0.000893,0.055142,0.119519,0.202170,-0.432589,0.161807,0.001028,0.166717,0.028743,-0.331312,0.268223,0.000991,-0.000350,0.105153,-0.535099,-0.091370,0.297103,0.006240,0.015684,0.094357,-0.007431
403,18.480000,-0.038399,0.008062,-0.055903,0.037173,-0.640827,0.056129,-0.348113,-0.302685,0.267758,-0.266066,0.003786,-0.003285,0.175497,-0.347305,0.046839,0.000523,-0.124170,-0.285320,0.300068,0.048127,0.167643,-0.000041,-0.321065,-0.010447,-0.245512,-0.238723,0.162421,-0.266363,0.080759,-0.206763,0.066280,-0.101942,-0.212759,-0.044566,0.238625,0.054130,0.000170,0.323733,-0.038208,-0.057761,-0.718170,-0.185129,0.331784,0.273455,0.290716,-0.378173,0.383713,-0.079060,-0.073571,-0.333315,-0.299116,-0.098483,0.171033,-0.003754,0.256861,0.408508,-0.290644,-0.090705,0.217456,-0.051347,-0.240038,-0.055942,0.370430,0.228083,0.274913,-0.004422,-0.019164,-0.013532,0.036318,0.444323,0.336131,0.389585,-0.034100,-0.209943,-0.062376,0.209586,-0.002334,0.211815,0.456216,-0.041600,0.483379,0.299316,0.393376,-0.099946,0.298561,-0.178262,0.016179,-0.043965,0.047590,0.019577,-0.049360,-0.019936,-0.021313,0.055819,0.012384,0.106302,-0.204709,-0.335678,-0.043969,0.294621,-0.382699,0.373607,-0.176980,0.119602,0.170832,-0.071961,0.135945,0.000895,0.055395,0.125637,0.202752,-0.435611,0.155358,0.001549,0.161884,0.031585,-0.338556,0.267603,-0.000758,0.001753,0.109423,-0.533309,-0.088893,0.307321,0.005554,0.022735,0.093413,-0.006691
404,18.500000,-0.038247,0.007441,-0.052671,0.034596,-0.639072,0.056475,-0.351173,-0.296981,0.277579,-0.272198,0.004124,-0.003457,0.179242,-0.349318,0.041659,0.000680,-0.124878,-0.286319,0.300239,0.047516,0.171305,-0.000056,-0.332720,-0.009698,-0.249593,-0.240515,0.163621,-0.268187,0.077775,-0.202522,0.065340,-0.100341,-0.208817,-0.045322,0.233891,0.055186,-0.000819,0.331470,-0.037949,-0.058907,-0.718293,-0.182029,0.328252,0.274164,0.298159,-0.386178,0.388646,-0.078562,-0.074405,-0.323453,-0.304065,-0.099726,0.164248,-0.003855,0.246336,0.404896,-0.296744,-0.090254,0.224740,-0.051771,-0.241633,-0.057167,0.379028,0.236111,0.271460,-0.003954,-0.012784,-0.012957,0.036689,0.448566,0.334697,0.395385,-0.034233,-0.208141,-0.061040,0.208589,-0.001641,0.209535,0.459213,-0.042580,0.489770,0.294345,0.391385,-0.097871,0.293521,-0.176686,0.012403,-0.045398,0.046276,0.018853,-0.049807,-0.021073,-0.022429,0.057419,0.012133,0.105153,-0.205682,-0.330822,-0.044094,0.299752,-0.380391,0.378058,-0.180695,0.117692,0.168829,-0.071758,0.132699,0.000900,0.051567,0.130839,0.204564,-0.431033,0.148782,0.001399,0.158279,0.032321,-0.331159,0.266069,-0.002038,0.002602,0.100851,-0.528737,-0.086018,0.310792,0.003816,0.029148,0.091994,-0.005840
405,18.520000,-0.038110,0.008454,-0.057660,0.041142,-0.637249,0.056410,-0.343237,-0.301962,0.276311,-0.273071,0.004438,-0.003475,0.178861,-0.351615,0.046385,0.000583,-0.121682,-0.290046,0.297290,0.047811,0.172138,-0.000074,-0.332303,-0.010083,-0.253993,-0.235771,0.168381,-0.267450,0.077269,-0.200116,0.062850,-0.099534,-0.215643,-0.044511,0.236834,0.054079,-0.001694,0.329376,-0.037897,-0.059428,-0.718516,-0.181928,0.335362,0.274810,0.292390,-0.387364,0.388282,-0.077652,-0.074686,-0.319829,-0.300012,-0.098426,0.159290,-0.004016,0.257652,0.404242,-0.291624,-0.085753,0.221832,-0.051835,-0.240592,-0.057838,0.382577,0.240513,0.266095,-0.003799,-0.014145,-0.012828,0.035907,0.452416,0.335177,0.395256,-0.033020,-0.205264,-0.065405,0.216755,-0.001062,0.208798,0.460876,-0.042394,0.484219,0.297486,0.390298,-0.097856,0.291962,-0.175408,0.010629,-0.052836,0.045250,0.018604,-0.049299,-0.020677,-0.026360,0.054768,0.011045,0.103438,-0.206891,-0.326610,-0.044112,0.294406,-0.384755,0.380673,-0.175757,0.118482,0.172768,-0.074319,0.133406,0.000942,0.052001,0.136521,0.202220,-0.433367,0.141265,0.001952,0.160984,0.034936,-0.337707,0.264998,-0.003257,0.002038,0.105186,-0.530867,-0.082662,0.315935,0.003512,0.030703,0.091770,-0.005480
406,18.540000,-0.038114,0.007811,-0.058189,0.041790,-0.634529,0.056967,-0.344691,-0.300672,0.279035,-0.279050,0.004502,-0.003466,0.178531,-0.353802,0.043335,0.000579,-0.124483,-0.294532,0.295760,0.047085,0.181966,-0.000074,-0.335792,-0.010534,-0.260489,-0.234322,0.171125,-0.267499,0.073448,-0.198885,0.062597,-0.099114,-0.212330,-0.044838,0.237126,0.054063,-0.002114,0.330907,-0.037469,-0.059305,-0.718059,-0.178882,0.337901,0.275111,0.294790,-0.392510,0.390650,-0.077129,-0.075849,-0.315109,-0.300439,-0.098623,0.153689,-0.004041,0.254604,0.401347,-0.295869,-0.085324,0.222538,-0.052033,-0.240880,-0.058672,0.384277,0.242207,0.263304,-0.003454,-0.006651,-0.012513,0.036213,0.455936,0.331767,0.395618,-0.032855,-0.204755,-0.062959,0.213551,-0.000836,0.203982,0.463072,-0.042443,0.489204,0.293065,0.392835,-0.094065,0.289391,-0.175872,0.008207,-0.052223,0.044509,0.019555,-0.049676,-0.021311,-0.024343,0.052238,0.010650,0.102013,-0.209102,-0.320120,-0.044505,0.292791,-0.384107,0.381693,-0.176539,0.116578,0.173426,-0.073572,0.129604,0.000943,0.051046,0.140351,0.206250,-0.434005,0.135683,0.002001,0.159160,0.036265,-0.328609,0.264392,-0.003875,-0.000010,0.105118,-0.530468,-0.086983,0.319675,0.002774,0.033975,0.091207,-0.005424
407,18.560000,-0.038399,0.007722,-0.058282,0.044616,-0.631369,0.056173,-0.345926,-0.302773,0.281410,-0.284042,0.005082,-0.003434,0.179357,-0.356038,0.043130,0.000624,-0.124769,-0.299877,0.295469,0.046717,0.184830,-0.000080,-0.337450,-0.010492,-0.263634,-0.228105,0.173792,-0.266600,0.072539,-0.196235,0.059879,-0.099094,-0.210349,-0.044117,0.237476,0.053066,-0.002056,0.327856,-0.036923,-0.058670,-0.717645,-0.177923,0.342601,0.276207,0.297800,-0.390305,0.390289,-0.076234,-0.076115,-0.310867,-0.295689,-0.099194,0.150382,-0.004160,0.263530,0.401261,-0.297565,-0.083465,0.220039,-0.052280,-0.240329,-0.059388,0.384618,0.238396,0.257843,-0.003235,0.000188,-0.012456,0.036205,0.459205,0.328257,0.399897,-0.032111,-0.203167,-0.063651,0.216628,-0.000870,0.201089,0.459107,-0.042294,0.486728,0.296482,0.394103,-0.095359,0.288357,-0.174754,0.008133,-0.052630,0.043375,0.019344,-0.049694,-0.021433,-0.027558,0.050306,0.009772,0.100014,-0.211856,-0.311372,-0.044864,0.292463,-0.388133,0.382489,-0.175517,0.114793,0.176837,-0.078757,0.126613,0.000985,0.050986,0.142642,0.205563,-0.432786,0.130395,0.002410,0.162777,0.036378,-0.326283,0.263613,-0.004337,-0.002110,0.106125,-0.532626,-0.090287,0.321216,0.002729,0.033840,0.091380,-0.005782
408,18.580000,-0.038254,0.007454,-0.057727,0.046953,-0.627438,0.056669,-0.348620,-0.305062,0.279165,-0.288946,0.005024,-0.003350,0.180944,-0.357982,0.041132,0.000582,-0.126739,-0.302864,0.293149,0.045757,0.190772,-0.000075,-0.339049,-0.010700,-0.267305,-0.226161,0.174598,-0.266884,0.071937,-0.194085,0.058654,-0.099024,-0.208942,-0.043874,0.235906,0.051472,-0.002524,0.323952,-0.036276,-0.057988,-0.717378,-0.176539,0.342706,0.276071,0.298333,-0.393774,0.392505,-0.076383,-0.077221,-0.310310,-0.295560,-0.098899,0.148783,-0.004176,0.266857,0.397598,-0.302048,-0.082768,0.218983,-0.052163,-0.243001,-0.060049,0.381877,0.235441,0.256130,-0.002985,0.005826,-0.012120,0.036056,0.461874,0.323029,0.397781,-0.031469,-0.204006,-0.062751,0.219677,-0.001269,0.198395,0.458046,-0.041909,0.490482,0.297143,0.396851,-0.094781,0.289146,-0.173756,0.009235,-0.052244,0.042679,0.019998,-0.049663,-0.021365,-0.023862,0.051440,0.009795,0.100832,-0.214132,-0.307510,-0.045479,0.289686,-0.387419,0.386105,-0.175536,0.114411,0.177548,-0.084140,0.125029,0.000991,0.052347,0.143894,0.207423,-0.431689,0.126432,0.002801,0.163188,0.036002,-0.324158,0.263259,-0.004101,-0.004886,0.110148,-0.535005,-0.091419,0.322417,0.002724,0.036422,0.091163,-0.006332
409,18.600000,-0.038461,0.006937,-0.055971,0.050377,-0.625538,0.056531,-0.351660,-0.308500,0.281751,-0.292032,0.005196,-0.003393,0.181886,-0.359852,0.039510,0.000540,-0.128863,-0.306414,0.290522,0.045162,0.192565,-0.000076,-0.338353,-0.010250,-0.269298,-0.224319,0.174777,-0.267423,0.073932,-0.192860,0.055579,-0.099613,-0.207412,-0.043166,0.235928,0.049780,-0.002618,0.320782,-0.035844,-0.057326,-0.717320,-0.176053,0.343920,0.276562,0.302173,-0.394733,0.395869,-0.075891,-0.077376,-0.310710,-0.292536,-0.099699,0.149893,-0.004269,0.273427,0.396747,-0.305816,-0.081057,0.217328,-0.052253,-0.242243,-0.060810,0.379505,0.228604,0.257802,-0.002773,0.009265,-0.012100,0.036070,0.464522,0.321051,0.400354,-0.030641,-0.203437,-0.062397,0.221624,-0.001758,0.196683,0.453964,-0.041678,0.492612,0.298235,0.399940,-0.095854,0.288609,-0.171359,0.008985,-0.055205,0.041707,0.020050,-0.049481,-0.021578,-0.024782,0.053098,0.009395,0.100092,-0.215563,-0.304181,-0.046024,0.289509,-0.388180,0.389684,-0.174536,0.114284,0.180200,-0.090899,0.124920,0.001021,0.053691,0.146453,0.207171,-0.429629,0.122758,0.003625,0.166264,0.035090,-0.323962,0.262401,-0.004080,-0.008742,0.113281,-0.538037,-0.089437,0.323043,0.002454,0.035698,0.091331,-0.006947
410,18.620000,-0.038009,0.006844,-0.054477,0.052003,-0.623793,0.056400,-0.353809,-0.311190,0.277076,-0.293267,0.004978,-0.003463,0.183314,-0.361538,0.040611,0.000502,-0.129141,-0.309245,0.286331,0.044514,0.193417,-0.000072,-0.335460,-0.010527,-0.270076,-0.225705,0.176953,-0.268200,0.075465,-0.192357,0.052439,-0.100245,-0.207815,-0.042906,0.235325,0.047695,-0.003324,0.316532,-0.035719,-0.056527,-0.717301,-0.175541,0.340795,0.276827,0.300574,-0.395670,0.398498,-0.075993,-0.077043,-0.312553,-0.294941,-0.099996,0.151731,-0.004347,0.277139,0.393185,-0.307495,-0.080085,0.216465,-0.051758,-0.241913,-0.061518,0.376886,0.224031,0.260852,-0.002564,0.010958,-0.011866,0.035865,0.466443,0.318999,0.396277,-0.029707,-0.206442,-0.062150,0.225343,-0.002183,0.195370,0.450885,-0.040688,0.495649,0.296716,0.404217,-0.095473,0.289277,-0.169666,0.010441,-0.056798,0.041062,0.020781,-0.049438,-0.021053,-0.018103,0.053025,0.009850,0.101998,-0.213976,-0.304177,-0.046615,0.287371,-0.384320,0.395585,-0.171044,0.114788,0.178702,-0.097401,0.127477,0.000990,0.055553,0.148142,0.207869,-0.429263,0.119730,0.004336,0.167679,0.034307,-0.326612,0.262063,-0.003560,-0.012516,0.117548,-0.542593,-0.085078,0.322148,0.002255,0.038180,0.091626,-0.007465
411,18.640000,-0.038628,0.006121,-0.050990,0.054771,-0.623070,0.056367,-0.357382,-0.314835,0.277444,-0.295678,0.005242,-0.003427,0.182594,-0.363924,0.039598,0.000480,-0.132413,-0.315691,0.283334,0.044087,0.193420,-0.000072,-0.331049,-0.010519,-0.272347,-0.224492,0.178965,-0.269664,0.075884,-0.191999,0.049435,-0.100988,-0.205977,-0.042830,0.239851,0.046723,-0.003257,0.314696,-0.035443,-0.056201,-0.717475,-0.174757,0.342880,0.277344,0.308124,-0.392815,0.401473,-0.075116,-0.076521,-0.312327,-0.289640,-0.100906,0.153318,-0.004465,0.279542,0.393451,-0.308494,-0.079631,0.213803,-0.051552,-0.240986,-0.062299,0.375421,0.217025,0.264682,-0.002387,0.015343,-0.011976,0.036065,0.468289,0.316775,0.397223,-0.028813,-0.208179,-0.060710,0.225037,-0.002650,0.192623,0.448893,-0.040393,0.500008,0.296531,0.407831,-0.095834,0.291379,-0.167916,0.008479,-0.057903,0.040086,0.021530,-0.049427,-0.021254,-0.018280,0.052161,0.009482,0.102494,-0.215218,-0.301393,-0.047178,0.285173,-0.383535,0.395505,-0.170799,0.114063,0.179226,-0.103766,0.127480,0.000984,0.057072,0.150978,0.209748,-0.428757,0.117590,0.004965,0.171837,0.035236,-0.324075,0.261459,-0.003231,-0.016929,0.120004,-0.546854,-0.083717,0.320919,0.001790,0.036106,0.091792,-0.008100
412,18.660000,-0.038000,0.005670,-0.049811,0.054323,-0.623691,0.056223,-0.358080,-0.313149,0.272189,-0.295401,0.004960,-0.003472,0.183518,-0.365067,0.040379,0.000537,-0.130677,-0.315187,0.279076,0.044079,0.193220,-0.000069,-0.328564,-0.011106,-0.270994,-0.227454,0.178200,-0.271677,0.077937,-0.194541,0.047465,-0.103776,-0.208526,-0.043097,0.237739,0.045004,-0.004167,0.312242,-0.035204,-0.055726,-0.717348,-0.174117,0.335805,0.278247,0.303711,-0.394765,0.406314,-0.076401,-0.076026,-0.315028,-0.298539,-0.100658,0.154764,-0.004598,0.279377,0.387579,-0.308672,-0.079450,0.212929,-0.051009,-0.239978,-0.063106,0.372404,0.214345,0.270720,-0.002216,0.012663,-0.011783,0.035604,0.469299,0.317334,0.390364,-0.027638,-0.213714,-0.060459,0.231775,-0.003218,0.192152,0.446110,-0.039570,0.501138,0.293993,0.413840,-0.095708,0.292759,-0.166804,0.012563,-0.057171,0.039400,0.022424,-0.049021,-0.020992,-0.004882,0.053532,0.010178,0.104790,-0.212237,-0.304845,-0.047928,0.285410,-0.378005,0.402539,-0.166684,0.115360,0.176351,-0.108733,0.130022,0.000925,0.059250,0.153021,0.210759,-0.430160,0.116002,0.005744,0.171827,0.034702,-0.330148,0.258870,-0.002614,-0.020318,0.122922,-0.551406,-0.076391,0.316975,0.001589,0.041903,0.092346,-0.008468
413,18.680000,-0.039128,0.005416,-0.046360,0.059072,-0.623430,0.056715,-0.359831,-0.317412,0.270510,-0.297209,0.005410,-0.003349,0.180035,-0.368291,0.036188,0.000541,-0.135555,-0.323482,0.277628,0.043529,0.193898,-0.000070,-0.321495,-0.011087,-0.273370,-0.224284,0.178959,-0.274515,0.076933,-0.193336,0.045899,-0.103442,-0.206026,-0.043617,0.243528,0.045238,-0.003924,0.312010,-0.035047,-0.055229,-0.717947,-0.172685,0.342532,0.279078,0.312696,-0.386150,0.407757,-0.074460,-0.076109,-0.313905,-0.286604,-0.101315,0.157370,-0.004730,0.280184,0.390526,-0.308585,-0.079366,0.210246,-0.050655,-0.238107,-0.063888,0.372288,0.208902,0.273521,-0.002126,0.016015,-0.011853,0.035754,0.470576,0.316491,0.390695,-0.026928,-0.215591,-0.060340,0.229434,-0.003554,0.190317,0.447547,-0.039614,0.505469,0.292099,0.416092,-0.096938,0.295669,-0.165291,0.008907,-0.057314,0.038500,0.023572,-0.049595,-0.021334,-0.004643,0.050248,0.009445,0.105669,-0.213351,-0.301312,-0.048166,0.283622,-0.377719,0.398878,-0.168773,0.114626,0.175998,-0.109710,0.129408,0.000890,0.060849,0.155680,0.213451,-0.427914,0.115505,0.006191,0.176919,0.036593,-0.326790,0.258367,-0.002117,-0.024357,0.125433,-0.556004,-0.078212,0.314584,0.001754,0.037781,0.092470,-0.009104
414,18.700000,-0.039251,0.003956,-0.044511,0.058754,-0.624509,0.056291,-0.365211,-0.310958,0.269104,-0.299034,0.005102,-0.003278,0.183376,-0.370234,0.029890,0.000565,-0.135283,-0.319189,0.274833,0.043718,0.194911,-0.000058,-0.323456,-0.012117,-0.268019,-0.229430,0.175979,-0.276840,0.078361,-0.198425,0.048954,-0.106173,-0.202310,-0.044633,0.245973,0.044203,-0.003588,0.314171,-0.034061,-0.055343,-0.717385,-0.171178,0.334907,0.279960,0.315388,-0.388570,0.411062,-0.074766,-0.075102,-0.316063,-0.292314,-0.101458,0.157208,-0.004888,0.275251,0.386143,-0.311956,-0.079811,0.209010,-0.050148,-0.241660,-0.064837,0.370856,0.208309,0.276663,-0.001971,0.022186,-0.011437,0.035998,0.471051,0.316351,0.389774,-0.026039,-0.217269,-0.055756,0.231077,-0.004187,0.184919,0.445075,-0.040197,0.511320,0.290676,0.421166,-0.097198,0.299945,-0.165590,0.011339,-0.054615,0.037742,0.023184,-0.049392,-0.021230,0.012539,0.055121,0.009583,0.107162,-0.210950,-0.304724,-0.049170,0.287270,-0.368992,0.397132,-0.168514,0.113922,0.176026,-0.113078,0.128820,0.000893,0.061121,0.155196,0.213211,-0.431080,0.115772,0.006320,0.173935,0.036426,-0.327493,0.256206,-0.000843,-0.025590,0.125391,-0.557602,-0.075799,0.311362,0.001638,0.042258,0.092278,-0.009414
415,18.720000,-0.040075,0.004677,-0.042756,0.063879,-0.624511,0.057424,-0.364017,-0.316747,0.263746,-0.298838,0.005619,-0.003164,0.177391,-0.373340,0.024564,0.000659,-0.135884,-0.324476,0.274820,0.043195,0.196419,-0.000065,-0.317991,-0.011771,-0.270777,-0.222477,0.172369,-0.279544,0.077502,-0.196120,0.049581,-0.106616,-0.202541,-0.044730,0.244384,0.044725,-0.003521,0.311241,-0.034258,-0.054022,-0.718668,-0.170676,0.344095,0.281286,0.317231,-0.378394,0.410709,-0.073428,-0.076180,-0.317176,-0.281085,-0.101202,0.160667,-0.005035,0.276972,0.391691,-0.309659,-0.080076,0.208083,-0.050296,-0.238046,-0.065283,0.369297,0.204405,0.277844,-0.001957,0.018471,-0.011470,0.035408,0.472109,0.317221,0.386205,-0.025254,-0.218205,-0.059852,0.231433,-0.004350,0.186864,0.446927,-0.040718,0.509062,0.290155,0.422544,-0.100154,0.300591,-0.163094,0.011329,-0.052725,0.036858,0.024061,-0.049872,-0.021333,0.010462,0.053770,0.008901,0.107562,-0.212022,-0.305090,-0.049108,0.288162,-0.372461,0.394446,-0.169367,0.114820,0.176236,-0.110225,0.128120,0.000846,0.064064,0.154702,0.214169,-0.425159,0.116590,0.006548,0.178224,0.038093,-0.327727,0.257683,-0.000149,-0.027458,0.129183,-0.560401,-0.077493,0.308820,0.002871,0.036304,0.092406,-0.009965
416,18.740000,-0.039990,0.004888,-0.041837,0.063780,-0.625343,0.056917,-0.365695,-0.317744,0.264896,-0.297975,0.004955,-0.003341,0.178040,-0.375963,0.025450,0.000505,-0.138549,-0.325892,0.273790,0.042991,0.194819,-0.000059,-0.315008,-0.011990,-0.274465,-0.224935,0.177103,-0.280142,0.077644,-0.194553,0.053213,-0.106315,-0.200723,-0.044761,0.247911,0.044329,-0.003908,0.308202,-0.034494,-0.053598,-0.718689,-0.170665,0.343135,0.281898,0.315174,-0.375363,0.406556,-0.073549,-0.075432,-0.317806,-0.279383,-0.101360,0.161362,-0.005127,0.280314,0.389201,-0.305285,-0.079593,0.205307,-0.049914,-0.243111,-0.065889,0.368544,0.200644,0.272849,-0.001828,0.027107,-0.011422,0.035191,0.472780,0.314064,0.387703,-0.024714,-0.217650,-0.059768,0.233448,-0.004525,0.185288,0.445158,-0.039541,0.516223,0.292063,0.428316,-0.099474,0.303907,-0.163650,0.010454,-0.052625,0.036280,0.024738,-0.049950,-0.021402,0.010500,0.052888,0.009330,0.107721,-0.215099,-0.302157,-0.049963,0.288017,-0.371992,0.390637,-0.169623,0.113658,0.176653,-0.117408,0.128035,0.000838,0.064017,0.155104,0.212660,-0.426559,0.117989,0.006418,0.177974,0.040259,-0.325261,0.261031,0.000353,-0.029173,0.128539,-0.560405,-0.077056,0.308471,0.003083,0.034241,0.092408,-0.010077
417,18.760000,-0.040350,0.004996,-0.039058,0.068227,-0.627063,0.057732,-0.364167,-0.319648,0.261066,-0.299229,0.004648,-0.003219,0.171465,-0.377863,0.013112,0.000515,-0.134029,-0.325233,0.273294,0.043672,0.200034,-0.000045,-0.317053,-0.011361,-0.273430,-0.221376,0.169169,-0.285317,0.080330,-0.197567,0.051881,-0.110774,-0.201526,-0.044247,0.238203,0.044907,-0.004155,0.306921,-0.034200,-0.051733,-0.719128,-0.168976,0.344715,0.283589,0.313239,-0.375804,0.411240,-0.072191,-0.075017,-0.316867,-0.282401,-0.102101,0.169068,-0.005266,0.276877,0.395528,-0.307152,-0.079581,0.207170,-0.049592,-0.234258,-0.066820,0.362759,0.194911,0.279133,-0.001804,0.012834,-0.011010,0.035567,0.474470,0.318632,0.385722,-0.023836,-0.217934,-0.059164,0.228589,-0.004927,0.186130,0.443984,-0.042822,0.508359,0.287470,0.432549,-0.100688,0.300303,-0.160774,0.014205,-0.054787,0.035320,0.025922,-0.049719,-0.021458,0.012331,0.056917,0.008723,0.107984,-0.214902,-0.311037,-0.049944,0.290600,-0.375927,0.393293,-0.167947,0.120066,0.177187,-0.104246,0.129138,0.000828,0.066962,0.153171,0.212641,-0.422174,0.118963,0.006142,0.176312,0.039114,-0.329930,0.258429,0.001044,-0.028535,0.131995,-0.560918,-0.079530,0.314107,0.003561,0.029425,0.092038,-0.010348
418,18.780000,-0.039692,0.005603,-0.037320,0.064712,-0.627858,0.056841,-0.364565,-0.317778,0.263190,-0.299186,0.004589,-0.003484,0.175691,-0.380637,0.020265,0.000331,-0.139258,-0.322568,0.274904,0.042639,0.192346,-0.000054,-0.313927,-0.011003,-0.274668,-0.225000,0.171765,-0.285819,0.080328,-0.193538,0.053813,-0.107686,-0.200842,-0.044936,0.245483,0.044982,-0.004387,0.308434,-0.034233,-0.052240,-0.719691,-0.169324,0.343127,0.283832,0.316557,-0.373375,0.405928,-0.072566,-0.075010,-0.317463,-0.279347,-0.103226,0.169028,-0.005390,0.278238,0.392777,-0.304100,-0.078918,0.205201,-0.050054,-0.241467,-0.067247,0.368861,0.195096,0.276163,-0.001696,0.022303,-0.011195,0.035035,0.475526,0.317063,0.389798,-0.023459,-0.216278,-0.061077,0.230185,-0.004855,0.186123,0.443790,-0.040858,0.519119,0.290459,0.431833,-0.100461,0.305190,-0.161691,0.011889,-0.055327,0.034556,0.025791,-0.050185,-0.021479,0.007953,0.053859,0.009151,0.109315,-0.214679,-0.307848,-0.050503,0.292478,-0.377014,0.388414,-0.171480,0.117572,0.175343,-0.112915,0.129846,0.000891,0.067100,0.154113,0.210216,-0.422190,0.120670,0.005890,0.178082,0.040236,-0.325679,0.262507,0.001389,-0.029814,0.130555,-0.558775,-0.076197,0.315420,0.003342,0.029977,0.091108,-0.009988
419,18.800000,-0.039284,0.004212,-0.039904,0.063689,-0.631112,0.057612,-0.362563,-0.317338,0.260757,-0.296028,0.004567,-0.003385,0.177994,-0.382281,0.021943,0.000237,-0.137962,-0.321366,0.271119,0.042621,0.195827,-0.000050,-0.312486,-0.011907,-0.273742,-0.227307,0.172643,-0.285389,0.081377,-0.198128,0.055342,-0.109515,-0.199554,-0.044939,0.250363,0.044318,-0.004222,0.311652,-0.033489,-0.052705,-0.719667,-0.168117,0.338937,0.284397,0.318214,-0.376521,0.408368,-0.073217,-0.074019,-0.315512,-0.284396,-0.101716,0.165623,-0.005508,0.278948,0.390603,-0.304932,-0.078803,0.203837,-0.049984,-0.243487,-0.067986,0.368569,0.196223,0.273966,-0.001557,0.025448,-0.011125,0.035477,0.476981,0.316904,0.390830,-0.022699,-0.216581,-0.056572,0.234991,-0.005073,0.180825,0.441285,-0.040081,0.518857,0.291666,0.435921,-0.098864,0.309698,-0.161663,0.014260,-0.051760,0.034159,0.024977,-0.049944,-0.021611,0.013856,0.057281,0.009335,0.109450,-0.212325,-0.307866,-0.050549,0.290169,-0.374067,0.388616,-0.169220,0.117412,0.175257,-0.117597,0.128404,0.000927,0.066470,0.156102,0.213523,-0.427852,0.121331,0.005618,0.178986,0.039481,-0.329071,0.263439,0.001723,-0.029978,0.131326,-0.558068,-0.076842,0.316129,0.002866,0.032987,0.089061,-0.010031
420,18.820000,-0.039312,0.005289,-0.034303,0.067282,-0.629317,0.058181,-0.366036,-0.319267,0.263457,-0.300983,0.004760,-0.003430,0.174350,-0.383723,0.019698,0.000414,-0.138495,-0.327873,0.273964,0.042612,0.194536,-0.000060,-0.317195,-0.011299,-0.273346,-0.223423,0.171223,-0.288219,0.080694,-0.194442,0.052834,-0.111650,-0.199504,-0.044775,0.242007,0.044774,-0.004937,0.307613,-0.034028,-0.052164,-0.720387,-0.167739,0.340003,0.285578,0.323919,-0.379503,0.407670,-0.073884,-0.073486,-0.313648,-0.283337,-0.102417,0.167854,-0.005690,0.276806,0.393674,-0.302121,-0.079640,0.204066,-0.049813,-0.240110,-0.068648,0.366654,0.196077,0.277807,-0.001474,0.026051,-0.011291,0.035683,0.478201,0.317481,0.390196,-0.022384,-0.219062,-0.060811,0.235511,-0.005226,0.184957,0.440262,-0.040839,0.518982,0.286700,0.437943,-0.097820,0.307042,-0.159690,0.014123,-0.048829,0.033028,0.025347,-0.049732,-0.021967,0.010086,0.053992,0.009265,0.110842,-0.213529,-0.304885,-0.051329,0.294315,-0.373036,0.390815,-0.172461,0.118994,0.171383,-0.117400,0.126699,0.000878,0.066306,0.158331,0.215547,-0.421294,0.122344,0.005452,0.181558,0.039172,-0.326814,0.266714,0.001619,-0.030710,0.125298,-0.558890,-0.077741,0.314994,0.002533,0.031628,0.090143,-0.010297
421,18.840000,-0.039160,0.004121,-0.037745,0.065215,-0.631018,0.057905,-0.364324,-0.312166,0.265374,-0.300134,0.004665,-0.003402,0.179809,-0.384695,0.018767,0.000252,-0.137325,-0.318164,0.268709,0.043290,0.192179,-0.000061,-0.317766,-0.011373,-0.268169,-0.231902,0.167675,-0.290257,0.083217,-0.196335,0.054364,-0.112683,-0.199974,-0.045528,0.243980,0.044321,-0.004540,0.314218,-0.033438,-0.053314,-0.720391,-0.167518,0.333256,0.286124,0.323148,-0.382107,0.410149,-0.074458,-0.073374,-0.314320,-0.287253,-0.101860,0.166873,-0.005918,0.272826,0.389898,-0.305054,-0.079275,0.204066,-0.049970,-0.243749,-0.069516,0.365540,0.199880,0.283683,-0.001371,0.024109,-0.011124,0.035603,0.478716,0.321324,0.390075,-0.021816,-0.218722,-0.057375,0.238372,-0.005669,0.182821,0.442611,-0.040885,0.519965,0.287781,0.438499,-0.097257,0.310663,-0.159651,0.017426,-0.052015,0.031847,0.023897,-0.048967,-0.022313,0.020592,0.063840,0.009783,0.110388,-0.210937,-0.306711,-0.052183,0.292019,-0.369335,0.394405,-0.172493,0.120420,0.172045,-0.120960,0.127089,0.000905,0.068131,0.159492,0.215105,-0.426630,0.122658,0.006298,0.179852,0.038572,-0.332342,0.263805,0.002082,-0.030256,0.129065,-0.560414,-0.073136,0.314908,0.002208,0.035575,0.088248,-0.010133
422,18.860000,-0.039351,0.006018,-0.034336,0.070830,-0.632963,0.058513,-0.367419,-0.320265,0.261796,-0.299083,0.004304,-0.003330,0.170025,-0.387214,0.008629,0.000407,-0.135554,-0.324205,0.271615,0.043183,0.195041,-0.000057,-0.316278,-0.010899,-0.266059,-0.221972,0.163924,-0.295336,0.083662,-0.196903,0.052389,-0.113782,-0.203491,-0.045326,0.237628,0.045281,-0.004568,0.307685,-0.033808,-0.051765,-0.721428,-0.165666,0.344289,0.287996,0.320738,-0.379371,0.408861,-0.071088,-0.072903,-0.316696,-0.283616,-0.102043,0.173470,-0.006001,0.271300,0.398989,-0.301913,-0.076776,0.205215,-0.049435,-0.232339,-0.070161,0.365075,0.201717,0.288116,-0.001337,0.015171,-0.010917,0.035554,0.480096,0.321812,0.386660,-0.021215,-0.220937,-0.063132,0.228721,-0.005446,0.186113,0.444596,-0.043977,0.516854,0.281217,0.437134,-0.098868,0.307925,-0.158197,0.015039,-0.051926,0.031102,0.025865,-0.049465,-0.022748,0.018315,0.058214,0.008897,0.111614,-0.209414,-0.313955,-0.051217,0.295487,-0.370672,0.390277,-0.171265,0.126546,0.169610,-0.103541,0.130267,0.000853,0.068107,0.159777,0.213278,-0.419970,0.123156,0.005710,0.177943,0.038634,-0.332479,0.262709,0.001965,-0.029634,0.131695,-0.561227,-0.074774,0.318524,0.002937,0.029271,0.090205,-0.010424
423,18.880000,-0.039075,0.005656,-0.037998,0.066012,-0.634798,0.057337,-0.363803,-0.316141,0.262243,-0.296649,0.004139,-0.003595,0.173906,-0.390294,0.018215,0.000181,-0.137609,-0.318051,0.270657,0.043086,0.191214,-0.000062,-0.312588,-0.010908,-0.270260,-0.229395,0.170436,-0.294976,0.081174,-0.194934,0.056200,-0.110899,-0.203377,-0.046126,0.246856,0.045833,-0.004518,0.312282,-0.034098,-0.052758,-0.721310,-0.166607,0.343091,0.289172,0.314377,-0.374358,0.403883,-0.071999,-0.072748,-0.315092,-0.279333,-0.102884,0.170822,-0.006169,0.275085,0.393180,-0.296756,-0.075783,0.203486,-0.049512,-0.240596,-0.070635,0.370436,0.202217,0.280323,-0.001247,0.021027,-0.011017,0.034883,0.480788,0.324800,0.391089,-0.020909,-0.216955,-0.063751,0.231230,-0.005096,0.183339,0.447162,-0.041695,0.521125,0.288231,0.437883,-0.097668,0.306461,-0.160045,0.013152,-0.057292,0.030574,0.025513,-0.049172,-0.022835,0.014218,0.057361,0.009496,0.108783,-0.209284,-0.309350,-0.051883,0.294362,-0.375722,0.386024,-0.171804,0.122337,0.173307,-0.111966,0.130773,0.000907,0.067368,0.159802,0.208138,-0.421465,0.124665,0.006047,0.175245,0.041135,-0.331863,0.264987,0.001594,-0.029784,0.129347,-0.559306,-0.069967,0.319825,0.003036,0.030299,0.089152,-0.009411
424,18.900000,-0.038623,0.005501,-0.035721,0.065268,-0.636496,0.058033,-0.365119,-0.319400,0.260015,-0.294916,0.003991,-0.003499,0.174739,-0.392018,0.018989,0.000298,-0.136701,-0.326725,0.272131,0.042359,0.198661,-0.000059,-0.311319,-0.011396,-0.274957,-0.223436,0.172643,-0.295184,0.080178,-0.197201,0.056231,-0.112260,-0.198911,-0.046019,0.244603,0.046453,-0.004709,0.312675,-0.034040,-0.051756,-0.721404,-0.164252,0.341708,0.290512,0.315033,-0.377278,0.407417,-0.072002,-0.072178,-0.312473,-0.284523,-0.101319,0.167460,-0.006135,0.276533,0.389840,-0.296079,-0.076722,0.203132,-0.049644,-0.239205,-0.071079,0.372130,0.202824,0.271746,-0.001112,0.027277,-0.011001,0.035012,0.482453,0.318386,0.392134,-0.020379,-0.217926,-0.060787,0.234600,-0.004827,0.180491,0.442977,-0.040573,0.522208,0.286955,0.442499,-0.097195,0.309745,-0.159410,0.013403,-0.049077,0.030227,0.025498,-0.050089,-0.023117,0.013428,0.052385,0.009384,0.110508,-0.209155,-0.309790,-0.051046,0.295345,-0.373127,0.385692,-0.170490,0.120093,0.170329,-0.113181,0.129535,0.000913,0.063971,0.162644,0.213427,-0.421912,0.125249,0.005005,0.175248,0.040648,-0.330272,0.266165,0.001003,-0.030013,0.125119,-0.555592,-0.071912,0.319769,0.002543,0.031991,0.088793,-0.009341
425,18.920000,-0.038120,0.005567,-0.036659,0.066340,-0.636845,0.058036,-0.358335,-0.316121,0.262573,-0.299021,0.004138,-0.003585,0.173257,-0.392488,0.021065,0.000342,-0.134190,-0.323455,0.269855,0.043449,0.195893,-0.000074,-0.313483,-0.010749,-0.277377,-0.224836,0.170526,-0.297774,0.081410,-0.195367,0.054431,-0.115043,-0.205272,-0.045671,0.238147,0.046710,-0.005764,0.312260,-0.035095,-0.052155,-0.721638,-0.165100,0.339421,0.291213,0.311832,-0.382139,0.409490,-0.074657,-0.072210,-0.309392,-0.288719,-0.102088,0.168406,-0.006412,0.276177,0.391400,-0.293331,-0.077176,0.205399,-0.049512,-0.238175,-0.071793,0.368872,0.201032,0.278813,-0.001058,0.016189,-0.011334,0.034787,0.483783,0.326683,0.388065,-0.019906,-0.218166,-0.063638,0.240551,-0.005028,0.186688,0.444616,-0.040716,0.513013,0.284352,0.443946,-0.094981,0.302789,-0.158254,0.017363,-0.053229,0.029132,0.025790,-0.048510,-0.023473,0.009438,0.053588,0.009491,0.108723,-0.208792,-0.306274,-0.052137,0.294858,-0.378635,0.395017,-0.170829,0.124828,0.168950,-0.113812,0.128756,0.000891,0.066113,0.165532,0.214203,-0.419207,0.124938,0.006054,0.177475,0.041137,-0.337099,0.267906,0.000283,-0.030866,0.124925,-0.557514,-0.069317,0.319715,0.002124,0.034578,0.088414,-0.009181
426,18.940000,-0.038308,0.005442,-0.035651,0.067059,-0.634309,0.057880,-0.358457,-0.315980,0.264061,-0.300274,0.004177,-0.003610,0.175337,-0.394988,0.020226,0.000225,-0.137372,-0.326508,0.268502,0.043070,0.194736,-0.000074,-0.311550,-0.010796,-0.278930,-0.224723,0.171627,-0.298236,0.081276,-0.193818,0.054129,-0.112866,-0.201878,-0.046143,0.243824,0.046933,-0.005235,0.315053,-0.034542,-0.052266,-0.721532,-0.164080,0.341617,0.291572,0.315351,-0.380098,0.409311,-0.073031,-0.072597,-0.307693,-0.284464,-0.103006,0.168251,-0.006476,0.276409,0.390587,-0.296351,-0.075988,0.203833,-0.049330,-0.240099,-0.072474,0.371831,0.201840,0.278071,-0.000966,0.023758,-0.010960,0.034894,0.484989,0.321386,0.390344,-0.019600,-0.217263,-0.061716,0.236597,-0.005137,0.183417,0.444351,-0.040564,0.519921,0.283525,0.443980,-0.094837,0.308934,-0.159010,0.014843,-0.053011,0.028477,0.026154,-0.049504,-0.023447,0.009224,0.053515,0.009315,0.110166,-0.209645,-0.304661,-0.052299,0.291856,-0.375707,0.392840,-0.172903,0.123072,0.168126,-0.115608,0.128621,0.000910,0.066125,0.167910,0.215516,-0.422290,0.125744,0.005931,0.178628,0.042269,-0.332830,0.266961,0.000315,-0.032022,0.127902,-0.557175,-0.069455,0.321715,0.001654,0.034914,0.087868,-0.009437
427,18.960000,-0.038527,0.005295,-0.035974,0.069914,-0.634991,0.057698,-0.357768,-0.317819,0.263055,-0.301273,0.004063,-0.003482,0.171940,-0.396535,0.014164,0.000213,-0.135640,-0.326417,0.268276,0.043383,0.197523,-0.000069,-0.313972,-0.010992,-0.278362,-0.220197,0.169489,-0.300646,0.082637,-0.196911,0.053585,-0.115380,-0.203369,-0.045960,0.243335,0.046762,-0.004793,0.312800,-0.034386,-0.051696,-0.721502,-0.162808,0.345690,0.292706,0.315085,-0.383017,0.409610,-0.072031,-0.072007,-0.307552,-0.284192,-0.102993,0.170106,-0.006645,0.277892,0.394431,-0.296135,-0.075081,0.203283,-0.049222,-0.236937,-0.073178,0.370572,0.199518,0.278806,-0.000881,0.020177,-0.010882,0.035304,0.486328,0.322654,0.389666,-0.019102,-0.216602,-0.062054,0.235284,-0.005365,0.182701,0.442158,-0.042500,0.515903,0.282806,0.444666,-0.095581,0.307338,-0.158189,0.015274,-0.055414,0.027883,0.026606,-0.049088,-0.023678,0.009892,0.054241,0.008452,0.109572,-0.209968,-0.305955,-0.052291,0.293027,-0.377235,0.391049,-0.171107,0.126077,0.170943,-0.110357,0.127720,0.000935,0.066734,0.168926,0.212789,-0.421586,0.126010,0.005858,0.177389,0.042276,-0.334954,0.265151,0.000583,-0.032357,0.129136,-0.557156,-0.070981,0.325500,0.001868,0.032152,0.088175,-0.009683
428,18.980000,-0.038141,0.004898,-0.037951,0.066612,-0.634506,0.057968,-0.357547,-0.312092,0.260920,-0.303809,0.004287,-0.003577,0.175909,-0.398397,0.015292,0.000182,-0.136649,-0.320877,0.266610,0.043110,0.197862,-0.000072,-0.315443,-0.010962,-0.277972,-0.224198,0.168722,-0.300508,0.081198,-0.195776,0.054858,-0.114045,-0.201530,-0.046823,0.245258,0.047104,-0.004612,0.317469,-0.034134,-0.052305,-0.721622,-0.162263,0.341603,0.293294,0.316255,-0.384508,0.409764,-0.073168,-0.073171,-0.306784,-0.285239,-0.103373,0.167836,-0.006747,0.273409,0.391049,-0.299172,-0.076036,0.205407,-0.049753,-0.240662,-0.073786,0.372094,0.201415,0.278653,-0.000797,0.022953,-0.010739,0.035030,0.487134,0.323100,0.389303,-0.018813,-0.215698,-0.061130,0.236141,-0.005432,0.181657,0.444337,-0.042048,0.520004,0.281859,0.443732,-0.094632,0.308282,-0.158444,0.016289,-0.054851,0.027219,0.026181,-0.049590,-0.023754,0.014268,0.056857,0.008883,0.109979,-0.208917,-0.304698,-0.052773,0.292678,-0.375987,0.390991,-0.173088,0.123944,0.171282,-0.113000,0.126680,0.000961,0.067325,0.167329,0.213925,-0.422301,0.127207,0.006037,0.176379,0.042249,-0.332425,0.266715,0.001093,-0.032173,0.128495,-0.556517,-0.070216,0.326100,0.001739,0.035505,0.087136,-0.009445
429,19.000000,-0.037838,0.006939,-0.031409,0.073753,-0.637110,0.058285,-0.368672,-0.318738,0.259123,-0.305346,0.003725,-0.003445,0.168376,-0.399318,0.005565,0.000363,-0.134794,-0.328103,0.271222,0.042658,0.202196,-0.000062,-0.316195,-0.010893,-0.273068,-0.216337,0.166604,-0.305668,0.083490,-0.196684,0.050866,-0.117121,-0.204517,-0.046047,0.233740,0.047647,-0.004745,0.305099,-0.034500,-0.051225,-0.722103,-0.160190,0.345729,0.295131,0.313299,-0.391095,0.409165,-0.070690,-0.071374,-0.308914,-0.288765,-0.101722,0.172561,-0.006826,0.272223,0.396442,-0.295323,-0.074547,0.206701,-0.049387,-0.231210,-0.074453,0.368031,0.205665,0.281206,-0.000728,0.017130,-0.010711,0.035257,0.488392,0.319887,0.385796,-0.018235,-0.220236,-0.066478,0.230550,-0.005282,0.183371,0.443077,-0.045046,0.520007,0.276546,0.442712,-0.096366,0.309641,-0.157284,0.015007,-0.051798,0.027049,0.027978,-0.049501,-0.024513,0.014262,0.049705,0.008399,0.112418,-0.208644,-0.312472,-0.052064,0.296581,-0.372281,0.387971,-0.171280,0.130936,0.168493,-0.097623,0.130905,0.000926,0.066623,0.167198,0.212736,-0.415457,0.127359,0.005078,0.173452,0.040874,-0.336630,0.263609,0.001084,-0.031118,0.129219,-0.557521,-0.071050,0.329952,0.002042,0.033104,0.089951,-0.010012
430,19.020000,-0.037868,0.004821,-0.037521,0.066195,-0.640271,0.057232,-0.367465,-0.307047,0.262514,-0.304537,0.004070,-0.003631,0.178569,-0.401713,0.010616,0.000146,-0.136227,-0.315275,0.266594,0.043104,0.196596,-0.000074,-0.312720,-0.010698,-0.270251,-0.228107,0.166585,-0.306755,0.082199,-0.195002,0.053874,-0.115570,-0.202244,-0.047513,0.241446,0.048328,-0.004466,0.317520,-0.034551,-0.053224,-0.722040,-0.161273,0.336820,0.296269,0.312285,-0.388772,0.409090,-0.072139,-0.071831,-0.309430,-0.288012,-0.102769,0.168251,-0.007048,0.268115,0.391075,-0.298918,-0.074456,0.207547,-0.049734,-0.239287,-0.075006,0.372535,0.212158,0.283798,-0.000646,0.019179,-0.010759,0.034703,0.488923,0.328963,0.388835,-0.018014,-0.216559,-0.062134,0.233010,-0.005176,0.181837,0.448524,-0.043286,0.522157,0.281443,0.440255,-0.094771,0.307003,-0.158907,0.015877,-0.054147,0.026341,0.025552,-0.048646,-0.024796,0.018596,0.056985,0.009154,0.109793,-0.203682,-0.309798,-0.052938,0.296795,-0.372873,0.389856,-0.173935,0.128430,0.169494,-0.105924,0.131180,0.001009,0.066719,0.165853,0.210261,-0.417701,0.127985,0.006366,0.170529,0.041244,-0.338258,0.262976,0.000964,-0.030215,0.127390,-0.557099,-0.064614,0.326625,0.001675,0.039536,0.087239,-0.009128
431,19.040000,-0.037646,0.005279,-0.037526,0.067735,-0.641995,0.057612,-0.365886,-0.315355,0.260231,-0.301005,0.004000,-0.003585,0.176710,-0.404406,0.014030,0.000285,-0.136165,-0.326894,0.267717,0.042429,0.199504,-0.000082,-0.308527,-0.011548,-0.274468,-0.219837,0.170263,-0.305773,0.079763,-0.196868,0.054944,-0.114051,-0.200179,-0.047164,0.246032,0.048717,-0.004294,0.315250,-0.034600,-0.052362,-0.722407,-0.159698,0.344795,0.297530,0.312844,-0.382812,0.408443,-0.070916,-0.071485,-0.309566,-0.283890,-0.100931,0.164824,-0.006980,0.275190,0.390374,-0.295978,-0.073039,0.205156,-0.049494,-0.238143,-0.075165,0.377485,0.214720,0.275207,-0.000520,0.028325,-0.010779,0.034303,0.490271,0.322671,0.389539,-0.017586,-0.216474,-0.063113,0.234953,-0.004593,0.179902,0.447120,-0.041731,0.522539,0.283295,0.441505,-0.095483,0.309187,-0.159781,0.013324,-0.047900,0.026353,0.025403,-0.049748,-0.024738,0.015456,0.048718,0.008571,0.110173,-0.202622,-0.307989,-0.051717,0.297473,-0.372525,0.385642,-0.172661,0.125112,0.167533,-0.108386,0.130605,0.000965,0.062326,0.167897,0.212737,-0.417863,0.127958,0.005684,0.172875,0.041801,-0.335250,0.266151,0.000266,-0.030560,0.125497,-0.554099,-0.066627,0.321677,0.001846,0.038290,0.087314,-0.009119
432,19.060000,-0.037323,0.004139,-0.040385,0.066457,-0.644696,0.058045,-0.361950,-0.306618,0.261741,-0.303390,0.003878,-0.003556,0.177022,-0.404205,0.012241,0.000342,-0.131658,-0.316839,0.263058,0.044105,0.200791,-0.000089,-0.316729,-0.011398,-0.273029,-0.228176,0.166816,-0.309461,0.081379,-0.200205,0.055859,-0.118622,-0.206701,-0.047199,0.236259,0.049022,-0.005039,0.319152,-0.035154,-0.053075,-0.722387,-0.159805,0.335573,0.298360,0.304228,-0.393315,0.413950,-0.074003,-0.071200,-0.308152,-0.295268,-0.100297,0.164142,-0.007272,0.269308,0.385155,-0.294995,-0.074045,0.209177,-0.049315,-0.239022,-0.076217,0.373757,0.215419,0.283268,-0.000464,0.014122,-0.011035,0.034367,0.490725,0.333283,0.384696,-0.017150,-0.216343,-0.062908,0.242345,-0.004890,0.184467,0.449771,-0.042398,0.513522,0.281627,0.444407,-0.093286,0.299297,-0.158977,0.020182,-0.056158,0.025674,0.024521,-0.048029,-0.024884,0.023251,0.056952,0.009099,0.108416,-0.200781,-0.311426,-0.053413,0.297039,-0.371958,0.395919,-0.171032,0.128127,0.169819,-0.108486,0.130319,0.000934,0.063922,0.169628,0.212776,-0.417574,0.127229,0.006958,0.170755,0.041422,-0.345278,0.265270,-0.000325,-0.030120,0.123426,-0.555208,-0.060774,0.318726,0.001373,0.043929,0.086612,-0.008306
433,19.080000,-0.037698,0.004984,-0.036972,0.067643,-0.642568,0.057602,-0.361141,-0.310881,0.263008,-0.303245,0.004321,-0.003630,0.175209,-0.407589,0.015993,0.000399,-0.135970,-0.328272,0.264612,0.042898,0.199976,-0.000097,-0.310475,-0.010816,-0.278778,-0.220200,0.170784,-0.308451,0.079006,-0.194226,0.054835,-0.113926,-0.202472,-0.047462,0.243504,0.050085,-0.004525,0.319496,-0.035219,-0.052268,-0.722829,-0.159694,0.345327,0.299013,0.310003,-0.382182,0.410495,-0.071468,-0.072109,-0.305705,-0.281677,-0.101109,0.163406,-0.007239,0.274099,0.387139,-0.294036,-0.073138,0.207855,-0.049423,-0.239475,-0.076458,0.380250,0.213654,0.277424,-0.000406,0.023935,-0.010943,0.033775,0.491880,0.325910,0.387750,-0.016915,-0.214437,-0.064404,0.237348,-0.004517,0.182803,0.449161,-0.041072,0.520216,0.282381,0.443335,-0.094152,0.305411,-0.158950,0.015343,-0.054393,0.025083,0.025115,-0.049317,-0.024831,0.011266,0.049505,0.008450,0.109550,-0.203817,-0.306313,-0.052746,0.294074,-0.374315,0.390991,-0.174277,0.123570,0.168955,-0.112526,0.129711,0.000935,0.062593,0.171032,0.213720,-0.416769,0.127174,0.006577,0.175198,0.043923,-0.336462,0.267001,-0.000802,-0.032338,0.124484,-0.554955,-0.062312,0.317126,0.001406,0.039119,0.086376,-0.008370
434,19.100000,-0.037102,0.005077,-0.039640,0.068332,-0.644619,0.057228,-0.355893,-0.314104,0.259905,-0.302434,0.003718,-0.003603,0.170171,-0.408381,0.014143,0.000336,-0.132662,-0.326684,0.261759,0.044054,0.202641,-0.000090,-0.311347,-0.011409,-0.282315,-0.217677,0.171633,-0.310275,0.081080,-0.198030,0.054987,-0.118151,-0.207806,-0.046417,0.241354,0.049264,-0.005094,0.312380,-0.035691,-0.051637,-0.722207,-0.159253,0.347119,0.300009,0.298986,-0.387448,0.410319,-0.072140,-0.070799,-0.305256,-0.289455,-0.100963,0.166013,-0.007381,0.278464,0.389811,-0.290713,-0.072078,0.205859,-0.048508,-0.235927,-0.077135,0.375438,0.209190,0.279023,-0.000351,0.014475,-0.010961,0.033940,0.492720,0.326966,0.382473,-0.016307,-0.215475,-0.065710,0.240169,-0.004796,0.183737,0.447098,-0.041885,0.511565,0.282219,0.448026,-0.092683,0.302159,-0.159170,0.019081,-0.058173,0.025003,0.027189,-0.048215,-0.024743,0.013007,0.048661,0.008354,0.107944,-0.205353,-0.307679,-0.053393,0.291252,-0.378210,0.393388,-0.168398,0.129037,0.171388,-0.107492,0.129728,0.000917,0.064322,0.172593,0.210773,-0.420253,0.126816,0.006846,0.173005,0.045452,-0.342889,0.265683,-0.000932,-0.033509,0.128973,-0.555574,-0.063763,0.321276,0.001535,0.037987,0.087570,-0.008540
435,19.120000,-0.037273,0.004979,-0.037662,0.066530,-0.642038,0.057502,-0.355145,-0.311788,0.260773,-0.306478,0.004193,-0.003642,0.172432,-0.411123,0.015334,0.000296,-0.138212,-0.330363,0.263743,0.042995,0.205204,-0.000091,-0.310804,-0.010659,-0.286684,-0.215887,0.172557,-0.309820,0.078395,-0.193315,0.053658,-0.115322,-0.202531,-0.046950,0.243872,0.050163,-0.005135,0.316848,-0.035414,-0.051055,-0.722302,-0.158087,0.347448,0.300934,0.306415,-0.382393,0.410500,-0.071888,-0.072458,-0.300964,-0.282588,-0.103022,0.165590,-0.007365,0.278219,0.387854,-0.294579,-0.073581,0.205733,-0.049069,-0.238265,-0.077691,0.378193,0.204469,0.274378,-0.000327,0.022084,-0.010873,0.033872,0.493937,0.323721,0.385897,-0.016247,-0.213532,-0.064013,0.238323,-0.004891,0.182566,0.445832,-0.040806,0.518572,0.282376,0.448356,-0.092892,0.304424,-0.158902,0.017707,-0.056497,0.024609,0.027513,-0.049723,-0.024985,0.008021,0.046292,0.008224,0.109019,-0.208305,-0.301910,-0.053341,0.290499,-0.381051,0.391724,-0.173311,0.123933,0.171387,-0.110440,0.127183,0.000939,0.064826,0.172187,0.214242,-0.417775,0.127965,0.006594,0.175447,0.045745,-0.334849,0.267657,-0.000707,-0.035232,0.126716,-0.554646,-0.066947,0.322521,0.001359,0.036678,0.086567,-0.008623
436,19.140000,-0.037116,0.005070,-0.035676,0.070204,-0.643628,0.056794,-0.356541,-0.316478,0.261422,-0.309067,0.003635,-0.003480,0.167614,-0.412065,0.004732,0.000245,-0.136446,-0.328103,0.263647,0.043672,0.207643,-0.000078,-0.313058,-0.010700,-0.283952,-0.210282,0.167566,-0.313686,0.082754,-0.196692,0.051734,-0.118598,-0.204373,-0.045905,0.240365,0.049102,-0.004884,0.309467,-0.034937,-0.050178,-0.721783,-0.157262,0.352967,0.301446,0.304935,-0.388304,0.410430,-0.069969,-0.070921,-0.301118,-0.285586,-0.103087,0.171895,-0.007471,0.280399,0.396623,-0.297251,-0.071628,0.205603,-0.048436,-0.232574,-0.078472,0.373171,0.200991,0.278532,-0.000278,0.013807,-0.010590,0.034413,0.495508,0.324348,0.384459,-0.015740,-0.213808,-0.063872,0.232729,-0.005350,0.181090,0.441284,-0.044206,0.512283,0.280131,0.448777,-0.093462,0.303979,-0.158820,0.019492,-0.058112,0.024436,0.029121,-0.049040,-0.025000,0.007831,0.047867,0.007431,0.108865,-0.208811,-0.307085,-0.053476,0.291082,-0.382296,0.391153,-0.170385,0.131453,0.173721,-0.099605,0.127491,0.000992,0.066363,0.170594,0.209733,-0.418335,0.127692,0.006246,0.173250,0.045432,-0.338728,0.265076,0.000173,-0.035011,0.132517,-0.555035,-0.070248,0.330358,0.001587,0.032852,0.087349,-0.009502
437,19.160000,-0.036753,0.005056,-0.037791,0.065414,-0.642183,0.056716,-0.355915,-0.311691,0.259362,-0.311111,0.004159,-0.003707,0.173987,-0.414531,0.010639,0.000153,-0.139638,-0.322202,0.263739,0.042815,0.203212,-0.000087,-0.312946,-0.010286,-0.284368,-0.214392,0.168614,-0.312281,0.080793,-0.192676,0.052414,-0.115314,-0.202674,-0.046663,0.244807,0.049221,-0.005118,0.312766,-0.034898,-0.050820,-0.722031,-0.157778,0.348270,0.301963,0.306183,-0.387580,0.407624,-0.071444,-0.072535,-0.301070,-0.283762,-0.104333,0.170811,-0.007534,0.279754,0.391608,-0.298513,-0.072351,0.206306,-0.049052,-0.239474,-0.078791,0.376708,0.202268,0.277119,-0.000238,0.020039,-0.010624,0.034041,0.496227,0.323576,0.385619,-0.015563,-0.212561,-0.064485,0.235148,-0.005347,0.180929,0.442081,-0.042376,0.519686,0.282263,0.446491,-0.093140,0.305984,-0.159232,0.019430,-0.057820,0.024354,0.028544,-0.049705,-0.024729,0.005576,0.049147,0.008189,0.109701,-0.208673,-0.303222,-0.054111,0.291038,-0.383030,0.390308,-0.173781,0.127371,0.173888,-0.107561,0.126683,0.001044,0.067678,0.168400,0.209499,-0.418729,0.129195,0.006438,0.174540,0.045346,-0.334154,0.267980,0.000857,-0.035248,0.129903,-0.553327,-0.067429,0.331411,0.001507,0.035932,0.086129,-0.009300
438,19.180000,-0.036418,0.004590,-0.038651,0.065882,-0.644277,0.056722,-0.355604,-0.315626,0.260339,-0.309202,0.003917,-0.003635,0.175576,-0.415433,0.013752,0.000117,-0.140563,-0.327140,0.263269,0.042245,0.206045,-0.000086,-0.309089,-0.010903,-0.284986,-0.211761,0.171613,-0.310961,0.081678,-0.195611,0.051618,-0.115940,-0.201587,-0.046139,0.248768,0.048405,-0.004808,0.310933,-0.034532,-0.050799,-0.721945,-0.157094,0.349627,0.302300,0.309980,-0.390376,0.408063,-0.071324,-0.071166,-0.300977,-0.284843,-0.102107,0.167489,-0.007547,0.285964,0.389112,-0.297695,-0.071368,0.204290,-0.049428,-0.240499,-0.079220,0.376516,0.201964,0.272884,-0.000128,0.029212,-0.010782,0.034216,0.497522,0.320104,0.388052,-0.015194,-0.212901,-0.062077,0.238920,-0.005459,0.177338,0.437583,-0.041148,0.521759,0.284733,0.448248,-0.092877,0.310434,-0.159960,0.017447,-0.053198,0.024603,0.028055,-0.049824,-0.025057,0.003401,0.047436,0.007990,0.109659,-0.208522,-0.300211,-0.053663,0.289627,-0.380876,0.389262,-0.171866,0.126374,0.174864,-0.113567,0.126016,0.001083,0.064981,0.170640,0.211355,-0.423278,0.128996,0.006078,0.176474,0.044067,-0.334804,0.268783,0.000953,-0.036047,0.128874,-0.552852,-0.067921,0.331519,0.001157,0.035865,0.085412,-0.009743
439,19.200000,-0.036153,0.003830,-0.038757,0.064941,-0.644466,0.057256,-0.357169,-0.307730,0.260692,-0.314650,0.004223,-0.003610,0.177786,-0.415257,0.007975,0.000177,-0.136316,-0.319415,0.260437,0.043446,0.204011,-0.000089,-0.318449,-0.010721,-0.277822,-0.216428,0.165963,-0.314586,0.083342,-0.196908,0.049802,-0.120089,-0.202972,-0.046355,0.238529,0.048326,-0.005433,0.313705,-0.034909,-0.051389,-0.721963,-0.157005,0.339982,0.302951,0.310568,-0.401854,0.413652,-0.073170,-0.070775,-0.301213,-0.295880,-0.102472,0.169215,-0.007798,0.277216,0.387491,-0.301705,-0.072902,0.208636,-0.049244,-0.238978,-0.080287,0.371815,0.205510,0.286109,-0.000098,0.020842,-0.010721,0.034671,0.497865,0.327646,0.384051,-0.014875,-0.215912,-0.061159,0.242276,-0.005929,0.180734,0.438460,-0.042579,0.516268,0.278188,0.448499,-0.090699,0.304305,-0.158236,0.023419,-0.053903,0.024030,0.026754,-0.048769,-0.024910,0.012105,0.054737,0.008607,0.110524,-0.204719,-0.303682,-0.055252,0.291996,-0.373955,0.398975,-0.172534,0.129331,0.172653,-0.112865,0.126003,0.001056,0.065938,0.170128,0.212940,-0.422569,0.128762,0.006994,0.175081,0.041680,-0.339569,0.268196,0.001413,-0.035057,0.124769,-0.554556,-0.063527,0.329945,0.000491,0.042051,0.085002,-0.009642
440,19.220000,-0.036385,0.004782,-0.038232,0.068494,-0.643117,0.056819,-0.356888,-0.312604,0.261460,-0.313951,0.004539,-0.003637,0.177028,-0.417868,0.013081,0.000131,-0.139929,-0.328010,0.261796,0.042426,0.200792,-0.000099,-0.310674,-0.010763,-0.278964,-0.211957,0.168507,-0.314703,0.081761,-0.193652,0.049008,-0.116018,-0.202815,-0.046649,0.245105,0.048732,-0.004816,0.313041,-0.035000,-0.051569,-0.722575,-0.157010,0.348344,0.303776,0.316226,-0.391282,0.409912,-0.071383,-0.071277,-0.302320,-0.282508,-0.102001,0.167436,-0.007874,0.282889,0.388240,-0.298908,-0.071496,0.205895,-0.049670,-0.239695,-0.080391,0.375161,0.206839,0.284127,-0.000031,0.030218,-0.010904,0.034034,0.498224,0.323668,0.386334,-0.014647,-0.215276,-0.064216,0.239819,-0.005776,0.180342,0.440741,-0.041254,0.521910,0.280290,0.445077,-0.092166,0.310054,-0.158546,0.018108,-0.052629,0.023914,0.026954,-0.049562,-0.025018,0.005781,0.047900,0.008100,0.110283,-0.205854,-0.298133,-0.054684,0.289265,-0.376237,0.394509,-0.174846,0.126720,0.172004,-0.116357,0.127004,0.001031,0.065043,0.171329,0.213797,-0.421652,0.128991,0.007124,0.179101,0.042910,-0.336188,0.269279,0.001151,-0.036653,0.127619,-0.556432,-0.063269,0.327331,0.000926,0.039036,0.085181,-0.009953
441,19.240000,-0.035977,0.005151,-0.039629,0.069997,-0.645228,0.056453,-0.355775,-0.314432,0.255761,-0.311473,0.003830,-0.003656,0.172215,-0.418627,0.010741,0.000126,-0.133777,-0.326027,0.259183,0.043499,0.203489,-0.000090,-0.310927,-0.011220,-0.281479,-0.211201,0.169425,-0.316986,0.082515,-0.197635,0.050248,-0.120314,-0.207808,-0.046186,0.241313,0.048487,-0.005372,0.304901,-0.035983,-0.050677,-0.722225,-0.156954,0.349776,0.305058,0.300678,-0.397081,0.411252,-0.071696,-0.070241,-0.304704,-0.291360,-0.100834,0.170258,-0.007964,0.284851,0.387318,-0.294019,-0.070279,0.205662,-0.048847,-0.235935,-0.080994,0.369176,0.205357,0.287557,0.000002,0.019449,-0.010765,0.033897,0.498268,0.326054,0.378661,-0.014103,-0.218240,-0.066047,0.241712,-0.005941,0.182586,0.440359,-0.041972,0.513512,0.278549,0.449924,-0.091017,0.304383,-0.159071,0.021888,-0.053127,0.024173,0.028485,-0.048253,-0.024975,0.007823,0.048602,0.008412,0.109168,-0.205894,-0.302298,-0.055440,0.288619,-0.377602,0.397158,-0.168953,0.131394,0.173195,-0.111097,0.129800,0.000974,0.065532,0.173021,0.210387,-0.423393,0.129284,0.007607,0.174997,0.043746,-0.342762,0.266510,0.001035,-0.036695,0.129546,-0.557254,-0.060117,0.328310,0.001327,0.040254,0.086861,-0.010093
442,19.260000,-0.036424,0.004902,-0.037166,0.068683,-0.644160,0.056328,-0.356480,-0.312671,0.257584,-0.313358,0.004260,-0.003699,0.174843,-0.421491,0.012331,0.000110,-0.138252,-0.332552,0.261246,0.042758,0.203183,-0.000092,-0.308876,-0.010405,-0.285195,-0.209936,0.172338,-0.318721,0.080516,-0.193487,0.050388,-0.116880,-0.202013,-0.046802,0.242830,0.049897,-0.005460,0.311266,-0.036050,-0.050500,-0.722566,-0.156056,0.349121,0.306471,0.306825,-0.389459,0.411644,-0.071003,-0.071128,-0.300590,-0.284054,-0.102437,0.169594,-0.007939,0.284076,0.385474,-0.296131,-0.071750,0.206199,-0.049333,-0.238193,-0.081603,0.372954,0.202228,0.281696,0.000020,0.026540,-0.010790,0.033828,0.498707,0.324078,0.383617,-0.014029,-0.215711,-0.064134,0.239888,-0.005821,0.182249,0.440242,-0.040855,0.519472,0.277983,0.449376,-0.091720,0.305154,-0.157976,0.019436,-0.052044,0.023953,0.028114,-0.049516,-0.025420,0.000997,0.045825,0.008201,0.109378,-0.208027,-0.298210,-0.055089,0.288046,-0.379373,0.396294,-0.173551,0.126299,0.172618,-0.113646,0.128784,0.000978,0.064246,0.173329,0.212829,-0.419306,0.130628,0.007465,0.175739,0.044455,-0.336688,0.268101,0.000752,-0.037576,0.124143,-0.555857,-0.060417,0.327488,0.001270,0.038737,0.085909,-0.009915
443,19.280000,-0.036332,0.005129,-0.035347,0.073352,-0.646008,0.055657,-0.357912,-0.316747,0.255142,-0.315363,0.003708,-0.003521,0.168852,-0.422907,0.001689,0.000088,-0.135095,-0.332718,0.261345,0.043492,0.205894,-0.000077,-0.309907,-0.010997,-0.283406,-0.203346,0.168441,-0.323168,0.083127,-0.197216,0.050809,-0.120567,-0.203667,-0.046252,0.240503,0.049588,-0.005436,0.304636,-0.036140,-0.049457,-0.722167,-0.154803,0.354030,0.307200,0.304365,-0.392859,0.412202,-0.068610,-0.069728,-0.301090,-0.287850,-0.102330,0.175149,-0.008018,0.283929,0.394313,-0.296725,-0.070470,0.206175,-0.048592,-0.232509,-0.082312,0.368251,0.199744,0.284626,0.000052,0.017999,-0.010411,0.034295,0.499621,0.324990,0.379989,-0.013512,-0.215689,-0.064040,0.233802,-0.006069,0.181803,0.438819,-0.044445,0.512789,0.275147,0.449906,-0.092633,0.304693,-0.158072,0.020911,-0.050982,0.024039,0.029450,-0.049019,-0.025087,0.002500,0.045864,0.007223,0.109785,-0.208257,-0.304386,-0.054948,0.288478,-0.380396,0.394120,-0.171213,0.133710,0.172919,-0.100228,0.129951,0.001000,0.064913,0.171112,0.209202,-0.418332,0.130689,0.006885,0.172311,0.044750,-0.339711,0.266385,0.001236,-0.036660,0.128725,-0.556375,-0.064912,0.333246,0.001731,0.034997,0.086783,-0.010614
444,19.300000,-0.036064,0.004493,-0.038010,0.067013,-0.646279,0.055694,-0.357722,-0.308890,0.255691,-0.316937,0.004339,-0.003719,0.176464,-0.424999,0.005867,0.000045,-0.138678,-0.325438,0.261363,0.042846,0.201291,-0.000086,-0.311301,-0.010837,-0.282537,-0.209246,0.167850,-0.322859,0.081743,-0.195212,0.053304,-0.117606,-0.201817,-0.047460,0.244256,0.050129,-0.005399,0.312078,-0.035784,-0.050393,-0.722484,-0.154912,0.346916,0.307912,0.305915,-0.391898,0.411045,-0.070353,-0.071267,-0.300865,-0.288066,-0.103187,0.171756,-0.008108,0.278983,0.388122,-0.299425,-0.071679,0.207489,-0.049502,-0.240292,-0.082724,0.372165,0.203161,0.283317,0.000099,0.023869,-0.010514,0.033776,0.499752,0.325340,0.381701,-0.013354,-0.213968,-0.063850,0.236963,-0.006037,0.180945,0.441383,-0.042833,0.519492,0.277760,0.446550,-0.093078,0.306945,-0.158738,0.021374,-0.050279,0.023981,0.028109,-0.049720,-0.025154,0.003308,0.049609,0.007709,0.109794,-0.207216,-0.302736,-0.055608,0.288868,-0.379782,0.392660,-0.175361,0.129129,0.173731,-0.107257,0.128651,0.001053,0.065642,0.169189,0.209566,-0.418420,0.132565,0.007088,0.172211,0.044926,-0.337431,0.268254,0.001478,-0.036318,0.125790,-0.553804,-0.061725,0.331892,0.001642,0.039055,0.085056,-0.010180
445,19.320000,-0.035691,0.004499,-0.039898,0.069136,-0.647629,0.055724,-0.355829,-0.314172,0.253886,-0.314063,0.004209,-0.003647,0.176190,-0.426394,0.010082,0.000043,-0.138496,-0.331232,0.261480,0.042163,0.204912,-0.000088,-0.305597,-0.011765,-0.283593,-0.205061,0.171018,-0.320863,0.081364,-0.197676,0.053563,-0.117015,-0.201493,-0.047097,0.249247,0.049817,-0.005085,0.309852,-0.035526,-0.050122,-0.722572,-0.153971,0.350624,0.308356,0.308539,-0.390469,0.409258,-0.069853,-0.070741,-0.301149,-0.286181,-0.100658,0.168241,-0.008078,0.286701,0.386867,-0.297082,-0.070673,0.205344,-0.049880,-0.241110,-0.082942,0.373208,0.204250,0.276746,0.000193,0.031229,-0.010599,0.033771,0.500607,0.322085,0.383037,-0.013027,-0.213495,-0.063165,0.240775,-0.005820,0.178697,0.438943,-0.041459,0.519618,0.280594,0.446962,-0.093294,0.310706,-0.159826,0.019842,-0.046003,0.024416,0.027592,-0.049982,-0.025035,0.002054,0.044942,0.007344,0.110073,-0.206632,-0.299261,-0.054844,0.287288,-0.379136,0.389903,-0.173954,0.128249,0.173452,-0.111351,0.128594,0.001065,0.062942,0.170618,0.211814,-0.421052,0.132699,0.006676,0.175357,0.044020,-0.338946,0.270084,0.001227,-0.036669,0.126186,-0.553069,-0.064951,0.329464,0.001713,0.038433,0.084510,-0.010480
446,19.340000,-0.035758,0.004307,-0.038745,0.070222,-0.646328,0.056100,-0.355871,-0.312579,0.256819,-0.318637,0.004488,-0.003706,0.175277,-0.427165,0.009883,0.000081,-0.137511,-0.330860,0.260415,0.042969,0.203713,-0.000093,-0.311749,-0.011434,-0.284915,-0.206920,0.170983,-0.321957,0.081021,-0.195855,0.053001,-0.119073,-0.201260,-0.046499,0.243644,0.049936,-0.005601,0.308338,-0.036108,-0.050178,-0.722503,-0.154788,0.348624,0.308942,0.307658,-0.394929,0.410302,-0.071707,-0.070575,-0.299074,-0.287050,-0.101418,0.169105,-0.008243,0.286359,0.386740,-0.296508,-0.071811,0.206408,-0.049415,-0.241890,-0.083636,0.369241,0.201628,0.280520,0.000238,0.028907,-0.010703,0.033947,0.500780,0.325283,0.382387,-0.012847,-0.213798,-0.064310,0.243689,-0.006057,0.181222,0.438364,-0.041428,0.515200,0.279093,0.449780,-0.090808,0.304000,-0.158707,0.022573,-0.048039,0.024158,0.027418,-0.048936,-0.025021,-0.000650,0.047030,0.007717,0.108681,-0.208109,-0.295497,-0.056402,0.287850,-0.380878,0.395325,-0.175571,0.128492,0.173995,-0.115870,0.126698,0.001020,0.063257,0.171104,0.212255,-0.418550,0.133442,0.007339,0.176413,0.044060,-0.339811,0.272387,0.001128,-0.037170,0.122192,-0.553820,-0.065337,0.327670,0.001255,0.039276,0.084628,-0.010450
447,19.360000,-0.035828,0.004522,-0.037012,0.071642,-0.643856,0.055628,-0.356014,-0.313563,0.256721,-0.319614,0.004432,-0.003717,0.176607,-0.428498,0.010176,0.000069,-0.137428,-0.334100,0.259542,0.042587,0.203561,-0.000093,-0.310133,-0.011219,-0.286202,-0.205488,0.170607,-0.322030,0.081679,-0.194523,0.052007,-0.118256,-0.199596,-0.046367,0.243330,0.049805,-0.005439,0.308261,-0.036023,-0.049801,-0.722532,-0.154567,0.348443,0.309591,0.309964,-0.393461,0.410956,-0.071327,-0.071057,-0.298885,-0.285197,-0.101250,0.169723,-0.008252,0.288003,0.385044,-0.297806,-0.072095,0.206291,-0.049716,-0.242973,-0.084048,0.368236,0.199425,0.279950,0.000279,0.032168,-0.010585,0.033935,0.500912,0.321083,0.382563,-0.012589,-0.213019,-0.063003,0.243316,-0.006269,0.181032,0.436437,-0.041174,0.517646,0.279295,0.450235,-0.091800,0.308899,-0.157786,0.022639,-0.047118,0.023951,0.027351,-0.049260,-0.024809,-0.002447,0.048216,0.007715,0.110051,-0.210317,-0.294783,-0.056377,0.285508,-0.380505,0.396816,-0.176377,0.127624,0.173393,-0.118824,0.126801,0.001016,0.063899,0.171898,0.213915,-0.419475,0.133876,0.007402,0.178168,0.043695,-0.338636,0.271506,0.001313,-0.037834,0.124397,-0.553803,-0.064959,0.327200,0.001128,0.038219,0.084401,-0.010792
448,19.380000,-0.035504,0.004809,-0.037218,0.072765,-0.644470,0.055391,-0.355156,-0.315171,0.254274,-0.318948,0.004240,-0.003758,0.174799,-0.429121,0.009375,0.000059,-0.136117,-0.333317,0.256909,0.042898,0.201424,-0.000089,-0.310246,-0.011191,-0.285814,-0.204242,0.170275,-0.323882,0.084125,-0.195141,0.051507,-0.119881,-0.202776,-0.045975,0.243569,0.049113,-0.005580,0.304777,-0.036548,-0.049449,-0.722709,-0.154447,0.348376,0.310149,0.306939,-0.397309,0.410864,-0.071444,-0.070258,-0.300517,-0.288800,-0.101305,0.172070,-0.008348,0.288166,0.387249,-0.296750,-0.071701,0.206369,-0.049419,-0.241039,-0.084630,0.364670,0.197366,0.284419,0.000333,0.027025,-0.010636,0.033979,0.500809,0.321308,0.379449,-0.012192,-0.214869,-0.064431,0.245037,-0.006508,0.183744,0.436170,-0.041681,0.515392,0.277891,0.450806,-0.091986,0.308970,-0.156872,0.024217,-0.048500,0.023764,0.027844,-0.048619,-0.024962,-0.002738,0.049570,0.007732,0.110572,-0.210506,-0.295871,-0.056865,0.284005,-0.380657,0.398219,-0.174572,0.131162,0.173452,-0.117702,0.128031,0.001007,0.065597,0.173779,0.212692,-0.420490,0.134014,0.007734,0.178787,0.043519,-0.342713,0.270500,0.001559,-0.038738,0.127020,-0.555037,-0.064527,0.328645,0.001057,0.036684,0.084741,-0.011106
449,19.400000,-0.035459,0.004590,-0.036703,0.071645,-0.643761,0.055388,-0.356098,-0.313500,0.253464,-0.320105,0.004273,-0.003804,0.176849,-0.430926,0.009920,0.000031,-0.137942,-0.332750,0.256118,0.042693,0.199930,-0.000089,-0.308704,-0.011145,-0.284165,-0.205839,0.170976,-0.324325,0.083950,-0.194300,0.051126,-0.118488,-0.200883,-0.046269,0.246012,0.048958,-0.005347,0.307829,-0.036303,-0.049736,-0.722648,-0.154047,0.346315,0.310942,0.309842,-0.396477,0.411148,-0.071334,-0.070425,-0.300153,-0.286860,-0.102192,0.172575,-0.008359,0.286314,0.385747,-0.299207,-0.071720,0.206154,-0.049399,-0.242714,-0.085299,0.364994,0.197296,0.284586,0.000369,0.030126,-0.010491,0.034188,0.500686,0.320604,0.381431,-0.011981,-0.214422,-0.063380,0.243684,-0.006603,0.182837,0.435804,-0.041556,0.519071,0.278022,0.450170,-0.091810,0.311299,-0.156786,0.023886,-0.048331,0.023625,0.027657,-0.049138,-0.024958,-0.001083,0.050570,0.007829,0.111670,-0.210235,-0.295625,-0.056862,0.282821,-0.378321,0.397590,-0.176242,0.128982,0.172756,-0.119054,0.128157,0.001003,0.065829,0.173580,0.213205,-0.421082,0.134998,0.007794,0.178382,0.043057,-0.340292,0.270940,0.001908,-0.038929,0.126135,-0.555383,-0.063682,0.328880,0.000792,0.037397,0.084165,-0.011071
450,19.420000,-0.034674,0.006263,-0.031626,0.075351,-0.646330,0.055322,-0.362307,-0.315997,0.248670,-0.319163,0.003815,-0.003807,0.171701,-0.430608,0.007682,0.000100,-0.134043,-0.335100,0.258700,0.042415,0.200852,-0.000082,-0.308360,-0.011510,-0.279269,-0.202618,0.168895,-0.328818,0.086247,-0.196907,0.049324,-0.121486,-0.205918,-0.046139,0.236826,0.048768,-0.005813,0.298228,-0.037087,-0.049105,-0.722889,-0.152595,0.344304,0.312631,0.302738,-0.404632,0.411725,-0.071480,-0.068786,-0.304208,-0.296055,-0.100498,0.175542,-0.008426,0.282538,0.386575,-0.294236,-0.071372,0.207430,-0.048775,-0.235847,-0.085841,0.360846,0.201454,0.289642,0.000394,0.022091,-0.010610,0.034118,0.500354,0.318869,0.374447,-0.011497,-0.220837,-0.069153,0.243600,-0.006443,0.186208,0.436593,-0.042831,0.518307,0.272045,0.450026,-0.092671,0.311932,-0.156204,0.024886,-0.045126,0.023773,0.029206,-0.048351,-0.025733,0.003092,0.044022,0.008121,0.113786,-0.208381,-0.302105,-0.056770,0.286250,-0.375446,0.397386,-0.173121,0.135260,0.168696,-0.108348,0.132930,0.000937,0.066061,0.176391,0.213216,-0.417819,0.135137,0.007285,0.175838,0.041180,-0.347937,0.267017,0.001810,-0.038134,0.127066,-0.556006,-0.061735,0.329063,0.000631,0.038699,0.086973,-0.011451
451,19.440000,-0.035197,0.004040,-0.035307,0.069982,-0.649364,0.054820,-0.365404,-0.305275,0.253364,-0.319715,0.004011,-0.003764,0.179700,-0.433108,0.007472,-0.000010,-0.137993,-0.325593,0.254735,0.042842,0.198220,-0.000089,-0.304359,-0.011211,-0.273757,-0.212703,0.167834,-0.330834,0.085246,-0.196206,0.051850,-0.119166,-0.201972,-0.047625,0.244617,0.049618,-0.005023,0.312207,-0.036564,-0.051300,-0.722885,-0.152515,0.339059,0.313588,0.307567,-0.399762,0.413566,-0.071158,-0.069220,-0.303912,-0.291086,-0.101442,0.172761,-0.008545,0.275413,0.385088,-0.301024,-0.071656,0.208600,-0.049001,-0.241590,-0.086729,0.365776,0.207283,0.292601,0.000450,0.023534,-0.010525,0.034170,0.500093,0.326741,0.378881,-0.011400,-0.216845,-0.063480,0.240544,-0.006413,0.183493,0.442684,-0.042524,0.521150,0.275828,0.446489,-0.092015,0.311387,-0.157471,0.024792,-0.046213,0.023394,0.026936,-0.048259,-0.026484,0.011588,0.051799,0.008309,0.112313,-0.203618,-0.302371,-0.056993,0.285705,-0.372502,0.396764,-0.177241,0.132880,0.169009,-0.111261,0.132905,0.000993,0.065770,0.175878,0.212402,-0.418286,0.135845,0.008347,0.172662,0.041092,-0.347018,0.265819,0.001834,-0.037016,0.126968,-0.556754,-0.058087,0.324974,0.000241,0.043490,0.084172,-0.010700
452,19.460000,-0.034991,0.005460,-0.035110,0.071695,-0.652517,0.054480,-0.362863,-0.313414,0.248728,-0.315419,0.003586,-0.003776,0.171159,-0.434910,0.001601,0.000120,-0.130959,-0.327818,0.255139,0.043728,0.198269,-0.000091,-0.303783,-0.011632,-0.272946,-0.202935,0.165015,-0.335072,0.085671,-0.198762,0.052686,-0.120213,-0.207388,-0.047184,0.240252,0.050008,-0.005276,0.304108,-0.037331,-0.049988,-0.723280,-0.151664,0.350085,0.315602,0.296342,-0.396136,0.410793,-0.069011,-0.068301,-0.306507,-0.292257,-0.100904,0.177953,-0.008532,0.276762,0.393588,-0.295756,-0.069524,0.209553,-0.047890,-0.231788,-0.086955,0.366910,0.211650,0.293991,0.000488,0.010325,-0.010285,0.033744,0.500532,0.327949,0.371786,-0.010923,-0.218429,-0.070241,0.235399,-0.005658,0.187435,0.444682,-0.044982,0.511116,0.271116,0.444959,-0.093223,0.306199,-0.158253,0.026367,-0.045599,0.023452,0.028722,-0.047972,-0.026256,0.008848,0.045956,0.007822,0.112032,-0.201251,-0.310831,-0.056153,0.288255,-0.374843,0.393206,-0.172385,0.139072,0.167711,-0.095938,0.135543,0.000912,0.064991,0.174742,0.209095,-0.416403,0.135088,0.007827,0.170677,0.042984,-0.351066,0.265022,0.001221,-0.034939,0.129054,-0.554285,-0.058686,0.324265,0.001135,0.039168,0.086464,-0.010690
453,19.480000,-0.035326,0.003964,-0.039128,0.064750,-0.655918,0.054662,-0.363059,-0.302133,0.252807,-0.316132,0.003636,-0.003798,0.176578,-0.437482,0.004954,0.000032,-0.136570,-0.319874,0.254598,0.043636,0.199372,-0.000094,-0.306686,-0.011574,-0.272334,-0.213629,0.168086,-0.335396,0.082508,-0.199336,0.056782,-0.117262,-0.206088,-0.048686,0.245570,0.051764,-0.005084,0.317293,-0.036782,-0.051863,-0.723306,-0.150789,0.342789,0.316466,0.297244,-0.394269,0.410017,-0.069949,-0.069094,-0.303648,-0.290254,-0.100892,0.172167,-0.008593,0.269687,0.384963,-0.296652,-0.070467,0.211700,-0.048610,-0.241699,-0.087816,0.374704,0.216484,0.287219,0.000532,0.016158,-0.010496,0.033646,0.500391,0.331946,0.377274,-0.010904,-0.213074,-0.066922,0.236746,-0.005296,0.184616,0.450974,-0.043877,0.518629,0.277551,0.442648,-0.092886,0.305698,-0.160118,0.024056,-0.052254,0.023447,0.026671,-0.048726,-0.026845,0.012918,0.050479,0.008026,0.110845,-0.200785,-0.310191,-0.056702,0.287693,-0.373873,0.389529,-0.177034,0.132476,0.171938,-0.101105,0.134058,0.000967,0.063350,0.173875,0.207725,-0.416235,0.135724,0.007902,0.166446,0.043888,-0.348808,0.265876,0.000610,-0.033867,0.122798,-0.552146,-0.055786,0.321378,0.000904,0.041344,0.084015,-0.009143
454,19.500000,-0.035258,0.004800,-0.038009,0.067798,-0.657216,0.054797,-0.361625,-0.310040,0.250615,-0.314616,0.003549,-0.003710,0.169026,-0.439950,0.000179,0.000200,-0.132901,-0.326670,0.257553,0.043736,0.206032,-0.000093,-0.304768,-0.011849,-0.274378,-0.201122,0.166348,-0.336195,0.082091,-0.199946,0.055547,-0.118299,-0.204912,-0.047934,0.243539,0.052521,-0.004703,0.313028,-0.036768,-0.050094,-0.723239,-0.149631,0.354119,0.317946,0.295193,-0.390863,0.408494,-0.067276,-0.068507,-0.301797,-0.286239,-0.100442,0.174092,-0.008470,0.275278,0.393520,-0.294962,-0.069067,0.210830,-0.048151,-0.233055,-0.088033,0.376014,0.216528,0.282174,0.000595,0.011640,-0.010218,0.033493,0.501870,0.331067,0.377402,-0.010514,-0.211526,-0.069180,0.231162,-0.004733,0.182996,0.448920,-0.045900,0.510913,0.276332,0.442673,-0.093484,0.303923,-0.160169,0.023944,-0.048993,0.023457,0.027464,-0.049077,-0.026227,0.006537,0.043397,0.006876,0.110810,-0.200573,-0.314869,-0.055532,0.289946,-0.377929,0.384367,-0.174553,0.134643,0.172472,-0.090803,0.133545,0.000972,0.061328,0.172016,0.206605,-0.413555,0.134595,0.006822,0.166240,0.044925,-0.347289,0.266485,-0.000073,-0.032463,0.123616,-0.549487,-0.062502,0.323546,0.001509,0.035265,0.084793,-0.009065
455,19.520000,-0.034930,0.004571,-0.040725,0.063192,-0.656990,0.054667,-0.357905,-0.307098,0.255086,-0.319182,0.003809,-0.003907,0.172572,-0.441843,0.008028,0.000170,-0.138153,-0.323895,0.258896,0.043593,0.205071,-0.000101,-0.307973,-0.011436,-0.280603,-0.205950,0.170578,-0.333875,0.078801,-0.196041,0.056990,-0.115756,-0.204296,-0.047781,0.246323,0.053449,-0.005307,0.314884,-0.036942,-0.050996,-0.723163,-0.150327,0.352524,0.318079,0.294681,-0.390844,0.404086,-0.069679,-0.069771,-0.297106,-0.283355,-0.101265,0.170565,-0.008502,0.277073,0.388389,-0.292665,-0.070016,0.210161,-0.048524,-0.242109,-0.088269,0.379044,0.215558,0.275121,0.000647,0.019185,-0.010539,0.033097,0.502406,0.330860,0.380022,-0.010498,-0.207777,-0.069831,0.235731,-0.004626,0.182629,0.449693,-0.043475,0.514071,0.281207,0.442566,-0.091024,0.302687,-0.161472,0.023190,-0.052420,0.023494,0.027262,-0.049130,-0.026259,-0.001287,0.042196,0.007482,0.108580,-0.204386,-0.305682,-0.056643,0.288637,-0.383244,0.384061,-0.178370,0.129577,0.174431,-0.100582,0.129500,0.000990,0.061020,0.169790,0.205799,-0.413493,0.134884,0.006914,0.166769,0.047367,-0.342913,0.271783,-0.000411,-0.033308,0.118302,-0.547186,-0.063695,0.323141,0.001294,0.035985,0.083953,-0.008483
456,19.540000,-0.034643,0.004773,-0.039811,0.066601,-0.656654,0.054907,-0.356975,-0.312082,0.254295,-0.320808,0.003453,-0.003751,0.167686,-0.442891,0.000715,0.000199,-0.134492,-0.326206,0.259727,0.043914,0.212375,-0.000095,-0.309040,-0.011087,-0.283116,-0.199788,0.165754,-0.334433,0.080805,-0.198593,0.053264,-0.118550,-0.204994,-0.046613,0.239412,0.053621,-0.005339,0.310510,-0.036744,-0.049510,-0.722774,-0.149092,0.356847,0.319042,0.292462,-0.395722,0.408234,-0.068456,-0.069782,-0.295725,-0.287299,-0.100828,0.173875,-0.008393,0.280027,0.392285,-0.296361,-0.068985,0.211257,-0.048509,-0.234753,-0.088908,0.374212,0.211711,0.276460,0.000689,0.010090,-0.010279,0.033407,0.504046,0.329799,0.379636,-0.010123,-0.207341,-0.068230,0.230989,-0.004923,0.181257,0.445653,-0.045875,0.507558,0.279574,0.444450,-0.091636,0.302253,-0.160720,0.025013,-0.051533,0.023473,0.028601,-0.049175,-0.025984,-0.005041,0.043742,0.006935,0.108892,-0.206183,-0.311129,-0.056150,0.288342,-0.386384,0.387182,-0.175419,0.134562,0.175573,-0.091855,0.129414,0.001017,0.061453,0.168731,0.207027,-0.412853,0.133827,0.006431,0.166460,0.046012,-0.344400,0.269490,-0.000401,-0.032759,0.123377,-0.546002,-0.067196,0.328497,0.001378,0.033536,0.084169,-0.008984
457,19.560000,-0.033794,0.005903,-0.034289,0.066348,-0.655728,0.054303,-0.364253,-0.310294,0.255883,-0.324902,0.003711,-0.003992,0.171963,-0.443629,0.008197,0.000202,-0.139433,-0.330262,0.264666,0.042250,0.207516,-0.000098,-0.312405,-0.010754,-0.282151,-0.202129,0.170445,-0.334620,0.080366,-0.193626,0.050809,-0.116700,-0.203853,-0.046842,0.238318,0.053474,-0.006123,0.305046,-0.037180,-0.049772,-0.723087,-0.149102,0.348937,0.319322,0.296132,-0.402215,0.404031,-0.069944,-0.069273,-0.295595,-0.290099,-0.100964,0.172440,-0.008422,0.280417,0.385941,-0.293061,-0.069767,0.211438,-0.048724,-0.240722,-0.089226,0.376334,0.213728,0.274595,0.000714,0.023371,-0.010606,0.033158,0.504301,0.323541,0.381221,-0.010009,-0.210386,-0.071732,0.234902,-0.004873,0.182032,0.442475,-0.043338,0.520558,0.278995,0.443032,-0.090818,0.306473,-0.160320,0.022437,-0.049682,0.023594,0.028533,-0.049060,-0.026262,-0.008976,0.036798,0.007701,0.111119,-0.207703,-0.303965,-0.056849,0.291178,-0.383687,0.386916,-0.179453,0.131696,0.171783,-0.101069,0.130306,0.001037,0.060226,0.169297,0.206598,-0.409677,0.133624,0.006028,0.167625,0.044546,-0.341913,0.271257,-0.000301,-0.033980,0.116918,-0.545593,-0.065192,0.327935,0.000453,0.036566,0.084979,-0.009060
458,19.580000,-0.033854,0.004143,-0.039459,0.066971,-0.655953,0.054093,-0.361489,-0.311893,0.256616,-0.323404,0.003894,-0.003825,0.177262,-0.445206,0.011435,0.000088,-0.140328,-0.332007,0.259603,0.042420,0.208160,-0.000101,-0.303496,-0.011157,-0.284104,-0.203399,0.172612,-0.331952,0.080467,-0.194426,0.049527,-0.117278,-0.201129,-0.046341,0.246407,0.052345,-0.005674,0.307804,-0.036958,-0.050411,-0.722671,-0.149466,0.350046,0.319668,0.299821,-0.398829,0.408130,-0.069932,-0.069093,-0.294725,-0.286749,-0.100128,0.168424,-0.008461,0.288782,0.383843,-0.297395,-0.069032,0.207512,-0.048681,-0.242705,-0.089611,0.373414,0.211480,0.274665,0.000792,0.029198,-0.010678,0.033134,0.505180,0.325522,0.383646,-0.009696,-0.209124,-0.065375,0.238552,-0.005438,0.176701,0.439689,-0.041572,0.518486,0.285450,0.445122,-0.089885,0.309669,-0.160555,0.023840,-0.045784,0.023783,0.027177,-0.048616,-0.026132,-0.007835,0.040528,0.007665,0.109135,-0.206351,-0.297936,-0.056575,0.285595,-0.383906,0.391458,-0.177232,0.130069,0.172641,-0.111491,0.128651,0.001085,0.060535,0.170919,0.208987,-0.414792,0.132831,0.007029,0.170185,0.043762,-0.343087,0.271438,-0.000126,-0.035849,0.121973,-0.548997,-0.065152,0.325714,0.000202,0.039744,0.083205,-0.009726
459,19.600000,-0.033588,0.004776,-0.033254,0.069820,-0.653728,0.054120,-0.365372,-0.315638,0.256637,-0.327276,0.003961,-0.003942,0.175991,-0.445061,0.009403,0.000184,-0.139161,-0.340009,0.260386,0.042407,0.205986,-0.000104,-0.310516,-0.011067,-0.285445,-0.200290,0.172044,-0.334447,0.080847,-0.193505,0.047948,-0.119953,-0.200804,-0.046039,0.238649,0.051635,-0.006670,0.300059,-0.037803,-0.049136,-0.723025,-0.149070,0.347335,0.320500,0.299183,-0.405266,0.410315,-0.071242,-0.068688,-0.296875,-0.292488,-0.100432,0.170812,-0.008521,0.287598,0.381012,-0.296767,-0.070264,0.208248,-0.047982,-0.241033,-0.090119,0.369200,0.209275,0.280069,0.000806,0.031253,-0.010718,0.033076,0.505124,0.321200,0.378138,-0.009493,-0.214982,-0.068355,0.242859,-0.005708,0.180704,0.435903,-0.041079,0.519469,0.279303,0.448730,-0.089583,0.306219,-0.158728,0.024962,-0.041899,0.023631,0.027675,-0.048440,-0.026163,-0.008784,0.039169,0.008010,0.110782,-0.208014,-0.296292,-0.057804,0.288957,-0.379801,0.397909,-0.177732,0.130239,0.168832,-0.115766,0.128463,0.000982,0.060021,0.173790,0.211447,-0.411335,0.132642,0.007293,0.172507,0.043217,-0.343524,0.272524,0.000080,-0.037903,0.117569,-0.549189,-0.063075,0.321681,-0.000464,0.041016,0.085131,-0.010600
460,19.620000,-0.034101,0.003036,-0.036187,0.069624,-0.654638,0.054008,-0.364424,-0.308176,0.257518,-0.328508,0.004155,-0.003667,0.180966,-0.445768,0.004960,0.000088,-0.139978,-0.334217,0.254148,0.042674,0.204239,-0.000103,-0.309798,-0.011073,-0.280097,-0.206487,0.169058,-0.336149,0.082850,-0.196098,0.048339,-0.120657,-0.200419,-0.046729,0.241140,0.050957,-0.005961,0.308976,-0.036992,-0.050058,-0.723069,-0.148898,0.340324,0.320506,0.305640,-0.403655,0.415435,-0.071052,-0.068958,-0.297577,-0.292462,-0.100011,0.169595,-0.008715,0.283398,0.377313,-0.302051,-0.070983,0.209107,-0.048516,-0.244971,-0.091261,0.367327,0.208120,0.287406,0.000871,0.030000,-0.010692,0.033362,0.504717,0.325242,0.379261,-0.009245,-0.213670,-0.062119,0.244950,-0.006396,0.178532,0.437275,-0.041293,0.520194,0.281808,0.447816,-0.090968,0.309832,-0.157152,0.027237,-0.047721,0.023042,0.025959,-0.047980,-0.026267,0.002745,0.050613,0.007772,0.110524,-0.206653,-0.296142,-0.058169,0.283702,-0.375521,0.403317,-0.178640,0.129614,0.170934,-0.120624,0.128204,0.001019,0.062401,0.173895,0.212523,-0.414908,0.131986,0.008674,0.173269,0.041765,-0.346900,0.269732,0.000934,-0.038766,0.123082,-0.554228,-0.059228,0.319018,-0.000690,0.043239,0.082815,-0.010685
461,19.640000,-0.033951,0.004517,-0.030983,0.075750,-0.654159,0.053866,-0.369217,-0.317423,0.251983,-0.327325,0.004081,-0.003731,0.174369,-0.447750,0.000864,0.000176,-0.139781,-0.343901,0.255862,0.042096,0.203462,-0.000099,-0.306555,-0.011444,-0.279509,-0.198120,0.168058,-0.339380,0.083524,-0.195886,0.048250,-0.120801,-0.201187,-0.046737,0.241870,0.050430,-0.005478,0.299973,-0.037291,-0.048355,-0.723580,-0.148211,0.348684,0.321787,0.303588,-0.401114,0.413084,-0.068904,-0.068244,-0.302753,-0.287797,-0.099932,0.173773,-0.008701,0.285352,0.382359,-0.299660,-0.069687,0.206760,-0.047581,-0.238522,-0.091498,0.366107,0.206960,0.290709,0.000911,0.031002,-0.010559,0.032923,0.504412,0.319763,0.375050,-0.008915,-0.217626,-0.068332,0.239552,-0.006330,0.179950,0.436530,-0.042271,0.522363,0.277979,0.448041,-0.093052,0.311996,-0.156601,0.025125,-0.043526,0.022970,0.027861,-0.048589,-0.026072,0.002083,0.043126,0.007175,0.112442,-0.206490,-0.300574,-0.058077,0.286054,-0.373438,0.397502,-0.176946,0.131393,0.168972,-0.114124,0.130313,0.000953,0.062671,0.174660,0.211527,-0.412279,0.132614,0.008215,0.174799,0.042494,-0.345467,0.269428,0.001492,-0.040443,0.127099,-0.554909,-0.060350,0.318237,-0.000224,0.038796,0.085304,-0.011558
462,19.660000,-0.034341,0.003696,-0.034093,0.073135,-0.655142,0.053274,-0.365215,-0.315056,0.250594,-0.326267,0.004003,-0.003753,0.175367,-0.449885,0.005375,0.000054,-0.141489,-0.339585,0.252268,0.042195,0.203666,-0.000100,-0.302901,-0.011480,-0.284484,-0.203490,0.171782,-0.338000,0.081062,-0.195764,0.051507,-0.119651,-0.200471,-0.047054,0.249390,0.050402,-0.005161,0.303068,-0.037127,-0.048729,-0.723432,-0.149347,0.348416,0.322599,0.300465,-0.394367,0.411152,-0.069638,-0.068875,-0.301240,-0.283453,-0.100092,0.172997,-0.008778,0.287448,0.379243,-0.298011,-0.070212,0.204419,-0.047869,-0.245100,-0.091995,0.366377,0.202533,0.286675,0.000968,0.032228,-0.010569,0.032741,0.503912,0.322574,0.376048,-0.008745,-0.214405,-0.066811,0.243271,-0.006384,0.177887,0.437504,-0.040558,0.521901,0.282881,0.449892,-0.092658,0.310961,-0.157026,0.025774,-0.047278,0.022789,0.027657,-0.048171,-0.025985,-0.001289,0.047442,0.007498,0.109422,-0.209104,-0.296365,-0.058624,0.281257,-0.378809,0.396693,-0.176747,0.127636,0.173143,-0.121737,0.129054,0.000960,0.064231,0.172851,0.208613,-0.414461,0.134026,0.008977,0.174306,0.045208,-0.345261,0.271467,0.002165,-0.041951,0.126698,-0.556270,-0.058702,0.316718,0.000096,0.036764,0.084266,-0.011365
463,19.680000,-0.034020,0.004739,-0.028614,0.076179,-0.656519,0.053599,-0.369040,-0.321325,0.247958,-0.326641,0.003496,-0.003683,0.168669,-0.450720,-0.006525,0.000154,-0.138707,-0.345159,0.254494,0.042585,0.208201,-0.000087,-0.304125,-0.011193,-0.283915,-0.195432,0.166577,-0.343638,0.084302,-0.197435,0.049725,-0.123014,-0.200138,-0.046439,0.236200,0.050764,-0.005507,0.297311,-0.037429,-0.046665,-0.723572,-0.147273,0.350045,0.324493,0.296378,-0.397906,0.413932,-0.067817,-0.067680,-0.301500,-0.290375,-0.100244,0.180159,-0.008660,0.283157,0.386218,-0.299714,-0.070655,0.206654,-0.047217,-0.233616,-0.092772,0.361126,0.199970,0.289999,0.000951,0.021086,-0.010263,0.033108,0.504382,0.319291,0.372261,-0.008427,-0.218105,-0.068925,0.236174,-0.006438,0.180457,0.434591,-0.043712,0.518072,0.274020,0.451938,-0.094455,0.310066,-0.155210,0.027868,-0.043544,0.022497,0.030161,-0.048897,-0.026175,-0.000403,0.044752,0.007144,0.112244,-0.209807,-0.307401,-0.058000,0.284254,-0.377068,0.396921,-0.173753,0.134270,0.169914,-0.104182,0.130835,0.000910,0.064730,0.171761,0.210119,-0.410180,0.134796,0.007884,0.171958,0.044479,-0.346674,0.269544,0.002749,-0.041286,0.127931,-0.554503,-0.062449,0.321431,0.000262,0.032518,0.086027,-0.012098
464,19.700000,-0.034004,0.004272,-0.032688,0.071410,-0.657083,0.052391,-0.362806,-0.315145,0.250010,-0.326855,0.003861,-0.003899,0.173523,-0.453167,0.002923,0.000031,-0.143559,-0.337482,0.252923,0.042109,0.201930,-0.000094,-0.299811,-0.011145,-0.285069,-0.201352,0.169957,-0.342429,0.082736,-0.193829,0.052086,-0.118727,-0.200794,-0.047282,0.248477,0.050919,-0.005331,0.304313,-0.037278,-0.047668,-0.723695,-0.148443,0.348054,0.324601,0.300297,-0.389829,0.407788,-0.068395,-0.068312,-0.299421,-0.283228,-0.101840,0.179053,-0.008799,0.286389,0.384470,-0.297864,-0.070792,0.204707,-0.047949,-0.243516,-0.093071,0.366781,0.198824,0.286634,0.001018,0.025960,-0.010475,0.032743,0.504362,0.323704,0.377099,-0.008307,-0.213318,-0.068882,0.240060,-0.006226,0.180620,0.437823,-0.041426,0.521829,0.281135,0.448442,-0.094749,0.311619,-0.156696,0.026788,-0.048831,0.022209,0.029062,-0.048700,-0.025959,-0.005708,0.045709,0.007372,0.110372,-0.210173,-0.299348,-0.058405,0.281064,-0.384601,0.393384,-0.177997,0.131186,0.171921,-0.114099,0.130215,0.000991,0.066296,0.170083,0.207155,-0.411646,0.135902,0.008428,0.174851,0.045938,-0.345188,0.272846,0.003060,-0.042093,0.127818,-0.554310,-0.062790,0.321854,0.000281,0.031406,0.083652,-0.011403
465,19.720000,-0.033230,0.004294,-0.031401,0.070507,-0.658319,0.053134,-0.366824,-0.318202,0.247678,-0.324689,0.003422,-0.003849,0.175440,-0.453588,0.003688,0.000058,-0.143238,-0.342283,0.253406,0.041625,0.205590,-0.000089,-0.299482,-0.012196,-0.283259,-0.198453,0.171573,-0.341041,0.084278,-0.197846,0.052449,-0.120084,-0.198384,-0.046920,0.247135,0.049938,-0.005130,0.301317,-0.036690,-0.047259,-0.723366,-0.146613,0.345173,0.325284,0.299216,-0.397250,0.409037,-0.068926,-0.066969,-0.300304,-0.291181,-0.099802,0.176502,-0.008643,0.287382,0.380940,-0.298071,-0.070708,0.202939,-0.047446,-0.242746,-0.093490,0.365718,0.201801,0.281261,0.001057,0.033554,-0.010403,0.033008,0.504688,0.315639,0.376366,-0.008028,-0.217113,-0.067645,0.242945,-0.006244,0.176832,0.433035,-0.040716,0.525583,0.280385,0.451678,-0.094350,0.318137,-0.157804,0.027823,-0.040426,0.022645,0.029294,-0.049375,-0.026057,0.000384,0.042263,0.007676,0.113127,-0.208855,-0.301263,-0.058126,0.281855,-0.377182,0.390689,-0.175338,0.130254,0.169365,-0.115163,0.129750,0.000986,0.064026,0.173264,0.211171,-0.415868,0.136858,0.007374,0.174493,0.044157,-0.345484,0.273017,0.003177,-0.041929,0.127165,-0.551072,-0.065505,0.321536,-0.000429,0.034905,0.084258,-0.011896
466,19.740000,-0.033788,0.003849,-0.032410,0.071073,-0.656911,0.053249,-0.361239,-0.315205,0.250686,-0.329488,0.003917,-0.003841,0.174291,-0.454285,0.002665,0.000075,-0.141813,-0.337283,0.251473,0.042489,0.204087,-0.000100,-0.303110,-0.011279,-0.283424,-0.199982,0.168775,-0.342223,0.083507,-0.195183,0.050044,-0.121314,-0.200564,-0.046593,0.243843,0.050317,-0.005307,0.303792,-0.037233,-0.047625,-0.723648,-0.147924,0.347408,0.325799,0.302612,-0.397455,0.409355,-0.070502,-0.067773,-0.297404,-0.285760,-0.101040,0.178488,-0.008870,0.287673,0.383920,-0.297950,-0.071808,0.205022,-0.047743,-0.243548,-0.094157,0.363067,0.199096,0.287172,0.001120,0.025260,-0.010574,0.033264,0.504951,0.325325,0.376668,-0.007938,-0.214740,-0.068633,0.246069,-0.006469,0.181095,0.434357,-0.041247,0.517117,0.280142,0.451141,-0.093150,0.310381,-0.156184,0.030100,-0.046114,0.021995,0.028328,-0.048054,-0.026070,-0.006410,0.047028,0.007660,0.110558,-0.209523,-0.296073,-0.059217,0.282074,-0.382862,0.397145,-0.178682,0.131752,0.171462,-0.118709,0.127162,0.000973,0.066195,0.173438,0.210428,-0.412323,0.137095,0.008581,0.177899,0.043899,-0.348040,0.274807,0.003276,-0.042204,0.124368,-0.553422,-0.065359,0.320540,-0.000481,0.033047,0.083223,-0.011668
467,19.760000,-0.033207,0.003393,-0.033017,0.067127,-0.657762,0.053083,-0.364465,-0.310612,0.253251,-0.329588,0.003548,-0.003839,0.179694,-0.454323,-0.000554,0.000044,-0.142102,-0.330999,0.248204,0.042862,0.201361,-0.000098,-0.306189,-0.011516,-0.276273,-0.203616,0.165041,-0.343643,0.087151,-0.197890,0.051288,-0.121181,-0.199150,-0.047130,0.243479,0.049561,-0.004702,0.308815,-0.036412,-0.048307,-0.723452,-0.146834,0.339932,0.325878,0.303587,-0.404080,0.411181,-0.070419,-0.067255,-0.300151,-0.293990,-0.100754,0.178408,-0.008862,0.280730,0.381328,-0.303370,-0.071487,0.206610,-0.047520,-0.244533,-0.095056,0.364012,0.204793,0.292073,0.001167,0.027083,-0.010307,0.033499,0.504509,0.321520,0.376564,-0.007750,-0.215719,-0.065349,0.243250,-0.006737,0.179695,0.434708,-0.042056,0.522522,0.276725,0.449811,-0.093085,0.316181,-0.157039,0.031072,-0.046305,0.021610,0.027708,-0.048442,-0.026236,0.005061,0.052823,0.008151,0.113262,-0.206937,-0.301891,-0.059754,0.281431,-0.373465,0.397712,-0.178738,0.132517,0.169526,-0.117382,0.128200,0.000999,0.065839,0.174390,0.211608,-0.418620,0.137258,0.008454,0.175024,0.042495,-0.347646,0.272330,0.003990,-0.040923,0.126911,-0.551840,-0.062601,0.321171,-0.001289,0.037267,0.082907,-0.011653
468,19.780000,-0.033543,0.004100,-0.035588,0.070123,-0.658177,0.053206,-0.359224,-0.313979,0.248444,-0.327401,0.003894,-0.003787,0.173016,-0.456594,-0.000289,0.000052,-0.140023,-0.330834,0.248159,0.042658,0.202195,-0.000102,-0.302806,-0.011427,-0.275861,-0.199354,0.164670,-0.344449,0.085865,-0.198116,0.049624,-0.120185,-0.204720,-0.047001,0.246673,0.050023,-0.004167,0.307334,-0.036762,-0.048112,-0.724045,-0.147126,0.349849,0.327065,0.302492,-0.398901,0.408030,-0.068987,-0.067591,-0.300946,-0.285204,-0.100962,0.180046,-0.008953,0.284773,0.386916,-0.299378,-0.070113,0.206766,-0.047809,-0.240791,-0.095347,0.365562,0.205212,0.293225,0.001268,0.020629,-0.010420,0.033310,0.504669,0.326261,0.375922,-0.007517,-0.214064,-0.070322,0.241618,-0.006417,0.182079,0.437983,-0.043025,0.516329,0.278977,0.446287,-0.094625,0.313623,-0.156418,0.029844,-0.050518,0.021492,0.027997,-0.048360,-0.026058,-0.001080,0.049923,0.007478,0.111865,-0.206025,-0.302190,-0.059055,0.280744,-0.379279,0.394184,-0.177616,0.134075,0.172267,-0.112475,0.129108,0.000994,0.067019,0.173522,0.208990,-0.416012,0.137049,0.008636,0.177183,0.042750,-0.350542,0.272339,0.003837,-0.040952,0.129731,-0.553616,-0.063110,0.322329,-0.000287,0.031674,0.082828,-0.011252
469,19.800000,-0.032982,0.003362,-0.038066,0.063322,-0.660346,0.052959,-0.360949,-0.307809,0.251164,-0.327111,0.003273,-0.003905,0.178836,-0.457111,0.000431,0.000011,-0.140686,-0.322659,0.245907,0.043329,0.202881,-0.000100,-0.305145,-0.011667,-0.273405,-0.206359,0.165273,-0.344841,0.086271,-0.200148,0.052404,-0.119564,-0.202706,-0.047800,0.247518,0.050098,-0.003755,0.313024,-0.036540,-0.049225,-0.723489,-0.146589,0.343689,0.327625,0.298442,-0.406071,0.408682,-0.070221,-0.066960,-0.301118,-0.291640,-0.100593,0.178026,-0.008952,0.278792,0.381343,-0.301683,-0.070079,0.207771,-0.047611,-0.244283,-0.096083,0.367710,0.210243,0.292927,0.001303,0.022895,-0.010289,0.033443,0.504349,0.327735,0.376942,-0.007389,-0.212940,-0.067724,0.240819,-0.006426,0.180457,0.439391,-0.042829,0.519452,0.278703,0.446248,-0.092084,0.312811,-0.158726,0.030535,-0.051638,0.021454,0.027328,-0.048554,-0.026258,0.006667,0.053424,0.008255,0.112236,-0.203654,-0.305284,-0.059938,0.281183,-0.372487,0.392369,-0.176816,0.131692,0.173589,-0.112559,0.129192,0.001010,0.065365,0.173333,0.207964,-0.421498,0.137458,0.008616,0.171488,0.043231,-0.348723,0.272295,0.003802,-0.039641,0.126508,-0.550433,-0.059604,0.322740,-0.000954,0.037006,0.082812,-0.010487
470,19.820000,-0.033148,0.004168,-0.038499,0.066219,-0.660497,0.053195,-0.357018,-0.312427,0.248816,-0.326803,0.003664,-0.003858,0.172494,-0.459223,0.001464,0.000106,-0.138155,-0.327512,0.248784,0.043000,0.206713,-0.000103,-0.302490,-0.011404,-0.275524,-0.198579,0.165052,-0.345366,0.084552,-0.199512,0.050030,-0.118527,-0.204614,-0.047413,0.245477,0.051403,-0.003573,0.311459,-0.036816,-0.048712,-0.723853,-0.145989,0.351845,0.329218,0.298910,-0.400175,0.407179,-0.068815,-0.067404,-0.298803,-0.285896,-0.100751,0.178623,-0.008937,0.283052,0.386259,-0.298413,-0.069854,0.208525,-0.047861,-0.238897,-0.096297,0.370142,0.210235,0.289461,0.001391,0.018522,-0.010379,0.033235,0.505005,0.328554,0.378072,-0.007152,-0.211565,-0.071733,0.239294,-0.005920,0.181692,0.440525,-0.043524,0.513337,0.277952,0.444129,-0.093220,0.310768,-0.157794,0.029476,-0.051457,0.021385,0.027813,-0.048808,-0.026231,-0.002360,0.046137,0.007603,0.111485,-0.204298,-0.305097,-0.058904,0.282131,-0.379295,0.390462,-0.176378,0.132086,0.173653,-0.106551,0.129620,0.000993,0.064784,0.172527,0.208704,-0.417073,0.136976,0.008166,0.173491,0.043715,-0.349627,0.272507,0.003044,-0.039355,0.125683,-0.550131,-0.062227,0.323619,-0.000236,0.032916,0.083175,-0.010221
471,19.840000,-0.032848,0.004224,-0.039328,0.063907,-0.660325,0.052670,-0.356189,-0.311749,0.251770,-0.329025,0.003378,-0.003964,0.175352,-0.460815,0.005999,0.000071,-0.140989,-0.327539,0.249636,0.043136,0.205997,-0.000104,-0.301405,-0.011471,-0.280438,-0.200105,0.169820,-0.343964,0.082829,-0.196988,0.051498,-0.117336,-0.203148,-0.047389,0.248400,0.051678,-0.003773,0.310165,-0.037354,-0.049220,-0.723304,-0.146484,0.352793,0.329329,0.295827,-0.402034,0.404364,-0.069829,-0.067233,-0.296400,-0.284023,-0.100976,0.176952,-0.008897,0.285760,0.383493,-0.295938,-0.069458,0.207039,-0.047611,-0.244003,-0.096577,0.371252,0.209089,0.284121,0.001440,0.025521,-0.010433,0.033046,0.505237,0.326923,0.379400,-0.007030,-0.209663,-0.071410,0.239889,-0.005898,0.181161,0.440140,-0.042246,0.515720,0.280586,0.445504,-0.090848,0.311318,-0.159881,0.027785,-0.050501,0.021531,0.028352,-0.048877,-0.026224,-0.007516,0.043691,0.007890,0.110604,-0.207059,-0.299688,-0.059632,0.281596,-0.381406,0.388096,-0.177304,0.129943,0.174552,-0.110466,0.128227,0.001003,0.063252,0.172291,0.206925,-0.419022,0.137107,0.008108,0.171904,0.045849,-0.345438,0.275105,0.002582,-0.039742,0.122949,-0.548631,-0.062341,0.324664,-0.000542,0.033947,0.083442,-0.009976
472,19.860000,-0.032434,0.005393,-0.033395,0.068804,-0.659507,0.053079,-0.362932,-0.314462,0.247012,-0.330993,0.003392,-0.003942,0.172033,-0.460999,0.001116,0.000178,-0.136680,-0.335136,0.254065,0.042529,0.209972,-0.000095,-0.304554,-0.011281,-0.280176,-0.193980,0.168714,-0.347131,0.083943,-0.196969,0.047726,-0.120291,-0.202622,-0.046782,0.234856,0.052255,-0.004576,0.301562,-0.038153,-0.047921,-0.723361,-0.144789,0.348997,0.331373,0.292149,-0.409756,0.407040,-0.069742,-0.066547,-0.296239,-0.293073,-0.100023,0.178885,-0.008821,0.284021,0.383406,-0.294212,-0.070900,0.209779,-0.047367,-0.237983,-0.097049,0.366092,0.210464,0.283882,0.001417,0.022291,-0.010415,0.033164,0.505575,0.320938,0.375839,-0.006754,-0.214766,-0.073517,0.240429,-0.005843,0.182556,0.436365,-0.043304,0.515826,0.274366,0.447334,-0.092258,0.313540,-0.157669,0.029330,-0.043890,0.021706,0.029541,-0.048773,-0.026542,-0.009090,0.038210,0.008016,0.113175,-0.208904,-0.303251,-0.059424,0.284658,-0.378695,0.391291,-0.176081,0.132941,0.170544,-0.102551,0.130893,0.000956,0.062870,0.173495,0.209906,-0.413464,0.137048,0.007251,0.170181,0.043839,-0.348967,0.271867,0.002110,-0.038654,0.120163,-0.547945,-0.062179,0.326465,-0.000648,0.035300,0.085502,-0.010574
473,19.880000,-0.032706,0.004513,-0.035475,0.068533,-0.659370,0.052082,-0.360450,-0.310709,0.252156,-0.333682,0.003626,-0.003975,0.177615,-0.462896,0.005592,0.000049,-0.140895,-0.333470,0.252614,0.042553,0.204178,-0.000102,-0.298165,-0.010715,-0.282364,-0.197351,0.170021,-0.347279,0.083081,-0.192908,0.047781,-0.118539,-0.200978,-0.047175,0.243857,0.052555,-0.004506,0.306456,-0.038544,-0.048993,-0.723428,-0.145822,0.349823,0.331469,0.297543,-0.404089,0.406798,-0.069797,-0.067184,-0.295557,-0.285312,-0.100989,0.176909,-0.008899,0.286959,0.383189,-0.297060,-0.070312,0.208428,-0.047814,-0.243660,-0.097360,0.367469,0.209116,0.285483,0.001496,0.027770,-0.010564,0.032794,0.506003,0.325430,0.379590,-0.006651,-0.211145,-0.070672,0.240741,-0.006039,0.182569,0.438460,-0.041954,0.518338,0.278387,0.444966,-0.091429,0.313468,-0.158505,0.027349,-0.043369,0.021508,0.028224,-0.048388,-0.027007,-0.016143,0.040299,0.007744,0.110537,-0.209417,-0.295727,-0.059616,0.283303,-0.384469,0.393250,-0.180589,0.132174,0.170499,-0.110570,0.130298,0.001017,0.062904,0.173951,0.207973,-0.412678,0.136943,0.008291,0.171288,0.044670,-0.346990,0.272938,0.001805,-0.039530,0.119902,-0.550060,-0.060192,0.325456,-0.000766,0.036078,0.083399,-0.010718
474,19.900000,-0.032230,0.005214,-0.033453,0.073017,-0.658969,0.052154,-0.363592,-0.315918,0.246733,-0.333583,0.003347,-0.004036,0.174314,-0.463572,0.000848,0.000077,-0.136471,-0.338696,0.252856,0.042768,0.204141,-0.000094,-0.301269,-0.011560,-0.281316,-0.193039,0.169126,-0.349690,0.084362,-0.196424,0.048189,-0.120482,-0.201481,-0.046797,0.238376,0.052170,-0.004959,0.298905,-0.038851,-0.047925,-0.723319,-0.144295,0.349106,0.332793,0.291532,-0.408627,0.408523,-0.068956,-0.066253,-0.297732,-0.293754,-0.100251,0.179307,-0.008811,0.285789,0.384292,-0.296971,-0.070047,0.209055,-0.046896,-0.238448,-0.097896,0.363295,0.210355,0.287296,0.001508,0.025693,-0.010250,0.032955,0.506086,0.319833,0.374081,-0.006371,-0.215254,-0.072185,0.239002,-0.006015,0.182482,0.436915,-0.043344,0.516538,0.272219,0.446446,-0.092177,0.313826,-0.158195,0.028607,-0.038390,0.021809,0.029432,-0.048446,-0.026747,-0.012722,0.037523,0.007696,0.112088,-0.208734,-0.300918,-0.059679,0.284213,-0.380909,0.394020,-0.176760,0.136076,0.167541,-0.103093,0.132593,0.000957,0.062177,0.175687,0.209522,-0.412066,0.137192,0.007856,0.169756,0.044103,-0.349966,0.271202,0.001734,-0.038655,0.121690,-0.548240,-0.061029,0.326097,-0.000773,0.037161,0.085273,-0.011596
475,19.920000,-0.032750,0.004354,-0.035521,0.072046,-0.659343,0.051727,-0.361127,-0.311233,0.250256,-0.334978,0.003795,-0.003941,0.177204,-0.465295,0.003952,0.000027,-0.139683,-0.336852,0.251796,0.042474,0.201999,-0.000101,-0.300131,-0.011196,-0.283240,-0.196218,0.171139,-0.349735,0.082411,-0.193915,0.049226,-0.118675,-0.201457,-0.047296,0.243307,0.052834,-0.004903,0.304732,-0.038979,-0.048506,-0.723773,-0.144802,0.349001,0.333030,0.296268,-0.402787,0.408111,-0.069058,-0.067431,-0.295762,-0.286240,-0.100537,0.176890,-0.008920,0.286838,0.381765,-0.296899,-0.070766,0.209468,-0.047959,-0.244985,-0.098410,0.365400,0.207634,0.285688,0.001591,0.028291,-0.010474,0.032745,0.506161,0.324241,0.376800,-0.006275,-0.211465,-0.070625,0.241833,-0.006016,0.183436,0.438505,-0.042132,0.518247,0.277295,0.444096,-0.092940,0.312034,-0.157868,0.027519,-0.042673,0.021596,0.027920,-0.048385,-0.027194,-0.017782,0.041636,0.007344,0.109979,-0.210654,-0.294902,-0.059829,0.281832,-0.385527,0.395785,-0.180840,0.132794,0.170509,-0.110984,0.131154,0.000984,0.062489,0.175331,0.208152,-0.409720,0.137453,0.008703,0.171548,0.044667,-0.349196,0.272980,0.001558,-0.039519,0.119283,-0.549701,-0.059073,0.323336,-0.000608,0.035921,0.083130,-0.011237
476,19.940000,-0.031970,0.005322,-0.032744,0.074584,-0.661559,0.051737,-0.363571,-0.315772,0.245197,-0.333013,0.003153,-0.004002,0.171692,-0.464923,-0.005720,0.000071,-0.133104,-0.336986,0.251446,0.043249,0.203156,-0.000090,-0.302412,-0.011401,-0.279611,-0.191414,0.165912,-0.355212,0.086494,-0.198079,0.048459,-0.122385,-0.205726,-0.046804,0.231502,0.052466,-0.005433,0.296451,-0.039435,-0.047144,-0.723743,-0.143496,0.349307,0.334370,0.284832,-0.411764,0.411256,-0.068002,-0.066178,-0.300189,-0.299138,-0.099493,0.182320,-0.008848,0.282441,0.385177,-0.296554,-0.069578,0.211967,-0.046880,-0.234734,-0.099171,0.360121,0.210211,0.293617,0.001580,0.013398,-0.010146,0.032669,0.506284,0.322830,0.368505,-0.005949,-0.216384,-0.073415,0.237136,-0.006014,0.186197,0.437935,-0.045030,0.511674,0.268846,0.444657,-0.093425,0.310161,-0.157673,0.030270,-0.041023,0.021708,0.030249,-0.047924,-0.027147,-0.012743,0.040324,0.007324,0.112218,-0.207824,-0.307767,-0.059870,0.283624,-0.381119,0.398666,-0.174747,0.141764,0.167527,-0.094469,0.135616,0.000925,0.062952,0.176008,0.207462,-0.410280,0.137083,0.008280,0.167553,0.043560,-0.356226,0.269046,0.001483,-0.037981,0.124586,-0.548675,-0.056746,0.326304,-0.000596,0.036730,0.085394,-0.011832
477,19.960000,-0.032474,0.004551,-0.036465,0.070102,-0.662438,0.050954,-0.359686,-0.310445,0.248872,-0.333027,0.003682,-0.004087,0.175683,-0.468199,0.003132,-0.000002,-0.139597,-0.334723,0.250923,0.042591,0.198432,-0.000102,-0.297276,-0.011060,-0.282019,-0.195784,0.171064,-0.353873,0.083162,-0.193393,0.050645,-0.117011,-0.204528,-0.047831,0.245399,0.053636,-0.005128,0.306166,-0.039399,-0.048535,-0.724142,-0.144123,0.350397,0.334876,0.290235,-0.399465,0.406341,-0.067477,-0.067389,-0.297060,-0.286176,-0.101130,0.179585,-0.008923,0.285047,0.383495,-0.296104,-0.069826,0.210845,-0.047791,-0.243995,-0.099534,0.369396,0.210422,0.288119,0.001661,0.020570,-0.010381,0.032413,0.506390,0.327206,0.374299,-0.005901,-0.210280,-0.072714,0.238204,-0.005536,0.185658,0.442212,-0.042633,0.517325,0.275913,0.439842,-0.093802,0.309794,-0.158796,0.026305,-0.046320,0.021722,0.028565,-0.048537,-0.027390,-0.020037,0.040509,0.007055,0.110140,-0.208227,-0.299817,-0.059780,0.279718,-0.387069,0.394448,-0.180305,0.135247,0.170050,-0.103790,0.134753,0.000987,0.062663,0.175271,0.204750,-0.408961,0.137643,0.008903,0.169711,0.045598,-0.351426,0.272486,0.000971,-0.039156,0.121126,-0.548387,-0.055420,0.324476,-0.000570,0.035251,0.082785,-0.010868
478,19.980000,-0.031961,0.003938,-0.038295,0.068154,-0.663274,0.051034,-0.358583,-0.313774,0.246759,-0.329944,0.003499,-0.004059,0.177150,-0.469171,0.004409,0.000011,-0.138448,-0.339301,0.249071,0.042744,0.202315,-0.000097,-0.297118,-0.012632,-0.282845,-0.191493,0.174338,-0.351476,0.083439,-0.197582,0.053339,-0.118163,-0.200641,-0.047469,0.249370,0.052493,-0.004935,0.306047,-0.038727,-0.048077,-0.723409,-0.142619,0.349319,0.335318,0.289384,-0.401638,0.405994,-0.067361,-0.066005,-0.295122,-0.292400,-0.099783,0.175636,-0.008774,0.288867,0.381979,-0.297174,-0.069602,0.207935,-0.047066,-0.244346,-0.099927,0.369839,0.211354,0.279675,0.001680,0.029628,-0.010117,0.032679,0.506825,0.320538,0.374982,-0.005645,-0.211051,-0.069501,0.241295,-0.005485,0.180211,0.437408,-0.042009,0.517233,0.276932,0.443441,-0.092963,0.313376,-0.160350,0.028106,-0.039895,0.022267,0.028254,-0.049016,-0.026746,-0.014538,0.038319,0.006944,0.111192,-0.207859,-0.299146,-0.059630,0.277730,-0.382355,0.390966,-0.176912,0.132794,0.169884,-0.107135,0.132135,0.001003,0.059745,0.176283,0.207052,-0.415577,0.137288,0.008068,0.168855,0.045849,-0.349284,0.273855,0.000895,-0.038953,0.119475,-0.544834,-0.060677,0.323575,-0.001055,0.036750,0.082575,-0.011063
479,20.000000,-0.032281,0.003658,-0.038978,0.068901,-0.661181,0.051697,-0.354439,-0.311351,0.249550,-0.336878,0.004135,-0.003952,0.174871,-0.469645,0.004644,0.000061,-0.140025,-0.338363,0.248928,0.043043,0.205592,-0.000105,-0.303956,-0.012030,-0.285204,-0.191313,0.171830,-0.350869,0.081518,-0.195800,0.051750,-0.119039,-0.201901,-0.047097,0.245063,0.053094,-0.005374,0.308258,-0.038673,-0.048027,-0.723727,-0.142704,0.350144,0.335481,0.295517,-0.401938,0.407112,-0.069273,-0.067739,-0.291013,-0.288368,-0.100362,0.174678,-0.008882,0.288244,0.382369,-0.298498,-0.071747,0.209827,-0.047813,-0.246298,-0.100447,0.366970,0.206792,0.280803,0.001746,0.025526,-0.010395,0.032777,0.507184,0.324743,0.374877,-0.005530,-0.209025,-0.070833,0.246235,-0.005792,0.183416,0.438506,-0.042187,0.511430,0.278371,0.443454,-0.092542,0.307692,-0.158453,0.030769,-0.044189,0.022026,0.027412,-0.048777,-0.026844,-0.018116,0.041423,0.006800,0.109616,-0.211227,-0.293266,-0.060588,0.276832,-0.388069,0.396132,-0.181475,0.131659,0.172462,-0.111892,0.127467,0.000982,0.061631,0.175475,0.209463,-0.410144,0.137270,0.008755,0.173075,0.045717,-0.349367,0.276767,0.000898,-0.040126,0.116845,-0.546301,-0.065180,0.321532,-0.001010,0.035059,0.081593,-0.010840
480,20.020000,-0.031776,0.003542,-0.039599,0.068386,-0.659551,0.051371,-0.354586,-0.310512,0.250808,-0.337645,0.003865,-0.003995,0.178373,-0.469646,0.002806,0.000044,-0.140297,-0.333987,0.246107,0.043103,0.205454,-0.000103,-0.304594,-0.012098,-0.282259,-0.193315,0.169052,-0.349925,0.084894,-0.197007,0.050644,-0.118370,-0.201365,-0.046880,0.245111,0.051821,-0.004812,0.308151,-0.037820,-0.048054,-0.723228,-0.142553,0.348386,0.335019,0.295669,-0.407615,0.407479,-0.069632,-0.067871,-0.292527,-0.290846,-0.099921,0.175549,-0.008868,0.289046,0.380147,-0.302457,-0.070672,0.209948,-0.047718,-0.247181,-0.101055,0.364596,0.206335,0.283965,0.001788,0.026693,-0.010148,0.032877,0.507089,0.321539,0.375467,-0.005358,-0.208877,-0.069026,0.244966,-0.006292,0.181830,0.436350,-0.042498,0.513526,0.278650,0.443465,-0.092383,0.313074,-0.159067,0.032290,-0.046344,0.021999,0.027657,-0.048854,-0.026460,-0.011217,0.045334,0.007137,0.111178,-0.210949,-0.294546,-0.061351,0.275147,-0.383866,0.397375,-0.180841,0.132764,0.173459,-0.114043,0.127489,0.001012,0.062794,0.175675,0.210013,-0.415871,0.136909,0.008955,0.173872,0.044369,-0.350527,0.274105,0.001656,-0.040453,0.123512,-0.546315,-0.065352,0.322780,-0.001377,0.037158,0.081666,-0.011176
481,20.040000,-0.031932,0.003864,-0.039775,0.070163,-0.658823,0.051362,-0.354084,-0.313822,0.249355,-0.337492,0.003968,-0.003971,0.175252,-0.470946,0.002855,0.000054,-0.140576,-0.333780,0.245133,0.042653,0.206651,-0.000102,-0.303414,-0.011744,-0.281768,-0.191448,0.168838,-0.349837,0.085581,-0.196434,0.048770,-0.117647,-0.203247,-0.046310,0.247707,0.051358,-0.004391,0.305450,-0.037761,-0.047860,-0.723536,-0.142607,0.352722,0.335496,0.297627,-0.407109,0.405509,-0.068931,-0.067984,-0.293302,-0.286083,-0.100676,0.177829,-0.008907,0.292629,0.383687,-0.301664,-0.070226,0.209706,-0.047688,-0.245705,-0.101447,0.364416,0.203598,0.285379,0.001878,0.024975,-0.010230,0.033123,0.507070,0.321633,0.375596,-0.005193,-0.208113,-0.070871,0.244040,-0.006332,0.183192,0.435619,-0.042820,0.512575,0.278964,0.441967,-0.092925,0.312406,-0.158057,0.031258,-0.050376,0.022083,0.028094,-0.048545,-0.026489,-0.015257,0.044211,0.007029,0.111291,-0.211592,-0.293037,-0.061384,0.274250,-0.386411,0.395553,-0.180659,0.133218,0.175278,-0.114046,0.128031,0.001022,0.064556,0.175598,0.209036,-0.415261,0.136840,0.009098,0.176522,0.043977,-0.351115,0.273806,0.002212,-0.041754,0.126012,-0.547545,-0.066797,0.324516,-0.001124,0.033597,0.082177,-0.011334
482,20.060000,-0.031596,0.003507,-0.040390,0.066646,-0.659136,0.051065,-0.355656,-0.310847,0.249796,-0.337735,0.003563,-0.004016,0.179007,-0.471652,0.003405,0.000040,-0.141041,-0.329001,0.242616,0.042967,0.205488,-0.000101,-0.303150,-0.011723,-0.279526,-0.195191,0.169527,-0.348941,0.086711,-0.196561,0.048879,-0.117662,-0.201812,-0.046271,0.248645,0.050359,-0.004098,0.307156,-0.037750,-0.048451,-0.723049,-0.142741,0.348724,0.335775,0.296943,-0.411747,0.405954,-0.069830,-0.067376,-0.294051,-0.288851,-0.101232,0.178090,-0.008887,0.291010,0.382020,-0.303900,-0.070171,0.210022,-0.047446,-0.247192,-0.102093,0.363615,0.203559,0.286317,0.001898,0.026656,-0.010110,0.033315,0.506788,0.321767,0.376560,-0.005018,-0.208154,-0.068697,0.243536,-0.006553,0.182105,0.433820,-0.042793,0.514907,0.279339,0.442660,-0.091597,0.313603,-0.158587,0.032505,-0.050671,0.022187,0.027974,-0.048553,-0.026411,-0.010850,0.047195,0.007601,0.112229,-0.210783,-0.293977,-0.061871,0.273891,-0.382542,0.395833,-0.179392,0.132116,0.176108,-0.116323,0.127902,0.001040,0.064967,0.174561,0.208371,-0.418939,0.136767,0.009178,0.174284,0.043165,-0.349692,0.274012,0.002948,-0.041608,0.125776,-0.547540,-0.064847,0.325537,-0.001584,0.035854,0.082138,-0.011158
483,20.080000,-0.031327,0.004864,-0.033167,0.070773,-0.659080,0.051387,-0.363059,-0.314746,0.245441,-0.338520,0.003697,-0.004039,0.175394,-0.472092,0.002423,0.000123,-0.139566,-0.336041,0.246975,0.041940,0.206231,-0.000096,-0.303406,-0.011626,-0.277466,-0.190889,0.169616,-0.351306,0.086665,-0.195169,0.045579,-0.118621,-0.201896,-0.046116,0.242293,0.050460,-0.004360,0.298970,-0.038528,-0.047771,-0.723400,-0.142009,0.348297,0.337353,0.296905,-0.417326,0.405975,-0.069723,-0.066399,-0.296333,-0.290502,-0.100397,0.179917,-0.008864,0.288912,0.381910,-0.300770,-0.070757,0.211084,-0.047198,-0.243417,-0.102361,0.361645,0.206286,0.287149,0.001883,0.027872,-0.010247,0.033306,0.506463,0.316430,0.374429,-0.004812,-0.212956,-0.073550,0.244213,-0.006292,0.183819,0.432535,-0.043119,0.518780,0.275783,0.442498,-0.093045,0.317425,-0.157000,0.031049,-0.045192,0.022373,0.028694,-0.048627,-0.026858,-0.013529,0.040201,0.007759,0.115054,-0.211541,-0.296784,-0.061753,0.277878,-0.379025,0.394221,-0.179567,0.132668,0.172790,-0.112632,0.130431,0.000985,0.064470,0.175713,0.209632,-0.414476,0.136705,0.008339,0.174362,0.041703,-0.351728,0.272230,0.003110,-0.041649,0.122257,-0.548049,-0.063004,0.325063,-0.001782,0.034857,0.084229,-0.011506
484,20.100000,-0.031452,0.003205,-0.037775,0.066717,-0.661743,0.050847,-0.363765,-0.306446,0.249740,-0.339232,0.003566,-0.003967,0.182213,-0.472912,0.001347,0.000014,-0.140741,-0.326899,0.242016,0.042838,0.203442,-0.000100,-0.299967,-0.011591,-0.272185,-0.199032,0.167258,-0.352950,0.087636,-0.196026,0.047189,-0.119146,-0.200465,-0.046910,0.245505,0.050221,-0.003969,0.308492,-0.038338,-0.049486,-0.723124,-0.142256,0.341597,0.337919,0.299884,-0.416576,0.408885,-0.070259,-0.066008,-0.297310,-0.291829,-0.100578,0.177712,-0.008959,0.283283,0.381011,-0.305982,-0.070923,0.211051,-0.047274,-0.246248,-0.103200,0.361777,0.210322,0.293569,0.001947,0.026455,-0.010261,0.033404,0.506112,0.324657,0.375974,-0.004653,-0.211222,-0.067864,0.244386,-0.006610,0.182565,0.436501,-0.043088,0.517650,0.277679,0.440853,-0.091508,0.316990,-0.157690,0.032846,-0.045487,0.022032,0.026840,-0.047830,-0.027319,-0.004193,0.048147,0.008007,0.113561,-0.207480,-0.296999,-0.062055,0.276907,-0.376190,0.397235,-0.180268,0.133437,0.172376,-0.114689,0.130420,0.001024,0.064903,0.175187,0.209255,-0.417197,0.135987,0.009541,0.171365,0.041394,-0.353239,0.271210,0.003440,-0.040782,0.123533,-0.550376,-0.059596,0.322204,-0.002178,0.039419,0.082257,-0.011156
485,20.120000,-0.031556,0.004090,-0.037096,0.069245,-0.660845,0.050683,-0.361820,-0.313209,0.245824,-0.338022,0.003834,-0.004115,0.177517,-0.475321,0.002160,0.000084,-0.138456,-0.333608,0.243199,0.042783,0.201079,-0.000103,-0.298496,-0.011883,-0.274720,-0.192640,0.168047,-0.353487,0.085537,-0.195272,0.047751,-0.117241,-0.201154,-0.046840,0.248280,0.050734,-0.003973,0.304424,-0.038742,-0.048643,-0.723543,-0.142039,0.350256,0.339306,0.297290,-0.409388,0.406378,-0.068889,-0.066139,-0.298235,-0.286442,-0.100634,0.179096,-0.008914,0.286373,0.383782,-0.303561,-0.069951,0.210630,-0.046749,-0.243345,-0.103177,0.364093,0.211817,0.291961,0.001993,0.027996,-0.010105,0.032876,0.506020,0.321523,0.374193,-0.004455,-0.212032,-0.073086,0.242526,-0.006083,0.183659,0.437714,-0.043215,0.515982,0.276629,0.439826,-0.093141,0.316502,-0.157954,0.031381,-0.042026,0.021995,0.027372,-0.048465,-0.026890,-0.010940,0.043078,0.007706,0.113636,-0.207764,-0.297955,-0.061839,0.278328,-0.377738,0.393624,-0.179940,0.132049,0.171156,-0.113108,0.131066,0.000958,0.063583,0.174887,0.208874,-0.415279,0.135988,0.009283,0.173246,0.043189,-0.351168,0.272094,0.003125,-0.040859,0.122539,-0.548545,-0.059395,0.319276,-0.001488,0.035988,0.083184,-0.011346
486,20.140000,-0.031625,0.002980,-0.040253,0.066467,-0.663576,0.050808,-0.360720,-0.306155,0.247803,-0.337978,0.003477,-0.003955,0.180266,-0.475486,-0.000396,0.000014,-0.138161,-0.325924,0.240729,0.043343,0.203692,-0.000100,-0.302503,-0.012202,-0.272109,-0.199662,0.167080,-0.355352,0.086001,-0.200075,0.050541,-0.118511,-0.202567,-0.047466,0.245775,0.051052,-0.003914,0.310986,-0.038295,-0.049514,-0.723392,-0.141211,0.343020,0.339715,0.295575,-0.413795,0.409061,-0.069863,-0.066044,-0.297849,-0.292653,-0.099169,0.176533,-0.008968,0.280236,0.377584,-0.304369,-0.070666,0.212398,-0.047161,-0.247660,-0.104178,0.363968,0.213778,0.292614,0.002036,0.025726,-0.010199,0.033176,0.505486,0.325826,0.375245,-0.004281,-0.210248,-0.069295,0.245637,-0.006259,0.182995,0.440013,-0.043502,0.515594,0.278400,0.440033,-0.092583,0.314880,-0.158335,0.033395,-0.047632,0.021860,0.026107,-0.048144,-0.027173,-0.002232,0.050062,0.007809,0.112847,-0.207412,-0.300534,-0.062328,0.277281,-0.374345,0.395425,-0.179654,0.131285,0.174193,-0.113340,0.130635,0.000967,0.063163,0.174573,0.208129,-0.417916,0.135419,0.009687,0.169482,0.042999,-0.354338,0.271021,0.003008,-0.039711,0.120602,-0.548667,-0.056540,0.317648,-0.001588,0.038671,0.081861,-0.010570
487,20.160000,-0.031566,0.003900,-0.039489,0.069144,-0.662378,0.050727,-0.357684,-0.310827,0.244820,-0.337029,0.004007,-0.004088,0.175882,-0.477816,0.001735,0.000099,-0.136743,-0.332298,0.242828,0.042881,0.204179,-0.000103,-0.298695,-0.012019,-0.275542,-0.192211,0.167723,-0.354818,0.084390,-0.196837,0.050143,-0.116373,-0.201897,-0.047366,0.247265,0.051862,-0.003812,0.309163,-0.038826,-0.048514,-0.723748,-0.141166,0.350969,0.340727,0.295761,-0.406610,0.406646,-0.068494,-0.066561,-0.296892,-0.285625,-0.099597,0.177424,-0.008928,0.284840,0.381843,-0.302055,-0.070432,0.212084,-0.047137,-0.243847,-0.104139,0.366219,0.212345,0.290504,0.002101,0.025710,-0.010121,0.032602,0.505701,0.324495,0.375627,-0.004075,-0.209295,-0.073715,0.243358,-0.005785,0.184471,0.440805,-0.043304,0.513349,0.276740,0.438672,-0.093359,0.314850,-0.157935,0.032219,-0.044773,0.021638,0.026578,-0.048673,-0.026723,-0.011499,0.042903,0.007346,0.112986,-0.208114,-0.299686,-0.061979,0.278032,-0.379135,0.392407,-0.180062,0.130105,0.173353,-0.111024,0.131241,0.000942,0.062703,0.173801,0.209182,-0.415246,0.135234,0.009338,0.172845,0.044292,-0.351919,0.272749,0.002473,-0.040314,0.121039,-0.547948,-0.059063,0.316772,-0.000991,0.034705,0.082431,-0.010579
488,20.180000,-0.031232,0.002966,-0.042776,0.066543,-0.664636,0.050522,-0.357379,-0.305910,0.248528,-0.338194,0.003452,-0.003948,0.179388,-0.477881,0.000996,0.000022,-0.138483,-0.325573,0.240278,0.043615,0.206883,-0.000100,-0.301131,-0.012557,-0.273265,-0.199082,0.167105,-0.355775,0.085909,-0.200721,0.053023,-0.117460,-0.202299,-0.047617,0.247442,0.051758,-0.003625,0.313373,-0.038227,-0.049615,-0.723194,-0.140218,0.344681,0.340680,0.294677,-0.411543,0.407625,-0.069512,-0.066234,-0.295574,-0.291304,-0.099075,0.175552,-0.008937,0.281169,0.378993,-0.304565,-0.070797,0.212281,-0.047157,-0.247600,-0.105050,0.365923,0.213227,0.291018,0.002141,0.025157,-0.010151,0.033036,0.505430,0.327334,0.376186,-0.003910,-0.207527,-0.069624,0.244158,-0.006076,0.183034,0.441996,-0.043548,0.512356,0.278443,0.438765,-0.091725,0.314816,-0.159516,0.033843,-0.047866,0.021689,0.026110,-0.048501,-0.027044,-0.001382,0.047160,0.007525,0.112088,-0.207308,-0.300279,-0.062574,0.276043,-0.377029,0.392287,-0.179384,0.131254,0.175174,-0.109879,0.130450,0.000968,0.062693,0.173821,0.208935,-0.418718,0.134799,0.009537,0.169634,0.044431,-0.354112,0.272272,0.002417,-0.039560,0.123025,-0.546858,-0.060922,0.317475,-0.001413,0.038533,0.081658,-0.010206
489,20.200000,-0.031062,0.003935,-0.041876,0.068199,-0.663595,0.050452,-0.354296,-0.310091,0.245621,-0.336225,0.003963,-0.004057,0.175608,-0.479647,0.002541,0.000136,-0.136093,-0.328521,0.242115,0.043137,0.206389,-0.000105,-0.299593,-0.012068,-0.276472,-0.192240,0.166887,-0.355264,0.084595,-0.196810,0.051582,-0.116177,-0.203463,-0.047203,0.246319,0.052181,-0.003840,0.308759,-0.038922,-0.048489,-0.723584,-0.140431,0.352099,0.341794,0.292459,-0.407350,0.404765,-0.068777,-0.067056,-0.294799,-0.286743,-0.099906,0.177309,-0.008935,0.286480,0.383114,-0.301713,-0.070477,0.212682,-0.047161,-0.243853,-0.104981,0.367089,0.211827,0.289186,0.002175,0.020977,-0.010158,0.032540,0.505730,0.326175,0.375754,-0.003708,-0.207905,-0.074348,0.243822,-0.005682,0.186058,0.440839,-0.043285,0.508910,0.277898,0.438130,-0.092865,0.312857,-0.159019,0.035116,-0.046408,0.021654,0.026889,-0.048641,-0.026756,-0.010016,0.041709,0.007399,0.112007,-0.208884,-0.298187,-0.062423,0.277264,-0.382530,0.391828,-0.179366,0.130902,0.174854,-0.108729,0.130784,0.000951,0.063670,0.173459,0.208879,-0.415753,0.134459,0.009292,0.173586,0.044889,-0.353882,0.273016,0.001982,-0.040028,0.123532,-0.546302,-0.062482,0.316705,-0.000783,0.035957,0.082436,-0.010285
490,20.220000,-0.030661,0.003658,-0.037020,0.067763,-0.665837,0.050506,-0.365804,-0.305726,0.248194,-0.337963,0.003327,-0.003897,0.179830,-0.479292,-0.000125,0.000154,-0.139079,-0.328474,0.243800,0.042761,0.208445,-0.000095,-0.303205,-0.012166,-0.270755,-0.198265,0.167938,-0.358151,0.086434,-0.198646,0.051739,-0.117917,-0.201731,-0.047545,0.241586,0.051925,-0.003970,0.307407,-0.038579,-0.049426,-0.723303,-0.139015,0.341376,0.342289,0.292638,-0.419023,0.405991,-0.069760,-0.065647,-0.295774,-0.295248,-0.098507,0.175617,-0.008879,0.278985,0.377379,-0.302677,-0.070996,0.214267,-0.046818,-0.247003,-0.105994,0.366273,0.217186,0.288754,0.002122,0.026981,-0.010224,0.033007,0.505242,0.322492,0.375254,-0.003562,-0.210436,-0.071563,0.243569,-0.005861,0.183898,0.440083,-0.043545,0.518147,0.276239,0.438368,-0.091846,0.317729,-0.159721,0.033161,-0.044431,0.021953,0.026625,-0.048544,-0.027746,-0.001391,0.042521,0.007861,0.114691,-0.208590,-0.301800,-0.062923,0.279824,-0.373817,0.390834,-0.180647,0.131707,0.173244,-0.107189,0.132513,0.000962,0.061962,0.174972,0.208969,-0.415850,0.134056,0.008578,0.168066,0.042962,-0.355455,0.270005,0.002128,-0.038836,0.120345,-0.545939,-0.060095,0.316833,-0.001793,0.040150,0.083071,-0.010280
491,20.240000,-0.030733,0.004003,-0.039314,0.069177,-0.665687,0.049984,-0.358452,-0.307696,0.246394,-0.334693,0.003797,-0.004031,0.177380,-0.481329,0.004312,0.000158,-0.135769,-0.328807,0.242341,0.042999,0.204229,-0.000107,-0.296152,-0.011598,-0.274057,-0.193398,0.167033,-0.358167,0.085437,-0.194526,0.050443,-0.117149,-0.203415,-0.047166,0.244604,0.051932,-0.004190,0.306204,-0.039683,-0.048941,-0.723620,-0.140398,0.349314,0.343852,0.289805,-0.409769,0.405305,-0.069261,-0.066091,-0.297133,-0.287716,-0.099517,0.176759,-0.008942,0.286640,0.383168,-0.300993,-0.070140,0.212977,-0.046837,-0.242969,-0.105753,0.366997,0.216230,0.291656,0.002198,0.019617,-0.010366,0.032188,0.505633,0.328272,0.374232,-0.003360,-0.209190,-0.074493,0.244762,-0.005511,0.187073,0.441332,-0.042620,0.510242,0.277863,0.437477,-0.092215,0.313018,-0.159198,0.034777,-0.042736,0.021864,0.026623,-0.047698,-0.027558,-0.010766,0.039510,0.007697,0.111663,-0.206705,-0.299021,-0.062565,0.280103,-0.382886,0.394156,-0.179192,0.132825,0.172555,-0.108453,0.133275,0.000956,0.063476,0.175975,0.207804,-0.413183,0.133163,0.009489,0.171716,0.043792,-0.358139,0.270157,0.001225,-0.039535,0.122721,-0.547412,-0.058417,0.314362,-0.001107,0.037861,0.082901,-0.010330
492,20.260000,-0.030768,0.003969,-0.037738,0.068327,-0.666102,0.049844,-0.359750,-0.311497,0.249280,-0.336508,0.003318,-0.004065,0.177226,-0.482974,0.004541,0.000113,-0.140203,-0.334965,0.242683,0.043192,0.204034,-0.000103,-0.296502,-0.011605,-0.279534,-0.193633,0.172372,-0.358146,0.083708,-0.193055,0.052445,-0.115968,-0.200670,-0.046905,0.247868,0.051950,-0.004638,0.304409,-0.039785,-0.048824,-0.723449,-0.139769,0.351597,0.344023,0.287861,-0.408365,0.402969,-0.068745,-0.065721,-0.294940,-0.285721,-0.099961,0.177215,-0.008780,0.287679,0.382160,-0.300388,-0.069792,0.211192,-0.046074,-0.246582,-0.106355,0.368370,0.213995,0.285194,0.002173,0.027549,-0.010235,0.032351,0.505751,0.322402,0.374031,-0.003255,-0.208809,-0.073218,0.242788,-0.005419,0.185417,0.440425,-0.041912,0.515209,0.277674,0.439839,-0.090655,0.313020,-0.160564,0.031178,-0.042381,0.022181,0.027713,-0.048457,-0.027919,-0.015423,0.038660,0.007709,0.111802,-0.210903,-0.296710,-0.062920,0.278405,-0.382825,0.392212,-0.180646,0.130330,0.172261,-0.110360,0.132043,0.000916,0.061291,0.177252,0.206955,-0.414890,0.133074,0.009056,0.169509,0.046339,-0.351006,0.272994,0.001108,-0.040100,0.119765,-0.545663,-0.059524,0.315366,-0.001491,0.035385,0.082826,-0.010541
493,20.280000,-0.030686,0.003955,-0.039461,0.068529,-0.665146,0.049467,-0.352718,-0.309728,0.246674,-0.335921,0.003631,-0.004062,0.174896,-0.483710,0.004246,0.000109,-0.135541,-0.333831,0.241603,0.043630,0.203148,-0.000102,-0.299627,-0.011429,-0.281731,-0.190278,0.171446,-0.358997,0.085131,-0.193714,0.050934,-0.117772,-0.203640,-0.046272,0.243024,0.051575,-0.005331,0.304140,-0.040114,-0.047773,-0.723387,-0.139748,0.350107,0.345148,0.284446,-0.408004,0.404925,-0.069069,-0.065715,-0.292800,-0.290655,-0.100615,0.178677,-0.008803,0.291290,0.382029,-0.299211,-0.070595,0.212173,-0.046303,-0.244115,-0.106948,0.365434,0.208362,0.284985,0.002192,0.019170,-0.010294,0.032304,0.506118,0.324586,0.373760,-0.003030,-0.208523,-0.073443,0.247330,-0.005560,0.186900,0.437488,-0.042407,0.508460,0.278822,0.441450,-0.092108,0.310580,-0.158509,0.036616,-0.045284,0.022136,0.027771,-0.047963,-0.027524,-0.019396,0.040492,0.007617,0.110974,-0.212707,-0.297323,-0.063021,0.276400,-0.388196,0.397571,-0.177817,0.131733,0.174162,-0.110968,0.131276,0.000933,0.063233,0.177543,0.206779,-0.414042,0.132138,0.009364,0.171221,0.045854,-0.355012,0.271712,0.000780,-0.040095,0.120139,-0.545286,-0.058680,0.318023,-0.001226,0.033766,0.082139,-0.010387
494,20.300000,-0.030431,0.003970,-0.037833,0.067509,-0.664589,0.049485,-0.352090,-0.310921,0.248559,-0.339836,0.003545,-0.004091,0.176049,-0.484633,0.005146,0.000060,-0.141338,-0.337023,0.242453,0.043022,0.203920,-0.000099,-0.298425,-0.011232,-0.283849,-0.188771,0.172542,-0.358532,0.084805,-0.191721,0.050229,-0.115858,-0.201548,-0.046411,0.247389,0.051462,-0.005411,0.305406,-0.039709,-0.047670,-0.723442,-0.139138,0.351975,0.344365,0.290441,-0.408728,0.404098,-0.068699,-0.066231,-0.291362,-0.287334,-0.101112,0.179065,-0.008712,0.290854,0.382556,-0.301931,-0.070602,0.211534,-0.046474,-0.246882,-0.107395,0.366547,0.205173,0.283745,0.002196,0.025406,-0.010215,0.032388,0.506667,0.320986,0.373932,-0.002917,-0.207858,-0.072249,0.245021,-0.005708,0.186206,0.437098,-0.041945,0.513880,0.278033,0.440537,-0.091095,0.313783,-0.159201,0.032862,-0.044605,0.022218,0.028305,-0.048971,-0.027780,-0.022960,0.039284,0.007305,0.112282,-0.214918,-0.293941,-0.063221,0.274119,-0.388232,0.396520,-0.181482,0.130588,0.173690,-0.112268,0.130147,0.000954,0.062858,0.178141,0.207738,-0.415903,0.132005,0.009070,0.172134,0.046399,-0.348919,0.273816,0.001134,-0.041465,0.121324,-0.545171,-0.061592,0.321532,-0.001712,0.032143,0.081417,-0.010749
495,20.320000,-0.029962,0.003931,-0.040683,0.067088,-0.664164,0.049132,-0.348465,-0.309818,0.246040,-0.339555,0.003619,-0.004139,0.175469,-0.484548,0.004393,0.000031,-0.137267,-0.330943,0.240193,0.043571,0.201301,-0.000098,-0.300689,-0.011510,-0.280889,-0.188576,0.170401,-0.358839,0.087862,-0.194627,0.048380,-0.117485,-0.205478,-0.045802,0.245107,0.050338,-0.005600,0.302802,-0.039497,-0.047716,-0.723039,-0.139202,0.350105,0.344955,0.287016,-0.413967,0.404914,-0.069283,-0.065703,-0.291642,-0.295607,-0.101407,0.180762,-0.008806,0.292992,0.383574,-0.302399,-0.070167,0.211696,-0.046272,-0.244305,-0.108087,0.363123,0.204801,0.288633,0.002202,0.018546,-0.010181,0.032651,0.506818,0.322524,0.372836,-0.002732,-0.209413,-0.072926,0.247793,-0.006009,0.186039,0.434404,-0.042650,0.508304,0.276410,0.440190,-0.091050,0.313570,-0.158996,0.036995,-0.046508,0.022451,0.028897,-0.048110,-0.027380,-0.021446,0.040609,0.007556,0.111997,-0.213408,-0.295075,-0.063883,0.272390,-0.388072,0.399779,-0.177643,0.133885,0.174375,-0.110898,0.130691,0.000982,0.064833,0.178662,0.206965,-0.419545,0.131551,0.009494,0.173061,0.045467,-0.354484,0.271810,0.001422,-0.041501,0.124448,-0.545576,-0.059779,0.325326,-0.001778,0.034887,0.081741,-0.011088
496,20.340000,-0.030053,0.003997,-0.040107,0.066239,-0.663516,0.049152,-0.348990,-0.310961,0.248614,-0.342176,0.003665,-0.004066,0.176633,-0.485973,0.006396,0.000019,-0.142428,-0.333911,0.241707,0.042880,0.202928,-0.000100,-0.297707,-0.011318,-0.281452,-0.187138,0.171692,-0.358272,0.086175,-0.192124,0.047583,-0.114903,-0.203461,-0.046152,0.249166,0.050528,-0.005356,0.304861,-0.039333,-0.047975,-0.723250,-0.138622,0.353604,0.344915,0.292734,-0.410885,0.403390,-0.068700,-0.066382,-0.290517,-0.287150,-0.101892,0.180354,-0.008749,0.293838,0.384147,-0.304187,-0.070276,0.211168,-0.046664,-0.246505,-0.108394,0.365249,0.203881,0.286273,0.002237,0.024494,-0.010160,0.032786,0.507237,0.320840,0.373208,-0.002643,-0.208371,-0.072767,0.245151,-0.006000,0.185893,0.435026,-0.042147,0.513061,0.276348,0.438227,-0.090709,0.314125,-0.159743,0.032479,-0.046125,0.022724,0.029071,-0.049112,-0.027909,-0.024562,0.038879,0.007378,0.112688,-0.214752,-0.290676,-0.063732,0.271257,-0.388577,0.397592,-0.181144,0.131959,0.174705,-0.111578,0.129829,0.000989,0.064248,0.178751,0.207859,-0.418779,0.131787,0.009377,0.174115,0.045524,-0.349125,0.273498,0.001855,-0.042412,0.123688,-0.545932,-0.061802,0.326569,-0.001831,0.033686,0.081313,-0.011276
497,20.360000,-0.029856,0.004285,-0.035048,0.070695,-0.663195,0.049268,-0.361205,-0.309671,0.245257,-0.344371,0.003573,-0.003991,0.177311,-0.485991,0.001428,0.000043,-0.140372,-0.336227,0.244586,0.042483,0.204845,-0.000087,-0.302398,-0.012050,-0.273244,-0.186900,0.170894,-0.361268,0.087972,-0.195865,0.046110,-0.117536,-0.200713,-0.046251,0.242176,0.049982,-0.005074,0.300182,-0.038890,-0.048024,-0.722727,-0.137095,0.346070,0.346157,0.293624,-0.421549,0.404380,-0.068594,-0.064674,-0.292567,-0.295375,-0.100556,0.180276,-0.008753,0.289517,0.382845,-0.304517,-0.070721,0.211873,-0.046130,-0.244338,-0.109266,0.361429,0.208068,0.287472,0.002196,0.030032,-0.010028,0.033333,0.506831,0.315597,0.373665,-0.002483,-0.212116,-0.072982,0.243540,-0.006198,0.182575,0.432321,-0.043862,0.517575,0.272727,0.438938,-0.091704,0.318426,-0.159090,0.032391,-0.040849,0.023194,0.029030,-0.048884,-0.028034,-0.015206,0.036923,0.007482,0.115213,-0.213393,-0.294751,-0.064343,0.275678,-0.380068,0.394780,-0.180199,0.133628,0.173140,-0.106881,0.131494,0.001008,0.062920,0.179126,0.208250,-0.416845,0.132103,0.008600,0.170121,0.042547,-0.352047,0.269695,0.002290,-0.040664,0.120826,-0.545493,-0.062007,0.327533,-0.002445,0.037015,0.083160,-0.011779
498,20.380000,-0.030213,0.003834,-0.037758,0.071016,-0.663171,0.048948,-0.358516,-0.308615,0.246658,-0.345201,0.003986,-0.003948,0.179850,-0.487850,0.005370,0.000019,-0.142007,-0.333792,0.242871,0.042323,0.203774,-0.000098,-0.295728,-0.011554,-0.275356,-0.188185,0.169312,-0.360749,0.085211,-0.192225,0.047102,-0.115855,-0.199152,-0.046660,0.248083,0.050420,-0.004635,0.303464,-0.039223,-0.048497,-0.723182,-0.138123,0.351083,0.346844,0.296521,-0.412217,0.404386,-0.068528,-0.066287,-0.293289,-0.284354,-0.100499,0.178633,-0.008796,0.292242,0.384160,-0.306630,-0.071070,0.211254,-0.046881,-0.247489,-0.108995,0.361840,0.207706,0.287990,0.002301,0.030237,-0.010135,0.032673,0.506979,0.321132,0.374007,-0.002352,-0.209136,-0.072710,0.244196,-0.006166,0.183325,0.435974,-0.042681,0.515488,0.276976,0.436732,-0.091794,0.315165,-0.158996,0.032822,-0.039275,0.023229,0.027698,-0.048549,-0.028351,-0.018987,0.039245,0.007399,0.111748,-0.212933,-0.289960,-0.064053,0.275095,-0.386590,0.396442,-0.183343,0.132052,0.173941,-0.112577,0.130322,0.001015,0.064007,0.176952,0.207157,-0.413084,0.132540,0.009670,0.171804,0.043219,-0.351454,0.271463,0.002485,-0.040927,0.121363,-0.547653,-0.061573,0.323443,-0.001670,0.036703,0.081613,-0.011779
499,20.400000,-0.029977,0.003042,-0.039268,0.068715,-0.665346,0.048872,-0.363354,-0.307471,0.247368,-0.344385,0.003528,-0.003976,0.182397,-0.487905,-0.002958,0.000010,-0.139391,-0.329389,0.238859,0.043378,0.203071,-0.000092,-0.300868,-0.012091,-0.270718,-0.191941,0.166790,-0.363383,0.088103,-0.197206,0.049860,-0.117896,-0.198488,-0.046771,0.244294,0.050142,-0.004565,0.305180,-0.038981,-0.048695,-0.723016,-0.137010,0.344786,0.347366,0.292985,-0.419859,0.406965,-0.068370,-0.065315,-0.295688,-0.295118,-0.099537,0.179500,-0.008785,0.285296,0.382772,-0.310283,-0.070967,0.214032,-0.046303,-0.246639,-0.110067,0.360222,0.211772,0.291974,0.002293,0.027012,-0.009876,0.033147,0.506580,0.320259,0.372427,-0.002185,-0.210169,-0.069578,0.242763,-0.006303,0.182974,0.436698,-0.044379,0.513867,0.274492,0.437045,-0.092201,0.314712,-0.159295,0.035264,-0.039717,0.023235,0.026998,-0.048508,-0.028350,-0.007813,0.047093,0.007639,0.113101,-0.210363,-0.297534,-0.064898,0.275788,-0.377452,0.397618,-0.181129,0.134940,0.173563,-0.109267,0.131311,0.001002,0.062776,0.177029,0.207775,-0.416376,0.132399,0.009795,0.168505,0.042361,-0.353751,0.269710,0.002836,-0.039111,0.122397,-0.545183,-0.059744,0.321833,-0.002055,0.039946,0.081635,-0.011808
500,20.420000,-0.030298,0.003526,-0.040627,0.070329,-0.665211,0.048914,-0.357505,-0.308025,0.246108,-0.342594,0.004043,-0.003963,0.178902,-0.490295,0.003260,0.000048,-0.139851,-0.332582,0.239734,0.042402,0.202859,-0.000101,-0.298782,-0.012052,-0.272246,-0.189748,0.169231,-0.362433,0.085404,-0.194942,0.049989,-0.114590,-0.201468,-0.046963,0.249133,0.050609,-0.004398,0.307024,-0.039000,-0.048393,-0.723770,-0.137496,0.349874,0.348112,0.296507,-0.408581,0.403193,-0.067608,-0.066259,-0.294696,-0.284080,-0.099835,0.177765,-0.008812,0.290359,0.382797,-0.305482,-0.070721,0.213799,-0.047070,-0.248774,-0.110047,0.364791,0.210155,0.287392,0.002399,0.028901,-0.010102,0.032590,0.506622,0.322794,0.374977,-0.002027,-0.206948,-0.073511,0.244796,-0.005755,0.184784,0.439154,-0.043235,0.514142,0.278878,0.434003,-0.093712,0.313491,-0.158517,0.033813,-0.044395,0.023258,0.026307,-0.048814,-0.027995,-0.015459,0.042807,0.007126,0.111571,-0.211320,-0.293287,-0.064012,0.274521,-0.384791,0.395330,-0.183286,0.131257,0.175546,-0.113831,0.130991,0.000983,0.062958,0.175020,0.207108,-0.411955,0.132130,0.009831,0.172783,0.042837,-0.354408,0.272530,0.002401,-0.039938,0.120985,-0.546497,-0.060715,0.318232,-0.001233,0.034624,0.080690,-0.011080
501,20.440000,-0.029893,0.002811,-0.041240,0.067436,-0.667343,0.048995,-0.361212,-0.305499,0.246502,-0.342060,0.003376,-0.003970,0.180157,-0.489993,-0.002073,0.000021,-0.138390,-0.326481,0.235770,0.043468,0.205491,-0.000092,-0.301716,-0.012496,-0.269825,-0.194714,0.167237,-0.363649,0.087783,-0.199031,0.051613,-0.117806,-0.201000,-0.046870,0.246579,0.050224,-0.004138,0.308886,-0.038667,-0.048798,-0.723199,-0.136797,0.344828,0.348237,0.291694,-0.419612,0.406799,-0.068096,-0.065031,-0.295591,-0.295028,-0.098821,0.177747,-0.008831,0.284301,0.380625,-0.308316,-0.070502,0.214408,-0.046415,-0.247650,-0.111003,0.362413,0.212770,0.291573,0.002379,0.024816,-0.009870,0.032945,0.506291,0.324141,0.373787,-0.001841,-0.207471,-0.070293,0.243726,-0.006025,0.183181,0.439686,-0.044530,0.512498,0.278069,0.435708,-0.091946,0.313229,-0.159662,0.036497,-0.045518,0.023299,0.026032,-0.048313,-0.027754,-0.005763,0.048334,0.007499,0.112983,-0.208934,-0.300780,-0.065292,0.274260,-0.377473,0.395420,-0.180407,0.133074,0.176494,-0.111093,0.131907,0.000995,0.062726,0.175324,0.206720,-0.417293,0.131874,0.009819,0.168039,0.042682,-0.356378,0.270154,0.002636,-0.039247,0.122914,-0.545118,-0.059111,0.318833,-0.001903,0.038021,0.080939,-0.010774
502,20.460000,-0.030001,0.003404,-0.040665,0.067335,-0.666407,0.048902,-0.356296,-0.308266,0.247290,-0.341966,0.003957,-0.004045,0.177717,-0.492203,0.003669,0.000101,-0.139530,-0.330524,0.238485,0.042659,0.205212,-0.000104,-0.299092,-0.011819,-0.273650,-0.190413,0.168118,-0.361963,0.085483,-0.195175,0.049976,-0.114476,-0.201378,-0.046792,0.249159,0.050995,-0.004034,0.309451,-0.038843,-0.048514,-0.723704,-0.137306,0.351005,0.349287,0.295107,-0.410371,0.403446,-0.067908,-0.066311,-0.293484,-0.284306,-0.100055,0.177682,-0.008780,0.288836,0.382053,-0.306103,-0.070606,0.214272,-0.046994,-0.248093,-0.110867,0.367104,0.210785,0.287463,0.002450,0.026277,-0.010056,0.032411,0.506589,0.324169,0.376428,-0.001689,-0.205161,-0.073885,0.244175,-0.005561,0.184417,0.438850,-0.043241,0.512189,0.279647,0.433466,-0.092707,0.313267,-0.158637,0.035175,-0.046801,0.023192,0.026103,-0.048797,-0.027688,-0.017273,0.042604,0.007186,0.112504,-0.210798,-0.297011,-0.064382,0.274886,-0.384046,0.393988,-0.182721,0.129257,0.176678,-0.114374,0.130568,0.000966,0.062720,0.173799,0.206748,-0.413388,0.131538,0.009688,0.172332,0.043852,-0.353913,0.273115,0.002248,-0.040549,0.120567,-0.544620,-0.059325,0.316539,-0.001448,0.034316,0.080497,-0.010393
503,20.480000,-0.029694,0.003715,-0.039848,0.068291,-0.666779,0.048786,-0.357042,-0.312697,0.246051,-0.342267,0.003415,-0.004084,0.175206,-0.492833,0.002467,0.000072,-0.140062,-0.333338,0.238241,0.043085,0.206740,-0.000096,-0.298103,-0.012083,-0.277403,-0.188820,0.171256,-0.361699,0.085777,-0.195421,0.050051,-0.116003,-0.201484,-0.046086,0.249114,0.050657,-0.004373,0.304066,-0.039304,-0.048211,-0.723210,-0.137144,0.352899,0.349483,0.290441,-0.414978,0.401895,-0.067889,-0.065069,-0.292507,-0.287382,-0.099600,0.179248,-0.008721,0.290944,0.383423,-0.303285,-0.069899,0.211951,-0.046170,-0.246992,-0.111389,0.364155,0.208751,0.285835,0.002447,0.026917,-0.010026,0.032677,0.506632,0.320698,0.374873,-0.001516,-0.206063,-0.074125,0.243571,-0.005672,0.183915,0.437177,-0.043578,0.511804,0.278506,0.436367,-0.091285,0.314834,-0.159566,0.034053,-0.045910,0.023353,0.027670,-0.048577,-0.027514,-0.020049,0.040759,0.007322,0.113123,-0.213569,-0.296435,-0.065161,0.272747,-0.383541,0.392130,-0.180243,0.130941,0.176708,-0.112171,0.130567,0.000957,0.062526,0.174896,0.205869,-0.416871,0.131209,0.009268,0.170878,0.045525,-0.352394,0.273945,0.002301,-0.041377,0.121157,-0.545100,-0.061512,0.319628,-0.001725,0.032336,0.081898,-0.010747
504,20.500000,-0.029516,0.003776,-0.041023,0.067667,-0.665239,0.048464,-0.352977,-0.310968,0.246781,-0.344138,0.003748,-0.004134,0.176365,-0.493796,0.004817,0.000071,-0.140119,-0.333433,0.238930,0.042960,0.207335,-0.000099,-0.298094,-0.011699,-0.279715,-0.188176,0.170596,-0.361285,0.085571,-0.193149,0.048495,-0.115596,-0.200516,-0.045988,0.246394,0.050778,-0.004739,0.306213,-0.039481,-0.047621,-0.723151,-0.136833,0.350788,0.350590,0.291814,-0.411830,0.402736,-0.068677,-0.065987,-0.289505,-0.286716,-0.101178,0.179738,-0.008660,0.293208,0.382980,-0.304999,-0.071252,0.212206,-0.046632,-0.246550,-0.111780,0.362978,0.204769,0.284720,0.002457,0.025302,-0.010029,0.032534,0.506968,0.321868,0.376707,-0.001355,-0.206097,-0.073556,0.245700,-0.005835,0.184569,0.435005,-0.042891,0.510178,0.278422,0.436943,-0.091388,0.314201,-0.158320,0.036559,-0.045590,0.023236,0.027763,-0.048835,-0.027481,-0.022232,0.039854,0.007488,0.112538,-0.215202,-0.293071,-0.064859,0.272412,-0.388356,0.395956,-0.181154,0.130056,0.176222,-0.113798,0.129176,0.000957,0.063908,0.173690,0.207704,-0.414468,0.131185,0.009429,0.172594,0.044920,-0.351928,0.274606,0.002404,-0.041897,0.120422,-0.544862,-0.063493,0.320731,-0.001662,0.032386,0.081109,-0.010725
505,20.520000,-0.029394,0.003840,-0.039767,0.068535,-0.664692,0.048123,-0.352802,-0.313671,0.246817,-0.346053,0.003531,-0.004156,0.176388,-0.494244,0.002460,0.000042,-0.140609,-0.333509,0.238601,0.043087,0.205687,-0.000094,-0.297207,-0.011579,-0.280949,-0.186818,0.170146,-0.361719,0.086936,-0.193299,0.046803,-0.115953,-0.201271,-0.045624,0.248313,0.050468,-0.004771,0.303098,-0.039542,-0.047537,-0.723040,-0.136745,0.353931,0.350267,0.292302,-0.416046,0.402784,-0.068367,-0.065653,-0.289656,-0.287180,-0.101103,0.182075,-0.008671,0.295055,0.384089,-0.305659,-0.070261,0.211964,-0.046429,-0.246767,-0.112261,0.361239,0.202562,0.286323,0.002486,0.025245,-0.009954,0.032725,0.507315,0.320619,0.376013,-0.001205,-0.206171,-0.073117,0.244876,-0.006099,0.185033,0.433709,-0.043522,0.509869,0.278652,0.436616,-0.091636,0.315905,-0.158959,0.035012,-0.045459,0.023240,0.028342,-0.048776,-0.027434,-0.025645,0.041121,0.007320,0.113439,-0.216368,-0.292263,-0.065368,0.271569,-0.388692,0.395316,-0.181306,0.132110,0.176664,-0.113576,0.129770,0.000991,0.064195,0.175022,0.206425,-0.416689,0.130882,0.009432,0.173455,0.045050,-0.351313,0.273745,0.002712,-0.042614,0.123155,-0.544901,-0.063541,0.324181,-0.001927,0.031701,0.081367,-0.011271
506,20.540000,-0.028852,0.004584,-0.035528,0.070617,-0.664275,0.048356,-0.359062,-0.311947,0.243576,-0.347383,0.003478,-0.004197,0.176929,-0.493975,0.002963,0.000058,-0.139282,-0.335345,0.241356,0.042142,0.204992,-0.000091,-0.300155,-0.011817,-0.276320,-0.186768,0.170267,-0.363294,0.088144,-0.194102,0.045534,-0.116264,-0.201755,-0.045862,0.241169,0.049961,-0.005305,0.298293,-0.039759,-0.047479,-0.723078,-0.135886,0.346193,0.351259,0.291590,-0.423532,0.403162,-0.069413,-0.065126,-0.292054,-0.294257,-0.100586,0.182203,-0.008617,0.291046,0.381095,-0.303983,-0.071171,0.213787,-0.046390,-0.246662,-0.112814,0.359072,0.206193,0.287617,0.002438,0.027423,-0.009994,0.032815,0.506950,0.315912,0.373415,-0.001083,-0.210712,-0.074896,0.246608,-0.006110,0.185300,0.431569,-0.043306,0.515778,0.273372,0.436561,-0.091593,0.319726,-0.157880,0.034737,-0.042086,0.023533,0.029034,-0.048552,-0.027714,-0.021852,0.037044,0.007862,0.116032,-0.215822,-0.293717,-0.065390,0.273975,-0.383596,0.396747,-0.181143,0.132851,0.173094,-0.111151,0.132020,0.000960,0.064012,0.176087,0.208201,-0.414498,0.131110,0.008929,0.171899,0.042770,-0.354492,0.272446,0.002943,-0.042105,0.120606,-0.544788,-0.060890,0.324419,-0.002535,0.035260,0.082737,-0.011597
507,20.560000,-0.029283,0.004025,-0.037568,0.072506,-0.664839,0.047892,-0.357967,-0.312589,0.245968,-0.347690,0.003605,-0.004155,0.177204,-0.495623,0.002497,0.000003,-0.140890,-0.335127,0.239066,0.042600,0.203086,-0.000094,-0.292649,-0.011486,-0.276964,-0.187371,0.170058,-0.364461,0.087691,-0.191518,0.045488,-0.116016,-0.200463,-0.045881,0.247169,0.050178,-0.004892,0.301298,-0.040212,-0.048136,-0.723220,-0.136335,0.351345,0.351931,0.294389,-0.417625,0.403865,-0.068312,-0.065054,-0.291927,-0.285896,-0.101031,0.182556,-0.008694,0.293994,0.386122,-0.306098,-0.070711,0.211940,-0.046414,-0.246170,-0.113213,0.358402,0.205710,0.290906,0.002539,0.025677,-0.009997,0.032816,0.507250,0.321332,0.374585,-0.000951,-0.208327,-0.073995,0.244509,-0.006202,0.185498,0.434772,-0.043556,0.512930,0.275621,0.435079,-0.091665,0.317486,-0.157999,0.032610,-0.041824,0.023426,0.028414,-0.048075,-0.028223,-0.024183,0.039215,0.007466,0.113709,-0.214778,-0.290728,-0.065363,0.272248,-0.387278,0.396887,-0.182446,0.134331,0.173779,-0.111194,0.132178,0.000992,0.064819,0.177187,0.207036,-0.413486,0.131087,0.009845,0.172605,0.043344,-0.353750,0.272285,0.002916,-0.042656,0.122926,-0.547351,-0.061132,0.324516,-0.002377,0.034010,0.081768,-0.011833
508,20.580000,-0.028756,0.004350,-0.038941,0.069725,-0.665262,0.047415,-0.355307,-0.312072,0.244265,-0.345478,0.003309,-0.004363,0.178861,-0.495800,0.003115,0.000011,-0.136916,-0.332439,0.237132,0.043126,0.199585,-0.000096,-0.295587,-0.012075,-0.276534,-0.187656,0.170477,-0.365227,0.088346,-0.193004,0.048180,-0.115873,-0.202388,-0.046060,0.244284,0.049642,-0.005501,0.299415,-0.040743,-0.047777,-0.723137,-0.135930,0.348727,0.352766,0.286483,-0.419232,0.403058,-0.069013,-0.064833,-0.293742,-0.293472,-0.100995,0.183173,-0.008624,0.292891,0.383378,-0.304370,-0.070610,0.212641,-0.045951,-0.246363,-0.113608,0.358561,0.208511,0.290993,0.002499,0.023392,-0.009834,0.032540,0.506927,0.319674,0.371131,-0.000832,-0.210346,-0.074867,0.247533,-0.006030,0.187707,0.434718,-0.043108,0.511049,0.272808,0.436109,-0.091266,0.316201,-0.158786,0.036044,-0.040802,0.023596,0.028832,-0.047946,-0.027967,-0.020877,0.038908,0.008087,0.114152,-0.213796,-0.292756,-0.065653,0.272453,-0.385210,0.398655,-0.179392,0.135274,0.171553,-0.110762,0.132980,0.000937,0.064283,0.178277,0.206972,-0.416474,0.130889,0.010028,0.171189,0.043707,-0.356046,0.272859,0.002649,-0.041733,0.122028,-0.544461,-0.057900,0.322816,-0.002569,0.037167,0.082301,-0.011697
509,20.600000,-0.029326,0.004020,-0.039193,0.071590,-0.665914,0.047866,-0.354477,-0.312069,0.244848,-0.346084,0.003510,-0.004195,0.175702,-0.497398,0.001558,-0.000003,-0.138880,-0.335388,0.237656,0.042859,0.202478,-0.000093,-0.294978,-0.011789,-0.277449,-0.186410,0.171598,-0.366665,0.087393,-0.192867,0.047948,-0.115071,-0.203506,-0.046154,0.246274,0.050486,-0.005400,0.303355,-0.040520,-0.047893,-0.723582,-0.135085,0.352016,0.353385,0.290078,-0.414951,0.403778,-0.067665,-0.065114,-0.291294,-0.287360,-0.100905,0.182695,-0.008643,0.292955,0.383933,-0.304132,-0.070632,0.213444,-0.046346,-0.246783,-0.114371,0.360429,0.206760,0.287991,0.002577,0.022522,-0.009911,0.032750,0.507263,0.321816,0.373161,-0.000693,-0.207620,-0.074911,0.246876,-0.005908,0.187946,0.437368,-0.043802,0.511276,0.274956,0.434653,-0.092933,0.314969,-0.158044,0.033199,-0.044849,0.023615,0.028095,-0.048415,-0.028457,-0.024947,0.039984,0.007296,0.113537,-0.215317,-0.292236,-0.065399,0.270623,-0.388107,0.397218,-0.181885,0.134190,0.174147,-0.109241,0.133235,0.000951,0.064028,0.179593,0.206805,-0.412850,0.130715,0.010007,0.171554,0.043963,-0.356276,0.272662,0.002182,-0.042162,0.120586,-0.545715,-0.058519,0.323398,-0.002300,0.033246,0.081350,-0.011366
510,20.620000,-0.028825,0.003723,-0.040540,0.067627,-0.666181,0.047316,-0.353443,-0.308061,0.244289,-0.345053,0.003457,-0.004325,0.178623,-0.497715,0.001017,-0.000015,-0.136365,-0.329710,0.234954,0.043248,0.200386,-0.000094,-0.297786,-0.012247,-0.274945,-0.187331,0.171035,-0.366949,0.089164,-0.193478,0.049757,-0.115795,-0.202053,-0.046454,0.246769,0.049602,-0.005519,0.305425,-0.040425,-0.047944,-0.723148,-0.134978,0.347584,0.353591,0.287364,-0.419208,0.403352,-0.068037,-0.064575,-0.291502,-0.294576,-0.101449,0.182372,-0.008633,0.290885,0.383197,-0.305984,-0.070703,0.214229,-0.046035,-0.247884,-0.114882,0.361404,0.209682,0.289165,0.002554,0.021828,-0.009610,0.032638,0.507214,0.322025,0.373076,-0.000561,-0.207801,-0.073461,0.248247,-0.005868,0.187171,0.436245,-0.043850,0.510807,0.273620,0.434796,-0.091660,0.315102,-0.158504,0.036883,-0.044614,0.023647,0.027498,-0.047988,-0.027709,-0.019703,0.041824,0.007606,0.114420,-0.213198,-0.294386,-0.065957,0.270806,-0.384101,0.398084,-0.180708,0.134260,0.173288,-0.110681,0.133306,0.000971,0.063405,0.178142,0.205255,-0.416420,0.130104,0.010065,0.169014,0.044155,-0.356684,0.272563,0.002301,-0.041260,0.119475,-0.543630,-0.056688,0.323950,-0.002636,0.036463,0.080890,-0.010985
511,20.640000,-0.028756,0.004896,-0.035779,0.071364,-0.666874,0.047988,-0.359925,-0.312408,0.242115,-0.346540,0.003694,-0.004227,0.175401,-0.498260,-0.001025,0.000056,-0.137939,-0.337579,0.238785,0.042468,0.203061,-0.000093,-0.298375,-0.012199,-0.273387,-0.182379,0.172006,-0.368761,0.088446,-0.192050,0.047361,-0.115677,-0.201457,-0.046295,0.242092,0.050383,-0.005833,0.301051,-0.041015,-0.047765,-0.723853,-0.133838,0.348753,0.354872,0.289369,-0.421123,0.401460,-0.067788,-0.064371,-0.291789,-0.290947,-0.100389,0.182967,-0.008605,0.288395,0.386283,-0.303201,-0.071746,0.215088,-0.046188,-0.245503,-0.114963,0.360506,0.214946,0.287394,0.002546,0.022006,-0.009854,0.032787,0.507259,0.316622,0.370590,-0.000434,-0.209932,-0.077752,0.248123,-0.005391,0.189550,0.437369,-0.044268,0.513138,0.270831,0.432789,-0.093203,0.318640,-0.156987,0.034054,-0.041988,0.023843,0.027861,-0.048848,-0.028363,-0.022208,0.036025,0.007376,0.116678,-0.215069,-0.295083,-0.065586,0.271357,-0.381132,0.394791,-0.183089,0.134061,0.171137,-0.104420,0.134374,0.000919,0.063035,0.179248,0.207606,-0.411431,0.129771,0.009229,0.169721,0.044260,-0.357348,0.273482,0.001761,-0.041038,0.116565,-0.544036,-0.058392,0.323947,-0.002670,0.033926,0.082337,-0.011140
512,20.660000,-0.028729,0.004225,-0.040152,0.068044,-0.667576,0.047204,-0.357071,-0.307048,0.243666,-0.343251,0.003861,-0.004351,0.179010,-0.498954,-0.001091,-0.000049,-0.136165,-0.329157,0.233446,0.043261,0.200774,-0.000098,-0.296946,-0.012389,-0.270310,-0.185470,0.171542,-0.369609,0.089263,-0.190111,0.049310,-0.115986,-0.199648,-0.046497,0.245462,0.049618,-0.005853,0.306697,-0.041347,-0.048145,-0.723646,-0.134483,0.345241,0.355805,0.287423,-0.417821,0.398006,-0.067832,-0.063958,-0.291807,-0.291909,-0.101680,0.182501,-0.008668,0.288303,0.390464,-0.305378,-0.071749,0.213513,-0.046040,-0.247187,-0.115261,0.359577,0.220999,0.290376,0.002561,0.017347,-0.009666,0.032745,0.507203,0.321562,0.372351,-0.000292,-0.208496,-0.074764,0.250166,-0.005215,0.190883,0.439627,-0.043910,0.508886,0.271813,0.431694,-0.091900,0.316296,-0.157554,0.038614,-0.042461,0.023697,0.026553,-0.047824,-0.027895,-0.019421,0.040590,0.007794,0.114712,-0.213544,-0.292790,-0.066109,0.269130,-0.382050,0.396741,-0.183836,0.134744,0.170295,-0.105553,0.134308,0.000943,0.064463,0.176857,0.206214,-0.414427,0.128558,0.009936,0.168195,0.045260,-0.358832,0.274617,0.001511,-0.039476,0.116054,-0.545354,-0.058599,0.323826,-0.002613,0.034248,0.081006,-0.010839
513,20.680000,-0.028380,0.005405,-0.042829,0.064439,-0.668998,0.046924,-0.350013,-0.309872,0.242483,-0.338773,0.003956,-0.004498,0.175181,-0.498992,-0.001087,-0.000024,-0.131683,-0.327165,0.231351,0.043856,0.199003,-0.000104,-0.298660,-0.012370,-0.271246,-0.179517,0.171021,-0.369906,0.089675,-0.188844,0.050599,-0.115185,-0.203165,-0.045994,0.244097,0.049579,-0.006762,0.305017,-0.042509,-0.047140,-0.724224,-0.134295,0.349400,0.356930,0.280760,-0.414908,0.394061,-0.067791,-0.063949,-0.292859,-0.293953,-0.101965,0.185444,-0.008620,0.290313,0.396622,-0.302475,-0.071300,0.214111,-0.045953,-0.243574,-0.115085,0.360562,0.227702,0.290574,0.002558,0.005611,-0.009678,0.032460,0.507557,0.320547,0.368612,-0.000156,-0.208958,-0.078412,0.252732,-0.004436,0.199124,0.442315,-0.043783,0.499816,0.269244,0.429164,-0.092739,0.312698,-0.157757,0.042211,-0.043237,0.023640,0.026716,-0.047765,-0.027834,-0.026862,0.038996,0.008022,0.114514,-0.214313,-0.293255,-0.065832,0.266806,-0.386241,0.397236,-0.183530,0.136701,0.168205,-0.099035,0.135399,0.000894,0.064824,0.176830,0.206927,-0.416378,0.126794,0.009842,0.169585,0.046496,-0.359645,0.277257,0.000510,-0.037751,0.114673,-0.542839,-0.058921,0.324809,-0.002050,0.030160,0.081608,-0.010566
514,20.700000,-0.028328,0.005415,-0.044538,0.059751,-0.671082,0.046585,-0.350649,-0.304006,0.243373,-0.335182,0.004226,-0.004495,0.174820,-0.499416,-0.003382,-0.000080,-0.131103,-0.321802,0.230655,0.043843,0.200222,-0.000103,-0.303899,-0.012473,-0.264747,-0.179380,0.174891,-0.371217,0.090742,-0.188087,0.051101,-0.113469,-0.203048,-0.046275,0.245026,0.049168,-0.007051,0.310446,-0.042621,-0.047002,-0.724041,-0.133586,0.345397,0.357616,0.279805,-0.417498,0.386935,-0.067821,-0.062539,-0.291568,-0.295280,-0.101964,0.184569,-0.008554,0.287181,0.399591,-0.302173,-0.071637,0.216546,-0.046142,-0.247946,-0.115605,0.362269,0.235813,0.289527,0.002520,0.004295,-0.009881,0.033220,0.507552,0.319034,0.372132,-0.000009,-0.207430,-0.076592,0.253461,-0.003824,0.201921,0.442208,-0.044018,0.498510,0.269384,0.425118,-0.092345,0.315302,-0.159479,0.043641,-0.048691,0.023534,0.025335,-0.047977,-0.028041,-0.029205,0.041337,0.008037,0.115617,-0.214651,-0.292766,-0.066234,0.264025,-0.383307,0.394415,-0.187520,0.134175,0.168670,-0.093800,0.135608,0.000928,0.063115,0.174502,0.206592,-0.417449,0.124167,0.009205,0.167392,0.045654,-0.358733,0.279502,-0.000225,-0.034600,0.106771,-0.541031,-0.058156,0.327579,-0.002306,0.026145,0.080170,-0.009702
515,20.720000,-0.028048,0.005830,-0.056035,0.056599,-0.674852,0.044549,-0.353741,-0.304319,0.242452,-0.326007,0.005168,-0.004704,0.169548,-0.500255,-0.005610,0.000021,-0.128930,-0.323672,0.229798,0.045360,0.202635,-0.000102,-0.298863,-0.012068,-0.254802,-0.171045,0.183165,-0.373417,0.091346,-0.180659,0.042549,-0.113223,-0.204121,-0.045842,0.253206,0.048339,-0.007055,0.312084,-0.043606,-0.044312,-0.722610,-0.131310,0.354741,0.360419,0.274587,-0.417698,0.371386,-0.068435,-0.059480,-0.291106,-0.293888,-0.098868,0.174954,-0.008228,0.294563,0.407915,-0.302295,-0.075321,0.217049,-0.046416,-0.248492,-0.113663,0.356146,0.235780,0.299778,0.002561,0.005988,-0.011791,0.034505,0.506055,0.315621,0.372512,0.000114,-0.212616,-0.075559,0.256852,-0.003262,0.206366,0.432408,-0.042999,0.485489,0.268080,0.415138,-0.088746,0.325458,-0.171581,0.045164,-0.058252,0.022208,0.023052,-0.047844,-0.030440,-0.033226,0.034473,0.007561,0.114818,-0.210958,-0.282075,-0.067549,0.258677,-0.382656,0.387938,-0.189988,0.129820,0.164910,-0.083803,0.134351,0.000999,0.060320,0.164876,0.214085,-0.408400,0.120704,0.008894,0.174076,0.043839,-0.354783,0.278137,-0.000576,-0.032514,0.090630,-0.534081,-0.055860,0.325797,-0.002800,0.020327,0.078358,-0.009351
516,20.740000,-0.028198,0.003728,-0.107172,0.063056,-0.691186,0.037901,-0.392731,-0.306172,0.242309,-0.297666,0.005645,-0.005345,0.142846,-0.501567,-0.040041,0.000769,-0.133730,-0.344027,0.224680,0.054423,0.223945,-0.000071,-0.270319,-0.009387,-0.211736,-0.167653,0.217060,-0.393159,0.093769,-0.158694,-0.008879,-0.123030,-0.222565,-0.044016,0.268078,0.047658,-0.006485,0.309995,-0.045319,-0.035089,-0.713773,-0.117474,0.392436,0.370167,0.244726,-0.435077,0.327658,-0.072674,-0.049230,-0.289919,-0.298010,-0.079941,0.126302,-0.006747,0.309077,0.410985,-0.309102,-0.097029,0.227266,-0.047753,-0.253278,-0.106129,0.310743,0.192984,0.373594,0.002522,0.019547,-0.027697,0.041768,0.492475,0.312491,0.360875,-0.000032,-0.254836,-0.059886,0.270571,-0.004713,0.212425,0.381250,-0.040763,0.446370,0.261261,0.383628,-0.073234,0.371559,-0.241619,0.037001,-0.116789,0.014339,0.017523,-0.047406,-0.050754,0.007216,0.016057,0.005445,0.111999,-0.192627,-0.242648,-0.074723,0.243805,-0.362312,0.373630,-0.190510,0.121061,0.149425,-0.041409,0.134189,0.001084,0.048538,0.121779,0.257272,-0.346370,0.118429,0.010787,0.203052,0.029836,-0.354157,0.248220,0.000109,-0.036671,0.033700,-0.511354,-0.022397,0.302043,-0.007167,0.019483,0.071529,-0.009418
517,20.760000,-0.031392,0.003186,-0.097704,0.055174,-0.702203,0.029042,-0.413468,-0.291307,0.262520,-0.292233,0.007420,-0.004906,0.145517,-0.501278,-0.050885,0.000792,-0.130756,-0.355062,0.215042,0.052111,0.214808,-0.000030,-0.261360,-0.009574,-0.163518,-0.180647,0.217216,-0.404913,0.081862,-0.157757,-0.009403,-0.124608,-0.219430,-0.045704,0.252520,0.051732,-0.004242,0.302456,-0.046277,-0.035344,-0.708824,-0.124260,0.372590,0.376759,0.241178,-0.435426,0.302661,-0.074111,-0.045563,-0.320573,-0.293198,-0.071793,0.109479,-0.006177,0.310933,0.411150,-0.295964,-0.094571,0.222303,-0.048578,-0.255748,-0.106609,0.290536,0.185440,0.374623,0.002480,0.036439,-0.042340,0.039354,0.471988,0.310044,0.352386,-0.000345,-0.277751,-0.044528,0.253981,-0.004543,0.230808,0.386434,-0.031304,0.424083,0.272123,0.365273,-0.070345,0.358470,-0.269806,0.033276,-0.126959,0.006475,0.009812,-0.044540,-0.068661,0.026083,-0.007731,0.006365,0.114300,-0.171922,-0.223433,-0.074666,0.235688,-0.363597,0.361263,-0.204205,0.113744,0.142894,-0.026885,0.137072,0.001063,0.042202,0.094613,0.258090,-0.335337,0.121648,0.012483,0.200693,0.022883,-0.354186,0.236391,0.000815,-0.038420,0.021164,-0.499456,-0.007060,0.268961,-0.010668,0.030850,0.077181,-0.008830
518,20.780000,-0.030885,0.002780,-0.096743,0.045867,-0.710991,0.026297,-0.417625,-0.292970,0.257531,-0.263859,0.006467,-0.004526,0.144044,-0.501320,-0.055599,0.000643,-0.123640,-0.359418,0.200724,0.050440,0.209260,-0.000036,-0.251551,-0.011068,-0.137263,-0.177425,0.208222,-0.409997,0.081937,-0.149275,0.021676,-0.122283,-0.213887,-0.047394,0.240323,0.051381,-0.003663,0.294388,-0.052266,-0.036409,-0.705264,-0.127562,0.355788,0.380353,0.222922,-0.429766,0.296225,-0.071627,-0.040327,-0.340319,-0.302959,-0.072068,0.100008,-0.005974,0.315553,0.425776,-0.294779,-0.095364,0.221795,-0.046747,-0.262403,-0.105215,0.297113,0.204090,0.380240,0.002362,0.035820,-0.047078,0.037257,0.454822,0.313057,0.341219,-0.000403,-0.278279,-0.042291,0.262057,-0.001861,0.238475,0.397063,-0.027224,0.403164,0.287469,0.362891,-0.071046,0.350948,-0.276137,0.038824,-0.126199,0.001759,0.005322,-0.042468,-0.072284,0.036400,-0.019452,0.007288,0.114231,-0.159220,-0.223241,-0.072400,0.229147,-0.372734,0.369955,-0.212427,0.112253,0.139046,-0.014371,0.142590,0.000782,0.039748,0.084062,0.249988,-0.333658,0.121874,0.013401,0.180925,0.020631,-0.371824,0.242766,0.001004,-0.035921,0.021011,-0.483121,0.003799,0.236544,-0.012101,0.036403,0.078307,-0.007557
519,20.800000,-0.029216,0.004687,-0.089449,0.038753,-0.716903,0.025876,-0.416829,-0.295391,0.239915,-0.239196,0.004712,-0.004249,0.135902,-0.495354,-0.052829,0.001213,-0.110420,-0.359429,0.182570,0.049170,0.210798,-0.000051,-0.253973,-0.012368,-0.128316,-0.174395,0.208858,-0.412626,0.081074,-0.146194,0.053990,-0.120409,-0.218956,-0.049298,0.232423,0.050385,-0.006203,0.289235,-0.062266,-0.034912,-0.706448,-0.129339,0.334082,0.381806,0.193124,-0.432735,0.289148,-0.079231,-0.038246,-0.354333,-0.326231,-0.070012,0.097616,-0.005785,0.295833,0.444318,-0.287695,-0.098685,0.237396,-0.044263,-0.264948,-0.103406,0.305126,0.231883,0.387594,0.002284,0.007364,-0.049827,0.035187,0.442513,0.315156,0.319324,-0.000286,-0.273658,-0.054148,0.269111,0.002110,0.263498,0.408234,-0.024782,0.386537,0.282394,0.361791,-0.072922,0.337648,-0.272138,0.051399,-0.123845,-0.001969,0.004520,-0.040376,-0.069251,0.034623,-0.030930,0.008534,0.119021,-0.152150,-0.239353,-0.070957,0.228469,-0.376229,0.375797,-0.210892,0.114796,0.135725,0.013791,0.152661,0.000409,0.040069,0.081818,0.246899,-0.326619,0.118823,0.013044,0.168130,0.021599,-0.393603,0.259247,0.000315,-0.030288,0.017187,-0.463077,0.015282,0.207592,-0.013626,0.032647,0.080650,-0.005927
520,20.820000,-0.026995,0.011101,-0.078270,0.037222,-0.721611,0.025150,-0.418307,-0.302669,0.224401,-0.214673,0.004300,-0.004450,0.123585,-0.486341,-0.039209,0.002530,-0.094510,-0.364583,0.169196,0.048537,0.214611,-0.000065,-0.249954,-0.013679,-0.131248,-0.168324,0.219418,-0.414796,0.077689,-0.137490,0.068308,-0.116782,-0.223974,-0.051490,0.221899,0.051185,-0.010188,0.279648,-0.071883,-0.033309,-0.707665,-0.130612,0.315548,0.382737,0.163983,-0.440786,0.272169,-0.088627,-0.037060,-0.361948,-0.345392,-0.058750,0.106422,-0.005581,0.281193,0.466448,-0.272100,-0.102378,0.252346,-0.043131,-0.261816,-0.102232,0.318253,0.267481,0.390408,0.002050,-0.032974,-0.050187,0.032317,0.433194,0.311145,0.298237,-0.000205,-0.274588,-0.074366,0.279186,0.006409,0.291562,0.420185,-0.021469,0.370155,0.272999,0.362476,-0.073191,0.337467,-0.270375,0.057607,-0.118939,-0.004752,0.005984,-0.038745,-0.065368,0.032221,-0.047996,0.010529,0.129906,-0.152844,-0.256385,-0.068661,0.221292,-0.382497,0.379890,-0.203784,0.121613,0.130748,0.050374,0.169888,0.000086,0.039759,0.081085,0.240424,-0.325636,0.111446,0.011082,0.161719,0.026786,-0.418653,0.271087,0.000123,-0.023526,0.015115,-0.454032,0.021761,0.179599,-0.016820,0.021501,0.083703,-0.004368
521,20.840000,-0.025408,0.017486,-0.075357,0.030473,-0.725559,0.023958,-0.419165,-0.307284,0.215715,-0.195547,0.004312,-0.004849,0.117645,-0.476943,-0.025429,0.004209,-0.078924,-0.373829,0.153151,0.048967,0.220651,-0.000078,-0.246821,-0.015133,-0.137803,-0.156532,0.240811,-0.413340,0.071672,-0.126199,0.069693,-0.109746,-0.219229,-0.052687,0.217464,0.051488,-0.015033,0.271782,-0.082757,-0.032142,-0.707288,-0.131290,0.300022,0.383934,0.142875,-0.445028,0.249382,-0.097868,-0.036323,-0.367155,-0.358518,-0.043172,0.119111,-0.005377,0.275729,0.493936,-0.257448,-0.108655,0.259649,-0.041820,-0.259964,-0.101031,0.331478,0.308306,0.385301,0.001716,-0.072566,-0.051935,0.030080,0.426741,0.307401,0.278770,-0.000182,-0.280205,-0.088047,0.292161,0.010221,0.318322,0.433977,-0.016944,0.347773,0.264206,0.363287,-0.070382,0.341908,-0.269661,0.060826,-0.108251,-0.006960,0.008185,-0.036795,-0.062223,0.031660,-0.064908,0.012584,0.142270,-0.156732,-0.259757,-0.065898,0.208414,-0.384568,0.382241,-0.197153,0.125142,0.121902,0.087786,0.183314,0.000073,0.037744,0.080282,0.233636,-0.329940,0.098755,0.008858,0.156000,0.036449,-0.433235,0.284223,0.000933,-0.017630,0.006562,-0.448540,0.018206,0.151030,-0.021499,0.008234,0.084905,-0.002999
522,20.860000,-0.023880,0.022394,-0.076494,0.018335,-0.728088,0.022713,-0.413642,-0.309199,0.211109,-0.182201,0.004690,-0.005359,0.116864,-0.465890,-0.007246,0.006203,-0.062816,-0.388702,0.133340,0.049739,0.221628,-0.000090,-0.254964,-0.017048,-0.143776,-0.136392,0.270882,-0.404223,0.064086,-0.114107,0.065673,-0.097977,-0.207013,-0.052689,0.223121,0.048716,-0.020692,0.262980,-0.095054,-0.030689,-0.705851,-0.131971,0.286508,0.384628,0.131637,-0.439030,0.224127,-0.109798,-0.036117,-0.369627,-0.362897,-0.027725,0.131004,-0.005140,0.285588,0.518809,-0.247999,-0.117696,0.261266,-0.040238,-0.268520,-0.099146,0.338725,0.347167,0.369317,0.001359,-0.102629,-0.055980,0.028116,0.422097,0.299671,0.264188,-0.000195,-0.287136,-0.094547,0.315653,0.012997,0.343514,0.447563,-0.011325,0.325407,0.263055,0.365424,-0.067438,0.351835,-0.268616,0.068236,-0.091131,-0.008734,0.009418,-0.035469,-0.060452,0.028288,-0.080013,0.014408,0.154071,-0.166058,-0.244613,-0.063135,0.191814,-0.392462,0.384305,-0.196764,0.120418,0.112097,0.113623,0.188271,0.000741,0.034727,0.074884,0.231182,-0.335324,0.079579,0.006691,0.155694,0.049205,-0.437552,0.305864,0.003506,-0.013998,-0.008645,-0.445291,0.004184,0.119389,-0.026642,-0.006822,0.083632,-0.001904
523,20.880000,-0.023630,0.028730,-0.065894,0.015993,-0.728341,0.022055,-0.400485,-0.297921,0.207455,-0.184511,0.004888,-0.006130,0.105114,-0.452691,-0.005831,0.009663,-0.033759,-0.392691,0.119626,0.050895,0.217545,-0.000091,-0.286736,-0.017592,-0.143107,-0.105589,0.286388,-0.386379,0.051581,-0.106760,0.066531,-0.087162,-0.193132,-0.052482,0.231858,0.046352,-0.026171,0.239111,-0.107263,-0.029797,-0.702146,-0.134461,0.278477,0.383916,0.133794,-0.449560,0.199916,-0.128827,-0.035640,-0.369730,-0.368542,-0.018324,0.146142,-0.004794,0.278642,0.545498,-0.241819,-0.127038,0.273472,-0.038153,-0.291847,-0.098523,0.330744,0.378670,0.366062,0.000994,-0.116448,-0.060903,0.027973,0.418910,0.283083,0.255830,-0.000230,-0.291427,-0.101502,0.321604,0.015422,0.359207,0.467332,-0.008985,0.310970,0.260188,0.368594,-0.062487,0.375306,-0.266614,0.078865,-0.069570,-0.011833,0.010599,-0.031386,-0.063178,0.001709,-0.084660,0.014558,0.163236,-0.191213,-0.222469,-0.061199,0.176728,-0.417514,0.367098,-0.213589,0.116526,0.111193,0.144025,0.170371,0.001390,0.031809,0.067318,0.234753,-0.353012,0.054134,0.003728,0.155835,0.058230,-0.414148,0.325865,0.005523,0.001097,-0.029597,-0.435080,-0.024732,0.102481,-0.033461,-0.027960,0.079211,-0.001209
524,20.900000,-0.023022,0.031712,-0.070772,0.003108,-0.727623,0.020420,-0.345231,-0.273212,0.216212,-0.193445,0.004196,-0.007865,0.100182,-0.435246,-0.015911,0.008041,0.011961,-0.351308,0.095728,0.056247,0.202618,-0.000081,-0.338853,-0.018231,-0.130271,-0.079726,0.278562,-0.360433,0.040705,-0.105055,0.079671,-0.073153,-0.183431,-0.053261,0.238806,0.043253,-0.031307,0.233688,-0.117173,-0.029989,-0.695261,-0.141259,0.274043,0.381556,0.142051,-0.473277,0.172757,-0.161453,-0.035413,-0.371956,-0.371598,-0.027619,0.160384,-0.004554,0.258199,0.581430,-0.254584,-0.133791,0.297433,-0.039218,-0.324356,-0.099380,0.314875,0.404552,0.382403,0.000734,-0.132224,-0.064746,0.028814,0.417056,0.279859,0.255966,-0.000246,-0.277797,-0.103174,0.308308,0.017275,0.370636,0.490056,-0.008606,0.275118,0.251660,0.360500,-0.053671,0.404984,-0.264453,0.093396,-0.064304,-0.017900,0.009279,-0.028010,-0.066147,-0.029558,-0.066118,0.013073,0.156108,-0.217132,-0.202639,-0.061115,0.157635,-0.454231,0.351017,-0.226948,0.117699,0.133324,0.182821,0.127085,0.001480,0.032359,0.057351,0.235444,-0.402836,0.018241,0.001757,0.159210,0.062104,-0.396344,0.350545,0.008132,0.024521,-0.034695,-0.415297,-0.071591,0.106885,-0.043627,-0.060728,0.071224,-0.000660
525,20.920000,-0.020869,0.038533,-0.097659,-0.019872,-0.728075,0.018784,-0.312300,-0.287097,0.249668,-0.196640,0.005466,-0.008507,0.119481,-0.417937,-0.013352,0.001625,0.016452,-0.327128,0.075379,0.063471,0.184454,-0.000062,-0.388752,-0.015883,-0.106504,-0.051111,0.282931,-0.340125,0.040684,-0.090924,0.085784,-0.053909,-0.175545,-0.049726,0.231793,0.039824,-0.036082,0.257312,-0.112811,-0.028812,-0.690222,-0.149507,0.268014,0.377879,0.141567,-0.497795,0.144369,-0.179571,-0.035233,-0.380982,-0.351613,-0.038737,0.173057,-0.004184,0.282418,0.612840,-0.280444,-0.128948,0.302836,-0.040213,-0.351049,-0.101319,0.302068,0.424691,0.349850,0.000591,-0.122043,-0.068962,0.028769,0.416958,0.267071,0.279310,-0.000243,-0.248620,-0.102624,0.297460,0.018575,0.377723,0.489236,-0.006872,0.248134,0.272070,0.340710,-0.052561,0.431866,-0.260265,0.089970,-0.075875,-0.026848,0.003738,-0.032832,-0.076238,-0.066626,-0.020038,0.012357,0.167134,-0.241309,-0.198226,-0.061576,0.132069,-0.468847,0.342565,-0.227593,0.109680,0.179592,0.214935,0.092112,0.000579,0.033819,0.047916,0.207508,-0.435152,-0.028935,-0.000988,0.159343,0.071673,-0.388347,0.382602,0.013743,0.045200,-0.035381,-0.394548,-0.105620,0.126783,-0.056693,-0.106414,0.060052,-0.000211
526,20.940000,-0.017468,0.038270,-0.137727,-0.041170,-0.726810,0.018693,-0.273636,-0.303211,0.262801,-0.195452,0.009741,-0.009288,0.137234,-0.401616,-0.005831,-0.000537,0.014076,-0.306570,0.073044,0.057907,0.204330,-0.000027,-0.417693,-0.015361,-0.094761,-0.026025,0.273324,-0.320117,0.035185,-0.090964,0.072080,-0.038277,-0.183450,-0.043880,0.228863,0.033640,-0.043560,0.268788,-0.103705,-0.027927,-0.676892,-0.153790,0.279809,0.372335,0.143993,-0.548188,0.139204,-0.188066,-0.035751,-0.406366,-0.357207,-0.043860,0.167792,-0.003890,0.317199,0.608598,-0.306206,-0.115175,0.306041,-0.042072,-0.366231,-0.102293,0.294668,0.438753,0.313265,0.000386,-0.070541,-0.078318,0.029064,0.417283,0.259367,0.319558,-0.000156,-0.223813,-0.109608,0.282731,0.019035,0.350846,0.488521,-0.001527,0.250600,0.297901,0.308442,-0.049531,0.443747,-0.267497,0.083577,-0.092060,-0.034583,0.000469,-0.037854,-0.078797,-0.105526,-0.008750,0.012124,0.168312,-0.244499,-0.185601,-0.059538,0.126490,-0.474754,0.343520,-0.214463,0.100461,0.221401,0.235233,0.078785,0.000458,0.032058,0.028089,0.185671,-0.447177,-0.079795,-0.003490,0.144352,0.065253,-0.392768,0.395505,0.031058,0.050693,-0.019538,-0.367593,-0.104008,0.138054,-0.066802,-0.138633,0.052702,0.000423
527,20.960000,-0.015159,0.033001,-0.184216,-0.057668,-0.724336,0.018079,-0.272505,-0.317377,0.261298,-0.206991,0.010257,-0.010897,0.159917,-0.382437,0.001230,0.000139,0.010754,-0.304046,0.068227,0.052556,0.250748,0.000016,-0.413996,-0.013169,-0.091797,-0.010568,0.268416,-0.291402,0.026934,-0.096875,0.048738,-0.029508,-0.188329,-0.031104,0.223830,0.025913,-0.051750,0.263322,-0.103935,-0.028974,-0.660039,-0.155559,0.305585,0.367017,0.143172,-0.584833,0.138229,-0.200717,-0.035422,-0.421692,-0.365817,-0.039604,0.153336,-0.003869,0.350221,0.599207,-0.332152,-0.108225,0.318007,-0.044000,-0.367908,-0.098760,0.288609,0.443765,0.305502,0.000219,-0.011606,-0.094752,0.031556,0.417738,0.258931,0.351580,0.000041,-0.211497,-0.119927,0.254339,0.019708,0.319990,0.483106,0.004557,0.239686,0.301709,0.270837,-0.041829,0.427243,-0.285075,0.066637,-0.107629,-0.040744,0.001620,-0.042145,-0.080851,-0.140074,-0.020565,0.015474,0.161222,-0.229043,-0.149840,-0.056910,0.134067,-0.467646,0.358314,-0.195996,0.090131,0.247031,0.248098,0.083146,0.000838,0.020436,0.009843,0.180434,-0.444177,-0.125373,-0.005383,0.137936,0.040767,-0.384204,0.411213,0.062153,0.043538,-0.003632,-0.361093,-0.090148,0.133693,-0.076258,-0.148182,0.051571,0.000620
528,20.980000,-0.014696,0.017901,-0.236517,-0.083608,-0.721496,0.015199,-0.318612,-0.319056,0.279156,-0.233241,0.006860,-0.010910,0.170027,-0.367423,0.000692,-0.000240,-0.002794,-0.332204,0.060672,0.052494,0.282889,0.000065,-0.406586,-0.010647,-0.071577,-0.005536,0.297046,-0.277994,0.020949,-0.102054,0.021783,-0.026107,-0.211884,-0.017758,0.228228,0.019752,-0.059803,0.225991,-0.100213,-0.031229,-0.638846,-0.155000,0.332959,0.361173,0.139103,-0.596648,0.132268,-0.191771,-0.032381,-0.430469,-0.388773,-0.029073,0.133699,-0.003663,0.398745,0.576733,-0.359447,-0.101187,0.326156,-0.046053,-0.374800,-0.097778,0.280953,0.439174,0.326496,0.000114,0.036911,-0.126985,0.034617,0.414374,0.256999,0.356068,0.000574,-0.225658,-0.130168,0.225123,0.018316,0.279917,0.463606,0.008595,0.233576,0.312868,0.230013,-0.036016,0.395656,-0.322553,0.052260,-0.127913,-0.044989,0.001908,-0.042484,-0.083425,-0.150218,-0.031263,0.022451,0.159515,-0.205414,-0.127298,-0.055866,0.132986,-0.437953,0.378423,-0.179274,0.085397,0.255516,0.235087,0.095733,0.001891,0.005154,0.005074,0.172873,-0.411521,-0.155881,-0.005380,0.133871,0.011572,-0.332259,0.401910,0.088417,0.028028,0.002432,-0.386477,-0.074701,0.132322,-0.073478,-0.125755,0.051092,0.000652
529,21.000000,-0.015640,-0.001486,-0.246991,-0.095269,-0.719187,0.012689,-0.351065,-0.310441,0.280673,-0.247334,0.008910,-0.010914,0.173561,-0.358637,0.010775,-0.001092,-0.005254,-0.363578,0.042857,0.050604,0.298173,0.000082,-0.380304,-0.010674,-0.053056,-0.002362,0.322787,-0.276833,0.011930,-0.107733,0.002276,-0.025694,-0.223890,-0.010519,0.231849,0.014713,-0.065977,0.207003,-0.095404,-0.029672,-0.624814,-0.155003,0.344362,0.357976,0.136082,-0.601452,0.124853,-0.196289,-0.033030,-0.458145,-0.393010,-0.023321,0.099457,-0.003505,0.439595,0.558829,-0.371538,-0.096571,0.326962,-0.048690,-0.381115,-0.093473,0.266236,0.429815,0.366386,0.000034,0.081212,-0.185279,0.033738,0.403693,0.244512,0.350798,0.001533,-0.241418,-0.132151,0.215710,0.016783,0.260541,0.440621,0.012271,0.218137,0.319496,0.205379,-0.032620,0.370460,-0.358749,0.038813,-0.144691,-0.047143,-0.000784,-0.042330,-0.083271,-0.166004,-0.039143,0.027325,0.155537,-0.190289,-0.106623,-0.057555,0.130818,-0.432481,0.407886,-0.178582,0.069277,0.253471,0.208886,0.096568,0.002374,-0.005734,0.011111,0.182273,-0.393147,-0.177534,-0.003094,0.145818,-0.012748,-0.308242,0.380094,0.109591,0.008651,-0.003308,-0.406495,-0.053695,0.113499,-0.070584,-0.103901,0.051412,0.000231
530,21.020000,-0.016990,-0.017714,-0.250774,-0.101828,-0.719145,0.010440,-0.382480,-0.300639,0.274071,-0.252258,0.009840,-0.009015,0.162784,-0.347555,0.009747,-0.002380,-0.012536,-0.392799,0.019996,0.050866,0.305145,0.000095,-0.340057,-0.010607,-0.030105,0.000400,0.345395,-0.285245,0.005065,-0.111994,-0.014581,-0.027696,-0.239813,-0.006353,0.232232,0.013712,-0.070320,0.197786,-0.093069,-0.025941,-0.609167,-0.153584,0.353475,0.354580,0.126716,-0.605191,0.118167,-0.200334,-0.031301,-0.482417,-0.405311,-0.016838,0.069589,-0.003321,0.459803,0.555210,-0.381480,-0.095387,0.330154,-0.048794,-0.377224,-0.091648,0.238740,0.411759,0.402703,-0.000035,0.110486,-0.281920,0.032082,0.384644,0.238124,0.330619,0.002626,-0.262639,-0.124679,0.212357,0.014912,0.255530,0.415830,0.014417,0.193376,0.315096,0.185630,-0.031451,0.362298,-0.404089,0.027247,-0.151673,-0.049520,-0.004546,-0.043605,-0.084402,-0.168631,-0.038871,0.029124,0.157302,-0.173715,-0.098352,-0.058243,0.127829,-0.418576,0.429957,-0.179584,0.058006,0.242575,0.194254,0.095326,0.002605,-0.013751,0.026156,0.189772,-0.366328,-0.191551,0.001067,0.166054,-0.034814,-0.299544,0.358204,0.110189,-0.008066,-0.013978,-0.425520,-0.030977,0.078024,-0.063329,-0.087723,0.049443,-0.001435
531,21.040000,-0.018450,-0.026744,-0.245052,-0.105028,-0.716814,0.009245,-0.393712,-0.278593,0.270739,-0.248207,0.011915,-0.007896,0.154048,-0.335706,0.004510,-0.002447,-0.011189,-0.390967,-0.006585,0.052936,0.299087,0.000092,-0.308984,-0.011264,0.013339,0.002223,0.328856,-0.302252,0.002985,-0.113468,-0.021158,-0.029600,-0.252539,-0.006398,0.221094,0.014501,-0.068318,0.202557,-0.093766,-0.022145,-0.597215,-0.151182,0.345227,0.348238,0.114968,-0.606814,0.110766,-0.199382,-0.029686,-0.508891,-0.418553,-0.014671,0.062980,-0.003254,0.455712,0.565387,-0.385952,-0.096651,0.337200,-0.046836,-0.369360,-0.092688,0.220666,0.396191,0.452889,-0.000090,0.106402,-0.372799,0.029406,0.359878,0.238386,0.314275,0.003310,-0.277622,-0.121054,0.206806,0.013329,0.269535,0.397637,0.015177,0.171042,0.313489,0.161821,-0.032267,0.359567,-0.436743,0.035816,-0.172863,-0.051327,-0.008187,-0.041793,-0.083861,-0.158997,-0.033311,0.030348,0.164938,-0.161989,-0.104114,-0.059638,0.122139,-0.404873,0.440563,-0.188930,0.055881,0.231447,0.197432,0.098063,0.003408,-0.012716,0.037881,0.197678,-0.355512,-0.202837,0.006323,0.183567,-0.043930,-0.304522,0.344611,0.095487,-0.012661,-0.023179,-0.421164,-0.015556,0.040561,-0.058599,-0.074354,0.048263,-0.002586
532,21.060000,-0.020105,-0.027855,-0.246711,-0.099078,-0.715565,0.009767,-0.390785,-0.268044,0.271054,-0.233163,0.011206,-0.006329,0.148899,-0.327580,-0.002158,-0.001063,-0.010691,-0.386147,-0.028094,0.054554,0.299416,0.000096,-0.295057,-0.011978,0.057042,0.003700,0.300465,-0.314407,0.003236,-0.113303,-0.017627,-0.029859,-0.260720,-0.004910,0.216487,0.014823,-0.062686,0.216255,-0.094889,-0.021632,-0.597739,-0.149474,0.336355,0.336704,0.104927,-0.600632,0.105168,-0.183466,-0.030173,-0.526693,-0.423262,-0.014096,0.080926,-0.003305,0.448688,0.584467,-0.386321,-0.094381,0.332759,-0.044739,-0.360816,-0.097478,0.229548,0.398783,0.469653,-0.000160,0.094380,-0.397147,0.025391,0.338502,0.248030,0.305587,0.003668,-0.269721,-0.128085,0.202724,0.013134,0.281595,0.397738,0.015769,0.167019,0.314668,0.143342,-0.034751,0.353674,-0.442675,0.046044,-0.185129,-0.050737,-0.010489,-0.042518,-0.075378,-0.143188,-0.024120,0.031072,0.179573,-0.158005,-0.120418,-0.055825,0.121905,-0.394887,0.434829,-0.192692,0.058433,0.232766,0.208619,0.109204,0.004549,-0.006279,0.045013,0.187610,-0.358199,-0.211002,0.009204,0.179180,-0.039696,-0.312585,0.347528,0.084895,-0.012085,-0.023922,-0.415157,-0.005995,0.017408,-0.052528,-0.065321,0.048520,-0.002466
533,21.080000,-0.020855,-0.026610,-0.251620,-0.097164,-0.715890,0.011179,-0.382415,-0.263546,0.263650,-0.218633,0.011285,-0.005878,0.143408,-0.317973,0.007340,0.000162,-0.005880,-0.378332,-0.042709,0.055249,0.306759,0.000089,-0.287975,-0.013539,0.079201,0.008130,0.292752,-0.314388,0.001787,-0.114774,-0.011416,-0.030127,-0.264746,-0.001502,0.224075,0.013639,-0.058622,0.224653,-0.097410,-0.021492,-0.599577,-0.148604,0.342165,0.321894,0.097840,-0.590343,0.099068,-0.179361,-0.031939,-0.539094,-0.423549,-0.011218,0.088930,-0.003419,0.445897,0.592169,-0.380040,-0.092671,0.329686,-0.044306,-0.365533,-0.098994,0.244323,0.404163,0.473769,-0.000243,0.087547,-0.405559,0.024056,0.323215,0.250393,0.307697,0.003935,-0.261410,-0.142153,0.207383,0.013340,0.284674,0.397734,0.017013,0.166546,0.322007,0.131362,-0.037361,0.356189,-0.444928,0.057482,-0.184044,-0.050135,-0.013428,-0.042316,-0.064862,-0.151814,-0.025007,0.030185,0.187423,-0.157431,-0.135604,-0.053755,0.126355,-0.395239,0.419832,-0.190547,0.060210,0.236555,0.209763,0.116435,0.006287,-0.001486,0.047883,0.179747,-0.363830,-0.220459,0.010545,0.177271,-0.032897,-0.313793,0.356049,0.085931,-0.011470,-0.029742,-0.400923,0.003075,0.000889,-0.046486,-0.062343,0.048352,-0.001530
534,21.100000,-0.021760,-0.025190,-0.273440,-0.089445,-0.717016,0.012831,-0.378710,-0.255576,0.270308,-0.212813,0.008826,-0.006740,0.152671,-0.303309,0.010383,0.002262,-0.002506,-0.371262,-0.055592,0.061845,0.316837,0.000097,-0.300563,-0.013686,0.106294,0.011374,0.277289,-0.321449,0.006190,-0.118183,-0.010598,-0.032466,-0.265218,0.000786,0.219476,0.014350,-0.059328,0.239361,-0.097810,-0.022060,-0.601075,-0.146515,0.338557,0.306806,0.093874,-0.587971,0.098464,-0.172883,-0.033569,-0.537802,-0.429220,-0.010773,0.106359,-0.003518,0.441201,0.595712,-0.377850,-0.094322,0.323755,-0.046975,-0.353384,-0.101534,0.250867,0.406961,0.477311,-0.000346,0.065175,-0.404763,0.025071,0.313224,0.270849,0.310882,0.004228,-0.249666,-0.148934,0.211332,0.013872,0.296659,0.400241,0.018037,0.162791,0.311657,0.122416,-0.038063,0.356400,-0.447648,0.074927,-0.182696,-0.051726,-0.015036,-0.043542,-0.052757,-0.138619,-0.019419,0.030451,0.198291,-0.152920,-0.154406,-0.051376,0.129130,-0.388245,0.405377,-0.186924,0.068334,0.242317,0.224619,0.121575,0.008444,0.003173,0.048759,0.179111,-0.364879,-0.228961,0.010164,0.175434,-0.025651,-0.320832,0.365107,0.090236,-0.004620,-0.049635,-0.387701,-0.001535,-0.003999,-0.043574,-0.056225,0.048290,-0.000515
535,21.120000,-0.022553,-0.023276,-0.280964,-0.099715,-0.715588,0.013832,-0.386898,-0.265063,0.280161,-0.212144,0.008742,-0.007417,0.131500,-0.291215,0.013934,0.004220,-0.004552,-0.382534,-0.057328,0.061683,0.329583,0.000080,-0.304712,-0.014885,0.094519,0.016747,0.291259,-0.319908,0.002404,-0.117859,-0.018958,-0.031681,-0.268620,0.005674,0.218336,0.013871,-0.063123,0.235207,-0.095784,-0.022094,-0.600447,-0.148172,0.367007,0.289656,0.096830,-0.577281,0.094958,-0.165373,-0.036642,-0.537963,-0.413212,-0.007529,0.115218,-0.003905,0.445845,0.603589,-0.369470,-0.094467,0.330388,-0.049503,-0.343527,-0.102213,0.261369,0.397864,0.458052,-0.000471,0.057668,-0.406073,0.024100,0.305438,0.273944,0.315363,0.004608,-0.244582,-0.157256,0.197348,0.013871,0.290978,0.398252,0.018828,0.159323,0.327434,0.117452,-0.040765,0.353063,-0.450421,0.068975,-0.191831,-0.052929,-0.013313,-0.044668,-0.036489,-0.163141,-0.022556,0.027979,0.198443,-0.157200,-0.155599,-0.049338,0.132912,-0.408946,0.403126,-0.181696,0.075875,0.250267,0.223647,0.126449,0.009038,-0.000140,0.049704,0.168201,-0.343231,-0.240642,0.010100,0.169096,-0.017390,-0.321892,0.366001,0.112619,-0.009124,-0.047982,-0.384112,0.002528,-0.011344,-0.036824,-0.069498,0.049429,0.000288
536,21.140000,-0.023532,-0.023047,-0.306993,-0.094274,-0.714715,0.015693,-0.375237,-0.258175,0.287676,-0.213240,0.007646,-0.009731,0.151044,-0.276024,0.010922,0.004707,-0.001506,-0.363477,-0.067716,0.069059,0.335613,0.000093,-0.319893,-0.014510,0.113391,0.017291,0.275101,-0.327575,0.008898,-0.124394,-0.026748,-0.032561,-0.268376,0.006836,0.221795,0.015589,-0.065339,0.240217,-0.090967,-0.022971,-0.596381,-0.147381,0.357250,0.272254,0.096377,-0.583332,0.099302,-0.168379,-0.038901,-0.533130,-0.420272,-0.010780,0.129202,-0.004082,0.442702,0.591933,-0.364129,-0.095814,0.325135,-0.051214,-0.333091,-0.104916,0.255596,0.399356,0.462246,-0.000587,0.042759,-0.403521,0.025474,0.297721,0.292121,0.319193,0.004817,-0.238280,-0.158336,0.198981,0.013963,0.294103,0.398934,0.019230,0.161379,0.316113,0.115204,-0.039966,0.359944,-0.455752,0.077628,-0.202681,-0.056029,-0.013116,-0.045252,-0.023471,-0.137479,-0.018753,0.029083,0.207925,-0.151150,-0.163658,-0.047743,0.137804,-0.404234,0.386463,-0.184125,0.083617,0.260255,0.239370,0.126091,0.009388,0.003261,0.049467,0.169723,-0.357576,-0.253083,0.009334,0.171963,-0.016293,-0.329303,0.364917,0.110531,-0.002762,-0.066388,-0.369247,-0.005109,0.003350,-0.036739,-0.064858,0.050403,0.001144
537,21.160000,-0.023484,-0.023577,-0.307135,-0.106604,-0.713544,0.016724,-0.380133,-0.261713,0.296797,-0.216058,0.008947,-0.009535,0.144384,-0.260794,0.028377,0.004881,-0.007103,-0.372224,-0.064150,0.065456,0.340291,0.000065,-0.316561,-0.015705,0.098734,0.023402,0.287513,-0.318236,0.001160,-0.128121,-0.033178,-0.030912,-0.267750,0.010708,0.237367,0.014894,-0.068530,0.242325,-0.089168,-0.023878,-0.598580,-0.148696,0.374579,0.253042,0.107154,-0.576663,0.097206,-0.174995,-0.042939,-0.536190,-0.400388,-0.010853,0.118740,-0.004398,0.453601,0.589794,-0.357326,-0.101003,0.327150,-0.055089,-0.339933,-0.103969,0.265879,0.392659,0.435860,-0.000710,0.059477,-0.416920,0.023795,0.289330,0.292051,0.329696,0.004923,-0.234320,-0.155386,0.196724,0.013337,0.280142,0.392350,0.021252,0.168646,0.337780,0.115579,-0.040841,0.362598,-0.458484,0.070110,-0.212619,-0.055614,-0.011753,-0.046683,-0.007509,-0.154933,-0.027975,0.029117,0.207895,-0.152860,-0.148082,-0.044627,0.142393,-0.422674,0.390414,-0.185626,0.081737,0.267009,0.222707,0.123627,0.009743,-0.001095,0.045419,0.168089,-0.345532,-0.265735,0.009469,0.176051,-0.018440,-0.328830,0.371349,0.123227,-0.011634,-0.064608,-0.364440,-0.002917,-0.009394,-0.035248,-0.068241,0.049754,0.001868
538,21.180000,-0.024006,-0.026064,-0.308697,-0.102568,-0.708299,0.019165,-0.380118,-0.266361,0.303278,-0.215010,0.010102,-0.010398,0.143732,-0.242771,0.043722,0.004470,-0.010801,-0.375182,-0.071519,0.065754,0.349785,0.000057,-0.316704,-0.018372,0.084697,0.025679,0.292108,-0.308774,-0.000393,-0.131278,-0.035650,-0.031606,-0.263599,0.010471,0.243589,0.014539,-0.071575,0.240713,-0.089363,-0.024824,-0.588966,-0.150263,0.375229,0.231348,0.109596,-0.581139,0.102167,-0.185139,-0.045615,-0.533380,-0.395673,-0.015674,0.111307,-0.004411,0.466144,0.577774,-0.354199,-0.100821,0.321125,-0.053834,-0.344454,-0.105851,0.258570,0.381984,0.421785,-0.000775,0.071790,-0.426613,0.024856,0.280825,0.294255,0.334567,0.004748,-0.235019,-0.157096,0.208854,0.011860,0.271351,0.388519,0.022211,0.168660,0.350852,0.123447,-0.039960,0.370809,-0.461672,0.069907,-0.203334,-0.056494,-0.014267,-0.046335,0.005008,-0.148782,-0.032988,0.029756,0.204303,-0.151835,-0.139587,-0.043959,0.142419,-0.422551,0.389057,-0.187808,0.079163,0.273475,0.204511,0.114919,0.010595,-0.001604,0.051776,0.175522,-0.348740,-0.279057,0.010335,0.187906,-0.025744,-0.328105,0.376333,0.116834,-0.021473,-0.059824,-0.354877,-0.005323,-0.013297,-0.036056,-0.063116,0.050421,0.001907
539,21.200000,-0.024527,-0.025050,-0.301652,-0.102295,-0.704390,0.020367,-0.374920,-0.266679,0.319254,-0.217520,0.008487,-0.010798,0.124691,-0.223049,0.029150,0.006944,-0.010859,-0.378295,-0.072209,0.064431,0.364242,0.000051,-0.319225,-0.017819,0.071065,0.030375,0.279312,-0.313481,-0.004506,-0.131888,-0.041185,-0.034061,-0.267135,0.008754,0.224646,0.015381,-0.077491,0.229193,-0.092624,-0.024598,-0.588942,-0.150289,0.388114,0.209314,0.116234,-0.582751,0.105587,-0.189077,-0.047547,-0.529127,-0.398139,-0.021968,0.122838,-0.004606,0.458166,0.585192,-0.352159,-0.106874,0.335832,-0.056090,-0.334860,-0.107110,0.248415,0.366412,0.427506,-0.000839,0.062889,-0.430237,0.025928,0.273198,0.296545,0.329143,0.004089,-0.234320,-0.160441,0.198461,0.010236,0.278285,0.381463,0.022345,0.163122,0.342638,0.128148,-0.040591,0.367009,-0.460493,0.073926,-0.219775,-0.058871,-0.017481,-0.044470,0.015009,-0.155875,-0.036246,0.028359,0.198974,-0.158932,-0.132575,-0.041131,0.144993,-0.427832,0.399350,-0.192837,0.088026,0.274306,0.206632,0.108075,0.011731,-0.002568,0.051305,0.182083,-0.336674,-0.286626,0.011391,0.189879,-0.034260,-0.336703,0.373182,0.111538,-0.028386,-0.054284,-0.348743,-0.010821,-0.009893,-0.034728,-0.071162,0.052712,0.001459
540,21.220000,-0.025278,-0.024760,-0.302169,-0.098667,-0.700155,0.022132,-0.378344,-0.269431,0.324590,-0.216031,0.009923,-0.010984,0.121886,-0.206480,0.027858,0.006417,-0.013030,-0.382343,-0.072116,0.062875,0.365578,0.000053,-0.310876,-0.018781,0.060019,0.031943,0.285609,-0.309088,-0.006361,-0.128825,-0.041827,-0.032716,-0.264347,0.006978,0.232170,0.014118,-0.076388,0.227098,-0.092989,-0.025011,-0.586981,-0.150737,0.390763,0.185435,0.123088,-0.577858,0.104693,-0.194800,-0.050630,-0.536643,-0.382803,-0.024905,0.122133,-0.004678,0.469519,0.582152,-0.349201,-0.107883,0.332101,-0.055839,-0.341371,-0.108103,0.245549,0.352452,0.416697,-0.000918,0.079509,-0.429731,0.025053,0.262612,0.290840,0.335114,0.002903,-0.235097,-0.158251,0.195791,0.008963,0.273415,0.375665,0.022316,0.176092,0.352104,0.135814,-0.041392,0.375779,-0.460309,0.062674,-0.223850,-0.059160,-0.019075,-0.045057,0.027781,-0.149355,-0.041118,0.029899,0.200470,-0.160804,-0.122662,-0.039133,0.147071,-0.428868,0.396212,-0.196859,0.087672,0.277242,0.197210,0.108545,0.012314,-0.003730,0.054280,0.181914,-0.336034,-0.294819,0.012351,0.195666,-0.041475,-0.334394,0.373650,0.099633,-0.037918,-0.040878,-0.351979,-0.012548,-0.007565,-0.034779,-0.077606,0.054872,0.001021
541,21.240000,-0.025219,-0.026070,-0.312991,-0.078857,-0.698075,0.024263,-0.381208,-0.264725,0.329167,-0.213533,0.010257,-0.010580,0.145845,-0.187645,0.031556,0.005704,-0.015039,-0.388532,-0.078582,0.065119,0.365291,0.000058,-0.314598,-0.020084,0.069803,0.034707,0.276903,-0.315529,-0.003650,-0.127857,-0.039216,-0.035243,-0.253389,0.003288,0.245031,0.014051,-0.072161,0.235449,-0.093364,-0.025033,-0.587835,-0.148631,0.370196,0.162258,0.132233,-0.583006,0.106628,-0.203174,-0.053153,-0.539613,-0.385115,-0.031919,0.119785,-0.004393,0.480012,0.572858,-0.353992,-0.115951,0.315322,-0.058323,-0.344354,-0.109850,0.234392,0.349557,0.420010,-0.000958,0.094322,-0.430210,0.025430,0.253325,0.300778,0.340039,0.001212,-0.236302,-0.140141,0.213724,0.006670,0.267494,0.367569,0.022249,0.190662,0.347360,0.148289,-0.041032,0.381780,-0.458638,0.069720,-0.216451,-0.060536,-0.020939,-0.044385,0.040947,-0.116993,-0.041437,0.032973,0.206640,-0.157606,-0.118035,-0.037188,0.143920,-0.406120,0.389665,-0.198061,0.087174,0.283317,0.186898,0.107919,0.014309,-0.001461,0.053307,0.191474,-0.348239,-0.296819,0.012281,0.205813,-0.049491,-0.335540,0.378655,0.073079,-0.040444,-0.049426,-0.348803,-0.024159,-0.006446,-0.038874,-0.067670,0.054432,0.000731
542,21.260000,-0.025746,-0.024339,-0.302105,-0.064891,-0.694973,0.028077,-0.369364,-0.253183,0.345770,-0.215598,0.012288,-0.010503,0.138938,-0.168021,0.017107,0.006735,-0.009048,-0.380823,-0.076698,0.064507,0.363530,0.000039,-0.313393,-0.021105,0.077288,0.036164,0.249806,-0.320526,-0.006493,-0.129341,-0.032436,-0.039170,-0.255023,-0.001940,0.223138,0.015112,-0.070683,0.230392,-0.099045,-0.026023,-0.589837,-0.148482,0.371700,0.138595,0.141308,-0.579352,0.107417,-0.210359,-0.058138,-0.549701,-0.390049,-0.040862,0.128698,-0.004275,0.467269,0.574069,-0.357495,-0.122908,0.318344,-0.062660,-0.344740,-0.111473,0.225979,0.346310,0.447630,-0.000980,0.092293,-0.435388,0.026021,0.243810,0.316669,0.328586,-0.001687,-0.241852,-0.142183,0.214330,0.004362,0.274788,0.370602,0.021255,0.186746,0.345585,0.157229,-0.039514,0.371835,-0.455043,0.082053,-0.218450,-0.062227,-0.027147,-0.041818,0.036364,-0.114086,-0.044542,0.031316,0.200899,-0.155606,-0.116389,-0.035042,0.149478,-0.407083,0.393979,-0.200592,0.092802,0.278740,0.192871,0.103878,0.015423,0.004619,0.047053,0.202644,-0.352632,-0.301105,0.013488,0.209934,-0.059624,-0.334959,0.386250,0.054490,-0.040548,-0.044591,-0.349716,-0.030660,-0.008384,-0.040788,-0.064654,0.055427,0.000244
543,21.280000,-0.025912,-0.025219,-0.307748,-0.062936,-0.693811,0.028647,-0.380293,-0.256399,0.353662,-0.209378,0.011989,-0.009152,0.145484,-0.149772,0.023784,0.006695,-0.011932,-0.388883,-0.071748,0.062259,0.357010,0.000041,-0.308026,-0.024131,0.080673,0.037626,0.253609,-0.316516,-0.011092,-0.122042,-0.020058,-0.038855,-0.256917,-0.005148,0.217977,0.014295,-0.066255,0.234531,-0.099195,-0.026607,-0.590857,-0.149017,0.363077,0.113311,0.142683,-0.561991,0.102377,-0.208141,-0.060341,-0.558517,-0.379151,-0.042883,0.120731,-0.004144,0.475847,0.565805,-0.357991,-0.120151,0.307903,-0.063417,-0.356371,-0.112819,0.233690,0.337056,0.432563,-0.001042,0.109025,-0.433122,0.025225,0.233616,0.316638,0.326457,-0.004625,-0.240129,-0.138812,0.216709,0.002963,0.272255,0.369303,0.020966,0.197014,0.360168,0.167211,-0.041592,0.374415,-0.454499,0.076476,-0.213138,-0.062162,-0.029948,-0.042263,0.044007,-0.087093,-0.042003,0.032785,0.201839,-0.150247,-0.115727,-0.032399,0.146153,-0.397830,0.390004,-0.197847,0.092061,0.279712,0.185208,0.107276,0.017385,0.005937,0.046751,0.195962,-0.349222,-0.305507,0.014322,0.209312,-0.068639,-0.331955,0.395886,0.044672,-0.044665,-0.034579,-0.352820,-0.033292,-0.017823,-0.042422,-0.061789,0.055884,-0.000076
544,21.300000,-0.026014,-0.026414,-0.293101,-0.056592,-0.690824,0.030267,-0.365994,-0.260460,0.347899,-0.202267,0.014107,-0.009944,0.135115,-0.131454,0.016677,0.009809,-0.002908,-0.388734,-0.068499,0.059256,0.364094,0.000041,-0.305506,-0.024887,0.069099,0.038322,0.249295,-0.322123,-0.013090,-0.123098,-0.011243,-0.042767,-0.253832,-0.006613,0.212277,0.013536,-0.065854,0.223903,-0.102652,-0.026361,-0.589850,-0.150928,0.371237,0.087468,0.141958,-0.555182,0.102989,-0.211838,-0.062573,-0.562736,-0.383770,-0.046363,0.122870,-0.003803,0.472818,0.567271,-0.351843,-0.124414,0.315857,-0.064467,-0.360246,-0.114255,0.231129,0.329369,0.450074,-0.001070,0.109393,-0.439475,0.026320,0.227405,0.310100,0.324787,-0.008092,-0.240833,-0.145696,0.214369,0.001922,0.272086,0.368275,0.020158,0.189620,0.357915,0.181280,-0.042640,0.377924,-0.451590,0.084866,-0.213365,-0.062080,-0.039309,-0.038889,0.034496,-0.095043,-0.050438,0.030355,0.191742,-0.149074,-0.121886,-0.030754,0.146072,-0.403167,0.383133,-0.201023,0.095190,0.282198,0.183899,0.105957,0.018627,0.005740,0.044702,0.201892,-0.353279,-0.312709,0.014958,0.216001,-0.075171,-0.333589,0.395872,0.037553,-0.047324,-0.031071,-0.347168,-0.036893,-0.016249,-0.042439,-0.065283,0.057313,-0.000350
545,21.320000,-0.026396,-0.028207,-0.298977,-0.057650,-0.690549,0.029279,-0.380356,-0.269119,0.353245,-0.202719,0.011736,-0.009260,0.137482,-0.113303,0.020817,0.009715,-0.008506,-0.404947,-0.061368,0.059013,0.361641,0.000052,-0.299880,-0.026552,0.057430,0.041114,0.255602,-0.318830,-0.015448,-0.116555,-0.006468,-0.043500,-0.254773,-0.006359,0.206159,0.013038,-0.068746,0.228161,-0.101272,-0.026592,-0.589754,-0.151259,0.365957,0.062389,0.144317,-0.542200,0.103514,-0.213916,-0.064677,-0.560826,-0.376948,-0.047062,0.118392,-0.003651,0.478635,0.563153,-0.351125,-0.125095,0.309368,-0.065086,-0.359078,-0.115283,0.235246,0.313194,0.424071,-0.001167,0.117042,-0.442208,0.026405,0.221690,0.316115,0.321752,-0.010810,-0.239005,-0.138064,0.216624,0.000888,0.269902,0.364254,0.020882,0.198597,0.360940,0.194072,-0.044599,0.374393,-0.451489,0.074420,-0.214134,-0.063099,-0.038836,-0.040891,0.042057,-0.080682,-0.045767,0.031454,0.193240,-0.149332,-0.119251,-0.027906,0.145003,-0.396328,0.391278,-0.199374,0.096928,0.278173,0.177841,0.104107,0.019602,0.002798,0.046930,0.195100,-0.336910,-0.311711,0.015046,0.214004,-0.080421,-0.329424,0.403828,0.036823,-0.053000,-0.031033,-0.350176,-0.039086,-0.028367,-0.042365,-0.066264,0.058454,-0.000852
546,21.340000,-0.026842,-0.028270,-0.284163,-0.053269,-0.684993,0.030603,-0.365709,-0.272741,0.348355,-0.198848,0.015413,-0.010635,0.126938,-0.095403,0.015701,0.011160,-0.000785,-0.401472,-0.055639,0.056634,0.363998,0.000049,-0.294345,-0.027131,0.042298,0.042333,0.252809,-0.319892,-0.016695,-0.118262,-0.003947,-0.045655,-0.253007,-0.007435,0.204223,0.011410,-0.068593,0.216429,-0.103317,-0.026354,-0.587616,-0.153570,0.374629,0.036732,0.145275,-0.538339,0.106039,-0.219866,-0.067581,-0.562017,-0.379549,-0.050956,0.121909,-0.003239,0.477446,0.564451,-0.343087,-0.129213,0.314345,-0.065620,-0.362327,-0.117149,0.228337,0.303766,0.441151,-0.001224,0.118306,-0.449070,0.027329,0.217160,0.306225,0.320424,-0.014251,-0.245913,-0.144072,0.212649,0.000042,0.263888,0.361193,0.020218,0.197396,0.358385,0.208844,-0.045350,0.382685,-0.450060,0.075537,-0.219497,-0.063386,-0.045968,-0.038248,0.032217,-0.096490,-0.054279,0.028746,0.186534,-0.151867,-0.120888,-0.026490,0.145578,-0.403551,0.388111,-0.205115,0.101007,0.277453,0.172313,0.100956,0.018944,0.002309,0.047427,0.201474,-0.341628,-0.315142,0.015165,0.225348,-0.084494,-0.328916,0.400184,0.031514,-0.057706,-0.024812,-0.348642,-0.043655,-0.023768,-0.042397,-0.072767,0.060123,-0.001288
547,21.360000,-0.027435,-0.028403,-0.306099,-0.044574,-0.685131,0.029841,-0.374495,-0.268766,0.354768,-0.198957,0.011373,-0.010549,0.151085,-0.078024,0.007689,0.010550,-0.001771,-0.396189,-0.056155,0.062455,0.349914,0.000072,-0.302808,-0.027325,0.065425,0.044086,0.236109,-0.328357,-0.010422,-0.114502,-0.001291,-0.049137,-0.257119,-0.009869,0.192848,0.012920,-0.068137,0.230273,-0.101320,-0.027298,-0.589953,-0.151329,0.346328,0.014689,0.146381,-0.535457,0.106663,-0.218396,-0.068162,-0.558945,-0.390639,-0.054809,0.133542,-0.003057,0.472200,0.560710,-0.346302,-0.132862,0.302679,-0.068297,-0.349878,-0.120120,0.224102,0.303131,0.442320,-0.001351,0.103128,-0.443404,0.028985,0.211972,0.332501,0.313072,-0.016686,-0.246616,-0.125260,0.216098,-0.001283,0.272757,0.360240,0.020456,0.204938,0.342193,0.215958,-0.045644,0.377504,-0.450340,0.079375,-0.225291,-0.066838,-0.042881,-0.039542,0.037491,-0.044877,-0.040529,0.032093,0.198737,-0.143248,-0.126471,-0.024019,0.142555,-0.376338,0.391157,-0.202635,0.112352,0.270096,0.186897,0.105453,0.019951,0.007049,0.046486,0.201022,-0.340875,-0.308623,0.013999,0.226128,-0.090053,-0.332746,0.407621,0.023850,-0.049189,-0.032041,-0.353951,-0.056863,-0.019768,-0.045077,-0.062385,0.060423,-0.001605
548,21.380000,-0.027535,-0.027359,-0.292952,-0.047486,-0.683067,0.030142,-0.362281,-0.270758,0.358075,-0.191176,0.016180,-0.010031,0.140983,-0.061836,0.014169,0.012595,0.005085,-0.388436,-0.043524,0.056959,0.342154,0.000041,-0.299598,-0.029070,0.063475,0.047700,0.232268,-0.330506,-0.018414,-0.115761,0.003788,-0.047997,-0.264766,-0.010874,0.198483,0.010621,-0.062661,0.220189,-0.102356,-0.027868,-0.591577,-0.155114,0.362642,-0.008983,0.151072,-0.521118,0.102771,-0.221016,-0.072930,-0.566422,-0.380799,-0.058267,0.130324,-0.002707,0.470965,0.562871,-0.339262,-0.134821,0.305489,-0.071776,-0.361057,-0.120472,0.229843,0.308707,0.462194,-0.001425,0.110964,-0.451680,0.027894,0.205855,0.328625,0.311725,-0.020084,-0.254220,-0.135102,0.206539,-0.001210,0.268299,0.362648,0.019495,0.208975,0.352953,0.221800,-0.046968,0.380652,-0.453421,0.077759,-0.226385,-0.065409,-0.048102,-0.037209,0.026713,-0.062166,-0.051421,0.028942,0.189977,-0.140205,-0.126760,-0.022406,0.146731,-0.389558,0.383683,-0.205083,0.114373,0.266095,0.181336,0.106867,0.017882,0.009169,0.040493,0.202196,-0.345959,-0.314588,0.013278,0.234029,-0.092957,-0.332449,0.407856,0.020816,-0.052303,-0.024969,-0.355248,-0.056811,-0.023138,-0.044216,-0.067913,0.061405,-0.001364
549,21.400000,-0.028344,-0.029358,-0.301350,-0.051401,-0.683520,0.028951,-0.381397,-0.288838,0.352915,-0.185335,0.013903,-0.009434,0.134352,-0.045813,0.023459,0.010709,-0.001826,-0.411784,-0.038488,0.056440,0.347155,0.000064,-0.294947,-0.032363,0.049127,0.046289,0.253424,-0.320312,-0.020463,-0.112284,0.004677,-0.048421,-0.267115,-0.009238,0.199565,0.009004,-0.063879,0.219646,-0.098477,-0.028059,-0.587528,-0.156108,0.363220,-0.032946,0.143994,-0.502592,0.101824,-0.219792,-0.074877,-0.564276,-0.372784,-0.053896,0.119948,-0.002279,0.485848,0.553802,-0.332354,-0.128762,0.296245,-0.069644,-0.355294,-0.121532,0.235175,0.296117,0.426018,-0.001552,0.117388,-0.455350,0.028028,0.201099,0.330712,0.305758,-0.022927,-0.254661,-0.128402,0.209214,-0.001651,0.257313,0.361134,0.019917,0.213807,0.362845,0.236408,-0.048036,0.375448,-0.455129,0.060385,-0.219888,-0.065110,-0.046041,-0.038937,0.034275,-0.046329,-0.047702,0.029750,0.189412,-0.138169,-0.124364,-0.020020,0.141952,-0.385123,0.387613,-0.192616,0.113196,0.264497,0.175644,0.107134,0.018195,0.003809,0.044334,0.194353,-0.332023,-0.316740,0.012558,0.228954,-0.097339,-0.329629,0.413442,0.025005,-0.059237,-0.023049,-0.360658,-0.055527,-0.035576,-0.042469,-0.069670,0.063930,-0.001537
550,21.420000,-0.028864,-0.030736,-0.299658,-0.046300,-0.678740,0.028159,-0.389450,-0.299689,0.358758,-0.187008,0.014826,-0.010624,0.130435,-0.029052,0.024522,0.012129,-0.004754,-0.427971,-0.037734,0.057032,0.354358,0.000065,-0.302266,-0.032641,0.032766,0.046897,0.259686,-0.329376,-0.019254,-0.110458,-0.002336,-0.050332,-0.257706,-0.010944,0.194782,0.008816,-0.068935,0.214623,-0.099855,-0.026272,-0.586928,-0.158294,0.360901,-0.054360,0.152256,-0.503490,0.109164,-0.226647,-0.077581,-0.554572,-0.371772,-0.056607,0.127615,-0.001723,0.492630,0.555287,-0.326863,-0.138216,0.299754,-0.069860,-0.347516,-0.123267,0.219470,0.282695,0.431863,-0.001655,0.109298,-0.462995,0.029031,0.196319,0.332386,0.305688,-0.026285,-0.261977,-0.118286,0.207360,-0.002735,0.253232,0.356566,0.019899,0.212619,0.352875,0.252665,-0.050028,0.369106,-0.450138,0.057348,-0.225747,-0.066225,-0.046271,-0.037281,0.037752,-0.043931,-0.049409,0.029654,0.186143,-0.143353,-0.121613,-0.018786,0.138662,-0.386382,0.397665,-0.199288,0.118259,0.261057,0.168404,0.104233,0.019403,0.000260,0.043132,0.201096,-0.319971,-0.313916,0.012313,0.237265,-0.095152,-0.329701,0.409262,0.023361,-0.065711,-0.033970,-0.364152,-0.064546,-0.037492,-0.042519,-0.075440,0.066993,-0.001735
551,21.440000,-0.029673,-0.030203,-0.304315,-0.036883,-0.674661,0.028619,-0.381533,-0.288303,0.366981,-0.188456,0.016182,-0.010617,0.144169,-0.013139,0.021237,0.009591,-0.003836,-0.420094,-0.039831,0.059688,0.344119,0.000071,-0.302434,-0.031786,0.046718,0.047937,0.243850,-0.331646,-0.015967,-0.114067,-0.004403,-0.050916,-0.255855,-0.015246,0.193678,0.009440,-0.068061,0.218617,-0.098251,-0.027131,-0.585548,-0.158129,0.341768,-0.073535,0.161233,-0.500717,0.112611,-0.234714,-0.082105,-0.553401,-0.379476,-0.061316,0.137012,-0.001216,0.485318,0.546065,-0.326820,-0.144946,0.291014,-0.072379,-0.348547,-0.125240,0.209134,0.282857,0.443367,-0.001691,0.105260,-0.465603,0.030374,0.188031,0.347251,0.297520,-0.030187,-0.265848,-0.101752,0.212652,-0.004504,0.257360,0.362756,0.019584,0.221842,0.347266,0.262549,-0.049370,0.370938,-0.449933,0.062359,-0.233620,-0.067368,-0.046507,-0.037612,0.032227,-0.004815,-0.043334,0.030553,0.191809,-0.141247,-0.119232,-0.016758,0.137700,-0.379289,0.400794,-0.203391,0.121966,0.249235,0.174728,0.100775,0.018924,0.006459,0.040078,0.212267,-0.328311,-0.307479,0.011948,0.245286,-0.099881,-0.332424,0.408696,0.015867,-0.060686,-0.036889,-0.371802,-0.075864,-0.036834,-0.045429,-0.068286,0.068883,-0.001881
552,21.460000,-0.029858,-0.029199,-0.306514,-0.036710,-0.673134,0.027548,-0.377124,-0.283157,0.368328,-0.178926,0.017455,-0.009185,0.145945,0.001403,0.023142,0.010333,-0.002170,-0.404646,-0.035366,0.057826,0.331401,0.000063,-0.301252,-0.034275,0.064537,0.049131,0.233348,-0.332656,-0.019058,-0.114666,0.005061,-0.050656,-0.262702,-0.018487,0.194100,0.008611,-0.060996,0.220034,-0.098286,-0.027658,-0.586208,-0.159669,0.333265,-0.091795,0.165230,-0.487829,0.108754,-0.230122,-0.083048,-0.559881,-0.381339,-0.066703,0.140783,-0.000699,0.481695,0.546177,-0.326193,-0.146228,0.285649,-0.072989,-0.355280,-0.126884,0.210689,0.288722,0.457934,-0.001773,0.103186,-0.466552,0.030807,0.180307,0.359665,0.292166,-0.034070,-0.273096,-0.096815,0.209518,-0.004888,0.260876,0.367436,0.018555,0.226043,0.352461,0.265850,-0.051551,0.374948,-0.452043,0.068432,-0.231853,-0.066851,-0.050150,-0.036233,0.024295,0.026036,-0.042457,0.029728,0.194038,-0.131406,-0.123777,-0.015013,0.134619,-0.371577,0.391583,-0.202858,0.124715,0.238837,0.178666,0.105421,0.018879,0.013372,0.036122,0.217101,-0.332771,-0.304687,0.011243,0.249125,-0.106084,-0.338020,0.410314,0.010337,-0.056624,-0.028797,-0.378300,-0.085439,-0.039344,-0.045893,-0.063406,0.069459,-0.001769
553,21.480000,-0.030502,-0.029604,-0.295100,-0.045071,-0.671611,0.025743,-0.373962,-0.295115,0.363865,-0.168379,0.018494,-0.008812,0.122219,0.015822,0.029261,0.012233,-0.000015,-0.407142,-0.022648,0.052723,0.335378,0.000063,-0.289072,-0.037010,0.051197,0.048484,0.245621,-0.325449,-0.026164,-0.112468,0.014671,-0.049874,-0.267098,-0.018646,0.191632,0.006258,-0.059228,0.210733,-0.099262,-0.027907,-0.581816,-0.163178,0.350191,-0.112574,0.161239,-0.465626,0.105417,-0.230680,-0.085133,-0.564728,-0.370153,-0.066673,0.134378,-0.000160,0.485836,0.546665,-0.315812,-0.142261,0.292441,-0.070655,-0.362287,-0.127139,0.218252,0.281003,0.452342,-0.001823,0.109944,-0.474264,0.031034,0.175040,0.354522,0.287945,-0.037763,-0.275985,-0.108467,0.200846,-0.004333,0.257840,0.370717,0.018179,0.224863,0.363784,0.274499,-0.053225,0.372731,-0.454290,0.059753,-0.227736,-0.064206,-0.056985,-0.035006,0.014363,0.019555,-0.052414,0.027010,0.184238,-0.128639,-0.124586,-0.013380,0.136352,-0.382763,0.386700,-0.199352,0.122365,0.232730,0.174386,0.104194,0.018988,0.010894,0.036995,0.215880,-0.325558,-0.309897,0.011157,0.247217,-0.110868,-0.336179,0.412636,0.012072,-0.063111,-0.018305,-0.377977,-0.083849,-0.048024,-0.043125,-0.071595,0.072925,-0.001787
554,21.500000,-0.030989,-0.031826,-0.308256,-0.044299,-0.671053,0.023247,-0.384409,-0.301312,0.362852,-0.163657,0.014533,-0.009033,0.127102,0.029433,0.030725,0.014479,-0.002448,-0.414151,-0.020803,0.054997,0.339905,0.000100,-0.291690,-0.037212,0.048717,0.047898,0.251696,-0.328152,-0.023353,-0.108704,0.019090,-0.051601,-0.261436,-0.019391,0.184952,0.005494,-0.061395,0.216596,-0.097395,-0.027402,-0.578368,-0.162569,0.334550,-0.131904,0.157776,-0.460930,0.107839,-0.232727,-0.084040,-0.557429,-0.375362,-0.066771,0.135875,0.000233,0.490295,0.542763,-0.309884,-0.146318,0.291320,-0.069107,-0.354723,-0.129083,0.216620,0.269809,0.438810,-0.001935,0.102754,-0.476722,0.033340,0.171787,0.360880,0.287192,-0.040120,-0.273364,-0.096998,0.202798,-0.004504,0.258251,0.369650,0.018695,0.225879,0.352170,0.286677,-0.054988,0.369240,-0.454111,0.057147,-0.229910,-0.064568,-0.057833,-0.035153,0.014554,0.059806,-0.047686,0.028660,0.187665,-0.126102,-0.126887,-0.011878,0.132501,-0.369709,0.387097,-0.199953,0.126472,0.224463,0.176821,0.103098,0.021336,0.007888,0.038576,0.217580,-0.317600,-0.304591,0.010269,0.245711,-0.113233,-0.336037,0.413904,0.012020,-0.061112,-0.026351,-0.374965,-0.094350,-0.052386,-0.043367,-0.068431,0.075307,-0.001690
555,21.520000,-0.031284,-0.032710,-0.313900,-0.040028,-0.669521,0.021606,-0.387507,-0.299775,0.369738,-0.162617,0.015870,-0.008932,0.132831,0.042975,0.032961,0.016815,-0.002120,-0.414922,-0.016924,0.055596,0.334229,0.000097,-0.296683,-0.036442,0.053875,0.049302,0.245294,-0.334597,-0.024541,-0.108615,0.019270,-0.051927,-0.259951,-0.021160,0.185845,0.004412,-0.060398,0.215592,-0.096232,-0.027086,-0.579145,-0.163080,0.327205,-0.148662,0.166335,-0.459153,0.109050,-0.237127,-0.086981,-0.553091,-0.377374,-0.071153,0.139344,0.000746,0.489318,0.543181,-0.307634,-0.155669,0.289487,-0.072495,-0.351910,-0.130258,0.211321,0.268827,0.447480,-0.002016,0.096770,-0.482172,0.033716,0.168133,0.371303,0.285538,-0.042784,-0.279115,-0.086380,0.201701,-0.004848,0.258177,0.370834,0.018456,0.232475,0.348673,0.294833,-0.056515,0.364720,-0.455317,0.059550,-0.234677,-0.065716,-0.057011,-0.034436,0.012994,0.081437,-0.045801,0.028694,0.188675,-0.125011,-0.124921,-0.010481,0.133554,-0.365539,0.389132,-0.204357,0.132811,0.212635,0.175189,0.102926,0.019949,0.009842,0.034123,0.223475,-0.313824,-0.297244,0.008860,0.252865,-0.115366,-0.339964,0.410954,0.008917,-0.058588,-0.030244,-0.378297,-0.107337,-0.059443,-0.042956,-0.066617,0.076859,-0.001455
556,21.540000,-0.032248,-0.031727,-0.307873,-0.039247,-0.666833,0.020756,-0.374402,-0.293767,0.370662,-0.157525,0.018063,-0.008887,0.126193,0.055967,0.030329,0.017834,0.009008,-0.401334,-0.009829,0.054247,0.327245,0.000092,-0.291356,-0.036297,0.061452,0.048565,0.235578,-0.329089,-0.028197,-0.112185,0.024646,-0.051977,-0.266672,-0.022890,0.182497,0.002595,-0.057670,0.208266,-0.096028,-0.028459,-0.575910,-0.164644,0.327548,-0.165595,0.164578,-0.445039,0.105975,-0.243532,-0.090502,-0.558532,-0.380072,-0.073248,0.141232,0.001330,0.482239,0.538538,-0.301718,-0.155763,0.288668,-0.073398,-0.356635,-0.131492,0.212760,0.271718,0.461546,-0.002034,0.095110,-0.491470,0.034893,0.163340,0.377047,0.276614,-0.046130,-0.284552,-0.087146,0.198785,-0.004926,0.261135,0.379558,0.017534,0.233699,0.352214,0.300085,-0.054595,0.365994,-0.458931,0.061659,-0.237578,-0.064959,-0.061731,-0.033174,0.003425,0.095348,-0.048970,0.026671,0.186604,-0.120496,-0.126033,-0.008950,0.137362,-0.371377,0.383575,-0.204377,0.136417,0.200448,0.180376,0.098536,0.017994,0.016075,0.031997,0.230784,-0.321763,-0.296692,0.008177,0.257940,-0.121613,-0.341633,0.411502,0.007343,-0.055374,-0.020098,-0.381044,-0.113959,-0.062458,-0.042760,-0.065925,0.079433,-0.001332
557,21.560000,-0.032744,-0.031751,-0.306953,-0.045355,-0.665851,0.018370,-0.381126,-0.299962,0.370009,-0.149537,0.015139,-0.008416,0.115466,0.067497,0.035341,0.022253,0.010855,-0.401938,-0.002443,0.053339,0.324013,0.000105,-0.291154,-0.038085,0.060726,0.050218,0.243115,-0.324008,-0.029972,-0.107478,0.032413,-0.051816,-0.271215,-0.022726,0.178419,0.000738,-0.057734,0.209183,-0.095126,-0.028622,-0.575083,-0.166015,0.323916,-0.182206,0.158855,-0.427159,0.101849,-0.240103,-0.088440,-0.558543,-0.377930,-0.074311,0.138429,0.001681,0.487717,0.541971,-0.295672,-0.155114,0.289678,-0.072290,-0.356276,-0.132849,0.219490,0.266624,0.451608,-0.002172,0.091469,-0.497585,0.036275,0.159580,0.378194,0.276382,-0.048532,-0.284711,-0.088796,0.193677,-0.004495,0.263250,0.379681,0.017747,0.234032,0.352828,0.304353,-0.056553,0.366199,-0.459812,0.057393,-0.236979,-0.063739,-0.065169,-0.032826,-0.004982,0.108257,-0.048366,0.026455,0.186927,-0.117037,-0.130361,-0.007693,0.135456,-0.371981,0.380451,-0.204655,0.137818,0.190927,0.179062,0.099876,0.018472,0.014872,0.034526,0.228606,-0.310654,-0.296894,0.007140,0.256859,-0.124177,-0.343444,0.413849,0.008715,-0.055084,-0.016783,-0.379851,-0.118221,-0.065683,-0.041826,-0.069820,0.080764,-0.001158
558,21.580000,-0.032679,-0.033370,-0.323189,-0.042346,-0.666240,0.016223,-0.388119,-0.299098,0.374445,-0.143132,0.012691,-0.008569,0.131052,0.077931,0.040410,0.026478,0.012474,-0.396182,-0.005986,0.056997,0.314490,0.000129,-0.307373,-0.038591,0.080346,0.052839,0.236723,-0.334265,-0.025616,-0.103100,0.036968,-0.053629,-0.270848,-0.024109,0.177192,-0.000256,-0.056437,0.217468,-0.093136,-0.028379,-0.574627,-0.165254,0.302084,-0.197153,0.158612,-0.433676,0.101474,-0.237458,-0.086942,-0.551757,-0.387914,-0.077059,0.142169,0.001946,0.485633,0.542185,-0.296658,-0.160734,0.284713,-0.073771,-0.347747,-0.135080,0.216109,0.272834,0.458212,-0.002298,0.076411,-0.497001,0.038655,0.157262,0.393320,0.277614,-0.049822,-0.286738,-0.076743,0.195948,-0.004542,0.269735,0.380231,0.017750,0.237279,0.340641,0.308440,-0.057377,0.364862,-0.461625,0.066178,-0.237121,-0.064985,-0.065087,-0.032210,-0.004385,0.147459,-0.040181,0.027965,0.193711,-0.110582,-0.138355,-0.006646,0.133484,-0.353538,0.376419,-0.207652,0.147414,0.179284,0.184970,0.104592,0.018893,0.017926,0.032766,0.229962,-0.309929,-0.291427,0.005316,0.259583,-0.125116,-0.347815,0.415021,0.005491,-0.046382,-0.028654,-0.375418,-0.131238,-0.066444,-0.043120,-0.064449,0.080382,-0.000693
559,21.600000,-0.032804,-0.034737,-0.337830,-0.042208,-0.667608,0.014567,-0.410698,-0.306482,0.382389,-0.140543,0.013038,-0.007768,0.132826,0.089572,0.053045,0.025583,0.004581,-0.411159,-0.006444,0.057885,0.305791,0.000125,-0.320867,-0.038824,0.090401,0.055546,0.241305,-0.335942,-0.028656,-0.102000,0.033662,-0.051520,-0.274401,-0.023998,0.185602,-0.001803,-0.055315,0.217827,-0.088702,-0.028039,-0.576960,-0.165775,0.298896,-0.210877,0.166503,-0.426608,0.099368,-0.237229,-0.091776,-0.548881,-0.381676,-0.077750,0.136273,0.002329,0.488303,0.539486,-0.297253,-0.164567,0.277713,-0.077816,-0.337655,-0.135547,0.215392,0.278597,0.451062,-0.002463,0.070587,-0.500369,0.037296,0.153047,0.408552,0.273277,-0.051975,-0.294398,-0.065659,0.194198,-0.004912,0.265269,0.385377,0.017517,0.252425,0.347083,0.312938,-0.058790,0.353041,-0.463689,0.060313,-0.237690,-0.066014,-0.057768,-0.033270,0.018109,0.171243,-0.034006,0.028726,0.197189,-0.108037,-0.133060,-0.005446,0.133621,-0.348405,0.383504,-0.201740,0.154164,0.168570,0.180956,0.111077,0.016231,0.019795,0.028940,0.224853,-0.296926,-0.286169,0.003351,0.261616,-0.125127,-0.351705,0.414456,0.003370,-0.046216,-0.033389,-0.386090,-0.137476,-0.085424,-0.040951,-0.065683,0.082605,-0.000310
560,21.620000,-0.034455,-0.032534,-0.322561,-0.036959,-0.663184,0.013346,-0.395918,-0.303234,0.390391,-0.138755,0.016083,-0.008668,0.110658,0.102300,0.042223,0.027905,0.020053,-0.402728,-0.002997,0.057371,0.311866,0.000111,-0.323280,-0.037277,0.093437,0.049321,0.231224,-0.336428,-0.031070,-0.110779,0.028593,-0.053587,-0.280253,-0.025611,0.175971,-0.002220,-0.055234,0.201847,-0.090595,-0.028417,-0.574308,-0.168143,0.309021,-0.223343,0.166767,-0.419316,0.101909,-0.246043,-0.097960,-0.553402,-0.382824,-0.077229,0.147277,0.003085,0.478239,0.534984,-0.289729,-0.166660,0.286799,-0.078743,-0.332072,-0.137208,0.205756,0.280959,0.480671,-0.002398,0.052832,-0.506489,0.039026,0.145935,0.414476,0.260863,-0.056615,-0.304219,-0.064477,0.184269,-0.005553,0.269595,0.399946,0.015578,0.243713,0.345037,0.319052,-0.055023,0.346845,-0.460993,0.063965,-0.245416,-0.064774,-0.063895,-0.030774,0.006341,0.174620,-0.043662,0.026040,0.190901,-0.105377,-0.136885,-0.004038,0.138694,-0.365660,0.382517,-0.203601,0.160937,0.160281,0.195544,0.107340,0.015463,0.025543,0.024713,0.234859,-0.302024,-0.289320,0.003381,0.266271,-0.128593,-0.355746,0.408112,0.003540,-0.045516,-0.026901,-0.395456,-0.139875,-0.083849,-0.040313,-0.073309,0.088353,-0.000020
561,21.640000,-0.035233,-0.032009,-0.316616,-0.048237,-0.661769,0.010674,-0.398031,-0.301429,0.386682,-0.134751,0.013964,-0.007909,0.095000,0.112543,0.050934,0.031131,0.020210,-0.403184,0.006157,0.055256,0.309162,0.000122,-0.314114,-0.038855,0.084933,0.051783,0.240873,-0.324684,-0.031653,-0.106439,0.034407,-0.050301,-0.284003,-0.024539,0.176993,-0.003626,-0.057351,0.206056,-0.090237,-0.029135,-0.571712,-0.170300,0.306646,-0.236857,0.163749,-0.395221,0.098366,-0.245492,-0.095744,-0.553263,-0.373080,-0.077559,0.140784,0.003480,0.481832,0.533195,-0.281394,-0.165743,0.287875,-0.075256,-0.337578,-0.137846,0.217129,0.274835,0.457584,-0.002466,0.056586,-0.513106,0.040444,0.137069,0.414721,0.263434,-0.059199,-0.298766,-0.067858,0.180350,-0.005307,0.273035,0.406686,0.016675,0.245590,0.349427,0.318874,-0.057360,0.350653,-0.461321,0.054908,-0.248910,-0.061918,-0.066581,-0.031547,-0.005032,0.179818,-0.047751,0.026869,0.191421,-0.103690,-0.134954,-0.002869,0.136922,-0.373387,0.378621,-0.208351,0.150610,0.149152,0.194398,0.100447,0.016492,0.021748,0.026027,0.233064,-0.292137,-0.292795,0.002782,0.260915,-0.129115,-0.352837,0.408508,0.006663,-0.046413,-0.025970,-0.391791,-0.135127,-0.088338,-0.039448,-0.080116,0.090526,0.000274
562,21.660000,-0.034717,-0.033024,-0.328055,-0.046302,-0.661750,0.008357,-0.394154,-0.299222,0.384910,-0.127048,0.011912,-0.007990,0.104634,0.120991,0.059686,0.035829,0.021128,-0.391217,0.004669,0.057447,0.303583,0.000146,-0.318674,-0.041712,0.097265,0.054198,0.235350,-0.329735,-0.026860,-0.103039,0.044611,-0.051667,-0.283577,-0.025157,0.179904,-0.004507,-0.054713,0.214379,-0.091324,-0.028676,-0.568700,-0.170293,0.288329,-0.248928,0.160907,-0.405781,0.098802,-0.240388,-0.091098,-0.548747,-0.383486,-0.080162,0.140302,0.003740,0.482064,0.536846,-0.281939,-0.170999,0.283967,-0.073962,-0.335978,-0.139765,0.213993,0.278634,0.459372,-0.002540,0.047996,-0.514151,0.044010,0.134887,0.423193,0.269414,-0.059534,-0.300535,-0.060149,0.183812,-0.005066,0.277342,0.404412,0.016873,0.243288,0.341395,0.321113,-0.059157,0.361553,-0.463474,0.065697,-0.242630,-0.061787,-0.070353,-0.030565,-0.011137,0.197450,-0.046106,0.027488,0.197921,-0.099026,-0.145149,-0.001918,0.132773,-0.352734,0.365403,-0.213754,0.153127,0.139822,0.198587,0.103158,0.016894,0.023061,0.026198,0.237231,-0.297778,-0.289305,0.001130,0.263160,-0.129264,-0.356415,0.411457,0.003900,-0.038790,-0.035201,-0.378215,-0.145922,-0.084433,-0.040684,-0.077160,0.088921,0.000585
563,21.680000,-0.034362,-0.032703,-0.336005,-0.046958,-0.662008,0.006556,-0.398388,-0.301954,0.394138,-0.124592,0.011070,-0.008187,0.103784,0.129916,0.065965,0.035040,0.016783,-0.393960,0.009781,0.058000,0.297498,0.000149,-0.326573,-0.041079,0.102971,0.058022,0.230039,-0.328943,-0.028702,-0.099829,0.050693,-0.050011,-0.284574,-0.024127,0.176327,-0.006199,-0.056850,0.218260,-0.091846,-0.029764,-0.570413,-0.170971,0.284547,-0.260348,0.166554,-0.404236,0.097558,-0.243605,-0.094771,-0.544628,-0.381140,-0.083632,0.138453,0.004071,0.475997,0.541033,-0.282042,-0.176333,0.282761,-0.076295,-0.329650,-0.140714,0.216711,0.282151,0.452506,-0.002658,0.041744,-0.510766,0.044035,0.134351,0.438348,0.267510,-0.060399,-0.301760,-0.060132,0.182841,-0.004842,0.279964,0.408549,0.016907,0.253479,0.341567,0.322645,-0.058502,0.349332,-0.461803,0.065697,-0.246850,-0.062373,-0.066442,-0.031306,-0.009727,0.207042,-0.043100,0.027677,0.199969,-0.099167,-0.139142,-0.000914,0.136979,-0.347854,0.372085,-0.213401,0.161084,0.127472,0.199687,0.102130,0.015039,0.025590,0.023176,0.233527,-0.290488,-0.287372,-0.000788,0.261452,-0.128411,-0.356536,0.420492,0.003413,-0.037331,-0.038000,-0.376958,-0.153698,-0.095212,-0.040139,-0.079287,0.090712,0.000767
564,21.700000,-0.035402,-0.016140,-0.299700,-0.026404,-0.647205,0.004435,-0.361706,-0.312893,0.415246,-0.124055,0.010005,-0.008717,0.101293,0.136412,0.054832,0.025729,0.039116,-0.377695,0.012323,0.050128,0.306420,0.000167,-0.355375,-0.043970,0.078260,0.052605,0.201268,-0.315539,-0.027786,-0.100992,0.079699,-0.045393,-0.263633,-0.021707,0.153594,-0.008776,-0.062984,0.216715,-0.097554,-0.041521,-0.589907,-0.181441,0.263393,-0.257076,0.184167,-0.404313,0.118987,-0.233854,-0.112256,-0.536804,-0.365362,-0.099301,0.190920,0.005262,0.462436,0.557505,-0.271427,-0.160403,0.273297,-0.068156,-0.328311,-0.150290,0.245031,0.321395,0.406987,-0.003403,0.021551,-0.360326,0.040219,0.157547,0.457076,0.270402,-0.060050,-0.269389,-0.087118,0.187552,-0.003473,0.278116,0.462783,0.015757,0.289859,0.340867,0.342589,-0.063049,0.318083,-0.382684,0.062962,-0.241508,-0.060474,-0.060178,-0.028754,-0.024578,0.214032,-0.038871,0.028442,0.210489,-0.114416,-0.150117,0.000059,0.143462,-0.365910,0.372665,-0.217169,0.182214,0.134333,0.196712,0.111960,0.015043,0.040458,0.021778,0.211144,-0.331535,-0.301775,-0.003480,0.217328,-0.109796,-0.363367,0.455102,0.009977,-0.036287,0.001773,-0.385083,-0.166044,-0.054467,-0.042965,-0.083257,0.104401,0.001427
565,21.720000,-0.033722,-0.000577,-0.281320,-0.013879,-0.642730,0.002790,-0.344791,-0.313280,0.410398,-0.137783,0.006444,-0.008963,0.114372,0.137118,0.059926,0.023690,0.065931,-0.354419,0.011709,0.048685,0.311601,0.000192,-0.380476,-0.044732,0.052781,0.042524,0.187014,-0.299428,-0.019561,-0.104451,0.096829,-0.048087,-0.254619,-0.021219,0.143300,-0.010339,-0.066617,0.218868,-0.101554,-0.053571,-0.608649,-0.183757,0.249295,-0.253853,0.210164,-0.393354,0.138797,-0.239061,-0.115109,-0.529027,-0.365280,-0.111892,0.219745,0.006493,0.452626,0.551165,-0.269619,-0.152541,0.276852,-0.068635,-0.331712,-0.151012,0.254361,0.361153,0.385477,-0.004218,0.000170,-0.214426,0.049441,0.188231,0.470367,0.282445,-0.059114,-0.250576,-0.099210,0.195290,-0.001898,0.287783,0.493815,0.015926,0.321577,0.316634,0.356524,-0.073615,0.311635,-0.315504,0.073129,-0.234402,-0.062954,-0.057958,-0.028081,-0.031148,0.219528,-0.030390,0.030235,0.219072,-0.121094,-0.159823,0.000775,0.154073,-0.363454,0.377717,-0.216727,0.198447,0.129842,0.191966,0.118371,0.015496,0.053718,0.011036,0.204834,-0.353763,-0.311105,-0.006624,0.193671,-0.102470,-0.375314,0.473345,0.012282,-0.023081,0.016512,-0.392687,-0.174543,-0.005278,-0.045599,-0.083477,0.106253,0.002240
566,21.740000,-0.032070,0.002787,-0.287416,-0.015778,-0.647215,0.001866,-0.367743,-0.322824,0.403184,-0.146066,0.004843,-0.007791,0.113794,0.136686,0.079297,0.027406,0.061051,-0.361598,0.011460,0.047528,0.316034,0.000185,-0.388384,-0.048565,0.023271,0.035475,0.206641,-0.293813,-0.018215,-0.107284,0.097789,-0.049961,-0.260492,-0.020131,0.154427,-0.011320,-0.066059,0.221517,-0.098975,-0.058161,-0.615653,-0.184133,0.257914,-0.255178,0.228744,-0.384673,0.147483,-0.238636,-0.112647,-0.526272,-0.353828,-0.112392,0.205602,0.007631,0.466801,0.539720,-0.273393,-0.153015,0.282151,-0.072783,-0.336139,-0.147669,0.250268,0.374368,0.370851,-0.004222,0.003600,-0.170005,0.061407,0.211516,0.472946,0.294789,-0.058916,-0.254904,-0.092621,0.196801,-0.001470,0.297002,0.494767,0.017520,0.341288,0.313407,0.360031,-0.080596,0.323620,-0.300405,0.067217,-0.227953,-0.062829,-0.055611,-0.030170,-0.034588,0.218444,-0.026433,0.030645,0.223832,-0.117310,-0.152102,0.001346,0.152581,-0.351939,0.377339,-0.204679,0.204888,0.118399,0.177228,0.125879,0.016104,0.052999,0.009985,0.205814,-0.336346,-0.313923,-0.009205,0.191618,-0.102632,-0.379614,0.476143,0.016253,-0.027620,0.012066,-0.403722,-0.168518,0.013657,-0.044887,-0.083047,0.104144,0.002795
567,21.760000,-0.031737,0.001091,-0.288364,-0.013145,-0.645510,0.000908,-0.385902,-0.333114,0.393834,-0.149325,0.006090,-0.007893,0.104797,0.138457,0.093495,0.028723,0.053125,-0.379198,0.008891,0.045609,0.326431,0.000195,-0.390225,-0.053309,-0.006913,0.024580,0.225110,-0.292639,-0.019384,-0.108575,0.090581,-0.050319,-0.257263,-0.020162,0.163348,-0.011626,-0.065207,0.214707,-0.093379,-0.058152,-0.613088,-0.186772,0.264107,-0.257340,0.244578,-0.389164,0.156728,-0.235859,-0.113206,-0.517330,-0.341896,-0.109548,0.197090,0.009227,0.482959,0.527569,-0.272910,-0.152347,0.279419,-0.070293,-0.327448,-0.147771,0.236768,0.369908,0.350634,-0.003611,0.012251,-0.154104,0.064397,0.228372,0.471341,0.301730,-0.058611,-0.261642,-0.086564,0.197818,-0.002163,0.293065,0.492758,0.018005,0.346918,0.316371,0.372286,-0.081982,0.319833,-0.297237,0.058275,-0.220878,-0.060545,-0.052939,-0.031071,-0.030752,0.226599,-0.025267,0.029484,0.220596,-0.118770,-0.137890,0.001854,0.148168,-0.349339,0.380236,-0.196806,0.201556,0.113010,0.162278,0.121925,0.014683,0.048858,0.014798,0.207569,-0.323726,-0.317302,-0.010773,0.191785,-0.104072,-0.375282,0.471827,0.018007,-0.041067,0.007379,-0.415020,-0.164824,0.019477,-0.040728,-0.083324,0.106209,0.003029
568,21.780000,-0.032668,0.003304,-0.264176,-0.008858,-0.637377,-0.000291,-0.367806,-0.323678,0.384431,-0.155643,0.008476,-0.008815,0.080756,0.141971,0.087330,0.031985,0.068159,-0.372632,0.013243,0.042534,0.341359,0.000194,-0.376285,-0.051494,-0.032888,0.017573,0.223346,-0.286875,-0.020145,-0.116597,0.083698,-0.050463,-0.254153,-0.021709,0.161515,-0.011401,-0.067936,0.199897,-0.095303,-0.060107,-0.610447,-0.188416,0.279202,-0.258961,0.256188,-0.385004,0.164217,-0.247151,-0.114593,-0.514005,-0.338749,-0.108794,0.199014,0.010840,0.475831,0.522156,-0.265950,-0.156541,0.291610,-0.068214,-0.329396,-0.147929,0.225512,0.358182,0.360856,-0.002796,0.018475,-0.157708,0.069213,0.241902,0.463153,0.299452,-0.058298,-0.262749,-0.093515,0.194786,-0.002598,0.298499,0.495898,0.017246,0.340191,0.310538,0.379886,-0.079126,0.322948,-0.293803,0.059787,-0.229091,-0.056644,-0.057577,-0.029926,-0.034493,0.213597,-0.036492,0.024954,0.210562,-0.123920,-0.125950,0.002412,0.152852,-0.366180,0.380369,-0.204989,0.194848,0.105886,0.159237,0.100134,0.012869,0.048942,0.017839,0.226465,-0.325986,-0.321808,-0.010667,0.198503,-0.111730,-0.372097,0.465188,0.017866,-0.049451,0.011959,-0.414215,-0.163883,0.029788,-0.037102,-0.088990,0.111243,0.002972
569,21.800000,-0.033354,0.006406,-0.262452,-0.004410,-0.632981,-0.001095,-0.360944,-0.310632,0.384545,-0.157834,0.006264,-0.008506,0.079896,0.141361,0.083497,0.033080,0.075101,-0.355465,0.013442,0.043478,0.335858,0.000225,-0.371020,-0.052498,-0.030908,0.013087,0.217296,-0.280483,-0.014485,-0.116255,0.087845,-0.050808,-0.260515,-0.023248,0.156220,-0.009947,-0.066972,0.205291,-0.094729,-0.062750,-0.610038,-0.187822,0.267094,-0.258949,0.258652,-0.382703,0.161614,-0.244157,-0.107760,-0.513800,-0.345067,-0.111660,0.201708,0.011665,0.476090,0.522430,-0.265927,-0.155587,0.290000,-0.066601,-0.332861,-0.149758,0.220140,0.348532,0.357936,-0.002142,0.017050,-0.154189,0.074626,0.253045,0.465027,0.306536,-0.057069,-0.260780,-0.087644,0.196519,-0.003296,0.311135,0.496067,0.016529,0.338802,0.303251,0.377027,-0.080431,0.336202,-0.291818,0.066365,-0.232083,-0.053405,-0.062544,-0.030092,-0.039459,0.225574,-0.032043,0.025389,0.217531,-0.122057,-0.127130,0.002791,0.148988,-0.355540,0.376581,-0.213615,0.192993,0.096427,0.160074,0.095302,0.012536,0.051617,0.027018,0.235390,-0.327610,-0.318377,-0.010221,0.202902,-0.119681,-0.373367,0.465487,0.014454,-0.044454,0.018067,-0.415458,-0.168818,0.047930,-0.036232,-0.085029,0.110231,0.002640
570,21.820000,-0.032648,0.011130,-0.258770,-0.005297,-0.631157,-0.001777,-0.360370,-0.312575,0.382880,-0.153306,0.005889,-0.008509,0.075334,0.142000,0.091312,0.036048,0.075936,-0.349893,0.017526,0.041940,0.326980,0.000224,-0.369386,-0.055980,-0.028733,0.014531,0.220162,-0.281677,-0.012350,-0.110220,0.094851,-0.050855,-0.266353,-0.023695,0.158578,-0.009615,-0.062723,0.208339,-0.094974,-0.062148,-0.612540,-0.188904,0.265927,-0.259177,0.262500,-0.385710,0.154674,-0.234906,-0.103729,-0.514697,-0.340588,-0.117448,0.195454,0.012462,0.483917,0.530893,-0.266863,-0.154606,0.290522,-0.067146,-0.334682,-0.150636,0.216901,0.344296,0.358046,-0.001436,0.020786,-0.150031,0.075199,0.263701,0.459131,0.317637,-0.055539,-0.262830,-0.088532,0.191684,-0.003596,0.313277,0.488925,0.016025,0.343300,0.304719,0.375303,-0.083517,0.342615,-0.289770,0.069898,-0.233161,-0.050829,-0.066307,-0.029803,-0.045727,0.210600,-0.032682,0.024024,0.219967,-0.123540,-0.128962,0.003245,0.145857,-0.346901,0.371244,-0.217674,0.194692,0.093510,0.149275,0.101239,0.010967,0.053769,0.033669,0.232063,-0.324567,-0.317656,-0.010413,0.205631,-0.121009,-0.372961,0.466584,0.010329,-0.045156,0.022842,-0.415977,-0.174157,0.064603,-0.034040,-0.088084,0.107216,0.002738
571,21.840000,-0.032083,0.012095,-0.269798,-0.002824,-0.631883,-0.002537,-0.364107,-0.314087,0.380681,-0.152184,0.005231,-0.009019,0.082766,0.142953,0.096180,0.031727,0.077196,-0.347858,0.016180,0.043119,0.324923,0.000275,-0.375113,-0.056590,-0.017768,0.012761,0.219224,-0.283072,-0.006507,-0.109101,0.096201,-0.051775,-0.267653,-0.023492,0.160260,-0.009601,-0.060770,0.214895,-0.092477,-0.063547,-0.612896,-0.186678,0.257550,-0.261179,0.264799,-0.393969,0.151430,-0.234758,-0.103777,-0.512333,-0.344139,-0.118603,0.187995,0.013122,0.484362,0.528143,-0.269496,-0.152095,0.287487,-0.068116,-0.325328,-0.151447,0.211223,0.344331,0.356648,-0.000696,0.018838,-0.146041,0.077989,0.273430,0.464064,0.319523,-0.054481,-0.259964,-0.079928,0.194214,-0.004442,0.315352,0.486979,0.015238,0.349154,0.299632,0.376577,-0.079692,0.338746,-0.288152,0.071624,-0.235037,-0.049118,-0.065081,-0.030796,-0.049872,0.223045,-0.026480,0.024404,0.225187,-0.120472,-0.127209,0.003591,0.145770,-0.331979,0.373103,-0.214066,0.199827,0.090676,0.151491,0.102035,0.010177,0.059282,0.036014,0.232031,-0.329342,-0.316261,-0.011404,0.205313,-0.125483,-0.372710,0.470511,0.007783,-0.042878,0.018340,-0.414789,-0.180713,0.075754,-0.032931,-0.083338,0.107171,0.002957
572,21.860000,-0.031670,0.014752,-0.271214,-0.005585,-0.629731,-0.003154,-0.378614,-0.322954,0.381574,-0.154503,0.005351,-0.008905,0.076144,0.143726,0.104645,0.030412,0.073143,-0.361821,0.020031,0.042099,0.326898,0.000280,-0.379094,-0.057192,-0.019703,0.013605,0.229682,-0.279701,-0.007546,-0.108592,0.091974,-0.050227,-0.269641,-0.022647,0.163194,-0.010486,-0.060939,0.212274,-0.090117,-0.063426,-0.615039,-0.186836,0.263475,-0.262901,0.274832,-0.393169,0.148516,-0.235566,-0.105049,-0.507150,-0.335030,-0.118456,0.176039,0.014167,0.492118,0.528993,-0.268682,-0.151041,0.287270,-0.069847,-0.317134,-0.151380,0.206710,0.342242,0.348706,-0.000088,0.020036,-0.147151,0.077395,0.280849,0.462314,0.320812,-0.053786,-0.262665,-0.074543,0.190518,-0.005065,0.309315,0.485268,0.015284,0.352899,0.302625,0.377558,-0.078680,0.331219,-0.286432,0.062101,-0.239176,-0.047476,-0.061712,-0.031434,-0.051766,0.221722,-0.025532,0.024477,0.225695,-0.121338,-0.118401,0.003936,0.144313,-0.332695,0.379935,-0.210176,0.202593,0.088708,0.142390,0.101724,0.008522,0.057494,0.037095,0.230501,-0.320033,-0.315478,-0.012992,0.205385,-0.128569,-0.373830,0.468850,0.007774,-0.048424,0.016219,-0.419017,-0.182842,0.076321,-0.030274,-0.085551,0.109361,0.003282
573,21.880000,-0.031962,0.015770,-0.267044,-0.007836,-0.624325,-0.003945,-0.387793,-0.333388,0.382910,-0.157646,0.005976,-0.009144,0.065575,0.144913,0.111963,0.027592,0.071427,-0.375460,0.021778,0.041006,0.332221,0.000290,-0.376071,-0.058660,-0.028409,0.011949,0.242597,-0.274344,-0.008305,-0.109230,0.082007,-0.049069,-0.268752,-0.022590,0.166414,-0.011344,-0.061309,0.205850,-0.087593,-0.063253,-0.613867,-0.187856,0.268718,-0.264382,0.281301,-0.391425,0.148235,-0.239533,-0.105777,-0.502364,-0.326396,-0.115335,0.167519,0.015208,0.502555,0.526818,-0.265743,-0.147929,0.286235,-0.068525,-0.311917,-0.151528,0.199298,0.337327,0.339937,0.000472,0.024926,-0.150605,0.077910,0.286032,0.454264,0.320617,-0.053212,-0.266061,-0.069712,0.188910,-0.006095,0.301210,0.484440,0.015634,0.351469,0.307407,0.382972,-0.076577,0.329413,-0.283750,0.050930,-0.242748,-0.045486,-0.060583,-0.031513,-0.054103,0.219134,-0.026658,0.023821,0.225555,-0.124320,-0.111241,0.004355,0.142520,-0.338852,0.386147,-0.209183,0.201086,0.087455,0.131772,0.096179,0.007018,0.054241,0.040549,0.232151,-0.316179,-0.315101,-0.013780,0.206548,-0.132667,-0.372361,0.464747,0.008177,-0.056751,0.018443,-0.422177,-0.182401,0.077925,-0.028534,-0.089627,0.112326,0.003484
574,21.900000,-0.032157,0.012557,-0.287073,0.005794,-0.621298,-0.004775,-0.389177,-0.319724,0.385373,-0.160547,0.005799,-0.009104,0.094413,0.144293,0.113550,0.023664,0.075528,-0.362333,0.012532,0.045229,0.327631,0.000341,-0.390088,-0.057568,0.000069,0.005628,0.222157,-0.284139,0.004769,-0.111751,0.078544,-0.050465,-0.263722,-0.025689,0.165360,-0.010321,-0.059560,0.220106,-0.084348,-0.064144,-0.615736,-0.184186,0.238662,-0.265628,0.294602,-0.407658,0.150943,-0.242122,-0.103080,-0.494229,-0.339999,-0.118696,0.176339,0.015849,0.498202,0.519642,-0.274059,-0.152684,0.276552,-0.069474,-0.302631,-0.153538,0.186962,0.343858,0.359861,0.000941,0.013728,-0.147047,0.082881,0.288498,0.474026,0.320392,-0.052123,-0.265972,-0.044748,0.198787,-0.008442,0.311740,0.486654,0.013529,0.352814,0.284952,0.379090,-0.074299,0.328308,-0.280229,0.063033,-0.245603,-0.045188,-0.057649,-0.031538,-0.053918,0.260307,-0.013761,0.026852,0.239937,-0.117394,-0.113375,0.004796,0.138568,-0.315859,0.387257,-0.214772,0.207810,0.076433,0.143868,0.097178,0.006486,0.065253,0.038250,0.244563,-0.326877,-0.305590,-0.013932,0.211941,-0.137948,-0.378444,0.462646,0.004975,-0.043721,-0.002235,-0.422467,-0.194826,0.085284,-0.031141,-0.075159,0.111934,0.003639
575,21.920000,-0.031982,0.020533,-0.266607,-0.001239,-0.618478,-0.005554,-0.376756,-0.318291,0.389768,-0.156971,0.008654,-0.008639,0.070528,0.146153,0.117477,0.025995,0.083560,-0.356740,0.025081,0.040441,0.322161,0.000269,-0.377991,-0.057800,-0.000788,0.009974,0.222118,-0.274611,-0.005314,-0.114687,0.082610,-0.047587,-0.270112,-0.025202,0.163716,-0.011151,-0.057282,0.208504,-0.090108,-0.066005,-0.616426,-0.187557,0.258454,-0.266409,0.302668,-0.392741,0.144393,-0.242505,-0.105666,-0.503592,-0.327115,-0.122500,0.168010,0.017079,0.494058,0.527723,-0.269257,-0.152428,0.286792,-0.070670,-0.312449,-0.152874,0.190854,0.345240,0.372221,0.001623,0.025350,-0.153409,0.080763,0.291586,0.467649,0.318641,-0.051517,-0.270411,-0.057608,0.184494,-0.007850,0.313102,0.489758,0.012585,0.351325,0.299081,0.372690,-0.074135,0.332839,-0.281372,0.059990,-0.248926,-0.042990,-0.061683,-0.030653,-0.058372,0.234714,-0.027273,0.023093,0.233040,-0.117686,-0.109574,0.005247,0.143665,-0.333851,0.381091,-0.214643,0.205808,0.072153,0.139717,0.092931,0.004603,0.068892,0.036539,0.247004,-0.325857,-0.307545,-0.014023,0.212345,-0.142269,-0.377669,0.464782,0.004237,-0.048382,0.011573,-0.422828,-0.194583,0.081723,-0.028709,-0.082542,0.113982,0.003969
576,21.940000,-0.032149,0.019692,-0.286243,0.001543,-0.620387,-0.006318,-0.372284,-0.312401,0.386467,-0.151587,0.005919,-0.008476,0.088695,0.144409,0.113709,0.025132,0.093810,-0.335337,0.019083,0.043843,0.318753,0.000362,-0.388177,-0.058795,0.025132,0.003623,0.211675,-0.273949,0.004434,-0.113066,0.091862,-0.049587,-0.273135,-0.026983,0.154621,-0.010506,-0.055115,0.222795,-0.088347,-0.068529,-0.613076,-0.185151,0.233496,-0.267486,0.289671,-0.401069,0.139904,-0.239320,-0.099953,-0.504788,-0.344776,-0.120858,0.165084,0.016942,0.491324,0.516744,-0.272097,-0.146511,0.281062,-0.068503,-0.310309,-0.155217,0.189447,0.351366,0.374482,0.002399,0.018100,-0.147497,0.087474,0.293922,0.475185,0.325123,-0.050319,-0.266458,-0.046103,0.192939,-0.009083,0.324949,0.492770,0.011033,0.344598,0.288973,0.367728,-0.072376,0.340277,-0.281380,0.070133,-0.243744,-0.041576,-0.062900,-0.031006,-0.060657,0.269448,-0.016311,0.025434,0.243214,-0.108024,-0.119589,0.005633,0.140536,-0.311545,0.371759,-0.214082,0.207784,0.069426,0.157159,0.094546,0.006729,0.074547,0.038371,0.250714,-0.340454,-0.305054,-0.014319,0.212656,-0.150544,-0.380942,0.470987,0.002709,-0.033801,0.004883,-0.417512,-0.202357,0.094903,-0.031032,-0.068625,0.112331,0.003947
577,21.960000,-0.031192,0.028483,-0.256380,-0.012026,-0.620342,-0.006683,-0.354643,-0.314611,0.385183,-0.147087,0.006700,-0.008582,0.059997,0.145695,0.110617,0.038199,0.107778,-0.332287,0.033990,0.038767,0.323664,0.000312,-0.382556,-0.055919,0.014448,0.014513,0.212202,-0.270988,-0.004800,-0.112392,0.097145,-0.048990,-0.278428,-0.025464,0.146757,-0.011786,-0.058606,0.212965,-0.095305,-0.069026,-0.615547,-0.188792,0.256870,-0.270223,0.291795,-0.395772,0.136236,-0.242199,-0.099191,-0.505687,-0.336674,-0.123316,0.152812,0.017770,0.483238,0.532904,-0.263497,-0.150909,0.305482,-0.071148,-0.317370,-0.154093,0.197264,0.352394,0.385802,0.002980,0.021697,-0.155889,0.087938,0.298269,0.460826,0.330210,-0.049195,-0.264142,-0.065078,0.177023,-0.007055,0.332097,0.491424,0.011531,0.330272,0.289806,0.357303,-0.072595,0.343271,-0.281577,0.071604,-0.253978,-0.039529,-0.068809,-0.029435,-0.063675,0.227603,-0.033746,0.021861,0.232306,-0.111410,-0.117686,0.006116,0.148481,-0.336767,0.366490,-0.220761,0.209207,0.065767,0.157454,0.085448,0.006265,0.068436,0.033257,0.251205,-0.330853,-0.312154,-0.015130,0.212837,-0.152242,-0.382114,0.472843,0.004288,-0.036752,0.008857,-0.408156,-0.200022,0.097203,-0.029436,-0.079651,0.113162,0.004377
578,21.980000,-0.030828,0.029740,-0.272499,-0.012280,-0.623443,-0.007502,-0.345426,-0.311191,0.386533,-0.144595,0.003904,-0.008708,0.077419,0.143777,0.103583,0.038094,0.118038,-0.310872,0.029159,0.043117,0.318813,0.000409,-0.390119,-0.055513,0.033896,0.013358,0.200938,-0.268671,0.009270,-0.111001,0.102353,-0.050845,-0.285516,-0.024907,0.139389,-0.011722,-0.059203,0.228972,-0.093711,-0.074774,-0.610674,-0.186605,0.235296,-0.272754,0.274321,-0.411287,0.131517,-0.239579,-0.094558,-0.504307,-0.358449,-0.120920,0.145830,0.017674,0.478067,0.528902,-0.266912,-0.145075,0.301414,-0.070622,-0.313062,-0.156042,0.199677,0.360448,0.382684,0.003534,0.013739,-0.152008,0.095691,0.302285,0.466819,0.340482,-0.047694,-0.254841,-0.058440,0.180492,-0.007162,0.345805,0.493885,0.010830,0.320633,0.276822,0.348091,-0.067719,0.353556,-0.286159,0.076950,-0.253446,-0.038571,-0.070405,-0.031111,-0.066787,0.244754,-0.023289,0.024894,0.243259,-0.103176,-0.126274,0.006426,0.149099,-0.317841,0.359174,-0.222117,0.211985,0.061598,0.179782,0.086372,0.007249,0.069020,0.035537,0.250538,-0.344264,-0.313198,-0.015848,0.212970,-0.157288,-0.383907,0.483146,0.004060,-0.022856,0.004389,-0.398150,-0.202933,0.113418,-0.033157,-0.065891,0.111020,0.004408
579,22.000000,-0.029535,0.035224,-0.270067,-0.019517,-0.623847,-0.007429,-0.355935,-0.325298,0.386236,-0.141266,0.003209,-0.008205,0.073245,0.145103,0.112730,0.045008,0.110456,-0.326781,0.034742,0.041450,0.318691,0.000383,-0.398580,-0.055677,0.029157,0.023154,0.208785,-0.271027,0.008691,-0.106423,0.104882,-0.049134,-0.289309,-0.022524,0.142706,-0.013012,-0.061150,0.232244,-0.093614,-0.073357,-0.615653,-0.188213,0.243081,-0.275839,0.279257,-0.417367,0.127651,-0.232428,-0.093971,-0.496547,-0.350955,-0.122041,0.128645,0.018204,0.483775,0.541125,-0.266769,-0.148354,0.308222,-0.075481,-0.308006,-0.155450,0.204138,0.366041,0.375935,0.003993,0.015183,-0.152690,0.093194,0.306230,0.461062,0.350549,-0.046148,-0.254103,-0.061060,0.170697,-0.005748,0.342386,0.486828,0.012466,0.321231,0.275630,0.337839,-0.069524,0.348114,-0.286480,0.071362,-0.257632,-0.038258,-0.068378,-0.032181,-0.071612,0.218584,-0.024366,0.025734,0.246122,-0.105966,-0.121725,0.006776,0.148056,-0.320913,0.361442,-0.219792,0.215477,0.056949,0.175900,0.095966,0.005401,0.061363,0.033208,0.238937,-0.325037,-0.316381,-0.018060,0.213190,-0.151362,-0.386071,0.485293,0.005613,-0.026318,-0.003282,-0.394460,-0.201571,0.113512,-0.031690,-0.068567,0.109268,0.004904
580,22.020000,-0.029423,0.035792,-0.269972,-0.024794,-0.619088,-0.008008,-0.371381,-0.348766,0.382524,-0.143054,0.003173,-0.008735,0.061172,0.148022,0.120309,0.036731,0.103428,-0.350456,0.035052,0.040768,0.323890,0.000418,-0.394389,-0.058213,0.008934,0.024544,0.229644,-0.262152,0.004975,-0.106502,0.094878,-0.046620,-0.288471,-0.018465,0.150489,-0.015174,-0.063811,0.223141,-0.091693,-0.074411,-0.611514,-0.189605,0.256750,-0.279721,0.275305,-0.420212,0.126690,-0.235033,-0.097337,-0.491370,-0.340512,-0.114374,0.111435,0.018822,0.495159,0.539727,-0.262690,-0.141382,0.306734,-0.074160,-0.299172,-0.154664,0.203573,0.364095,0.350377,0.004172,0.024320,-0.156385,0.092268,0.308925,0.451321,0.351953,-0.044750,-0.253030,-0.064773,0.166372,-0.005520,0.328382,0.484412,0.015105,0.322970,0.286240,0.342646,-0.065356,0.343811,-0.288642,0.050794,-0.256964,-0.038030,-0.063119,-0.034029,-0.069162,0.204288,-0.025199,0.026164,0.243550,-0.109673,-0.110562,0.007002,0.149540,-0.329990,0.369547,-0.209602,0.211923,0.057533,0.168514,0.093675,0.003740,0.051844,0.037792,0.230160,-0.317728,-0.320839,-0.020541,0.211373,-0.149555,-0.378334,0.488886,0.009206,-0.040328,0.001625,-0.392445,-0.194490,0.108284,-0.029030,-0.072498,0.113332,0.005197
581,22.040000,-0.030025,0.038191,-0.260330,-0.020605,-0.608750,-0.008926,-0.359549,-0.343519,0.376458,-0.148271,0.003789,-0.009435,0.057964,0.149060,0.110321,0.037628,0.116945,-0.344563,0.035420,0.041047,0.336225,0.000451,-0.396426,-0.054792,0.000585,0.025973,0.219213,-0.262712,0.009266,-0.112519,0.084282,-0.047467,-0.285207,-0.018649,0.147292,-0.016077,-0.068949,0.217383,-0.093136,-0.075111,-0.612506,-0.188171,0.256722,-0.283369,0.278771,-0.429394,0.130228,-0.249024,-0.096878,-0.481703,-0.347073,-0.112767,0.118461,0.019462,0.484693,0.540125,-0.258049,-0.145685,0.312528,-0.074269,-0.294309,-0.155265,0.196586,0.363735,0.365585,0.004180,0.016266,-0.163405,0.098282,0.309438,0.448185,0.349337,-0.043296,-0.251298,-0.062206,0.168255,-0.005288,0.334931,0.485696,0.014919,0.309978,0.269375,0.337959,-0.061053,0.345390,-0.286188,0.052230,-0.268351,-0.038172,-0.063745,-0.032834,-0.073196,0.200250,-0.027869,0.025624,0.242625,-0.112238,-0.105604,0.007381,0.153588,-0.341346,0.372458,-0.218567,0.215614,0.051287,0.178472,0.077723,0.002460,0.051696,0.033515,0.245780,-0.321710,-0.323898,-0.021774,0.218694,-0.151398,-0.380425,0.484423,0.010944,-0.039511,-0.007531,-0.382431,-0.196765,0.115159,-0.030237,-0.073024,0.117210,0.005395
582,22.060000,-0.030277,0.045647,-0.260967,-0.019126,-0.603557,-0.009362,-0.352435,-0.337184,0.382226,-0.150023,0.003035,-0.009066,0.062666,0.147521,0.108392,0.036952,0.122071,-0.332013,0.037997,0.042379,0.326320,0.000443,-0.395072,-0.054988,0.008927,0.031597,0.209917,-0.258233,0.017727,-0.112739,0.083912,-0.046348,-0.292796,-0.018822,0.143494,-0.016418,-0.069696,0.224555,-0.093411,-0.078980,-0.613032,-0.187948,0.247065,-0.285782,0.282144,-0.432165,0.124578,-0.247286,-0.094896,-0.480713,-0.353461,-0.114356,0.118163,0.020049,0.483981,0.544079,-0.259555,-0.145971,0.309151,-0.076385,-0.296463,-0.156467,0.196911,0.367399,0.368726,0.004551,0.014421,-0.164401,0.101408,0.308645,0.452303,0.356849,-0.041451,-0.250629,-0.059976,0.165048,-0.004575,0.343978,0.484883,0.015126,0.305527,0.263443,0.323166,-0.060209,0.354927,-0.288634,0.052634,-0.274046,-0.038425,-0.065008,-0.033778,-0.078642,0.194975,-0.023940,0.027103,0.252199,-0.110912,-0.105864,0.007746,0.153959,-0.339009,0.370682,-0.223591,0.215650,0.043156,0.186265,0.078455,0.001218,0.053887,0.036399,0.249187,-0.323816,-0.323803,-0.022055,0.223043,-0.154036,-0.381008,0.488283,0.010431,-0.032601,-0.009295,-0.378604,-0.198356,0.125589,-0.032618,-0.069738,0.115618,0.005546
583,22.080000,-0.029620,0.052324,-0.267519,-0.018481,-0.601945,-0.009667,-0.342571,-0.337473,0.381720,-0.143761,0.002505,-0.009122,0.073047,0.146772,0.109645,0.038134,0.130230,-0.316945,0.039230,0.042797,0.317187,0.000460,-0.400635,-0.057487,0.024698,0.037410,0.202475,-0.261151,0.025266,-0.111282,0.089533,-0.046142,-0.299132,-0.019145,0.141921,-0.016595,-0.065835,0.231281,-0.095759,-0.080673,-0.613794,-0.187589,0.238625,-0.288015,0.278061,-0.442124,0.117207,-0.239848,-0.092177,-0.483993,-0.360397,-0.117306,0.112347,0.020137,0.482556,0.546064,-0.260932,-0.144254,0.308678,-0.077631,-0.298071,-0.157713,0.197120,0.375911,0.383208,0.005014,0.013239,-0.161512,0.104640,0.308348,0.454495,0.363667,-0.039349,-0.251459,-0.061181,0.161798,-0.002895,0.350457,0.481678,0.014407,0.302384,0.256565,0.309136,-0.059057,0.362695,-0.290219,0.059188,-0.273200,-0.038786,-0.066107,-0.033573,-0.082731,0.190791,-0.022414,0.027705,0.259318,-0.106182,-0.111538,0.008217,0.152814,-0.328071,0.359888,-0.223275,0.220802,0.039421,0.196054,0.087789,0.001303,0.058515,0.037011,0.247556,-0.334225,-0.326490,-0.022256,0.226219,-0.154769,-0.381380,0.495553,0.008342,-0.025684,-0.013018,-0.369980,-0.202564,0.140093,-0.035425,-0.063745,0.112497,0.005807
584,22.100000,-0.028742,0.052569,-0.280471,-0.024527,-0.603257,-0.009525,-0.369791,-0.362270,0.380788,-0.142558,0.001489,-0.008643,0.072837,0.148631,0.121012,0.032465,0.113734,-0.346302,0.038003,0.042431,0.316138,0.000502,-0.404721,-0.059734,0.018880,0.042316,0.222925,-0.257811,0.022752,-0.106816,0.089224,-0.043411,-0.299676,-0.015580,0.147631,-0.018084,-0.068218,0.234097,-0.093991,-0.079765,-0.615496,-0.187350,0.243679,-0.291439,0.280010,-0.442142,0.113560,-0.235084,-0.093844,-0.479043,-0.350120,-0.112593,0.093153,0.020449,0.496147,0.546148,-0.260413,-0.141289,0.307500,-0.079227,-0.289434,-0.157310,0.198621,0.375385,0.354858,0.005633,0.019472,-0.159932,0.100850,0.307921,0.453204,0.366890,-0.037596,-0.250445,-0.057744,0.157495,-0.002477,0.340682,0.475624,0.017020,0.311334,0.262453,0.306416,-0.059400,0.352363,-0.289710,0.045059,-0.271070,-0.039579,-0.057674,-0.036617,-0.067199,0.188057,-0.018005,0.030702,0.263658,-0.107347,-0.102308,0.008360,0.149485,-0.324048,0.369063,-0.209389,0.220032,0.036230,0.189805,0.097836,0.001358,0.049977,0.038917,0.233120,-0.316530,-0.327693,-0.025393,0.223813,-0.151255,-0.379576,0.502981,0.010340,-0.036878,-0.018292,-0.369560,-0.199671,0.132859,-0.033582,-0.063236,0.113715,0.006058
585,22.120000,-0.029053,0.046781,-0.289323,-0.009723,-0.596046,-0.011122,-0.367502,-0.353936,0.383194,-0.145366,0.002180,-0.009486,0.096944,0.150203,0.115474,0.028960,0.124844,-0.335085,0.027837,0.045226,0.316389,0.000535,-0.415353,-0.057832,0.034746,0.039215,0.203573,-0.272037,0.032446,-0.113820,0.083492,-0.044905,-0.291589,-0.018951,0.147358,-0.017428,-0.068263,0.236678,-0.092921,-0.081679,-0.617682,-0.185276,0.227167,-0.293920,0.289102,-0.462837,0.118309,-0.246152,-0.094989,-0.472783,-0.362190,-0.113488,0.102461,0.021062,0.483666,0.534114,-0.264145,-0.148247,0.306847,-0.082535,-0.284070,-0.158642,0.188998,0.387901,0.386996,0.005844,0.009327,-0.158801,0.105639,0.304585,0.466182,0.362447,-0.036082,-0.249998,-0.044090,0.166437,-0.005010,0.347317,0.479391,0.013801,0.307465,0.243997,0.302473,-0.055069,0.348150,-0.286102,0.054426,-0.270952,-0.041035,-0.051825,-0.035378,-0.066922,0.213965,-0.011921,0.032773,0.266972,-0.102778,-0.104642,0.008901,0.151891,-0.319229,0.366570,-0.216179,0.228602,0.027594,0.205278,0.100516,0.000161,0.058004,0.032289,0.246213,-0.332826,-0.328505,-0.026228,0.230973,-0.151082,-0.384202,0.500654,0.008183,-0.025561,-0.039428,-0.362517,-0.204702,0.136134,-0.038057,-0.050026,0.115668,0.006322
586,22.140000,-0.029381,0.049672,-0.285622,-0.011757,-0.591661,-0.011512,-0.380561,-0.357497,0.387290,-0.148428,0.001848,-0.008199,0.085624,0.152557,0.118039,0.026255,0.119354,-0.350451,0.030050,0.043005,0.310920,0.000476,-0.408928,-0.057604,0.030869,0.044030,0.211300,-0.262710,0.025867,-0.115134,0.081639,-0.041382,-0.295638,-0.017537,0.149624,-0.017688,-0.070603,0.231026,-0.093122,-0.084212,-0.619796,-0.186368,0.236727,-0.296571,0.298606,-0.446424,0.115949,-0.245853,-0.097581,-0.476223,-0.350966,-0.110926,0.095078,0.022016,0.483524,0.534331,-0.262112,-0.148320,0.308410,-0.085503,-0.285942,-0.158342,0.195085,0.390531,0.377472,0.006661,0.017807,-0.163595,0.102022,0.299773,0.466444,0.356500,-0.034588,-0.251556,-0.047085,0.159477,-0.005107,0.344060,0.482564,0.013650,0.311312,0.252364,0.296587,-0.056062,0.343775,-0.285417,0.046240,-0.275561,-0.041456,-0.048411,-0.037281,-0.069391,0.211632,-0.012223,0.033281,0.268832,-0.103707,-0.097293,0.008973,0.154311,-0.331293,0.372252,-0.209256,0.224730,0.019109,0.203089,0.101380,-0.002130,0.055998,0.031521,0.243256,-0.318196,-0.328876,-0.028373,0.231119,-0.149897,-0.384512,0.500668,0.010289,-0.029312,-0.037136,-0.363974,-0.198417,0.121688,-0.035789,-0.050550,0.117372,0.006439
587,22.160000,-0.030402,0.052526,-0.270546,-0.012504,-0.582606,-0.012651,-0.361257,-0.352941,0.380533,-0.144056,0.002603,-0.008828,0.073551,0.153136,0.107024,0.030246,0.136299,-0.330419,0.030989,0.041333,0.312182,0.000495,-0.401224,-0.060260,0.029537,0.043725,0.205596,-0.259723,0.026511,-0.118001,0.083538,-0.042289,-0.298103,-0.018621,0.141303,-0.016908,-0.071063,0.223653,-0.097551,-0.086034,-0.616811,-0.188252,0.237783,-0.299249,0.286542,-0.443405,0.115866,-0.248408,-0.093261,-0.482846,-0.353595,-0.109494,0.094410,0.022007,0.475117,0.532211,-0.255411,-0.145652,0.318441,-0.081276,-0.294764,-0.159471,0.196229,0.391991,0.396290,0.007132,0.019090,-0.167793,0.108965,0.295481,0.458274,0.355632,-0.032791,-0.253166,-0.059655,0.157931,-0.003523,0.351895,0.485648,0.012363,0.295464,0.250322,0.292083,-0.054890,0.357316,-0.284127,0.052437,-0.276699,-0.040857,-0.057130,-0.034516,-0.070677,0.208035,-0.019173,0.031076,0.265605,-0.101149,-0.106330,0.009553,0.158196,-0.341439,0.358772,-0.218676,0.224222,0.016653,0.209848,0.095152,-0.001362,0.057922,0.033542,0.252387,-0.331653,-0.334669,-0.027519,0.234791,-0.151617,-0.381842,0.501137,0.010991,-0.024201,-0.031716,-0.352281,-0.194476,0.130867,-0.037684,-0.051061,0.117338,0.006410
588,22.180000,-0.030423,0.054745,-0.268576,-0.015808,-0.581634,-0.012744,-0.359686,-0.353215,0.374615,-0.142082,0.000420,-0.008463,0.071699,0.152659,0.102493,0.034372,0.134471,-0.329028,0.030077,0.042188,0.311657,0.000555,-0.399303,-0.059543,0.027823,0.051808,0.203357,-0.256662,0.035052,-0.115144,0.088918,-0.042921,-0.302484,-0.015778,0.136900,-0.016209,-0.076552,0.235472,-0.098962,-0.087821,-0.619595,-0.187111,0.233454,-0.303166,0.281844,-0.443621,0.116263,-0.246948,-0.089774,-0.480440,-0.359494,-0.107647,0.089343,0.022060,0.469130,0.537080,-0.252403,-0.147727,0.326742,-0.082511,-0.295215,-0.160263,0.202386,0.389462,0.385287,0.007915,0.015527,-0.166933,0.112266,0.292700,0.457163,0.360760,-0.030837,-0.245234,-0.060101,0.156803,-0.001602,0.361967,0.483546,0.013197,0.291690,0.239303,0.282543,-0.056274,0.362038,-0.282789,0.055874,-0.283034,-0.040748,-0.059884,-0.036386,-0.076666,0.201792,-0.017105,0.033053,0.273193,-0.101555,-0.109152,0.009769,0.160204,-0.338722,0.358255,-0.222547,0.223445,0.008300,0.216235,0.095722,-0.000653,0.052545,0.034915,0.249910,-0.321182,-0.334950,-0.028956,0.236345,-0.148893,-0.384823,0.505627,0.013744,-0.019770,-0.039929,-0.343095,-0.190459,0.135103,-0.038891,-0.050535,0.115394,0.006316
589,22.200000,-0.029891,0.056337,-0.272579,-0.015514,-0.578487,-0.012951,-0.363804,-0.360681,0.372014,-0.138801,0.000132,-0.008847,0.077255,0.153410,0.107133,0.034952,0.131841,-0.328990,0.028515,0.043062,0.303227,0.000580,-0.399346,-0.063308,0.027713,0.057937,0.203925,-0.259898,0.042202,-0.113098,0.092065,-0.042362,-0.305889,-0.013127,0.140838,-0.015826,-0.075785,0.242078,-0.100073,-0.088642,-0.620113,-0.188252,0.229607,-0.307005,0.278774,-0.453245,0.115467,-0.241107,-0.087934,-0.477940,-0.358937,-0.108375,0.081136,0.022199,0.470407,0.541574,-0.252831,-0.148966,0.327122,-0.083692,-0.294722,-0.160856,0.202966,0.389753,0.383819,0.008356,0.014424,-0.163646,0.113998,0.290403,0.457331,0.367348,-0.028543,-0.243842,-0.062105,0.153497,0.000654,0.362040,0.479030,0.013535,0.293168,0.235421,0.276532,-0.056471,0.366852,-0.283612,0.055598,-0.282159,-0.041453,-0.058450,-0.036981,-0.079163,0.194099,-0.014749,0.034901,0.280483,-0.101118,-0.113344,0.010243,0.158462,-0.330695,0.353081,-0.225092,0.228263,0.002129,0.214824,0.107455,-0.001267,0.049604,0.039218,0.243167,-0.318758,-0.334462,-0.030210,0.237611,-0.140191,-0.383688,0.510283,0.013885,-0.019228,-0.043112,-0.335437,-0.187826,0.137651,-0.040095,-0.047812,0.112669,0.006504
590,22.220000,-0.029541,0.052791,-0.286299,-0.010688,-0.575524,-0.013298,-0.378250,-0.369234,0.367884,-0.139385,-0.000369,-0.009174,0.088351,0.156299,0.113545,0.029176,0.125318,-0.342165,0.024188,0.044842,0.300118,0.000637,-0.403966,-0.063882,0.028267,0.060958,0.206014,-0.261256,0.044826,-0.113791,0.089845,-0.041661,-0.305780,-0.010484,0.149716,-0.015846,-0.075607,0.246420,-0.098075,-0.089960,-0.622037,-0.186431,0.227326,-0.311533,0.281414,-0.459662,0.115234,-0.242400,-0.089722,-0.472887,-0.357189,-0.106681,0.075020,0.022476,0.469186,0.537003,-0.253749,-0.149797,0.321964,-0.087071,-0.286161,-0.161199,0.201522,0.390653,0.377176,0.008864,0.012161,-0.161965,0.113185,0.287236,0.462576,0.364377,-0.026419,-0.242698,-0.055972,0.154529,0.001020,0.355751,0.477160,0.013215,0.303496,0.231222,0.275227,-0.054633,0.359808,-0.283175,0.051207,-0.282753,-0.042999,-0.048922,-0.038984,-0.071899,0.200863,-0.008506,0.037311,0.286073,-0.101617,-0.108683,0.010445,0.159013,-0.322057,0.358538,-0.218174,0.233601,-0.003975,0.213754,0.114432,-0.002844,0.049013,0.038461,0.238451,-0.314482,-0.332451,-0.033339,0.239016,-0.132265,-0.385230,0.512490,0.014496,-0.021739,-0.052077,-0.329941,-0.185300,0.130765,-0.039969,-0.042766,0.112856,0.006693
591,22.240000,-0.030211,0.055034,-0.275441,-0.010477,-0.565474,-0.014576,-0.380267,-0.373017,0.368503,-0.141338,-0.000072,-0.009777,0.076057,0.159596,0.112098,0.028267,0.128745,-0.351142,0.025663,0.043188,0.302432,0.000596,-0.396704,-0.063271,0.017549,0.062285,0.209750,-0.257402,0.039501,-0.118233,0.083034,-0.040836,-0.305608,-0.010153,0.151099,-0.015948,-0.078496,0.234862,-0.099881,-0.092003,-0.623805,-0.187439,0.238178,-0.315149,0.285766,-0.451813,0.115440,-0.252089,-0.091905,-0.471593,-0.347946,-0.104354,0.074170,0.023110,0.465442,0.536042,-0.248045,-0.152806,0.327905,-0.088675,-0.286398,-0.161220,0.200962,0.388309,0.381000,0.009220,0.013734,-0.168898,0.113867,0.282389,0.456286,0.356882,-0.024617,-0.246066,-0.062192,0.151457,0.001754,0.351493,0.477772,0.012588,0.299959,0.236469,0.275881,-0.052628,0.357941,-0.280036,0.045869,-0.287784,-0.043579,-0.047470,-0.038464,-0.075878,0.190026,-0.012930,0.035544,0.282096,-0.104960,-0.103685,0.010826,0.163083,-0.340405,0.361571,-0.219896,0.236414,-0.008606,0.209623,0.110423,-0.004344,0.048190,0.037161,0.244220,-0.312472,-0.334978,-0.035345,0.243372,-0.128082,-0.383486,0.509765,0.017127,-0.027679,-0.048897,-0.325866,-0.180135,0.124446,-0.039344,-0.046592,0.115556,0.006932
592,22.260000,-0.031032,0.051400,-0.284090,-0.003390,-0.557514,-0.015262,-0.383449,-0.366702,0.365611,-0.142679,-0.001026,-0.009686,0.089087,0.158405,0.110938,0.026019,0.130319,-0.345283,0.019870,0.045948,0.297866,0.000662,-0.400381,-0.064951,0.026181,0.063786,0.201539,-0.257408,0.050315,-0.119841,0.080853,-0.041590,-0.308282,-0.011649,0.151133,-0.014605,-0.079030,0.244276,-0.096767,-0.094560,-0.623768,-0.185827,0.223219,-0.318521,0.286969,-0.454932,0.117030,-0.252645,-0.089009,-0.469047,-0.354917,-0.102861,0.077154,0.023223,0.462612,0.526895,-0.249334,-0.151618,0.320992,-0.088738,-0.284815,-0.162933,0.199184,0.388203,0.382865,0.009907,0.007543,-0.167249,0.117835,0.275387,0.464040,0.356419,-0.022595,-0.245476,-0.053039,0.157628,0.000937,0.355402,0.479191,0.011180,0.300580,0.226696,0.271070,-0.052390,0.361872,-0.279811,0.048116,-0.288430,-0.044622,-0.044516,-0.039203,-0.077375,0.210469,-0.004454,0.038452,0.291575,-0.101980,-0.107861,0.011185,0.162508,-0.331005,0.362310,-0.223585,0.237655,-0.013950,0.213766,0.112936,-0.004961,0.050471,0.041015,0.248197,-0.316062,-0.332002,-0.036091,0.246384,-0.127481,-0.387458,0.507673,0.016872,-0.019730,-0.059328,-0.321371,-0.177102,0.128301,-0.042491,-0.039352,0.114489,0.006847
593,22.280000,-0.031020,0.057645,-0.267290,-0.007374,-0.549832,-0.015817,-0.369202,-0.362843,0.364018,-0.139805,-0.001289,-0.009947,0.075443,0.159561,0.108177,0.031748,0.139152,-0.337005,0.023984,0.043091,0.294376,0.000592,-0.390895,-0.065324,0.022917,0.070134,0.198495,-0.255689,0.048337,-0.121529,0.083437,-0.041038,-0.311753,-0.011417,0.149378,-0.014233,-0.079627,0.237633,-0.103242,-0.096421,-0.625865,-0.187505,0.232875,-0.321903,0.289052,-0.448467,0.116726,-0.254515,-0.087880,-0.472682,-0.349942,-0.104592,0.076159,0.023580,0.453408,0.534785,-0.243904,-0.155873,0.334266,-0.089813,-0.292497,-0.163215,0.202826,0.386854,0.398038,0.010447,0.009049,-0.171894,0.120108,0.269796,0.457281,0.353453,-0.020638,-0.247957,-0.065378,0.149879,0.005044,0.360076,0.478473,0.009926,0.292114,0.226355,0.262821,-0.052397,0.369692,-0.277948,0.053100,-0.294698,-0.044525,-0.050491,-0.037498,-0.082321,0.189521,-0.013395,0.035544,0.289404,-0.102494,-0.110998,0.011754,0.167187,-0.344514,0.354707,-0.230376,0.241935,-0.020394,0.213924,0.111727,-0.005459,0.051111,0.039778,0.253996,-0.317242,-0.334249,-0.036148,0.249179,-0.124658,-0.387185,0.507373,0.017313,-0.019530,-0.054331,-0.312960,-0.173076,0.129454,-0.042800,-0.043195,0.113341,0.007025
594,22.300000,-0.031162,0.059387,-0.268055,-0.014401,-0.544970,-0.016366,-0.369689,-0.371082,0.356367,-0.136838,-0.000919,-0.010084,0.068519,0.159565,0.106487,0.031850,0.138349,-0.339074,0.023433,0.043776,0.293428,0.000686,-0.382252,-0.067305,0.015654,0.072415,0.207343,-0.245610,0.052317,-0.120078,0.085969,-0.040742,-0.316861,-0.007805,0.148555,-0.013942,-0.082912,0.242622,-0.105365,-0.100318,-0.623471,-0.186873,0.234473,-0.325937,0.277978,-0.442958,0.114046,-0.253561,-0.085159,-0.474228,-0.350144,-0.100693,0.065016,0.023547,0.453778,0.535715,-0.237886,-0.152491,0.337407,-0.087084,-0.293805,-0.163935,0.207111,0.378841,0.379626,0.011289,0.011455,-0.172496,0.123407,0.265220,0.449699,0.355392,-0.018545,-0.245607,-0.072443,0.146090,0.008438,0.361428,0.478574,0.010803,0.291345,0.227042,0.261114,-0.051669,0.375593,-0.279126,0.048359,-0.294794,-0.044375,-0.052390,-0.039560,-0.086805,0.185633,-0.013901,0.036798,0.293334,-0.102450,-0.111230,0.012065,0.167489,-0.342615,0.352937,-0.228435,0.240136,-0.023707,0.214284,0.111667,-0.004026,0.045473,0.048166,0.250956,-0.312582,-0.334935,-0.037859,0.249529,-0.122148,-0.384857,0.513724,0.020810,-0.022893,-0.046855,-0.305874,-0.167620,0.131519,-0.043294,-0.042667,0.113668,0.006890
595,22.320000,-0.030805,0.057235,-0.270013,-0.013016,-0.539362,-0.016311,-0.373368,-0.376003,0.352504,-0.135088,-0.001413,-0.010439,0.077879,0.158858,0.109373,0.035136,0.135249,-0.343128,0.021478,0.045062,0.292807,0.000739,-0.387594,-0.068555,0.013905,0.077880,0.204301,-0.251768,0.060645,-0.119035,0.086225,-0.041687,-0.317706,-0.006303,0.151924,-0.013399,-0.083819,0.250175,-0.105217,-0.098968,-0.625693,-0.186253,0.228754,-0.330501,0.277532,-0.454294,0.117094,-0.252279,-0.082764,-0.465573,-0.351599,-0.101042,0.061640,0.023429,0.453340,0.536590,-0.237030,-0.156704,0.339210,-0.088834,-0.291319,-0.164694,0.205114,0.374943,0.378455,0.011815,0.006286,-0.169524,0.125764,0.261137,0.448988,0.359737,-0.016371,-0.242917,-0.067389,0.147321,0.010690,0.361958,0.472411,0.010845,0.291573,0.217764,0.256609,-0.052359,0.379381,-0.278701,0.050009,-0.298159,-0.045340,-0.050312,-0.039794,-0.089700,0.183539,-0.010856,0.038619,0.299462,-0.103528,-0.114497,0.012591,0.164837,-0.335802,0.351213,-0.234649,0.246695,-0.029294,0.211893,0.118002,-0.004719,0.041276,0.048786,0.249309,-0.307706,-0.332344,-0.039593,0.251677,-0.113961,-0.389805,0.512178,0.021226,-0.023951,-0.056870,-0.296374,-0.166414,0.134142,-0.045720,-0.040071,0.111800,0.006990
596,22.340000,-0.030671,0.059202,-0.271777,-0.013114,-0.530727,-0.016655,-0.386441,-0.389020,0.346504,-0.136733,-0.001115,-0.010622,0.073194,0.163243,0.116380,0.029897,0.128384,-0.363310,0.020146,0.044811,0.289537,0.000740,-0.379801,-0.069118,0.001306,0.081413,0.214591,-0.246536,0.056953,-0.119088,0.081151,-0.039527,-0.316687,-0.003229,0.163505,-0.014045,-0.085741,0.245405,-0.105377,-0.100366,-0.626223,-0.186548,0.238182,-0.335488,0.282127,-0.451362,0.114817,-0.255931,-0.084857,-0.461580,-0.339640,-0.098618,0.055053,0.023977,0.458296,0.539485,-0.233772,-0.158792,0.336702,-0.089923,-0.286794,-0.164263,0.204215,0.369132,0.361125,0.012095,0.012120,-0.172141,0.123026,0.256473,0.444483,0.356838,-0.014078,-0.243956,-0.069182,0.143197,0.012419,0.352333,0.469640,0.011904,0.298586,0.223227,0.258955,-0.051356,0.376257,-0.277956,0.039672,-0.298339,-0.046480,-0.044134,-0.041904,-0.083784,0.172306,-0.011507,0.038794,0.300998,-0.108209,-0.104293,0.012877,0.165501,-0.341667,0.357345,-0.229763,0.247039,-0.035023,0.201891,0.119574,-0.007076,0.036825,0.053383,0.246314,-0.297539,-0.330237,-0.043053,0.253727,-0.106548,-0.386821,0.513080,0.023526,-0.034679,-0.051949,-0.292458,-0.163162,0.123953,-0.043343,-0.042868,0.113790,0.007202
597,22.360000,-0.031189,0.052443,-0.284690,-0.001810,-0.519847,-0.018173,-0.394922,-0.386579,0.348346,-0.138311,-0.001609,-0.011109,0.091829,0.163539,0.118069,0.024300,0.128465,-0.363293,0.012186,0.047799,0.287409,0.000808,-0.386570,-0.070364,0.008368,0.080091,0.206020,-0.250610,0.064796,-0.123503,0.075926,-0.040221,-0.314546,-0.005982,0.169090,-0.012715,-0.083711,0.249662,-0.102102,-0.100973,-0.627280,-0.184178,0.224231,-0.338676,0.288354,-0.460326,0.117470,-0.261893,-0.084237,-0.457869,-0.345554,-0.099620,0.060836,0.024142,0.455413,0.526344,-0.237670,-0.160739,0.328220,-0.091196,-0.282173,-0.165828,0.195729,0.368670,0.368512,0.012686,0.007107,-0.170226,0.125658,0.249739,0.454159,0.352704,-0.012030,-0.245774,-0.056166,0.151484,0.009240,0.350373,0.468336,0.009735,0.307545,0.216032,0.260826,-0.049960,0.375461,-0.276514,0.040383,-0.296706,-0.048242,-0.036580,-0.042098,-0.076575,0.195391,-0.002801,0.041196,0.306998,-0.106816,-0.105283,0.013404,0.164239,-0.330885,0.360058,-0.231674,0.253207,-0.039378,0.202095,0.123956,-0.008740,0.041869,0.054893,0.252766,-0.304686,-0.324199,-0.044572,0.257151,-0.103553,-0.391660,0.509611,0.020769,-0.032574,-0.063111,-0.289161,-0.164363,0.124337,-0.046383,-0.035524,0.115046,0.007257
598,22.380000,-0.031942,0.059234,-0.266824,-0.001738,-0.506898,-0.019841,-0.382286,-0.376906,0.349354,-0.138752,-0.002411,-0.011318,0.078284,0.165441,0.112706,0.026862,0.137281,-0.358607,0.015500,0.044829,0.285390,0.000699,-0.374627,-0.068041,0.005994,0.083596,0.201775,-0.246211,0.060166,-0.127791,0.074624,-0.039251,-0.314433,-0.008416,0.166701,-0.012113,-0.085348,0.238816,-0.106465,-0.104425,-0.629568,-0.184760,0.234032,-0.341817,0.297365,-0.447114,0.115754,-0.270550,-0.084448,-0.461706,-0.338497,-0.101393,0.065729,0.024761,0.444901,0.529689,-0.232185,-0.166631,0.338276,-0.093040,-0.289639,-0.166279,0.197467,0.367718,0.383719,0.013409,0.011660,-0.176761,0.127061,0.242326,0.447567,0.344620,-0.010430,-0.249206,-0.066289,0.146727,0.010949,0.353895,0.470324,0.007503,0.301423,0.218518,0.257566,-0.049180,0.377703,-0.272586,0.043183,-0.302819,-0.048227,-0.040448,-0.040684,-0.080966,0.182226,-0.010412,0.037521,0.303034,-0.108611,-0.102969,0.013892,0.171265,-0.351381,0.357603,-0.237913,0.254732,-0.047098,0.201851,0.118645,-0.010483,0.046358,0.052005,0.265615,-0.306572,-0.324580,-0.044731,0.261513,-0.105396,-0.391094,0.505164,0.020020,-0.030350,-0.056645,-0.286351,-0.162763,0.122211,-0.045665,-0.040347,0.115825,0.007400
599,22.400000,-0.032283,0.061606,-0.265569,-0.007564,-0.498732,-0.020687,-0.377536,-0.380327,0.346002,-0.135441,-0.001454,-0.011133,0.071486,0.162699,0.108860,0.028421,0.140934,-0.353485,0.014903,0.044841,0.282393,0.000775,-0.366746,-0.070612,0.003764,0.085428,0.207247,-0.236509,0.063619,-0.125672,0.079154,-0.039155,-0.320773,-0.007642,0.161563,-0.011157,-0.087045,0.240629,-0.109500,-0.107669,-0.626701,-0.184418,0.232734,-0.344824,0.287799,-0.438550,0.111139,-0.268316,-0.079741,-0.466815,-0.340319,-0.099271,0.059136,0.024591,0.446122,0.529315,-0.227219,-0.163071,0.340974,-0.089222,-0.296274,-0.167281,0.200683,0.359927,0.373158,0.014809,0.014904,-0.176521,0.131161,0.236168,0.440587,0.345532,-0.008723,-0.248927,-0.072389,0.144870,0.013237,0.358968,0.471190,0.007642,0.298723,0.220237,0.256846,-0.049532,0.387175,-0.273840,0.042216,-0.302155,-0.047624,-0.045261,-0.041288,-0.085867,0.185534,-0.011496,0.038352,0.306176,-0.106703,-0.106796,0.014345,0.170083,-0.349043,0.352735,-0.238428,0.252858,-0.049935,0.202269,0.118120,-0.009096,0.044717,0.061066,0.266274,-0.306358,-0.322608,-0.045010,0.261985,-0.107981,-0.390664,0.510231,0.020749,-0.030195,-0.046051,-0.281813,-0.160240,0.128148,-0.046864,-0.040475,0.115630,0.007144
600,22.420000,-0.031823,0.061651,-0.262662,-0.009391,-0.493303,-0.020530,-0.377049,-0.383842,0.339749,-0.131992,-0.001409,-0.011252,0.074557,0.161208,0.109680,0.033953,0.140982,-0.354434,0.013535,0.045021,0.281747,0.000823,-0.370138,-0.071729,0.001889,0.091994,0.206426,-0.239954,0.070750,-0.122873,0.082237,-0.039940,-0.320887,-0.006610,0.161496,-0.010438,-0.088487,0.246995,-0.111007,-0.105432,-0.628597,-0.183912,0.228346,-0.349470,0.285326,-0.445706,0.113175,-0.266355,-0.076556,-0.461960,-0.341620,-0.099954,0.054297,0.024296,0.446775,0.532650,-0.225061,-0.167254,0.347588,-0.089646,-0.297176,-0.168050,0.199936,0.355029,0.371441,0.015665,0.012068,-0.173195,0.133346,0.231903,0.435994,0.351006,-0.006833,-0.246494,-0.069950,0.144742,0.015825,0.362270,0.465142,0.008146,0.296714,0.212638,0.253767,-0.051115,0.393048,-0.271958,0.045652,-0.306183,-0.047844,-0.047249,-0.041073,-0.090371,0.179998,-0.011547,0.039192,0.310936,-0.107770,-0.111193,0.015016,0.167617,-0.344535,0.349497,-0.245210,0.256489,-0.055123,0.198785,0.123020,-0.008733,0.040821,0.062378,0.265610,-0.301208,-0.319419,-0.046036,0.263564,-0.103175,-0.394224,0.509291,0.020299,-0.031084,-0.051595,-0.274038,-0.160099,0.133100,-0.048620,-0.040303,0.113323,0.007196
601,22.440000,-0.031243,0.057378,-0.275301,-0.005699,-0.489751,-0.020805,-0.393693,-0.394375,0.337968,-0.132377,-0.001054,-0.011168,0.084316,0.163897,0.119201,0.028049,0.130973,-0.370617,0.007928,0.046790,0.275772,0.000888,-0.370362,-0.073244,0.000818,0.095441,0.209594,-0.239725,0.073659,-0.122012,0.080332,-0.038891,-0.320667,-0.004452,0.173988,-0.009990,-0.087863,0.251872,-0.108358,-0.106231,-0.628929,-0.182842,0.225152,-0.354556,0.289738,-0.450609,0.113279,-0.265742,-0.076609,-0.456864,-0.337642,-0.099454,0.048525,0.024576,0.452270,0.529996,-0.228253,-0.168880,0.340468,-0.091405,-0.290849,-0.168336,0.196999,0.351391,0.358120,0.016361,0.015348,-0.171190,0.131349,0.227504,0.441099,0.349899,-0.004754,-0.244530,-0.061660,0.143991,0.015129,0.355940,0.461993,0.008377,0.310154,0.212325,0.256478,-0.050713,0.388953,-0.272301,0.039188,-0.303295,-0.048987,-0.039803,-0.043869,-0.078660,0.184994,-0.005192,0.041783,0.318273,-0.108321,-0.106563,0.015331,0.165948,-0.335260,0.354803,-0.239753,0.258628,-0.061712,0.192150,0.130480,-0.010780,0.038484,0.066645,0.259349,-0.293118,-0.312617,-0.049013,0.263073,-0.095962,-0.395311,0.511577,0.019678,-0.038006,-0.054634,-0.271256,-0.158730,0.124874,-0.048159,-0.036295,0.113662,0.007285
602,22.460000,-0.031599,0.059335,-0.270629,-0.002814,-0.474738,-0.023002,-0.398167,-0.397985,0.335765,-0.132979,-0.001548,-0.011727,0.077620,0.168402,0.118891,0.025371,0.133912,-0.380449,0.005325,0.045714,0.277353,0.000861,-0.364746,-0.072618,-0.007338,0.094009,0.212656,-0.237325,0.066864,-0.125783,0.074329,-0.038185,-0.316880,-0.005341,0.179239,-0.009681,-0.088533,0.240289,-0.110425,-0.106145,-0.630616,-0.182404,0.233269,-0.358320,0.296480,-0.446809,0.111824,-0.275464,-0.077055,-0.456102,-0.329760,-0.099989,0.051092,0.025124,0.450007,0.528654,-0.224804,-0.173674,0.342095,-0.091805,-0.289184,-0.168690,0.191640,0.348126,0.361992,0.016759,0.017274,-0.174872,0.131151,0.222043,0.435674,0.341724,-0.002921,-0.249497,-0.064485,0.144630,0.013558,0.350611,0.461882,0.007046,0.312235,0.217280,0.263803,-0.049279,0.385785,-0.267733,0.035778,-0.303932,-0.049399,-0.036918,-0.043172,-0.078088,0.183363,-0.008909,0.039780,0.313731,-0.111679,-0.100267,0.015902,0.167164,-0.346097,0.357438,-0.239970,0.262456,-0.066465,0.185422,0.128740,-0.012862,0.040300,0.066665,0.267304,-0.292876,-0.310011,-0.051281,0.266849,-0.093267,-0.394244,0.507852,0.019061,-0.044436,-0.049486,-0.270002,-0.159347,0.118440,-0.046294,-0.039917,0.117393,0.007442
603,22.480000,-0.032466,0.054950,-0.270063,0.004409,-0.464398,-0.025323,-0.388009,-0.382221,0.337864,-0.133675,-0.002623,-0.012067,0.086145,0.165079,0.112591,0.024932,0.140848,-0.364228,0.002842,0.047319,0.275215,0.000898,-0.365324,-0.071288,0.005360,0.094851,0.195479,-0.236856,0.076373,-0.131182,0.074078,-0.039796,-0.319897,-0.009024,0.173294,-0.007751,-0.088074,0.245394,-0.108835,-0.111174,-0.629977,-0.179807,0.220592,-0.361989,0.299889,-0.446504,0.113620,-0.281810,-0.074130,-0.457294,-0.340679,-0.102308,0.059096,0.025112,0.435934,0.518929,-0.226691,-0.175390,0.341273,-0.092821,-0.292709,-0.170643,0.189729,0.349149,0.380381,0.017946,0.012597,-0.175986,0.136770,0.215310,0.443113,0.335305,-0.001632,-0.248566,-0.057638,0.149015,0.011496,0.359354,0.465541,0.002849,0.312092,0.207015,0.261396,-0.048096,0.390194,-0.268127,0.041486,-0.307467,-0.049577,-0.038045,-0.042681,-0.083469,0.199954,-0.003771,0.040136,0.317871,-0.107714,-0.106078,0.016405,0.171473,-0.342205,0.356531,-0.247510,0.266197,-0.073159,0.194400,0.126862,-0.014165,0.048627,0.065970,0.280000,-0.303059,-0.304862,-0.050515,0.269227,-0.097807,-0.399640,0.504479,0.016929,-0.034456,-0.056343,-0.268214,-0.159440,0.123474,-0.050176,-0.034374,0.117343,0.007293
604,22.500000,-0.032310,0.059383,-0.272504,0.002144,-0.458191,-0.024723,-0.404052,-0.391664,0.337641,-0.131142,-0.001357,-0.010794,0.081268,0.165928,0.123537,0.026331,0.130654,-0.381200,0.002107,0.046184,0.266551,0.000861,-0.363369,-0.074517,0.003681,0.101077,0.209236,-0.231830,0.075693,-0.124255,0.078099,-0.037591,-0.322295,-0.008181,0.178751,-0.007067,-0.087561,0.246845,-0.108444,-0.108301,-0.631850,-0.180890,0.222321,-0.365321,0.303172,-0.435940,0.110221,-0.271111,-0.071329,-0.457364,-0.326692,-0.100591,0.050800,0.025013,0.452205,0.523009,-0.225846,-0.175920,0.338839,-0.092891,-0.295017,-0.171087,0.193055,0.343480,0.361328,0.019702,0.020211,-0.172765,0.132860,0.209445,0.439751,0.339055,0.000062,-0.250943,-0.058496,0.145574,0.012711,0.353973,0.459775,0.005006,0.319702,0.216062,0.261647,-0.052117,0.391804,-0.266064,0.036208,-0.305370,-0.049353,-0.036736,-0.044177,-0.074849,0.199179,-0.002821,0.041371,0.326347,-0.108283,-0.105893,0.016835,0.165565,-0.338934,0.355590,-0.243567,0.262033,-0.077314,0.179820,0.136511,-0.015139,0.044728,0.073309,0.271485,-0.287327,-0.298007,-0.051801,0.268676,-0.093795,-0.399293,0.504927,0.016349,-0.039201,-0.052196,-0.269763,-0.157004,0.118662,-0.047209,-0.037384,0.114617,0.007291
605,22.520000,-0.032228,0.050952,-0.276791,0.010226,-0.449349,-0.027692,-0.396600,-0.385004,0.335045,-0.128935,-0.002283,-0.012156,0.092539,0.167439,0.121869,0.024804,0.139557,-0.367233,-0.005966,0.047749,0.266005,0.000941,-0.366749,-0.075804,0.014392,0.098075,0.195481,-0.238222,0.080853,-0.128816,0.079930,-0.039653,-0.318063,-0.010629,0.179693,-0.005456,-0.084879,0.248879,-0.108852,-0.109759,-0.631714,-0.178775,0.212681,-0.368742,0.305501,-0.447169,0.113915,-0.278424,-0.068796,-0.458737,-0.336474,-0.103915,0.055821,0.024981,0.439132,0.512467,-0.229323,-0.179578,0.341635,-0.093287,-0.295372,-0.172553,0.186000,0.346627,0.384768,0.020154,0.015266,-0.170682,0.137968,0.204317,0.446694,0.333147,0.001496,-0.251368,-0.052310,0.151030,0.010290,0.358382,0.462328,0.000783,0.322889,0.206072,0.266028,-0.050049,0.391433,-0.263442,0.045081,-0.301108,-0.049235,-0.036656,-0.042351,-0.075894,0.214211,-0.000051,0.041509,0.324285,-0.104773,-0.113072,0.017892,0.169090,-0.331190,0.351006,-0.248949,0.270008,-0.083651,0.186147,0.139756,-0.015204,0.052285,0.071282,0.280846,-0.302796,-0.293567,-0.051318,0.269424,-0.092897,-0.402216,0.504059,0.013343,-0.032004,-0.060857,-0.266730,-0.159160,0.122435,-0.049998,-0.030829,0.115321,0.007346
606,22.540000,-0.032260,0.053979,-0.274235,0.007434,-0.444536,-0.028422,-0.405304,-0.383888,0.334700,-0.129339,-0.002619,-0.011303,0.082569,0.168779,0.123507,0.025976,0.135315,-0.381221,-0.005013,0.046660,0.263413,0.000918,-0.361538,-0.074087,0.011505,0.101703,0.201390,-0.230022,0.075282,-0.128083,0.080884,-0.038171,-0.320558,-0.009071,0.180466,-0.004669,-0.088514,0.245475,-0.110679,-0.111623,-0.632890,-0.178023,0.220015,-0.373382,0.310619,-0.432758,0.113168,-0.279197,-0.067607,-0.457777,-0.327791,-0.102453,0.052999,0.025229,0.437447,0.514263,-0.225595,-0.182732,0.345042,-0.095104,-0.294685,-0.172869,0.190469,0.340733,0.373652,0.021955,0.018193,-0.173495,0.136326,0.198778,0.446052,0.326916,0.002867,-0.251211,-0.055134,0.147852,0.011012,0.359559,0.464254,0.000191,0.327241,0.211202,0.267188,-0.051147,0.388134,-0.261641,0.041473,-0.305632,-0.048662,-0.035718,-0.044517,-0.079642,0.217636,-0.001536,0.040938,0.327447,-0.105539,-0.106814,0.017847,0.170811,-0.337483,0.355234,-0.244825,0.270383,-0.090588,0.182152,0.138734,-0.016490,0.050600,0.070812,0.281258,-0.289244,-0.287500,-0.054334,0.269644,-0.091893,-0.403830,0.503337,0.014312,-0.034151,-0.057542,-0.268402,-0.157146,0.110376,-0.046531,-0.033004,0.116414,0.007235
607,22.560000,-0.032560,0.053927,-0.270212,0.006317,-0.433441,-0.029805,-0.406995,-0.389831,0.330900,-0.126682,-0.001418,-0.011723,0.075401,0.169515,0.124970,0.027254,0.137520,-0.382129,-0.006775,0.046453,0.261733,0.000956,-0.357476,-0.076996,0.008103,0.099749,0.206353,-0.226666,0.074850,-0.126203,0.082004,-0.038461,-0.321990,-0.009512,0.179132,-0.004035,-0.088528,0.241067,-0.110748,-0.110879,-0.631117,-0.178534,0.220200,-0.376996,0.306490,-0.427217,0.110938,-0.278993,-0.063424,-0.458275,-0.322442,-0.101242,0.048958,0.025095,0.443069,0.513526,-0.221712,-0.182368,0.345391,-0.091724,-0.298188,-0.173814,0.188295,0.334925,0.371269,0.022818,0.020534,-0.175295,0.138585,0.193764,0.439573,0.327265,0.004361,-0.255400,-0.059179,0.148094,0.011379,0.358067,0.462819,-0.000050,0.326609,0.216018,0.273966,-0.051932,0.394127,-0.261242,0.039537,-0.304649,-0.047798,-0.038062,-0.043194,-0.081158,0.221207,-0.004135,0.040401,0.327664,-0.106085,-0.110162,0.018817,0.168592,-0.339101,0.351050,-0.249058,0.270840,-0.091855,0.173554,0.139749,-0.016753,0.050246,0.078873,0.282481,-0.290334,-0.283137,-0.054329,0.271032,-0.089913,-0.402613,0.502714,0.014106,-0.036260,-0.050575,-0.266435,-0.156475,0.112035,-0.046541,-0.035962,0.116537,0.007199
608,22.580000,-0.032510,0.051017,-0.269096,0.009196,-0.426842,-0.030835,-0.407692,-0.387739,0.326563,-0.126289,-0.001484,-0.011842,0.078152,0.169637,0.126632,0.027359,0.135718,-0.384546,-0.008815,0.047534,0.262489,0.001015,-0.361031,-0.076600,0.010100,0.103871,0.200191,-0.227171,0.080141,-0.126688,0.081355,-0.039779,-0.321443,-0.009400,0.180667,-0.002914,-0.090173,0.245833,-0.109324,-0.109864,-0.632511,-0.176423,0.215302,-0.381783,0.308880,-0.429425,0.114039,-0.281283,-0.060912,-0.454049,-0.325520,-0.102493,0.052031,0.024879,0.438559,0.510458,-0.221169,-0.185793,0.346161,-0.092418,-0.295156,-0.174909,0.186551,0.329754,0.369575,0.023736,0.016996,-0.174185,0.140027,0.189657,0.442557,0.325346,0.005838,-0.252351,-0.051211,0.151173,0.010608,0.360445,0.460264,-0.001161,0.330801,0.209400,0.276623,-0.052497,0.395285,-0.259670,0.041485,-0.309838,-0.047616,-0.037379,-0.043840,-0.083384,0.225469,-0.001321,0.040687,0.332879,-0.106528,-0.111578,0.019270,0.170211,-0.335064,0.353356,-0.252509,0.273353,-0.096382,0.172201,0.139207,-0.017934,0.050661,0.078527,0.284312,-0.286804,-0.275657,-0.055489,0.271913,-0.088509,-0.406394,0.499919,0.013615,-0.036484,-0.059720,-0.262765,-0.156759,0.111982,-0.047030,-0.036135,0.116464,0.007149
609,22.600000,-0.032301,0.056310,-0.260410,0.010108,-0.418248,-0.033185,-0.389793,-0.377541,0.323166,-0.124585,-0.002801,-0.012629,0.073447,0.168642,0.121576,0.029899,0.147061,-0.365555,-0.006043,0.047127,0.257502,0.000987,-0.354402,-0.075913,0.017076,0.105895,0.186506,-0.225743,0.084281,-0.130655,0.085548,-0.040305,-0.325694,-0.010103,0.176350,-0.002496,-0.090194,0.243976,-0.114285,-0.114347,-0.631804,-0.175838,0.214974,-0.386209,0.309422,-0.426644,0.111511,-0.286506,-0.057643,-0.456519,-0.330109,-0.106509,0.056411,0.024869,0.425288,0.514233,-0.220290,-0.189453,0.351147,-0.093179,-0.300064,-0.176071,0.186392,0.329626,0.391420,0.024182,0.013283,-0.176274,0.145032,0.185541,0.444433,0.321650,0.006828,-0.252833,-0.056429,0.146871,0.013951,0.369859,0.462939,-0.004939,0.325125,0.203809,0.273012,-0.050613,0.401342,-0.259661,0.047436,-0.312031,-0.046765,-0.041809,-0.042215,-0.086290,0.220071,-0.005279,0.038595,0.332859,-0.103277,-0.115889,0.020024,0.176527,-0.338442,0.346449,-0.260745,0.280365,-0.102570,0.180534,0.137038,-0.018773,0.057317,0.076991,0.295305,-0.296494,-0.272832,-0.054565,0.274200,-0.090438,-0.407129,0.501660,0.012066,-0.029355,-0.055344,-0.258208,-0.158506,0.116811,-0.048102,-0.035739,0.116233,0.007238
610,22.620000,-0.031661,0.065950,-0.256121,0.000866,-0.414133,-0.033747,-0.383888,-0.385479,0.322137,-0.120739,-0.001041,-0.012587,0.061363,0.166600,0.121941,0.034465,0.149467,-0.366687,-0.000125,0.046384,0.255224,0.001021,-0.347991,-0.075770,0.014543,0.110201,0.193521,-0.216086,0.084847,-0.126876,0.090717,-0.039726,-0.335094,-0.007377,0.171653,-0.002751,-0.091979,0.244184,-0.119103,-0.117977,-0.630863,-0.174785,0.220911,-0.390435,0.301038,-0.417013,0.101720,-0.282614,-0.053608,-0.458170,-0.328117,-0.105099,0.046028,0.024696,0.427531,0.520861,-0.214044,-0.188593,0.356108,-0.093137,-0.303311,-0.176837,0.191798,0.322484,0.380264,0.025962,0.014310,-0.177769,0.147306,0.183077,0.434021,0.324361,0.007919,-0.252167,-0.066800,0.139989,0.018833,0.372833,0.461682,-0.004412,0.322778,0.208256,0.271642,-0.050502,0.406987,-0.261307,0.044748,-0.315529,-0.045276,-0.045726,-0.043614,-0.091963,0.209195,-0.010324,0.038009,0.335439,-0.103039,-0.116177,0.020509,0.175772,-0.338785,0.341929,-0.257618,0.281690,-0.104293,0.181402,0.136208,-0.017758,0.054051,0.083011,0.292592,-0.291648,-0.271805,-0.055855,0.275191,-0.091640,-0.407057,0.508881,0.012704,-0.032205,-0.043306,-0.252865,-0.158956,0.121627,-0.047408,-0.039428,0.115370,0.007160
611,22.640000,-0.030774,0.064628,-0.256585,0.001016,-0.410355,-0.034610,-0.373703,-0.383588,0.317414,-0.117721,-0.000541,-0.013563,0.072096,0.161631,0.119273,0.039782,0.156494,-0.352968,0.001699,0.048290,0.256170,0.001116,-0.358475,-0.075952,0.024518,0.114152,0.182120,-0.221268,0.099152,-0.127730,0.093702,-0.041612,-0.340156,-0.006629,0.167682,-0.002506,-0.091621,0.255346,-0.118212,-0.120238,-0.630439,-0.172215,0.209901,-0.396007,0.295113,-0.431540,0.100389,-0.281743,-0.049534,-0.452711,-0.340562,-0.106337,0.040194,0.024126,0.421922,0.517448,-0.215678,-0.190033,0.359744,-0.094992,-0.302446,-0.178514,0.191338,0.323886,0.391088,0.026471,0.005458,-0.174520,0.153221,0.181018,0.435924,0.330981,0.009007,-0.248168,-0.061194,0.139466,0.021899,0.377776,0.457809,-0.006321,0.318660,0.194634,0.265824,-0.049107,0.412571,-0.263328,0.049416,-0.318931,-0.044759,-0.047032,-0.043109,-0.096831,0.207349,-0.007646,0.039593,0.339329,-0.099716,-0.124530,0.021455,0.177160,-0.328346,0.336572,-0.265040,0.289099,-0.107417,0.189882,0.139499,-0.016860,0.052735,0.082079,0.293865,-0.300246,-0.271333,-0.056227,0.275494,-0.091021,-0.412595,0.509991,0.011911,-0.026086,-0.053884,-0.244104,-0.160217,0.134723,-0.052348,-0.032634,0.113027,0.007329
612,22.660000,-0.029657,0.073927,-0.254514,-0.005179,-0.406000,-0.034235,-0.375743,-0.393155,0.313409,-0.117444,-0.000142,-0.013438,0.066430,0.162289,0.120611,0.042396,0.156208,-0.364584,0.006241,0.047388,0.255543,0.001114,-0.353694,-0.073640,0.019926,0.119246,0.186968,-0.216851,0.097246,-0.126056,0.092938,-0.039629,-0.344553,-0.002491,0.172016,-0.003546,-0.095354,0.252836,-0.121922,-0.124067,-0.631757,-0.171058,0.220193,-0.402520,0.295827,-0.428508,0.092824,-0.282336,-0.047619,-0.446919,-0.334422,-0.103049,0.028657,0.024405,0.423968,0.525608,-0.212108,-0.193253,0.364137,-0.098281,-0.298142,-0.178321,0.195095,0.322692,0.382266,0.027297,0.007250,-0.177613,0.152405,0.178215,0.430192,0.332005,0.010399,-0.246543,-0.066689,0.131455,0.027282,0.375970,0.455127,-0.005316,0.316434,0.195839,0.261020,-0.047357,0.411369,-0.263502,0.043526,-0.322522,-0.044255,-0.045448,-0.045344,-0.101683,0.189674,-0.012167,0.039360,0.342153,-0.100363,-0.115528,0.021609,0.180692,-0.335146,0.337413,-0.260188,0.292298,-0.112716,0.190785,0.139248,-0.018277,0.046372,0.082129,0.291294,-0.292411,-0.272681,-0.060063,0.276285,-0.088766,-0.412245,0.514282,0.013426,-0.031306,-0.049300,-0.238055,-0.160175,0.132184,-0.050856,-0.032324,0.113787,0.007615
613,22.680000,-0.029111,0.072026,-0.262078,-0.006942,-0.396631,-0.035170,-0.388502,-0.408206,0.312958,-0.116888,0.001740,-0.013853,0.071128,0.161386,0.122651,0.039446,0.153414,-0.376665,0.004522,0.048771,0.255896,0.001217,-0.355017,-0.074765,0.015597,0.117283,0.192694,-0.214251,0.100436,-0.124698,0.088281,-0.038676,-0.347195,-0.000218,0.175994,-0.004044,-0.097140,0.252935,-0.120001,-0.125785,-0.631069,-0.169322,0.219638,-0.407498,0.292165,-0.431975,0.086939,-0.282213,-0.044572,-0.440063,-0.332123,-0.099433,0.017396,0.024410,0.433297,0.522535,-0.212289,-0.191047,0.360103,-0.097458,-0.292430,-0.179140,0.192923,0.319347,0.368764,0.028107,0.008626,-0.180172,0.153080,0.174330,0.427476,0.334953,0.012134,-0.247218,-0.064013,0.129724,0.027632,0.368138,0.449083,-0.003590,0.319657,0.197667,0.263272,-0.045764,0.410927,-0.264751,0.035272,-0.322687,-0.044337,-0.040240,-0.046927,-0.099919,0.189959,-0.009067,0.041659,0.345341,-0.100744,-0.111226,0.022179,0.177608,-0.332992,0.341216,-0.256401,0.293863,-0.113910,0.186285,0.140996,-0.019252,0.040853,0.088799,0.286435,-0.289784,-0.271822,-0.063643,0.275605,-0.084869,-0.411707,0.517347,0.014801,-0.039872,-0.049163,-0.232298,-0.158978,0.133337,-0.052561,-0.028512,0.115101,0.007748
614,22.700000,-0.029101,0.071396,-0.257796,-0.003420,-0.381876,-0.036643,-0.396294,-0.409815,0.308087,-0.118529,0.001065,-0.013982,0.075869,0.161442,0.120645,0.038431,0.153414,-0.385369,0.001231,0.049012,0.258946,0.001219,-0.357443,-0.073316,0.012568,0.119573,0.188754,-0.216799,0.103353,-0.126768,0.080180,-0.038299,-0.342835,-0.000271,0.179870,-0.003894,-0.101134,0.252174,-0.117684,-0.125039,-0.634505,-0.167453,0.218562,-0.412702,0.299912,-0.436928,0.086411,-0.288484,-0.042362,-0.431701,-0.330163,-0.098385,0.017813,0.024535,0.431708,0.521670,-0.212683,-0.194965,0.360547,-0.098947,-0.286846,-0.179995,0.189857,0.320516,0.368581,0.028330,0.006683,-0.181908,0.152901,0.168821,0.426035,0.334122,0.013933,-0.246878,-0.058219,0.131755,0.027010,0.364935,0.443425,-0.003443,0.317869,0.194032,0.262090,-0.045056,0.409099,-0.260659,0.032790,-0.328168,-0.044849,-0.035899,-0.047233,-0.100106,0.185083,-0.006861,0.042086,0.347889,-0.102512,-0.106559,0.022634,0.180429,-0.340193,0.346890,-0.259537,0.295606,-0.117751,0.183087,0.140470,-0.021871,0.038911,0.087807,0.291021,-0.286620,-0.270533,-0.066723,0.277771,-0.083188,-0.413445,0.511751,0.015306,-0.042562,-0.057924,-0.226867,-0.157934,0.132718,-0.053952,-0.027951,0.116400,0.008037
615,22.720000,-0.028902,0.064841,-0.268182,0.002909,-0.371129,-0.038602,-0.412198,-0.413295,0.313080,-0.119787,0.001488,-0.013627,0.087914,0.160479,0.125711,0.031839,0.147036,-0.394066,-0.006335,0.050582,0.251886,0.001228,-0.359019,-0.074740,0.016196,0.121730,0.185814,-0.216082,0.108096,-0.127775,0.075398,-0.036943,-0.343189,-0.001124,0.188431,-0.002908,-0.100986,0.255142,-0.114195,-0.125724,-0.635782,-0.166165,0.211560,-0.415813,0.309079,-0.440162,0.086293,-0.289090,-0.039524,-0.428977,-0.328909,-0.097708,0.017808,0.024697,0.435239,0.515034,-0.219732,-0.194256,0.351763,-0.100056,-0.283372,-0.181255,0.186431,0.321666,0.365250,0.029841,0.008242,-0.181271,0.150933,0.161990,0.435228,0.331462,0.015801,-0.247838,-0.047966,0.133484,0.023038,0.360098,0.439706,-0.003792,0.327789,0.193869,0.261457,-0.045202,0.407740,-0.259122,0.028304,-0.326098,-0.045493,-0.029248,-0.049028,-0.090736,0.194253,0.001794,0.045184,0.355699,-0.100306,-0.105487,0.022977,0.179759,-0.333927,0.353479,-0.255910,0.295527,-0.122966,0.178811,0.146832,-0.024876,0.040478,0.091301,0.289293,-0.283083,-0.263673,-0.069159,0.277338,-0.080839,-0.415597,0.511557,0.014303,-0.046570,-0.063025,-0.226712,-0.153851,0.127647,-0.055488,-0.022885,0.116591,0.008087
616,22.740000,-0.029113,0.064956,-0.261177,0.008410,-0.354486,-0.042796,-0.406901,-0.403824,0.311219,-0.118455,-0.001297,-0.014045,0.086729,0.161543,0.121077,0.032370,0.155301,-0.386606,-0.011978,0.049544,0.249306,0.001162,-0.354435,-0.074594,0.019534,0.121510,0.177670,-0.216676,0.107880,-0.132059,0.074736,-0.036525,-0.338719,-0.003810,0.187381,-0.001795,-0.101293,0.250225,-0.116851,-0.126781,-0.638359,-0.165286,0.210896,-0.418812,0.315819,-0.437022,0.087032,-0.296245,-0.035580,-0.432326,-0.327434,-0.100085,0.024119,0.024778,0.425263,0.513317,-0.220915,-0.198144,0.356684,-0.100658,-0.286738,-0.182643,0.184089,0.326701,0.387520,0.030540,0.007886,-0.183083,0.153091,0.154711,0.435624,0.324140,0.017166,-0.251644,-0.050942,0.134663,0.022996,0.363626,0.440954,-0.006921,0.324514,0.191083,0.260320,-0.044621,0.407173,-0.252794,0.033604,-0.326435,-0.044988,-0.029998,-0.047009,-0.091893,0.195823,0.000475,0.043698,0.353991,-0.098564,-0.108478,0.023878,0.183955,-0.341516,0.350963,-0.260657,0.298693,-0.129317,0.180767,0.149086,-0.026515,0.047833,0.089763,0.301982,-0.291142,-0.261822,-0.069127,0.279976,-0.080541,-0.415204,0.508124,0.012611,-0.041215,-0.063731,-0.226033,-0.151784,0.127760,-0.056359,-0.022594,0.116866,0.008212
617,22.760000,-0.029268,0.063877,-0.260493,0.008118,-0.344325,-0.045004,-0.405731,-0.399363,0.310897,-0.116384,-0.000079,-0.013578,0.084130,0.158145,0.119796,0.033951,0.156422,-0.385413,-0.016355,0.049734,0.246275,0.001197,-0.349117,-0.075146,0.021998,0.124816,0.177659,-0.210051,0.110145,-0.131767,0.078255,-0.036027,-0.342195,-0.003507,0.183879,-0.000218,-0.103152,0.252483,-0.118743,-0.130801,-0.637953,-0.163664,0.209350,-0.422403,0.315351,-0.428457,0.087161,-0.295464,-0.030844,-0.435040,-0.327683,-0.098475,0.022407,0.024702,0.419722,0.510393,-0.219359,-0.198363,0.359998,-0.100553,-0.290636,-0.183955,0.187837,0.324492,0.386202,0.032991,0.009490,-0.182579,0.155675,0.148201,0.436981,0.319124,0.018335,-0.251190,-0.053140,0.134900,0.024804,0.370033,0.443091,-0.009033,0.325673,0.190524,0.258350,-0.045335,0.409614,-0.251916,0.035389,-0.326618,-0.043800,-0.031851,-0.048279,-0.096087,0.203126,0.001427,0.044549,0.358183,-0.095775,-0.111822,0.024230,0.185840,-0.340368,0.349585,-0.258784,0.297907,-0.136109,0.183580,0.151198,-0.026702,0.050019,0.094957,0.305010,-0.289313,-0.256876,-0.070344,0.280497,-0.080695,-0.416056,0.510038,0.012434,-0.037605,-0.061719,-0.225148,-0.147840,0.125840,-0.057043,-0.021241,0.116490,0.007936
618,22.780000,-0.029029,0.062898,-0.255458,0.007940,-0.335170,-0.046187,-0.403717,-0.396961,0.306975,-0.112880,0.000539,-0.013604,0.081894,0.155412,0.120727,0.040165,0.157592,-0.383251,-0.018460,0.049627,0.243434,0.001212,-0.348657,-0.076613,0.022895,0.128743,0.176904,-0.209019,0.114583,-0.130093,0.083271,-0.036124,-0.343559,-0.003084,0.181443,0.000948,-0.103522,0.254950,-0.120452,-0.130214,-0.638554,-0.162913,0.207542,-0.426437,0.310974,-0.425144,0.089627,-0.291465,-0.025968,-0.434046,-0.325266,-0.098197,0.018930,0.024119,0.418453,0.510643,-0.217744,-0.200336,0.365688,-0.100237,-0.294610,-0.185246,0.190396,0.320653,0.388348,0.034712,0.010119,-0.180267,0.158284,0.143598,0.434645,0.319753,0.019553,-0.251144,-0.055642,0.134272,0.028815,0.373864,0.440427,-0.010399,0.324842,0.188183,0.256649,-0.047046,0.415653,-0.250126,0.039565,-0.327797,-0.042661,-0.035006,-0.047755,-0.100365,0.203543,-0.000621,0.044724,0.361227,-0.094374,-0.119112,0.025100,0.184963,-0.339474,0.343308,-0.264213,0.299885,-0.141292,0.180957,0.156355,-0.026952,0.049362,0.098296,0.306022,-0.287813,-0.252147,-0.070837,0.280479,-0.074773,-0.416748,0.509220,0.012033,-0.034682,-0.062876,-0.221347,-0.145007,0.127284,-0.058463,-0.020574,0.114322,0.007877
619,22.800000,-0.028532,0.060302,-0.255775,0.008187,-0.328258,-0.047143,-0.406967,-0.398355,0.300245,-0.111298,0.001599,-0.013727,0.081289,0.155334,0.122899,0.041066,0.154772,-0.387259,-0.021567,0.050418,0.241454,0.001282,-0.346420,-0.077123,0.021806,0.131944,0.175948,-0.206062,0.116580,-0.129361,0.085561,-0.036344,-0.345005,-0.000920,0.185148,0.001988,-0.104728,0.257922,-0.120896,-0.131619,-0.638741,-0.161087,0.207909,-0.431562,0.308964,-0.423945,0.090696,-0.290196,-0.021669,-0.430628,-0.324518,-0.097888,0.015163,0.023852,0.413992,0.509561,-0.216557,-0.202510,0.368334,-0.101036,-0.293068,-0.186039,0.192603,0.315653,0.382571,0.036073,0.010475,-0.179070,0.159618,0.140137,0.434287,0.317214,0.021116,-0.249073,-0.055609,0.133507,0.031887,0.374655,0.438955,-0.012168,0.329095,0.186713,0.257428,-0.047321,0.416734,-0.248992,0.039592,-0.327918,-0.041778,-0.034548,-0.049385,-0.102599,0.204468,-0.000270,0.045087,0.364755,-0.093668,-0.119833,0.025576,0.187241,-0.337231,0.343289,-0.263710,0.302241,-0.146902,0.179054,0.158867,-0.027814,0.047612,0.101889,0.304394,-0.283550,-0.247201,-0.073273,0.279355,-0.068776,-0.417468,0.509871,0.012213,-0.035098,-0.063527,-0.217075,-0.142291,0.123669,-0.058527,-0.018965,0.113835,0.007822
620,22.820000,-0.028080,0.061923,-0.252178,0.006831,-0.317386,-0.048800,-0.412872,-0.404445,0.295514,-0.110440,0.002225,-0.014006,0.073950,0.155973,0.124530,0.041944,0.152332,-0.397041,-0.021681,0.050125,0.239906,0.001307,-0.342058,-0.077674,0.014919,0.133684,0.179183,-0.201592,0.113934,-0.128206,0.084484,-0.036055,-0.347345,0.000637,0.187950,0.002419,-0.107000,0.253515,-0.122972,-0.131504,-0.639602,-0.159852,0.214354,-0.436124,0.307610,-0.418131,0.088802,-0.290702,-0.017596,-0.426262,-0.316878,-0.096817,0.012295,0.023627,0.415141,0.511780,-0.212541,-0.204656,0.370537,-0.100599,-0.291228,-0.186774,0.193567,0.307525,0.373942,0.037325,0.010784,-0.181252,0.160189,0.136977,0.429379,0.314301,0.022896,-0.250457,-0.059701,0.132176,0.034782,0.372420,0.435205,-0.012626,0.331150,0.190458,0.260744,-0.047651,0.419118,-0.246871,0.036418,-0.330940,-0.040888,-0.033644,-0.050209,-0.104831,0.201565,-0.003651,0.044193,0.365946,-0.094781,-0.116958,0.026062,0.187039,-0.342125,0.343762,-0.264374,0.305883,-0.149490,0.171865,0.158892,-0.029068,0.045180,0.106091,0.303930,-0.276922,-0.242416,-0.076409,0.280370,-0.062584,-0.416285,0.510109,0.013021,-0.041136,-0.058582,-0.213280,-0.140554,0.119684,-0.057292,-0.022353,0.114545,0.007808
621,22.840000,-0.027744,0.056742,-0.252846,0.012679,-0.306207,-0.051653,-0.411683,-0.397623,0.290736,-0.110353,0.002493,-0.014674,0.082550,0.153024,0.122976,0.040640,0.154618,-0.388011,-0.024793,0.052250,0.238158,0.001355,-0.347294,-0.078378,0.021542,0.134889,0.167715,-0.202266,0.124008,-0.131470,0.083676,-0.037424,-0.350013,-0.000136,0.189086,0.003533,-0.106328,0.259821,-0.119760,-0.133607,-0.639971,-0.157189,0.205490,-0.440216,0.309180,-0.424297,0.091202,-0.293360,-0.013167,-0.422617,-0.324671,-0.098075,0.014224,0.023323,0.406091,0.503773,-0.214794,-0.206153,0.368973,-0.101942,-0.290659,-0.188588,0.192646,0.306763,0.382130,0.038116,0.005092,-0.179615,0.163361,0.132851,0.434421,0.312746,0.024267,-0.249037,-0.052919,0.135235,0.035096,0.373574,0.433035,-0.016570,0.334895,0.182653,0.259791,-0.046926,0.422195,-0.246482,0.038091,-0.332816,-0.040312,-0.031373,-0.050113,-0.106241,0.207368,0.001563,0.045184,0.370158,-0.092372,-0.121663,0.026948,0.190521,-0.335745,0.344256,-0.269694,0.310253,-0.152377,0.173763,0.161009,-0.030835,0.048004,0.108676,0.308427,-0.282716,-0.237476,-0.077312,0.280086,-0.060627,-0.420854,0.506827,0.012396,-0.036795,-0.066700,-0.209649,-0.137728,0.123678,-0.060741,-0.017725,0.113586,0.007872
622,22.860000,-0.027022,0.060477,-0.254296,0.011359,-0.295229,-0.051785,-0.428294,-0.407106,0.289656,-0.110567,0.004198,-0.014075,0.077939,0.154750,0.131608,0.039161,0.146011,-0.408976,-0.025867,0.051615,0.233311,0.001325,-0.343922,-0.079688,0.016105,0.138877,0.177496,-0.197002,0.120519,-0.127504,0.081258,-0.035540,-0.350720,0.001132,0.197774,0.003740,-0.107838,0.256613,-0.119758,-0.131604,-0.642483,-0.156294,0.211511,-0.443899,0.315243,-0.416083,0.087606,-0.289443,-0.009044,-0.417900,-0.310420,-0.094299,0.008741,0.023271,0.417816,0.506254,-0.212768,-0.208126,0.366150,-0.103115,-0.287669,-0.189254,0.193591,0.299949,0.364134,0.039928,0.010069,-0.180298,0.160015,0.127972,0.431176,0.313129,0.026430,-0.251768,-0.054303,0.133075,0.036460,0.365507,0.426780,-0.014565,0.342890,0.191292,0.262933,-0.048519,0.421874,-0.242757,0.031006,-0.333439,-0.039586,-0.027510,-0.052284,-0.097595,0.204014,0.001272,0.045423,0.376259,-0.093574,-0.115203,0.027303,0.188384,-0.338054,0.346901,-0.264096,0.308828,-0.154900,0.159937,0.165055,-0.032776,0.043780,0.116169,0.303252,-0.269431,-0.231166,-0.081047,0.279923,-0.055239,-0.418978,0.506324,0.013002,-0.045312,-0.063065,-0.209613,-0.135402,0.116877,-0.056986,-0.020996,0.113148,0.007955
623,22.880000,-0.026428,0.058970,-0.251036,0.012583,-0.278097,-0.057569,-0.426957,-0.409722,0.285786,-0.110513,0.003022,-0.015435,0.074736,0.155216,0.129209,0.035928,0.151954,-0.407727,-0.029964,0.051930,0.233519,0.001366,-0.341057,-0.080708,0.013255,0.134462,0.174432,-0.195032,0.118383,-0.129576,0.076666,-0.036253,-0.348126,-0.000283,0.197308,0.004439,-0.109642,0.249957,-0.121149,-0.131953,-0.642857,-0.154479,0.212835,-0.445931,0.317874,-0.415654,0.085161,-0.298896,-0.004257,-0.416338,-0.309140,-0.094836,0.011618,0.023188,0.413420,0.502837,-0.210290,-0.210433,0.367752,-0.100796,-0.288028,-0.190628,0.187530,0.295661,0.367781,0.040507,0.008984,-0.182274,0.162712,0.122937,0.427185,0.308506,0.028272,-0.256054,-0.055169,0.135266,0.034502,0.364775,0.425731,-0.016576,0.342600,0.191578,0.270825,-0.047025,0.422918,-0.238963,0.030812,-0.334727,-0.038455,-0.026869,-0.050602,-0.097390,0.206198,-0.000693,0.044617,0.372321,-0.093945,-0.113808,0.028542,0.190617,-0.343253,0.347721,-0.267771,0.313606,-0.157144,0.157251,0.162325,-0.033468,0.046640,0.119012,0.310472,-0.275867,-0.226712,-0.082252,0.281495,-0.054407,-0.417762,0.505792,0.012414,-0.047644,-0.061431,-0.208674,-0.136480,0.119491,-0.058263,-0.023382,0.115480,0.008010
624,22.900000,-0.026048,0.062368,-0.241348,0.012069,-0.265963,-0.061447,-0.417624,-0.400869,0.282797,-0.110454,0.003318,-0.015407,0.071027,0.150913,0.124399,0.037891,0.156157,-0.401043,-0.029410,0.051928,0.234020,0.001337,-0.337769,-0.079341,0.015277,0.139231,0.165804,-0.191243,0.125796,-0.132918,0.075764,-0.036801,-0.350427,-0.001324,0.191777,0.005592,-0.113871,0.251278,-0.123045,-0.134767,-0.643504,-0.152251,0.210786,-0.449261,0.320656,-0.410954,0.086071,-0.304246,0.000735,-0.413755,-0.312593,-0.095732,0.016458,0.022756,0.403762,0.503181,-0.207731,-0.213499,0.371761,-0.101272,-0.291120,-0.192136,0.187713,0.291377,0.373628,0.042326,0.006277,-0.184127,0.166282,0.117855,0.425415,0.306029,0.029093,-0.253911,-0.054183,0.135017,0.035619,0.372813,0.425397,-0.019737,0.338311,0.187446,0.269888,-0.046999,0.429036,-0.236765,0.033202,-0.342895,-0.037209,-0.028894,-0.050820,-0.102902,0.202437,-0.001139,0.043431,0.375825,-0.092697,-0.114693,0.029005,0.194618,-0.348103,0.347443,-0.274580,0.315823,-0.160199,0.161118,0.158068,-0.034635,0.049687,0.120656,0.319785,-0.276456,-0.221425,-0.082855,0.283788,-0.057597,-0.420903,0.503041,0.012093,-0.045081,-0.063631,-0.206469,-0.136277,0.123589,-0.060070,-0.024899,0.115644,0.007923
625,22.920000,-0.024840,0.063439,-0.245824,0.010418,-0.257124,-0.061825,-0.424512,-0.409352,0.282515,-0.107983,0.006723,-0.014915,0.074308,0.148079,0.134493,0.036621,0.149677,-0.405783,-0.032086,0.052771,0.226065,0.001352,-0.338732,-0.082680,0.017291,0.143951,0.167961,-0.187438,0.132398,-0.128530,0.078703,-0.035674,-0.354596,-0.000618,0.196742,0.005979,-0.112454,0.257419,-0.122006,-0.132815,-0.643257,-0.151558,0.205720,-0.451627,0.320104,-0.411396,0.082290,-0.296571,0.005511,-0.410967,-0.308728,-0.094741,0.009948,0.022372,0.415621,0.503664,-0.210681,-0.212658,0.366627,-0.100891,-0.293495,-0.193567,0.186631,0.285741,0.361467,0.044752,0.009368,-0.178236,0.165367,0.113965,0.425353,0.312448,0.030281,-0.253947,-0.050807,0.132451,0.036149,0.370013,0.419180,-0.018451,0.345610,0.190191,0.271208,-0.049086,0.433864,-0.236091,0.030054,-0.339612,-0.036153,-0.027844,-0.052231,-0.096174,0.201045,0.002948,0.045824,0.383671,-0.090609,-0.117959,0.029991,0.188958,-0.337895,0.346030,-0.273047,0.312777,-0.163114,0.153173,0.165355,-0.036034,0.047989,0.129550,0.312483,-0.270298,-0.214208,-0.083578,0.282561,-0.054353,-0.422645,0.506208,0.011091,-0.048701,-0.060962,-0.204815,-0.134377,0.126092,-0.060341,-0.023883,0.112731,0.007878
626,22.940000,-0.023508,0.067879,-0.241559,0.008231,-0.243921,-0.065533,-0.422420,-0.415998,0.275656,-0.106798,0.005542,-0.015913,0.068172,0.150006,0.135619,0.035387,0.154762,-0.410732,-0.033878,0.051788,0.226585,0.001378,-0.334667,-0.082599,0.012347,0.144471,0.167610,-0.185461,0.127012,-0.128988,0.076478,-0.035528,-0.350990,-0.000273,0.199162,0.005933,-0.113610,0.251003,-0.127176,-0.132072,-0.644633,-0.149908,0.212269,-0.454441,0.322480,-0.412240,0.077135,-0.303204,0.010601,-0.408014,-0.303537,-0.095797,0.009939,0.022169,0.413802,0.506692,-0.206667,-0.216796,0.371532,-0.100561,-0.292066,-0.194247,0.181482,0.281500,0.362721,0.045769,0.009559,-0.179303,0.167010,0.111132,0.417176,0.310261,0.031817,-0.256578,-0.054570,0.130994,0.036565,0.370210,0.417261,-0.018716,0.344241,0.191393,0.277285,-0.048070,0.433926,-0.230547,0.030126,-0.342195,-0.034974,-0.027957,-0.051372,-0.095765,0.193129,-0.002918,0.043944,0.379498,-0.091504,-0.113068,0.031037,0.189798,-0.344247,0.344970,-0.272689,0.318307,-0.166243,0.150275,0.163350,-0.036058,0.048469,0.129197,0.317884,-0.272401,-0.211467,-0.085729,0.284538,-0.052619,-0.421155,0.507648,0.010176,-0.053472,-0.057442,-0.201796,-0.138319,0.126850,-0.059528,-0.028941,0.114971,0.008031
627,22.960000,-0.022590,0.065050,-0.240314,0.011078,-0.235095,-0.071574,-0.410436,-0.404413,0.276269,-0.106298,0.005845,-0.016589,0.075266,0.144174,0.130308,0.034546,0.161352,-0.393970,-0.034948,0.053712,0.228065,0.001409,-0.336525,-0.081125,0.022638,0.146253,0.152339,-0.183248,0.139588,-0.135683,0.076734,-0.036611,-0.355557,-0.001489,0.193722,0.007059,-0.114579,0.257705,-0.126728,-0.139388,-0.643037,-0.146695,0.203072,-0.457323,0.323912,-0.416713,0.078498,-0.310765,0.015808,-0.405553,-0.316964,-0.098681,0.013989,0.021756,0.398134,0.498502,-0.209464,-0.218578,0.373499,-0.102445,-0.294753,-0.196246,0.180184,0.282070,0.379131,0.047841,0.004156,-0.179990,0.172637,0.107396,0.423214,0.306644,0.032210,-0.252457,-0.048695,0.130279,0.035070,0.378910,0.419368,-0.024694,0.342808,0.180950,0.274811,-0.045965,0.438094,-0.230927,0.033856,-0.346493,-0.033868,-0.028421,-0.051818,-0.100373,0.197641,0.001635,0.044386,0.381598,-0.087305,-0.116789,0.031712,0.195402,-0.340658,0.344982,-0.278337,0.323289,-0.171168,0.162522,0.160875,-0.037166,0.054112,0.128597,0.328362,-0.282063,-0.207221,-0.086218,0.285197,-0.057113,-0.428155,0.507841,0.009273,-0.047353,-0.064371,-0.199258,-0.138296,0.132513,-0.064655,-0.022696,0.115394,0.007954
628,22.980000,-0.021260,0.068831,-0.243718,0.010743,-0.227203,-0.070929,-0.417453,-0.406712,0.276964,-0.103915,0.008654,-0.015578,0.080316,0.140807,0.138446,0.037020,0.156895,-0.399638,-0.035879,0.054041,0.221186,0.001372,-0.340220,-0.082322,0.028650,0.151900,0.153233,-0.180046,0.145092,-0.132158,0.081133,-0.034670,-0.359795,-0.000786,0.198063,0.007233,-0.112711,0.263297,-0.125906,-0.139062,-0.643966,-0.145555,0.199751,-0.459879,0.325576,-0.416329,0.074831,-0.301259,0.020783,-0.402290,-0.312658,-0.096827,0.006006,0.021355,0.407878,0.498712,-0.212944,-0.219260,0.369977,-0.105859,-0.296120,-0.197675,0.182572,0.282307,0.374939,0.051094,0.006629,-0.175168,0.170982,0.103156,0.424730,0.312380,0.032937,-0.252222,-0.046914,0.126874,0.036935,0.376193,0.414479,-0.024485,0.348341,0.182226,0.271227,-0.047958,0.440574,-0.229162,0.032253,-0.342701,-0.032950,-0.026536,-0.053499,-0.095923,0.196482,0.004970,0.046309,0.389907,-0.084201,-0.118715,0.032414,0.191731,-0.332603,0.341607,-0.275288,0.321337,-0.176308,0.157252,0.170064,-0.039564,0.052019,0.133671,0.323648,-0.275406,-0.202314,-0.087988,0.284261,-0.054781,-0.432320,0.507845,0.008457,-0.045422,-0.063866,-0.198158,-0.136365,0.131754,-0.063749,-0.018626,0.111899,0.008008
629,23.000000,-0.019487,0.063769,-0.250051,0.013253,-0.217633,-0.074363,-0.424350,-0.413082,0.276637,-0.102522,0.008501,-0.016471,0.085595,0.141773,0.143022,0.035052,0.157911,-0.405721,-0.041097,0.054615,0.219302,0.001444,-0.343213,-0.082702,0.032019,0.148810,0.151516,-0.179060,0.142706,-0.131343,0.081424,-0.034390,-0.357874,-0.000624,0.203142,0.007671,-0.110918,0.261302,-0.126338,-0.139811,-0.644613,-0.143393,0.199571,-0.461544,0.327138,-0.420415,0.072232,-0.302134,0.026135,-0.399834,-0.310511,-0.096808,0.001245,0.021085,0.407787,0.492278,-0.215879,-0.220528,0.370834,-0.107708,-0.293738,-0.198773,0.179496,0.283455,0.378745,0.053234,0.009001,-0.175139,0.171703,0.099532,0.426068,0.309882,0.034489,-0.253815,-0.045120,0.126187,0.034706,0.372399,0.412488,-0.026047,0.355385,0.182325,0.275498,-0.046896,0.437648,-0.225350,0.032172,-0.338687,-0.031974,-0.023580,-0.053643,-0.091618,0.201407,0.005922,0.047069,0.388121,-0.082412,-0.118388,0.033608,0.192862,-0.329517,0.341477,-0.270885,0.326311,-0.181492,0.155033,0.174316,-0.040692,0.052688,0.133877,0.323353,-0.279168,-0.199337,-0.090379,0.282845,-0.050903,-0.433632,0.509743,0.007570,-0.046123,-0.066332,-0.197492,-0.137095,0.129459,-0.064194,-0.015123,0.112584,0.008115
630,23.020000,-0.018404,0.070006,-0.237518,0.010643,-0.204854,-0.080212,-0.418146,-0.408736,0.270798,-0.102490,0.006402,-0.016901,0.071876,0.141234,0.133778,0.038612,0.164714,-0.408770,-0.039289,0.053037,0.223699,0.001440,-0.335331,-0.079210,0.028267,0.147584,0.148382,-0.172877,0.136324,-0.133981,0.079123,-0.034104,-0.357160,-0.000328,0.195592,0.008435,-0.118676,0.251097,-0.131296,-0.144199,-0.645241,-0.140947,0.208772,-0.464593,0.328082,-0.408936,0.069050,-0.311088,0.031882,-0.396465,-0.306612,-0.096898,0.003619,0.020760,0.397444,0.496091,-0.208382,-0.224351,0.379369,-0.107589,-0.293458,-0.199617,0.181971,0.280347,0.383735,0.055403,0.009530,-0.181928,0.174868,0.095015,0.419330,0.301361,0.035357,-0.254157,-0.054048,0.124645,0.037598,0.378888,0.414254,-0.028879,0.346576,0.182986,0.277580,-0.045273,0.437749,-0.220854,0.033037,-0.345692,-0.030365,-0.025984,-0.053560,-0.095999,0.198770,-0.002273,0.043960,0.384987,-0.082065,-0.112714,0.033757,0.200330,-0.346797,0.341193,-0.274024,0.330726,-0.185377,0.159055,0.166868,-0.041190,0.054148,0.131718,0.334775,-0.279186,-0.198200,-0.093323,0.285687,-0.053574,-0.431681,0.509006,0.007916,-0.044468,-0.062032,-0.195551,-0.139326,0.126815,-0.063425,-0.019901,0.115830,0.008081
631,23.040000,-0.017060,0.064616,-0.239930,0.011274,-0.196331,-0.082677,-0.423563,-0.408708,0.270480,-0.100343,0.012067,-0.016209,0.079701,0.134843,0.136600,0.040051,0.160298,-0.405301,-0.043410,0.055441,0.219733,0.001465,-0.341142,-0.080347,0.033549,0.151313,0.143738,-0.169178,0.151326,-0.131949,0.081265,-0.034042,-0.363109,0.000190,0.194057,0.009605,-0.120075,0.262540,-0.126367,-0.145019,-0.644759,-0.138756,0.197623,-0.466166,0.324682,-0.410623,0.070069,-0.305268,0.035949,-0.392599,-0.312907,-0.095597,-0.001190,0.020260,0.400854,0.490682,-0.212802,-0.222722,0.376568,-0.107899,-0.296458,-0.201561,0.184713,0.277643,0.375786,0.058561,0.007746,-0.177344,0.175750,0.091416,0.423059,0.306738,0.035817,-0.251151,-0.046398,0.126602,0.036467,0.380409,0.408473,-0.030205,0.351228,0.180348,0.277339,-0.047194,0.443957,-0.221109,0.032402,-0.345642,-0.029122,-0.025642,-0.055245,-0.096960,0.204895,0.005461,0.047136,0.394491,-0.078726,-0.120437,0.034754,0.197903,-0.336035,0.341696,-0.277284,0.326420,-0.187651,0.156646,0.172679,-0.043670,0.053265,0.140235,0.329261,-0.275454,-0.192090,-0.094396,0.284206,-0.052182,-0.436322,0.508634,0.007823,-0.042413,-0.066856,-0.193013,-0.134204,0.131860,-0.066969,-0.014840,0.112810,0.007936
632,23.060000,-0.014957,0.066931,-0.236578,0.010933,-0.186831,-0.082850,-0.430210,-0.415843,0.266362,-0.099434,0.012123,-0.016487,0.076313,0.136886,0.143293,0.042899,0.156226,-0.418394,-0.044140,0.054240,0.214737,0.001451,-0.341494,-0.080819,0.030300,0.155764,0.143730,-0.167756,0.148564,-0.128973,0.080181,-0.033312,-0.361826,0.001130,0.201898,0.009643,-0.120363,0.256196,-0.128137,-0.140606,-0.647466,-0.137411,0.202955,-0.468629,0.325516,-0.409234,0.068230,-0.300129,0.041021,-0.387782,-0.303456,-0.094672,-0.003781,0.019808,0.408920,0.493127,-0.212725,-0.224513,0.377025,-0.109477,-0.294591,-0.202393,0.183734,0.273746,0.370930,0.059804,0.011520,-0.176292,0.174611,0.089588,0.418959,0.307655,0.037218,-0.252909,-0.047912,0.125568,0.037373,0.375323,0.401665,-0.028256,0.356454,0.184171,0.279937,-0.048498,0.444839,-0.215689,0.031846,-0.346980,-0.028093,-0.024774,-0.054870,-0.094807,0.196453,0.001859,0.046461,0.396636,-0.078212,-0.120047,0.035473,0.198121,-0.337874,0.339199,-0.276648,0.329077,-0.189653,0.146451,0.177413,-0.045245,0.050055,0.140798,0.324200,-0.268058,-0.187936,-0.096146,0.282697,-0.045560,-0.431431,0.506500,0.007320,-0.047656,-0.067877,-0.190807,-0.133488,0.130501,-0.063435,-0.017302,0.111427,0.008173
633,23.080000,-0.012933,0.057189,-0.244412,0.016913,-0.176569,-0.089261,-0.436405,-0.411632,0.261213,-0.099599,0.012078,-0.017723,0.085485,0.136197,0.142624,0.035098,0.156566,-0.412913,-0.050786,0.057029,0.212476,0.001548,-0.344379,-0.082020,0.037400,0.152331,0.133774,-0.165307,0.155854,-0.133540,0.077977,-0.033991,-0.360911,0.001092,0.204279,0.010503,-0.121513,0.262194,-0.124459,-0.144345,-0.647264,-0.134198,0.194490,-0.470871,0.330405,-0.416230,0.070323,-0.305454,0.046504,-0.385764,-0.311999,-0.097027,-0.002347,0.019705,0.398348,0.481181,-0.218395,-0.224806,0.373652,-0.110452,-0.291462,-0.204110,0.180042,0.274752,0.377680,0.060937,0.008110,-0.175356,0.176912,0.086388,0.429085,0.303199,0.038766,-0.251107,-0.040141,0.126520,0.033219,0.374321,0.401592,-0.032593,0.363660,0.178312,0.283542,-0.046178,0.440288,-0.212086,0.031073,-0.345179,-0.027043,-0.020837,-0.056174,-0.091528,0.206784,0.010177,0.048527,0.398011,-0.074637,-0.121173,0.036415,0.203837,-0.330350,0.345687,-0.275627,0.331378,-0.193270,0.150751,0.178969,-0.046081,0.053505,0.143477,0.328255,-0.274706,-0.184004,-0.098649,0.279022,-0.044552,-0.434305,0.507279,0.006797,-0.044994,-0.076237,-0.190110,-0.130685,0.131763,-0.066354,-0.010210,0.112357,0.008232
634,23.100000,-0.010782,0.065161,-0.234873,0.013500,-0.164628,-0.091779,-0.444623,-0.417651,0.262593,-0.098771,0.011932,-0.017317,0.072823,0.136568,0.145623,0.035921,0.152801,-0.430502,-0.050278,0.054814,0.209276,0.001479,-0.337489,-0.082821,0.030109,0.155463,0.138056,-0.159340,0.147341,-0.130245,0.074893,-0.032752,-0.360499,0.001213,0.204237,0.010688,-0.126021,0.253530,-0.127544,-0.142060,-0.650560,-0.133203,0.204676,-0.472093,0.335567,-0.403830,0.066424,-0.305363,0.052046,-0.381109,-0.295714,-0.094114,-0.002276,0.019588,0.405211,0.488546,-0.213153,-0.227496,0.375280,-0.111400,-0.290811,-0.205104,0.181028,0.269163,0.368933,0.064118,0.011026,-0.178790,0.174906,0.082245,0.421194,0.300100,0.040596,-0.254937,-0.048086,0.126077,0.035011,0.371933,0.396513,-0.030817,0.362235,0.187484,0.287629,-0.047821,0.440256,-0.205506,0.026684,-0.349905,-0.025720,-0.020107,-0.056939,-0.092039,0.201464,0.005616,0.046903,0.400728,-0.074766,-0.115399,0.036681,0.202930,-0.341900,0.345780,-0.274485,0.331827,-0.194489,0.139666,0.179818,-0.047626,0.051267,0.145818,0.327802,-0.264714,-0.179501,-0.102450,0.281547,-0.041039,-0.432599,0.506744,0.007186,-0.050105,-0.070249,-0.189560,-0.128766,0.126707,-0.062608,-0.018538,0.112014,0.008220
635,23.120000,-0.008547,0.060552,-0.226771,0.015034,-0.153204,-0.099927,-0.428228,-0.410441,0.255818,-0.097029,0.011290,-0.018859,0.072182,0.132230,0.138361,0.034703,0.164629,-0.408941,-0.052726,0.055698,0.209496,0.001502,-0.336287,-0.084079,0.035047,0.153781,0.125005,-0.157132,0.155843,-0.135509,0.075691,-0.034695,-0.363210,0.000042,0.196206,0.011542,-0.126843,0.256055,-0.128799,-0.146288,-0.648844,-0.130606,0.198829,-0.473076,0.333408,-0.405698,0.067405,-0.313327,0.056165,-0.382048,-0.306189,-0.096206,0.002330,0.018949,0.389859,0.484464,-0.214128,-0.227166,0.379614,-0.109501,-0.296727,-0.207083,0.179537,0.269740,0.387996,0.064557,0.005835,-0.179205,0.180828,0.078492,0.421669,0.296885,0.040301,-0.254729,-0.047537,0.126280,0.036448,0.379289,0.397094,-0.036492,0.355390,0.178004,0.287953,-0.046237,0.446580,-0.203324,0.031455,-0.352017,-0.024027,-0.022996,-0.054350,-0.095005,0.201059,0.006140,0.046884,0.397220,-0.071140,-0.124066,0.038453,0.210063,-0.341051,0.344251,-0.282797,0.336994,-0.196938,0.148539,0.177126,-0.047878,0.056803,0.146776,0.337230,-0.280151,-0.178182,-0.100754,0.282381,-0.042958,-0.436369,0.507219,0.006751,-0.043680,-0.072857,-0.186220,-0.125359,0.136435,-0.068725,-0.017056,0.111911,0.008181
636,23.140000,-0.006390,0.072793,-0.215308,0.007403,-0.145771,-0.099981,-0.421918,-0.408918,0.250189,-0.095621,0.015259,-0.018103,0.059706,0.129514,0.137196,0.044361,0.165399,-0.413222,-0.048012,0.054445,0.209067,0.001448,-0.329661,-0.082663,0.031318,0.162656,0.124966,-0.150105,0.159555,-0.134368,0.078064,-0.033371,-0.368900,0.002201,0.192823,0.012021,-0.132747,0.254073,-0.136355,-0.148299,-0.650003,-0.128152,0.205800,-0.476385,0.330804,-0.393496,0.063739,-0.309522,0.060440,-0.377923,-0.302897,-0.092374,-0.001090,0.018355,0.391300,0.494195,-0.207709,-0.229375,0.386696,-0.110985,-0.299673,-0.208123,0.184447,0.262373,0.381762,0.067490,0.006024,-0.180094,0.183511,0.076219,0.413518,0.299686,0.039853,-0.253668,-0.055753,0.121342,0.043845,0.386420,0.395250,-0.036766,0.349065,0.180303,0.282908,-0.047421,0.453575,-0.199021,0.032510,-0.357065,-0.022134,-0.027124,-0.055980,-0.100829,0.186678,-0.001843,0.045206,0.402717,-0.068819,-0.123989,0.038627,0.211959,-0.346390,0.337971,-0.284443,0.338792,-0.198799,0.148667,0.175292,-0.047434,0.053030,0.152678,0.338887,-0.270190,-0.175784,-0.102512,0.284152,-0.042984,-0.432091,0.507701,0.007044,-0.044886,-0.066047,-0.181956,-0.124399,0.139474,-0.066136,-0.019933,0.110514,0.008136
637,23.160000,-0.003746,0.072164,-0.221315,0.002057,-0.137813,-0.100307,-0.429816,-0.425468,0.246158,-0.093230,0.021072,-0.018624,0.061304,0.126810,0.145881,0.041079,0.160669,-0.421036,-0.050342,0.056402,0.204102,0.001533,-0.332624,-0.085594,0.026218,0.164502,0.126770,-0.144133,0.163640,-0.129381,0.077640,-0.032270,-0.373562,0.005088,0.196884,0.011693,-0.131439,0.259932,-0.135668,-0.146938,-0.649196,-0.126046,0.204117,-0.478462,0.324540,-0.398122,0.056190,-0.303160,0.063488,-0.372612,-0.300442,-0.089706,-0.013319,0.018332,0.405078,0.495821,-0.207263,-0.227281,0.382721,-0.109020,-0.298493,-0.209389,0.182170,0.254207,0.357752,0.069658,0.007284,-0.175438,0.183267,0.075974,0.410660,0.308546,0.040482,-0.254465,-0.053256,0.117997,0.045115,0.380471,0.387230,-0.033541,0.355522,0.183511,0.287473,-0.048064,0.456647,-0.197489,0.026211,-0.355655,-0.020824,-0.025774,-0.058011,-0.095700,0.181344,-0.000583,0.048235,0.405573,-0.067297,-0.123087,0.040216,0.204702,-0.336964,0.339400,-0.280973,0.337144,-0.200563,0.139563,0.178051,-0.047250,0.046755,0.163730,0.327389,-0.264846,-0.173007,-0.105829,0.280557,-0.036285,-0.432260,0.513088,0.007228,-0.053679,-0.061227,-0.175099,-0.123157,0.144216,-0.067763,-0.019171,0.109819,0.008157
638,23.180000,-0.000739,0.071429,-0.220000,0.004028,-0.127507,-0.104580,-0.438537,-0.428124,0.240376,-0.094769,0.020925,-0.019758,0.066473,0.128237,0.148220,0.040395,0.159094,-0.432504,-0.050377,0.057684,0.205625,0.001560,-0.339911,-0.084282,0.024285,0.166438,0.120085,-0.142368,0.164332,-0.133812,0.069277,-0.032979,-0.371492,0.005444,0.205917,0.011977,-0.132080,0.256495,-0.133683,-0.145984,-0.651674,-0.122965,0.205185,-0.480104,0.329163,-0.407692,0.057268,-0.307438,0.068190,-0.361022,-0.301290,-0.089194,-0.013801,0.018060,0.404554,0.487991,-0.208269,-0.229573,0.380812,-0.111762,-0.292425,-0.210698,0.175917,0.251110,0.355992,0.070540,0.005528,-0.175503,0.183591,0.075406,0.409123,0.308424,0.042136,-0.255011,-0.045452,0.118137,0.039287,0.372506,0.381653,-0.033719,0.360772,0.182138,0.290846,-0.046600,0.456524,-0.191376,0.022996,-0.360436,-0.020431,-0.021831,-0.058576,-0.093611,0.172879,-0.000082,0.047913,0.406437,-0.066212,-0.118432,0.040822,0.208251,-0.338494,0.342478,-0.281467,0.342310,-0.199669,0.132958,0.177541,-0.048410,0.043028,0.163407,0.327130,-0.262273,-0.169020,-0.110351,0.278926,-0.032446,-0.429554,0.507503,0.006832,-0.061261,-0.072127,-0.172104,-0.123286,0.145912,-0.068228,-0.017574,0.111304,0.008588
639,23.200000,0.002187,0.069831,-0.221672,0.007517,-0.116380,-0.111809,-0.441746,-0.427060,0.240682,-0.095296,0.019650,-0.020454,0.070407,0.126047,0.148792,0.030859,0.158577,-0.431862,-0.052978,0.058735,0.201908,0.001538,-0.338308,-0.084789,0.027893,0.165689,0.110795,-0.137397,0.168846,-0.137379,0.064777,-0.032365,-0.373352,0.003979,0.207038,0.011883,-0.133824,0.257740,-0.131434,-0.148957,-0.652607,-0.120682,0.201665,-0.481307,0.337608,-0.410005,0.054777,-0.314206,0.073647,-0.358271,-0.302559,-0.091373,-0.010642,0.018160,0.401329,0.484489,-0.212810,-0.229546,0.374713,-0.113681,-0.290651,-0.212161,0.173093,0.252730,0.361003,0.073506,0.004676,-0.176261,0.183321,0.071999,0.416571,0.304668,0.043369,-0.253376,-0.040121,0.116513,0.034960,0.371019,0.377698,-0.036368,0.362951,0.181274,0.291276,-0.044834,0.455049,-0.185672,0.018632,-0.361730,-0.019913,-0.017524,-0.059495,-0.091555,0.170701,0.005683,0.049501,0.408973,-0.062735,-0.114505,0.041364,0.211763,-0.338150,0.349639,-0.280704,0.341679,-0.202689,0.133547,0.176643,-0.050604,0.045978,0.163492,0.332727,-0.266360,-0.166070,-0.113186,0.276375,-0.033556,-0.434298,0.508704,0.006419,-0.063337,-0.074174,-0.170478,-0.120476,0.146259,-0.071063,-0.014477,0.112503,0.008715
640,23.220000,0.005240,0.076862,-0.209700,0.007298,-0.105890,-0.118834,-0.422423,-0.416198,0.239334,-0.094173,0.017432,-0.021599,0.065121,0.122526,0.139083,0.036081,0.172873,-0.415126,-0.049801,0.057372,0.199449,0.001455,-0.334352,-0.083834,0.034955,0.165455,0.100772,-0.133604,0.171395,-0.141867,0.067230,-0.032377,-0.378330,0.001767,0.198847,0.012151,-0.135934,0.250224,-0.138274,-0.154398,-0.653323,-0.118118,0.204028,-0.480880,0.340283,-0.404832,0.052353,-0.319370,0.077753,-0.359417,-0.308275,-0.092767,-0.008089,0.017520,0.389792,0.485682,-0.212762,-0.229747,0.380096,-0.115824,-0.298523,-0.214293,0.172524,0.257485,0.391465,0.075369,0.003327,-0.180199,0.188232,0.067902,0.413604,0.300699,0.042441,-0.256030,-0.049319,0.113122,0.037990,0.377794,0.379494,-0.042946,0.353976,0.176157,0.284941,-0.042995,0.460893,-0.179178,0.025808,-0.361835,-0.018371,-0.020580,-0.056362,-0.094094,0.161653,0.000724,0.047220,0.406941,-0.058513,-0.121301,0.042398,0.221044,-0.343637,0.340505,-0.288642,0.348418,-0.204109,0.141857,0.174330,-0.051782,0.052688,0.161788,0.345740,-0.278986,-0.165165,-0.111382,0.278205,-0.039236,-0.430767,0.508987,0.005593,-0.055388,-0.071311,-0.169084,-0.119410,0.156598,-0.072240,-0.012959,0.110999,0.008815
641,23.240000,0.008024,0.081464,-0.207946,-0.001860,-0.100101,-0.117182,-0.424372,-0.426791,0.238915,-0.091406,0.024385,-0.020757,0.057419,0.118108,0.143406,0.035573,0.167644,-0.423651,-0.049670,0.057196,0.196109,0.001439,-0.329935,-0.084416,0.031092,0.170253,0.103146,-0.124632,0.177038,-0.134578,0.070550,-0.029942,-0.383355,0.004514,0.194362,0.012437,-0.140204,0.256900,-0.140894,-0.155342,-0.654072,-0.115625,0.205555,-0.482579,0.333262,-0.396415,0.044481,-0.311722,0.080528,-0.357406,-0.302382,-0.088199,-0.018660,0.017356,0.400391,0.494353,-0.209682,-0.227061,0.383586,-0.115364,-0.300859,-0.215269,0.178696,0.251383,0.368839,0.080828,0.007347,-0.178897,0.188152,0.066118,0.407742,0.307782,0.042241,-0.251808,-0.055022,0.108965,0.043772,0.381027,0.372542,-0.039999,0.352559,0.182616,0.284521,-0.044567,0.462471,-0.174033,0.021740,-0.366059,-0.016653,-0.022108,-0.060063,-0.097695,0.153332,0.000851,0.049011,0.411786,-0.056258,-0.120001,0.043082,0.214955,-0.342348,0.342005,-0.284219,0.341593,-0.205970,0.138347,0.174726,-0.051500,0.047213,0.170271,0.337120,-0.270140,-0.164238,-0.113745,0.277040,-0.037242,-0.432618,0.515587,0.006009,-0.058478,-0.064511,-0.163683,-0.116498,0.159759,-0.072501,-0.015155,0.109649,0.008531
642,23.260000,0.011609,0.079690,-0.207455,-0.005345,-0.091707,-0.116748,-0.432583,-0.437473,0.230817,-0.090960,0.026601,-0.021726,0.059559,0.118274,0.147113,0.038766,0.165113,-0.433978,-0.050363,0.058116,0.196049,0.001516,-0.336025,-0.085530,0.025522,0.172096,0.100201,-0.120925,0.176428,-0.133621,0.066504,-0.030342,-0.381942,0.006622,0.200683,0.012688,-0.141219,0.255559,-0.140256,-0.151496,-0.655041,-0.113075,0.206473,-0.483758,0.330673,-0.402602,0.043891,-0.308193,0.082232,-0.346413,-0.301042,-0.084708,-0.025701,0.017082,0.409327,0.492054,-0.209418,-0.226146,0.383507,-0.113890,-0.298867,-0.216468,0.174472,0.246114,0.357236,0.081094,0.008237,-0.175189,0.188451,0.066254,0.402207,0.312874,0.043118,-0.253596,-0.051469,0.109215,0.042459,0.374199,0.365175,-0.037287,0.354969,0.182699,0.288816,-0.044671,0.465207,-0.167875,0.019435,-0.366145,-0.015838,-0.021235,-0.059918,-0.095478,0.146232,-0.000265,0.050210,0.411716,-0.054621,-0.120630,0.044226,0.213057,-0.340212,0.340950,-0.285203,0.343318,-0.204614,0.128594,0.177091,-0.051188,0.039748,0.173042,0.328817,-0.264843,-0.161050,-0.116915,0.274112,-0.030290,-0.426403,0.514426,0.005867,-0.065330,-0.070094,-0.159011,-0.115792,0.164390,-0.072799,-0.014536,0.109644,0.008853
643,23.280000,0.014712,0.084763,-0.196144,-0.006764,-0.082361,-0.123240,-0.419687,-0.434709,0.222206,-0.090840,0.024281,-0.023055,0.052178,0.116521,0.137894,0.033244,0.174419,-0.425570,-0.049058,0.057368,0.199360,0.001514,-0.326351,-0.082567,0.020557,0.174130,0.089589,-0.115159,0.178329,-0.139909,0.062542,-0.030139,-0.380117,0.006831,0.196083,0.012715,-0.147037,0.253859,-0.145963,-0.157041,-0.656398,-0.110062,0.211725,-0.486667,0.332774,-0.401157,0.040485,-0.321461,0.087188,-0.343994,-0.304453,-0.087653,-0.020422,0.017189,0.394132,0.499909,-0.204586,-0.228692,0.389679,-0.114654,-0.297259,-0.216852,0.174286,0.245740,0.363427,0.081620,0.005154,-0.179729,0.191774,0.066109,0.398873,0.308932,0.043032,-0.250036,-0.053963,0.106702,0.047428,0.382282,0.362793,-0.040510,0.342834,0.179185,0.288877,-0.041829,0.467279,-0.159832,0.019733,-0.375973,-0.014932,-0.021653,-0.059678,-0.098728,0.129247,-0.005265,0.047976,0.407429,-0.052268,-0.113944,0.044784,0.221744,-0.353438,0.344668,-0.289293,0.348270,-0.206649,0.136519,0.167352,-0.050832,0.040685,0.168521,0.342187,-0.272165,-0.164517,-0.119774,0.274164,-0.031587,-0.428925,0.516353,0.006101,-0.066577,-0.068017,-0.151344,-0.117541,0.166862,-0.076556,-0.017643,0.113696,0.009084
