inference_index,sim_time,v0000,v0001,v0002,v0003,v0004,v0005,v0006,v0007,v0008,v0009,v0010,v0011,v0012,v0013,v0014,v0015
644,10.980000,0.003995,1.232982,-0.683747,-0.094657,0.972710,-0.731043,0.051412,0.494721,-1.337191,-0.584760,1.131068,-0.537048,1.182289,0.433893,0.537203,0.902046
645,11.000000,-0.049279,1.180324,-0.600337,-0.223374,0.939821,-0.892266,0.019320,0.469538,-1.543096,-0.568310,1.099661,-0.758725,0.957748,0.439444,0.576147,1.046238
646,11.020000,-0.140755,1.104638,-0.626335,-0.282816,0.879058,-1.087326,-0.008667,0.504663,-1.629076,-0.505386,1.092146,-1.061682,0.904696,0.448039,0.642168,1.109018
647,11.040000,-0.222898,1.113464,-0.424614,-0.342233,0.887504,-1.278157,0.044615,0.545578,-1.643167,-0.580335,1.115156,-1.021982,1.032374,0.448948,0.812060,1.111552
648,11.060000,-0.258264,1.127882,-0.358726,-0.416157,0.847175,-1.433619,0.042427,0.593708,-1.695984,-0.560841,1.156041,-1.124869,1.213641,0.469862,1.030675,1.067151
649,11.080000,-0.372794,1.127776,-0.360640,-0.312122,0.938091,-1.612170,-0.037537,0.641651,-1.654010,-0.692372,1.149200,-1.129594,1.255905,0.542129,1.109244,1.059096
650,11.100000,-0.375377,1.258000,-0.269942,-0.330954,1.020738,-1.528259,0.079858,0.697762,-1.590161,-0.810310,1.277415,-1.013461,1.396174,0.673686,1.189816,1.176698
651,11.120000,-0.392839,1.327642,-0.237891,-0.353811,1.048306,-1.577067,0.115250,0.744706,-1.543431,-0.929767,1.355070,-0.951201,1.585753,0.738549,1.252368,1.244852
652,11.140000,-0.455330,1.339402,-0.400560,-0.285097,1.086303,-1.619456,0.068782,0.769098,-1.456951,-1.063338,1.282501,-0.992360,1.615982,0.691191,1.207821,1.211822
653,11.160000,-0.430410,1.407211,-0.463499,-0.266656,1.160037,-1.544935,0.096434,0.831336,-1.412074,-1.152085,1.374422,-0.812442,1.739046,0.718929,1.194684,1.281022
654,11.180000,-0.436650,1.460467,-0.535641,-0.227611,1.190375,-1.573688,0.107001,0.854412,-1.343285,-1.304724,1.423664,-0.621031,1.849810,0.722032,1.155833,1.299177
655,11.200000,-0.465554,1.433383,-0.783045,-0.112615,1.258826,-1.617142,0.032259,0.887699,-1.345949,-1.351992,1.438566,-0.540462,1.880353,0.716777,1.066345,1.352623
656,11.220000,-0.481898,1.525346,-0.750694,-0.127529,1.261537,-1.626388,0.038726,0.931341,-1.318904,-1.416985,1.434218,-0.356512,1.982567,0.688921,1.112557,1.300468
657,11.240000,-0.501700,1.530231,-0.826511,-0.074242,1.295846,-1.627243,-0.020407,0.943371,-1.337629,-1.408966,1.453933,-0.330474,2.009969,0.691782,1.071922,1.300722
658,11.260000,-0.534286,1.595401,-0.804751,-0.083457,1.320552,-1.620038,0.006229,0.990541,-1.260734,-1.397569,1.433690,-0.245250,2.042348,0.680280,1.091325,1.319293
659,11.280000,-0.542435,1.595122,-0.882207,-0.026321,1.361929,-1.626191,-0.051969,0.973894,-1.268134,-1.385560,1.452506,-0.266554,1.970239,0.680432,1.001531,1.379175
660,11.300000,-0.544388,1.615080,-0.799710,-0.068926,1.346287,-1.681522,-0.038087,0.982187,-1.237498,-1.382696,1.426365,-0.206661,1.890301,0.683957,0.952081,1.394681
661,11.320000,-0.557775,1.646287,-0.669235,-0.116298,1.316293,-1.664665,-0.007962,0.992298,-1.191873,-1.327952,1.387699,-0.223642,1.922137,0.645433,0.965263,1.290898
662,11.340000,-0.557615,1.663892,-0.641101,-0.083728,1.338537,-1.711386,0.005328,0.993701,-1.128200,-1.340549,1.355725,-0.251734,1.904194,0.593128,0.928170,1.253590
663,11.360000,-0.498066,1.642905,-0.612131,-0.143211,1.264963,-1.651881,0.013423,0.935089,-1.080304,-1.337077,1.302513,-0.317109,1.726967,0.518320,0.786055,1.135705
664,11.380000,-0.435918,1.552405,-0.593223,-0.207435,1.173515,-1.617834,-0.042375,0.859913,-1.168587,-1.158390,1.175614,-0.526302,1.458148,0.399157,0.593281,0.945690
665,11.400000,-0.406429,1.549782,-0.574808,-0.169975,1.179862,-1.565219,-0.076340,0.792362,-1.198531,-1.098906,1.098405,-0.632778,1.204220,0.303291,0.419002,0.845176
666,11.420000,-0.379000,1.538355,-0.528959,-0.190945,1.154410,-1.502599,-0.082165,0.751045,-1.254028,-0.985703,1.052560,-0.731268,1.070663,0.311616,0.374101,0.866080
667,11.440000,-0.381563,1.503771,-0.532019,-0.171496,1.131225,-1.506160,-0.119208,0.729962,-1.305251,-0.874412,1.008360,-0.814546,1.015410,0.325613,0.382235,0.886406
668,11.460000,-0.402388,1.502092,-0.584040,-0.129932,1.131205,-1.500453,-0.120434,0.723881,-1.310937,-0.822020,0.976781,-0.827456,1.000990,0.367690,0.416178,0.934799
669,11.480000,-0.412929,1.500275,-0.656729,-0.088235,1.113866,-1.523044,-0.111520,0.724696,-1.311632,-0.772831,0.974582,-0.806744,1.011364,0.404146,0.461269,0.943130
670,11.500000,-0.443325,1.515187,-0.708356,-0.044008,1.125751,-1.574710,-0.109669,0.754233,-1.303111,-0.728036,0.966595,-0.737163,1.102036,0.449678,0.593383,0.947545
671,11.520000,-0.449693,1.514410,-0.748059,-0.005722,1.126701,-1.580347,-0.084448,0.779936,-1.231392,-0.741095,0.965327,-0.640674,1.185844,0.486047,0.655638,0.927492
672,11.540000,-0.448515,1.547746,-0.787908,0.032501,1.138148,-1.571139,-0.051667,0.791149,-1.162228,-0.758585,0.964396,-0.555194,1.226630,0.509706,0.651434,0.878687
673,11.560000,-0.416603,1.564121,-0.808621,0.057661,1.155363,-1.514031,-0.031898,0.794358,-1.072834,-0.779074,0.967076,-0.503266,1.230247,0.547989,0.580903,0.902506
674,11.580000,-0.418137,1.555931,-0.857132,0.090638,1.152321,-1.485131,-0.039909,0.786962,-1.056263,-0.732663,0.958093,-0.511418,1.235855,0.581227,0.516460,0.907361
675,11.600000,-0.392270,1.610087,-0.783435,0.084019,1.157974,-1.403884,-0.006646,0.780711,-0.993137,-0.752217,0.936755,-0.438477,1.244607,0.592232,0.465294,0.927671
676,11.620000,-0.379516,1.629601,-0.772799,0.100689,1.152773,-1.374895,0.003222,0.769889,-0.963738,-0.733296,0.926292,-0.419732,1.242570,0.612979,0.407345,0.928974
677,11.640000,-0.386783,1.608007,-0.757314,0.113458,1.128900,-1.391223,-0.005875,0.771922,-0.973679,-0.662618,0.895330,-0.433795,1.260682,0.619418,0.437570,0.896370
678,11.660000,-0.370922,1.648925,-0.684070,0.124655,1.149292,-1.375917,0.029872,0.796286,-0.939487,-0.667311,0.909215,-0.364948,1.325292,0.657032,0.573091,0.957061
679,11.680000,-0.398635,1.703253,-0.717972,0.184189,1.175935,-1.385627,0.088686,0.867307,-0.855812,-0.667836,0.976104,-0.292913,1.496245,0.765558,0.800394,1.111793
680,11.700000,-0.436425,1.725582,-0.767894,0.211044,1.192776,-1.431265,0.134532,0.934872,-0.773334,-0.632173,1.037736,-0.224970,1.705045,0.881966,1.093706,1.291975
681,11.720000,-0.488642,1.814659,-0.828192,0.285225,1.238299,-1.457895,0.270434,1.054169,-0.508389,-0.741023,1.167807,0.020046,2.010870,1.092472,1.453783,1.590624
682,11.740000,-0.524152,1.765689,-0.955555,0.330827,1.192371,-1.540512,0.375146,1.144631,-0.235546,-0.876726,1.209167,0.203725,2.202427,1.222316,1.681211,1.726097
683,11.760000,-0.628638,1.812935,-1.062456,0.442266,1.162703,-1.639020,0.486765,1.216634,-0.027109,-1.024848,1.161040,0.117764,2.338616,1.285803,1.835185,1.670134
684,11.780000,-0.607342,1.871605,-0.962593,0.463844,1.199781,-1.614935,0.563789,1.315932,0.288883,-1.218754,1.306616,0.467453,2.599967,1.441936,1.966734,1.856192
685,11.800000,-0.590007,1.895212,-0.904907,0.474705,1.152057,-1.615865,0.641375,1.413671,0.588536,-1.353351,1.391655,0.635829,2.888033,1.490765,2.000953,1.918866
686,11.820000,-0.589136,1.876738,-0.897571,0.516089,1.137738,-1.625437,0.646151,1.441161,0.703092,-1.414474,1.378719,0.704471,3.127163,1.488628,2.001261,1.910264
687,11.840000,-0.528762,1.801576,-0.842604,0.500710,1.111138,-1.575876,0.607676,1.456690,0.746279,-1.408820,1.327354,0.697839,3.246929,1.499497,2.005510,1.857679
688,11.860000,-0.493810,1.858307,-0.769768,0.524137,1.111384,-1.539056,0.560558,1.366765,0.727965,-1.472185,1.318858,0.715182,3.276307,1.578719,1.942380,1.873782
689,11.880000,-0.437746,1.829122,-0.727673,0.490144,1.034944,-1.493342,0.483872,1.301787,0.545580,-1.443440,1.208585,0.546643,3.288171,1.639940,1.932687,1.862511
690,11.900000,-0.340806,1.683092,-0.874659,0.583876,1.005875,-1.439031,0.278397,1.060931,0.115870,-1.429268,1.167852,0.404501,3.042431,1.703980,1.713193,1.805823
691,11.920000,-0.342483,1.591249,-0.779400,0.445880,0.885253,-1.350216,0.248097,1.005220,-0.050817,-1.260775,0.933370,0.102251,2.816395,1.612003,1.722241,1.538780
692,11.940000,-0.269076,1.564849,-0.765750,0.409084,0.899822,-1.248181,0.200948,0.816043,-0.305704,-1.273008,0.913563,0.039190,2.554042,1.612737,1.640905,1.438033
693,11.960000,-0.249719,1.636603,-0.652561,0.308606,0.893001,-1.194853,0.260845,0.841689,-0.261514,-1.348443,0.967661,0.162629,2.557837,1.743645,1.770933,1.673238
694,11.980000,-0.256075,1.602839,-0.648440,0.252955,0.822781,-1.169649,0.289026,0.804661,-0.270174,-1.451548,0.968248,0.152887,2.629430,1.812890,1.892812,1.796060
695,12.000000,-0.300513,1.611991,-0.614401,0.193572,0.814808,-1.160225,0.355589,0.863230,-0.090729,-1.570231,1.019917,0.290904,2.788348,1.911335,2.100075,2.007433
696,12.020000,-0.321791,1.533104,-0.644582,0.131718,0.774026,-1.152919,0.355501,0.916717,-0.100252,-1.556750,1.068260,0.252356,2.971442,2.013253,2.302960,2.144812
697,12.040000,-0.388280,1.474321,-0.667631,0.073029,0.668628,-1.205664,0.391190,0.950491,-0.054528,-1.599557,0.919569,0.094429,2.965081,1.968404,2.398429,2.007799
698,12.060000,-0.361903,1.469419,-0.630715,0.078215,0.713952,-1.162186,0.415437,0.957925,0.104427,-1.743913,1.000560,0.230108,2.983624,2.044829,2.405087,2.072289
699,12.080000,-0.369427,1.317963,-0.695095,0.078328,0.598533,-1.194275,0.349366,0.922883,0.048216,-1.764404,0.898333,0.034287,2.859805,1.986129,2.243525,1.936102
700,12.100000,-0.368941,1.408143,-0.565764,0.055112,0.634549,-1.116009,0.363422,0.909903,0.224180,-1.901934,0.911416,0.172248,2.877796,1.992909,2.142835,1.978276
701,12.120000,-0.380305,1.376434,-0.494080,0.006642,0.582606,-1.101385,0.335976,0.902966,0.212845,-1.906072,0.888565,0.125690,2.941119,2.032555,2.090580,1.963121
702,12.140000,-0.392751,1.400411,-0.477861,0.042313,0.586735,-1.096420,0.310595,0.860343,0.184233,-1.987817,0.905990,0.167632,3.090482,2.092136,2.111214,2.095158
703,12.160000,-0.412382,1.401139,-0.385075,-0.001172,0.577693,-1.081235,0.299366,0.897257,0.172073,-1.990425,0.949062,0.244451,3.305338,2.191202,2.277475,2.230335
704,12.180000,-0.453054,1.375832,-0.371304,-0.032860,0.520625,-1.101977,0.241887,0.896469,0.039249,-1.963154,0.923464,0.210310,3.409610,2.239772,2.449579,2.231236
705,12.200000,-0.441918,1.358269,-0.481068,0.007203,0.544369,-1.062280,0.241091,0.866232,0.037703,-2.017310,0.973665,0.257919,3.429481,2.295460,2.514284,2.346142
706,12.220000,-0.451028,1.298100,-0.489316,-0.030723,0.498384,-1.035705,0.226416,0.897871,0.007932,-1.991349,1.004146,0.276161,3.347226,2.303635,2.593055,2.379587
707,12.240000,-0.482172,1.322839,-0.528063,-0.075796,0.500463,-1.045507,0.251878,0.930324,-0.011396,-1.953625,1.007264,0.215853,3.375005,2.285552,2.708878,2.425712
708,12.260000,-0.466924,1.257053,-0.548311,-0.079846,0.471820,-1.017301,0.311370,0.919179,0.116513,-2.085237,1.004345,0.263649,3.231447,2.291909,2.665554,2.472707
709,12.280000,-0.445195,1.191186,-0.552274,-0.050206,0.454099,-1.028641,0.268053,0.889799,0.052681,-2.190864,1.017912,0.275306,3.150910,2.336346,2.588113,2.521950
710,12.300000,-0.464705,1.121605,-0.574252,-0.052649,0.355418,-1.071629,0.221827,0.838593,-0.136479,-2.148335,0.927893,0.138589,3.080968,2.277544,2.557330,2.390254
711,12.320000,-0.479160,1.151556,-0.400883,-0.152554,0.353827,-0.984302,0.273701,0.885871,0.016405,-2.154796,0.931638,0.227571,3.095126,2.259249,2.577301,2.342904
712,12.340000,-0.498523,1.145035,-0.333163,-0.206777,0.350801,-0.978776,0.299460,0.912699,0.019425,-2.164839,0.941490,0.235850,3.177962,2.256748,2.663047,2.302710
713,12.360000,-0.484765,1.022178,-0.408613,-0.273919,0.289232,-0.938283,0.262419,0.894777,-0.084517,-2.061604,0.855658,0.022079,3.133380,2.155601,2.614726,2.262242
714,12.380000,-0.439209,1.113429,-0.320017,-0.264553,0.365126,-0.886033,0.241445,0.874275,-0.095785,-2.103354,0.917858,0.053846,3.154465,2.174342,2.666947,2.401088
715,12.400000,-0.398098,1.154928,-0.361680,-0.266535,0.372392,-0.909142,0.232163,0.877519,-0.173683,-2.110915,1.002734,0.036469,3.237040,2.283644,2.718441,2.628097
716,12.420000,-0.422577,1.038632,-0.487624,-0.263225,0.296901,-0.937152,0.226988,0.851490,-0.208775,-2.077771,0.995262,-0.074719,3.208378,2.284685,2.645076,2.732468
717,12.440000,-0.494565,1.082692,-0.456556,-0.325309,0.296706,-0.924516,0.294343,0.927381,-0.120164,-1.990704,0.992561,-0.047454,3.194819,2.273726,2.742582,2.759961
718,12.460000,-0.538314,1.111087,-0.458457,-0.366416,0.274823,-0.976422,0.356723,0.989761,-0.109965,-1.995041,0.983300,-0.031148,3.222028,2.253612,2.939287,2.672977
719,12.480000,-0.506653,1.046086,-0.493323,-0.316119,0.292412,-0.959747,0.361707,1.002827,0.002171,-2.121601,1.031610,0.110186,3.179279,2.293103,2.971780,2.754230
720,12.500000,-0.499981,1.040900,-0.458895,-0.256105,0.293454,-0.965093,0.345299,1.009512,0.129482,-2.247133,1.052079,0.192087,3.132569,2.359803,2.922429,2.826933
721,12.520000,-0.473277,1.007778,-0.561693,-0.186224,0.295169,-0.956068,0.319405,0.949915,0.053374,-2.304891,1.044751,0.167905,3.158510,2.422419,2.788665,2.845028
722,12.540000,-0.547127,1.105920,-0.429705,-0.260665,0.298829,-0.901448,0.366152,1.046755,0.186656,-2.294660,1.054890,0.319614,3.305071,2.491964,2.890818,2.893879
723,12.560000,-0.597034,1.109845,-0.414603,-0.315862,0.246858,-0.882772,0.419628,1.107473,0.211412,-2.231332,1.013901,0.218522,3.415584,2.493771,2.984395,2.837944
724,12.580000,-0.543147,1.039564,-0.467602,-0.272115,0.314422,-0.839801,0.388088,1.111616,0.147868,-2.253595,1.112927,0.278554,3.452762,2.587015,3.020584,3.045142
725,12.600000,-0.539925,1.065899,-0.477469,-0.268151,0.302225,-0.804766,0.443938,1.112972,0.175098,-2.201486,1.138997,0.280516,3.465780,2.599649,3.117596,3.143052
726,12.620000,-0.556182,1.074196,-0.494058,-0.263249,0.298914,-0.866031,0.459663,1.094017,0.131754,-2.201278,1.139528,0.316595,3.450094,2.615670,3.205383,3.158569
727,12.640000,-0.582612,1.064317,-0.526045,-0.271950,0.254429,-0.863191,0.505278,1.169696,0.201590,-2.203430,1.156150,0.413445,3.431071,2.641625,3.356100,3.179547
728,12.660000,-0.634061,1.086501,-0.531956,-0.276720,0.234099,-0.928406,0.527344,1.255079,0.159658,-2.156174,1.152938,0.360161,3.531285,2.652560,3.568151,3.184083
729,12.680000,-0.620358,1.041438,-0.568771,-0.313025,0.183955,-0.901952,0.586116,1.283773,0.231430,-2.158857,1.139101,0.301024,3.485000,2.611544,3.616042,3.149746
730,12.700000,-0.654139,0.939423,-0.566770,-0.350822,0.174591,-0.972698,0.564877,1.337663,0.160122,-2.010640,1.138901,0.091524,3.524126,2.573973,3.652588,3.145201
731,12.720000,-0.630513,0.915346,-0.585549,-0.343435,0.132504,-0.916885,0.594003,1.297036,0.282039,-2.099262,1.099097,0.042085,3.311980,2.496483,3.499575,3.091335
732,12.740000,-0.606874,0.935661,-0.560941,-0.350244,0.157027,-0.891437,0.604828,1.288982,0.272344,-2.073432,1.083188,0.022955,3.241769,2.449642,3.400326,3.014632
733,12.760000,-0.568533,0.978735,-0.488378,-0.379811,0.168399,-0.908620,0.521183,1.282121,0.136514,-2.074821,1.130758,0.018355,3.270980,2.440048,3.422072,3.027993
734,12.780000,-0.561101,0.945875,-0.435140,-0.420233,0.145341,-0.900220,0.481454,1.276935,0.033189,-2.007876,1.126404,-0.075272,3.328679,2.463150,3.421503,3.067178
735,12.800000,-0.555109,0.967734,-0.374797,-0.453885,0.142713,-0.885851,0.495015,1.243075,0.090961,-2.045011,1.084640,-0.092199,3.262058,2.445107,3.387718,3.043853
736,12.820000,-0.517021,0.845705,-0.419734,-0.457346,0.106845,-0.868396,0.464200,1.177661,0.015317,-2.074926,1.064661,-0.144237,3.168042,2.435121,3.327244,2.938908
737,12.840000,-0.536591,0.826023,-0.423918,-0.487828,0.070102,-0.851539,0.424702,1.157222,-0.057147,-1.993084,1.011937,-0.252306,3.122069,2.355894,3.290025,2.838150
738,12.860000,-0.443873,0.830388,-0.332379,-0.486208,0.121266,-0.761300,0.428609,1.089676,-0.062020,-2.115672,1.001091,-0.163218,2.989799,2.331678,3.218353,2.758968
739,12.880000,-0.451119,0.801048,-0.335082,-0.539860,0.063422,-0.768395,0.377441,1.077041,-0.237283,-2.061656,0.949676,-0.213842,2.968179,2.279580,3.239116,2.631793
740,12.900000,-0.401191,0.792871,-0.360941,-0.544255,0.056183,-0.696353,0.331190,1.058393,-0.370275,-2.050475,0.957909,-0.269661,2.992821,2.271950,3.266114,2.699171
741,12.920000,-0.304547,0.802321,-0.372757,-0.526304,0.141199,-0.649869,0.295728,1.030149,-0.484492,-2.121907,1.041278,-0.220174,3.041949,2.359180,3.265852,2.851549
742,12.940000,-0.345984,0.850260,-0.341457,-0.594030,0.111581,-0.670704,0.384785,1.114309,-0.386902,-2.099752,1.099760,-0.152072,3.176849,2.379706,3.416664,2.962985
743,12.960000,-0.421959,0.839878,-0.452532,-0.580012,0.122506,-0.763121,0.393079,1.179199,-0.295691,-2.099936,1.129209,-0.123374,3.255658,2.438763,3.483301,3.105986
744,12.980000,-0.416016,0.884188,-0.521080,-0.555232,0.166360,-0.754187,0.473061,1.253366,-0.133076,-2.175375,1.184340,0.040780,3.280496,2.477547,3.573234,3.247718
745,13.000000,-0.486778,0.893666,-0.522601,-0.546536,0.169231,-0.819988,0.515461,1.328193,-0.005990,-2.109828,1.240119,-0.000309,3.375098,2.537221,3.593480,3.367468
746,13.020000,-0.500944,0.827407,-0.644352,-0.492182,0.090102,-0.893466,0.476860,1.235551,-0.089355,-2.128462,1.098146,-0.095821,3.325179,2.437266,3.493340,3.181805
747,13.040000,-0.533089,0.886477,-0.578937,-0.507154,0.114124,-0.821298,0.506616,1.303985,0.081805,-2.105159,1.067725,0.018586,3.272060,2.415450,3.421959,3.073781
748,13.060000,-0.524908,0.848046,-0.524805,-0.481652,0.114242,-0.828558,0.432619,1.230434,-0.047802,-2.022619,1.048570,-0.172416,3.246105,2.383052,3.252513,2.932277
749,13.080000,-0.544886,0.930844,-0.334241,-0.567397,0.114651,-0.763349,0.506909,1.326926,0.037762,-1.956541,1.032624,-0.132098,3.294416,2.359413,3.359790,2.911354
750,13.100000,-0.492179,0.979960,-0.313011,-0.546714,0.183806,-0.746490,0.412673,1.318992,-0.088018,-1.989924,1.112991,-0.148496,3.463362,2.469220,3.447812,3.088094
751,13.120000,-0.437642,0.995079,-0.321681,-0.542811,0.217954,-0.728273,0.439029,1.359658,-0.019026,-2.003150,1.209232,-0.135617,3.514709,2.570472,3.475071,3.365268
752,13.140000,-0.410608,0.945522,-0.404488,-0.513243,0.201024,-0.809251,0.424966,1.288910,-0.086712,-2.046028,1.229051,-0.154807,3.491488,2.604047,3.412761,3.427782
753,13.160000,-0.380645,0.940567,-0.463823,-0.523611,0.191901,-0.826813,0.483104,1.227412,-0.161084,-2.071622,1.206466,-0.124022,3.377792,2.538373,3.390794,3.338796
754,13.180000,-0.401338,1.005687,-0.336699,-0.597138,0.186818,-0.828704,0.523723,1.284129,-0.063384,-2.085239,1.235211,-0.019093,3.295671,2.477220,3.473654,3.199364
755,13.200000,-0.391133,0.917055,-0.401168,-0.610804,0.142036,-0.805844,0.549460,1.284372,-0.061229,-2.093760,1.204554,-0.120779,3.197478,2.387340,3.400263,3.051003
756,13.220000,-0.359207,0.869699,-0.454527,-0.608987,0.143698,-0.779894,0.505132,1.253973,-0.179714,-2.025315,1.181953,-0.267106,3.146908,2.368136,3.298960,3.075608
757,13.240000,-0.325388,0.897546,-0.438707,-0.611379,0.157427,-0.760812,0.487310,1.224301,-0.280415,-2.038465,1.180488,-0.251348,3.140665,2.374251,3.307002,3.067158
758,13.260000,-0.363220,0.833148,-0.438741,-0.634575,0.129253,-0.791098,0.466339,1.220655,-0.420289,-1.869197,1.180394,-0.395205,3.219512,2.401122,3.313981,3.063687
759,13.280000,-0.404976,0.913079,-0.370471,-0.686357,0.148856,-0.779084,0.521701,1.308595,-0.330421,-1.840903,1.193958,-0.334820,3.295533,2.425891,3.463551,3.116862
760,13.300000,-0.349441,0.880624,-0.432173,-0.653306,0.164186,-0.728002,0.540500,1.259277,-0.252767,-1.982393,1.204868,-0.305299,3.189942,2.466932,3.400140,3.126675
761,13.320000,-0.275388,0.892801,-0.430768,-0.638411,0.235861,-0.699425,0.514314,1.219948,-0.363436,-2.025823,1.259679,-0.290016,3.153945,2.481065,3.322438,3.185376
762,13.340000,-0.342284,0.917505,-0.474361,-0.644973,0.198723,-0.669535,0.496463,1.215288,-0.250775,-2.087296,1.205717,-0.264226,3.021510,2.512196,3.210784,3.164949
763,13.360000,-0.298807,0.876493,-0.446945,-0.595344,0.296688,-0.610646,0.490249,1.186219,-0.261115,-2.125133,1.282282,-0.246137,3.005690,2.609174,3.072448,3.218356
764,13.380000,-0.325193,0.827631,-0.549779,-0.594274,0.262976,-0.657805,0.441808,1.142467,-0.472685,-2.041286,1.278016,-0.384952,3.060201,2.677215,2.997097,3.243471
765,13.400000,-0.339857,0.785986,-0.561679,-0.595483,0.244606,-0.570600,0.417103,1.054895,-0.526622,-2.011999,1.231271,-0.461090,3.000125,2.731719,2.812743,3.216410
766,13.420000,-0.318709,0.826347,-0.512524,-0.589265,0.348813,-0.534931,0.430890,1.019174,-0.581627,-1.956759,1.342362,-0.451335,3.026558,2.847634,2.702273,3.286415
767,13.440000,-0.348599,0.906912,-0.435021,-0.640471,0.376186,-0.482782,0.510681,1.048441,-0.537662,-1.936822,1.385762,-0.382365,3.068562,2.939624,2.720924,3.367777
768,13.460000,-0.416545,0.877363,-0.417955,-0.624728,0.389634,-0.488742,0.543543,1.041925,-0.432116,-1.924341,1.365948,-0.365868,3.010846,2.955985,2.700040,3.383658
769,13.480000,-0.430642,0.865752,-0.413803,-0.598092,0.413720,-0.515041,0.535285,1.032729,-0.562515,-1.890270,1.397791,-0.307695,3.003208,3.003666,2.769999,3.398757
770,13.500000,-0.449437,0.914975,-0.420460,-0.606841,0.422390,-0.489239,0.593468,1.063292,-0.553174,-1.828970,1.409409,-0.315351,3.053368,3.009382,2.887861,3.394044
771,13.520000,-0.470273,0.923570,-0.444767,-0.585396,0.442377,-0.504647,0.588080,1.050467,-0.639287,-1.828962,1.433340,-0.272566,3.015715,3.008834,2.942561,3.369355
772,13.540000,-0.470019,0.860227,-0.533797,-0.539389,0.448729,-0.490948,0.559463,1.045142,-0.690040,-1.761003,1.443027,-0.359583,2.980955,3.019475,2.934461,3.372585
773,13.560000,-0.471041,0.841287,-0.549092,-0.491275,0.435596,-0.479208,0.546715,1.003167,-0.588931,-1.762839,1.384968,-0.408705,2.815016,2.956513,2.776294,3.251428
774,13.580000,-0.460398,0.823905,-0.550808,-0.498695,0.462269,-0.432626,0.559283,0.993299,-0.608961,-1.685512,1.399118,-0.436039,2.832978,2.957967,2.750257,3.202915
775,13.600000,-0.365267,0.918154,-0.446148,-0.479829,0.583976,-0.366322,0.555792,0.989028,-0.709258,-1.726224,1.567061,-0.292141,2.960479,3.053884,2.765773,3.445351
776,13.620000,-0.337504,0.994033,-0.414509,-0.475982,0.600396,-0.376261,0.610865,1.012154,-0.676843,-1.782022,1.649760,-0.186575,3.078172,3.134718,2.774873,3.675835
777,13.640000,-0.346492,1.021715,-0.487585,-0.454473,0.602606,-0.408758,0.684735,1.026326,-0.554320,-1.849249,1.683905,-0.097495,3.123325,3.125640,2.722593,3.764098
778,13.660000,-0.337241,0.976832,-0.522603,-0.457787,0.612655,-0.442443,0.710155,1.037571,-0.556659,-1.785488,1.724334,-0.129168,3.162784,3.133150,2.774402,3.782333
779,13.680000,-0.353832,0.952354,-0.579162,-0.412926,0.618317,-0.434063,0.702289,1.009172,-0.537833,-1.778221,1.693137,-0.162845,3.060405,3.069688,2.695889,3.695133
780,13.700000,-0.315514,0.904015,-0.545852,-0.359891,0.596486,-0.432303,0.671974,0.928220,-0.666641,-1.848307,1.665641,-0.132733,2.906620,3.069637,2.582076,3.559097
781,13.720000,-0.325884,0.913111,-0.438044,-0.378417,0.552438,-0.414191,0.683543,0.904063,-0.683109,-1.893809,1.609658,-0.111447,2.747857,3.016807,2.478198,3.373792
782,13.740000,-0.311985,0.880326,-0.422970,-0.373567,0.540564,-0.395215,0.639153,0.857618,-0.824205,-1.870761,1.591800,-0.185689,2.690092,2.994946,2.389999,3.219705
783,13.760000,-0.296905,0.898281,-0.403411,-0.430844,0.536223,-0.351777,0.646903,0.850546,-0.834465,-1.821247,1.553386,-0.273257,2.709431,2.977403,2.429456,3.172499
784,13.780000,-0.290679,0.862231,-0.403981,-0.453753,0.526576,-0.327661,0.587286,0.821309,-0.915370,-1.801075,1.535824,-0.359386,2.726549,2.987309,2.460401,3.162202
785,13.800000,-0.305835,0.874455,-0.374736,-0.477030,0.525065,-0.296508,0.612332,0.853746,-0.876371,-1.785789,1.561630,-0.359092,2.786779,3.066983,2.565752,3.252304
786,13.820000,-0.338145,0.924184,-0.367341,-0.512721,0.540921,-0.337388,0.627877,0.904137,-0.885147,-1.694742,1.588883,-0.413549,2.957586,3.143349,2.758206,3.370054
787,13.840000,-0.371884,0.916937,-0.426003,-0.508555,0.552386,-0.410087,0.604568,0.931767,-0.918480,-1.612782,1.645175,-0.438184,3.082619,3.244832,2.934724,3.542900
788,13.860000,-0.409059,0.910043,-0.531578,-0.456403,0.538225,-0.420425,0.616749,0.950561,-0.749800,-1.632970,1.599172,-0.442996,3.024256,3.222349,2.900092,3.524147
789,13.880000,-0.412403,0.960965,-0.565605,-0.429354,0.592357,-0.400178,0.669642,0.974496,-0.624369,-1.625158,1.657143,-0.365893,2.977390,3.212391,2.849135,3.492776
790,13.900000,-0.403530,0.918015,-0.564270,-0.401992,0.557251,-0.401564,0.664992,0.980652,-0.638731,-1.734959,1.631302,-0.339362,2.874296,3.127548,2.735889,3.380959
791,13.920000,-0.399500,0.953440,-0.451924,-0.417476,0.581689,-0.389103,0.671800,1.003397,-0.661600,-1.741633,1.639570,-0.316445,2.861334,3.082919,2.718854,3.366601
792,13.940000,-0.410795,0.942520,-0.364609,-0.485659,0.557887,-0.405249,0.685023,1.032736,-0.632329,-1.674979,1.615249,-0.395254,2.900956,3.038428,2.763877,3.313066
793,13.960000,-0.326980,0.895897,-0.383226,-0.407955,0.656313,-0.368159,0.611899,0.930684,-0.685882,-1.764361,1.713169,-0.314739,2.944174,3.056043,2.670905,3.407749
794,13.980000,-0.323574,0.987731,-0.345107,-0.441935,0.666538,-0.332963,0.690624,0.981723,-0.617208,-1.795768,1.771296,-0.187646,3.016868,3.083816,2.732158,3.525499
795,14.000000,-0.345768,1.009292,-0.287973,-0.492413,0.660315,-0.384862,0.716190,1.008261,-0.641640,-1.801804,1.803574,-0.153316,3.142653,3.104643,2.888751,3.587066
796,14.020000,-0.339787,0.969200,-0.391929,-0.429618,0.647367,-0.381470,0.717986,0.987514,-0.531625,-1.945471,1.770106,-0.110419,3.070086,3.062304,2.813759,3.584081
797,14.040000,-0.362772,0.939682,-0.395809,-0.379438,0.632685,-0.369748,0.683249,0.964693,-0.605092,-2.040862,1.799510,-0.028754,3.000281,3.069119,2.753252,3.526192
798,14.060000,-0.397085,0.876916,-0.421742,-0.388691,0.559664,-0.428607,0.653384,0.951291,-0.721489,-1.977762,1.758643,-0.137875,2.997782,3.049691,2.792495,3.397407
799,14.080000,-0.396540,0.886315,-0.422251,-0.398740,0.603028,-0.375896,0.647668,0.935246,-0.665911,-1.948752,1.723356,-0.159568,2.974438,3.049301,2.750765,3.353023
800,14.100000,-0.359572,0.811125,-0.430882,-0.369911,0.597565,-0.350423,0.602552,0.873543,-0.781156,-2.085300,1.719251,-0.131799,2.904663,3.086875,2.656092,3.319734
801,14.120000,-0.384813,0.775110,-0.451482,-0.388406,0.550269,-0.341069,0.564261,0.844339,-0.843295,-1.977120,1.663139,-0.228218,2.867398,3.086100,2.588946,3.264474
802,14.140000,-0.403190,0.848568,-0.388090,-0.430472,0.575313,-0.337944,0.564242,0.856207,-0.823500,-1.914160,1.645031,-0.265376,2.925605,3.070306,2.637839,3.236125
803,14.160000,-0.360088,0.861535,-0.387717,-0.470669,0.630794,-0.391367,0.540886,0.847008,-0.912025,-1.840874,1.711601,-0.339588,3.125677,3.142110,2.770563,3.417499
804,14.180000,-0.392060,0.839544,-0.370189,-0.483803,0.540641,-0.370130,0.526154,0.851020,-0.835749,-1.928171,1.655773,-0.298287,3.055415,3.143446,2.706734,3.420311
805,14.200000,-0.429927,0.832676,-0.370106,-0.475430,0.570824,-0.403140,0.509637,0.840253,-0.852929,-1.795145,1.647691,-0.383006,3.053833,3.145628,2.735250,3.372630
806,14.220000,-0.440388,0.815460,-0.348532,-0.522484,0.518347,-0.435978,0.502460,0.837437,-0.800388,-1.753040,1.566736,-0.471911,2.971950,3.069237,2.746163,3.224776
807,14.240000,-0.413324,0.823546,-0.286959,-0.544741,0.580017,-0.391997,0.520462,0.855815,-0.772693,-1.783070,1.608740,-0.418562,2.949856,3.052930,2.754196,3.221880
808,14.260000,-0.381574,0.872205,-0.242858,-0.569202,0.600601,-0.367033,0.541657,0.873931,-0.719577,-1.822506,1.650568,-0.389130,2.978878,3.052942,2.759213,3.300044
809,14.280000,-0.369714,0.883891,-0.225287,-0.585939,0.595148,-0.355472,0.527942,0.882888,-0.745923,-1.847088,1.677167,-0.378198,3.027874,3.055156,2.764863,3.377410
810,14.300000,-0.401229,0.825725,-0.295761,-0.612164,0.552774,-0.389946,0.491769,0.883168,-0.768299,-1.772742,1.621584,-0.490503,3.021874,3.023343,2.754827,3.328202
811,14.320000,-0.420676,0.885887,-0.283801,-0.623507,0.599621,-0.402406,0.526164,0.900904,-0.733088,-1.771931,1.648177,-0.411421,3.045808,3.010597,2.829462,3.349060
812,14.340000,-0.407864,0.890660,-0.320369,-0.641780,0.604387,-0.404076,0.544826,0.922888,-0.704047,-1.774532,1.654233,-0.445018,3.039835,2.997018,2.856121,3.335735
813,14.360000,-0.414156,0.843048,-0.337911,-0.614217,0.561267,-0.406459,0.502232,0.901830,-0.727681,-1.885716,1.617549,-0.414008,2.973471,2.944621,2.787125,3.274285
814,14.380000,-0.392288,0.774608,-0.415422,-0.476844,0.610944,-0.420454,0.426730,0.837604,-0.847769,-1.894121,1.710346,-0.377467,2.985123,2.968978,2.665209,3.301135
815,14.400000,-0.408775,0.807074,-0.322129,-0.443868,0.591814,-0.436847,0.435114,0.815205,-0.800082,-2.008990,1.716461,-0.265867,2.962580,2.963367,2.569997,3.284541
816,14.420000,-0.405890,0.827715,-0.299028,-0.488576,0.629836,-0.386535,0.459624,0.823616,-0.876119,-1.952398,1.736999,-0.255634,3.064206,2.995679,2.606282,3.338225
817,14.440000,-0.401538,0.896629,-0.251904,-0.552857,0.646000,-0.349506,0.538763,0.868286,-0.782482,-1.975138,1.760005,-0.177729,3.142184,3.000877,2.690095,3.440422
818,14.460000,-0.421846,0.834310,-0.389005,-0.580891,0.638349,-0.357494,0.514263,0.867804,-0.821122,-1.816791,1.725153,-0.301528,3.171466,3.004715,2.739581,3.450821
819,14.480000,-0.413218,0.875683,-0.339229,-0.566566,0.663013,-0.384329,0.529095,0.881140,-0.804081,-1.938778,1.759817,-0.156900,3.155465,3.013353,2.822848,3.526057
820,14.500000,-0.399919,0.900783,-0.343617,-0.549467,0.655147,-0.400828,0.550223,0.879190,-0.826308,-1.990199,1.767659,-0.146082,3.110676,3.040390,2.820031,3.533485
821,14.520000,-0.439376,0.918436,-0.284179,-0.574753,0.613407,-0.460657,0.570674,0.932279,-0.716484,-1.985890,1.768598,-0.141635,3.136298,2.992337,2.842398,3.485464
822,14.540000,-0.472092,0.849673,-0.311609,-0.592756,0.576190,-0.503345,0.546896,0.938529,-0.679301,-1.952847,1.701463,-0.262149,3.079155,2.963134,2.841737,3.378377
823,14.560000,-0.452993,0.834033,-0.322051,-0.535106,0.599344,-0.489498,0.526567,0.925154,-0.687542,-2.051094,1.710642,-0.240899,3.045683,2.948303,2.771838,3.323209
824,14.580000,-0.458022,0.825615,-0.296715,-0.522730,0.580466,-0.475196,0.516423,0.893136,-0.636530,-2.063515,1.656947,-0.291466,2.947616,2.913221,2.648501,3.199259
825,14.600000,-0.496063,0.801055,-0.279224,-0.590451,0.540779,-0.496107,0.446772,0.885524,-0.711940,-1.897595,1.594822,-0.447788,2.948911,2.880343,2.603646,3.098623
826,14.620000,-0.497517,0.794442,-0.300898,-0.625836,0.544399,-0.455651,0.414359,0.860523,-0.756424,-1.804315,1.541472,-0.530942,2.921949,2.874907,2.602598,3.051712
827,14.640000,-0.484520,0.800817,-0.232668,-0.677332,0.550890,-0.425026,0.396396,0.839578,-0.747560,-1.757596,1.499145,-0.562363,2.903166,2.895174,2.618645,3.040070
828,14.660000,-0.478136,0.808123,-0.199718,-0.729945,0.567164,-0.409912,0.370795,0.825433,-0.821940,-1.654783,1.507956,-0.595542,2.942451,2.918578,2.705037,3.084794
829,14.680000,-0.441725,0.742568,-0.291365,-0.659723,0.573064,-0.442669,0.285769,0.756491,-0.880477,-1.626236,1.508071,-0.678097,2.951602,2.924843,2.664596,3.144786
830,14.700000,-0.425618,0.786784,-0.270964,-0.624191,0.632058,-0.429076,0.306606,0.749912,-0.829155,-1.672869,1.554760,-0.582647,2.979685,2.916315,2.609692,3.221722
831,14.720000,-0.389463,0.831794,-0.223309,-0.633014,0.641392,-0.419688,0.348152,0.770920,-0.859835,-1.708399,1.651112,-0.512855,3.090940,2.966524,2.649889,3.319540
832,14.740000,-0.436528,0.805275,-0.287301,-0.647045,0.592965,-0.432026,0.355973,0.780425,-0.841141,-1.654154,1.612078,-0.532324,3.092969,2.950381,2.630693,3.363617
833,14.760000,-0.420943,0.908715,-0.251983,-0.647229,0.646292,-0.443171,0.435972,0.837909,-0.865603,-1.734675,1.693786,-0.392013,3.169921,2.979605,2.772628,3.462453
834,14.780000,-0.403584,0.952526,-0.283287,-0.638328,0.651785,-0.478646,0.494352,0.866187,-0.872318,-1.820692,1.751690,-0.286147,3.199098,2.995507,2.867091,3.542387
835,14.800000,-0.431740,0.941007,-0.289107,-0.608831,0.632598,-0.543031,0.517325,0.905455,-0.763145,-1.929688,1.759295,-0.203835,3.181279,2.932525,2.876853,3.539161
836,14.820000,-0.445002,0.916473,-0.296396,-0.619998,0.589283,-0.557735,0.533074,0.938010,-0.714912,-2.014150,1.703162,-0.253830,3.104450,2.864193,2.865166,3.372169
837,14.840000,-0.484178,0.827772,-0.342970,-0.615695,0.562768,-0.558880,0.503759,0.943218,-0.655645,-1.988184,1.639157,-0.389298,3.005408,2.783054,2.739217,3.193832
838,14.860000,-0.450700,0.896798,-0.234554,-0.611220,0.667425,-0.513133,0.538383,0.967541,-0.566485,-2.035547,1.746972,-0.250317,3.059284,2.830981,2.725411,3.295961
839,14.880000,-0.444345,0.930640,-0.173962,-0.635670,0.667718,-0.518800,0.568214,0.991004,-0.511003,-2.095718,1.789560,-0.183851,3.171399,2.890048,2.751763,3.402771
840,14.900000,-0.485874,0.933704,-0.130456,-0.651129,0.648317,-0.566930,0.572906,1.006536,-0.465704,-2.106719,1.758117,-0.159558,3.264485,2.872798,2.802313,3.438187
841,14.920000,-0.498217,0.902301,-0.223540,-0.659880,0.578728,-0.601368,0.518923,0.994451,-0.581947,-2.084846,1.689488,-0.309215,3.259463,2.855103,2.830682,3.339334
842,14.940000,-0.511245,0.854989,-0.287502,-0.669352,0.570496,-0.600568,0.467902,0.965423,-0.604291,-1.934295,1.629520,-0.463993,3.201103,2.844467,2.808707,3.224922
843,14.960000,-0.509039,0.823582,-0.264464,-0.663515,0.559484,-0.596710,0.414610,0.917804,-0.625584,-1.921672,1.571516,-0.517077,3.064474,2.817684,2.732568,3.077800
844,14.980000,-0.536119,0.773299,-0.287692,-0.712226,0.520968,-0.581872,0.338477,0.868721,-0.829050,-1.781158,1.527269,-0.593293,3.004372,2.816043,2.753828,3.014617
845,15.000000,-0.477614,0.839722,-0.190694,-0.722392,0.574463,-0.525701,0.385823,0.860052,-0.756732,-1.853222,1.541858,-0.526889,2.988977,2.791655,2.722160,3.006213
846,15.020000,-0.452836,0.792558,-0.194084,-0.767144,0.574664,-0.531420,0.377375,0.824201,-0.696196,-1.911458,1.508841,-0.545533,2.952011,2.756220,2.619714,2.991603
847,15.040000,-0.466366,0.739710,-0.141270,-0.800970,0.574819,-0.516204,0.340306,0.828701,-0.646186,-1.814878,1.566868,-0.551120,3.075672,2.791842,2.640896,3.096370
848,15.060000,-0.440847,0.834473,-0.127306,-0.813513,0.629839,-0.522836,0.387987,0.844266,-0.632536,-1.949558,1.643184,-0.399788,3.234246,2.839642,2.709800,3.253723
849,15.080000,-0.436161,0.866540,-0.153682,-0.819561,0.647484,-0.540372,0.441331,0.871557,-0.553518,-1.996890,1.693930,-0.323465,3.359780,2.905559,2.747043,3.415922
850,15.100000,-0.490023,0.848685,-0.214869,-0.722350,0.588370,-0.589618,0.390533,0.871153,-0.576011,-2.105210,1.669143,-0.277880,3.360115,2.913927,2.717690,3.413912
851,15.120000,-0.526880,0.814331,-0.268246,-0.716860,0.547968,-0.615830,0.377811,0.865745,-0.640377,-2.091051,1.602512,-0.351687,3.312186,2.889540,2.723335,3.297732
852,15.140000,-0.375983,0.702526,-0.200713,-1.028400,0.494692,-0.619481,0.270077,0.645523,-0.949676,-1.828953,1.383429,-0.757617,2.605759,2.349186,1.996300,2.498416
853,15.160000,-0.008759,0.547758,-0.045105,-1.721785,0.486951,-0.508563,0.158498,0.370569,-1.430799,-1.221592,1.272930,-1.192301,1.270308,1.357765,0.736466,1.495861
854,15.180000,0.197827,0.183013,-0.057851,-2.234361,0.336377,-0.270991,0.041342,0.204931,-1.600761,-0.668220,1.201001,-1.570287,0.188431,0.653561,0.009981,1.015105
855,15.200000,0.232181,-0.192333,-0.181704,-2.785562,0.102174,-0.010170,0.016617,0.201983,-1.849925,-0.095708,1.185854,-1.934482,-0.303581,0.210942,0.025773,0.893142
856,15.220000,0.157046,-0.502843,-0.394663,-2.996161,-0.084255,0.123732,-0.048561,0.219915,-1.915867,0.260318,1.190696,-2.133935,-0.496900,0.051659,0.115705,0.863988
857,15.240000,0.028800,-0.634151,-0.650514,-2.963557,-0.185671,0.128246,-0.180493,0.302574,-1.913906,0.581364,1.194596,-2.243030,-0.399065,0.140642,0.247634,0.877050
858,15.260000,-0.103992,-0.450521,-0.736370,-2.889481,-0.283184,-0.013288,-0.136937,0.420786,-1.915293,0.765833,1.231798,-2.271989,0.128548,0.241358,0.530843,0.870580
859,15.280000,-0.105939,-0.367150,-0.780691,-2.809525,-0.343118,-0.184831,-0.092931,0.527517,-1.901273,0.735801,1.265830,-2.150082,0.673798,0.229412,0.795864,0.800526
860,15.300000,-0.060160,-0.114164,-0.786919,-2.678123,-0.262076,-0.222685,-0.037287,0.616823,-1.860525,0.667163,1.297951,-2.043425,1.077412,0.293566,0.968402,0.810001
861,15.320000,-0.045319,0.154270,-0.650016,-2.463206,-0.144807,-0.345039,-0.004878,0.664560,-1.807267,0.513068,1.295637,-1.967806,1.348574,0.401168,1.099476,0.847148
862,15.340000,-0.010182,0.377926,-0.506160,-2.230388,0.019469,-0.499343,0.053148,0.694492,-1.761138,0.255114,1.320635,-1.826251,1.571377,0.476717,1.176316,0.919561
863,15.360000,-0.021493,0.612692,-0.333030,-1.919869,0.213706,-0.725469,0.090899,0.772941,-1.730367,0.006077,1.359613,-1.699568,1.837039,0.542893,1.294211,1.071446
864,15.380000,-0.051947,0.819699,-0.098232,-1.523065,0.445535,-0.923092,0.098196,0.871829,-1.655056,-0.362137,1.397967,-1.469711,2.108027,0.627228,1.448700,1.289397
865,15.400000,-0.100042,1.089867,0.091263,-1.226331,0.649032,-1.137804,0.188969,1.031701,-1.523551,-0.698442,1.518967,-1.219254,2.508756,0.752593,1.685181,1.566847
866,15.420000,-0.144039,1.224605,0.079344,-1.015000,0.853994,-1.212168,0.258873,1.070402,-1.132383,-1.042171,1.594133,-1.062924,2.590536,0.914242,1.542263,1.911696
867,15.440000,-0.192602,1.365651,-0.061760,-0.784524,1.015883,-1.262689,0.299584,1.124283,-0.769100,-1.428872,1.680054,-0.846289,2.527079,1.001034,1.297958,2.220989
868,15.460000,-0.201619,1.531659,0.071675,-0.734945,1.126125,-1.305213,0.427812,1.245247,-0.454922,-1.694199,1.841340,-0.525083,2.656779,1.001649,1.276987,2.466113
869,15.480000,-0.226497,1.530467,0.028019,-0.685090,1.140844,-1.405006,0.413919,1.252736,-0.402478,-1.833325,1.875209,-0.439892,2.701270,0.924973,1.106325,2.468398
870,15.500000,-0.287963,1.637906,0.140542,-0.700319,1.151704,-1.392218,0.434721,1.315678,-0.296663,-1.922617,1.852710,-0.133875,2.776830,0.803885,1.142316,2.266548
871,15.520000,-0.295762,1.641658,0.204838,-0.750409,1.098835,-1.398612,0.415428,1.329581,-0.402578,-1.866252,1.789016,-0.120832,2.802469,0.654870,1.231903,1.889206
872,15.540000,-0.259769,1.591835,0.081139,-0.748578,1.117927,-1.373912,0.359237,1.279827,-0.559279,-1.812176,1.727078,-0.091427,2.685363,0.531749,1.198388,1.637725
873,15.560000,-0.258673,1.620483,-0.020362,-0.753346,1.066382,-1.320595,0.260666,1.212809,-0.816928,-1.755447,1.553345,-0.284000,2.455893,0.426003,1.155098,1.317202
874,15.580000,-0.170861,1.576639,-0.107564,-0.741234,1.114386,-1.200395,0.210274,1.095919,-0.951871,-1.790198,1.536196,-0.198745,2.199986,0.389457,0.983749,1.210997
875,15.600000,-0.161395,1.515269,-0.167530,-0.741100,1.083275,-1.172853,0.146990,1.028934,-1.081548,-1.739027,1.501586,-0.270247,1.986676,0.406448,0.791082,1.200102
876,15.620000,-0.210705,1.433435,-0.219895,-0.766186,1.056124,-1.203532,0.080949,0.957373,-1.252676,-1.620089,1.420899,-0.369133,1.838862,0.370617,0.716037,1.153244
877,15.640000,-0.277606,1.385807,-0.271542,-0.764822,1.047312,-1.299901,0.041240,0.957069,-1.378983,-1.465707,1.415938,-0.470094,1.842527,0.387378,0.778385,1.189033
878,15.660000,-0.349094,1.357479,-0.205123,-0.801411,1.012471,-1.413932,0.011511,0.972911,-1.451929,-1.320841,1.373394,-0.580244,1.898444,0.409965,0.928752,1.208444
879,15.680000,-0.411599,1.378266,-0.182680,-0.805391,0.939555,-1.506196,-0.028203,0.961885,-1.477816,-1.297004,1.240057,-0.739921,1.845152,0.308452,1.001528,1.007829
880,15.700000,-0.379332,1.404985,-0.104269,-0.742676,1.012965,-1.491281,0.010436,0.963207,-1.391689,-1.383311,1.290883,-0.677783,1.775795,0.310851,0.944706,1.016670
881,15.720000,-0.390342,1.385922,0.001566,-0.754280,0.987192,-1.612003,0.009816,0.997952,-1.400525,-1.322079,1.311745,-0.753186,1.835352,0.317490,1.002395,1.039504
882,15.740000,-0.406994,1.440925,0.058563,-0.711760,1.032953,-1.638302,0.019796,1.004004,-1.315501,-1.415640,1.316221,-0.737459,1.891434,0.313655,1.030032,1.080375
883,15.760000,-0.400920,1.447543,0.099544,-0.682743,1.022712,-1.694606,0.053330,1.034210,-1.209614,-1.470470,1.316047,-0.740848,1.906332,0.309608,1.003834,1.070411
884,15.780000,-0.395283,1.495919,0.154486,-0.644537,1.032143,-1.742902,0.054309,1.062031,-1.126411,-1.551652,1.329585,-0.712256,1.971932,0.304840,0.999551,1.066092
885,15.800000,-0.392984,1.513819,0.148961,-0.611125,1.047991,-1.761314,0.061127,1.083086,-1.042052,-1.619506,1.350142,-0.716439,2.036755,0.327014,0.977655,1.090466
886,15.820000,-0.390793,1.555534,0.152386,-0.575850,1.058137,-1.778995,0.061320,1.105975,-0.980999,-1.680409,1.373098,-0.680067,2.141326,0.370531,0.964566,1.131853
887,15.840000,-0.391533,1.495405,-0.049560,-0.447653,1.098328,-1.811845,-0.006156,1.049501,-1.077139,-1.723337,1.377813,-0.706827,2.068678,0.392208,0.831250,1.157672
888,15.860000,-0.420100,1.556309,0.101708,-0.490777,1.098367,-1.821048,0.012062,1.089507,-1.047892,-1.686697,1.361930,-0.650792,2.166899,0.410945,0.916886,1.138127
889,15.880000,-0.426727,1.582369,0.115999,-0.474474,1.076438,-1.803472,-0.001492,1.058168,-1.032909,-1.740789,1.313382,-0.614956,2.123066,0.389380,0.866772,1.004419
890,15.900000,-0.413419,1.574965,0.053035,-0.439391,1.118117,-1.769765,-0.007210,1.054014,-1.033278,-1.757430,1.310266,-0.578787,2.068501,0.382350,0.813700,1.001250
891,15.920000,-0.384135,1.559096,0.090581,-0.494094,1.107545,-1.770722,-0.040133,1.038834,-1.143268,-1.707348,1.315553,-0.619368,2.050568,0.356723,0.831029,0.972745
892,15.940000,-0.367569,1.431374,0.059216,-0.601200,1.080874,-1.802240,-0.126354,0.986303,-1.310777,-1.516056,1.240635,-0.788914,1.818750,0.206272,0.646574,0.808814
893,15.960000,-0.332049,1.422480,0.083991,-0.713216,1.107671,-1.824660,-0.179092,0.942450,-1.488040,-1.347666,1.218924,-0.918906,1.421142,-0.028605,0.380350,0.609830
894,15.980000,-0.221373,1.247961,0.033121,-0.865921,1.047989,-1.803117,-0.276381,0.809982,-1.665004,-1.152967,1.152637,-1.130855,0.736315,-0.364105,-0.099447,0.353075
895,16.000000,-0.157884,1.108513,0.072709,-1.146050,0.963402,-1.812473,-0.327553,0.739623,-1.879682,-0.806950,1.131782,-1.352576,0.118296,-0.722097,-0.400113,0.124969
896,16.020000,-0.099498,0.919593,0.058745,-1.552600,0.870017,-1.829359,-0.375351,0.701773,-2.103165,-0.329922,1.117043,-1.658006,-0.429370,-1.046091,-0.519717,-0.000590
897,16.040000,-0.030213,0.727088,-0.011210,-1.965610,0.760627,-1.840931,-0.347868,0.668270,-2.186571,0.044403,1.081159,-1.897017,-0.902688,-1.364582,-0.620808,-0.099655
898,16.060000,0.040811,0.567493,-0.160192,-2.366148,0.648233,-1.831341,-0.300026,0.652577,-2.242035,0.371676,1.102265,-2.090509,-1.288801,-1.631634,-0.690089,-0.190620
899,16.080000,0.126960,0.445843,-0.341103,-2.739279,0.509778,-1.805857,-0.256658,0.656150,-2.309670,0.647814,1.144921,-2.255559,-1.580207,-1.827917,-0.744427,-0.258481
900,16.100000,0.241858,0.365816,-0.525182,-3.025945,0.373377,-1.783615,-0.202605,0.684701,-2.353368,0.825410,1.198094,-2.313155,-1.644308,-1.907362,-0.742164,-0.334089
901,16.120000,0.270812,0.367175,-0.689762,-3.173453,0.285748,-1.819388,-0.158033,0.729599,-2.351494,0.982903,1.250052,-2.385432,-1.500914,-1.856266,-0.708406,-0.371892
902,16.140000,0.396950,0.389316,-0.836334,-3.267106,0.227518,-1.804776,-0.117823,0.763710,-2.340920,0.968131,1.272390,-2.282368,-1.335063,-1.847055,-0.663910,-0.482520
903,16.160000,0.517053,0.435798,-0.938488,-3.292185,0.215766,-1.822312,-0.098830,0.777242,-2.303637,0.903129,1.267616,-2.181260,-1.203459,-1.877272,-0.709481,-0.641318
904,16.180000,0.594254,0.509269,-0.938312,-3.259245,0.248363,-1.873928,-0.098251,0.803165,-2.258266,0.865546,1.286872,-2.144291,-1.067672,-1.846684,-0.762532,-0.701233
905,16.200000,0.604210,0.589739,-0.936548,-3.166821,0.336395,-1.931406,-0.100080,0.819212,-2.180441,0.774676,1.247631,-2.077350,-0.948352,-1.869869,-0.838527,-0.774425
906,16.220000,0.608515,0.703371,-0.877120,-3.001026,0.473181,-1.968214,-0.104100,0.872427,-2.150197,0.713107,1.282766,-1.998415,-0.751450,-1.793322,-0.834909,-0.668742
907,16.240000,0.570076,0.810052,-0.773834,-2.731741,0.642958,-2.037391,-0.098984,0.875558,-2.045961,0.530549,1.297015,-1.883910,-0.644533,-1.729244,-0.952463,-0.606166
908,16.260000,0.473189,0.918804,-0.688063,-2.402185,0.838651,-2.141989,-0.112175,0.918541,-1.963844,0.364751,1.316965,-1.735711,-0.489614,-1.681109,-1.061088,-0.529576
909,16.280000,0.340747,1.034718,-0.637554,-1.986769,1.066541,-2.261668,-0.140094,0.948363,-1.863654,0.180976,1.347511,-1.588143,-0.387491,-1.615798,-1.207754,-0.421857
910,16.300000,0.180893,1.152027,-0.531344,-1.622460,1.227245,-2.341569,-0.142274,0.968517,-1.703470,-0.042143,1.345643,-1.438885,-0.353065,-1.575366,-1.391348,-0.382700
911,16.320000,-0.014767,1.231665,-0.586416,-1.137888,1.494750,-2.397668,-0.242488,0.979378,-1.707468,-0.207110,1.383526,-1.276219,-0.362154,-1.480164,-1.512479,-0.221830
912,16.340000,-0.093788,1.354807,-0.380868,-0.937977,1.539470,-2.461829,-0.174553,1.006154,-1.565770,-0.404460,1.402313,-1.107743,-0.270206,-1.519774,-1.543232,-0.205927
913,16.360000,-0.141513,1.424636,-0.265615,-0.791812,1.575011,-2.514096,-0.166245,1.016641,-1.537854,-0.512852,1.419832,-1.014620,-0.138290,-1.541321,-1.536428,-0.234939
914,16.380000,-0.205443,1.469236,-0.266885,-0.644934,1.659391,-2.521547,-0.143598,1.047580,-1.479523,-0.588511,1.438343,-0.957562,-0.050839,-1.540583,-1.442252,-0.171152
915,16.400000,-0.234298,1.549633,-0.266376,-0.527951,1.698293,-2.533987,-0.110272,1.055479,-1.456326,-0.717627,1.457215,-0.840866,-0.005057,-1.507784,-1.358080,-0.136578
916,16.420000,-0.217093,1.542323,-0.424731,-0.389553,1.724709,-2.536021,-0.132307,1.014796,-1.476825,-0.836580,1.436183,-0.717251,-0.136646,-1.510166,-1.422991,-0.212999
917,16.440000,-0.219556,1.554090,-0.486390,-0.337930,1.717254,-2.563004,-0.118766,1.018970,-1.507589,-0.859539,1.430448,-0.655338,-0.212439,-1.532546,-1.415993,-0.319292
918,16.460000,-0.233605,1.511346,-0.683534,-0.232176,1.772633,-2.610069,-0.186344,0.980610,-1.700335,-0.821694,1.437871,-0.696030,-0.336441,-1.494538,-1.382405,-0.290662
919,16.480000,-0.220090,1.521456,-0.637690,-0.262342,1.737009,-2.597660,-0.143833,0.997285,-1.679016,-0.802181,1.400782,-0.661148,-0.419247,-1.488029,-1.335891,-0.326621
920,16.500000,-0.232176,1.499148,-0.675516,-0.222296,1.734428,-2.646072,-0.200867,0.962313,-1.765819,-0.801697,1.347843,-0.629720,-0.535685,-1.500825,-1.332937,-0.457871
921,16.520000,-0.226207,1.418717,-0.759370,-0.200454,1.703147,-2.685613,-0.209550,0.954453,-1.756083,-0.686578,1.294578,-0.756388,-0.683598,-1.601951,-1.396645,-0.547137
922,16.540000,-0.180370,1.445465,-0.639191,-0.270328,1.666359,-2.685025,-0.184354,0.936691,-1.755617,-0.682008,1.266780,-0.757046,-0.769509,-1.686113,-1.434127,-0.662561
923,16.560000,-0.164733,1.395229,-0.708124,-0.257994,1.679228,-2.695729,-0.231484,0.896258,-1.821750,-0.618371,1.251401,-0.868857,-0.867437,-1.698806,-1.455592,-0.641025
924,16.580000,-0.116114,1.397384,-0.590609,-0.314294,1.629710,-2.711078,-0.209162,0.887191,-1.779737,-0.589616,1.192603,-0.893041,-0.904832,-1.744013,-1.473022,-0.691451
925,16.600000,-0.126564,1.401971,-0.593924,-0.313696,1.661172,-2.722727,-0.275840,0.875996,-1.867813,-0.488148,1.168509,-0.944342,-0.895029,-1.723340,-1.378685,-0.712826
926,16.620000,-0.105654,1.381713,-0.610451,-0.316956,1.643014,-2.750569,-0.246319,0.870005,-1.815724,-0.469133,1.157235,-1.015715,-0.925260,-1.711258,-1.403049,-0.674949
927,16.640000,-0.070709,1.379868,-0.584848,-0.345575,1.642442,-2.770263,-0.223449,0.867000,-1.794074,-0.459140,1.161821,-1.070069,-0.941983,-1.652461,-1.454280,-0.614938
928,16.660000,-0.093781,1.341340,-0.755303,-0.228129,1.706942,-2.796851,-0.274695,0.853386,-1.868785,-0.425364,1.165721,-1.126600,-0.961288,-1.603586,-1.421195,-0.514253
929,16.680000,-0.064722,1.373883,-0.699347,-0.251668,1.670355,-2.797881,-0.216506,0.869192,-1.821868,-0.442346,1.158438,-1.076241,-0.896319,-1.603262,-1.392475,-0.525055
930,16.700000,-0.051797,1.379651,-0.694692,-0.271377,1.641266,-2.830640,-0.193962,0.878313,-1.822838,-0.402972,1.144758,-1.100996,-0.794463,-1.584656,-1.345397,-0.545735
931,16.720000,-0.068382,1.420110,-0.722556,-0.155815,1.697926,-2.806201,-0.137752,0.891922,-1.762302,-0.500793,1.160595,-1.012233,-0.665157,-1.516804,-1.238952,-0.485280
932,16.740000,-0.117988,1.509900,-0.697509,-0.024755,1.746981,-2.784778,-0.061358,0.940939,-1.669870,-0.632634,1.198750,-0.879630,-0.273731,-1.234416,-0.942367,-0.265556
933,16.760000,-0.208847,1.594480,-0.753612,0.214219,1.828865,-2.831675,-0.017432,1.001967,-1.541441,-0.785747,1.243141,-0.747783,0.156467,-0.942151,-0.634780,-0.084854
934,16.780000,-0.333892,1.754438,-0.798554,0.500933,1.914480,-2.833637,0.103274,1.152756,-1.205437,-1.074244,1.305784,-0.490930,0.722444,-0.566482,-0.207960,0.165191
935,16.800000,-0.487152,1.924947,-0.868011,0.825202,1.975070,-2.866597,0.229946,1.348911,-0.767535,-1.360122,1.386240,-0.272598,1.343343,-0.210568,0.284039,0.389988
936,16.820000,-0.646217,2.091017,-0.981829,1.163107,2.069227,-2.920295,0.310938,1.586709,-0.276583,-1.639079,1.505118,-0.035412,1.955068,0.101400,0.843974,0.648093
937,16.840000,-0.748022,2.189408,-1.001522,1.434549,2.128281,-2.947367,0.340989,1.801503,0.182648,-1.939320,1.633977,0.184805,2.459351,0.308562,1.264579,0.890198
938,16.860000,-0.809770,2.198745,-0.965033,1.662370,2.138511,-2.954838,0.328262,1.985045,0.538097,-2.102621,1.707584,0.324881,2.896119,0.397169,1.625320,1.016806
939,16.880000,-0.812637,2.209445,-0.924827,1.836052,2.130277,-2.985399,0.300807,2.138687,0.825276,-2.291445,1.734464,0.434035,3.234561,0.401049,1.819370,1.013251
940,16.900000,-0.750528,2.074981,-0.855919,1.937987,2.120101,-2.901182,0.203093,2.197734,0.912460,-2.240263,1.653417,0.319709,3.392824,0.313109,1.896201,0.909103
941,16.920000,-0.651635,2.136504,-0.815454,1.947530,2.156760,-2.825112,0.127180,2.196344,0.959314,-2.263657,1.606206,0.287081,3.441363,0.247875,1.785411,0.931153
942,16.940000,-0.556670,2.246588,-0.729394,1.890635,2.160375,-2.731167,0.068083,2.087851,0.911172,-2.293628,1.561515,0.277848,3.393500,0.260070,1.570909,0.980233
943,16.960000,-0.460556,2.118463,-0.764061,1.801739,2.094435,-2.626831,-0.062819,1.942556,0.678230,-2.072141,1.456446,0.098253,3.317445,0.240322,1.440846,0.967226
944,16.980000,-0.396209,2.236187,-0.790317,1.688008,2.104549,-2.537884,-0.117969,1.746002,0.492832,-1.999054,1.397591,0.106996,3.117532,0.254646,1.221284,0.934560
945,17.000000,-0.277623,2.184440,-0.737890,1.477213,2.055044,-2.399302,-0.178261,1.490356,0.131897,-1.788307,1.324899,-0.023907,2.871961,0.293150,1.121566,0.864123
946,17.020000,-0.206550,2.113954,-0.684227,1.263307,2.002031,-2.246971,-0.251157,1.292799,-0.193065,-1.555020,1.219136,-0.129655,2.643651,0.306312,1.017367,0.825217
947,17.040000,-0.151162,2.160221,-0.634861,1.096840,1.925014,-2.162625,-0.272248,1.102784,-0.442057,-1.507621,1.151937,-0.186916,2.419062,0.416183,0.903345,0.803027
948,17.060000,-0.085303,2.057096,-0.654791,0.974983,1.856044,-2.109544,-0.322728,0.890146,-0.794258,-1.421399,1.093733,-0.312611,2.142966,0.534944,0.774934,0.784672
949,17.080000,-0.070095,1.987685,-0.509757,0.784470,1.750437,-2.068479,-0.309127,0.810753,-0.993661,-1.306800,1.071691,-0.414557,2.095712,0.650076,0.809712,0.798278
950,17.100000,-0.079959,1.910848,-0.427608,0.658669,1.636712,-2.043765,-0.317012,0.690754,-1.116843,-1.283030,0.965111,-0.513707,1.943512,0.650082,0.776169,0.632675
951,17.120000,-0.068297,1.840389,-0.368537,0.594989,1.623457,-2.014725,-0.323056,0.604278,-1.199730,-1.296900,0.922136,-0.575508,1.782280,0.662405,0.742336,0.580679
952,17.140000,-0.050360,1.788198,-0.228026,0.429532,1.512794,-1.952874,-0.284282,0.581173,-1.203682,-1.289366,0.900915,-0.670052,1.761242,0.686246,0.755599,0.567283
953,17.160000,-0.106059,1.754954,-0.165540,0.446359,1.565495,-1.987279,-0.333645,0.572942,-1.245820,-1.352024,0.921909,-0.719095,1.863634,0.843675,0.875980,0.767231
954,17.180000,-0.158119,1.796745,-0.013950,0.394959,1.484635,-1.917310,-0.210326,0.620373,-0.996493,-1.537748,0.915471,-0.675710,2.085561,0.963937,1.029569,0.927121
955,17.200000,-0.266143,1.875486,0.109628,0.431305,1.466965,-1.931516,-0.126201,0.723122,-0.723924,-1.768341,1.008674,-0.533316,2.530904,1.135372,1.307959,1.080304
956,17.220000,-0.369301,1.957775,0.058204,0.569959,1.503497,-1.949861,-0.047807,0.879182,-0.375028,-2.078068,1.140920,-0.297403,3.027092,1.369062,1.690767,1.400532
957,17.240000,-0.558167,2.037057,-0.066691,0.703189,1.483881,-2.003287,-0.043288,1.084190,-0.040453,-2.257589,1.203657,-0.215957,3.557506,1.624285,2.216173,1.722155
958,17.260000,-0.698582,2.111909,-0.173211,0.983519,1.576483,-2.076839,0.044536,1.324228,0.557576,-2.711309,1.471177,0.296954,4.029282,1.851428,2.671819,2.145194
959,17.280000,-0.775372,2.051472,-0.453368,1.347188,1.546125,-2.191233,0.000395,1.485304,0.711777,-3.002325,1.667403,0.568439,4.289790,1.950925,2.880403,2.333785
960,17.300000,-0.878898,1.861795,-0.536046,1.457751,1.443459,-2.285966,-0.071652,1.796443,0.796036,-2.892815,1.710975,0.621961,4.632778,1.900582,3.194971,2.329607
961,17.320000,-0.870162,1.930936,-0.610525,1.626095,1.465526,-2.288821,-0.060482,1.855567,0.984455,-3.157279,1.732061,0.896385,4.506096,1.816825,3.039639,2.080709
962,17.340000,-0.795217,1.877186,-0.690609,1.670306,1.481834,-2.177204,-0.053749,1.753177,0.895674,-3.157928,1.702496,0.831462,4.193389,1.710361,2.628669,1.895112
963,17.360000,-0.742889,1.794762,-0.575618,1.424766,1.386271,-2.101598,-0.035678,1.853623,0.820145,-2.871667,1.676614,0.676958,4.298415,1.716706,2.570238,2.051005
964,17.380000,-0.670242,1.797406,-0.581824,1.278388,1.357606,-1.942732,-0.037571,1.695039,0.769780,-2.802588,1.593220,0.594254,4.196304,1.757566,2.328622,2.152126
965,17.400000,-0.533560,1.872773,-0.583833,1.145730,1.374165,-1.838330,-0.018078,1.423397,0.458363,-2.789954,1.579035,0.540110,4.054874,1.889294,2.079401,2.309837
966,17.420000,-0.491261,1.824941,-0.418630,0.879156,1.264678,-1.732870,-0.016545,1.326771,0.350147,-2.637847,1.500570,0.486868,4.011382,1.981908,1.992369,2.378918
967,17.440000,-0.479613,1.692682,-0.361921,0.710483,1.177778,-1.679987,-0.065343,1.146641,0.064725,-2.467086,1.412859,0.236181,3.934655,2.027047,1.915093,2.293326
968,17.460000,-0.425794,1.794594,-0.178256,0.459393,1.148175,-1.602240,0.023973,1.069224,-0.083180,-2.451722,1.373109,0.243105,3.888543,2.118829,2.030748,2.300094
969,17.480000,-0.376244,1.709386,-0.059891,0.257971,1.064410,-1.571565,0.043871,0.961517,-0.254812,-2.432536,1.351255,0.170144,3.827883,2.187206,2.148410,2.205838
970,17.500000,-0.345309,1.489316,-0.156846,0.148609,0.975378,-1.548870,-0.060843,0.820170,-0.508585,-2.339961,1.207628,-0.100329,3.545259,2.095564,2.047586,2.057917
971,17.520000,-0.334628,1.532594,-0.102852,-0.018717,0.937107,-1.485497,-0.088760,0.708630,-0.725968,-2.315430,1.107160,-0.281376,3.214377,1.993334,1.973140,1.867549
972,17.540000,-0.246720,1.410141,-0.028772,-0.134623,0.898783,-1.423364,-0.077605,0.587676,-0.872892,-2.386571,1.087694,-0.318663,2.889203,1.862404,1.777829,1.732715
973,17.560000,-0.291018,1.198692,-0.061493,-0.234858,0.781085,-1.444477,-0.197307,0.534822,-1.061468,-2.171610,1.023335,-0.633189,2.678365,1.703802,1.599425,1.661967
974,17.580000,-0.252665,1.272549,0.201693,-0.487752,0.779635,-1.403704,-0.094500,0.577702,-1.233792,-2.138020,1.064722,-0.617798,2.737126,1.583401,1.771693,1.652233
975,17.600000,-0.236585,1.194015,0.215522,-0.646901,0.706556,-1.396609,-0.068308,0.549045,-1.291929,-2.149506,1.048704,-0.686935,2.619465,1.491586,1.707527,1.584577
976,17.620000,-0.272256,1.125766,0.187710,-0.768718,0.656342,-1.423076,-0.137327,0.556669,-1.426027,-2.025570,1.012276,-0.820550,2.469148,1.338049,1.652596,1.459215
977,17.640000,-0.184479,1.086755,0.264927,-0.934664,0.651500,-1.376180,-0.079542,0.579777,-1.517196,-1.931695,1.115939,-0.918355,2.386038,1.188501,1.612244,1.412454
978,17.660000,-0.175635,0.944603,0.158000,-1.010190,0.605879,-1.397851,-0.164365,0.536226,-1.511585,-1.841587,1.080489,-1.057026,2.088884,0.933722,1.297804,1.272335
979,17.680000,-0.151445,0.901543,0.190769,-1.152810,0.580405,-1.370827,-0.142412,0.586316,-1.638655,-1.646026,1.101356,-1.160765,1.947370,0.705415,1.223793,1.150075
980,17.700000,-0.155631,0.806859,0.112533,-1.306411,0.508129,-1.390075,-0.183270,0.593257,-1.699895,-1.389989,1.096054,-1.329873,1.698734,0.466812,1.032489,0.990074
981,17.720000,-0.109720,0.745085,0.078241,-1.403923,0.501914,-1.301393,-0.193140,0.581247,-1.729131,-1.256385,1.079671,-1.399274,1.311931,0.245953,0.749432,0.836570
982,17.740000,-0.049462,0.698442,0.050984,-1.536608,0.455811,-1.249424,-0.183689,0.622210,-1.853667,-1.085636,1.132611,-1.470086,1.156897,0.144386,0.738483,0.824666
983,17.760000,-0.129422,0.682106,-0.081138,-1.623027,0.409770,-1.306777,-0.252317,0.666636,-1.890490,-0.793138,1.104948,-1.596657,1.179410,0.085939,0.840423,0.815368
984,17.780000,-0.090066,0.727360,-0.064341,-1.640268,0.463806,-1.242128,-0.195426,0.716285,-1.874416,-0.814730,1.140199,-1.526453,1.269494,0.090820,0.973500,0.845289
985,17.800000,-0.089143,0.787121,-0.056340,-1.600527,0.488035,-1.290815,-0.150494,0.771693,-1.827501,-0.798959,1.191926,-1.520277,1.411417,0.183230,1.022510,0.885174
986,17.820000,-0.099153,0.873333,-0.059120,-1.430920,0.592823,-1.338166,-0.159468,0.810632,-1.778751,-0.949647,1.194574,-1.384503,1.571114,0.225208,1.028975,0.890462
987,17.840000,-0.151153,0.982596,-0.082239,-1.274507,0.692937,-1.401643,-0.123975,0.856911,-1.675385,-1.052844,1.229053,-1.293636,1.773271,0.307198,1.014324,0.939164
988,17.860000,-0.213556,1.133688,-0.043848,-1.134751,0.774441,-1.483549,-0.124763,0.916970,-1.595767,-1.185625,1.233035,-1.170572,1.982488,0.346555,1.066913,0.959186
989,17.880000,-0.234494,1.171825,-0.130704,-0.877917,0.948679,-1.556014,-0.130557,0.939413,-1.442374,-1.353664,1.273290,-1.103607,2.076134,0.443228,0.958251,1.150420
990,17.900000,-0.268497,1.371660,0.012195,-0.735748,1.038078,-1.599643,-0.032212,1.010884,-1.217409,-1.625201,1.315378,-0.857803,2.254261,0.488478,0.943801,1.254538
991,17.920000,-0.308771,1.486833,0.091097,-0.633626,1.098729,-1.657014,0.006810,1.064457,-1.041919,-1.808133,1.334629,-0.693450,2.447424,0.480832,0.942192,1.271886
992,17.940000,-0.338256,1.581895,0.056429,-0.465840,1.170391,-1.717365,0.009607,1.112622,-0.806896,-1.987730,1.356511,-0.579039,2.546381,0.485556,0.851825,1.365816
993,17.960000,-0.369733,1.702416,0.138472,-0.428432,1.199745,-1.729938,0.032123,1.184644,-0.682439,-2.035993,1.379606,-0.443841,2.723778,0.516076,0.946423,1.427312
994,17.980000,-0.380310,1.755879,0.190135,-0.347373,1.223988,-1.764898,0.009428,1.226591,-0.581478,-2.069714,1.393920,-0.369580,2.823786,0.536305,1.003893,1.469092
995,18.000000,-0.427625,1.793606,0.181622,-0.264848,1.256179,-1.825919,0.002113,1.286743,-0.500885,-2.049535,1.418458,-0.311435,2.930445,0.573758,1.102892,1.535020
996,18.020000,-0.483740,1.729476,-0.006301,-0.235759,1.195601,-1.908196,-0.120681,1.238708,-0.630741,-1.908035,1.278708,-0.505304,2.728796,0.447998,0.982056,1.266770
997,18.040000,-0.324992,1.680968,-0.033891,-0.267188,1.290674,-1.779059,-0.118728,1.073398,-0.635792,-1.930462,1.278649,-0.575626,2.121490,0.378214,0.358941,1.120922
998,18.060000,-0.162421,1.565892,0.002581,-0.355604,1.287160,-1.664973,-0.109705,0.832586,-0.761348,-1.873931,1.271619,-0.820565,1.261725,0.390708,-0.488039,1.022087
999,18.080000,-0.129226,1.365849,0.082535,-0.566605,1.253278,-1.628860,-0.116820,0.622887,-1.140749,-1.528373,1.215603,-1.068838,0.584608,0.349160,-0.946834,0.849334
1000,18.100000,-0.043807,1.269567,0.187344,-0.797296,1.241882,-1.486274,-0.067664,0.462019,-1.460234,-1.273585,1.191425,-1.182357,0.053813,0.303675,-1.142827,0.687267
1001,18.120000,0.067433,1.125333,0.168411,-1.104358,1.182557,-1.337192,-0.012124,0.341987,-1.706932,-0.973711,1.181612,-1.332795,-0.349132,0.313258,-1.190385,0.605614
1002,18.140000,0.147603,0.998217,0.079514,-1.448179,1.108480,-1.189815,0.038584,0.288201,-1.877507,-0.665622,1.170095,-1.454175,-0.581862,0.255617,-1.042749,0.600468
1003,18.160000,0.201377,0.941787,-0.026377,-1.783525,1.040801,-1.091240,0.104726,0.300412,-1.998043,-0.341146,1.203019,-1.561372,-0.646340,0.208758,-0.749658,0.674308
1004,18.180000,0.241647,0.866706,-0.209103,-2.044051,0.953747,-1.047285,0.139407,0.298240,-2.034600,-0.124632,1.185996,-1.612394,-0.727936,0.098767,-0.582092,0.657150
1005,18.200000,0.273812,0.841053,-0.370105,-2.216968,0.893303,-1.065033,0.204338,0.352411,-2.059105,0.036650,1.228683,-1.583574,-0.641783,-0.026914,-0.383411,0.600760
1006,18.220000,0.300055,0.841957,-0.525128,-2.259079,0.851066,-1.032387,0.220171,0.353532,-2.036943,0.095718,1.243628,-1.521906,-0.594435,-0.142859,-0.365236,0.480293
1007,18.240000,0.304255,0.858131,-0.611498,-2.231177,0.866222,-1.029868,0.239207,0.361412,-2.009019,0.114900,1.288983,-1.477510,-0.581356,-0.194380,-0.488225,0.385279
1008,18.260000,0.300721,0.853453,-0.635232,-2.162922,0.879062,-1.042607,0.233345,0.340639,-1.951778,0.062602,1.303844,-1.402476,-0.599848,-0.202926,-0.684066,0.301353
1009,18.280000,0.272226,0.886430,-0.616635,-2.027403,0.939934,-1.047442,0.227010,0.334549,-1.878660,-0.007020,1.309636,-1.337256,-0.597779,-0.186781,-0.907426,0.243101
1010,18.300000,0.241916,0.926769,-0.611151,-1.864004,1.004485,-1.055750,0.213739,0.348662,-1.833379,-0.060675,1.326185,-1.262339,-0.540750,-0.168512,-1.094427,0.217694
1011,18.320000,0.222146,0.966916,-0.499994,-1.731398,1.076656,-1.106537,0.204157,0.349570,-1.776553,-0.143966,1.323891,-1.185200,-0.476234,-0.172861,-1.239616,0.186056
1012,18.340000,0.206301,1.038429,-0.350881,-1.642743,1.132679,-1.189283,0.225806,0.371098,-1.754829,-0.173340,1.342649,-1.124476,-0.375153,-0.165607,-1.255957,0.171808
1013,18.360000,0.174835,1.110717,-0.265156,-1.541760,1.207944,-1.249638,0.255066,0.391108,-1.728559,-0.245066,1.369850,-1.038165,-0.208968,-0.113789,-1.170240,0.234473
1014,18.380000,0.148508,1.184817,-0.199955,-1.396128,1.285142,-1.306157,0.279610,0.422571,-1.707088,-0.320024,1.410267,-0.958298,-0.027219,-0.022414,-1.025526,0.324691
1015,18.400000,0.128520,1.257583,-0.146131,-1.241544,1.355545,-1.365384,0.305500,0.451591,-1.647581,-0.439401,1.459469,-0.848764,0.103048,0.087485,-0.912464,0.417671
1016,18.420000,0.137702,1.278192,-0.198235,-1.039963,1.395368,-1.381369,0.313793,0.421445,-1.547816,-0.637695,1.453929,-0.745379,0.058809,0.096358,-1.012185,0.402398
1017,18.440000,0.145424,1.307346,-0.226895,-0.859341,1.433077,-1.389630,0.330643,0.423496,-1.499025,-0.806405,1.490335,-0.644203,0.013393,0.101425,-1.101498,0.391019
1018,18.460000,0.160742,1.356666,-0.240255,-0.753724,1.462461,-1.379184,0.366637,0.453261,-1.497716,-0.914116,1.537679,-0.569207,0.025092,0.132683,-1.108102,0.454993
1019,18.480000,0.131052,1.410443,-0.257264,-0.673539,1.507071,-1.412582,0.423798,0.526882,-1.518190,-0.956727,1.609222,-0.471660,0.225449,0.257778,-0.947090,0.655507
1020,18.500000,0.105176,1.480453,-0.281493,-0.626549,1.535908,-1.441177,0.480392,0.591143,-1.507980,-0.976849,1.669242,-0.351768,0.418412,0.403023,-0.735564,0.853829
1021,18.520000,0.081662,1.507813,-0.346063,-0.550952,1.545382,-1.513852,0.532747,0.634647,-1.458801,-1.060583,1.714589,-0.233588,0.541697,0.483986,-0.608311,0.931430
1022,18.540000,0.041634,1.563664,-0.394796,-0.504184,1.591013,-1.558926,0.599957,0.728693,-1.405121,-1.090400,1.824716,-0.129139,0.742123,0.638417,-0.381483,1.122016
1023,18.560000,0.009858,1.598186,-0.427449,-0.446763,1.617887,-1.586379,0.635328,0.766086,-1.307959,-1.184836,1.862929,-0.033704,0.805311,0.737152,-0.294108,1.240912
1024,18.580000,-0.004213,1.638496,-0.418812,-0.412326,1.638296,-1.609156,0.699738,0.831654,-1.226126,-1.230000,1.932885,0.049051,0.894805,0.802019,-0.178032,1.330165
1025,18.600000,-0.038511,1.672424,-0.395197,-0.397513,1.642667,-1.679015,0.750102,0.887687,-1.170115,-1.275178,1.976382,0.117972,0.988903,0.814658,-0.036307,1.344811
1026,18.620000,-0.065746,1.717301,-0.344377,-0.386728,1.647581,-1.721316,0.799375,0.936165,-1.111217,-1.309652,2.000569,0.156823,1.065185,0.817066,0.095316,1.309898
1027,18.640000,-0.046735,1.733057,-0.312800,-0.376723,1.633582,-1.726812,0.830318,0.944343,-1.071481,-1.364800,1.986064,0.157630,1.029328,0.774518,0.100117,1.202110
1028,18.660000,-0.049731,1.756613,-0.329851,-0.385912,1.662652,-1.724379,0.874447,0.990486,-1.106974,-1.319222,2.046569,0.117583,1.089970,0.817655,0.189965,1.276115
1029,18.680000,-0.008209,1.733510,-0.344097,-0.382289,1.631362,-1.694128,0.836644,0.930727,-1.122131,-1.355277,1.967331,0.082319,0.920097,0.740781,0.069418,1.168067
1030,18.700000,0.030029,1.707155,-0.323397,-0.454300,1.621616,-1.678334,0.853017,0.921035,-1.198979,-1.277013,1.983474,-0.008718,0.819055,0.704274,0.014261,1.130618
1031,18.720000,0.057779,1.669060,-0.340905,-0.511654,1.613804,-1.620740,0.805411,0.841204,-1.343598,-1.198223,1.934010,-0.104015,0.663592,0.641228,-0.052959,1.074016
1032,18.740000,0.112932,1.613623,-0.297826,-0.599629,1.590282,-1.583690,0.778927,0.781981,-1.447443,-1.138380,1.908253,-0.210335,0.524779,0.582005,-0.131894,1.061045
1033,18.760000,0.143055,1.559705,-0.315593,-0.732767,1.563421,-1.555055,0.771965,0.730299,-1.603112,-1.002891,1.897574,-0.300248,0.431499,0.522922,-0.141998,1.016061
1034,18.780000,0.169813,1.517152,-0.330510,-0.837853,1.545732,-1.500845,0.765625,0.684847,-1.699730,-0.920772,1.894215,-0.387624,0.355928,0.503790,-0.139277,1.044230
1035,18.800000,0.197785,1.465337,-0.366721,-0.904118,1.509979,-1.457139,0.745986,0.635320,-1.745952,-0.895068,1.858452,-0.443292,0.261147,0.449436,-0.190434,0.981331
1036,18.820000,0.201613,1.469552,-0.360522,-1.006272,1.516335,-1.424178,0.781585,0.666105,-1.837138,-0.787800,1.939814,-0.483642,0.370077,0.539927,0.007893,1.118736
1037,18.840000,0.209968,1.453580,-0.401205,-1.056677,1.468726,-1.415996,0.799838,0.645898,-1.846224,-0.794341,1.904590,-0.476907,0.425879,0.535473,0.100687,1.091526
1038,18.860000,0.181248,1.459988,-0.402286,-1.056272,1.471277,-1.430161,0.844292,0.682819,-1.787765,-0.829145,1.938288,-0.410710,0.579474,0.623188,0.227543,1.112507
1039,18.880000,0.142459,1.483953,-0.450811,-1.010871,1.479800,-1.462323,0.870018,0.719461,-1.717003,-0.905536,1.965070,-0.347927,0.771163,0.748175,0.382095,1.160006
1040,18.900000,0.064153,1.546527,-0.496203,-0.854195,1.510707,-1.499779,0.907499,0.803090,-1.565705,-1.037868,2.000803,-0.217276,1.035002,0.915470,0.564770,1.246946
1041,18.920000,-0.001107,1.641447,-0.471634,-0.646010,1.539459,-1.561487,0.949631,0.910455,-1.302615,-1.278991,2.057670,-0.023398,1.354225,1.124641,0.811713,1.382224
1042,18.940000,-0.113649,1.727415,-0.529915,-0.327188,1.545082,-1.657608,0.934590,1.028618,-1.111879,-1.547512,2.121206,0.185121,1.691357,1.323119,1.087585,1.503259
1043,18.960000,-0.239661,1.726436,-0.673446,0.109905,1.561680,-1.812431,0.844239,1.139680,-0.837222,-1.768769,2.145896,0.256012,1.883524,1.404816,1.235436,1.507564
1044,18.980000,-0.338774,1.880445,-0.610249,0.393423,1.560307,-1.867725,0.900027,1.311773,-0.550312,-2.087182,2.208953,0.532253,2.187814,1.503716,1.459734,1.575351
1045,19.000000,-0.416088,1.983622,-0.584322,0.581477,1.587312,-1.896963,0.949622,1.497795,-0.274910,-2.252549,2.306034,0.661399,2.547189,1.654134,1.712280,1.758866
1046,19.020000,-0.422068,1.840382,-0.729200,0.807778,1.543917,-1.958209,0.829444,1.553009,-0.195259,-2.314315,2.235885,0.547842,2.657297,1.611854,1.784456,1.780773
1047,19.040000,-0.435398,1.970444,-0.650562,0.982335,1.508053,-1.950169,0.819581,1.582564,-0.049244,-2.577827,2.191474,0.662266,2.591537,1.536155,1.614586,1.671628
1048,19.060000,-0.369669,1.999319,-0.504350,0.993807,1.501061,-1.891685,0.824746,1.547422,0.014732,-2.683472,2.125046,0.608831,2.491691,1.481656,1.352776,1.552701
1049,19.080000,-0.305542,2.007235,-0.385430,0.958495,1.477232,-1.859506,0.767761,1.473994,-0.101066,-2.644554,2.055148,0.481617,2.502676,1.442412,1.169274,1.524375
1050,19.100000,-0.190012,1.905650,-0.246831,0.813019,1.433703,-1.767975,0.665189,1.331812,-0.285809,-2.558843,1.888573,0.251988,2.413298,1.356151,0.985012,1.445265
1051,19.120000,-0.090126,1.805110,-0.172603,0.729064,1.384936,-1.734660,0.505792,1.109573,-0.651564,-2.411631,1.764208,-0.027637,2.216149,1.284461,0.782400,1.307317
1052,19.140000,-0.042381,1.870624,-0.037459,0.541813,1.438741,-1.597515,0.549301,0.993508,-0.846850,-2.301285,1.774424,-0.103829,2.173355,1.412043,0.715319,1.504638
1053,19.160000,0.023378,1.794108,0.067746,0.323810,1.380382,-1.544576,0.530720,0.825984,-1.073041,-2.222670,1.717099,-0.220803,2.025643,1.440871,0.642336,1.526184
1054,19.180000,0.079627,1.656778,0.025232,0.108992,1.339696,-1.491143,0.497351,0.716363,-1.371763,-2.018322,1.703548,-0.408826,1.927021,1.464573,0.704707,1.595191
1055,19.200000,0.117481,1.604433,0.050165,-0.057782,1.315622,-1.456135,0.523433,0.631685,-1.587929,-1.989040,1.725480,-0.420623,1.780025,1.503411,0.786557,1.650776
1056,19.220000,0.153533,1.538525,0.030683,-0.254559,1.300836,-1.405023,0.590163,0.596058,-1.694000,-1.921095,1.765326,-0.454231,1.739190,1.525650,0.907816,1.670004
1057,19.240000,0.188093,1.454208,-0.001534,-0.485964,1.255229,-1.368598,0.612103,0.577354,-1.791190,-1.825200,1.755277,-0.525728,1.672210,1.476308,0.988366,1.641352
1058,19.260000,0.219479,1.406496,-0.053991,-0.604144,1.233207,-1.303599,0.641469,0.564615,-1.857928,-1.847323,1.778046,-0.499869,1.645121,1.467395,1.035262,1.653638
1059,19.280000,0.218986,1.343192,-0.133980,-0.739794,1.192612,-1.298260,0.621053,0.585858,-1.852699,-1.738230,1.751132,-0.645196,1.621811,1.392788,1.019982,1.614529
1060,19.300000,0.219292,1.301628,-0.122785,-0.762027,1.203275,-1.290405,0.591134,0.602273,-1.765807,-1.746162,1.762219,-0.605884,1.627279,1.312085,0.938869,1.576990
1061,19.320000,0.246681,1.311988,-0.045224,-0.886981,1.138744,-1.257710,0.634146,0.600876,-1.806243,-1.805316,1.755803,-0.530090,1.667576,1.229838,0.911780,1.457819
1062,19.340000,0.234018,1.319758,-0.012938,-1.089758,1.125530,-1.247420,0.684216,0.653222,-1.817510,-1.583435,1.785180,-0.671904,1.858532,1.221679,1.028394,1.499342
1063,19.360000,0.222124,1.368791,0.035810,-1.056687,1.168028,-1.237291,0.666829,0.649295,-1.727150,-1.708803,1.778937,-0.576943,1.891296,1.260569,1.002584,1.517000
1064,19.380000,0.212983,1.375082,0.063831,-1.047540,1.184157,-1.257077,0.689968,0.696541,-1.625050,-1.708183,1.840820,-0.607506,2.020613,1.320737,1.037685,1.634816
1065,19.400000,0.188940,1.435089,0.104730,-1.007126,1.181233,-1.266379,0.676780,0.714925,-1.577893,-1.802005,1.833389,-0.537635,2.081576,1.333943,1.022727,1.608586
1066,19.420000,0.194861,1.428934,0.148976,-0.919258,1.205614,-1.270730,0.678138,0.744206,-1.449953,-1.912713,1.862129,-0.481420,2.126778,1.354636,0.989155,1.633145
1067,19.440000,0.145880,1.408008,0.101860,-0.999813,1.110744,-1.342842,0.597404,0.764705,-1.523762,-1.738569,1.744477,-0.714325,2.126690,1.261737,1.040208,1.462012
1068,19.460000,0.166348,1.500887,0.192266,-0.892872,1.214007,-1.255856,0.659236,0.787952,-1.357526,-1.911074,1.814492,-0.536736,2.130131,1.282917,0.965760,1.518107
1069,19.480000,0.138765,1.509756,0.164979,-0.687275,1.254385,-1.332312,0.608371,0.821781,-1.298758,-2.008474,1.923317,-0.519124,2.187282,1.396118,0.952367,1.711482
1070,19.500000,0.127947,1.524404,0.202971,-0.701874,1.184204,-1.376743,0.637158,0.861790,-1.302438,-1.998307,1.891545,-0.441874,2.366226,1.385520,1.120078,1.704187
1071,19.520000,0.041494,1.584446,0.169228,-0.456943,1.270617,-1.430907,0.604528,0.913995,-1.253724,-2.125338,1.966369,-0.352403,2.481029,1.484276,1.216573,1.808471
1072,19.540000,0.042706,1.677935,0.189865,-0.378043,1.256041,-1.423900,0.701395,0.952354,-1.123121,-2.314612,1.970246,-0.160150,2.479123,1.527997,1.226247,1.815339
1073,19.560000,0.021904,1.664698,0.203299,-0.252296,1.241710,-1.480814,0.702920,0.994390,-1.089690,-2.448996,2.005666,-0.053342,2.537892,1.522141,1.303232,1.742823
1074,19.580000,0.049403,1.701364,0.212607,-0.235566,1.265003,-1.448515,0.744140,1.053958,-1.083618,-2.502899,2.025067,-0.015922,2.596491,1.544137,1.415599,1.820505
1075,19.600000,0.064414,1.683679,0.144507,-0.176035,1.297484,-1.439032,0.743298,1.068716,-1.031914,-2.532993,2.065933,-0.026341,2.627436,1.591913,1.396055,1.936135
1076,19.620000,0.063433,1.658600,0.088913,-0.213566,1.291836,-1.430903,0.774112,1.098418,-1.004722,-2.486571,2.054702,-0.058837,2.609713,1.596576,1.356024,2.012215
1077,19.640000,0.065029,1.595164,0.046619,-0.193760,1.263936,-1.453236,0.705418,1.050310,-1.064551,-2.450874,2.004725,-0.164150,2.477399,1.531536,1.234945,1.949772
1078,19.660000,0.048959,1.698527,0.195213,-0.218125,1.284158,-1.450961,0.781758,1.062867,-1.002186,-2.512439,2.005639,-0.069421,2.450333,1.502605,1.195936,1.907515
1079,19.680000,0.079901,1.614493,0.227396,-0.289064,1.226714,-1.455334,0.756563,1.029523,-1.163033,-2.389120,1.969142,-0.224952,2.470681,1.452735,1.201887,1.825409
1080,19.700000,0.115997,1.655442,0.319336,-0.338425,1.232390,-1.388926,0.756101,0.982841,-1.194582,-2.446155,1.926913,-0.231856,2.405549,1.401428,1.113647,1.774011
1081,19.720000,0.164778,1.665759,0.409984,-0.419668,1.241536,-1.360790,0.777061,0.946527,-1.299780,-2.440663,1.997174,-0.281161,2.374882,1.486624,1.112784,1.859803
1082,19.740000,0.146080,1.590756,0.373851,-0.352979,1.188875,-1.417511,0.676394,0.884067,-1.313563,-2.417237,1.926758,-0.422353,2.288334,1.419167,1.064378,1.789296
1083,19.760000,0.194933,1.536714,0.441793,-0.540621,1.151827,-1.405941,0.703207,0.892740,-1.421299,-2.280652,1.912012,-0.513635,2.320658,1.398999,1.205906,1.766940
1084,19.780000,0.207167,1.567441,0.489946,-0.591416,1.148702,-1.387117,0.728939,0.876210,-1.454799,-2.337635,1.920969,-0.498554,2.288556,1.418532,1.280523,1.766703
1085,19.800000,0.202377,1.586369,0.418120,-0.749181,1.159848,-1.340808,0.804196,0.906197,-1.507158,-2.204776,1.927189,-0.600813,2.333658,1.468156,1.355031,1.833319
1086,19.820000,0.255073,1.557275,0.414801,-0.823734,1.167330,-1.312019,0.809083,0.902094,-1.440652,-2.241184,1.934753,-0.557212,2.296140,1.441060,1.306865,1.851015
1087,19.840000,0.259618,1.464744,0.295085,-0.767616,1.126417,-1.332686,0.724396,0.860737,-1.507898,-2.227795,1.933474,-0.660066,2.204130,1.394651,1.193894,1.832145
1088,19.860000,0.282401,1.426074,0.294493,-0.880262,1.096468,-1.304697,0.743016,0.854808,-1.509926,-2.141362,1.890788,-0.684286,2.107718,1.270321,1.088823,1.720757
1089,19.880000,0.287411,1.475149,0.376230,-0.938499,1.110736,-1.296510,0.786969,0.847944,-1.509665,-2.166569,1.915442,-0.660145,2.107971,1.224870,1.053409,1.654192
1090,19.900000,0.284717,1.444150,0.293549,-0.917841,1.132345,-1.282282,0.698799,0.826286,-1.610843,-2.116298,1.921315,-0.739227,2.100126,1.258341,1.040360,1.733266
1091,19.920000,0.310773,1.476795,0.357357,-1.010564,1.129420,-1.196718,0.787828,0.855759,-1.572458,-2.109099,1.943993,-0.669351,2.192951,1.272088,1.031285,1.768898
1092,19.940000,0.288797,1.405222,0.256441,-1.124604,1.089678,-1.221183,0.731854,0.845384,-1.661966,-1.893653,1.923249,-0.848160,2.209335,1.232492,1.072408,1.726166
1093,19.960000,0.305875,1.494035,0.268975,-1.139229,1.146971,-1.180509,0.836214,0.886421,-1.579801,-1.965454,1.963976,-0.714418,2.266435,1.265140,1.146249,1.843498
1094,19.980000,0.292878,1.523291,0.309612,-1.124457,1.176579,-1.210431,0.866715,0.920117,-1.522029,-2.005607,2.016820,-0.636465,2.288325,1.297811,1.158714,1.866078
1095,20.000000,0.260207,1.479850,0.247118,-0.957502,1.145335,-1.313390,0.744392,0.911019,-1.535954,-2.043113,1.994739,-0.659822,2.278019,1.286532,1.171911,1.841460
1096,20.020000,0.230965,1.557306,0.348802,-0.956978,1.160732,-1.361068,0.851736,1.007517,-1.385157,-2.104904,2.021715,-0.527473,2.416276,1.326074,1.308365,1.845077
1097,20.040000,0.202370,1.512458,0.299200,-0.872736,1.156285,-1.388180,0.778459,1.009557,-1.366235,-2.099712,1.979439,-0.611348,2.398552,1.292303,1.287717,1.746756
1098,20.060000,0.209033,1.617463,0.361868,-0.822395,1.201196,-1.365538,0.865802,1.075556,-1.194107,-2.218956,1.998866,-0.495232,2.422721,1.299931,1.259749,1.791320
1099,20.080000,0.172834,1.613449,0.371752,-0.809707,1.142102,-1.412502,0.759579,1.047448,-1.229661,-2.210996,1.870177,-0.659066,2.315955,1.210092,1.175744,1.595579
1100,20.100000,0.229032,1.633708,0.452301,-0.771174,1.204960,-1.334034,0.793558,1.067788,-1.139841,-2.283322,1.940933,-0.558288,2.345335,1.231115,1.083060,1.680422
1101,20.120000,0.219963,1.645793,0.491028,-0.720133,1.204915,-1.380625,0.788292,1.077825,-1.121756,-2.313999,1.975479,-0.545167,2.418769,1.266640,1.093781,1.755886
1102,20.140000,0.207501,1.608079,0.450642,-0.717681,1.141377,-1.396642,0.710775,1.031558,-1.238278,-2.295450,1.879434,-0.624119,2.352087,1.189538,1.098815,1.659848
1103,20.160000,0.216097,1.625802,0.417461,-0.585054,1.198760,-1.385138,0.723085,1.024951,-1.164282,-2.405541,1.924457,-0.488304,2.348856,1.191785,1.044880,1.645032
1104,20.180000,0.205611,1.656205,0.467941,-0.537154,1.182696,-1.409118,0.731430,1.024825,-1.218437,-2.455841,1.939211,-0.448613,2.371754,1.230353,1.083059,1.626197
1105,20.200000,0.214935,1.647493,0.445756,-0.564597,1.187035,-1.392424,0.732089,1.034311,-1.283047,-2.432462,1.951247,-0.473594,2.478942,1.274209,1.207674,1.712466
1106,20.220000,0.220526,1.670951,0.431636,-0.559874,1.228518,-1.382606,0.767825,1.058675,-1.257604,-2.443116,2.009126,-0.401464,2.600353,1.387633,1.324318,1.870303
1107,20.240000,0.181284,1.600259,0.264860,-0.647947,1.151511,-1.396055,0.706584,1.056670,-1.355554,-2.273037,1.871382,-0.627440,2.551684,1.340875,1.359287,1.753966
1108,20.260000,0.188750,1.553802,0.238939,-0.499991,1.223990,-1.416888,0.652496,1.018772,-1.307726,-2.355166,1.923532,-0.575874,2.467372,1.306616,1.279697,1.762309
1109,20.280000,0.188465,1.582018,0.333369,-0.517774,1.182668,-1.445669,0.701727,1.035853,-1.287284,-2.388089,1.933257,-0.522608,2.422240,1.303427,1.266618,1.724236
1110,20.300000,0.178392,1.557319,0.390356,-0.497730,1.154411,-1.450578,0.665624,0.999891,-1.280977,-2.395498,1.864590,-0.573521,2.335896,1.180334,1.165869,1.584002
1111,20.320000,0.237514,1.544965,0.457918,-0.602794,1.157024,-1.412894,0.721696,1.020420,-1.288209,-2.330871,1.891293,-0.612611,2.368750,1.164650,1.152367,1.619716
1112,20.340000,0.203189,1.556797,0.362204,-0.634880,1.121054,-1.399119,0.625130,0.961006,-1.431708,-2.252990,1.794122,-0.792170,2.259022,1.143251,1.055886,1.560302
1113,20.360000,0.253507,1.581877,0.452027,-0.653873,1.170122,-1.309570,0.707650,0.946520,-1.338415,-2.327775,1.828920,-0.671783,2.247561,1.141036,0.945024,1.601991
1114,20.380000,0.266745,1.591158,0.555959,-0.659331,1.139850,-1.392002,0.712467,0.945007,-1.354504,-2.361752,1.890062,-0.645512,2.280146,1.159835,0.973856,1.601597
1115,20.400000,0.257842,1.585883,0.543984,-0.771536,1.148679,-1.366730,0.749103,0.961722,-1.372836,-2.291292,1.886327,-0.656605,2.393132,1.168933,1.117835,1.669483
1116,20.420000,0.277485,1.528445,0.481333,-0.788016,1.144323,-1.386928,0.719718,0.947517,-1.359083,-2.250154,1.867005,-0.667200,2.364439,1.155434,1.119142,1.651800
1117,20.440000,0.266220,1.584155,0.455212,-0.745822,1.168507,-1.371798,0.751276,0.965040,-1.277473,-2.319273,1.877599,-0.599470,2.300564,1.165861,1.064111,1.646812
1118,20.460000,0.267145,1.586458,0.444603,-0.723478,1.178588,-1.371784,0.749869,0.962307,-1.293354,-2.360805,1.904994,-0.545208,2.303349,1.185036,1.073724,1.636536
1119,20.480000,0.244002,1.555207,0.371580,-0.576322,1.206271,-1.415723,0.684160,0.968743,-1.313323,-2.359031,1.942292,-0.603043,2.347205,1.238606,1.085443,1.770358
1120,20.500000,0.221511,1.549222,0.338242,-0.629150,1.152574,-1.419555,0.683359,0.990957,-1.377127,-2.282947,1.875033,-0.616787,2.413815,1.212572,1.180890,1.710805
1121,20.520000,0.182988,1.519143,0.355191,-0.478273,1.169140,-1.494938,0.598432,0.966238,-1.389943,-2.355393,1.879765,-0.593647,2.393231,1.213329,1.198026,1.629090
1122,20.540000,0.164303,1.605444,0.454845,-0.470747,1.145485,-1.504736,0.690883,1.029929,-1.278451,-2.406430,1.873785,-0.512294,2.460480,1.233421,1.303536,1.601952
1123,20.560000,0.160115,1.542762,0.443352,-0.417754,1.140394,-1.550816,0.638611,1.018908,-1.311198,-2.416291,1.873496,-0.577718,2.507718,1.205712,1.344172,1.555852
1124,20.580000,0.182477,1.646340,0.529477,-0.372534,1.194884,-1.452627,0.694249,1.036192,-1.120642,-2.568224,1.855156,-0.485229,2.422474,1.187825,1.195324,1.598634
1125,20.600000,0.169693,1.641840,0.542415,-0.325713,1.193733,-1.488836,0.687325,1.034662,-1.088784,-2.621454,1.885143,-0.490471,2.433218,1.205675,1.091515,1.625617
1126,20.620000,0.156629,1.646060,0.532649,-0.315478,1.194012,-1.477974,0.665380,1.031698,-1.104704,-2.620272,1.879051,-0.481352,2.463249,1.230276,1.047269,1.706958
1127,20.640000,0.168710,1.638477,0.577150,-0.321362,1.188498,-1.469746,0.664892,1.044460,-1.084415,-2.605165,1.873324,-0.470099,2.510770,1.244280,1.063072,1.729409
1128,20.660000,0.165114,1.585544,0.463847,-0.439304,1.159329,-1.467825,0.634012,1.024449,-1.250437,-2.398545,1.847717,-0.629142,2.530828,1.255612,1.146688,1.726068
1129,20.680000,0.183945,1.526084,0.420509,-0.431189,1.166225,-1.470107,0.610276,0.975924,-1.277436,-2.416939,1.806120,-0.613161,2.397409,1.200474,1.092112,1.677565
1130,20.700000,0.191444,1.563486,0.427686,-0.330267,1.182608,-1.473058,0.598298,0.945269,-1.272090,-2.472839,1.846002,-0.598322,2.283994,1.193438,1.009830,1.627843
1131,20.720000,0.183632,1.617914,0.501728,-0.418878,1.166932,-1.475715,0.665460,0.965116,-1.330333,-2.479048,1.867410,-0.534224,2.388952,1.219571,1.159369,1.641796
1132,20.740000,0.184381,1.549422,0.485527,-0.343402,1.167345,-1.480628,0.594682,0.928038,-1.318873,-2.493477,1.857859,-0.609979,2.376829,1.199620,1.105862,1.637497
1133,20.760000,0.168496,1.549020,0.431953,-0.515669,1.114316,-1.425840,0.584655,0.937987,-1.384371,-2.312586,1.745576,-0.757134,2.304547,1.157310,1.093392,1.550517
1134,20.780000,0.207849,1.477366,0.404961,-0.529403,1.160550,-1.406974,0.577395,0.892825,-1.437616,-2.289267,1.812021,-0.772057,2.234061,1.180929,1.047256,1.638400
1135,20.800000,0.226420,1.562451,0.500951,-0.575945,1.166502,-1.370544,0.666303,0.888797,-1.330508,-2.341163,1.778390,-0.695522,2.031426,1.082252,0.833005,1.542441
1136,20.820000,0.347339,1.439209,0.410882,-0.966349,1.112550,-1.352579,0.621580,0.734815,-1.809932,-1.898892,1.738547,-0.918821,1.301446,0.589605,0.264504,0.933395
1137,20.840000,0.500641,1.253841,0.216887,-1.471437,1.017234,-1.092706,0.574759,0.581737,-2.094380,-1.191911,1.623645,-1.314079,0.113894,-0.252465,-0.537392,0.272922
1138,20.860000,0.547705,0.970664,-0.020678,-1.929702,0.816827,-0.795981,0.528818,0.476650,-2.333387,-0.527875,1.576381,-1.826862,-0.930738,-0.987526,-0.951341,-0.052834
1139,20.880000,0.569261,0.647876,-0.284677,-2.374437,0.569682,-0.539185,0.513742,0.453858,-2.569888,0.067559,1.596276,-2.308905,-1.584276,-1.429029,-0.975505,-0.057954
1140,20.900000,0.502887,0.404516,-0.510058,-2.611549,0.363272,-0.429447,0.465492,0.483000,-2.661070,0.495676,1.596303,-2.616609,-1.955253,-1.634840,-1.072309,-0.107460
1141,20.920000,0.393656,0.331562,-0.684639,-2.760807,0.238568,-0.497867,0.471640,0.605713,-2.707992,0.829216,1.656770,-2.756911,-1.824676,-1.574899,-0.986411,-0.059011
1142,20.940000,0.272212,0.363286,-0.711062,-2.814806,0.183329,-0.675823,0.458935,0.705567,-2.685905,1.052612,1.675654,-2.775709,-1.432210,-1.390713,-0.879260,-0.067588
1143,20.960000,0.232837,0.449303,-0.704714,-2.786724,0.212225,-0.772614,0.484845,0.774223,-2.646130,1.091540,1.727450,-2.697493,-0.996320,-1.195499,-0.789723,-0.085485
1144,20.980000,0.187122,0.603303,-0.666534,-2.624494,0.327391,-0.812383,0.488017,0.808740,-2.584858,1.035634,1.770802,-2.595395,-0.668873,-0.967861,-0.781575,-0.069306
1145,21.000000,0.181628,0.723729,-0.494698,-2.487950,0.473491,-0.903075,0.501873,0.797913,-2.519136,0.926087,1.778934,-2.467996,-0.471706,-0.841291,-0.840472,-0.076459
1146,21.020000,0.151455,0.898304,-0.354180,-2.329632,0.640215,-0.960186,0.572366,0.808715,-2.436745,0.771275,1.835932,-2.324845,-0.311995,-0.687149,-0.853608,0.040937
1147,21.040000,0.093675,1.059805,-0.191025,-2.103636,0.853658,-1.021699,0.618146,0.823678,-2.356182,0.587036,1.860827,-2.165401,-0.170806,-0.549878,-0.862383,0.204750
1148,21.060000,0.088133,1.157491,-0.055538,-1.872995,1.015403,-1.148121,0.623926,0.796243,-2.242379,0.355485,1.855902,-1.969781,-0.192824,-0.530720,-0.990434,0.234973
1149,21.080000,0.078870,1.259615,-0.040686,-1.638544,1.174765,-1.269699,0.667810,0.812925,-2.148865,0.125956,1.922653,-1.775872,-0.159094,-0.484637,-1.088815,0.335784
1150,21.100000,0.073979,1.375833,-0.005646,-1.430047,1.333475,-1.333212,0.705736,0.843252,-2.068936,-0.091736,1.992055,-1.572521,-0.143544,-0.414163,-1.122631,0.485899
1151,21.120000,0.094833,1.462010,-0.037111,-1.241274,1.427943,-1.410563,0.742970,0.861951,-2.005429,-0.289879,2.041062,-1.350280,-0.137257,-0.408085,-1.149584,0.547373
1152,21.140000,0.125470,1.517114,-0.119410,-1.058659,1.499465,-1.451762,0.753645,0.861417,-1.956935,-0.469891,2.069179,-1.113861,-0.186933,-0.462601,-1.219440,0.515986
1153,21.160000,0.161055,1.567632,-0.200400,-0.986044,1.535586,-1.471513,0.798950,0.887886,-1.928027,-0.586325,2.137331,-0.923102,-0.163001,-0.452790,-1.206853,0.537207
1154,21.180000,0.169424,1.597002,-0.319592,-0.903454,1.579025,-1.423864,0.827533,0.907043,-1.963398,-0.640338,2.178527,-0.751495,-0.124532,-0.407746,-1.177671,0.563017
1155,21.200000,0.221900,1.591642,-0.421605,-0.837722,1.574229,-1.408310,0.813126,0.875990,-1.925202,-0.748919,2.127223,-0.574169,-0.233254,-0.506894,-1.282097,0.403708
1156,21.220000,0.236326,1.589878,-0.535411,-0.821759,1.569571,-1.379390,0.821774,0.868901,-1.971559,-0.727017,2.143470,-0.502263,-0.233273,-0.530586,-1.290469,0.318264
1157,21.240000,0.234089,1.588228,-0.579380,-0.819642,1.580598,-1.322141,0.808081,0.855391,-2.004097,-0.678168,2.129720,-0.486973,-0.306638,-0.542478,-1.326566,0.316587
1158,21.260000,0.254301,1.555854,-0.610535,-0.827285,1.539469,-1.306188,0.782750,0.823830,-2.010261,-0.615827,2.053145,-0.479481,-0.395508,-0.624726,-1.391689,0.184433
1159,21.280000,0.250584,1.540620,-0.611327,-0.834196,1.510213,-1.314465,0.764668,0.798189,-2.032461,-0.524998,2.003690,-0.514034,-0.481102,-0.719371,-1.421971,0.058427
1160,21.300000,0.244852,1.546404,-0.593954,-0.865008,1.480926,-1.351470,0.772006,0.798681,-2.066836,-0.416498,1.978822,-0.568993,-0.497746,-0.762441,-1.368070,0.030377
1161,21.320000,0.265729,1.529455,-0.522195,-0.890070,1.478200,-1.340263,0.748575,0.765675,-2.047174,-0.344289,1.935739,-0.659563,-0.616920,-0.778780,-1.414907,0.007535
1162,21.340000,0.252516,1.505435,-0.528974,-0.865910,1.467739,-1.405391,0.728324,0.736745,-2.042536,-0.277625,1.907506,-0.760433,-0.719050,-0.793470,-1.474345,0.012878
1163,21.360000,0.268011,1.504168,-0.438552,-0.917118,1.442577,-1.448813,0.732815,0.712371,-2.065085,-0.183250,1.876797,-0.855876,-0.821192,-0.826817,-1.500663,-0.010596
1164,21.380000,0.210283,1.552762,-0.431881,-0.931169,1.472533,-1.470382,0.790907,0.754628,-2.096471,-0.088757,1.942612,-0.947643,-0.740993,-0.654028,-1.352917,0.207886
1165,21.400000,0.202199,1.541345,-0.446174,-0.879736,1.470797,-1.579849,0.777259,0.726494,-2.073880,-0.093585,1.889560,-0.933399,-0.800403,-0.663081,-1.370893,0.172589
1166,21.420000,0.228800,1.541430,-0.475244,-0.865410,1.465853,-1.598585,0.830620,0.735675,-2.073846,-0.111399,1.951351,-0.900673,-0.782488,-0.593781,-1.353062,0.158339
1167,21.440000,0.225242,1.555026,-0.530041,-0.835732,1.487147,-1.611167,0.862779,0.740904,-2.066302,-0.138563,1.972735,-0.856307,-0.757610,-0.539790,-1.340200,0.156576
1168,21.460000,0.221495,1.550433,-0.604314,-0.798802,1.490716,-1.613258,0.873998,0.732804,-2.077272,-0.157527,1.963914,-0.809871,-0.757305,-0.549133,-1.367597,0.093221
1169,21.480000,0.229778,1.550430,-0.685698,-0.779837,1.504656,-1.564170,0.881701,0.729647,-2.112592,-0.141657,1.999362,-0.802876,-0.745770,-0.508288,-1.386172,0.118232
1170,21.500000,0.236682,1.542137,-0.775140,-0.747957,1.504091,-1.478984,0.864974,0.699940,-2.116568,-0.150522,1.984316,-0.785819,-0.839938,-0.506145,-1.487526,0.103029
1171,21.520000,0.261247,1.540631,-0.814140,-0.753061,1.500064,-1.399864,0.855707,0.690566,-2.155838,-0.129753,1.999948,-0.779370,-0.898552,-0.482560,-1.530169,0.125197
1172,21.540000,0.239345,1.519619,-0.939077,-0.766141,1.497066,-1.404298,0.825262,0.728178,-2.195603,0.044414,2.013429,-0.879605,-0.791271,-0.429068,-1.410849,0.271894
1173,21.560000,0.189822,1.546609,-0.905014,-0.765118,1.489085,-1.389141,0.859751,0.744452,-2.170389,0.001391,1.996269,-0.764454,-0.706782,-0.431431,-1.338899,0.287833
1174,21.580000,0.190691,1.543027,-0.967000,-0.715712,1.485096,-1.294942,0.889002,0.749836,-2.180370,0.009632,2.028989,-0.722214,-0.727268,-0.410535,-1.356557,0.274474
1175,21.600000,0.189530,1.547461,-0.967603,-0.705278,1.475797,-1.326818,0.865749,0.730170,-2.162838,-0.000845,2.014220,-0.694683,-0.811987,-0.433993,-1.434736,0.248836
1176,21.620000,0.186239,1.538985,-0.977743,-0.695477,1.468653,-1.312508,0.871049,0.708058,-2.163924,0.014581,2.023166,-0.716877,-0.894658,-0.446387,-1.503696,0.204197
1177,21.640000,0.147227,1.561213,-0.995221,-0.707637,1.468626,-1.310120,0.918828,0.761121,-2.153417,0.091514,2.078135,-0.791418,-0.807525,-0.322909,-1.432065,0.351154
1178,21.660000,0.142918,1.539432,-0.987207,-0.640561,1.480616,-1.303510,0.875748,0.711333,-2.154655,0.042343,2.019678,-0.752899,-0.892661,-0.370133,-1.534919,0.281541
1179,21.680000,0.143893,1.548900,-1.003597,-0.651168,1.460690,-1.299342,0.916012,0.718541,-2.169140,0.076200,2.073835,-0.806006,-0.933151,-0.313616,-1.568832,0.326203
1180,21.700000,0.125263,1.544898,-1.027383,-0.635648,1.446619,-1.345711,0.880148,0.678585,-2.199846,0.116978,2.029464,-0.843841,-1.017892,-0.356528,-1.630170,0.267702
1181,21.720000,0.116220,1.550843,-1.034451,-0.612694,1.436870,-1.343908,0.894046,0.693282,-2.200499,0.137983,2.026064,-0.850216,-0.993994,-0.363182,-1.596375,0.246119
1182,21.740000,0.118053,1.576764,-1.003134,-0.605141,1.412408,-1.271418,0.919440,0.701944,-2.247960,0.176726,2.042273,-0.863098,-0.959935,-0.352868,-1.516339,0.246409
1183,21.760000,0.101639,1.560557,-1.105955,-0.548969,1.382340,-1.240382,0.895836,0.677642,-2.271942,0.193973,2.003145,-0.867161,-0.967733,-0.383583,-1.529394,0.183910
1184,21.780000,0.081980,1.561910,-1.168234,-0.491174,1.386111,-1.218107,0.891190,0.682603,-2.249732,0.203459,2.007163,-0.879808,-0.986868,-0.365517,-1.561658,0.184831
1185,21.800000,0.094357,1.567917,-1.159296,-0.503108,1.371755,-1.185366,0.892259,0.687792,-2.269526,0.240541,2.025259,-0.899699,-1.005731,-0.314364,-1.582605,0.260103
1186,21.820000,0.077255,1.572536,-1.152730,-0.502199,1.375468,-1.175996,0.881821,0.681235,-2.266681,0.264050,2.014719,-0.918553,-1.022244,-0.266335,-1.613197,0.309790
1187,21.840000,0.072605,1.561589,-1.181502,-0.466231,1.375492,-1.184341,0.885169,0.671784,-2.219047,0.250439,1.985740,-0.900044,-1.071693,-0.291114,-1.670191,0.260129
1188,21.860000,0.079839,1.563199,-1.170701,-0.476529,1.354536,-1.185675,0.887653,0.663898,-2.234932,0.274362,1.984181,-0.901963,-1.100086,-0.289584,-1.694783,0.242505
1189,21.880000,0.067156,1.553411,-1.225186,-0.426350,1.369931,-1.200462,0.847805,0.656593,-2.216872,0.302638,1.981335,-0.937556,-1.126027,-0.285891,-1.724639,0.263212
1190,21.900000,0.048907,1.590740,-1.266334,-0.431789,1.346393,-1.139502,0.893521,0.676631,-2.262197,0.364106,2.006978,-0.945986,-1.011667,-0.232385,-1.627706,0.317182
1191,21.920000,0.031651,1.605586,-1.247940,-0.424511,1.364271,-1.104495,0.926237,0.693831,-2.255332,0.340339,2.042293,-0.879610,-0.903728,-0.112873,-1.550940,0.425689
1192,21.940000,0.003983,1.620979,-1.320158,-0.369859,1.402961,-1.133325,0.961159,0.713899,-2.207300,0.326351,2.070758,-0.824629,-0.874546,-0.011703,-1.538315,0.493427
1193,21.960000,-0.007754,1.592939,-1.374591,-0.337833,1.424016,-1.157616,0.927011,0.681290,-2.151836,0.287074,2.048303,-0.778758,-0.994138,-0.020866,-1.672085,0.466393
1194,21.980000,0.013335,1.580534,-1.424600,-0.330464,1.463619,-1.182817,0.922558,0.691896,-2.123981,0.323672,2.110257,-0.837631,-1.058042,0.070666,-1.725620,0.609260
1195,22.000000,0.003613,1.596914,-1.407534,-0.357503,1.462811,-1.175995,0.953248,0.682700,-2.131729,0.304038,2.100121,-0.783735,-1.068432,0.088521,-1.738208,0.645271
1196,22.020000,0.018907,1.589807,-1.401563,-0.379278,1.450447,-1.113594,0.973162,0.666387,-2.153659,0.335057,2.107200,-0.779300,-1.075930,0.108735,-1.738478,0.668569
1197,22.040000,0.017345,1.585648,-1.425246,-0.367016,1.450315,-1.135355,0.977951,0.655977,-2.155871,0.325986,2.089853,-0.745218,-1.078726,0.105539,-1.733366,0.656151
1198,22.060000,0.034174,1.573088,-1.416336,-0.388655,1.455228,-1.057438,1.004566,0.651374,-2.164985,0.309846,2.107293,-0.714737,-1.082835,0.144283,-1.722268,0.667133
1199,22.080000,0.030627,1.542209,-1.490201,-0.393117,1.484093,-1.093631,0.962190,0.645764,-2.148498,0.356672,2.118337,-0.764763,-1.109846,0.226946,-1.751880,0.770182
1200,22.100000,0.024812,1.532971,-1.517980,-0.410982,1.492349,-1.077082,0.974275,0.632087,-2.149293,0.345079,2.107519,-0.736899,-1.139929,0.238385,-1.784657,0.806266
1201,22.120000,-0.000316,1.489824,-1.601862,-0.385179,1.536559,-1.170574,0.890820,0.638927,-2.116437,0.416849,2.133617,-0.812491,-1.154363,0.325016,-1.806374,0.958416
1202,22.140000,-0.003943,1.533581,-1.593772,-0.466188,1.536143,-1.185561,0.984156,0.650006,-2.120249,0.401830,2.151714,-0.733076,-1.127761,0.379057,-1.754665,1.018050
1203,22.160000,0.008646,1.559503,-1.665363,-0.539887,1.491133,-1.143584,1.030209,0.643837,-2.191702,0.468286,2.151527,-0.719892,-1.050319,0.357010,-1.652754,0.977890
1204,22.180000,-0.003673,1.546546,-1.686712,-0.516818,1.535043,-1.149027,1.073006,0.653046,-2.159065,0.426082,2.187801,-0.649866,-1.058122,0.412242,-1.618156,0.977667
1205,22.200000,0.034736,1.523015,-1.753396,-0.524314,1.525873,-1.064817,1.103488,0.615600,-2.159718,0.354096,2.179725,-0.582748,-1.190176,0.384129,-1.705225,0.902328
1206,22.220000,0.029181,1.514710,-1.778362,-0.552512,1.530523,-1.070251,1.098717,0.641107,-2.178631,0.413473,2.241150,-0.608588,-1.180255,0.436326,-1.677280,0.954408
1207,22.240000,0.020931,1.487485,-1.837011,-0.543594,1.513890,-1.004097,1.097924,0.588893,-2.216281,0.392358,2.180027,-0.572031,-1.242419,0.365626,-1.715897,0.858877
1208,22.260000,0.034773,1.457036,-1.867455,-0.573994,1.477051,-0.912891,1.091830,0.554315,-2.262340,0.434603,2.167303,-0.588017,-1.307675,0.305783,-1.787193,0.780388
1209,22.280000,0.040918,1.434682,-1.888991,-0.593911,1.453065,-0.885363,1.060889,0.525107,-2.293516,0.478172,2.130450,-0.632533,-1.380998,0.256731,-1.854365,0.718955
1210,22.300000,0.027044,1.455004,-1.889969,-0.632603,1.413253,-0.829444,1.069587,0.535977,-2.345541,0.552222,2.119950,-0.692574,-1.314251,0.251860,-1.781992,0.744658
1211,22.320000,0.015154,1.401549,-1.901175,-0.620424,1.388390,-0.859945,1.029880,0.501351,-2.325792,0.568654,2.078734,-0.696657,-1.372371,0.212594,-1.841089,0.679533
1212,22.340000,0.004797,1.412752,-1.900738,-0.668106,1.369811,-0.873263,1.047126,0.526384,-2.355367,0.627214,2.091890,-0.709629,-1.329442,0.242448,-1.783306,0.675349
1213,22.360000,-0.014934,1.422259,-1.895472,-0.658239,1.362354,-0.880302,1.042940,0.520160,-2.344461,0.649318,2.081890,-0.737305,-1.317919,0.252294,-1.773476,0.690108
1214,22.380000,-0.056396,1.423895,-1.931646,-0.552420,1.367410,-1.009543,0.921377,0.518335,-2.289819,0.725103,2.046224,-0.806052,-1.318744,0.232874,-1.756777,0.642389
1215,22.400000,-0.035016,1.422155,-1.897622,-0.551982,1.317140,-0.935949,0.986875,0.482193,-2.328153,0.651128,2.037193,-0.698849,-1.347997,0.159539,-1.787014,0.469490
1216,22.420000,-0.020189,1.417761,-1.916381,-0.520558,1.300257,-0.870819,0.965796,0.470417,-2.334900,0.679183,2.027829,-0.726485,-1.363185,0.123204,-1.821665,0.401505
1217,22.440000,-0.001939,1.427867,-1.888450,-0.525959,1.267900,-0.812528,0.976776,0.447514,-2.377733,0.680601,1.990707,-0.733916,-1.389603,0.072098,-1.821199,0.303315
1218,22.460000,0.015410,1.455840,-1.931417,-0.474193,1.230256,-0.700156,0.931707,0.425327,-2.400904,0.746759,1.953291,-0.832066,-1.424593,0.014162,-1.849078,0.279177
1219,22.480000,-0.005688,1.430137,-1.908726,-0.466256,1.233015,-0.617130,0.961185,0.460439,-2.435459,0.762684,1.994077,-0.835781,-1.360921,0.078026,-1.806533,0.426782
1220,22.500000,-0.011164,1.404531,-1.914381,-0.431558,1.242149,-0.622761,0.939861,0.440268,-2.414886,0.758576,1.949658,-0.778673,-1.375620,0.066640,-1.832600,0.430034
1221,22.520000,-0.050661,1.411036,-1.939090,-0.378993,1.231238,-0.720959,0.904274,0.454760,-2.352037,0.767037,1.946214,-0.802530,-1.367146,0.092285,-1.896236,0.408329
1222,22.540000,-0.079167,1.461336,-1.952927,-0.368147,1.219377,-0.695562,0.942394,0.460163,-2.403271,0.798771,1.969435,-0.783930,-1.318524,0.108384,-1.805970,0.404543
1223,22.560000,-0.083465,1.436651,-1.934375,-0.349745,1.233420,-0.725062,0.962963,0.463460,-2.354436,0.758970,1.981517,-0.740843,-1.304657,0.162322,-1.805849,0.438677
1224,22.580000,-0.075107,1.421707,-1.947555,-0.277000,1.266246,-0.777514,0.893064,0.474973,-2.282429,0.778561,1.987823,-0.779735,-1.336661,0.219762,-1.809464,0.461860
1225,22.600000,-0.057509,1.430286,-1.927867,-0.321181,1.236784,-0.718537,0.962487,0.438448,-2.307605,0.718025,1.990633,-0.694279,-1.370724,0.206429,-1.821498,0.402188
1226,22.620000,-0.036073,1.426090,-1.926447,-0.314076,1.230565,-0.680139,0.958812,0.426164,-2.295875,0.731221,1.997131,-0.712147,-1.398872,0.203211,-1.838035,0.392363
1227,22.640000,-0.051116,1.444601,-1.931509,-0.326216,1.226298,-0.620089,1.026805,0.449532,-2.348096,0.730189,2.024359,-0.690147,-1.312471,0.280451,-1.773013,0.471690
1228,22.660000,-0.042311,1.433388,-1.942463,-0.305437,1.236816,-0.542213,1.025250,0.431837,-2.325363,0.717368,2.023674,-0.675817,-1.339409,0.332316,-1.779884,0.554963
1229,22.680000,-0.080125,1.435553,-1.998443,-0.225163,1.264398,-0.609158,0.964000,0.465566,-2.278035,0.768833,2.045173,-0.689396,-1.289127,0.413154,-1.755985,0.637229
1230,22.700000,-0.091054,1.448408,-2.020690,-0.246644,1.240652,-0.565005,1.061118,0.459229,-2.323676,0.714880,2.092372,-0.588988,-1.249644,0.426301,-1.698177,0.635883
1231,22.720000,-0.113465,1.428426,-2.077993,-0.206777,1.222224,-0.514682,1.069665,0.426737,-2.301113,0.690061,2.070279,-0.542614,-1.303246,0.396820,-1.782906,0.542712
1232,22.740000,-0.103736,1.451804,-2.092729,-0.206240,1.218281,-0.450676,1.121567,0.436428,-2.344607,0.695855,2.110662,-0.528042,-1.322653,0.427715,-1.768152,0.523895
1233,22.760000,-0.102524,1.430928,-2.115663,-0.183576,1.190235,-0.394108,1.113460,0.398816,-2.353971,0.683820,2.072776,-0.519377,-1.383834,0.396564,-1.817110,0.471788
1234,22.780000,-0.096426,1.388586,-2.116872,-0.145780,1.192610,-0.376216,1.065966,0.398395,-2.323503,0.702677,2.052179,-0.548225,-1.441709,0.381309,-1.877253,0.450822
1235,22.800000,-0.080795,1.401558,-2.103009,-0.202075,1.165160,-0.326883,1.104911,0.413449,-2.380110,0.735887,2.079495,-0.563375,-1.406854,0.435201,-1.823052,0.536629
1236,22.820000,-0.111753,1.415510,-2.083422,-0.207536,1.157948,-0.324464,1.121793,0.434208,-2.406608,0.789250,2.079034,-0.572015,-1.298048,0.503180,-1.718926,0.651904
1237,22.840000,-0.132660,1.409547,-2.098524,-0.149753,1.178382,-0.374910,1.095427,0.455221,-2.362138,0.816069,2.078794,-0.583268,-1.246804,0.554728,-1.661714,0.708997
1238,22.860000,-0.117740,1.399485,-2.118035,-0.146717,1.148026,-0.349800,1.116710,0.410604,-2.360166,0.779571,2.061488,-0.534619,-1.301373,0.512431,-1.719760,0.625068
1239,22.880000,-0.121235,1.403602,-2.136157,-0.145386,1.142008,-0.299248,1.135785,0.399379,-2.356733,0.776231,2.078971,-0.542199,-1.368287,0.503212,-1.795380,0.617328
1240,22.900000,-0.112874,1.405456,-2.139778,-0.110968,1.143714,-0.298496,1.089518,0.386990,-2.325942,0.789639,2.074389,-0.585868,-1.419247,0.538132,-1.848334,0.645799
1241,22.920000,-0.098002,1.381155,-2.131218,-0.146842,1.119380,-0.234314,1.122105,0.375257,-2.359387,0.771894,2.083809,-0.549943,-1.427961,0.549304,-1.873200,0.673119
1242,22.940000,-0.102409,1.376046,-2.152772,-0.148814,1.103688,-0.196218,1.141118,0.369388,-2.374281,0.782152,2.092484,-0.538410,-1.413171,0.559488,-1.879274,0.669739
1243,22.960000,-0.137412,1.383042,-2.169590,-0.116166,1.122756,-0.235440,1.096017,0.383974,-2.351672,0.828478,2.106727,-0.578182,-1.391117,0.633834,-1.842617,0.727208
1244,22.980000,-0.140298,1.395440,-2.181754,-0.126350,1.087141,-0.185631,1.138229,0.370983,-2.393069,0.814512,2.107408,-0.529073,-1.368178,0.626842,-1.799584,0.704352
1245,23.000000,-0.141638,1.363999,-2.210777,-0.117380,1.069442,-0.134471,1.141716,0.359406,-2.418890,0.823497,2.111573,-0.528786,-1.356949,0.601005,-1.810395,0.660859
1246,23.020000,-0.152211,1.370090,-2.207220,-0.097521,1.088510,-0.148987,1.119582,0.386491,-2.367213,0.840557,2.114197,-0.541547,-1.344997,0.672896,-1.800333,0.744514
1247,23.040000,-0.177242,1.361749,-2.217795,-0.055417,1.103550,-0.196973,1.054227,0.406585,-2.336895,0.903073,2.137691,-0.585451,-1.322990,0.739334,-1.746975,0.820274
1248,23.060000,-0.210701,1.391904,-2.253016,-0.037174,1.072086,-0.092511,1.132669,0.405735,-2.403940,0.883024,2.140903,-0.517748,-1.288607,0.730502,-1.712942,0.820952
1249,23.080000,-0.215904,1.385538,-2.256070,-0.012224,1.053779,-0.047438,1.147331,0.383017,-2.388203,0.875475,2.132953,-0.511568,-1.305921,0.692010,-1.771116,0.783312
1250,23.100000,-0.212834,1.345933,-2.268452,0.039034,1.044894,-0.102005,1.010994,0.351148,-2.344588,0.903412,2.091289,-0.542848,-1.435905,0.644682,-1.866321,0.676190
1251,23.120000,-0.171886,1.330206,-2.267717,-0.029000,1.007311,-0.028342,1.073007,0.317986,-2.397419,0.885028,2.070274,-0.534655,-1.511857,0.560267,-1.930132,0.559402
1252,23.140000,-0.154815,1.328379,-2.256490,-0.058507,0.989904,0.034268,1.068664,0.322721,-2.423890,0.926710,2.071049,-0.594658,-1.498055,0.574270,-1.923863,0.627186
1253,23.160000,-0.164546,1.360936,-2.276981,-0.017020,0.978870,0.015294,1.036965,0.332393,-2.445770,0.997616,2.046587,-0.649323,-1.448571,0.609606,-1.857620,0.666880
1254,23.180000,-0.185054,1.326476,-2.254319,0.017709,1.000925,0.009646,0.952552,0.359713,-2.395021,1.031094,2.049578,-0.651392,-1.397173,0.728980,-1.791648,0.818198
1255,23.200000,-0.192273,1.331176,-2.272027,0.028219,1.013292,-0.049305,0.956924,0.376936,-2.352977,1.062904,2.072246,-0.663374,-1.336695,0.792505,-1.772292,0.899306
1256,23.220000,-0.193596,1.393851,-2.287175,0.025500,0.968258,0.066363,1.077708,0.350565,-2.407097,1.016821,2.066266,-0.594615,-1.328053,0.727568,-1.778238,0.838867
1257,23.240000,-0.185592,1.362027,-2.276870,-0.000972,0.962461,0.104978,1.113464,0.346338,-2.410014,0.999819,2.093928,-0.559914,-1.332418,0.741277,-1.820026,0.821162
1258,23.260000,-0.179580,1.365904,-2.301510,0.017887,0.986525,0.109418,1.120950,0.353754,-2.403964,1.006993,2.111940,-0.567593,-1.349550,0.789454,-1.816124,0.841048
1259,23.280000,-0.194723,1.370401,-2.321868,0.015477,0.968286,0.176559,1.162528,0.346656,-2.456712,0.997461,2.122223,-0.545032,-1.346456,0.802218,-1.793342,0.849347
1260,23.300000,-0.192998,1.381462,-2.314671,0.003613,0.968605,0.189190,1.196340,0.358401,-2.463006,1.000768,2.145289,-0.522487,-1.289321,0.866553,-1.751123,0.927075
1261,23.320000,-0.194311,1.385134,-2.325607,0.058883,0.945775,0.210172,1.187836,0.327396,-2.440894,0.960797,2.111315,-0.523557,-1.398835,0.786116,-1.835222,0.818692
1262,23.340000,-0.193797,1.342180,-2.326843,0.069281,0.956371,0.151095,1.117916,0.340229,-2.385058,1.004556,2.124093,-0.545476,-1.394873,0.825352,-1.835695,0.848026
1263,23.360000,-0.221197,1.370270,-2.347536,0.108934,0.903810,0.232093,1.171134,0.315508,-2.456333,0.966232,2.106453,-0.508966,-1.437662,0.743775,-1.838055,0.729524
1264,23.380000,-0.180375,1.369799,-2.343293,0.102887,0.845063,0.344861,1.213915,0.278677,-2.465857,0.952150,2.054998,-0.522695,-1.534293,0.596511,-1.925188,0.580617
1265,23.400000,-0.093389,1.401450,-2.318921,0.086513,0.792969,0.360232,1.168120,0.259606,-2.475167,0.972307,2.016948,-0.568852,-1.592674,0.527752,-1.937426,0.511453
1266,23.420000,-0.056505,1.361150,-2.303102,0.094772,0.778172,0.401143,1.182187,0.282919,-2.483930,0.977384,2.015981,-0.577921,-1.497077,0.583057,-1.814528,0.568914
1267,23.440000,-0.743349,1.629108,-2.261927,0.657558,1.159589,0.392705,1.341221,0.605602,-1.998797,0.842263,2.297999,-0.263327,-0.052160,1.799756,-0.491939,1.536590
1268,23.460000,-1.152732,1.837281,-2.265686,0.886257,1.205254,0.152340,1.592936,0.724071,-1.655696,0.575727,2.464438,0.127999,0.823306,2.267182,0.252421,1.775061
1269,23.480000,-1.379235,1.935552,-2.365602,1.073038,1.192032,-0.120841,1.775798,0.938142,-1.301155,0.316079,2.855725,0.660329,1.445561,2.681454,0.784299,1.912139
1270,23.500000,-1.531897,2.045766,-2.408946,1.203895,1.254471,-0.344320,1.936156,1.192798,-0.862119,0.059735,3.211092,1.018961,1.841359,2.979599,1.385989,2.084102
1271,23.520000,-1.585060,2.085661,-2.509427,1.268306,1.207847,-0.450850,1.983952,1.365293,-0.614214,-0.114722,3.450725,1.246600,2.013086,3.024781,1.714473,2.056829
1272,23.540000,-1.496317,2.076879,-2.486495,1.194649,1.270473,-0.508661,2.047921,1.503166,-0.269414,-0.289574,3.579669,1.384803,1.978034,3.002726,1.773199,2.101313
1273,23.560000,-1.483384,2.008300,-2.488697,1.339694,1.186301,-0.637216,1.778906,1.472495,-0.304767,-0.348177,3.539178,1.295228,1.827193,2.850841,1.582902,1.909553
1274,23.580000,-1.173673,1.964261,-2.387962,1.161581,1.219376,-0.610602,1.674008,1.454600,-0.374187,-0.421295,3.277946,1.174010,1.629886,2.617234,1.520978,1.713978
1275,23.600000,-0.921338,1.917384,-2.171765,1.032661,1.248831,-0.630078,1.527802,1.327861,-0.355921,-0.482870,2.994925,0.965718,1.353339,2.397678,1.184506,1.560101
1276,23.620000,-0.760620,1.856264,-1.977219,0.956657,1.297265,-0.675240,1.361646,1.225003,-0.354303,-0.423507,2.676346,0.623617,1.145520,2.215131,0.790647,1.587171
1277,23.640000,-0.599140,1.846548,-1.785616,0.875523,1.302407,-0.723672,1.210171,1.065495,-0.484561,-0.348462,2.359753,0.228801,0.991501,2.012529,0.403941,1.530160
1278,23.660000,-0.444360,1.874749,-1.538309,0.756187,1.301853,-0.758012,1.088983,0.958869,-0.682982,-0.262263,2.210247,-0.078563,1.064579,1.981725,0.292098,1.688455
1279,23.680000,-0.283808,1.793988,-1.297992,0.609797,1.342296,-0.934931,0.899764,0.865707,-0.662467,-0.258649,1.989910,-0.429235,1.139711,2.012205,0.162474,1.833398
1280,23.700000,-0.145845,1.686555,-0.867042,0.505059,1.354073,-1.091020,0.666175,0.798997,-0.457938,-0.351602,1.750323,-0.809634,1.229241,2.227033,0.030429,2.090070
1281,23.720000,-0.087778,1.672393,-0.547375,0.477727,1.357947,-1.189171,0.538429,0.822090,-0.337096,-0.520287,1.821177,-0.812309,1.685312,2.679920,0.234029,2.626497
1282,23.740000,-0.115693,1.738045,-0.372775,0.499502,1.313878,-1.309147,0.497460,0.760495,-0.431702,-0.641369,1.725350,-0.927686,1.986837,2.821979,0.489686,2.764882
1283,23.760000,-0.073819,1.799187,-0.371767,0.531184,1.296172,-1.348463,0.623662,0.725450,-0.553007,-0.966463,1.881115,-0.587652,2.190541,2.854033,0.795530,2.749766
1284,23.780000,-0.069084,1.817127,-0.618990,0.816947,1.319544,-1.411119,0.696283,0.688689,-0.795729,-1.455995,2.061183,-0.340560,2.238487,2.875687,1.088537,2.683059
1285,23.800000,0.019959,1.817372,-0.744351,0.850364,1.300443,-1.387378,0.848211,0.736554,-1.126356,-1.863848,2.031916,-0.247350,2.285925,2.832979,1.576375,2.482928
1286,23.820000,0.145537,1.795904,-0.989113,1.067653,1.416571,-1.330178,0.980837,0.739587,-1.291466,-2.410893,2.272153,0.173531,2.347003,2.942336,1.828974,2.478477
1287,23.840000,0.254609,1.766472,-1.210483,1.275407,1.429008,-1.319487,1.201358,0.797886,-1.343062,-3.025062,2.380304,0.525232,2.338544,2.977172,1.903638,2.411360
1288,23.860000,0.368614,1.674733,-1.265842,1.300298,1.492553,-1.249728,1.367736,0.838212,-1.382214,-3.381643,2.428749,0.674352,2.302353,2.983405,1.823542,2.414237
1289,23.880000,0.413678,1.689160,-1.257926,1.303612,1.629630,-1.158987,1.547189,0.890676,-1.305204,-3.666948,2.499913,0.813136,2.293497,3.059942,1.659520,2.572184
1290,23.900000,0.483275,1.556066,-1.328080,1.135261,1.571534,-1.068734,1.461856,0.825313,-1.397900,-3.578777,2.194419,0.329224,1.982789,2.853686,1.086286,2.436174
1291,23.920000,0.534063,1.514827,-1.238925,0.897529,1.672021,-0.930177,1.534530,0.808083,-1.409283,-3.462075,2.308102,0.489781,1.921020,2.769311,0.760114,2.549451
1292,23.940000,0.522828,1.510567,-1.123770,0.651695,1.665241,-0.933042,1.576930,0.774805,-1.485839,-3.288877,2.386656,0.450506,1.946749,2.747704,0.691472,2.762799
1293,23.960000,0.483981,1.415389,-0.987687,0.356103,1.575101,-0.996233,1.474560,0.710713,-1.604397,-2.982910,2.305617,0.210852,1.946955,2.621267,0.760486,2.863574
1294,23.980000,0.410937,1.422284,-0.851259,0.206381,1.594298,-1.041902,1.388360,0.688506,-1.498205,-2.783427,2.317297,0.133324,2.007133,2.542206,0.898371,2.914495
1295,24.000000,0.368377,1.371108,-0.808106,-0.101219,1.456298,-1.094648,1.353201,0.634877,-1.722782,-2.553644,2.271428,-0.112495,2.025941,2.508231,1.070250,2.952150
1296,24.020000,0.363728,1.357705,-0.686599,-0.321497,1.469034,-1.089554,1.365866,0.606795,-1.561840,-2.467482,2.267917,-0.083651,1.985376,2.409961,1.150068,2.914394
1297,24.040000,0.368634,1.293225,-0.658434,-0.552342,1.398059,-1.128455,1.263353,0.567905,-1.512758,-2.260528,2.165700,-0.369270,1.873441,2.249636,1.155958,2.767528
1298,24.060000,0.410352,1.144900,-0.616957,-0.709434,1.313637,-1.138820,1.088681,0.474036,-1.413673,-2.208467,2.122839,-0.412948,1.704381,2.016847,1.063156,2.564522
1299,24.080000,0.420710,1.066276,-0.574764,-0.947193,1.236490,-1.141261,0.973899,0.418205,-1.389551,-2.036023,2.027086,-0.685387,1.546803,1.859871,0.924896,2.429767
1300,24.100000,0.398029,1.005380,-0.607133,-1.177248,1.239111,-1.115738,0.831033,0.388772,-1.443774,-1.754711,2.081664,-0.772412,1.605419,1.922905,0.920509,2.569995
1301,24.120000,0.369783,0.985328,-0.698829,-1.405800,1.220544,-1.094631,0.722891,0.357666,-1.451491,-1.496309,2.047593,-0.887170,1.659201,1.970403,0.929335,2.685387
1302,24.140000,0.391362,0.940137,-0.776531,-1.871192,1.124447,-0.999861,0.704798,0.298660,-1.576003,-1.218073,1.930275,-1.103824,1.583491,1.899995,0.940986,2.605636
1303,24.160000,0.389102,0.971025,-0.912908,-2.205966,1.152101,-0.888242,0.732787,0.259938,-1.632665,-0.973167,2.053725,-0.947023,1.601369,1.924796,0.927033,2.648607
1304,24.180000,0.375230,0.987761,-0.832083,-2.508394,1.159640,-0.884850,0.753955,0.286983,-1.480510,-0.767684,2.094130,-0.978790,1.598224,1.916748,0.970316,2.751075
1305,24.200000,0.380132,0.929264,-0.919582,-2.853211,1.129403,-0.858024,0.741219,0.286939,-1.450427,-0.501899,2.137617,-0.970195,1.619754,1.834139,1.063592,2.769230
1306,24.220000,0.358698,0.898993,-1.122203,-3.007535,1.119950,-0.777299,0.686598,0.285428,-1.475943,-0.330263,2.160859,-0.975128,1.639242,1.791974,1.150778,2.740283
1307,24.240000,0.395463,0.875268,-1.044030,-3.131864,1.125975,-0.775605,0.658720,0.289967,-1.327102,-0.294887,2.114290,-1.069123,1.537778,1.699278,1.073535,2.672410
1308,24.260000,0.369193,0.873945,-1.032825,-3.195021,1.152226,-0.747137,0.603608,0.307619,-1.271097,-0.210206,2.217551,-0.969347,1.550511,1.757334,1.034110,2.733154
1309,24.280000,0.353597,0.911106,-1.057417,-3.323486,1.112758,-0.667387,0.654870,0.335098,-1.357927,-0.176867,2.248058,-0.859811,1.659727,1.804173,1.125231,2.770435
1310,24.300000,0.381472,0.921767,-0.935540,-3.406026,1.111015,-0.704239,0.711880,0.330838,-1.187783,-0.222691,2.199257,-0.859880,1.625160,1.708126,1.068645,2.671474
1311,24.320000,0.379759,0.952388,-0.918514,-3.397509,1.120789,-0.701174,0.699117,0.368482,-1.166988,-0.265560,2.096769,-1.117218,1.572475,1.710593,1.093996,2.646979
1312,24.340000,0.332659,0.984232,-0.933075,-3.298479,1.151963,-0.692409,0.695795,0.409388,-1.109209,-0.238172,2.186324,-0.943296,1.699754,1.759616,1.122045,2.727754
1313,24.360000,0.316103,1.039194,-0.880043,-3.123908,1.190844,-0.763703,0.696029,0.428820,-1.013907,-0.421502,2.236439,-0.798762,1.827646,1.814097,1.093807,2.787591
1314,24.380000,0.297606,1.083313,-0.965888,-3.037704,1.201058,-0.726240,0.757763,0.474318,-1.127255,-0.486764,2.330623,-0.596166,1.991247,1.903870,1.190094,2.831354
1315,24.400000,0.291724,1.164482,-0.897941,-2.883195,1.243889,-0.805426,0.865325,0.531362,-1.033571,-0.663475,2.370274,-0.459054,2.119288,1.973148,1.301391,2.866417
1316,24.420000,0.301515,1.166919,-0.862530,-2.670820,1.246777,-0.901630,0.852057,0.543104,-0.952594,-0.900171,2.276731,-0.515960,2.087829,1.957147,1.298407,2.772899
1317,24.440000,0.261546,1.174075,-0.915965,-2.442056,1.247859,-0.908857,0.889438,0.587697,-1.029812,-1.044652,2.343934,-0.346520,2.164439,2.011992,1.383710,2.735431
1318,24.460000,0.268401,1.272527,-0.763344,-2.106259,1.294319,-0.991484,0.982304,0.621739,-0.946606,-1.424325,2.329903,-0.226613,2.238523,2.054389,1.415167,2.657501
1319,24.480000,0.286367,1.287587,-0.666201,-1.651122,1.324942,-1.065801,0.998405,0.643895,-0.911491,-1.849443,2.369433,-0.068311,2.272000,2.105710,1.422718,2.598556
1320,24.500000,0.238999,1.260039,-0.562318,-0.968633,1.273070,-1.243419,0.885521,0.644689,-0.935825,-2.382989,2.275372,-0.061210,2.225965,2.055575,1.379748,2.422803
1321,24.520000,0.230184,1.359870,-0.388062,-0.322810,1.268996,-1.288386,0.982334,0.663842,-1.065707,-3.045910,2.279102,0.183912,2.260763,2.139704,1.349803,2.248360
1322,24.540000,0.178213,1.382986,-0.208354,0.322965,1.242483,-1.390636,0.992112,0.707128,-1.141192,-3.606863,2.139380,0.167560,2.228209,2.135270,1.335509,2.009555
1323,24.560000,0.187594,1.406710,-0.147575,0.986432,1.298314,-1.461350,0.980243,0.724348,-1.164616,-4.129885,2.153319,0.299462,2.300905,2.207829,1.328102,1.998672
1324,24.580000,0.176930,1.430774,-0.187275,1.493523,1.339450,-1.538239,0.947808,0.782381,-1.166554,-4.474516,2.181871,0.327937,2.421305,2.286870,1.377019,2.175832
1325,24.600000,0.174096,1.481431,-0.175790,1.650249,1.296926,-1.602667,1.055546,0.828957,-1.244500,-4.627878,2.147334,0.335709,2.490313,2.314287,1.422570,2.297417
1326,24.620000,0.195106,1.490822,-0.186309,1.678078,1.300845,-1.624650,1.148818,0.865238,-1.214526,-4.634205,2.202741,0.354691,2.521430,2.382431,1.386103,2.487998
1327,24.640000,0.166372,1.503419,-0.307158,1.690477,1.315595,-1.640357,1.215935,0.904011,-1.138686,-4.546193,2.157845,0.302945,2.575114,2.376138,1.367999,2.601850
1328,24.660000,0.176204,1.520298,-0.326757,1.519702,1.378634,-1.604695,1.271311,0.937999,-1.158917,-4.314551,2.181503,0.254685,2.655927,2.352340,1.505126,2.718760
1329,24.680000,0.240453,1.481635,-0.321348,1.368922,1.369963,-1.564189,1.283689,0.892739,-1.148830,-4.180509,2.155356,0.226969,2.551678,2.272191,1.413553,2.669498
1330,24.700000,0.275841,1.410435,-0.241271,1.228130,1.318354,-1.545737,1.220274,0.826410,-1.189324,-4.040514,2.115343,0.065124,2.399741,2.184451,1.220836,2.621875
1331,24.720000,0.307790,1.390333,-0.180059,0.960423,1.310333,-1.488742,1.277690,0.781174,-1.279610,-3.881596,2.126184,0.056489,2.283965,2.140528,1.149777,2.575604
1332,24.740000,0.315499,1.336253,-0.079921,0.717771,1.266350,-1.439436,1.240103,0.700488,-1.362763,-3.724069,2.046605,-0.151336,2.130801,2.071704,1.040108,2.509691
1333,24.760000,0.391690,1.217585,-0.053811,0.504620,1.239956,-1.367950,1.169040,0.585503,-1.442380,-3.613303,2.029078,-0.163085,1.944484,1.958766,0.916646,2.395936
1334,24.780000,0.404348,1.152113,0.006287,0.317691,1.188107,-1.334749,1.085076,0.486634,-1.489928,-3.550930,1.977383,-0.328668,1.774898,1.869569,0.776148,2.293209
1335,24.800000,0.428174,1.109857,-0.007428,0.053440,1.225991,-1.268938,1.086807,0.429593,-1.599002,-3.430120,2.089715,-0.346667,1.795230,1.977105,0.779623,2.509953
1336,24.820000,0.403304,1.056074,-0.145941,-0.179105,1.155470,-1.287675,1.018924,0.398149,-1.700215,-3.232847,2.078591,-0.458800,1.835098,2.030080,0.840727,2.615239
1337,24.840000,0.367197,1.089940,-0.197680,-0.428174,1.215033,-1.249833,1.032314,0.402729,-1.623757,-3.041601,2.128112,-0.436371,1.942769,2.069350,0.966510,2.724165
1338,24.860000,0.344939,1.041164,-0.328554,-0.670215,1.182090,-1.249291,0.986259,0.395496,-1.597663,-2.853887,2.114015,-0.508782,1.923046,2.000637,0.997144,2.707649
1339,24.880000,0.344655,1.039949,-0.446528,-1.060605,1.179995,-1.206007,1.014144,0.426257,-1.617636,-2.500922,2.170357,-0.565741,1.995231,1.970446,1.142084,2.807044
1340,24.900000,0.339749,1.021315,-0.598551,-1.504554,1.168351,-1.148265,1.035829,0.460486,-1.599905,-2.097345,2.198251,-0.628018,2.014100,1.941229,1.276995,2.898740
1341,24.920000,0.350171,1.018847,-0.728558,-1.882048,1.151829,-1.101128,1.010066,0.438344,-1.529739,-1.820945,2.202906,-0.639844,1.924583,1.832627,1.261680,2.851825
1342,24.940000,0.393316,0.978672,-0.760908,-2.339271,1.163710,-1.022676,1.012207,0.437433,-1.384898,-1.476856,2.222456,-0.728440,1.794744,1.694664,1.154452,2.837407
1343,24.960000,0.440264,0.885173,-0.797855,-2.873358,1.072290,-0.940360,0.908390,0.400096,-1.336755,-1.037482,2.056560,-1.188257,1.521773,1.469008,1.025642,2.711391
1344,24.980000,0.450647,0.840057,-0.904101,-3.190433,1.100281,-0.815044,0.786745,0.377301,-1.267926,-0.673192,2.155108,-1.156603,1.396545,1.404496,0.920498,2.763641
1345,25.000000,0.455667,0.849084,-0.828247,-3.577430,1.066215,-0.738432,0.804470,0.362941,-1.232158,-0.387253,2.199561,-1.234394,1.310428,1.397475,0.868382,2.800622
1346,25.020000,0.470201,0.753341,-0.784436,-3.905910,0.979472,-0.691392,0.726330,0.310030,-1.299529,-0.126324,2.143969,-1.404980,1.129788,1.314190,0.857347,2.691694
1347,25.040000,0.438805,0.723793,-0.786402,-3.957944,0.988090,-0.677274,0.649079,0.301359,-1.193693,0.026201,2.050061,-1.668876,0.985612,1.302263,0.766776,2.581582
1348,25.060000,0.396502,0.771313,-0.757257,-4.043901,1.005312,-0.561277,0.642411,0.341238,-1.360376,0.145540,2.216166,-1.422756,1.144930,1.458682,0.932382,2.646896
1349,25.080000,0.398703,0.774039,-0.707371,-4.123614,0.976010,-0.563385,0.646152,0.314242,-1.283838,0.155105,2.229710,-1.319424,1.272598,1.457192,0.964501,2.594681
1350,25.100000,0.371723,0.778371,-0.805655,-4.067848,1.008831,-0.602529,0.591880,0.359059,-1.290834,0.203214,2.251855,-1.329768,1.360126,1.496551,1.060970,2.625887
1351,25.120000,0.381369,0.840443,-0.792866,-4.076141,1.008978,-0.590329,0.648867,0.404081,-1.240930,0.117898,2.224667,-1.297166,1.456788,1.505515,1.182623,2.599464
1352,25.140000,0.344334,0.929682,-0.904906,-3.938015,1.075326,-0.531988,0.680819,0.475934,-1.274311,0.098377,2.342665,-1.089999,1.655640,1.633235,1.330749,2.684678
1353,25.160000,0.263705,0.966331,-0.941438,-3.757478,1.097589,-0.706230,0.690646,0.525211,-1.077826,0.044750,2.319495,-1.054329,1.759317,1.650285,1.308643,2.739214
1354,25.180000,0.313092,0.944346,-0.946354,-3.562811,1.124871,-0.814112,0.626550,0.524692,-0.942923,-0.140257,2.254572,-1.058989,1.752126,1.579515,1.216737,2.664974
1355,25.200000,0.280808,1.019222,-0.879551,-3.491268,1.132814,-0.864727,0.711188,0.566986,-0.811658,-0.244233,2.310791,-0.846005,1.834662,1.594005,1.195812,2.609764
1356,25.220000,0.316375,1.076258,-0.742146,-3.300971,1.163568,-0.873628,0.721194,0.568627,-0.720545,-0.495459,2.296200,-0.713742,1.898131,1.581153,1.145716,2.525782
1357,25.240000,0.328037,1.005799,-0.678853,-3.073530,1.134826,-0.994396,0.602703,0.505710,-0.638525,-0.653612,2.078176,-1.084409,1.723908,1.474497,1.014204,2.381263
1358,25.260000,0.370007,1.112537,-0.544505,-2.882582,1.192417,-0.902996,0.694696,0.526139,-0.653685,-0.919215,2.179683,-0.706133,1.853510,1.577710,1.009500,2.368196
1359,25.280000,0.365897,1.147324,-0.475284,-2.564934,1.193582,-0.976445,0.693314,0.515481,-0.687121,-1.252188,2.155825,-0.651036,1.973238,1.660393,1.018238,2.348583
1360,25.300000,0.382114,1.173046,-0.385484,-2.212959,1.188139,-1.000732,0.750431,0.518193,-0.701938,-1.663394,2.172372,-0.317993,2.133900,1.688060,1.137295,2.224380
1361,25.320000,0.349297,1.230922,-0.401843,-1.685587,1.173461,-1.084112,0.779706,0.542928,-0.916470,-2.184130,2.164399,-0.198277,2.280255,1.839229,1.337664,2.170645
1362,25.340000,0.300131,1.273937,-0.468123,-0.836302,1.268988,-1.196553,0.803803,0.591456,-1.029268,-2.799467,2.239461,0.101281,2.457551,2.003251,1.508312,2.171854
1363,25.360000,0.211977,1.398745,-0.372028,0.034418,1.298964,-1.356561,0.938819,0.685538,-1.114488,-3.616494,2.254129,0.461354,2.557659,2.182580,1.692148,2.057440
1364,25.380000,0.123123,1.286532,-0.426465,0.929766,1.261274,-1.535961,0.921407,0.758507,-1.281094,-4.232064,2.182456,0.498102,2.525497,2.254786,1.754167,1.910254
1365,25.400000,0.111012,1.490228,-0.376047,1.736669,1.402123,-1.599501,1.000811,0.859396,-1.140155,-4.902339,2.182490,0.764469,2.474814,2.340336,1.723299,1.937592
1366,25.420000,0.119593,1.508644,-0.350761,2.042892,1.386772,-1.740075,1.088608,0.971648,-1.048172,-5.124568,2.219565,0.719335,2.455869,2.359865,1.559788,2.164721
1367,25.440000,0.114787,1.524433,-0.377755,2.149358,1.373836,-1.769226,1.122607,1.045718,-0.889797,-5.082019,2.121334,0.608205,2.470375,2.232776,1.320373,2.303375
1368,25.460000,0.108290,1.568025,-0.300547,2.093032,1.404119,-1.767179,1.191260,1.114056,-0.692286,-4.908295,2.106612,0.555517,2.601406,2.120981,1.207640,2.430117
1369,25.480000,0.106187,1.535102,-0.107472,1.779390,1.282639,-1.836629,1.236961,1.089655,-0.641629,-4.622455,2.106420,0.353232,2.582075,2.017191,0.924297,2.532830
1370,25.500000,0.123151,1.541338,0.005105,1.515826,1.279855,-1.712264,1.233416,0.990526,-0.689645,-4.337051,2.019438,0.207860,2.528488,1.968828,0.800021,2.504589
1371,25.520000,0.131331,1.541695,0.089317,1.461275,1.328297,-1.690867,1.111576,0.863638,-0.761675,-4.180292,2.049446,0.106020,2.566440,1.961554,0.847533,2.521338
1372,25.540000,0.165476,1.459020,0.148522,1.194982,1.226265,-1.640510,1.070392,0.733322,-0.968658,-3.999199,1.927271,-0.092006,2.411994,1.918758,0.884525,2.365438
1373,25.560000,0.246369,1.305866,0.139400,1.090505,1.229461,-1.592046,0.960718,0.602529,-1.170497,-3.886579,1.986801,-0.153474,2.274657,1.947474,0.939983,2.342399
1374,25.580000,0.266446,1.363778,0.154269,0.920099,1.244281,-1.489478,0.992606,0.508295,-1.328001,-3.843330,1.940420,-0.251120,2.057129,2.042993,0.921414,2.359682
1375,25.600000,0.308167,1.277248,0.113422,0.759992,1.267242,-1.437302,1.020250,0.441003,-1.467659,-3.833284,2.047517,-0.176800,1.946891,2.148724,0.901179,2.498326
1376,25.620000,0.319180,1.196114,-0.030546,0.593419,1.230742,-1.416351,0.985816,0.406632,-1.610991,-3.688562,2.004673,-0.329980,1.838068,2.158807,0.901601,2.544008
1377,25.640000,0.334005,1.140430,-0.091558,0.465019,1.248422,-1.385317,0.993107,0.369408,-1.660858,-3.677946,2.050923,-0.246815,1.778793,2.117539,0.900289,2.547189
1378,25.660000,0.329236,1.106367,-0.191744,0.188508,1.212923,-1.364533,1.063689,0.403575,-1.783580,-3.497527,2.095121,-0.281556,1.784220,2.106025,1.032699,2.570573
1379,25.680000,0.291516,1.052806,-0.281754,0.050543,1.235236,-1.394477,0.942142,0.451420,-1.670776,-3.244142,2.110682,-0.374559,1.823074,2.029475,1.117689,2.659089
1380,25.700000,0.340470,1.005121,-0.465770,-0.511056,1.161746,-1.299226,1.085934,0.458908,-1.786880,-2.893551,2.102371,-0.443703,1.826471,1.925896,1.208782,2.644750
1381,25.720000,0.351451,0.978264,-0.538601,-0.937086,1.185286,-1.220465,1.053954,0.461573,-1.633931,-2.586274,2.138550,-0.477294,1.757729,1.802500,1.123852,2.644720
1382,25.740000,0.389868,0.974580,-0.646207,-1.469972,1.224789,-1.117688,1.032924,0.471235,-1.481159,-2.103877,2.157150,-0.640814,1.677158,1.727490,0.962122,2.755214
1383,25.760000,0.447862,0.945135,-0.764686,-2.320538,1.197266,-0.971990,1.130617,0.461336,-1.458681,-1.485634,2.243882,-0.785763,1.642894,1.636372,0.899770,2.962201
1384,25.780000,0.455014,0.917576,-0.935052,-2.912220,1.205847,-0.866533,1.018651,0.440003,-1.398677,-0.916286,2.269365,-0.998501,1.490699,1.542930,0.863761,3.100788
1385,25.800000,0.453776,0.848872,-0.972130,-3.354421,1.166692,-0.828940,0.879256,0.417440,-1.256651,-0.449453,2.220112,-1.328348,1.233584,1.423282,0.801832,3.086557
1386,25.820000,0.473634,0.776843,-0.915812,-3.792454,1.066210,-0.714717,0.838477,0.381917,-1.350858,-0.148801,2.169982,-1.604042,0.966125,1.350595,0.769448,2.922598
1387,25.840000,0.454529,0.740077,-0.842243,-4.040113,1.007903,-0.654281,0.800808,0.344789,-1.325150,0.118991,2.262114,-1.526195,0.917440,1.311440,0.746442,2.796269
1388,25.860000,0.446246,0.676731,-0.779918,-4.144960,0.958394,-0.657079,0.728203,0.344356,-1.388872,0.212201,2.148241,-1.815630,0.791945,1.330068,0.738750,2.644785
1389,25.880000,0.424018,0.671378,-0.700758,-4.272092,0.922066,-0.544037,0.728888,0.346257,-1.501545,0.366987,2.250960,-1.630253,0.886691,1.334694,0.782524,2.560233
1390,25.900000,0.392735,0.704883,-0.705195,-4.277021,0.925343,-0.518766,0.703242,0.350415,-1.548005,0.378566,2.309070,-1.509335,1.014336,1.397069,0.881586,2.539125
1391,25.920000,0.371563,0.726216,-0.751333,-4.244366,0.975607,-0.517776,0.683409,0.409990,-1.500972,0.422835,2.354432,-1.531076,1.138848,1.443132,0.974893,2.627691
1392,25.940000,0.347376,0.790149,-0.848321,-4.188726,0.993468,-0.484174,0.695632,0.465279,-1.542962,0.388363,2.376949,-1.441032,1.296100,1.508153,1.125238,2.666577
1393,25.960000,0.351299,0.841441,-0.879407,-4.067173,1.007094,-0.535235,0.734407,0.493275,-1.392247,0.214708,2.320208,-1.391665,1.386628,1.471539,1.127729,2.575289
1394,25.980000,0.351435,0.883291,-0.900459,-3.927210,1.025511,-0.667249,0.722235,0.540160,-1.292661,0.057917,2.203698,-1.419276,1.443805,1.441121,1.160521,2.440339
1395,26.000000,0.343461,0.952438,-0.892755,-3.788621,1.071030,-0.698864,0.718579,0.599336,-1.093587,0.000022,2.321510,-1.149677,1.695711,1.525119,1.251674,2.498708
1396,26.020000,0.296039,1.062299,-0.872402,-3.630552,1.125751,-0.755054,0.764972,0.647162,-0.931058,-0.182039,2.346437,-0.920053,1.951373,1.617336,1.319087,2.582862
1397,26.040000,0.308312,1.100660,-0.758385,-3.473468,1.154658,-0.856130,0.800326,0.678386,-0.675174,-0.409626,2.286002,-0.902629,2.069069,1.599996,1.347575,2.613032
1398,26.060000,0.257939,1.192787,-0.794837,-3.131415,1.260762,-0.900868,0.800872,0.736044,-0.576415,-0.611048,2.408341,-0.675913,2.229099,1.758652,1.347975,2.751504
1399,26.080000,0.218198,1.282024,-0.778212,-2.739913,1.280147,-0.924508,0.804389,0.763554,-0.572063,-0.984126,2.393828,-0.485744,2.364527,1.881524,1.392011,2.771368
1400,26.100000,0.219006,1.347869,-0.692869,-2.244496,1.329766,-1.041036,0.895805,0.816894,-0.524650,-1.418437,2.462450,-0.188044,2.541384,1.969958,1.485268,2.702493
1401,26.120000,0.199138,1.401665,-0.610322,-1.655881,1.347756,-1.143437,0.979103,0.864143,-0.551497,-1.970785,2.462110,0.031813,2.650178,2.066205,1.601072,2.595908
1402,26.140000,0.185208,1.361823,-0.596193,-0.942690,1.331935,-1.245906,1.000608,0.883924,-0.629110,-2.577355,2.445379,0.207169,2.676809,2.135915,1.682150,2.452487
1403,26.160000,0.139184,1.351949,-0.546893,0.073153,1.314131,-1.443639,0.905123,0.868138,-0.820283,-3.293650,2.326130,0.257876,2.572228,2.147070,1.648057,2.173618
1404,26.180000,0.115213,1.481989,-0.426444,0.979670,1.366254,-1.506876,0.994192,0.899101,-0.898100,-4.079855,2.286570,0.537728,2.467699,2.252415,1.510845,2.002370
1405,26.200000,0.099463,1.523716,-0.368831,1.575407,1.359890,-1.642435,1.050926,0.952755,-1.007826,-4.538394,2.276796,0.595910,2.490102,2.331809,1.485028,2.033518
1406,26.220000,0.145677,1.536120,-0.314705,1.867774,1.385911,-1.695599,1.088009,0.989688,-1.030734,-4.773295,2.251078,0.548163,2.497668,2.378912,1.365403,2.308188
1407,26.240000,0.120071,1.553410,-0.279374,2.143069,1.406509,-1.732668,1.056175,1.006052,-0.844417,-4.911057,2.137188,0.560641,2.506304,2.196802,1.276407,2.281001
1408,26.260000,0.111171,1.559318,-0.169343,2.035829,1.329977,-1.757877,1.153448,1.038992,-0.780577,-4.808632,2.100881,0.458823,2.549493,2.095672,1.198374,2.312146
1409,26.280000,0.164878,1.499081,-0.105678,1.850193,1.287564,-1.729187,1.167817,0.961129,-0.812678,-4.670085,2.068567,0.324645,2.479010,2.064286,0.970724,2.390181
1410,26.300000,0.157696,1.499572,-0.007292,1.793831,1.300457,-1.715026,1.093568,0.899822,-0.829745,-4.504179,2.051182,0.192788,2.497120,2.077363,0.927662,2.497998
1411,26.320000,0.129371,1.510857,0.045674,1.589078,1.250665,-1.645846,1.103387,0.808341,-0.980251,-4.322417,1.911663,0.042710,2.457658,2.034952,0.984734,2.366036
1412,26.340000,0.197463,1.443842,0.084689,1.418321,1.297662,-1.561533,1.090048,0.716045,-1.072311,-4.227496,2.018188,0.062396,2.457674,2.136789,1.058837,2.501439
1413,26.360000,0.228841,1.415140,0.061119,1.249996,1.244854,-1.538777,1.077360,0.621045,-1.251701,-4.113024,1.957587,-0.083942,2.307643,2.192674,1.070869,2.494968
1414,26.380000,0.300450,1.312662,-0.072351,1.041185,1.278717,-1.447712,1.116084,0.574255,-1.381931,-3.963883,2.032099,-0.088587,2.300296,2.256980,1.169342,2.608668
1415,26.400000,0.295313,1.324827,-0.064508,0.900133,1.285414,-1.430592,1.101544,0.513458,-1.468728,-3.898197,2.006177,-0.168532,2.149987,2.300554,1.149284,2.652976
1416,26.420000,0.334430,1.258107,-0.140664,0.738205,1.296351,-1.395995,1.120931,0.479133,-1.588169,-3.839179,2.128366,-0.115150,2.092259,2.407131,1.122417,2.802539
1417,26.440000,0.305784,1.210818,-0.223965,0.542408,1.235311,-1.403453,1.148936,0.488458,-1.677204,-3.689170,2.138317,-0.160448,2.059099,2.403550,1.159172,2.814576
1418,26.460000,0.327283,1.122403,-0.288630,0.285627,1.203078,-1.384038,1.174589,0.492777,-1.737377,-3.496747,2.161753,-0.169307,2.011589,2.316816,1.271499,2.757391
1419,26.480000,0.316058,1.071154,-0.299973,0.136026,1.172791,-1.387805,1.101605,0.487452,-1.602580,-3.407012,2.090476,-0.239311,1.881648,2.101989,1.215480,2.558626
1420,26.500000,0.361839,1.033637,-0.302305,-0.302131,1.153033,-1.284477,1.188084,0.485819,-1.679998,-3.208988,2.156204,-0.258494,1.875180,2.053800,1.237897,2.586279
1421,26.520000,0.391343,1.005794,-0.349559,-0.778091,1.134947,-1.197290,1.191194,0.483299,-1.600599,-2.876881,2.161246,-0.394336,1.893705,2.016138,1.229316,2.713506
1422,26.540000,0.409842,0.950463,-0.487929,-1.394627,1.117887,-1.104900,1.084794,0.468656,-1.477399,-2.348669,1.986375,-0.870177,1.761775,1.829328,1.036919,2.717614
1423,26.560000,0.455556,0.943278,-0.600296,-2.110664,1.187696,-0.944396,1.084300,0.456802,-1.395723,-1.771766,2.147759,-0.869995,1.766557,1.782074,0.939699,2.966090
1424,26.580000,0.474010,0.855614,-0.684099,-2.801684,1.056743,-0.895053,0.946628,0.385988,-1.306193,-1.204157,2.006833,-1.275942,1.534538,1.554825,0.828096,2.883256
1425,26.600000,0.462276,0.832553,-0.766720,-3.306189,1.094378,-0.793275,0.860170,0.377714,-1.215285,-0.636448,2.171541,-1.311049,1.441212,1.504112,0.833734,2.986006
1426,26.620000,0.429189,0.825382,-0.780948,-3.720964,1.044585,-0.719021,0.819014,0.377801,-1.219044,-0.232266,2.246425,-1.406179,1.377406,1.533161,0.939346,3.057545
1427,26.640000,0.425573,0.745285,-0.840248,-4.008176,0.983944,-0.617467,0.737168,0.359518,-1.373560,0.007330,2.252802,-1.492228,1.336312,1.549001,1.093565,2.984870
1428,26.660000,0.420011,0.754451,-0.790118,-4.098189,0.989644,-0.601620,0.726145,0.365608,-1.275684,0.105087,2.243323,-1.564473,1.240043,1.547344,1.132071,2.894704
1429,26.680000,0.358124,0.720682,-0.798368,-4.088449,0.978997,-0.662012,0.598130,0.376140,-1.295159,0.223145,2.233748,-1.609289,1.212528,1.589566,1.140333,2.834159
1430,26.700000,0.348628,0.730142,-0.759801,-4.165217,0.954954,-0.598205,0.635484,0.390834,-1.295868,0.244925,2.214690,-1.591564,1.257443,1.529459,1.177416,2.724966
1431,26.720000,0.371340,0.755168,-0.797218,-4.147288,0.967898,-0.499039,0.632486,0.420407,-1.367556,0.228435,2.262031,-1.534384,1.329406,1.564082,1.200318,2.690846
1432,26.740000,0.381878,0.749277,-0.804877,-4.107335,0.968305,-0.542337,0.613018,0.422043,-1.250749,0.156646,2.145575,-1.646961,1.278462,1.474164,1.103892,2.563341
1433,26.760000,0.312004,0.801718,-0.886159,-3.943969,1.019083,-0.529423,0.539510,0.457397,-1.213253,0.197994,2.277048,-1.432271,1.382575,1.523687,1.043227,2.624123
1434,26.780000,0.278999,0.875179,-0.894941,-3.940005,1.015954,-0.541244,0.612776,0.503197,-1.175866,0.178560,2.319541,-1.287347,1.551981,1.542443,1.085770,2.697582
1435,26.800000,0.303279,0.893346,-0.914492,-3.921209,1.038437,-0.567809,0.667644,0.529802,-1.120984,0.149564,2.344197,-1.151714,1.702130,1.519078,1.142750,2.698841
1436,26.820000,0.287401,0.948225,-0.935072,-3.753697,1.112746,-0.674110,0.659584,0.570565,-0.980101,0.053815,2.311565,-1.210689,1.754322,1.577538,1.172049,2.771285
1437,26.840000,0.282795,1.024252,-0.915129,-3.677525,1.131132,-0.684538,0.735668,0.585748,-0.899538,-0.081136,2.348808,-0.958506,1.862840,1.597268,1.233519,2.718060
1438,26.860000,0.310085,1.047921,-0.852134,-3.532759,1.168859,-0.740579,0.776926,0.609137,-0.793393,-0.250497,2.375098,-0.827901,1.955453,1.623592,1.283331,2.684987
1439,26.880000,0.376522,1.091907,-0.757978,-3.423420,1.184396,-0.788643,0.835070,0.627591,-0.730679,-0.477852,2.287534,-0.816590,1.965418,1.603465,1.352020,2.608466
1440,26.900000,0.356851,1.143194,-0.716779,-3.223055,1.254160,-0.788364,0.878929,0.663968,-0.674160,-0.595128,2.358267,-0.686004,2.037890,1.727956,1.380509,2.716733
1441,26.920000,0.366306,1.180064,-0.673527,-2.878835,1.259333,-0.888949,0.877151,0.655457,-0.576969,-0.990185,2.303422,-0.515612,2.086669,1.724396,1.341373,2.599196
1442,26.940000,0.361221,1.174719,-0.696710,-2.483920,1.242149,-0.946519,0.862206,0.650037,-0.692833,-1.343122,2.345087,-0.317913,2.189591,1.780652,1.371403,2.466556
1443,26.960000,0.351329,1.265709,-0.553032,-1.982284,1.273454,-1.015656,0.938104,0.677041,-0.680072,-1.875759,2.338000,-0.124790,2.306475,1.898054,1.411551,2.399053
1444,26.980000,0.327663,1.269642,-0.509369,-1.240487,1.297399,-1.141094,0.916394,0.658452,-0.750331,-2.497681,2.317825,0.035295,2.331774,1.994335,1.369367,2.262161
1445,27.000000,0.293211,1.196198,-0.452347,-0.554496,1.193979,-1.285745,0.924603,0.688968,-0.962734,-3.086671,2.213875,0.110267,2.352125,2.030260,1.457692,2.078266
1446,27.020000,0.200924,1.392934,-0.326513,0.429507,1.353009,-1.345001,0.980513,0.741654,-1.041236,-3.842601,2.217598,0.398836,2.412977,2.236620,1.482780,2.037853
1447,27.040000,0.145735,1.457330,-0.351603,1.322924,1.371370,-1.532198,1.006883,0.825134,-1.110607,-4.493397,2.181981,0.561214,2.503798,2.333299,1.568532,2.039596
1448,27.060000,0.135945,1.472819,-0.321890,1.889949,1.365666,-1.669386,0.974838,0.888069,-1.142762,-4.869985,2.155847,0.587786,2.551046,2.303777,1.568458,2.106417
1449,27.080000,0.116757,1.491816,-0.268463,2.215809,1.354488,-1.777008,0.994942,0.991398,-1.032508,-5.011545,2.134979,0.561184,2.624131,2.225900,1.584849,2.236684
1450,27.100000,0.068149,1.500462,-0.297142,2.177189,1.241486,-1.788934,1.013650,1.024883,-1.026114,-4.848611,1.863550,0.205860,2.550860,2.039243,1.400307,2.112906
1451,27.120000,0.129402,1.524398,-0.198410,2.032808,1.317158,-1.714212,1.104408,1.017514,-0.823445,-4.735249,1.926793,0.264327,2.569466,1.983025,1.183096,2.221279
1452,27.140000,0.162454,1.517703,-0.001609,1.742058,1.272493,-1.718367,1.164131,0.973034,-0.696289,-4.554301,2.014675,0.132276,2.490352,2.027396,0.806307,2.503659
1453,27.160000,0.177520,1.473231,0.088692,1.542255,1.259391,-1.658736,1.049981,0.837456,-0.810514,-4.298054,1.985023,-0.040686,2.512063,2.040284,0.703124,2.629301
1454,27.180000,0.149454,1.446383,0.203699,1.373528,1.206063,-1.640685,1.081976,0.759299,-0.835255,-4.193309,1.935228,0.042968,2.475415,1.987873,0.796205,2.464333
1455,27.200000,0.161528,1.375772,0.215093,1.213917,1.186630,-1.599593,1.001830,0.644382,-1.064810,-4.044827,1.898519,-0.126400,2.390046,1.988801,0.942367,2.320664
1456,27.220000,0.242640,1.360268,0.196140,1.144206,1.246754,-1.492854,1.028247,0.535076,-1.200430,-4.116234,1.970298,-0.036989,2.262814,2.117532,0.998964,2.400697
1457,27.240000,0.270028,1.314242,0.086490,1.040777,1.207232,-1.460061,0.999474,0.461242,-1.475573,-4.061862,1.980569,-0.167627,2.134587,2.256487,1.034744,2.462859
1458,27.260000,0.309873,1.271240,-0.018858,0.988911,1.292762,-1.392657,1.032007,0.432034,-1.523472,-4.077705,2.059409,-0.063552,2.071018,2.343740,1.046821,2.618786
1459,27.280000,0.294892,1.164515,-0.234467,0.876068,1.246368,-1.411015,0.965948,0.443462,-1.634036,-3.860945,2.007415,-0.249675,1.997751,2.305545,1.093178,2.606537
1460,27.300000,0.299240,1.168725,-0.244887,0.660165,1.253502,-1.356689,1.098180,0.448209,-1.677788,-3.808128,2.055769,-0.096797,1.943837,2.265884,1.165787,2.610208
1461,27.320000,0.283050,1.080017,-0.332158,0.580189,1.235337,-1.371566,0.960366,0.479797,-1.583995,-3.615060,2.005776,-0.278001,1.870541,2.148837,1.092972,2.553104
1462,27.340000,0.329407,1.065750,-0.348243,0.193050,1.183905,-1.295432,1.112952,0.480637,-1.652944,-3.460090,2.038461,-0.188660,1.858024,2.045011,1.087535,2.522009
1463,27.360000,0.364059,0.992086,-0.478571,-0.328830,1.138384,-1.206438,1.151826,0.465408,-1.656547,-3.074034,2.011669,-0.391960,1.807810,1.922577,1.002367,2.484173
1464,27.380000,0.407313,0.947591,-0.576259,-0.883221,1.182733,-1.083506,1.127199,0.448815,-1.579508,-2.593279,2.048410,-0.479498,1.741807,1.842148,0.929778,2.586290
1465,27.400000,0.448610,0.907035,-0.741697,-1.674813,1.119187,-0.972062,1.074246,0.384165,-1.589681,-2.002758,1.951451,-0.913072,1.530125,1.714839,0.767300,2.639611
1466,27.420000,0.516634,0.845452,-0.816821,-2.395715,1.166825,-0.788466,1.046813,0.336094,-1.443834,-1.422702,2.067050,-0.930878,1.408299,1.581443,0.639488,2.779917
1467,27.440000,0.511028,0.803755,-0.852787,-3.023701,1.096763,-0.766762,0.953406,0.305948,-1.307076,-0.851032,2.057107,-1.224929,1.245742,1.434342,0.616810,2.807448
1468,27.460000,0.443445,0.757928,-0.961075,-3.459073,1.100164,-0.711692,0.819733,0.310420,-1.235463,-0.269635,2.138077,-1.393092,1.158482,1.413589,0.676371,2.926692
1469,27.480000,0.444533,0.727323,-0.940439,-3.792696,1.040305,-0.644386,0.764623,0.276570,-1.238531,-0.004696,2.165447,-1.391467,1.073532,1.384972,0.765323,2.859915
1470,27.500000,0.453351,0.656734,-0.839373,-4.068231,0.968673,-0.640770,0.732866,0.249911,-1.253731,0.206459,2.171668,-1.476375,0.972266,1.356939,0.851945,2.723930
1471,27.520000,0.396923,0.655905,-0.795577,-4.097806,0.968393,-0.666272,0.649828,0.253379,-1.221046,0.349721,2.128548,-1.648398,0.894446,1.406762,0.877671,2.647627
1472,27.540000,0.400095,0.643423,-0.698249,-4.182003,0.955163,-0.589996,0.631726,0.258400,-1.257807,0.362756,2.112643,-1.637326,0.900090,1.457515,0.945568,2.557653
1473,27.560000,0.415165,0.620390,-0.708659,-4.138507,0.932021,-0.561643,0.604665,0.256424,-1.304402,0.299306,2.050759,-1.693859,0.933598,1.475871,0.951723,2.422915
1474,27.580000,0.397393,0.641958,-0.670748,-4.082198,0.953187,-0.579960,0.547305,0.280671,-1.224222,0.245650,1.993309,-1.705829,0.940414,1.468423,0.924808,2.347140
1475,27.600000,0.376482,0.706443,-0.754684,-4.046152,0.961854,-0.515645,0.539009,0.298286,-1.267429,0.254253,2.115280,-1.379631,1.158399,1.515478,1.028042,2.327110
1476,27.620000,0.342503,0.770278,-0.843572,-4.015241,0.985686,-0.559843,0.560243,0.336509,-1.169360,0.241341,2.176029,-1.262040,1.375951,1.514189,1.101319,2.411349
1477,27.640000,0.351316,0.802855,-1.005297,-3.902493,1.056684,-0.561545,0.556210,0.375742,-1.065265,0.166068,2.210648,-1.191864,1.532199,1.521936,1.136881,2.492944
1478,27.660000,0.332833,0.884413,-1.187949,-3.747706,1.081431,-0.516051,0.560798,0.422037,-1.138667,0.003553,2.136673,-1.257374,1.606779,1.603717,1.168166,2.543247
1479,27.680000,0.299217,0.968085,-1.119542,-3.589604,1.140176,-0.533668,0.633952,0.468631,-0.993811,-0.075183,2.249388,-0.906811,1.789125,1.671080,1.168868,2.583124
1480,27.700000,0.221540,1.016953,-1.138503,-3.389057,1.170259,-0.723708,0.642838,0.512407,-0.969795,-0.196747,2.290688,-0.785730,1.901130,1.773502,1.205481,2.658480
1481,27.720000,0.208577,1.075925,-1.052864,-3.259790,1.237007,-0.748455,0.737607,0.566863,-0.745979,-0.314525,2.334505,-0.622691,2.034724,1.812308,1.257499,2.775897
1482,27.740000,0.243975,1.146368,-0.968702,-3.018956,1.258783,-0.803056,0.796256,0.589641,-0.704660,-0.665985,2.366197,-0.390033,2.125383,1.835617,1.294713,2.729936
1483,27.760000,0.268207,1.096813,-0.833042,-2.632039,1.242835,-0.952227,0.711929,0.556905,-0.553262,-1.001145,2.123192,-0.727395,1.969750,1.714892,1.207808,2.543420
1484,27.780000,0.272719,1.217200,-0.614266,-2.270641,1.267507,-0.965033,0.804200,0.601661,-0.538463,-1.375039,2.214585,-0.315153,2.080124,1.792973,1.259873,2.418746
1485,27.800000,0.239037,1.266081,-0.478045,-1.803267,1.246798,-1.096262,0.850858,0.640403,-0.529879,-1.801542,2.155518,-0.262799,2.221764,1.861300,1.349141,2.347282
1486,27.820000,0.254703,1.317413,-0.426627,-1.262196,1.301378,-1.146917,0.936546,0.686880,-0.586239,-2.267294,2.207425,0.026957,2.413420,1.956728,1.466159,2.368885
1487,27.840000,0.240868,1.319745,-0.459412,-0.546460,1.258996,-1.254877,0.923949,0.677255,-0.715607,-2.908516,2.099421,0.093382,2.391032,2.005131,1.416278,2.158069
1488,27.860000,0.191088,1.338411,-0.438832,0.403545,1.319785,-1.365288,0.901649,0.682935,-0.790819,-3.599176,2.097791,0.367301,2.335239,2.057743,1.329128,1.946746
1489,27.880000,0.146480,1.466140,-0.427539,1.111278,1.399250,-1.452293,1.029585,0.807298,-1.015064,-4.105831,2.218551,0.564878,2.492662,2.326200,1.517482,2.142293
1490,27.900000,0.150317,1.506785,-0.488999,1.666046,1.430801,-1.544198,1.098070,0.838646,-1.097932,-4.570984,2.187416,0.689112,2.527651,2.418327,1.599726,2.283214
1491,27.920000,0.149209,1.513007,-0.460307,2.044905,1.415062,-1.676376,1.131253,0.919571,-1.000867,-4.842832,2.205695,0.730424,2.524114,2.415353,1.533568,2.375458
1492,27.940000,0.124182,1.516113,-0.481663,2.206994,1.369558,-1.765046,1.181296,0.999986,-0.923008,-4.871756,2.149783,0.674525,2.562235,2.291522,1.538012,2.326755
1493,27.960000,0.138150,1.514504,-0.383041,2.125248,1.335190,-1.822279,1.162617,1.013183,-0.839604,-4.719483,2.144621,0.453040,2.552670,2.191711,1.280599,2.457210
1494,27.980000,0.162330,1.545965,-0.233355,1.894361,1.318634,-1.705818,1.281584,1.004341,-0.704931,-4.582857,2.080343,0.451587,2.454883,2.114735,1.061945,2.415920
1495,28.000000,0.133371,1.550368,-0.102786,1.621972,1.271789,-1.657377,1.246999,0.923824,-0.754777,-4.302802,1.962721,0.165659,2.436661,2.055893,0.965946,2.371923
1496,28.020000,0.207185,1.449592,-0.004536,1.449639,1.250342,-1.620827,1.149334,0.780924,-0.870505,-4.183743,1.993271,0.082384,2.324800,2.093468,0.810733,2.453344
1497,28.040000,0.200966,1.400341,0.042148,1.254360,1.188729,-1.532563,1.079373,0.652035,-1.031655,-4.020030,1.808269,-0.174351,2.152072,2.030301,0.716943,2.263999
1498,28.060000,0.266062,1.335725,0.096696,1.079276,1.267362,-1.450806,1.039483,0.527882,-1.240479,-3.960300,1.983480,-0.102738,2.119503,2.175541,0.743443,2.438310
1499,28.080000,0.276832,1.242177,-0.011977,0.893239,1.156850,-1.430247,0.967017,0.422534,-1.510038,-3.822047,1.851351,-0.357908,1.932348,2.209527,0.785390,2.388456
1500,28.100000,0.338142,1.129849,-0.084517,0.758367,1.201003,-1.335069,0.963649,0.337527,-1.567048,-3.769356,1.901761,-0.244601,1.815457,2.127419,0.840944,2.331711
1501,28.120000,0.314988,1.067763,-0.115379,0.691658,1.130672,-1.372317,0.918366,0.290870,-1.679076,-3.811401,1.903867,-0.292662,1.656905,2.100316,0.843382,2.254019
1502,28.140000,0.331880,1.033941,-0.156730,0.478250,1.180610,-1.274252,1.018962,0.325355,-1.752123,-3.723717,1.996098,-0.212049,1.734371,2.165704,0.966359,2.428452
1503,28.160000,0.267540,0.918420,-0.305305,0.302193,1.044283,-1.358504,0.830629,0.360035,-1.712190,-3.397200,1.778694,-0.594669,1.662514,1.944308,1.030543,2.241476
1504,28.180000,0.278269,0.926455,-0.319415,0.042188,1.117657,-1.269482,0.870741,0.403233,-1.579406,-3.241881,1.889115,-0.444265,1.727494,1.865767,1.063312,2.288819
1505,28.200000,0.309573,0.947540,-0.387841,-0.397347,1.087835,-1.216673,1.008919,0.405287,-1.528154,-3.056626,1.990693,-0.361120,1.789193,1.846067,1.028133,2.375645
1506,28.220000,0.337084,0.909873,-0.524976,-0.946602,1.085397,-1.117809,1.000607,0.387921,-1.509413,-2.599528,1.995493,-0.474135,1.812414,1.783903,1.017283,2.471306
1507,28.240000,0.376956,0.873591,-0.693852,-1.572307,1.039324,-1.033069,0.950596,0.344347,-1.480680,-2.148628,1.869240,-0.819104,1.676491,1.666582,0.977412,2.457430
1508,28.260000,0.442818,0.870447,-0.795546,-2.207870,1.133998,-0.866009,0.972208,0.316907,-1.321142,-1.654378,2.008784,-0.782728,1.581854,1.623127,0.852954,2.630706
1509,28.280000,0.460410,0.804478,-0.842821,-2.837981,1.048416,-0.844116,0.859692,0.267266,-1.171680,-1.127365,1.904895,-1.192263,1.365246,1.430985,0.747908,2.589104
1510,28.300000,0.441500,0.760341,-0.894158,-3.341609,1.074153,-0.777305,0.777022,0.254239,-1.040153,-0.608666,2.013384,-1.183404,1.304012,1.331168,0.780180,2.662266
1511,28.320000,0.381722,0.719402,-0.929428,-3.561941,1.066692,-0.805490,0.584991,0.230755,-0.870935,-0.216647,2.016187,-1.413313,1.196277,1.348529,0.724714,2.707777
1512,28.340000,0.393680,0.696835,-0.812166,-3.925941,1.015937,-0.741885,0.570483,0.199875,-0.878193,0.032762,2.084973,-1.345448,1.147834,1.338477,0.794858,2.675729
1513,28.360000,0.392205,0.673890,-0.796067,-4.085526,0.998218,-0.704497,0.522394,0.178386,-0.893779,0.200088,2.128765,-1.375306,1.107435,1.365471,0.843067,2.653855
1514,28.380000,0.378694,0.700674,-0.826303,-4.210009,0.969731,-0.609959,0.514437,0.195419,-1.048137,0.263637,2.139524,-1.312676,1.165664,1.448141,1.035370,2.617700
1515,28.400000,0.398659,0.690913,-0.729313,-4.278828,0.975481,-0.625341,0.552163,0.209910,-1.039514,0.261984,2.123988,-1.387071,1.186277,1.475439,1.143773,2.564371
1516,28.420000,0.377775,0.660914,-0.890700,-4.155795,0.986836,-0.650226,0.422615,0.204261,-1.097928,0.218295,2.040369,-1.531261,1.092190,1.493139,1.084344,2.471945
1517,28.440000,0.358367,0.699276,-0.820100,-4.165538,0.980622,-0.608956,0.473185,0.245369,-1.059251,0.186244,1.998350,-1.576944,1.097198,1.453420,1.051529,2.394105
1518,28.460000,0.343383,0.753200,-0.989421,-4.091438,0.991293,-0.488309,0.457518,0.270595,-1.251212,0.219850,2.170802,-1.231828,1.285181,1.491861,1.075756,2.402286
1519,28.480000,0.310223,0.787942,-1.025720,-4.016065,1.038548,-0.588029,0.427582,0.277017,-1.031123,0.192234,2.161562,-1.200994,1.308710,1.396003,0.938366,2.461646
1520,28.500000,0.359634,0.733443,-1.026345,-4.102901,0.968251,-0.635110,0.453562,0.273095,-1.134589,0.136526,2.048363,-1.364272,1.154109,1.239866,0.848154,2.293750
1521,28.520000,0.332074,0.795075,-0.972934,-4.085171,1.011108,-0.553748,0.525834,0.279069,-1.063031,0.126979,2.154878,-1.102311,1.169790,1.178254,0.728883,2.230754
1522,28.540000,0.362594,0.804400,-0.910634,-4.046925,1.021596,-0.639833,0.527270,0.270296,-0.979833,0.061898,2.160916,-1.079210,1.121980,1.122267,0.601479,2.202122
1523,28.560000,0.402851,0.807389,-0.892920,-4.115297,1.050370,-0.520877,0.577027,0.284253,-1.057054,0.092011,2.221340,-1.008455,1.118437,1.109902,0.604304,2.276773
1524,28.580000,0.408741,0.806751,-0.892840,-4.079025,1.071538,-0.543882,0.617900,0.293742,-1.081640,0.103041,2.241706,-0.992496,1.140077,1.117614,0.628316,2.330707
1525,28.600000,0.444662,0.793086,-1.002928,-3.958550,1.048485,-0.512668,0.560608,0.250517,-1.211498,-0.021951,2.062299,-1.232596,0.913702,1.047192,0.527182,2.157203
1526,28.620000,0.447338,0.815950,-0.991895,-3.815984,1.085424,-0.492032,0.590425,0.257881,-1.196784,-0.031912,2.159577,-0.992988,0.881654,1.026038,0.426323,2.072912
1527,28.640000,0.454520,0.836322,-0.842426,-3.804773,1.061878,-0.631182,0.637357,0.283691,-1.196251,-0.074024,2.049724,-1.222941,0.811230,0.991396,0.406518,2.050813
1528,28.660000,0.451089,0.857762,-0.942403,-3.717645,1.123710,-0.540066,0.676389,0.338084,-1.258364,-0.041468,2.189238,-0.974818,0.988233,1.082683,0.497551,2.213983
1529,28.680000,0.468401,0.893913,-0.871214,-3.654876,1.093620,-0.694574,0.722788,0.346781,-1.112715,-0.190055,2.013410,-1.105354,0.981152,0.971165,0.494706,2.102234
1530,28.700000,0.434140,0.937948,-0.849902,-3.489054,1.138291,-0.813626,0.817691,0.461852,-1.115725,-0.267050,2.154990,-0.747766,1.221670,0.908507,0.749613,2.032495
1531,28.720000,0.373596,1.054365,-0.884202,-3.327009,1.154487,-0.928307,0.933510,0.563647,-1.085618,-0.415826,2.225842,-0.491463,1.444856,0.917925,1.054580,2.010271
1532,28.740000,0.333383,1.085113,-0.924791,-3.015857,1.233276,-1.051479,0.947575,0.640491,-0.958746,-0.566359,2.233103,-0.458484,1.551834,0.937088,1.177509,2.037931
1533,28.760000,0.283987,1.187626,-0.955496,-2.616915,1.310485,-1.138513,1.012840,0.728980,-0.834030,-0.905776,2.264195,-0.259487,1.571685,0.977261,1.216769,2.022102
1534,28.780000,0.211960,1.242049,-0.965810,-2.115048,1.357980,-1.263810,0.999369,0.815847,-0.784404,-1.255672,2.278563,-0.144041,1.588954,0.991757,1.198909,1.988124
1535,28.800000,0.159366,1.328964,-0.869433,-1.602041,1.397950,-1.361110,1.040819,0.918715,-0.718105,-1.664693,2.236085,-0.029018,1.604128,0.991116,1.171029,1.934260
1536,28.820000,0.078043,1.383453,-0.757213,-0.981297,1.386483,-1.505265,1.005806,0.985171,-0.803480,-2.121711,2.229676,0.102830,1.626197,1.021228,1.207078,1.818294
1537,28.840000,-0.003142,1.457400,-0.662006,-0.242971,1.412346,-1.629819,1.003216,1.021315,-0.741107,-2.708337,2.121523,0.221655,1.560500,0.961100,1.047288,1.554724
1538,28.860000,-0.078887,1.511773,-0.561716,0.357053,1.447694,-1.789761,0.957762,1.139228,-0.826561,-3.054082,2.117980,0.254200,1.707509,0.986022,1.118952,1.514649
1539,28.880000,-0.099541,1.584983,-0.420712,0.699660,1.413107,-1.885975,0.967364,1.192104,-0.853382,-3.367403,2.009598,0.290246,1.817263,0.905285,1.240643,1.381994
1540,28.900000,-0.082365,1.561937,-0.411679,0.948833,1.389859,-1.950899,0.890846,1.230838,-0.858130,-3.471955,1.895071,0.188006,1.836797,0.735591,1.210278,1.247321
1541,28.920000,-0.079457,1.603844,-0.363764,1.098419,1.402590,-1.967683,0.846864,1.226463,-0.844601,-3.572509,1.834921,0.113582,1.797746,0.666413,1.111106,1.237619
1542,28.940000,-0.078156,1.570035,-0.386835,1.167329,1.389041,-1.997831,0.750968,1.192442,-0.908546,-3.534963,1.764934,-0.040437,1.781208,0.579556,0.997209,1.238244
1543,28.960000,-0.086332,1.595953,-0.297072,1.145336,1.374707,-2.024630,0.728042,1.174380,-0.919392,-3.521466,1.699678,-0.086334,1.713571,0.506735,0.840053,1.255000
1544,28.980000,-0.138379,1.588200,-0.267570,1.165716,1.361440,-2.060847,0.639353,1.122761,-1.004836,-3.447677,1.641611,-0.204958,1.670377,0.422397,0.779645,1.212924
1545,29.000000,-0.189166,1.634955,-0.155914,1.103884,1.350273,-2.086508,0.635215,1.137204,-1.103347,-3.369589,1.621492,-0.241448,1.777800,0.417032,0.937319,1.224285
1546,29.020000,-0.223740,1.611012,-0.125189,1.066816,1.320441,-2.113054,0.583118,1.091716,-1.213821,-3.343486,1.579438,-0.257179,1.764166,0.370816,1.035533,1.147027
1547,29.040000,-0.225625,1.533583,-0.246937,0.990023,1.286510,-2.131983,0.522831,1.096830,-1.319273,-3.179400,1.521462,-0.351067,1.734324,0.273033,1.167949,0.981289
1548,29.060000,-0.279225,1.552326,-0.277495,1.045263,1.354578,-2.167378,0.389623,1.115088,-1.393012,-3.122066,1.568665,-0.428690,1.737420,0.316239,1.326407,1.106628
1549,29.080000,-0.281059,1.521075,-0.371300,0.980487,1.344277,-2.160838,0.403495,1.099049,-1.442586,-3.120857,1.524487,-0.415464,1.639852,0.283292,1.322244,1.114411
1550,29.100000,-0.330960,1.506563,-0.408511,0.964762,1.327704,-2.191224,0.366072,1.139344,-1.375717,-3.084241,1.515885,-0.407928,1.534500,0.178148,1.236668,1.020329
1551,29.120000,-0.335671,1.479086,-0.471838,0.883788,1.308306,-2.191938,0.353312,1.146892,-1.427123,-3.000590,1.479605,-0.443072,1.435548,0.099345,1.189997,0.954684
1552,29.140000,-0.353868,1.474185,-0.462982,0.819715,1.328156,-2.184900,0.325508,1.157686,-1.435444,-2.925033,1.478011,-0.473868,1.424464,0.085478,1.154318,0.985698
1553,29.160000,-0.373554,1.446444,-0.490083,0.796794,1.326719,-2.205468,0.261340,1.164742,-1.440682,-2.829144,1.437087,-0.539512,1.425142,0.042775,1.110486,0.985741
1554,29.180000,-0.453040,1.488047,-0.374822,0.774265,1.334144,-2.273028,0.247534,1.220001,-1.482966,-2.770195,1.434916,-0.490489,1.605078,0.032134,1.272302,0.978294
1555,29.200000,-0.516152,1.495694,-0.365544,0.816954,1.328438,-2.371158,0.162821,1.277943,-1.518201,-2.661078,1.411830,-0.522871,1.781915,-0.005467,1.507668,0.928940
1556,29.220000,-0.574664,1.527532,-0.370684,0.966042,1.375846,-2.461056,0.050992,1.306463,-1.424890,-2.707601,1.385076,-0.535328,1.845082,-0.082299,1.553804,0.876449
1557,29.240000,-0.563033,1.526335,-0.360388,1.003588,1.319901,-2.506981,0.024761,1.318787,-1.336114,-2.777761,1.319998,-0.542654,1.792259,-0.238705,1.452553,0.687819
1558,29.260000,-0.545272,1.564520,-0.295811,1.059122,1.350590,-2.504604,-0.030683,1.321273,-1.245255,-2.839078,1.312571,-0.574197,1.752606,-0.318657,1.312497,0.626818
1559,29.280000,-0.531318,1.576257,-0.239806,1.097332,1.348819,-2.526656,-0.084058,1.322314,-1.200840,-2.877795,1.261129,-0.633383,1.744499,-0.368375,1.197150,0.632868
1560,29.300000,-0.558872,1.601124,-0.161012,1.169405,1.343162,-2.585432,-0.135166,1.310451,-1.124931,-2.954915,1.196251,-0.644102,1.769886,-0.420520,1.067623,0.578781
1561,29.320000,-0.555181,1.605358,-0.103582,1.241643,1.325586,-2.618807,-0.220891,1.284873,-1.144488,-2.969096,1.142015,-0.683510,1.785873,-0.476354,1.001516,0.511560
1562,29.340000,-0.565610,1.632199,-0.049361,1.315663,1.331864,-2.641661,-0.277711,1.249306,-1.145040,-3.004505,1.088818,-0.699306,1.792224,-0.501902,0.951288,0.441490
1563,29.360000,-0.602929,1.650900,0.026389,1.403208,1.329946,-2.691935,-0.343365,1.233930,-1.211063,-3.016503,1.028159,-0.704168,1.872909,-0.527883,1.014021,0.343223
1564,29.380000,-0.607301,1.610431,-0.082452,1.501720,1.329520,-2.729376,-0.456719,1.216232,-1.333208,-2.894362,0.970956,-0.804979,1.916275,-0.548158,1.102425,0.281987
1565,29.400000,-0.604449,1.676201,-0.014744,1.583829,1.357292,-2.738699,-0.468907,1.220365,-1.317930,-2.965489,0.927834,-0.744031,1.952262,-0.554087,1.201088,0.250154
1566,29.420000,-0.569358,1.585828,-0.226150,1.677764,1.376445,-2.768511,-0.565787,1.182423,-1.416735,-2.908793,0.879986,-0.817348,1.859298,-0.597630,1.140230,0.235163
1567,29.440000,-0.563445,1.662797,-0.143484,1.703981,1.400982,-2.769518,-0.525745,1.199782,-1.289847,-2.993394,0.831271,-0.729156,1.792960,-0.669109,1.068883,0.192755
1568,29.460000,-0.545723,1.668574,-0.077780,1.680830,1.389445,-2.770451,-0.517491,1.224287,-1.285458,-2.943624,0.826705,-0.762658,1.851041,-0.669888,1.085402,0.202932
1569,29.480000,-0.391917,1.685025,-0.190910,1.662708,1.457567,-2.674025,-0.423982,1.101071,-1.039729,-3.149613,0.838561,-0.804803,1.588024,-0.540508,0.560666,0.436893
1570,29.500000,-0.116540,1.618672,-0.348736,1.603039,1.538808,-2.452873,-0.262896,0.898878,-0.841225,-3.356794,0.991644,-1.001469,1.191591,-0.013106,-0.312239,1.030749
1571,29.520000,-0.113791,1.577509,-0.187955,1.621916,1.526728,-2.523051,-0.185953,0.868237,-0.870128,-3.457947,0.975527,-0.964798,1.156440,0.141310,-0.603369,1.210998
1572,29.540000,-0.170099,1.621643,-0.039083,1.690663,1.523134,-2.602212,-0.118109,0.812246,-0.984822,-3.486439,0.946143,-0.841346,1.277593,0.172991,-0.575513,1.107376
1573,29.560000,-0.189374,1.686228,0.173731,1.768997,1.467648,-2.664934,-0.050214,0.854516,-1.099277,-3.507577,0.934354,-0.709697,1.525244,0.226854,-0.288476,0.883649
1574,29.580000,-0.185960,1.695499,0.246032,1.828007,1.520403,-2.695159,0.001475,0.835148,-1.133872,-3.595828,0.923502,-0.583687,1.562844,0.284751,-0.076326,0.751573
1575,29.600000,-0.142541,1.681495,0.200811,1.890547,1.478088,-2.631085,0.053894,0.820758,-1.164282,-3.666955,0.902636,-0.487674,1.578197,0.302321,0.157437,0.585696
1576,29.620000,-0.094829,1.672900,0.121229,1.942945,1.487581,-2.592257,0.059219,0.793873,-1.183627,-3.751953,0.891738,-0.424768,1.545132,0.313410,0.299487,0.527794
1577,29.640000,-0.034074,1.658401,0.020815,1.927637,1.525446,-2.503869,0.086258,0.769603,-1.141656,-3.797612,0.903053,-0.412097,1.425026,0.369240,0.292378,0.651156
1578,29.660000,0.007973,1.634044,-0.094341,1.848643,1.571302,-2.459952,0.133603,0.763585,-1.123044,-3.738051,0.911750,-0.382029,1.295876,0.467504,0.213415,0.825616
1579,29.680000,0.021521,1.614893,-0.166267,1.772106,1.518054,-2.407730,0.214935,0.766426,-1.098677,-3.706890,0.913053,-0.337908,1.251482,0.530461,0.167903,0.914411
1580,29.700000,0.018738,1.580202,-0.205113,1.764147,1.496159,-2.406919,0.233520,0.760512,-1.106385,-3.675278,0.899868,-0.286045,1.266307,0.509448,0.166211,0.889376
1581,29.720000,0.031893,1.533550,-0.226245,1.706623,1.492504,-2.371819,0.256039,0.753408,-1.140581,-3.576108,0.904317,-0.292922,1.284314,0.505020,0.192589,0.877401
1582,29.740000,0.004265,1.550611,-0.175065,1.704242,1.470043,-2.373216,0.307947,0.758512,-1.076976,-3.607293,0.896805,-0.213127,1.338649,0.541275,0.249175,0.883093
1583,29.760000,-0.004386,1.568591,-0.103154,1.690600,1.468604,-2.337544,0.338162,0.744213,-1.010919,-3.618814,0.900069,-0.186999,1.351508,0.571725,0.287223,0.899713
1584,29.780000,-0.029771,1.579732,-0.065624,1.705558,1.436794,-2.333964,0.341055,0.746101,-0.928600,-3.626800,0.900463,-0.178424,1.414616,0.581269,0.337317,0.896138
1585,29.800000,-0.038893,1.587883,-0.022232,1.683470,1.489837,-2.351994,0.339224,0.774855,-0.897555,-3.604301,0.931868,-0.167351,1.499725,0.637984,0.404239,0.989409
1586,29.820000,-0.045030,1.595832,-0.043302,1.692364,1.458570,-2.312740,0.351420,0.773944,-0.820089,-3.634960,0.937486,-0.159819,1.567616,0.689896,0.433982,1.057045
1587,29.840000,-0.086904,1.610512,-0.014790,1.717229,1.429330,-2.339210,0.341873,0.785727,-0.777829,-3.655221,0.935403,-0.138773,1.649371,0.660839,0.491361,0.998724
1588,29.860000,-0.078826,1.591915,-0.006695,1.710730,1.417314,-2.310397,0.327312,0.762340,-0.779428,-3.682831,0.932752,-0.122744,1.651352,0.648830,0.514221,0.976911
1589,29.880000,-0.096603,1.591121,0.008052,1.744021,1.377914,-2.299721,0.321781,0.745485,-0.727586,-3.740426,0.912052,-0.135356,1.561963,0.625973,0.472739,0.940335
1590,29.900000,-0.129121,1.550873,0.025483,1.682667,1.357354,-2.320712,0.284796,0.782151,-0.823043,-3.606480,0.884590,-0.151052,1.623122,0.511253,0.607720,0.841158
1591,29.920000,-0.204275,1.571214,0.078190,1.630409,1.310207,-2.330669,0.261089,0.809783,-0.834637,-3.537741,0.833897,-0.099782,1.664182,0.368671,0.797596,0.712798
1592,29.940000,-0.264591,1.500753,0.041812,1.515815,1.252804,-2.343640,0.213833,0.846749,-0.924144,-3.286928,0.772525,-0.157758,1.697317,0.183750,1.026783,0.513261
1593,29.960000,-0.304370,1.564064,0.088085,1.432724,1.250998,-2.322342,0.177566,0.894670,-0.934179,-3.155926,0.755266,-0.149475,1.773852,0.064910,1.255295,0.462118
1594,29.980000,-0.317672,1.441128,-0.065072,1.404511,1.224210,-2.362862,0.037250,0.903167,-1.051569,-2.950309,0.738960,-0.288722,1.760238,-0.050869,1.359706,0.455708
1595,30.000000,-0.373767,1.501933,0.042554,1.314787,1.198111,-2.363471,0.009733,0.923541,-0.924907,-2.891056,0.677438,-0.247873,1.702331,-0.240457,1.360083,0.345754
1596,30.020000,-0.405127,1.396235,-0.050695,1.278181,1.169231,-2.388716,-0.126263,0.920882,-1.030906,-2.663237,0.666722,-0.409270,1.661303,-0.385888,1.325629,0.280181
1597,30.040000,-0.447983,1.459984,0.103886,1.219008,1.139780,-2.408079,-0.148700,0.962570,-0.928254,-2.628970,0.622622,-0.388337,1.696927,-0.515264,1.318198,0.270653
1598,30.060000,-0.454114,1.363652,0.024211,1.206377,1.129361,-2.446340,-0.269498,0.948108,-1.019934,-2.455134,0.627580,-0.528321,1.736075,-0.600097,1.270281,0.252782
1599,30.080000,-0.483987,1.447326,0.155803,1.173211,1.154751,-2.455657,-0.281200,0.983524,-0.915349,-2.510065,0.615854,-0.505360,1.813743,-0.633652,1.231170,0.295021
1600,30.100000,-0.486750,1.442940,0.158721,1.247980,1.150220,-2.509904,-0.339185,0.960282,-0.966056,-2.579948,0.637571,-0.558078,1.843702,-0.636924,1.191480,0.313932
1601,30.120000,-0.519061,1.475676,0.305523,1.289211,1.128627,-2.564768,-0.350432,0.994485,-0.904757,-2.680203,0.624159,-0.517735,1.983510,-0.685370,1.236892,0.263060
1602,30.140000,-0.544139,1.388669,0.235321,1.396882,1.129547,-2.629383,-0.460483,0.972600,-0.990782,-2.684634,0.616917,-0.651207,2.020309,-0.729919,1.224184,0.226843
1603,30.160000,-0.543266,1.497249,0.345044,1.405721,1.172827,-2.600558,-0.431419,0.991202,-0.842184,-2.820097,0.597382,-0.603094,2.005675,-0.763222,1.155787,0.236803
1604,30.180000,-0.526955,1.410677,0.250717,1.470742,1.153432,-2.630414,-0.495535,0.965109,-0.954864,-2.822192,0.596341,-0.727128,1.986130,-0.745654,1.092950,0.260073
1605,30.200000,-0.560726,1.527503,0.410255,1.496349,1.175097,-2.663263,-0.483802,1.016297,-0.867064,-2.925656,0.584228,-0.658866,2.087076,-0.754004,1.162109,0.281870
1606,30.220000,-0.571590,1.513119,0.426351,1.553028,1.157640,-2.692769,-0.507939,1.014968,-0.826215,-3.026378,0.567223,-0.667439,2.128915,-0.794431,1.140929,0.198085
1607,30.240000,-0.566454,1.548937,0.418570,1.647729,1.182202,-2.736252,-0.523698,1.016448,-0.798101,-3.150361,0.572145,-0.651549,2.129060,-0.833656,1.077377,0.189957
1608,30.260000,-0.583586,1.574083,0.523978,1.695424,1.175768,-2.763610,-0.548539,1.042872,-0.806140,-3.203379,0.565310,-0.635071,2.224424,-0.857968,1.164819,0.137209
1609,30.280000,-0.605937,1.510145,0.509571,1.761995,1.162519,-2.807643,-0.612838,1.062221,-0.854685,-3.171329,0.548192,-0.702149,2.330357,-0.894884,1.233272,0.080798
1610,30.300000,-0.582244,1.589533,0.498198,1.793589,1.213039,-2.808959,-0.600969,1.053430,-0.776638,-3.279085,0.517312,-0.667928,2.279042,-0.949061,1.142613,0.029508
1611,30.320000,-0.541487,1.584109,0.491736,1.786356,1.217749,-2.792407,-0.600058,1.059759,-0.784444,-3.306369,0.529752,-0.693692,2.229618,-0.939408,1.079303,0.062566
1612,30.340000,-0.535056,1.462441,0.354514,1.868854,1.225111,-2.855166,-0.679546,1.030530,-0.981375,-3.252081,0.535041,-0.799489,2.223624,-0.916971,1.103672,0.157815
1613,30.360000,-0.526880,1.551193,0.464862,1.842934,1.260976,-2.837528,-0.647743,1.039519,-0.886761,-3.329645,0.504029,-0.741120,2.195326,-0.934715,1.074860,0.173375
1614,30.380000,-0.512380,1.573295,0.523129,1.801053,1.249258,-2.809688,-0.613815,1.041294,-0.832013,-3.350508,0.516925,-0.741148,2.172478,-0.920325,1.015709,0.172481
1615,30.400000,-0.501261,1.555349,0.497014,1.772334,1.253153,-2.830763,-0.602160,1.046881,-0.809534,-3.342870,0.526268,-0.760863,2.177660,-0.920445,0.944947,0.243259
1616,30.420000,-0.501891,1.502100,0.513552,1.710641,1.255415,-2.802599,-0.617465,1.045042,-0.809476,-3.225258,0.522298,-0.845662,2.150382,-0.926259,0.904411,0.305082
1617,30.440000,-0.509420,1.572140,0.580652,1.679723,1.260022,-2.815389,-0.607082,1.029419,-0.799369,-3.225645,0.521117,-0.829288,2.123806,-0.926679,0.891246,0.303026
1618,30.460000,-0.513885,1.558498,0.571839,1.693150,1.251934,-2.852819,-0.629580,1.024489,-0.876501,-3.197145,0.524631,-0.824280,2.134680,-0.932462,0.916175,0.252093
1619,30.480000,-0.529720,1.546598,0.627530,1.711579,1.255350,-2.881883,-0.634023,1.018983,-0.905044,-3.180112,0.526712,-0.837290,2.157858,-0.946550,0.946605,0.207528
1620,30.500000,-0.519269,1.483504,0.587463,1.701267,1.257756,-2.884379,-0.660019,1.007801,-0.972657,-3.086529,0.509572,-0.889944,2.112960,-0.987073,0.962697,0.147195
1621,30.520000,-0.491535,1.537893,0.601004,1.706931,1.276133,-2.895813,-0.645287,0.999847,-0.974138,-3.152355,0.507103,-0.864545,2.026385,-1.004130,0.930725,0.129422
1622,30.540000,-0.432288,1.481519,0.479884,1.760009,1.280495,-2.944488,-0.658878,0.950696,-1.122475,-3.206896,0.522238,-0.870663,1.933036,-1.002562,0.895823,0.095775
1623,30.560000,-0.438156,1.486255,0.585019,1.725991,1.302586,-2.904033,-0.637445,0.971345,-1.057806,-3.171437,0.513140,-0.896648,1.893920,-0.975623,0.878344,0.188931
1624,30.580000,-0.418021,1.528394,0.606025,1.696612,1.298445,-2.911071,-0.623186,0.965472,-0.999649,-3.182664,0.515651,-0.901006,1.898409,-0.983943,0.838063,0.180817
1625,30.600000,-0.386036,1.527442,0.540588,1.664874,1.314755,-2.911111,-0.610802,0.977814,-0.993128,-3.154940,0.515386,-0.920503,1.911093,-0.984860,0.786440,0.227014
1626,30.620000,-0.404430,1.449553,0.513058,1.670139,1.302907,-2.949233,-0.639698,0.988209,-1.020519,-3.067386,0.511630,-0.992405,1.910515,-0.998046,0.751714,0.229061
1627,30.640000,-0.362240,1.457258,0.423544,1.737995,1.329854,-2.999862,-0.656739,0.964338,-1.138610,-3.114855,0.537899,-0.989581,1.829249,-0.955156,0.736119,0.254652
1628,30.660000,-0.381898,1.531372,0.585130,1.688596,1.367175,-2.947016,-0.613434,0.955289,-1.026675,-3.090709,0.532163,-0.952511,1.804495,-0.916093,0.747559,0.274359
1629,30.680000,-0.418026,1.517749,0.666901,1.687407,1.339043,-2.961357,-0.616056,0.992605,-1.013011,-2.956148,0.530337,-1.021647,1.925048,-0.932636,0.815928,0.266263
1630,30.700000,-0.400804,1.590463,0.653440,1.713422,1.341294,-3.017811,-0.614253,1.022339,-0.983137,-3.000333,0.536989,-0.997442,2.020682,-0.967971,0.847987,0.259645
1631,30.720000,-0.407322,1.577993,0.659124,1.752897,1.353836,-3.025846,-0.625292,1.014388,-0.934786,-3.012802,0.534901,-1.011903,2.001286,-0.994856,0.804385,0.199084
1632,30.740000,-0.407752,1.626696,0.673776,1.801069,1.378281,-3.065423,-0.643209,1.026469,-0.892807,-3.072351,0.540838,-0.996339,1.997145,-1.068254,0.775269,0.157621
1633,30.760000,-0.393106,1.643337,0.682659,1.830972,1.375473,-3.077166,-0.661838,1.046951,-0.923615,-3.068949,0.550881,-1.001572,2.038307,-1.090840,0.795630,0.108764
1634,30.780000,-0.398497,1.604140,0.672102,1.865085,1.371494,-3.114628,-0.696387,1.049518,-0.961093,-3.040492,0.545426,-1.039837,2.080477,-1.126208,0.807942,0.059565
1635,30.800000,-0.393121,1.536007,0.632860,1.896797,1.384673,-3.119076,-0.736507,1.033621,-0.979173,-3.003514,0.524254,-1.104252,1.998187,-1.176925,0.745691,0.034869
1636,30.820000,-0.351366,1.619277,0.638845,1.873376,1.407710,-3.133195,-0.734866,1.061947,-1.011422,-2.992037,0.570954,-1.109674,2.017188,-1.116592,0.797408,0.105455
1637,30.840000,-0.334313,1.609181,0.644419,1.851860,1.412159,-3.133953,-0.723681,1.025207,-0.974730,-3.044026,0.545482,-1.118149,1.945279,-1.140196,0.702774,0.097357
1638,30.860000,-0.323859,1.557834,0.623437,1.842886,1.378299,-3.139649,-0.725962,1.031127,-0.956826,-3.012670,0.551420,-1.154647,1.904777,-1.151376,0.599322,0.089412
1639,30.880000,-0.333056,1.535731,0.640357,1.769439,1.491868,-3.108199,-0.733995,1.031628,-0.957516,-2.855360,0.533625,-1.224581,1.843362,-1.167619,0.576186,0.112229
1640,30.900000,-0.286236,1.588319,0.646910,1.665855,1.401695,-3.085715,-0.708827,1.015229,-1.005514,-2.803781,0.564572,-1.216005,1.831894,-1.089360,0.607452,0.169615
1641,30.920000,-0.246971,1.572483,0.623684,1.603702,1.374044,-3.102329,-0.709623,0.983595,-1.041388,-2.763397,0.558141,-1.211205,1.805219,-1.062105,0.570932,0.136163
1642,30.940000,-0.247652,1.509370,0.599065,1.539730,1.365964,-3.090480,-0.740037,0.971381,-1.120099,-2.595059,0.564306,-1.247528,1.748200,-1.057248,0.553062,0.115525
1643,30.960000,-0.212966,1.556229,0.602003,1.506289,1.326770,-3.132028,-0.740597,0.969557,-1.263617,-2.550401,0.560100,-1.211955,1.748170,-1.054979,0.623246,0.034744
1644,30.980000,-0.202887,1.522778,0.617133,1.550121,1.299332,-3.196317,-0.754052,0.952239,-1.353003,-2.585080,0.527338,-1.178978,1.747426,-1.114381,0.664347,-0.135431
1645,31.000000,-0.169957,1.521250,0.587923,1.597414,1.303008,-3.234860,-0.777004,0.963296,-1.410797,-2.613561,0.537007,-1.155178,1.728448,-1.186554,0.679109,-0.277702
1646,31.020000,-0.124165,1.504487,0.572832,1.612100,1.282140,-3.270416,-0.776394,0.965394,-1.462420,-2.623453,0.529672,-1.147302,1.722810,-1.274982,0.723934,-0.400318
1647,31.040000,-0.095257,1.406178,0.543138,1.598728,1.294511,-3.260736,-0.789918,0.942141,-1.432223,-2.586314,0.517423,-1.223920,1.608035,-1.360110,0.613354,-0.456015
1648,31.060000,-0.011924,1.472069,0.529057,1.520995,1.293770,-3.278713,-0.775145,0.971404,-1.419085,-2.548574,0.545009,-1.267022,1.572959,-1.372087,0.590909,-0.424860
1649,31.080000,0.011999,1.393292,0.491135,1.455961,1.294208,-3.260133,-0.789250,0.950315,-1.383207,-2.447067,0.540469,-1.347044,1.471941,-1.365615,0.459628,-0.376654
1650,31.100000,0.086490,1.465589,0.514298,1.349873,1.311968,-3.243366,-0.760388,0.950115,-1.320920,-2.387585,0.547651,-1.359317,1.404621,-1.356451,0.392653,-0.312860
1651,31.120000,0.129441,1.512960,0.538452,1.263936,1.296664,-3.246745,-0.733281,0.951640,-1.309975,-2.307998,0.549608,-1.364234,1.414493,-1.322207,0.389952,-0.281256
1652,31.140000,0.095706,1.502118,0.574144,1.246000,1.275066,-3.281322,-0.728513,0.979218,-1.313102,-2.177992,0.533934,-1.393480,1.520808,-1.325403,0.430092,-0.293098
1653,31.160000,0.090143,1.573838,0.628855,1.244829,1.282159,-3.302860,-0.729344,0.986592,-1.301904,-2.138522,0.513876,-1.383355,1.579719,-1.356511,0.465640,-0.372956
1654,31.180000,0.105075,1.606165,0.676546,1.260490,1.271735,-3.321418,-0.728585,0.997151,-1.317866,-2.102502,0.518269,-1.357738,1.650669,-1.400415,0.552350,-0.464787
1655,31.200000,0.096697,1.594270,0.669748,1.276756,1.318839,-3.305340,-0.758611,0.994939,-1.282808,-2.019198,0.521843,-1.395724,1.660917,-1.414540,0.582104,-0.451263
1656,31.220000,0.142956,1.646863,0.637240,1.257899,1.335453,-3.309988,-0.760267,1.009598,-1.232212,-2.022651,0.534517,-1.414949,1.636367,-1.428889,0.546576,-0.393854
1657,31.240000,0.205989,1.643422,0.556332,1.229083,1.335133,-3.320798,-0.759503,1.025820,-1.237733,-2.002244,0.567388,-1.418720,1.623027,-1.382264,0.481584,-0.334115
1658,31.260000,0.240580,1.637248,0.517143,1.240063,1.341784,-3.338347,-0.763053,1.050323,-1.211776,-2.005722,0.580436,-1.435764,1.616901,-1.352929,0.439411,-0.271958
1659,31.280000,0.251820,1.648837,0.503203,1.258945,1.339771,-3.360063,-0.767724,1.056187,-1.230920,-2.014188,0.576796,-1.414523,1.635224,-1.343452,0.436755,-0.281876
1660,31.300000,0.271772,1.649100,0.491424,1.267668,1.329722,-3.373618,-0.763870,1.048990,-1.261276,-2.017724,0.567975,-1.402638,1.657422,-1.351285,0.424378,-0.327214
1661,31.320000,0.248430,1.628202,0.509802,1.307119,1.350586,-3.376267,-0.779624,1.056260,-1.237092,-1.983562,0.563205,-1.433267,1.606362,-1.342863,0.408318,-0.338241
1662,31.340000,0.280836,1.661720,0.489291,1.319026,1.347442,-3.388497,-0.774171,1.071950,-1.250583,-2.013731,0.575398,-1.412236,1.640815,-1.335769,0.440816,-0.321011
1663,31.360000,0.292263,1.669521,0.498509,1.315287,1.359581,-3.361187,-0.767520,1.052219,-1.223402,-2.003405,0.569703,-1.389889,1.604701,-1.316618,0.419140,-0.326261
1664,31.380000,0.297985,1.655205,0.500563,1.295914,1.355112,-3.358221,-0.754556,1.074095,-1.230034,-1.941234,0.569222,-1.410981,1.639093,-1.324348,0.440350,-0.309254
1665,31.400000,0.311283,1.697172,0.500898,1.301154,1.333675,-3.381253,-0.759466,1.076524,-1.251287,-1.951708,0.556444,-1.395628,1.684329,-1.322326,0.439735,-0.339334
1666,31.420000,0.323234,1.685812,0.503522,1.339790,1.290439,-3.420985,-0.759687,1.084148,-1.319121,-1.982762,0.559337,-1.365363,1.764690,-1.317187,0.501707,-0.449652
1667,31.440000,0.311862,1.639346,0.479606,1.425030,1.291096,-3.461413,-0.802221,1.097353,-1.362428,-2.019298,0.555187,-1.367640,1.828642,-1.308502,0.547243,-0.517877
1668,31.460000,0.285738,1.583199,0.451754,1.499870,1.304732,-3.475847,-0.833868,1.093253,-1.367542,-2.030393,0.537138,-1.421903,1.762023,-1.364914,0.491104,-0.594489
1669,31.480000,0.353894,1.656796,0.457953,1.492538,1.348400,-3.447873,-0.829403,1.103560,-1.301716,-2.100479,0.564102,-1.399910,1.696403,-1.345209,0.454759,-0.522303
1670,31.500000,0.374744,1.666001,0.432045,1.473183,1.401749,-3.424702,-0.803610,1.106561,-1.262612,-2.110096,0.556441,-1.415443,1.672706,-1.388293,0.403478,-0.483948
1671,31.520000,0.381363,1.646492,0.435919,1.433158,1.344731,-3.407347,-0.791788,1.124184,-1.255706,-2.049245,0.571604,-1.458570,1.713138,-1.390144,0.405686,-0.411361
1672,31.540000,0.417131,1.687517,0.397045,1.403446,1.326092,-3.463675,-0.783380,1.146375,-1.275104,-2.065280,0.587085,-1.459927,1.786708,-1.369612,0.427981,-0.394702
1673,31.560000,0.390098,1.717408,0.419756,1.454130,1.465596,-3.455687,-0.776187,1.184247,-1.219375,-2.120126,0.576988,-1.417051,1.850913,-1.377573,0.456945,-0.429696
1674,31.580000,0.380150,1.681137,0.420024,1.453105,1.330477,-3.489585,-0.808323,1.165770,-1.263312,-2.118659,0.565999,-1.438769,1.865194,-1.376256,0.440383,-0.507162
1675,31.600000,0.376703,1.671332,0.466302,1.506512,1.304462,-3.541061,-0.827276,1.199849,-1.328676,-2.114532,0.581891,-1.459855,1.958348,-1.387812,0.571048,-0.557568
1676,31.620000,0.326141,1.630358,0.436829,1.579542,1.324639,-3.561038,-0.883876,1.210480,-1.337054,-2.094849,0.580384,-1.503910,1.968431,-1.394171,0.612278,-0.553506
1677,31.640000,0.363428,1.697788,0.383553,1.571343,1.359302,-3.568593,-0.872144,1.233516,-1.284707,-2.181939,0.611336,-1.471001,1.938872,-1.390441,0.598650,-0.511321
1678,31.660000,0.416799,1.722262,0.355713,1.521341,1.498984,-3.499357,-0.825662,1.254210,-1.139416,-2.261032,0.622738,-1.467645,1.823127,-1.385354,0.436655,-0.442786
1679,31.680000,0.414958,1.700368,0.339558,1.479151,1.385541,-3.540177,-0.819678,1.321928,-1.147527,-2.226031,0.693693,-1.506635,1.945407,-1.292666,0.556652,-0.261730
1680,31.700000,0.368886,1.685465,0.315640,1.478907,1.417448,-3.562981,-0.849041,1.329635,-1.140849,-2.234719,0.697511,-1.528093,2.011152,-1.227763,0.595286,-0.198396
1681,31.720000,0.290370,1.710553,0.344419,1.512381,1.550799,-3.525147,-0.857129,1.339015,-0.992491,-2.267972,0.654141,-1.509246,1.942238,-1.285450,0.437272,-0.225259
1682,31.740000,0.269131,1.722249,0.389760,1.484665,1.413509,-3.534858,-0.875909,1.339443,-1.101649,-2.178641,0.677771,-1.526149,1.987813,-1.292980,0.518794,-0.256131
1683,31.760000,0.234599,1.693241,0.393955,1.504009,1.405923,-3.567938,-0.923846,1.348252,-1.218272,-2.094444,0.692627,-1.556057,2.119934,-1.246470,0.709824,-0.229880
1684,31.780000,0.222080,1.740424,0.377216,1.512381,1.440027,-3.564382,-0.930386,1.365803,-1.208619,-2.125830,0.713335,-1.520247,2.167882,-1.207635,0.793732,-0.195806
1685,31.800000,0.225328,1.697722,0.326018,1.519597,1.447571,-3.575180,-0.932700,1.376440,-1.196814,-2.144818,0.744186,-1.521177,2.122924,-1.164608,0.775588,-0.151758
1686,31.820000,0.204574,1.668735,0.265657,1.548207,1.489362,-3.581744,-0.924913,1.387425,-1.139754,-2.202441,0.738987,-1.515375,2.040285,-1.222466,0.669431,-0.143353
1687,31.840000,0.191900,1.680952,0.241432,1.533573,1.638354,-3.528382,-0.916766,1.399738,-1.084798,-2.210535,0.741293,-1.510710,1.954866,-1.239884,0.561316,-0.096940
1688,31.860000,0.209444,1.710038,0.232715,1.466772,1.512856,-3.552213,-0.923852,1.399309,-1.144186,-2.185449,0.766660,-1.527241,1.973436,-1.188893,0.575932,-0.044894
1689,31.880000,0.187521,1.681633,0.280930,1.427706,1.570230,-3.484640,-0.915735,1.372016,-1.116646,-2.131526,0.762753,-1.516308,1.942088,-1.127451,0.567361,0.031699
1690,31.900000,0.235403,1.728345,0.254224,1.346060,1.522493,-3.484816,-0.908848,1.376718,-1.163557,-2.074724,0.785249,-1.509231,1.978949,-1.106245,0.590888,0.121569
1691,31.920000,0.182535,1.724681,0.270986,1.336388,1.612212,-3.446756,-0.905179,1.374141,-1.153566,-2.002474,0.783263,-1.539315,1.985188,-1.037663,0.605101,0.216397
1692,31.940000,0.195385,1.764194,0.279189,1.281973,1.549892,-3.441913,-0.889669,1.370962,-1.175600,-1.959035,0.800975,-1.524121,2.020544,-0.974475,0.651904,0.296938
1693,31.960000,0.172809,1.726098,0.274936,1.320796,1.541227,-3.476852,-0.891838,1.341213,-1.209358,-1.951792,0.783614,-1.505127,2.014169,-0.977939,0.642312,0.257090
1694,31.980000,0.180839,1.766676,0.266868,1.399449,1.543376,-3.501551,-0.884371,1.388891,-1.249616,-1.992247,0.808329,-1.463042,2.108923,-0.997389,0.753087,0.199921
1695,32.000000,0.169817,1.768595,0.217843,1.513180,1.560197,-3.562896,-0.924068,1.381250,-1.259342,-2.120999,0.791207,-1.435193,2.131749,-1.029637,0.743196,0.119157
1696,32.020000,0.175481,1.758094,0.227955,1.595921,1.582842,-3.566191,-0.922891,1.382379,-1.224998,-2.218486,0.785355,-1.398660,2.094503,-1.095235,0.676061,0.040729
1697,32.040000,0.198052,1.796840,0.235873,1.635575,1.587588,-3.558369,-0.915189,1.388547,-1.219723,-2.288214,0.778677,-1.402119,2.066040,-1.178120,0.654982,0.002923
1698,32.060000,0.199947,1.829958,0.239467,1.662334,1.718272,-3.561204,-0.874579,1.429192,-1.179887,-2.348732,0.787608,-1.387188,2.137829,-1.213613,0.686007,-0.021128
1699,32.080000,0.193231,1.819811,0.236299,1.649040,1.613963,-3.567571,-0.881321,1.412750,-1.098573,-2.409771,0.772184,-1.427559,2.096617,-1.212712,0.591224,-0.034938
1700,32.100000,0.218801,1.835972,0.295322,1.622133,1.658487,-3.538323,-0.838755,1.420496,-1.031677,-2.423678,0.769568,-1.420082,2.102333,-1.285033,0.568727,-0.076888
1701,32.120000,0.116334,1.784617,0.335751,1.598543,1.746773,-3.478992,-0.845256,1.419436,-0.983464,-2.246886,0.745279,-1.514247,2.097470,-1.294236,0.560148,-0.015091
1702,32.140000,0.148813,1.877015,0.353466,1.511432,1.721106,-3.443025,-0.825001,1.426585,-0.975304,-2.194874,0.739396,-1.521127,2.109752,-1.259153,0.571048,0.039830
1703,32.160000,0.126799,1.776053,0.339505,1.414819,1.625016,-3.418290,-0.872148,1.374840,-1.064423,-1.996744,0.760838,-1.627093,2.089407,-1.169427,0.601084,0.119506
1704,32.180000,0.195798,1.829798,0.322855,1.377463,1.616650,-3.426070,-0.886921,1.366798,-1.102178,-2.019569,0.754146,-1.544308,2.102930,-1.146207,0.597203,0.160456
1705,32.200000,0.242825,1.819108,0.315553,1.323164,1.522712,-3.431020,-0.893957,1.328234,-1.218347,-2.020949,0.775815,-1.501351,2.102303,-1.070724,0.630035,0.126478
1706,32.220000,0.262589,1.796562,0.302570,1.319264,1.498570,-3.441070,-0.899664,1.289890,-1.284092,-2.043369,0.748944,-1.465132,2.050826,-1.072112,0.622442,0.051457
1707,32.240000,0.303585,1.797397,0.287270,1.355891,1.472880,-3.472907,-0.892983,1.330724,-1.378808,-2.094714,0.788707,-1.441583,2.125704,-0.985725,0.771468,0.074619
1708,32.260000,0.314654,1.763707,0.230667,1.425169,1.463668,-3.514217,-0.902653,1.300244,-1.365552,-2.239752,0.760307,-1.397763,2.081536,-0.981371,0.724662,-0.011112
1709,32.280000,0.322728,1.748094,0.207454,1.493326,1.477016,-3.540351,-0.879354,1.323355,-1.398579,-2.326630,0.765049,-1.362847,2.084795,-1.038705,0.728884,-0.101451
1710,32.300000,0.294012,1.766762,0.244436,1.543449,1.500040,-3.526309,-0.860325,1.305521,-1.310384,-2.415937,0.738348,-1.371639,2.015775,-1.095485,0.678414,-0.152946
1711,32.320000,0.333345,1.765206,0.238036,1.535494,1.483675,-3.550994,-0.838758,1.331443,-1.299009,-2.436777,0.752789,-1.388043,2.055380,-1.140881,0.657972,-0.165397
1712,32.340000,0.329521,1.767551,0.231834,1.544915,1.492236,-3.565751,-0.827281,1.344690,-1.237770,-2.462715,0.747193,-1.417996,2.077263,-1.166534,0.615968,-0.184379
1713,32.360000,0.290825,1.800151,0.301146,1.557510,1.605986,-3.516410,-0.792925,1.353974,-1.164640,-2.476745,0.704743,-1.429364,2.070037,-1.233056,0.568237,-0.223908
1714,32.380000,0.292354,1.784717,0.298831,1.510310,1.488223,-3.513321,-0.813417,1.344876,-1.192663,-2.378372,0.704072,-1.481570,2.090713,-1.256552,0.577346,-0.249502
1715,32.400000,0.273660,1.791909,0.324869,1.521528,1.603043,-3.502556,-0.818490,1.354421,-1.144350,-2.367468,0.681460,-1.493511,2.097873,-1.270474,0.581046,-0.234373
1716,32.420000,0.277756,1.770125,0.319675,1.468185,1.497518,-3.511921,-0.854496,1.391210,-1.210452,-2.225213,0.746658,-1.564315,2.205971,-1.171452,0.748454,-0.111052
1717,32.440000,0.224856,1.695342,0.269458,1.530277,1.473243,-3.576953,-0.916211,1.380925,-1.263074,-2.205682,0.735059,-1.581419,2.253092,-1.120263,0.812559,-0.089244
1718,32.460000,0.237999,1.780613,0.278422,1.536715,1.498933,-3.574223,-0.901311,1.416096,-1.221694,-2.284387,0.761766,-1.531231,2.238991,-1.124542,0.835442,-0.067500
1719,32.480000,0.289889,1.777436,0.244631,1.508315,1.492160,-3.570091,-0.897145,1.390067,-1.173213,-2.374621,0.779830,-1.502624,2.131221,-1.131254,0.704058,-0.090510
1720,32.500000,0.328061,1.765926,0.236729,1.464712,1.497066,-3.562648,-0.857313,1.426471,-1.107767,-2.421203,0.809263,-1.502040,2.129092,-1.129949,0.650733,-0.022809
1721,32.520000,0.312121,1.791618,0.246483,1.426265,1.555544,-3.518280,-0.836885,1.425844,-1.092172,-2.436559,0.798749,-1.489501,2.135446,-1.109813,0.643005,0.010353
1722,32.540000,0.289508,1.777349,0.254641,1.400372,1.492726,-3.533508,-0.844703,1.433000,-1.125287,-2.405453,0.801399,-1.505248,2.199850,-1.072081,0.700038,0.037189
1723,32.560000,0.258511,1.784107,0.255370,1.443127,1.492916,-3.570544,-0.868945,1.443067,-1.169657,-2.411523,0.801170,-1.508295,2.260008,-1.036116,0.759727,0.052314
1724,32.580000,0.234198,1.778654,0.237836,1.484120,1.539124,-3.543925,-0.884099,1.419963,-1.104875,-2.465556,0.776529,-1.474752,2.191463,-1.068813,0.676099,0.036190
1725,32.600000,0.241401,1.776821,0.265048,1.449095,1.515227,-3.508241,-0.886391,1.399602,-1.135057,-2.414462,0.775420,-1.480723,2.124377,-1.115435,0.649050,0.033334
1726,32.620000,0.268787,1.799522,0.276229,1.405994,1.509438,-3.515980,-0.869771,1.402094,-1.169387,-2.377868,0.797628,-1.514961,2.140555,-1.082981,0.689960,0.098653
1727,32.640000,0.242141,1.783831,0.264452,1.408713,1.522781,-3.500502,-0.862400,1.387990,-1.152126,-2.380061,0.771690,-1.495736,2.131736,-1.087771,0.668389,0.092390
1728,32.660000,0.244948,1.784175,0.248923,1.413778,1.518794,-3.515815,-0.870119,1.412144,-1.174007,-2.357319,0.799814,-1.518870,2.152029,-1.049439,0.718606,0.147182
1729,32.680000,0.214009,1.752949,0.216079,1.458336,1.509570,-3.525364,-0.888507,1.377159,-1.178506,-2.367346,0.758193,-1.503486,2.097693,-1.095079,0.644945,0.086271
1730,32.700000,0.197887,1.754058,0.239180,1.498319,1.547363,-3.537089,-0.888518,1.417420,-1.221662,-2.336845,0.779450,-1.510198,2.147340,-1.090477,0.744030,0.115249
1731,32.720000,0.190644,1.740434,0.221589,1.526016,1.503933,-3.534271,-0.885603,1.385162,-1.206082,-2.373275,0.753330,-1.502682,2.091746,-1.119824,0.683602,0.050568
1732,32.740000,0.205145,1.744997,0.225153,1.516261,1.590841,-3.512535,-0.861254,1.405672,-1.138115,-2.366221,0.746486,-1.509932,2.040048,-1.177553,0.599603,0.035239
1733,32.760000,0.214785,1.749612,0.231073,1.446501,1.529489,-3.499579,-0.860838,1.388860,-1.172145,-2.301281,0.761140,-1.537403,2.038611,-1.161900,0.611970,0.057628
1734,32.780000,0.150354,1.717148,0.258564,1.514119,1.626304,-3.497991,-0.867298,1.394218,-1.174609,-2.254117,0.706172,-1.560018,2.040833,-1.215757,0.623272,0.021376
1735,32.800000,0.137946,1.701449,0.246984,1.525090,1.538723,-3.515578,-0.890877,1.417989,-1.252399,-2.161000,0.751513,-1.590799,2.133837,-1.173014,0.776400,0.054254
1736,32.820000,0.196676,1.752562,0.206754,1.517314,1.526986,-3.559303,-0.910103,1.387078,-1.228162,-2.279989,0.745552,-1.541852,2.112257,-1.162192,0.740441,0.024622
1737,32.840000,0.245258,1.777150,0.248469,1.466082,1.545297,-3.510791,-0.853710,1.396702,-1.181770,-2.329904,0.762566,-1.498927,2.075999,-1.199378,0.694900,0.014439
1738,32.860000,0.260925,1.798268,0.267634,1.406629,1.517698,-3.502865,-0.834581,1.390815,-1.135527,-2.347636,0.774455,-1.508483,2.059521,-1.151670,0.654291,0.069419
1739,32.880000,0.258252,1.776169,0.258112,1.407763,1.487044,-3.506953,-0.813523,1.382769,-1.136018,-2.377444,0.752792,-1.491660,2.084662,-1.185401,0.627957,0.027238
1740,32.900000,0.245799,1.792650,0.296019,1.405692,1.500517,-3.493975,-0.811417,1.388947,-1.105167,-2.371315,0.763876,-1.489835,2.113542,-1.157798,0.636077,0.034570
1741,32.920000,0.225987,1.799166,0.293919,1.415406,1.484312,-3.507628,-0.828220,1.368731,-1.125540,-2.381138,0.743692,-1.497919,2.101583,-1.162860,0.616976,0.029593
1742,32.940000,0.215773,1.787897,0.317389,1.426134,1.490501,-3.491903,-0.823885,1.366994,-1.159996,-2.335479,0.746630,-1.501577,2.096844,-1.140647,0.646764,0.031096
1743,32.960000,0.211777,1.778496,0.285381,1.465086,1.491160,-3.506811,-0.839851,1.362077,-1.188027,-2.334917,0.738431,-1.512069,2.091110,-1.143970,0.660941,0.034593
1744,32.980000,0.215433,1.768229,0.263557,1.457756,1.535782,-3.465892,-0.829104,1.329952,-1.135828,-2.333330,0.736637,-1.515625,1.979934,-1.144989,0.586591,0.037074
1745,33.000000,0.199170,1.738261,0.297860,1.462011,1.508835,-3.471722,-0.830971,1.367881,-1.207016,-2.226929,0.765581,-1.547457,2.048282,-1.092322,0.687470,0.105376
1746,33.020000,0.170549,1.703425,0.228479,1.496637,1.519201,-3.501536,-0.874265,1.338951,-1.205399,-2.202987,0.727357,-1.570007,2.006674,-1.110922,0.630585,0.086782
1747,33.040000,0.236155,1.768536,0.220658,1.471002,1.534561,-3.498677,-0.842321,1.341920,-1.176771,-2.270940,0.742876,-1.506268,1.941259,-1.116791,0.567651,0.061387
1748,33.060000,0.273722,1.773927,0.219737,1.456956,1.527045,-3.484437,-0.812760,1.333218,-1.166163,-2.317111,0.736933,-1.478448,1.902873,-1.127198,0.502167,0.037781
1749,33.080000,0.295201,1.794439,0.268936,1.416463,1.473781,-3.488735,-0.788241,1.348491,-1.189328,-2.306050,0.740984,-1.483670,1.960767,-1.108284,0.562244,0.059557
1750,33.100000,0.281424,1.789858,0.289643,1.432335,1.456521,-3.496930,-0.775415,1.329436,-1.192527,-2.335671,0.718806,-1.465388,1.993171,-1.119001,0.585351,-0.019273
1751,33.120000,0.275338,1.800182,0.295039,1.423251,1.473781,-3.503187,-0.762891,1.340980,-1.156403,-2.334746,0.721185,-1.455548,2.007345,-1.122570,0.592124,-0.032496
1752,33.140000,0.243553,1.777300,0.284610,1.439981,1.483490,-3.492959,-0.771904,1.341030,-1.125385,-2.331160,0.714563,-1.470672,1.982987,-1.112541,0.546607,-0.051122
1753,33.160000,0.226391,1.769512,0.262637,1.435272,1.476628,-3.480781,-0.771989,1.329968,-1.114663,-2.310176,0.708405,-1.492473,1.927520,-1.130449,0.490871,-0.043064
1754,33.180000,0.177389,1.740182,0.297723,1.465788,1.477983,-3.474278,-0.789735,1.330383,-1.147865,-2.213468,0.693519,-1.526078,1.920853,-1.158688,0.505181,-0.057252
1755,33.200000,0.191124,1.827270,0.342133,1.444776,1.470144,-3.445517,-0.769677,1.297668,-1.134153,-2.229985,0.669490,-1.472468,1.882617,-1.205207,0.494883,-0.090779
1756,33.220000,0.221681,1.834892,0.358195,1.388851,1.479423,-3.416405,-0.762194,1.274133,-1.135026,-2.200240,0.679989,-1.457993,1.857765,-1.202209,0.485428,-0.098792
1757,33.240000,0.263048,1.832480,0.352808,1.366190,1.440438,-3.416387,-0.732917,1.309196,-1.186869,-2.157603,0.708634,-1.458693,1.937264,-1.143347,0.571017,-0.054498
1758,33.260000,0.225017,1.790108,0.311654,1.414189,1.447630,-3.432979,-0.756363,1.297559,-1.171047,-2.181069,0.680384,-1.454676,1.945047,-1.122940,0.558490,-0.067639
1759,33.280000,0.186355,1.736539,0.289516,1.443732,1.487676,-3.429257,-0.775462,1.293849,-1.143962,-2.128609,0.679536,-1.492082,1.858855,-1.125359,0.501216,-0.054656
1760,33.300000,0.241559,1.812689,0.317445,1.437810,1.439007,-3.436852,-0.743381,1.287448,-1.159252,-2.194026,0.669880,-1.430497,1.839850,-1.159909,0.483908,-0.093705
1761,33.320000,0.252826,1.819079,0.342270,1.431304,1.447195,-3.435652,-0.739586,1.268462,-1.146881,-2.209329,0.661386,-1.422015,1.829301,-1.178620,0.473589,-0.142161
1762,33.340000,0.264811,1.817993,0.361966,1.434721,1.435319,-3.423149,-0.723664,1.279967,-1.161592,-2.198636,0.661235,-1.423193,1.875039,-1.176908,0.498218,-0.143574
1763,33.360000,0.273480,1.797530,0.347599,1.432327,1.423818,-3.436127,-0.727280,1.284010,-1.188749,-2.157196,0.666740,-1.457855,1.911702,-1.134973,0.523275,-0.127602
1764,33.380000,0.236983,1.723650,0.311938,1.479267,1.424070,-3.443353,-0.747902,1.269855,-1.180519,-2.138510,0.645527,-1.482348,1.855875,-1.151183,0.461720,-0.176832
1765,33.400000,0.277001,1.792845,0.309203,1.466118,1.429835,-3.442305,-0.733271,1.251607,-1.122133,-2.225176,0.637031,-1.438850,1.748473,-1.189414,0.348107,-0.211862
1766,33.420000,0.321345,1.806509,0.359735,1.413964,1.405527,-3.421312,-0.711309,1.245457,-1.142560,-2.196059,0.649138,-1.440026,1.726299,-1.173154,0.367801,-0.206995
1767,33.440000,0.316983,1.780020,0.375180,1.428797,1.369189,-3.444711,-0.714680,1.269036,-1.239729,-2.140864,0.660555,-1.438283,1.897173,-1.107767,0.526661,-0.193455
1768,33.460000,0.222485,1.729094,0.352253,1.470941,1.416957,-3.418680,-0.729355,1.243073,-1.175873,-2.120486,0.611349,-1.472842,1.836462,-1.143525,0.457079,-0.239221
1769,33.480000,0.286855,1.814268,0.400839,1.463467,1.375601,-3.431958,-0.683494,1.276481,-1.192441,-2.155591,0.633000,-1.411116,1.876573,-1.182337,0.535381,-0.292212
1770,33.500000,0.308474,1.802320,0.377819,1.447720,1.369058,-3.422998,-0.683452,1.247091,-1.184386,-2.181483,0.618342,-1.403456,1.873292,-1.220427,0.521227,-0.336311
1771,33.520000,0.327673,1.767064,0.356547,1.425682,1.394064,-3.401998,-0.686623,1.261634,-1.150326,-2.160902,0.634720,-1.433789,1.839128,-1.217681,0.465750,-0.277668
1772,33.540000,0.366464,1.802206,0.337839,1.384466,1.373738,-3.399159,-0.669400,1.251762,-1.137007,-2.186244,0.633917,-1.417679,1.782766,-1.203880,0.393423,-0.264420
1773,33.560000,0.367259,1.816857,0.376558,1.371684,1.349926,-3.411814,-0.643094,1.258481,-1.179057,-2.165125,0.637267,-1.407895,1.834508,-1.181655,0.453530,-0.293964
1774,33.580000,0.343285,1.794865,0.399728,1.403635,1.339802,-3.430588,-0.681594,1.250759,-1.182289,-2.169174,0.611592,-1.407977,1.880903,-1.162466,0.494308,-0.319486
1775,33.600000,0.319636,1.789672,0.423073,1.396448,1.369487,-3.397565,-0.675869,1.240680,-1.148128,-2.125583,0.616152,-1.414196,1.844831,-1.148076,0.476655,-0.300997
1776,33.620000,0.352726,1.832778,0.422908,1.401483,1.341622,-3.413266,-0.656496,1.264498,-1.159169,-2.139855,0.633137,-1.394721,1.872523,-1.115581,0.532292,-0.277769
1777,33.640000,0.348743,1.838974,0.421373,1.406896,1.348963,-3.407294,-0.644982,1.256107,-1.127519,-2.193872,0.630518,-1.392909,1.864703,-1.111785,0.513896,-0.266067
1778,33.660000,0.348418,1.817735,0.391833,1.399572,1.368957,-3.397135,-0.651562,1.254308,-1.086551,-2.188410,0.630994,-1.387338,1.837631,-1.127360,0.453975,-0.258860
1779,33.680000,0.298392,1.748930,0.388890,1.423175,1.388208,-3.374725,-0.681661,1.257383,-1.069357,-2.108397,0.628376,-1.448883,1.782660,-1.122746,0.413965,-0.187784
1780,33.700000,0.324778,1.831988,0.425597,1.390045,1.360143,-3.354774,-0.660969,1.242093,-1.129629,-2.105118,0.621173,-1.399498,1.819075,-1.136574,0.461739,-0.199445
1781,33.720000,0.308520,1.849558,0.489868,1.402831,1.362557,-3.358831,-0.667733,1.225066,-1.129650,-2.116025,0.607556,-1.382926,1.846244,-1.110073,0.503797,-0.217037
1782,33.740000,0.311276,1.845141,0.496065,1.414953,1.362091,-3.346940,-0.661586,1.232113,-1.107643,-2.123281,0.613058,-1.366562,1.885064,-1.121821,0.537323,-0.212946
1783,33.760000,0.261902,1.765530,0.467756,1.445930,1.371969,-3.335788,-0.694817,1.221065,-1.140856,-2.055972,0.592609,-1.421133,1.862977,-1.146993,0.532368,-0.191938
1784,33.780000,0.306790,1.834556,0.469402,1.454375,1.357213,-3.343711,-0.665246,1.231635,-1.142985,-2.116540,0.610206,-1.372676,1.861176,-1.157205,0.551578,-0.215581
1785,33.800000,0.323512,1.822032,0.462338,1.480133,1.332881,-3.361109,-0.672253,1.205936,-1.155183,-2.192189,0.585947,-1.362561,1.828218,-1.188225,0.493219,-0.285655
1786,33.820000,0.350455,1.802942,0.445644,1.508009,1.347413,-3.379092,-0.678559,1.242050,-1.162294,-2.229936,0.619588,-1.355339,1.905628,-1.149131,0.528704,-0.279766
1787,33.840000,0.323356,1.779321,0.437583,1.520769,1.341766,-3.369788,-0.691767,1.215935,-1.155696,-2.242120,0.591244,-1.388002,1.843158,-1.153670,0.480314,-0.272453
1788,33.860000,0.283791,1.710462,0.437100,1.546772,1.364987,-3.359272,-0.712983,1.208163,-1.135593,-2.208568,0.578834,-1.415111,1.788985,-1.185991,0.429162,-0.278299
1789,33.880000,0.328387,1.797316,0.448100,1.537147,1.328024,-3.361187,-0.670080,1.219640,-1.177448,-2.241978,0.597191,-1.382557,1.828025,-1.171360,0.470225,-0.282297
1790,33.900000,0.354032,1.792337,0.429058,1.552480,1.349517,-3.397777,-0.674022,1.229346,-1.198418,-2.320635,0.602832,-1.356231,1.901798,-1.142941,0.523312,-0.310126
1791,33.920000,0.340754,1.749561,0.438576,1.562744,1.330095,-3.373358,-0.666006,1.231175,-1.099317,-2.364589,0.597611,-1.374309,1.860973,-1.155943,0.439156,-0.302534
1792,33.940000,0.338999,1.753965,0.452489,1.544806,1.319663,-3.369044,-0.655935,1.231070,-1.123322,-2.345270,0.600416,-1.395507,1.858912,-1.165807,0.450376,-0.279966
1793,33.960000,0.294446,1.725199,0.460178,1.551893,1.354201,-3.354100,-0.669049,1.250667,-1.146772,-2.268641,0.597009,-1.443702,1.896596,-1.148120,0.504049,-0.246098
1794,33.980000,0.282164,1.793988,0.496619,1.572770,1.285292,-3.385579,-0.649287,1.229843,-1.111055,-2.370664,0.561427,-1.381490,1.893291,-1.213987,0.470255,-0.362236
1795,34.000000,0.280456,1.804075,0.541030,1.578476,1.312554,-3.385508,-0.649764,1.240843,-1.116160,-2.379178,0.586098,-1.364449,1.940182,-1.216309,0.539860,-0.394352
1796,34.020000,0.292516,1.788035,0.528441,1.587819,1.284754,-3.382769,-0.653773,1.239342,-1.114315,-2.384318,0.586803,-1.382392,1.982306,-1.226400,0.547749,-0.388699
1797,34.040000,0.261583,1.727864,0.508356,1.608173,1.373126,-3.361212,-0.667366,1.248497,-1.078395,-2.350525,0.573727,-1.423839,1.932153,-1.248921,0.491032,-0.381771
1798,34.060000,0.316661,1.785185,0.484191,1.580348,1.309674,-3.383256,-0.657798,1.267550,-1.079173,-2.404520,0.598669,-1.407073,1.915316,-1.231574,0.498712,-0.361339
1799,34.080000,0.319866,1.802272,0.503814,1.556852,1.441065,-3.335557,-0.639269,1.237116,-0.996684,-2.464947,0.562513,-1.374771,1.836944,-1.258265,0.383318,-0.377282
1800,34.100000,0.331676,1.793424,0.530541,1.524380,1.311160,-3.349735,-0.641417,1.271348,-1.096006,-2.400479,0.595625,-1.405457,1.958377,-1.196092,0.523618,-0.314185
1801,34.120000,0.310179,1.745787,0.496621,1.543164,1.277465,-3.397409,-0.679065,1.233625,-1.127771,-2.430160,0.565389,-1.412580,1.969973,-1.201968,0.510321,-0.357010
1802,34.140000,0.275613,1.697230,0.515131,1.591504,1.302312,-3.379869,-0.692271,1.251750,-1.137833,-2.380174,0.586894,-1.427788,1.962059,-1.186567,0.555327,-0.337305
1803,34.160000,0.307508,1.777510,0.489631,1.580414,1.450824,-3.342127,-0.672572,1.244242,-1.043967,-2.477877,0.562875,-1.377469,1.859845,-1.215127,0.454996,-0.324738
1804,34.180000,0.369215,1.761391,0.477974,1.495381,1.323195,-3.333652,-0.649100,1.235929,-1.102370,-2.458271,0.604186,-1.396378,1.855900,-1.171419,0.478123,-0.251516
1805,34.200000,0.363853,1.760107,0.512873,1.460522,1.304446,-3.333182,-0.637630,1.221351,-1.064732,-2.460080,0.594134,-1.406342,1.861767,-1.153906,0.469808,-0.212711
1806,34.220000,0.343508,1.763128,0.523841,1.454485,1.373009,-3.322891,-0.630191,1.257412,-1.064286,-2.406187,0.600428,-1.415126,1.933297,-1.137278,0.523102,-0.174201
1807,34.240000,0.293048,1.695305,0.497177,1.500439,1.280612,-3.363706,-0.670747,1.260284,-1.185914,-2.325476,0.595758,-1.445596,2.035054,-1.097138,0.648045,-0.201170
1808,34.260000,0.320592,1.765259,0.508979,1.563035,1.300784,-3.413914,-0.657978,1.284588,-1.182960,-2.465680,0.612860,-1.382073,2.091769,-1.106529,0.736198,-0.239291
1809,34.280000,0.347984,1.760922,0.474200,1.632378,1.302255,-3.433991,-0.677137,1.284493,-1.193677,-2.598884,0.618463,-1.335508,2.087989,-1.145867,0.727732,-0.297504
1810,34.300000,0.366354,1.761442,0.455943,1.684907,1.325484,-3.469886,-0.663922,1.327547,-1.148387,-2.714200,0.655417,-1.315933,2.133344,-1.136667,0.759587,-0.285030
1811,34.320000,0.350659,1.760087,0.446676,1.680577,1.395586,-3.443827,-0.629495,1.322238,-1.035960,-2.811792,0.626624,-1.319397,2.045834,-1.208501,0.614105,-0.315999
1812,34.340000,0.380740,1.760823,0.462601,1.592782,1.334888,-3.442811,-0.612795,1.313865,-1.005627,-2.791586,0.644827,-1.351882,1.977947,-1.268155,0.514186,-0.357149
1813,34.360000,0.366841,1.757167,0.476987,1.506781,1.351810,-3.421735,-0.612948,1.282817,-0.935357,-2.739076,0.612319,-1.390997,1.888225,-1.344055,0.371813,-0.390570
1814,34.380000,0.364934,1.769736,0.525943,1.369242,1.358190,-3.358222,-0.614636,1.277239,-0.930644,-2.580137,0.620434,-1.440311,1.871439,-1.323554,0.356220,-0.333693
1815,34.400000,0.369718,1.776458,0.547463,1.290665,1.410161,-3.313120,-0.629686,1.282897,-1.017120,-2.422177,0.602140,-1.461076,1.938907,-1.251510,0.445535,-0.282589
1816,34.420000,0.341613,1.728662,0.522017,1.236362,1.284168,-3.344735,-0.680222,1.269680,-1.188020,-2.253119,0.604750,-1.494886,2.044410,-1.161013,0.616471,-0.259470
1817,34.440000,0.289948,1.656149,0.515190,1.289635,1.270943,-3.379564,-0.755404,1.239303,-1.299262,-2.155458,0.579957,-1.530054,2.000546,-1.162253,0.691269,-0.295155
1818,34.460000,0.369565,1.701840,0.464346,1.260476,1.267678,-3.372671,-0.753275,1.212036,-1.328042,-2.193943,0.584434,-1.445692,1.869151,-1.215049,0.643118,-0.344796
1819,34.480000,0.425208,1.692474,0.449509,1.252294,1.243629,-3.392531,-0.738982,1.209458,-1.407191,-2.222749,0.602474,-1.422408,1.834266,-1.203948,0.676012,-0.377498
1820,34.500000,0.480035,1.654632,0.381041,1.187906,1.245784,-3.382098,-0.719002,1.185453,-1.373284,-2.237444,0.601644,-1.420140,1.718502,-1.230775,0.558165,-0.379009
1821,34.520000,0.540922,1.619271,0.312354,1.068598,1.218985,-3.424340,-0.724058,1.183705,-1.485612,-2.074009,0.615008,-1.447570,1.635172,-1.289106,0.521988,-0.496156
1822,34.540000,0.616671,1.628018,0.252622,0.938282,1.175813,-3.462197,-0.725752,1.152297,-1.582769,-1.966672,0.582852,-1.428490,1.552260,-1.394409,0.484817,-0.686380
1823,34.560000,0.695640,1.582457,0.205562,0.826739,1.136573,-3.494696,-0.754145,1.126522,-1.654591,-1.838213,0.542365,-1.439891,1.449445,-1.488593,0.417733,-0.867040
1824,34.580000,0.755546,1.518844,0.190773,0.721061,1.098940,-3.498430,-0.783941,1.112266,-1.715602,-1.654003,0.515675,-1.520473,1.308646,-1.543539,0.339511,-0.949967
1825,34.600000,0.850967,1.524576,0.185416,0.603480,1.057067,-3.494448,-0.797251,1.083145,-1.725720,-1.532993,0.487068,-1.539867,1.190456,-1.583204,0.287298,-1.013039
1826,34.620000,0.924060,1.461730,0.186580,0.507553,1.014650,-3.516910,-0.832547,1.107004,-1.812357,-1.297624,0.488741,-1.624750,1.184714,-1.564165,0.394965,-0.986928
1827,34.640000,0.982091,1.476203,0.027014,0.367643,0.964312,-3.501777,-0.916619,1.090316,-1.844968,-1.080475,0.455101,-1.602728,1.120068,-1.553078,0.392179,-0.984196
1828,34.660000,1.108705,1.452640,0.015567,0.292082,0.991061,-3.524659,-0.874082,1.124691,-1.811606,-1.026924,0.471743,-1.626588,1.059369,-1.578555,0.376082,-0.959480
1829,34.680000,1.188214,1.483585,0.022783,0.256648,0.977117,-3.552048,-0.822701,1.139735,-1.738028,-0.988814,0.473675,-1.646400,1.008409,-1.587140,0.298654,-0.965482
1830,34.700000,1.209567,1.480836,-0.088047,0.167100,0.933856,-3.574585,-0.888491,1.162617,-1.785829,-0.779677,0.463220,-1.650224,0.991602,-1.595993,0.320723,-0.970467
1831,34.720000,1.313396,1.491431,-0.066486,0.157029,0.968248,-3.597579,-0.822393,1.187602,-1.683713,-0.784654,0.466205,-1.651151,0.936874,-1.620197,0.238728,-0.941160
1832,34.740000,1.352640,1.524920,-0.035951,0.146391,0.976439,-3.622563,-0.783925,1.200531,-1.580677,-0.765432,0.456172,-1.692103,0.844197,-1.653260,0.112315,-0.954511
1833,34.760000,1.396471,1.543484,-0.042275,0.104887,0.947103,-3.630023,-0.777062,1.216691,-1.578394,-0.655347,0.433972,-1.702098,0.846401,-1.718820,0.087420,-1.008826
1834,34.780000,1.464163,1.567154,-0.025103,0.087085,0.963991,-3.629968,-0.746563,1.247424,-1.514511,-0.616018,0.447358,-1.724775,0.847069,-1.710540,0.056387,-0.980570
1835,34.800000,1.474526,1.584438,-0.081099,0.064955,0.959133,-3.615323,-0.787652,1.257382,-1.500210,-0.493149,0.444999,-1.719546,0.801058,-1.664893,0.022118,-0.924314
1836,34.820000,1.544254,1.592522,-0.105025,0.068850,0.984567,-3.621908,-0.781612,1.294896,-1.474591,-0.433946,0.457846,-1.706988,0.839821,-1.624812,0.029440,-0.846832
1837,34.840000,1.508228,1.619672,-0.206950,0.064832,0.968813,-3.628343,-0.843933,1.278237,-1.506494,-0.271795,0.434042,-1.667758,0.828573,-1.625796,0.017281,-0.842634
1838,34.860000,1.571973,1.610627,-0.212420,0.093562,1.003886,-3.642796,-0.816427,1.293902,-1.455039,-0.303524,0.432840,-1.655943,0.780663,-1.673629,-0.031356,-0.857986
1839,34.880000,1.606936,1.623074,-0.197055,0.131815,1.018125,-3.647567,-0.795298,1.337381,-1.448685,-0.285223,0.440923,-1.665712,0.792221,-1.687320,-0.044165,-0.838130
1840,34.900000,1.646963,1.647777,-0.250884,0.120981,1.016287,-3.644958,-0.824087,1.333564,-1.442342,-0.277161,0.436124,-1.633004,0.772447,-1.670478,-0.066624,-0.802975
1841,34.920000,1.585981,1.564403,-0.219968,0.198588,1.067613,-3.647779,-0.837517,1.360241,-1.445098,-0.177371,0.456003,-1.693604,0.705672,-1.665567,-0.112588,-0.719711
1842,34.940000,1.651428,1.641069,-0.280289,0.183512,1.042152,-3.646530,-0.836541,1.349596,-1.463445,-0.189589,0.440319,-1.655702,0.657381,-1.700047,-0.147015,-0.726868
1843,34.960000,1.679416,1.658738,-0.294602,0.182234,1.016145,-3.651308,-0.816465,1.362954,-1.535529,-0.173543,0.444429,-1.611084,0.726477,-1.708973,-0.066164,-0.802893
1844,34.980000,1.724986,1.647021,-0.320664,0.196610,1.020914,-3.651422,-0.815953,1.367373,-1.547640,-0.219450,0.453730,-1.574954,0.747923,-1.713399,-0.053737,-0.804085
1845,35.000000,1.650846,1.569657,-0.309275,0.259598,1.067166,-3.662733,-0.846329,1.365555,-1.538884,-0.156376,0.455339,-1.626390,0.668005,-1.682330,-0.135129,-0.763844
1846,35.020000,1.669564,1.634882,-0.399951,0.232632,1.038564,-3.648124,-0.876683,1.351395,-1.600686,-0.120262,0.439994,-1.565848,0.611410,-1.678569,-0.117510,-0.770102
1847,35.040000,1.694058,1.610279,-0.351982,0.241492,1.070469,-3.627994,-0.871458,1.344543,-1.589991,-0.125222,0.461057,-1.560735,0.558381,-1.649564,-0.121977,-0.725950
1848,35.060000,1.726894,1.654808,-0.374367,0.234557,1.030491,-3.620525,-0.824939,1.352751,-1.595810,-0.156002,0.441802,-1.517320,0.579394,-1.726973,-0.135238,-0.807810
1849,35.080000,1.739110,1.646720,-0.407724,0.229782,1.024752,-3.630691,-0.815574,1.348392,-1.613031,-0.178169,0.432395,-1.512570,0.588820,-1.753626,-0.135362,-0.867628
1850,35.100000,1.785279,1.651231,-0.429694,0.229342,0.999983,-3.622484,-0.807430,1.359508,-1.649471,-0.181731,0.420713,-1.463820,0.600484,-1.788019,-0.118129,-0.933288
1851,35.120000,1.810372,1.650837,-0.419407,0.231085,0.998932,-3.612503,-0.793905,1.359942,-1.648761,-0.190820,0.420545,-1.448477,0.607389,-1.807677,-0.099719,-0.968194
1852,35.140000,1.756564,1.580802,-0.423426,0.275433,1.053527,-3.629044,-0.833224,1.377278,-1.645585,-0.109927,0.442434,-1.528631,0.601118,-1.797007,-0.123790,-0.901952
1853,35.160000,1.794711,1.660258,-0.451718,0.264331,1.046205,-3.594430,-0.813971,1.364778,-1.605109,-0.156443,0.409404,-1.483828,0.548705,-1.846073,-0.185034,-0.907168
1854,35.180000,1.698188,1.592055,-0.415045,0.308181,1.055647,-3.612898,-0.826002,1.374453,-1.606691,-0.074651,0.419925,-1.541071,0.538837,-1.855925,-0.211535,-0.897752
1855,35.200000,1.815086,1.661857,-0.474589,0.274812,1.048035,-3.568494,-0.837634,1.372682,-1.566723,-0.115588,0.422825,-1.487455,0.474519,-1.858418,-0.284565,-0.833986
1856,35.220000,1.825977,1.683521,-0.461687,0.269057,1.054322,-3.551958,-0.800857,1.377582,-1.595737,-0.131311,0.418041,-1.450335,0.510923,-1.876132,-0.240825,-0.881324
1857,35.240000,1.847848,1.679061,-0.468039,0.244323,1.003571,-3.558854,-0.785176,1.371619,-1.600621,-0.115632,0.413584,-1.446014,0.528215,-1.909150,-0.239295,-0.921808
1858,35.260000,1.892546,1.690343,-0.474981,0.235377,1.006265,-3.562428,-0.777010,1.374763,-1.586881,-0.128252,0.403584,-1.428273,0.519165,-1.924987,-0.245383,-0.959439
1859,35.280000,1.832002,1.689182,-0.561051,0.222244,1.012549,-3.531787,-0.826136,1.378947,-1.651132,-0.025101,0.400780,-1.393054,0.571031,-1.876871,-0.168781,-0.959335
1860,35.300000,1.874441,1.682781,-0.519872,0.217868,0.994792,-3.549624,-0.773324,1.379150,-1.583760,-0.103894,0.387942,-1.380549,0.530116,-1.920318,-0.243922,-0.999872
1861,35.320000,1.863919,1.685352,-0.521258,0.291566,1.078830,-3.516753,-0.787960,1.385955,-1.530700,-0.164667,0.357614,-1.369423,0.495881,-1.929723,-0.316457,-1.020328
1862,35.340000,1.759817,1.609480,-0.494243,0.304431,1.037721,-3.548478,-0.827193,1.391192,-1.582716,0.008714,0.374591,-1.460542,0.488997,-1.928837,-0.312406,-0.961107
1863,35.360000,1.834196,1.680396,-0.489178,0.292654,1.033252,-3.551595,-0.813371,1.398553,-1.576213,-0.044825,0.370339,-1.431335,0.508854,-1.944184,-0.305901,-0.950249
1864,35.380000,1.751262,1.634941,-0.405283,0.355306,1.048596,-3.538476,-0.792485,1.389356,-1.532091,-0.006255,0.359009,-1.476283,0.516023,-1.991894,-0.337321,-0.974315
1865,35.400000,1.818243,1.695731,-0.466206,0.311603,1.013309,-3.535679,-0.786780,1.414681,-1.580981,-0.002555,0.361947,-1.421334,0.573068,-2.034230,-0.269163,-1.020553
1866,35.420000,1.842813,1.709297,-0.514787,0.346188,1.080691,-3.503600,-0.788566,1.391003,-1.551570,-0.102360,0.334783,-1.356628,0.556401,-2.042405,-0.302646,-1.067888
1867,35.440000,1.802854,1.702735,-0.549741,0.276857,0.978492,-3.523200,-0.802560,1.402775,-1.632824,0.033546,0.344096,-1.372718,0.582226,-2.039639,-0.231956,-1.106642
1868,35.460000,1.862058,1.704069,-0.571998,0.305731,1.070307,-3.498133,-0.812403,1.391886,-1.558077,-0.091013,0.321668,-1.316900,0.520091,-2.035207,-0.321714,-1.129175
1869,35.480000,1.891561,1.691345,-0.526969,0.258678,1.004001,-3.517068,-0.790140,1.402582,-1.568823,-0.063330,0.337625,-1.352576,0.474988,-2.048934,-0.340267,-1.147273
1870,35.500000,1.924267,1.706662,-0.572054,0.259951,1.049906,-3.491336,-0.813720,1.392585,-1.603628,-0.075408,0.305344,-1.319142,0.447299,-2.092988,-0.355019,-1.203138
1871,35.520000,1.980003,1.693219,-0.555007,0.188046,0.970034,-3.501273,-0.797678,1.400714,-1.636667,-0.036406,0.322034,-1.329820,0.424898,-2.079543,-0.325738,-1.210524
1872,35.540000,1.999953,1.696684,-0.615364,0.193856,0.996694,-3.481076,-0.828470,1.388739,-1.688047,-0.008646,0.288210,-1.298527,0.398339,-2.107790,-0.332623,-1.294702
1873,35.560000,2.088500,1.678632,-0.623486,0.104423,0.928787,-3.506896,-0.818684,1.379969,-1.702916,0.031903,0.297603,-1.298697,0.383476,-2.150513,-0.315614,-1.367994
1874,35.580000,2.098141,1.681327,-0.681548,0.100811,0.948964,-3.495499,-0.875843,1.359523,-1.743956,0.073330,0.250155,-1.274915,0.319784,-2.179387,-0.336171,-1.460877
1875,35.600000,2.237089,1.659071,-0.654670,0.003314,0.895954,-3.491009,-0.865100,1.385786,-1.752505,0.114224,0.278429,-1.295404,0.231647,-2.196184,-0.325526,-1.465402
1876,35.620000,2.292580,1.592272,-0.778148,-0.031443,0.836847,-3.472710,-0.856303,1.301261,-1.951436,0.113580,0.250362,-1.266241,0.060864,-2.197757,-0.384337,-1.530788
1877,35.640000,2.415072,1.596166,-0.656812,-0.118743,0.821841,-3.457896,-0.859703,1.342027,-1.846808,0.122072,0.252673,-1.283310,0.010098,-2.180295,-0.387390,-1.511033
1878,35.660000,2.422238,1.618188,-0.683116,-0.132378,0.818380,-3.466325,-0.830110,1.376794,-1.817210,0.130358,0.237009,-1.279045,0.066869,-2.195062,-0.375307,-1.569996
1879,35.680000,2.407760,1.600842,-0.784211,-0.170850,0.759550,-3.479317,-0.850655,1.391220,-1.838243,0.246013,0.214737,-1.284992,0.081663,-2.215554,-0.338456,-1.547282
1880,35.700000,2.443178,1.595007,-0.802071,-0.135416,0.820563,-3.464182,-0.813816,1.403100,-1.772263,0.158698,0.182970,-1.254122,0.046574,-2.301265,-0.398933,-1.609487
1881,35.720000,2.473737,1.597715,-0.804290,-0.143297,0.786241,-3.480095,-0.815843,1.415607,-1.755236,0.187948,0.183204,-1.273038,-0.006007,-2.322301,-0.466224,-1.620855
1882,35.740000,2.505960,1.549069,-0.854212,-0.131339,0.803548,-3.463387,-0.791599,1.366512,-1.890901,0.089910,0.158270,-1.238552,-0.159581,-2.361567,-0.513385,-1.654546
1883,35.760000,2.529581,1.581535,-0.764366,-0.170849,0.775641,-3.465019,-0.776888,1.409682,-1.780727,0.132941,0.163131,-1.266187,-0.143902,-2.390647,-0.516416,-1.671860
1884,35.780000,2.506207,1.609487,-0.793104,-0.185410,0.763063,-3.464994,-0.769310,1.446696,-1.759263,0.156500,0.154960,-1.249118,-0.020613,-2.414171,-0.446846,-1.705321
1885,35.800000,2.391977,1.584992,-0.809305,-0.068575,0.890872,-3.422153,-0.745906,1.480278,-1.725645,0.135067,0.144982,-1.277969,0.007740,-2.466294,-0.401745,-1.634663
1886,35.820000,2.443668,1.633106,-0.878493,-0.096398,0.843693,-3.433039,-0.713169,1.486900,-1.651881,0.103423,0.153715,-1.242822,0.001344,-2.497734,-0.442056,-1.602532
1887,35.840000,2.372826,1.570774,-0.927258,-0.052662,0.868208,-3.434874,-0.708206,1.421692,-1.777723,0.076900,0.150855,-1.242939,-0.118631,-2.488178,-0.487586,-1.593225
1888,35.860000,2.370205,1.641651,-0.886283,-0.033186,0.933247,-3.363041,-0.670979,1.480076,-1.615838,-0.001710,0.131535,-1.188461,-0.109950,-2.548092,-0.490860,-1.601328
1889,35.880000,2.241939,1.661434,-0.885032,0.080522,1.033511,-3.346467,-0.664940,1.521979,-1.535276,-0.026339,0.115974,-1.188684,-0.017081,-2.553381,-0.480170,-1.602895
1890,35.900000,2.272483,1.670936,-0.971398,-0.020447,0.920458,-3.375464,-0.647430,1.529854,-1.554586,0.012627,0.149437,-1.152370,0.028914,-2.551688,-0.428424,-1.519508
1891,35.920000,2.256120,1.683871,-0.876200,-0.009078,0.943750,-3.391136,-0.606323,1.557438,-1.414840,-0.045795,0.167895,-1.190027,0.035724,-2.540676,-0.480970,-1.456082
1892,35.940000,2.208320,1.681505,-0.949642,0.012805,0.944104,-3.373873,-0.558552,1.507425,-1.593546,-0.089554,0.171698,-1.137171,-0.008723,-2.565069,-0.438758,-1.494199
1893,35.960000,2.089659,1.733165,-0.953073,0.034099,0.980677,-3.334273,-0.588652,1.534137,-1.471156,-0.038866,0.151815,-1.099928,0.083504,-2.568941,-0.409165,-1.525779
1894,35.980000,2.075548,1.766093,-0.918870,0.050296,1.025349,-3.338934,-0.557454,1.601479,-1.341058,-0.129302,0.153960,-1.088108,0.190495,-2.596201,-0.385791,-1.530016
1895,36.000000,2.008474,1.785949,-0.981832,0.137903,1.095524,-3.295699,-0.543769,1.602033,-1.269379,-0.222367,0.143205,-1.062637,0.174820,-2.586941,-0.434281,-1.485152
1896,36.020000,2.018988,1.783490,-0.869592,0.083888,1.042968,-3.347806,-0.541791,1.625017,-1.132645,-0.201501,0.180458,-1.134392,0.204214,-2.585208,-0.488760,-1.380656
1897,36.040000,2.013862,1.832207,-0.896174,0.061506,1.031431,-3.369254,-0.549554,1.622443,-1.100492,-0.238201,0.196718,-1.132739,0.265178,-2.568261,-0.492267,-1.325114
1898,36.060000,1.945840,1.839688,-0.967108,0.022065,1.006638,-3.322820,-0.592257,1.598294,-1.182616,-0.147239,0.206847,-1.109849,0.264721,-2.513509,-0.458307,-1.265819
1899,36.080000,1.922267,1.820508,-0.867971,0.049335,1.034639,-3.335150,-0.574646,1.603744,-1.090584,-0.197144,0.217457,-1.126295,0.250319,-2.499576,-0.525182,-1.249289
1900,36.100000,1.876158,1.856830,-0.922348,0.074271,1.031545,-3.317662,-0.594756,1.587952,-1.129068,-0.208147,0.203984,-1.086704,0.258242,-2.464318,-0.525332,-1.285625
1901,36.120000,1.839203,1.839893,-0.931856,0.125080,1.088311,-3.297587,-0.601704,1.581321,-1.162751,-0.237632,0.186812,-1.036668,0.282731,-2.502016,-0.493650,-1.337660
1902,36.140000,1.728789,1.779975,-0.998148,0.255790,1.170272,-3.276541,-0.643102,1.525048,-1.310443,-0.245482,0.172781,-1.030299,0.228862,-2.474508,-0.502544,-1.364963
1903,36.160000,1.626111,1.766204,-0.906907,0.329724,1.214303,-3.257641,-0.675838,1.541878,-1.282359,-0.185521,0.156736,-1.073701,0.242813,-2.485453,-0.515169,-1.354367
1904,36.180000,1.680729,1.826269,-0.921165,0.303196,1.193031,-3.233609,-0.696393,1.527881,-1.309678,-0.247366,0.157482,-1.015691,0.266578,-2.453483,-0.474580,-1.361084
1905,36.200000,1.649064,1.806490,-0.992508,0.286271,1.158692,-3.212661,-0.740621,1.514307,-1.422233,-0.136680,0.139774,-0.985512,0.281404,-2.441366,-0.375323,-1.384544
1906,36.220000,1.699124,1.654253,-0.953237,0.273308,1.095642,-3.279803,-0.708417,1.405690,-1.544234,-0.156644,0.184114,-1.071568,0.127731,-2.389632,-0.452980,-1.305286
1907,36.240000,1.761755,1.758188,-0.931730,0.151187,1.016841,-3.246286,-0.708614,1.431538,-1.477791,-0.142108,0.176394,-1.013962,0.108162,-2.384311,-0.438218,-1.359689
1908,36.260000,1.787096,1.713520,-0.809087,0.132801,1.053057,-3.256088,-0.696909,1.465224,-1.352736,-0.183463,0.180382,-1.082334,0.109900,-2.384027,-0.481878,-1.366327
1909,36.280000,1.798909,1.770553,-0.908473,0.136164,1.035347,-3.232555,-0.655329,1.495864,-1.368010,-0.184641,0.146513,-1.010725,0.129245,-2.450302,-0.467565,-1.440413
1910,36.300000,1.791127,1.708910,-0.822542,0.134448,1.019706,-3.303794,-0.644445,1.486318,-1.337408,-0.166188,0.163699,-1.100536,0.164539,-2.477177,-0.497353,-1.447206
1911,36.320000,1.861005,1.770068,-0.871569,0.083389,0.971776,-3.294826,-0.621900,1.486660,-1.361745,-0.163009,0.151129,-1.061238,0.225463,-2.533461,-0.469744,-1.515057
1912,36.340000,1.941738,1.741264,-0.906486,0.077909,1.006083,-3.264007,-0.618309,1.432036,-1.419009,-0.286911,0.153219,-1.014982,0.158456,-2.493993,-0.464086,-1.529129
1913,36.360000,1.881392,1.785815,-0.904466,0.136992,1.098323,-3.239178,-0.626412,1.510321,-1.376509,-0.277028,0.127767,-0.978745,0.236543,-2.519325,-0.384614,-1.590868
1914,36.380000,1.961794,1.787799,-0.926212,0.049197,0.988398,-3.278053,-0.598348,1.499184,-1.356865,-0.296714,0.153938,-1.014224,0.261000,-2.497289,-0.382346,-1.567647
1915,36.400000,2.009233,1.759859,-0.968590,0.011150,0.979446,-3.302314,-0.596506,1.489598,-1.304178,-0.308920,0.138385,-1.012800,0.188567,-2.493026,-0.450432,-1.576331
1916,36.420000,1.845050,1.714798,-0.957301,0.078655,0.998738,-3.308802,-0.672541,1.509612,-1.360620,-0.104079,0.137071,-1.109041,0.189477,-2.494984,-0.435774,-1.541708
1917,36.440000,1.955055,1.685819,-1.033541,0.098276,1.031178,-3.285484,-0.675254,1.399155,-1.543429,-0.229921,0.129202,-1.061946,0.036856,-2.477424,-0.486357,-1.512432
1918,36.460000,1.917023,1.725330,-0.916786,0.145757,1.089444,-3.235413,-0.670667,1.444423,-1.422352,-0.236285,0.102083,-1.033172,-0.000145,-2.519624,-0.542579,-1.609166
1919,36.480000,1.951943,1.774574,-0.903655,0.020613,0.920216,-3.274480,-0.671833,1.479928,-1.490045,-0.108578,0.123992,-1.054167,0.167767,-2.535178,-0.391113,-1.649647
1920,36.500000,2.004773,1.723520,-0.859737,0.013262,0.952493,-3.300530,-0.649308,1.476868,-1.400326,-0.146570,0.124953,-1.102417,0.178979,-2.542407,-0.396597,-1.580322
1921,36.520000,2.028031,1.770236,-0.920676,0.000611,0.939735,-3.275231,-0.637251,1.487988,-1.337575,-0.182479,0.102434,-1.072031,0.140396,-2.569444,-0.460116,-1.591991
1922,36.540000,1.980064,1.702861,-0.861171,0.067386,1.011508,-3.281685,-0.661789,1.474091,-1.302372,-0.187387,0.098191,-1.139990,0.051481,-2.554416,-0.553232,-1.571358
1923,36.560000,2.073467,1.770754,-0.878064,-0.025906,0.934839,-3.277948,-0.618584,1.496271,-1.291674,-0.199727,0.130722,-1.104700,0.055958,-2.589324,-0.541446,-1.570980
1924,36.580000,1.990706,1.703228,-0.863778,0.015253,0.941463,-3.310254,-0.679092,1.474120,-1.341347,-0.098877,0.117779,-1.158566,0.076098,-2.533689,-0.547273,-1.538266
1925,36.600000,2.104044,1.715300,-0.919136,-0.009063,0.937527,-3.275803,-0.646024,1.439910,-1.431515,-0.176600,0.125881,-1.092571,0.005926,-2.549750,-0.516931,-1.541620
1926,36.620000,2.126272,1.757847,-0.902516,-0.049972,0.934240,-3.241488,-0.625986,1.467220,-1.404592,-0.199442,0.120987,-1.024387,0.075106,-2.519651,-0.450509,-1.607317
1927,36.640000,1.962038,1.773332,-1.011725,0.039447,0.996617,-3.217776,-0.673735,1.503503,-1.457451,-0.126652,0.076187,-0.975724,0.173890,-2.517612,-0.330357,-1.676552
1928,36.660000,1.953728,1.689495,-0.951654,0.053116,0.984633,-3.291421,-0.658598,1.492294,-1.345145,-0.124021,0.102002,-1.074233,0.121807,-2.504351,-0.440576,-1.580889
1929,36.680000,2.044155,1.747165,-0.993251,0.011942,0.954420,-3.272270,-0.615879,1.482648,-1.360488,-0.207170,0.105753,-1.022853,0.068812,-2.554210,-0.488338,-1.625134
1930,36.700000,2.084883,1.747302,-0.866975,-0.019562,0.962876,-3.249304,-0.610832,1.502602,-1.308606,-0.220150,0.128358,-1.037324,0.099549,-2.560138,-0.435750,-1.588206
1931,36.720000,2.125709,1.784864,-0.933170,-0.045340,0.948697,-3.241715,-0.614426,1.513519,-1.299147,-0.235523,0.113245,-1.000778,0.123155,-2.578182,-0.425679,-1.611393
1932,36.740000,2.055223,1.712305,-1.109831,0.050773,1.005761,-3.212193,-0.648138,1.413877,-1.567029,-0.203521,0.076754,-0.945126,0.006640,-2.557459,-0.405625,-1.686864
1933,36.760000,2.168715,1.758796,-0.999671,-0.073277,0.922257,-3.229980,-0.607054,1.445934,-1.388644,-0.256862,0.100879,-0.926220,-0.034807,-2.550073,-0.451221,-1.727687
1934,36.780000,2.232466,1.763063,-0.960220,-0.125196,0.873887,-3.236066,-0.591172,1.478578,-1.367049,-0.246650,0.090013,-0.956068,0.023745,-2.546174,-0.434128,-1.779949
1935,36.800000,2.173582,1.772232,-1.066672,-0.114890,0.879201,-3.198971,-0.631529,1.509945,-1.387448,-0.160714,0.065999,-0.913018,0.099519,-2.486242,-0.294048,-1.671421
1936,36.820000,2.160623,1.794856,-1.058113,-0.040313,0.969615,-3.180428,-0.582764,1.560296,-1.276981,-0.226722,0.054956,-0.871298,0.215314,-2.461188,-0.217292,-1.621364
1937,36.840000,2.025991,1.749611,-1.073020,0.142855,1.089270,-3.194013,-0.601264,1.565878,-1.189774,-0.258766,0.035646,-0.908277,0.236273,-2.386745,-0.259374,-1.473307
1938,36.860000,2.032995,1.856152,-1.109823,0.070266,0.971413,-3.186385,-0.548424,1.626164,-1.130770,-0.216769,0.063293,-0.849759,0.393153,-2.385381,-0.139413,-1.401807
1939,36.880000,2.025426,1.882041,-1.044879,0.088592,0.993507,-3.234378,-0.474772,1.636419,-0.935879,-0.362439,0.079042,-0.831577,0.495044,-2.362863,-0.128745,-1.347094
1940,36.900000,1.938505,1.905112,-1.024026,0.198666,1.046925,-3.221356,-0.435579,1.688123,-0.749180,-0.429998,0.069900,-0.841653,0.540176,-2.339996,-0.167148,-1.243111
1941,36.920000,1.841139,1.901136,-0.966784,0.299396,1.091194,-3.235335,-0.444135,1.710149,-0.636312,-0.457102,0.064536,-0.934053,0.582466,-2.269678,-0.250472,-1.087825
1942,36.940000,1.757688,2.001521,-1.010234,0.357979,1.136488,-3.193819,-0.399309,1.724457,-0.590576,-0.522147,0.073130,-0.842622,0.710303,-2.269196,-0.209210,-1.041825
1943,36.960000,1.686234,2.027466,-0.979202,0.412873,1.154524,-3.156037,-0.375745,1.721546,-0.500839,-0.585241,0.086113,-0.793399,0.799682,-2.194630,-0.210335,-0.975816
1944,36.980000,1.595615,2.026035,-0.963771,0.475543,1.169518,-3.170035,-0.399136,1.741954,-0.502712,-0.548150,0.098700,-0.828694,0.893300,-2.168708,-0.195498,-0.939909
1945,37.000000,1.547238,1.983456,-0.892566,0.470128,1.083649,-3.195688,-0.406086,1.692905,-0.510264,-0.493002,0.114004,-0.917920,0.869654,-2.180278,-0.267748,-0.912991
1946,37.020000,1.495231,1.964379,-0.807651,0.480532,1.056142,-3.197536,-0.449205,1.662339,-0.578360,-0.408498,0.120375,-0.955864,0.882478,-2.186087,-0.277545,-0.917681
1947,37.040000,1.524975,2.048010,-0.746504,0.430620,1.011181,-3.166656,-0.433863,1.631534,-0.629496,-0.452859,0.123165,-0.874350,0.944573,-2.198579,-0.196914,-0.996183
1948,37.060000,1.506724,2.041467,-0.776678,0.398563,0.981407,-3.141963,-0.477937,1.586899,-0.737038,-0.403946,0.113405,-0.817023,0.978939,-2.176630,-0.115920,-1.086857
1949,37.080000,1.455544,1.946575,-0.757835,0.451433,1.034894,-3.117653,-0.527239,1.560016,-0.743409,-0.394067,0.082155,-0.868747,0.897928,-2.163346,-0.187554,-1.115322
1950,37.100000,1.489203,1.985299,-0.800447,0.462132,1.069661,-3.059007,-0.551844,1.533509,-0.835965,-0.460045,0.060173,-0.799123,0.865076,-2.132706,-0.160033,-1.146971
1951,37.120000,1.551557,1.960317,-0.793610,0.379316,0.980962,-3.061714,-0.581962,1.501611,-0.940257,-0.422869,0.091250,-0.801804,0.903003,-2.091600,-0.073077,-1.162746
1952,37.140000,1.605230,1.853648,-0.777844,0.386782,0.987527,-3.051664,-0.625081,1.493311,-0.937205,-0.410456,0.097741,-0.844490,0.863484,-2.016763,-0.115408,-1.074799
1953,37.160000,1.543099,1.912037,-0.872834,0.369108,0.972338,-3.014457,-0.645001,1.474541,-1.047625,-0.359212,0.066704,-0.770669,0.896219,-1.960509,0.008398,-1.085320
1954,37.180000,1.637411,1.904690,-0.805249,0.341244,0.958537,-3.032094,-0.600129,1.477922,-1.016023,-0.459540,0.100803,-0.739279,0.949843,-1.910762,0.100833,-1.088898
1955,37.200000,1.661867,1.904825,-0.771988,0.372669,0.932215,-3.024048,-0.524963,1.500897,-0.921315,-0.566410,0.085863,-0.701525,1.068112,-1.886783,0.139583,-1.089974
1956,37.220000,1.480297,1.875731,-0.862033,0.494331,1.006412,-2.997152,-0.530655,1.499996,-0.902247,-0.508222,0.009090,-0.689745,1.164781,-1.804501,0.241402,-1.045847
1957,37.240000,1.585855,1.959813,-0.843076,0.465183,0.928751,-2.998344,-0.380174,1.538031,-0.743970,-0.676572,0.029527,-0.571781,1.258940,-1.788892,0.280164,-1.038165
1958,37.260000,1.632046,2.037143,-0.826265,0.520208,0.996311,-2.997446,-0.270601,1.592364,-0.588176,-0.803543,0.048867,-0.411104,1.459277,-1.653944,0.434997,-0.984040
1959,37.280000,1.666811,2.083780,-0.773806,0.514053,0.889989,-2.991973,-0.135549,1.636883,-0.494645,-0.839344,0.086812,-0.362011,1.672323,-1.566921,0.612592,-0.895932
1960,37.300000,1.569171,2.114650,-0.766258,0.607787,0.983882,-3.015967,-0.058436,1.665783,-0.333326,-0.881089,0.079880,-0.253355,1.800811,-1.462873,0.614154,-0.902082
1961,37.320000,1.518299,2.025592,-0.658890,0.669273,0.909025,-3.012510,0.019589,1.681473,-0.260889,-0.799204,0.065111,-0.486528,1.741767,-1.500941,0.455855,-0.865727
1962,37.340000,1.558554,2.149582,-0.611746,0.651003,0.882697,-3.031540,0.097081,1.675868,-0.199789,-0.861147,0.076288,-0.449785,1.801379,-1.530891,0.375844,-0.834112
1963,37.360000,1.510665,2.072315,-0.528843,0.694669,0.851334,-3.009205,0.106293,1.650618,-0.186547,-0.801872,0.055440,-0.637465,1.735915,-1.558272,0.279907,-0.776425
1964,37.380000,1.447599,2.163417,-0.585978,0.689688,0.794230,-3.001056,0.083391,1.629298,-0.275997,-0.657896,0.039768,-0.541337,1.752180,-1.618695,0.311881,-0.804388
1965,37.400000,1.500712,2.144941,-0.463117,0.684689,0.812522,-2.967212,0.104226,1.588122,-0.214956,-0.752920,0.043442,-0.502244,1.756956,-1.601364,0.297505,-0.789376
1966,37.420000,1.533046,2.130383,-0.355703,0.679439,0.752789,-2.976442,0.090265,1.589084,-0.273452,-0.713596,0.039423,-0.536382,1.805381,-1.626292,0.338918,-0.835766
1967,37.440000,1.490969,2.131214,-0.307130,0.687551,0.753125,-2.964984,0.081631,1.559779,-0.363668,-0.730485,0.027948,-0.546915,1.912568,-1.641384,0.468206,-0.875960
1968,37.460000,1.473430,2.094805,-0.268725,0.675817,0.725370,-2.936398,0.080989,1.513043,-0.368188,-0.719686,0.023281,-0.576012,1.909526,-1.595843,0.496276,-0.863594
1969,37.480000,1.438717,1.995808,-0.265728,0.697436,0.716779,-2.917985,0.060941,1.493600,-0.493405,-0.660100,-0.020900,-0.642250,1.811159,-1.667864,0.506700,-0.957094
1970,37.500000,1.466460,2.031946,-0.248666,0.613753,0.662525,-2.851515,0.083211,1.419141,-0.519892,-0.744613,-0.019540,-0.615863,1.667237,-1.684765,0.455406,-1.006372
1971,37.520000,1.649422,1.947502,-0.267964,0.522954,0.738812,-2.686297,0.027794,1.326431,-0.330793,-0.938021,0.068466,-0.778669,1.229127,-1.399012,0.000828,-0.758427
1972,37.540000,1.817677,1.797932,-0.323931,0.467523,0.749701,-2.470523,-0.050593,1.216605,-0.212899,-1.092290,0.148241,-1.033198,0.615009,-0.959753,-0.758887,-0.330196
1973,37.560000,1.749865,1.789726,-0.231986,0.443099,0.737191,-2.423305,-0.019596,1.180991,-0.441671,-1.120445,0.172211,-0.993633,0.550721,-0.732992,-0.851057,-0.134236
1974,37.580000,1.570652,1.789967,-0.207192,0.416724,0.697431,-2.325868,-0.066672,1.090074,-0.786660,-0.875288,0.165395,-0.869928,0.649834,-0.581492,-0.676981,-0.148577
1975,37.600000,1.462889,1.778923,-0.090597,0.444644,0.699084,-2.377607,-0.001966,1.072422,-0.880887,-0.911542,0.151755,-0.823722,0.862640,-0.482978,-0.489750,-0.263733
1976,37.620000,1.380313,1.755664,-0.075093,0.463113,0.670478,-2.378269,0.051300,1.032861,-0.943141,-1.006377,0.152383,-0.715958,1.012012,-0.477183,-0.324871,-0.430595
1977,37.640000,1.342152,1.729022,-0.051460,0.465847,0.650038,-2.344079,0.084708,1.022397,-0.944650,-1.114322,0.147819,-0.671294,1.098769,-0.492013,-0.194818,-0.545819
1978,37.660000,1.283781,1.714928,-0.019583,0.467186,0.649296,-2.332123,0.107171,1.029366,-0.902338,-1.193382,0.173772,-0.645296,1.204669,-0.512715,-0.099765,-0.622800
1979,37.680000,1.200561,1.710345,-0.034128,0.497952,0.666995,-2.303837,0.137090,1.049535,-0.726690,-1.351910,0.193398,-0.614275,1.311842,-0.451013,-0.063988,-0.521043
1980,37.700000,1.060177,1.741869,-0.000518,0.546755,0.692897,-2.316251,0.178042,1.098886,-0.553378,-1.479895,0.228652,-0.621198,1.439938,-0.402023,-0.050594,-0.412962
1981,37.720000,0.928793,1.726493,0.012027,0.590013,0.682693,-2.304886,0.206632,1.119236,-0.355413,-1.587398,0.240182,-0.648884,1.497659,-0.414403,-0.166524,-0.339410
1982,37.740000,0.775909,1.804120,0.102101,0.647443,0.724251,-2.307512,0.240796,1.176350,-0.190553,-1.712041,0.279381,-0.659301,1.606137,-0.408330,-0.210492,-0.239009
1983,37.760000,0.623425,1.858066,0.161110,0.702873,0.746758,-2.299017,0.237148,1.201026,-0.030808,-1.834905,0.329483,-0.640192,1.726006,-0.363581,-0.240043,-0.129658
1984,37.780000,0.485287,1.893169,0.245683,0.761012,0.759357,-2.310737,0.229912,1.253718,0.111003,-1.918615,0.379923,-0.650100,1.896955,-0.303293,-0.239169,-0.013755
1985,37.800000,0.369166,1.873299,0.317893,0.814859,0.743967,-2.304423,0.191730,1.281340,0.117257,-1.965303,0.384493,-0.672064,2.012115,-0.276706,-0.207894,0.036780
1986,37.820000,0.261886,1.809201,0.381111,0.861626,0.731924,-2.260252,0.140505,1.279924,0.110097,-1.957333,0.374555,-0.702596,2.034593,-0.284656,-0.179055,0.015412
1987,37.840000,0.174027,1.906080,0.457917,0.905585,0.750361,-2.248603,0.118863,1.273424,0.121326,-2.066653,0.397955,-0.633924,2.115796,-0.207998,-0.050707,0.076898
1988,37.860000,0.100188,1.924335,0.483343,0.958731,0.741295,-2.217129,0.109928,1.297539,0.124991,-2.169998,0.453520,-0.543201,2.321993,-0.025612,0.215461,0.229167
1989,37.880000,0.023635,1.782598,0.447180,1.021260,0.687593,-2.206821,0.098207,1.356057,0.137421,-2.261107,0.463590,-0.474916,2.517197,0.073242,0.525496,0.304161
1990,37.900000,-0.113141,1.740961,0.387592,1.130176,0.702573,-2.201178,0.071196,1.438848,0.223860,-2.431003,0.511751,-0.334184,2.751987,0.244702,0.916004,0.458595
1991,37.920000,-0.317477,1.884141,0.358826,1.322112,0.786927,-2.291745,0.106502,1.666367,0.436798,-2.725671,0.722891,-0.063437,3.230829,0.611295,1.588579,0.871143
1992,37.940000,-0.501716,1.523036,0.110726,1.664423,0.720888,-2.392079,0.016702,2.003503,0.674816,-2.957674,0.899660,0.086706,3.657082,0.770982,2.195322,1.170139
1993,37.960000,-0.733033,1.635054,-0.132582,1.955524,0.832274,-2.581346,0.153108,2.494296,1.310411,-3.460609,1.232907,0.533003,3.867672,0.884712,2.555053,1.470014
1994,37.980000,-0.911104,1.488732,-0.413844,2.233812,0.818229,-2.699462,0.269806,3.054831,1.778433,-3.751607,1.553434,0.835368,4.066862,0.869673,2.805573,1.549090
1995,38.000000,-1.021583,1.282425,-0.546556,2.258762,0.944992,-2.705081,0.413723,3.568638,2.208899,-3.712624,1.808868,0.966062,4.208017,0.774009,2.846273,1.685490
1996,38.020000,-1.041439,1.361716,-0.552153,2.131814,0.960837,-2.574182,0.579707,3.899791,2.578933,-3.582149,1.887252,0.987751,4.078846,0.656209,2.563727,1.568085
1997,38.040000,-0.983873,1.043501,-0.536049,1.857848,1.011554,-2.406746,0.763336,3.848584,2.547487,-3.272365,1.874584,0.838595,3.962417,0.524491,2.479428,1.597132
1998,38.060000,-0.891602,1.327240,-0.371121,1.451734,1.132714,-2.149520,0.855351,3.849499,2.727372,-2.983443,1.801067,0.905348,3.994183,0.684183,2.528830,2.014774
1999,38.080000,-0.737865,1.535901,-0.202984,1.252982,1.230803,-2.001153,0.794838,3.654384,2.842304,-3.032071,1.987111,1.207006,4.385589,1.181415,2.750758,2.723712
2000,38.100000,-0.516194,1.326386,-0.271482,1.131686,1.061354,-1.828169,0.715710,3.040576,2.256093,-3.147284,2.114117,1.239820,4.590149,1.559746,2.795522,3.248417
2001,38.120000,-0.551111,1.470174,0.047056,0.940063,1.006727,-1.661855,0.625137,2.894333,2.063363,-3.212874,2.190029,1.402210,4.843915,2.067562,3.019696,3.751628
2002,38.140000,-0.594105,1.569699,0.217133,0.765008,0.828766,-1.482241,0.498916,2.599778,1.339404,-3.209382,2.119157,1.235343,4.996758,2.656498,3.293187,3.916093
2003,38.160000,-0.512000,1.411110,0.192989,0.613116,0.687013,-1.231422,0.595152,2.251246,1.269039,-3.474133,2.099682,1.413734,4.732176,2.938305,3.336650,3.851104
2004,38.180000,-0.449054,1.259927,0.137788,0.536725,0.630667,-1.198768,0.484773,1.946776,0.636617,-3.564193,1.958990,1.200195,4.349372,3.024315,3.321387,3.502274
2005,38.200000,-0.442447,0.993267,-0.006184,0.465359,0.464162,-1.060874,0.362626,1.580148,0.135691,-3.618274,1.611706,0.877531,3.799397,2.883852,3.323786,3.018618
2006,38.220000,-0.494127,0.847139,-0.033022,0.329062,0.360294,-1.043167,0.236906,1.382162,-0.299446,-3.479965,1.308285,0.519833,3.461013,2.726570,3.268036,2.563975
2007,38.240000,-0.500562,0.756284,0.005583,0.246591,0.366047,-1.011106,0.170562,1.265127,-0.464746,-3.474700,1.269500,0.356149,3.373030,2.617238,3.289856,2.607996
2008,38.260000,-0.647335,0.608720,0.018413,0.181360,0.218587,-1.058025,0.145932,1.236545,-0.415599,-3.439587,1.151618,0.206008,3.337594,2.470638,3.266215,2.651751
2009,38.280000,-0.665746,0.591737,0.059260,-0.035742,0.177031,-1.097265,0.075887,1.232827,-0.554444,-3.395041,1.045394,0.167477,3.410495,2.349444,3.338131,2.674959
2010,38.300000,-0.667170,0.617109,0.213943,-0.183632,0.189684,-1.097547,0.130222,1.256286,-0.458595,-3.438405,1.126652,0.233168,3.545311,2.319392,3.527044,2.835846
2011,38.320000,-0.788538,0.526048,0.285403,-0.198461,0.094979,-1.162300,0.081091,1.261182,-0.346968,-3.391201,1.141715,0.058386,3.753095,2.257585,3.661177,2.961723
2012,38.340000,-0.884396,0.446330,0.280691,-0.184628,0.005881,-1.204363,0.044247,1.248784,-0.178323,-3.475865,1.068305,-0.001077,3.740208,2.127798,3.705766,2.906325
2013,38.360000,-0.914723,0.489755,0.376956,-0.211266,0.046084,-1.179059,0.058347,1.276374,-0.032295,-3.588239,1.097089,0.084186,3.670920,2.035073,3.763019,2.854675
2014,38.380000,-0.976432,0.503848,0.394336,-0.275179,0.014373,-1.218159,0.036598,1.357944,-0.036244,-3.430124,1.136722,-0.047418,3.780645,2.015268,3.875737,2.935622
2015,38.400000,-0.965121,0.450011,0.324188,-0.174953,-0.025498,-1.235074,-0.019532,1.285009,0.001104,-3.552799,1.111072,-0.120081,3.740898,1.959943,3.770819,2.967322
2016,38.420000,-1.050355,0.444538,0.335522,-0.236878,-0.012004,-1.294084,-0.042794,1.322081,-0.047607,-3.392750,1.119252,-0.142102,3.785861,2.010756,3.817497,2.981840
2017,38.440000,-1.126902,0.448539,0.361555,-0.245948,-0.095420,-1.274519,-0.052936,1.348674,0.066532,-3.359575,1.046410,-0.172636,3.682948,1.994817,3.841442,2.900439
2018,38.460000,-1.025353,0.406598,0.412768,-0.117414,-0.016255,-1.245390,-0.044120,1.262583,0.106063,-3.606229,1.091500,-0.119376,3.557253,1.943394,3.697418,2.861797
2019,38.480000,-1.058075,0.410038,0.578911,-0.158427,-0.061778,-1.212853,-0.023576,1.280423,0.203442,-3.616554,1.072718,-0.122049,3.465815,1.865209,3.674949,2.806549
2020,38.500000,-1.111228,0.395337,0.611728,-0.180076,-0.054527,-1.203489,-0.036433,1.308233,0.317233,-3.607006,1.071208,-0.145462,3.512086,1.828246,3.662924,2.858491
2021,38.520000,-1.062202,0.438551,0.553386,-0.216550,0.037854,-1.186199,0.006071,1.332746,0.321422,-3.700144,1.117767,-0.049789,3.524547,1.897299,3.673896,3.046204
2022,38.540000,-1.101784,0.429810,0.524610,-0.351598,-0.015008,-1.163873,0.032440,1.373010,0.362935,-3.555843,1.130715,-0.066493,3.617471,1.978719,3.794108,3.192376
2023,38.560000,-1.091454,0.369884,0.475573,-0.315093,-0.024199,-1.232844,0.005621,1.303191,0.285331,-3.604417,1.111269,-0.046224,3.683738,1.984559,3.880496,3.181894
2024,38.580000,-1.119588,0.340383,0.441259,-0.380340,-0.055050,-1.261388,0.006249,1.294653,0.213197,-3.508381,1.101872,-0.072661,3.751464,1.989637,3.968857,3.154852
2025,38.600000,-1.168163,0.414007,0.465368,-0.519532,-0.099932,-1.239556,0.044754,1.369195,0.332615,-3.402371,1.064419,-0.007847,3.747477,1.989463,4.119790,3.057301
2026,38.620000,-1.164750,0.264221,0.336909,-0.469905,-0.115782,-1.239636,-0.008343,1.296685,0.296875,-3.403734,1.029150,-0.110060,3.648324,1.893829,4.066787,2.963109
2027,38.640000,-1.204518,0.191344,0.260316,-0.394664,-0.134756,-1.227191,-0.062789,1.250482,0.271799,-3.305578,0.999063,-0.229873,3.569346,1.805822,3.950809,2.959412
2028,38.660000,-1.208772,0.322587,0.352320,-0.405777,-0.022707,-1.224620,-0.056441,1.309062,0.297325,-3.350460,1.021019,-0.079436,3.525730,1.865943,4.007337,3.022346
2029,38.680000,-1.140796,0.309003,0.430193,-0.286153,-0.031321,-1.242828,-0.026833,1.280995,0.332681,-3.547403,1.103582,-0.015434,3.630535,1.886434,3.990582,3.086686
2030,38.700000,-1.169285,0.279279,0.488880,-0.134726,-0.066353,-1.309309,-0.056226,1.262657,0.327060,-3.685988,1.110929,-0.002365,3.686044,1.865016,3.875606,3.084813
2031,38.720000,-1.274459,0.329204,0.674995,-0.118192,-0.022451,-1.361417,-0.056595,1.370056,0.422125,-3.639059,1.154381,0.022262,3.860160,1.923063,4.021962,3.179818
2032,38.740000,-1.258649,0.312602,0.626742,0.015925,-0.057880,-1.342328,-0.050760,1.307907,0.496061,-3.820389,1.173117,0.063363,3.827769,1.950306,3.935442,3.164478
2033,38.760000,-1.263584,0.239593,0.550020,0.138310,-0.073523,-1.431331,-0.089679,1.288338,0.306345,-3.822211,1.180731,0.002929,3.881099,1.969398,3.866569,3.142071
2034,38.780000,-1.245029,0.341251,0.529034,0.190873,-0.057679,-1.403170,-0.075082,1.304418,0.347275,-3.907809,1.176219,0.092735,3.761182,1.995996,3.805991,3.079888
2035,38.800000,-1.207754,0.277902,0.430750,0.267791,-0.091752,-1.434836,-0.128298,1.203710,0.073146,-3.859326,1.145179,-0.027055,3.784831,2.006338,3.696450,2.996393
2036,38.820000,-1.288441,0.325822,0.543768,-0.013961,-0.163394,-1.384410,-0.038349,1.328317,0.221977,-3.590619,1.101688,-0.006725,3.785016,1.966066,3.839669,2.949409
2037,38.840000,-1.194528,0.378904,0.510918,-0.213211,-0.038134,-1.315510,-0.023745,1.315496,0.235619,-3.526824,1.115996,-0.006676,3.786368,1.994686,3.897864,3.019005
2038,38.860000,-1.023282,0.223633,0.383824,-0.213777,-0.020195,-1.256488,-0.020575,1.148698,0.107231,-3.619214,1.181541,-0.106681,3.694731,2.021336,3.708548,3.171999
2039,38.880000,-1.094983,0.343392,0.565235,-0.415966,-0.023784,-1.230549,0.070501,1.253458,0.389736,-3.543801,1.151414,-0.041936,3.646293,1.956293,3.745356,3.209702
2040,38.900000,-1.044895,0.354468,0.556751,-0.575674,0.007892,-1.232135,0.084324,1.238830,0.379789,-3.485672,1.165440,-0.079553,3.705904,1.891992,3.786291,3.191356
2041,38.920000,-0.992133,0.296623,0.590209,-0.858036,-0.037204,-1.220134,0.140186,1.253989,0.421906,-3.368670,1.139775,-0.203995,3.677583,1.784361,3.835326,3.219165
2042,38.940000,-1.009993,0.244165,0.619142,-1.101699,-0.053273,-1.204658,0.163846,1.266663,0.522110,-3.180852,1.147217,-0.336265,3.701862,1.742177,3.904277,3.220732
2043,38.960000,-0.923693,0.170840,0.305769,-1.359888,-0.116456,-1.265108,0.121619,1.218473,0.262483,-2.920569,1.124473,-0.577707,3.863018,1.729799,3.978368,3.240587
2044,38.980000,-0.814505,0.190585,0.299381,-1.414717,-0.030253,-1.212276,0.175831,1.112782,0.302299,-2.958338,1.179802,-0.570868,3.716491,1.735769,3.801073,3.277526
2045,39.000000,-0.839841,0.385722,0.410538,-1.672033,-0.021105,-1.284731,0.205819,1.223783,0.264451,-2.723917,1.137847,-0.478016,3.766566,1.610522,4.007267,3.074771
2046,39.020000,-0.731860,0.242645,0.280400,-1.846680,-0.050759,-1.321047,0.134594,1.067930,-0.048068,-2.520847,1.130028,-0.732049,3.676504,1.381219,3.801492,2.843999
2047,39.040000,-0.457469,0.272067,0.223488,-2.178878,0.029165,-1.226231,0.177800,0.952893,-0.210016,-2.405165,1.127727,-0.855789,3.290273,1.090465,3.303975,2.604585
2048,39.060000,-0.287101,0.234283,0.290641,-2.601367,0.038260,-1.185379,0.195335,0.853748,-0.486716,-2.099870,1.144614,-1.035807,2.864152,0.705411,2.913434,2.187017
2049,39.080000,-0.192701,0.155707,0.183301,-2.933327,-0.017492,-1.182130,0.167009,0.812862,-0.754975,-1.707583,1.094631,-1.176338,2.541017,0.251069,2.740670,1.867278
2050,39.100000,-0.178198,0.196222,0.344671,-3.074203,-0.159659,-1.356756,0.067971,1.005836,-1.012710,-1.187568,0.992341,-1.292778,2.694001,-0.462574,2.956438,1.388717
2051,39.120000,-0.009553,0.175210,0.339288,-3.182775,-0.295929,-1.372771,-0.086477,1.019611,-1.204986,-0.947041,0.932040,-1.333071,2.758161,-0.928319,2.904503,0.880426
2052,39.140000,0.173580,0.051671,0.288310,-3.093425,-0.394405,-1.336570,-0.230534,1.027908,-1.378981,-0.783599,0.993811,-1.598322,2.399861,-1.135413,2.485338,0.607852
2053,39.160000,0.479216,-0.005480,0.164824,-2.979368,-0.448276,-1.344222,-0.391557,1.050713,-1.509460,-0.760708,1.039705,-1.663222,2.118748,-1.001907,2.268703,0.609653
2054,39.180000,0.517218,-0.033230,0.028425,-2.639426,-0.415762,-1.470954,-0.540028,1.070065,-1.593926,-0.736544,1.101209,-1.792177,1.872146,-0.634887,2.072923,0.794865
2055,39.200000,0.611942,0.017643,0.070158,-2.460639,-0.360406,-1.632133,-0.656808,1.146214,-1.649627,-0.733817,1.097772,-1.715113,1.885123,-0.365258,2.075375,0.890626
2056,39.220000,0.611169,0.151681,0.280623,-2.296053,-0.271199,-1.803137,-0.740428,1.247849,-1.667944,-0.702222,1.123170,-1.608531,2.221408,-0.146537,2.235783,0.924505
2057,39.240000,0.593035,0.329807,0.473152,-2.016578,-0.103755,-1.917727,-0.777858,1.303712,-1.619534,-0.787390,1.134810,-1.530551,2.546031,0.035125,2.416071,0.990235
2058,39.260000,0.498874,0.570526,0.606058,-1.771878,0.087218,-2.017694,-0.800502,1.381673,-1.598603,-0.776416,1.150361,-1.481957,2.953358,0.178603,2.673200,1.065595
2059,39.280000,0.485510,0.693195,0.625464,-1.452276,0.311599,-2.092625,-0.723343,1.397291,-1.587942,-1.016000,1.202912,-1.447749,3.186343,0.270228,2.806558,1.229290
2060,39.300000,0.405847,0.852739,0.563419,-1.144269,0.532681,-2.118876,-0.620539,1.429051,-1.466544,-1.271248,1.236184,-1.378147,3.258445,0.265958,2.833899,1.386607
2061,39.320000,0.300899,1.108553,0.430848,-0.863339,0.780375,-2.088649,-0.569095,1.495985,-1.254551,-1.596687,1.215864,-1.131961,3.284595,0.247276,2.844439,1.478038
2062,39.340000,0.176045,1.209824,0.493535,-0.648694,0.886055,-2.165988,-0.396716,1.628212,-0.922941,-1.863958,1.288339,-1.083509,3.450607,0.162744,2.790432,1.664394
2063,39.360000,0.016345,1.383702,0.505287,-0.461357,0.988473,-2.253387,-0.290076,1.780087,-0.487098,-2.107216,1.304890,-1.020236,3.680443,0.067065,2.623321,1.824140
2064,39.380000,-0.104200,1.574490,0.493431,-0.243479,1.138119,-2.299411,-0.219217,1.884192,-0.210853,-2.388958,1.307628,-0.819885,3.855781,-0.007492,2.458640,1.861474
2065,39.400000,-0.203384,1.770530,0.623378,-0.127962,1.099811,-2.358688,-0.162932,2.012807,0.085265,-2.522477,1.316326,-0.698977,4.102241,-0.063607,2.420221,1.752769
2066,39.420000,-0.369204,1.798751,0.644765,-0.004462,1.088869,-2.454078,-0.267168,2.097005,0.039587,-2.362550,1.290927,-0.780114,4.398796,-0.070190,2.499417,1.581097
2067,39.440000,-0.268878,1.771623,0.559665,0.138027,1.118184,-2.441454,-0.312946,1.935416,-0.089646,-2.570888,1.219333,-0.735215,4.199790,-0.131402,2.158945,1.397943
2068,39.460000,-0.338126,1.934979,0.670208,0.139801,1.124005,-2.429655,-0.378660,1.967320,-0.099507,-2.398963,1.174141,-0.707741,4.169639,-0.115627,2.142752,1.143874
2069,39.480000,-0.289771,1.821773,0.680663,0.231483,1.068335,-2.442459,-0.461205,1.859445,-0.259047,-2.445961,1.113416,-0.805466,4.081892,-0.129625,2.083278,1.006680
2070,39.500000,-0.344553,1.696412,0.664842,0.298698,1.048615,-2.503136,-0.523944,1.866599,-0.328728,-2.310276,1.055711,-0.949589,4.028876,-0.211560,2.074364,0.942916
2071,39.520000,-0.257619,1.769811,0.567875,0.311355,1.074475,-2.470807,-0.575213,1.752680,-0.548116,-2.303415,1.012041,-0.948129,3.865518,-0.209681,2.045112,0.869082
2072,39.540000,-0.228153,1.747097,0.572496,0.279594,1.009930,-2.482674,-0.563245,1.730517,-0.591983,-2.270908,0.996320,-0.950766,3.797734,-0.190984,2.097823,0.829557
2073,39.560000,-0.308433,1.573976,0.415328,0.267343,0.979909,-2.517619,-0.717624,1.678316,-0.871069,-2.010623,0.947442,-1.050809,3.753792,-0.167452,2.158003,0.767307
2074,39.580000,-0.178315,1.628507,0.355241,0.235318,0.998211,-2.456653,-0.654021,1.621644,-0.747559,-2.181524,0.939908,-0.997765,3.534553,-0.171775,2.008025,0.811771
2075,39.600000,-0.121159,1.626131,0.375657,0.209331,1.017585,-2.476510,-0.637554,1.598648,-0.813478,-2.218176,0.961340,-0.994444,3.437005,-0.114909,1.922571,0.820835
2076,39.620000,-0.102336,1.537046,0.325954,0.170695,0.928477,-2.471953,-0.645564,1.516698,-0.920397,-2.217168,0.931121,-1.024498,3.371464,-0.111441,1.839703,0.802512
2077,39.640000,-0.192817,1.488848,0.408694,0.197510,1.007587,-2.520801,-0.679251,1.529025,-0.905301,-2.107476,0.876393,-1.107825,3.294533,-0.119075,1.786391,0.753402
2078,39.660000,-0.153029,1.530011,0.382862,0.156097,0.903005,-2.490580,-0.657750,1.488536,-0.994147,-2.079817,0.856094,-1.118330,3.221294,-0.177618,1.791013,0.636602
2079,39.680000,-0.059120,1.598041,0.405761,0.090499,0.860606,-2.495271,-0.608238,1.469907,-0.965982,-2.137556,0.840841,-1.065526,3.190673,-0.224804,1.791918,0.522498
2080,39.700000,-0.133545,1.499371,0.356720,0.036801,0.813542,-2.500191,-0.706645,1.459724,-1.093839,-1.885355,0.817471,-1.164586,3.213347,-0.230324,1.889554,0.477874
2081,39.720000,-0.035457,1.472354,0.326403,0.022559,0.827602,-2.477545,-0.684440,1.405395,-1.103155,-1.967137,0.800879,-1.214550,3.039603,-0.249876,1.764754,0.511054
2082,39.740000,0.039774,1.540919,0.361815,-0.019667,0.819060,-2.480148,-0.625805,1.412404,-1.004465,-2.035850,0.800482,-1.199547,2.935128,-0.220376,1.685155,0.522376
2083,39.760000,0.070529,1.580500,0.333668,-0.076753,0.789201,-2.458791,-0.607687,1.393401,-1.027404,-2.023236,0.794287,-1.154212,2.912418,-0.219703,1.689272,0.472168
2084,39.780000,0.130042,1.588631,0.346863,-0.101334,0.779632,-2.493658,-0.567750,1.422194,-0.939509,-2.073617,0.788776,-1.157156,2.929989,-0.226133,1.677264,0.490177
2085,39.800000,0.159721,1.631044,0.344110,-0.090291,0.770627,-2.504700,-0.529388,1.429969,-0.846027,-2.141138,0.767455,-1.141133,2.930498,-0.220043,1.623201,0.458573
2086,39.820000,0.134572,1.478539,0.279190,-0.006335,0.853029,-2.553366,-0.610589,1.389002,-1.120922,-2.010509,0.762249,-1.245088,2.879106,-0.217537,1.596615,0.499775
2087,39.840000,0.086768,1.561874,0.361825,-0.016647,0.820326,-2.546415,-0.560712,1.431414,-0.935409,-1.972623,0.748941,-1.267497,2.874703,-0.242767,1.631983,0.507513
2088,39.860000,0.107629,1.533722,0.191722,-0.029240,0.771354,-2.533798,-0.610201,1.338501,-1.147038,-1.880039,0.722405,-1.205181,2.769085,-0.273027,1.556690,0.379403
2089,39.880000,0.145821,1.605067,0.279382,-0.018578,0.862718,-2.538694,-0.547156,1.402425,-0.967872,-1.943325,0.727854,-1.181660,2.675758,-0.340718,1.591298,0.405640
2090,39.900000,0.212863,1.575214,0.260340,-0.011491,0.787567,-2.563188,-0.521476,1.383616,-1.080677,-1.960649,0.743989,-1.228566,2.701037,-0.339052,1.577983,0.388637
2091,39.920000,0.205108,1.660874,0.247899,-0.045150,0.786103,-2.578429,-0.488123,1.445175,-0.906096,-1.970269,0.741130,-1.156263,2.768666,-0.370905,1.638132,0.391375
2092,39.940000,0.207753,1.720155,0.272678,-0.007658,0.824943,-2.588526,-0.440895,1.518626,-0.702450,-2.061404,0.761642,-1.174842,2.852890,-0.351522,1.623114,0.435250
2093,39.960000,0.200507,1.758660,0.239361,0.056658,0.865281,-2.633429,-0.409816,1.618452,-0.625934,-2.084347,0.824864,-1.167794,3.038895,-0.294769,1.701728,0.590930
2094,39.980000,0.160790,1.827331,0.133553,0.113042,0.871646,-2.640940,-0.401377,1.640534,-0.462139,-2.144286,0.816147,-1.091281,3.074332,-0.260939,1.612860,0.639960
2095,40.000000,0.151937,1.730594,0.103633,0.230819,0.965205,-2.712597,-0.442154,1.608964,-0.674014,-2.150363,0.853190,-1.123351,3.117701,-0.238990,1.580551,0.685383
2096,40.020000,-0.005632,1.714857,0.224408,0.320536,0.990041,-2.680290,-0.445132,1.648348,-0.466326,-2.067060,0.799202,-1.181587,3.079776,-0.314854,1.505130,0.657786
2097,40.040000,-0.052278,1.798861,0.242145,0.354616,0.980421,-2.678064,-0.435858,1.691690,-0.392380,-2.033770,0.798929,-1.209907,3.083015,-0.384273,1.471282,0.600747
2098,40.060000,0.021986,1.854830,0.186814,0.360052,0.994150,-2.671626,-0.420753,1.616378,-0.479025,-2.105357,0.809908,-1.129493,2.969372,-0.425029,1.419638,0.590293
2099,40.080000,-0.022690,1.861930,0.219163,0.330614,0.991346,-2.642861,-0.470510,1.673856,-0.493483,-1.940643,0.834313,-1.157976,3.069703,-0.355874,1.532347,0.661039
2100,40.100000,-0.028240,1.836339,0.198512,0.368523,0.987300,-2.654741,-0.486431,1.691430,-0.527502,-1.939415,0.839536,-1.182405,3.117388,-0.333741,1.592871,0.682231
2101,40.120000,0.063713,1.843240,0.073991,0.387177,0.997030,-2.647101,-0.472434,1.612342,-0.601818,-2.059959,0.846290,-1.046507,3.019665,-0.292725,1.517841,0.679815
2102,40.140000,0.066696,1.839735,0.104188,0.355124,1.005996,-2.631053,-0.494398,1.632362,-0.548910,-2.029630,0.850144,-1.021180,2.975055,-0.232765,1.504589,0.682547
2103,40.160000,0.047886,1.785803,0.079964,0.372515,0.978807,-2.656486,-0.512929,1.655855,-0.567663,-1.986356,0.843254,-1.062664,2.999195,-0.198227,1.501831,0.690697
2104,40.180000,0.060923,1.769512,0.039474,0.369043,0.986657,-2.656062,-0.510297,1.636056,-0.637564,-1.963764,0.828632,-1.078599,2.959131,-0.204734,1.467100,0.697251
2105,40.200000,0.099341,1.861064,0.034053,0.333933,0.983457,-2.607515,-0.475970,1.603572,-0.556779,-2.040103,0.820543,-0.980787,2.853097,-0.204147,1.370527,0.624219
2106,40.220000,0.161605,1.784752,0.016432,0.329656,0.959453,-2.614234,-0.499745,1.526660,-0.693727,-2.052467,0.808206,-0.970179,2.787428,-0.172794,1.315023,0.597949
2107,40.240000,0.058274,1.867772,0.010411,0.314258,0.981734,-2.573310,-0.536188,1.558618,-0.735782,-1.912482,0.779267,-0.900371,2.854503,-0.099721,1.471187,0.590970
2108,40.260000,0.084065,1.871870,0.062595,0.328568,0.951783,-2.540026,-0.459641,1.603921,-0.610198,-2.035229,0.801229,-0.886250,3.041420,0.041026,1.633277,0.698393
2109,40.280000,0.081585,1.690424,-0.018076,0.406420,0.910841,-2.514862,-0.428624,1.620103,-0.573269,-2.082966,0.796484,-0.949756,3.117116,0.146445,1.629721,0.822759
2110,40.300000,-0.008032,1.797164,-0.070782,0.459155,0.923504,-2.461355,-0.343273,1.703666,-0.417083,-2.193763,0.812760,-0.898519,3.162647,0.240025,1.681048,0.934691
2111,40.320000,0.032283,1.864525,-0.112658,0.542157,0.971165,-2.445097,-0.208421,1.666385,-0.353867,-2.495778,0.919654,-0.827144,3.184156,0.545228,1.628453,1.196126
2112,40.340000,-0.151024,1.979098,-0.124602,0.612840,1.002476,-2.403045,-0.090735,1.912431,0.056206,-2.645273,1.080568,-0.677021,3.497000,0.974954,1.807347,1.671559
2113,40.360000,-0.333643,2.004441,-0.128763,0.878284,1.148185,-2.471577,0.052582,2.212095,0.632967,-3.060382,1.344517,-0.481317,3.939965,1.478674,2.009593,2.331106
2114,40.380000,-0.492615,1.957321,-0.304785,1.188077,1.198962,-2.534669,0.133709,2.444709,1.008318,-3.399297,1.568906,-0.155370,4.297874,1.858389,2.128305,2.830957
2115,40.400000,-0.684015,2.030261,-0.361227,1.341330,1.334004,-2.568172,0.154127,2.763067,1.407111,-3.456843,1.719082,0.176972,4.511639,2.024168,2.218418,2.991484
2116,40.420000,-0.785706,1.889502,-0.319220,1.556819,1.284545,-2.584340,0.209206,3.016853,1.695887,-3.516842,1.899866,0.352947,4.715623,1.948777,2.298376,2.926728
2117,40.440000,-0.706872,1.836672,-0.280837,1.587277,1.371456,-2.566494,0.201395,2.828484,1.285751,-3.543000,1.800758,0.441297,4.654387,1.795804,2.225895,2.616454
2118,40.460000,-0.777931,1.947946,-0.024331,1.305569,1.357018,-2.342506,0.285986,2.926311,1.323809,-3.198117,1.723473,0.481111,4.602719,1.745404,2.553945,2.512738
2119,40.480000,-0.725053,1.770389,0.033843,1.085998,1.333317,-2.154955,0.382583,2.933503,1.372412,-3.007442,1.834133,0.522985,4.718493,1.811963,2.949279,2.761648
2120,40.500000,-0.547766,1.803306,-0.195726,0.922255,1.201292,-1.985754,0.380449,2.676213,1.007308,-2.988801,1.753057,0.479828,4.663938,1.989456,3.108851,3.067536
2121,40.520000,-0.391658,1.748302,-0.237832,0.753491,1.163501,-1.770113,0.426795,2.526633,1.074362,-3.047914,1.902800,0.679401,4.699445,2.275821,3.204046,3.525839
2122,40.540000,-0.393221,1.610887,-0.383359,0.724807,1.054804,-1.723834,0.390644,2.385313,0.864742,-3.068998,1.968522,0.686172,4.733215,2.509289,3.178945,3.758531
2123,40.560000,-0.441820,1.609349,-0.521625,0.617130,0.955575,-1.684388,0.421455,2.309646,0.646949,-3.036510,1.859255,0.647548,4.723795,2.627125,3.207359,3.738621
2124,40.580000,-0.514516,1.422378,-0.447202,0.631846,0.914705,-1.727926,0.433355,2.214415,0.495367,-3.052909,1.940790,0.646492,4.798755,2.745752,3.397727,3.662846
2125,40.600000,-0.541866,1.469388,-0.352398,0.698318,0.849703,-1.731254,0.433760,2.142118,0.459047,-3.287311,1.883524,0.737442,4.696013,2.760608,3.428893,3.453905
2126,40.620000,-0.554094,1.286926,-0.309450,0.605232,0.767453,-1.717054,0.384422,2.001998,0.092883,-3.140038,1.785044,0.449770,4.638206,2.698216,3.455052,3.227195
2127,40.640000,-0.434417,1.405858,-0.300580,0.356274,0.720661,-1.618735,0.269183,1.753673,-0.316191,-2.951809,1.551126,0.130745,4.287253,2.486987,3.194933,2.752055
2128,40.660000,-0.179076,1.366038,-0.199763,-0.036135,0.774710,-1.436845,0.139373,1.401736,-0.766440,-2.683731,1.445338,-0.093583,3.729587,2.147294,2.651584,2.296040
2129,40.680000,-0.024736,1.283316,-0.068219,-0.446451,0.723321,-1.426254,-0.056369,1.218952,-1.348120,-2.198028,1.297515,-0.369288,3.223163,1.579028,2.321391,1.820294
2130,40.700000,0.073018,1.051119,0.018654,-0.940258,0.384579,-1.478818,-0.390629,1.106887,-1.778643,-1.385132,0.983563,-0.919864,2.545235,0.477058,1.924004,0.917301
2131,40.720000,0.086983,0.893896,0.195563,-1.160066,0.158155,-1.573862,-0.654521,1.185364,-1.925648,-0.815964,0.866856,-1.182633,2.499068,-0.286460,2.040415,0.452587
2132,40.740000,0.256370,0.692969,0.325416,-1.398926,-0.046613,-1.469513,-0.782864,1.185902,-2.032444,-0.553393,0.866518,-1.527367,2.318669,-0.561387,2.037087,0.382976
2133,40.760000,0.442199,0.477735,0.265226,-1.534629,-0.191357,-1.478724,-0.920740,1.175624,-2.110547,-0.450352,0.895877,-1.722964,1.969815,-0.624824,1.889865,0.367569
2134,40.780000,0.578156,0.356713,0.158910,-1.597257,-0.279526,-1.564024,-1.032843,1.242085,-2.138716,-0.339078,0.974845,-1.899343,1.759585,-0.496433,1.884721,0.543657
2135,40.800000,0.684472,0.307370,0.089201,-1.679566,-0.293569,-1.590178,-1.065738,1.281392,-2.129786,-0.360732,1.019843,-1.882158,1.595332,-0.352892,1.882923,0.620653
2136,40.820000,0.776165,0.266196,0.031587,-1.699777,-0.316942,-1.684703,-1.030728,1.328061,-2.100994,-0.422320,1.046435,-1.841856,1.475916,-0.275407,1.831894,0.626920
2137,40.840000,0.719343,0.369404,0.049731,-1.642720,-0.243766,-1.830871,-1.040446,1.382952,-2.035946,-0.362093,1.058366,-1.867131,1.568219,-0.185575,1.895927,0.650925
2138,40.860000,0.730921,0.450583,0.012070,-1.549591,-0.173609,-1.860872,-1.006769,1.388583,-1.995538,-0.499492,1.010595,-1.726667,1.673562,-0.186299,1.958658,0.551092
2139,40.880000,0.726272,0.555843,-0.015236,-1.418707,-0.077754,-1.959655,-0.961831,1.421335,-1.932678,-0.594979,0.987832,-1.626127,1.854444,-0.227309,2.015017,0.425470
2140,40.900000,0.676828,0.762480,0.085334,-1.343567,0.017183,-1.981027,-0.961097,1.480685,-1.869994,-0.620337,0.958158,-1.523924,2.179755,-0.238335,2.212689,0.349452
2141,40.920000,0.661678,0.892486,0.118921,-1.165631,0.165337,-2.008041,-0.861979,1.481240,-1.771380,-0.860086,0.915251,-1.463776,2.394534,-0.278718,2.338165,0.340564
2142,40.940000,0.538811,1.020805,0.086172,-0.965725,0.283752,-2.056354,-0.769068,1.525653,-1.641049,-0.988720,0.897160,-1.437241,2.581796,-0.300403,2.377513,0.413223
2143,40.960000,0.493238,1.232435,0.073081,-0.802177,0.448634,-2.031574,-0.607619,1.547433,-1.454400,-1.320701,0.874415,-1.295265,2.697315,-0.337331,2.377377,0.462415
2144,40.980000,0.437629,1.385167,0.071642,-0.654724,0.583039,-2.071919,-0.432707,1.617174,-1.239856,-1.599244,0.898268,-1.183034,2.872496,-0.365574,2.343862,0.545367
2145,41.000000,0.259172,1.485726,0.056595,-0.491352,0.681747,-2.143313,-0.334478,1.682521,-0.964777,-1.760980,0.904050,-1.168414,3.025426,-0.407263,2.213002,0.665149
2146,41.020000,0.117668,1.596125,0.064819,-0.337982,0.800728,-2.214093,-0.262515,1.756414,-0.645995,-1.929958,0.917910,-1.172040,3.197190,-0.435995,2.067775,0.853430
2147,41.040000,0.008979,1.721982,-0.063267,-0.214050,0.859978,-2.270207,-0.276156,1.734165,-0.643939,-2.021314,0.927825,-1.050062,3.314399,-0.452906,1.941072,0.909773
2148,41.060000,-0.178008,1.833170,0.172236,-0.050283,0.946932,-2.377036,-0.219221,1.859725,-0.282080,-2.133479,0.966267,-1.021380,3.552093,-0.445464,1.987553,1.011997
2149,41.080000,-0.240128,1.867798,0.142775,0.129582,0.975844,-2.446611,-0.250007,1.803341,-0.235752,-2.273040,0.947134,-1.009099,3.592413,-0.490525,1.793237,0.946277
2150,41.100000,-0.407830,1.863378,0.207086,0.232192,1.020360,-2.502357,-0.261194,1.896765,-0.068992,-2.198497,0.934326,-1.011558,3.698821,-0.551880,1.814979,0.923439
2151,41.120000,-0.458557,2.120701,0.325146,0.347186,1.064710,-2.537500,-0.228444,1.970952,0.124714,-2.370097,0.950147,-0.907288,3.798676,-0.575731,1.855051,0.829735
2152,41.140000,-0.496351,2.094186,0.231135,0.389599,1.042717,-2.555204,-0.299528,1.926799,0.078963,-2.332045,0.923414,-0.820162,3.754892,-0.609446,1.819633,0.690167
2153,41.160000,-0.468293,2.055813,0.277794,0.475725,1.092740,-2.581366,-0.353573,1.964303,0.145723,-2.383141,0.948363,-0.841940,3.796746,-0.586408,1.800117,0.744020
2154,41.180000,-0.474477,1.896163,0.182237,0.600503,1.097748,-2.636023,-0.463489,1.971926,0.020043,-2.309713,0.936637,-0.961415,3.817167,-0.575536,1.774667,0.766501
2155,41.200000,-0.506069,1.757150,-0.044809,0.627974,1.080950,-2.617926,-0.617597,1.834050,-0.272874,-2.107770,0.869944,-0.987828,3.619052,-0.564502,1.692463,0.741706
2156,41.220000,-0.421292,1.947434,0.088330,0.621838,1.166681,-2.597054,-0.561470,1.809777,-0.197834,-2.257706,0.882687,-0.873970,3.454064,-0.515280,1.650965,0.734115
2157,41.240000,-0.351935,1.997431,0.085384,0.585252,1.150202,-2.565227,-0.525436,1.764059,-0.121132,-2.344765,0.912975,-0.789483,3.369054,-0.398149,1.559974,0.733840
2158,41.260000,-0.331794,1.890404,0.046235,0.596400,1.142468,-2.585273,-0.569363,1.734168,-0.264140,-2.324603,0.909687,-0.778878,3.428396,-0.325426,1.585831,0.804534
2159,41.280000,-0.309282,1.863612,0.053787,0.567431,1.171437,-2.570318,-0.608931,1.708543,-0.338382,-2.250548,0.868234,-0.793074,3.406633,-0.292204,1.579395,0.789420
2160,41.300000,-0.285362,1.836185,0.055923,0.553498,1.145644,-2.543395,-0.616100,1.674896,-0.387002,-2.191874,0.857641,-0.821539,3.348129,-0.262078,1.564966,0.743563
2161,41.320000,-0.246956,1.833755,0.057039,0.519243,1.116257,-2.533087,-0.610601,1.621713,-0.496159,-2.148835,0.843314,-0.810460,3.326954,-0.236346,1.607183,0.701107
2162,41.340000,-0.228994,1.728851,-0.007079,0.461929,1.127638,-2.509373,-0.662726,1.564689,-0.562117,-2.011627,0.780148,-0.843306,3.192206,-0.230584,1.573080,0.677826
2163,41.360000,-0.148256,1.787755,-0.031610,0.440341,1.100980,-2.485097,-0.643875,1.472816,-0.659418,-2.055320,0.764899,-0.824021,2.965515,-0.235942,1.452114,0.615198
2164,41.380000,-0.138304,1.764487,0.008089,0.389857,1.057816,-2.463300,-0.638309,1.434058,-0.682790,-1.972189,0.733206,-0.851295,2.849816,-0.253488,1.444086,0.553422
2165,41.400000,-0.050403,1.775200,-0.046018,0.378714,1.026757,-2.474495,-0.671608,1.353027,-0.953386,-1.945985,0.741226,-0.852865,2.815424,-0.213422,1.496345,0.540440
2166,41.420000,-0.040174,1.731430,0.031759,0.315915,0.999253,-2.452063,-0.643070,1.352490,-0.881097,-1.907855,0.697234,-0.875627,2.759018,-0.225400,1.502315,0.499759
2167,41.440000,-0.058753,1.782255,0.078601,0.317462,0.958338,-2.515026,-0.608961,1.409131,-0.843210,-1.923261,0.704099,-0.919541,2.863153,-0.226261,1.582012,0.428959
2168,41.460000,-0.026916,1.801203,0.023813,0.316944,0.963247,-2.549759,-0.566823,1.421873,-0.868143,-1.974458,0.720492,-0.907631,2.926377,-0.232327,1.686066,0.439163
2169,41.480000,-0.052678,1.730964,-0.008531,0.356871,1.068660,-2.560797,-0.582539,1.446038,-0.735665,-1.972226,0.689186,-0.964734,2.847947,-0.248927,1.595690,0.482238
2170,41.500000,-0.016502,1.702921,-0.042671,0.345856,1.014220,-2.557026,-0.549406,1.421196,-0.711446,-1.998496,0.695305,-1.039362,2.704545,-0.321323,1.433714,0.505706
2171,41.520000,-0.039959,1.791061,0.046548,0.310203,0.967738,-2.576954,-0.460886,1.435786,-0.626960,-2.030920,0.692048,-1.033772,2.652539,-0.403769,1.385816,0.432282
2172,41.540000,-0.006721,1.765255,0.000257,0.332330,0.961076,-2.579628,-0.504522,1.356860,-0.790369,-2.015391,0.694172,-1.066543,2.589204,-0.423091,1.338582,0.415084
2173,41.560000,-0.012623,1.869609,0.155085,0.313401,0.952360,-2.580194,-0.454930,1.423423,-0.638957,-2.055233,0.701217,-1.030217,2.656060,-0.422619,1.403658,0.394643
2174,41.580000,-0.054409,1.916260,0.191491,0.344465,0.930379,-2.625269,-0.450699,1.478527,-0.601707,-2.063025,0.713589,-1.059084,2.856316,-0.377963,1.509671,0.342482
2175,41.600000,-0.075660,1.883780,0.021059,0.352214,0.933062,-2.630625,-0.521644,1.455707,-0.712066,-1.968670,0.718346,-1.031702,2.894691,-0.335198,1.567560,0.382179
2176,41.620000,-0.022368,1.937376,0.055967,0.341105,1.026532,-2.590469,-0.439423,1.498336,-0.422028,-2.153205,0.773772,-1.037103,2.772758,-0.256397,1.399514,0.505165
2177,41.640000,0.019629,1.810278,0.008179,0.308998,1.050963,-2.530790,-0.460712,1.472276,-0.256135,-2.197783,0.820990,-1.259782,2.401111,-0.109551,0.810282,0.709541
2178,41.660000,0.121269,1.675785,-0.211591,0.191907,1.083532,-2.296499,-0.523376,1.236561,-0.283742,-2.068237,0.879477,-1.422764,1.574243,0.276215,-0.193754,1.036803
2179,41.680000,0.046288,1.740660,0.159407,0.171307,1.121410,-2.311258,-0.426587,1.192549,-0.442351,-2.045300,0.874187,-1.398581,1.310684,0.397346,-0.366692,1.091383
2180,41.700000,-0.069458,1.781860,0.394964,0.173925,1.083182,-2.334033,-0.433396,1.117467,-0.708796,-1.900077,0.836330,-1.269252,1.377675,0.415160,-0.179843,0.891629
2181,41.720000,-0.125221,1.707839,0.409124,0.156566,1.047100,-2.297622,-0.464119,1.084808,-0.919904,-1.716755,0.796505,-1.214375,1.518387,0.426839,0.084135,0.692055
2182,41.740000,-0.075987,1.698317,0.445398,0.168271,1.047842,-2.268733,-0.419385,1.048399,-1.050448,-1.769852,0.785804,-1.130123,1.591725,0.386904,0.325307,0.535410
2183,41.760000,-0.112419,1.705215,0.338068,0.130243,1.039048,-2.261633,-0.443818,1.082299,-1.340990,-1.593673,0.826072,-1.078972,1.782799,0.451110,0.801027,0.518604
2184,41.780000,-0.048599,1.671087,0.235064,0.175583,1.100197,-2.227217,-0.415771,1.097386,-1.253290,-1.779959,0.830342,-1.024189,1.857275,0.485993,0.982091,0.647752
2185,41.800000,-0.004741,1.653307,0.123470,0.216746,1.114990,-2.206788,-0.324264,1.124114,-1.099491,-1.985153,0.881041,-0.933886,1.837009,0.502450,0.922633,0.751924
2186,41.820000,-0.008166,1.638891,-0.026678,0.257161,1.176297,-2.232060,-0.307460,1.149596,-0.920985,-2.130588,0.917206,-0.860517,1.822544,0.470271,0.796314,0.869078
2187,41.840000,-0.054897,1.623639,-0.030525,0.277998,1.140251,-2.233345,-0.264913,1.200305,-0.733909,-2.212089,0.939087,-0.851081,1.905381,0.434515,0.666870,0.958988
2188,41.860000,-0.152708,1.621645,0.046424,0.355731,1.211170,-2.317405,-0.293882,1.254069,-0.631377,-2.218311,0.915048,-0.856181,2.009059,0.384215,0.573076,0.988111
2189,41.880000,-0.184586,1.756755,0.125959,0.358347,1.175074,-2.268176,-0.223372,1.297718,-0.500418,-2.268145,0.957389,-0.753857,2.188197,0.367113,0.582183,0.983402
2190,41.900000,-0.232595,1.827956,0.253465,0.393415,1.154411,-2.278471,-0.203477,1.318647,-0.390854,-2.353431,0.967091,-0.669566,2.375176,0.355234,0.594526,0.926552
2191,41.920000,-0.260645,1.861126,0.336013,0.412147,1.144128,-2.260737,-0.224622,1.328721,-0.318669,-2.357320,0.980602,-0.665377,2.533010,0.349785,0.633005,0.910742
2192,41.940000,-0.276774,1.884687,0.336535,0.452981,1.149890,-2.253609,-0.250039,1.337543,-0.282997,-2.382609,0.997540,-0.647977,2.636069,0.383174,0.650198,0.937761
2193,41.960000,-0.320907,1.914341,0.348693,0.458418,1.160683,-2.231476,-0.269214,1.342702,-0.298752,-2.356552,1.004277,-0.596380,2.730496,0.446880,0.761938,0.972324
2194,41.980000,-0.308047,1.942655,0.371196,0.489807,1.175035,-2.188990,-0.269188,1.337795,-0.247336,-2.409157,1.025019,-0.545761,2.770433,0.541170,0.828370,1.075770
2195,42.000000,-0.322489,1.894324,0.302747,0.546704,1.203263,-2.209051,-0.298590,1.355763,-0.222708,-2.466294,1.050568,-0.479900,2.873004,0.613377,0.925333,1.173204
2196,42.020000,-0.330388,1.693027,0.192849,0.573871,1.116147,-2.166403,-0.347050,1.375154,-0.250895,-2.415826,1.026162,-0.543199,2.925544,0.666704,1.016835,1.257076
2197,42.040000,-0.379125,1.736223,0.142881,0.626165,1.129569,-2.144697,-0.322100,1.375924,-0.156883,-2.503993,1.014981,-0.464852,2.919734,0.729666,1.072266,1.306889
2198,42.060000,-0.409344,1.854417,0.154772,0.705870,1.138552,-2.105010,-0.239440,1.403997,0.049426,-2.717978,1.072884,-0.237333,2.985851,0.868498,1.176341,1.431091
2199,42.080000,-0.481320,1.868835,0.144705,0.814651,1.116494,-2.155113,-0.232184,1.506126,0.163315,-2.830650,1.182305,-0.064143,3.311330,1.041969,1.443399,1.621368
2200,42.100000,-0.558451,1.821247,0.067137,0.938155,1.092910,-2.163194,-0.267274,1.588087,0.300145,-2.935399,1.204733,0.093735,3.576588,1.171096,1.673865,1.775103
2201,42.120000,-0.520321,1.526381,-0.103682,1.062746,1.072661,-2.162868,-0.335359,1.538217,0.082520,-2.892550,1.194465,0.014332,3.656826,1.231500,1.706096,1.788408
2202,42.140000,-0.650470,1.556651,-0.090968,0.988830,0.969448,-2.109411,-0.316524,1.620465,0.145923,-2.728141,1.081064,-0.025458,3.651116,1.146154,1.849576,1.597417
2203,42.160000,-0.643816,1.574517,-0.046532,0.964783,0.989543,-2.055440,-0.249587,1.625352,0.312414,-2.754807,1.099560,0.017362,3.558461,1.096958,1.826610,1.511366
2204,42.180000,-0.608109,1.753648,0.027741,0.959735,1.022890,-2.032433,-0.179474,1.622302,0.477107,-2.920952,1.176322,0.164130,3.552388,1.122401,1.772473,1.674081
2205,42.200000,-0.577253,1.604581,-0.040643,0.881907,0.931629,-1.964774,-0.220882,1.602176,0.470380,-2.811618,1.135560,0.134677,3.549017,1.128778,1.666157,1.748327
2206,42.220000,-0.550247,1.478345,-0.096281,0.857820,0.871514,-1.911048,-0.263762,1.495014,0.317480,-2.735422,1.089556,-0.006136,3.540126,1.104379,1.514613,1.752849
2207,42.240000,-0.591497,1.518823,-0.027615,0.654719,0.874120,-1.883776,-0.293392,1.439701,0.115024,-2.463437,1.001538,-0.154064,3.476067,1.194611,1.547280,1.749261
2208,42.260000,-0.554676,1.607896,0.045285,0.588887,0.819264,-1.760166,-0.212340,1.357860,0.164055,-2.530441,1.027780,-0.057479,3.416903,1.314231,1.552351,1.803915
2209,42.280000,-0.574429,1.560594,0.027299,0.519367,0.739539,-1.759810,-0.241413,1.288041,0.013600,-2.462530,0.995181,-0.154764,3.416854,1.360464,1.611754,1.772044
2210,42.300000,-0.524023,1.637994,0.099814,0.471830,0.785721,-1.671613,-0.209575,1.218952,0.075673,-2.598104,1.050116,-0.026366,3.387967,1.441945,1.653931,1.894469
2211,42.320000,-0.554981,1.572012,0.049554,0.402029,0.739487,-1.709333,-0.226746,1.220389,-0.158069,-2.483809,1.080427,-0.133975,3.535194,1.550904,1.862802,1.965797
2212,42.340000,-0.536392,1.631101,0.080439,0.380971,0.759580,-1.657890,-0.178487,1.193234,0.016490,-2.682181,1.122345,0.048031,3.500608,1.602141,1.898196,2.099970
2213,42.360000,-0.553737,1.564311,0.055309,0.345934,0.744269,-1.682911,-0.172630,1.197755,-0.071873,-2.681139,1.160592,0.021569,3.534215,1.660681,1.966440,2.102892
2214,42.380000,-0.556335,1.455053,0.075894,0.297582,0.687444,-1.637036,-0.166702,1.183945,-0.047993,-2.713912,1.126523,0.037464,3.437323,1.588740,1.942238,2.063829
2215,42.400000,-0.563014,1.520134,0.150026,0.257150,0.705309,-1.601496,-0.141392,1.173974,-0.037856,-2.721702,1.129936,0.025940,3.398434,1.581836,1.932649,2.038944
2216,42.420000,-0.518193,1.349617,0.004314,0.273455,0.652233,-1.583851,-0.195624,1.041950,-0.230625,-2.722062,1.083980,-0.113127,3.213193,1.494256,1.728950,1.950016
2217,42.440000,-0.545452,1.435885,0.163480,0.153025,0.645526,-1.512438,-0.147746,1.041529,-0.168700,-2.687234,1.052618,-0.083013,3.124266,1.472060,1.690606,1.937553
2218,42.460000,-0.585652,1.430675,0.118193,0.080377,0.590102,-1.512709,-0.189222,0.992459,-0.379324,-2.558319,1.008587,-0.231483,3.145445,1.493985,1.777298,1.860904
2219,42.480000,-0.566933,1.486413,0.280072,0.008565,0.635782,-1.485422,-0.111231,1.042691,-0.366272,-2.600768,1.086552,-0.132967,3.307286,1.587839,2.023874,2.066617
2220,42.500000,-0.587735,1.463525,0.280419,-0.041403,0.608883,-1.526878,-0.109653,1.081267,-0.426055,-2.578293,1.144464,-0.135294,3.508342,1.681747,2.287198,2.176813
2221,42.520000,-0.565849,1.341213,0.164009,-0.025318,0.586044,-1.513732,-0.124250,1.032377,-0.343878,-2.657884,1.135044,-0.146366,3.392898,1.652761,2.239604,2.212384
2222,42.540000,-0.549029,1.361352,0.138309,0.024691,0.617494,-1.516148,-0.119750,0.994242,-0.336849,-2.764526,1.158841,-0.122106,3.227197,1.611581,2.131452,2.171543
2223,42.560000,-0.636271,1.342829,0.201254,-0.119806,0.532974,-1.538196,-0.112582,1.079253,-0.451441,-2.574400,1.110098,-0.214531,3.277566,1.557013,2.299088,2.041383
2224,42.580000,-0.600028,1.316497,0.225680,-0.165453,0.569920,-1.471056,-0.092398,1.081920,-0.345638,-2.603981,1.135831,-0.202447,3.219382,1.493480,2.220051,2.064633
2225,42.600000,-0.543347,1.358974,0.196444,-0.110134,0.644229,-1.462839,-0.086199,1.058286,-0.298820,-2.782484,1.149456,-0.170960,3.037255,1.556325,2.027158,2.175235
2226,42.620000,-0.547031,1.122488,0.097235,-0.115809,0.513098,-1.458421,-0.138629,0.980694,-0.486707,-2.651075,1.141083,-0.360192,3.006934,1.488457,1.910487,2.112796
2227,42.640000,-0.583031,1.321915,0.298123,-0.195038,0.565171,-1.417320,-0.070064,1.024396,-0.342047,-2.687109,1.130006,-0.247353,3.047602,1.455608,1.910273,2.088279
2228,42.660000,-0.562299,1.176700,0.166015,-0.282869,0.517305,-1.393853,-0.106742,0.988170,-0.567765,-2.503000,1.126776,-0.400180,3.087878,1.467965,1.952908,2.048052
2229,42.680000,-0.549880,1.351942,0.302561,-0.339556,0.618685,-1.359463,-0.015559,1.041146,-0.474206,-2.570189,1.192907,-0.262961,3.192728,1.546607,2.075641,2.265791
2230,42.700000,-0.517904,1.357867,0.292305,-0.385377,0.636809,-1.373194,-0.002228,1.070389,-0.594322,-2.518734,1.271604,-0.236206,3.346185,1.674726,2.297864,2.394280
2231,42.720000,-0.539693,1.207915,0.045167,-0.294819,0.559740,-1.465601,-0.065912,1.021713,-0.671775,-2.543396,1.224694,-0.296815,3.271850,1.653890,2.284816,2.378009
2232,42.740000,-0.532296,1.343862,0.152678,-0.338574,0.643135,-1.393273,0.018343,1.070392,-0.426192,-2.611071,1.257623,-0.150503,3.175292,1.626857,2.277018,2.333017
2233,42.760000,-0.568084,1.229446,0.176952,-0.366098,0.578305,-1.437165,0.017481,1.102781,-0.459418,-2.540979,1.261703,-0.233858,3.180263,1.564843,2.308777,2.204535
2234,42.780000,-0.604493,1.220344,0.139099,-0.426274,0.546532,-1.433199,-0.009190,1.141664,-0.489503,-2.446036,1.176151,-0.337024,3.194640,1.441085,2.333502,2.121199
2235,42.800000,-0.514314,1.242178,0.163469,-0.381248,0.622570,-1.348960,-0.015650,1.084857,-0.401388,-2.573982,1.206729,-0.324170,3.062748,1.444454,2.122815,2.159322
2236,42.820000,-0.511196,1.251707,0.234673,-0.380050,0.588803,-1.361274,0.001703,1.067011,-0.408041,-2.604830,1.211799,-0.343453,3.011245,1.459953,2.001363,2.157871
2237,42.840000,-0.564331,1.279916,0.227255,-0.461701,0.553143,-1.344545,-0.046553,1.071585,-0.528701,-2.479362,1.156472,-0.390838,3.076297,1.460191,2.045556,2.104319
2238,42.860000,-0.495684,1.287002,0.265237,-0.428493,0.631763,-1.276208,-0.033467,1.023114,-0.479971,-2.602350,1.188321,-0.311857,2.995365,1.547937,1.961404,2.209288
2239,42.880000,-0.519688,1.272872,0.228795,-0.396727,0.606317,-1.287855,-0.015091,1.003454,-0.442251,-2.639084,1.190349,-0.320887,2.959566,1.575086,1.885225,2.229920
2240,42.900000,-0.566675,1.249033,0.159888,-0.419974,0.559323,-1.345102,-0.069780,0.972431,-0.674811,-2.497478,1.155596,-0.416768,3.077282,1.558072,2.047667,2.174608
2241,42.920000,-0.555087,1.188495,0.178474,-0.464936,0.567606,-1.267737,-0.055199,0.977811,-0.608020,-2.463702,1.149228,-0.368967,3.021552,1.563995,2.066049,2.194273
2242,42.940000,-0.566985,1.199133,0.205776,-0.480725,0.581656,-1.308790,-0.026512,1.017629,-0.646799,-2.401489,1.176132,-0.382675,3.042304,1.592324,2.148432,2.199747
2243,42.960000,-0.570401,1.203181,0.042822,-0.474971,0.590363,-1.353778,-0.063400,1.000691,-0.834708,-2.333038,1.171270,-0.438757,3.064726,1.613656,2.253682,2.236130
2244,42.980000,-0.547054,1.075676,-0.016849,-0.427447,0.570076,-1.328182,-0.065454,0.977766,-0.766372,-2.309056,1.181573,-0.481422,2.980548,1.593244,2.175331,2.287231
2245,43.000000,-0.540115,1.255743,0.111057,-0.484587,0.596267,-1.283719,0.036857,1.020543,-0.556194,-2.413474,1.174496,-0.312483,2.877227,1.534429,2.106320,2.203447
2246,43.020000,-0.561888,1.168269,0.039560,-0.559650,0.529872,-1.261661,0.027919,1.028106,-0.578101,-2.328753,1.137929,-0.404246,2.836614,1.465142,2.066309,2.114058
2247,43.040000,-0.512871,1.167723,0.068719,-0.531456,0.596225,-1.188193,0.040850,1.017787,-0.446271,-2.385619,1.152743,-0.371508,2.753180,1.472487,1.891804,2.224922
2248,43.060000,-0.504812,1.152921,0.045760,-0.489576,0.612175,-1.238559,-0.003811,0.976290,-0.596900,-2.340779,1.167226,-0.446154,2.744788,1.558369,1.816040,2.291073
2249,43.080000,-0.605884,1.228252,0.121196,-0.580975,0.559167,-1.294631,0.019260,1.054040,-0.692293,-2.122400,1.145616,-0.482250,3.001199,1.566682,2.110417,2.277463
2250,43.100000,-0.563014,1.341615,0.190983,-0.529924,0.634895,-1.268565,0.073618,1.065658,-0.511688,-2.294405,1.210481,-0.264526,3.113385,1.601107,2.226534,2.326476
2251,43.120000,-0.498545,1.308631,0.070716,-0.439770,0.667861,-1.304889,0.072272,1.053934,-0.521372,-2.413810,1.296904,-0.223957,3.134087,1.667172,2.203812,2.433121
2252,43.140000,-0.521425,1.293221,0.040368,-0.478226,0.660496,-1.322182,0.070915,1.113926,-0.563822,-2.323504,1.326909,-0.232911,3.229404,1.739101,2.322473,2.562175
2253,43.160000,-0.592091,1.277471,0.018789,-0.531474,0.594318,-1.338808,0.080237,1.140226,-0.455450,-2.262938,1.250454,-0.346328,3.185897,1.699432,2.324628,2.455183
2254,43.180000,-0.546165,1.279894,-0.086345,-0.456583,0.662896,-1.301303,0.126709,1.107293,-0.295737,-2.382329,1.291241,-0.260746,3.016542,1.655964,2.088401,2.428354
2255,43.200000,-0.531810,1.354692,0.010079,-0.505572,0.660351,-1.262931,0.171339,1.146413,-0.269611,-2.399211,1.313371,-0.186305,2.967406,1.632578,2.045636,2.389628
2256,43.220000,-0.568059,1.361455,0.045637,-0.561276,0.617419,-1.270299,0.117826,1.149747,-0.381533,-2.295599,1.256234,-0.291289,3.055531,1.621026,2.105827,2.326079
2257,43.240000,-0.488775,1.322770,-0.003705,-0.464922,0.678940,-1.256791,0.093255,1.074598,-0.502228,-2.378597,1.298120,-0.257488,3.059205,1.665797,2.039854,2.395943
2258,43.260000,-0.522138,1.292742,0.071675,-0.535908,0.627169,-1.269106,0.111123,1.105522,-0.495722,-2.287744,1.292518,-0.265955,3.111623,1.682718,2.097669,2.365306
2259,43.280000,-0.585115,1.247735,0.022223,-0.602816,0.562975,-1.297011,0.060854,1.088201,-0.612933,-2.133689,1.190984,-0.460128,3.071366,1.635812,2.155346,2.207331
2260,43.300000,-0.480462,1.252089,0.018037,-0.585817,0.620048,-1.185486,0.111364,1.022197,-0.517473,-2.265622,1.190459,-0.368301,2.860243,1.578747,2.023396,2.169074
2261,43.320000,-0.458358,1.227800,0.002737,-0.580857,0.608125,-1.196669,0.082952,0.969482,-0.599024,-2.272081,1.207289,-0.435272,2.709196,1.572076,1.879827,2.123256
2262,43.340000,-0.500680,1.210903,0.002205,-0.656649,0.539509,-1.180588,0.044064,0.969383,-0.726490,-2.153887,1.120303,-0.535759,2.675232,1.525312,1.920871,2.057340
2263,43.360000,-0.446975,1.221896,0.067207,-0.627220,0.617738,-1.125422,0.051519,0.934300,-0.724014,-2.255041,1.145011,-0.417817,2.627959,1.579658,1.886418,2.109550
2264,43.380000,-0.441468,1.182826,-0.002768,-0.584478,0.603941,-1.161717,0.033295,0.903025,-0.802839,-2.262927,1.175104,-0.452990,2.591834,1.671370,1.837460,2.186395
2265,43.400000,-0.502229,1.172069,-0.035057,-0.668769,0.520942,-1.128590,0.047588,0.901336,-0.794289,-2.163080,1.080294,-0.501965,2.588850,1.609490,1.894649,2.092920
2266,43.420000,-0.489505,1.133637,0.013934,-0.667940,0.582174,-1.094468,0.049354,0.886596,-0.759655,-2.179451,1.106547,-0.476469,2.579250,1.595170,1.889191,2.078004
2267,43.440000,-0.495712,1.105091,-0.070154,-0.643548,0.565775,-1.124675,0.040403,0.898449,-0.805054,-2.134936,1.122913,-0.505506,2.596199,1.577135,1.903943,2.113682
2268,43.460000,-0.549133,1.060759,-0.220292,-0.591563,0.539801,-1.170424,-0.056287,0.865760,-0.893439,-2.059389,1.051948,-0.592163,2.556315,1.574633,1.880788,2.126872
2269,43.480000,-0.545034,1.137850,-0.082901,-0.617626,0.576588,-1.100139,0.037929,0.903993,-0.744401,-2.061933,1.085647,-0.461986,2.575048,1.575454,1.921538,2.141532
2270,43.500000,-0.557428,1.138870,-0.029760,-0.629966,0.534332,-1.120730,0.068211,0.918428,-0.651160,-2.087920,1.063042,-0.447126,2.568543,1.541744,1.875468,2.067613
2271,43.520000,-0.601857,1.114254,-0.090966,-0.639122,0.518986,-1.162095,0.023818,0.938892,-0.710779,-2.017644,1.026289,-0.497867,2.631653,1.494778,1.943078,2.040545
2272,43.540000,-0.546850,1.102399,-0.119246,-0.552370,0.568789,-1.137938,0.002399,0.905554,-0.651374,-2.074203,1.070881,-0.489502,2.623449,1.508922,1.870870,2.120482
2273,43.560000,-0.539045,1.261414,-0.009562,-0.568414,0.593674,-1.113670,0.084187,0.953958,-0.500996,-2.179499,1.105725,-0.295643,2.711841,1.541204,1.930588,2.160787
2274,43.580000,-0.587734,1.303281,-0.020064,-0.598433,0.590581,-1.166192,0.068246,1.008655,-0.588903,-2.100988,1.138667,-0.337415,2.961460,1.619320,2.141828,2.242680
2275,43.600000,-0.551228,1.326855,-0.070628,-0.486382,0.660967,-1.177233,0.075145,1.015731,-0.482991,-2.255452,1.189296,-0.168079,3.021069,1.713240,2.165316,2.438576
2276,43.620000,-0.582256,1.384290,-0.045176,-0.469180,0.653527,-1.216976,0.137583,1.093493,-0.284835,-2.337440,1.266118,-0.056569,3.158514,1.777312,2.254514,2.505130
2277,43.640000,-0.622242,1.244801,-0.170380,-0.449814,0.612414,-1.258779,0.110528,1.077303,-0.214695,-2.321869,1.246489,-0.083645,3.104070,1.694629,2.119090,2.405759
2278,43.660000,-0.595431,1.229647,-0.232939,-0.398299,0.663980,-1.237383,0.085086,1.037804,-0.310590,-2.273781,1.264174,-0.209452,3.027827,1.715016,1.970117,2.458018
2279,43.680000,-0.603526,1.337687,-0.110714,-0.460395,0.628812,-1.219336,0.093228,1.028436,-0.343984,-2.276682,1.173802,-0.143225,2.923311,1.704599,1.952043,2.322796
2280,43.700000,-0.634209,1.218073,-0.025681,-0.493806,0.601427,-1.229149,0.057209,1.027305,-0.495366,-2.113144,1.175992,-0.255369,2.921950,1.735399,1.971242,2.247552
2281,43.720000,-0.576929,1.342529,-0.000289,-0.495195,0.622263,-1.157322,0.122862,0.990418,-0.396277,-2.216085,1.154629,-0.177478,2.834233,1.674852,1.934366,2.204919
2282,43.740000,-0.560643,1.174163,-0.128743,-0.532157,0.543237,-1.197268,0.039984,0.896284,-0.645513,-2.118495,1.081351,-0.423852,2.722061,1.593025,1.897965,2.040229
2283,43.760000,-0.536410,1.277221,-0.000115,-0.565761,0.592309,-1.106185,0.069085,0.904898,-0.591879,-2.184686,1.098978,-0.284298,2.686033,1.567393,1.957377,2.060046
2284,43.780000,-0.555320,1.200367,0.001288,-0.602655,0.547253,-1.149408,0.034642,0.918706,-0.707546,-2.086774,1.101497,-0.414236,2.745993,1.603299,2.048984,2.047471
2285,43.800000,-0.513159,1.217617,-0.045373,-0.515000,0.608048,-1.190060,0.002989,0.868360,-0.797949,-2.191978,1.137198,-0.373059,2.766663,1.661259,2.081572,2.210307
2286,43.820000,-0.517894,1.280986,-0.039205,-0.561895,0.603870,-1.144976,0.093196,0.924096,-0.624457,-2.266219,1.190051,-0.226374,2.841755,1.701178,2.135930,2.277529
2287,43.840000,-0.557509,1.281176,-0.022593,-0.600381,0.574544,-1.205571,0.096131,0.972912,-0.607278,-2.247104,1.208436,-0.260225,2.980778,1.713556,2.242023,2.262226
2288,43.860000,-0.517591,1.232463,-0.138108,-0.551454,0.599980,-1.151396,0.110193,0.965751,-0.444199,-2.392584,1.226933,-0.188369,2.905290,1.691423,2.097319,2.350914
2289,43.880000,-0.509693,1.234164,-0.193364,-0.488102,0.650428,-1.203012,0.092321,0.965456,-0.539103,-2.382879,1.307713,-0.227230,2.980315,1.747161,2.050423,2.453773
2290,43.900000,-0.589838,1.192946,-0.139377,-0.560017,0.572185,-1.226582,0.057482,0.981795,-0.559236,-2.271164,1.213860,-0.314528,2.953377,1.720525,2.025781,2.387993
2291,43.920000,-0.657649,1.186017,-0.072279,-0.581994,0.566986,-1.265246,0.011775,0.991589,-0.705732,-2.127242,1.160789,-0.397288,2.996597,1.703748,2.128309,2.238080
2292,43.940000,-0.585454,1.211087,-0.095631,-0.527932,0.592944,-1.200250,0.065492,0.942670,-0.586684,-2.256713,1.157784,-0.315522,2.836149,1.631338,2.006611,2.166258
2293,43.960000,-0.561872,1.157477,-0.033013,-0.527000,0.589744,-1.254942,0.023769,0.914635,-0.695652,-2.215943,1.194013,-0.408954,2.806108,1.591335,1.971888,2.126159
2294,43.980000,-0.602918,1.122595,0.009161,-0.621333,0.496552,-1.196304,-0.017257,0.890938,-0.728054,-2.146662,1.043853,-0.490639,2.684550,1.463364,1.957728,1.951221
2295,44.000000,-0.549737,1.171413,0.099115,-0.619627,0.583955,-1.127568,0.020478,0.880156,-0.702281,-2.205752,1.097089,-0.446026,2.624633,1.460934,1.905326,1.960436
2296,44.020000,-0.509877,1.104903,0.023837,-0.625928,0.543496,-1.111246,0.015910,0.835292,-0.705807,-2.216789,1.082766,-0.493025,2.514894,1.435395,1.770048,1.958845
2297,44.040000,-0.506874,1.180844,0.110969,-0.656779,0.571216,-1.066737,0.045218,0.848053,-0.650572,-2.291621,1.090373,-0.405341,2.565655,1.435771,1.797262,2.007880
2298,44.060000,-0.518012,1.208722,0.098533,-0.647271,0.603238,-1.071608,0.033816,0.847808,-0.665666,-2.330353,1.118479,-0.355425,2.626946,1.500808,1.833988,2.094227
2299,44.080000,-0.581468,1.178864,-0.050561,-0.599567,0.544396,-1.140393,-0.013906,0.855322,-0.711257,-2.328956,1.077026,-0.348090,2.717688,1.559800,1.921591,2.091064
2300,44.100000,-0.580016,1.190321,-0.098047,-0.513402,0.610862,-1.175284,-0.008917,0.873916,-0.712264,-2.357384,1.150026,-0.309979,2.888294,1.627888,2.047894,2.201213
2301,44.120000,-0.630184,1.221159,-0.073741,-0.531281,0.573876,-1.207002,0.004194,0.918046,-0.590105,-2.403434,1.129431,-0.202143,2.973357,1.632079,2.146389,2.151085
2302,44.140000,-0.649814,1.239029,-0.061608,-0.477309,0.629238,-1.212576,0.014132,0.954640,-0.497697,-2.478972,1.180688,-0.116728,3.069445,1.685966,2.192163,2.246447
2303,44.160000,-0.673386,1.189360,-0.094673,-0.437210,0.630961,-1.291841,0.002281,1.000257,-0.508601,-2.408357,1.226367,-0.190902,3.210377,1.716407,2.260614,2.364997
2304,44.180000,-0.713769,1.233092,-0.053713,-0.447801,0.598825,-1.293872,0.007453,1.023923,-0.379251,-2.440354,1.157347,-0.170129,3.221278,1.664331,2.263430,2.314135
2305,44.200000,-0.688205,1.218814,-0.036703,-0.410565,0.619910,-1.245950,0.014452,0.990573,-0.221090,-2.536788,1.156738,-0.128712,3.060772,1.605064,2.050731,2.230819
2306,44.220000,-0.660641,1.240013,-0.000446,-0.398817,0.609969,-1.254560,-0.004104,0.971020,-0.316558,-2.495027,1.160500,-0.199310,3.032681,1.567814,1.960194,2.179302
2307,44.240000,-0.642593,1.207530,-0.036925,-0.369966,0.594682,-1.257823,-0.085312,0.888399,-0.506690,-2.456569,1.130357,-0.311290,3.011721,1.566852,1.889567,2.194022
2308,44.260000,-0.658007,1.259366,0.111365,-0.391264,0.601691,-1.245065,-0.064210,0.880232,-0.453685,-2.515160,1.093811,-0.209327,2.953831,1.560092,1.885333,2.124403
2309,44.280000,-0.679224,1.130866,0.181832,-0.449782,0.508923,-1.241277,-0.075403,0.853642,-0.540180,-2.400897,1.041180,-0.307554,2.914901,1.479892,1.911738,1.919507
2310,44.300000,-0.678900,1.139308,0.127076,-0.481306,0.466489,-1.229006,-0.117417,0.801788,-0.610572,-2.385064,0.952244,-0.420603,2.827310,1.392715,1.918910,1.796122
2311,44.320000,-0.615448,1.158965,0.186164,-0.501079,0.556101,-1.127607,-0.105435,0.768479,-0.597880,-2.463350,0.988769,-0.356049,2.709807,1.436351,1.897937,1.867145
2312,44.340000,-0.615048,0.999584,0.132708,-0.509853,0.473232,-1.186093,-0.159748,0.753737,-0.727736,-2.399433,0.986135,-0.424054,2.672484,1.450258,1.898417,1.848279
2313,44.360000,-0.593269,1.043221,0.102322,-0.488598,0.496198,-1.118241,-0.131247,0.727641,-0.636726,-2.482823,0.960674,-0.376741,2.639132,1.433195,1.856475,1.892410
2314,44.380000,-0.582225,1.011980,0.043615,-0.435466,0.504689,-1.152624,-0.154872,0.690206,-0.660299,-2.526846,0.976402,-0.384779,2.622143,1.452413,1.837069,1.921243
2315,44.400000,-0.677277,1.009764,0.057150,-0.498658,0.417369,-1.173930,-0.169882,0.738086,-0.671730,-2.456515,0.898983,-0.359061,2.723256,1.418245,1.994801,1.855468
2316,44.420000,-0.681634,1.057122,0.160863,-0.480275,0.458223,-1.151189,-0.134428,0.776436,-0.563995,-2.490494,0.920435,-0.283073,2.848473,1.445230,2.121583,1.877924
2317,44.440000,-0.691286,1.011878,0.038737,-0.423037,0.445812,-1.189999,-0.149884,0.783400,-0.459785,-2.576834,0.929777,-0.260688,2.896654,1.443890,2.089337,1.925527
2318,44.460000,-0.685979,1.029829,0.054158,-0.338748,0.496301,-1.212247,-0.169633,0.782827,-0.465782,-2.643259,0.967349,-0.224272,2.969116,1.454866,2.125245,1.995550
2319,44.480000,-0.733565,1.067043,0.137255,-0.303319,0.475619,-1.237638,-0.187447,0.819929,-0.355024,-2.691125,0.947914,-0.136107,3.011349,1.487359,2.163186,1.999729
2320,44.500000,-0.858874,1.065217,0.181411,-0.275156,0.397857,-1.306593,-0.202850,0.877013,-0.243900,-2.675550,0.890686,-0.197993,3.112678,1.445946,2.265449,1.903401
2321,44.520000,-0.818396,1.062755,0.165616,-0.195881,0.445169,-1.276811,-0.194463,0.866826,-0.109318,-2.813033,0.924504,-0.114096,3.087649,1.402103,2.159201,1.895651
2322,44.540000,-0.810376,0.887224,0.038061,-0.090289,0.383682,-1.301084,-0.302280,0.794938,-0.252456,-2.806242,0.897584,-0.283806,2.999369,1.394127,1.984991,1.887619
2323,44.560000,-0.842107,0.936777,0.216789,-0.107915,0.385431,-1.272754,-0.294715,0.794573,-0.233924,-2.781587,0.838380,-0.240030,2.934578,1.392451,1.967166,1.838779
2324,44.580000,-0.845252,0.977492,0.209628,-0.081047,0.390520,-1.250834,-0.287484,0.755740,-0.175316,-2.799654,0.844681,-0.255581,2.931288,1.413010,1.895798,1.838814
2325,44.600000,-0.862476,0.971204,0.259408,-0.146439,0.376013,-1.259175,-0.244168,0.775116,-0.158576,-2.755816,0.828024,-0.242019,2.961387,1.387032,1.909798,1.845054
2326,44.620000,-0.867890,0.916128,0.260519,-0.157436,0.357458,-1.219111,-0.276292,0.727904,-0.192597,-2.733901,0.792207,-0.269086,2.902123,1.339404,1.899524,1.815559
2327,44.640000,-0.871195,0.883897,0.151873,-0.127915,0.308002,-1.232062,-0.320938,0.657093,-0.298388,-2.691985,0.721349,-0.364356,2.840744,1.320606,1.903005,1.769990
2328,44.660000,-0.849974,0.901867,0.244243,-0.216775,0.344499,-1.148152,-0.275371,0.655725,-0.230124,-2.674279,0.741951,-0.303145,2.752467,1.328109,1.889626,1.788499
2329,44.680000,-0.896426,0.856475,0.256861,-0.234876,0.293829,-1.163584,-0.280469,0.662796,-0.241257,-2.644648,0.716528,-0.306475,2.756732,1.303719,1.965069,1.744901
2330,44.700000,-0.837260,0.847197,0.218621,-0.157917,0.369551,-1.167178,-0.289519,0.616565,-0.269479,-2.764160,0.742215,-0.258639,2.696985,1.354215,1.931349,1.864652
2331,44.720000,-0.870203,0.830698,0.249015,-0.176203,0.317475,-1.161406,-0.255413,0.642302,-0.175852,-2.786850,0.746115,-0.208085,2.712705,1.348583,1.973638,1.866092
2332,44.740000,-0.900284,0.881050,0.329329,-0.146828,0.345726,-1.163479,-0.250287,0.647754,-0.070942,-2.881957,0.757532,-0.134191,2.783051,1.351534,2.013576,1.893770
2333,44.760000,-0.895650,0.830788,0.269100,-0.062058,0.334527,-1.207385,-0.265803,0.645470,-0.119289,-2.952842,0.776241,-0.123962,2.828453,1.388607,2.034478,1.952874
2334,44.780000,-0.978685,0.846139,0.211158,-0.058883,0.252567,-1.250733,-0.274337,0.701326,-0.074683,-2.909843,0.749931,-0.114013,2.976290,1.364909,2.153768,1.904152
2335,44.800000,-0.993803,0.869696,0.277256,0.035903,0.323232,-1.266975,-0.278264,0.712859,0.003494,-3.009576,0.785596,-0.067131,3.068017,1.408772,2.234975,1.954654
2336,44.820000,-1.017097,0.867896,0.236834,0.155786,0.277400,-1.326105,-0.291281,0.722298,0.047845,-3.135757,0.795913,-0.051136,3.076476,1.397541,2.233226,1.951985
2337,44.840000,-1.052649,0.809092,0.333766,0.235055,0.277398,-1.338803,-0.310863,0.749077,0.093978,-3.220678,0.792632,0.001567,3.068822,1.360508,2.212040,1.904232
2338,44.860000,-1.050372,0.872302,0.373685,0.322144,0.289373,-1.348549,-0.338753,0.728148,0.131611,-3.354087,0.804130,0.041518,3.008016,1.371077,2.153512,1.868267
2339,44.880000,-1.075651,0.837044,0.431966,0.402908,0.254547,-1.397914,-0.339520,0.730265,0.123893,-3.423650,0.793717,0.039285,3.103636,1.334519,2.211700,1.813457
2340,44.900000,-1.055768,0.753914,0.415240,0.462511,0.195316,-1.387042,-0.390646,0.643900,0.041811,-3.502537,0.765851,-0.041424,3.080134,1.284821,2.134577,1.736718
2341,44.920000,-1.101743,0.783058,0.467676,0.353625,0.148765,-1.309138,-0.395013,0.650393,0.056363,-3.404677,0.671204,-0.085696,3.003306,1.264311,2.134889,1.659433
2342,44.940000,-1.057617,0.782660,0.536667,0.354235,0.193698,-1.258320,-0.374763,0.619733,0.107552,-3.475866,0.698688,-0.077082,2.916749,1.286890,2.085136,1.686581
2343,44.960000,-1.048951,0.711541,0.523391,0.382993,0.141134,-1.271715,-0.381583,0.601689,0.082322,-3.525634,0.695261,-0.084953,2.875404,1.282539,2.081257,1.715982
2344,44.980000,-1.045981,0.735940,0.584539,0.428503,0.210198,-1.297516,-0.374762,0.600528,0.011718,-3.576086,0.757761,-0.043742,2.994113,1.387973,2.211407,1.884520
2345,45.000000,-1.028777,0.702236,0.492425,0.491918,0.141915,-1.293071,-0.350005,0.559185,0.014299,-3.647557,0.774776,-0.020535,3.055326,1.450856,2.261289,1.945870
2346,45.020000,-1.039315,0.652300,0.499828,0.460975,0.151889,-1.250042,-0.315015,0.591214,0.115477,-3.663502,0.777212,0.041742,3.048421,1.455309,2.245060,1.951925
2347,45.040000,-1.050349,0.565602,0.437778,0.435406,0.117870,-1.225014,-0.315438,0.590109,0.131445,-3.619310,0.748523,0.009940,2.938777,1.430941,2.186985,1.900714
2348,45.060000,-1.012043,0.602128,0.432825,0.455065,0.167882,-1.211750,-0.274860,0.599943,0.150244,-3.697815,0.779842,0.079610,2.877339,1.459362,2.151838,1.968810
2349,45.080000,-1.067561,0.445294,0.383404,0.535041,0.120541,-1.285026,-0.325525,0.581299,0.067327,-3.594126,0.781602,-0.000314,2.902076,1.538956,2.151839,2.009236
2350,45.100000,-1.108783,0.624644,0.416032,0.462130,0.117455,-1.272575,-0.288788,0.633493,0.058414,-3.505157,0.735485,0.055587,3.002044,1.576008,2.327286,2.044830
2351,45.120000,-1.055550,0.690507,0.440095,0.444076,0.178391,-1.197414,-0.215139,0.653165,0.187587,-3.542333,0.832456,0.182940,3.109039,1.687655,2.427802,2.213161
2352,45.140000,-1.080888,0.655164,0.439579,0.407079,0.140906,-1.241524,-0.201711,0.721693,0.242714,-3.482920,0.880227,0.190500,3.283320,1.719885,2.543597,2.357513
2353,45.160000,-1.055311,0.629400,0.398210,0.442133,0.169417,-1.223589,-0.204291,0.687070,0.298786,-3.534250,0.897404,0.222884,3.264733,1.697486,2.518622,2.427402
2354,45.180000,-1.016063,0.624970,0.350037,0.514766,0.179578,-1.218648,-0.210348,0.640782,0.265970,-3.574959,0.914643,0.208696,3.196536,1.711843,2.391430,2.406056
2355,45.200000,-1.064137,0.557887,0.382289,0.409764,0.093882,-1.176452,-0.200493,0.659499,0.308873,-3.417812,0.829790,0.134312,3.057977,1.638784,2.270918,2.232602
2356,45.220000,-1.037583,0.538855,0.465894,0.361478,0.151551,-1.161011,-0.210491,0.628039,0.289208,-3.389248,0.826213,0.073213,2.923964,1.622779,2.137938,2.156734
2357,45.240000,-0.984740,0.561517,0.483327,0.309005,0.119014,-1.088261,-0.172084,0.578809,0.303070,-3.380588,0.783482,0.050004,2.773011,1.597727,2.030515,2.089744
2358,45.260000,-0.938278,0.481690,0.432396,0.302717,0.078884,-1.093000,-0.210442,0.479867,0.100842,-3.361800,0.746564,-0.014758,2.752676,1.578423,1.994687,2.007465
2359,45.280000,-0.917428,0.545048,0.531669,0.148255,0.106795,-1.014757,-0.166406,0.469331,0.107388,-3.298224,0.751318,0.031554,2.746178,1.627850,2.070773,2.053271
2360,45.300000,-0.913864,0.577127,0.546397,0.065965,0.139604,-1.013983,-0.144668,0.487001,0.082454,-3.242865,0.798315,0.013397,2.841804,1.729040,2.181381,2.176101
2361,45.320000,-0.944581,0.528212,0.381370,0.013047,0.070150,-1.055371,-0.150890,0.476697,0.024524,-3.189399,0.744573,-0.048436,2.862053,1.782534,2.276840,2.266041
2362,45.340000,-0.904415,0.555155,0.370272,-0.016508,0.131148,-1.004712,-0.111014,0.462888,0.045660,-3.196762,0.804838,0.028669,2.898211,1.802089,2.376935,2.354166
2363,45.360000,-0.922503,0.543157,0.340488,-0.012224,0.126194,-1.024710,-0.113652,0.453123,0.077860,-3.184823,0.819793,0.046816,2.855178,1.743680,2.390122,2.349410
2364,45.380000,-0.942594,0.491488,0.224480,-0.029308,0.073349,-1.047904,-0.140598,0.457992,0.010883,-3.135934,0.776060,-0.046606,2.846923,1.688763,2.363748,2.334873
2365,45.400000,-0.911041,0.416883,0.230264,-0.040771,0.097054,-1.003457,-0.130214,0.442382,-0.018009,-3.069771,0.817902,-0.049943,2.796116,1.719546,2.270790,2.362268
2366,45.420000,-0.941955,0.448584,0.310405,-0.079268,0.100163,-1.069287,-0.126984,0.458894,-0.078891,-2.978144,0.835520,-0.090262,2.817142,1.747867,2.282685,2.354287
2367,45.440000,-0.943744,0.525260,0.387860,-0.220420,0.073682,-0.994080,-0.052348,0.488203,0.064036,-2.952322,0.780795,-0.035545,2.738578,1.665555,2.260174,2.277976
2368,45.460000,-0.939897,0.444340,0.392413,-0.335701,0.098607,-0.992186,-0.047272,0.518895,0.082214,-2.787581,0.850513,-0.117035,2.775928,1.638914,2.243894,2.264422
2369,45.480000,-0.869181,0.533124,0.362260,-0.387770,0.122960,-0.926065,-0.006684,0.497739,0.184966,-2.894538,0.845505,-0.064171,2.655378,1.580257,2.198771,2.278644
2370,45.500000,-0.814885,0.534090,0.305693,-0.431575,0.150476,-0.882811,-0.017072,0.471499,0.156792,-2.873367,0.842462,-0.093500,2.596467,1.594380,2.123095,2.285900
2371,45.520000,-0.780772,0.482347,0.247971,-0.343821,0.174431,-0.918259,-0.072778,0.418024,0.017519,-2.917824,0.898325,-0.122045,2.617352,1.679447,2.057656,2.384811
2372,45.540000,-0.811617,0.583862,0.352012,-0.444127,0.181344,-0.902289,-0.015312,0.457423,0.057869,-2.863660,0.892586,-0.062206,2.687466,1.733045,2.105468,2.429170
2373,45.560000,-0.870383,0.466878,0.299062,-0.518636,0.102287,-0.948870,-0.061642,0.445728,0.029903,-2.731819,0.852853,-0.193926,2.689014,1.726433,2.045832,2.300509
2374,45.580000,-0.842938,0.488417,0.256814,-0.613276,0.161358,-0.911840,-0.032097,0.432938,-0.035011,-2.600927,0.845491,-0.209952,2.602185,1.643647,2.026258,2.217376
2375,45.600000,-0.784102,0.479574,0.248652,-0.760066,0.182570,-0.874457,-0.057954,0.355491,-0.261984,-2.422354,0.823496,-0.291299,2.373118,1.522295,1.946934,1.997629
2376,45.620000,-0.743621,0.386467,0.153450,-0.889513,0.142906,-0.839409,-0.107415,0.259185,-0.420922,-2.250072,0.719104,-0.433502,1.983888,1.302855,1.762312,1.727417
2377,45.640000,-0.690992,0.309423,0.112665,-1.144943,0.103641,-0.822403,-0.136099,0.237873,-0.619380,-1.889690,0.674717,-0.710231,1.742465,1.047000,1.679480,1.518862
2378,45.660000,-0.498508,0.218144,0.044705,-1.339289,0.113549,-0.672077,-0.142250,0.132106,-0.750138,-1.788478,0.670347,-0.803093,1.331778,0.727965,1.414378,1.357181
2379,45.680000,-0.401226,0.192235,0.085862,-1.791494,0.082350,-0.637136,-0.098202,0.186823,-0.940427,-1.400740,0.718408,-0.971160,1.138332,0.474735,1.421533,1.311645
2380,45.700000,-0.344188,-0.011999,0.022924,-2.168458,-0.095910,-0.593695,-0.049713,0.145088,-0.928987,-1.173707,0.682740,-1.190557,0.784949,0.086351,1.161877,1.083261
2381,45.720000,-0.267169,-0.158967,-0.089662,-2.455201,-0.139069,-0.585637,-0.011356,0.131376,-0.949137,-0.987856,0.731989,-1.345576,0.417533,-0.250395,0.823025,0.897994
2382,45.740000,-0.250904,-0.209826,-0.193288,-2.623403,-0.209169,-0.581372,-0.046021,0.166728,-1.077033,-0.714742,0.806597,-1.508289,0.343134,-0.348661,0.800821,0.813056
2383,45.760000,-0.204084,-0.234174,-0.175481,-2.773194,-0.262806,-0.537328,-0.003424,0.213920,-1.109645,-0.605239,0.872343,-1.556952,0.373929,-0.322829,0.856819,0.810939
2384,45.780000,-0.171700,-0.181142,-0.270789,-2.785916,-0.261506,-0.516448,0.016921,0.253448,-1.154616,-0.513072,0.939574,-1.580115,0.474887,-0.174216,0.884213,0.821638
2385,45.800000,-0.173616,-0.091228,-0.332980,-2.672242,-0.194672,-0.693535,0.019403,0.265899,-1.164598,-0.519339,0.972381,-1.555999,0.634247,-0.077364,0.895418,0.832125
2386,45.820000,-0.180368,0.066908,-0.296006,-2.580734,-0.105589,-0.697360,0.028034,0.275603,-1.124449,-0.543521,0.954893,-1.480850,0.806512,0.019908,0.868528,0.786793
2387,45.840000,-0.171396,0.197144,-0.260570,-2.395544,0.002921,-0.806826,0.034047,0.293722,-1.093289,-0.649327,0.979974,-1.383543,0.980878,0.088464,0.762427,0.747054
2388,45.860000,-0.193040,0.360774,-0.150735,-2.208017,0.167321,-0.818035,0.039241,0.291042,-1.013808,-0.770670,0.958510,-1.286087,1.059014,0.218969,0.604162,0.782198
2389,45.880000,-0.215946,0.502889,-0.068551,-1.961487,0.335202,-0.826600,0.028628,0.277634,-0.927623,-0.916944,0.966973,-1.194477,1.126483,0.372335,0.407616,0.845990
2390,45.900000,-0.335790,0.602549,-0.016992,-1.702737,0.498714,-0.928123,-0.009672,0.283182,-0.861459,-0.942691,0.942446,-1.187335,1.213727,0.521626,0.247718,0.954161
2391,45.920000,-0.368341,0.742156,0.038897,-1.420178,0.679939,-0.892322,-0.031750,0.285350,-0.764335,-1.108063,0.958320,-1.049739,1.258132,0.662835,0.108608,1.112344
2392,45.940000,-0.402846,0.879793,0.117750,-1.219367,0.794389,-0.920163,-0.017739,0.296908,-0.700771,-1.249654,0.985319,-0.902571,1.362730,0.751849,0.086188,1.231324
2393,45.960000,-0.465436,0.939433,0.204970,-1.107238,0.850812,-1.011179,-0.038345,0.331075,-0.665993,-1.238246,0.981829,-0.841393,1.494741,0.786678,0.145192,1.308583
2394,45.980000,-0.468935,1.081933,0.262703,-0.951384,0.927391,-1.018147,-0.006764,0.361779,-0.585518,-1.404606,1.003690,-0.644738,1.630844,0.790290,0.246083,1.370107
2395,46.000000,-0.436898,1.180343,0.223496,-0.796809,0.999799,-0.967216,0.037800,0.349269,-0.457907,-1.601109,1.044970,-0.499359,1.596095,0.841818,0.198117,1.453183
2396,46.020000,-0.400907,1.191045,0.164110,-0.688235,1.035735,-0.963341,0.024108,0.338933,-0.430127,-1.697027,1.088015,-0.397325,1.592333,0.857371,0.122312,1.467182
2397,46.040000,-0.380208,1.220863,0.081409,-0.589589,1.061138,-0.949909,0.036940,0.334629,-0.409786,-1.801454,1.116325,-0.289974,1.569070,0.873732,0.075327,1.485039
2398,46.060000,-0.366973,1.187016,0.019971,-0.529761,1.049489,-0.975125,0.056599,0.328842,-0.412158,-1.852672,1.140661,-0.213852,1.553483,0.897347,0.037647,1.447883
2399,46.080000,-0.356011,1.219272,-0.019643,-0.465561,1.072821,-0.951864,0.062322,0.333757,-0.436974,-1.889410,1.126659,-0.117481,1.526863,0.948323,0.028223,1.440725
2400,46.100000,-0.323211,1.220513,-0.019692,-0.456531,1.074902,-0.967453,0.110369,0.378971,-0.529101,-1.837775,1.204616,-0.028926,1.602647,1.032957,0.144684,1.466588
2401,46.120000,-0.314094,1.244799,-0.051669,-0.432679,1.073139,-0.923980,0.130471,0.338592,-0.521907,-1.884530,1.175994,0.013558,1.517898,1.083315,0.150889,1.449163
2402,46.140000,-0.315619,1.252232,-0.049563,-0.413382,1.101275,-0.913568,0.160879,0.339119,-0.561911,-1.834249,1.208383,0.020596,1.473673,1.153833,0.189618,1.445833
2403,46.160000,-0.280530,1.167361,-0.089205,-0.420861,1.049521,-0.930127,0.178726,0.297468,-0.595252,-1.836738,1.180684,0.005330,1.355597,1.143558,0.179680,1.339532
2404,46.180000,-0.255935,1.177438,-0.019146,-0.425214,1.037644,-0.904667,0.208806,0.282650,-0.604520,-1.831864,1.156880,-0.023870,1.232454,1.143516,0.143308,1.282221
2405,46.200000,-0.234038,1.150396,-0.029791,-0.443275,1.022994,-0.903705,0.224382,0.242603,-0.639703,-1.795681,1.139323,-0.079872,1.111730,1.109315,0.108483,1.179312
2406,46.220000,-0.221935,1.121443,-0.040228,-0.417059,1.017017,-0.844386,0.209543,0.200412,-0.630488,-1.784597,1.112278,-0.151339,0.956580,1.126944,-0.014221,1.180244
2407,46.240000,-0.205430,1.101284,-0.001483,-0.481589,1.000538,-0.869761,0.228201,0.201472,-0.768921,-1.674494,1.120551,-0.169084,0.974814,1.118326,0.057245,1.128193
2408,46.260000,-0.161380,1.064270,0.017925,-0.525889,0.957090,-0.816800,0.228347,0.136919,-0.835956,-1.640358,1.092225,-0.208599,0.912098,1.082069,0.104266,1.036294
2409,46.280000,-0.147106,0.986673,0.002013,-0.552743,0.926203,-0.777634,0.203715,0.076133,-0.847325,-1.638909,1.056017,-0.266763,0.732842,1.067265,0.002867,0.939852
2410,46.300000,-0.105140,0.943479,0.015318,-0.581776,0.908113,-0.705772,0.208041,0.031692,-0.907856,-1.612857,1.020229,-0.311054,0.595771,1.022999,-0.077371,0.828037
2411,46.320000,-0.101870,0.886919,-0.036234,-0.616595,0.891614,-0.684939,0.186894,-0.000771,-0.932427,-1.578227,1.015571,-0.353367,0.557866,1.006374,-0.128739,0.794641
2412,46.340000,-0.103037,0.840590,-0.052643,-0.632943,0.864187,-0.655650,0.136143,-0.059834,-0.965988,-1.547816,0.963713,-0.408075,0.456644,1.004311,-0.204087,0.766897
2413,46.360000,-0.119450,0.815940,-0.058601,-0.674598,0.848956,-0.633662,0.130753,-0.076871,-0.987207,-1.450514,0.956544,-0.436272,0.477651,0.994121,-0.204534,0.725522
2414,46.380000,-0.134568,0.804009,-0.112373,-0.674336,0.862081,-0.564159,0.109229,-0.121966,-0.961373,-1.405277,0.944767,-0.445697,0.408633,0.990793,-0.270379,0.706418
2415,46.400000,-0.144621,0.779829,-0.147164,-0.664960,0.876501,-0.526505,0.072178,-0.152911,-0.950804,-1.363669,0.929595,-0.478250,0.378604,1.013874,-0.296365,0.742830
2416,46.420000,-0.170138,0.779528,-0.207118,-0.680803,0.874121,-0.518592,0.052257,-0.142849,-1.004887,-1.271106,0.944806,-0.456934,0.452119,1.034038,-0.234912,0.788313
2417,46.440000,-0.185018,0.781448,-0.248583,-0.640704,0.869397,-0.458948,0.053984,-0.139326,-0.973811,-1.255312,0.928661,-0.403532,0.520272,1.041302,-0.189610,0.818682
2418,46.460000,-0.223816,0.809458,-0.262488,-0.585082,0.885385,-0.461323,0.067341,-0.140296,-0.905506,-1.272570,0.930465,-0.358019,0.536875,1.068189,-0.171160,0.853972
2419,46.480000,-0.250298,0.833664,-0.293060,-0.515390,0.903928,-0.485979,0.058011,-0.120670,-0.902310,-1.263763,0.931673,-0.314146,0.591829,1.091111,-0.137209,0.888098
2420,46.500000,-0.267277,0.851859,-0.294756,-0.442196,0.912584,-0.477865,0.060336,-0.094312,-0.889682,-1.286610,0.981116,-0.236253,0.674088,1.150975,-0.104218,0.981187
2421,46.520000,-0.293493,0.912576,-0.282355,-0.361369,0.942558,-0.505345,0.106435,-0.065526,-0.828844,-1.324481,0.996872,-0.162938,0.773392,1.203293,-0.053118,1.043222
2422,46.540000,-0.318306,0.954108,-0.275544,-0.287645,0.971925,-0.552438,0.142005,-0.040177,-0.765603,-1.378793,1.036728,-0.067025,0.876945,1.252762,0.010650,1.105966
2423,46.560000,-0.334414,1.009923,-0.260841,-0.218555,1.011013,-0.560439,0.181093,0.002777,-0.719518,-1.414864,1.102384,0.018320,0.993252,1.344398,0.126413,1.235734
2424,46.580000,-0.327240,1.042489,-0.284346,-0.147730,0.997301,-0.565113,0.214658,0.005387,-0.641052,-1.493072,1.127318,0.098038,1.021128,1.381301,0.151189,1.261940
2425,46.600000,-0.332939,1.077935,-0.295073,-0.078438,1.036113,-0.582559,0.247692,0.047843,-0.588330,-1.522371,1.176115,0.170701,1.093263,1.445854,0.230760,1.352023
2426,46.620000,-0.336340,1.118093,-0.315762,-0.033478,1.038825,-0.618284,0.261048,0.071913,-0.586571,-1.530911,1.234297,0.200696,1.114605,1.529483,0.275095,1.453159
2427,46.640000,-0.338940,1.159364,-0.330397,0.000154,1.063208,-0.633961,0.316287,0.129047,-0.548366,-1.526174,1.285535,0.272033,1.189506,1.597377,0.363633,1.586659
2428,46.660000,-0.325077,1.049095,-0.451915,0.023203,0.962278,-0.642024,0.299894,0.083694,-0.562987,-1.548115,1.239959,0.215343,0.994590,1.517909,0.219069,1.412794
2429,46.680000,-0.300997,1.112470,-0.354974,-0.002293,1.008581,-0.608821,0.360200,0.104423,-0.596378,-1.514737,1.241436,0.253564,0.955838,1.502570,0.225006,1.337742
2430,46.700000,-0.270749,1.105705,-0.333426,-0.037156,0.996098,-0.578334,0.392996,0.091355,-0.683585,-1.508350,1.261784,0.268925,0.884249,1.500209,0.209102,1.298273
2431,46.720000,-0.230721,1.065188,-0.346782,-0.045657,0.980001,-0.527764,0.388104,0.061530,-0.682566,-1.529670,1.202490,0.230277,0.790904,1.463382,0.112446,1.220907
2432,46.740000,-0.205930,1.017037,-0.380195,-0.054119,0.972441,-0.465457,0.343551,0.000510,-0.763583,-1.519397,1.202812,0.161396,0.658759,1.434870,0.020663,1.136134
2433,46.760000,-0.174924,0.955461,-0.387772,-0.090373,0.936364,-0.387541,0.322511,-0.063416,-0.825502,-1.490215,1.158606,0.085412,0.543134,1.366805,-0.066345,0.991880
2434,46.780000,-0.171032,0.927578,-0.366469,-0.129389,0.953263,-0.331388,0.279997,-0.079780,-0.940285,-1.380687,1.141285,-0.001377,0.470872,1.376616,-0.079330,1.006084
2435,46.800000,-0.161681,0.884633,-0.393203,-0.164453,0.917292,-0.271838,0.265349,-0.115246,-0.954784,-1.338635,1.088490,-0.076419,0.393842,1.339404,-0.115671,0.976428
2436,46.820000,-0.167949,0.840210,-0.417370,-0.178010,0.896563,-0.223986,0.205171,-0.155298,-1.007196,-1.255129,1.063960,-0.142567,0.311781,1.318677,-0.196219,0.933961
2437,46.840000,-0.179609,0.830244,-0.446200,-0.205973,0.889491,-0.213104,0.203599,-0.151536,-1.051835,-1.170906,1.055947,-0.178748,0.344399,1.289939,-0.131622,0.927800
2438,46.860000,-0.182736,0.811683,-0.430931,-0.231789,0.874295,-0.214912,0.194578,-0.170158,-1.048167,-1.140486,1.030488,-0.173510,0.345822,1.256246,-0.108452,0.897520
2439,46.880000,-0.202171,0.800184,-0.460044,-0.234791,0.861921,-0.213674,0.179650,-0.162089,-1.081897,-1.078911,1.042722,-0.181312,0.391717,1.256498,-0.049379,0.888110
2440,46.900000,-0.208169,0.820333,-0.502464,-0.214194,0.865408,-0.215822,0.198213,-0.136341,-1.092392,-1.040630,1.064788,-0.153845,0.519466,1.279478,0.059888,0.932812
2441,46.920000,-0.224565,0.815279,-0.589132,-0.148240,0.881361,-0.157762,0.175885,-0.180511,-0.981988,-1.110381,1.045899,-0.100403,0.508057,1.296653,-0.038542,0.913724
2442,46.940000,-0.254061,0.840184,-0.616452,-0.092083,0.892008,-0.180151,0.182505,-0.158553,-0.970584,-1.105826,1.090849,-0.090919,0.545886,1.366652,-0.083279,0.955093
2443,46.960000,-0.283532,0.884267,-0.632112,-0.061264,0.897412,-0.165269,0.192473,-0.171444,-0.921718,-1.108829,1.091474,-0.041830,0.581768,1.416600,-0.109701,1.001597
2444,46.980000,-0.309386,0.900307,-0.626833,0.012712,0.889034,-0.191539,0.181317,-0.170850,-0.900460,-1.128400,1.077789,-0.005763,0.601043,1.445082,-0.132456,1.013514
2445,47.000000,-0.298669,0.919440,-0.571431,0.027679,0.918489,-0.182024,0.222605,-0.177774,-0.857911,-1.164709,1.091108,0.037455,0.617870,1.473976,-0.110228,1.039211
2446,47.020000,-0.318118,0.995162,-0.573055,0.058725,0.970872,-0.203079,0.257095,-0.120323,-0.882578,-1.090522,1.163801,0.081595,0.762881,1.579160,0.056482,1.206430
2447,47.040000,-0.323732,1.033207,-0.601450,0.099280,0.997958,-0.215779,0.288998,-0.090155,-0.855658,-1.101110,1.206135,0.161821,0.885339,1.661016,0.223144,1.389187
2448,47.060000,-0.306360,1.058515,-0.637816,0.130803,1.015936,-0.235476,0.348421,-0.054702,-0.804160,-1.150903,1.267626,0.252836,0.992056,1.711668,0.333046,1.486773
2449,47.080000,-0.321761,1.058305,-0.663434,0.160109,0.977758,-0.272527,0.404629,-0.035493,-0.717574,-1.242973,1.299784,0.346188,1.006795,1.715965,0.382101,1.466555
2450,47.100000,-0.331906,1.068548,-0.698265,0.213054,0.934438,-0.275248,0.413954,-0.022007,-0.773248,-1.260793,1.329647,0.377217,0.993731,1.725656,0.409971,1.407494
2451,47.120000,-0.316430,1.090114,-0.729947,0.241723,0.973517,-0.244789,0.463517,-0.019287,-0.705405,-1.299062,1.337136,0.422442,0.975322,1.751357,0.399655,1.403196
2452,47.140000,-0.291783,1.045057,-0.715151,0.226066,0.933287,-0.252235,0.480800,-0.016307,-0.701182,-1.333206,1.323799,0.396646,0.872725,1.715490,0.312747,1.293748
2453,47.160000,-0.269573,1.054909,-0.711328,0.205527,0.968239,-0.214209,0.479557,-0.017687,-0.727711,-1.310691,1.306558,0.365336,0.865565,1.720550,0.306946,1.293815
2454,47.180000,-0.229265,1.029942,-0.703511,0.181438,0.952096,-0.135675,0.466029,-0.061934,-0.713521,-1.317944,1.284301,0.312577,0.715797,1.679904,0.117635,1.247955
2455,47.200000,-0.230408,0.965437,-0.734272,0.206295,0.893484,-0.074678,0.396953,-0.112970,-0.814495,-1.281296,1.235001,0.206090,0.572432,1.638806,-0.069608,1.141122
2456,47.220000,-0.207789,0.941090,-0.692056,0.176351,0.872128,0.002460,0.384166,-0.170256,-0.853167,-1.240463,1.168458,0.149313,0.453361,1.548321,-0.171459,1.013815
2457,47.240000,-0.184828,0.929200,-0.677439,0.120304,0.860230,0.028777,0.359957,-0.161956,-1.014643,-1.099399,1.168237,0.079786,0.435867,1.519956,-0.129065,0.992481
2458,47.260000,-0.177020,0.894796,-0.700781,0.112131,0.862901,0.114842,0.334614,-0.181079,-1.030309,-1.050001,1.129266,0.039528,0.418067,1.509054,-0.119071,1.028696
2459,47.280000,-0.194834,0.884596,-0.749598,0.115806,0.843187,0.110362,0.307287,-0.190441,-1.075842,-0.965003,1.121973,0.007424,0.414633,1.497843,-0.095256,1.034250
2460,47.300000,-0.179200,0.863374,-0.756688,0.113362,0.831041,0.153831,0.302620,-0.231353,-1.046026,-0.958436,1.092316,-0.000605,0.375433,1.479303,-0.121864,0.986060
2461,47.320000,-0.192193,0.836433,-0.772139,0.122330,0.797202,0.142024,0.272357,-0.250704,-1.054467,-0.932954,1.071471,-0.014469,0.347832,1.457156,-0.202898,0.930701
2462,47.340000,-0.201358,0.832488,-0.754082,0.118755,0.795096,0.173859,0.264902,-0.277792,-1.001682,-0.958125,1.046812,-0.026755,0.304951,1.444880,-0.283651,0.883514
2463,47.360000,-0.239063,0.815067,-0.811784,0.165870,0.773639,0.190050,0.205060,-0.278112,-1.053844,-0.888097,1.074803,-0.080132,0.307923,1.502424,-0.355683,0.903189
2464,47.380000,-0.263503,0.858991,-0.795567,0.202969,0.806177,0.233074,0.218352,-0.272920,-1.008368,-0.847181,1.059310,-0.056511,0.368795,1.558328,-0.347092,0.973614
2465,47.400000,-0.305957,0.917670,-0.826322,0.233749,0.818355,0.193779,0.233497,-0.226339,-1.080185,-0.727491,1.135206,-0.040435,0.518176,1.675282,-0.224260,1.163254
2466,47.420000,-0.327449,0.948074,-0.855306,0.267396,0.847566,0.213234,0.254171,-0.263551,-0.968371,-0.784931,1.099927,0.027885,0.553492,1.721282,-0.228918,1.236077
2467,47.440000,-0.330872,0.972565,-0.842705,0.290337,0.822495,0.165555,0.311588,-0.226743,-0.998903,-0.770932,1.170733,0.099111,0.589704,1.768204,-0.162316,1.280705
2468,47.460000,-0.352510,1.012591,-0.849768,0.306860,0.862487,0.166686,0.384219,-0.199049,-0.945748,-0.815974,1.231960,0.194362,0.688724,1.825798,-0.007529,1.370995
2469,47.480000,-0.370460,1.087703,-0.865794,0.334634,0.900263,0.164699,0.466887,-0.139255,-0.925920,-0.799353,1.314726,0.291151,0.826305,1.946234,0.181863,1.560853
2470,47.500000,-0.378558,1.093259,-0.910562,0.365525,0.871390,0.120335,0.528291,-0.113841,-0.931123,-0.865101,1.378235,0.370323,0.905959,2.013730,0.307194,1.643017
2471,47.520000,-0.359929,1.103279,-0.927998,0.375624,0.907543,0.131136,0.625863,-0.093836,-0.771800,-0.987638,1.410849,0.488224,0.886677,2.021868,0.299934,1.631773
2472,47.540000,-0.352745,1.110741,-0.964187,0.382779,0.927800,0.133866,0.696006,-0.067309,-0.705238,-1.038576,1.481631,0.530159,0.883864,2.057975,0.305643,1.637500
2473,47.560000,-0.395763,1.175292,-1.011822,0.398225,0.963891,0.114900,0.788480,0.035537,-0.778767,-0.975008,1.591340,0.574260,1.049774,2.168753,0.569275,1.845469
2474,47.580000,-0.383260,1.216383,-1.019432,0.409902,0.978090,0.112947,0.871877,0.049783,-0.703474,-1.049460,1.628461,0.681717,1.110532,2.225841,0.656364,1.972584
2475,47.600000,-0.377361,1.174235,-1.079276,0.429996,0.955726,0.067216,0.920285,0.070725,-0.596487,-1.110685,1.644922,0.720816,1.041674,2.210932,0.579088,1.876059
2476,47.620000,-0.343841,1.176576,-1.075352,0.403248,0.920435,0.122967,0.974559,0.073525,-0.640456,-1.124775,1.655271,0.709680,0.954932,2.159461,0.511125,1.733921
2477,47.640000,-0.320377,1.153087,-1.147171,0.411388,0.891034,0.122910,0.959547,0.107529,-0.884047,-1.002512,1.683289,0.594102,0.957247,2.129489,0.621998,1.693233
2478,47.660000,-0.279549,1.142909,-1.091262,0.420853,0.919577,0.236905,0.991072,0.063594,-0.774925,-1.060911,1.634715,0.610083,0.805511,2.102755,0.477615,1.629638
2479,47.680000,-0.222502,1.145936,-1.101336,0.388611,0.908234,0.268912,0.957561,0.040358,-0.914423,-0.953117,1.541837,0.346267,0.701050,2.070400,0.311199,1.554116
2480,47.700000,-0.242228,1.071628,-1.135283,0.455804,0.901802,0.323317,0.799915,0.011208,-0.921611,-0.851220,1.557501,0.292384,0.594286,2.040912,0.125015,1.589021
2481,47.720000,-0.174081,1.049911,-1.066978,0.365086,0.850800,0.447622,0.828814,-0.038509,-0.974818,-0.834157,1.490182,0.255980,0.431021,1.916208,-0.052430,1.422684
2482,47.740000,-0.175835,0.998601,-1.066504,0.333388,0.783823,0.527996,0.745149,-0.090253,-1.123144,-0.730724,1.439445,0.134827,0.315340,1.826197,-0.173951,1.274154
2483,47.760000,-0.151570,1.021025,-1.017910,0.304063,0.799030,0.499278,0.738989,-0.076907,-1.200030,-0.635542,1.325930,-0.045009,0.267139,1.764183,-0.130887,1.234371
2484,47.780000,-0.132301,0.980221,-0.989224,0.296135,0.798496,0.556924,0.655668,-0.120588,-1.152603,-0.572615,1.318897,-0.070061,0.202101,1.742448,-0.224125,1.212326
2485,47.800000,-0.142810,0.956130,-0.974420,0.264101,0.757761,0.579333,0.612461,-0.150295,-1.222272,-0.503886,1.305123,-0.122123,0.179767,1.718277,-0.258228,1.156180
2486,47.820000,-0.145752,0.936523,-0.969755,0.255943,0.733792,0.620293,0.584559,-0.181330,-1.208468,-0.476425,1.260757,-0.182680,0.125332,1.651832,-0.319008,1.054174
2487,47.840000,-0.158816,0.966973,-0.958231,0.261948,0.745125,0.583774,0.567357,-0.167973,-1.274802,-0.397835,1.255741,-0.210910,0.183664,1.659486,-0.251992,1.050451
2488,47.860000,-0.168755,0.951392,-0.973005,0.283865,0.702417,0.611134,0.516972,-0.202963,-1.281996,-0.392572,1.232301,-0.230045,0.187196,1.659064,-0.268680,1.030307
2489,47.880000,-0.218693,0.981228,-0.999473,0.327465,0.734683,0.673602,0.516062,-0.209226,-1.231772,-0.369068,1.248131,-0.215753,0.229745,1.724448,-0.295651,1.052313
2490,47.900000,-0.246093,1.006382,-1.030124,0.368151,0.749764,0.638097,0.532876,-0.192264,-1.246438,-0.373244,1.300241,-0.184567,0.355688,1.820606,-0.193667,1.141906
2491,47.920000,-0.306857,1.047584,-1.097030,0.444381,0.806673,0.677429,0.557388,-0.168151,-1.202767,-0.391196,1.336719,-0.101551,0.527964,1.950685,-0.116634,1.298814
2492,47.940000,-0.355494,1.108799,-1.113446,0.512514,0.847241,0.632627,0.623724,-0.120060,-1.110223,-0.438889,1.412404,0.003452,0.697886,2.093095,0.003503,1.494362
2493,47.960000,-0.393213,1.163483,-1.136303,0.523441,0.839597,0.571190,0.744590,-0.066505,-1.090865,-0.521411,1.499992,0.147000,0.910804,2.220295,0.202316,1.653822
2494,47.980000,-0.420834,1.190578,-1.175262,0.577662,0.857895,0.561170,0.866133,-0.030084,-0.992247,-0.663381,1.572401,0.325704,1.033109,2.304484,0.333251,1.746670
2495,48.000000,-0.429506,1.237127,-1.214505,0.627605,0.843627,0.493134,0.958622,0.014119,-0.978902,-0.770148,1.687405,0.453854,1.154151,2.391287,0.465653,1.805599
2496,48.020000,-0.426084,1.278096,-1.210108,0.613587,0.909332,0.448755,1.107089,0.103341,-0.837470,-0.890516,1.796780,0.630732,1.285801,2.500063,0.649793,1.959938
2497,48.040000,-0.413577,1.323340,-1.204127,0.592135,0.930429,0.419497,1.241697,0.168350,-0.743739,-0.997201,1.889337,0.755353,1.366769,2.575453,0.800115,2.073857
2498,48.060000,-0.401240,1.283482,-1.265387,0.628657,0.899159,0.390437,1.240005,0.181464,-0.703561,-1.055573,1.946302,0.795174,1.321440,2.542978,0.779833,2.029358
2499,48.080000,-0.391354,1.292544,-1.262436,0.660491,0.820322,0.373831,1.277283,0.215093,-0.762982,-1.110839,1.980934,0.799062,1.288639,2.481912,0.768327,1.911829
2500,48.100000,-0.364007,1.265156,-1.317175,0.698993,0.801558,0.329346,1.149888,0.154326,-0.865979,-0.979159,1.729545,0.280286,1.059895,2.341451,0.500728,1.712730
2501,48.120000,-0.272337,1.306647,-1.223984,0.603807,0.902804,0.523120,1.288936,0.176586,-0.804364,-0.989987,1.829709,0.504162,0.993829,2.361801,0.443533,1.799645
2502,48.140000,-0.247208,1.319071,-1.238397,0.530635,0.900380,0.555900,1.324299,0.191092,-0.903302,-0.931009,1.906975,0.529240,0.982221,2.396867,0.514908,1.924756
2503,48.160000,-0.261442,1.331480,-1.226674,0.525259,0.926755,0.460320,1.340181,0.219755,-0.940870,-0.875424,1.897659,0.550334,1.060694,2.425440,0.699219,2.041944
2504,48.180000,-0.269452,1.378590,-1.257116,0.508649,0.953040,0.346810,1.402567,0.276674,-1.006718,-0.840246,1.896609,0.423294,1.151037,2.485310,0.853574,2.161892
2505,48.200000,-0.211121,1.337128,-1.223639,0.498660,0.913475,0.334208,1.363623,0.235258,-0.918667,-0.927494,1.930787,0.517592,1.044607,2.434801,0.749763,2.055665
2506,48.220000,-0.234971,1.376693,-1.252392,0.483469,0.901216,0.293132,1.438169,0.335156,-0.974092,-0.904824,2.035542,0.538257,1.151682,2.428388,0.905943,2.090626
2507,48.240000,-0.247278,1.405787,-1.242208,0.438049,0.908809,0.127642,1.412873,0.426680,-0.927396,-0.842985,2.010177,0.490702,1.162314,2.322779,1.153884,2.123851
2508,48.260000,-0.249315,1.469796,-1.242221,0.319034,0.804497,0.008475,1.612993,0.656598,-0.943026,-0.894681,2.032908,0.687475,1.285195,2.098225,1.630626,1.938893
2509,48.280000,-0.325682,1.521811,-1.245899,0.196704,0.719194,-0.162531,1.753081,0.883034,-0.941595,-0.878888,2.029507,0.728101,1.392253,1.815162,2.195491,1.713245
2510,48.300000,-0.318802,1.505983,-1.304664,0.160594,0.763473,-0.100534,1.696615,0.912386,-0.866720,-0.842530,2.047010,0.539530,1.338388,1.769493,2.261600,1.776622
2511,48.320000,-0.241827,1.475877,-1.348825,0.073440,0.759882,0.088645,1.740107,0.930869,-0.757090,-0.950536,2.042111,0.481723,1.102092,1.698233,1.913015,1.764646
2512,48.340000,-0.171592,1.418472,-1.390312,-0.008576,0.753122,0.237308,1.698771,0.882875,-0.775897,-0.940045,1.981592,0.208895,0.817397,1.561808,1.394421,1.697310
2513,48.360000,-0.141043,1.293009,-1.386959,-0.029413,0.720177,0.187187,1.509410,0.771874,-0.891071,-0.872947,1.822676,-0.138545,0.512319,1.378023,0.857640,1.541628
2514,48.380000,-0.091128,1.295835,-1.312440,-0.094961,0.701827,0.267194,1.463051,0.777077,-1.144788,-0.740182,1.804032,-0.318748,0.508902,1.310467,0.745690,1.613718
2515,48.400000,-0.099387,1.250241,-1.214379,-0.145554,0.640113,0.160610,1.375487,0.760565,-1.313707,-0.664790,1.744650,-0.458190,0.577413,1.246246,0.734857,1.651380
2516,48.420000,-0.125386,1.280230,-1.265777,-0.144189,0.564272,0.107370,1.278381,0.766933,-1.543566,-0.523885,1.665862,-0.595790,0.725716,1.202349,0.826221,1.634395
2517,48.440000,-0.153619,1.313594,-1.119019,-0.185053,0.581235,-0.058288,1.320879,0.848926,-1.597194,-0.516435,1.747922,-0.606116,0.998777,1.273604,1.092314,1.714691
2518,48.460000,-0.214462,1.325205,-1.184975,-0.170353,0.596256,-0.213252,1.214498,0.885500,-1.599410,-0.491617,1.743859,-0.747988,1.116318,1.337954,1.201276,1.772958
2519,48.480000,-0.176888,1.383768,-1.182789,-0.228103,0.581854,-0.113864,1.351211,0.906019,-1.479286,-0.646395,1.748606,-0.564270,1.037686,1.272060,1.116114,1.623109
2520,48.500000,-0.207794,1.382482,-1.183142,-0.245707,0.573402,-0.162226,1.335543,0.948322,-1.531524,-0.635884,1.742299,-0.792805,1.021298,1.213888,1.077547,1.519190
2521,48.520000,-0.153625,1.470888,-1.244858,-0.250452,0.603430,-0.017480,1.351133,0.979308,-1.578438,-0.663941,1.763272,-0.640680,1.037740,1.198553,1.139254,1.532818
2522,48.540000,-0.168030,1.480378,-1.174586,-0.269652,0.655426,-0.045988,1.414010,1.044581,-1.480096,-0.746995,1.839857,-0.490476,1.098987,1.234931,1.148185,1.584172
2523,48.560000,-0.188299,1.485993,-1.351974,-0.241735,0.636092,0.025581,1.332226,1.049119,-1.577611,-0.688675,1.778737,-0.597746,1.034279,1.176007,1.078697,1.571141
2524,48.580000,-0.212261,1.525842,-1.288121,-0.223850,0.709488,0.142721,1.444508,1.094098,-1.405536,-0.774495,1.859366,-0.380122,1.023647,1.197660,1.036364,1.661720
2525,48.600000,-0.291308,1.533348,-1.383888,-0.177460,0.760345,-0.030775,1.384893,1.121783,-1.346426,-0.711824,1.914284,-0.354840,1.063354,1.241243,1.000350,1.758240
2526,48.620000,-0.337559,1.593020,-1.376638,-0.202637,0.761814,-0.022800,1.483810,1.221487,-1.377319,-0.714364,1.955415,-0.263344,1.274382,1.287837,1.215274,1.890017
2527,48.640000,-0.398218,1.657671,-1.417329,-0.177188,0.815912,-0.031115,1.576631,1.266235,-1.259230,-0.770578,2.035479,-0.070910,1.399442,1.380751,1.293847,2.033855
2528,48.660000,-0.417237,1.697116,-1.451486,-0.161272,0.815804,-0.103782,1.631377,1.288536,-1.112936,-0.850230,2.062761,0.056056,1.339709,1.428904,1.248455,2.004505
2529,48.680000,-0.439347,1.689050,-1.494422,-0.161191,0.839535,-0.073725,1.706337,1.290154,-1.038148,-0.886762,2.075447,0.100507,1.261055,1.399971,1.139459,1.946438
2530,48.700000,-0.406857,1.677694,-1.474278,-0.169937,0.817663,-0.093335,1.703697,1.274222,-1.025402,-0.865209,2.047417,0.058937,1.154869,1.351433,1.030081,1.851895
2531,48.720000,-0.361818,1.667914,-1.451041,-0.190369,0.755112,-0.142304,1.675614,1.268271,-1.164987,-0.787874,1.891182,-0.197118,1.088661,1.200277,1.024292,1.638920
2532,48.740000,-0.328923,1.649170,-1.377795,-0.163957,0.752930,-0.071873,1.689826,1.240331,-1.151435,-0.798120,1.844760,-0.166258,1.007465,1.138592,0.959072,1.544276
2533,48.760000,-0.329699,1.681064,-1.369188,-0.130798,0.784084,-0.095887,1.688903,1.275534,-1.189334,-0.743238,1.900473,-0.183478,1.144729,1.220059,1.063888,1.673764
2534,48.780000,-0.293531,1.646008,-1.362210,-0.145410,0.732743,-0.056417,1.651061,1.227054,-1.219331,-0.737118,1.794416,-0.301033,1.068865,1.167234,0.983475,1.654152
2535,48.800000,-0.280255,1.617962,-1.365426,-0.123247,0.707708,-0.045769,1.646560,1.196004,-1.154787,-0.729189,1.760674,-0.292587,0.947198,1.108065,0.816380,1.566404
2536,48.820000,-0.263256,1.616124,-1.355757,-0.120113,0.666646,0.003299,1.664315,1.178648,-1.200496,-0.721612,1.744470,-0.323066,0.888711,1.035640,0.747893,1.454234
2537,48.840000,-0.268928,1.610230,-1.379208,-0.077150,0.691897,0.094594,1.628458,1.195138,-1.294435,-0.639461,1.761027,-0.378760,1.010037,1.120962,0.835759,1.616616
2538,48.860000,-0.255942,1.626839,-1.378302,-0.065421,0.658119,0.085246,1.618638,1.183478,-1.302687,-0.603452,1.725208,-0.396900,1.037193,1.133843,0.870715,1.643248
2539,48.880000,-0.275240,1.630394,-1.373760,-0.057419,0.650691,0.056251,1.650364,1.211743,-1.333470,-0.582021,1.708063,-0.457114,1.141717,1.174863,0.955644,1.691932
2540,48.900000,-0.284891,1.600260,-1.466893,0.021409,0.642576,-0.030652,1.528932,1.169515,-1.331321,-0.489837,1.706840,-0.524567,1.086912,1.186113,0.900835,1.726684
2541,48.920000,-0.279749,1.639250,-1.377941,-0.016928,0.624074,-0.035029,1.682116,1.197753,-1.183894,-0.612798,1.717863,-0.324570,1.032769,1.166011,0.860278,1.631383
2542,48.940000,-0.276700,1.657560,-1.374028,-0.028383,0.660357,0.010177,1.724728,1.229787,-1.215037,-0.599523,1.787048,-0.309775,1.114473,1.262213,0.926780,1.723060
2543,48.960000,-0.265588,1.597179,-1.388366,-0.011444,0.636331,-0.137876,1.636291,1.158792,-1.128082,-0.611432,1.699563,-0.347708,0.949846,1.180081,0.757373,1.554057
2544,48.980000,-0.239764,1.629083,-1.288527,-0.054621,0.610361,-0.120377,1.712173,1.213680,-1.188728,-0.615151,1.659669,-0.381820,1.027846,1.126069,0.874399,1.413898
2545,49.000000,-0.185630,1.649924,-1.246479,-0.052410,0.629791,-0.029637,1.741310,1.200926,-1.173063,-0.662742,1.668297,-0.346373,1.064231,1.137815,0.925966,1.420252
2546,49.020000,-0.166264,1.684369,-1.264381,-0.018700,0.680481,0.007512,1.725886,1.235020,-1.185750,-0.634952,1.735591,-0.320911,1.194833,1.251730,1.025161,1.612465
2547,49.040000,-0.194216,1.693902,-1.326569,-0.014217,0.661004,-0.027486,1.752034,1.250652,-1.169075,-0.642669,1.709968,-0.394143,1.272446,1.300900,1.102696,1.717236
2548,49.060000,-0.184842,1.680666,-1.357541,-0.012711,0.667163,0.049896,1.807237,1.249182,-1.051428,-0.692543,1.742426,-0.261368,1.195035,1.322736,1.012211,1.758293
2549,49.080000,-0.218541,1.703746,-1.376756,0.008529,0.710231,-0.065485,1.789721,1.278288,-1.044734,-0.644508,1.849013,-0.230997,1.263389,1.410818,1.064673,1.884635
2550,49.100000,-0.214165,1.708360,-1.402187,-0.011706,0.692395,-0.023733,1.787077,1.303059,-1.049579,-0.648216,1.834666,-0.170929,1.283675,1.431986,1.112443,1.961934
2551,49.120000,-0.249872,1.729056,-1.383897,-0.014261,0.723152,-0.029394,1.876407,1.325642,-0.933181,-0.698985,1.892477,-0.054145,1.287445,1.464478,1.092477,1.988269
2552,49.140000,-0.252116,1.730423,-1.418833,-0.025777,0.695649,-0.040428,1.909034,1.337990,-0.978492,-0.682970,1.876664,-0.098952,1.277647,1.441196,1.101337,1.912646
2553,49.160000,-0.211594,1.736021,-1.371288,-0.064187,0.688646,-0.033790,1.965502,1.320416,-0.921148,-0.767691,1.841547,-0.047327,1.202135,1.385536,1.070941,1.792891
2554,49.180000,-0.194728,1.645160,-1.436240,-0.010731,0.673306,-0.075741,1.770995,1.275378,-1.089869,-0.614664,1.799125,-0.358506,1.081168,1.319128,0.912596,1.731227
2555,49.200000,-0.173820,1.673688,-1.376259,-0.005763,0.643739,0.026131,1.766381,1.251969,-1.154726,-0.620413,1.781768,-0.265276,1.054931,1.319861,0.921074,1.745197
2556,49.220000,-0.134743,1.705369,-1.308531,-0.059082,0.640463,0.045507,1.821225,1.300694,-1.181828,-0.617560,1.820698,-0.260320,1.185076,1.338155,1.034583,1.789423
2557,49.240000,-0.130333,1.692263,-1.321254,-0.033067,0.660267,-0.028591,1.735730,1.278070,-1.226101,-0.578824,1.813508,-0.323869,1.215065,1.376258,1.078767,1.865916
2558,49.260000,-0.138789,1.711474,-1.341130,-0.059321,0.659249,-0.004367,1.814455,1.342952,-1.187600,-0.572114,1.855417,-0.294826,1.322344,1.436292,1.196962,1.985646
2559,49.280000,-0.146050,1.715573,-1.336059,-0.095419,0.631913,-0.058856,1.838305,1.304646,-1.149024,-0.672655,1.821332,-0.299893,1.227910,1.405911,1.141392,1.895692
2560,49.300000,-0.119594,1.720966,-1.359825,-0.101407,0.652709,-0.047713,1.906021,1.358381,-1.117564,-0.668043,1.877796,-0.268396,1.243794,1.427145,1.172209,1.893623
2561,49.320000,-0.133450,1.688612,-1.368659,-0.122199,0.612772,-0.026251,1.922995,1.330669,-1.051122,-0.740188,1.798706,-0.350615,1.090944,1.342727,0.998875,1.770249
2562,49.340000,-0.143869,1.650071,-1.465721,-0.045224,0.628992,0.035935,1.771278,1.285352,-1.174290,-0.609635,1.827520,-0.410457,1.067439,1.388595,0.921242,1.818249
2563,49.360000,-0.162270,1.665494,-1.374470,-0.080472,0.588734,-0.027714,1.822060,1.298434,-1.165137,-0.671802,1.711560,-0.516688,1.042619,1.315489,0.909153,1.699211
2564,49.380000,-0.109673,1.666512,-1.383764,-0.075158,0.597172,0.122936,1.784335,1.267188,-1.222178,-0.614261,1.726879,-0.460770,1.024670,1.311225,0.848906,1.699191
2565,49.400000,-0.130519,1.696563,-1.304844,-0.072571,0.609755,0.054923,1.839314,1.287333,-1.112499,-0.684804,1.767521,-0.362528,1.082460,1.352270,0.889333,1.734960
2566,49.420000,-0.134119,1.748567,-1.289039,-0.072000,0.661806,0.080509,1.854377,1.371777,-1.233652,-0.618711,1.851401,-0.326785,1.419796,1.492617,1.234875,1.991624
2567,49.440000,-0.163444,1.807451,-1.312553,-0.078423,0.666846,-0.029165,1.940600,1.456603,-1.116210,-0.676876,1.924650,-0.195175,1.641347,1.561658,1.507697,2.187155
2568,49.460000,-0.251178,1.847934,-1.390906,-0.081950,0.616220,-0.243281,2.081406,1.591166,-1.025323,-0.759397,1.940272,-0.096952,1.835699,1.507885,1.880454,2.101587
2569,49.480000,-0.322541,1.881859,-1.494737,-0.062813,0.627418,-0.310341,2.173797,1.711775,-0.945184,-0.799841,2.064749,0.111478,2.019857,1.545846,2.216005,2.125620
2570,49.500000,-0.296750,1.845034,-1.513090,-0.170450,0.530265,-0.505069,2.304445,1.773257,-0.776299,-0.900661,1.929277,-0.006203,1.856391,1.297969,2.223248,1.769694
2571,49.520000,-0.234882,1.861719,-1.469411,-0.212442,0.546599,-0.413505,2.449813,1.869846,-0.626779,-1.011846,1.979364,0.055839,1.779580,1.135730,2.208166,1.614770
2572,49.540000,-0.183114,1.816673,-1.459040,-0.262901,0.470499,-0.404441,2.401544,1.859196,-0.705432,-1.028267,1.810685,-0.328229,1.661371,0.958979,2.046540,1.452224
2573,49.560000,-0.007946,1.776539,-1.371320,-0.331064,0.447857,-0.289574,2.424734,1.823190,-0.637865,-1.109808,1.745165,-0.384610,1.501338,0.756178,1.803657,1.343173
2574,49.580000,0.113309,1.756338,-1.270179,-0.376744,0.394685,-0.377575,2.316001,1.838440,-0.764175,-1.054590,1.696006,-0.579840,1.600853,0.638616,1.804435,1.321294
2575,49.600000,0.205161,1.725549,-1.179772,-0.428768,0.315143,-0.378330,2.255911,1.780223,-0.881811,-1.084551,1.541553,-0.783318,1.600355,0.509891,1.753970,1.245714
2576,49.620000,0.350030,1.697100,-1.129243,-0.435302,0.326062,-0.312337,2.093213,1.697210,-0.899669,-1.125527,1.493276,-0.800244,1.430669,0.481776,1.524614,1.219655
2577,49.640000,0.403892,1.696649,-1.094523,-0.483193,0.228355,-0.416083,1.947797,1.707618,-1.130663,-0.981535,1.428934,-1.074232,1.575516,0.471190,1.633654,1.229000
2578,49.660000,0.482250,1.704133,-1.041400,-0.499412,0.254461,-0.468851,1.890772,1.677375,-1.131207,-1.046026,1.409808,-0.997692,1.652781,0.535892,1.707729,1.305525
2579,49.680000,0.445013,1.744203,-1.071709,-0.443865,0.295121,-0.561252,1.773322,1.711049,-1.145955,-1.031669,1.417539,-0.920648,1.759419,0.668345,1.794829,1.366776
2580,49.700000,0.367256,1.786093,-1.034461,-0.465232,0.315153,-0.728523,1.819640,1.742009,-1.116186,-1.069855,1.431785,-0.861377,1.932255,0.637757,1.948209,1.269999
2581,49.720000,0.374795,1.813570,-1.018948,-0.499371,0.339212,-0.781526,1.864073,1.800525,-1.014879,-1.120418,1.471371,-0.815313,2.070578,0.671143,2.057237,1.276165
2582,49.740000,0.388060,1.747713,-1.158347,-0.482878,0.330030,-0.705095,1.799922,1.747458,-0.876651,-1.191582,1.401604,-0.883697,1.807850,0.563401,1.784237,1.199643
2583,49.760000,0.460031,1.782547,-1.106192,-0.490723,0.349754,-0.605336,1.824016,1.758418,-0.800407,-1.231393,1.424677,-0.858887,1.662415,0.502678,1.604791,1.177531
2584,49.780000,0.554940,1.766643,-1.058405,-0.525459,0.386871,-0.551268,1.658223,1.693860,-0.853543,-1.171390,1.434294,-0.981664,1.567199,0.576080,1.359162,1.315454
2585,49.800000,0.545855,1.739000,-1.008468,-0.518670,0.391200,-0.500283,1.555300,1.613393,-0.811519,-1.199228,1.381333,-0.986570,1.382690,0.562663,1.016396,1.308928
2586,49.820000,0.502285,1.728312,-0.945876,-0.490066,0.419057,-0.505086,1.383186,1.591257,-1.048473,-0.997209,1.421408,-1.057841,1.503334,0.685791,0.995454,1.428848
2587,49.840000,0.392667,1.757077,-0.948448,-0.404326,0.485393,-0.521599,1.206852,1.495935,-1.169702,-0.933781,1.398555,-0.952705,1.468875,0.809266,0.904232,1.493974
2588,49.860000,0.271809,1.742601,-0.946179,-0.394205,0.504305,-0.558921,1.197281,1.416377,-1.181555,-0.873151,1.370834,-0.963502,1.409217,0.856856,0.774688,1.408332
2589,49.880000,0.265736,1.676109,-1.067598,-0.310789,0.598100,-0.483450,1.068185,1.317569,-1.295856,-0.772666,1.473883,-1.005184,1.270395,0.988760,0.520213,1.550255
2590,49.900000,0.133668,1.729018,-0.990427,-0.321980,0.626236,-0.568753,0.983383,1.333466,-1.487083,-0.644584,1.460562,-1.004135,1.436280,1.090262,0.734473,1.623556
2591,49.920000,0.068599,1.772407,-0.882288,-0.300258,0.661327,-0.612520,1.101346,1.365350,-1.402994,-0.723350,1.501057,-0.804477,1.616517,1.114054,0.957317,1.608731
2592,49.940000,0.028857,1.755144,-1.027494,-0.252063,0.656253,-0.627942,1.111979,1.375743,-1.351059,-0.693669,1.482549,-0.767331,1.590062,1.097853,0.987500,1.553236
2593,49.960000,0.013938,1.767398,-1.050711,-0.221208,0.698550,-0.595683,1.204781,1.364721,-1.206547,-0.812619,1.528840,-0.594723,1.494060,1.035183,0.980554,1.486414
2594,49.980000,-0.028412,1.783395,-1.098600,-0.206345,0.697200,-0.615602,1.141528,1.425893,-1.319692,-0.690720,1.516722,-0.687541,1.580891,1.088198,1.146219,1.530583
2595,50.000000,-0.024040,1.849081,-1.046298,-0.184734,0.752236,-0.545066,1.279844,1.466504,-1.103353,-0.823995,1.565635,-0.449706,1.651471,1.101740,1.214196,1.592700
2596,50.020000,-0.015926,1.771081,-1.209684,-0.098089,0.804385,-0.626834,1.172854,1.453564,-1.128283,-0.718527,1.664721,-0.488682,1.625676,1.225665,1.113365,1.828773
2597,50.040000,-0.062295,1.885399,-1.095534,-0.135824,0.820494,-0.658361,1.374741,1.555658,-0.830752,-0.865975,1.726035,-0.243241,1.814147,1.296198,1.300739,2.015063
2598,50.060000,-0.098279,1.901108,-1.101645,-0.142551,0.834740,-0.748798,1.399442,1.612955,-0.708820,-0.864952,1.789021,-0.146883,2.012836,1.421664,1.444088,2.180343
2599,50.080000,-0.138665,1.973468,-1.099804,-0.108706,0.878740,-0.818330,1.543040,1.685350,-0.354233,-1.021788,1.829235,0.016560,2.088617,1.438169,1.469360,2.265578
2600,50.100000,-0.140608,1.963810,-1.115640,-0.116208,0.888831,-0.926727,1.548036,1.689981,-0.297017,-1.013168,1.876506,0.058481,2.144378,1.467117,1.430859,2.251723
2601,50.120000,-0.077000,1.951664,-1.035389,-0.176659,0.874887,-0.868736,1.527294,1.678851,-0.229733,-0.988007,1.844587,-0.035842,2.106430,1.431124,1.340230,2.241572
2602,50.140000,-0.096562,1.999276,-0.969120,-0.141086,0.888393,-0.935362,1.480851,1.657589,-0.357201,-0.926758,1.738132,-0.290553,2.185331,1.439389,1.375137,2.153637
2603,50.160000,-0.028539,1.940492,-1.049489,-0.096063,0.887658,-0.847793,1.419677,1.538712,-0.373392,-0.978006,1.737402,-0.210842,2.026464,1.435568,1.208846,2.140622
2604,50.180000,-0.080255,1.910546,-1.017220,-0.086868,0.834800,-0.931978,1.298758,1.536759,-0.630542,-0.845337,1.662803,-0.357107,2.143815,1.490011,1.383770,2.065275
2605,50.200000,-0.062786,1.941602,-0.964585,-0.105964,0.878817,-0.854920,1.340942,1.516266,-0.543020,-0.931182,1.721273,-0.201448,2.188479,1.566114,1.510940,2.158029
2606,50.220000,-0.072689,1.881478,-1.132314,-0.067906,0.914828,-0.879482,1.238526,1.463907,-0.801827,-0.812469,1.788725,-0.348618,2.262724,1.713884,1.580751,2.340113
2607,50.240000,-0.075741,1.877043,-1.092363,-0.138970,0.868932,-0.851673,1.282184,1.457265,-0.758389,-0.948626,1.751255,-0.179212,2.220187,1.672883,1.687968,2.301134
2608,50.260000,-0.067022,1.834756,-1.078200,-0.161123,0.837289,-0.759081,1.290115,1.428039,-0.792541,-0.964025,1.726786,-0.131281,2.087811,1.638824,1.643673,2.112468
2609,50.280000,-0.007746,1.783975,-1.081034,-0.228842,0.847686,-0.698074,1.326366,1.449407,-0.882148,-0.883283,1.753562,-0.206650,2.038204,1.635215,1.677698,2.114700
2610,50.300000,0.009082,1.792866,-1.053715,-0.265037,0.824837,-0.676992,1.360467,1.400253,-0.853635,-0.990079,1.665053,-0.191150,1.918626,1.543065,1.629228,1.988511
2611,50.320000,0.019277,1.732429,-1.016131,-0.312331,0.778090,-0.702450,1.301838,1.423699,-1.001650,-0.933367,1.602329,-0.442196,1.931170,1.534181,1.673501,1.918447
2612,50.340000,0.032323,1.746044,-0.997688,-0.293956,0.828387,-0.723898,1.234417,1.429221,-1.082543,-0.930160,1.673931,-0.388366,2.069492,1.655784,1.824103,2.105389
2613,50.360000,-0.012078,1.674656,-1.075612,-0.326701,0.756110,-0.825853,1.201211,1.431925,-1.046935,-0.902011,1.571088,-0.633424,2.027823,1.634280,1.738900,2.072411
2614,50.380000,-0.007411,1.657850,-1.080220,-0.299425,0.789379,-0.885598,1.173586,1.327406,-0.981692,-0.986011,1.584172,-0.633410,1.860994,1.557444,1.518989,2.002283
2615,50.400000,-0.008571,1.711866,-0.938689,-0.353285,0.799282,-0.882945,1.167745,1.398119,-1.022411,-1.004649,1.650831,-0.578556,2.021930,1.648137,1.660164,2.120364
2616,50.420000,-0.042582,1.723595,-0.914896,-0.327096,0.831415,-0.925215,1.078139,1.415343,-1.126499,-0.955896,1.716530,-0.574414,2.308279,1.773625,1.851871,2.311652
2617,50.440000,-0.033094,1.743485,-0.937510,-0.373845,0.830984,-0.944274,1.183383,1.450543,-0.910241,-1.055681,1.690217,-0.470539,2.356649,1.746586,1.867176,2.321917
2618,50.460000,-0.055396,1.795842,-0.908973,-0.415081,0.846766,-0.963827,1.227279,1.485383,-0.852979,-1.109876,1.755891,-0.472208,2.462644,1.791079,1.960728,2.369699
2619,50.480000,-0.023950,1.817456,-0.899444,-0.444691,0.879078,-0.938159,1.256988,1.502586,-0.763780,-1.241397,1.790882,-0.347209,2.491557,1.780058,2.006404,2.411803
2620,50.500000,-0.000686,1.833089,-0.839678,-0.465288,0.901921,-0.975244,1.263776,1.558702,-0.715122,-1.272116,1.875182,-0.307259,2.621412,1.831792,2.103899,2.509099
2621,50.520000,-0.016781,1.757192,-0.971134,-0.462427,0.856014,-0.975244,1.156823,1.456888,-0.790312,-1.284323,1.728415,-0.479945,2.418289,1.732925,1.854808,2.342357
2622,50.540000,-0.010703,1.743624,-0.942516,-0.454824,0.875173,-0.897654,1.111965,1.432537,-0.852840,-1.257055,1.732804,-0.440293,2.286330,1.701987,1.724605,2.243634
2623,50.560000,-0.010578,1.794076,-0.930166,-0.435652,0.893782,-0.839703,1.056836,1.406665,-0.997379,-1.236836,1.769242,-0.416014,2.293078,1.761037,1.725089,2.287066
2624,50.580000,0.006733,1.722985,-0.956954,-0.465082,0.869380,-0.852439,0.990621,1.329088,-1.127372,-1.173999,1.692323,-0.609016,2.186823,1.722123,1.610631,2.272789
2625,50.600000,0.013445,1.723888,-0.901609,-0.518311,0.871258,-0.790812,1.003141,1.352686,-1.179542,-1.124030,1.730506,-0.564827,2.243137,1.739255,1.666788,2.321927
2626,50.620000,-0.017650,1.756441,-0.895889,-0.510344,0.889918,-0.795951,1.011339,1.371376,-1.220986,-1.143439,1.762686,-0.558326,2.360475,1.763324,1.828861,2.400005
2627,50.640000,-0.050090,1.749426,-0.963136,-0.501571,0.863506,-0.826243,0.993776,1.377134,-1.255298,-1.154156,1.704005,-0.539340,2.357043,1.780249,1.893329,2.397601
2628,50.660000,-0.071172,1.713437,-1.004783,-0.553680,0.830814,-0.875074,0.999518,1.401097,-1.266864,-1.084314,1.681884,-0.712479,2.339013,1.737799,1.923858,2.338250
2629,50.680000,-0.049621,1.704213,-1.012816,-0.520355,0.893381,-0.892115,0.996551,1.404019,-1.215802,-1.095470,1.781137,-0.715471,2.333466,1.759788,1.900462,2.467769
2630,50.700000,-0.071516,1.779510,-0.985812,-0.537675,0.903145,-0.916302,1.078930,1.452403,-1.080556,-1.221314,1.818408,-0.552090,2.365010,1.793557,1.911742,2.567697
2631,50.720000,-0.070545,1.784308,-0.973166,-0.546218,0.908202,-0.924553,1.090934,1.486124,-1.112222,-1.236444,1.870286,-0.501426,2.476179,1.847250,1.985463,2.636028
2632,50.740000,-0.068597,1.778699,-0.957902,-0.544057,0.916293,-1.049451,1.073230,1.505087,-1.101963,-1.211540,1.862726,-0.643331,2.530237,1.826724,2.008133,2.655554
2633,50.760000,-0.055570,1.854167,-0.881913,-0.596897,0.936065,-1.020282,1.181729,1.555169,-0.965971,-1.267667,1.937914,-0.515442,2.629932,1.848174,2.081779,2.710133
2634,50.780000,-0.069038,1.840396,-0.946921,-0.603823,0.935753,-1.031822,1.199962,1.555956,-0.872672,-1.352739,1.927819,-0.523204,2.594678,1.821029,1.981716,2.694094
2635,50.800000,-0.046342,1.768290,-1.055367,-0.530704,0.957895,-1.060542,1.064729,1.494384,-1.068063,-1.240820,1.934958,-0.671418,2.475378,1.812803,1.835104,2.710331
2636,50.820000,-0.065543,1.785459,-1.022575,-0.567429,0.926530,-0.982167,1.050008,1.503380,-1.183287,-1.157014,1.888787,-0.712461,2.428182,1.812279,1.830024,2.653332
2637,50.840000,-0.055064,1.810286,-1.057832,-0.514062,0.985119,-0.929203,0.990157,1.452050,-1.251494,-1.133017,1.969916,-0.686146,2.372311,1.896715,1.754923,2.768523
2638,50.860000,-0.023154,1.854674,-0.992078,-0.603839,0.934055,-0.907746,1.174851,1.475515,-1.166965,-1.213455,1.929464,-0.571368,2.305312,1.820264,1.751358,2.668919
2639,50.880000,0.006868,1.849286,-0.911380,-0.673338,0.920163,-0.889593,1.205576,1.506598,-1.276394,-1.161541,1.964704,-0.590897,2.415802,1.803545,1.909285,2.605602
2640,50.900000,-0.027790,1.747491,-1.094883,-0.624837,0.882724,-0.934020,1.039239,1.434877,-1.359090,-1.087646,1.810148,-0.889398,2.182644,1.696749,1.740902,2.487499
2641,50.920000,-0.000157,1.812759,-1.014205,-0.613877,0.933639,-0.856805,1.096454,1.482640,-1.396838,-1.074714,1.914799,-0.728880,2.246960,1.794062,1.874372,2.580575
2642,50.940000,-0.018253,1.778901,-1.053417,-0.655186,0.875015,-0.941634,1.143399,1.482228,-1.356751,-1.062635,1.880183,-0.840369,2.253022,1.744505,1.850515,2.513227
2643,50.960000,-0.018055,1.817606,-1.041343,-0.662282,0.923469,-0.965549,1.156608,1.525908,-1.344361,-1.044621,1.923303,-0.877035,2.325281,1.773171,1.927537,2.604115
2644,50.980000,-0.033157,1.806791,-1.113642,-0.672386,0.893330,-0.930516,1.155692,1.527058,-1.337874,-1.078105,1.874544,-0.945962,2.296402,1.772997,1.878320,2.603500
2645,51.000000,-0.030276,1.861418,-1.060156,-0.647529,0.962809,-0.969226,1.216114,1.586977,-1.286477,-1.103709,2.021850,-0.815635,2.462856,1.893706,2.008008,2.769308
2646,51.020000,-0.006014,1.866803,-1.108359,-0.624580,0.976797,-1.005092,1.207071,1.594896,-1.269381,-1.101963,2.064557,-0.772664,2.518666,1.957748,2.036846,2.896114
2647,51.040000,-0.031606,1.884135,-1.105965,-0.608432,0.991770,-1.033018,1.243159,1.636359,-1.267707,-1.125227,2.082817,-0.690736,2.600027,1.982623,2.146025,2.921975
2648,51.060000,-0.064354,1.862375,-1.229848,-0.562517,0.998820,-1.026931,1.226892,1.632470,-1.291819,-1.089536,2.078568,-0.746257,2.549474,2.004590,2.118370,2.903656
2649,51.080000,-0.065930,1.900649,-1.182129,-0.613258,0.988859,-1.094553,1.334388,1.680493,-1.201696,-1.078071,2.069882,-0.853302,2.537227,1.969593,2.143175,2.852664
2650,51.100000,-0.039352,1.876030,-1.204289,-0.580616,1.040472,-1.134121,1.264713,1.672797,-1.278658,-1.051834,2.130450,-0.789754,2.549036,1.997952,2.155311,2.899752
2651,51.120000,0.002551,1.920367,-1.132908,-0.626064,1.042513,-1.116981,1.383938,1.739425,-1.099492,-1.117986,2.198022,-0.758493,2.597043,1.997502,2.180798,3.010527
2652,51.140000,0.051460,1.963489,-1.142317,-0.655740,1.043419,-1.086354,1.421425,1.715056,-1.048715,-1.209488,2.204544,-0.731753,2.570092,1.976587,2.075825,3.015946
2653,51.160000,0.071776,1.925130,-1.211250,-0.662167,1.044347,-1.041501,1.411370,1.680901,-1.056657,-1.208201,2.213491,-0.804241,2.404466,1.968665,1.869819,3.031335
2654,51.180000,0.064156,1.921195,-1.201338,-0.710806,0.996243,-0.982812,1.387510,1.664872,-1.203632,-1.111990,2.142535,-0.927967,2.318780,1.905113,1.775803,2.902162
2655,51.200000,0.078705,1.921836,-1.151164,-0.695073,1.014693,-0.976915,1.407074,1.640649,-1.245809,-1.120875,2.172410,-0.781512,2.327787,1.890851,1.818177,2.831213
2656,51.220000,0.086415,1.950738,-1.140789,-0.692586,1.035674,-0.954708,1.392264,1.673218,-1.412008,-1.027469,2.256621,-0.739987,2.484266,1.983708,2.009006,2.905074
2657,51.240000,0.078296,1.934850,-1.149923,-0.711192,1.028807,-0.993895,1.376239,1.694441,-1.453629,-0.991725,2.209180,-0.862262,2.576572,2.017348,2.183601,3.005666
2658,51.260000,0.050656,1.897071,-1.261929,-0.679738,1.013487,-1.049264,1.343596,1.642909,-1.425396,-0.982814,2.142234,-0.939262,2.413798,1.956583,2.073446,2.905884
2659,51.280000,0.032302,1.824265,-1.366528,-0.650585,1.003147,-1.007764,1.229981,1.624906,-1.543621,-0.812663,2.163862,-1.225327,2.295465,1.974414,1.964280,2.967796
2660,51.300000,-0.017310,1.857387,-1.381464,-0.655139,0.988966,-0.936723,1.275821,1.618980,-1.538596,-0.843130,2.137363,-1.191260,2.212772,1.981909,1.886107,2.983450
2661,51.320000,0.029107,1.888752,-1.299417,-0.671483,1.020182,-0.941079,1.362155,1.674599,-1.505971,-0.860879,2.274446,-1.017681,2.335605,2.081170,1.993865,3.100578
2662,51.340000,0.010485,1.870552,-1.345672,-0.622806,1.044636,-1.052781,1.320464,1.669739,-1.503689,-0.855123,2.289976,-0.978279,2.374464,2.068737,1.998685,3.142905
2663,51.360000,-0.004487,1.899473,-1.366665,-0.586152,1.069195,-1.008653,1.355593,1.696135,-1.488579,-0.895665,2.302500,-0.852768,2.428484,2.094751,2.053219,3.196388
2664,51.380000,0.000490,1.938762,-1.347388,-0.612318,1.055948,-0.977072,1.447622,1.727475,-1.452925,-0.895447,2.367221,-0.821546,2.480780,2.141541,2.081110,3.210678
2665,51.400000,0.014707,1.996880,-1.330172,-0.608674,1.105484,-0.965716,1.500446,1.765857,-1.410594,-0.983456,2.384459,-0.681031,2.495446,2.179178,2.129650,3.228007
2666,51.420000,0.034386,1.984532,-1.359067,-0.629554,1.096518,-0.942695,1.526844,1.776336,-1.352172,-0.974710,2.407417,-0.749710,2.486661,2.184671,2.121804,3.264195
2667,51.440000,0.007536,2.011806,-1.329684,-0.618462,1.116952,-0.997545,1.522576,1.783270,-1.363509,-1.015104,2.365636,-0.742826,2.489072,2.181025,2.115236,3.245084
2668,51.460000,0.009843,1.937413,-1.396539,-0.579132,1.089345,-1.105726,1.368109,1.748464,-1.540182,-0.823040,2.340698,-1.017652,2.459392,2.152622,2.111548,3.215340
2669,51.480000,-0.012662,2.021832,-1.333417,-0.596947,1.092577,-1.083893,1.413573,1.777164,-1.487811,-0.902782,2.288912,-0.997270,2.475544,2.133163,2.134696,3.145621
2670,51.500000,0.048403,2.033717,-1.293981,-0.639874,1.098432,-1.042913,1.470317,1.789614,-1.437162,-0.935091,2.347131,-1.008677,2.514077,2.136669,2.146582,3.147225
2671,51.520000,0.065167,1.988691,-1.323197,-0.656459,1.080102,-1.126576,1.381656,1.751873,-1.482864,-0.889094,2.308033,-1.202467,2.413601,2.080469,2.036500,3.131305
2672,51.540000,0.092623,2.002162,-1.273181,-0.734575,1.056026,-1.055321,1.411159,1.775548,-1.519055,-0.881509,2.289124,-1.218832,2.420538,2.048342,2.076126,3.091645
2673,51.560000,0.065130,2.002661,-1.327697,-0.735191,1.064674,-0.973281,1.423226,1.761337,-1.516615,-0.887613,2.334550,-1.233223,2.369276,2.076625,1.961661,3.116561
2674,51.580000,0.078985,1.927617,-1.425972,-0.701834,1.061296,-1.030165,1.230281,1.714924,-1.711087,-0.686298,2.307749,-1.404149,2.281964,2.104961,1.929722,3.199284
2675,51.600000,0.060306,1.989320,-1.333671,-0.773058,1.049227,-1.059837,1.354355,1.758146,-1.638611,-0.791968,2.313553,-1.280674,2.340645,2.054078,1.998673,3.124047
2676,51.620000,0.073594,1.926244,-1.397972,-0.795528,1.026237,-1.053556,1.331751,1.733507,-1.695245,-0.698260,2.340440,-1.426937,2.320530,2.028483,1.949305,3.097847
2677,51.640000,0.084298,2.015497,-1.312766,-0.804994,1.082080,-1.010908,1.492856,1.778858,-1.534755,-0.893556,2.448028,-1.128554,2.351055,2.051732,1.969775,3.164464
2678,51.660000,0.088518,2.046430,-1.355834,-0.812088,1.089394,-0.970661,1.574024,1.790534,-1.456638,-0.979831,2.522678,-0.995306,2.351049,2.055429,1.929259,3.212569
2679,51.680000,0.085636,2.019147,-1.339633,-0.845579,1.097093,-1.023005,1.580695,1.803165,-1.479593,-0.974129,2.552061,-0.926647,2.359555,2.053366,1.905574,3.216842
2680,51.700000,0.109661,1.978702,-1.361518,-0.830142,1.094328,-0.986766,1.491740,1.749981,-1.634153,-0.856636,2.556836,-1.070243,2.269529,2.016139,1.826572,3.178539
2681,51.720000,0.094565,2.001530,-1.344012,-0.831894,1.091478,-0.950826,1.481679,1.757218,-1.741863,-0.833161,2.498831,-1.042832,2.182810,1.932601,1.807310,3.048504
2682,51.740000,0.085609,1.975919,-1.381046,-0.820756,1.050643,-0.932557,1.347180,1.712912,-1.901504,-0.731650,2.427780,-1.186708,2.036488,1.815045,1.728562,2.913639
2683,51.760000,0.123029,1.868511,-1.404026,-0.930914,0.971543,-0.968717,1.204359,1.637377,-2.019872,-0.541202,2.336512,-1.603561,1.714970,1.667760,1.469226,2.821793
2684,51.780000,0.178404,1.813443,-1.339089,-1.034624,0.900493,-0.847201,1.155682,1.586288,-2.116821,-0.468124,2.312273,-1.694027,1.369967,1.499971,1.175699,2.677366
2685,51.800000,0.221049,1.770429,-1.258108,-1.111843,0.837313,-0.836326,1.134590,1.556374,-2.207064,-0.418705,2.300694,-1.759712,1.316397,1.414552,1.133183,2.597900
2686,51.820000,0.186113,1.730998,-1.221291,-1.140317,0.830241,-0.956353,0.988466,1.549308,-2.285184,-0.327061,2.269758,-1.874011,1.389653,1.424283,1.217676,2.616704
2687,51.840000,0.120408,1.749993,-1.271851,-1.010574,0.921761,-0.968594,0.936672,1.565796,-2.223295,-0.356240,2.348232,-1.708364,1.522007,1.580503,1.298094,2.773418
2688,51.860000,0.070286,1.800851,-1.218531,-1.068292,0.850422,-1.032125,1.052943,1.609412,-2.222371,-0.391034,2.343129,-1.687200,1.734533,1.611231,1.440567,2.684308
2689,51.880000,0.071421,1.844726,-1.232322,-1.038424,0.915667,-1.032806,1.115219,1.621115,-2.156462,-0.441627,2.416563,-1.576515,1.888205,1.652650,1.529549,2.691695
2690,51.900000,0.014022,1.890983,-1.259418,-0.940462,1.038607,-1.162401,1.106644,1.673411,-1.978422,-0.554426,2.486647,-1.442317,1.952681,1.746753,1.563541,2.798444
2691,51.920000,-0.058503,1.945116,-1.332596,-0.858579,1.091757,-1.092470,1.206975,1.705934,-1.948058,-0.652891,2.566595,-1.218351,2.029880,1.850436,1.624722,2.892949
2692,51.940000,-0.104314,1.950351,-1.347936,-0.853021,1.103230,-1.252908,1.256191,1.732621,-1.808985,-0.700537,2.548785,-1.215576,2.070350,1.780367,1.604118,2.807000
2693,51.960000,-0.085751,2.001238,-1.289340,-0.882755,1.141017,-1.192260,1.331988,1.747602,-1.762819,-0.791048,2.544465,-1.250425,2.015677,1.738144,1.556866,2.724287
2694,51.980000,-0.065697,2.011707,-1.252630,-0.861144,1.190706,-1.165930,1.407109,1.768641,-1.677681,-0.914525,2.625142,-1.035940,2.046851,1.754686,1.556872,2.761833
2695,52.000000,-0.057880,2.051443,-1.193887,-0.850161,1.231742,-1.167991,1.476991,1.815280,-1.631478,-0.995834,2.669287,-0.882138,2.148503,1.783351,1.611366,2.780936
2696,52.020000,-0.075595,2.008078,-1.275152,-0.834762,1.225269,-1.182873,1.375980,1.781506,-1.689524,-0.935330,2.594849,-1.036803,2.157626,1.714023,1.614512,2.759442
2697,52.040000,-0.108132,2.006518,-1.366658,-0.750106,1.269216,-1.149490,1.353248,1.772707,-1.694868,-0.924036,2.628269,-0.944857,2.135650,1.741203,1.584018,2.831633
2698,52.060000,-0.104953,2.037486,-1.284954,-0.784388,1.275987,-1.247463,1.413559,1.773415,-1.609771,-1.000943,2.636742,-0.868147,2.119992,1.709638,1.562431,2.784587
2699,52.080000,-0.091203,1.927805,-1.323058,-0.818116,1.261156,-1.264344,1.177313,1.666916,-1.753027,-0.809853,2.533463,-1.306491,1.901030,1.649305,1.317102,2.795310
2700,52.100000,-0.082460,1.964781,-1.218153,-0.835892,1.300201,-1.222798,1.236598,1.658694,-1.739065,-0.880789,2.599801,-1.069457,1.868598,1.711781,1.249578,2.863610
2701,52.120000,-0.133511,1.948116,-1.240195,-0.789615,1.302328,-1.282710,1.147692,1.627431,-1.867458,-0.773835,2.593675,-1.119226,1.923877,1.752176,1.285906,2.890424
2702,52.140000,-0.132359,1.938044,-1.073137,-0.885843,1.261487,-1.361680,1.154987,1.603023,-1.904846,-0.783081,2.464209,-1.226283,1.905834,1.639444,1.363997,2.683776
2703,52.160000,-0.101974,1.956796,-0.992935,-0.891213,1.300591,-1.340132,1.229425,1.598981,-1.855891,-0.883540,2.560795,-1.002618,1.935799,1.668796,1.401299,2.625026
2704,52.180000,-0.099886,1.902057,-1.011677,-0.884111,1.304556,-1.401773,1.143700,1.584400,-1.862216,-0.831313,2.588445,-1.106390,1.952450,1.696868,1.432331,2.697714
2705,52.200000,-0.115722,1.924645,-1.026880,-0.870412,1.317888,-1.345770,1.153654,1.579192,-1.948413,-0.908748,2.544123,-1.015453,1.977334,1.690359,1.539203,2.648895
2706,52.220000,-0.112881,1.937197,-1.030569,-0.886186,1.365438,-1.354998,1.238836,1.603595,-1.827543,-0.988077,2.630605,-0.897324,1.994113,1.736245,1.533424,2.683292
2707,52.240000,-0.122541,1.891965,-1.086344,-0.873208,1.373958,-1.442252,1.132930,1.593348,-1.836539,-0.910249,2.613490,-1.007080,1.971699,1.720138,1.534270,2.725910
2708,52.260000,-0.134181,1.878305,-1.118677,-0.907729,1.356074,-1.389913,1.147911,1.637010,-1.895965,-0.907907,2.561200,-1.021771,2.081426,1.654497,1.700477,2.716349
2709,52.280000,-0.187414,1.927561,-1.136394,-0.821137,1.386959,-1.452218,1.151578,1.670002,-1.781280,-1.057349,2.581029,-0.821098,2.175917,1.591986,1.781091,2.647384
2710,52.300000,-0.183630,1.870373,-1.177978,-0.815826,1.388389,-1.531808,1.091905,1.675642,-1.723531,-1.022048,2.603631,-0.903985,2.141426,1.532071,1.709026,2.645253
2711,52.320000,-0.179938,1.880848,-1.132127,-0.890523,1.352457,-1.500961,1.125242,1.677110,-1.751540,-1.065727,2.553264,-0.947480,2.162559,1.456516,1.683762,2.573681
2712,52.340000,-0.188605,1.890421,-1.063614,-0.899616,1.358956,-1.505735,1.127114,1.679938,-1.697632,-1.118522,2.564236,-0.915918,2.189384,1.448124,1.678420,2.586002
2713,52.360000,-0.237564,1.842881,-1.105732,-0.807198,1.369935,-1.595698,0.929295,1.651170,-1.819992,-1.000510,2.504682,-1.078846,2.188129,1.439690,1.686555,2.593634
2714,52.380000,-0.213605,1.896848,-0.953976,-0.871231,1.352576,-1.585911,1.047343,1.652527,-1.721414,-1.147380,2.511374,-0.922882,2.234171,1.398576,1.691452,2.508937
2715,52.400000,-0.175594,1.894621,-0.866873,-0.915035,1.346389,-1.583481,1.059024,1.644421,-1.711091,-1.202928,2.504822,-0.941112,2.250365,1.357657,1.655031,2.422273
2716,52.420000,-0.169514,1.859855,-0.818815,-0.982850,1.293683,-1.552387,0.944619,1.604361,-1.864097,-1.110218,2.381109,-1.236407,2.162825,1.304791,1.656878,2.358088
2717,52.440000,-0.138175,1.837767,-0.781507,-0.989866,1.318379,-1.544374,0.977798,1.593137,-1.813503,-1.135703,2.403640,-1.166375,2.157423,1.286141,1.632992,2.358787
2718,52.460000,-0.166217,1.846547,-0.791013,-0.964401,1.329547,-1.600797,0.904731,1.580336,-1.808609,-1.149748,2.395552,-1.270374,2.118479,1.273193,1.583476,2.389838
2719,52.480000,-0.146297,1.833712,-0.793651,-0.972929,1.346887,-1.558775,0.940697,1.577889,-1.837942,-1.216123,2.457902,-1.134446,2.193551,1.330608,1.640518,2.496818
2720,52.500000,-0.160106,1.857433,-0.774828,-0.993042,1.348926,-1.559237,1.015836,1.608983,-1.759968,-1.253233,2.491971,-1.095584,2.275572,1.382357,1.665060,2.543067
2721,52.520000,-0.187983,1.813050,-0.854378,-0.951654,1.353568,-1.634066,0.955743,1.616897,-1.724090,-1.226668,2.467590,-1.124642,2.289595,1.362605,1.668436,2.564541
2722,52.540000,-0.218705,1.818378,-0.914867,-0.924688,1.365903,-1.637815,0.960053,1.638580,-1.745375,-1.237359,2.478089,-1.049595,2.343732,1.390531,1.729134,2.577015
2723,52.560000,-0.236031,1.839830,-0.904396,-0.965222,1.347619,-1.632251,0.949751,1.625732,-1.774524,-1.241965,2.408426,-1.168303,2.283855,1.364159,1.679780,2.446459
2724,52.580000,-0.204254,1.837160,-0.910187,-0.915922,1.417117,-1.637926,0.954318,1.602650,-1.677415,-1.332741,2.478205,-1.060767,2.216469,1.414071,1.522867,2.513932
2725,52.600000,-0.219614,1.848707,-0.884000,-0.928842,1.405058,-1.631428,0.939878,1.614370,-1.723279,-1.370686,2.479589,-1.057244,2.247140,1.459971,1.499430,2.574716
2726,52.620000,-0.208089,1.852557,-0.765347,-0.971343,1.417904,-1.639837,0.994587,1.606780,-1.696952,-1.401595,2.522948,-0.968263,2.336896,1.471207,1.551807,2.593865
2727,52.640000,-0.207440,1.877344,-0.744239,-0.980581,1.431074,-1.616935,1.012204,1.610080,-1.644035,-1.437994,2.531988,-0.970690,2.360254,1.518463,1.526200,2.670943
2728,52.660000,-0.208831,1.859753,-0.740532,-0.984532,1.457915,-1.618264,1.004358,1.586292,-1.649724,-1.454240,2.567729,-0.918593,2.367134,1.599039,1.495610,2.775655
2729,52.680000,-0.223319,1.840819,-0.806100,-0.925180,1.493180,-1.635511,0.941070,1.528121,-1.716848,-1.429407,2.578959,-0.955638,2.268340,1.688690,1.383875,2.880951
2730,52.700000,-0.219048,1.820987,-0.785565,-1.004177,1.490090,-1.588269,0.964399,1.506489,-1.697339,-1.340174,2.545579,-1.082721,2.164173,1.709042,1.262617,2.924226
2731,52.720000,-0.205780,1.802009,-0.781150,-1.044837,1.506212,-1.559485,1.003849,1.452332,-1.746527,-1.259141,2.604240,-1.060044,2.086301,1.766505,1.184780,2.964254
2732,52.740000,-0.190758,1.837443,-0.799226,-1.041959,1.542954,-1.431688,1.097530,1.450362,-1.752277,-1.328513,2.664944,-0.965339,2.007154,1.876752,1.142306,3.104454
2733,52.760000,-0.192440,1.829734,-0.766098,-1.108862,1.513787,-1.476660,1.097309,1.437811,-1.828820,-1.279250,2.605793,-0.985029,1.989900,1.828174,1.196620,2.989926
2734,52.780000,-0.192598,1.768653,-0.777886,-1.066697,1.523729,-1.543436,1.017131,1.422112,-1.855090,-1.199499,2.653964,-0.953044,2.013417,1.832985,1.280136,2.978757
2735,52.800000,-0.191813,1.784297,-0.852562,-1.100414,1.530785,-1.410651,1.120138,1.442080,-1.893097,-1.170165,2.723748,-0.952840,2.025615,1.946541,1.342784,3.125342
2736,52.820000,-0.252844,1.757293,-0.993612,-1.061601,1.525145,-1.392517,1.022858,1.427139,-1.973324,-1.071768,2.640598,-1.052505,1.936855,1.929986,1.348976,3.153795
2737,52.840000,-0.233136,1.776174,-0.994460,-1.107056,1.515784,-1.315329,1.075895,1.436058,-1.937256,-1.065588,2.616849,-1.159458,1.765039,1.929603,1.284034,3.124528
2738,52.860000,-0.223900,1.786147,-0.986002,-1.088998,1.533527,-1.340245,1.160717,1.454569,-1.859240,-1.156019,2.706431,-0.891746,1.785698,1.929552,1.235427,3.080182
2739,52.880000,-0.241727,1.805023,-0.932417,-1.074376,1.548784,-1.341781,1.189954,1.486270,-1.811852,-1.183693,2.791121,-0.816442,1.888594,1.997561,1.309684,3.226203
2740,52.900000,-0.217560,1.796424,-0.901228,-1.123896,1.539405,-1.305998,1.233423,1.496985,-1.779101,-1.182162,2.799096,-0.831030,1.934786,2.026396,1.334423,3.316535
2741,52.920000,-0.213808,1.831550,-0.912804,-1.085582,1.580075,-1.197945,1.259715,1.513656,-1.680314,-1.232142,2.825160,-0.866808,1.890263,2.092137,1.280968,3.479442
2742,52.940000,-0.267363,1.786238,-0.965260,-1.012477,1.625109,-1.156693,1.066817,1.494865,-1.666270,-1.101706,2.750267,-1.135751,1.740395,2.125045,1.251001,3.625523
2743,52.960000,-0.282011,1.889567,-0.880029,-0.964857,1.633636,-1.014548,1.215135,1.563240,-1.584862,-1.234167,2.958492,-0.693831,1.928597,2.315904,1.478544,3.915020
2744,52.980000,-0.320875,1.977273,-0.746130,-0.879753,1.698590,-0.910879,1.307390,1.668247,-1.309811,-1.336563,3.132900,-0.440594,2.216589,2.467612,1.806122,4.310502
2745,53.000000,-0.290702,2.087965,-0.474009,-0.848765,1.757280,-0.668173,1.414021,1.778502,-1.134173,-1.469775,3.210175,-0.234978,2.592286,2.617472,2.325267,4.730404
2746,53.020000,-0.197773,2.185694,-0.287935,-0.720075,1.806440,-0.277509,1.544790,1.880761,-0.991538,-1.661167,3.209619,-0.174625,2.924390,2.752907,2.798101,5.059036
2747,53.040000,-0.147147,2.372401,-0.139346,-0.453861,1.924428,0.024260,1.715659,2.041731,-0.693559,-1.856235,3.545442,0.497061,3.453916,2.949844,3.325845,5.518266
2748,53.060000,-0.115425,2.470204,-0.097627,-0.176675,1.988954,0.290259,1.863002,2.214517,-0.454336,-1.979411,3.845903,0.898528,3.958786,3.193908,3.859096,6.098917
2749,53.080000,-0.162202,2.664539,-0.107068,0.145370,2.049736,0.632645,2.060257,2.477051,-0.131946,-2.083277,3.967711,1.400092,4.408056,3.422038,4.303423,6.427020
2750,53.100000,-0.176078,2.517586,-0.348430,0.382651,1.956886,0.881899,2.187346,2.719625,-0.058255,-1.946859,4.063040,1.548862,4.635360,3.708477,4.779102,6.628108
2751,53.120000,-0.318128,2.550112,-0.610456,0.758146,1.881623,1.129564,2.316105,2.843641,0.104141,-1.863357,3.950206,1.622720,4.576234,4.000493,4.696483,6.488570
2752,53.140000,-0.548193,2.389320,-1.022122,0.950094,1.765558,1.136217,2.442786,2.955341,0.124757,-1.556621,4.306460,2.057836,4.565609,4.394483,4.658219,6.360393
2753,53.160000,-0.736191,2.299269,-1.026538,1.007903,1.669363,1.238038,2.535099,2.967024,0.042777,-1.455528,4.248226,2.004345,4.461030,4.735463,4.463729,6.182188
2754,53.180000,-0.869330,2.160942,-1.041407,1.057055,1.582290,1.642230,2.504532,2.927787,-0.094412,-1.258003,4.654151,2.388316,4.468151,5.083365,4.695324,6.162546
2755,53.200000,-1.008409,2.166136,-0.929252,1.022383,1.426127,1.894810,2.337681,3.112795,-0.253179,-1.012870,4.928439,2.573498,4.952454,5.463867,5.812076,6.070243
2756,53.220000,-1.149826,2.144537,-0.915831,1.100670,1.230014,1.946952,2.027122,3.102786,-0.389949,-0.826494,4.929624,2.288277,5.636145,5.835322,7.079721,6.134721
2757,53.240000,-1.453872,2.150555,-1.285066,1.188919,1.116014,1.383870,1.808771,3.230329,-0.161268,-0.730207,4.746814,1.694146,6.338604,6.231649,7.809489,5.748285
2758,53.260000,-1.789537,2.304401,-1.859175,1.541124,1.149954,1.013700,1.654443,3.461956,0.181785,-0.848240,4.770998,1.460389,6.763373,6.738099,7.986890,5.558072
2759,53.280000,-1.933290,2.449361,-2.313003,1.692563,1.211369,0.479065,1.500560,3.476794,0.432507,-1.062336,4.572764,1.008086,7.091213,6.945354,7.701785,5.221135
2760,53.300000,-1.762333,2.611950,-2.571522,1.616921,1.454209,0.082814,1.507958,3.830545,0.846121,-1.409375,4.392230,1.026752,7.159203,7.173373,7.220396,5.086845
2761,53.320000,-1.935203,1.917207,-3.467710,1.424075,1.943770,-0.859297,1.527748,4.307517,1.284053,-1.549182,4.333673,1.265259,7.597217,7.684945,6.923486,4.927353
2762,53.340000,-2.076313,1.969594,-4.596459,1.436636,2.707709,-1.649865,1.527641,5.067701,1.748547,-1.834641,4.503502,2.214540,7.865746,8.217239,6.527211,3.756385
2763,53.360000,-2.777744,2.241459,-5.408891,2.308926,3.279034,-2.433048,1.062894,5.513298,1.477634,-2.615807,5.499181,3.511190,7.272912,8.841971,4.749138,0.317421
2764,53.380000,-2.458297,1.814466,-5.962396,3.346417,3.308439,-3.465214,0.660143,6.136653,0.543762,-3.936556,5.893169,3.958041,6.741647,8.983258,3.666400,-3.176768
2765,53.400000,-1.779865,1.457842,-5.682793,4.419403,3.238013,-4.370859,0.135696,6.849803,-0.056925,-5.379647,5.924017,3.951906,6.404356,8.642329,2.890278,-5.076216
2766,53.420000,-0.990895,1.227458,-5.439557,4.465409,3.187252,-4.797354,-0.375621,7.753021,0.245361,-5.742537,5.173383,3.558526,6.580378,7.965919,3.283128,-5.095825
2767,53.440000,-0.705646,1.196052,-5.431138,3.927680,3.272536,-4.841788,-0.533151,8.817485,1.250781,-5.123344,4.270565,3.099074,6.843918,7.445826,4.153726,-4.127976
2768,53.460000,-1.106146,1.027744,-5.269113,3.428110,3.441238,-4.464824,-0.572965,8.918805,1.827352,-3.868905,3.621881,2.408876,6.784816,7.146765,4.515689,-1.888664
2769,53.480000,-1.591670,0.747747,-5.520605,3.462755,3.680917,-4.711726,-0.449268,9.268051,2.417811,-3.097858,3.795066,2.421901,6.845342,7.242456,4.931301,-0.120749
2770,53.500000,-2.224446,0.349623,-5.810122,3.948009,3.697065,-5.195330,-0.502093,9.142683,2.409464,-2.564989,4.382706,2.782835,6.502691,6.758743,4.138953,-0.369373
2771,53.520000,-2.961113,0.315051,-5.402579,4.746867,3.349428,-5.842952,-0.569301,8.575151,1.894116,-2.026678,5.153121,2.461258,5.653871,5.657715,1.612582,-0.457334
2772,53.540000,-3.409727,0.975933,-4.284832,5.551623,2.843951,-6.740197,-0.251347,7.627197,1.516073,-1.407525,5.887995,1.470823,4.124098,4.052794,-1.895190,0.779957
2773,53.560000,-3.321858,1.467813,-3.962148,5.560700,2.519926,-6.916785,0.595404,6.690235,1.708954,-0.981124,6.298874,0.725265,3.413304,3.082356,-3.438654,2.479942
2774,53.580000,-3.365327,1.911072,-3.941075,5.164960,2.218294,-6.635896,1.750124,6.030436,2.136058,-0.865215,6.414157,0.504191,3.545900,3.136714,-2.548568,3.566389
2775,53.600000,-3.406024,2.210550,-3.902308,4.801393,2.155377,-6.151854,2.733325,5.664054,2.561360,-0.859381,6.133909,0.624935,3.891357,3.670053,-0.571065,3.861382
2776,53.620000,-3.205491,2.515591,-3.849710,4.549895,2.466648,-5.612081,3.206963,5.718631,2.966081,-0.990734,5.690487,1.069924,4.319176,4.063583,1.897734,3.260775
2777,53.640000,-2.959937,2.857698,-3.969232,4.510670,2.954605,-5.211727,3.267630,6.271266,3.686423,-1.462443,5.346856,1.809278,4.908626,4.425896,3.306871,1.656236
2778,53.660000,-2.613675,2.554886,-4.167012,4.303513,3.096416,-4.703025,3.194229,6.767527,4.384370,-1.855450,4.883683,2.131476,5.891631,4.577826,3.953214,0.441608
2779,53.680000,-2.285580,2.376066,-3.861209,4.107440,3.218575,-4.352753,2.845679,6.528666,4.665810,-2.052659,4.322525,2.088372,6.643531,4.273115,3.495669,0.298969
2780,53.700000,-2.125395,2.748201,-3.426125,4.138007,3.634298,-4.285952,2.347022,6.572352,5.079557,-2.298647,4.084183,2.401157,7.115070,3.898472,2.396441,0.735416
2781,53.720000,-2.056120,3.121496,-2.812734,4.189374,3.802742,-4.471394,1.658897,6.142468,5.019409,-2.221722,4.075618,2.476575,7.599974,3.413171,1.083864,1.738808
2782,53.740000,-1.802921,3.884931,-2.161600,4.217250,4.264097,-4.502037,1.009471,5.932843,4.994480,-2.435787,3.901395,2.798962,8.067015,3.053930,0.391352,2.180340
2783,53.760000,-1.612275,3.998812,-1.363191,3.926675,4.217462,-4.322295,0.569879,5.487987,4.848423,-2.416052,3.584304,2.827398,8.244112,2.702793,0.722462,2.691060
2784,53.780000,-1.405960,3.946463,-0.685961,3.326046,4.150967,-3.999366,0.475292,5.002075,4.650329,-2.207905,3.088235,2.798759,8.366382,2.396649,1.999195,3.187835
2785,53.800000,-0.432043,4.136797,-0.774265,1.379482,4.840598,-3.037664,0.924022,4.568418,4.915689,-1.697802,1.880606,3.201095,9.465216,2.369629,3.632656,2.724352
2786,53.820000,0.165457,3.360452,-0.542741,-0.365237,4.860330,-2.431897,1.468306,3.398975,5.064388,-0.936192,1.297831,2.943320,9.825285,2.101990,5.008865,2.444786
2787,53.840000,0.039826,2.794512,-0.391132,-1.270363,5.280091,-1.856575,1.548150,2.984103,5.415619,-0.085994,0.843589,2.441152,10.415761,1.824685,5.616077,2.114211
2788,53.860000,-0.306224,2.106463,-0.633975,-1.315838,5.651012,-1.518902,1.442319,2.687547,5.351657,0.503632,0.350524,2.061852,11.233723,1.680151,6.016010,1.624107
2789,53.880000,-0.086556,1.666418,-1.557086,-1.437969,5.772616,-0.893690,1.596857,2.784221,5.172167,0.905800,-0.648385,1.749557,12.346605,1.978693,6.399331,1.348193
2790,53.900000,0.864817,1.275178,-2.620054,-2.524750,6.126710,-0.505290,2.310984,2.922645,5.594141,1.436271,-0.873440,1.868220,13.875094,2.852128,6.899131,1.638560
2791,53.920000,1.635744,1.122248,-3.472577,-3.443118,5.894700,-0.426785,2.744279,3.152688,5.899322,1.838541,-0.858976,2.129591,14.833025,3.550806,7.584555,1.608727
2792,53.940000,2.053413,0.766575,-3.773462,-3.984779,5.725353,-0.531779,3.117425,2.756020,6.015404,2.090597,-0.765022,2.017340,15.115368,3.784484,8.284187,1.402893
2793,53.960000,2.426883,0.724401,-4.102744,-4.562908,5.828494,-0.594488,3.693977,2.494187,6.404078,2.223864,-0.844050,1.790730,14.861248,4.053782,8.650020,1.150547
2794,53.980000,3.983161,1.545847,-4.551599,-5.449427,6.206936,-0.156449,3.750067,2.591446,6.718899,2.321694,-1.842745,1.881478,14.521917,4.534390,8.999875,0.809236
2795,54.000000,4.539653,1.711349,-3.911965,-6.028218,6.185015,-0.257029,3.882452,2.283486,7.202463,2.232216,-2.175065,1.683216,13.877716,4.610286,9.462756,0.296927
2796,54.020000,4.207551,1.487038,-2.881079,-5.555402,6.249395,-0.720763,3.987597,1.435650,7.202493,1.890879,-2.143804,1.530415,13.523656,3.979151,9.863063,-0.093047
2797,54.040000,3.858254,1.690764,-2.014072,-5.009640,6.200682,-0.949596,3.650751,1.364207,6.763178,1.562553,-2.513890,1.327345,13.406271,3.579407,9.574327,0.292567
2798,54.060000,4.089427,1.442422,-1.114805,-5.280830,6.123272,-1.174025,3.073656,0.856163,6.195604,1.535271,-2.583823,0.795417,14.267572,3.572814,9.899265,1.333168
2799,54.080000,3.655191,1.815264,-0.418599,-4.721315,5.824845,-1.007365,2.197816,1.138729,5.620026,1.438901,-2.927390,0.812461,14.570848,3.135644,9.549663,1.373131
2800,54.100000,2.727081,1.703132,0.463829,-4.114482,5.623960,-1.199779,1.852681,0.704893,4.975971,1.199897,-2.512297,0.447007,14.249024,2.761349,9.415996,1.769401
2801,54.120000,2.793863,1.650603,0.399856,-4.207698,5.345573,-1.090252,1.774127,0.596508,4.675371,1.084204,-2.575971,0.200147,13.844059,2.509506,9.172181,1.764846
2802,54.140000,1.750559,2.892406,3.746998,-3.060395,5.415722,-0.797380,1.395280,0.414256,4.714555,-0.299395,-2.609193,0.498738,11.443081,2.945265,8.251114,1.229684
2803,54.160000,-0.130308,4.766817,6.290935,-1.089732,5.086671,-0.791194,0.722819,-0.034501,3.941189,-0.953997,-2.189594,0.608558,9.249344,3.070514,7.228327,1.203795
2804,54.180000,-0.828952,4.448146,5.457530,-0.797348,4.942976,-0.631611,0.194583,0.986706,4.123353,-0.651960,-2.179757,0.224444,9.570030,3.137055,6.255037,1.176497
2805,54.200000,-1.646293,3.248519,3.807323,-1.050736,4.288603,-0.480993,0.571292,1.416648,3.895706,0.083822,-2.062522,-0.877465,10.396465,3.377728,6.501334,1.170900
2806,54.220000,-1.149495,1.868412,2.025201,-2.167221,3.716663,-0.208650,1.129073,1.364209,4.025876,0.812838,-2.177189,-1.901631,10.978812,3.577378,6.863328,1.203132
2807,54.240000,-0.497711,0.953408,1.688611,-3.483883,3.550688,-0.196887,1.633051,1.130870,4.665514,1.167769,-2.214109,-2.409067,10.816354,3.638880,6.823335,1.150357
2808,54.260000,-0.018060,0.954212,2.619334,-4.535302,3.511424,-0.530623,2.012641,1.094304,5.360085,1.026508,-2.272583,-2.414748,9.230148,3.206169,6.664299,1.095842
2809,54.280000,0.332359,1.053707,3.415119,-4.877234,3.474613,-0.980660,1.854859,0.399690,4.801108,1.108989,-2.260608,-2.329481,7.366871,2.136489,6.050430,0.612241
2810,54.300000,0.339650,1.475535,4.467919,-4.668136,3.629586,-1.186990,1.364711,0.219649,4.525691,0.613546,-2.332718,-2.226584,5.875274,1.135098,5.482287,0.168387
2811,54.320000,0.361499,0.774340,3.715598,-4.490345,3.649844,-1.272853,1.365537,0.208010,4.435297,0.437320,-2.138382,-2.165018,6.297821,0.499692,5.411658,-0.002255
2812,54.340000,-0.381642,1.418228,4.979311,-2.960434,3.876992,-1.638245,1.059241,0.029034,4.079326,-0.423845,-1.960184,-2.172302,5.512916,0.636548,4.899016,0.267337
2813,54.360000,-0.448823,1.136821,4.203342,-2.711706,3.730797,-1.554317,1.032169,0.064646,3.993226,-0.211093,-1.913733,-1.963533,5.987381,0.359704,4.692331,0.096284
2814,54.380000,-0.999262,1.833141,4.733147,-1.285815,4.013030,-1.614696,0.622842,0.387783,4.034228,-0.830676,-1.949627,-1.811423,5.999655,0.545623,4.105666,0.145575
2815,54.400000,-1.007031,1.514420,4.083099,-0.876855,3.839285,-1.485768,0.707631,0.532579,3.951238,-0.877100,-2.031600,-1.603742,6.039389,0.209417,3.924196,-0.101614
2816,54.420000,-1.091396,1.406268,4.166291,-0.399127,3.857073,-1.480415,0.699807,0.625508,3.730758,-1.063989,-2.095319,-1.605000,6.004245,0.280490,3.646045,-0.022914
2817,54.440000,-0.873479,1.202805,4.138480,-0.784321,3.683275,-1.301203,0.945071,0.546195,3.644163,-0.942267,-2.228975,-1.577921,5.806482,0.318829,3.833771,-0.033221
2818,54.460000,-0.426305,1.031958,4.261076,-1.853164,3.517520,-1.052880,1.199012,0.328324,3.709754,-0.538140,-2.353542,-1.661797,5.984370,0.506401,4.380116,0.113932
2819,54.480000,-0.020391,1.062338,4.025702,-2.997380,3.430455,-0.929724,1.431134,0.480008,4.343621,-0.203704,-2.452637,-1.709963,6.437966,0.613522,4.994331,0.179403
2820,54.500000,0.330951,0.472263,3.671469,-3.795314,3.409542,-0.880260,1.664641,0.332165,4.501625,0.037215,-2.454128,-1.703668,6.879960,0.483066,5.474458,0.280869
2821,54.520000,0.674083,-0.106716,3.218016,-4.524755,3.202939,-0.880442,1.899806,0.194998,4.338715,0.329596,-2.344308,-1.646472,7.172398,0.174489,5.749469,0.253932
2822,54.540000,0.809933,-0.047670,2.816313,-4.872311,3.303062,-0.932910,1.857105,0.340528,4.619910,0.462031,-2.352639,-1.761142,7.571198,0.242552,5.871665,0.349800
2823,54.560000,1.126266,-0.196194,2.521939,-5.081263,3.301839,-0.931722,1.882757,0.170892,4.420308,0.610538,-2.379885,-1.707452,7.798779,0.054272,5.875355,0.339994
2824,54.580000,1.485339,-0.513481,2.211042,-5.062579,3.040307,-1.016957,1.846765,-0.197323,3.894492,0.545460,-2.054966,-1.592582,7.991133,-0.404476,5.777111,0.498635
2825,54.600000,1.425858,-0.383483,2.302225,-5.081169,3.087478,-1.178776,1.727625,-0.076263,4.079251,0.493714,-1.994465,-1.704045,7.978288,-0.338602,5.797662,0.648113
2826,54.620000,1.506997,-0.472714,2.331149,-5.480335,3.072698,-1.232579,1.849121,-0.150837,4.002988,0.747162,-2.029402,-1.789753,7.993152,-0.278267,5.987168,0.756725
2827,54.640000,1.753894,-0.477773,2.177444,-5.972591,2.895262,-1.177067,1.994354,-0.025029,3.966204,0.908536,-2.074275,-1.707340,7.890109,-0.364661,6.048517,0.715316
2828,54.660000,1.849257,-0.518023,2.166632,-6.312624,2.756002,-1.164863,1.994966,-0.215222,3.683286,1.198886,-1.987664,-1.680402,7.871747,-0.385942,6.078965,0.723071
2829,54.680000,1.882139,-0.431158,2.042382,-6.438690,2.636108,-1.262126,1.840345,-0.010948,3.857323,1.225883,-1.923081,-1.581191,7.757123,-0.432650,6.018850,0.673292
2830,54.700000,1.902070,-0.506077,2.022605,-6.313229,2.564245,-1.305148,1.705686,-0.000562,3.737345,1.114750,-1.824860,-1.470868,7.688552,-0.578474,5.852029,0.548887
2831,54.720000,2.005187,-0.762602,1.989017,-6.243181,2.251877,-1.395473,1.604956,-0.132526,3.269389,1.099042,-1.588983,-1.346040,7.491148,-0.803769,5.564810,0.482281
2832,54.740000,2.064377,-0.932208,1.894379,-6.376396,1.879325,-1.492660,1.502701,-0.245930,2.932804,1.321586,-1.326572,-1.257725,7.558481,-0.590118,5.450229,0.674890
2833,54.760000,2.091253,-0.881532,1.790224,-6.670259,1.268384,-1.528714,1.385645,0.224730,3.241616,1.264072,-1.204088,-1.172302,7.177116,-0.297209,5.544821,0.881919
2834,54.780000,2.116601,-0.926283,1.633150,-6.637276,0.701713,-1.572449,1.166996,0.295846,2.923724,1.419097,-0.950858,-0.950936,6.994626,-0.406435,5.458492,0.894879
2835,54.800000,2.175278,-0.854968,1.507451,-6.449542,0.146069,-1.677570,0.955433,0.436130,2.538266,1.403247,-0.845515,-0.759720,6.648982,-0.899611,5.063397,0.735043
2836,54.820000,2.269954,-0.834280,1.432560,-6.449107,-0.241280,-1.721611,1.008002,0.668248,2.567789,1.228345,-0.756653,-0.730910,6.574272,-1.177839,4.988426,0.839184
2837,54.840000,2.632188,-0.670571,1.652064,-6.482546,-0.495318,-1.694352,1.112945,0.825711,2.773709,0.786710,-0.843762,-0.644930,6.396089,-1.158726,5.021215,0.998436
2838,54.860000,2.957782,-0.740502,1.482988,-6.687583,-0.838003,-1.644924,1.472082,0.899925,2.810371,0.543242,-0.870236,-0.546332,6.191554,-1.551561,4.894331,1.111946
2839,54.880000,3.325110,-0.746699,0.914997,-6.719784,-1.146731,-1.529544,1.491278,0.790959,2.583675,0.701966,-0.851093,-0.736459,6.182312,-1.971846,4.427431,1.600090
2840,54.900000,3.741158,-0.948487,0.416874,-6.131802,-1.293299,-1.332732,1.086571,0.573496,2.934854,-0.022257,-0.364742,-1.054726,5.602063,-2.080229,3.613563,2.221334
2841,54.920000,3.758988,-0.300505,0.273165,-6.097939,-1.286080,-1.425451,1.344155,0.222711,2.748500,-0.115991,-0.223120,-0.831832,5.205338,-2.010475,3.477500,2.180372
2842,54.940000,3.111091,0.561104,0.324786,-5.635881,-1.186133,-1.480091,2.149924,0.982222,3.749532,-0.741805,-0.541972,-0.916092,4.632236,-1.731207,2.899127,1.898733
2843,54.960000,2.484572,0.962157,-0.066186,-4.984655,-0.993323,-1.381645,2.526549,1.254136,4.049607,-0.872864,-0.561238,-0.967804,4.310680,-1.656519,2.428291,1.454707
2844,54.980000,2.104373,0.990254,-0.023318,-3.927320,-0.866824,-1.472145,2.483317,1.704421,4.321949,-1.303187,-0.360830,-1.005177,3.801329,-2.002776,1.333676,0.916887
2845,55.000000,1.480319,1.095218,-0.050206,-2.734561,-0.703947,-1.523243,2.309483,1.853969,4.236157,-1.459746,-0.087226,-1.007291,3.200354,-2.170192,0.123825,0.543034
2846,55.020000,0.083142,1.115570,-0.124834,-0.916183,-0.451552,-1.772576,2.019247,2.244671,4.137596,-1.395211,0.189986,-1.129420,2.348004,-2.475898,-1.344514,0.251452
2847,55.040000,-1.812857,1.377041,-0.933247,1.218793,0.293620,-1.620341,1.618370,2.749998,4.084269,-0.891646,0.641605,-1.097783,1.696669,-2.534602,-3.205550,0.310622
2848,55.060000,-3.585279,1.656531,-2.571894,2.776358,0.864631,-1.363354,1.605119,3.121741,4.138669,0.020882,1.627137,-1.193674,1.028937,-2.805005,-5.351068,0.565998
2849,55.080000,-4.205527,1.498815,-3.703961,3.198444,0.889385,-1.195456,1.438179,3.127881,3.920913,1.001716,2.595820,-1.343947,0.506801,-2.799727,-6.859371,0.743145
2850,55.100000,-3.763196,1.053348,-3.808349,2.788792,0.973283,-1.175749,1.101351,3.249604,4.186846,1.395213,2.940991,-1.529430,0.391532,-1.850466,-7.179156,1.194782
2851,55.120000,-1.694675,0.410921,-2.565942,1.788134,1.217304,-1.253043,0.345566,3.128608,4.546980,1.294281,2.516493,-1.111473,0.532929,-0.404265,-6.264208,2.089077
2852,55.140000,1.261633,0.261369,-0.615752,0.993500,1.554604,-1.246267,-1.011864,2.520136,4.424726,0.986095,1.246187,-0.424156,1.094867,1.534334,-4.483487,3.458848
2853,55.160000,2.940739,0.669244,1.253328,0.661181,1.582812,-1.075487,-3.236512,2.523601,3.400217,1.624423,-0.988921,-0.858924,2.517586,3.432017,-2.553749,4.969336
2854,55.180000,5.143945,0.287326,1.640452,0.641324,1.471301,-0.854151,-6.374159,2.717901,0.485245,3.132225,-3.602632,-1.050709,2.964440,4.332731,-0.428660,6.194733
2855,55.200000,6.933000,-0.858901,1.353948,1.063182,1.219107,-0.551156,-10.068558,3.086933,-4.141797,4.683702,-6.211487,-1.392755,2.771667,4.198842,2.846261,7.135353
2856,55.220000,6.671177,-1.273862,1.416109,1.033339,0.196394,-1.411125,-13.466816,4.444885,-7.379583,6.271158,-6.483725,-1.829408,4.169532,4.266340,6.577671,5.507455
2857,55.240000,5.324755,0.246309,3.579111,-0.072959,-0.955710,-3.262062,-13.752569,4.585441,-7.858670,5.318782,-3.903241,-0.959971,6.886610,4.140851,8.090137,3.567473
2858,55.260000,3.650961,1.390689,3.505348,0.715838,-0.791950,-2.800274,-12.823222,3.957927,-7.394528,5.812430,-2.221101,-0.485974,8.078063,3.370630,6.948649,2.445589
2859,55.280000,-1.629226,2.389934,1.101518,0.639791,-1.377000,-0.339068,-2.092326,3.165633,-1.935698,1.908211,1.053268,0.423473,4.426615,0.714479,6.186204,1.828658
2860,55.300000,-3.142990,3.525211,-3.272718,3.322397,0.884062,0.674530,-1.738426,4.165801,3.612497,1.319159,3.271140,1.532508,0.119313,-2.776386,-0.545974,-1.056987
2861,55.320000,-1.132850,2.784477,-4.135203,3.794001,1.724103,1.799557,-3.596647,3.906395,1.493276,2.934510,3.598918,-0.118345,-2.258134,-4.125114,-4.924700,-2.300925
2862,55.340000,-2.703697,1.574264,-2.656768,1.086043,-1.128163,-1.446353,1.666271,4.819667,2.603385,1.553183,3.799483,-1.528268,-1.093823,-6.163651,-4.948681,-1.947169
2863,55.360000,-2.416081,2.451447,-4.911315,0.546085,0.089289,-0.516091,2.981335,4.029541,2.816916,1.598721,1.842407,-1.798537,0.217100,-5.186756,-3.964458,-1.177176
2864,55.380000,-2.590307,1.812751,-5.380828,0.232500,-0.253524,0.009231,4.084203,3.893774,2.893637,0.670684,0.986445,-2.627476,1.024782,-4.016175,-3.125337,-0.733080
2865,55.400000,-0.793445,0.551718,-4.096179,-1.495064,-0.456722,-0.581119,4.332286,3.623119,2.592708,-0.201948,0.248125,-2.381221,2.241129,-2.425511,-1.773122,0.673721
2866,55.420000,2.661818,0.030990,0.437420,-3.755747,-0.574775,-1.596779,2.210024,2.459470,2.029940,-0.406175,0.032589,-1.743279,3.933396,-1.819537,-0.362219,1.715217
2867,55.440000,5.199050,1.590220,2.170004,-5.460098,-0.773079,-1.604680,0.056757,2.316020,2.980366,0.701528,-0.840203,-1.792679,5.417460,-0.828619,0.925226,3.767963
2868,55.460000,6.247650,0.948893,0.712825,-5.651642,-0.388294,-0.981227,-1.209847,2.438331,2.221112,1.860886,-1.387396,-1.808504,5.502310,-0.273568,2.811481,4.955933
2869,55.480000,6.179640,-0.575835,0.158216,-4.696059,0.053425,-0.799463,-2.162734,2.007044,-0.258141,2.508140,-1.270455,-1.258997,3.468081,-1.037507,3.492221,4.875383
2870,55.500000,5.255557,-1.058305,-0.040181,-4.324299,0.540924,-0.385549,-3.007367,2.271174,-0.843430,3.944221,-1.625335,-1.573773,2.120701,-1.969954,3.004567,4.298330
2871,55.520000,4.704836,-0.759361,0.887426,-3.915870,0.196791,-0.559345,-2.429052,0.922352,-1.285582,3.199065,-0.715372,-1.009448,0.817112,-2.953127,1.762558,3.067847
2872,55.540000,4.048556,-0.590566,1.040228,-3.537472,-0.019535,-0.581564,-0.600570,0.371344,0.484744,1.642511,0.232208,-0.658033,-0.057116,-3.519788,0.260236,2.420068
2873,55.560000,2.775814,-0.076443,0.613382,-2.630522,-0.291453,-0.298896,0.449430,0.829533,2.486303,1.600377,0.178175,-1.090989,-0.200798,-3.660666,-1.297578,2.359517
2874,55.580000,1.312297,0.465165,0.266146,-1.258957,-0.327675,0.043014,0.937393,0.973647,3.303258,2.086866,0.484626,-0.965645,0.248000,-3.009809,-2.166631,2.315040
2875,55.600000,-0.808235,1.241240,-0.023501,-0.095404,-0.125535,0.208464,1.181779,1.333632,4.116001,2.974272,0.968942,-0.868484,0.472752,-1.878019,-2.636494,2.019741
2876,55.620000,-2.402051,1.842470,-0.436697,0.627528,0.379280,0.309478,1.427909,1.618670,4.896593,3.253719,1.281246,-0.761282,0.891113,-0.671490,-2.772107,1.907262
2877,55.640000,-3.134857,2.134648,-0.962860,1.165760,0.711219,0.269197,1.857871,1.874083,5.394616,2.978860,1.410297,-0.875957,1.151158,0.025874,-3.015655,1.797116
2878,55.660000,-2.942949,2.031260,-1.057248,1.412435,0.882770,0.182904,2.074976,1.847392,5.427022,2.359464,1.227509,-0.906039,1.050609,0.407192,-3.380227,1.711983
2879,55.680000,-2.083266,1.583495,-0.589090,1.226405,0.937494,0.093684,1.848573,1.583010,5.117448,1.615305,0.795199,-0.858354,0.673135,0.601743,-3.527923,1.545647
2880,55.700000,0.085587,0.529648,0.505068,0.600147,0.975945,0.038953,0.614148,1.050956,4.003119,0.876817,-0.117012,-0.609866,0.285623,0.670322,-2.736769,1.506015
2881,55.720000,2.377785,-0.325430,1.624360,0.223258,0.929663,-0.282328,-1.838564,1.322478,2.714641,1.012487,-0.840384,-0.482177,0.839497,0.564594,-1.507762,1.615414
2882,55.740000,4.378728,-1.222637,1.228218,1.094605,0.476625,-0.351636,-5.028382,1.743492,-0.351179,2.198138,-2.133227,-0.240437,1.758992,0.356354,0.684098,2.275991
2883,55.760000,4.478598,-2.309953,0.942280,1.565626,-0.139308,-0.487713,-6.285617,2.278205,-1.993713,2.129308,-2.581538,-0.621299,2.626197,-0.254705,2.411259,2.354597
2884,55.780000,3.745985,-1.789626,2.745981,1.573223,-0.224582,-1.034373,-7.831710,1.889989,-2.832904,2.211519,-2.043752,-0.281115,3.501698,0.358588,2.740785,1.762856
2885,55.800000,2.933951,-0.956320,3.730783,1.662794,0.168343,-0.975276,-8.703291,1.417912,-4.011416,2.576314,-1.659521,0.216198,3.746985,1.592103,2.683294,0.816865
2886,55.820000,0.513550,0.148874,3.799891,1.639610,-0.377369,-0.824125,-6.358371,0.986943,-3.343395,1.917456,-0.478611,0.623757,3.476367,1.470182,2.161027,0.368509
2887,55.840000,-2.788201,1.060970,2.738112,2.077282,-1.132976,-0.182541,-1.228089,0.333785,-0.065093,-0.736349,1.459936,1.117851,2.241159,1.198371,1.497299,0.112637
2888,55.860000,-6.338707,4.022598,-2.999508,4.400790,0.567291,0.947966,1.132283,1.492768,4.447634,-0.349205,2.427836,1.239816,0.925966,1.454646,-1.091251,-0.646552
2889,55.880000,-8.123115,6.408260,-8.039491,5.821309,1.746641,2.039025,0.280968,1.667218,5.285080,3.198657,3.725234,0.269272,0.624133,0.307083,-5.616267,-0.719637
2890,55.900000,-5.649026,4.447246,-4.696897,2.839636,-1.545722,-0.267712,1.685856,2.305696,4.060388,2.049996,3.765105,-1.343091,0.773205,-1.022155,-8.009865,-1.848969
2891,55.920000,-3.265561,2.152315,-3.154320,0.189712,0.493860,-0.168725,2.222694,1.713013,5.143059,0.895917,1.737393,-1.051728,0.919894,0.708689,-5.435849,-0.673187
2892,55.940000,-1.142667,1.112507,0.284777,-0.543245,0.129937,-0.460375,-0.437284,1.951053,3.681931,0.820484,1.040156,-1.537770,2.269001,1.812593,-3.077720,-0.518598
2893,55.960000,2.691614,0.883985,1.725681,-3.122323,-0.955300,-1.055701,-1.464084,2.623875,2.339290,1.297648,-0.613175,-1.893158,4.708209,2.915820,-0.251438,1.549346
2894,55.980000,5.976256,0.803047,1.390849,-4.446431,-0.687843,-0.659685,-2.617711,2.960157,0.868674,2.289590,-2.064307,-1.878652,6.840272,3.316906,2.889168,4.175647
2895,56.000000,7.416413,-0.046694,2.491553,-0.365280,0.224711,-0.729070,-8.732075,1.868209,-4.124433,3.371401,-3.131220,-0.298789,3.674995,4.323105,3.339451,4.879612
2896,56.020000,6.744615,0.877358,2.599050,0.998271,0.212648,-1.487571,-11.974177,2.437364,-6.967772,4.079126,-2.559982,0.288147,1.440401,5.030397,3.467573,5.374275
2897,56.040000,3.442595,2.254877,2.644075,0.004271,-0.608030,-1.531106,-8.383262,2.312427,-5.574639,3.066857,-1.076506,0.539399,2.382712,3.644188,2.533318,3.973126
2898,56.060000,2.073484,1.445201,4.032668,-1.671550,-0.218415,-1.217073,-2.397001,0.633899,-2.787118,0.834073,2.503776,1.761162,1.258383,4.572165,1.485623,3.280988
2899,56.080000,0.890235,1.344174,3.416795,-0.133597,0.613476,0.400924,1.850854,-0.163980,-0.667719,-2.583421,3.175664,2.291021,-0.222556,4.672626,0.528266,2.441027
2900,56.100000,1.477679,1.055735,1.117726,0.415951,0.616621,2.586324,3.437519,-0.488394,0.189753,-5.030711,1.754326,0.941609,-0.424953,3.804918,-0.631179,-0.178044
2901,56.120000,1.133015,0.999355,-0.471730,0.099406,0.232679,1.703622,4.510244,-0.764846,1.981444,-5.775487,0.499658,0.009130,-1.404916,2.095665,-1.662780,-1.092112
2902,56.140000,-1.078037,1.673416,-0.927037,-0.257185,-0.236608,0.417725,6.194310,0.552373,2.999317,-4.882493,-0.126297,-1.148250,-1.948426,-0.709221,-1.956295,-0.955217
2903,56.160000,-1.711946,1.262122,-1.566620,-0.915388,-0.485023,-0.109893,7.190338,1.294971,2.951846,-3.702269,-0.133224,-1.310744,-1.930069,-2.960997,-2.167856,-0.222479
2904,56.180000,-1.683824,0.775108,-1.848561,-1.175945,-0.479545,0.146288,7.270637,1.609062,2.495836,-2.569626,0.134745,-0.922264,-2.243060,-4.434005,-1.985477,-0.289782
2905,56.200000,-1.016984,0.498602,-1.616817,-1.532068,-0.698216,0.415332,7.041089,1.503099,1.805974,-2.187081,0.198254,-0.852596,-2.618041,-5.610489,-1.881694,-0.876278
2906,56.220000,-0.535978,0.467504,-1.263805,-1.436495,-1.041940,1.000803,6.697213,0.988130,0.999949,-1.970799,0.367126,-0.687188,-3.259981,-6.073494,-2.230856,-1.639554
2907,56.240000,-0.340592,0.238204,-1.380537,-0.819985,-1.259624,1.940277,5.794832,0.465519,-0.011340,-1.846075,0.592364,-0.346184,-4.051528,-5.893373,-2.538384,-2.242158
2908,56.260000,-0.132656,0.236980,-1.295806,-0.524235,-1.523200,2.427161,5.132503,0.148625,-0.194330,-1.826715,0.545916,-0.447169,-4.368701,-5.461560,-2.923470,-2.566205
2909,56.280000,0.307327,-0.066781,-1.109712,-0.616276,-1.514243,2.000865,4.373072,-0.164466,-0.326985,-1.846539,0.417262,-0.486566,-4.647926,-5.036891,-3.354752,-2.864775
2910,56.300000,0.880962,-0.503288,-0.720576,-0.746469,-1.427192,1.525932,3.045392,-0.276552,-0.426031,-1.563320,0.166652,-0.548331,-4.799053,-4.434243,-3.577684,-2.728515
2911,56.320000,1.575480,-0.821814,-0.293565,-0.884622,-1.156870,1.010660,1.808961,-0.270235,-0.492298,-1.367997,-0.060952,-0.474016,-4.837862,-3.848386,-3.623138,-2.387124
2912,56.340000,2.338331,-1.094053,-0.127008,-1.138202,-0.876979,0.587317,0.938578,-0.210431,-0.657661,-1.257637,-0.167561,-0.322039,-4.723776,-3.696613,-3.433414,-2.156762
2913,56.360000,3.042430,-1.031787,-0.069395,-1.425638,-0.628816,0.203294,0.373195,-0.078629,-0.635854,-1.174851,-0.207659,-0.262409,-4.547023,-3.659333,-3.106416,-1.930712
2914,56.380000,3.284340,-0.987306,-0.051954,-1.419540,-0.534982,0.130210,0.255116,0.122163,-0.635164,-1.335709,-0.208870,-0.165245,-4.277388,-3.775853,-2.741540,-1.867182
2915,56.400000,3.246220,-0.977729,-0.036353,-1.475415,-0.461330,-0.084084,0.104862,0.230499,-0.511255,-1.216855,-0.192980,-0.118376,-4.014266,-3.955922,-2.485491,-1.890951
2916,56.420000,2.994026,-0.856373,0.117046,-1.637101,-0.688193,0.077492,0.505599,0.281993,-0.402451,-1.213761,-0.163695,-0.069086,-3.638525,-4.152155,-2.483286,-2.006607
2917,56.440000,2.821354,-0.906552,0.316979,-1.564119,-0.764969,0.330541,0.546677,0.155384,-0.385303,-1.143019,-0.093197,-0.087932,-3.325968,-4.128758,-2.546135,-2.023549
2918,56.460000,2.529540,-0.678980,0.523379,-1.692018,-0.978064,0.585731,1.084583,0.113989,-0.116308,-1.158473,-0.051644,-0.055762,-3.194026,-3.996645,-2.770528,-2.039959
2919,56.480000,2.206843,-0.724381,0.482447,-1.654545,-1.006436,0.855323,1.208926,-0.000283,-0.059410,-1.148546,0.015819,-0.094954,-3.122724,-3.723551,-3.032253,-2.102620
2920,56.500000,1.795196,-0.479004,0.469350,-1.631441,-1.024673,0.989741,1.356992,-0.031108,0.156152,-1.064054,0.065672,-0.150322,-3.064943,-3.386629,-3.224175,-2.120004
2921,56.520000,1.329812,-0.216384,0.307435,-1.699682,-1.030826,0.936481,1.440532,-0.046406,0.311314,-0.770823,0.080889,-0.243990,-2.998803,-3.281573,-3.383602,-2.244788
2922,56.540000,1.089767,-0.046812,0.240120,-1.760351,-0.854235,0.913184,1.452463,-0.065971,0.495979,-0.565853,0.211863,-0.147795,-2.891182,-3.154797,-3.401145,-2.299685
2923,56.560000,0.945219,0.043869,0.231780,-1.752070,-0.696393,0.810670,1.293992,-0.086084,0.569897,-0.292219,0.248894,-0.115556,-2.765693,-3.030733,-3.319751,-2.344772
2924,56.580000,0.747034,0.132126,0.189641,-1.969952,-0.632800,0.681264,1.279571,-0.053394,0.657103,-0.060074,0.183999,-0.111587,-2.748365,-3.094438,-3.148530,-2.449216
2925,56.600000,0.696928,0.174616,0.144313,-2.096845,-0.508959,0.773279,1.206589,-0.051601,0.702509,0.026002,0.270104,-0.003971,-2.682310,-3.029039,-2.968644,-2.518510
2926,56.620000,0.649304,0.277568,0.178877,-2.133706,-0.395668,0.873499,1.173496,-0.034289,0.863535,0.109521,0.372503,0.093103,-2.584394,-2.891194,-2.791966,-2.505118
2927,56.640000,0.542437,0.376499,0.212132,-2.284488,-0.424809,0.892169,1.245260,0.015371,1.036352,0.328296,0.360603,0.021885,-2.450815,-2.921184,-2.642745,-2.486133
2928,56.660000,0.467451,0.440654,0.128707,-2.468789,-0.499028,0.971602,1.321603,0.006959,1.221912,0.506945,0.248869,-0.127979,-2.446108,-3.066761,-2.658413,-2.515032
2929,56.680000,0.414881,0.461594,0.117363,-2.324018,-0.350071,1.029898,1.177941,0.009821,1.225740,0.446475,0.421273,0.024804,-2.333419,-2.923908,-2.678540,-2.441024
2930,56.700000,0.206888,0.610131,0.252612,-2.576403,-0.380089,1.082197,1.293406,0.101224,1.716471,0.539151,0.405615,0.065121,-2.377115,-2.980946,-2.736268,-2.479302
2931,56.720000,0.201535,0.588376,0.191181,-2.805240,-0.430904,1.025467,1.324085,0.180002,1.854070,0.639113,0.412384,-0.025026,-2.286041,-3.088332,-2.698946,-2.465547
2932,56.740000,0.193521,0.699813,0.083689,-2.739729,-0.403489,1.020369,1.305163,0.124364,1.875734,0.664518,0.385623,-0.060641,-2.203536,-3.035675,-2.695327,-2.373711
2933,56.760000,0.075112,0.646535,0.016263,-2.488488,-0.305627,0.839615,1.308862,0.171729,1.810500,0.512297,0.558114,0.230198,-1.861620,-2.671201,-2.335343,-2.072577
2934,56.780000,-0.398995,0.666694,0.097439,-2.256921,-0.195942,0.448515,1.665096,0.501750,1.679943,0.309861,0.812969,0.834003,-1.154167,-2.328607,-1.508153,-1.847916
2935,56.800000,-0.737184,0.645102,0.160797,-1.911346,0.014087,0.161999,2.065849,0.767136,1.470347,0.095303,0.796587,1.716146,-0.400734,-2.197509,-0.353079,-2.195904
2936,56.820000,-0.886328,0.481811,0.223699,-1.464929,0.286628,0.062065,2.270001,1.069321,1.478296,-0.101944,0.943757,2.516181,0.363538,-2.124220,0.769176,-2.724357
2937,56.840000,-0.985143,0.578923,0.376776,-0.576481,0.520371,-0.010785,2.145299,1.149808,1.531446,-0.560264,0.975094,3.026625,0.941803,-2.071464,1.748244,-3.362630
2938,56.860000,-1.002935,0.687034,0.297015,0.268813,0.571006,-0.059532,2.241260,1.566233,2.191012,-1.136136,0.968071,3.274360,1.567436,-1.883602,2.591557,-3.557276
2939,56.880000,-0.842615,0.626759,0.093937,0.918082,0.580775,-0.059896,2.089743,1.668922,2.490841,-1.537735,1.028486,3.310058,1.771249,-1.809085,2.802716,-3.555048
2940,56.900000,-0.671283,0.595961,-0.061414,1.343392,0.606896,-0.156342,1.879221,1.870348,2.908545,-1.909368,1.159574,3.429600,1.863629,-1.507765,2.489243,-3.207938
2941,56.920000,-0.451913,0.414354,-0.069755,1.821284,0.473861,-0.390826,1.347621,1.752066,2.818034,-2.377458,1.069037,2.985424,1.666387,-1.409178,1.755401,-2.883743
2942,56.940000,-0.347711,0.399236,0.070858,2.297788,0.598419,-0.677911,1.013080,1.940948,3.051271,-2.885781,1.380919,3.204765,1.685152,-1.381998,1.153882,-2.331609
2943,56.960000,-0.165437,0.607443,0.234277,2.660737,0.375481,-0.902621,0.734591,1.954839,2.843290,-3.067919,1.627323,2.944466,1.865673,-1.371340,0.545621,-1.579072
2944,56.980000,0.038228,0.643767,0.380401,2.592585,0.421264,-0.934305,0.985214,1.984048,2.809666,-3.095956,1.611434,2.901942,1.905954,-1.492847,-0.114934,-1.196036
2945,57.000000,0.298539,0.635782,0.441042,1.967099,0.319799,-0.896898,1.376211,2.007432,2.786287,-2.678578,1.519559,2.552803,2.011039,-1.589877,-0.602807,-0.748598
2946,57.020000,0.635786,0.694385,0.390517,0.917335,0.303632,-0.777367,2.050350,1.958088,2.949868,-2.300830,1.375700,2.386961,2.090228,-1.503280,-0.808961,-0.444074
2947,57.040000,1.032097,0.769140,0.154514,-0.241398,0.143836,-0.696833,2.579807,1.876901,3.140954,-1.821214,1.336781,2.210133,2.167660,-1.293149,-0.583901,-0.155321
2948,57.060000,1.286312,0.850201,0.024178,-0.948652,-0.042157,-0.746259,2.756060,1.871770,3.222596,-1.547965,1.412551,2.211520,2.202852,-1.000780,-0.225102,-0.230760
2949,57.080000,1.191073,0.863251,-0.116310,-1.368293,-0.044553,-0.640450,2.923196,1.863153,3.265352,-1.181607,1.208560,2.230848,2.306293,-0.756034,0.547796,-0.729348
2950,57.100000,1.019681,0.883486,-0.083077,-1.540417,0.090465,-0.584810,3.013015,1.874840,3.230896,-0.863517,1.041202,2.410918,2.476806,-0.671856,1.215150,-1.344004
2951,57.120000,0.879766,0.880017,0.049129,-1.379285,0.236548,-0.566291,2.814838,1.869833,3.082479,-0.723715,0.895623,2.553827,2.457439,-0.609339,1.655518,-1.946153
2952,57.140000,0.680348,0.717902,0.305778,-1.020030,0.179056,-0.623015,2.625941,1.754288,2.763962,-0.822077,0.493794,2.261304,2.308547,-0.804426,2.009657,-2.151281
2953,57.160000,0.650971,0.749959,0.551754,-0.179966,0.314375,-0.575037,2.147070,1.581670,2.528267,-1.290907,0.565292,2.433981,2.177455,-0.850303,1.941783,-2.052330
2954,57.180000,0.720024,0.587884,0.425166,1.209595,0.319529,-0.507486,1.343772,1.361866,2.256929,-2.216267,0.669217,2.277438,1.885856,-0.833511,1.327497,-1.734329
2955,57.200000,0.582566,0.146184,1.015217,2.730556,0.030125,-0.752381,0.616819,0.972967,1.553252,-3.926578,0.418979,1.335691,0.943705,-1.117812,0.363423,-1.518591
2956,57.220000,0.018472,0.119872,2.217718,3.783739,-0.103500,-1.122800,0.272618,0.910894,0.926804,-5.508788,0.220466,0.779346,0.303872,-1.311929,-0.256237,-1.271079
2957,57.240000,-0.352769,-0.354293,2.895189,4.298137,-0.149231,-1.224595,0.227409,0.802788,0.253757,-6.628062,0.108859,0.431019,-0.262979,-1.410345,-0.821173,-0.794304
2958,57.260000,-0.219944,-1.022348,3.207739,4.209460,-0.023892,-1.091543,0.508152,0.689588,-0.031486,-7.517582,0.214376,0.371595,-1.059904,-1.060408,-1.187841,0.221705
2959,57.280000,0.377580,-1.437475,3.002312,3.636573,0.072711,-0.691449,1.106347,0.473696,-0.209048,-7.791619,0.302351,0.318330,-1.698989,-0.378689,-1.434017,1.389328
2960,57.300000,1.275505,-1.453373,2.415318,2.612316,0.157126,-0.362913,1.808591,0.463640,-0.221429,-7.471169,0.195635,0.228249,-1.813135,0.162159,-1.472444,2.282949
2961,57.320000,2.717458,-1.117219,0.650353,0.234460,0.098272,0.319052,2.597137,0.515530,0.010856,-5.736278,0.067149,0.129931,-1.410675,0.696675,-1.419573,3.026999
2962,57.340000,4.233679,-0.319175,-0.527869,-3.116096,0.108353,0.943048,2.853601,0.587313,1.321352,-3.317360,0.101621,0.308451,-0.285796,1.336936,-1.520993,3.176921
2963,57.360000,4.178262,0.505665,-0.821848,-5.106414,0.168735,1.084406,1.343295,0.885156,3.439907,-0.416675,0.070424,0.185823,0.609290,1.252356,-1.797662,2.166763
2964,57.380000,2.770737,0.828146,-1.080846,-6.201254,0.216381,1.057979,-0.086154,1.311211,4.681940,2.314851,0.701723,0.059033,0.632844,0.794708,-1.449355,1.456595
2965,57.400000,1.537340,0.898797,-1.255427,-6.816479,0.042313,0.778564,-0.297256,1.479807,5.162459,4.437937,1.299100,-0.408786,0.406662,0.335208,-0.275428,1.246923
2966,57.420000,0.955529,0.780832,-1.143697,-6.692591,0.056404,0.714707,-0.463856,1.096551,5.272667,5.480924,1.015554,-0.887105,0.164834,0.277450,0.629157,0.866562
2967,57.440000,0.411545,0.755207,-0.671760,-5.729492,0.240970,0.724572,-0.622238,0.561527,5.090674,5.168790,0.704849,-0.935924,0.320705,0.659106,0.868989,0.744952
2968,57.460000,-0.387271,0.641861,0.842277,-3.913810,0.152135,0.476528,-0.641675,-0.110917,4.334545,3.349946,0.354127,-0.723820,0.546256,1.096730,0.644794,0.638395
2969,57.480000,-0.213414,0.308288,1.877950,-1.830893,-0.124678,0.281924,0.232755,-0.646263,2.423558,-1.033942,0.085724,-0.009901,0.521809,1.387430,0.692681,0.737874
2970,57.500000,-0.410240,-0.347431,0.639100,1.448555,-0.525042,-0.166196,1.880791,-0.457273,0.291981,-6.083775,-0.189085,0.915079,0.617893,2.401680,1.478832,1.732152
2971,57.520000,-0.977113,-0.423165,1.202361,3.326631,-0.398831,-0.749184,2.219256,0.109714,0.166402,-8.761896,-0.392584,1.259024,2.001208,2.891683,1.337544,2.052760
2972,57.540000,-1.641158,-0.824901,2.867863,6.056265,0.038352,-1.427733,2.010736,0.256444,-0.985338,-10.252448,0.315372,1.803866,1.910246,1.998603,1.441692,1.569810
2973,57.560000,-1.655015,-0.480087,3.607205,6.178200,-0.014103,-1.021029,2.218583,0.727316,-1.199752,-8.872048,0.539377,1.769116,1.961390,0.077942,1.319317,1.512130
2974,57.580000,-1.084210,-0.716075,3.592455,4.666660,0.146786,-0.510606,2.292061,1.376429,-0.786782,-6.285097,0.201516,1.246066,1.779877,-1.732806,1.201257,1.702641
2975,57.600000,0.452061,-1.054128,2.791986,1.715093,0.288609,0.035176,2.073986,1.425860,-0.120500,-3.576716,-0.125609,0.785796,0.931233,-2.969426,1.250997,2.125128
2976,57.620000,3.483470,-0.024161,-0.284949,-3.269331,-0.180147,0.706874,2.057075,1.365571,1.892197,-0.621736,-0.511571,0.425593,1.348671,-2.917311,0.559674,2.257791
2977,57.640000,4.305135,0.150632,-0.653574,-4.572301,-0.032811,0.905210,-0.128685,0.604374,2.522543,0.936457,-0.403819,-0.173658,0.755486,-1.387296,-0.080329,1.947169
2978,57.660000,3.025864,0.574363,-0.856305,-5.670321,0.113826,1.383822,-1.137194,0.333869,3.167575,3.332634,0.033739,-0.730285,-0.219401,-0.203215,-0.466596,2.332498
2979,57.680000,1.845594,0.524851,-0.915143,-5.972129,-0.013924,1.445718,-1.833018,0.046217,2.680175,5.277909,0.989466,-0.971857,-1.489393,0.691079,-1.046495,1.513021
2980,57.700000,1.332726,0.351088,-0.984733,-5.351666,0.145288,2.002550,-1.339247,-0.179908,2.829740,6.117605,0.656554,-1.210233,-2.071670,1.164626,-0.570770,1.320301
2981,57.720000,1.011597,0.310909,-0.460951,-3.934462,0.248444,1.886072,-0.825072,-0.460466,3.031517,5.080105,0.293453,-0.876679,-1.532351,2.016852,0.203730,1.480851
2982,57.740000,0.289784,0.387785,0.812611,-2.304480,0.252334,1.213562,-0.120733,-0.660659,2.742392,2.989810,-0.163209,-0.503165,-0.607034,2.368665,0.609425,1.371790
2983,57.760000,0.026092,0.463139,1.484664,-0.901279,0.232508,0.593039,1.136291,-0.569155,1.829499,-0.683243,-0.419875,0.056245,0.004036,2.151841,1.120738,1.119093
2984,57.780000,-0.217781,0.174580,0.953525,1.515548,-0.045846,-0.072728,2.381051,-0.140960,0.376341,-5.018954,-0.955340,0.618723,-0.135468,1.773798,1.937818,0.995077
2985,57.800000,-0.988770,0.068716,1.593136,3.531543,-0.297839,-0.840784,2.643227,0.469203,0.074660,-7.597410,-1.150154,1.100336,0.802900,1.186862,1.910601,0.616535
2986,57.820000,-1.966306,-0.303384,2.482310,5.295646,-0.459086,-1.374243,2.271716,0.899487,-0.546731,-7.910337,-1.341268,0.791043,2.127794,-0.489833,1.618569,0.030258
2987,57.840000,-1.773424,-0.298716,3.735772,6.439405,0.080824,-0.970743,1.764927,0.579290,-1.267890,-7.168722,-0.710915,0.828242,2.309380,-2.019232,1.464065,0.493183
2988,57.860000,-0.727612,-0.234234,3.487212,4.913058,-0.078166,-0.467597,1.458527,0.730249,-0.930620,-4.861550,-0.416974,0.579293,1.333517,-3.349265,1.297427,1.234959
2989,57.880000,0.858848,-0.712362,2.748307,1.803993,0.191288,-0.020170,1.427259,0.863433,-0.369109,-2.701123,-0.379786,0.478684,0.656881,-3.628077,1.087078,2.237626
2990,57.900000,3.380578,-0.199013,-0.031576,-2.112521,0.099917,1.536717,1.402793,0.469715,0.742963,-0.371033,-0.428575,0.764746,0.488945,-3.048758,0.712187,2.069469
2991,57.920000,3.709044,-0.626665,-0.249527,-1.880131,0.613131,1.366187,0.104817,-0.152998,0.159709,-0.306181,0.099104,0.391073,-0.396380,-1.123470,0.576961,2.025199
2992,57.940000,2.424698,-0.033247,-0.324046,-2.110994,0.481430,2.138601,-0.236650,-0.244068,0.464214,1.234530,0.130295,0.266212,-1.286042,0.138468,0.002961,2.488841
2993,57.960000,0.208353,0.333959,-0.655253,-2.147912,-0.091601,3.347544,0.164004,-0.441288,0.788440,2.628236,0.268941,-0.300651,-1.819865,0.429078,-1.005355,1.275142
2994,57.980000,-1.954533,0.834539,-0.754533,-1.023656,-0.150228,3.791960,0.573566,-0.675816,0.774592,3.709288,0.539465,-1.104157,-2.227749,0.199347,-1.942620,-0.128437
2995,58.000000,-3.325041,0.988603,-0.737903,-0.097036,-0.344230,3.351635,1.151894,-0.474988,0.606203,4.082520,0.564759,-1.296321,-1.942553,-0.413177,-1.686482,-1.131808
2996,58.020000,-3.952491,0.882103,-0.871206,0.768613,-0.883303,2.529967,2.176481,-0.435826,0.454027,2.930862,0.461014,-0.864527,-0.942810,-0.757175,-0.973801,-1.661736
2997,58.040000,-3.698024,0.484968,-0.928370,0.846372,-0.811283,1.832845,3.014786,-0.083212,0.400316,1.504240,0.325943,-0.116844,0.019148,-0.923694,-0.012348,-1.770656
2998,58.060000,-3.054039,0.208155,-0.774074,0.742285,-0.306180,1.979176,2.789031,0.248921,0.310111,0.617035,0.301793,0.740498,0.367251,-0.949832,0.462725,-1.853051
2999,58.080000,-2.101788,-0.095462,-0.518558,0.778163,0.077732,1.657477,2.040623,0.442250,0.165110,-0.474966,0.233313,1.342153,0.532546,-0.695415,0.805254,-1.551057
3000,58.100000,-1.342346,-0.251296,-0.245564,1.339231,0.083801,1.312905,1.310654,0.498025,-0.083604,-1.874356,0.240396,1.595544,0.538968,-0.445403,1.238529,-0.939454
3001,58.120000,-0.939023,-0.012495,0.053109,2.106395,-0.023842,0.725327,0.775101,0.620343,-0.178886,-2.943365,0.394819,1.796540,0.960334,-0.383959,1.798959,-0.372320
3002,58.140000,-0.659152,0.225326,0.398631,2.621502,-0.089042,-0.095667,0.178232,0.766770,-0.220707,-2.963248,0.511274,1.824793,1.935982,-0.564131,2.131965,0.076381
3003,58.160000,-0.569544,0.383552,0.641636,2.312256,-0.128009,-0.422038,-0.071970,1.106214,0.081057,-2.104403,0.506181,1.849407,2.800545,-0.882308,2.158389,0.435190
3004,58.180000,-0.474342,0.494539,0.781469,1.294333,0.045339,-0.306731,-0.284734,0.776182,-0.031116,-0.909717,0.619814,1.683792,2.996806,-0.843499,1.946715,0.696143
3005,58.200000,-0.418445,0.772002,0.589153,0.150075,0.307102,0.147036,0.141405,0.731284,0.367842,-0.176515,0.651659,1.771617,2.523922,-0.348526,1.452054,0.814899
3006,58.220000,-0.271070,0.693326,0.268663,-0.556232,0.440516,0.700816,0.029691,0.271622,0.327285,0.492645,0.509444,1.059662,1.657808,-0.211736,1.331947,0.464673
3007,58.240000,-0.369124,0.775607,0.214010,-1.200338,0.513107,1.155507,0.063132,0.377756,0.951405,0.885911,0.449597,0.736851,1.007935,0.165773,1.211617,0.400853
3008,58.260000,-0.417885,0.779001,0.150411,-1.636610,0.445828,1.380530,-0.013962,0.274020,1.216795,1.316936,0.340590,0.320667,0.636268,0.482036,1.107559,0.308734
3009,58.280000,-0.426318,0.802388,0.217591,-1.729671,0.347396,1.434787,-0.092761,0.162431,1.335113,1.485958,0.257799,0.055487,0.419113,0.627770,0.941413,0.301105
3010,58.300000,-0.529182,0.892463,0.324657,-1.630199,0.270869,1.318480,-0.157296,0.073651,1.294506,1.511229,0.216765,-0.073399,0.303852,0.674865,0.671296,0.265995
3011,58.320000,-0.737572,0.894338,0.535027,-1.406133,0.293217,1.132093,-0.316513,0.079963,1.243022,1.528978,0.234489,-0.137452,0.324153,0.598348,0.486405,0.284650
3012,58.340000,-0.904549,0.821853,0.659799,-1.216496,0.247250,0.958054,-0.323839,0.048709,1.052701,1.470184,0.160660,-0.180875,0.411600,0.540077,0.390077,0.308725
3013,58.360000,-0.958582,0.829295,0.704486,-1.039134,0.236299,0.773319,-0.259316,0.032587,0.853638,1.293595,0.160914,-0.130679,0.475211,0.533373,0.371144,0.325869
3014,58.380000,-0.963096,0.802684,0.720895,-0.889296,0.293050,0.614614,-0.258136,0.068606,0.726631,1.171013,0.198858,-0.040144,0.551789,0.511064,0.418650,0.342497
3015,58.400000,-0.928558,0.762060,0.731864,-0.779234,0.336375,0.572965,-0.226527,0.103039,0.681291,1.092771,0.215467,0.035651,0.618725,0.489456,0.472925,0.376134
3016,58.420000,-0.858443,0.739123,0.707494,-0.716145,0.385978,0.583951,-0.197961,0.152828,0.697763,1.037235,0.257863,0.135040,0.653753,0.466648,0.488298,0.427060
3017,58.440000,-0.801744,0.737699,0.660972,-0.709482,0.396333,0.615994,-0.179491,0.188223,0.717761,1.031872,0.273327,0.207874,0.691776,0.472536,0.494513,0.444255
3018,58.460000,-0.739854,0.753505,0.623530,-0.699048,0.420875,0.655804,-0.156544,0.216124,0.742482,1.050511,0.290584,0.278442,0.678713,0.497446,0.497344,0.437562
3019,58.480000,-0.705214,0.735040,0.613878,-0.680877,0.449094,0.723458,-0.169754,0.246050,0.778298,1.094652,0.308767,0.339099,0.674446,0.525323,0.490565,0.448956
3020,58.500000,-0.712992,0.734268,0.640909,-0.642331,0.489131,0.814993,-0.207019,0.279791,0.875744,1.170707,0.319386,0.338733,0.685696,0.544497,0.422262,0.503301
3021,58.520000,-0.691383,0.724392,0.542939,-0.653175,0.443835,0.839458,-0.170485,0.274941,0.856865,1.190227,0.319726,0.343336,0.678200,0.584881,0.404808,0.524192
3022,58.540000,-0.719688,0.767428,0.569303,-0.682123,0.431782,0.830245,-0.124508,0.276433,0.838201,1.214301,0.326029,0.377139,0.695586,0.609228,0.452629,0.519636
3023,58.560000,-0.787268,0.781291,0.641282,-0.702094,0.459065,0.796243,-0.124539,0.320527,0.864275,1.277451,0.311850,0.388012,0.751179,0.596754,0.485186,0.507539
3024,58.580000,-0.838054,0.757353,0.669675,-0.698359,0.471231,0.767395,-0.122701,0.359318,0.885729,1.336227,0.301120,0.394712,0.808638,0.551077,0.495438,0.485028
3025,58.600000,-0.811347,0.730234,0.628048,-0.699479,0.440674,0.799906,-0.101881,0.325150,0.816848,1.330546,0.293993,0.402430,0.797904,0.517109,0.525745,0.453990
3026,58.620000,-0.738334,0.723033,0.566561,-0.637838,0.420253,0.828259,-0.141979,0.277691,0.784183,1.268390,0.311346,0.405069,0.726718,0.519346,0.491440,0.406349
3027,58.640000,-0.725666,0.730454,0.597450,-0.601326,0.433942,0.867645,-0.163562,0.276312,0.791645,1.211398,0.302936,0.362462,0.667511,0.522325,0.446650,0.412892
3028,58.660000,-0.700638,0.691439,0.569471,-0.589984,0.377618,0.900796,-0.145163,0.249555,0.714924,1.166173,0.273658,0.321545,0.612442,0.528634,0.419396,0.424336
3029,58.680000,-0.704058,0.699982,0.622871,-0.577303,0.388450,0.907483,-0.136800,0.253079,0.713419,1.144646,0.267749,0.304463,0.581582,0.525954,0.389680,0.448994
3030,58.700000,-0.768752,0.650332,0.681577,-0.554463,0.412746,0.863198,-0.129439,0.303394,0.726880,1.155799,0.242087,0.299609,0.635784,0.479227,0.349813,0.485681
3031,58.720000,-0.745986,0.632287,0.651883,-0.552583,0.354462,0.866378,-0.099584,0.273550,0.654766,1.144988,0.202827,0.264099,0.627746,0.468967,0.340510,0.495510
3032,58.740000,-0.762330,0.643619,0.708821,-0.513780,0.373504,0.846202,-0.094153,0.281675,0.655311,1.116790,0.246388,0.292152,0.641466,0.454004,0.347715,0.514138
3033,58.760000,-0.764162,0.619234,0.698753,-0.523537,0.346606,0.811095,-0.074865,0.271217,0.637499,1.122126,0.234421,0.292323,0.642126,0.446021,0.355512,0.501855
3034,58.780000,-0.791962,0.623309,0.711736,-0.503762,0.367501,0.767127,-0.060961,0.285691,0.658093,1.104794,0.235562,0.314548,0.675350,0.444269,0.376434,0.510797
3035,58.800000,-0.723272,0.599636,0.647811,-0.523749,0.320304,0.766098,-0.022755,0.258428,0.575871,1.051354,0.218462,0.321446,0.633759,0.447508,0.391465,0.464347
3036,58.820000,-0.735705,0.623216,0.691913,-0.489619,0.380256,0.747637,-0.051067,0.300995,0.639710,1.028962,0.269899,0.381603,0.660674,0.426225,0.393043,0.470691
3037,58.840000,-0.702323,0.604778,0.629331,-0.525544,0.315490,0.780332,-0.024293,0.272924,0.579445,1.037378,0.231496,0.343755,0.636963,0.441185,0.415886,0.445832
3038,58.860000,-0.711331,0.620708,0.670278,-0.502826,0.342246,0.757407,-0.018112,0.302385,0.626819,1.022170,0.266382,0.391576,0.644447,0.448783,0.417407,0.438986
3039,58.880000,-0.703604,0.595867,0.649973,-0.528387,0.318169,0.739137,-0.015915,0.292940,0.603074,1.041118,0.232450,0.368538,0.651671,0.457054,0.408188,0.432213
3040,58.900000,-0.715660,0.615839,0.675759,-0.516461,0.360484,0.733826,-0.032435,0.312582,0.647034,1.042147,0.255137,0.401925,0.670852,0.466666,0.420076,0.453859
3041,58.920000,-0.670422,0.607286,0.630048,-0.512148,0.346088,0.749315,-0.039072,0.294270,0.627597,1.011011,0.253168,0.396161,0.671123,0.478672,0.404317,0.465776
3042,58.940000,-0.682981,0.620740,0.655166,-0.479235,0.377560,0.742729,-0.075641,0.319606,0.683930,1.012729,0.277272,0.412826,0.685390,0.488385,0.403654,0.474596
3043,58.960000,-0.696851,0.614893,0.688811,-0.491556,0.357043,0.743573,-0.063834,0.316844,0.648197,1.042384,0.236729,0.392358,0.699164,0.505581,0.410695,0.475493
3044,58.980000,-0.700415,0.623026,0.708474,-0.500561,0.345340,0.717938,-0.035602,0.304773,0.645386,1.036059,0.251118,0.413440,0.705703,0.516705,0.414946,0.476607
3045,59.000000,-0.653184,0.630331,0.673616,-0.520870,0.328336,0.706055,-0.023212,0.272215,0.602798,1.010110,0.244394,0.416677,0.696200,0.531764,0.410753,0.449722
3046,59.020000,-0.617601,0.629983,0.668517,-0.489267,0.347640,0.730124,-0.027688,0.264585,0.591018,0.970435,0.262936,0.452766,0.671252,0.538496,0.418175,0.438620
3047,59.040000,-0.590527,0.621715,0.656448,-0.479589,0.352925,0.749242,-0.057205,0.264592,0.593046,0.958580,0.254261,0.430714,0.635976,0.542082,0.410404,0.445187
3048,59.060000,-0.586409,0.619394,0.670565,-0.487716,0.352385,0.757641,-0.059119,0.263934,0.577246,0.951562,0.237618,0.400099,0.624642,0.544097,0.411950,0.471913
3049,59.080000,-0.644049,0.617984,0.735819,-0.493149,0.373491,0.739922,-0.050707,0.315322,0.634209,0.988471,0.248111,0.408939,0.668339,0.518337,0.417709,0.497313
3050,59.100000,-0.656600,0.595340,0.710045,-0.485391,0.341195,0.734268,-0.017505,0.298395,0.599166,1.000549,0.209775,0.398035,0.720975,0.521707,0.428316,0.529697
3051,59.120000,-0.668970,0.619324,0.724302,-0.473659,0.360038,0.713836,-0.006702,0.311121,0.622137,0.991687,0.244928,0.433438,0.745773,0.517596,0.436606,0.534144
3052,59.140000,-0.660111,0.616844,0.730043,-0.466215,0.368912,0.718274,-0.017890,0.311973,0.635339,0.992453,0.246087,0.431399,0.739121,0.501141,0.433844,0.521920
3053,59.160000,-0.632923,0.612191,0.717425,-0.468083,0.348520,0.740507,-0.005397,0.288611,0.614225,0.970951,0.242128,0.415480,0.704460,0.502265,0.433572,0.519721
3054,59.180000,-0.664126,0.632786,0.779641,-0.480853,0.361504,0.709304,-0.003961,0.307283,0.651375,0.988428,0.247543,0.432089,0.712377,0.492546,0.422396,0.499362
3055,59.200000,-0.627775,0.601319,0.735376,-0.483326,0.317279,0.709811,0.019997,0.278153,0.562827,0.984241,0.216612,0.419514,0.702219,0.519445,0.436282,0.477995
3056,59.220000,-0.625617,0.640844,0.743890,-0.473857,0.335988,0.700858,0.036057,0.289591,0.605744,0.936374,0.261611,0.447353,0.686741,0.521798,0.443449,0.475395
3057,59.240000,-0.558423,0.599492,0.661230,-0.453395,0.314206,0.745141,0.016071,0.250143,0.520803,0.903842,0.227038,0.418429,0.652876,0.539937,0.428377,0.466869
3058,59.260000,-0.593760,0.614550,0.753685,-0.415607,0.388218,0.726127,-0.024037,0.302484,0.644560,0.892846,0.276155,0.475528,0.649582,0.510198,0.393277,0.487900
3059,59.280000,-0.635623,0.586738,0.766895,-0.459916,0.345685,0.726176,-0.006106,0.311562,0.611526,0.945129,0.210290,0.403643,0.681919,0.501368,0.404181,0.512744
3060,59.300000,-0.598990,0.602325,0.717439,-0.487376,0.292476,0.715583,0.061845,0.272948,0.553159,0.902130,0.225612,0.432373,0.681890,0.504573,0.436911,0.502775
3061,59.320000,-0.548051,0.612203,0.678904,-0.486552,0.294195,0.712312,0.081389,0.245793,0.509939,0.855040,0.234671,0.486592,0.658489,0.526249,0.448501,0.468186
3062,59.340000,-0.585419,0.609794,0.751908,-0.439692,0.367806,0.724477,0.015688,0.301992,0.587798,0.875705,0.254073,0.473592,0.653449,0.521621,0.442332,0.477951
3063,59.360000,-0.607413,0.576904,0.761351,-0.428325,0.380275,0.742053,-0.023906,0.323928,0.631459,0.924122,0.232431,0.440836,0.679628,0.500406,0.417812,0.522758
3064,59.380000,-0.584214,0.574392,0.711574,-0.445344,0.319865,0.738684,0.032905,0.290263,0.565534,0.908270,0.215583,0.453136,0.682700,0.530595,0.417224,0.540490
3065,59.400000,-0.611092,0.615418,0.762894,-0.447930,0.343030,0.690306,0.051843,0.307373,0.601839,0.896898,0.266747,0.507905,0.719367,0.531307,0.448997,0.544114
3066,59.420000,-0.560599,0.641026,0.610852,-0.468742,0.350994,0.875336,-0.027680,0.264593,0.736234,0.931311,0.263586,0.368052,0.626921,0.620477,0.328899,0.588125
3067,59.440000,-0.665417,0.898416,0.069039,-0.166591,0.493063,2.141775,-0.617737,-0.087787,1.437350,1.267027,0.419343,-0.245816,0.070957,1.159989,-0.637242,0.769046
3068,59.460000,-1.946591,1.345443,-0.180533,0.530617,0.713612,3.890148,-1.335201,-0.507460,2.131900,2.559067,0.458787,-0.935327,-0.230650,2.102003,-2.053287,0.739395
3069,59.480000,-2.968881,1.373744,-0.351996,0.997549,0.622795,4.135980,-1.090512,-0.662339,2.129700,3.469700,0.293247,-1.071546,-0.067773,2.672129,-2.499597,0.810288
3070,59.500000,-3.287954,1.407143,-0.400562,1.178761,0.374019,3.623857,-0.329631,-0.564396,2.034970,3.541318,0.049466,-0.949117,0.149523,2.618253,-2.344368,0.838428
3071,59.520000,-2.821117,1.135494,-0.198918,0.937405,0.063513,2.800910,0.365874,-0.331950,1.617454,2.794604,-0.270382,-0.623607,0.134498,2.198195,-1.809530,0.599892
3072,59.540000,-2.006610,0.735442,0.032841,0.487551,-0.102108,2.252060,1.072149,0.050270,1.301370,1.752904,-0.447943,-0.260198,0.276145,1.718212,-1.075650,0.555868
3073,59.560000,-0.184810,-0.000390,0.330073,-0.523841,-0.197413,1.326614,1.451123,0.398820,0.739509,0.494887,-0.774075,0.061391,0.562825,1.345357,-0.327201,0.795212
3074,59.580000,1.974804,-0.626607,0.481157,-1.754825,-0.308537,0.073095,1.935243,0.636499,0.145322,-0.704745,-0.745567,0.438996,1.086854,1.080879,0.487854,1.506950
3075,59.600000,3.553091,-0.934752,0.334450,-2.608165,-0.329220,-0.546011,2.320627,0.818203,-0.061297,-1.177519,-0.725628,0.799906,1.627267,0.281699,1.048796,2.046334
3076,59.620000,4.165169,-1.076802,0.746239,-2.484779,-0.079349,-0.607899,2.333511,0.662355,-0.218488,-2.001345,-0.525885,0.810075,0.933466,-0.754635,1.192341,2.224330
3077,59.640000,4.343936,-1.189489,1.086646,-1.530922,0.033922,-0.402228,1.983272,0.355407,-0.443744,-3.292055,-0.075533,0.521250,-0.361236,-1.013205,0.796442,2.424542
3078,59.660000,3.200542,-1.012337,1.114378,-0.177648,-0.248042,0.513081,2.128753,0.268628,-0.400341,-4.548022,0.040028,0.456517,-1.087812,-0.600289,0.028201,2.723081
3079,59.680000,2.031601,-1.360072,2.166174,0.821878,-0.560811,0.562502,2.142666,0.141815,-0.440508,-5.088937,0.009806,0.292232,-1.864619,0.264746,-0.916799,2.730556
3080,59.700000,1.302554,-1.569648,2.750009,1.925284,-0.607808,0.034741,2.077686,-0.061723,-0.373134,-6.095387,0.217800,0.454154,-2.129546,1.200054,-1.492370,2.817607
3081,59.720000,0.855585,-1.701043,2.427437,2.679660,-0.621772,-0.336104,2.527155,0.014834,-0.819010,-7.179474,0.459658,0.774959,-1.877303,1.528558,-1.209315,3.089695
3082,59.740000,0.656993,-1.864765,1.952185,3.038728,-0.594180,-0.722398,3.391580,0.196737,-1.216735,-8.398697,0.723267,1.175361,-1.844535,1.450835,-0.590181,3.191875
3083,59.760000,0.776970,-2.012364,1.255485,3.035740,-0.437190,-0.831872,4.007885,0.564830,-1.350643,-8.668240,0.994701,1.442737,-1.718119,1.132558,-0.150351,2.985152
3084,59.780000,0.965272,-1.752463,0.757650,2.547579,-0.291491,-0.612921,4.405540,1.071592,-1.202972,-7.921947,1.020025,1.609242,-1.314006,0.526296,0.312547,2.765031
3085,59.800000,1.177766,-1.296205,0.152778,1.651082,-0.026798,-0.212990,4.086059,1.513943,-0.735936,-5.749111,0.676255,1.458957,-0.662455,-0.220838,0.467356,2.553104
3086,59.820000,1.546021,-0.401875,-0.477882,-0.611199,0.430823,0.329547,2.964841,1.774208,1.286198,-2.574089,0.577067,1.432605,0.617713,-0.526546,-0.575685,2.341976
3087,59.840000,1.111948,0.647232,-1.071864,-3.971117,1.060995,0.929795,0.549345,1.801290,4.535802,2.070911,0.331270,0.632756,1.403525,-0.401414,-2.001031,2.105392
3088,59.860000,0.193957,0.847066,-1.267527,-5.351762,1.165749,1.449216,-1.433381,1.512705,5.442923,5.413303,0.706746,-0.445686,0.838914,-0.149828,-2.605680,1.910572
3089,59.880000,-0.099572,1.004493,-1.221545,-5.570582,1.106601,1.398313,-1.660117,1.316783,5.981355,6.836367,1.098145,-0.860699,0.022585,0.567061,-1.918050,1.663672
3090,59.900000,-0.030499,1.198755,-0.510014,-5.120949,0.869964,1.345815,-1.517629,0.775098,6.578983,6.249335,0.336305,-1.127509,-0.047176,1.457871,-1.019769,0.787378
3091,59.920000,-0.188773,1.355038,0.932234,-4.113681,0.821452,1.236449,-1.309570,0.270704,6.402500,4.833383,-0.135060,-1.086331,-0.065904,1.977659,-1.156238,-0.310644
3092,59.940000,-0.216421,1.490818,1.969972,-2.839010,0.349891,0.890397,-1.169221,-0.339431,5.688356,2.916313,-0.562562,-1.037484,-0.663493,1.750954,-2.032390,-1.394868
3093,59.960000,0.291341,1.804827,2.094999,-1.748583,-0.108686,0.800108,-0.658912,-0.735257,4.736430,0.401405,-0.732067,-0.605697,-1.271846,1.775105,-2.493666,-1.699223
3094,59.980000,0.386166,0.806249,0.998585,0.163273,-0.399813,0.552647,1.177346,-0.666090,1.978676,-3.226140,-0.818758,0.227690,-1.385082,2.427086,-0.854400,-0.616461
3095,60.000000,0.044161,-0.404076,0.197950,1.186537,-0.385373,-0.014725,3.083125,-0.404189,0.158341,-6.326047,-0.493163,0.895911,-0.872824,2.857346,0.187882,1.435928
3096,60.020000,-0.053909,-0.606420,0.472236,1.805405,-0.472219,-0.560156,3.676189,0.196560,-0.117386,-7.659285,-0.210616,0.988580,0.179748,2.662387,0.196025,2.448430
3097,60.040000,-0.437289,-0.978948,2.196575,3.911307,0.035650,-0.853029,3.373693,0.500595,-0.992824,-8.858528,0.189678,1.227122,0.914237,1.482112,0.928693,2.944578
3098,60.060000,-0.655614,-0.720285,3.543784,4.643066,-0.173355,-0.882871,3.186534,0.712754,-1.317335,-8.122486,0.378706,1.320189,1.488483,-0.168732,1.267709,3.261705
3099,60.080000,-0.493722,-0.637497,3.586262,3.865174,-0.304974,-0.663189,3.058934,1.076469,-1.092517,-5.948183,0.251304,1.155790,1.526541,-1.808312,0.897713,3.334354
3100,60.100000,0.174715,-0.680459,2.547029,1.903374,-0.003005,-0.292601,2.772261,1.259369,-0.464697,-3.321556,0.176669,1.015285,0.830468,-2.811002,0.935091,3.646313
3101,60.120000,2.139734,0.108588,-0.213522,-2.010182,0.143866,0.235653,1.401116,0.958235,1.267469,0.718427,-0.029079,0.374446,1.408447,-2.516590,0.634842,3.579706
3102,60.140000,2.322490,0.240363,-0.496733,-3.880643,0.412392,0.628518,-0.520740,0.703059,2.401234,3.069143,-0.144050,-0.241543,1.402853,-0.957601,0.223566,3.300967
3103,60.160000,1.246885,0.538940,-1.037122,-5.473552,0.452476,1.452153,-1.145477,0.656648,3.401907,5.393273,0.178741,-1.022558,0.096687,-0.046195,-0.387929,2.871915
3104,60.180000,0.476888,0.658691,-1.062415,-6.315821,0.552394,2.511357,-2.039181,0.201840,4.040581,7.667496,0.794654,-1.804006,-1.412743,0.828621,-1.419147,1.694513
3105,60.200000,0.127578,0.410199,-0.905171,-4.946822,0.763655,3.117431,-1.796875,-0.270863,3.828293,7.549056,0.392655,-1.433029,-1.695892,2.269953,-0.959129,1.012108
3106,60.220000,-0.255984,0.491782,0.154207,-2.810869,0.851951,2.780311,-0.743653,-0.458349,3.793114,5.136819,-0.078961,-0.917693,-1.236909,2.898391,-0.446010,0.640469
3107,60.240000,-0.799462,0.886912,1.456287,-1.088593,0.364515,1.778853,0.128028,-0.664237,3.549879,2.456535,-0.516440,-0.715337,-0.912162,2.623272,-1.095446,-0.373455
3108,60.260000,-0.559297,1.162307,0.935198,0.076694,-0.027274,1.079869,1.380503,-0.541134,2.756017,-0.426583,-0.749191,-0.090979,-0.885961,2.277283,-1.075014,-0.756241
3109,60.280000,0.306713,0.416703,0.361862,1.262860,-0.054852,0.075136,3.079362,-0.244421,0.631858,-4.500145,-1.130023,0.724122,-0.842919,2.369827,0.940706,-0.000771
3110,60.300000,0.067221,-0.229191,0.585327,1.947894,-0.307656,-0.439639,4.024436,0.065598,0.135620,-6.965353,-0.799964,0.999848,-0.629087,1.908244,0.812668,0.862193
3111,60.320000,-0.282478,-0.194155,1.329134,3.179078,-0.532533,-0.874062,3.729031,0.776462,-0.344056,-7.100515,-0.985921,0.615850,0.870658,0.651664,0.614335,1.705210
3112,60.340000,-1.065326,-0.134848,2.271574,3.946495,-0.638796,-0.899750,2.966603,1.251781,-0.721798,-5.221658,-1.684908,-0.007377,2.151184,-1.406972,0.837938,1.676603
3113,60.360000,-0.189194,-0.322526,3.530491,4.012320,-0.098021,-0.473656,2.325003,0.726704,-1.124216,-4.495238,-1.040592,0.258702,1.575689,-2.706143,1.112642,2.638232
3114,60.380000,0.955022,-0.288644,3.452183,2.900672,0.131266,-0.213354,1.906649,0.476978,-0.788642,-3.561003,-0.219620,0.675187,0.687361,-2.938259,1.311993,4.145965
3115,60.400000,1.419440,-0.048977,2.091287,0.625226,0.317261,0.283630,2.057136,0.665421,0.252578,-1.984108,-0.123579,0.724019,1.003291,-2.200997,1.128667,5.427065
3116,60.420000,2.472838,0.630265,-0.259105,-2.476401,0.572052,1.253026,0.632265,0.410562,2.006587,1.340593,-0.216900,0.059210,1.650321,-0.611434,0.768001,5.356185
3117,60.440000,2.069301,0.675990,-0.743902,-4.268195,0.695291,1.820821,-0.691602,0.605858,3.567630,3.262613,-0.258617,-0.361876,1.258114,0.787721,-0.127271,4.494636
3118,60.460000,1.050439,0.804937,-1.169612,-5.652542,0.982074,2.332036,-1.508197,0.568992,4.683972,5.734325,0.629944,-0.894073,-0.261402,1.015777,-1.296430,3.233040
3119,60.480000,0.570369,0.864344,-1.114280,-6.069844,0.795797,2.143763,-1.474221,0.183295,5.088923,6.788850,0.843468,-1.273895,-1.259564,1.262727,-1.418680,1.671124
3120,60.500000,0.024147,0.600844,-0.905754,-5.177243,0.942376,2.387644,-1.227547,-0.091877,5.058723,6.669820,0.494511,-1.129200,-1.355042,1.810189,-1.036904,0.588812
3121,60.520000,-0.653298,0.738524,-0.246937,-3.653541,0.712851,1.948342,-0.405472,-0.191478,5.064650,4.648384,0.065468,-0.860830,-0.692325,1.927965,-0.568920,-0.244685
3122,60.540000,-1.196281,0.597267,0.250483,-1.929801,0.179623,1.216438,0.381444,-0.210362,4.205767,2.079802,-0.142938,-0.456400,-0.392416,1.354052,-0.760445,-1.169895
3123,60.560000,-0.597564,-0.213864,-0.143215,0.695167,-0.611303,0.107551,2.501768,0.027830,1.548712,-2.579374,-0.529852,0.713323,-0.278711,0.946847,0.456034,-1.263951
3124,60.580000,-0.649395,-0.269364,0.077271,1.581639,-0.531698,-0.442213,3.953140,0.432453,0.710857,-5.794788,-0.705493,1.514287,1.223691,1.505557,1.388345,-0.502625
3125,60.600000,-1.061472,0.215587,1.049114,3.393381,-0.345687,-1.048229,3.619268,0.986875,0.208801,-7.193153,-0.967001,1.466228,3.433225,0.976662,1.868027,-0.266325
3126,60.620000,-1.758197,0.287579,3.674841,6.560132,0.161776,-1.482809,2.276029,0.874370,-1.169621,-7.759567,-0.687550,1.514649,3.998651,-1.299750,2.248156,-0.669114
3127,60.640000,-1.739709,1.130233,4.029483,6.078803,-0.166787,-0.769312,2.266378,1.070020,-0.753235,-5.565128,-0.529028,1.647001,4.281543,-3.178538,2.074794,-0.751625
3128,60.660000,-1.613432,1.043838,4.365888,4.491767,-0.004772,-0.765539,1.954284,1.289124,-0.184601,-3.516597,-0.402967,1.410560,3.794667,-4.197330,2.362637,0.294772
3129,60.680000,0.036257,0.215695,3.340405,0.492758,-0.075914,-0.239211,2.359531,0.876590,0.493765,-1.225890,-0.210749,0.923797,2.247159,-4.810385,2.052351,1.407440
3130,60.700000,3.015831,0.521336,0.263901,-3.049034,-0.363541,0.258666,1.961756,0.076576,0.819425,0.489357,-0.029215,0.209072,0.929297,-3.786746,1.877190,1.843293
3131,60.720000,4.083919,0.090976,-0.351991,-4.095806,-0.291417,0.730276,0.465458,-0.189697,1.290197,0.884451,-0.097877,-0.101045,0.269198,-1.265115,1.742509,2.509732
3132,60.740000,3.245089,0.694481,-0.614111,-6.019634,0.061862,1.429345,-0.706974,0.011264,2.890299,2.915538,0.193024,-0.414055,-0.212374,0.395128,1.248681,2.559913
3133,60.760000,2.207811,0.789451,-1.036757,-7.287906,-0.002624,1.769587,-1.098719,0.295154,3.862717,5.379308,0.732151,-1.129275,-0.919736,0.457977,0.692427,1.794314
3134,60.780000,1.633818,0.335425,-1.236237,-6.227433,0.266016,1.966794,-0.734759,0.217539,3.362014,6.134316,0.734312,-1.215153,-1.577695,0.470093,0.457133,1.291168
3135,60.800000,1.047639,0.218504,-0.734098,-4.674102,0.485419,1.957348,-0.291305,-0.076148,3.390010,5.359184,0.111829,-1.091001,-1.282166,0.853671,1.096196,1.337537
3136,60.820000,0.283306,0.146765,0.770715,-2.716128,0.298316,1.495348,0.930926,-0.207614,2.750641,2.325439,-0.074315,-0.323750,-0.082088,1.036127,1.529435,1.109293
3137,60.840000,-0.643454,0.417172,0.622103,-0.374503,-0.036967,1.175526,2.777183,0.111368,1.077948,-0.850666,-0.405367,0.309244,1.255700,0.876449,1.764288,0.832202
3138,60.860000,-0.853924,1.265416,-0.671741,0.529263,-0.083097,1.880643,3.939647,0.447753,0.900265,-1.223597,-1.214774,1.000825,1.946320,0.695172,1.696001,0.412931
3139,60.880000,-0.663985,0.469346,-0.756662,1.107044,0.181729,0.287508,3.766313,0.567020,0.442671,-2.294245,-1.640173,1.132522,1.558118,0.003435,1.718190,-0.481008
3140,60.900000,-0.323095,-0.067203,-0.247476,2.909984,0.087211,0.488219,2.659114,0.411669,-0.407184,-3.927035,-0.617630,2.098828,0.605229,-1.235227,1.184238,-1.455166
3141,60.920000,-0.213951,-0.003781,0.327857,4.642146,0.019520,0.012835,0.804789,0.357705,-0.737009,-5.135837,0.040730,2.063937,0.680612,-1.508605,1.623550,-0.851876
3142,60.940000,-0.488434,0.423811,0.798484,6.131806,0.239738,-1.331467,-0.629801,0.916725,-0.806255,-5.105021,0.133632,2.247586,2.013521,-1.559903,2.631983,-0.188194
3143,60.960000,-0.835431,0.885527,1.253619,5.460719,0.215014,-1.934683,-0.930854,1.430661,-0.405625,-3.019986,-0.111702,2.368634,3.241398,-2.060905,2.993537,-0.264151
3144,60.980000,-0.344123,1.172113,2.459543,3.872129,-0.173336,-0.979960,-1.177789,0.905014,-0.233887,-0.713287,-0.190714,2.186623,4.376308,-2.304262,2.258156,-0.535203
3145,61.000000,0.943030,1.082687,2.956104,1.554726,0.100890,-0.372317,-1.148580,0.109456,-0.370474,1.084210,-0.075182,2.246373,4.669818,-1.863487,1.167566,-0.707210
3146,61.020000,2.166498,1.220637,3.295694,0.010362,0.247733,-0.482352,-1.403209,-0.418258,-1.045461,2.049539,-0.203513,2.293653,4.127371,-1.707686,1.432457,-1.042390
3147,61.040000,2.974785,1.151694,2.810986,-1.221575,0.251027,-0.280876,-0.938476,-0.260924,-0.956055,2.104816,-0.325936,2.318139,3.158704,-1.824127,2.088759,-1.148227
3148,61.060000,3.626842,0.714092,1.379583,-2.000912,0.367525,0.445494,-0.215952,-0.243332,-0.563764,1.430216,-0.195835,2.139569,2.049679,-1.726686,2.735565,-0.789660
3149,61.080000,3.895912,0.314814,0.038744,-2.296993,0.060489,1.254547,0.661594,-0.348893,-0.303665,0.568139,-0.262339,1.828893,1.036336,-1.425297,3.372983,-0.572410
3150,61.100000,3.506478,0.241441,-0.255381,-2.769500,-0.405197,1.094060,1.610905,-0.082134,0.310795,0.071174,-0.290332,1.303439,0.482749,-1.284536,3.477347,-0.664354
3151,61.120000,3.287029,0.209721,-0.319141,-3.164918,-0.678460,0.684775,2.221660,0.055144,0.462898,-0.264869,-0.229451,0.924076,0.155527,-1.449449,2.999928,-0.975303
3152,61.140000,2.942478,0.285931,-0.160255,-3.154477,-0.643067,0.315825,2.521152,0.252610,0.652627,-0.388872,-0.102841,0.837173,0.087778,-1.723066,2.495518,-0.999190
3153,61.160000,2.462579,0.170526,0.219324,-2.915758,-0.710969,-0.139890,2.696950,0.311049,0.498077,-0.240154,-0.245697,0.588324,0.296421,-2.305443,2.217030,-0.866486
3154,61.180000,2.088965,-0.103819,1.167718,-2.264163,-0.617618,-0.451117,2.297046,0.222453,0.086217,-0.375927,-0.356179,0.665091,0.503478,-2.713466,1.962567,-0.733667
3155,61.200000,1.690280,-0.082000,2.341356,-0.916244,-0.365325,-0.821472,0.939511,0.300863,-0.343685,-0.346964,-0.550112,1.191922,1.022439,-2.682396,1.723302,-1.077350
3156,61.220000,1.835411,0.146940,2.887143,1.823909,-0.274383,-1.281216,-1.758734,0.296880,-1.015082,-0.086937,-0.802597,1.830391,1.567539,-2.199375,1.590835,-1.991579
3157,61.240000,2.131308,0.295946,2.422562,3.913585,-0.405113,-1.488605,-3.830276,0.239511,-1.285240,-0.405357,-0.753838,1.898440,1.660272,-1.802162,1.666970,-2.515538
3158,61.260000,2.162202,0.162009,1.760744,3.839440,-0.318698,-1.188745,-3.514342,0.061389,-0.933819,-1.200424,-0.467427,1.652188,1.657123,-1.568786,1.537102,-2.242651
3159,61.280000,2.853344,-0.216575,1.279679,2.214258,0.079002,-0.332972,-1.776226,-0.215606,-0.734853,-1.986434,-0.068472,2.073053,1.201946,-1.047562,1.237473,-1.860822
3160,61.300000,3.087725,-0.316312,0.699554,0.794148,0.385810,0.395919,0.405237,-0.181973,-0.080296,-2.562309,-0.338440,1.790682,0.710978,-0.603924,1.091787,-1.561807
3161,61.320000,3.487310,-0.315583,0.221202,-1.129302,-0.095821,0.862867,2.488603,0.049027,0.818074,-2.702671,-0.701092,0.788137,0.400515,-0.817593,0.954899,-0.785365
3162,61.340000,3.825408,-0.177289,-0.352265,-3.379250,-0.824087,0.302964,4.358381,0.490138,1.639944,-2.927472,-0.913804,-0.635571,0.586722,-1.430696,1.026532,0.624019
3163,61.360000,3.725842,0.290130,-0.631794,-4.808987,-1.120650,0.036179,5.101231,1.175346,2.405396,-2.302204,-0.582467,-0.651868,1.632089,-1.928934,1.555977,1.862746
3164,61.380000,3.010627,0.413490,-0.874116,-5.373004,-1.194898,-0.116628,5.019472,1.252554,2.310468,-1.341083,-0.038687,-0.360326,2.298522,-2.336185,2.127827,2.066272
3165,61.400000,1.601906,0.438352,-0.711459,-4.960788,-0.913034,-0.434836,4.746357,1.170991,2.318818,-0.455024,0.448855,-0.041235,2.226435,-2.523524,2.363700,1.170563
3166,61.420000,0.659575,0.442410,-0.506078,-4.365044,-0.591178,-0.496990,4.437388,1.110327,2.227718,0.037232,0.697785,0.223995,2.047272,-2.501438,2.559688,0.125504
3167,61.440000,0.421427,0.420368,-0.021577,-3.624882,-0.396740,-0.499392,3.878157,0.919348,1.867678,0.232566,0.682347,0.535799,1.892977,-2.262734,2.662334,-0.652083
3168,61.460000,0.281812,0.499220,1.120360,-2.285861,-0.118463,-0.564688,2.667671,0.881055,1.713677,-0.003024,0.533676,1.323889,1.851900,-1.708089,2.533161,-1.387823
3169,61.480000,0.081530,0.381372,2.065539,0.690062,0.085401,-0.902811,0.705336,0.775894,1.019397,-0.915335,0.370526,1.999666,1.638399,-1.358641,2.144280,-2.233255
3170,61.500000,0.276568,0.498925,1.979974,3.744790,0.005743,-1.203964,-1.295321,0.881121,0.901893,-2.536511,0.333443,1.918573,1.452726,-1.143306,1.385930,-2.260155
3171,61.520000,1.558130,0.076756,0.127659,4.010939,-0.134844,-0.594302,-1.913662,0.572525,0.855157,-3.523279,0.731346,1.146487,0.542051,-0.887131,-0.163088,-1.177184
3172,61.540000,3.127514,-0.057974,-0.110643,2.849493,0.431513,0.803458,-1.645422,0.691522,1.795743,-4.235315,0.928795,0.783756,-0.068298,0.400143,-2.038959,0.671908
3173,61.560000,3.396430,0.200096,0.506955,1.416851,0.425579,1.131712,-1.081322,0.825274,1.934579,-3.065023,0.302826,0.550628,0.295722,1.979305,-2.562601,2.245811
3174,61.580000,2.609541,0.530649,0.772397,0.415183,0.495886,0.736516,-0.305120,1.014590,1.894951,-1.666914,-0.017187,0.823731,1.383820,3.283789,-1.721996,3.823896
3175,61.600000,1.222829,0.923218,0.534052,-0.283522,0.666737,-0.162397,0.534022,1.293005,2.329630,-0.529414,0.478544,1.682087,2.644660,3.798268,-0.583355,4.695381
3176,61.620000,0.359444,1.060953,0.144902,-0.753403,0.657539,-0.330345,1.011580,1.480961,2.689884,0.387087,0.911726,2.368307,2.957150,3.361181,0.740767,4.197252
3177,61.640000,-0.103946,0.968300,-0.181899,-1.366210,0.690690,-0.269585,1.210985,1.896355,3.325694,0.948267,1.271614,2.614299,3.043018,2.894501,2.147510,3.282421
3178,61.660000,-0.350231,0.532453,-0.609150,-1.957035,0.583099,-0.185267,0.992246,2.251710,3.706130,1.396362,1.346569,2.407692,3.126588,2.433038,3.473144,2.328155
3179,61.680000,-0.416997,0.495047,-0.672364,-2.315495,0.653639,-0.152302,0.766379,2.495258,4.312505,1.548675,1.164173,2.172182,3.226120,2.195019,4.049337,1.517234
3180,61.700000,-0.334963,0.041290,-0.742644,-1.859251,0.503899,-0.119854,0.222321,2.171702,3.562124,1.431220,0.877549,1.926691,3.132098,1.778290,4.269282,0.556985
3181,61.720000,-0.636769,0.293638,-0.440974,-0.937858,0.516234,-0.390545,-0.163662,2.498199,3.850145,0.647315,0.745729,1.876238,3.227303,1.806133,4.098998,0.509650
3182,61.740000,-0.701942,0.409513,0.056618,0.814360,0.432918,-0.636846,-0.468120,2.038049,2.885155,-1.072482,0.681274,2.199882,3.291784,1.818928,3.818693,0.400092
3183,61.760000,-0.755011,0.439534,0.438084,2.637308,0.159967,-0.859543,-0.343695,2.118299,2.442384,-3.389939,0.776573,2.382455,3.431343,1.619156,3.482236,0.867661
3184,61.780000,-0.284133,0.598955,0.538977,3.275091,-0.186843,-0.878420,0.242588,1.897384,1.594028,-4.833985,0.953741,2.378783,3.629771,1.303476,3.012130,1.686196
3185,61.800000,0.269523,0.526239,0.364990,2.774746,-0.184484,-0.648971,0.818563,1.817668,1.532654,-4.890584,1.122214,2.359214,3.632288,1.370603,2.553823,2.912776
3186,61.820000,0.687341,0.518247,0.246662,1.411408,0.105620,-0.359156,1.169167,1.945246,2.408102,-4.018767,1.186445,2.325480,3.535770,1.776298,1.583476,3.980582
3187,61.840000,1.011741,0.777361,-0.114082,-0.512601,0.584144,0.209939,0.978505,1.799512,3.555025,-1.834187,0.994191,1.976246,3.491694,2.430479,0.745136,4.490280
3188,61.860000,1.009194,0.864715,-0.348061,-1.888381,0.719200,0.462396,0.793059,1.669645,3.983747,-0.180400,1.030201,1.705778,3.257608,2.924642,1.186072,4.396974
3189,61.880000,0.632354,0.773061,-0.542114,-2.524857,0.652190,0.513807,0.753715,1.530191,3.800655,0.857680,1.012010,1.454788,3.008129,3.000432,2.137155,4.041731
3190,61.900000,0.344048,0.818823,-0.471600,-2.923489,0.561957,0.477151,0.779881,1.336282,3.564086,1.344390,0.980957,1.346881,2.951807,3.087225,2.994553,3.618554
3191,61.920000,0.191262,0.659972,-0.460335,-3.076912,0.493048,0.465472,0.835533,1.075563,3.100001,1.444017,0.904485,1.223962,2.984750,3.113120,3.583294,3.086201
3192,61.940000,0.155156,0.608109,-0.359315,-2.972106,0.465819,0.599633,0.893670,0.802476,2.724320,1.180017,0.881529,1.319243,3.077154,3.093072,3.873121,2.684554
3193,61.960000,0.065830,0.416690,-0.360003,-2.613630,0.262833,0.606375,0.983537,0.718676,2.283586,0.832831,0.578664,0.976035,3.088559,2.898422,3.961085,2.462644
3194,61.980000,0.061994,0.368245,-0.292159,-1.869735,0.197771,0.804230,1.142088,0.494762,1.757314,0.009079,0.473934,1.066336,3.066371,2.856612,3.815017,2.438179
3195,62.000000,0.045147,0.230735,-0.123386,-0.616186,0.140672,0.955508,1.397233,0.346870,1.183289,-1.341017,0.519746,1.429109,3.040065,2.970818,3.655153,2.587759
3196,62.020000,-0.092772,0.074104,0.073830,0.931668,-0.096449,0.596472,1.719404,0.361873,0.566383,-3.073026,0.496763,1.684011,3.032982,2.992588,3.773839,2.906962
3197,62.040000,0.007410,0.000273,0.180193,1.758111,-0.280676,0.185807,2.155370,0.410399,0.238021,-4.347407,0.509724,1.801887,3.117691,2.814454,3.755843,3.338078
3198,62.060000,0.513417,-0.173719,0.523783,2.132962,-0.177232,-0.180208,2.020700,0.398830,-0.112297,-5.019932,0.812120,1.982439,3.025501,2.527298,3.681840,3.751188
3199,62.080000,0.797807,-0.110714,0.826125,2.023663,-0.230174,-0.235281,1.932273,0.643793,-0.022659,-4.836548,0.829594,2.042850,3.103396,2.365930,3.541300,4.243215
3200,62.100000,0.956874,-0.026646,0.855465,1.487866,-0.091659,-0.206137,1.587655,0.722034,0.346971,-3.978074,0.745981,1.936301,3.221778,2.251184,3.071493,4.492614
3201,62.120000,1.091514,0.188454,0.426942,0.519860,0.097960,0.018766,1.146601,0.779944,1.225278,-2.556500,0.558338,1.697852,3.292912,2.285030,2.214903,4.321238
3202,62.140000,1.023237,0.388864,0.015767,-0.750876,0.225864,0.254322,1.000465,0.795415,2.088679,-1.004977,0.382439,1.156026,3.136743,2.405131,1.726792,3.881115
3203,62.160000,0.998051,0.522876,-0.185059,-1.853492,0.243504,0.527895,1.137935,0.807407,2.438301,0.032282,0.476939,0.700015,2.710274,2.425345,2.045553,3.416307
3204,62.180000,0.898920,0.628655,-0.300019,-2.436161,0.095347,0.588159,1.229200,0.739809,2.346638,0.781910,0.350267,0.286159,2.429898,2.543665,2.716568,3.075565
3205,62.200000,0.952136,0.485548,-0.252846,-2.474868,-0.009993,0.629936,1.102112,0.420947,1.770701,1.145881,0.209538,0.106136,2.243397,2.662459,3.136159,2.727421
3206,62.220000,0.702947,0.501561,0.206458,-2.418021,-0.042025,0.639001,0.992672,0.380003,1.553814,1.126381,0.269187,0.204092,2.319920,2.862677,3.266009,2.584039
3207,62.240000,0.424193,0.297845,0.549415,-2.093562,-0.111150,0.640724,0.839735,0.220661,1.103350,0.892503,0.166879,0.204448,2.519950,2.845221,3.355019,2.476627
3208,62.260000,0.168319,0.207913,0.873103,-1.607260,-0.183677,0.741898,0.790665,0.124695,0.936361,0.435156,0.019609,0.215822,2.687350,2.704463,3.336577,2.484760
3209,62.280000,0.057110,0.181963,0.784739,-1.147781,-0.339011,0.656796,0.823144,0.039129,0.674780,-0.090720,-0.084604,0.159569,2.758907,2.514605,3.191399,2.524011
3210,62.300000,0.173021,0.113302,0.553128,-0.451153,-0.334184,0.711178,0.755723,-0.070213,0.489199,-0.654099,-0.029616,0.244418,2.670462,2.403568,2.926561,2.612679
3211,62.320000,0.164006,0.113748,0.630415,0.132198,-0.309356,0.689483,0.732970,-0.013122,0.465174,-1.193956,0.042133,0.331205,2.485158,2.431253,2.718717,2.730258
3212,62.340000,0.011108,0.098584,0.776813,0.308338,-0.360630,0.586697,0.899888,0.114673,0.484969,-1.533089,0.052900,0.408685,2.480137,2.507811,2.640769,2.952644
3213,62.360000,0.105120,0.036573,0.582448,0.371578,-0.273558,0.450095,1.015069,0.196766,0.515131,-1.712945,0.139950,0.573743,2.654023,2.590553,2.517766,3.184012
3214,62.380000,0.337853,-0.082129,0.524533,0.338460,-0.200874,0.569446,1.030541,0.213133,0.397653,-1.739813,0.057952,0.538380,2.235071,2.080512,1.874673,2.719565
3215,62.400000,0.725745,-0.557118,0.214192,-0.073987,-0.797656,1.195975,1.036838,0.010465,-0.196012,-1.157165,-0.724448,-0.336600,-0.334544,-0.793384,-0.449205,-0.080192
3216,62.420000,1.417917,-0.912055,0.319337,-0.355160,-1.031372,1.267762,0.652794,0.027734,-0.311854,-0.872742,-0.619073,-0.604173,-1.633806,-1.501371,-0.972711,-0.362568
3217,62.440000,1.531980,-1.716368,0.136368,-0.607340,-1.716913,0.617971,0.030059,-0.040020,-0.682961,-0.214117,-0.461584,-0.835897,-1.767270,-1.139188,-0.840279,0.169490
3218,62.460000,1.770311,-2.279005,0.339653,-0.675747,-1.714554,0.198378,-0.628205,0.176640,-0.872284,0.108244,-0.524837,-0.868037,-1.147857,-0.377301,-0.403288,0.964402
3219,62.480000,1.665859,-2.164188,0.320030,-1.145055,-1.598724,-0.327613,-0.854404,0.262450,-0.666175,0.415963,-0.329830,-0.672470,0.111062,0.452354,0.269799,1.699598
3220,62.500000,1.656523,-1.858322,0.351728,-1.653040,-1.301217,-0.515042,-0.783215,0.323893,-0.374078,0.568914,-0.339699,-0.509277,1.327451,0.862646,0.755620,2.106798
3221,62.520000,1.757463,-1.489061,0.299247,-2.082900,-1.154005,-0.468029,-0.457398,0.242080,-0.150734,0.606230,-0.243446,-0.337507,1.930590,0.714089,0.848730,1.906911
3222,62.540000,2.106137,-1.288980,0.226785,-2.263021,-0.997341,-0.158700,-0.214676,0.096121,-0.072611,0.461913,-0.196488,-0.247555,1.571032,0.129065,0.504620,1.158475
3223,62.560000,2.229017,-1.227466,0.367914,-2.462681,-1.229786,0.207644,-0.045472,-0.108419,-0.169806,0.455505,-0.266356,-0.414664,0.572403,-0.464637,-0.029413,0.364683
3224,62.580000,2.211571,-1.481122,0.431240,-2.516280,-1.505180,0.373046,-0.129272,-0.158751,-0.448735,0.598102,-0.352280,-0.622225,-0.442176,-0.864038,-0.530604,-0.153687
3225,62.600000,2.115076,-1.757420,0.377342,-2.315029,-1.746508,0.188668,-0.355541,-0.183511,-0.712888,0.733557,-0.380815,-0.749932,-1.102395,-0.948234,-0.953181,-0.329404
3226,62.620000,1.975954,-2.060522,0.349410,-2.003255,-1.847058,-0.110419,-0.586584,-0.079803,-0.910450,0.798485,-0.500399,-0.900872,-1.553075,-1.195505,-1.267040,-0.624410
3227,62.640000,1.839282,-2.151867,0.346239,-1.897811,-1.854287,-0.417264,-0.653514,0.051652,-0.931791,0.816892,-0.595145,-0.950871,-1.624102,-1.438931,-1.319144,-0.826258
3228,62.660000,1.779596,-2.081450,0.264359,-2.034673,-1.829498,-0.767739,-0.552760,0.172710,-0.752869,0.774787,-0.574493,-0.857957,-1.288896,-1.556165,-1.284629,-0.840461
3229,62.680000,2.021189,-1.953640,0.218239,-2.146472,-1.675425,-0.806107,-0.489058,0.259074,-0.580595,0.665123,-0.537275,-0.721611,-1.029587,-1.612178,-1.262032,-0.791777
3230,62.700000,2.422259,-1.831848,0.159997,-2.183815,-1.556824,-0.667150,-0.422668,0.299261,-0.467087,0.439918,-0.524253,-0.615584,-1.109494,-1.821890,-1.398010,-0.976257
3231,62.720000,2.769946,-1.769850,0.043236,-2.183009,-1.524886,-0.546236,-0.367336,0.268167,-0.400354,0.210532,-0.496193,-0.556904,-1.346181,-1.952777,-1.604105,-1.145082
3232,62.740000,2.838280,-1.668607,0.119345,-2.281756,-1.631721,-0.315416,-0.339504,0.112678,-0.480917,0.186470,-0.480216,-0.639058,-1.730995,-1.968197,-1.759822,-1.273459
3233,62.760000,2.833747,-1.770970,0.049860,-2.282967,-1.626699,-0.195885,-0.369446,0.079970,-0.538857,0.205949,-0.417182,-0.673908,-2.059739,-1.934491,-1.935176,-1.299295
3234,62.780000,2.615847,-1.732115,0.072247,-2.322932,-1.652917,-0.164835,-0.321083,0.057946,-0.535826,0.297139,-0.431622,-0.737001,-2.166574,-1.880529,-2.022317,-1.282626
3235,62.800000,2.328488,-1.717500,0.087583,-2.380702,-1.641537,-0.209783,-0.269190,0.067517,-0.516286,0.391420,-0.442819,-0.761717,-2.142523,-1.866696,-2.049636,-1.316387
3236,62.820000,2.152938,-1.617402,0.201146,-2.416118,-1.540637,-0.130804,-0.230174,0.044086,-0.482695,0.442696,-0.446980,-0.722396,-2.146127,-1.968727,-2.077914,-1.412384
3237,62.840000,1.896647,-1.265378,0.414500,-2.416079,-1.448281,-0.097361,-0.132434,0.024245,-0.373853,0.482629,-0.474931,-0.702144,-2.194101,-2.259595,-2.231031,-1.703681
3238,62.860000,1.794718,-1.367531,0.366047,-2.282420,-1.441081,-0.064636,-0.097443,-0.006262,-0.434158,0.347890,-0.439122,-0.638622,-2.364005,-2.514031,-2.332797,-1.992415
3239,62.880000,1.699077,-1.277484,0.435247,-2.155803,-1.389115,0.007841,-0.051021,-0.005610,-0.393573,0.155910,-0.444129,-0.609282,-2.609399,-2.641890,-2.431474,-2.204558
3240,62.900000,1.509524,-1.211173,0.553071,-2.110773,-1.345937,0.030735,0.039639,-0.026601,-0.360218,0.036648,-0.445276,-0.611990,-2.881746,-2.808700,-2.534232,-2.452729
3241,62.920000,1.390205,-1.022589,0.581301,-2.020495,-1.203026,0.068694,0.049856,0.001799,-0.207119,0.028365,-0.437462,-0.592709,-3.126888,-2.904763,-2.643953,-2.431752
3242,62.940000,1.201510,-1.088947,0.575482,-1.989666,-1.160056,0.188005,0.099325,0.012174,-0.150258,-0.124331,-0.421419,-0.580264,-3.336169,-2.990498,-2.681747,-2.449750
3243,62.960000,1.018849,-1.042465,0.573534,-2.141346,-1.163979,0.190256,0.202557,0.055965,0.001922,-0.145968,-0.400530,-0.579946,-3.326205,-3.053939,-2.709635,-2.358484
3244,62.980000,0.968152,-0.946660,0.483922,-2.325725,-1.077168,0.173879,0.255381,0.030862,0.145865,-0.046367,-0.355086,-0.534997,-3.222459,-3.075583,-2.666348,-2.288910
3245,63.000000,1.005079,-0.773678,0.216152,-2.542324,-0.936521,0.178922,0.237804,0.060100,0.306862,0.118748,-0.312094,-0.487573,-3.005995,-3.007005,-2.492915,-2.179188
3246,63.020000,0.912034,-0.495155,0.403617,-3.121513,-0.968405,0.302996,0.360982,0.128031,0.670294,0.423318,-0.314922,-0.532878,-2.713073,-2.931422,-2.299285,-2.058336
3247,63.040000,0.907188,-0.200860,0.290095,-3.860262,-0.896401,0.270387,0.346416,0.158069,1.136659,1.013146,-0.223949,-0.565117,-2.247652,-2.852447,-2.012219,-1.894284
3248,63.060000,1.083071,-0.035761,0.024391,-4.474252,-0.654152,0.372514,0.126341,0.189987,1.582275,1.486105,-0.111997,-0.464558,-1.672204,-2.660918,-1.698075,-1.805793
3249,63.080000,1.208395,0.268163,-0.136729,-4.930224,-0.539917,0.410347,-0.199341,0.169848,2.216753,1.911528,-0.152081,-0.651509,-1.284162,-2.283644,-1.477906,-1.669326
3250,63.100000,1.121781,0.570444,0.037226,-5.511326,-0.413919,0.513969,-0.501499,0.323416,3.318037,2.471063,-0.164147,-0.843030,-1.021886,-1.932562,-1.413645,-1.431392
3251,63.120000,1.168267,0.705276,-0.219548,-5.686548,-0.228379,0.659788,-0.869650,0.357887,4.048596,2.918220,-0.186270,-0.959770,-0.787426,-1.545822,-1.532117,-1.273450
3252,63.140000,0.951153,0.810569,0.088014,-5.286219,0.052096,0.808620,-1.130144,0.403022,4.514078,2.824379,-0.364606,-0.999260,-0.703363,-1.140317,-1.808247,-1.072319
3253,63.160000,0.712693,0.707412,0.616968,-4.547346,0.172421,0.792289,-1.207019,0.144422,4.352708,2.191841,-0.422988,-0.869661,-1.001150,-1.018057,-2.236432,-1.153121
3254,63.180000,0.192401,0.862148,1.423095,-3.535702,0.211996,0.715652,-1.125236,0.008074,4.208428,0.875291,-0.499699,-0.693514,-1.298432,-0.711143,-2.684500,-1.207110
3255,63.200000,0.240480,0.539664,0.938059,-1.362914,-0.062357,0.418277,-0.344212,-0.324791,2.844494,-1.932928,-0.360509,-0.013342,-1.692846,-0.320989,-2.264158,-1.377564
3256,63.220000,-0.328410,-0.001969,0.689546,2.023226,-0.296090,-0.323546,1.357089,-0.172139,0.433855,-6.480883,-0.092636,0.935614,-1.669511,0.939074,-0.473288,-0.574517
3257,63.240000,-0.620779,-0.779931,0.740022,3.147273,-0.670787,-0.949842,2.799835,-0.076678,-0.183091,-8.877315,0.709487,1.954017,-0.810544,1.560245,-0.338547,0.391165
3258,63.260000,-0.481563,-0.821858,1.471546,4.326411,-0.184729,-1.305003,3.560588,0.438663,-0.914859,-9.882277,1.169706,2.323444,-0.254622,1.110935,0.280354,1.017061
3259,63.280000,-0.560933,-0.443397,2.155214,4.286076,-0.094199,-0.992874,4.439146,1.088583,-1.136218,-9.034765,1.100719,2.147308,-0.165309,-0.582809,0.909853,1.245399
3260,63.300000,-0.373838,-0.399320,2.230474,2.968371,0.020455,-0.541022,4.602811,1.609551,-0.655695,-6.594607,0.944658,1.795104,-0.160135,-2.160630,0.693737,1.803716
3261,63.320000,0.605781,0.259361,1.162689,0.568113,0.190570,-0.180167,3.250747,1.908916,1.585686,-3.099889,0.653558,1.262698,0.304073,-2.870222,-0.581584,2.230043
3262,63.340000,1.414962,1.288275,-0.468964,-3.657538,0.390804,0.335870,1.605062,2.041741,4.988861,1.177323,0.424009,0.747426,1.236316,-2.887041,-1.651422,1.268851
3263,63.360000,0.907955,0.894717,-1.011593,-4.686881,0.227502,0.301374,0.600899,2.004607,5.120058,2.990576,1.000262,0.324987,0.784446,-2.994421,-1.628819,0.175203
3264,63.380000,0.203312,1.010473,-1.279847,-5.122203,-0.055930,0.437324,0.058563,1.845602,5.362932,4.738544,1.678887,-0.167805,-0.996179,-3.211843,-2.252058,-0.901704
3265,63.400000,0.179134,0.968993,-1.143102,-6.040147,-0.284357,0.635619,-0.616942,1.295272,5.802645,5.970595,1.811645,-0.954708,-2.161958,-2.879494,-2.119719,-1.831413
3266,63.420000,0.756300,0.576914,-0.851432,-5.526999,-0.345921,0.647119,-0.348610,0.924937,5.292005,5.216004,1.007559,-1.420189,-2.378412,-2.343300,-1.558934,-2.147427
3267,63.440000,0.329597,0.257345,1.040389,-3.214559,-0.056755,0.502747,-0.285003,0.504553,3.944954,3.334556,0.414865,-0.934702,-1.941678,-1.314419,-1.364797,-2.018730
3268,63.460000,0.441833,1.429239,1.640364,-0.735985,-0.024703,0.902191,0.934357,0.344159,1.922695,0.317389,0.441070,-0.174868,0.091891,0.317446,-0.864940,-1.321502
3269,63.480000,-0.262000,1.668085,0.683267,0.125998,0.100295,1.113355,2.045217,0.608717,1.554083,-1.205370,0.085136,0.256255,1.549901,1.250692,-0.480242,0.014524
3270,63.500000,-0.536901,1.275976,-0.327766,0.744004,0.612443,0.929573,2.521137,1.137667,1.242740,-1.397365,0.025033,1.507316,2.418267,1.954701,0.935421,1.215551
3271,63.520000,-0.520969,0.392199,-0.670205,1.170483,0.993940,0.203672,2.247991,1.397392,0.952407,-1.396558,0.768200,3.476428,2.486605,1.772793,2.038496,1.094518
3272,63.540000,-0.453957,-0.167005,-0.696500,1.924603,0.817492,-0.212185,2.002240,1.570257,1.011873,-2.265385,1.394386,4.409086,2.082201,0.890267,2.389966,0.399702
3273,63.560000,-0.340332,-0.152972,-0.620461,2.443890,0.626582,-0.281150,2.062661,1.681969,1.055091,-3.152416,1.482666,4.423885,1.967216,-0.234349,2.836303,-0.400912
3274,63.580000,-0.182188,0.179237,-0.347544,2.590643,0.350041,-0.066478,2.251093,1.529134,0.971162,-3.670240,1.466676,4.022409,1.971467,-1.074943,3.004973,-0.768953
3275,63.600000,-0.146169,0.250338,-0.184658,2.428751,0.155993,0.210712,2.160764,1.244483,0.898021,-3.409558,1.296525,3.174088,1.869349,-1.558209,2.669932,-0.487884
3276,63.620000,-0.180302,0.504966,-0.256955,1.514495,0.128269,0.353288,2.153784,1.521277,1.946808,-2.600056,1.320858,2.755651,1.677121,-1.358336,1.376050,0.121817
3277,63.640000,-0.443537,0.725196,-0.345735,0.541594,0.503048,0.526381,1.628323,1.521802,3.110984,-1.081529,1.200649,2.262532,1.375954,-0.701990,-0.182660,0.454372
3278,63.660000,-0.589037,0.760282,-0.234612,-0.383268,0.595622,0.371470,0.965554,1.531836,3.712380,0.127340,1.171963,1.750578,0.930237,-0.178518,-0.996627,0.427194
3279,63.680000,-0.562759,0.847097,-0.105350,-0.986477,0.579013,0.349354,0.484385,1.428753,3.679758,0.804320,1.155684,1.589892,0.821139,0.152846,-0.694883,0.399841
3280,63.700000,-0.579726,0.759548,0.020260,-1.194636,0.528950,0.315118,0.080947,1.286313,3.296045,1.055950,1.040347,1.476086,0.901038,0.384408,-0.097611,0.283133
3281,63.720000,-0.609380,0.713122,0.142687,-1.151756,0.550259,0.300857,-0.146441,1.044226,2.810841,0.958941,0.913727,1.430140,1.003631,0.536046,0.265979,0.021859
3282,63.740000,-0.631067,0.644222,0.242408,-0.934116,0.506519,0.372851,-0.172239,0.806249,2.309042,0.599171,0.783421,1.358141,1.107802,0.619546,0.509428,-0.164486
3283,63.760000,-0.638165,0.583112,0.306649,-0.582761,0.417290,0.569213,-0.005809,0.598679,1.809438,0.161178,0.610347,1.256724,1.138166,0.657614,0.631826,-0.200379
3284,63.780000,-0.629373,0.484298,0.311378,-0.135816,0.329425,0.814284,0.279179,0.432772,1.349544,-0.326630,0.462908,1.200851,1.054006,0.683865,0.627561,-0.100296
3285,63.800000,-0.606931,0.351783,0.256436,0.291796,0.259991,1.002511,0.612304,0.342976,0.985360,-0.845799,0.343398,1.195824,0.873826,0.660990,0.473095,0.083589
3286,63.820000,-0.585633,0.241398,0.171797,0.560189,0.177144,1.114279,0.935820,0.322245,0.715313,-1.255424,0.227524,1.103246,0.606986,0.546030,0.283080,0.314623
3287,63.840000,-0.552844,0.136682,0.164280,0.713945,0.140913,1.194660,1.127762,0.331482,0.546004,-1.569866,0.165858,1.082377,0.339783,0.451847,0.084681,0.528318
3288,63.860000,-0.499659,0.047001,0.171653,0.735167,0.128101,1.202331,1.218238,0.348110,0.469285,-1.692287,0.133471,1.017842,0.115103,0.376464,-0.145836,0.710921
3289,63.880000,-0.455498,0.016013,0.231903,0.597659,0.115942,1.113324,1.236828,0.364745,0.503262,-1.588773,0.130627,0.924823,-0.016928,0.293714,-0.360099,0.811639
3290,63.900000,-0.425104,-0.003075,0.304975,0.347265,0.111602,1.023362,1.201996,0.376204,0.632719,-1.284304,0.121432,0.792019,-0.018712,0.214620,-0.523325,0.831849
3291,63.920000,-0.428645,0.036365,0.371983,0.041260,0.115328,0.949474,1.113885,0.363156,0.779725,-0.861884,0.100011,0.634017,0.073062,0.167012,-0.594423,0.788029
3292,63.940000,-0.430804,0.078575,0.422365,-0.217013,0.102725,0.894148,1.001312,0.327952,0.843534,-0.481851,0.085918,0.460748,0.189444,0.130320,-0.529034,0.728143
3293,63.960000,-0.422829,0.101953,0.462908,-0.365557,0.050329,0.807269,0.946005,0.275727,0.825152,-0.263672,0.088057,0.364593,0.294423,0.114044,-0.389671,0.655387
3294,63.980000,-0.413466,0.119538,0.527374,-0.389893,0.004132,0.733865,0.923466,0.214696,0.755925,-0.195028,0.088614,0.317645,0.352564,0.130321,-0.262632,0.576737
3295,64.000000,-0.400338,0.138251,0.610573,-0.340865,-0.045319,0.695290,0.932050,0.171313,0.688325,-0.241160,0.115212,0.309066,0.365402,0.153944,-0.162267,0.494258
3296,64.020000,-0.405014,0.132229,0.655039,-0.279202,-0.110150,0.682842,0.983200,0.134448,0.618947,-0.325081,0.099761,0.266705,0.353376,0.177132,-0.115196,0.440092
3297,64.040000,-0.354385,0.121135,0.712538,-0.183445,-0.092192,0.746881,1.031292,0.104368,0.570060,-0.431539,0.126109,0.288394,0.311293,0.230389,-0.079708,0.434021
3298,64.060000,-0.347817,0.123886,0.707354,-0.113026,-0.090506,0.764415,1.095404,0.094045,0.549352,-0.510228,0.143767,0.300122,0.306837,0.303586,-0.047458,0.473044
