inference_index,sim_time,policy_id,cmd_x,cmd_y,cmd_yaw
644,10.980000,3,-0.000000,-0.000000,-0.000000
645,11.000000,3,-0.000000,-0.000000,-0.000000
646,11.020000,3,-0.000000,-0.000000,-0.000000
647,11.040000,3,-0.000000,-0.000000,-0.000000
648,11.060000,3,-0.000000,-0.000000,-0.000000
649,11.080000,3,-0.000000,-0.000000,-0.000000
650,11.100000,3,-0.000000,-0.000000,-0.000000
651,11.120000,3,-0.000000,-0.000000,-0.000000
652,11.140000,3,-0.000000,-0.000000,-0.000000
653,11.160000,3,-0.000000,-0.000000,-0.000000
654,11.180000,3,-0.000000,-0.000000,-0.000000
655,11.200000,3,-0.000000,-0.000000,-0.000000
656,11.220000,3,-0.000000,-0.000000,-0.000000
657,11.240000,3,-0.000000,-0.000000,-0.000000
658,11.260000,3,-0.000000,-0.000000,-0.000000
659,11.280000,3,-0.000000,-0.000000,-0.000000
660,11.300000,3,-0.000000,-0.000000,-0.000000
661,11.320000,3,-0.000000,-0.000000,-0.000000
662,11.340000,3,-0.000000,-0.000000,-0.000000
663,11.360000,3,-0.000000,-0.000000,-0.000000
664,11.380000,3,-0.000000,-0.000000,-0.000000
665,11.400000,3,-0.000000,-0.000000,-0.000000
666,11.420000,3,-0.000000,-0.000000,-0.000000
667,11.440000,3,-0.000000,-0.000000,-0.000000
668,11.460000,3,-0.000000,-0.000000,-0.000000
669,11.480000,3,-0.000000,-0.000000,-0.000000
670,11.500000,3,-0.000000,-0.000000,-0.000000
671,11.520000,3,-0.000000,-0.000000,-0.000000
672,11.540000,3,-0.000000,-0.000000,-0.000000
673,11.560000,3,-0.000000,-0.000000,-0.000000
674,11.580000,3,-0.000000,-0.000000,-0.000000
675,11.600000,3,-0.000000,-0.000000,-0.000000
676,11.620000,3,-0.000000,-0.000000,-0.000000
677,11.640000,3,-0.000000,-0.000000,-0.000000
678,11.660000,3,0.008332,-0.000000,-0.000000
679,11.680000,3,0.039766,-0.000000,-0.000000
680,11.700000,3,0.071261,-0.005127,-0.000000
681,11.720000,3,0.145177,-0.013459,-0.000000
682,11.740000,3,0.211402,-0.024232,-0.000000
683,11.760000,3,0.275033,-0.035920,-0.000000
684,11.780000,3,0.315806,-0.042451,-0.000000
685,11.800000,3,0.347575,-0.045534,-0.000000
686,11.820000,3,0.387219,-0.048067,-0.000000
687,11.840000,3,0.423597,-0.050508,-0.000000
688,11.860000,3,0.444563,-0.051790,-0.000000
689,11.880000,3,0.467330,-0.052919,-0.000000
690,11.900000,3,0.480941,-0.053529,-0.000000
691,11.920000,3,0.502335,-0.055208,-0.000000
692,11.940000,3,0.516465,-0.057741,-0.000000
693,11.960000,3,0.530717,-0.062044,-0.000000
694,11.980000,3,0.552141,-0.063845,-0.000000
695,12.000000,3,0.579455,-0.065615,-0.000000
696,12.020000,3,0.599719,-0.066378,-0.000000
697,12.040000,3,0.618030,-0.066927,-0.000000
698,12.060000,3,0.631336,-0.067537,-0.000000
699,12.080000,3,0.643605,-0.068148,-0.000000
700,12.100000,3,0.655599,-0.069063,-0.000000
701,12.120000,3,0.668386,-0.069460,-0.000000
702,12.140000,3,0.681845,-0.069704,-0.000000
703,12.160000,3,0.698141,-0.070009,-0.000000
704,12.180000,3,0.706473,-0.070193,-0.000000
705,12.200000,3,0.715567,-0.070345,-0.000000
706,12.220000,3,0.728080,-0.070864,-0.000000
707,12.240000,3,0.742882,-0.070925,-0.000000
708,12.260000,3,0.763024,-0.071535,-0.000000
709,12.280000,3,0.779626,-0.071535,-0.000000
710,12.300000,3,0.785607,-0.071596,-0.000000
711,12.320000,3,0.787896,-0.072085,-0.000000
712,12.340000,3,0.788629,-0.072329,-0.000000
713,12.360000,3,0.790551,-0.072054,-0.000000
714,12.380000,3,0.796045,-0.072054,-0.000000
715,12.400000,3,0.804254,-0.072970,-0.000000
716,12.420000,3,0.812555,-0.075503,-0.000000
717,12.440000,3,0.825709,-0.079226,-0.000000
718,12.460000,3,0.841304,-0.081118,-0.000000
719,12.480000,3,0.864315,-0.082492,-0.000000
720,12.500000,3,0.891507,-0.083712,-0.000000
721,12.520000,3,0.912564,-0.085879,-0.000000
722,12.540000,3,0.925779,-0.091891,-0.000000
723,12.560000,3,0.938322,-0.101657,-0.000000
724,12.580000,3,0.951781,-0.110385,-0.000000
725,12.600000,3,0.963103,-0.113529,-0.000000
726,12.620000,3,0.976501,-0.115574,-0.000000
727,12.640000,3,0.999390,-0.116977,-0.000000
728,12.660000,3,1.000000,-0.117618,-0.000000
729,12.680000,3,1.000000,-0.118839,-0.000000
730,12.700000,3,1.000000,-0.119449,-0.000000
731,12.720000,3,1.000000,-0.119602,-0.000000
732,12.740000,3,1.000000,-0.123417,-0.000000
733,12.760000,3,1.000000,-0.131993,-0.000000
734,12.780000,3,1.000000,-0.147771,-0.000000
735,12.800000,3,1.000000,-0.163213,-0.000000
736,12.820000,3,1.000000,-0.168279,-0.000000
737,12.840000,3,1.000000,-0.169469,-0.000000
738,12.860000,3,1.000000,-0.169530,-0.000000
739,12.880000,3,1.000000,-0.169652,-0.000000
740,12.900000,3,1.000000,-0.169652,-0.000000
741,12.920000,3,1.000000,-0.169652,-0.000000
742,12.940000,3,1.000000,-0.169652,-0.000000
743,12.960000,3,1.000000,-0.169958,-0.000000
744,12.980000,3,1.000000,-0.170629,-0.000000
745,13.000000,3,1.000000,-0.170629,-0.000000
746,13.020000,3,1.000000,-0.170324,-0.000000
747,13.040000,3,1.000000,-0.169988,-0.000000
748,13.060000,3,1.000000,-0.170110,-0.000000
749,13.080000,3,1.000000,-0.170110,-0.000000
750,13.100000,3,1.000000,-0.169958,-0.000000
751,13.120000,3,1.000000,-0.169958,-0.000000
752,13.140000,3,1.000000,-0.169958,-0.000000
753,13.160000,3,1.000000,-0.169958,-0.000000
754,13.180000,3,1.000000,-0.169958,-0.000000
755,13.200000,3,1.000000,-0.169958,-0.000000
756,13.220000,3,1.000000,-0.169958,-0.000000
757,13.240000,3,1.000000,-0.169958,-0.012177
758,13.260000,3,1.000000,-0.169958,-0.042665
759,13.280000,3,1.000000,-0.169958,-0.094943
760,13.300000,3,1.000000,-0.169958,-0.157888
761,13.320000,3,1.000000,-0.169958,-0.241981
762,13.340000,3,1.000000,-0.169958,-0.334407
763,13.360000,3,1.000000,-0.169958,-0.430082
764,13.380000,3,1.000000,-0.169958,-0.547227
765,13.400000,3,1.000000,-0.169958,-0.682592
766,13.420000,3,1.000000,-0.169958,-0.837687
767,13.440000,3,1.000000,-0.169958,-1.009217
768,13.460000,3,1.000000,-0.169958,-1.132084
769,13.480000,3,1.000000,-0.169958,-1.211966
770,13.500000,3,1.000000,-0.169958,-1.294229
771,13.520000,3,1.000000,-0.169958,-1.369717
772,13.540000,3,1.000000,-0.169958,-1.425932
773,13.560000,3,1.000000,-0.169958,-1.474364
774,13.580000,3,1.000000,-0.167333,-1.500000
775,13.600000,3,1.000000,-0.165685,-1.500000
776,13.620000,3,1.000000,-0.165349,-1.500000
777,13.640000,3,1.000000,-0.165349,-1.500000
778,13.660000,3,1.000000,-0.165349,-1.500000
779,13.680000,3,1.000000,-0.164953,-1.500000
780,13.700000,3,1.000000,-0.164617,-1.500000
781,13.720000,3,1.000000,-0.164617,-1.500000
782,13.740000,3,1.000000,-0.164892,-1.500000
783,13.760000,3,1.000000,-0.164892,-1.500000
784,13.780000,3,1.000000,-0.164892,-1.500000
785,13.800000,3,1.000000,-0.165319,-1.500000
786,13.820000,3,1.000000,-0.165319,-1.500000
787,13.840000,3,1.000000,-0.165319,-1.500000
788,13.860000,3,1.000000,-0.165319,-1.500000
789,13.880000,3,1.000000,-0.165319,-1.500000
790,13.900000,3,1.000000,-0.165319,-1.500000
791,13.920000,3,1.000000,-0.165319,-1.500000
792,13.940000,3,1.000000,-0.165319,-1.500000
793,13.960000,3,1.000000,-0.165319,-1.500000
794,13.980000,3,1.000000,-0.165319,-1.500000
795,14.000000,3,1.000000,-0.165319,-1.500000
796,14.020000,3,1.000000,-0.165319,-1.500000
797,14.040000,3,1.000000,-0.165319,-1.500000
798,14.060000,3,1.000000,-0.165319,-1.500000
799,14.080000,3,1.000000,-0.165319,-1.500000
800,14.100000,3,1.000000,-0.165319,-1.500000
801,14.120000,3,1.000000,-0.165319,-1.500000
802,14.140000,3,1.000000,-0.165319,-1.500000
803,14.160000,3,1.000000,-0.165319,-1.500000
804,14.180000,3,1.000000,-0.165319,-1.500000
805,14.200000,3,1.000000,-0.165319,-1.500000
806,14.220000,3,1.000000,-0.165319,-1.500000
807,14.240000,3,1.000000,-0.165319,-1.500000
808,14.260000,3,1.000000,-0.165319,-1.500000
809,14.280000,3,1.000000,-0.165319,-1.500000
810,14.300000,3,1.000000,-0.165319,-1.500000
811,14.320000,3,1.000000,-0.165319,-1.500000
812,14.340000,3,1.000000,-0.165319,-1.500000
813,14.360000,3,1.000000,-0.165319,-1.500000
814,14.380000,3,1.000000,-0.165319,-1.500000
815,14.400000,3,1.000000,-0.165319,-1.500000
816,14.420000,3,1.000000,-0.165319,-1.500000
817,14.440000,3,1.000000,-0.165319,-1.500000
818,14.460000,3,1.000000,-0.165319,-1.500000
819,14.480000,3,1.000000,-0.165319,-1.500000
820,14.500000,3,1.000000,-0.165319,-1.500000
821,14.520000,3,1.000000,-0.165319,-1.500000
822,14.540000,3,1.000000,-0.165319,-1.500000
823,14.560000,3,1.000000,-0.165319,-1.500000
824,14.580000,3,1.000000,-0.165319,-1.500000
825,14.600000,3,1.000000,-0.165319,-1.500000
826,14.620000,3,1.000000,-0.165319,-1.500000
827,14.640000,3,1.000000,-0.165319,-1.500000
828,14.660000,3,1.000000,-0.165319,-1.500000
829,14.680000,3,1.000000,-0.165319,-1.500000
830,14.700000,3,1.000000,-0.165319,-1.500000
831,14.720000,3,1.000000,-0.165319,-1.500000
832,14.740000,3,1.000000,-0.165319,-1.500000
833,14.760000,3,1.000000,-0.165319,-1.500000
834,14.780000,3,1.000000,-0.165319,-1.500000
835,14.800000,3,1.000000,-0.165319,-1.500000
836,14.820000,3,1.000000,-0.165319,-1.500000
837,14.840000,3,1.000000,-0.163793,-1.500000
838,14.860000,3,1.000000,-0.157903,-1.500000
839,14.880000,3,1.000000,-0.153752,-1.500000
840,14.900000,3,1.000000,-0.151769,-1.500000
841,14.920000,3,1.000000,-0.151555,-1.500000
842,14.940000,3,1.000000,-0.151555,-1.500000
843,14.960000,3,1.000000,-0.150273,-1.500000
844,14.980000,3,1.000000,-0.150029,-1.500000
845,15.000000,3,1.000000,-0.148106,-1.500000
846,15.020000,3,1.000000,-0.133335,-1.500000
847,15.040000,3,1.000000,-0.118900,-1.500000
848,15.060000,3,1.000000,-0.110813,-1.500000
849,15.080000,3,1.000000,-0.102908,-1.500000
850,15.100000,3,1.000000,-0.095767,-1.500000
851,15.120000,3,0.986816,-0.086215,-1.500000
852,15.140000,3,0.638356,-0.076327,-1.500000
853,15.160000,3,0.104038,-0.018555,-1.500000
854,15.180000,3,-0.000000,-0.000000,-1.500000
855,15.200000,3,-0.000000,-0.000000,-1.500000
856,15.220000,3,-0.000000,-0.000000,-1.498764
857,15.240000,3,-0.000000,-0.000000,-1.451705
858,15.260000,3,-0.000000,-0.000000,-1.375347
859,15.280000,3,-0.000000,-0.000000,-1.243828
860,15.300000,3,-0.000000,-0.000000,-1.060808
861,15.320000,3,-0.000000,-0.000000,-0.917066
862,15.340000,3,-0.000000,-0.000000,-0.750252
863,15.360000,3,-0.000000,-0.000000,-0.531892
864,15.380000,3,-0.000000,-0.000000,-0.255074
865,15.400000,3,-0.000000,-0.000000,-0.000000
866,15.420000,3,-0.000000,-0.000000,-0.000000
867,15.440000,3,-0.000000,-0.000000,-0.000000
868,15.460000,3,-0.000000,-0.000000,-0.000000
869,15.480000,3,-0.000000,-0.000000,-0.000000
870,15.500000,3,-0.000000,-0.000000,-0.000000
871,15.520000,3,-0.000000,-0.000000,-0.000000
872,15.540000,3,-0.000000,-0.000000,-0.000000
873,15.560000,3,-0.000000,-0.000000,-0.000000
874,15.580000,3,-0.000000,-0.000000,-0.000000
875,15.600000,3,-0.000000,-0.000000,-0.000000
876,15.620000,3,-0.000000,-0.000000,-0.000000
877,15.640000,3,-0.000000,-0.000000,-0.000000
878,15.660000,3,-0.000000,-0.000000,-0.000000
879,15.680000,3,-0.000000,-0.000000,-0.000000
880,15.700000,3,-0.000000,-0.000000,-0.000000
881,15.720000,3,-0.000000,-0.000000,-0.000000
882,15.740000,3,-0.000000,-0.000000,-0.000000
883,15.760000,3,-0.000000,-0.000000,-0.000000
884,15.780000,3,-0.000000,-0.000000,-0.000000
885,15.800000,3,-0.000000,-0.000000,-0.000000
886,15.820000,3,-0.000000,-0.000000,-0.000000
887,15.840000,3,-0.000000,-0.000000,-0.000000
888,15.860000,3,-0.000000,-0.000000,-0.000000
889,15.880000,3,-0.000000,-0.000000,-0.000000
890,15.900000,3,-0.000000,-0.000000,-0.000000
891,15.920000,3,-0.064699,0.011444,-0.000000
892,15.940000,3,-0.172308,0.043184,-0.000000
893,15.960000,3,-0.294870,0.072207,-0.000000
894,15.980000,3,-0.433851,0.094394,-0.000000
895,16.000000,3,-0.577837,0.130253,-0.000000
896,16.020000,3,-0.744713,0.190710,-0.000000
897,16.040000,3,-0.851100,0.256294,-0.000000
898,16.060000,3,-0.940977,0.304117,-0.000000
899,16.080000,3,-0.999634,0.331706,-0.000000
900,16.100000,3,-0.999634,0.331400,-0.000000
901,16.120000,3,-0.999207,0.333415,-0.000000
902,16.140000,3,-0.998352,0.336192,-0.000000
903,16.160000,3,-0.996918,0.340403,-0.000000
904,16.180000,3,-0.996612,0.341044,-0.000000
905,16.200000,3,-0.996399,0.341563,-0.000000
906,16.220000,3,-0.996307,0.341960,-0.000000
907,16.240000,3,-0.996002,0.342723,-0.000000
908,16.260000,3,-0.996002,0.342509,-0.000000
909,16.280000,3,-0.996002,0.342662,-0.000000
910,16.300000,3,-0.996002,0.342662,-0.000000
911,16.320000,3,-0.996002,0.342051,-0.000000
912,16.340000,3,-0.996002,0.341960,-0.000000
913,16.360000,3,-0.996002,0.341960,-0.000000
914,16.380000,3,-0.996063,0.341960,-0.000000
915,16.400000,3,-0.996063,0.341807,-0.000000
916,16.420000,3,-0.996124,0.341685,-0.000000
917,16.440000,3,-0.996124,0.341685,-0.000000
918,16.460000,3,-0.996124,0.341685,-0.000000
919,16.480000,3,-0.996124,0.341685,-0.000000
920,16.500000,3,-0.996124,0.341685,-0.000000
921,16.520000,3,-0.996216,0.341472,-0.000000
922,16.540000,3,-0.996216,0.342418,-0.000000
923,16.560000,3,-0.995727,0.343547,-0.000000
924,16.580000,3,-0.995331,0.344676,-0.000000
925,16.600000,3,-0.993347,0.350047,-0.000000
926,16.620000,3,-0.987091,0.367168,-0.000000
927,16.640000,3,-0.975616,0.396527,-0.000000
928,16.660000,3,-0.968963,0.412427,-0.000000
929,16.680000,3,-0.963836,0.424207,-0.000000
930,16.700000,3,-0.926084,0.429029,-0.000000
931,16.720000,3,-0.850398,0.426313,-0.000000
932,16.740000,3,-0.655965,0.412305,-0.000000
933,16.760000,3,-0.515549,0.400372,-0.000000
934,16.780000,3,-0.337352,0.380444,-0.000000
935,16.800000,3,-0.175024,0.358623,-0.000000
936,16.820000,3,-0.053407,0.345744,-0.000000
937,16.840000,3,0.037843,0.334300,-0.000000
938,16.860000,3,0.102878,0.322062,-0.000000
939,16.880000,3,0.143315,0.308359,-0.000000
940,16.900000,3,0.182562,0.295511,-0.000000
941,16.920000,3,0.203558,0.280801,-0.000000
942,16.940000,3,0.211890,0.264046,-0.000000
943,16.960000,3,0.216315,0.230537,-0.000000
944,16.980000,3,0.211615,0.180059,-0.000000
945,17.000000,3,0.199683,0.122562,-0.000000
946,17.020000,3,0.189489,0.087252,-0.000000
947,17.040000,3,0.184576,0.071108,-0.000000
948,17.060000,3,0.182104,0.058718,-0.000000
949,17.080000,3,0.179266,0.044954,-0.000000
950,17.100000,3,0.176458,0.027619,-0.000000
951,17.120000,3,0.175542,0.018494,-0.000000
952,17.140000,3,0.183844,0.011963,-0.000000
953,17.160000,3,0.219062,0.009552,-0.000000
954,17.180000,3,0.312632,0.009919,-0.000000
955,17.200000,3,0.397748,0.010437,-0.000000
956,17.220000,3,0.453902,0.010651,-0.000000
957,17.240000,3,0.560228,0.010895,-0.000000
958,17.260000,3,0.637654,0.015717,-0.000000
959,17.280000,3,0.680776,0.017426,-0.000000
960,17.300000,3,0.698477,0.017823,-0.000000
961,17.320000,3,0.702384,0.018220,-0.000000
962,17.340000,3,0.710562,0.018464,-0.000000
963,17.360000,3,0.713340,0.018372,-0.000000
964,17.380000,3,0.713706,0.018525,-0.000000
965,17.400000,3,0.713706,0.018677,-0.000000
966,17.420000,3,0.713706,0.018677,-0.000000
967,17.440000,3,0.709555,0.018372,-0.000000
968,17.460000,3,0.703360,0.018311,-0.000000
969,17.480000,3,0.695608,0.018311,-0.000000
970,17.500000,3,0.674459,0.018189,-0.000000
971,17.520000,3,0.647053,0.017975,-0.000000
972,17.540000,3,0.614704,0.017792,-0.000000
973,17.560000,3,0.577929,0.017548,-0.000000
974,17.580000,3,0.539903,0.017243,-0.000000
975,17.600000,3,0.488540,0.016785,-0.000000
976,17.620000,3,0.416669,0.016053,-0.000000
977,17.640000,3,0.326029,0.014710,-0.000000
978,17.660000,3,0.245491,0.011261,-0.000000
979,17.680000,3,0.176763,0.009095,-0.000000
980,17.700000,3,0.092105,0.004669,-0.000000
981,17.720000,3,0.006226,-0.000000,-0.000000
982,17.740000,3,-0.000000,-0.000000,-0.000000
983,17.760000,3,-0.000000,-0.000000,-0.000000
984,17.780000,3,-0.000000,-0.000000,-0.000000
985,17.800000,3,-0.000000,-0.000000,-0.000000
986,17.820000,3,-0.000000,-0.000000,-0.000000
987,17.840000,3,-0.000000,-0.000000,-0.000000
988,17.860000,3,-0.000000,-0.000000,-0.000000
989,17.880000,3,-0.000000,-0.000000,-0.000000
990,17.900000,3,-0.000000,-0.000000,-0.000000
991,17.920000,3,-0.000000,-0.000000,-0.000000
992,17.940000,3,-0.000000,-0.000000,-0.000000
993,17.960000,3,-0.000000,-0.000000,-0.000000
994,17.980000,3,-0.000000,-0.000000,-0.000000
995,18.000000,3,-0.000000,-0.000000,-0.000000
996,18.020000,3,-0.056368,-0.000000,-0.063356
997,18.040000,3,-0.147160,-0.000000,-0.376934
998,18.060000,3,-0.236061,-0.000000,-0.838099
999,18.080000,3,-0.323099,-0.000244,-1.120228
1000,18.100000,3,-0.380413,-0.000488,-1.289697
1001,18.120000,3,-0.401471,-0.000549,-1.454176
1002,18.140000,3,-0.405499,-0.000549,-1.500000
1003,18.160000,3,-0.407392,-0.000000,-1.500000
1004,18.180000,3,-0.411328,-0.000000,-1.500000
1005,18.200000,3,-0.418531,-0.000000,-1.500000
1006,18.220000,3,-0.442610,0.004517,-1.500000
1007,18.240000,3,-0.468886,0.006531,-1.500000
1008,18.260000,3,-0.490829,0.006714,-1.500000
1009,18.280000,3,-0.511002,0.007508,-1.500000
1010,18.300000,3,-0.527116,0.007691,-1.500000
1011,18.320000,3,-0.537065,0.007752,-1.500000
1012,18.340000,3,-0.537858,0.007752,-1.500000
1013,18.360000,3,-0.538804,0.007752,-1.500000
1014,18.380000,3,-0.538804,0.007752,-1.500000
1015,18.400000,3,-0.538804,0.007752,-1.500000
1016,18.420000,3,-0.539598,0.007752,-1.500000
1017,18.440000,3,-0.539750,0.007752,-1.500000
1018,18.460000,3,-0.539750,0.007752,-1.500000
1019,18.480000,3,-0.539750,0.007752,-1.500000
1020,18.500000,3,-0.539750,0.007752,-1.500000
1021,18.520000,3,-0.539750,0.007752,-1.500000
1022,18.540000,3,-0.539750,0.007752,-1.500000
1023,18.560000,3,-0.539750,0.007752,-1.500000
1024,18.580000,3,-0.539750,0.007752,-1.500000
1025,18.600000,3,-0.539750,0.007752,-1.500000
1026,18.620000,3,-0.539750,0.007752,-1.500000
1027,18.640000,3,-0.539750,0.007752,-1.500000
1028,18.660000,3,-0.540483,0.007752,-1.500000
1029,18.680000,3,-0.540635,0.007752,-1.500000
1030,18.700000,3,-0.541520,0.007813,-1.500000
1031,18.720000,3,-0.541307,0.007813,-1.500000
1032,18.740000,3,-0.541124,0.007813,-1.500000
1033,18.760000,3,-0.539567,0.007813,-1.500000
1034,18.780000,3,-0.527848,0.007813,-1.500000
1035,18.800000,3,-0.501358,0.007813,-1.500000
1036,18.820000,3,-0.455519,0.007752,-1.500000
1037,18.840000,3,-0.423902,0.007508,-1.500000
1038,18.860000,3,-0.378063,0.007172,-1.500000
1039,18.880000,3,-0.329478,0.006806,-1.500000
1040,18.900000,3,-0.267647,0.006195,-1.500000
1041,18.920000,3,-0.202795,0.005158,-1.500000
1042,18.940000,3,-0.150792,0.004120,-1.500000
1043,18.960000,3,-0.116947,0.003113,-1.500000
1044,18.980000,3,-0.077334,0.001679,-1.500000
1045,19.000000,3,-0.037996,-0.000000,-1.500000
1046,19.020000,3,-0.000000,-0.000000,-1.500000
1047,19.040000,3,-0.000000,-0.000000,-1.500000
1048,19.060000,3,-0.000000,-0.000000,-1.500000
1049,19.080000,3,-0.000000,-0.000000,-1.500000
1050,19.100000,3,-0.000000,-0.000000,-1.500000
1051,19.120000,3,-0.000000,-0.000000,-1.500000
1052,19.140000,3,-0.000000,-0.000000,-1.500000
1053,19.160000,3,-0.000000,-0.000000,-1.500000
1054,19.180000,3,-0.000000,-0.000000,-1.500000
1055,19.200000,3,-0.000000,-0.000000,-1.500000
1056,19.220000,3,-0.000000,-0.000000,-1.500000
1057,19.240000,3,-0.000000,-0.000000,-1.500000
1058,19.260000,3,-0.000000,-0.000000,-1.500000
1059,19.280000,3,-0.000000,-0.000000,-1.500000
1060,19.300000,3,-0.000000,-0.000000,-1.500000
1061,19.320000,3,-0.000000,-0.000000,-1.500000
1062,19.340000,3,-0.000000,-0.000000,-1.500000
1063,19.360000,3,-0.000000,-0.000000,-1.500000
1064,19.380000,3,-0.000000,-0.000000,-1.500000
1065,19.400000,3,-0.000000,-0.000000,-1.500000
1066,19.420000,3,-0.000000,-0.000000,-1.500000
1067,19.440000,3,-0.000000,-0.000000,-1.500000
1068,19.460000,3,-0.000000,-0.000000,-1.500000
1069,19.480000,3,-0.000000,-0.000000,-1.500000
1070,19.500000,3,-0.000000,-0.000000,-1.500000
1071,19.520000,3,-0.000000,-0.000000,-1.500000
1072,19.540000,3,-0.000000,-0.000000,-1.500000
1073,19.560000,3,-0.000000,-0.000000,-1.500000
1074,19.580000,3,-0.000000,-0.000000,-1.500000
1075,19.600000,3,-0.000000,-0.000000,-1.500000
1076,19.620000,3,-0.000000,-0.000000,-1.500000
1077,19.640000,3,-0.000000,-0.000000,-1.500000
1078,19.660000,3,-0.000000,-0.000000,-1.500000
1079,19.680000,3,-0.000000,-0.000000,-1.500000
1080,19.700000,3,-0.000000,-0.000000,-1.500000
1081,19.720000,3,-0.000000,-0.000000,-1.500000
1082,19.740000,3,-0.000000,-0.000000,-1.500000
1083,19.760000,3,-0.000000,-0.000000,-1.500000
1084,19.780000,3,-0.000000,-0.000000,-1.500000
1085,19.800000,3,-0.000000,-0.000000,-1.500000
1086,19.820000,3,-0.000000,-0.000000,-1.500000
1087,19.840000,3,-0.000000,-0.000000,-1.500000
1088,19.860000,3,-0.000000,-0.000000,-1.500000
1089,19.880000,3,-0.000000,-0.000000,-1.500000
1090,19.900000,3,-0.000000,-0.000000,-1.500000
1091,19.920000,3,-0.000000,-0.000000,-1.500000
1092,19.940000,3,-0.000000,-0.000000,-1.500000
1093,19.960000,3,-0.000000,-0.000000,-1.500000
1094,19.980000,3,-0.000000,-0.000000,-1.500000
1095,20.000000,3,-0.000000,-0.000000,-1.500000
1096,20.020000,3,-0.000000,-0.000000,-1.500000
1097,20.040000,3,-0.000000,-0.000000,-1.500000
1098,20.060000,3,-0.000000,-0.000000,-1.500000
1099,20.080000,3,-0.000000,-0.000000,-1.500000
1100,20.100000,3,-0.000000,-0.000000,-1.500000
1101,20.120000,3,-0.000000,-0.000000,-1.500000
1102,20.140000,3,-0.000000,-0.000000,-1.500000
1103,20.160000,3,-0.000000,-0.000000,-1.500000
1104,20.180000,3,-0.000000,-0.000000,-1.500000
1105,20.200000,3,-0.000000,-0.000000,-1.500000
1106,20.220000,3,-0.000000,-0.000000,-1.500000
1107,20.240000,3,-0.000000,-0.000000,-1.500000
1108,20.260000,3,-0.000000,-0.000000,-1.500000
1109,20.280000,3,-0.000000,-0.000000,-1.500000
1110,20.300000,3,-0.000000,-0.000000,-1.500000
1111,20.320000,3,-0.000000,-0.000000,-1.500000
1112,20.340000,3,-0.000000,-0.000000,-1.500000
1113,20.360000,3,-0.000000,-0.000000,-1.500000
1114,20.380000,3,-0.000000,-0.000000,-1.500000
1115,20.400000,3,-0.000000,-0.000000,-1.500000
1116,20.420000,3,-0.000000,-0.000000,-1.500000
1117,20.440000,3,-0.000000,-0.000000,-1.500000
1118,20.460000,3,-0.000000,-0.000000,-1.500000
1119,20.480000,3,-0.000000,-0.000000,-1.500000
1120,20.500000,3,-0.000000,-0.000000,-1.500000
1121,20.520000,3,-0.000000,-0.000000,-1.500000
1122,20.540000,3,-0.000000,-0.000000,-1.500000
1123,20.560000,3,-0.000000,-0.000000,-1.500000
1124,20.580000,3,-0.000000,-0.000000,-1.500000
1125,20.600000,3,-0.000000,-0.000000,-1.500000
1126,20.620000,3,-0.000000,-0.000000,-1.500000
1127,20.640000,3,-0.000000,-0.000000,-1.500000
1128,20.660000,3,-0.000000,-0.000000,-1.500000
1129,20.680000,3,-0.000000,-0.000000,-1.500000
1130,20.700000,3,-0.000000,-0.000000,-1.500000
1131,20.720000,3,-0.000000,-0.000000,-1.500000
1132,20.740000,3,-0.000000,-0.000000,-1.500000
1133,20.760000,3,-0.000000,-0.000000,-1.500000
1134,20.780000,3,-0.000000,-0.000000,-1.500000
1135,20.800000,3,-0.059358,-0.020936,-1.500000
1136,20.820000,3,-0.388165,-0.165929,-1.500000
1137,20.840000,3,-0.796045,-0.301889,-1.500000
1138,20.860000,3,-0.989959,-0.359600,-1.500000
1139,20.880000,3,-0.993988,-0.348216,-1.500000
1140,20.900000,3,-1.000000,-0.311014,-1.500000
1141,20.920000,3,-1.000000,-0.259194,-1.500000
1142,20.940000,3,-1.000000,-0.205420,-1.500000
1143,20.960000,3,-1.000000,-0.179876,-1.500000
1144,20.980000,3,-1.000000,-0.171514,-1.500000
1145,21.000000,3,-1.000000,-0.170263,-1.500000
1146,21.020000,3,-1.000000,-0.170263,-1.500000
1147,21.040000,3,-1.000000,-0.170263,-1.500000
1148,21.060000,3,-1.000000,-0.169958,-1.500000
1149,21.080000,3,-1.000000,-0.161473,-1.500000
1150,21.100000,3,-1.000000,-0.153050,-1.500000
1151,21.120000,3,-1.000000,-0.151677,-1.500000
1152,21.140000,3,-1.000000,-0.151524,-1.500000
1153,21.160000,3,-1.000000,-0.151524,-1.500000
1154,21.180000,3,-1.000000,-0.150456,-1.500000
1155,21.200000,3,-1.000000,-0.149693,-1.500000
1156,21.220000,3,-1.000000,-0.146702,-1.500000
1157,21.240000,3,-1.000000,-0.144169,-1.500000
1158,21.260000,3,-1.000000,-0.143071,-1.500000
1159,21.280000,3,-1.000000,-0.141667,-1.500000
1160,21.300000,3,-1.000000,-0.136998,-1.500000
1161,21.320000,3,-1.000000,-0.125278,-1.500000
1162,21.340000,3,-1.000000,-0.116214,-1.500000
1163,21.360000,3,-1.000000,-0.112339,-1.500000
1164,21.380000,3,-1.000000,-0.111209,-1.500000
1165,21.400000,3,-1.000000,-0.111118,-1.500000
1166,21.420000,3,-1.000000,-0.111057,-1.500000
1167,21.440000,3,-1.000000,-0.111270,-1.500000
1168,21.460000,3,-1.000000,-0.111057,-1.500000
1169,21.480000,3,-1.000000,-0.111270,-1.500000
1170,21.500000,3,-1.000000,-0.110782,-1.500000
1171,21.520000,3,-1.000000,-0.111209,-1.500000
1172,21.540000,3,-1.000000,-0.111423,-1.500000
1173,21.560000,3,-1.000000,-0.111423,-1.500000
1174,21.580000,3,-1.000000,-0.111423,-1.500000
1175,21.600000,3,-1.000000,-0.111423,-1.500000
1176,21.620000,3,-1.000000,-0.111423,-1.500000
1177,21.640000,3,-1.000000,-0.111270,-1.500000
1178,21.660000,3,-1.000000,-0.111270,-1.500000
1179,21.680000,3,-1.000000,-0.111270,-1.500000
1180,21.700000,3,-1.000000,-0.111270,-1.500000
1181,21.720000,3,-1.000000,-0.136235,-1.500000
1182,21.740000,3,-1.000000,-0.187414,-1.500000
1183,21.760000,3,-1.000000,-0.201147,-1.500000
1184,21.780000,3,-1.000000,-0.196448,-1.500000
1185,21.800000,3,-1.000000,-0.181646,-1.500000
1186,21.820000,3,-1.000000,-0.172704,-1.500000
1187,21.840000,3,-1.000000,-0.171636,-1.500000
1188,21.860000,3,-1.000000,-0.173345,-1.500000
1189,21.880000,3,-1.000000,-0.173925,-1.500000
1190,21.900000,3,-1.000000,-0.166692,-1.500000
1191,21.920000,3,-1.000000,-0.151524,-1.500000
1192,21.940000,3,-1.000000,-0.132572,-1.500000
1193,21.960000,3,-1.000000,-0.069552,-1.500000
1194,21.980000,3,-1.000000,-0.018036,-1.500000
1195,22.000000,3,-1.000000,-0.005524,-1.500000
1196,22.020000,3,-1.000000,-0.003510,-1.500000
1197,22.040000,3,-1.000000,-0.003510,-1.500000
1198,22.060000,3,-1.000000,0.034761,-1.500000
1199,22.080000,3,-1.000000,0.102298,-1.500000
1200,22.100000,3,-1.000000,0.162481,-1.500000
1201,22.120000,3,-1.000000,0.239692,-1.500000
1202,22.140000,3,-1.000000,0.276193,-1.500000
1203,22.160000,3,-1.000000,0.283090,-1.500000
1204,22.180000,3,-1.000000,0.283822,-1.500000
1205,22.200000,3,-1.000000,0.284005,-1.500000
1206,22.220000,3,-1.000000,0.284005,-1.500000
1207,22.240000,3,-1.000000,0.284005,-1.500000
1208,22.260000,3,-1.000000,0.283914,-1.500000
1209,22.280000,3,-1.000000,0.284616,-1.500000
1210,22.300000,3,-1.000000,0.284616,-1.500000
1211,22.320000,3,-1.000000,0.284433,-1.500000
1212,22.340000,3,-1.000000,0.284585,-1.500000
1213,22.360000,3,-1.000000,0.282357,-1.500000
1214,22.380000,3,-1.000000,0.248238,-1.500000
1215,22.400000,3,-1.000000,0.187872,-1.500000
1216,22.420000,3,-1.000000,0.146031,-1.500000
1217,22.440000,3,-1.000000,0.134434,-1.500000
1218,22.460000,3,-1.000000,0.133000,-1.500000
1219,22.480000,3,-1.000000,0.131901,-1.500000
1220,22.500000,3,-1.000000,0.131687,-1.500000
1221,22.520000,3,-1.000000,0.130345,-1.500000
1222,22.540000,3,-1.000000,0.130161,-1.500000
1223,22.560000,3,-1.000000,0.130222,-1.500000
1224,22.580000,3,-1.000000,0.130406,-1.500000
1225,22.600000,3,-1.000000,0.130406,-1.500000
1226,22.620000,3,-1.000000,0.130070,-1.500000
1227,22.640000,3,-1.000000,0.130161,-1.500000
1228,22.660000,3,-1.000000,0.130161,-1.500000
1229,22.680000,3,-1.000000,0.130161,-1.500000
1230,22.700000,3,-1.000000,0.129490,-1.500000
1231,22.720000,3,-1.000000,0.129429,-1.500000
1232,22.740000,3,-1.000000,0.129429,-1.500000
1233,22.760000,3,-1.000000,0.129429,-1.500000
1234,22.780000,3,-1.000000,0.129429,-1.500000
1235,22.800000,3,-1.000000,0.129429,-1.500000
1236,22.820000,3,-1.000000,0.129429,-1.500000
1237,22.840000,3,-1.000000,0.129429,-1.500000
1238,22.860000,3,-1.000000,0.129429,-1.500000
1239,22.880000,3,-1.000000,0.129429,-1.500000
1240,22.900000,3,-1.000000,0.129429,-1.500000
1241,22.920000,3,-1.000000,0.129429,-1.500000
1242,22.940000,3,-1.000000,0.129429,-1.500000
1243,22.960000,3,-1.000000,0.129429,-1.500000
1244,22.980000,3,-1.000000,0.129429,-1.500000
1245,23.000000,3,-1.000000,0.129429,-1.500000
1246,23.020000,3,-1.000000,0.129429,-1.500000
1247,23.040000,3,-1.000000,0.129429,-1.500000
1248,23.060000,3,-1.000000,0.129429,-1.500000
1249,23.080000,3,-1.000000,0.129429,-1.500000
1250,23.100000,3,-1.000000,0.129429,-1.500000
1251,23.120000,3,-1.000000,0.129429,-1.500000
1252,23.140000,3,-1.000000,0.129429,-1.500000
1253,23.160000,3,-1.000000,0.129429,-1.500000
1254,23.180000,3,-1.000000,0.129429,-1.500000
1255,23.200000,3,-1.000000,0.129429,-1.500000
1256,23.220000,3,-1.000000,0.129429,-1.500000
1257,23.240000,3,-1.000000,0.129429,-1.500000
1258,23.260000,3,-1.000000,0.129429,-1.500000
1259,23.280000,3,-1.000000,0.129429,-1.500000
1260,23.300000,3,-1.000000,0.128330,-1.500000
1261,23.320000,3,-1.000000,0.106876,-1.500000
1262,23.340000,3,-1.000000,0.084994,-1.500000
1263,23.360000,3,-1.000000,0.050539,-1.500000
1264,23.380000,3,-1.000000,-0.000000,-1.500000
1265,23.400000,3,-1.000000,-0.046754,-1.500000
1266,23.420000,3,-0.968963,-0.123386,-1.500000
1267,23.440000,3,-0.085513,-0.011139,-1.500000
1268,23.460000,3,-0.000000,-0.000000,-1.500000
1269,23.480000,3,-0.000000,-0.000000,-1.500000
1270,23.500000,3,-0.000000,-0.000000,-1.500000
1271,23.520000,3,-0.000000,-0.000000,-1.500000
1272,23.540000,3,-0.000000,-0.000000,-1.500000
1273,23.560000,3,-0.000000,-0.000000,-1.500000
1274,23.580000,3,-0.000000,-0.000000,-1.500000
1275,23.600000,3,-0.000000,-0.000000,-1.500000
1276,23.620000,3,-0.000000,-0.000000,-1.500000
1277,23.640000,3,-0.000000,-0.000000,-1.500000
1278,23.660000,3,-0.008087,0.052736,-1.500000
1279,23.680000,3,-0.022217,0.352092,-1.500000
1280,23.700000,3,-0.007721,0.743217,-1.500000
1281,23.720000,3,-0.000000,1.000000,-1.500000
1282,23.740000,3,-0.006561,1.000000,-1.500000
1283,23.760000,3,-0.008759,1.000000,-1.500000
1284,23.780000,3,-0.009705,1.000000,-1.500000
1285,23.800000,3,-0.009766,1.000000,-1.500000
1286,23.820000,3,-0.009766,1.000000,-1.500000
1287,23.840000,3,-0.009766,1.000000,-1.500000
1288,23.860000,3,-0.010102,1.000000,-1.500000
1289,23.880000,3,-0.010285,1.000000,-1.500000
1290,23.900000,3,-0.010529,1.000000,-1.500000
1291,23.920000,3,-0.011689,1.000000,-1.500000
1292,23.940000,3,-0.012482,1.000000,-1.500000
1293,23.960000,3,-0.012909,1.000000,-1.500000
1294,23.980000,3,-0.012909,1.000000,-1.500000
1295,24.000000,3,-0.012909,1.000000,-1.500000
1296,24.020000,3,-0.012909,1.000000,-1.500000
1297,24.040000,3,-0.012970,1.000000,-1.500000
1298,24.060000,3,-0.013489,1.000000,-1.500000
1299,24.080000,3,-0.013703,1.000000,-1.500000
1300,24.100000,3,-0.019288,1.000000,-1.500000
1301,24.120000,3,-0.025605,1.000000,-1.500000
1302,24.140000,3,-0.027284,1.000000,-1.500000
1303,24.160000,3,-0.027802,1.000000,-1.500000
1304,24.180000,3,-0.027802,1.000000,-1.500000
1305,24.200000,3,-0.027802,1.000000,-1.500000
1306,24.220000,3,-0.026887,1.000000,-1.500000
1307,24.240000,3,-0.026948,1.000000,-1.500000
1308,24.260000,3,-0.026948,1.000000,-1.500000
1309,24.280000,3,-0.026856,1.000000,-1.500000
1310,24.300000,3,-0.026856,1.000000,-1.500000
1311,24.320000,3,-0.026856,1.000000,-1.500000
1312,24.340000,3,-0.026856,1.000000,-1.500000
1313,24.360000,3,-0.026856,1.000000,-1.500000
1314,24.380000,3,-0.026856,1.000000,-1.500000
1315,24.400000,3,-0.026856,1.000000,-1.500000
1316,24.420000,3,-0.026856,1.000000,-1.500000
1317,24.440000,3,-0.026856,1.000000,-1.500000
1318,24.460000,3,-0.026856,1.000000,-1.500000
1319,24.480000,3,-0.026856,1.000000,-1.500000
1320,24.500000,3,-0.026856,1.000000,-1.500000
1321,24.520000,3,-0.026856,1.000000,-1.500000
1322,24.540000,3,-0.026856,1.000000,-1.500000
1323,24.560000,3,-0.026856,1.000000,-1.500000
1324,24.580000,3,-0.026856,1.000000,-1.500000
1325,24.600000,3,-0.026856,1.000000,-1.500000
1326,24.620000,3,-0.026856,1.000000,-1.500000
1327,24.640000,3,-0.026856,1.000000,-1.500000
1328,24.660000,3,-0.026856,1.000000,-1.500000
1329,24.680000,3,-0.026856,1.000000,-1.500000
1330,24.700000,3,-0.026856,1.000000,-1.500000
1331,24.720000,3,-0.026856,1.000000,-1.500000
1332,24.740000,3,-0.026856,1.000000,-1.500000
1333,24.760000,3,-0.026856,1.000000,-1.500000
1334,24.780000,3,-0.026856,1.000000,-1.500000
1335,24.800000,3,-0.026856,1.000000,-1.500000
1336,24.820000,3,-0.026856,1.000000,-1.500000
1337,24.840000,3,-0.026856,1.000000,-1.500000
1338,24.860000,3,-0.026856,1.000000,-1.500000
1339,24.880000,3,-0.026856,1.000000,-1.500000
1340,24.900000,3,-0.026856,1.000000,-1.500000
1341,24.920000,3,-0.026856,1.000000,-1.500000
1342,24.940000,3,-0.026856,1.000000,-1.500000
1343,24.960000,3,-0.026856,1.000000,-1.500000
1344,24.980000,3,-0.026856,1.000000,-1.500000
1345,25.000000,3,-0.026856,1.000000,-1.500000
1346,25.020000,3,-0.026856,1.000000,-1.500000
1347,25.040000,3,-0.026856,1.000000,-1.500000
1348,25.060000,3,-0.026856,1.000000,-1.500000
1349,25.080000,3,-0.026856,1.000000,-1.500000
1350,25.100000,3,-0.026856,1.000000,-1.500000
1351,25.120000,3,-0.026856,1.000000,-1.500000
1352,25.140000,3,-0.026856,1.000000,-1.500000
1353,25.160000,3,-0.026856,1.000000,-1.500000
1354,25.180000,3,-0.026856,1.000000,-1.500000
1355,25.200000,3,-0.026856,1.000000,-1.500000
1356,25.220000,3,-0.026856,1.000000,-1.500000
1357,25.240000,3,-0.026856,1.000000,-1.500000
1358,25.260000,3,-0.026856,1.000000,-1.500000
1359,25.280000,3,-0.026856,1.000000,-1.500000
1360,25.300000,3,-0.026856,1.000000,-1.500000
1361,25.320000,3,-0.026856,1.000000,-1.500000
1362,25.340000,3,-0.026856,1.000000,-1.500000
1363,25.360000,3,-0.026856,1.000000,-1.500000
1364,25.380000,3,-0.026856,1.000000,-1.500000
1365,25.400000,3,-0.026856,1.000000,-1.500000
1366,25.420000,3,-0.026856,1.000000,-1.500000
1367,25.440000,3,-0.029176,1.000000,-1.500000
1368,25.460000,3,-0.033418,1.000000,-1.500000
1369,25.480000,3,-0.036317,1.000000,-1.500000
1370,25.500000,3,-0.037782,1.000000,-1.500000
1371,25.520000,3,-0.037935,1.000000,-1.500000
1372,25.540000,3,-0.043062,1.000000,-1.500000
1373,25.560000,3,-0.047700,1.000000,-1.500000
1374,25.580000,3,-0.051210,1.000000,-1.500000
1375,25.600000,3,-0.051637,1.000000,-1.500000
1376,25.620000,3,-0.052248,1.000000,-1.500000
1377,25.640000,3,-0.057192,1.000000,-1.500000
1378,25.660000,3,-0.064180,1.000000,-1.500000
1379,25.680000,3,-0.066378,1.000000,-1.500000
1380,25.700000,3,-0.066713,1.000000,-1.500000
1381,25.720000,3,-0.066622,1.000000,-1.500000
1382,25.740000,3,-0.065889,1.000000,-1.500000
1383,25.760000,3,-0.065798,1.000000,-1.500000
1384,25.780000,3,-0.065920,1.000000,-1.500000
1385,25.800000,3,-0.065920,1.000000,-1.500000
1386,25.820000,3,-0.065767,1.000000,-1.500000
1387,25.840000,3,-0.065584,1.000000,-1.500000
1388,25.860000,3,-0.065584,1.000000,-1.500000
1389,25.880000,3,-0.065584,1.000000,-1.500000
1390,25.900000,3,-0.065584,1.000000,-1.500000
1391,25.920000,3,-0.065004,1.000000,-1.500000
1392,25.940000,3,-0.064547,1.000000,-1.500000
1393,25.960000,3,-0.063265,1.000000,-1.500000
1394,25.980000,3,-0.045808,1.000000,-1.500000
1395,26.000000,3,-0.004975,1.000000,-1.500000
1396,26.020000,3,0.011383,1.000000,-1.500000
1397,26.040000,3,0.019501,1.000000,-1.500000
1398,26.060000,3,0.020173,1.000000,-1.500000
1399,26.080000,3,0.020905,1.000000,-1.500000
1400,26.100000,3,0.020783,1.000000,-1.500000
1401,26.120000,3,0.020936,1.000000,-1.500000
1402,26.140000,3,0.021088,1.000000,-1.500000
1403,26.160000,3,0.020753,1.000000,-1.500000
1404,26.180000,3,0.017884,1.000000,-1.500000
1405,26.200000,3,0.015381,1.000000,-1.500000
1406,26.220000,3,0.014435,1.000000,-1.500000
1407,26.240000,3,0.013733,1.000000,-1.500000
1408,26.260000,3,0.013428,1.000000,-1.500000
1409,26.280000,3,0.012391,1.000000,-1.500000
1410,26.300000,3,0.011811,1.000000,-1.500000
1411,26.320000,3,0.011811,1.000000,-1.500000
1412,26.340000,3,0.011811,1.000000,-1.500000
1413,26.360000,3,0.010956,1.000000,-1.500000
1414,26.380000,3,0.011109,1.000000,-1.500000
1415,26.400000,3,0.011109,1.000000,-1.500000
1416,26.420000,3,0.010956,1.000000,-1.500000
1417,26.440000,3,0.010956,1.000000,-1.500000
1418,26.460000,3,0.010956,1.000000,-1.500000
1419,26.480000,3,0.010956,1.000000,-1.500000
1420,26.500000,3,0.010956,1.000000,-1.500000
1421,26.520000,3,0.010956,1.000000,-1.500000
1422,26.540000,3,0.010956,1.000000,-1.500000
1423,26.560000,3,0.010956,1.000000,-1.500000
1424,26.580000,3,0.010956,1.000000,-1.500000
1425,26.600000,3,0.010956,1.000000,-1.500000
1426,26.620000,3,0.010956,1.000000,-1.500000
1427,26.640000,3,0.010956,1.000000,-1.500000
1428,26.660000,3,0.010956,1.000000,-1.500000
1429,26.680000,3,0.010956,1.000000,-1.500000
1430,26.700000,3,0.010956,1.000000,-1.500000
1431,26.720000,3,0.008118,1.000000,-1.500000
1432,26.740000,3,-0.000000,1.000000,-1.500000
1433,26.760000,3,-0.000000,1.000000,-1.500000
1434,26.780000,3,-0.000000,1.000000,-1.500000
1435,26.800000,3,-0.000000,1.000000,-1.500000
1436,26.820000,3,-0.000000,1.000000,-1.500000
1437,26.840000,3,-0.000000,1.000000,-1.500000
1438,26.860000,3,-0.000000,1.000000,-1.500000
1439,26.880000,3,-0.000000,1.000000,-1.500000
1440,26.900000,3,-0.000000,1.000000,-1.500000
1441,26.920000,3,-0.000000,1.000000,-1.500000
1442,26.940000,3,-0.000000,1.000000,-1.500000
1443,26.960000,3,-0.000000,1.000000,-1.500000
1444,26.980000,3,-0.000000,1.000000,-1.500000
1445,27.000000,3,-0.000000,1.000000,-1.500000
1446,27.020000,3,-0.000000,1.000000,-1.500000
1447,27.040000,3,-0.000000,1.000000,-1.500000
1448,27.060000,3,-0.000000,1.000000,-1.500000
1449,27.080000,3,-0.000000,1.000000,-1.500000
1450,27.100000,3,-0.000000,1.000000,-1.500000
1451,27.120000,3,-0.000000,1.000000,-1.500000
1452,27.140000,3,-0.000000,1.000000,-1.500000
1453,27.160000,3,-0.000000,1.000000,-1.500000
1454,27.180000,3,-0.000000,1.000000,-1.500000
1455,27.200000,3,-0.000000,1.000000,-1.500000
1456,27.220000,3,-0.000000,1.000000,-1.500000
1457,27.240000,3,-0.000000,1.000000,-1.500000
1458,27.260000,3,-0.000000,1.000000,-1.500000
1459,27.280000,3,-0.000000,1.000000,-1.500000
1460,27.300000,3,-0.000000,1.000000,-1.500000
1461,27.320000,3,-0.000000,1.000000,-1.500000
1462,27.340000,3,-0.000000,1.000000,-1.500000
1463,27.360000,3,-0.000000,1.000000,-1.500000
1464,27.380000,3,-0.000000,1.000000,-1.500000
1465,27.400000,3,-0.000000,1.000000,-1.500000
1466,27.420000,3,-0.000000,1.000000,-1.500000
1467,27.440000,3,-0.000000,1.000000,-1.500000
1468,27.460000,3,-0.000000,1.000000,-1.500000
1469,27.480000,3,-0.000000,1.000000,-1.500000
1470,27.500000,3,-0.000000,1.000000,-1.500000
1471,27.520000,3,-0.000000,1.000000,-1.500000
1472,27.540000,3,-0.000000,1.000000,-1.500000
1473,27.560000,3,-0.000000,1.000000,-1.500000
1474,27.580000,3,-0.000000,1.000000,-1.500000
1475,27.600000,3,-0.000000,1.000000,-1.500000
1476,27.620000,3,-0.000000,1.000000,-1.500000
1477,27.640000,3,-0.000000,1.000000,-1.500000
1478,27.660000,3,-0.000000,1.000000,-1.500000
1479,27.680000,3,-0.000000,1.000000,-1.500000
1480,27.700000,3,-0.000000,1.000000,-1.500000
1481,27.720000,3,-0.000000,1.000000,-1.500000
1482,27.740000,3,-0.000000,1.000000,-1.500000
1483,27.760000,3,-0.000000,1.000000,-1.500000
1484,27.780000,3,-0.000000,1.000000,-1.500000
1485,27.800000,3,-0.000000,1.000000,-1.500000
1486,27.820000,3,-0.000000,1.000000,-1.500000
1487,27.840000,3,-0.000000,1.000000,-1.500000
1488,27.860000,3,-0.000000,1.000000,-1.500000
1489,27.880000,3,-0.000000,1.000000,-1.500000
1490,27.900000,3,-0.000000,1.000000,-1.500000
1491,27.920000,3,-0.000000,1.000000,-1.500000
1492,27.940000,3,-0.000000,1.000000,-1.500000
1493,27.960000,3,-0.000000,1.000000,-1.500000
1494,27.980000,3,-0.000000,1.000000,-1.500000
1495,28.000000,3,-0.000000,1.000000,-1.500000
1496,28.020000,3,-0.000000,1.000000,-1.500000
1497,28.040000,3,-0.000000,1.000000,-1.500000
1498,28.060000,3,-0.000000,1.000000,-1.500000
1499,28.080000,3,-0.000000,1.000000,-1.500000
1500,28.100000,3,-0.000000,1.000000,-1.500000
1501,28.120000,3,-0.000000,1.000000,-1.500000
1502,28.140000,3,-0.000000,1.000000,-1.500000
1503,28.160000,3,-0.000000,1.000000,-1.500000
1504,28.180000,3,-0.000000,1.000000,-1.500000
1505,28.200000,3,-0.000000,1.000000,-1.500000
1506,28.220000,3,-0.000000,1.000000,-1.500000
1507,28.240000,3,-0.000000,1.000000,-1.500000
1508,28.260000,3,-0.000000,1.000000,-1.500000
1509,28.280000,3,-0.000000,1.000000,-1.500000
1510,28.300000,3,-0.000000,1.000000,-1.500000
1511,28.320000,3,-0.000000,1.000000,-1.500000
1512,28.340000,3,-0.000000,1.000000,-1.500000
1513,28.360000,3,-0.000000,1.000000,-1.500000
1514,28.380000,3,-0.000000,1.000000,-1.500000
1515,28.400000,3,-0.012696,1.000000,-1.500000
1516,28.420000,3,-0.036958,1.000000,-1.500000
1517,28.440000,3,-0.046052,1.000000,-1.500000
1518,28.460000,3,-0.050539,1.000000,-1.500000
1519,28.480000,3,-0.065157,1.000000,-1.500000
1520,28.500000,3,-0.091372,1.000000,-1.500000
1521,28.520000,3,-0.116672,1.000000,-1.500000
1522,28.540000,3,-0.135319,1.000000,-1.500000
1523,28.560000,3,-0.153996,1.000000,-1.500000
1524,28.580000,3,-0.180120,1.000000,-1.500000
1525,28.600000,3,-0.205084,1.000000,-1.500000
1526,28.620000,3,-0.223426,1.000000,-1.500000
1527,28.640000,3,-0.239937,1.000000,-1.500000
1528,28.660000,3,-0.244575,1.000000,-1.500000
1529,28.680000,3,-0.245216,1.000000,-1.466216
1530,28.700000,3,-0.245216,1.000000,-1.209357
1531,28.720000,3,-0.244789,1.000000,-1.041902
1532,28.740000,3,-0.244179,1.000000,-0.881451
1533,28.760000,3,-0.243904,1.000000,-0.776345
1534,28.780000,3,-0.244545,1.000000,-0.625919
1535,28.800000,3,-0.244240,1.000000,-0.491791
1536,28.820000,3,-0.243934,1.000000,-0.394330
1537,28.840000,3,-0.244057,1.000000,-0.282220
1538,28.860000,3,-0.243965,1.000000,-0.180731
1539,28.880000,3,-0.243965,1.000000,-0.073107
1540,28.900000,3,-0.243965,1.000000,-0.000641
1541,28.920000,3,-0.243965,1.000000,0.028794
1542,28.940000,3,-0.243965,1.000000,0.109455
1543,28.960000,3,-0.243965,1.000000,0.188925
1544,28.980000,3,-0.243965,1.000000,0.276452
1545,29.000000,3,-0.243965,1.000000,0.377529
1546,29.020000,3,-0.243965,1.000000,0.473754
1547,29.040000,3,-0.243965,1.000000,0.592685
1548,29.060000,3,-0.243965,1.000000,0.687811
1549,29.080000,3,-0.243965,1.000000,0.784219
1550,29.100000,3,-0.243965,1.000000,0.909742
1551,29.120000,3,-0.243965,1.000000,0.986419
1552,29.140000,3,-0.243965,1.000000,1.048494
1553,29.160000,3,-0.243965,1.000000,1.123981
1554,29.180000,3,-0.243965,1.000000,1.227027
1555,29.200000,3,-0.245674,1.000000,1.331996
1556,29.220000,3,-0.248756,1.000000,1.383496
1557,29.240000,3,-0.251686,1.000000,1.401120
1558,29.260000,3,-0.252052,1.000000,1.408307
1559,29.280000,3,-0.252388,1.000000,1.420026
1560,29.300000,3,-0.254769,1.000000,1.425016
1561,29.320000,3,-0.258858,1.000000,1.431379
1562,29.340000,3,-0.267067,1.000000,1.441633
1563,29.360000,3,-0.273141,1.000000,1.459212
1564,29.380000,3,-0.274545,1.000000,1.473220
1565,29.400000,3,-0.274697,1.000000,1.483062
1566,29.420000,3,-0.275277,1.000000,1.486908
1567,29.440000,3,-0.275399,1.000000,1.491989
1568,29.460000,3,-0.275307,1.000000,1.480682
1569,29.480000,3,-0.275216,1.000000,0.986923
1570,29.500000,3,-0.275277,1.000000,-0.000000
1571,29.520000,3,-0.275185,1.000000,-0.000000
1572,29.540000,3,-0.275185,1.000000,-0.000000
1573,29.560000,3,-0.275185,1.000000,-0.000000
1574,29.580000,3,-0.275185,1.000000,-0.000000
1575,29.600000,3,-0.275185,1.000000,-0.000000
1576,29.620000,3,-0.275185,1.000000,-0.000000
1577,29.640000,3,-0.275185,1.000000,-0.000000
1578,29.660000,3,-0.275185,1.000000,-0.000000
1579,29.680000,3,-0.275185,1.000000,-0.000000
1580,29.700000,3,-0.275185,1.000000,-0.000000
1581,29.720000,3,-0.266518,1.000000,-0.000000
1582,29.740000,3,-0.239357,1.000000,-0.000000
1583,29.760000,3,-0.213141,1.000000,-0.000000
1584,29.780000,3,-0.206366,1.000000,-0.000000
1585,29.800000,3,-0.204810,1.000000,-0.000000
1586,29.820000,3,-0.203925,1.000000,-0.000000
1587,29.840000,3,-0.204047,1.000000,-0.000000
1588,29.860000,3,-0.204901,1.000000,-0.000000
1589,29.880000,3,-0.204810,1.000000,-0.000000
1590,29.900000,3,-0.203925,1.000000,0.192038
1591,29.920000,3,-0.203833,1.000000,0.430631
1592,29.940000,3,-0.204047,1.000000,0.668081
1593,29.960000,3,-0.204199,1.000000,0.858013
1594,29.980000,3,-0.204199,1.000000,1.018143
1595,30.000000,3,-0.204199,1.000000,1.186239
1596,30.020000,3,-0.204199,1.000000,1.341746
1597,30.040000,3,-0.204199,1.000000,1.459990
1598,30.060000,3,-0.204199,1.000000,1.500000
1599,30.080000,3,-0.204199,1.000000,1.500000
1600,30.100000,3,-0.204199,1.000000,1.500000
1601,30.120000,3,-0.204199,1.000000,1.500000
1602,30.140000,3,-0.204199,1.000000,1.500000
1603,30.160000,3,-0.204199,1.000000,1.500000
1604,30.180000,3,-0.204199,1.000000,1.500000
1605,30.200000,3,-0.204199,1.000000,1.500000
1606,30.220000,3,-0.208960,1.000000,1.500000
1607,30.240000,3,-0.217689,1.000000,1.500000
1608,30.260000,3,-0.230140,1.000000,1.500000
1609,30.280000,3,-0.235084,1.000000,1.500000
1610,30.300000,3,-0.239601,1.000000,1.500000
1611,30.320000,3,-0.243751,1.000000,1.500000
1612,30.340000,3,-0.245094,1.000000,1.500000
1613,30.360000,3,-0.246437,1.000000,1.500000
1614,30.380000,3,-0.252724,1.000000,1.500000
1615,30.400000,3,-0.261879,1.000000,1.500000
1616,30.420000,3,-0.277200,1.000000,1.500000
1617,30.440000,3,-0.286752,1.000000,1.500000
1618,30.460000,3,-0.300760,1.000000,1.500000
1619,30.480000,3,-0.315439,1.000000,1.500000
1620,30.500000,3,-0.325632,1.000000,1.500000
1621,30.520000,3,-0.332255,0.999695,1.500000
1622,30.540000,3,-0.336772,0.998199,1.500000
1623,30.560000,3,-0.339763,0.997192,1.500000
1624,30.580000,3,-0.342357,0.996216,1.500000
1625,30.600000,3,-0.344737,0.995422,1.500000
1626,30.620000,3,-0.354167,0.992157,1.500000
1627,30.640000,3,-0.360546,0.989929,1.500000
1628,30.660000,3,-0.363109,0.988830,1.500000
1629,30.680000,3,-0.365032,0.988037,1.500000
1630,30.700000,3,-0.366924,0.987365,1.500000
1631,30.720000,3,-0.370220,0.986328,1.500000
1632,30.740000,3,-0.378857,0.982665,1.500000
1633,30.760000,3,-0.387890,0.979125,1.500000
1634,30.780000,3,-0.403516,0.972777,1.500000
1635,30.800000,3,-0.410565,0.970000,1.500000
1636,30.820000,3,-0.417585,0.966979,1.500000
1637,30.840000,3,-0.418531,0.966430,1.500000
1638,30.860000,3,-0.419935,0.965819,1.500000
1639,30.880000,3,-0.421644,0.965087,1.497986
1640,30.900000,3,-0.428297,0.962035,1.492950
1641,30.920000,3,-0.448714,0.952635,1.491440
1642,30.940000,3,-0.474532,0.940001,1.490844
1643,30.960000,3,-0.490188,0.931883,1.490616
1644,30.980000,3,-0.499893,0.927000,1.490616
1645,31.000000,3,-0.512680,0.919675,1.494415
1646,31.020000,3,-0.523362,0.913602,1.500000
1647,31.040000,3,-0.530564,0.909421,1.500000
1648,31.060000,3,-0.534776,0.907041,1.500000
1649,31.080000,3,-0.537217,0.905576,1.500000
1650,31.100000,3,-0.538163,0.904996,1.500000
1651,31.120000,3,-0.538560,0.904752,1.500000
1652,31.140000,3,-0.538621,0.904752,1.500000
1653,31.160000,3,-0.538987,0.904447,1.500000
1654,31.180000,3,-0.539201,0.904386,1.500000
1655,31.200000,3,-0.539201,0.904386,1.500000
1656,31.220000,3,-0.539201,0.904386,1.500000
1657,31.240000,3,-0.538743,0.904508,1.500000
1658,31.260000,3,-0.538804,0.904508,1.500000
1659,31.280000,3,-0.538926,0.904508,1.500000
1660,31.300000,3,-0.538926,0.904508,1.500000
1661,31.320000,3,-0.538926,0.904508,1.500000
1662,31.340000,3,-0.538926,0.904508,1.500000
1663,31.360000,3,-0.538926,0.904508,1.500000
1664,31.380000,3,-0.538926,0.904508,1.500000
1665,31.400000,3,-0.538926,0.904508,1.500000
1666,31.420000,3,-0.538926,0.904508,1.500000
1667,31.440000,3,-0.538926,0.904508,1.500000
1668,31.460000,3,-0.538926,0.904508,1.500000
1669,31.480000,3,-0.538926,0.904508,1.500000
1670,31.500000,3,-0.538926,0.904508,1.500000
1671,31.520000,3,-0.538926,0.904508,1.500000
1672,31.540000,3,-0.538926,0.904508,1.500000
1673,31.560000,3,-0.538926,0.904508,1.500000
1674,31.580000,3,-0.538926,0.904508,1.500000
1675,31.600000,3,-0.538926,0.904508,1.500000
1676,31.620000,3,-0.538926,0.904508,1.500000
1677,31.640000,3,-0.538926,0.904508,1.500000
1678,31.660000,3,-0.538926,0.904508,1.500000
1679,31.680000,3,-0.538926,0.904508,1.500000
1680,31.700000,3,-0.538926,0.904508,1.500000
1681,31.720000,3,-0.538926,0.904508,1.500000
1682,31.740000,3,-0.538926,0.904508,1.500000
1683,31.760000,3,-0.538926,0.904508,1.500000
1684,31.780000,3,-0.538926,0.904508,1.500000
1685,31.800000,3,-0.538926,0.904508,1.500000
1686,31.820000,3,-0.538926,0.904508,1.500000
1687,31.840000,3,-0.538926,0.904508,1.500000
1688,31.860000,3,-0.538926,0.904508,1.500000
1689,31.880000,3,-0.538926,0.904508,1.500000
1690,31.900000,3,-0.538926,0.904508,1.500000
1691,31.920000,3,-0.538926,0.904508,1.500000
1692,31.940000,3,-0.538926,0.904508,1.500000
1693,31.960000,3,-0.538926,0.904508,1.500000
1694,31.980000,3,-0.538926,0.904508,1.500000
1695,32.000000,3,-0.538926,0.904508,1.500000
1696,32.020000,3,-0.538926,0.904508,1.500000
1697,32.040000,3,-0.538926,0.904508,1.500000
1698,32.060000,3,-0.538926,0.904508,1.500000
1699,32.080000,3,-0.538926,0.904508,1.500000
1700,32.100000,3,-0.538926,0.904508,1.500000
1701,32.120000,3,-0.538926,0.904508,1.500000
1702,32.140000,3,-0.538926,0.904508,1.500000
1703,32.160000,3,-0.538926,0.904508,1.500000
1704,32.180000,3,-0.538926,0.904508,1.500000
1705,32.200000,3,-0.538926,0.904508,1.500000
1706,32.220000,3,-0.538926,0.904508,1.500000
1707,32.240000,3,-0.538926,0.904508,1.500000
1708,32.260000,3,-0.538926,0.904508,1.500000
1709,32.280000,3,-0.538926,0.904508,1.500000
1710,32.300000,3,-0.538926,0.904508,1.500000
1711,32.320000,3,-0.538926,0.904508,1.500000
1712,32.340000,3,-0.538926,0.904508,1.500000
1713,32.360000,3,-0.538926,0.904508,1.500000
1714,32.380000,3,-0.538926,0.904508,1.500000
1715,32.400000,3,-0.538926,0.904508,1.500000
1716,32.420000,3,-0.538926,0.904508,1.500000
1717,32.440000,3,-0.538926,0.904508,1.500000
1718,32.460000,3,-0.538926,0.904508,1.500000
1719,32.480000,3,-0.538926,0.904508,1.500000
1720,32.500000,3,-0.538926,0.904508,1.500000
1721,32.520000,3,-0.538926,0.904508,1.500000
1722,32.540000,3,-0.538926,0.904508,1.500000
1723,32.560000,3,-0.538926,0.904508,1.500000
1724,32.580000,3,-0.538926,0.904508,1.500000
1725,32.600000,3,-0.538926,0.904508,1.500000
1726,32.620000,3,-0.538926,0.904508,1.500000
1727,32.640000,3,-0.538926,0.904508,1.500000
1728,32.660000,3,-0.538926,0.904508,1.500000
1729,32.680000,3,-0.538926,0.904508,1.500000
1730,32.700000,3,-0.538926,0.904508,1.500000
1731,32.720000,3,-0.538926,0.904508,1.500000
1732,32.740000,3,-0.538926,0.904508,1.500000
1733,32.760000,3,-0.538926,0.904508,1.500000
1734,32.780000,3,-0.538926,0.904508,1.500000
1735,32.800000,3,-0.538926,0.904508,1.500000
1736,32.820000,3,-0.538926,0.904508,1.500000
1737,32.840000,3,-0.538926,0.904508,1.500000
1738,32.860000,3,-0.538926,0.904508,1.500000
1739,32.880000,3,-0.538926,0.904508,1.500000
1740,32.900000,3,-0.538926,0.904508,1.500000
1741,32.920000,3,-0.538926,0.904508,1.500000
1742,32.940000,3,-0.538926,0.904508,1.500000
1743,32.960000,3,-0.538926,0.904508,1.500000
1744,32.980000,3,-0.538926,0.904508,1.500000
1745,33.000000,3,-0.538926,0.904508,1.500000
1746,33.020000,3,-0.538926,0.904508,1.500000
1747,33.040000,3,-0.538926,0.904508,1.500000
1748,33.060000,3,-0.538926,0.904508,1.500000
1749,33.080000,3,-0.538926,0.904508,1.500000
1750,33.100000,3,-0.538926,0.904508,1.500000
1751,33.120000,3,-0.538926,0.904508,1.500000
1752,33.140000,3,-0.538926,0.904508,1.500000
1753,33.160000,3,-0.538926,0.904508,1.500000
1754,33.180000,3,-0.538926,0.904508,1.500000
1755,33.200000,3,-0.538926,0.904508,1.500000
1756,33.220000,3,-0.538926,0.904508,1.500000
1757,33.240000,3,-0.538926,0.904508,1.500000
1758,33.260000,3,-0.538926,0.904508,1.500000
1759,33.280000,3,-0.538926,0.904508,1.500000
1760,33.300000,3,-0.538926,0.904508,1.500000
1761,33.320000,3,-0.538926,0.904508,1.500000
1762,33.340000,3,-0.538926,0.904508,1.500000
1763,33.360000,3,-0.538926,0.904508,1.500000
1764,33.380000,3,-0.538926,0.904508,1.500000
1765,33.400000,3,-0.538926,0.904508,1.500000
1766,33.420000,3,-0.538926,0.904508,1.500000
1767,33.440000,3,-0.538926,0.904508,1.500000
1768,33.460000,3,-0.538926,0.904508,1.500000
1769,33.480000,3,-0.538926,0.904508,1.500000
1770,33.500000,3,-0.538926,0.904508,1.500000
1771,33.520000,3,-0.538926,0.904508,1.500000
1772,33.540000,3,-0.538926,0.904508,1.500000
1773,33.560000,3,-0.538926,0.904508,1.500000
1774,33.580000,3,-0.538926,0.904508,1.500000
1775,33.600000,3,-0.538926,0.904508,1.500000
1776,33.620000,3,-0.538926,0.904508,1.500000
1777,33.640000,3,-0.538926,0.904508,1.500000
1778,33.660000,3,-0.538926,0.904508,1.500000
1779,33.680000,3,-0.538926,0.904508,1.500000
1780,33.700000,3,-0.538926,0.904508,1.500000
1781,33.720000,3,-0.538926,0.904508,1.500000
1782,33.740000,3,-0.538926,0.904508,1.500000
1783,33.760000,3,-0.538926,0.904508,1.500000
1784,33.780000,3,-0.538926,0.904508,1.500000
1785,33.800000,3,-0.538926,0.904508,1.500000
1786,33.820000,3,-0.538926,0.904508,1.500000
1787,33.840000,3,-0.538926,0.904508,1.500000
1788,33.860000,3,-0.538926,0.904508,1.500000
1789,33.880000,3,-0.538926,0.904508,1.500000
1790,33.900000,3,-0.538926,0.904508,1.500000
1791,33.920000,3,-0.538926,0.904508,1.500000
1792,33.940000,3,-0.538926,0.904508,1.500000
1793,33.960000,3,-0.538926,0.904508,1.500000
1794,33.980000,3,-0.538926,0.904508,1.500000
1795,34.000000,3,-0.538926,0.904508,1.500000
1796,34.020000,3,-0.538926,0.904508,1.500000
1797,34.040000,3,-0.538926,0.904508,1.500000
1798,34.060000,3,-0.538926,0.904508,1.500000
1799,34.080000,3,-0.538926,0.904508,1.500000
1800,34.100000,3,-0.538926,0.904508,1.500000
1801,34.120000,3,-0.538926,0.904508,1.500000
1802,34.140000,3,-0.538926,0.904508,1.500000
1803,34.160000,3,-0.538926,0.904508,1.500000
1804,34.180000,3,-0.538926,0.904508,1.500000
1805,34.200000,3,-0.538926,0.904508,1.500000
1806,34.220000,3,-0.538926,0.904508,1.500000
1807,34.240000,3,-0.538926,0.904508,1.500000
1808,34.260000,3,-0.538926,0.904508,1.500000
1809,34.280000,3,-0.538926,0.904508,1.500000
1810,34.300000,3,-0.538926,0.904508,1.500000
1811,34.320000,3,-0.550584,0.897397,1.500000
1812,34.340000,3,-0.579302,0.879116,1.500000
1813,34.360000,3,-0.597919,0.866512,1.500000
1814,34.380000,3,-0.602496,0.863338,1.500000
1815,34.400000,3,-0.603290,0.862758,1.500000
1816,34.420000,3,-0.603656,0.862575,1.500000
1817,34.440000,3,-0.603565,0.862575,1.500000
1818,34.460000,3,-0.603656,0.862545,1.500000
1819,34.480000,3,-0.609180,0.858608,1.500000
1820,34.500000,3,-0.639637,0.836146,1.500000
1821,34.520000,3,-0.708029,0.779015,1.500000
1822,34.540000,3,-0.767174,0.720847,1.500000
1823,34.560000,3,-0.792383,0.693014,1.500000
1824,34.580000,3,-0.796960,0.687735,1.500000
1825,34.600000,3,-0.797632,0.686941,1.500000
1826,34.620000,3,-0.797632,0.686941,1.500000
1827,34.640000,3,-0.797632,0.686941,1.500000
1828,34.660000,3,-0.796991,0.687765,1.500000
1829,34.680000,3,-0.796655,0.688101,1.500000
1830,34.700000,3,-0.796808,0.687887,1.500000
1831,34.720000,3,-0.796808,0.687887,1.500000
1832,34.740000,3,-0.796869,0.687826,1.500000
1833,34.760000,3,-0.796960,0.687765,1.500000
1834,34.780000,3,-0.796960,0.687765,1.500000
1835,34.800000,3,-0.796960,0.687765,1.500000
1836,34.820000,3,-0.796960,0.687826,1.500000
1837,34.840000,3,-0.797021,0.687674,1.500000
1838,34.860000,3,-0.797174,0.687490,1.500000
1839,34.880000,3,-0.797174,0.687490,1.500000
1840,34.900000,3,-0.797174,0.687490,1.500000
1841,34.920000,3,-0.797174,0.687490,1.500000
1842,34.940000,3,-0.797174,0.687490,1.500000
1843,34.960000,3,-0.797174,0.687490,1.500000
1844,34.980000,3,-0.797174,0.687490,1.500000
1845,35.000000,3,-0.797174,0.687490,1.500000
1846,35.020000,3,-0.797174,0.687490,1.500000
1847,35.040000,3,-0.797174,0.687490,1.500000
1848,35.060000,3,-0.797479,0.687094,1.500000
1849,35.080000,3,-0.797845,0.686666,1.500000
1850,35.100000,3,-0.798029,0.686483,1.500000
1851,35.120000,3,-0.798029,0.686483,1.500000
1852,35.140000,3,-0.798395,0.686026,1.500000
1853,35.160000,3,-0.798395,0.686026,1.500000
1854,35.180000,3,-0.798395,0.686026,1.500000
1855,35.200000,3,-0.798761,0.685629,1.500000
1856,35.220000,3,-0.798578,0.685965,1.500000
1857,35.240000,3,-0.798486,0.686026,1.500000
1858,35.260000,3,-0.798486,0.686026,1.500000
1859,35.280000,3,-0.798486,0.686026,1.500000
1860,35.300000,3,-0.798486,0.686026,1.500000
1861,35.320000,3,-0.798486,0.686026,1.500000
1862,35.340000,3,-0.798486,0.686026,1.500000
1863,35.360000,3,-0.798486,0.686026,1.500000
1864,35.380000,3,-0.798486,0.686026,1.500000
1865,35.400000,3,-0.798486,0.686026,1.500000
1866,35.420000,3,-0.802881,0.680868,1.500000
1867,35.440000,3,-0.812525,0.669332,1.500000
1868,35.460000,3,-0.820399,0.659658,1.500000
1869,35.480000,3,-0.828761,0.649159,1.500000
1870,35.500000,3,-0.840724,0.633595,1.500000
1871,35.520000,3,-0.849605,0.621632,1.500000
1872,35.540000,3,-0.866665,0.597674,1.500000
1873,35.560000,3,-0.887875,0.565752,1.500000
1874,35.580000,3,-0.902737,0.541795,1.500000
1875,35.600000,3,-0.911496,0.526994,1.500000
1876,35.620000,3,-0.914548,0.521531,1.500000
1877,35.640000,3,-0.915006,0.520646,1.500000
1878,35.660000,3,-0.915433,0.519944,1.500000
1879,35.680000,3,-0.916196,0.518693,1.500000
1880,35.700000,3,-0.917356,0.516617,1.500000
1881,35.720000,3,-0.917997,0.515336,1.500000
1882,35.740000,3,-0.918210,0.515030,1.500000
1883,35.760000,3,-0.918210,0.515030,1.500000
1884,35.780000,3,-0.918210,0.515030,1.500000
1885,35.800000,3,-0.918210,0.515030,1.500000
1886,35.820000,3,-0.918210,0.515030,1.500000
1887,35.840000,3,-0.918210,0.515030,1.500000
1888,35.860000,3,-0.918210,0.515030,1.500000
1889,35.880000,3,-0.918485,0.514542,1.500000
1890,35.900000,3,-0.918485,0.514847,1.500000
1891,35.920000,3,-0.918485,0.514847,1.500000
1892,35.940000,3,-0.918485,0.514847,1.500000
1893,35.960000,3,-0.918607,0.514328,1.500000
1894,35.980000,3,-0.919462,0.512711,1.500000
1895,36.000000,3,-0.921323,0.509354,1.500000
1896,36.020000,3,-0.923826,0.505142,1.500000
1897,36.040000,3,-0.926847,0.499588,1.500000
1898,36.060000,3,-0.930113,0.493118,1.500000
1899,36.080000,3,-0.931791,0.490097,1.500000
1900,36.100000,3,-0.932066,0.489639,1.500000
1901,36.120000,3,-0.932401,0.488968,1.500000
1902,36.140000,3,-0.932981,0.487686,1.500000
1903,36.160000,3,-0.933348,0.487197,1.500000
1904,36.180000,3,-0.933409,0.487045,1.500000
1905,36.200000,3,-0.933531,0.486740,1.500000
1906,36.220000,3,-0.933683,0.486557,1.500000
1907,36.240000,3,-0.933683,0.486557,1.500000
1908,36.260000,3,-0.934172,0.485611,1.500000
1909,36.280000,3,-0.934294,0.485397,1.500000
1910,36.300000,3,-0.934294,0.485702,1.500000
1911,36.320000,3,-0.934049,0.486160,1.500000
1912,36.340000,3,-0.935636,0.482955,1.500000
1913,36.360000,3,-0.941557,0.471419,1.500000
1914,36.380000,3,-0.949767,0.454726,1.500000
1915,36.400000,3,-0.954375,0.444411,1.500000
1916,36.420000,3,-0.955779,0.441755,1.500000
1917,36.440000,3,-0.956298,0.440596,1.500000
1918,36.460000,3,-0.956786,0.439558,1.500000
1919,36.480000,3,-0.957152,0.438765,1.500000
1920,36.500000,3,-0.957610,0.437880,1.500000
1921,36.520000,3,-0.959532,0.433821,1.500000
1922,36.540000,3,-0.963408,0.425123,1.500000
1923,36.560000,3,-0.966094,0.418348,1.500000
1924,36.580000,3,-0.967589,0.415387,1.500000
1925,36.600000,3,-0.968230,0.413739,1.500000
1926,36.620000,3,-0.968352,0.413526,1.500000
1927,36.640000,3,-0.968352,0.413526,1.500000
1928,36.660000,3,-0.968535,0.413099,1.500000
1929,36.680000,3,-0.973693,0.401196,1.500000
1930,36.700000,3,-0.981903,0.380810,1.500000
1931,36.720000,3,-0.989654,0.360302,1.500000
1932,36.740000,3,-0.998535,0.335002,1.500000
1933,36.760000,3,-0.997009,0.325724,1.500000
1934,36.780000,3,-0.963683,0.319163,1.500000
1935,36.800000,3,-0.918638,0.315470,1.500000
1936,36.820000,3,-0.860103,0.312845,1.500000
1937,36.840000,3,-0.801233,0.309061,1.500000
1938,36.860000,3,-0.747429,0.306986,1.500000
1939,36.880000,3,-0.705405,0.301767,1.500000
1940,36.900000,3,-0.672414,0.298563,1.500000
1941,36.920000,3,-0.642964,0.296182,1.500000
1942,36.940000,3,-0.612842,0.293191,1.500000
1943,36.960000,3,-0.583178,0.290414,1.500000
1944,36.980000,3,-0.573779,0.288949,1.500000
1945,37.000000,3,-0.573138,0.288949,1.500000
1946,37.020000,3,-0.572954,0.288400,1.500000
1947,37.040000,3,-0.572100,0.288339,1.500000
1948,37.060000,3,-0.571459,0.288278,1.500000
1949,37.080000,3,-0.569933,0.288186,1.500000
1950,37.100000,3,-0.558428,0.288003,1.500000
1951,37.120000,3,-0.540239,0.286538,1.500000
1952,37.140000,3,-0.514115,0.284402,1.500000
1953,37.160000,3,-0.479659,0.281198,1.500000
1954,37.180000,3,-0.445448,0.277535,1.500000
1955,37.200000,3,-0.374615,0.266274,1.500000
1956,37.220000,3,-0.263771,0.224464,1.500000
1957,37.240000,3,-0.179540,0.169561,1.500000
1958,37.260000,3,-0.071108,0.071535,1.500000
1959,37.280000,3,-0.000000,-0.000000,1.500000
1960,37.300000,3,-0.000000,-0.000000,1.500000
1961,37.320000,3,-0.000000,-0.000000,1.486724
1962,37.340000,3,-0.000000,-0.000000,1.472579
1963,37.360000,3,-0.000000,-0.000000,1.451750
1964,37.380000,3,-0.000000,-0.000000,1.427396
1965,37.400000,3,-0.000000,-0.000000,1.393017
1966,37.420000,3,-0.000000,-0.000000,1.368755
1967,37.440000,3,-0.000000,-0.000000,1.346095
1968,37.460000,3,-0.000000,-0.000000,1.323664
1969,37.480000,3,-0.000000,-0.000000,1.308695
1970,37.500000,3,-0.000000,-0.000000,1.200476
1971,37.520000,3,-0.000000,-0.000000,0.647160
1972,37.540000,3,-0.000000,-0.000000,-0.000000
1973,37.560000,3,-0.000000,-0.000000,-0.000000
1974,37.580000,3,-0.000000,-0.000000,-0.000000
1975,37.600000,3,-0.000000,-0.000000,-0.000000
1976,37.620000,3,-0.000000,-0.000000,-0.000000
1977,37.640000,3,-0.000000,-0.000000,-0.000000
1978,37.660000,3,-0.000000,-0.000000,-0.000000
1979,37.680000,3,0.030580,0.000183,-0.000000
1980,37.700000,3,0.041139,-0.000000,-0.000000
1981,37.720000,3,0.041810,-0.000000,-0.000000
1982,37.740000,3,0.041871,-0.000000,-0.000000
1983,37.760000,3,0.041871,-0.000000,-0.000000
1984,37.780000,3,0.041871,-0.000000,-0.000000
1985,37.800000,3,0.044496,-0.000000,-0.000000
1986,37.820000,3,0.049074,-0.000000,-0.000000
1987,37.840000,3,0.079165,-0.000000,-0.000000
1988,37.860000,3,0.148412,-0.000000,-0.000000
1989,37.880000,3,0.229377,0.000458,-0.000000
1990,37.900000,3,0.338023,0.009857,-0.000000
1991,37.920000,3,0.452742,0.043031,-0.000000
1992,37.940000,3,0.573107,0.079318,-0.000000
1993,37.960000,3,0.736290,0.114048,-0.000000
1994,37.980000,3,0.880856,0.150578,-0.000000
1995,38.000000,3,1.000000,0.167547,-0.000000
1996,38.020000,3,1.000000,0.168432,-0.000000
1997,38.040000,3,1.000000,0.162481,-0.000000
1998,38.060000,3,1.000000,0.156499,-0.000000
1999,38.080000,3,1.000000,0.144780,-0.000000
2000,38.100000,3,1.000000,0.135105,-0.000000
2001,38.120000,3,1.000000,0.130894,-0.000000
2002,38.140000,3,1.000000,0.129521,-0.000000
2003,38.160000,3,1.000000,0.128849,-0.000000
2004,38.180000,3,1.000000,0.128452,-0.000000
2005,38.200000,3,1.000000,0.128452,-0.000000
2006,38.220000,3,1.000000,0.128605,-0.000000
2007,38.240000,3,1.000000,0.128605,-0.000000
2008,38.260000,3,1.000000,0.128452,-0.000000
2009,38.280000,3,1.000000,0.128605,-0.000000
2010,38.300000,3,1.000000,0.128819,-0.000000
2011,38.320000,3,1.000000,0.128819,-0.000000
2012,38.340000,3,1.000000,0.128605,-0.000000
2013,38.360000,3,1.000000,0.128605,-0.000000
2014,38.380000,3,1.000000,0.128605,-0.000000
2015,38.400000,3,1.000000,0.128605,-0.000000
2016,38.420000,3,1.000000,0.128605,-0.000000
2017,38.440000,3,1.000000,0.128605,-0.000000
2018,38.460000,3,1.000000,0.128605,-0.000000
2019,38.480000,3,1.000000,0.128605,-0.000000
2020,38.500000,3,1.000000,0.128605,-0.000000
2021,38.520000,3,1.000000,0.128605,-0.000000
2022,38.540000,3,1.000000,0.128605,-0.000000
2023,38.560000,3,1.000000,0.128605,-0.000000
2024,38.580000,3,1.000000,0.128605,-0.000000
2025,38.600000,3,1.000000,0.128605,-0.000000
2026,38.620000,3,1.000000,0.128605,-0.000000
2027,38.640000,3,1.000000,0.128605,-0.000000
2028,38.660000,3,1.000000,0.128605,-0.000000
2029,38.680000,3,1.000000,0.128605,-0.000000
2030,38.700000,3,1.000000,0.128605,-0.000000
2031,38.720000,3,1.000000,0.128605,-0.000000
2032,38.740000,3,1.000000,0.128605,-0.000000
2033,38.760000,3,1.000000,0.128605,-0.000000
2034,38.780000,3,1.000000,0.128605,-0.000000
2035,38.800000,3,1.000000,0.128605,-0.000000
2036,38.820000,3,1.000000,0.128605,-0.000000
2037,38.840000,3,1.000000,0.128605,-0.000000
2038,38.860000,3,1.000000,0.130253,-0.000000
2039,38.880000,3,1.000000,0.130375,-0.000000
2040,38.900000,3,0.982025,0.138585,-0.000000
2041,38.920000,3,0.949553,0.154149,-0.000000
2042,38.940000,3,0.935636,0.181524,-0.000000
2043,38.960000,3,0.926420,0.232521,-0.000000
2044,38.980000,3,0.914457,0.233161,0.012955
2045,39.000000,3,0.864376,0.199072,0.226920
2046,39.020000,3,0.739219,0.224860,0.206824
2047,39.040000,3,0.618763,0.228248,0.199728
2048,39.060000,3,0.430311,0.215186,0.249306
2049,39.080000,3,0.333811,0.196814,0.576296
2050,39.100000,3,0.251198,0.152318,1.262139
2051,39.120000,3,0.087771,0.039796,1.479812
2052,39.140000,3,-0.000000,-0.000000,1.475417
2053,39.160000,3,-0.000000,-0.000000,1.474364
2054,39.180000,3,-0.000000,-0.000000,1.474273
2055,39.200000,3,-0.000000,-0.000000,1.474273
2056,39.220000,3,-0.000000,-0.000000,1.474731
2057,39.240000,3,-0.000000,-0.000000,1.475509
2058,39.260000,3,-0.000000,-0.000000,1.477752
2059,39.280000,3,-0.000000,-0.000000,1.482513
2060,39.300000,3,-0.000000,-0.000000,1.485717
2061,39.320000,3,-0.000000,-0.000000,1.487320
2062,39.340000,3,-0.000000,-0.000000,1.487777
2063,39.360000,3,-0.000000,-0.000000,1.487777
2064,39.380000,3,-0.000000,-0.000000,1.487777
2065,39.400000,3,-0.000000,-0.000000,1.487777
2066,39.420000,3,-0.000000,-0.000000,1.487777
2067,39.440000,3,-0.000000,-0.000000,1.487777
2068,39.460000,3,-0.000000,-0.000000,1.487777
2069,39.480000,3,-0.000000,-0.000000,1.487777
2070,39.500000,3,-0.000000,-0.000000,1.487777
2071,39.520000,3,-0.000000,-0.000000,1.487777
2072,39.540000,3,-0.000000,-0.000000,1.487777
2073,39.560000,3,-0.000000,-0.000000,1.487777
2074,39.580000,3,-0.000000,-0.000000,1.487777
2075,39.600000,3,-0.000000,-0.000000,1.487777
2076,39.620000,3,-0.000000,-0.000000,1.487777
2077,39.640000,3,-0.000000,-0.000000,1.487777
2078,39.660000,3,-0.000000,-0.000000,1.487777
2079,39.680000,3,-0.000000,-0.000000,1.487777
2080,39.700000,3,-0.000000,-0.000000,1.487777
2081,39.720000,3,-0.000000,-0.000000,1.487777
2082,39.740000,3,-0.000000,-0.000000,1.487777
2083,39.760000,3,-0.000000,-0.000000,1.487777
2084,39.780000,3,-0.000000,-0.000000,1.487777
2085,39.800000,3,-0.000000,-0.000000,1.487777
2086,39.820000,3,-0.000000,-0.000000,1.487777
2087,39.840000,3,-0.000000,-0.000000,1.487777
2088,39.860000,3,-0.000000,-0.000000,1.487777
2089,39.880000,3,-0.000000,-0.000000,1.487777
2090,39.900000,3,-0.000000,-0.000000,1.487777
2091,39.920000,3,-0.000000,-0.000000,1.487777
2092,39.940000,3,-0.000000,-0.000000,1.487777
2093,39.960000,3,-0.000000,-0.000000,1.488510
2094,39.980000,3,-0.000000,-0.000000,1.488510
2095,40.000000,3,-0.000000,-0.000000,1.488510
2096,40.020000,3,-0.000000,-0.000000,1.488510
2097,40.040000,3,-0.000000,-0.000000,1.488372
2098,40.060000,3,-0.000000,-0.000000,1.487732
2099,40.080000,3,-0.000000,-0.000000,1.485214
2100,40.100000,3,-0.000000,-0.000000,1.482421
2101,40.120000,3,-0.000000,-0.000000,1.479995
2102,40.140000,3,-0.000000,-0.000000,1.477889
2103,40.160000,3,-0.000000,-0.000000,1.474181
2104,40.180000,3,-0.000000,-0.000000,1.465987
2105,40.200000,3,-0.000000,-0.000000,1.454817
2106,40.220000,3,0.010804,-0.000000,1.445158
2107,40.240000,3,0.063265,-0.000000,1.435362
2108,40.260000,3,0.163274,-0.000000,1.420026
2109,40.280000,3,0.297067,0.003174,1.393796
2110,40.300000,3,0.423811,0.029603,1.327189
2111,40.320000,3,0.548784,0.064211,1.138722
2112,40.340000,3,0.714438,0.119266,0.894040
2113,40.360000,3,0.858028,0.186865,0.662816
2114,40.380000,3,0.975433,0.251015,0.451460
2115,40.400000,3,1.000000,0.276864,0.244774
2116,40.420000,3,1.000000,0.279092,0.020234
2117,40.440000,3,1.000000,0.279427,-0.000000
2118,40.460000,3,1.000000,0.279275,-0.000000
2119,40.480000,3,1.000000,0.279427,-0.000000
2120,40.500000,3,1.000000,0.279855,-0.000000
2121,40.520000,3,1.000000,0.280099,-0.000000
2122,40.540000,3,1.000000,0.279641,-0.000000
2123,40.560000,3,1.000000,0.281716,-0.000000
2124,40.580000,3,1.000000,0.283792,-0.000000
2125,40.600000,3,0.999451,0.284585,-0.000000
2126,40.620000,3,0.956145,0.282022,-0.000000
2127,40.640000,3,0.846126,0.216498,-0.000000
2128,40.660000,3,0.676015,0.122227,0.125752
2129,40.680000,3,0.468490,0.047273,0.488083
2130,40.700000,3,0.034364,-0.000000,0.959456
2131,40.720000,3,-0.000000,-0.000000,1.452574
2132,40.740000,3,-0.000000,-0.000000,1.500000
2133,40.760000,3,-0.000000,-0.000000,1.500000
2134,40.780000,3,-0.000000,-0.000000,1.500000
2135,40.800000,3,-0.000000,-0.000000,1.500000
2136,40.820000,3,-0.000000,-0.000000,1.500000
2137,40.840000,3,-0.000000,-0.000000,1.500000
2138,40.860000,3,-0.000000,-0.000000,1.500000
2139,40.880000,3,-0.000000,-0.000000,1.500000
2140,40.900000,3,-0.000000,-0.000000,1.500000
2141,40.920000,3,-0.000000,-0.000000,1.500000
2142,40.940000,3,-0.000000,-0.000000,1.500000
2143,40.960000,3,-0.000000,-0.000000,1.500000
2144,40.980000,3,-0.000000,-0.000000,1.500000
2145,41.000000,3,-0.000000,-0.000000,1.500000
2146,41.020000,3,-0.000000,-0.000000,1.500000
2147,41.040000,3,-0.000000,-0.000000,1.500000
2148,41.060000,3,-0.000000,-0.000000,1.500000
2149,41.080000,3,-0.000000,-0.000000,1.500000
2150,41.100000,3,-0.000000,-0.000000,1.500000
2151,41.120000,3,-0.000000,-0.000000,1.500000
2152,41.140000,3,-0.000000,-0.000000,1.500000
2153,41.160000,3,-0.000000,-0.000000,1.500000
2154,41.180000,3,-0.000000,-0.000000,1.500000
2155,41.200000,3,-0.000000,-0.000000,1.500000
2156,41.220000,3,-0.000000,-0.000000,1.500000
2157,41.240000,3,-0.000000,-0.000000,1.500000
2158,41.260000,3,-0.000000,-0.000000,1.500000
2159,41.280000,3,-0.000000,-0.000000,1.500000
2160,41.300000,3,-0.000000,-0.000000,1.500000
2161,41.320000,3,-0.000000,-0.000000,1.500000
2162,41.340000,3,-0.000000,-0.000000,1.500000
2163,41.360000,3,-0.000000,-0.000000,1.500000
2164,41.380000,3,-0.000000,-0.000000,1.500000
2165,41.400000,3,-0.000000,-0.000000,1.500000
2166,41.420000,3,-0.000000,-0.000000,1.500000
2167,41.440000,3,-0.000000,-0.000000,1.500000
2168,41.460000,3,-0.000000,-0.000000,1.500000
2169,41.480000,3,-0.000000,-0.000000,1.500000
2170,41.500000,3,-0.000000,-0.000000,1.500000
2171,41.520000,3,-0.000000,-0.000000,1.500000
2172,41.540000,3,-0.000000,-0.000000,1.500000
2173,41.560000,3,-0.000000,-0.000000,1.500000
2174,41.580000,3,-0.000000,-0.000000,1.500000
2175,41.600000,3,-0.000000,-0.000000,1.500000
2176,41.620000,3,-0.000000,-0.000000,1.353236
2177,41.640000,3,-0.000000,-0.000000,0.901868
2178,41.660000,3,-0.000000,-0.000000,-0.000000
2179,41.680000,3,-0.000000,-0.000000,-0.000000
2180,41.700000,3,-0.000000,-0.000000,-0.000000
2181,41.720000,3,-0.000000,-0.000000,-0.000000
2182,41.740000,3,-0.000000,-0.000000,-0.000000
2183,41.760000,3,-0.000000,-0.000000,-0.000000
2184,41.780000,3,-0.000000,-0.000000,-0.000000
2185,41.800000,3,-0.000000,-0.000000,-0.000000
2186,41.820000,3,-0.000000,-0.000000,-0.000000
2187,41.840000,3,-0.000000,-0.000000,-0.000000
2188,41.860000,3,-0.000000,-0.000000,-0.000000
2189,41.880000,3,-0.000000,-0.000000,-0.000000
2190,41.900000,3,-0.000000,-0.000000,-0.000000
2191,41.920000,3,-0.000000,-0.000000,-0.000000
2192,41.940000,3,0.002564,-0.000000,-0.000000
2193,41.960000,3,0.016114,-0.000000,-0.000000
2194,41.980000,3,0.042360,-0.000000,-0.000000
2195,42.000000,3,0.090060,-0.000000,-0.000000
2196,42.020000,3,0.170019,0.000763,-0.000000
2197,42.040000,3,0.260079,0.012146,-0.000000
2198,42.060000,3,0.338572,0.022950,-0.000000
2199,42.080000,3,0.404187,0.031953,-0.000000
2200,42.100000,3,0.466170,0.038881,-0.000000
2201,42.120000,3,0.523240,0.043123,-0.000000
2202,42.140000,3,0.545762,0.044465,-0.000000
2203,42.160000,3,0.552507,0.044679,-0.000000
2204,42.180000,3,0.555162,0.044801,-0.000000
2205,42.200000,3,0.565020,0.044862,-0.000000
2206,42.220000,3,0.574114,0.045045,-0.000000
2207,42.240000,3,0.591235,0.045412,-0.000000
2208,42.260000,3,0.605152,0.045656,-0.000000
2209,42.280000,3,0.615009,0.045656,-0.000000
2210,42.300000,3,0.618458,0.045656,-0.000000
2211,42.320000,3,0.620350,0.045717,-0.000000
2212,42.340000,3,0.622059,0.045778,-0.000000
2213,42.360000,3,0.623646,0.045778,-0.000000
2214,42.380000,3,0.625019,0.045778,-0.000000
2215,42.400000,3,0.625263,0.045839,-0.000000
2216,42.420000,3,0.625263,0.045839,-0.000000
2217,42.440000,3,0.625721,0.045839,-0.000000
2218,42.460000,3,0.626911,0.045839,-0.000000
2219,42.480000,3,0.627125,0.045839,-0.000000
2220,42.500000,3,0.627125,0.045839,-0.000000
2221,42.520000,3,0.626637,0.045839,-0.000000
2222,42.540000,3,0.627277,0.045839,-0.000000
2223,42.560000,3,0.628925,0.045839,-0.000000
2224,42.580000,3,0.628925,0.045839,-0.000000
2225,42.600000,3,0.628925,0.045839,-0.000000
2226,42.620000,3,0.628925,0.045839,-0.000000
2227,42.640000,3,0.628925,0.045839,-0.000000
2228,42.660000,3,0.628925,0.045839,-0.000000
2229,42.680000,3,0.628925,0.045839,-0.000000
2230,42.700000,3,0.628925,0.045839,-0.000000
2231,42.720000,3,0.629871,0.045900,-0.000000
2232,42.740000,3,0.630634,0.045900,-0.000000
2233,42.760000,3,0.630543,0.045900,-0.000000
2234,42.780000,3,0.630543,0.045900,-0.000000
2235,42.800000,3,0.630543,0.045900,-0.000000
2236,42.820000,3,0.630543,0.045900,-0.000000
2237,42.840000,3,0.630543,0.045900,-0.000000
2238,42.860000,3,0.630543,0.045900,-0.000000
2239,42.880000,3,0.630543,0.045900,-0.000000
2240,42.900000,3,0.631519,0.045900,-0.000000
2241,42.920000,3,0.633473,0.045900,-0.000000
2242,42.940000,3,0.634388,0.045961,-0.000000
2243,42.960000,3,0.634297,0.045961,-0.000000
2244,42.980000,3,0.634144,0.045961,-0.000000
2245,43.000000,3,0.635701,0.045961,-0.000000
2246,43.020000,3,0.636372,0.045961,-0.000000
2247,43.040000,3,0.636372,0.045961,-0.000000
2248,43.060000,3,0.636311,0.045961,-0.000000
2249,43.080000,3,0.636311,0.045961,-0.000000
2250,43.100000,3,0.636311,0.045961,-0.000000
2251,43.120000,3,0.636311,0.045961,-0.000000
2252,43.140000,3,0.637104,0.045961,-0.000000
2253,43.160000,3,0.637379,0.045961,-0.000000
2254,43.180000,3,0.637379,0.045961,-0.000000
2255,43.200000,3,0.636952,0.045961,-0.000000
2256,43.220000,3,0.637715,0.045961,-0.000000
2257,43.240000,3,0.638173,0.046022,-0.000000
2258,43.260000,3,0.638081,0.046022,-0.000000
2259,43.280000,3,0.637867,0.046022,-0.000000
2260,43.300000,3,0.637867,0.046022,-0.000000
2261,43.320000,3,0.638081,0.046022,-0.000000
2262,43.340000,3,0.638295,0.046022,-0.000000
2263,43.360000,3,0.638295,0.046022,-0.000000
2264,43.380000,3,0.638295,0.046022,-0.000000
2265,43.400000,3,0.638295,0.046022,-0.000000
2266,43.420000,3,0.638295,0.046022,-0.000000
2267,43.440000,3,0.638295,0.042756,-0.000000
2268,43.460000,3,0.638295,0.041261,-0.000000
2269,43.480000,3,0.638295,0.040437,-0.000000
2270,43.500000,3,0.638295,0.040437,-0.000000
2271,43.520000,3,0.638295,0.040010,-0.000000
2272,43.540000,3,0.638295,0.040010,-0.000000
2273,43.560000,3,0.638295,0.039644,-0.000000
2274,43.580000,3,0.638295,0.039644,-0.000000
2275,43.600000,3,0.638295,0.039247,-0.000000
2276,43.620000,3,0.638295,0.039247,-0.000000
2277,43.640000,3,0.638295,0.039247,-0.000000
2278,43.660000,3,0.638295,0.039247,-0.000000
2279,43.680000,3,0.638295,0.039247,-0.000000
2280,43.700000,3,0.638295,0.039796,-0.000000
2281,43.720000,3,0.638295,0.039796,-0.000000
2282,43.740000,3,0.638295,0.039613,-0.000000
2283,43.760000,3,0.638295,0.039613,-0.000000
2284,43.780000,3,0.636555,0.040315,-0.000000
2285,43.800000,3,0.636036,0.040529,-0.000000
2286,43.820000,3,0.632832,0.040315,-0.000000
2287,43.840000,3,0.632282,0.039735,-0.000961
2288,43.860000,3,0.633290,0.039735,-0.016160
2289,43.880000,3,0.633503,0.039888,-0.023988
2290,43.900000,3,0.633290,0.039583,-0.024857
2291,43.920000,3,0.633106,0.039735,-0.026093
2292,43.940000,3,0.633106,0.039735,-0.026093
2293,43.960000,3,0.633259,0.039583,-0.026414
2294,43.980000,3,0.633229,0.039583,-0.028153
2295,44.000000,3,0.633045,0.039583,-0.028977
2296,44.020000,3,0.633045,0.039583,-0.028977
2297,44.040000,3,0.633045,0.039583,-0.028977
2298,44.060000,3,0.633045,0.039583,-0.030168
2299,44.080000,3,0.633045,0.039583,-0.030259
2300,44.100000,3,0.633045,0.039583,-0.031358
2301,44.120000,3,0.633045,0.039583,-0.031312
2302,44.140000,3,0.633045,0.039583,-0.031495
2303,44.160000,3,0.633045,0.039583,-0.031495
2304,44.180000,3,0.633045,0.039583,-0.031358
2305,44.200000,3,0.633045,0.039583,-0.031358
2306,44.220000,3,0.633045,0.039583,-0.031358
2307,44.240000,3,0.633045,0.039583,-0.031358
2308,44.260000,3,0.633045,0.039583,-0.031358
2309,44.280000,3,0.633045,0.039583,-0.031358
2310,44.300000,3,0.633045,0.039583,-0.031358
2311,44.320000,3,0.633045,0.039583,-0.031358
2312,44.340000,3,0.633045,0.039583,-0.031358
2313,44.360000,3,0.633045,0.039583,-0.031358
2314,44.380000,3,0.633045,0.039583,-0.031358
2315,44.400000,3,0.633045,0.039583,-0.031358
2316,44.420000,3,0.633045,0.039583,-0.031358
2317,44.440000,3,0.633045,0.039583,-0.031358
2318,44.460000,3,0.633045,0.039583,-0.031358
2319,44.480000,3,0.633045,0.039583,-0.031358
2320,44.500000,3,0.633045,0.038820,-0.031358
2321,44.520000,3,0.633045,0.039003,-0.031358
2322,44.540000,3,0.633045,0.039796,-0.031358
2323,44.560000,3,0.633045,0.039857,-0.031358
2324,44.580000,3,0.633045,0.039705,-0.031358
2325,44.600000,3,0.633045,0.039552,-0.031358
2326,44.620000,3,0.633045,0.039552,-0.031358
2327,44.640000,3,0.633045,0.039552,-0.031358
2328,44.660000,3,0.633045,0.039552,-0.031358
2329,44.680000,3,0.633045,0.039552,-0.031358
2330,44.700000,3,0.633045,0.039552,-0.031358
2331,44.720000,3,0.633045,0.039552,-0.031358
2332,44.740000,3,0.633045,0.039552,-0.034333
2333,44.760000,3,0.633045,0.039552,-0.036760
2334,44.780000,3,0.633045,0.039552,-0.038682
2335,44.800000,3,0.633045,0.039552,-0.040147
2336,44.820000,3,0.633045,0.039552,-0.041383
2337,44.840000,3,0.633045,0.039552,-0.041704
2338,44.860000,3,0.633045,0.039552,-0.042344
2339,44.880000,3,0.633045,0.039552,-0.042619
2340,44.900000,3,0.633045,0.039552,-0.064364
2341,44.920000,3,0.633045,0.039552,-0.091601
2342,44.940000,3,0.633045,0.039552,-0.116871
2343,44.960000,3,0.633045,0.039552,-0.141453
2344,44.980000,3,0.633045,0.039552,-0.175375
2345,45.000000,3,0.633045,0.039552,-0.232002
2346,45.020000,3,0.633045,0.039552,-0.281625
2347,45.040000,3,0.633045,0.039552,-0.337291
2348,45.060000,3,0.633045,0.039552,-0.358348
2349,45.080000,3,0.633045,0.039552,-0.362606
2350,45.100000,3,0.633045,0.039552,-0.366817
2351,45.120000,3,0.633045,0.039552,-0.369518
2352,45.140000,3,0.633045,0.039552,-0.370891
2353,45.160000,3,0.633045,0.039552,-0.371349
2354,45.180000,3,0.633045,0.039552,-0.381787
2355,45.200000,3,0.633045,0.039552,-0.416669
2356,45.220000,3,0.633045,0.039552,-0.423353
2357,45.240000,3,0.633045,0.039552,-0.425550
2358,45.260000,3,0.633045,0.039552,-0.428755
2359,45.280000,3,0.633045,0.039552,-0.431135
2360,45.300000,3,0.633045,0.039552,-0.431227
2361,45.320000,3,0.633045,0.039552,-0.429441
2362,45.340000,3,0.633045,0.039552,-0.418638
2363,45.360000,3,0.633045,0.039552,-0.403485
2364,45.380000,3,0.633045,0.039552,-0.393963
2365,45.400000,3,0.633045,0.039552,-0.392636
2366,45.420000,3,0.633045,0.039552,-0.393277
2367,45.440000,3,0.633045,0.039552,-0.392636
2368,45.460000,3,0.633045,0.039552,-0.393185
2369,45.480000,3,0.631886,0.039552,-0.393277
2370,45.500000,3,0.629292,0.039491,-0.394330
2371,45.520000,3,0.624439,0.039491,-0.394650
2372,45.540000,3,0.614429,0.039308,-0.396481
2373,45.560000,3,0.593005,0.039003,-0.397305
2374,45.580000,3,0.562548,0.021912,-0.397305
2375,45.600000,3,0.502365,-0.010712,-0.397305
2376,45.620000,3,0.436628,-0.030946,-0.396710
2377,45.640000,3,0.337077,-0.050325,-0.396710
2378,45.660000,3,0.278146,-0.053591,-0.396710
2379,45.680000,3,0.208594,-0.050295,-0.396710
2380,45.700000,3,0.047609,-0.017457,-0.396710
2381,45.720000,3,-0.000000,-0.000000,-0.396893
2382,45.740000,3,-0.000000,-0.000000,-0.396985
2383,45.760000,3,-0.000000,-0.000000,-0.397076
2384,45.780000,3,-0.000000,-0.000000,-0.397076
2385,45.800000,3,-0.000000,-0.000000,-0.397259
2386,45.820000,3,-0.000000,-0.000000,-0.409024
2387,45.840000,3,-0.000000,-0.000000,-0.431043
2388,45.860000,3,-0.000000,-0.000000,-0.478332
2389,45.880000,3,-0.000000,-0.000000,-0.541734
2390,45.900000,3,-0.000000,-0.000000,-0.596164
2391,45.920000,3,-0.000000,-0.000000,-0.645467
2392,45.940000,3,-0.000000,-0.000000,-0.673208
2393,45.960000,3,-0.000000,-0.000000,-0.685385
2394,45.980000,3,-0.000000,-0.000000,-0.704108
2395,46.000000,3,-0.000000,-0.000000,-0.818598
2396,46.020000,3,-0.000000,-0.000000,-0.931211
2397,46.040000,3,-0.000000,-0.000000,-1.028672
2398,46.060000,3,-0.000000,-0.000000,-1.089648
2399,46.080000,3,-0.000000,-0.000000,-1.127094
2400,46.100000,3,-0.000000,-0.000000,-1.182531
2401,46.120000,3,-0.000000,-0.000000,-1.244057
2402,46.140000,3,-0.000000,-0.000000,-1.330760
2403,46.160000,3,-0.000000,-0.000000,-1.389401
2404,46.180000,3,-0.000000,-0.000000,-1.424558
2405,46.200000,3,-0.000000,-0.000000,-1.463012
2406,46.220000,3,-0.000000,-0.000000,-1.480453
2407,46.240000,3,-0.000000,-0.000000,-1.489151
2408,46.260000,3,-0.000000,-0.000000,-1.490021
2409,46.280000,3,-0.000000,-0.000000,-1.490341
2410,46.300000,3,-0.000000,-0.000000,-1.490341
2411,46.320000,3,-0.000000,-0.000000,-1.490341
2412,46.340000,3,-0.000000,-0.000000,-1.492355
2413,46.360000,3,-0.000000,-0.000000,-1.493545
2414,46.380000,3,-0.000000,-0.000000,-1.495468
2415,46.400000,3,-0.000000,-0.000000,-1.496384
2416,46.420000,3,-0.000000,-0.000000,-1.496384
2417,46.440000,3,-0.000000,-0.000000,-1.497162
2418,46.460000,3,-0.000000,-0.000000,-1.497253
2419,46.480000,3,-0.000000,-0.000000,-1.497253
2420,46.500000,3,-0.000000,-0.000000,-1.497253
2421,46.520000,3,-0.000000,-0.000000,-1.497253
2422,46.540000,3,-0.000000,-0.000000,-1.498352
2423,46.560000,3,-0.000000,-0.000000,-1.498672
2424,46.580000,3,-0.000000,-0.000000,-1.500000
2425,46.600000,3,-0.000000,-0.000000,-1.500000
2426,46.620000,3,-0.000000,-0.000000,-1.500000
2427,46.640000,3,-0.000000,-0.000000,-1.500000
2428,46.660000,3,-0.000000,-0.000000,-1.500000
2429,46.680000,3,-0.000000,-0.000000,-1.500000
2430,46.700000,3,-0.000000,-0.000000,-1.500000
2431,46.720000,3,-0.000000,-0.000000,-1.500000
2432,46.740000,3,-0.000000,-0.000000,-1.500000
2433,46.760000,3,-0.000000,-0.000000,-1.500000
2434,46.780000,3,-0.000000,-0.000000,-1.500000
2435,46.800000,3,-0.000000,-0.000000,-1.500000
2436,46.820000,3,-0.000000,-0.000000,-1.500000
2437,46.840000,3,-0.000000,-0.000000,-1.500000
2438,46.860000,3,-0.000000,-0.000000,-1.500000
2439,46.880000,3,-0.000000,-0.000000,-1.500000
2440,46.900000,3,-0.000000,-0.000000,-1.500000
2441,46.920000,3,-0.000000,-0.000000,-1.500000
2442,46.940000,3,-0.000000,-0.000000,-1.500000
2443,46.960000,3,-0.000000,-0.000000,-1.500000
2444,46.980000,3,-0.000000,-0.000000,-1.500000
2445,47.000000,3,-0.000000,-0.000000,-1.500000
2446,47.020000,3,-0.000000,-0.000000,-1.500000
2447,47.040000,3,-0.000000,-0.000000,-1.500000
2448,47.060000,3,-0.000000,-0.000000,-1.500000
2449,47.080000,3,-0.000000,-0.000000,-1.500000
2450,47.100000,3,-0.000000,-0.000000,-1.500000
2451,47.120000,3,-0.000000,-0.000000,-1.500000
2452,47.140000,3,-0.000000,-0.000000,-1.500000
2453,47.160000,3,-0.000000,-0.000000,-1.500000
2454,47.180000,3,-0.000000,-0.000000,-1.500000
2455,47.200000,3,-0.000000,-0.000000,-1.500000
2456,47.220000,3,-0.000000,-0.000000,-1.500000
2457,47.240000,3,-0.000000,-0.000000,-1.500000
2458,47.260000,3,-0.000000,-0.000000,-1.500000
2459,47.280000,3,-0.000000,-0.000000,-1.500000
2460,47.300000,3,-0.000000,-0.000000,-1.500000
2461,47.320000,3,-0.000000,-0.000000,-1.500000
2462,47.340000,3,-0.000000,-0.000000,-1.500000
2463,47.360000,3,-0.000000,-0.000000,-1.500000
2464,47.380000,3,-0.000000,-0.000000,-1.500000
2465,47.400000,3,-0.000000,-0.000000,-1.500000
2466,47.420000,3,-0.000000,-0.000000,-1.500000
2467,47.440000,3,-0.000000,-0.000000,-1.500000
2468,47.460000,3,-0.000000,-0.000000,-1.500000
2469,47.480000,3,-0.000000,-0.000000,-1.500000
2470,47.500000,3,-0.000000,-0.000000,-1.500000
2471,47.520000,3,-0.000000,-0.000000,-1.500000
2472,47.540000,3,-0.000000,-0.000000,-1.500000
2473,47.560000,3,-0.000000,-0.000000,-1.500000
2474,47.580000,3,-0.000000,-0.000000,-1.500000
2475,47.600000,3,-0.000000,-0.000000,-1.500000
2476,47.620000,3,-0.000000,-0.000000,-1.500000
2477,47.640000,3,-0.000000,-0.000000,-1.500000
2478,47.660000,3,-0.000000,-0.000000,-1.500000
2479,47.680000,3,-0.000000,-0.000000,-1.500000
2480,47.700000,3,-0.000000,-0.000000,-1.500000
2481,47.720000,3,-0.000000,-0.000000,-1.500000
2482,47.740000,3,-0.000000,-0.000000,-1.500000
2483,47.760000,3,-0.000000,-0.000000,-1.500000
2484,47.780000,3,-0.000000,-0.000000,-1.500000
2485,47.800000,3,-0.000000,-0.000000,-1.500000
2486,47.820000,3,-0.000000,-0.000000,-1.500000
2487,47.840000,3,-0.000000,-0.000000,-1.500000
2488,47.860000,3,-0.000000,-0.000000,-1.500000
2489,47.880000,3,-0.000000,-0.000000,-1.500000
2490,47.900000,3,-0.000000,-0.000000,-1.500000
2491,47.920000,3,-0.000000,-0.000000,-1.500000
2492,47.940000,3,-0.000000,-0.000000,-1.500000
2493,47.960000,3,-0.000000,-0.000000,-1.500000
2494,47.980000,3,-0.000000,-0.000000,-1.500000
2495,48.000000,3,-0.000000,-0.000000,-1.500000
2496,48.020000,3,-0.000000,-0.000000,-1.500000
2497,48.040000,3,-0.000000,-0.000000,-1.500000
2498,48.060000,3,-0.000000,-0.000000,-1.500000
2499,48.080000,3,-0.000000,-0.000000,-1.500000
2500,48.100000,3,-0.000000,-0.000000,-1.500000
2501,48.120000,3,-0.000000,-0.000000,-1.500000
2502,48.140000,3,-0.000000,-0.000000,-1.500000
2503,48.160000,3,-0.000000,-0.000000,-1.500000
2504,48.180000,3,-0.000000,-0.000000,-1.500000
2505,48.200000,3,-0.000000,-0.000000,-1.500000
2506,48.220000,3,-0.000000,-0.000000,-1.385876
2507,48.240000,3,-0.000000,-0.000000,-1.131031
2508,48.260000,3,-0.000000,-0.000000,-0.582888
2509,48.280000,3,-0.000000,-0.000000,-0.000000
2510,48.300000,3,-0.000000,-0.000000,-0.000000
2511,48.320000,3,-0.000000,-0.000000,-0.000000
2512,48.340000,3,-0.000000,-0.000000,-0.000000
2513,48.360000,3,-0.000000,-0.000000,-0.000000
2514,48.380000,3,-0.000000,-0.000000,-0.000000
2515,48.400000,3,-0.000000,-0.000000,-0.000000
2516,48.420000,3,-0.000000,-0.000000,-0.000000
2517,48.440000,3,-0.000000,-0.000000,-0.000000
2518,48.460000,3,-0.000000,-0.000000,-0.000000
2519,48.480000,3,-0.000000,-0.000000,-0.000000
2520,48.500000,3,-0.000000,-0.000000,-0.000000
2521,48.520000,3,-0.000000,-0.000000,-0.000000
2522,48.540000,3,-0.000000,-0.000000,-0.000000
2523,48.560000,3,-0.000000,-0.000000,-0.000000
2524,48.580000,3,-0.000000,-0.000000,-0.000000
2525,48.600000,3,-0.000000,-0.000000,-0.000000
2526,48.620000,3,-0.000000,-0.000000,-0.000000
2527,48.640000,3,-0.000000,-0.000000,-0.000000
2528,48.660000,3,-0.000000,-0.000000,-0.000000
2529,48.680000,3,-0.000000,-0.000000,-0.000000
2530,48.700000,3,-0.000000,-0.000000,-0.000000
2531,48.720000,3,-0.000000,-0.000000,-0.000000
2532,48.740000,3,-0.000000,-0.000000,-0.000000
2533,48.760000,3,-0.000000,-0.000000,-0.000000
2534,48.780000,3,-0.000000,-0.000000,-0.000000
2535,48.800000,3,-0.000000,-0.000000,-0.000000
2536,48.820000,3,-0.000000,-0.000000,-0.000000
2537,48.840000,3,-0.000000,-0.000000,-0.000000
2538,48.860000,3,-0.000000,-0.000000,-0.000000
2539,48.880000,3,-0.000000,-0.000000,-0.000000
2540,48.900000,3,-0.000000,-0.000000,-0.000000
2541,48.920000,3,-0.000000,-0.000000,-0.000000
2542,48.940000,3,-0.000000,-0.000000,-0.000000
2543,48.960000,3,-0.000000,-0.000000,-0.000000
2544,48.980000,3,-0.000000,-0.000000,-0.000000
2545,49.000000,3,-0.000000,-0.000000,-0.000000
2546,49.020000,3,-0.000000,-0.000000,-0.000000
2547,49.040000,3,-0.000000,-0.000000,-0.000000
2548,49.060000,3,-0.000000,-0.000000,-0.000000
2549,49.080000,3,-0.000000,-0.000000,-0.000000
2550,49.100000,3,-0.000000,-0.000000,-0.000000
2551,49.120000,3,-0.000000,-0.000000,-0.000000
2552,49.140000,3,-0.000000,-0.000000,-0.000000
2553,49.160000,3,-0.000000,-0.000000,-0.000000
2554,49.180000,3,-0.000000,-0.000000,-0.000000
2555,49.200000,3,-0.000000,-0.000000,-0.000000
2556,49.220000,3,-0.000000,-0.000000,-0.000000
2557,49.240000,3,-0.000000,-0.000000,-0.000000
2558,49.260000,3,-0.000000,-0.000000,-0.000000
2559,49.280000,3,-0.000000,-0.000000,-0.000000
2560,49.300000,3,-0.000000,-0.000000,-0.000000
2561,49.320000,3,0.013123,-0.000000,-0.000000
2562,49.340000,3,0.027070,-0.001587,-0.000000
2563,49.360000,3,0.033937,-0.002655,-0.000000
2564,49.380000,3,0.036439,-0.003021,-0.000000
2565,49.400000,3,0.040498,-0.003540,-0.000000
2566,49.420000,3,0.043764,-0.003998,-0.000000
2567,49.440000,3,0.043977,-0.004059,0.091601
2568,49.460000,3,0.043550,-0.004059,0.391491
2569,49.480000,3,0.043550,-0.004059,0.560549
2570,49.500000,3,0.043550,-0.004059,0.828761
2571,49.520000,3,0.043550,-0.004059,1.104709
2572,49.540000,3,0.043550,-0.004059,1.214667
2573,49.560000,3,0.043764,-0.004059,1.343165
2574,49.580000,3,0.043519,-0.004059,1.438795
2575,49.600000,3,0.043519,-0.004059,1.493912
2576,49.620000,3,0.043519,-0.004059,1.500000
2577,49.640000,3,0.043519,-0.004059,1.500000
2578,49.660000,3,0.043519,-0.004059,1.500000
2579,49.680000,3,0.043519,-0.004059,1.500000
2580,49.700000,3,0.043519,-0.004059,1.500000
2581,49.720000,3,0.043519,-0.004059,1.500000
2582,49.740000,3,0.043519,-0.004059,1.485443
2583,49.760000,3,0.043519,-0.004059,1.359691
2584,49.780000,3,0.043519,-0.004059,1.135517
2585,49.800000,3,0.043519,-0.004059,0.996170
2586,49.820000,3,0.043519,-0.004059,0.809900
2587,49.840000,3,0.045625,-0.004242,0.634114
2588,49.860000,3,0.046663,-0.004364,0.420881
2589,49.880000,3,0.047914,-0.004547,0.136509
2590,49.900000,3,0.049348,-0.004669,-0.000000
2591,49.920000,3,0.050172,-0.004791,-0.000000
2592,49.940000,3,0.051119,-0.004913,-0.000000
2593,49.960000,3,0.052156,-0.005036,-0.000000
2594,49.980000,3,0.053438,-0.005219,-0.000000
2595,50.000000,3,0.052797,-0.005219,-0.000000
2596,50.020000,3,0.072237,-0.007080,-0.000000
2597,50.040000,3,0.101993,-0.009583,-0.000000
2598,50.060000,3,0.132145,-0.011597,-0.000000
2599,50.080000,3,0.145268,-0.012360,-0.000000
2600,50.100000,3,0.150609,-0.012696,-0.000000
2601,50.120000,3,0.154729,-0.012940,-0.000000
2602,50.140000,3,0.184088,-0.008972,-0.000000
2603,50.160000,3,0.221778,-0.000000,-0.000000
2604,50.180000,3,0.250649,0.009186,-0.000000
2605,50.200000,3,0.273751,0.010590,-0.000000
2606,50.220000,3,0.284402,0.011353,-0.000000
2607,50.240000,3,0.290170,0.011658,-0.000000
2608,50.260000,3,0.295358,0.011719,-0.000000
2609,50.280000,3,0.298074,0.011292,-0.000000
2610,50.300000,3,0.301523,0.011048,-0.000000
2611,50.320000,3,0.306894,0.011048,-0.000000
2612,50.340000,3,0.312479,0.011261,-0.000000
2613,50.360000,3,0.318583,0.011261,-0.000000
2614,50.380000,3,0.324290,0.011261,-0.000000
2615,50.400000,3,0.331767,0.011261,-0.000000
2616,50.420000,3,0.339488,0.011261,-0.000000
2617,50.440000,3,0.347423,0.011261,-0.000000
2618,50.460000,3,0.352031,0.011322,-0.000000
2619,50.480000,3,0.355998,0.011383,-0.000000
2620,50.500000,3,0.362835,0.011200,-0.000000
2621,50.520000,3,0.370434,0.011353,-0.000000
2622,50.540000,3,0.372723,0.011567,-0.000000
2623,50.560000,3,0.374340,0.011567,-0.000000
2624,50.580000,3,0.375805,0.011567,-0.000000
2625,50.600000,3,0.376751,0.011567,-0.000000
2626,50.620000,3,0.377819,0.011628,-0.000000
2627,50.640000,3,0.378735,0.011628,-0.000000
2628,50.660000,3,0.378796,0.011628,-0.000000
2629,50.680000,3,0.378796,0.011536,-0.000000
2630,50.700000,3,0.381390,0.011536,-0.000000
2631,50.720000,3,0.382794,0.011536,-0.000000
2632,50.740000,3,0.385266,0.011536,-0.000000
2633,50.760000,3,0.386151,0.011536,-0.000000
2634,50.780000,3,0.386303,0.011536,-0.000000
2635,50.800000,3,0.387158,0.011536,-0.000000
2636,50.820000,3,0.387280,0.011536,-0.000000
2637,50.840000,3,0.387280,0.011536,-0.000000
2638,50.860000,3,0.387280,0.011536,-0.000000
2639,50.880000,3,0.387280,0.011536,-0.000000
2640,50.900000,3,0.387280,0.011536,-0.000000
2641,50.920000,3,0.387280,0.011536,-0.000000
2642,50.940000,3,0.387280,0.011536,-0.000000
2643,50.960000,3,0.387280,0.011536,-0.000000
2644,50.980000,3,0.387280,0.011536,-0.000000
2645,51.000000,3,0.387280,0.011536,-0.000000
2646,51.020000,3,0.387280,0.011536,-0.000000
2647,51.040000,3,0.387280,0.011536,-0.000000
2648,51.060000,3,0.387280,0.011536,-0.000000
2649,51.080000,3,0.387280,0.011536,-0.000000
2650,51.100000,3,0.387280,0.011536,-0.000000
2651,51.120000,3,0.387280,0.011536,-0.000000
2652,51.140000,3,0.387280,0.011536,-0.000000
2653,51.160000,3,0.387280,0.011536,-0.000000
2654,51.180000,3,0.387280,0.011536,-0.000000
2655,51.200000,3,0.387280,0.011536,-0.000000
2656,51.220000,3,0.387280,0.011536,-0.000000
2657,51.240000,3,0.387280,0.011536,-0.000000
2658,51.260000,3,0.387280,0.011536,-0.000000
2659,51.280000,3,0.387280,0.011536,-0.000000
2660,51.300000,3,0.387280,0.011536,-0.000000
2661,51.320000,3,0.387280,0.011536,-0.000000
2662,51.340000,3,0.387280,0.011536,-0.000000
2663,51.360000,3,0.387280,0.011536,-0.000000
2664,51.380000,3,0.387280,0.011536,-0.000000
2665,51.400000,3,0.387280,0.011536,-0.000000
2666,51.420000,3,0.388409,0.011536,-0.000000
2667,51.440000,3,0.388409,0.011536,-0.000000
2668,51.460000,3,0.388409,0.011536,-0.000000
2669,51.480000,3,0.388409,0.011536,-0.000000
2670,51.500000,3,0.388409,0.011536,-0.000000
2671,51.520000,3,0.387616,0.011536,-0.000000
2672,51.540000,3,0.378399,0.011536,-0.000000
2673,51.560000,3,0.370251,0.011475,-0.000000
2674,51.580000,3,0.363231,0.011353,-0.000000
2675,51.600000,3,0.359050,0.011353,-0.000000
2676,51.620000,3,0.353710,0.011292,-0.000000
2677,51.640000,3,0.347148,0.011170,-0.000000
2678,51.660000,3,0.337321,0.011078,-0.000000
2679,51.680000,3,0.317484,0.010773,-0.000000
2680,51.700000,3,0.286508,0.010346,-0.000000
2681,51.720000,3,0.233528,0.004273,-0.000000
2682,51.740000,3,0.167302,-0.000000,-0.000000
2683,51.760000,3,0.101901,-0.000000,-0.000000
2684,51.780000,3,-0.000000,-0.000000,-0.000000
2685,51.800000,3,-0.000000,-0.000000,-0.000000
2686,51.820000,3,-0.000000,-0.000000,-0.000000
2687,51.840000,3,-0.000000,-0.000000,-0.000000
2688,51.860000,3,-0.000000,-0.000000,-0.000000
2689,51.880000,3,-0.000000,-0.000000,-0.000000
2690,51.900000,3,-0.000000,-0.000000,-0.000000
2691,51.920000,3,-0.000000,-0.000000,-0.000000
2692,51.940000,3,-0.000000,-0.000000,-0.000000
2693,51.960000,3,-0.000000,-0.000000,-0.000000
2694,51.980000,3,-0.000000,-0.000000,-0.000000
2695,52.000000,3,-0.000000,-0.000000,-0.000000
2696,52.020000,3,-0.000000,-0.000000,-0.000000
2697,52.040000,3,-0.000000,-0.000000,-0.000000
2698,52.060000,3,-0.000000,-0.000000,-0.000000
2699,52.080000,3,-0.000000,-0.000000,-0.110416
2700,52.100000,3,-0.000000,-0.000000,-0.232551
2701,52.120000,3,-0.000000,-0.000000,-0.312159
2702,52.140000,3,-0.000000,-0.000000,-0.354961
2703,52.160000,3,-0.000000,-0.000000,-0.369793
2704,52.180000,3,-0.000000,-0.000000,-0.373775
2705,52.200000,3,-0.000000,-0.000000,-0.376476
2706,52.220000,3,-0.000000,-0.000000,-0.378216
2707,52.240000,3,-0.000000,-0.000000,-0.374233
2708,52.260000,3,-0.000000,-0.000000,-0.253975
2709,52.280000,3,-0.000000,-0.000000,-0.163793
2710,52.300000,3,-0.000000,-0.000000,-0.073061
2711,52.320000,3,-0.000000,-0.000000,-0.003754
2712,52.340000,3,-0.000000,-0.000000,-0.000000
2713,52.360000,3,-0.000000,-0.000000,-0.000000
2714,52.380000,3,-0.000000,-0.000000,-0.000000
2715,52.400000,3,-0.000000,-0.000000,-0.000000
2716,52.420000,3,-0.000000,-0.000000,-0.000000
2717,52.440000,3,-0.000000,-0.000000,-0.000000
2718,52.460000,3,-0.000000,-0.000000,-0.000000
2719,52.480000,3,-0.000000,-0.000000,-0.000000
2720,52.500000,3,-0.000000,-0.000000,-0.000000
2721,52.520000,3,-0.000000,-0.000000,-0.000000
2722,52.540000,3,-0.000000,-0.000000,-0.000000
2723,52.560000,3,-0.000000,-0.000000,-0.043718
2724,52.580000,3,-0.000000,-0.000000,-0.131840
2725,52.600000,3,-0.000000,-0.000000,-0.161550
2726,52.620000,3,-0.000000,-0.000000,-0.190069
2727,52.640000,3,-0.000000,-0.000000,-0.244591
2728,52.660000,3,-0.000000,-0.000000,-0.390072
2729,52.680000,3,-0.000000,-0.000000,-0.571306
2730,52.700000,3,-0.000000,-0.000000,-0.689779
2731,52.720000,3,-0.000000,-0.000000,-0.832560
2732,52.740000,3,-0.000000,-0.000000,-0.902966
2733,52.760000,3,-0.000000,-0.000000,-0.940733
2734,52.780000,3,-0.000000,-0.000000,-0.964263
2735,52.800000,3,-0.000000,-0.000000,-0.970305
2736,52.820000,3,-0.000000,-0.000000,-0.971679
2737,52.840000,3,-0.000000,-0.000000,-0.972457
2738,52.860000,3,-0.000000,-0.000000,-0.972457
2739,52.880000,3,-0.000000,-0.000000,-0.972549
2740,52.900000,3,-0.000000,-0.000000,-0.973693
2741,52.920000,3,-0.000000,-0.000000,-0.973922
2742,52.940000,3,-0.000000,-0.000000,-0.975250
2743,52.960000,3,-0.000000,-0.000000,-0.975341
2744,52.980000,3,-0.000000,-0.000000,-0.975341
2745,53.000000,3,-0.000000,-0.000000,-0.975936
2746,53.020000,3,-0.000000,-0.000000,-0.976623
2747,53.040000,3,-0.000000,-0.000000,-0.976302
2748,53.060000,3,-0.000000,-0.000000,-0.975982
2749,53.080000,3,-0.000000,-0.000000,-0.976760
2750,53.100000,3,-0.000000,-0.000000,-0.977996
2751,53.120000,3,-0.000000,-0.000000,-0.978912
2752,53.140000,3,0.032685,-0.000000,-0.979461
2753,53.160000,3,0.082186,-0.000000,-0.981521
2754,53.180000,3,0.139775,-0.000000,-0.982803
2755,53.200000,3,0.173589,-0.000000,-0.983261
2756,53.220000,3,0.206946,-0.000000,-0.983261
2757,53.240000,3,0.244819,-0.000000,-0.983261
2758,53.260000,3,0.284310,-0.000000,-0.983352
2759,53.280000,3,0.307505,-0.000000,-0.984863
2760,53.300000,3,0.323374,-0.000000,-0.985183
2761,53.320000,3,0.337535,-0.000000,-0.985183
2762,53.340000,3,0.340709,-0.000000,-0.985183
2763,53.360000,3,0.348003,-0.000000,-0.985183
2764,53.380000,3,0.358654,-0.000000,-0.984863
2765,53.400000,3,0.375927,-0.000000,-0.984863
2766,53.420000,3,0.396252,-0.000000,-0.987106
2767,53.440000,3,0.412091,-0.000000,-0.988708
2768,53.460000,3,0.421430,-0.000000,-0.991134
2769,53.480000,3,0.436628,-0.000000,-0.992233
2770,53.500000,3,0.454085,-0.000000,-0.996994
2771,53.520000,3,0.475967,-0.000000,-1.030824
2772,53.540000,3,0.511063,-0.000000,-1.117801
2773,53.560000,3,0.528245,-0.000000,-1.197363
2774,53.580000,3,0.540605,-0.000000,-1.242775
2775,53.600000,3,0.566546,-0.000000,-1.262093
2776,53.620000,3,0.598010,-0.000000,-1.266304
2777,53.640000,3,0.620167,-0.000000,-1.275918
2778,53.660000,3,0.639973,-0.000000,-1.307413
2779,53.680000,3,0.671255,-0.000000,-1.311075
2780,53.700000,3,0.709128,-0.000000,-1.311853
2781,53.720000,3,0.734062,-0.000000,-1.311853
2782,53.740000,3,0.747154,-0.000000,-1.311762
2783,53.760000,3,0.753319,-0.000000,-1.311762
2784,53.780000,3,0.763604,-0.000000,-1.311762
2785,53.800000,3,0.784722,-0.000000,-1.311762
2786,53.820000,3,0.812281,0.020051,-1.304300
2787,53.840000,3,0.825129,0.035920,-1.279672
2788,53.860000,3,0.826044,0.039460,-1.194754
2789,53.880000,3,0.826563,0.041383,-1.159551
2790,53.900000,3,0.828272,0.043275,-1.131855
2791,53.920000,3,0.836940,0.054079,-1.077654
2792,53.940000,3,0.856075,0.074343,-1.003723
2793,53.960000,3,0.873135,0.092196,-0.908231
2794,53.980000,3,0.883938,0.097354,-0.811274
2795,54.000000,3,0.885617,0.099277,-0.762841
2796,54.020000,3,0.885830,0.099551,-0.724296
2797,54.040000,3,0.885830,0.099551,-0.672475
2798,54.060000,3,0.886776,0.100314,-0.615848
2799,54.080000,3,0.886502,0.100314,-0.586963
2800,54.100000,3,0.886319,0.100314,-0.572954
2801,54.120000,3,0.885403,0.101321,-0.559084
2802,54.140000,3,0.876034,0.103030,-0.518616
2803,54.160000,3,0.851070,0.104312,-0.463637
2804,54.180000,3,0.815424,0.104312,-0.397122
2805,54.200000,3,0.785943,0.103763,-0.317606
2806,54.220000,3,0.758049,0.103122,-0.248573
2807,54.240000,3,0.695975,0.101779,-0.154820
2808,54.260000,3,0.625935,0.100711,-0.081942
2809,54.280000,3,0.339457,0.076388,-0.010529
2810,54.300000,3,-0.000000,-0.000000,-0.000000
2811,54.320000,3,-0.000000,-0.000000,-0.000000
2812,54.340000,3,-0.000000,-0.000000,-0.000000
2813,54.360000,3,-0.000000,-0.000000,-0.000000
2814,54.380000,3,-0.000000,-0.000000,-0.000000
2815,54.400000,3,-0.000000,-0.000000,-0.000000
2816,54.420000,3,-0.000000,-0.000000,-0.000000
2817,54.440000,3,-0.000000,-0.000000,-0.000000
2818,54.460000,3,-0.000000,-0.000000,-0.000000
2819,54.480000,3,-0.000000,-0.000000,-0.000000
2820,54.500000,3,-0.000000,-0.000000,-0.000000
2821,54.520000,3,-0.000000,-0.000000,-0.000000
2822,54.540000,3,-0.000000,-0.000000,-0.000000
2823,54.560000,3,-0.000000,-0.000000,-0.000000
2824,54.580000,3,-0.000000,-0.000000,-0.000000
2825,54.600000,3,-0.000000,-0.000000,-0.000000
2826,54.620000,3,-0.000000,-0.000000,-0.000000
2827,54.640000,3,-0.000000,-0.000000,-0.000000
2828,54.660000,3,-0.000000,-0.000000,-0.000000
2829,54.680000,3,-0.000000,-0.000000,-0.000000
2830,54.700000,3,-0.000000,-0.000000,-0.000000
2831,54.720000,3,-0.000000,-0.000000,-0.000000
2832,54.740000,3,-0.000000,-0.000000,-0.000000
2833,54.760000,3,-0.000000,-0.000000,0.109272
2834,54.780000,3,-0.000000,-0.000000,0.333995
2835,54.800000,3,-0.000000,-0.000000,0.560961
2836,54.820000,3,-0.000000,-0.000000,0.795572
2837,54.840000,3,-0.000000,-0.000000,1.039476
2838,54.860000,3,-0.000000,-0.000000,1.236137
2839,54.880000,3,-0.000000,-0.000000,1.409543
2840,54.900000,3,-0.000000,-0.000000,1.500000
2841,54.920000,3,-0.000000,-0.000000,1.500000
2842,54.940000,3,-0.000000,-0.000000,1.500000
2843,54.960000,3,-0.000000,-0.000000,1.500000
2844,54.980000,3,-0.000000,-0.000000,1.500000
2845,55.000000,3,-0.000000,-0.000000,1.500000
2846,55.020000,3,0.003723,0.023164,1.500000
2847,55.040000,3,0.042421,0.109622,1.500000
2848,55.060000,3,0.091159,0.182012,1.500000
2849,55.080000,3,0.148137,0.272774,1.500000
2850,55.100000,3,0.211463,0.357646,1.500000
2851,55.120000,3,0.248482,0.423292,1.500000
2852,55.140000,3,0.392865,0.663869,1.500000
2853,55.160000,3,0.513535,0.883236,1.500000
2854,55.180000,3,0.522080,0.914121,1.500000
2855,55.200000,3,0.511063,0.920621,1.500000
2856,55.220000,3,0.494766,0.929502,1.500000
2857,55.240000,3,0.467849,0.943388,1.500000
2858,55.260000,3,0.401532,0.889767,1.500000
2859,55.280000,3,0.335673,0.802087,1.500000
2860,55.300000,3,0.296731,0.731773,1.500000
2861,55.320000,3,0.246986,0.627491,1.500000
2862,55.340000,3,0.147832,0.452406,1.500000
2863,55.360000,3,0.017701,0.163488,1.500000
2864,55.380000,3,-0.000000,-0.000000,1.500000
2865,55.400000,3,-0.000000,-0.000000,1.457427
2866,55.420000,3,-0.000000,-0.000000,1.382077
2867,55.440000,3,-0.000000,-0.000000,1.289514
2868,55.460000,3,-0.000000,-0.000000,1.186972
2869,55.480000,3,-0.000000,-0.000000,1.101642
2870,55.500000,3,-0.000000,-0.000000,1.023362
2871,55.520000,3,-0.000000,-0.000000,0.930662
2872,55.540000,3,-0.000000,-0.000000,0.794793
2873,55.560000,3,-0.000000,-0.000000,0.600742
2874,55.580000,3,-0.000000,-0.000000,0.316691
2875,55.600000,3,-0.000000,-0.000000,0.033921
2876,55.620000,3,-0.000000,-0.000000,-0.000000
2877,55.640000,3,-0.000000,-0.000000,-0.000000
2878,55.660000,3,-0.000000,-0.000000,-0.000000
2879,55.680000,3,-0.000000,-0.000000,-0.000000
2880,55.700000,3,-0.000000,-0.000000,-0.000000
2881,55.720000,3,-0.000000,-0.000000,-0.000000
2882,55.740000,3,-0.000000,-0.000000,-0.000000
2883,55.760000,3,-0.000000,-0.000000,-0.000000
2884,55.780000,3,-0.000000,-0.000000,-0.000000
2885,55.800000,3,-0.000000,-0.000000,-0.000000
2886,55.820000,3,-0.000000,-0.000000,-0.000000
2887,55.840000,3,-0.000000,-0.000000,-0.000000
2888,55.860000,3,-0.000000,-0.000000,-0.000000
2889,55.880000,3,-0.000000,-0.000000,-0.000000
2890,55.900000,3,-0.000000,-0.000000,-0.000000
2891,55.920000,3,-0.000000,-0.000000,-0.000000
2892,55.940000,3,-0.000000,-0.000000,-0.000000
2893,55.960000,3,-0.000000,-0.000000,-0.000000
2894,55.980000,3,-0.000000,-0.000000,-0.000000
2895,56.000000,3,-0.000000,-0.000000,-0.000000
2896,56.020000,3,-0.000000,-0.000000,-0.000000
2897,56.040000,3,-0.000000,-0.000000,-0.000000
2898,56.060000,3,-0.024873,-0.000000,-0.000000
2899,56.080000,3,-0.107761,-0.000000,-0.000000
2900,56.100000,3,-0.178198,-0.000000,-0.000000
2901,56.120000,3,-0.238075,-0.000000,-0.000000
2902,56.140000,3,-0.303385,-0.000000,-0.000000
2903,56.160000,3,-0.377636,0.000580,-0.000000
2904,56.180000,3,-0.450850,0.001434,-0.000000
2905,56.200000,3,-0.540361,0.001740,-0.000000
2906,56.220000,3,-0.671682,-0.007721,-0.000000
2907,56.240000,3,-0.810480,-0.042695,-0.000000
2908,56.260000,3,-0.875118,-0.053133,-0.000000
2909,56.280000,3,-0.926054,-0.054903,-0.000000
2910,56.300000,3,-0.960814,-0.055177,-0.000000
2911,56.320000,3,-0.978271,-0.049715,-0.000000
2912,56.340000,3,-0.985778,-0.041078,-0.000000
2913,56.360000,3,-1.000000,-0.037996,-0.000000
2914,56.380000,3,-1.000000,-0.037202,-0.000000
2915,56.400000,3,-1.000000,-0.036622,-0.000000
2916,56.420000,3,-1.000000,-0.036622,-0.000000
2917,56.440000,3,-1.000000,-0.019929,-0.000000
2918,56.460000,3,-1.000000,0.028260,-0.000000
2919,56.480000,3,-1.000000,0.062807,-0.000000
2920,56.500000,3,-1.000000,0.071078,-0.000000
2921,56.520000,3,-1.000000,0.072451,-0.000000
2922,56.540000,3,-1.000000,0.073305,-0.000000
2923,56.560000,3,-1.000000,0.073367,-0.000000
2924,56.580000,3,-1.000000,0.073367,-0.000000
2925,56.600000,3,-1.000000,0.073367,-0.000000
2926,56.620000,3,-1.000000,0.073367,-0.000000
2927,56.640000,3,-1.000000,0.073367,-0.000000
2928,56.660000,3,-1.000000,0.073183,-0.000000
2929,56.680000,3,-1.000000,0.073031,-0.000000
2930,56.700000,3,-1.000000,0.073031,-0.000000
2931,56.720000,3,-1.000000,0.072970,-0.000000
2932,56.740000,3,-0.962066,0.062685,-0.000000
2933,56.760000,3,-0.851955,0.030610,0.043718
2934,56.780000,3,-0.777062,0.003327,0.274621
2935,56.800000,3,-0.719932,-0.000000,0.524613
2936,56.820000,3,-0.658620,-0.000000,0.784997
2937,56.840000,3,-0.589526,-0.000000,1.036271
2938,56.860000,3,-0.510208,-0.000000,1.237739
2939,56.880000,3,-0.443434,-0.000000,1.420164
2940,56.900000,3,-0.360027,-0.000000,1.500000
2941,56.920000,3,-0.267067,-0.000000,1.500000
2942,56.940000,3,-0.131291,-0.000000,1.500000
2943,56.960000,3,-0.000000,-0.000000,1.500000
2944,56.980000,3,-0.000000,-0.000000,1.500000
2945,57.000000,3,-0.000000,-0.000000,1.500000
2946,57.020000,3,-0.000000,-0.000000,1.500000
2947,57.040000,3,-0.000000,-0.000000,1.500000
2948,57.060000,3,-0.000000,-0.000000,1.500000
2949,57.080000,3,-0.000000,-0.000000,1.500000
2950,57.100000,3,-0.000000,-0.000000,1.500000
2951,57.120000,3,-0.000000,-0.000000,1.500000
2952,57.140000,3,-0.000000,-0.000000,1.500000
2953,57.160000,3,-0.000000,-0.000000,1.412565
2954,57.180000,3,-0.016877,0.024262,1.133915
2955,57.200000,3,-0.052400,0.208380,0.940733
2956,57.220000,3,-0.016511,0.317423,0.813929
2957,57.240000,3,0.026948,0.481368,0.606738
2958,57.260000,3,0.102023,0.704520,0.304880
2959,57.280000,3,0.159490,0.909818,-0.000000
2960,57.300000,3,0.181188,1.000000,-0.000000
2961,57.320000,3,0.177801,1.000000,-0.000000
2962,57.340000,3,0.175909,1.000000,-0.000000
2963,57.360000,3,0.175604,1.000000,-0.000000
2964,57.380000,3,0.175451,1.000000,-0.000000
2965,57.400000,3,0.175451,1.000000,-0.000000
2966,57.420000,3,0.175451,1.000000,-0.000000
2967,57.440000,3,0.175085,1.000000,-0.000000
2968,57.460000,3,0.175085,1.000000,-0.000000
2969,57.480000,3,0.175085,1.000000,-0.000000
2970,57.500000,3,0.175085,1.000000,-0.000000
2971,57.520000,3,0.175085,1.000000,-0.000000
2972,57.540000,3,0.175085,1.000000,-0.000000
2973,57.560000,3,0.175085,1.000000,-0.000000
2974,57.580000,3,0.174078,1.000000,-0.000000
2975,57.600000,3,0.163762,1.000000,-0.000000
2976,57.620000,3,0.143590,1.000000,-0.000000
2977,57.640000,3,0.138279,1.000000,-0.000000
2978,57.660000,3,0.138035,1.000000,-0.000000
2979,57.680000,3,0.138035,1.000000,-0.000000
2980,57.700000,3,0.139348,1.000000,-0.000000
2981,57.720000,3,0.139561,1.000000,-0.000000
2982,57.740000,3,0.139561,1.000000,-0.000000
2983,57.760000,3,0.139561,1.000000,-0.000000
2984,57.780000,3,0.140141,1.000000,-0.000000
2985,57.800000,3,0.140110,1.000000,-0.000000
2986,57.820000,3,0.130406,1.000000,-0.000000
2987,57.840000,3,0.115360,0.948698,-0.000000
2988,57.860000,3,0.098483,0.833430,-0.000000
2989,57.880000,3,0.072542,0.664022,-0.000000
2990,57.900000,3,0.027650,0.431318,-0.025315
2991,57.920000,3,-0.000366,0.122929,-0.118748
2992,57.940000,3,-0.000000,-0.000000,-0.223304
2993,57.960000,3,-0.000000,-0.000000,-0.301401
2994,57.980000,3,-0.000000,-0.000000,-0.335276
2995,58.000000,3,-0.000000,-0.000000,-0.000000
2996,58.020000,3,-0.000000,-0.000000,-0.000000
2997,58.040000,3,-0.000000,-0.000000,-0.000000
2998,58.060000,3,-0.000000,-0.000000,-0.000000
2999,58.080000,3,-0.000000,-0.000000,-0.000000
3000,58.100000,3,-0.000000,-0.000000,-0.000000
3001,58.120000,3,-0.000000,-0.000000,-0.000000
3002,58.140000,3,-0.000000,-0.000000,-0.000000
3003,58.160000,3,-0.000000,-0.000000,-0.000000
3004,58.180000,3,-0.000000,-0.000000,-0.000000
3005,58.200000,3,-0.000000,-0.000000,-0.000000
3006,58.220000,3,-0.000000,-0.000000,-0.000000
3007,58.240000,3,-0.000000,-0.000000,-0.000000
3008,58.260000,3,-0.000000,-0.000000,-0.000000
3009,58.280000,3,-0.000000,-0.000000,-0.000000
3010,58.300000,3,-0.000000,-0.000000,-0.000000
3011,58.320000,3,-0.000000,-0.000000,-0.000000
3012,58.340000,3,-0.000000,-0.000000,-0.000000
3013,58.360000,3,-0.000000,-0.000000,-0.000000
3014,58.380000,3,-0.000000,-0.000000,-0.000000
3015,58.400000,3,-0.000000,-0.000000,-0.000000
3016,58.420000,3,-0.000000,-0.000000,-0.000000
3017,58.440000,3,-0.000000,-0.000000,-0.000000
3018,58.460000,3,-0.000000,-0.000000,-0.000000
3019,58.480000,3,-0.000000,-0.000000,-0.000000
3020,58.500000,3,-0.000000,-0.000000,-0.000000
3021,58.520000,3,-0.000000,-0.000000,-0.000000
3022,58.540000,3,-0.000000,-0.000000,-0.000000
3023,58.560000,3,-0.000000,-0.000000,-0.000000
3024,58.580000,3,-0.000000,-0.000000,-0.000000
3025,58.600000,3,-0.000000,-0.000000,-0.000000
3026,58.620000,3,-0.000000,-0.000000,-0.000000
3027,58.640000,3,-0.000000,-0.000000,-0.000000
3028,58.660000,3,-0.000000,-0.000000,-0.000000
3029,58.680000,3,-0.000000,-0.000000,-0.000000
3030,58.700000,3,-0.000000,-0.000000,-0.000000
3031,58.720000,3,-0.000000,-0.000000,-0.000000
3032,58.740000,3,-0.000000,-0.000000,-0.000000
3033,58.760000,3,-0.000000,-0.000000,-0.000000
3034,58.780000,3,-0.000000,-0.000000,-0.000000
3035,58.800000,3,-0.000000,-0.000000,-0.000000
3036,58.820000,3,-0.000000,-0.000000,-0.000000
3037,58.840000,3,-0.000000,-0.000000,-0.000000
3038,58.860000,3,-0.000000,-0.000000,-0.000000
3039,58.880000,3,-0.000000,-0.000000,-0.000000
3040,58.900000,3,-0.000000,-0.000000,-0.000000
3041,58.920000,3,-0.000000,-0.000000,-0.000000
3042,58.940000,3,-0.000000,-0.000000,-0.000000
3043,58.960000,3,-0.000000,-0.000000,-0.000000
3044,58.980000,3,-0.000000,-0.000000,-0.000000
3045,59.000000,3,-0.000000,-0.000000,-0.000000
3046,59.020000,3,-0.000000,-0.000000,-0.000000
3047,59.040000,3,-0.000000,-0.000000,-0.000000
3048,59.060000,3,-0.000000,-0.000000,-0.000000
3049,59.080000,3,-0.000000,-0.000000,-0.000000
3050,59.100000,3,-0.000000,-0.000000,-0.000000
3051,59.120000,3,-0.000000,-0.000000,-0.000000
3052,59.140000,3,-0.000000,-0.000000,-0.000000
3053,59.160000,3,-0.000000,-0.000000,-0.000000
3054,59.180000,3,-0.000000,-0.000000,-0.000000
3055,59.200000,3,-0.000000,-0.000000,-0.000000
3056,59.220000,3,-0.000000,-0.000000,-0.000000
3057,59.240000,3,-0.000000,-0.000000,-0.000000
3058,59.260000,3,-0.000000,-0.000000,-0.000000
3059,59.280000,3,-0.000000,-0.000000,-0.000000
3060,59.300000,3,-0.000000,-0.000000,-0.000000
3061,59.320000,3,-0.000000,-0.000000,-0.000000
3062,59.340000,3,-0.000000,-0.000000,-0.000000
3063,59.360000,3,-0.000000,-0.000000,-0.000000
3064,59.380000,3,-0.000000,-0.000000,-0.000000
3065,59.400000,3,-0.000000,-0.000000,-0.000000
3066,59.420000,3,-0.000000,-0.000000,-0.096728
3067,59.440000,3,-0.000000,-0.000000,-0.677602
3068,59.460000,3,-0.000000,-0.000000,-1.364727
3069,59.480000,3,-0.000000,-0.000000,-1.500000
3070,59.500000,3,-0.000000,-0.000000,-1.500000
3071,59.520000,3,-0.000000,-0.000000,-1.500000
3072,59.540000,3,-0.000000,-0.000000,-1.500000
3073,59.560000,3,-0.000000,-0.000000,-1.500000
3074,59.580000,3,-0.000000,-0.000000,-1.500000
3075,59.600000,3,-0.000000,-0.000000,-1.500000
3076,59.620000,3,-0.031800,0.056490,-1.500000
3077,59.640000,3,-0.068361,0.206610,-1.500000
3078,59.660000,3,-0.087832,0.405713,-1.500000
3079,59.680000,3,-0.080020,0.602039,-1.500000
3080,59.700000,3,-0.032716,0.774407,-1.500000
3081,59.720000,3,-0.000092,0.895962,-1.500000
3082,59.740000,3,0.005982,1.000000,-1.500000
3083,59.760000,3,0.015381,1.000000,-1.500000
3084,59.780000,3,0.001190,1.000000,-1.500000
3085,59.800000,3,-0.025880,1.000000,-1.500000
3086,59.820000,3,-0.067690,1.000000,-1.500000
3087,59.840000,3,-0.096011,1.000000,-1.500000
3088,59.860000,3,-0.112827,1.000000,-1.500000
3089,59.880000,3,-0.116916,1.000000,-1.500000
3090,59.900000,3,-0.117374,1.000000,-1.500000
3091,59.920000,3,-0.117954,1.000000,-1.500000
3092,59.940000,3,-0.124363,1.000000,-1.500000
3093,59.960000,3,-0.137516,1.000000,-1.500000
3094,59.980000,3,-0.154668,1.000000,-1.500000
3095,60.000000,3,-0.169622,1.000000,-1.500000
3096,60.020000,3,-0.180181,1.000000,-1.500000
3097,60.040000,3,-0.183721,1.000000,-1.500000
3098,60.060000,3,-0.185430,1.000000,-1.500000
3099,60.080000,3,-0.185644,1.000000,-1.500000
3100,60.100000,3,-0.185644,1.000000,-1.500000
3101,60.120000,3,-0.185644,1.000000,-1.500000
3102,60.140000,3,-0.185553,1.000000,-1.500000
3103,60.160000,3,-0.185369,1.000000,-1.500000
3104,60.180000,3,-0.184790,1.000000,-1.500000
3105,60.200000,3,-0.184637,1.000000,-1.500000
3106,60.220000,3,-0.184637,1.000000,-1.500000
3107,60.240000,3,-0.184240,1.000000,-1.500000
3108,60.260000,3,-0.177923,1.000000,-1.500000
3109,60.280000,3,-0.171972,1.000000,-1.500000
3110,60.300000,3,-0.162603,1.000000,-1.500000
3111,60.320000,3,-0.160405,1.000000,-1.500000
3112,60.340000,3,-0.159917,1.000000,-1.500000
3113,60.360000,3,-0.160039,1.000000,-1.500000
3114,60.380000,3,-0.160192,1.000000,-1.500000
3115,60.400000,3,-0.160070,1.000000,-1.500000
3116,60.420000,3,-0.159886,1.000000,-1.500000
3117,60.440000,3,-0.160009,1.000000,-1.500000
3118,60.460000,3,-0.160192,1.000000,-1.500000
3119,60.480000,3,-0.160558,1.000000,-1.500000
3120,60.500000,3,-0.160955,1.000000,-1.500000
3121,60.520000,3,-0.160955,1.000000,-1.500000
3122,60.540000,3,-0.160955,1.000000,-1.448317
3123,60.560000,3,-0.160955,1.000000,-1.227805
3124,60.580000,3,-0.156407,1.000000,-1.060991
3125,60.600000,3,-0.149327,1.000000,-0.832011
3126,60.620000,3,-0.141087,1.000000,-0.562288
3127,60.640000,3,-0.132023,1.000000,-0.208380
3128,60.660000,3,-0.120701,1.000000,-0.000000
3129,60.680000,3,-0.115940,1.000000,-0.000000
3130,60.700000,3,-0.108860,1.000000,-0.000000
3131,60.720000,3,-0.097415,1.000000,-0.000000
3132,60.740000,3,-0.076327,1.000000,-0.000000
3133,60.760000,3,-0.000000,1.000000,-0.000000
3134,60.780000,3,0.047761,1.000000,-0.000000
3135,60.800000,3,0.076144,1.000000,-0.000000
3136,60.820000,3,0.079897,0.855464,-0.000000
3137,60.840000,3,0.074526,0.568804,-0.000000
3138,60.860000,3,-0.000000,-0.000000,-0.000000
3139,60.880000,3,-0.000000,-0.000000,-0.000000
3140,60.900000,3,-0.000000,-0.000000,-0.000000
3141,60.920000,3,-0.000000,-0.000000,-0.000000
3142,60.940000,3,-0.000000,-0.000000,-0.000000
3143,60.960000,3,-0.000000,-0.000000,0.228065
3144,60.980000,3,-0.000000,-0.000000,0.562426
3145,61.000000,3,-0.000000,-0.000000,0.961882
3146,61.020000,3,-0.000000,-0.000000,1.354701
3147,61.040000,3,-0.000000,-0.000000,1.500000
3148,61.060000,3,-0.000000,-0.000000,1.500000
3149,61.080000,3,-0.000000,-0.000000,1.500000
3150,61.100000,3,-0.000000,-0.000000,1.500000
3151,61.120000,3,-0.000000,-0.000000,1.500000
3152,61.140000,3,-0.000000,-0.000000,1.500000
3153,61.160000,3,-0.000000,-0.000000,1.500000
3154,61.180000,3,-0.000000,-0.000000,1.500000
3155,61.200000,3,-0.000000,-0.000000,1.500000
3156,61.220000,3,-0.000000,-0.000000,1.500000
3157,61.240000,3,-0.000000,-0.000000,1.500000
3158,61.260000,3,-0.000000,-0.000000,1.500000
3159,61.280000,3,-0.000000,-0.000000,1.500000
3160,61.300000,3,-0.000000,-0.000000,1.500000
3161,61.320000,3,-0.000000,-0.000000,1.500000
3162,61.340000,3,-0.000000,-0.000000,1.500000
3163,61.360000,3,-0.000000,-0.000000,1.500000
3164,61.380000,3,-0.000000,-0.000000,1.500000
3165,61.400000,3,-0.000000,-0.000000,1.500000
3166,61.420000,3,-0.000000,-0.000000,1.500000
3167,61.440000,3,-0.000000,-0.000000,1.500000
3168,61.460000,3,-0.000000,-0.000000,1.500000
3169,61.480000,3,-0.000000,-0.000000,1.500000
3170,61.500000,3,-0.000000,-0.000000,1.249596
3171,61.520000,3,-0.000000,-0.000000,0.723243
3172,61.540000,3,-0.000000,-0.000000,-0.000000
3173,61.560000,3,0.101047,-0.000061,-0.000000
3174,61.580000,3,0.258065,-0.000702,-0.000000
3175,61.600000,3,0.425855,0.010285,-0.000000
3176,61.620000,3,0.585315,0.050722,-0.000000
3177,61.640000,3,0.783624,0.112247,-0.000000
3178,61.660000,3,0.963012,0.179388,-0.000000
3179,61.680000,3,1.000000,0.210578,-0.000000
3180,61.700000,3,1.000000,0.213446,-0.000000
3181,61.720000,3,1.000000,0.213660,-0.000000
3182,61.740000,3,1.000000,0.213385,-0.000000
3183,61.760000,3,1.000000,0.213141,-0.000000
3184,61.780000,3,1.000000,0.212775,-0.000000
3185,61.800000,3,1.000000,0.211646,-0.000000
3186,61.820000,3,1.000000,0.205145,-0.000000
3187,61.840000,3,1.000000,0.185827,-0.000000
3188,61.860000,3,1.000000,0.161077,-0.000000
3189,61.880000,3,1.000000,0.143223,-0.000000
3190,61.900000,3,1.000000,0.134434,-0.000000
3191,61.920000,3,1.000000,0.124027,-0.000000
3192,61.940000,3,1.000000,0.114261,-0.000000
3193,61.960000,3,1.000000,0.110569,-0.000000
3194,61.980000,3,1.000000,0.107578,-0.000000
3195,62.000000,3,1.000000,0.106754,-0.000000
3196,62.020000,3,1.000000,0.105991,-0.000000
3197,62.040000,3,1.000000,0.105899,-0.000000
3198,62.060000,3,1.000000,0.105747,-0.000000
3199,62.080000,3,1.000000,0.105747,-0.000000
3200,62.100000,3,1.000000,0.105747,-0.000000
3201,62.120000,3,1.000000,0.105899,-0.000000
3202,62.140000,3,1.000000,0.106113,-0.000000
3203,62.160000,3,1.000000,0.105899,-0.000000
3204,62.180000,3,1.000000,0.105747,-0.000000
3205,62.200000,3,1.000000,0.105747,-0.000000
3206,62.220000,3,1.000000,0.105747,-0.000000
3207,62.240000,3,1.000000,0.105747,-0.000000
3208,62.260000,3,1.000000,0.103061,-0.000000
3209,62.280000,3,1.000000,0.094363,-0.000000
3210,62.300000,3,1.000000,0.079745,-0.000000
3211,62.320000,3,1.000000,0.069430,-0.000000
3212,62.340000,3,1.000000,0.065127,-0.000000
3213,62.360000,3,1.000000,0.060244,-0.000000
3214,62.380000,3,0.803797,0.056124,-0.000000
3215,62.400000,3,-0.000000,-0.000000,-0.000000
3216,62.420000,3,-0.000000,-0.000000,-0.000000
3217,62.440000,3,-0.000000,-0.000000,-0.000000
3218,62.460000,3,-0.000000,-0.000000,-0.000000
3219,62.480000,3,-0.000000,-0.000000,-0.000000
3220,62.500000,3,-0.000000,-0.000000,-0.000000
3221,62.520000,3,-0.026551,0.007141,-0.000000
3222,62.540000,3,-0.137394,0.055605,-0.000000
3223,62.560000,3,-0.265328,0.097415,-0.000000
3224,62.580000,3,-0.421186,0.118717,-0.000000
3225,62.600000,3,-0.543962,0.126316,-0.000000
3226,62.620000,3,-0.753563,0.115665,-0.000000
3227,62.640000,3,-0.918760,0.088198,-0.000000
3228,62.660000,3,-1.000000,0.075503,-0.000000
3229,62.680000,3,-1.000000,0.073183,-0.000000
3230,62.700000,3,-1.000000,0.072420,-0.000000
3231,62.720000,3,-1.000000,0.082827,-0.000000
3232,62.740000,3,-1.000000,0.099704,-0.000000
3233,62.760000,3,-1.000000,0.107212,-0.000000
3234,62.780000,3,-1.000000,0.115055,-0.000000
3235,62.800000,3,-1.000000,0.127445,-0.000000
3236,62.820000,3,-1.000000,0.140507,-0.000000
3237,62.840000,3,-1.000000,0.152684,-0.000000
3238,62.860000,3,-1.000000,0.172979,-0.000000
3239,62.880000,3,-1.000000,0.192206,-0.000000
3240,62.900000,3,-1.000000,0.214667,-0.000000
3241,62.920000,3,-1.000000,0.263802,-0.000000
3242,62.940000,3,-1.000000,0.311563,-0.000000
3243,62.960000,3,-0.992340,0.352916,-0.000000
3244,62.980000,3,-0.980468,0.384411,-0.000000
3245,63.000000,3,-0.969695,0.410749,-0.000000
3246,63.020000,3,-0.950743,0.452651,-0.000000
3247,63.040000,3,-0.917203,0.517014,-0.000000
3248,63.060000,3,-0.888119,0.565355,-0.019730
3249,63.080000,3,-0.855159,0.614002,-0.143834
3250,63.100000,3,-0.819941,0.660207,-0.303323
3251,63.120000,3,-0.792718,0.692648,-0.492248
3252,63.140000,3,-0.769768,0.718070,-0.644505
3253,63.160000,3,-0.747917,0.740776,-0.737663
3254,63.180000,3,-0.729820,0.758629,-0.916150
3255,63.200000,3,-0.689779,0.795221,-1.128010
3256,63.220000,3,-0.646413,0.830897,-1.331767
3257,63.240000,3,-0.634510,0.840052,-1.407666
3258,63.260000,3,-0.628224,0.844783,-1.426389
3259,63.280000,3,-0.622608,0.848933,-1.426527
3260,63.300000,3,-0.617359,0.852626,-1.336619
3261,63.320000,3,-0.615101,0.854244,-1.144856
3262,63.340000,3,-0.615009,0.854366,-0.918027
3263,63.360000,3,-0.614338,0.854854,-0.445006
3264,63.380000,3,-0.613758,0.855251,-0.000000
3265,63.400000,3,-0.613666,0.855373,-0.000000
3266,63.420000,3,-0.567797,0.886593,-0.000000
3267,63.440000,3,-0.366955,0.601154,-0.000000
3268,63.460000,3,-0.000000,-0.000000,-0.000000
3269,63.480000,3,-0.000000,-0.000000,-0.000000
3270,63.500000,3,-0.000000,-0.000000,-0.000000
3271,63.520000,3,-0.000000,-0.000000,-0.000000
3272,63.540000,3,-0.000000,-0.000000,-0.000000
3273,63.560000,3,-0.000000,-0.000000,-0.000000
3274,63.580000,3,-0.000000,-0.000000,-0.000000
3275,63.600000,3,-0.000000,-0.000000,-0.000000
3276,63.620000,3,-0.000000,-0.000000,-0.000000
3277,63.640000,3,-0.000000,-0.000000,-0.000000
3278,63.660000,3,-0.000000,-0.000000,-0.000000
3279,63.680000,3,-0.000000,-0.000000,-0.000000
3280,63.700000,3,-0.000000,-0.000000,-0.000000
3281,63.720000,3,-0.000000,-0.000000,-0.000000
3282,63.740000,3,-0.000000,-0.000000,-0.000000
3283,63.760000,3,-0.000000,-0.000000,-0.000000
3284,63.780000,3,-0.000000,-0.000000,-0.000000
3285,63.800000,3,-0.000000,-0.000000,-0.000000
3286,63.820000,3,-0.000000,-0.000000,-0.000000
3287,63.840000,3,-0.000000,-0.000000,-0.000000
3288,63.860000,3,-0.000000,-0.000000,-0.000000
3289,63.880000,3,-0.000000,-0.000000,-0.000000
3290,63.900000,3,-0.000000,-0.000000,-0.000000
3291,63.920000,3,-0.000000,-0.000000,-0.000000
3292,63.940000,3,-0.000000,-0.000000,-0.000000
3293,63.960000,3,-0.000000,-0.000000,-0.000000
3294,63.980000,3,-0.000000,-0.000000,-0.000000
3295,64.000000,3,-0.000000,-0.000000,-0.000000
3296,64.020000,3,-0.000000,-0.000000,-0.000000
3297,64.040000,3,-0.000000,-0.000000,-0.000000
3298,64.060000,3,-0.000000,-0.000000,-0.000000
